,ghi_w_m2,ghi_clear_w_m2,temp_c,humidity_pct,wind_speed_ms
2019-01-01 00:00:00,0.0,0.0,20.73,55.38,2.75
2019-01-01 01:00:00,0.0,0.0,20.02,56.28,3.27
2019-01-01 02:00:00,0.0,0.0,19.19,56.88,3.51
2019-01-01 03:00:00,0.0,0.0,18.54,55.83,3.37
2019-01-01 04:00:00,0.0,0.0,18.01,54.43,3.22
2019-01-01 05:00:00,0.0,0.0,17.52,54.26,3.12
2019-01-01 06:00:00,13.27,13.3,17.32,53.95,3.34
2019-01-01 07:00:00,154.38,154.68,18.9,48.3,3.92
2019-01-01 08:00:00,327.98,328.45,22.32,39.6,3.86
2019-01-01 09:00:00,480.62,481.05,26.98,26.35,5.81
2019-01-01 10:00:00,630.72,630.9,30.6,21.1,6.37
2019-01-01 11:00:00,716.88,716.9,32.97,20.2,6.05
2019-01-01 12:00:00,843.15,843.17,34.52,19.96,5.62
2019-01-01 13:00:00,771.62,771.65,35.12,20.1,5.32
2019-01-01 14:00:00,626.35,626.38,34.99,20.69,5.14
2019-01-01 15:00:00,428.08,428.48,34.28,22.02,4.92
2019-01-01 16:00:00,206.23,206.73,32.54,26.15,3.92
2019-01-01 17:00:00,32.67,32.78,28.27,39.35,2.21
2019-01-01 18:00:00,0.0,0.0,25.96,45.38,2.29
2019-01-01 19:00:00,0.0,0.0,25.0,48.04,2.29
2019-01-01 20:00:00,0.0,0.0,24.04,51.37,2.05
2019-01-01 21:00:00,0.0,0.0,23.16,54.78,1.84
2019-01-01 22:00:00,0.0,0.0,22.35,58.04,1.77
2019-01-01 23:00:00,0.0,0.0,21.6,61.29,1.82
2019-01-02 00:00:00,0.0,0.0,20.85,64.73,1.93
2019-01-02 01:00:00,0.0,0.0,20.14,68.13,2.15
2019-01-02 02:00:00,0.0,0.0,19.45,71.16,2.44
2019-01-02 03:00:00,0.0,0.0,18.79,72.99,2.67
2019-01-02 04:00:00,0.0,0.0,18.13,73.67,2.83
2019-01-02 05:00:00,0.0,0.0,17.46,73.39,2.84
2019-01-02 06:00:00,17.3,17.38,17.14,71.3,3.11
2019-01-02 07:00:00,187.12,188.9,18.76,61.94,3.51
2019-01-02 08:00:00,390.75,394.35,22.45,47.48,3.33
2019-01-02 09:00:00,597.7,600.95,26.98,32.2,4.47
2019-01-02 10:00:00,754.58,757.5,31.08,24.36,4.97
2019-01-02 11:00:00,837.85,840.97,33.66,21.34,4.56
2019-01-02 12:00:00,855.25,865.85,35.05,20.04,3.88
2019-01-02 13:00:00,792.0,792.45,35.64,19.35,3.34
2019-01-02 14:00:00,648.08,648.3,35.56,19.23,3.08
2019-01-02 15:00:00,448.3,449.08,34.82,20.07,3.21
2019-01-02 16:00:00,221.1,222.05,32.74,26.4,2.5
2019-01-02 17:00:00,36.22,36.42,28.32,40.12,1.82
2019-01-02 18:00:00,0.0,0.0,26.06,44.99,2.07
2019-01-02 19:00:00,0.0,0.0,24.92,47.92,2.26
2019-01-02 20:00:00,0.0,0.0,23.82,51.03,2.28
2019-01-02 21:00:00,0.0,0.0,22.84,53.86,2.23
2019-01-02 22:00:00,0.0,0.0,21.92,56.48,2.13
2019-01-02 23:00:00,0.0,0.0,21.05,59.24,2.02
2019-01-03 00:00:00,0.0,0.0,20.19,62.24,1.94
2019-01-03 01:00:00,0.0,0.0,19.38,65.41,1.9
2019-01-03 02:00:00,0.0,0.0,18.61,68.68,1.84
2019-01-03 03:00:00,0.0,0.0,17.85,72.27,1.69
2019-01-03 04:00:00,0.0,0.0,17.13,76.07,1.52
2019-01-03 05:00:00,0.0,0.0,16.5,79.4,1.38
2019-01-03 06:00:00,17.58,17.58,16.5,79.13,1.68
2019-01-03 07:00:00,188.93,189.02,18.49,68.8,2.56
2019-01-03 08:00:00,401.45,401.52,21.91,54.27,2.24
2019-01-03 09:00:00,608.72,608.78,26.25,37.68,3.2
2019-01-03 10:00:00,762.35,762.35,30.58,25.2,3.99
2019-01-03 11:00:00,792.3,820.7,33.14,20.41,3.43
2019-01-03 12:00:00,869.75,869.75,34.58,18.61,2.65
2019-01-03 13:00:00,798.53,798.53,35.23,17.71,2.19
2019-01-03 14:00:00,654.22,654.6,35.31,17.26,2.07
2019-01-03 15:00:00,452.85,453.42,34.79,17.5,2.11
2019-01-03 16:00:00,224.2,224.65,33.28,22.47,1.7
2019-01-03 17:00:00,36.35,36.42,28.67,40.51,1.13
2019-01-03 18:00:00,0.0,0.0,26.1,42.55,1.45
2019-01-03 19:00:00,0.0,0.0,24.97,44.03,1.75
2019-01-03 20:00:00,0.0,0.0,23.94,46.63,1.91
2019-01-03 21:00:00,0.0,0.0,22.89,50.37,1.82
2019-01-03 22:00:00,0.0,0.0,21.93,54.18,1.59
2019-01-03 23:00:00,0.0,0.0,21.15,57.2,1.41
2019-01-04 00:00:00,0.0,0.0,20.48,59.32,1.35
2019-01-04 01:00:00,0.0,0.0,19.82,61.16,1.43
2019-01-04 02:00:00,0.0,0.0,19.19,63.1,1.59
2019-01-04 03:00:00,0.0,0.0,18.59,65.39,1.75
2019-01-04 04:00:00,0.0,0.0,17.97,67.65,1.86
2019-01-04 05:00:00,0.0,0.0,17.36,69.0,1.95
2019-01-04 06:00:00,15.85,15.93,17.26,67.24,2.58
2019-01-04 07:00:00,179.27,180.02,19.09,57.39,3.67
2019-01-04 08:00:00,384.27,385.33,22.65,44.09,3.81
2019-01-04 09:00:00,593.72,594.45,27.21,28.22,5.34
2019-01-04 10:00:00,753.9,753.9,30.91,19.65,6.13
2019-01-04 11:00:00,843.97,843.97,32.95,17.08,5.81
2019-01-04 12:00:00,858.47,858.47,34.02,16.14,5.3
2019-01-04 13:00:00,787.78,787.78,34.47,15.81,4.81
2019-01-04 14:00:00,644.42,645.47,34.37,16.0,4.43
2019-01-04 15:00:00,443.8,445.62,33.67,16.79,4.11
2019-01-04 16:00:00,218.9,220.43,32.03,20.38,3.17
2019-01-04 17:00:00,35.67,35.92,27.57,35.25,1.67
2019-01-04 18:00:00,0.0,0.0,25.25,39.77,1.72
2019-01-04 19:00:00,0.0,0.0,24.38,40.83,1.79
2019-01-04 20:00:00,0.0,0.0,23.64,41.89,1.79
2019-01-04 21:00:00,0.0,0.0,22.91,43.77,1.72
2019-01-04 22:00:00,0.0,0.0,22.01,46.95,1.61
2019-01-04 23:00:00,0.0,0.0,21.08,49.83,1.69
2019-01-05 00:00:00,0.0,0.0,20.29,51.5,2.07
2019-01-05 01:00:00,0.0,0.0,19.46,53.48,2.47
2019-01-05 02:00:00,0.0,0.0,18.61,55.64,2.67
2019-01-05 03:00:00,0.0,0.0,17.96,56.81,2.88
2019-01-05 04:00:00,0.0,0.0,17.43,57.48,3.14
2019-01-05 05:00:00,0.0,0.0,16.85,58.75,3.18
2019-01-05 06:00:00,14.65,14.65,16.55,59.01,3.38
2019-01-05 07:00:00,153.27,154.57,17.96,52.87,3.84
2019-01-05 08:00:00,362.27,367.27,21.3,41.22,3.98
2019-01-05 09:00:00,567.28,574.9,25.63,26.8,5.53
2019-01-05 10:00:00,697.22,733.42,28.97,19.8,6.19
2019-01-05 11:00:00,722.55,823.9,31.24,16.67,6.13
2019-01-05 12:00:00,749.78,869.15,32.57,15.7,5.68
2019-01-05 13:00:00,794.65,799.67,33.51,15.27,5.27
2019-01-05 14:00:00,654.12,655.78,33.85,15.39,5.0
2019-01-05 15:00:00,449.58,456.77,33.38,16.23,4.65
2019-01-05 16:00:00,223.25,226.45,31.87,19.56,3.58
2019-01-05 17:00:00,36.65,36.9,27.28,34.54,1.71
2019-01-05 18:00:00,0.0,0.0,24.87,40.11,1.72
2019-01-05 19:00:00,0.0,0.0,24.08,41.38,1.81
2019-01-05 20:00:00,0.0,0.0,23.53,42.94,1.81
2019-01-05 21:00:00,0.0,0.0,23.0,46.03,1.61
2019-01-05 22:00:00,0.0,0.0,22.35,49.88,1.44
2019-01-05 23:00:00,0.0,0.0,21.67,52.98,1.47
2019-01-06 00:00:00,0.0,0.0,21.01,54.84,1.78
2019-01-06 01:00:00,0.0,0.0,20.38,56.14,2.24
2019-01-06 02:00:00,0.0,0.0,19.58,57.79,2.55
2019-01-06 03:00:00,0.0,0.0,18.67,59.55,2.61
2019-01-06 04:00:00,0.0,0.0,17.88,60.66,2.59
2019-01-06 05:00:00,0.0,0.0,17.26,60.6,2.75
2019-01-06 06:00:00,13.88,14.73,17.12,58.65,3.27
2019-01-06 07:00:00,129.35,158.0,18.74,51.03,3.8
2019-01-06 08:00:00,291.4,377.67,22.44,36.83,4.32
2019-01-06 09:00:00,451.17,585.25,26.73,24.09,6.1
2019-01-06 10:00:00,605.05,740.2,30.26,18.76,6.31
2019-01-06 11:00:00,574.05,833.25,33.15,16.07,5.83
2019-01-06 12:00:00,637.1,872.88,34.87,15.32,5.06
2019-01-06 13:00:00,544.28,803.9,35.73,15.19,4.38
2019-01-06 14:00:00,497.8,661.85,35.9,15.44,4.0
2019-01-06 15:00:00,377.08,459.2,35.34,16.28,3.94
2019-01-06 16:00:00,190.55,228.48,33.68,19.7,3.24
2019-01-06 17:00:00,35.58,37.33,28.99,32.81,2.12
2019-01-06 18:00:00,0.0,0.0,26.65,36.74,2.95
2019-01-06 19:00:00,0.0,0.0,25.59,39.01,3.85
2019-01-06 20:00:00,0.0,0.0,24.39,41.93,3.97
2019-01-06 21:00:00,0.0,0.0,23.34,42.9,3.69
2019-01-06 22:00:00,0.0,0.0,22.18,43.95,3.05
2019-01-06 23:00:00,0.0,0.0,21.16,45.83,2.49
2019-01-07 00:00:00,0.0,0.0,20.27,48.73,2.05
2019-01-07 01:00:00,0.0,0.0,19.42,52.61,1.8
2019-01-07 02:00:00,0.0,0.0,18.83,55.07,1.89
2019-01-07 03:00:00,0.0,0.0,18.32,57.01,2.05
2019-01-07 04:00:00,0.0,0.0,17.85,58.42,2.24
2019-01-07 05:00:00,0.0,0.0,17.39,59.29,2.39
2019-01-07 06:00:00,13.85,13.88,17.37,57.65,2.83
2019-01-07 07:00:00,149.07,150.48,19.3,48.98,3.75
2019-01-07 08:00:00,354.33,357.45,22.75,38.26,3.81
2019-01-07 09:00:00,553.35,555.53,27.0,25.36,5.21
2019-01-07 10:00:00,706.28,706.6,30.35,19.98,5.09
2019-01-07 11:00:00,795.8,796.17,32.64,17.69,4.47
2019-01-07 12:00:00,825.5,826.17,33.26,17.54,3.66
2019-01-07 13:00:00,741.8,758.35,33.14,18.01,3.14
2019-01-07 14:00:00,592.33,616.38,32.73,18.8,2.86
2019-01-07 15:00:00,401.4,420.33,32.17,20.33,2.7
2019-01-07 16:00:00,204.02,208.12,30.92,26.46,2.01
2019-01-07 17:00:00,33.7,33.88,26.8,41.27,1.36
2019-01-07 18:00:00,0.0,0.0,24.45,45.54,1.51
2019-01-07 19:00:00,0.0,0.0,23.45,47.53,1.66
2019-01-07 20:00:00,0.0,0.0,22.58,49.5,1.75
2019-01-07 21:00:00,0.0,0.0,21.78,51.3,1.82
2019-01-07 22:00:00,0.0,0.0,20.96,53.55,1.81
2019-01-07 23:00:00,0.0,0.0,20.18,56.04,1.81
2019-01-08 00:00:00,0.0,0.0,19.49,58.47,1.88
2019-01-08 01:00:00,0.0,0.0,18.85,60.74,2.02
2019-01-08 02:00:00,0.0,0.0,18.3,62.54,2.18
2019-01-08 03:00:00,0.0,0.0,17.7,64.08,2.24
2019-01-08 04:00:00,0.0,0.0,17.15,64.91,2.28
2019-01-08 05:00:00,0.0,0.0,16.73,64.63,2.38
2019-01-08 06:00:00,13.32,13.8,16.67,62.59,2.78
2019-01-08 07:00:00,144.75,152.1,18.42,54.13,3.51
2019-01-08 08:00:00,335.77,366.4,21.89,41.75,3.25
2019-01-08 09:00:00,545.75,578.55,26.51,25.04,4.74
2019-01-08 10:00:00,716.72,741.1,30.42,16.69,5.09
2019-01-08 11:00:00,799.15,833.58,32.42,14.56,4.29
2019-01-08 12:00:00,824.58,863.42,32.99,14.3,3.87
2019-01-08 13:00:00,779.97,797.6,32.52,15.03,3.85
2019-01-08 14:00:00,639.85,657.9,31.58,16.52,3.94
2019-01-08 15:00:00,450.65,460.08,30.4,19.24,3.97
2019-01-08 16:00:00,223.9,231.88,28.9,23.61,3.85
2019-01-08 17:00:00,38.8,39.38,25.77,32.77,2.51
2019-01-08 18:00:00,0.0,0.0,23.84,37.87,2.14
2019-01-08 19:00:00,0.0,0.0,23.0,39.81,1.88
2019-01-08 20:00:00,0.0,0.0,22.19,41.78,1.72
2019-01-08 21:00:00,0.0,0.0,21.63,43.17,1.68
2019-01-08 22:00:00,0.0,0.0,21.11,44.43,1.72
2019-01-08 23:00:00,0.0,0.0,20.52,46.25,1.78
2019-01-09 00:00:00,0.0,0.0,19.92,48.39,1.9
2019-01-09 01:00:00,0.0,0.0,19.34,50.91,2.1
2019-01-09 02:00:00,0.0,0.0,18.7,54.06,2.34
2019-01-09 03:00:00,0.0,0.0,18.17,57.02,2.58
2019-01-09 04:00:00,0.0,0.0,17.69,59.65,2.7
2019-01-09 05:00:00,0.0,0.0,17.07,62.47,2.5
2019-01-09 06:00:00,13.35,13.35,16.94,63.18,2.68
2019-01-09 07:00:00,146.82,149.62,18.96,55.81,3.52
2019-01-09 08:00:00,346.5,355.73,22.32,44.38,3.08
2019-01-09 09:00:00,550.33,557.2,26.62,29.85,4.1
2019-01-09 10:00:00,727.88,729.25,30.71,20.73,4.51
2019-01-09 11:00:00,816.78,823.22,33.35,17.4,3.71
2019-01-09 12:00:00,780.42,805.72,34.83,16.35,2.66
2019-01-09 13:00:00,722.17,723.42,35.52,15.99,1.85
2019-01-09 14:00:00,569.2,571.03,35.56,16.11,1.36
2019-01-09 15:00:00,379.52,379.67,35.04,16.77,1.3
2019-01-09 16:00:00,220.4,221.75,33.44,22.47,1.08
2019-01-09 17:00:00,35.55,35.9,28.99,39.89,1.0
2019-01-09 18:00:00,0.0,0.0,26.35,41.41,1.26
2019-01-09 19:00:00,0.0,0.0,25.06,43.31,1.36
2019-01-09 20:00:00,0.0,0.0,24.03,45.99,1.32
2019-01-09 21:00:00,0.0,0.0,23.17,48.6,1.25
2019-01-09 22:00:00,0.0,0.0,22.44,50.85,1.19
2019-01-09 23:00:00,0.0,0.0,21.86,52.78,1.11
2019-01-10 00:00:00,0.0,0.0,21.31,54.58,1.07
2019-01-10 01:00:00,0.0,0.0,20.66,56.64,1.07
2019-01-10 02:00:00,0.0,0.0,20.01,58.72,1.09
2019-01-10 03:00:00,0.0,0.0,19.48,60.7,1.13
2019-01-10 04:00:00,0.0,0.0,18.94,63.09,1.14
2019-01-10 05:00:00,0.0,0.0,18.43,65.77,1.09
2019-01-10 06:00:00,11.48,11.5,18.35,67.79,0.99
2019-01-10 07:00:00,146.77,147.48,20.79,58.74,1.9
2019-01-10 08:00:00,357.1,358.6,23.33,50.95,1.48
2019-01-10 09:00:00,500.95,502.52,27.06,39.56,1.23
2019-01-10 10:00:00,652.08,653.42,31.1,27.56,0.89
2019-01-10 11:00:00,729.62,738.0,33.22,23.25,0.46
2019-01-10 12:00:00,802.42,805.47,34.79,20.86,0.81
2019-01-10 13:00:00,738.4,739.92,35.54,19.64,1.2
2019-01-10 14:00:00,592.9,592.9,35.66,19.17,1.71
2019-01-10 15:00:00,404.42,404.6,35.06,19.62,2.16
2019-01-10 16:00:00,219.7,219.88,33.58,23.79,1.8
2019-01-10 17:00:00,37.88,37.9,29.51,40.3,1.04
2019-01-10 18:00:00,0.0,0.0,27.18,43.21,1.19
2019-01-10 19:00:00,0.0,0.0,26.05,45.1,1.28
2019-01-10 20:00:00,0.0,0.0,25.08,47.3,1.32
2019-01-10 21:00:00,0.0,0.0,24.24,49.37,1.31
2019-01-10 22:00:00,0.0,0.0,23.54,51.22,1.25
2019-01-10 23:00:00,0.0,0.0,22.99,52.49,1.2
2019-01-11 00:00:00,0.0,0.0,22.5,53.35,1.17
2019-01-11 01:00:00,0.0,0.0,21.86,54.65,1.17
2019-01-11 02:00:00,0.0,0.0,21.04,56.31,1.22
2019-01-11 03:00:00,0.0,0.0,20.22,57.37,1.39
2019-01-11 04:00:00,0.0,0.0,19.44,58.35,1.64
2019-01-11 05:00:00,0.0,0.0,18.64,60.05,1.84
2019-01-11 06:00:00,11.73,11.62,18.35,60.75,2.16
2019-01-11 07:00:00,125.1,126.32,20.11,53.95,3.05
2019-01-11 08:00:00,316.95,320.35,23.29,44.28,2.47
2019-01-11 09:00:00,479.02,499.48,27.39,31.52,2.88
2019-01-11 10:00:00,639.47,639.62,31.28,22.22,2.95
2019-01-11 11:00:00,731.6,732.3,33.96,17.99,2.5
2019-01-11 12:00:00,798.72,799.88,34.85,17.1,2.13
2019-01-11 13:00:00,726.62,728.08,34.8,17.16,1.94
2019-01-11 14:00:00,578.2,587.05,34.29,17.85,1.81
2019-01-11 15:00:00,390.98,394.25,33.48,20.66,1.54
2019-01-11 16:00:00,191.02,192.38,31.37,35.54,0.88
2019-01-11 17:00:00,33.3,33.4,28.59,40.74,1.07
2019-01-11 18:00:00,0.0,0.0,26.69,41.1,1.3
2019-01-11 19:00:00,0.0,0.0,25.81,42.14,1.37
2019-01-11 20:00:00,0.0,0.0,25.11,44.16,1.3
2019-01-11 21:00:00,0.0,0.0,24.7,45.87,1.21
2019-01-11 22:00:00,0.0,0.0,24.25,47.16,1.18
2019-01-11 23:00:00,0.0,0.0,23.71,48.64,1.19
2019-01-12 00:00:00,0.0,0.0,23.03,50.55,1.23
2019-01-12 01:00:00,0.0,0.0,22.26,52.37,1.41
2019-01-12 02:00:00,0.0,0.0,21.5,54.09,1.75
2019-01-12 03:00:00,0.0,0.0,20.78,56.54,2.06
2019-01-12 04:00:00,0.0,0.0,19.95,60.46,2.23
2019-01-12 05:00:00,0.0,0.0,19.53,63.8,2.46
2019-01-12 06:00:00,10.85,10.6,19.45,66.11,2.91
2019-01-12 07:00:00,115.75,116.47,20.69,62.05,3.54
2019-01-12 08:00:00,305.48,306.8,23.06,53.16,3.08
2019-01-12 09:00:00,493.38,495.27,27.07,36.43,3.93
2019-01-12 10:00:00,629.6,651.4,31.23,23.49,5.11
2019-01-12 11:00:00,721.47,752.22,34.24,17.29,5.53
2019-01-12 12:00:00,761.2,865.2,36.13,14.98,5.23
2019-01-12 13:00:00,723.28,799.67,37.01,13.83,4.75
2019-01-12 14:00:00,552.17,658.83,37.08,13.49,4.45
2019-01-12 15:00:00,414.88,458.85,36.36,13.98,4.2
2019-01-12 16:00:00,208.05,230.35,34.52,17.87,3.03
2019-01-12 17:00:00,41.6,42.62,29.93,30.31,1.82
2019-01-12 18:00:00,0.0,0.0,27.22,34.98,1.84
2019-01-12 19:00:00,0.0,0.0,25.92,37.14,1.84
2019-01-12 20:00:00,0.0,0.0,24.91,39.56,1.71
2019-01-12 21:00:00,0.0,0.0,24.05,42.08,1.57
2019-01-12 22:00:00,0.0,0.0,23.25,44.37,1.49
2019-01-12 23:00:00,0.0,0.0,22.41,47.09,1.43
2019-01-13 00:00:00,0.0,0.0,21.53,50.78,1.35
2019-01-13 01:00:00,0.0,0.0,20.78,54.64,1.31
2019-01-13 02:00:00,0.0,0.0,20.28,57.39,1.4
2019-01-13 03:00:00,0.0,0.0,19.51,60.41,1.44
2019-01-13 04:00:00,0.0,0.0,18.71,63.23,1.45
2019-01-13 05:00:00,0.0,0.0,18.15,64.98,1.49
2019-01-13 06:00:00,12.4,12.45,18.27,64.23,1.74
2019-01-13 07:00:00,159.15,159.93,20.72,54.1,3.14
2019-01-13 08:00:00,350.02,351.1,24.04,42.7,3.0
2019-01-13 09:00:00,539.62,541.78,28.3,27.14,4.33
2019-01-13 10:00:00,693.67,698.55,31.68,17.86,5.09
2019-01-13 11:00:00,781.92,791.42,34.15,13.82,5.19
2019-01-13 12:00:00,885.6,896.9,35.54,12.46,4.9
2019-01-13 13:00:00,825.47,828.83,36.2,11.9,4.49
2019-01-13 14:00:00,677.83,686.55,36.25,11.83,4.1
2019-01-13 15:00:00,477.17,483.88,35.71,12.32,3.75
2019-01-13 16:00:00,246.62,249.95,34.13,15.98,2.6
2019-01-13 17:00:00,48.47,48.97,29.5,31.47,1.34
2019-01-13 18:00:00,0.0,0.0,27.16,34.72,1.39
2019-01-13 19:00:00,0.0,0.0,26.17,36.38,1.4
2019-01-13 20:00:00,0.0,0.0,25.21,38.04,1.42
2019-01-13 21:00:00,0.0,0.0,24.24,39.95,1.44
2019-01-13 22:00:00,0.0,0.0,23.22,42.47,1.45
2019-01-13 23:00:00,0.0,0.0,22.25,45.69,1.45
2019-01-14 00:00:00,0.0,0.0,21.3,49.4,1.46
2019-01-14 01:00:00,0.0,0.0,20.45,53.28,1.44
2019-01-14 02:00:00,0.0,0.0,19.65,57.21,1.42
2019-01-14 03:00:00,0.0,0.0,18.96,60.52,1.46
2019-01-14 04:00:00,0.0,0.0,18.4,63.08,1.56
2019-01-14 05:00:00,0.0,0.0,17.86,65.29,1.61
2019-01-14 06:00:00,13.23,13.27,17.96,64.92,1.93
2019-01-14 07:00:00,174.57,175.35,20.34,55.55,3.24
2019-01-14 08:00:00,380.12,381.2,23.6,44.15,2.89
2019-01-14 09:00:00,596.4,597.17,27.46,31.3,3.38
2019-01-14 10:00:00,761.35,761.35,31.11,21.9,3.5
2019-01-14 11:00:00,857.1,857.1,33.64,17.42,3.24
2019-01-14 12:00:00,890.92,890.92,35.01,15.6,2.82
2019-01-14 13:00:00,823.38,823.38,35.68,14.69,2.45
2019-01-14 14:00:00,680.33,680.88,35.77,14.36,2.15
2019-01-14 15:00:00,475.9,478.33,35.32,14.61,2.03
2019-01-14 16:00:00,244.2,247.05,33.78,20.39,1.41
2019-01-14 17:00:00,48.83,49.22,29.69,35.64,1.03
2019-01-14 18:00:00,0.0,0.0,27.1,36.97,1.27
2019-01-14 19:00:00,0.0,0.0,25.72,38.43,1.38
2019-01-14 20:00:00,0.0,0.0,24.66,40.15,1.41
2019-01-14 21:00:00,0.0,0.0,23.89,42.1,1.34
2019-01-14 22:00:00,0.0,0.0,23.33,44.09,1.23
2019-01-14 23:00:00,0.0,0.0,22.85,45.55,1.18
2019-01-15 00:00:00,0.0,0.0,22.23,47.04,1.17
2019-01-15 01:00:00,0.0,0.0,21.42,49.15,1.16
2019-01-15 02:00:00,0.0,0.0,20.46,52.05,1.17
2019-01-15 03:00:00,0.0,0.0,19.48,55.16,1.25
2019-01-15 04:00:00,0.0,0.0,18.68,57.7,1.39
2019-01-15 05:00:00,0.0,0.0,18.05,59.9,1.51
2019-01-15 06:00:00,13.18,13.23,18.17,60.16,1.64
2019-01-15 07:00:00,170.77,171.73,21.08,49.5,3.12
2019-01-15 08:00:00,386.25,387.8,24.53,39.83,2.74
2019-01-15 09:00:00,599.62,601.08,29.12,26.72,3.12
2019-01-15 10:00:00,764.45,765.3,33.17,17.9,3.22
2019-01-15 11:00:00,860.95,860.95,35.2,15.14,2.89
2019-01-15 12:00:00,867.1,867.22,36.44,13.63,2.64
2019-01-15 13:00:00,808.83,809.1,37.05,12.79,2.54
2019-01-15 14:00:00,673.3,673.75,37.14,12.4,2.56
2019-01-15 15:00:00,478.58,479.15,36.63,12.59,2.59
2019-01-15 16:00:00,250.98,251.55,35.2,15.12,2.21
2019-01-15 17:00:00,51.0,51.15,30.26,30.25,1.31
2019-01-15 18:00:00,0.0,0.0,27.37,32.66,1.61
2019-01-15 19:00:00,0.0,0.0,26.12,33.74,1.82
2019-01-15 20:00:00,0.0,0.0,24.92,36.16,1.82
2019-01-15 21:00:00,0.0,0.0,23.82,38.95,1.68
2019-01-15 22:00:00,0.0,0.0,22.88,41.44,1.54
2019-01-15 23:00:00,0.0,0.0,22.09,43.35,1.49
2019-01-16 00:00:00,0.0,0.0,21.34,45.24,1.52
2019-01-16 01:00:00,0.0,0.0,20.57,47.6,1.61
2019-01-16 02:00:00,0.0,0.0,19.81,50.76,1.65
2019-01-16 03:00:00,0.0,0.0,19.07,54.43,1.58
2019-01-16 04:00:00,0.0,0.0,18.41,57.87,1.46
2019-01-16 05:00:00,0.0,0.0,17.83,60.58,1.4
2019-01-16 06:00:00,12.98,12.98,17.96,60.75,1.58
2019-01-16 07:00:00,170.3,170.57,20.55,51.15,2.95
2019-01-16 08:00:00,381.5,381.83,24.08,41.13,2.51
2019-01-16 09:00:00,587.83,588.03,28.87,27.83,3.06
2019-01-16 10:00:00,747.05,747.05,33.36,18.17,3.5
2019-01-16 11:00:00,835.72,835.72,35.63,14.89,3.32
2019-01-16 12:00:00,843.22,843.22,36.89,13.17,3.12
2019-01-16 13:00:00,780.0,780.0,37.37,12.22,3.03
2019-01-16 14:00:00,644.62,644.92,37.31,11.85,2.98
2019-01-16 15:00:00,450.55,451.08,36.77,12.07,2.81
2019-01-16 16:00:00,229.55,230.02,35.21,16.3,1.95
2019-01-16 17:00:00,47.35,47.47,30.44,31.17,1.19
2019-01-16 18:00:00,0.0,0.0,27.68,32.93,1.42
2019-01-16 19:00:00,0.0,0.0,26.41,34.04,1.61
2019-01-16 20:00:00,0.0,0.0,25.3,35.95,1.69
2019-01-16 21:00:00,0.0,0.0,24.24,38.63,1.62
2019-01-16 22:00:00,0.0,0.0,23.24,41.74,1.52
2019-01-16 23:00:00,0.0,0.0,22.34,44.6,1.48
2019-01-17 00:00:00,0.0,0.0,21.5,47.67,1.48
2019-01-17 01:00:00,0.0,0.0,20.72,51.09,1.44
2019-01-17 02:00:00,0.0,0.0,20.06,54.4,1.37
2019-01-17 03:00:00,0.0,0.0,19.53,57.4,1.31
2019-01-17 04:00:00,0.0,0.0,19.06,60.35,1.3
2019-01-17 05:00:00,0.0,0.0,18.62,63.24,1.32
2019-01-17 06:00:00,11.43,11.65,18.89,64.17,1.49
2019-01-17 07:00:00,141.85,142.62,21.85,55.18,3.02
2019-01-17 08:00:00,341.75,349.2,25.36,47.08,2.56
2019-01-17 09:00:00,542.65,542.88,30.34,36.41,3.01
2019-01-17 10:00:00,698.22,700.25,33.97,27.8,3.2
2019-01-17 11:00:00,789.3,790.72,35.97,23.61,2.86
2019-01-17 12:00:00,856.88,857.85,37.29,21.18,2.55
2019-01-17 13:00:00,791.65,792.12,37.87,20.04,2.29
2019-01-17 14:00:00,653.72,653.72,37.82,19.99,2.03
2019-01-17 15:00:00,459.6,459.6,37.26,20.79,1.84
2019-01-17 16:00:00,237.0,237.0,36.08,23.5,1.58
2019-01-17 17:00:00,48.97,48.97,32.63,39.66,0.87
2019-01-17 18:00:00,0.0,0.0,30.21,44.0,1.11
2019-01-17 19:00:00,0.0,0.0,28.86,48.94,1.25
2019-01-17 20:00:00,0.0,0.0,27.91,54.02,1.42
2019-01-17 21:00:00,0.0,0.0,27.37,58.84,1.6
2019-01-17 22:00:00,0.0,0.0,26.94,63.07,1.66
2019-01-17 23:00:00,0.0,0.0,26.49,66.65,1.61
2019-01-18 00:00:00,0.0,0.0,26.02,70.26,1.59
2019-01-18 01:00:00,0.0,0.0,25.49,74.92,1.67
2019-01-18 02:00:00,0.0,0.0,24.91,80.2,1.9
2019-01-18 03:00:00,0.0,0.0,24.38,84.87,2.16
2019-01-18 04:00:00,0.0,0.0,23.79,89.4,1.94
2019-01-18 05:00:00,0.0,0.0,23.34,92.4,1.73
2019-01-18 06:00:00,10.88,10.82,23.42,91.97,2.08
2019-01-18 07:00:00,128.45,129.3,25.45,80.83,3.16
2019-01-18 08:00:00,338.05,340.42,28.86,63.46,4.39
2019-01-18 09:00:00,499.35,501.12,31.74,50.73,4.43
2019-01-18 10:00:00,664.38,664.38,33.99,42.41,3.95
2019-01-18 11:00:00,748.0,750.62,35.58,36.97,3.54
2019-01-18 12:00:00,788.05,829.28,36.51,33.56,3.31
2019-01-18 13:00:00,708.05,761.97,36.92,31.36,3.2
2019-01-18 14:00:00,535.45,620.72,36.85,30.18,3.07
2019-01-18 15:00:00,332.08,432.05,36.25,30.32,2.94
2019-01-18 16:00:00,180.43,223.2,35.16,31.98,2.73
2019-01-18 17:00:00,40.22,44.2,32.65,42.53,1.41
2019-01-18 18:00:00,0.0,0.0,30.95,47.83,1.5
2019-01-18 19:00:00,0.0,0.0,30.22,50.13,1.68
2019-01-18 20:00:00,0.0,0.0,29.53,52.88,1.73
2019-01-18 21:00:00,0.0,0.0,28.88,55.51,1.69
2019-01-18 22:00:00,0.0,0.0,28.29,57.85,1.65
2019-01-18 23:00:00,0.0,0.0,27.76,59.95,1.66
2019-01-19 00:00:00,0.0,0.0,27.35,61.61,1.75
2019-01-19 01:00:00,0.0,0.0,26.97,63.14,1.85
2019-01-19 02:00:00,0.0,0.0,26.49,65.01,1.83
2019-01-19 03:00:00,0.0,0.0,25.99,66.95,1.65
2019-01-19 04:00:00,0.0,0.0,25.46,68.91,1.37
2019-01-19 05:00:00,0.0,0.0,25.02,70.32,1.17
2019-01-19 06:00:00,8.8,10.68,25.0,69.9,1.43
2019-01-19 07:00:00,90.47,128.43,26.8,62.08,2.12
2019-01-19 08:00:00,213.05,323.17,30.62,47.6,2.69
2019-01-19 09:00:00,342.98,513.3,33.58,38.79,3.16
2019-01-19 10:00:00,516.95,655.85,35.27,34.58,3.17
2019-01-19 11:00:00,589.08,739.62,36.23,32.22,3.14
2019-01-19 12:00:00,589.7,779.1,36.32,31.39,3.1
2019-01-19 13:00:00,541.83,728.38,36.05,31.18,3.1
2019-01-19 14:00:00,400.77,590.47,35.42,31.58,2.92
2019-01-19 15:00:00,298.33,400.2,35.01,31.55,2.61
2019-01-19 16:00:00,169.98,207.85,34.34,32.26,2.18
2019-01-19 17:00:00,39.92,41.8,32.06,45.17,0.99
2019-01-19 18:00:00,0.0,0.0,30.22,48.07,1.07
2019-01-19 19:00:00,0.0,0.0,29.23,47.91,1.23
2019-01-19 20:00:00,0.0,0.0,28.22,48.08,1.36
2019-01-19 21:00:00,0.0,0.0,27.22,49.68,1.37
2019-01-19 22:00:00,0.0,0.0,26.32,51.5,1.35
2019-01-19 23:00:00,0.0,0.0,25.6,52.34,1.41
2019-01-20 00:00:00,0.0,0.0,24.89,52.03,1.6
2019-01-20 01:00:00,0.0,0.0,23.9,51.4,1.95
2019-01-20 02:00:00,0.0,0.0,22.95,49.29,2.62
2019-01-20 03:00:00,0.0,0.0,21.83,47.51,3.03
2019-01-20 04:00:00,0.0,0.0,20.66,45.86,3.03
2019-01-20 05:00:00,0.0,0.0,19.68,44.59,2.98
2019-01-20 06:00:00,10.45,10.43,19.19,43.36,3.33
2019-01-20 07:00:00,143.68,144.3,20.72,38.16,3.85
2019-01-20 08:00:00,348.58,350.23,24.58,26.92,4.67
2019-01-20 09:00:00,504.75,505.8,28.94,16.6,5.92
2019-01-20 10:00:00,668.6,674.03,32.18,13.49,5.78
2019-01-20 11:00:00,758.3,761.45,34.25,13.74,5.08
2019-01-20 12:00:00,896.42,900.08,35.52,14.03,4.49
2019-01-20 13:00:00,838.42,842.72,36.04,14.53,4.16
2019-01-20 14:00:00,709.65,710.0,35.83,15.49,3.9
2019-01-20 15:00:00,514.45,516.3,35.15,16.75,3.49
2019-01-20 16:00:00,281.15,284.3,34.03,18.99,2.81
2019-01-20 17:00:00,63.5,64.28,30.68,33.69,1.15
2019-01-20 18:00:00,0.0,0.0,28.58,39.14,1.11
2019-01-20 19:00:00,0.0,0.0,27.78,40.4,1.13
2019-01-20 20:00:00,0.0,0.0,27.12,41.54,1.15
2019-01-20 21:00:00,0.0,0.0,26.53,42.51,1.19
2019-01-20 22:00:00,0.0,0.0,25.73,43.41,1.23
2019-01-20 23:00:00,0.0,0.0,24.8,43.74,1.39
2019-01-21 00:00:00,0.0,0.0,24.03,42.5,1.81
2019-01-21 01:00:00,0.0,0.0,23.24,40.83,2.6
2019-01-21 02:00:00,0.0,0.0,22.03,41.13,3.16
2019-01-21 03:00:00,0.0,0.0,20.72,43.27,2.96
2019-01-21 04:00:00,0.0,0.0,19.75,45.07,2.76
2019-01-21 05:00:00,0.0,0.0,18.98,46.51,2.68
2019-01-21 06:00:00,13.65,13.68,18.66,46.3,3.04
2019-01-21 07:00:00,186.23,186.5,20.29,40.86,3.4
2019-01-21 08:00:00,421.67,422.15,24.24,29.94,3.59
2019-01-21 09:00:00,638.9,639.25,29.11,16.91,4.92
2019-01-21 10:00:00,804.05,804.1,32.87,12.33,4.9
2019-01-21 11:00:00,897.28,897.3,34.82,12.05,4.19
2019-01-21 12:00:00,892.38,892.4,36.17,12.58,3.63
2019-01-21 13:00:00,830.17,830.17,36.71,13.2,3.25
2019-01-21 14:00:00,692.75,693.45,36.62,13.77,3.08
2019-01-21 15:00:00,494.7,495.92,36.1,14.43,3.07
2019-01-21 16:00:00,262.6,263.77,34.79,16.2,2.78
2019-01-21 17:00:00,57.62,57.95,30.51,29.37,1.4
2019-01-21 18:00:00,0.0,0.0,27.89,33.35,1.52
2019-01-21 19:00:00,0.0,0.0,26.86,34.16,1.59
2019-01-21 20:00:00,0.0,0.0,25.99,35.23,1.56
2019-01-21 21:00:00,0.0,0.0,25.28,36.46,1.5
2019-01-21 22:00:00,0.0,0.0,24.66,37.58,1.46
2019-01-21 23:00:00,0.0,0.0,24.03,38.58,1.48
2019-01-22 00:00:00,0.0,0.0,23.27,39.48,1.61
2019-01-22 01:00:00,0.0,0.0,22.41,40.11,1.9
2019-01-22 02:00:00,0.0,0.0,21.38,41.45,2.2
2019-01-22 03:00:00,0.0,0.0,20.24,44.2,2.12
2019-01-22 04:00:00,0.0,0.0,19.2,47.44,1.85
2019-01-22 05:00:00,0.0,0.0,18.33,50.41,1.73
2019-01-22 06:00:00,12.48,12.52,18.02,51.28,2.29
2019-01-22 07:00:00,171.05,171.75,19.66,45.98,2.87
2019-01-22 08:00:00,396.83,397.77,23.55,33.92,2.84
2019-01-22 09:00:00,616.33,617.0,28.36,19.88,3.63
2019-01-22 10:00:00,784.17,784.4,32.86,12.59,3.89
2019-01-22 11:00:00,882.03,882.12,35.28,11.16,3.37
2019-01-22 12:00:00,910.38,910.38,36.58,11.0,2.92
2019-01-22 13:00:00,847.85,848.25,37.15,11.16,2.63
2019-01-22 14:00:00,710.9,711.72,37.13,11.49,2.51
2019-01-22 15:00:00,512.05,513.28,36.55,12.09,2.57
2019-01-22 16:00:00,276.2,277.4,35.26,13.83,2.39
2019-01-22 17:00:00,63.17,63.55,30.73,28.46,1.22
2019-01-22 18:00:00,0.0,0.0,28.02,31.5,1.39
2019-01-22 19:00:00,0.0,0.0,26.91,32.47,1.46
2019-01-22 20:00:00,0.0,0.0,25.98,33.61,1.5
2019-01-22 21:00:00,0.0,0.0,25.09,34.6,1.55
2019-01-22 22:00:00,0.0,0.0,24.11,35.37,1.7
2019-01-22 23:00:00,0.0,0.0,22.99,36.02,1.96
2019-01-23 00:00:00,0.0,0.0,21.67,37.37,2.24
2019-01-23 01:00:00,0.0,0.0,20.37,39.4,2.41
2019-01-23 02:00:00,0.0,0.0,19.27,41.76,2.39
2019-01-23 03:00:00,0.0,0.0,18.3,44.45,2.22
2019-01-23 04:00:00,0.0,0.0,17.58,46.37,2.14
2019-01-23 05:00:00,0.0,0.0,17.07,47.58,2.16
2019-01-23 06:00:00,13.07,13.07,16.96,47.04,2.56
2019-01-23 07:00:00,181.02,181.27,18.93,40.21,3.07
2019-01-23 08:00:00,412.3,412.73,23.05,28.47,3.12
2019-01-23 09:00:00,632.15,632.4,28.11,14.47,4.57
2019-01-23 10:00:00,800.35,800.47,32.37,8.84,5.13
2019-01-23 11:00:00,892.67,897.65,34.77,8.3,4.36
2019-01-23 12:00:00,883.35,892.8,36.13,8.49,3.6
2019-01-23 13:00:00,803.53,829.47,36.77,8.9,3.05
2019-01-23 14:00:00,683.95,686.1,36.81,9.41,2.71
2019-01-23 15:00:00,483.52,485.45,36.3,10.09,2.45
2019-01-23 16:00:00,249.5,251.43,35.01,12.05,1.99
2019-01-23 17:00:00,58.38,58.65,30.65,27.21,1.09
2019-01-23 18:00:00,0.0,0.0,27.92,28.94,1.35
2019-01-23 19:00:00,0.0,0.0,26.71,29.56,1.47
2019-01-23 20:00:00,0.0,0.0,25.76,30.47,1.52
2019-01-23 21:00:00,0.0,0.0,24.96,31.61,1.51
2019-01-23 22:00:00,0.0,0.0,24.21,33.0,1.49
2019-01-23 23:00:00,0.0,0.0,23.34,34.48,1.52
2019-01-24 00:00:00,0.0,0.0,22.33,35.7,1.66
2019-01-24 01:00:00,0.0,0.0,21.15,37.28,1.81
2019-01-24 02:00:00,0.0,0.0,19.89,39.66,1.85
2019-01-24 03:00:00,0.0,0.0,18.71,42.53,1.77
2019-01-24 04:00:00,0.0,0.0,17.76,45.32,1.64
2019-01-24 05:00:00,0.0,0.0,16.84,48.72,1.46
2019-01-24 06:00:00,11.65,11.68,16.8,48.63,1.87
2019-01-24 07:00:00,166.8,167.15,18.93,40.53,2.77
2019-01-24 08:00:00,368.4,368.98,22.8,29.8,2.26
2019-01-24 09:00:00,581.97,582.42,27.6,17.1,2.73
2019-01-24 10:00:00,754.95,755.3,31.83,10.53,2.5
2019-01-24 11:00:00,851.25,851.47,34.42,9.04,1.27
2019-01-24 12:00:00,920.92,921.08,35.83,9.0,0.79
2019-01-24 13:00:00,856.17,856.25,36.48,9.07,0.93
2019-01-24 14:00:00,714.15,714.15,36.58,9.34,1.04
2019-01-24 15:00:00,511.65,512.45,36.14,9.88,1.16
2019-01-24 16:00:00,272.8,273.92,35.02,11.39,1.2
2019-01-24 17:00:00,64.88,65.25,31.41,24.81,0.88
2019-01-24 18:00:00,0.0,0.0,28.47,28.27,1.23
2019-01-24 19:00:00,0.0,0.0,26.56,31.37,1.38
2019-01-24 20:00:00,0.0,0.0,25.21,33.76,1.47
2019-01-24 21:00:00,0.0,0.0,24.24,36.42,1.46
2019-01-24 22:00:00,0.0,0.0,23.59,38.73,1.38
2019-01-24 23:00:00,0.0,0.0,22.95,40.8,1.33
2019-01-25 00:00:00,0.0,0.0,22.18,43.15,1.33
2019-01-25 01:00:00,0.0,0.0,21.3,46.44,1.28
2019-01-25 02:00:00,0.0,0.0,20.46,50.51,1.16
2019-01-25 03:00:00,0.0,0.0,19.82,54.68,1.01
2019-01-25 04:00:00,0.0,0.0,19.56,57.25,0.89
2019-01-25 05:00:00,0.0,0.0,19.19,60.12,0.88
2019-01-25 06:00:00,10.77,12.07,19.44,60.91,0.89
2019-01-25 07:00:00,139.57,159.62,21.97,50.66,1.81
2019-01-25 08:00:00,307.67,382.95,25.55,38.4,1.47
2019-01-25 09:00:00,491.67,596.45,30.29,27.11,1.86
2019-01-25 10:00:00,735.3,759.45,33.5,21.44,2.02
2019-01-25 11:00:00,853.8,854.58,35.34,18.34,1.69
2019-01-25 12:00:00,888.6,888.83,36.44,16.52,1.24
2019-01-25 13:00:00,832.53,832.53,37.03,15.53,1.18
2019-01-25 14:00:00,700.15,700.9,37.11,15.0,1.49
2019-01-25 15:00:00,506.25,507.52,36.66,14.87,1.68
2019-01-25 16:00:00,276.7,278.0,35.58,15.7,1.84
2019-01-25 17:00:00,67.15,67.55,31.69,29.41,0.98
2019-01-25 18:00:00,0.0,0.0,28.98,32.05,1.23
2019-01-25 19:00:00,0.0,0.0,27.76,32.95,1.34
2019-01-25 20:00:00,0.0,0.0,26.67,34.07,1.47
2019-01-25 21:00:00,0.0,0.0,25.53,35.88,1.49
2019-01-25 22:00:00,0.0,0.0,24.64,37.58,1.42
2019-01-25 23:00:00,0.0,0.0,23.99,38.84,1.35
2019-01-26 00:00:00,0.0,0.0,23.62,39.75,1.26
2019-01-26 01:00:00,0.0,0.0,23.23,40.45,1.21
2019-01-26 02:00:00,0.0,0.0,22.31,42.23,1.19
2019-01-26 03:00:00,0.0,0.0,21.11,44.75,1.29
2019-01-26 04:00:00,0.0,0.0,20.22,46.3,1.54
2019-01-26 05:00:00,0.0,0.0,19.35,48.4,1.65
2019-01-26 06:00:00,12.3,12.3,19.19,48.64,2.04
2019-01-26 07:00:00,177.48,177.85,21.32,41.19,3.01
2019-01-26 08:00:00,395.83,396.35,25.07,29.92,2.73
2019-01-26 09:00:00,616.85,617.3,29.54,17.99,3.36
2019-01-26 10:00:00,785.75,786.0,33.58,12.1,3.44
2019-01-26 11:00:00,884.03,884.08,35.67,10.82,2.94
2019-01-26 12:00:00,936.05,936.15,36.91,10.35,2.53
2019-01-26 13:00:00,875.58,875.7,37.45,10.22,2.37
2019-01-26 14:00:00,738.35,738.53,37.43,10.27,2.39
2019-01-26 15:00:00,538.42,538.6,36.88,10.5,2.56
2019-01-26 16:00:00,297.62,297.77,35.65,11.5,2.59
2019-01-26 17:00:00,71.57,71.62,31.24,23.98,1.24
2019-01-26 18:00:00,0.0,0.0,28.48,27.91,1.32
2019-01-26 19:00:00,0.0,0.0,27.45,29.06,1.36
2019-01-26 20:00:00,0.0,0.0,26.41,30.36,1.4
2019-01-26 21:00:00,0.0,0.0,25.34,31.67,1.45
2019-01-26 22:00:00,0.0,0.0,24.2,32.74,1.57
2019-01-26 23:00:00,0.0,0.0,23.0,33.54,1.8
2019-01-27 00:00:00,0.0,0.0,21.76,34.38,2.12
2019-01-27 01:00:00,0.0,0.0,20.36,35.85,2.46
2019-01-27 02:00:00,0.0,0.0,19.13,37.74,2.72
2019-01-27 03:00:00,0.0,0.0,17.97,40.28,2.61
2019-01-27 04:00:00,0.0,0.0,16.95,42.75,2.25
2019-01-27 05:00:00,0.0,0.0,16.06,44.75,1.9
2019-01-27 06:00:00,12.12,12.95,15.96,43.84,2.26
2019-01-27 07:00:00,163.45,181.38,17.97,37.15,2.66
2019-01-27 08:00:00,369.83,424.52,21.94,27.73,2.37
2019-01-27 09:00:00,584.38,647.05,27.08,15.32,3.33
2019-01-27 10:00:00,773.83,816.22,31.6,9.54,3.85
2019-01-27 11:00:00,806.6,915.67,34.77,7.98,3.32
2019-01-27 12:00:00,766.35,920.0,36.24,7.88,2.69
2019-01-27 13:00:00,736.45,860.35,36.94,7.93,2.45
2019-01-27 14:00:00,588.22,722.88,37.02,8.11,2.52
2019-01-27 15:00:00,424.8,524.28,36.45,8.5,2.59
2019-01-27 16:00:00,234.95,287.02,35.13,9.92,2.34
2019-01-27 17:00:00,61.25,65.82,30.77,22.74,1.19
2019-01-27 18:00:00,0.0,0.0,27.68,25.37,1.4
2019-01-27 19:00:00,0.0,0.0,26.35,26.57,1.48
2019-01-27 20:00:00,0.0,0.0,25.27,28.64,1.43
2019-01-27 21:00:00,0.0,0.0,24.56,30.77,1.31
2019-01-27 22:00:00,0.0,0.0,24.12,32.27,1.22
2019-01-27 23:00:00,0.0,0.0,24.0,32.12,1.18
2019-01-28 00:00:00,0.0,0.0,23.85,31.22,1.02
2019-01-28 01:00:00,0.0,0.0,22.98,33.06,0.86
2019-01-28 02:00:00,0.0,0.0,21.3,38.12,0.97
2019-01-28 03:00:00,0.0,0.0,19.69,42.59,1.08
2019-01-28 04:00:00,0.0,0.0,18.52,45.38,1.09
2019-01-28 05:00:00,0.0,0.0,17.68,47.48,1.05
2019-01-28 06:00:00,11.98,11.98,17.85,48.08,0.99
2019-01-28 07:00:00,174.15,174.18,20.73,36.77,1.81
2019-01-28 08:00:00,387.83,387.88,24.55,27.99,1.61
2019-01-28 09:00:00,608.75,608.78,29.2,19.26,1.75
2019-01-28 10:00:00,776.12,776.12,32.85,14.62,1.64
2019-01-28 11:00:00,878.15,878.15,34.59,13.2,1.45
2019-01-28 12:00:00,877.65,877.65,35.69,12.33,1.61
2019-01-28 13:00:00,812.88,812.88,36.29,11.83,1.96
2019-01-28 14:00:00,675.6,675.7,36.39,11.73,2.31
2019-01-28 15:00:00,476.27,476.45,35.84,12.19,2.45
2019-01-28 16:00:00,269.25,269.42,34.66,13.47,2.4
2019-01-28 17:00:00,60.7,60.75,31.0,25.06,1.26
2019-01-28 18:00:00,0.0,0.0,28.12,31.14,1.35
2019-01-28 19:00:00,0.0,0.0,27.18,33.95,1.39
2019-01-28 20:00:00,0.0,0.0,26.87,36.12,1.5
2019-01-28 21:00:00,0.0,0.0,26.29,38.96,1.65
2019-01-28 22:00:00,0.0,0.0,25.67,42.67,1.56
2019-01-28 23:00:00,0.0,0.0,25.15,45.91,1.4
2019-01-29 00:00:00,0.0,0.0,24.79,48.6,1.12
2019-01-29 01:00:00,0.0,0.0,24.92,49.65,0.88
2019-01-29 02:00:00,0.0,0.0,25.25,49.06,0.72
2019-01-29 03:00:00,0.0,0.0,24.72,51.08,0.78
2019-01-29 04:00:00,0.0,0.0,23.78,53.98,0.86
2019-01-29 05:00:00,0.0,0.0,22.91,57.47,0.85
2019-01-29 06:00:00,11.2,11.2,22.37,61.52,0.79
2019-01-29 07:00:00,163.8,164.02,24.37,54.16,1.7
2019-01-29 08:00:00,359.52,359.75,27.71,38.16,1.55
2019-01-29 09:00:00,570.16,590.73,31.31,26.04,1.42
2019-01-29 10:00:00,742.62,742.72,33.89,19.91,1.67
2019-01-29 11:00:00,837.83,838.0,35.72,16.08,1.98
2019-01-29 12:00:00,902.35,902.6,36.93,13.56,2.07
2019-01-29 13:00:00,836.97,837.92,37.6,11.96,2.05
2019-01-29 14:00:00,694.08,695.7,37.74,11.15,2.16
2019-01-29 15:00:00,492.67,494.65,37.3,10.95,2.34
2019-01-29 16:00:00,280.5,282.08,36.2,11.44,2.43
2019-01-29 17:00:00,66.25,66.68,32.06,22.1,1.33
2019-01-29 18:00:00,0.0,0.0,29.11,24.69,1.66
2019-01-29 19:00:00,0.0,0.0,27.87,24.78,1.94
2019-01-29 20:00:00,0.0,0.0,26.68,25.86,1.97
2019-01-29 21:00:00,0.0,0.0,25.71,26.87,1.94
2019-01-29 22:00:00,0.0,0.0,24.88,28.02,1.87
2019-01-29 23:00:00,0.0,0.0,24.09,29.74,1.8
2019-01-30 00:00:00,0.0,0.0,23.54,31.6,1.83
2019-01-30 01:00:00,0.0,0.0,23.42,32.53,2.07
2019-01-30 02:00:00,0.0,0.0,23.09,33.58,2.63
2019-01-30 03:00:00,0.0,0.0,22.36,35.92,3.03
2019-01-30 04:00:00,0.0,0.0,21.43,39.08,2.98
2019-01-30 05:00:00,0.0,0.0,20.57,42.39,2.64
2019-01-30 06:00:00,11.02,11.05,20.28,44.85,2.63
2019-01-30 07:00:00,159.32,159.57,22.41,40.9,3.25
2019-01-30 08:00:00,348.52,348.95,26.27,36.96,2.64
2019-01-30 09:00:00,566.08,566.47,31.05,32.68,3.33
2019-01-30 10:00:00,740.92,741.0,34.4,27.37,3.59
2019-01-30 11:00:00,841.03,842.17,36.38,24.44,3.24
2019-01-30 12:00:00,882.6,882.85,37.66,22.6,2.73
2019-01-30 13:00:00,799.72,826.12,38.26,21.73,2.27
2019-01-30 14:00:00,674.65,692.95,38.3,21.74,1.75
2019-01-30 15:00:00,492.1,498.45,37.78,22.45,1.26
2019-01-30 16:00:00,270.08,271.75,36.78,23.89,0.81
2019-01-30 17:00:00,68.0,68.22,34.51,34.63,0.27
2019-01-30 18:00:00,0.0,0.0,32.78,36.43,0.36
2019-01-30 19:00:00,0.0,0.0,31.09,40.71,0.5
2019-01-30 20:00:00,0.0,0.0,29.69,44.37,0.62
2019-01-30 21:00:00,0.0,0.0,28.82,46.66,0.68
2019-01-30 22:00:00,0.0,0.0,28.07,48.83,0.74
2019-01-30 23:00:00,0.0,0.0,27.22,51.87,0.95
2019-01-31 00:00:00,0.0,0.0,26.26,56.82,1.13
2019-01-31 01:00:00,0.0,0.0,25.65,63.26,1.17
2019-01-31 02:00:00,0.0,0.0,25.05,70.46,0.98
2019-01-31 03:00:00,0.0,0.0,24.68,74.87,0.69
2019-01-31 04:00:00,0.0,0.0,24.85,74.36,0.42
2019-01-31 05:00:00,0.0,0.0,24.62,74.21,0.3
2019-01-31 06:00:00,11.57,11.77,24.5,72.71,0.47
2019-01-31 07:00:00,145.15,155.88,26.47,67.68,0.52
2019-01-31 08:00:00,333.75,377.8,29.39,58.07,1.55
2019-01-31 09:00:00,521.33,593.88,32.12,47.16,0.94
2019-01-31 10:00:00,692.72,762.55,34.35,38.46,1.01
2019-01-31 11:00:00,781.72,859.4,36.1,32.2,1.55
2019-01-31 12:00:00,780.17,853.8,37.31,28.65,1.69
2019-01-31 13:00:00,725.03,796.3,37.97,26.83,1.64
2019-01-31 14:00:00,583.7,668.05,38.1,26.1,1.41
2019-01-31 15:00:00,401.38,481.3,37.79,25.87,1.14
2019-01-31 16:00:00,225.25,263.48,36.98,26.16,0.98
2019-01-31 17:00:00,58.8,62.55,35.0,35.44,0.49
2019-01-31 18:00:00,0.0,0.0,33.04,41.21,0.43
2019-01-31 19:00:00,0.0,0.0,31.66,44.65,0.43
2019-01-31 20:00:00,0.0,0.0,30.2,48.17,0.54
2019-01-31 21:00:00,0.0,0.0,28.92,50.78,0.74
2019-01-31 22:00:00,0.0,0.0,27.86,53.22,0.89
2019-01-31 23:00:00,0.0,0.0,26.93,55.25,0.99
2019-02-01 00:00:00,0.0,0.0,26.05,57.23,1.07
2019-02-01 01:00:00,0.0,0.0,25.3,59.31,1.07
2019-02-01 02:00:00,0.0,0.0,24.62,61.53,1.05
2019-02-01 03:00:00,0.0,0.0,24.02,63.67,1.02
2019-02-01 04:00:00,0.0,0.0,23.49,66.45,0.97
2019-02-01 05:00:00,0.0,0.0,23.03,69.88,0.91
2019-02-01 06:00:00,11.02,10.75,23.25,70.39,0.89
2019-02-01 07:00:00,134.68,142.25,25.41,62.91,1.58
2019-02-01 08:00:00,319.02,349.17,29.24,52.77,1.46
2019-02-01 09:00:00,515.88,553.42,32.52,42.49,1.62
2019-02-01 10:00:00,639.15,721.38,34.24,35.91,1.54
2019-02-01 11:00:00,733.05,814.3,35.16,32.27,1.61
2019-02-01 12:00:00,745.35,792.35,35.69,30.2,1.65
2019-02-01 13:00:00,664.7,729.78,36.1,28.79,1.57
2019-02-01 14:00:00,583.42,596.72,36.18,28.07,1.42
2019-02-01 15:00:00,418.33,428.3,35.92,28.06,1.23
2019-02-01 16:00:00,216.95,223.88,35.22,29.63,0.97
2019-02-01 17:00:00,49.55,52.15,33.6,39.46,0.51
2019-02-01 18:00:00,0.0,0.0,32.57,39.5,0.65
2019-02-01 19:00:00,0.0,0.0,31.61,42.53,0.75
2019-02-01 20:00:00,0.0,0.0,30.32,48.09,0.84
2019-02-01 21:00:00,0.0,0.0,29.17,52.63,0.86
2019-02-01 22:00:00,0.0,0.0,28.4,56.29,0.85
2019-02-01 23:00:00,0.0,0.0,27.86,59.46,0.8
2019-02-02 00:00:00,0.0,0.0,27.47,61.89,0.71
2019-02-02 01:00:00,0.0,0.0,27.15,63.77,0.64
2019-02-02 02:00:00,0.0,0.0,26.82,66.01,0.55
2019-02-02 03:00:00,0.0,0.0,26.47,68.5,0.44
2019-02-02 04:00:00,0.0,0.0,26.04,71.25,0.22
2019-02-02 05:00:00,0.0,0.0,25.5,74.38,0.13
2019-02-02 06:00:00,10.57,10.27,25.37,75.84,0.28
2019-02-02 07:00:00,123.78,128.0,27.37,67.04,1.0
2019-02-02 08:00:00,298.35,324.35,30.48,54.19,2.45
2019-02-02 09:00:00,491.52,528.72,32.95,45.87,2.64
2019-02-02 10:00:00,683.47,691.25,34.76,40.68,2.21
2019-02-02 11:00:00,743.4,787.65,36.12,36.66,1.86
2019-02-02 12:00:00,659.92,697.9,37.15,33.35,1.58
2019-02-02 13:00:00,625.22,648.95,37.55,31.48,1.27
2019-02-02 14:00:00,518.03,531.38,37.43,30.92,1.24
2019-02-02 15:00:00,372.6,376.42,36.79,31.7,1.74
2019-02-02 16:00:00,190.38,192.62,35.46,34.76,2.33
2019-02-02 17:00:00,46.12,46.05,33.12,46.29,2.02
2019-02-02 18:00:00,0.0,0.0,31.39,52.47,3.15
2019-02-02 19:00:00,0.0,0.0,30.29,58.1,4.17
2019-02-02 20:00:00,0.0,0.0,29.36,64.53,4.22
2019-02-02 21:00:00,0.0,0.0,28.78,68.99,3.84
2019-02-02 22:00:00,0.0,0.0,28.35,71.97,3.61
2019-02-02 23:00:00,0.0,0.0,27.84,74.84,3.12
2019-02-03 00:00:00,0.0,0.0,27.37,77.46,2.59
2019-02-03 01:00:00,0.0,0.0,26.93,80.0,2.22
2019-02-03 02:00:00,0.0,0.0,26.52,82.39,2.42
2019-02-03 03:00:00,0.0,0.0,26.12,84.82,2.8
2019-02-03 04:00:00,0.0,0.0,25.74,87.24,2.48
2019-02-03 05:00:00,0.0,0.0,25.3,89.86,1.78
2019-02-03 06:00:00,10.32,9.95,25.39,89.54,2.09
2019-02-03 07:00:00,122.68,123.8,27.4,76.97,3.23
2019-02-03 08:00:00,323.6,326.92,30.04,61.88,3.62
2019-02-03 09:00:00,501.73,502.67,32.36,52.13,2.96
2019-02-03 10:00:00,685.35,687.4,34.15,45.24,2.18
2019-02-03 11:00:00,784.08,785.3,35.52,39.77,1.49
2019-02-03 12:00:00,870.6,871.4,36.45,35.5,0.89
2019-02-03 13:00:00,811.67,812.28,37.01,32.43,0.4
2019-02-03 14:00:00,675.17,678.38,37.14,30.64,0.5
2019-02-03 15:00:00,474.0,477.9,36.89,29.94,0.96
2019-02-03 16:00:00,247.15,249.77,36.12,30.69,1.33
2019-02-03 17:00:00,66.4,66.88,34.35,39.13,1.01
2019-02-03 18:00:00,0.0,0.0,32.29,49.38,1.05
2019-02-03 19:00:00,0.0,0.0,31.39,49.42,1.47
2019-02-03 20:00:00,0.0,0.0,30.38,52.39,1.83
2019-02-03 21:00:00,0.0,0.0,29.36,57.21,2.02
2019-02-03 22:00:00,0.0,0.0,28.43,62.43,2.03
2019-02-03 23:00:00,0.0,0.0,27.65,67.13,1.93
2019-02-04 00:00:00,0.0,0.0,26.95,71.43,1.73
2019-02-04 01:00:00,0.0,0.0,26.32,75.14,1.55
2019-02-04 02:00:00,0.0,0.0,25.77,78.38,1.41
2019-02-04 03:00:00,0.0,0.0,25.26,81.6,1.3
2019-02-04 04:00:00,0.0,0.0,24.83,84.6,1.31
2019-02-04 05:00:00,0.0,0.0,24.66,86.44,1.59
2019-02-04 06:00:00,11.45,11.4,24.81,86.34,1.86
2019-02-04 07:00:00,141.02,144.8,27.05,73.19,2.38
2019-02-04 08:00:00,337.98,353.3,30.31,56.82,2.81
2019-02-04 09:00:00,539.78,562.97,32.98,46.51,2.4
2019-02-04 10:00:00,704.5,732.17,34.95,39.93,1.64
2019-02-04 11:00:00,809.88,828.05,36.28,35.75,0.92
2019-02-04 12:00:00,858.38,866.97,37.23,32.76,0.28
2019-02-04 13:00:00,722.3,808.22,37.6,30.84,0.28
2019-02-04 14:00:00,663.78,680.22,37.58,29.89,0.6
2019-02-04 15:00:00,465.9,491.8,37.14,29.94,0.72
2019-02-04 16:00:00,249.95,269.2,36.14,31.49,0.7
2019-02-04 17:00:00,65.47,66.72,34.74,39.12,0.49
2019-02-04 18:00:00,0.0,0.0,33.4,46.01,0.73
2019-02-04 19:00:00,0.0,0.0,32.21,50.67,1.06
2019-02-04 20:00:00,0.0,0.0,31.2,52.66,1.38
2019-02-04 21:00:00,0.0,0.0,30.25,54.82,1.72
2019-02-04 22:00:00,0.0,0.0,29.4,57.9,1.97
2019-02-04 23:00:00,0.0,0.0,28.65,61.33,2.07
2019-02-05 00:00:00,0.0,0.0,27.95,64.85,2.12
2019-02-05 01:00:00,0.0,0.0,27.31,68.49,2.06
2019-02-05 02:00:00,0.0,0.0,26.83,71.63,1.83
2019-02-05 03:00:00,0.0,0.0,26.6,73.59,1.49
2019-02-05 04:00:00,0.0,0.0,26.39,75.22,0.89
2019-02-05 05:00:00,0.0,0.0,26.18,76.01,0.47
2019-02-05 06:00:00,5.55,11.57,26.39,73.98,0.63
2019-02-05 07:00:00,113.5,147.52,28.8,60.51,1.62
2019-02-05 08:00:00,252.27,360.33,31.85,48.2,2.43
2019-02-05 09:00:00,436.9,573.62,34.14,41.33,2.16
2019-02-05 10:00:00,627.5,743.62,35.61,37.35,1.6
2019-02-05 11:00:00,718.75,837.75,36.79,34.15,1.33
2019-02-05 12:00:00,770.15,863.78,37.54,31.68,1.3
2019-02-05 13:00:00,705.92,810.3,37.87,29.99,1.37
2019-02-05 14:00:00,541.45,676.15,37.69,29.46,1.27
2019-02-05 15:00:00,355.88,490.1,36.79,30.25,1.03
2019-02-05 16:00:00,214.75,268.65,36.05,31.27,0.72
2019-02-05 17:00:00,64.25,67.93,34.71,40.19,0.29
2019-02-05 18:00:00,0.0,0.0,33.63,43.86,0.3
2019-02-05 19:00:00,0.0,0.0,32.87,44.91,0.39
2019-02-05 20:00:00,0.0,0.0,31.66,47.73,0.5
2019-02-05 21:00:00,0.0,0.0,30.58,48.35,0.56
2019-02-05 22:00:00,0.0,0.0,29.76,50.87,0.53
2019-02-05 23:00:00,0.0,0.0,29.12,52.88,0.42
2019-02-06 00:00:00,0.0,0.0,28.38,54.11,0.34
2019-02-06 01:00:00,0.0,0.0,27.25,56.38,0.55
2019-02-06 02:00:00,0.0,0.0,25.81,57.85,0.86
2019-02-06 03:00:00,0.0,0.0,24.68,55.96,1.18
2019-02-06 04:00:00,0.0,0.0,23.53,54.17,1.53
2019-02-06 05:00:00,0.0,0.0,22.36,53.1,1.91
2019-02-06 06:00:00,11.7,11.68,21.92,50.91,3.06
2019-02-06 07:00:00,154.02,154.85,23.49,44.46,3.9
2019-02-06 08:00:00,348.73,350.42,27.47,32.99,4.23
2019-02-06 09:00:00,582.33,583.2,32.08,21.17,5.14
2019-02-06 10:00:00,758.25,759.72,34.83,17.2,4.91
2019-02-06 11:00:00,861.1,863.92,36.68,15.14,4.58
2019-02-06 12:00:00,907.5,909.0,38.09,13.72,4.25
2019-02-06 13:00:00,847.53,855.7,38.82,13.01,3.79
2019-02-06 14:00:00,716.95,719.55,38.93,12.86,3.43
2019-02-06 15:00:00,518.45,518.9,38.47,13.01,3.28
2019-02-06 16:00:00,286.9,287.17,37.33,13.77,3.17
2019-02-06 17:00:00,76.5,76.57,33.21,23.68,1.73
2019-02-06 18:00:00,0.0,0.0,30.19,27.2,2.1
2019-02-06 19:00:00,0.0,0.0,29.1,27.3,2.53
2019-02-06 20:00:00,0.0,0.0,27.89,28.85,2.45
2019-02-06 21:00:00,0.0,0.0,26.72,31.22,2.14
2019-02-06 22:00:00,0.0,0.0,25.69,33.95,1.85
2019-02-06 23:00:00,0.0,0.0,24.81,36.52,1.74
2019-02-07 00:00:00,0.0,0.0,23.93,39.07,1.79
2019-02-07 01:00:00,0.0,0.0,23.04,41.54,2.0
2019-02-07 02:00:00,0.0,0.0,22.2,43.88,2.27
2019-02-07 03:00:00,0.0,0.0,21.39,46.48,2.44
2019-02-07 04:00:00,0.0,0.0,20.67,48.84,2.58
2019-02-07 05:00:00,0.0,0.0,20.02,51.21,2.71
2019-02-07 06:00:00,12.12,12.1,19.97,51.27,3.33
2019-02-07 07:00:00,164.62,165.0,22.06,44.58,3.78
2019-02-07 08:00:00,361.05,361.9,26.31,31.0,4.35
2019-02-07 09:00:00,585.72,586.62,31.06,17.92,5.87
2019-02-07 10:00:00,760.6,762.53,34.33,12.85,5.86
2019-02-07 11:00:00,860.92,871.35,36.31,11.2,5.18
2019-02-07 12:00:00,802.22,860.78,37.53,10.51,4.61
2019-02-07 13:00:00,794.78,796.08,38.13,10.43,4.21
2019-02-07 14:00:00,652.28,652.65,38.15,10.78,3.95
2019-02-07 15:00:00,458.25,459.02,37.58,11.41,3.86
2019-02-07 16:00:00,269.2,269.62,36.27,12.65,3.69
2019-02-07 17:00:00,65.5,65.55,32.14,21.26,2.0
2019-02-07 18:00:00,0.0,0.0,29.06,25.46,2.09
2019-02-07 19:00:00,0.0,0.0,27.96,26.07,2.28
2019-02-07 20:00:00,0.0,0.0,27.01,27.05,2.26
2019-02-07 21:00:00,0.0,0.0,26.21,28.18,2.16
2019-02-07 22:00:00,0.0,0.0,25.51,29.51,2.07
2019-02-07 23:00:00,0.0,0.0,24.78,31.21,2.04
2019-02-08 00:00:00,0.0,0.0,23.91,33.56,2.11
2019-02-08 01:00:00,0.0,0.0,22.88,36.71,2.22
2019-02-08 02:00:00,0.0,0.0,21.87,40.22,2.36
2019-02-08 03:00:00,0.0,0.0,20.91,44.01,2.36
2019-02-08 04:00:00,0.0,0.0,20.03,47.36,2.25
2019-02-08 05:00:00,0.0,0.0,19.3,50.09,2.16
2019-02-08 06:00:00,10.62,10.6,19.39,49.77,2.75
2019-02-08 07:00:00,127.6,128.62,21.64,42.75,3.4
2019-02-08 08:00:00,320.88,326.55,25.94,28.81,3.96
2019-02-08 09:00:00,509.4,511.85,30.8,17.19,5.5
2019-02-08 10:00:00,659.55,702.5,34.35,12.9,5.42
2019-02-08 11:00:00,786.72,804.65,36.4,11.41,4.68
2019-02-08 12:00:00,842.28,843.0,37.62,10.56,4.1
2019-02-08 13:00:00,783.05,783.33,38.26,10.15,3.67
2019-02-08 14:00:00,641.62,642.2,38.32,9.96,3.49
2019-02-08 15:00:00,449.52,450.62,37.83,10.01,3.58
2019-02-08 16:00:00,255.23,256.5,36.57,10.8,3.57
2019-02-08 17:00:00,61.0,61.42,32.22,18.97,1.97
2019-02-08 18:00:00,0.0,0.0,28.94,22.94,2.14
2019-02-08 19:00:00,0.0,0.0,27.69,24.22,2.32
2019-02-08 20:00:00,0.0,0.0,26.51,26.03,2.26
2019-02-08 21:00:00,0.0,0.0,25.42,27.92,2.11
2019-02-08 22:00:00,0.0,0.0,24.44,29.71,2.0
2019-02-08 23:00:00,0.0,0.0,23.52,31.62,1.99
2019-02-09 00:00:00,0.0,0.0,22.6,33.76,2.16
2019-02-09 01:00:00,0.0,0.0,21.69,36.1,2.54
2019-02-09 02:00:00,0.0,0.0,20.72,38.5,2.99
2019-02-09 03:00:00,0.0,0.0,19.69,40.76,3.26
2019-02-09 04:00:00,0.0,0.0,18.75,42.42,3.33
2019-02-09 05:00:00,0.0,0.0,18.0,43.24,3.3
2019-02-09 06:00:00,10.45,10.5,17.79,42.52,3.54
2019-02-09 07:00:00,139.0,140.2,19.69,36.61,3.67
2019-02-09 08:00:00,313.38,315.75,23.92,26.37,3.55
2019-02-09 09:00:00,521.38,524.28,29.26,13.94,5.24
2019-02-09 10:00:00,704.6,707.05,33.57,8.34,5.84
2019-02-09 11:00:00,801.67,803.45,35.86,7.31,5.18
2019-02-09 12:00:00,902.58,903.75,37.23,7.1,4.64
2019-02-09 13:00:00,842.58,843.1,37.9,7.18,4.36
2019-02-09 14:00:00,695.3,707.17,37.93,7.43,4.24
2019-02-09 15:00:00,503.75,507.33,37.34,7.94,4.21
2019-02-09 16:00:00,271.62,273.45,36.03,9.0,4.03
2019-02-09 17:00:00,69.05,69.2,31.78,16.07,2.28
2019-02-09 18:00:00,0.0,0.0,28.66,19.59,2.49
2019-02-09 19:00:00,0.0,0.0,27.75,20.08,2.95
2019-02-09 20:00:00,0.0,0.0,26.97,21.12,3.13
2019-02-09 21:00:00,0.0,0.0,26.08,22.87,3.15
2019-02-09 22:00:00,0.0,0.0,24.97,25.43,3.22
2019-02-09 23:00:00,0.0,0.0,23.85,28.32,3.29
2019-02-10 00:00:00,0.0,0.0,22.63,31.57,3.3
2019-02-10 01:00:00,0.0,0.0,21.36,34.85,3.28
2019-02-10 02:00:00,0.0,0.0,20.21,37.8,3.09
2019-02-10 03:00:00,0.0,0.0,19.27,39.79,2.87
2019-02-10 04:00:00,0.0,0.0,18.64,40.01,3.03
2019-02-10 05:00:00,0.0,0.0,18.13,39.96,3.22
2019-02-10 06:00:00,12.32,12.38,18.13,38.91,3.77
2019-02-10 07:00:00,166.1,167.75,20.3,33.21,4.19
2019-02-10 08:00:00,363.6,367.52,24.85,22.02,5.12
2019-02-10 09:00:00,591.7,597.55,29.47,13.4,6.83
2019-02-10 10:00:00,768.15,771.92,33.19,9.78,6.9
2019-02-10 11:00:00,870.38,870.58,35.6,8.82,6.15
2019-02-10 12:00:00,891.9,892.42,37.15,8.57,5.37
2019-02-10 13:00:00,826.88,827.12,37.95,8.48,4.87
2019-02-10 14:00:00,676.1,677.0,38.0,8.69,4.7
2019-02-10 15:00:00,473.98,475.0,37.42,9.23,4.64
2019-02-10 16:00:00,277.67,278.6,36.05,10.45,4.38
2019-02-10 17:00:00,73.07,73.35,31.9,17.02,2.43
2019-02-10 18:00:00,0.0,0.0,28.56,21.67,2.33
2019-02-10 19:00:00,0.0,0.0,27.44,23.1,2.54
2019-02-10 20:00:00,0.0,0.0,26.35,25.43,2.4
2019-02-10 21:00:00,0.0,0.0,25.3,28.46,2.15
2019-02-10 22:00:00,0.0,0.0,24.57,30.86,2.21
2019-02-10 23:00:00,0.0,0.0,23.89,32.63,2.61
2019-02-11 00:00:00,0.0,0.0,22.96,34.39,3.16
2019-02-11 01:00:00,0.0,0.0,21.61,36.83,3.33
2019-02-11 02:00:00,0.0,0.0,20.46,38.46,3.49
2019-02-11 03:00:00,0.0,0.0,19.56,38.86,3.58
2019-02-11 04:00:00,0.0,0.0,18.88,38.45,3.62
2019-02-11 05:00:00,0.0,0.0,18.35,37.6,3.66
2019-02-11 06:00:00,11.38,11.38,18.37,35.26,4.05
2019-02-11 07:00:00,161.07,161.12,20.48,28.96,4.49
2019-02-11 08:00:00,384.17,384.3,24.85,19.59,5.58
2019-02-11 09:00:00,536.55,536.67,29.2,13.65,6.8
2019-02-11 10:00:00,709.9,709.97,32.82,10.81,6.71
2019-02-11 11:00:00,815.4,815.42,35.3,9.69,6.07
2019-02-11 12:00:00,887.22,887.67,37.04,9.25,5.45
2019-02-11 13:00:00,825.47,826.3,37.89,9.21,4.98
2019-02-11 14:00:00,678.9,679.58,38.08,9.44,4.69
2019-02-11 15:00:00,474.0,486.55,37.63,9.93,4.55
2019-02-11 16:00:00,261.17,264.15,36.42,10.95,4.32
2019-02-11 17:00:00,70.88,71.18,32.22,17.45,2.37
2019-02-11 18:00:00,0.0,0.0,28.82,21.92,2.36
2019-02-11 19:00:00,0.0,0.0,27.69,23.05,2.64
2019-02-11 20:00:00,0.0,0.0,26.64,24.71,2.66
2019-02-11 21:00:00,0.0,0.0,25.63,26.82,2.54
2019-02-11 22:00:00,0.0,0.0,24.66,29.14,2.5
2019-02-11 23:00:00,0.0,0.0,23.67,31.51,2.62
2019-02-12 00:00:00,0.0,0.0,22.61,33.83,2.92
2019-02-12 01:00:00,0.0,0.0,21.53,35.32,3.26
2019-02-12 02:00:00,0.0,0.0,20.56,35.9,3.36
2019-02-12 03:00:00,0.0,0.0,19.76,35.72,3.32
2019-02-12 04:00:00,0.0,0.0,19.14,35.34,3.29
2019-02-12 05:00:00,0.0,0.0,18.62,35.2,3.3
2019-02-12 06:00:00,11.27,11.65,18.59,34.1,3.82
2019-02-12 07:00:00,130.48,133.98,20.48,29.62,4.31
2019-02-12 08:00:00,338.55,344.92,24.56,21.78,4.88
2019-02-12 09:00:00,523.67,540.3,28.72,15.11,6.35
2019-02-12 10:00:00,689.53,708.78,32.16,11.68,6.65
2019-02-12 11:00:00,798.5,804.8,34.14,10.59,6.12
2019-02-12 12:00:00,716.97,717.5,35.25,10.26,5.7
2019-02-12 13:00:00,603.85,638.78,35.72,10.23,5.47
2019-02-12 14:00:00,510.55,513.1,35.64,10.51,5.3
2019-02-12 15:00:00,339.4,344.15,34.99,11.12,5.1
2019-02-12 16:00:00,183.82,184.4,33.65,12.71,4.26
2019-02-12 17:00:00,47.83,47.5,30.15,19.02,2.33
2019-02-12 18:00:00,0.0,0.0,27.75,23.02,2.13
2019-02-12 19:00:00,0.0,0.0,26.89,24.41,2.13
2019-02-12 20:00:00,0.0,0.0,26.19,25.78,2.13
2019-02-12 21:00:00,0.0,0.0,25.53,27.06,2.22
2019-02-12 22:00:00,0.0,0.0,24.85,28.47,2.4
2019-02-12 23:00:00,0.0,0.0,24.03,30.16,2.69
2019-02-13 00:00:00,0.0,0.0,23.06,31.97,3.03
2019-02-13 01:00:00,0.0,0.0,22.06,33.48,3.26
2019-02-13 02:00:00,0.0,0.0,21.13,34.74,3.3
2019-02-13 03:00:00,0.0,0.0,20.35,35.72,3.33
2019-02-13 04:00:00,0.0,0.0,19.68,36.42,3.38
2019-02-13 05:00:00,0.0,0.0,19.1,36.85,3.43
2019-02-13 06:00:00,10.23,10.25,18.87,36.61,3.63
2019-02-13 07:00:00,133.3,134.05,20.25,32.68,3.83
2019-02-13 08:00:00,305.62,307.33,23.61,24.94,3.84
2019-02-13 09:00:00,490.35,492.38,28.27,15.04,5.58
2019-02-13 10:00:00,661.78,663.47,32.27,10.77,6.48
2019-02-13 11:00:00,736.47,756.12,34.68,9.92,5.94
2019-02-13 12:00:00,689.08,717.85,36.19,9.75,5.31
2019-02-13 13:00:00,647.42,655.83,37.04,9.82,4.88
2019-02-13 14:00:00,509.77,521.17,37.18,10.17,4.56
2019-02-13 15:00:00,315.05,343.08,36.55,10.9,4.27
2019-02-13 16:00:00,172.98,176.52,35.3,12.98,3.28
2019-02-13 17:00:00,46.67,45.67,31.27,21.75,1.67
2019-02-13 18:00:00,0.0,0.0,28.95,24.51,1.89
2019-02-13 19:00:00,0.0,0.0,28.04,25.67,2.15
2019-02-13 20:00:00,0.0,0.0,27.1,27.62,2.26
2019-02-13 21:00:00,0.0,0.0,26.11,30.23,2.17
2019-02-13 22:00:00,0.0,0.0,25.12,33.3,1.99
2019-02-13 23:00:00,0.0,0.0,24.2,36.7,1.82
2019-02-14 00:00:00,0.0,0.0,23.34,40.19,1.65
2019-02-14 01:00:00,0.0,0.0,22.6,43.29,1.58
2019-02-14 02:00:00,0.0,0.0,21.97,45.76,1.73
2019-02-14 03:00:00,0.0,0.0,21.43,47.85,2.0
2019-02-14 04:00:00,0.0,0.0,20.95,49.75,2.29
2019-02-14 05:00:00,0.0,0.0,20.51,51.47,2.43
2019-02-14 06:00:00,11.32,11.35,20.63,51.52,2.87
2019-02-14 07:00:00,125.43,125.93,22.26,46.94,3.5
2019-02-14 08:00:00,316.95,318.85,25.34,38.04,3.24
2019-02-14 09:00:00,530.33,531.75,30.09,26.11,3.88
2019-02-14 10:00:00,701.55,704.8,33.91,19.53,4.0
2019-02-14 11:00:00,803.05,805.88,35.99,16.96,3.46
2019-02-14 12:00:00,756.42,758.25,37.33,15.48,2.91
2019-02-14 13:00:00,689.42,692.28,38.04,14.66,2.47
2019-02-14 14:00:00,559.65,561.75,38.17,14.33,2.26
2019-02-14 15:00:00,385.67,386.98,37.74,14.47,2.36
2019-02-14 16:00:00,199.57,200.12,36.61,15.57,2.5
2019-02-14 17:00:00,53.65,53.7,32.89,24.51,1.46
2019-02-14 18:00:00,0.0,0.0,30.35,26.94,1.89
2019-02-14 19:00:00,0.0,0.0,29.14,27.66,2.46
2019-02-14 20:00:00,0.0,0.0,27.89,29.15,2.72
2019-02-14 21:00:00,0.0,0.0,26.6,31.46,2.58
2019-02-14 22:00:00,0.0,0.0,25.5,33.44,2.5
2019-02-14 23:00:00,0.0,0.0,24.7,35.07,2.74
2019-02-15 00:00:00,0.0,0.0,23.94,37.38,2.98
2019-02-15 01:00:00,0.0,0.0,23.04,40.68,2.82
2019-02-15 02:00:00,0.0,0.0,22.13,44.18,2.48
2019-02-15 03:00:00,0.0,0.0,21.33,46.79,2.46
2019-02-15 04:00:00,0.0,0.0,20.64,47.8,2.83
2019-02-15 05:00:00,0.0,0.0,19.96,47.56,3.22
2019-02-15 06:00:00,12.45,12.52,19.68,46.14,3.62
2019-02-15 07:00:00,162.38,163.35,21.26,40.11,3.97
2019-02-15 08:00:00,344.5,345.85,25.02,25.89,5.26
2019-02-15 09:00:00,566.3,567.4,28.85,15.7,6.4
2019-02-15 10:00:00,748.67,748.67,32.18,11.64,6.13
2019-02-15 11:00:00,803.32,829.34,34.76,10.21,5.27
2019-02-15 12:00:00,863.6,863.6,36.18,9.75,4.66
2019-02-15 13:00:00,799.53,799.53,36.87,9.66,4.4
2019-02-15 14:00:00,659.25,659.4,36.93,9.82,4.31
2019-02-15 15:00:00,461.25,461.5,36.42,10.25,4.26
2019-02-15 16:00:00,275.75,276.0,35.17,11.26,4.0
2019-02-15 17:00:00,68.22,68.25,31.2,18.05,2.11
2019-02-15 18:00:00,0.0,0.0,28.14,22.17,2.03
2019-02-15 19:00:00,0.0,0.0,27.63,22.69,2.12
2019-02-15 20:00:00,0.0,0.0,26.84,24.19,1.97
2019-02-15 21:00:00,0.0,0.0,26.03,26.04,1.84
2019-02-15 22:00:00,0.0,0.0,25.3,27.83,1.78
2019-02-15 23:00:00,0.0,0.0,24.59,29.38,1.9
2019-02-16 00:00:00,0.0,0.0,23.9,30.82,2.25
2019-02-16 01:00:00,0.0,0.0,23.11,32.58,2.72
2019-02-16 02:00:00,0.0,0.0,22.13,35.1,2.95
2019-02-16 03:00:00,0.0,0.0,20.88,38.33,2.79
2019-02-16 04:00:00,0.0,0.0,19.71,41.15,2.68
2019-02-16 05:00:00,0.0,0.0,18.88,42.63,2.87
2019-02-16 06:00:00,12.5,12.45,18.75,41.68,3.59
2019-02-16 07:00:00,134.43,134.95,20.73,35.45,4.18
2019-02-16 08:00:00,349.5,350.8,25.03,24.22,4.97
2019-02-16 09:00:00,550.2,558.17,29.61,15.77,6.13
2019-02-16 10:00:00,734.5,743.72,33.44,12.06,5.45
2019-02-16 11:00:00,831.95,858.72,35.81,10.43,4.15
2019-02-16 12:00:00,914.62,922.9,37.23,9.74,3.24
2019-02-16 13:00:00,851.85,858.42,37.99,9.51,2.74
2019-02-16 14:00:00,708.75,713.4,38.17,9.45,2.59
2019-02-16 15:00:00,492.17,493.95,37.72,9.66,2.62
2019-02-16 16:00:00,303.48,304.58,36.6,10.42,2.59
2019-02-16 17:00:00,74.97,75.12,32.36,19.53,1.35
2019-02-16 18:00:00,0.0,0.0,29.14,22.39,1.6
2019-02-16 19:00:00,0.0,0.0,27.91,23.39,1.75
2019-02-16 20:00:00,0.0,0.0,26.72,25.59,1.66
2019-02-16 21:00:00,0.0,0.0,25.67,28.2,1.48
2019-02-16 22:00:00,0.0,0.0,24.79,30.53,1.36
2019-02-16 23:00:00,0.0,0.0,23.92,32.69,1.32
2019-02-17 00:00:00,0.0,0.0,22.95,35.03,1.35
2019-02-17 01:00:00,0.0,0.0,22.04,37.77,1.4
2019-02-17 02:00:00,0.0,0.0,21.23,41.07,1.35
2019-02-17 03:00:00,0.0,0.0,20.53,44.19,1.27
2019-02-17 04:00:00,0.0,0.0,20.11,46.51,1.26
2019-02-17 05:00:00,0.0,0.0,19.84,48.63,1.24
2019-02-17 06:00:00,13.85,13.85,20.35,48.75,1.42
2019-02-17 07:00:00,146.45,148.4,22.37,43.58,2.44
2019-02-17 08:00:00,347.23,354.4,25.74,36.47,1.93
2019-02-17 09:00:00,561.3,566.35,30.34,27.94,1.85
2019-02-17 10:00:00,731.85,731.85,33.93,21.48,1.92
2019-02-17 11:00:00,808.35,834.66,35.7,18.58,1.47
2019-02-17 12:00:00,842.22,842.22,36.96,16.66,0.95
2019-02-17 13:00:00,777.45,777.45,37.8,15.37,0.9
2019-02-17 14:00:00,634.25,635.33,38.04,14.68,1.28
2019-02-17 15:00:00,442.0,443.45,37.68,14.63,1.6
2019-02-17 16:00:00,262.45,263.7,36.76,15.3,1.75
2019-02-17 17:00:00,65.12,65.45,33.72,25.33,0.95
2019-02-17 18:00:00,0.0,0.0,30.95,28.8,1.15
2019-02-17 19:00:00,0.0,0.0,29.69,29.35,1.42
2019-02-17 20:00:00,0.0,0.0,28.52,30.5,1.71
2019-02-17 21:00:00,0.0,0.0,27.52,32.0,1.89
2019-02-17 22:00:00,0.0,0.0,26.61,33.3,1.94
2019-02-17 23:00:00,0.0,0.0,26.05,33.56,1.98
2019-02-18 00:00:00,0.0,0.0,25.37,33.99,1.98
2019-02-18 01:00:00,0.0,0.0,24.73,35.09,1.94
2019-02-18 02:00:00,0.0,0.0,23.93,37.75,1.78
2019-02-18 03:00:00,0.0,0.0,23.3,40.92,1.63
2019-02-18 04:00:00,0.0,0.0,22.79,44.5,1.53
2019-02-18 05:00:00,0.0,0.0,22.36,48.39,1.47
2019-02-18 06:00:00,11.27,11.27,22.65,50.68,2.03
2019-02-18 07:00:00,130.23,130.48,24.52,48.43,2.87
2019-02-18 08:00:00,289.77,290.58,27.98,42.42,2.78
2019-02-18 09:00:00,467.08,468.38,32.33,32.4,3.17
2019-02-18 10:00:00,630.33,632.12,35.55,24.58,2.65
2019-02-18 11:00:00,736.2,736.7,37.29,21.26,1.97
2019-02-18 12:00:00,830.92,834.0,38.25,19.64,1.42
2019-02-18 13:00:00,772.83,774.42,38.72,18.83,0.91
2019-02-18 14:00:00,624.92,627.03,38.73,18.48,0.65
2019-02-18 15:00:00,424.23,424.75,38.2,18.75,0.57
2019-02-18 16:00:00,221.07,221.8,37.3,19.75,0.3
2019-02-18 17:00:00,58.65,58.65,35.65,27.34,0.3
2019-02-18 18:00:00,0.0,0.0,34.0,28.7,0.56
2019-02-18 19:00:00,0.0,0.0,32.55,33.2,0.81
2019-02-18 20:00:00,0.0,0.0,30.91,38.92,0.96
2019-02-18 21:00:00,0.0,0.0,29.32,45.09,1.07
2019-02-18 22:00:00,0.0,0.0,28.39,50.72,1.19
2019-02-18 23:00:00,0.0,0.0,27.87,56.54,1.32
2019-02-19 00:00:00,0.0,0.0,27.39,62.32,1.39
2019-02-19 01:00:00,0.0,0.0,26.88,67.44,1.31
2019-02-19 02:00:00,0.0,0.0,26.33,72.14,1.08
2019-02-19 03:00:00,0.0,0.0,25.86,76.14,0.86
2019-02-19 04:00:00,0.0,0.0,25.5,79.38,0.71
2019-02-19 05:00:00,0.0,0.0,25.27,81.43,0.6
2019-02-19 06:00:00,10.88,12.3,25.63,80.18,0.67
2019-02-19 07:00:00,98.7,123.22,27.76,69.65,1.43
2019-02-19 08:00:00,214.95,307.05,30.18,58.43,2.67
2019-02-19 09:00:00,383.6,514.3,31.5,52.64,2.68
2019-02-19 10:00:00,622.7,678.55,32.68,48.27,2.01
2019-02-19 11:00:00,779.75,782.2,33.69,44.32,1.43
2019-02-19 12:00:00,845.9,846.12,34.82,39.82,1.17
2019-02-19 13:00:00,775.33,778.3,35.31,36.58,0.87
2019-02-19 14:00:00,636.38,639.0,35.41,34.53,0.53
2019-02-19 15:00:00,437.08,437.5,35.32,33.4,0.45
2019-02-19 16:00:00,227.62,228.57,34.95,33.37,0.88
2019-02-19 17:00:00,67.22,67.6,33.37,40.39,0.74
2019-02-19 18:00:00,0.0,0.0,31.46,45.45,0.97
2019-02-19 19:00:00,0.0,0.0,30.86,46.78,1.3
2019-02-19 20:00:00,0.0,0.0,30.33,49.42,1.53
2019-02-19 21:00:00,0.0,0.0,29.58,53.36,1.68
2019-02-19 22:00:00,0.0,0.0,29.0,57.09,1.68
2019-02-19 23:00:00,0.0,0.0,28.47,60.49,1.56
2019-02-20 00:00:00,0.0,0.0,27.99,63.36,1.47
2019-02-20 01:00:00,0.0,0.0,27.62,65.71,1.82
2019-02-20 02:00:00,0.0,0.0,27.28,67.92,2.39
2019-02-20 03:00:00,0.0,0.0,26.83,70.22,2.5
2019-02-20 04:00:00,0.0,0.0,26.49,71.7,2.44
2019-02-20 05:00:00,0.0,0.0,26.21,72.88,2.24
2019-02-20 06:00:00,10.8,12.43,26.33,72.44,2.55
2019-02-20 07:00:00,108.1,122.5,28.17,63.7,3.12
2019-02-20 08:00:00,256.85,312.05,31.25,50.81,3.78
2019-02-20 09:00:00,399.45,514.03,33.72,42.86,3.61
2019-02-20 10:00:00,495.85,680.1,35.44,38.22,3.18
2019-02-20 11:00:00,557.47,782.22,36.33,35.67,2.9
2019-02-20 12:00:00,603.78,899.15,36.64,34.43,2.83
2019-02-20 13:00:00,745.1,835.65,36.72,33.77,2.85
2019-02-20 14:00:00,527.25,692.0,36.49,33.86,2.84
2019-02-20 15:00:00,352.23,494.52,35.85,35.04,2.76
2019-02-20 16:00:00,189.88,263.75,34.99,37.09,2.5
2019-02-20 17:00:00,57.05,68.3,33.4,43.2,1.62
2019-02-20 18:00:00,0.0,0.0,32.0,47.76,1.62
2019-02-20 19:00:00,0.0,0.0,31.35,50.27,1.86
2019-02-20 20:00:00,0.0,0.0,30.74,52.83,1.87
2019-02-20 21:00:00,0.0,0.0,30.19,54.98,1.82
2019-02-20 22:00:00,0.0,0.0,29.74,56.74,1.77
2019-02-20 23:00:00,0.0,0.0,29.28,58.5,1.73
2019-02-21 00:00:00,0.0,0.0,28.95,59.84,1.92
2019-02-21 01:00:00,0.0,0.0,28.61,61.06,1.89
2019-02-21 02:00:00,0.0,0.0,28.22,62.16,1.47
2019-02-21 03:00:00,0.0,0.0,27.85,62.67,1.11
2019-02-21 04:00:00,0.0,0.0,27.53,62.76,0.98
2019-02-21 05:00:00,0.0,0.0,27.21,62.81,0.82
2019-02-21 06:00:00,12.45,12.93,27.44,61.16,0.94
2019-02-21 07:00:00,121.07,126.03,29.26,52.31,1.73
2019-02-21 08:00:00,268.8,311.12,32.12,41.15,2.74
2019-02-21 09:00:00,474.38,513.1,34.67,33.49,3.4
2019-02-21 10:00:00,665.55,679.92,36.49,28.96,3.44
2019-02-21 11:00:00,752.3,783.92,37.82,25.88,3.24
2019-02-21 12:00:00,857.58,883.0,38.61,23.81,2.96
2019-02-21 13:00:00,797.33,824.8,38.84,22.66,2.72
2019-02-21 14:00:00,666.85,689.35,38.75,21.98,2.5
2019-02-21 15:00:00,462.67,494.52,38.34,21.69,2.23
2019-02-21 16:00:00,250.52,268.92,37.64,21.83,1.93
2019-02-21 17:00:00,73.32,72.78,35.3,31.24,0.83
2019-02-21 18:00:00,0.0,0.0,33.6,33.42,0.85
2019-02-21 19:00:00,0.0,0.0,32.93,33.79,0.86
2019-02-21 20:00:00,0.0,0.0,31.93,36.1,0.91
2019-02-21 21:00:00,0.0,0.0,30.42,40.77,0.97
2019-02-21 22:00:00,0.0,0.0,29.15,46.71,1.16
2019-02-21 23:00:00,0.0,0.0,28.21,54.46,1.55
2019-02-22 00:00:00,0.0,0.0,27.36,63.02,1.9
2019-02-22 01:00:00,0.0,0.0,26.54,70.95,1.86
2019-02-22 02:00:00,0.0,0.0,25.83,77.11,1.68
2019-02-22 03:00:00,0.0,0.0,25.26,81.8,1.46
2019-02-22 04:00:00,0.0,0.0,24.84,85.09,1.22
2019-02-22 05:00:00,0.0,0.0,24.58,87.22,0.96
2019-02-22 06:00:00,15.43,15.38,24.88,86.12,1.06
2019-02-22 07:00:00,161.5,162.1,26.92,72.88,1.05
2019-02-22 08:00:00,358.38,358.83,30.28,54.0,0.9
2019-02-22 09:00:00,573.35,575.6,33.32,42.03,0.51
2019-02-22 10:00:00,699.8,749.92,35.48,35.38,0.32
2019-02-22 11:00:00,815.38,848.28,37.17,30.75,0.69
2019-02-22 12:00:00,778.08,805.12,38.32,27.98,1.13
2019-02-22 13:00:00,721.9,740.47,38.97,26.42,1.49
2019-02-22 14:00:00,595.35,604.67,39.05,25.79,1.79
2019-02-22 15:00:00,412.42,416.33,38.68,25.78,2.03
2019-02-22 16:00:00,216.23,219.55,37.84,26.47,2.24
2019-02-22 17:00:00,57.3,57.65,36.01,32.11,1.34
2019-02-22 18:00:00,0.0,0.0,33.83,38.61,1.13
2019-02-22 19:00:00,0.0,0.0,32.68,41.06,1.43
2019-02-22 20:00:00,0.0,0.0,31.55,45.19,1.81
2019-02-22 21:00:00,0.0,0.0,30.59,50.15,2.29
2019-02-22 22:00:00,0.0,0.0,29.78,55.5,2.54
2019-02-22 23:00:00,0.0,0.0,29.04,60.72,2.59
2019-02-23 00:00:00,0.0,0.0,28.34,65.34,2.37
2019-02-23 01:00:00,0.0,0.0,27.73,69.18,1.95
2019-02-23 02:00:00,0.0,0.0,27.11,72.88,1.36
2019-02-23 03:00:00,0.0,0.0,26.48,76.16,0.83
2019-02-23 04:00:00,0.0,0.0,25.93,76.96,0.73
2019-02-23 05:00:00,0.0,0.0,25.5,73.15,1.07
2019-02-23 06:00:00,15.35,15.35,25.65,62.75,2.11
2019-02-23 07:00:00,153.25,157.82,27.54,45.54,2.81
2019-02-23 08:00:00,361.42,379.85,30.68,29.06,3.11
2019-02-23 09:00:00,581.25,601.53,33.71,19.56,3.39
2019-02-23 10:00:00,761.35,775.78,36.0,14.56,3.5
2019-02-23 11:00:00,874.58,880.97,37.67,11.45,3.31
2019-02-23 12:00:00,879.42,879.45,38.89,9.46,2.98
2019-02-23 13:00:00,822.9,824.17,39.5,8.33,2.59
2019-02-23 14:00:00,687.35,689.83,39.55,7.75,2.26
2019-02-23 15:00:00,490.3,493.62,39.05,7.62,2.03
2019-02-23 16:00:00,267.1,270.05,38.0,8.11,1.86
2019-02-23 17:00:00,74.25,74.47,34.76,18.14,0.89
2019-02-23 18:00:00,0.0,0.0,32.35,21.72,1.05
2019-02-23 19:00:00,0.0,0.0,31.05,25.18,1.1
2019-02-23 20:00:00,0.0,0.0,29.73,31.96,1.15
2019-02-23 21:00:00,0.0,0.0,28.74,40.75,1.33
2019-02-23 22:00:00,0.0,0.0,27.89,50.98,1.51
2019-02-23 23:00:00,0.0,0.0,27.07,61.82,1.59
2019-02-24 00:00:00,0.0,0.0,26.27,71.58,1.42
2019-02-24 01:00:00,0.0,0.0,25.57,78.51,1.11
2019-02-24 02:00:00,0.0,0.0,25.16,82.42,0.8
2019-02-24 03:00:00,0.0,0.0,25.0,83.0,0.26
2019-02-24 04:00:00,0.0,0.0,24.37,82.57,0.39
2019-02-24 05:00:00,0.0,0.0,23.78,77.54,0.86
2019-02-24 06:00:00,17.2,17.52,24.12,64.61,2.18
2019-02-24 07:00:00,170.75,180.62,26.42,51.93,2.31
2019-02-24 08:00:00,391.08,415.45,30.13,44.49,1.36
2019-02-24 09:00:00,618.05,636.42,33.28,37.09,1.03
2019-02-24 10:00:00,812.22,812.22,35.57,29.69,1.25
2019-02-24 11:00:00,825.36,852.61,37.33,23.67,1.48
2019-02-24 12:00:00,840.46,868.21,38.52,19.68,1.54
2019-02-24 13:00:00,869.3,869.3,39.21,17.1,1.6
2019-02-24 14:00:00,724.0,724.17,39.35,15.54,1.76
2019-02-24 15:00:00,524.5,524.75,38.97,14.73,1.93
2019-02-24 16:00:00,289.73,289.95,37.99,14.75,2.01
2019-02-24 17:00:00,81.93,82.0,35.25,21.59,1.13
2019-02-24 18:00:00,0.0,0.0,31.96,25.48,1.19
2019-02-24 19:00:00,0.0,0.0,30.64,24.12,1.39
2019-02-24 20:00:00,0.0,0.0,29.38,23.71,1.49
2019-02-24 21:00:00,0.0,0.0,28.24,24.22,1.49
2019-02-24 22:00:00,0.0,0.0,27.24,25.97,1.39
2019-02-24 23:00:00,0.0,0.0,26.4,28.88,1.26
2019-02-25 00:00:00,0.0,0.0,25.71,32.4,1.15
2019-02-25 01:00:00,0.0,0.0,25.02,37.56,1.08
2019-02-25 02:00:00,0.0,0.0,24.49,43.78,1.05
2019-02-25 03:00:00,0.0,0.0,24.2,49.44,0.93
2019-02-25 04:00:00,0.0,0.0,24.02,53.62,0.71
2019-02-25 05:00:00,0.0,0.0,23.35,56.19,0.7
2019-02-25 06:00:00,17.02,17.05,23.5,52.36,1.25
2019-02-25 07:00:00,173.25,173.7,26.18,43.59,2.11
2019-02-25 08:00:00,392.1,392.7,29.81,39.84,1.57
2019-02-25 09:00:00,613.62,614.1,32.95,33.76,1.62
2019-02-25 10:00:00,787.33,787.55,35.3,27.13,1.84
2019-02-25 11:00:00,893.17,893.17,37.06,21.69,1.85
2019-02-25 12:00:00,842.28,870.09,38.24,18.03,1.82
2019-02-25 13:00:00,792.11,817.49,38.89,15.58,1.89
2019-02-25 14:00:00,740.1,740.1,38.99,13.97,1.95
2019-02-25 15:00:00,536.42,537.6,38.51,13.04,2.06
2019-02-25 16:00:00,298.58,300.02,37.56,12.56,2.2
2019-02-25 17:00:00,84.25,84.82,34.6,18.92,1.2
2019-02-25 18:00:00,0.0,0.0,31.46,22.17,1.26
2019-02-25 19:00:00,0.0,0.0,30.22,21.47,1.36
2019-02-25 20:00:00,0.0,0.0,29.14,21.76,1.38
2019-02-25 21:00:00,0.0,0.0,28.06,22.8,1.35
2019-02-25 22:00:00,0.0,0.0,27.09,24.44,1.3
2019-02-25 23:00:00,0.0,0.0,26.34,26.69,1.23
2019-02-26 00:00:00,0.0,0.0,25.78,30.43,1.13
2019-02-26 01:00:00,0.0,0.0,25.24,36.32,0.99
2019-02-26 02:00:00,0.0,0.0,24.79,43.69,0.86
2019-02-26 03:00:00,0.0,0.0,24.66,49.82,0.67
2019-02-26 04:00:00,0.0,0.0,24.39,52.86,0.32
2019-02-26 05:00:00,0.0,0.0,23.76,54.83,0.19
2019-02-26 06:00:00,16.08,17.38,23.53,52.61,0.83
2019-02-26 07:00:00,158.48,172.5,25.98,40.17,2.4
2019-02-26 08:00:00,373.38,405.1,29.33,28.4,2.94
2019-02-26 09:00:00,597.55,632.08,32.52,20.35,3.22
2019-02-26 10:00:00,789.08,810.72,35.01,15.59,3.46
2019-02-26 11:00:00,856.72,919.67,36.88,12.48,3.57
2019-02-26 12:00:00,865.72,911.25,38.17,10.32,3.63
2019-02-26 13:00:00,810.25,848.92,38.78,8.88,3.69
2019-02-26 14:00:00,684.03,708.15,38.71,7.99,3.78
2019-02-26 15:00:00,430.58,506.27,38.07,7.53,3.81
2019-02-26 16:00:00,236.23,273.08,36.87,7.56,3.63
2019-02-26 17:00:00,71.6,73.45,33.42,12.75,1.96
2019-02-26 18:00:00,0.0,0.0,29.94,16.7,1.68
2019-02-26 19:00:00,0.0,0.0,28.85,16.92,1.75
2019-02-26 20:00:00,0.0,0.0,27.92,17.7,1.7
2019-02-26 21:00:00,0.0,0.0,27.12,18.91,1.61
2019-02-26 22:00:00,0.0,0.0,26.43,20.01,1.56
2019-02-26 23:00:00,0.0,0.0,25.69,21.14,1.53
2019-02-27 00:00:00,0.0,0.0,24.8,22.22,1.57
2019-02-27 01:00:00,0.0,0.0,23.77,23.64,1.67
2019-02-27 02:00:00,0.0,0.0,22.59,25.85,1.73
2019-02-27 03:00:00,0.0,0.0,21.38,29.15,1.66
2019-02-27 04:00:00,0.0,0.0,20.32,33.13,1.44
2019-02-27 05:00:00,0.0,0.0,19.51,36.19,1.23
2019-02-27 06:00:00,15.35,16.83,20.0,34.25,1.54
2019-02-27 07:00:00,155.45,162.43,22.63,25.87,2.47
2019-02-27 08:00:00,364.08,381.6,26.75,17.74,2.74
2019-02-27 09:00:00,587.05,587.45,31.0,11.96,3.11
2019-02-27 10:00:00,765.38,765.88,34.14,9.04,3.2
2019-02-27 11:00:00,871.55,872.17,36.12,7.77,3.16
2019-02-27 12:00:00,895.1,896.42,37.51,7.0,3.21
2019-02-27 13:00:00,830.62,832.15,38.04,6.63,3.32
2019-02-27 14:00:00,691.58,693.35,37.97,6.48,3.4
2019-02-27 15:00:00,483.3,484.45,37.37,6.57,3.41
2019-02-27 16:00:00,258.35,267.0,36.32,6.93,3.18
2019-02-27 17:00:00,70.95,72.25,33.09,13.43,1.5
2019-02-27 18:00:00,0.0,0.0,30.14,17.71,1.33
2019-02-27 19:00:00,0.0,0.0,29.51,18.37,1.3
2019-02-27 20:00:00,0.0,0.0,28.94,19.32,1.26
2019-02-27 21:00:00,0.0,0.0,28.15,20.32,1.23
2019-02-27 22:00:00,0.0,0.0,27.11,21.19,1.26
2019-02-27 23:00:00,0.0,0.0,25.91,22.03,1.34
2019-02-28 00:00:00,0.0,0.0,24.88,22.9,1.41
2019-02-28 01:00:00,0.0,0.0,23.8,24.04,1.48
2019-02-28 02:00:00,0.0,0.0,22.75,25.26,1.61
2019-02-28 03:00:00,0.0,0.0,21.47,27.44,1.57
2019-02-28 04:00:00,0.0,0.0,20.27,30.23,1.4
2019-02-28 05:00:00,0.0,0.0,19.29,32.93,1.21
2019-02-28 06:00:00,19.1,18.05,19.55,31.88,1.72
2019-02-28 07:00:00,165.25,170.88,21.87,25.41,2.2
2019-02-28 08:00:00,373.25,395.15,25.99,15.25,2.92
2019-02-28 09:00:00,596.17,617.35,30.46,8.58,3.72
2019-02-28 10:00:00,778.0,791.38,33.77,6.57,3.46
2019-02-28 11:00:00,892.9,895.8,35.73,6.13,2.87
2019-02-28 12:00:00,943.22,947.3,37.11,5.93,2.26
2019-02-28 13:00:00,878.08,883.33,37.78,5.86,1.73
2019-02-28 14:00:00,736.15,736.83,37.79,5.92,1.32
2019-02-28 15:00:00,522.95,532.17,37.4,6.12,1.3
2019-02-28 16:00:00,283.25,292.62,36.54,6.54,1.47
2019-02-28 17:00:00,79.78,81.25,33.78,14.44,0.83
2019-02-28 18:00:00,0.0,0.0,31.14,17.44,1.04
2019-02-28 19:00:00,0.0,0.0,29.8,18.58,1.14
2019-02-28 20:00:00,0.0,0.0,28.64,19.72,1.19
2019-02-28 21:00:00,0.0,0.0,27.64,20.78,1.23
2019-02-28 22:00:00,0.0,0.0,26.51,22.12,1.33
2019-02-28 23:00:00,0.0,0.0,25.12,23.62,1.45
2019-03-01 00:00:00,0.0,0.0,23.71,25.09,1.51
2019-03-01 01:00:00,0.0,0.0,22.59,26.15,1.46
2019-03-01 02:00:00,0.0,0.0,21.8,26.77,1.39
2019-03-01 03:00:00,0.0,0.0,20.96,27.61,1.35
2019-03-01 04:00:00,0.0,0.0,20.06,28.79,1.35
2019-03-01 05:00:00,0.0,0.0,19.46,29.34,1.39
2019-03-01 06:00:00,18.85,18.73,20.01,26.81,2.14
2019-03-01 07:00:00,159.65,171.93,22.29,21.43,3.1
2019-03-01 08:00:00,324.5,389.25,26.39,13.98,3.61
2019-03-01 09:00:00,509.9,604.58,30.65,9.29,3.91
2019-03-01 10:00:00,709.33,772.33,33.17,8.49,3.63
2019-03-01 11:00:00,782.28,870.5,34.82,8.65,3.3
2019-03-01 12:00:00,809.78,956.2,36.0,9.01,3.01
2019-03-01 13:00:00,744.8,891.0,36.54,9.39,2.79
2019-03-01 14:00:00,549.72,736.85,36.41,9.97,2.67
2019-03-01 15:00:00,399.9,528.9,35.71,10.9,2.68
2019-03-01 16:00:00,217.38,288.02,34.68,12.34,2.66
2019-03-01 17:00:00,71.6,79.35,31.97,19.48,1.51
2019-03-01 18:00:00,0.0,0.0,29.83,23.01,1.65
2019-03-01 19:00:00,0.0,0.0,29.16,24.29,2.05
2019-03-01 20:00:00,0.0,0.0,28.57,25.96,2.43
2019-03-01 21:00:00,0.0,0.0,27.84,27.31,2.64
2019-03-01 22:00:00,0.0,0.0,27.13,27.85,2.75
2019-03-01 23:00:00,0.0,0.0,26.37,26.53,2.76
2019-03-02 00:00:00,0.0,0.0,25.51,24.54,2.77
2019-03-02 01:00:00,0.0,0.0,24.52,23.18,2.89
2019-03-02 02:00:00,0.0,0.0,23.56,22.25,3.02
2019-03-02 03:00:00,0.0,0.0,22.66,21.99,3.03
2019-03-02 04:00:00,0.0,0.0,21.71,22.82,2.85
2019-03-02 05:00:00,0.0,0.0,20.91,24.11,2.72
2019-03-02 06:00:00,19.77,19.2,20.9,24.14,3.1
2019-03-02 07:00:00,175.2,176.77,22.92,21.07,3.5
2019-03-02 08:00:00,397.42,399.52,27.06,14.46,4.09
2019-03-02 09:00:00,622.92,634.47,32.08,8.1,5.35
2019-03-02 10:00:00,803.9,814.62,35.03,7.34,4.64
2019-03-02 11:00:00,917.35,920.3,36.84,8.05,3.77
2019-03-02 12:00:00,980.65,996.8,37.99,8.42,3.08
2019-03-02 13:00:00,913.83,933.38,38.47,8.64,2.62
2019-03-02 14:00:00,744.88,789.4,38.33,8.93,2.37
2019-03-02 15:00:00,545.6,579.83,37.63,9.42,2.31
2019-03-02 16:00:00,294.83,329.3,36.75,9.96,2.33
2019-03-02 17:00:00,82.2,94.28,33.98,16.68,1.14
2019-03-02 18:00:00,0.0,0.0,31.39,20.72,1.07
2019-03-02 19:00:00,0.0,0.0,30.64,21.96,1.0
2019-03-02 20:00:00,0.0,0.0,29.95,24.29,0.91
2019-03-02 21:00:00,0.0,0.0,29.46,26.45,0.88
2019-03-02 22:00:00,0.0,0.0,28.84,29.14,0.83
2019-03-02 23:00:00,0.0,0.0,27.89,33.23,0.81
2019-03-03 00:00:00,0.0,0.0,27.02,37.61,0.74
2019-03-03 01:00:00,0.0,0.0,26.28,41.06,0.52
2019-03-03 02:00:00,0.0,0.0,25.3,43.21,0.5
2019-03-03 03:00:00,0.0,0.0,23.85,44.35,0.8
2019-03-03 04:00:00,0.0,0.0,22.55,43.65,0.9
2019-03-03 05:00:00,0.0,0.0,21.64,41.16,0.97
2019-03-03 06:00:00,22.65,22.77,21.98,34.93,1.61
2019-03-03 07:00:00,215.45,216.62,24.27,25.46,2.58
2019-03-03 08:00:00,449.6,450.85,28.18,15.92,2.74
2019-03-03 09:00:00,686.33,688.25,32.74,9.44,3.33
2019-03-03 10:00:00,871.78,872.0,35.73,7.28,3.65
2019-03-03 11:00:00,976.67,976.8,37.54,6.56,3.46
2019-03-03 12:00:00,992.28,992.58,38.75,6.39,3.12
2019-03-03 13:00:00,930.45,930.8,39.4,6.61,2.85
2019-03-03 14:00:00,779.92,786.97,39.51,7.03,2.71
2019-03-03 15:00:00,560.45,577.42,39.05,7.6,2.57
2019-03-03 16:00:00,308.67,326.45,38.03,8.34,2.5
2019-03-03 17:00:00,85.07,92.95,34.81,15.05,1.25
2019-03-03 18:00:00,0.0,0.0,31.63,18.75,1.26
2019-03-03 19:00:00,0.0,0.0,30.94,18.66,1.36
2019-03-03 20:00:00,0.0,0.0,30.23,19.01,1.41
2019-03-03 21:00:00,0.0,0.0,29.41,19.81,1.41
2019-03-03 22:00:00,0.0,0.0,28.62,20.9,1.38
2019-03-03 23:00:00,0.0,0.0,27.87,22.12,1.35
2019-03-04 00:00:00,0.0,0.0,27.09,23.36,1.33
2019-03-04 01:00:00,0.0,0.0,26.21,24.73,1.35
2019-03-04 02:00:00,0.0,0.0,25.18,26.39,1.4
2019-03-04 03:00:00,0.0,0.0,24.1,28.2,1.45
2019-03-04 04:00:00,0.0,0.0,22.85,30.65,1.35
2019-03-04 05:00:00,0.0,0.0,21.74,33.24,1.14
2019-03-04 06:00:00,22.9,23.35,21.95,32.72,1.35
2019-03-04 07:00:00,196.82,204.8,24.01,26.78,1.41
2019-03-04 08:00:00,442.38,456.55,28.01,17.53,1.78
2019-03-04 09:00:00,670.67,688.12,32.61,10.18,3.01
2019-03-04 10:00:00,847.8,863.9,35.74,7.59,3.11
2019-03-04 11:00:00,956.25,966.1,37.45,6.88,2.65
2019-03-04 12:00:00,897.15,958.92,38.61,6.6,2.21
2019-03-04 13:00:00,784.08,895.9,39.29,6.49,1.86
2019-03-04 14:00:00,613.85,750.4,39.48,6.53,1.59
2019-03-04 15:00:00,409.25,540.67,39.06,6.81,1.4
2019-03-04 16:00:00,204.4,295.6,38.14,7.37,1.28
2019-03-04 17:00:00,56.65,81.6,35.67,14.27,0.64
2019-03-04 18:00:00,0.0,0.0,33.84,15.65,0.61
2019-03-04 19:00:00,0.0,0.0,33.22,16.56,0.59
2019-03-04 20:00:00,0.0,0.0,31.85,19.92,0.92
2019-03-04 21:00:00,0.0,0.0,29.66,26.57,1.16
2019-03-04 22:00:00,0.0,0.0,28.21,34.4,1.22
2019-03-04 23:00:00,0.0,0.0,27.52,42.58,1.46
2019-03-05 00:00:00,0.0,0.0,26.95,51.79,1.71
2019-03-05 01:00:00,0.0,0.0,26.39,60.48,1.72
2019-03-05 02:00:00,0.0,0.0,25.78,67.45,1.51
2019-03-05 03:00:00,0.0,0.0,25.15,72.95,1.35
2019-03-05 04:00:00,0.0,0.0,24.63,77.34,1.34
2019-03-05 05:00:00,0.0,0.0,24.31,80.02,1.32
2019-03-05 06:00:00,17.15,19.27,24.72,78.44,1.82
2019-03-05 07:00:00,155.5,166.02,26.81,68.01,2.63
2019-03-05 08:00:00,354.17,381.6,29.87,54.42,3.03
2019-03-05 09:00:00,579.15,599.45,32.84,42.91,2.54
2019-03-05 10:00:00,771.33,771.35,35.6,32.84,2.16
2019-03-05 11:00:00,873.4,873.5,37.67,25.33,2.34
2019-03-05 12:00:00,945.5,945.67,39.05,20.55,2.73
2019-03-05 13:00:00,877.1,882.97,39.76,17.66,3.08
2019-03-05 14:00:00,743.8,744.28,39.78,15.93,3.35
2019-03-05 15:00:00,535.97,537.97,39.24,14.97,3.45
2019-03-05 16:00:00,289.05,305.5,38.24,14.55,3.44
2019-03-05 17:00:00,83.9,86.38,35.61,17.81,1.99
2019-03-05 18:00:00,0.0,0.0,32.3,21.86,1.59
2019-03-05 19:00:00,0.0,0.0,31.09,22.39,1.6
2019-03-05 20:00:00,0.0,0.0,30.01,23.65,1.47
2019-03-05 21:00:00,0.0,0.0,29.19,25.19,1.32
2019-03-05 22:00:00,0.0,0.0,28.86,26.39,1.22
2019-03-05 23:00:00,0.0,0.0,28.47,28.9,1.1
2019-03-06 00:00:00,0.0,0.0,27.67,33.41,1.06
2019-03-06 01:00:00,0.0,0.0,26.74,39.17,1.03
2019-03-06 02:00:00,0.0,0.0,26.1,43.88,0.93
2019-03-06 03:00:00,0.0,0.0,25.41,47.07,0.83
2019-03-06 04:00:00,0.0,0.0,24.36,48.43,0.9
2019-03-06 05:00:00,0.0,0.0,23.38,47.01,0.97
2019-03-06 06:00:00,21.23,22.42,23.56,42.14,1.02
2019-03-06 07:00:00,175.82,188.4,26.27,30.12,1.92
2019-03-06 08:00:00,420.58,423.62,30.43,20.38,1.64
2019-03-06 09:00:00,633.78,643.8,35.0,13.11,2.1
2019-03-06 10:00:00,808.45,809.1,37.7,10.84,2.22
2019-03-06 11:00:00,890.5,915.92,39.47,9.97,2.09
2019-03-06 12:00:00,919.1,919.75,40.61,9.71,2.04
2019-03-06 13:00:00,842.33,853.88,41.12,9.96,2.11
2019-03-06 14:00:00,681.53,717.88,40.82,10.81,2.27
2019-03-06 15:00:00,454.33,509.15,39.9,12.23,2.46
2019-03-06 16:00:00,248.8,276.4,38.76,14.15,2.54
2019-03-06 17:00:00,73.72,76.28,36.34,20.83,1.41
2019-03-06 18:00:00,0.0,0.0,34.18,26.77,1.77
2019-03-06 19:00:00,0.0,0.0,33.4,32.06,3.03
2019-03-06 20:00:00,0.0,0.0,32.36,42.0,4.32
2019-03-06 21:00:00,0.0,0.0,30.99,53.81,4.63
2019-03-06 22:00:00,0.0,0.0,29.9,62.7,4.47
2019-03-06 23:00:00,0.0,0.0,29.16,67.61,4.19
2019-03-07 00:00:00,0.0,0.0,28.58,70.38,3.75
2019-03-07 01:00:00,0.0,0.0,28.09,72.41,3.34
2019-03-07 02:00:00,0.0,0.0,27.61,74.59,2.87
2019-03-07 03:00:00,0.0,0.0,27.16,76.97,2.48
2019-03-07 04:00:00,0.0,0.0,26.69,79.93,2.03
2019-03-07 05:00:00,0.0,0.0,26.26,82.8,1.56
2019-03-07 06:00:00,22.83,21.85,26.59,81.9,2.1
2019-03-07 07:00:00,168.02,176.73,28.29,73.15,3.39
2019-03-07 08:00:00,385.17,403.48,30.33,62.02,3.68
2019-03-07 09:00:00,613.97,619.88,32.39,51.68,3.44
2019-03-07 10:00:00,773.1,787.65,33.85,45.08,3.26
2019-03-07 11:00:00,883.62,883.9,34.72,41.17,3.2
2019-03-07 12:00:00,855.67,863.17,34.91,39.36,3.25
2019-03-07 13:00:00,766.9,798.9,34.74,39.03,3.32
2019-03-07 14:00:00,632.9,658.4,34.49,39.27,3.32
2019-03-07 15:00:00,437.67,462.2,34.22,39.53,3.24
2019-03-07 16:00:00,228.65,250.3,33.79,40.2,3.15
2019-03-07 17:00:00,51.62,66.75,32.72,43.33,2.79
2019-03-07 18:00:00,0.0,0.0,30.98,49.86,2.32
2019-03-07 19:00:00,0.0,0.0,30.27,53.23,3.11
2019-03-07 20:00:00,0.0,0.0,29.48,57.36,3.28
2019-03-07 21:00:00,0.0,0.0,28.71,61.61,3.01
2019-03-07 22:00:00,0.0,0.0,28.04,65.42,2.61
2019-03-07 23:00:00,0.0,0.0,27.5,68.6,2.37
2019-03-08 00:00:00,0.0,0.0,26.98,71.59,2.25
2019-03-08 01:00:00,0.0,0.0,26.42,74.84,2.05
2019-03-08 02:00:00,0.0,0.0,25.93,77.99,1.9
2019-03-08 03:00:00,0.0,0.0,25.53,80.67,1.83
2019-03-08 04:00:00,0.0,0.0,25.31,82.41,1.91
2019-03-08 05:00:00,0.0,0.0,25.06,83.98,1.74
2019-03-08 06:00:00,20.95,20.48,25.44,82.19,2.26
2019-03-08 07:00:00,164.85,166.57,28.04,66.9,3.44
2019-03-08 08:00:00,370.05,371.67,30.94,53.13,4.0
2019-03-08 09:00:00,584.12,588.7,33.31,44.45,3.76
2019-03-08 10:00:00,738.78,755.85,35.13,38.44,3.37
2019-03-08 11:00:00,851.5,852.12,36.47,34.19,3.08
2019-03-08 12:00:00,921.53,922.22,37.45,31.03,2.99
2019-03-08 13:00:00,835.17,856.45,37.85,29.22,3.02
2019-03-08 14:00:00,705.8,709.03,37.7,28.62,3.13
2019-03-08 15:00:00,492.6,495.85,37.2,29.09,3.27
2019-03-08 16:00:00,248.02,276.95,36.26,30.65,3.4
2019-03-08 17:00:00,66.47,75.9,34.43,35.82,2.92
2019-03-08 18:00:00,0.0,0.0,32.15,43.93,2.8
2019-03-08 19:00:00,0.0,0.0,31.28,47.66,3.45
2019-03-08 20:00:00,0.0,0.0,30.43,52.47,3.51
2019-03-08 21:00:00,0.0,0.0,29.6,58.04,3.57
2019-03-08 22:00:00,0.0,0.0,28.83,63.97,3.77
2019-03-08 23:00:00,0.0,0.0,28.24,68.96,3.98
2019-03-09 00:00:00,0.0,0.0,27.8,72.64,4.1
2019-03-09 01:00:00,0.0,0.0,27.31,75.79,4.1
2019-03-09 02:00:00,0.0,0.0,26.91,77.85,4.03
2019-03-09 03:00:00,0.0,0.0,26.54,79.34,3.91
2019-03-09 04:00:00,0.0,0.0,26.23,80.51,3.83
2019-03-09 05:00:00,0.0,0.0,25.96,81.58,3.62
2019-03-09 06:00:00,12.95,22.17,26.09,80.73,3.71
2019-03-09 07:00:00,86.5,179.4,28.11,67.99,4.95
2019-03-09 08:00:00,152.6,405.05,30.55,55.83,5.26
2019-03-09 09:00:00,270.9,618.9,32.38,49.27,4.86
2019-03-09 10:00:00,308.58,782.25,33.47,46.42,4.45
2019-03-09 11:00:00,520.0,868.22,33.76,45.88,4.03
2019-03-09 12:00:00,544.6,961.72,33.9,45.55,3.65
2019-03-09 13:00:00,318.35,892.88,34.1,44.74,3.33
2019-03-09 14:00:00,308.8,748.9,34.03,44.27,3.02
2019-03-09 15:00:00,142.2,543.97,33.4,45.15,2.78
2019-03-09 16:00:00,124.85,304.45,32.51,48.33,2.4
2019-03-09 17:00:00,38.8,84.8,30.74,61.53,1.5
2019-03-09 18:00:00,0.0,0.0,28.97,73.03,1.17
2019-03-09 19:00:00,0.0,0.0,28.35,73.25,1.24
2019-03-09 20:00:00,0.0,0.0,27.82,73.76,1.25
2019-03-09 21:00:00,0.0,0.0,27.31,74.26,1.28
2019-03-09 22:00:00,0.0,0.0,26.86,74.39,1.36
2019-03-09 23:00:00,0.0,0.0,26.37,74.95,1.46
2019-03-10 00:00:00,0.0,0.0,25.86,75.79,1.57
2019-03-10 01:00:00,0.0,0.0,25.36,76.9,1.68
2019-03-10 02:00:00,0.0,0.0,24.87,78.46,1.77
2019-03-10 03:00:00,0.0,0.0,24.4,80.28,1.79
2019-03-10 04:00:00,0.0,0.0,23.95,82.38,1.63
2019-03-10 05:00:00,0.0,0.0,23.53,84.85,1.37
2019-03-10 06:00:00,24.45,24.3,23.94,83.33,1.95
2019-03-10 07:00:00,188.77,192.02,25.98,74.78,2.14
2019-03-10 08:00:00,397.23,399.65,30.73,50.75,2.58
2019-03-10 09:00:00,619.83,629.1,33.4,41.42,2.03
2019-03-10 10:00:00,781.62,793.62,34.93,36.83,1.49
2019-03-10 11:00:00,880.72,888.67,35.91,33.93,1.05
2019-03-10 12:00:00,898.9,936.8,36.54,32.14,0.6
2019-03-10 13:00:00,703.92,869.97,36.81,31.24,0.41
2019-03-10 14:00:00,573.9,724.85,36.69,31.37,0.84
2019-03-10 15:00:00,456.75,521.4,36.2,32.4,1.37
2019-03-10 16:00:00,235.57,284.9,35.23,35.1,1.91
2019-03-10 17:00:00,71.8,79.5,32.89,48.47,1.73
2019-03-10 18:00:00,0.0,0.0,30.48,59.02,2.16
2019-03-10 19:00:00,0.0,0.0,29.65,60.56,2.92
2019-03-10 20:00:00,0.0,0.0,28.84,64.69,2.98
2019-03-10 21:00:00,0.0,0.0,28.1,68.91,2.53
2019-03-10 22:00:00,0.0,0.0,27.58,71.71,2.05
2019-03-10 23:00:00,0.0,0.0,27.18,73.8,1.61
2019-03-11 00:00:00,0.0,0.0,26.76,76.11,1.21
2019-03-11 01:00:00,0.0,0.0,26.38,78.44,0.95
2019-03-11 02:00:00,0.0,0.0,25.98,81.38,0.76
2019-03-11 03:00:00,0.0,0.0,25.57,84.32,0.65
2019-03-11 04:00:00,0.0,0.0,25.1,86.98,0.81
2019-03-11 05:00:00,0.0,0.0,24.67,89.41,1.28
2019-03-11 06:00:00,23.48,23.38,24.98,88.01,2.32
2019-03-11 07:00:00,169.85,175.15,26.9,77.08,2.61
2019-03-11 08:00:00,361.65,383.35,29.9,60.04,2.34
2019-03-11 09:00:00,579.15,596.78,32.46,47.53,2.36
2019-03-11 10:00:00,742.75,764.3,34.46,38.6,2.56
2019-03-11 11:00:00,786.45,864.8,36.01,31.69,2.83
2019-03-11 12:00:00,884.83,975.28,37.1,26.48,3.05
2019-03-11 13:00:00,860.55,913.15,37.87,22.72,3.25
2019-03-11 14:00:00,742.85,774.53,38.18,19.89,3.37
2019-03-11 15:00:00,505.4,572.33,37.81,18.32,3.3
2019-03-11 16:00:00,267.48,331.48,36.73,18.51,2.94
2019-03-11 17:00:00,72.05,99.62,33.19,35.58,1.28
2019-03-11 18:00:00,0.0,0.0,30.43,42.2,1.2
2019-03-11 19:00:00,0.0,0.0,29.85,41.72,1.16
2019-03-11 20:00:00,0.0,0.0,29.28,42.18,1.08
2019-03-11 21:00:00,0.0,0.0,28.44,44.57,1.08
2019-03-11 22:00:00,0.0,0.0,27.45,48.55,1.12
2019-03-11 23:00:00,0.0,0.0,26.42,53.88,1.12
2019-03-12 00:00:00,0.0,0.0,25.71,59.43,1.04
2019-03-12 01:00:00,0.0,0.0,25.61,63.09,0.79
2019-03-12 02:00:00,0.0,0.0,25.48,65.25,0.16
2019-03-12 03:00:00,0.0,0.0,24.76,68.63,0.35
2019-03-12 04:00:00,0.0,0.0,24.2,69.6,0.51
2019-03-12 05:00:00,0.0,0.0,23.83,69.03,0.57
2019-03-12 06:00:00,32.2,32.33,24.06,68.13,0.61
2019-03-12 07:00:00,237.15,237.8,26.06,56.75,1.0
2019-03-12 08:00:00,493.73,493.98,30.18,31.46,2.32
2019-03-12 09:00:00,724.92,725.08,33.27,20.0,3.79
2019-03-12 10:00:00,897.45,897.5,35.63,15.41,4.67
2019-03-12 11:00:00,996.42,996.47,37.41,13.37,4.87
2019-03-12 12:00:00,1011.85,1011.9,38.61,12.29,4.6
2019-03-12 13:00:00,941.5,941.58,39.32,11.66,4.18
2019-03-12 14:00:00,740.58,795.65,39.52,11.35,3.75
2019-03-12 15:00:00,499.45,583.83,39.06,11.53,3.29
2019-03-12 16:00:00,256.7,332.62,37.72,14.55,2.35
2019-03-12 17:00:00,73.32,96.68,34.56,32.18,0.9
2019-03-12 18:00:00,0.0,0.0,33.49,32.11,0.89
2019-03-12 19:00:00,0.0,0.0,33.21,30.94,0.8
2019-03-12 20:00:00,0.0,0.0,32.44,31.59,0.81
2019-03-12 21:00:00,0.0,0.0,30.96,34.79,0.91
2019-03-12 22:00:00,0.0,0.0,29.09,39.17,0.96
2019-03-12 23:00:00,0.0,0.0,27.31,42.57,0.95
2019-03-13 00:00:00,0.0,0.0,25.65,47.26,0.86
2019-03-13 01:00:00,0.0,0.0,24.52,52.32,0.84
2019-03-13 02:00:00,0.0,0.0,23.76,56.94,0.87
2019-03-13 03:00:00,0.0,0.0,23.24,61.17,0.86
2019-03-13 04:00:00,0.0,0.0,22.93,64.71,0.81
2019-03-13 05:00:00,0.0,0.0,22.82,67.72,0.69
2019-03-13 06:00:00,27.6,31.27,23.22,70.35,0.44
2019-03-13 07:00:00,189.52,231.15,25.0,63.86,0.41
2019-03-13 08:00:00,404.02,483.3,29.57,36.45,0.57
2019-03-13 09:00:00,621.08,711.75,33.2,22.17,2.12
2019-03-13 10:00:00,815.75,887.58,35.78,16.11,3.25
2019-03-13 11:00:00,937.5,983.12,37.55,13.16,3.73
2019-03-13 12:00:00,941.88,988.35,38.52,12.01,3.78
2019-03-13 13:00:00,883.95,911.85,39.0,11.69,3.78
2019-03-13 14:00:00,720.67,757.97,39.1,11.98,3.72
2019-03-13 15:00:00,485.3,542.12,38.53,12.92,3.41
2019-03-13 16:00:00,232.25,294.42,37.26,15.5,2.55
2019-03-13 17:00:00,63.0,81.78,33.63,34.62,1.02
2019-03-13 18:00:00,0.0,0.0,31.33,39.43,1.09
2019-03-13 19:00:00,0.0,0.0,30.05,43.12,1.16
2019-03-13 20:00:00,0.0,0.0,28.87,47.01,1.32
2019-03-13 21:00:00,0.0,0.0,27.81,52.1,1.5
2019-03-13 22:00:00,0.0,0.0,26.96,58.37,1.7
2019-03-13 23:00:00,0.0,0.0,26.3,65.01,1.88
2019-03-14 00:00:00,0.0,0.0,25.84,70.93,2.09
2019-03-14 01:00:00,0.0,0.0,25.46,75.89,2.13
2019-03-14 02:00:00,0.0,0.0,25.08,80.2,1.89
2019-03-14 03:00:00,0.0,0.0,24.8,83.69,1.44
2019-03-14 04:00:00,0.0,0.0,24.55,86.71,0.94
2019-03-14 05:00:00,0.0,0.0,24.33,89.07,0.6
2019-03-14 06:00:00,25.67,26.4,24.68,87.97,0.77
2019-03-14 07:00:00,182.62,188.02,26.72,75.89,1.85
2019-03-14 08:00:00,403.67,404.12,29.58,61.96,3.42
2019-03-14 09:00:00,624.8,625.2,31.8,52.29,3.86
2019-03-14 10:00:00,800.22,801.75,33.8,44.66,3.83
2019-03-14 11:00:00,897.38,898.4,35.5,38.38,3.59
2019-03-14 12:00:00,912.42,913.08,37.11,32.96,3.28
2019-03-14 13:00:00,842.38,842.55,38.15,29.03,3.02
2019-03-14 14:00:00,687.83,697.1,38.53,26.6,2.85
2019-03-14 15:00:00,479.23,493.88,38.24,25.73,2.74
2019-03-14 16:00:00,253.4,265.12,37.32,26.56,2.6
2019-03-14 17:00:00,70.25,73.45,34.62,38.02,1.43
2019-03-14 18:00:00,0.0,0.0,31.94,45.24,1.61
2019-03-14 19:00:00,0.0,0.0,31.2,46.3,2.3
2019-03-14 20:00:00,0.0,0.0,30.44,50.36,3.06
2019-03-14 21:00:00,0.0,0.0,29.51,57.32,3.3
2019-03-14 22:00:00,0.0,0.0,28.68,64.54,3.32
2019-03-14 23:00:00,0.0,0.0,28.23,69.65,3.44
2019-03-15 00:00:00,0.0,0.0,27.89,73.23,3.43
2019-03-15 01:00:00,0.0,0.0,27.51,75.84,3.34
2019-03-15 02:00:00,0.0,0.0,27.2,77.46,3.33
2019-03-15 03:00:00,0.0,0.0,26.96,78.36,3.34
2019-03-15 04:00:00,0.0,0.0,26.73,79.18,3.09
2019-03-15 05:00:00,0.0,0.0,26.48,80.04,2.67
2019-03-15 06:00:00,26.27,25.77,26.69,78.68,2.84
2019-03-15 07:00:00,161.6,181.68,28.28,70.65,2.96
2019-03-15 08:00:00,357.15,406.88,31.78,52.36,3.08
2019-03-15 09:00:00,588.8,623.1,34.61,41.9,2.79
2019-03-15 10:00:00,769.4,790.42,36.82,35.31,2.42
2019-03-15 11:00:00,854.3,889.12,38.36,31.06,2.0
2019-03-15 12:00:00,895.33,903.4,39.37,28.28,1.55
2019-03-15 13:00:00,802.88,830.75,39.91,26.62,1.25
2019-03-15 14:00:00,645.55,684.35,40.04,25.84,1.34
2019-03-15 15:00:00,460.62,462.17,39.49,26.1,1.69
2019-03-15 16:00:00,240.85,255.88,38.46,27.47,1.97
2019-03-15 17:00:00,69.22,69.95,36.58,34.75,1.46
2019-03-15 18:00:00,0.0,0.0,34.52,41.9,1.7
2019-03-15 19:00:00,0.0,0.0,33.73,42.09,2.6
2019-03-15 20:00:00,0.0,0.0,32.84,45.1,3.35
2019-03-15 21:00:00,0.0,0.0,31.83,49.92,3.48
2019-03-15 22:00:00,0.0,0.0,31.07,54.27,3.51
2019-03-15 23:00:00,0.0,0.0,30.48,58.22,3.62
2019-03-16 00:00:00,0.0,0.0,29.93,62.15,3.59
2019-03-16 01:00:00,0.0,0.0,29.43,65.69,3.49
2019-03-16 02:00:00,0.0,0.0,29.01,68.51,3.43
2019-03-16 03:00:00,0.0,0.0,28.49,71.44,3.23
2019-03-16 04:00:00,0.0,0.0,27.93,74.79,2.65
2019-03-16 05:00:00,0.0,0.0,27.43,77.79,2.27
2019-03-16 06:00:00,24.8,24.48,27.46,78.03,2.56
2019-03-16 07:00:00,165.18,170.3,29.28,66.31,3.45
2019-03-16 08:00:00,356.73,375.05,31.79,53.71,3.69
2019-03-16 09:00:00,554.35,582.95,34.21,44.83,3.35
2019-03-16 10:00:00,705.7,747.05,35.88,39.86,2.72
2019-03-16 11:00:00,793.58,842.85,36.98,36.84,2.12
2019-03-16 12:00:00,839.17,903.95,37.67,35.04,1.81
2019-03-16 13:00:00,705.83,842.0,38.04,34.01,1.88
2019-03-16 14:00:00,550.35,697.15,37.87,34.0,2.08
2019-03-16 15:00:00,389.8,497.45,37.35,34.62,2.36
2019-03-16 16:00:00,205.32,268.95,36.49,36.24,2.67
2019-03-16 17:00:00,57.25,74.47,35.05,40.94,2.4
2019-03-16 18:00:00,0.0,0.0,33.28,47.66,2.71
2019-03-16 19:00:00,0.0,0.0,32.34,52.03,3.75
2019-03-16 20:00:00,0.0,0.0,31.26,58.19,3.94
2019-03-16 21:00:00,0.0,0.0,30.4,63.69,3.75
2019-03-16 22:00:00,0.0,0.0,29.75,67.87,3.54
2019-03-16 23:00:00,0.0,0.0,29.24,70.8,3.41
2019-03-17 00:00:00,0.0,0.0,28.77,72.95,3.26
2019-03-17 01:00:00,0.0,0.0,28.37,74.42,3.1
2019-03-17 02:00:00,0.0,0.0,28.0,75.73,2.94
2019-03-17 03:00:00,0.0,0.0,27.66,76.99,2.88
2019-03-17 04:00:00,0.0,0.0,27.31,78.49,2.83
2019-03-17 05:00:00,0.0,0.0,26.99,79.98,2.78
2019-03-17 06:00:00,20.6,26.83,27.05,79.94,3.02
2019-03-17 07:00:00,132.68,177.52,28.59,72.17,4.01
2019-03-17 08:00:00,269.67,391.15,30.97,59.65,4.65
2019-03-17 09:00:00,429.98,598.88,33.22,49.13,4.35
2019-03-17 10:00:00,630.25,760.83,34.78,42.82,3.83
2019-03-17 11:00:00,694.7,853.83,35.83,38.86,3.34
2019-03-17 12:00:00,656.08,766.38,36.66,36.0,2.9
2019-03-17 13:00:00,661.55,724.15,37.28,33.66,2.53
2019-03-17 14:00:00,534.65,593.15,37.02,32.95,2.3
2019-03-17 15:00:00,385.48,426.48,36.27,33.54,2.26
2019-03-17 16:00:00,189.52,231.98,35.47,34.76,2.29
2019-03-17 17:00:00,58.53,64.8,33.92,41.43,1.51
2019-03-17 18:00:00,0.0,0.0,32.08,49.04,1.31
2019-03-17 19:00:00,0.0,0.0,31.39,50.07,1.54
2019-03-17 20:00:00,0.0,0.0,30.79,51.83,1.62
2019-03-17 21:00:00,0.0,0.0,30.25,54.16,1.57
2019-03-17 22:00:00,0.0,0.0,29.74,56.55,1.55
2019-03-17 23:00:00,0.0,0.0,29.26,58.95,1.63
2019-03-18 00:00:00,0.0,0.0,28.77,61.55,1.78
2019-03-18 01:00:00,0.0,0.0,28.23,64.6,1.88
2019-03-18 02:00:00,0.0,0.0,27.67,67.93,1.88
2019-03-18 03:00:00,0.0,0.0,27.16,71.16,1.89
2019-03-18 04:00:00,0.0,0.0,26.71,74.25,1.88
2019-03-18 05:00:00,0.0,0.0,26.28,77.4,1.88
2019-03-18 06:00:00,32.97,30.92,26.33,78.38,2.32
2019-03-18 07:00:00,203.02,205.85,28.24,68.02,2.91
2019-03-18 08:00:00,435.12,442.7,31.41,51.62,3.39
2019-03-18 09:00:00,660.67,664.08,34.25,40.87,2.64
2019-03-18 10:00:00,831.15,831.38,36.38,34.85,1.72
2019-03-18 11:00:00,906.05,932.28,38.01,30.87,1.32
2019-03-18 12:00:00,741.33,882.22,39.12,28.14,1.39
2019-03-18 13:00:00,756.7,818.72,39.74,26.39,1.46
2019-03-18 14:00:00,641.58,678.3,39.85,25.42,1.5
2019-03-18 15:00:00,413.0,480.35,39.46,25.31,1.51
2019-03-18 16:00:00,198.73,256.55,38.54,26.18,1.55
2019-03-18 17:00:00,58.7,71.38,36.81,32.84,1.04
2019-03-18 18:00:00,0.0,0.0,34.45,42.06,0.98
2019-03-18 19:00:00,0.0,0.0,33.45,41.83,1.42
2019-03-18 20:00:00,0.0,0.0,32.61,43.31,1.93
2019-03-18 21:00:00,0.0,0.0,31.73,46.61,2.52
2019-03-18 22:00:00,0.0,0.0,30.81,51.02,2.85
2019-03-18 23:00:00,0.0,0.0,30.06,54.75,2.82
2019-03-19 00:00:00,0.0,0.0,29.47,57.59,2.71
2019-03-19 01:00:00,0.0,0.0,28.9,60.38,2.63
2019-03-19 02:00:00,0.0,0.0,28.36,63.38,2.58
2019-03-19 03:00:00,0.0,0.0,27.86,66.42,2.67
2019-03-19 04:00:00,0.0,0.0,27.46,68.99,2.82
2019-03-19 05:00:00,0.0,0.0,27.12,71.25,2.89
2019-03-19 06:00:00,31.75,31.83,27.22,71.57,3.22
2019-03-19 07:00:00,200.02,208.82,29.11,62.65,3.8
2019-03-19 08:00:00,441.23,441.52,31.91,50.38,4.08
2019-03-19 09:00:00,661.38,663.15,34.57,40.75,3.87
2019-03-19 10:00:00,828.85,831.35,36.58,35.34,3.49
2019-03-19 11:00:00,916.42,924.17,38.05,31.98,3.06
2019-03-19 12:00:00,841.33,867.22,39.05,29.65,2.65
2019-03-19 13:00:00,736.45,798.45,39.52,28.23,2.34
2019-03-19 14:00:00,645.12,656.12,39.47,27.7,2.2
2019-03-19 15:00:00,448.83,461.02,38.97,28.04,2.3
2019-03-19 16:00:00,213.48,240.23,38.07,29.36,2.51
2019-03-19 17:00:00,62.9,65.62,36.58,33.26,2.24
2019-03-19 18:00:00,0.0,0.0,34.75,38.95,2.62
2019-03-19 19:00:00,0.0,0.0,33.77,42.6,3.7
2019-03-19 20:00:00,0.0,0.0,32.61,48.02,4.01
2019-03-19 21:00:00,0.0,0.0,31.69,52.96,3.92
2019-03-19 22:00:00,0.0,0.0,31.0,56.97,3.49
2019-03-19 23:00:00,0.0,0.0,30.43,60.1,2.76
2019-03-20 00:00:00,0.0,0.0,29.91,62.77,2.11
2019-03-20 01:00:00,0.0,0.0,29.63,63.94,2.17
2019-03-20 02:00:00,0.0,0.0,29.31,65.75,2.27
2019-03-20 03:00:00,0.0,0.0,29.02,67.41,2.26
2019-03-20 04:00:00,0.0,0.0,28.74,68.72,2.17
2019-03-20 05:00:00,0.0,0.0,28.48,69.68,2.1
2019-03-20 06:00:00,17.58,27.62,28.57,68.49,2.44
2019-03-20 07:00:00,105.85,179.02,29.74,61.29,3.23
2019-03-20 08:00:00,195.88,398.38,31.35,53.67,3.84
2019-03-20 09:00:00,356.35,612.4,32.74,48.57,4.12
2019-03-20 10:00:00,540.35,779.03,34.0,44.98,4.23
2019-03-20 11:00:00,733.5,874.58,34.79,42.91,4.36
2019-03-20 12:00:00,675.2,854.0,35.37,41.46,4.46
2019-03-20 13:00:00,707.67,786.42,35.41,41.23,4.43
2019-03-20 14:00:00,598.92,642.9,35.13,41.59,4.26
2019-03-20 15:00:00,434.98,442.85,34.62,42.54,4.07
2019-03-20 16:00:00,228.35,234.88,33.83,44.34,3.79
2019-03-20 17:00:00,58.2,62.25,32.67,48.24,3.05
2019-03-20 18:00:00,0.0,0.0,31.13,54.43,2.54
2019-03-20 19:00:00,0.0,0.0,30.48,57.0,2.89
2019-03-20 20:00:00,0.0,0.0,29.84,60.27,3.05
2019-03-20 21:00:00,0.0,0.0,29.25,63.57,3.18
2019-03-20 22:00:00,0.0,0.0,28.88,65.94,3.38
2019-03-20 23:00:00,0.0,0.0,28.56,67.88,3.41
2019-03-21 00:00:00,0.0,0.0,28.23,69.59,3.2
2019-03-21 01:00:00,0.0,0.0,27.91,71.19,2.92
2019-03-21 02:00:00,0.0,0.0,27.63,72.58,2.76
2019-03-21 03:00:00,0.0,0.0,27.4,74.0,2.74
2019-03-21 04:00:00,0.0,0.0,27.16,75.64,2.72
2019-03-21 05:00:00,0.0,0.0,26.88,77.38,2.74
2019-03-21 06:00:00,25.73,27.95,26.97,77.38,3.12
2019-03-21 07:00:00,140.27,175.45,28.48,69.9,4.3
2019-03-21 08:00:00,287.52,388.45,30.98,57.16,5.47
2019-03-21 09:00:00,443.0,598.6,32.93,48.35,5.07
2019-03-21 10:00:00,591.42,756.2,34.74,41.91,4.4
2019-03-21 11:00:00,743.55,855.78,36.26,36.85,3.85
2019-03-21 12:00:00,814.47,882.47,37.55,32.8,3.41
2019-03-21 13:00:00,700.2,816.0,38.34,29.95,2.99
2019-03-21 14:00:00,571.78,679.3,38.68,28.11,2.62
2019-03-21 15:00:00,414.33,480.65,38.55,27.18,2.3
2019-03-21 16:00:00,221.57,255.48,37.94,27.21,1.93
2019-03-21 17:00:00,64.68,70.7,35.79,37.22,1.03
2019-03-21 18:00:00,0.0,0.0,32.91,45.8,1.23
2019-03-21 19:00:00,0.0,0.0,32.08,46.44,1.87
2019-03-21 20:00:00,0.0,0.0,31.45,48.82,2.72
2019-03-21 21:00:00,0.0,0.0,30.68,52.67,3.12
2019-03-21 22:00:00,0.0,0.0,29.89,56.8,3.06
2019-03-21 23:00:00,0.0,0.0,29.29,60.41,3.05
2019-03-22 00:00:00,0.0,0.0,28.73,64.41,2.94
2019-03-22 01:00:00,0.0,0.0,28.25,68.31,2.92
2019-03-22 02:00:00,0.0,0.0,27.84,71.59,2.91
2019-03-22 03:00:00,0.0,0.0,27.46,73.93,2.83
2019-03-22 04:00:00,0.0,0.0,27.07,75.59,2.7
2019-03-22 05:00:00,0.0,0.0,26.73,76.86,2.62
2019-03-22 06:00:00,30.6,31.33,26.84,75.69,2.92
2019-03-22 07:00:00,183.38,192.9,28.15,67.75,3.8
2019-03-22 08:00:00,373.6,404.92,29.67,59.83,4.25
2019-03-22 09:00:00,544.3,614.85,31.32,52.54,4.16
2019-03-22 10:00:00,688.97,776.38,33.1,45.61,3.9
2019-03-22 11:00:00,767.75,866.15,34.69,39.76,3.49
2019-03-22 12:00:00,762.78,945.4,35.96,35.5,3.02
2019-03-22 13:00:00,781.35,888.4,36.63,32.99,2.59
2019-03-22 14:00:00,702.2,747.17,36.7,31.88,2.47
2019-03-22 15:00:00,481.23,535.33,36.25,31.96,2.64
2019-03-22 16:00:00,260.05,301.02,35.4,33.3,2.85
2019-03-22 17:00:00,74.78,83.9,33.9,37.89,2.52
2019-03-22 18:00:00,0.0,0.0,32.09,44.7,2.58
2019-03-22 19:00:00,0.0,0.0,31.38,48.21,3.29
2019-03-22 20:00:00,0.0,0.0,30.74,52.1,3.43
2019-03-22 21:00:00,0.0,0.0,30.17,55.67,3.35
2019-03-22 22:00:00,0.0,0.0,29.67,58.68,3.32
2019-03-22 23:00:00,0.0,0.0,29.18,61.38,3.34
2019-03-23 00:00:00,0.0,0.0,28.64,63.99,3.39
2019-03-23 01:00:00,0.0,0.0,28.08,66.55,3.23
2019-03-23 02:00:00,0.0,0.0,27.53,69.03,2.82
2019-03-23 03:00:00,0.0,0.0,26.97,71.6,2.41
2019-03-23 04:00:00,0.0,0.0,26.5,73.51,2.24
2019-03-23 05:00:00,0.0,0.0,26.19,73.73,2.34
2019-03-23 06:00:00,37.58,35.9,26.37,70.52,2.65
2019-03-23 07:00:00,189.85,215.55,28.42,55.75,2.84
2019-03-23 08:00:00,406.38,450.33,31.76,37.41,2.78
2019-03-23 09:00:00,610.28,666.55,35.1,25.86,2.38
2019-03-23 10:00:00,811.28,833.22,37.28,21.64,1.73
2019-03-23 11:00:00,859.3,915.58,38.83,19.57,1.15
2019-03-23 12:00:00,924.65,975.72,39.82,18.42,0.88
2019-03-23 13:00:00,821.5,904.85,40.35,17.66,1.29
2019-03-23 14:00:00,677.9,757.75,40.33,17.47,1.91
2019-03-23 15:00:00,456.83,548.42,39.77,17.95,2.31
2019-03-23 16:00:00,238.23,303.2,38.79,19.06,2.57
2019-03-23 17:00:00,71.47,85.38,36.56,25.16,2.38
2019-03-23 18:00:00,0.0,0.0,33.71,31.81,3.33
2019-03-23 19:00:00,0.0,0.0,32.07,37.91,4.74
2019-03-23 20:00:00,0.0,0.0,30.55,46.07,4.95
2019-03-23 21:00:00,0.0,0.0,29.55,52.64,4.64
2019-03-23 22:00:00,0.0,0.0,28.83,57.49,4.36
2019-03-23 23:00:00,0.0,0.0,28.21,61.38,4.12
2019-03-24 00:00:00,0.0,0.0,27.55,64.76,3.89
2019-03-24 01:00:00,0.0,0.0,26.82,68.12,3.64
2019-03-24 02:00:00,0.0,0.0,26.21,70.73,3.36
2019-03-24 03:00:00,0.0,0.0,25.68,72.9,3.03
2019-03-24 04:00:00,0.0,0.0,25.17,74.97,2.66
2019-03-24 05:00:00,0.0,0.0,24.79,76.37,2.55
2019-03-24 06:00:00,36.9,37.12,25.1,74.63,2.99
2019-03-24 07:00:00,213.82,220.25,27.71,61.61,3.84
2019-03-24 08:00:00,450.45,459.02,31.12,45.06,4.17
2019-03-24 09:00:00,670.72,680.92,34.39,31.57,3.69
2019-03-24 10:00:00,839.88,848.12,37.11,22.98,2.7
2019-03-24 11:00:00,941.05,941.72,39.04,18.37,1.54
2019-03-24 12:00:00,942.72,944.12,40.39,16.11,1.01
2019-03-24 13:00:00,871.0,876.08,41.21,15.02,1.52
2019-03-24 14:00:00,704.8,722.67,41.35,14.94,2.12
2019-03-24 15:00:00,503.15,515.75,40.76,15.79,2.53
2019-03-24 16:00:00,242.52,278.67,39.6,17.55,2.73
2019-03-24 17:00:00,63.0,78.25,37.51,22.96,1.8
2019-03-24 18:00:00,0.0,0.0,34.86,30.3,1.6
2019-03-24 19:00:00,0.0,0.0,34.15,32.9,2.57
2019-03-24 20:00:00,0.0,0.0,33.09,39.65,3.61
2019-03-24 21:00:00,0.0,0.0,31.71,48.72,3.82
2019-03-24 22:00:00,0.0,0.0,30.62,56.46,3.77
2019-03-24 23:00:00,0.0,0.0,29.81,62.18,3.78
2019-03-25 00:00:00,0.0,0.0,29.16,66.44,3.81
2019-03-25 01:00:00,0.0,0.0,28.64,69.38,3.67
2019-03-25 02:00:00,0.0,0.0,28.21,71.43,3.31
2019-03-25 03:00:00,0.0,0.0,27.82,73.24,2.94
2019-03-25 04:00:00,0.0,0.0,27.5,74.64,2.7
2019-03-25 05:00:00,0.0,0.0,27.21,75.8,2.74
2019-03-25 06:00:00,41.8,44.5,27.32,74.64,3.42
2019-03-25 07:00:00,240.07,257.4,28.71,65.51,4.59
2019-03-25 08:00:00,499.1,501.15,30.68,54.11,5.48
2019-03-25 09:00:00,706.72,726.35,32.43,46.25,5.82
2019-03-25 10:00:00,862.78,889.12,33.85,41.12,5.79
2019-03-25 11:00:00,847.9,978.83,35.09,37.08,5.48
2019-03-25 12:00:00,850.53,933.75,36.24,33.63,5.08
2019-03-25 13:00:00,778.05,862.35,37.03,31.15,4.66
2019-03-25 14:00:00,627.88,713.47,37.32,29.7,4.4
2019-03-25 15:00:00,409.8,504.98,37.07,29.54,4.4
2019-03-25 16:00:00,202.82,269.25,36.27,30.87,4.53
2019-03-25 17:00:00,56.03,74.32,34.68,35.11,4.32
2019-03-25 18:00:00,0.0,0.0,32.63,43.0,4.18
2019-03-25 19:00:00,0.0,0.0,31.34,50.16,4.47
2019-03-25 20:00:00,0.0,0.0,30.4,55.66,4.1
2019-03-25 21:00:00,0.0,0.0,29.64,59.94,3.5
2019-03-25 22:00:00,0.0,0.0,28.98,63.71,2.93
2019-03-25 23:00:00,0.0,0.0,28.35,67.35,2.48
2019-03-26 00:00:00,0.0,0.0,27.81,70.55,2.25
2019-03-26 01:00:00,0.0,0.0,27.39,73.07,2.12
2019-03-26 02:00:00,0.0,0.0,27.05,75.22,1.93
2019-03-26 03:00:00,0.0,0.0,26.75,77.1,1.83
2019-03-26 04:00:00,0.0,0.0,26.47,78.89,1.78
2019-03-26 05:00:00,0.0,0.0,26.19,80.71,1.7
2019-03-26 06:00:00,35.42,37.08,26.52,79.34,2.21
2019-03-26 07:00:00,211.52,217.85,28.93,65.05,2.89
2019-03-26 08:00:00,425.9,444.95,31.69,52.35,3.0
2019-03-26 09:00:00,657.78,658.35,34.09,43.67,2.55
2019-03-26 10:00:00,818.88,834.22,36.24,36.7,1.97
2019-03-26 11:00:00,933.97,935.42,37.95,31.72,1.67
2019-03-26 12:00:00,988.65,988.8,39.31,28.35,1.87
2019-03-26 13:00:00,703.58,920.3,40.01,26.39,2.23
2019-03-26 14:00:00,550.97,771.88,40.12,25.47,2.59
2019-03-26 15:00:00,356.25,560.72,39.6,25.61,2.93
2019-03-26 16:00:00,167.88,311.6,38.54,26.91,3.22
2019-03-26 17:00:00,52.22,86.1,37.05,29.59,3.03
2019-03-26 18:00:00,0.0,0.0,35.12,34.92,2.49
2019-03-26 19:00:00,0.0,0.0,34.1,38.6,3.53
2019-03-26 20:00:00,0.0,0.0,32.84,44.5,4.0
2019-03-26 21:00:00,0.0,0.0,31.69,50.9,4.06
2019-03-26 22:00:00,0.0,0.0,30.84,56.18,3.96
2019-03-26 23:00:00,0.0,0.0,30.16,60.44,3.81
2019-03-27 00:00:00,0.0,0.0,29.58,63.89,3.5
2019-03-27 01:00:00,0.0,0.0,29.19,66.0,3.27
2019-03-27 02:00:00,0.0,0.0,28.86,67.62,3.09
2019-03-27 03:00:00,0.0,0.0,28.56,68.98,2.94
2019-03-27 04:00:00,0.0,0.0,28.26,70.38,2.97
2019-03-27 05:00:00,0.0,0.0,27.93,72.12,2.95
2019-03-27 06:00:00,35.9,40.45,27.93,72.34,3.13
2019-03-27 07:00:00,193.05,229.93,29.18,65.7,3.96
2019-03-27 08:00:00,367.12,460.45,31.47,54.7,4.0
2019-03-27 09:00:00,606.0,677.35,33.95,45.86,3.01
2019-03-27 10:00:00,801.38,841.47,36.06,39.06,1.78
2019-03-27 11:00:00,896.3,932.95,37.75,33.63,1.53
2019-03-27 12:00:00,892.25,957.53,38.97,29.52,1.89
2019-03-27 13:00:00,832.47,884.28,39.64,26.8,2.15
2019-03-27 14:00:00,686.83,736.8,39.75,25.3,2.29
2019-03-27 15:00:00,492.27,526.2,39.44,24.78,2.38
2019-03-27 16:00:00,259.12,286.6,38.68,25.31,2.33
2019-03-27 17:00:00,70.4,79.9,37.09,29.84,1.5
2019-03-27 18:00:00,0.0,0.0,34.7,39.89,0.91
2019-03-27 19:00:00,0.0,0.0,33.81,41.31,1.09
2019-03-27 20:00:00,0.0,0.0,32.83,44.05,1.26
2019-03-27 21:00:00,0.0,0.0,31.75,48.38,1.38
2019-03-27 22:00:00,0.0,0.0,30.68,53.5,1.33
2019-03-27 23:00:00,0.0,0.0,29.8,58.17,1.18
2019-03-28 00:00:00,0.0,0.0,29.0,62.27,0.87
2019-03-28 01:00:00,0.0,0.0,28.3,66.16,0.66
2019-03-28 02:00:00,0.0,0.0,27.71,70.01,0.59
2019-03-28 03:00:00,0.0,0.0,27.19,73.94,0.61
2019-03-28 04:00:00,0.0,0.0,26.8,77.43,0.7
2019-03-28 05:00:00,0.0,0.0,26.59,79.95,0.86
2019-03-28 06:00:00,40.25,43.88,27.24,77.85,1.89
2019-03-28 07:00:00,218.38,243.23,30.08,62.32,2.53
2019-03-28 08:00:00,435.65,482.48,33.33,47.42,2.31
2019-03-28 09:00:00,632.08,694.53,36.03,36.24,0.8
2019-03-28 10:00:00,835.25,860.97,38.76,26.52,1.41
2019-03-28 11:00:00,902.75,954.35,40.64,21.59,2.42
2019-03-28 12:00:00,966.78,990.1,41.77,18.91,2.77
2019-03-28 13:00:00,875.42,914.53,42.11,17.36,2.87
2019-03-28 14:00:00,698.6,762.55,41.68,16.69,2.76
2019-03-28 15:00:00,494.3,549.65,41.22,16.23,2.52
2019-03-28 16:00:00,269.48,303.35,40.53,16.11,2.19
2019-03-28 17:00:00,77.28,84.75,38.34,25.29,0.82
2019-03-28 18:00:00,0.0,0.0,36.46,29.14,0.85
2019-03-28 19:00:00,0.0,0.0,34.83,33.25,1.07
2019-03-28 20:00:00,0.0,0.0,33.56,37.1,1.3
2019-03-28 21:00:00,0.0,0.0,32.5,42.85,1.7
2019-03-28 22:00:00,0.0,0.0,31.12,51.58,2.08
2019-03-28 23:00:00,0.0,0.0,30.41,59.18,2.75
2019-03-29 00:00:00,0.0,0.0,29.9,64.21,2.97
2019-03-29 01:00:00,0.0,0.0,29.5,67.33,2.97
2019-03-29 02:00:00,0.0,0.0,29.1,70.12,3.08
2019-03-29 03:00:00,0.0,0.0,28.68,72.76,3.38
2019-03-29 04:00:00,0.0,0.0,28.22,75.23,3.52
2019-03-29 05:00:00,0.0,0.0,27.78,77.48,3.3
2019-03-29 06:00:00,42.15,44.15,27.83,77.09,3.43
2019-03-29 07:00:00,220.9,242.1,29.31,68.5,4.4
2019-03-29 08:00:00,444.8,482.52,31.63,57.27,4.63
2019-03-29 09:00:00,658.85,694.42,34.07,47.78,3.96
2019-03-29 10:00:00,836.7,856.75,36.02,41.33,2.9
2019-03-29 11:00:00,922.88,944.47,37.51,36.76,2.04
2019-03-29 12:00:00,965.12,965.25,38.49,33.47,1.69
2019-03-29 13:00:00,890.53,890.8,38.9,31.49,1.81
2019-03-29 14:00:00,725.08,746.85,38.75,30.92,2.18
2019-03-29 15:00:00,507.23,536.9,38.08,31.74,2.58
2019-03-29 16:00:00,245.5,297.17,37.12,33.69,2.94
2019-03-29 17:00:00,61.35,82.95,35.8,37.37,3.14
2019-03-29 18:00:00,0.0,0.0,34.11,43.2,3.35
2019-03-29 19:00:00,0.0,0.0,33.06,47.7,3.75
2019-03-29 20:00:00,0.0,0.0,32.24,51.47,3.64
2019-03-29 21:00:00,0.0,0.0,31.65,54.25,3.37
2019-03-29 22:00:00,0.0,0.0,31.08,56.9,3.15
2019-03-29 23:00:00,0.0,0.0,30.47,59.82,3.03
2019-03-30 00:00:00,0.0,0.0,29.89,62.88,2.9
2019-03-30 01:00:00,0.0,0.0,29.39,65.75,2.7
2019-03-30 02:00:00,0.0,0.0,28.99,68.33,2.52
2019-03-30 03:00:00,0.0,0.0,28.66,70.75,2.41
2019-03-30 04:00:00,0.0,0.0,28.36,73.18,2.32
2019-03-30 05:00:00,0.0,0.0,28.08,75.48,2.31
2019-03-30 06:00:00,42.53,41.35,28.05,76.35,2.57
2019-03-30 07:00:00,194.1,216.07,29.18,70.04,3.09
2019-03-30 08:00:00,419.75,445.67,31.02,59.52,3.71
2019-03-30 09:00:00,639.58,657.92,32.54,52.8,3.76
2019-03-30 10:00:00,807.03,819.3,33.77,48.41,3.39
2019-03-30 11:00:00,884.97,909.3,34.83,44.92,2.93
2019-03-30 12:00:00,938.4,949.0,35.58,42.52,2.6
2019-03-30 13:00:00,875.03,879.62,35.97,41.19,2.57
2019-03-30 14:00:00,718.5,732.1,35.86,41.23,2.8
2019-03-30 15:00:00,491.5,529.05,35.4,42.38,3.11
2019-03-30 16:00:00,253.35,293.58,34.29,45.82,3.27
2019-03-30 17:00:00,69.47,82.97,32.55,53.87,2.8
2019-03-30 18:00:00,0.0,0.0,30.95,61.43,3.09
2019-03-30 19:00:00,0.0,0.0,30.09,65.93,3.59
2019-03-30 20:00:00,0.0,0.0,29.39,69.98,3.55
2019-03-30 21:00:00,0.0,0.0,28.87,72.93,3.34
2019-03-30 22:00:00,0.0,0.0,28.45,75.09,3.19
2019-03-30 23:00:00,0.0,0.0,28.08,76.85,3.15
2019-03-31 00:00:00,0.0,0.0,27.73,78.42,3.13
2019-03-31 01:00:00,0.0,0.0,27.41,79.85,3.08
2019-03-31 02:00:00,0.0,0.0,27.14,80.95,2.97
2019-03-31 03:00:00,0.0,0.0,26.89,81.83,2.84
2019-03-31 04:00:00,0.0,0.0,26.64,82.59,2.73
2019-03-31 05:00:00,0.0,0.0,26.4,83.25,2.66
2019-03-31 06:00:00,41.03,49.17,26.58,81.97,2.93
2019-03-31 07:00:00,197.2,257.75,28.3,71.94,3.78
2019-03-31 08:00:00,400.77,504.4,30.74,58.76,4.9
2019-03-31 09:00:00,571.15,720.2,32.75,50.39,4.56
2019-03-31 10:00:00,815.67,882.08,34.41,44.19,3.71
2019-03-31 11:00:00,906.05,970.42,35.97,39.15,2.83
2019-03-31 12:00:00,887.28,966.8,37.36,35.23,2.04
2019-03-31 13:00:00,792.25,894.75,38.11,33.03,1.38
2019-03-31 14:00:00,658.35,752.08,38.1,32.44,0.97
2019-03-31 15:00:00,425.0,545.3,37.61,33.03,0.75
2019-03-31 16:00:00,235.1,304.95,36.79,34.87,0.76
2019-03-31 17:00:00,67.65,84.97,35.47,41.28,0.87
2019-03-31 18:00:00,0.0,0.0,33.2,58.02,0.83
2019-03-31 19:00:00,0.0,0.0,32.2,57.73,1.3
2019-03-31 20:00:00,0.0,0.0,31.34,58.51,1.91
2019-03-31 21:00:00,0.0,0.0,30.48,60.42,2.65
2019-03-31 22:00:00,0.0,0.0,29.64,64.15,3.06
2019-03-31 23:00:00,0.0,0.0,28.97,67.87,3.04
2019-04-01 00:00:00,0.0,0.0,28.43,71.0,2.98
2019-04-01 01:00:00,0.0,0.0,28.01,73.38,3.03
2019-04-01 02:00:00,0.0,0.0,27.63,75.67,3.06
2019-04-01 03:00:00,0.0,0.0,27.32,77.43,3.0
2019-04-01 04:00:00,0.0,0.0,27.07,78.8,2.89
2019-04-01 05:00:00,0.0,0.0,26.84,80.07,2.69
2019-04-01 06:00:00,39.78,50.62,27.1,78.97,2.89
2019-04-01 07:00:00,189.65,260.25,29.39,66.34,3.14
2019-04-01 08:00:00,399.9,502.88,32.26,52.87,3.09
2019-04-01 09:00:00,556.5,717.4,34.27,45.99,2.34
2019-04-01 10:00:00,779.4,875.6,35.8,41.5,1.15
2019-04-01 11:00:00,866.35,960.03,36.76,38.59,0.2
2019-04-01 12:00:00,885.3,963.3,37.25,36.73,0.64
2019-04-01 13:00:00,817.47,893.58,37.09,36.28,0.99
2019-04-01 14:00:00,579.67,747.22,36.79,36.48,1.25
2019-04-01 15:00:00,405.33,540.45,36.14,37.74,1.41
2019-04-01 16:00:00,205.93,299.88,35.53,39.35,1.59
2019-04-01 17:00:00,52.67,82.18,34.07,48.13,1.2
2019-04-01 18:00:00,0.0,0.0,32.33,54.25,1.48
2019-04-01 19:00:00,0.0,0.0,31.55,55.67,2.23
2019-04-01 20:00:00,0.0,0.0,30.7,59.26,2.61
2019-04-01 21:00:00,0.0,0.0,29.98,63.12,2.82
2019-04-01 22:00:00,0.0,0.0,29.36,66.84,2.88
2019-04-01 23:00:00,0.0,0.0,28.89,69.58,2.79
2019-04-02 00:00:00,0.0,0.0,28.62,71.22,2.74
2019-04-02 01:00:00,0.0,0.0,28.42,72.31,2.61
2019-04-02 02:00:00,0.0,0.0,28.24,73.4,2.54
2019-04-02 03:00:00,0.0,0.0,28.03,74.66,2.35
2019-04-02 04:00:00,0.0,0.0,27.79,76.11,2.08
2019-04-02 05:00:00,0.0,0.0,27.5,77.87,1.75
2019-04-02 06:00:00,42.88,46.0,27.68,77.48,2.04
2019-04-02 07:00:00,198.77,231.48,29.74,66.5,2.44
2019-04-02 08:00:00,408.23,468.42,32.23,54.49,2.41
2019-04-02 09:00:00,604.8,690.58,34.33,46.31,1.56
2019-04-02 10:00:00,818.42,854.0,36.43,39.71,0.88
2019-04-02 11:00:00,885.12,944.7,38.24,34.71,1.87
2019-04-02 12:00:00,880.1,917.55,39.26,31.79,2.59
2019-04-02 13:00:00,818.65,849.97,39.73,30.17,2.95
2019-04-02 14:00:00,626.17,706.47,39.57,29.8,3.03
2019-04-02 15:00:00,394.45,495.0,39.02,30.06,2.91
2019-04-02 16:00:00,233.25,273.4,38.34,30.69,2.63
2019-04-02 17:00:00,68.47,74.2,36.5,38.24,1.47
2019-04-02 18:00:00,0.0,0.0,34.23,44.84,1.67
2019-04-02 19:00:00,0.0,0.0,33.39,46.34,2.91
2019-04-02 20:00:00,0.0,0.0,32.21,52.39,3.6
2019-04-02 21:00:00,0.0,0.0,31.17,58.78,3.38
2019-04-02 22:00:00,0.0,0.0,30.59,62.84,3.03
2019-04-02 23:00:00,0.0,0.0,30.24,65.33,2.76
2019-04-03 00:00:00,0.0,0.0,29.97,67.08,2.57
2019-04-03 01:00:00,0.0,0.0,29.71,68.59,2.45
2019-04-03 02:00:00,0.0,0.0,29.38,70.26,2.39
2019-04-03 03:00:00,0.0,0.0,28.94,72.41,2.43
2019-04-03 04:00:00,0.0,0.0,28.57,74.23,2.61
2019-04-03 05:00:00,0.0,0.0,28.3,75.39,2.79
2019-04-03 06:00:00,44.38,45.8,28.46,74.52,3.37
2019-04-03 07:00:00,216.02,225.05,29.71,66.94,4.29
2019-04-03 08:00:00,449.38,455.08,31.57,57.88,4.73
2019-04-03 09:00:00,653.88,673.08,33.49,50.15,4.24
2019-04-03 10:00:00,804.7,827.88,35.34,43.86,3.46
2019-04-03 11:00:00,866.08,913.9,36.8,39.12,2.95
2019-04-03 12:00:00,905.7,922.22,37.67,36.05,2.73
2019-04-03 13:00:00,808.4,837.67,38.26,33.77,2.73
2019-04-03 14:00:00,660.5,683.97,38.42,32.5,2.8
2019-04-03 15:00:00,458.02,478.4,38.0,32.56,2.82
2019-04-03 16:00:00,250.88,264.38,37.13,33.86,2.85
2019-04-03 17:00:00,64.62,71.18,35.7,37.78,2.41
2019-04-03 18:00:00,0.0,0.0,33.65,44.9,2.14
2019-04-03 19:00:00,0.0,0.0,32.88,47.41,2.85
2019-04-03 20:00:00,0.0,0.0,32.09,50.95,3.06
2019-04-03 21:00:00,0.0,0.0,31.61,53.76,3.05
2019-04-03 22:00:00,0.0,0.0,31.28,55.95,2.93
2019-04-03 23:00:00,0.0,0.0,30.85,58.19,2.66
2019-04-04 00:00:00,0.0,0.0,30.4,60.37,2.49
2019-04-04 01:00:00,0.0,0.0,29.98,62.54,2.51
2019-04-04 02:00:00,0.0,0.0,29.54,64.89,2.61
2019-04-04 03:00:00,0.0,0.0,29.18,66.83,2.86
2019-04-04 04:00:00,0.0,0.0,28.8,68.65,2.98
2019-04-04 05:00:00,0.0,0.0,28.43,70.05,3.0
2019-04-04 06:00:00,40.83,49.3,28.71,68.38,3.51
2019-04-04 07:00:00,220.05,242.0,31.12,57.13,4.29
2019-04-04 08:00:00,479.77,480.4,33.8,47.22,4.74
2019-04-04 09:00:00,696.28,697.88,35.91,41.08,4.07
2019-04-04 10:00:00,857.28,863.72,37.78,36.36,2.65
2019-04-04 11:00:00,948.85,955.22,39.17,32.91,1.21
2019-04-04 12:00:00,966.55,980.45,40.11,30.27,0.41
2019-04-04 13:00:00,868.7,908.25,40.78,28.06,1.14
2019-04-04 14:00:00,664.05,761.35,40.88,27.02,1.66
2019-04-04 15:00:00,449.42,553.42,40.52,26.72,1.88
2019-04-04 16:00:00,236.6,309.83,39.58,27.62,2.06
2019-04-04 17:00:00,69.9,86.62,37.98,31.82,1.82
2019-04-04 18:00:00,0.0,0.0,36.32,36.51,2.61
2019-04-04 19:00:00,0.0,0.0,35.17,40.94,4.06
2019-04-04 20:00:00,0.0,0.0,33.65,48.41,4.69
2019-04-04 21:00:00,0.0,0.0,32.45,54.65,4.57
2019-04-04 22:00:00,0.0,0.0,31.73,58.65,3.83
2019-04-04 23:00:00,0.0,0.0,31.11,62.36,3.03
2019-04-05 00:00:00,0.0,0.0,30.41,66.61,2.65
2019-04-05 01:00:00,0.0,0.0,29.56,72.18,2.58
2019-04-05 02:00:00,0.0,0.0,28.58,78.6,2.71
2019-04-05 03:00:00,0.0,0.0,27.63,84.95,3.11
2019-04-05 04:00:00,0.0,0.0,27.0,88.5,3.53
2019-04-05 05:00:00,0.0,0.0,26.61,90.59,3.8
2019-04-05 06:00:00,29.45,54.45,26.6,90.52,4.06
2019-04-05 07:00:00,143.82,262.3,27.43,84.75,4.75
2019-04-05 08:00:00,292.52,505.4,29.09,74.32,5.51
2019-04-05 09:00:00,460.85,722.08,30.87,65.82,5.55
2019-04-05 10:00:00,665.55,883.12,32.02,60.8,5.22
2019-04-05 11:00:00,716.58,972.42,33.01,56.95,4.87
2019-04-05 12:00:00,898.22,982.58,33.79,53.79,4.62
2019-04-05 13:00:00,835.83,906.88,34.09,51.95,4.29
2019-04-05 14:00:00,704.35,758.17,33.95,51.41,3.86
2019-04-05 15:00:00,495.67,549.55,33.49,52.12,3.35
2019-04-05 16:00:00,270.83,301.9,32.87,54.96,2.56
2019-04-05 17:00:00,80.68,85.1,31.52,65.24,1.43
2019-04-05 18:00:00,0.0,0.0,30.22,71.17,1.33
2019-04-05 19:00:00,0.0,0.0,29.75,71.19,1.7
2019-04-05 20:00:00,0.0,0.0,29.36,71.34,2.29
2019-04-05 21:00:00,0.0,0.0,28.94,72.43,2.83
2019-04-05 22:00:00,0.0,0.0,28.57,73.41,3.37
2019-04-05 23:00:00,0.0,0.0,28.2,74.61,3.8
2019-04-06 00:00:00,0.0,0.0,27.78,76.28,3.84
2019-04-06 01:00:00,0.0,0.0,27.42,77.9,3.61
2019-04-06 02:00:00,0.0,0.0,27.04,79.99,2.92
2019-04-06 03:00:00,0.0,0.0,26.72,81.77,2.44
2019-04-06 04:00:00,0.0,0.0,26.56,82.57,2.31
2019-04-06 05:00:00,0.0,0.0,26.44,83.16,2.37
2019-04-06 06:00:00,44.1,53.22,26.66,81.88,2.84
2019-04-06 07:00:00,193.35,252.98,28.09,74.21,3.84
2019-04-06 08:00:00,393.05,490.0,30.19,63.2,4.81
2019-04-06 09:00:00,596.9,703.7,32.3,52.95,4.78
2019-04-06 10:00:00,750.55,862.7,34.22,44.52,4.4
2019-04-06 11:00:00,855.92,950.97,35.75,38.59,3.97
2019-04-06 12:00:00,869.22,954.1,37.1,34.54,3.58
2019-04-06 13:00:00,764.78,871.5,38.06,31.93,3.11
2019-04-06 14:00:00,636.97,716.17,38.52,30.59,2.66
2019-04-06 15:00:00,423.85,505.42,38.39,30.45,2.27
2019-04-06 16:00:00,227.8,270.23,37.61,32.28,1.96
2019-04-06 17:00:00,64.0,71.88,35.14,46.27,1.22
2019-04-06 18:00:00,0.0,0.0,32.26,53.83,1.43
2019-04-06 19:00:00,0.0,0.0,31.37,53.84,2.01
2019-04-06 20:00:00,0.0,0.0,30.71,55.41,2.65
2019-04-06 21:00:00,0.0,0.0,30.06,58.73,3.17
2019-04-06 22:00:00,0.0,0.0,29.35,63.18,3.42
2019-04-06 23:00:00,0.0,0.0,28.74,67.29,3.59
2019-04-07 00:00:00,0.0,0.0,28.25,70.71,3.74
2019-04-07 01:00:00,0.0,0.0,27.85,73.29,3.77
2019-04-07 02:00:00,0.0,0.0,27.55,75.15,3.7
2019-04-07 03:00:00,0.0,0.0,27.3,76.24,3.57
2019-04-07 04:00:00,0.0,0.0,27.04,77.3,3.32
2019-04-07 05:00:00,0.0,0.0,26.74,78.77,2.91
2019-04-07 06:00:00,46.5,49.33,26.95,77.96,2.98
2019-04-07 07:00:00,209.9,236.57,28.51,70.76,3.42
2019-04-07 08:00:00,380.73,467.45,30.48,61.91,3.92
2019-04-07 09:00:00,616.05,685.9,32.05,55.03,3.7
2019-04-07 10:00:00,776.8,851.6,33.39,49.35,2.86
2019-04-07 11:00:00,895.72,946.17,34.48,44.81,1.74
2019-04-07 12:00:00,842.17,915.25,35.03,42.63,1.13
2019-04-07 13:00:00,623.28,833.95,35.11,42.41,1.82
2019-04-07 14:00:00,658.05,693.88,34.64,44.28,2.59
2019-04-07 15:00:00,402.65,480.0,33.86,47.51,3.11
2019-04-07 16:00:00,209.93,261.52,32.94,52.02,3.03
2019-04-07 17:00:00,54.5,69.22,31.6,60.6,2.08
2019-04-07 18:00:00,0.0,0.0,30.25,68.67,1.17
2019-04-07 19:00:00,0.0,0.0,29.76,71.97,0.81
2019-04-07 20:00:00,0.0,0.0,29.56,72.31,0.59
2019-04-07 21:00:00,0.0,0.0,29.36,72.16,0.45
2019-04-07 22:00:00,0.0,0.0,29.12,72.57,0.36
2019-04-07 23:00:00,0.0,0.0,28.66,74.44,0.34
2019-04-08 00:00:00,0.0,0.0,27.89,77.97,0.57
2019-04-08 01:00:00,0.0,0.0,27.36,79.87,0.86
2019-04-08 02:00:00,0.0,0.0,27.12,80.53,1.37
2019-04-08 03:00:00,0.0,0.0,26.96,81.28,2.06
2019-04-08 04:00:00,0.0,0.0,26.86,82.12,2.51
2019-04-08 05:00:00,0.0,0.0,26.68,83.47,2.58
2019-04-08 06:00:00,46.5,55.67,26.93,82.85,2.91
2019-04-08 07:00:00,206.7,258.55,28.24,76.83,3.23
2019-04-08 08:00:00,406.98,497.62,30.06,67.7,3.66
2019-04-08 09:00:00,592.28,710.58,31.42,61.62,3.46
2019-04-08 10:00:00,835.25,873.8,32.33,57.93,3.08
2019-04-08 11:00:00,894.47,959.45,32.87,55.33,2.84
2019-04-08 12:00:00,923.62,992.45,33.23,53.31,2.7
2019-04-08 13:00:00,869.97,918.15,33.42,51.87,2.7
2019-04-08 14:00:00,714.0,768.6,33.38,51.34,2.71
2019-04-08 15:00:00,497.92,558.88,32.98,52.52,2.73
2019-04-08 16:00:00,276.67,314.02,32.08,57.14,2.75
2019-04-08 17:00:00,76.7,85.62,30.37,68.1,2.48
2019-04-08 18:00:00,0.0,0.0,28.92,75.51,2.65
2019-04-08 19:00:00,0.0,0.0,28.42,77.54,2.86
2019-04-08 20:00:00,0.0,0.0,28.02,79.2,2.75
2019-04-08 21:00:00,0.0,0.0,27.68,80.48,2.71
2019-04-08 22:00:00,0.0,0.0,27.35,81.75,2.74
2019-04-08 23:00:00,0.0,0.0,27.0,83.1,2.77
2019-04-09 00:00:00,0.0,0.0,26.65,84.56,2.74
2019-04-09 01:00:00,0.0,0.0,26.3,86.13,2.58
2019-04-09 02:00:00,0.0,0.0,25.98,87.61,2.35
2019-04-09 03:00:00,0.0,0.0,25.65,89.19,2.07
2019-04-09 04:00:00,0.0,0.0,25.35,90.71,1.82
2019-04-09 05:00:00,0.0,0.0,25.11,91.97,1.64
2019-04-09 06:00:00,54.38,54.03,25.54,89.71,2.23
2019-04-09 07:00:00,223.3,242.23,27.46,79.29,2.9
2019-04-09 08:00:00,447.08,477.02,30.11,65.41,3.53
2019-04-09 09:00:00,641.45,690.65,32.36,55.46,3.29
2019-04-09 10:00:00,803.15,850.35,34.15,48.46,2.78
2019-04-09 11:00:00,902.03,936.4,35.68,42.86,2.25
2019-04-09 12:00:00,969.65,996.62,36.82,38.44,1.76
2019-04-09 13:00:00,915.2,921.15,37.52,35.22,1.52
2019-04-09 14:00:00,753.38,773.25,37.62,33.58,1.68
2019-04-09 15:00:00,536.65,565.92,37.14,33.56,2.17
2019-04-09 16:00:00,288.67,322.3,36.14,35.71,2.8
2019-04-09 17:00:00,81.57,92.82,34.07,43.75,2.83
2019-04-09 18:00:00,0.0,0.0,32.0,51.31,3.45
2019-04-09 19:00:00,0.0,0.0,30.95,55.69,4.07
2019-04-09 20:00:00,0.0,0.0,30.04,60.09,4.09
2019-04-09 21:00:00,0.0,0.0,29.31,63.81,3.82
2019-04-09 22:00:00,0.0,0.0,28.69,66.75,3.41
2019-04-09 23:00:00,0.0,0.0,28.07,69.56,2.98
2019-04-10 00:00:00,0.0,0.0,27.42,72.99,2.69
2019-04-10 01:00:00,0.0,0.0,26.86,76.65,2.68
2019-04-10 02:00:00,0.0,0.0,26.32,80.68,2.72
2019-04-10 03:00:00,0.0,0.0,25.84,84.3,2.6
2019-04-10 04:00:00,0.0,0.0,25.36,87.73,2.28
2019-04-10 05:00:00,0.0,0.0,24.77,91.32,1.7
2019-04-10 06:00:00,64.15,67.05,25.47,88.05,2.02
2019-04-10 07:00:00,279.85,288.58,28.46,70.94,2.09
2019-04-10 08:00:00,528.28,533.55,31.78,55.42,1.87
2019-04-10 09:00:00,730.6,747.65,34.12,46.36,1.39
2019-04-10 10:00:00,892.92,904.58,36.03,39.67,1.08
2019-04-10 11:00:00,974.42,988.12,37.58,34.81,0.85
2019-04-10 12:00:00,967.7,985.78,38.73,31.49,0.7
2019-04-10 13:00:00,838.7,910.88,39.4,29.38,0.84
2019-04-10 14:00:00,733.4,763.65,39.48,28.44,1.23
2019-04-10 15:00:00,546.25,557.65,38.88,28.69,1.64
2019-04-10 16:00:00,294.35,316.45,37.81,30.25,2.08
2019-04-10 17:00:00,83.97,90.57,35.8,38.05,1.91
2019-04-10 18:00:00,0.0,0.0,33.66,44.04,2.65
2019-04-10 19:00:00,0.0,0.0,32.41,48.32,3.84
2019-04-10 20:00:00,0.0,0.0,30.96,56.36,3.96
2019-04-10 21:00:00,0.0,0.0,30.03,62.63,3.75
2019-04-10 22:00:00,0.0,0.0,29.49,66.81,3.53
2019-04-10 23:00:00,0.0,0.0,29.06,69.77,3.4
2019-04-11 00:00:00,0.0,0.0,28.63,72.59,3.37
2019-04-11 01:00:00,0.0,0.0,28.25,75.05,3.38
2019-04-11 02:00:00,0.0,0.0,27.97,76.95,3.44
2019-04-11 03:00:00,0.0,0.0,27.7,78.78,3.53
2019-04-11 04:00:00,0.0,0.0,27.46,80.54,3.61
2019-04-11 05:00:00,0.0,0.0,27.23,82.06,3.61
2019-04-11 06:00:00,60.88,66.22,27.32,81.73,3.66
2019-04-11 07:00:00,261.45,284.95,28.5,74.99,3.66
2019-04-11 08:00:00,502.0,528.33,30.11,66.43,3.72
2019-04-11 09:00:00,684.83,739.97,31.62,59.27,3.69
2019-04-11 10:00:00,843.95,894.3,32.8,54.36,3.54
2019-04-11 11:00:00,892.67,976.47,33.27,52.24,3.5
2019-04-11 12:00:00,821.97,912.78,32.78,53.51,3.71
2019-04-11 13:00:00,688.95,845.03,32.11,55.8,4.04
2019-04-11 14:00:00,492.85,690.17,31.19,58.9,4.1
2019-04-11 15:00:00,291.55,499.2,30.63,61.0,4.08
2019-04-11 16:00:00,157.62,272.67,30.2,62.77,3.91
2019-04-11 17:00:00,51.4,73.95,29.45,67.14,3.11
2019-04-11 18:00:00,0.0,0.0,28.41,73.61,2.44
2019-04-11 19:00:00,0.0,0.0,27.96,76.33,2.58
2019-04-11 20:00:00,0.0,0.0,27.48,79.11,2.67
2019-04-11 21:00:00,0.0,0.0,26.96,81.95,2.38
2019-04-11 22:00:00,0.0,0.0,26.39,84.88,1.97
2019-04-11 23:00:00,0.0,0.0,25.85,87.73,1.64
2019-04-12 00:00:00,0.0,0.0,25.37,90.29,1.44
2019-04-12 01:00:00,0.0,0.0,25.0,92.47,1.29
2019-04-12 02:00:00,0.0,0.0,24.75,94.16,1.17
2019-04-12 03:00:00,0.0,0.0,24.57,95.21,1.17
2019-04-12 04:00:00,0.0,0.0,24.47,95.49,1.26
2019-04-12 05:00:00,0.0,0.0,24.37,95.56,1.4
2019-04-12 06:00:00,62.17,62.22,25.14,90.44,2.41
2019-04-12 07:00:00,241.62,266.85,27.22,75.2,3.73
2019-04-12 08:00:00,469.2,505.88,29.9,58.66,4.18
2019-04-12 09:00:00,686.55,718.35,32.32,48.1,3.8
2019-04-12 10:00:00,862.08,875.45,34.13,41.08,3.46
2019-04-12 11:00:00,946.12,958.53,35.47,36.1,3.18
2019-04-12 12:00:00,996.17,1000.83,36.5,32.51,2.95
2019-04-12 13:00:00,917.17,922.25,37.27,29.93,2.73
2019-04-12 14:00:00,766.12,770.9,37.74,28.31,2.47
2019-04-12 15:00:00,543.15,559.97,37.61,28.04,2.08
2019-04-12 16:00:00,291.98,314.2,36.94,29.11,1.49
2019-04-12 17:00:00,81.5,88.1,35.45,38.18,0.63
2019-04-12 18:00:00,0.0,0.0,33.77,45.0,0.56
2019-04-12 19:00:00,0.0,0.0,32.31,49.79,0.91
2019-04-12 20:00:00,0.0,0.0,30.89,53.79,1.29
2019-04-12 21:00:00,0.0,0.0,30.05,54.2,1.88
2019-04-12 22:00:00,0.0,0.0,29.3,55.95,2.53
2019-04-12 23:00:00,0.0,0.0,28.51,59.28,2.75
2019-04-13 00:00:00,0.0,0.0,27.85,62.36,2.81
2019-04-13 01:00:00,0.0,0.0,27.31,65.06,2.74
2019-04-13 02:00:00,0.0,0.0,26.87,67.45,2.53
2019-04-13 03:00:00,0.0,0.0,26.47,69.86,2.26
2019-04-13 04:00:00,0.0,0.0,26.05,72.57,1.99
2019-04-13 05:00:00,0.0,0.0,25.7,74.94,1.83
2019-04-13 06:00:00,22.4,67.2,26.09,73.19,2.27
2019-04-13 07:00:00,99.03,283.0,27.88,63.86,2.39
2019-04-13 08:00:00,204.15,523.4,30.44,51.34,2.54
2019-04-13 09:00:00,328.58,734.42,32.96,41.6,2.29
2019-04-13 10:00:00,602.38,889.2,34.47,38.26,2.01
2019-04-13 11:00:00,627.3,971.95,35.37,36.9,1.87
2019-04-13 12:00:00,678.17,975.38,35.9,36.23,1.75
2019-04-13 13:00:00,603.53,899.88,36.28,35.78,1.47
2019-04-13 14:00:00,467.42,752.17,36.14,36.32,1.31
2019-04-13 15:00:00,289.3,546.38,35.51,37.92,1.76
2019-04-13 16:00:00,170.02,306.8,34.48,40.76,2.44
2019-04-13 17:00:00,54.08,84.75,32.7,48.68,2.33
2019-04-13 18:00:00,0.0,0.0,30.45,59.14,2.29
2019-04-13 19:00:00,0.0,0.0,29.61,62.22,3.0
2019-04-13 20:00:00,0.0,0.0,28.85,66.5,3.28
2019-04-13 21:00:00,0.0,0.0,28.14,71.13,3.16
2019-04-13 22:00:00,0.0,0.0,27.59,75.03,2.85
2019-04-13 23:00:00,0.0,0.0,27.18,77.86,2.56
2019-04-14 00:00:00,0.0,0.0,26.86,79.85,2.31
2019-04-14 01:00:00,0.0,0.0,26.56,81.81,2.18
2019-04-14 02:00:00,0.0,0.0,26.26,83.78,2.21
2019-04-14 03:00:00,0.0,0.0,25.99,85.54,2.32
2019-04-14 04:00:00,0.0,0.0,25.69,87.44,2.34
2019-04-14 05:00:00,0.0,0.0,25.42,89.1,2.26
2019-04-14 06:00:00,60.28,61.75,25.79,87.12,2.59
2019-04-14 07:00:00,240.12,258.48,27.98,73.6,3.63
2019-04-14 08:00:00,463.65,492.48,30.61,60.57,3.78
2019-04-14 09:00:00,681.95,701.72,32.83,51.91,2.87
2019-04-14 10:00:00,814.38,866.08,34.43,46.66,1.82
2019-04-14 11:00:00,923.53,951.05,35.56,43.11,1.44
2019-04-14 12:00:00,864.45,907.22,36.31,40.42,1.79
2019-04-14 13:00:00,794.12,832.0,36.47,39.27,2.38
2019-04-14 14:00:00,679.6,692.28,36.13,39.43,2.93
2019-04-14 15:00:00,431.88,483.67,35.18,41.32,3.37
2019-04-14 16:00:00,217.9,259.48,34.06,44.38,3.66
2019-04-14 17:00:00,62.5,71.93,32.47,50.66,3.3
2019-04-14 18:00:00,0.0,0.0,30.6,60.18,2.65
2019-04-14 19:00:00,0.0,0.0,29.84,64.17,2.65
2019-04-14 20:00:00,0.0,0.0,29.25,67.24,2.58
2019-04-14 21:00:00,0.0,0.0,28.77,69.67,2.47
2019-04-14 22:00:00,0.0,0.0,28.29,72.04,2.36
2019-04-14 23:00:00,0.0,0.0,27.78,74.76,2.22
2019-04-15 00:00:00,0.0,0.0,27.31,77.65,2.01
2019-04-15 01:00:00,0.0,0.0,26.88,80.73,1.72
2019-04-15 02:00:00,0.0,0.0,26.5,83.69,1.44
2019-04-15 03:00:00,0.0,0.0,26.21,85.92,1.34
2019-04-15 04:00:00,0.0,0.0,25.97,87.65,1.38
2019-04-15 05:00:00,0.0,0.0,25.75,89.31,1.46
2019-04-15 06:00:00,57.6,69.25,26.19,87.25,2.15
2019-04-15 07:00:00,221.4,284.95,27.91,76.38,2.94
2019-04-15 08:00:00,411.5,526.03,29.98,64.95,2.76
2019-04-15 09:00:00,594.3,735.95,31.91,55.86,2.19
2019-04-15 10:00:00,779.95,888.58,33.56,48.18,1.94
2019-04-15 11:00:00,857.08,968.92,35.36,40.59,2.31
2019-04-15 12:00:00,938.03,991.28,36.98,35.11,2.83
2019-04-15 13:00:00,881.58,917.45,37.94,32.05,3.09
2019-04-15 14:00:00,725.3,772.1,38.2,30.58,3.13
2019-04-15 15:00:00,528.78,567.95,37.88,30.36,3.05
2019-04-15 16:00:00,290.7,327.35,37.0,31.55,2.79
2019-04-15 17:00:00,83.32,96.12,35.09,39.95,1.61
2019-04-15 18:00:00,0.0,0.0,32.18,54.11,1.13
2019-04-15 19:00:00,0.0,0.0,31.12,54.92,1.51
2019-04-15 20:00:00,0.0,0.0,30.23,56.91,2.21
2019-04-15 21:00:00,0.0,0.0,29.31,62.15,3.07
2019-04-15 22:00:00,0.0,0.0,28.46,68.56,3.2
2019-04-15 23:00:00,0.0,0.0,27.9,72.78,3.01
2019-04-16 00:00:00,0.0,0.0,27.45,75.71,2.68
2019-04-16 01:00:00,0.0,0.0,26.98,78.84,2.21
2019-04-16 02:00:00,0.0,0.0,26.59,81.64,1.89
2019-04-16 03:00:00,0.0,0.0,26.24,83.99,1.68
2019-04-16 04:00:00,0.0,0.0,25.97,85.65,1.5
2019-04-16 05:00:00,0.0,0.0,25.73,86.91,1.43
2019-04-16 06:00:00,67.8,79.57,26.17,84.49,2.26
2019-04-16 07:00:00,257.48,306.38,27.84,74.89,3.27
2019-04-16 08:00:00,468.12,548.4,29.94,63.69,3.28
2019-04-16 09:00:00,713.25,757.47,32.21,53.4,2.44
2019-04-16 10:00:00,858.85,910.1,34.22,45.34,1.21
2019-04-16 11:00:00,936.25,991.97,35.69,39.84,0.66
2019-04-16 12:00:00,911.45,990.7,36.89,36.34,1.22
2019-04-16 13:00:00,823.28,915.12,37.56,34.46,1.71
2019-04-16 14:00:00,699.6,766.83,37.53,34.11,2.04
2019-04-16 15:00:00,420.33,557.88,36.93,34.98,2.2
2019-04-16 16:00:00,215.32,315.65,36.09,36.6,2.36
2019-04-16 17:00:00,64.38,89.5,34.59,42.39,1.99
2019-04-16 18:00:00,0.0,0.0,32.02,53.21,1.72
2019-04-16 19:00:00,0.0,0.0,31.22,54.17,2.6
2019-04-16 20:00:00,0.0,0.0,30.43,56.7,3.3
2019-04-16 21:00:00,0.0,0.0,29.63,60.6,3.58
2019-04-16 22:00:00,0.0,0.0,29.03,63.88,3.64
2019-04-16 23:00:00,0.0,0.0,28.55,66.63,3.52
2019-04-17 00:00:00,0.0,0.0,28.1,69.26,3.27
2019-04-17 01:00:00,0.0,0.0,27.68,71.82,3.04
2019-04-17 02:00:00,0.0,0.0,27.2,75.17,2.71
2019-04-17 03:00:00,0.0,0.0,26.72,78.6,2.62
2019-04-17 04:00:00,0.0,0.0,26.3,81.54,2.58
2019-04-17 05:00:00,0.0,0.0,25.92,84.08,2.42
2019-04-17 06:00:00,63.25,67.75,26.37,81.72,2.78
2019-04-17 07:00:00,247.32,268.95,28.88,67.36,3.64
2019-04-17 08:00:00,483.45,503.42,31.7,54.67,3.53
2019-04-17 09:00:00,707.45,709.85,34.04,46.43,2.7
2019-04-17 10:00:00,865.3,868.05,35.93,40.73,1.86
2019-04-17 11:00:00,948.65,952.12,37.32,36.5,1.27
2019-04-17 12:00:00,953.1,954.78,38.34,33.07,1.34
2019-04-17 13:00:00,880.3,880.42,39.11,30.27,1.81
2019-04-17 14:00:00,711.38,730.6,39.36,28.61,2.21
2019-04-17 15:00:00,484.08,526.35,39.08,28.2,2.47
2019-04-17 16:00:00,254.68,291.6,38.14,29.41,2.62
2019-04-17 17:00:00,64.45,81.38,36.2,35.42,2.03
2019-04-17 18:00:00,0.0,0.0,33.57,45.18,1.91
2019-04-17 19:00:00,0.0,0.0,32.7,47.26,3.01
2019-04-17 20:00:00,0.0,0.0,31.5,53.05,3.4
2019-04-17 21:00:00,0.0,0.0,30.45,58.72,3.41
2019-04-17 22:00:00,0.0,0.0,29.77,62.42,3.37
2019-04-17 23:00:00,0.0,0.0,29.32,64.76,3.31
2019-04-18 00:00:00,0.0,0.0,28.87,67.01,3.15
2019-04-18 01:00:00,0.0,0.0,28.41,69.47,2.95
2019-04-18 02:00:00,0.0,0.0,27.99,71.98,2.79
2019-04-18 03:00:00,0.0,0.0,27.67,74.13,2.73
2019-04-18 04:00:00,0.0,0.0,27.36,76.2,2.54
2019-04-18 05:00:00,0.0,0.0,27.06,78.28,2.27
2019-04-18 06:00:00,68.43,72.07,27.4,76.98,2.5
2019-04-18 07:00:00,270.33,282.92,30.05,62.16,3.12
2019-04-18 08:00:00,514.15,520.5,33.09,49.26,3.26
2019-04-18 09:00:00,724.5,729.1,35.42,41.99,2.58
2019-04-18 10:00:00,878.72,881.0,37.26,36.82,1.49
2019-04-18 11:00:00,917.45,960.47,38.7,32.76,0.44
2019-04-18 12:00:00,838.78,938.15,39.94,29.44,1.04
2019-04-18 13:00:00,777.6,860.17,40.64,27.31,1.71
2019-04-18 14:00:00,645.53,710.62,40.81,26.06,2.19
2019-04-18 15:00:00,398.2,504.62,40.3,25.97,2.49
2019-04-18 16:00:00,204.23,273.17,39.36,26.94,2.69
2019-04-18 17:00:00,60.4,75.7,37.38,32.82,2.08
2019-04-18 18:00:00,0.0,0.0,35.14,39.76,2.54
2019-04-18 19:00:00,0.0,0.0,33.9,44.43,3.95
2019-04-18 20:00:00,0.0,0.0,32.3,53.01,4.3
2019-04-18 21:00:00,0.0,0.0,31.21,59.51,4.12
2019-04-18 22:00:00,0.0,0.0,30.55,63.06,3.76
2019-04-18 23:00:00,0.0,0.0,30.12,65.1,3.41
2019-04-19 00:00:00,0.0,0.0,29.74,66.83,3.27
2019-04-19 01:00:00,0.0,0.0,29.43,68.11,3.23
2019-04-19 02:00:00,0.0,0.0,29.01,70.46,2.97
2019-04-19 03:00:00,0.0,0.0,28.54,73.41,2.62
2019-04-19 04:00:00,0.0,0.0,28.15,75.99,2.32
2019-04-19 05:00:00,0.0,0.0,27.81,78.1,2.17
2019-04-19 06:00:00,60.35,72.22,28.07,77.01,2.86
2019-04-19 07:00:00,223.5,283.45,29.78,67.9,3.91
2019-04-19 08:00:00,419.35,520.28,31.99,57.65,4.45
2019-04-19 09:00:00,628.03,729.35,34.05,49.74,4.33
2019-04-19 10:00:00,739.88,882.85,35.81,44.02,3.73
2019-04-19 11:00:00,830.6,961.28,37.05,40.15,3.08
2019-04-19 12:00:00,806.33,959.42,37.92,37.36,2.66
2019-04-19 13:00:00,732.1,878.17,38.24,35.8,2.52
2019-04-19 14:00:00,527.62,724.45,38.42,34.56,2.55
2019-04-19 15:00:00,380.9,517.05,37.93,34.67,2.64
2019-04-19 16:00:00,215.1,281.92,36.98,36.04,2.76
2019-04-19 17:00:00,60.83,74.93,35.53,40.05,2.44
2019-04-19 18:00:00,0.0,0.0,33.36,48.1,2.08
2019-04-19 19:00:00,0.0,0.0,32.56,50.83,2.76
2019-04-19 20:00:00,0.0,0.0,31.72,54.63,2.98
2019-04-19 21:00:00,0.0,0.0,30.99,58.36,3.01
2019-04-19 22:00:00,0.0,0.0,30.38,61.7,3.06
2019-04-19 23:00:00,0.0,0.0,29.82,64.77,3.18
2019-04-20 00:00:00,0.0,0.0,29.3,67.74,3.27
2019-04-20 01:00:00,0.0,0.0,28.81,70.79,3.23
2019-04-20 02:00:00,0.0,0.0,28.37,73.65,3.0
2019-04-20 03:00:00,0.0,0.0,27.95,76.37,2.5
2019-04-20 04:00:00,0.0,0.0,27.53,78.96,2.0
2019-04-20 05:00:00,0.0,0.0,27.16,81.29,1.6
2019-04-20 06:00:00,67.57,70.38,27.49,79.95,1.89
2019-04-20 07:00:00,260.12,274.1,29.37,69.49,2.4
2019-04-20 08:00:00,502.92,509.95,31.41,59.8,2.51
2019-04-20 09:00:00,711.5,719.67,33.24,52.86,2.27
2019-04-20 10:00:00,744.9,871.1,34.7,47.9,1.91
2019-04-20 11:00:00,932.08,950.9,35.75,44.43,1.57
2019-04-20 12:00:00,871.47,912.55,36.41,42.01,1.31
2019-04-20 13:00:00,685.15,834.8,36.76,40.39,1.26
2019-04-20 14:00:00,621.72,685.5,36.75,39.51,1.42
2019-04-20 15:00:00,413.12,481.67,36.28,39.68,1.6
2019-04-20 16:00:00,211.98,254.32,35.5,41.04,1.75
2019-04-20 17:00:00,61.2,68.97,34.16,47.72,1.38
2019-04-20 18:00:00,0.0,0.0,32.34,58.73,1.25
2019-04-20 19:00:00,0.0,0.0,31.58,59.38,2.0
2019-04-20 20:00:00,0.0,0.0,30.77,62.08,2.92
2019-04-20 21:00:00,0.0,0.0,29.92,67.18,3.69
2019-04-20 22:00:00,0.0,0.0,29.21,72.07,3.83
2019-04-20 23:00:00,0.0,0.0,28.77,74.79,3.7
2019-04-21 00:00:00,0.0,0.0,28.44,76.46,3.34
2019-04-21 01:00:00,0.0,0.0,28.12,77.67,2.94
2019-04-21 02:00:00,0.0,0.0,27.85,78.62,2.5
2019-04-21 03:00:00,0.0,0.0,27.61,79.6,2.21
2019-04-21 04:00:00,0.0,0.0,27.42,80.38,2.07
2019-04-21 05:00:00,0.0,0.0,27.25,81.03,2.04
2019-04-21 06:00:00,56.38,59.3,27.46,79.65,2.61
2019-04-21 07:00:00,218.3,234.32,28.44,73.55,3.82
2019-04-21 08:00:00,400.98,443.58,29.73,66.47,4.61
2019-04-21 09:00:00,626.17,648.38,31.04,60.59,4.7
2019-04-21 10:00:00,765.88,802.9,32.13,56.33,4.39
2019-04-21 11:00:00,670.5,886.85,33.11,52.76,3.98
2019-04-21 12:00:00,867.65,877.47,33.88,49.75,3.48
2019-04-21 13:00:00,788.33,801.15,34.49,47.22,2.96
2019-04-21 14:00:00,634.47,653.08,34.52,46.26,2.47
2019-04-21 15:00:00,357.83,452.55,34.24,46.45,2.09
2019-04-21 16:00:00,213.2,243.62,33.69,48.19,1.75
2019-04-21 17:00:00,59.55,64.3,32.35,58.2,1.04
2019-04-21 18:00:00,0.0,0.0,30.89,64.17,1.06
2019-04-21 19:00:00,0.0,0.0,30.45,64.24,1.31
2019-04-21 20:00:00,0.0,0.0,30.08,65.0,1.44
2019-04-21 21:00:00,0.0,0.0,29.72,66.32,1.47
2019-04-21 22:00:00,0.0,0.0,29.39,67.6,1.51
2019-04-21 23:00:00,0.0,0.0,29.08,68.78,1.57
2019-04-22 00:00:00,0.0,0.0,28.76,70.05,1.67
2019-04-22 01:00:00,0.0,0.0,28.47,71.26,1.83
2019-04-22 02:00:00,0.0,0.0,28.18,72.68,2.05
2019-04-22 03:00:00,0.0,0.0,27.85,74.62,2.25
2019-04-22 04:00:00,0.0,0.0,27.48,77.05,2.4
2019-04-22 05:00:00,0.0,0.0,27.1,79.85,2.56
2019-04-22 06:00:00,38.47,62.83,27.06,81.2,2.99
2019-04-22 07:00:00,148.68,242.32,27.77,78.45,3.24
2019-04-22 08:00:00,306.92,460.27,29.1,71.17,3.42
2019-04-22 09:00:00,426.77,657.67,30.43,62.56,3.52
2019-04-22 10:00:00,675.62,802.15,31.69,54.4,3.2
2019-04-22 11:00:00,791.95,870.83,32.77,48.15,2.81
2019-04-22 12:00:00,882.28,909.47,33.97,43.49,2.57
2019-04-22 13:00:00,786.97,831.53,34.86,40.45,2.54
2019-04-22 14:00:00,669.9,681.53,35.25,38.77,2.55
2019-04-22 15:00:00,471.08,477.83,35.11,38.27,2.39
2019-04-22 16:00:00,231.05,252.73,34.52,39.44,2.12
2019-04-22 17:00:00,60.5,69.95,32.65,51.03,1.29
2019-04-22 18:00:00,0.0,0.0,30.58,59.34,1.34
2019-04-22 19:00:00,0.0,0.0,29.93,61.01,1.61
2019-04-22 20:00:00,0.0,0.0,29.37,64.35,1.55
2019-04-22 21:00:00,0.0,0.0,28.9,67.89,1.35
2019-04-22 22:00:00,0.0,0.0,28.52,70.66,1.18
2019-04-22 23:00:00,0.0,0.0,28.14,73.03,1.09
2019-04-23 00:00:00,0.0,0.0,27.77,75.29,1.06
2019-04-23 01:00:00,0.0,0.0,27.45,77.48,1.13
2019-04-23 02:00:00,0.0,0.0,27.12,80.27,1.24
2019-04-23 03:00:00,0.0,0.0,26.76,83.58,1.42
2019-04-23 04:00:00,0.0,0.0,26.44,86.72,1.57
2019-04-23 05:00:00,0.0,0.0,26.18,89.4,1.59
2019-04-23 06:00:00,58.22,70.9,26.59,88.25,2.3
2019-04-23 07:00:00,174.98,269.17,28.04,81.34,2.9
2019-04-23 08:00:00,325.83,499.48,30.09,68.96,3.5
2019-04-23 09:00:00,386.73,703.7,31.91,59.05,3.3
2019-04-23 10:00:00,401.35,852.9,33.09,53.86,2.77
2019-04-23 11:00:00,136.68,931.33,33.48,52.41,2.33
2019-04-23 12:00:00,69.4,865.28,33.65,52.32,2.06
2019-04-23 13:00:00,103.43,788.92,33.46,53.68,1.94
2019-04-23 14:00:00,104.82,642.97,32.95,56.49,2.01
2019-04-23 15:00:00,139.18,446.85,32.18,61.25,1.96
2019-04-23 16:00:00,80.3,234.35,31.34,68.28,1.71
2019-04-23 17:00:00,25.08,62.97,30.0,75.44,1.63
2019-04-23 18:00:00,0.0,0.0,28.43,84.97,1.38
2019-04-23 19:00:00,0.0,0.0,27.84,85.18,1.7
2019-04-23 20:00:00,0.0,0.0,27.41,85.57,1.96
2019-04-23 21:00:00,0.0,0.0,27.07,86.24,2.19
2019-04-23 22:00:00,0.0,0.0,26.76,87.37,2.36
2019-04-23 23:00:00,0.0,0.0,26.46,88.92,2.44
2019-04-24 00:00:00,0.0,0.0,26.16,90.71,2.42
2019-04-24 01:00:00,0.0,0.0,25.92,92.23,2.34
2019-04-24 02:00:00,0.0,0.0,25.72,93.45,2.25
2019-04-24 03:00:00,0.0,0.0,25.56,94.39,2.09
2019-04-24 04:00:00,0.0,0.0,25.44,94.92,1.97
2019-04-24 05:00:00,0.0,0.0,25.36,95.01,1.79
2019-04-24 06:00:00,42.65,65.15,25.69,93.05,2.25
2019-04-24 07:00:00,145.12,246.05,26.59,87.91,2.62
2019-04-24 08:00:00,277.38,464.58,27.9,79.19,3.42
2019-04-24 09:00:00,481.85,661.53,29.14,71.69,3.8
2019-04-24 10:00:00,750.3,805.4,30.25,66.16,3.66
2019-04-24 11:00:00,743.1,871.5,31.04,62.34,3.32
2019-04-24 12:00:00,823.35,950.95,31.59,59.54,2.94
2019-04-24 13:00:00,697.33,871.95,31.84,57.95,2.59
2019-04-24 14:00:00,498.45,721.15,31.8,57.35,2.23
2019-04-24 15:00:00,289.23,519.88,31.55,57.76,1.87
2019-04-24 16:00:00,170.23,289.55,31.09,60.82,1.36
2019-04-24 17:00:00,56.5,80.3,30.27,67.65,0.87
2019-04-24 18:00:00,0.0,0.0,29.19,74.92,0.6
2019-04-24 19:00:00,0.0,0.0,28.83,75.38,0.65
2019-04-24 20:00:00,0.0,0.0,28.45,77.06,0.66
2019-04-24 21:00:00,0.0,0.0,28.1,78.35,0.66
2019-04-24 22:00:00,0.0,0.0,27.73,79.35,0.7
2019-04-24 23:00:00,0.0,0.0,27.3,80.91,0.81
2019-04-25 00:00:00,0.0,0.0,26.93,81.92,1.04
2019-04-25 01:00:00,0.0,0.0,26.62,83.33,1.25
2019-04-25 02:00:00,0.0,0.0,26.34,84.77,1.36
2019-04-25 03:00:00,0.0,0.0,26.1,86.07,1.33
2019-04-25 04:00:00,0.0,0.0,25.89,87.16,1.26
2019-04-25 05:00:00,0.0,0.0,25.69,87.99,1.2
2019-04-25 06:00:00,61.3,75.38,26.1,85.45,1.66
2019-04-25 07:00:00,213.95,276.58,27.42,77.46,2.08
2019-04-25 08:00:00,399.83,507.85,29.7,64.16,2.58
2019-04-25 09:00:00,614.78,708.75,31.68,56.34,2.05
2019-04-25 10:00:00,798.85,861.97,32.87,52.68,0.9
2019-04-25 11:00:00,860.2,938.55,33.64,50.25,1.37
2019-04-25 12:00:00,882.38,951.85,33.8,49.1,2.27
2019-04-25 13:00:00,789.5,870.78,33.74,48.15,2.89
2019-04-25 14:00:00,606.12,721.88,33.5,47.26,3.15
2019-04-25 15:00:00,429.1,516.1,32.98,47.35,2.88
2019-04-25 16:00:00,226.25,282.1,32.23,49.54,2.22
2019-04-25 17:00:00,69.62,78.8,30.79,58.76,1.29
2019-04-25 18:00:00,0.0,0.0,28.92,73.17,0.77
2019-04-25 19:00:00,0.0,0.0,28.26,75.13,0.8
2019-04-25 20:00:00,0.0,0.0,27.75,77.11,0.79
2019-04-25 21:00:00,0.0,0.0,27.3,78.86,0.77
2019-04-25 22:00:00,0.0,0.0,26.88,80.3,0.77
2019-04-25 23:00:00,0.0,0.0,26.47,81.64,0.79
2019-04-26 00:00:00,0.0,0.0,26.04,83.31,0.84
2019-04-26 01:00:00,0.0,0.0,25.58,85.75,0.9
2019-04-26 02:00:00,0.0,0.0,25.18,87.87,0.96
2019-04-26 03:00:00,0.0,0.0,24.84,88.91,1.05
2019-04-26 04:00:00,0.0,0.0,24.52,89.43,1.15
2019-04-26 05:00:00,0.0,0.0,24.25,90.26,1.23
2019-04-26 06:00:00,74.0,79.43,25.0,87.1,1.94
2019-04-26 07:00:00,258.0,282.98,26.43,81.58,2.45
2019-04-26 08:00:00,486.17,518.83,29.06,69.93,2.89
2019-04-26 09:00:00,685.92,726.8,31.62,59.29,3.16
2019-04-26 10:00:00,850.28,882.15,33.49,52.56,2.62
2019-04-26 11:00:00,937.62,957.4,34.86,47.96,1.66
2019-04-26 12:00:00,893.67,917.15,35.75,45.05,0.74
2019-04-26 13:00:00,776.95,838.2,36.08,43.36,0.12
2019-04-26 14:00:00,654.15,692.25,36.13,42.42,0.4
2019-04-26 15:00:00,469.67,492.55,35.9,42.37,0.75
2019-04-26 16:00:00,242.07,265.92,35.22,44.42,1.06
2019-04-26 17:00:00,68.75,74.68,33.66,53.92,1.06
2019-04-26 18:00:00,0.0,0.0,31.07,67.75,1.04
2019-04-26 19:00:00,0.0,0.0,30.23,66.07,1.64
2019-04-26 20:00:00,0.0,0.0,29.73,66.17,2.44
2019-04-26 21:00:00,0.0,0.0,29.08,69.62,3.06
2019-04-26 22:00:00,0.0,0.0,28.32,74.87,3.18
2019-04-26 23:00:00,0.0,0.0,27.73,78.97,2.98
2019-04-27 00:00:00,0.0,0.0,27.3,81.87,2.61
2019-04-27 01:00:00,0.0,0.0,26.93,84.15,2.28
2019-04-27 02:00:00,0.0,0.0,26.58,86.17,2.01
2019-04-27 03:00:00,0.0,0.0,26.35,87.33,2.17
2019-04-27 04:00:00,0.0,0.0,26.18,88.05,2.49
2019-04-27 05:00:00,0.0,0.0,26.0,88.74,2.69
2019-04-27 06:00:00,58.53,72.93,26.43,86.46,3.26
2019-04-27 07:00:00,203.23,263.38,28.15,77.19,3.82
2019-04-27 08:00:00,388.38,487.48,30.66,64.95,4.38
2019-04-27 09:00:00,560.0,695.95,32.87,56.25,4.22
2019-04-27 10:00:00,771.0,845.0,34.58,50.78,3.64
2019-04-27 11:00:00,804.22,917.15,35.88,46.87,3.03
2019-04-27 12:00:00,902.08,935.0,37.04,43.45,2.64
2019-04-27 13:00:00,826.22,853.85,37.69,40.99,2.42
2019-04-27 14:00:00,663.55,703.85,37.82,39.68,2.36
2019-04-27 15:00:00,441.95,500.25,37.4,39.62,2.44
2019-04-27 16:00:00,253.88,277.48,36.35,41.65,2.56
2019-04-27 17:00:00,71.57,76.57,34.37,50.8,1.93
2019-04-27 18:00:00,0.0,0.0,31.92,60.1,1.76
2019-04-27 19:00:00,0.0,0.0,31.21,60.91,2.63
2019-04-27 20:00:00,0.0,0.0,30.48,64.07,3.22
2019-04-27 21:00:00,0.0,0.0,29.73,68.64,3.01
2019-04-27 22:00:00,0.0,0.0,29.2,72.2,2.6
2019-04-27 23:00:00,0.0,0.0,28.75,75.29,2.2
2019-04-28 00:00:00,0.0,0.0,28.33,78.27,1.89
2019-04-28 01:00:00,0.0,0.0,27.99,80.82,1.68
2019-04-28 02:00:00,0.0,0.0,27.66,83.32,1.66
2019-04-28 03:00:00,0.0,0.0,27.34,85.65,1.77
2019-04-28 04:00:00,0.0,0.0,27.01,87.82,1.9
2019-04-28 05:00:00,0.0,0.0,26.67,89.63,2.03
2019-04-28 06:00:00,74.38,80.2,27.04,87.96,2.74
2019-04-28 07:00:00,250.2,281.0,28.9,77.43,3.36
2019-04-28 08:00:00,478.58,509.98,31.65,62.23,3.88
2019-04-28 09:00:00,708.28,709.25,33.66,54.06,3.29
2019-04-28 10:00:00,858.35,860.8,35.36,48.29,2.26
2019-04-28 11:00:00,931.45,934.95,36.54,44.04,1.2
2019-04-28 12:00:00,740.6,891.5,37.22,41.37,0.47
2019-04-28 13:00:00,689.17,806.95,37.69,39.44,0.83
2019-04-28 14:00:00,596.15,654.12,37.56,39.09,1.43
2019-04-28 15:00:00,407.15,452.88,36.99,39.87,1.9
2019-04-28 16:00:00,206.65,244.48,36.1,42.17,2.11
2019-04-28 17:00:00,57.42,68.9,34.37,51.61,1.57
2019-04-28 18:00:00,0.0,0.0,32.0,62.64,1.27
2019-04-28 19:00:00,0.0,0.0,31.17,63.85,1.6
2019-04-28 20:00:00,0.0,0.0,30.46,66.07,1.8
2019-04-28 21:00:00,0.0,0.0,29.76,69.1,1.97
2019-04-28 22:00:00,0.0,0.0,29.11,72.37,2.14
2019-04-28 23:00:00,0.0,0.0,28.56,75.52,2.14
2019-04-29 00:00:00,0.0,0.0,28.1,78.26,2.06
2019-04-29 01:00:00,0.0,0.0,27.72,80.48,2.03
2019-04-29 02:00:00,0.0,0.0,27.4,82.48,2.06
2019-04-29 03:00:00,0.0,0.0,27.06,84.79,2.0
2019-04-29 04:00:00,0.0,0.0,26.75,87.09,1.95
2019-04-29 05:00:00,0.0,0.0,26.5,88.78,1.97
2019-04-29 06:00:00,73.4,73.72,27.04,86.4,2.7
2019-04-29 07:00:00,243.82,255.43,29.26,73.78,3.36
2019-04-29 08:00:00,462.45,477.17,31.87,60.28,3.71
2019-04-29 09:00:00,668.85,687.15,33.69,53.43,3.27
2019-04-29 10:00:00,829.17,835.08,35.05,48.99,2.57
2019-04-29 11:00:00,897.45,916.22,35.99,45.89,1.97
2019-04-29 12:00:00,926.9,946.15,36.46,44.33,1.69
2019-04-29 13:00:00,823.75,868.38,36.7,43.56,1.67
2019-04-29 14:00:00,695.38,721.17,36.38,44.28,1.84
2019-04-29 15:00:00,496.55,519.15,35.32,47.45,2.1
2019-04-29 16:00:00,255.68,290.08,34.14,53.88,2.07
2019-04-29 17:00:00,73.8,83.3,32.24,65.37,1.87
2019-04-29 18:00:00,0.0,0.0,30.53,72.59,2.05
2019-04-29 19:00:00,0.0,0.0,29.84,74.54,2.64
2019-04-29 20:00:00,0.0,0.0,29.24,77.48,2.91
2019-04-29 21:00:00,0.0,0.0,28.69,80.71,2.9
2019-04-29 22:00:00,0.0,0.0,28.22,83.5,2.82
2019-04-29 23:00:00,0.0,0.0,27.81,85.99,2.73
2019-04-30 00:00:00,0.0,0.0,27.45,88.11,2.7
2019-04-30 01:00:00,0.0,0.0,27.11,90.1,2.63
2019-04-30 02:00:00,0.0,0.0,26.85,91.5,2.65
2019-04-30 03:00:00,0.0,0.0,26.65,92.27,2.82
2019-04-30 04:00:00,0.0,0.0,26.51,92.61,2.93
2019-04-30 05:00:00,0.0,0.0,26.35,93.14,2.85
2019-04-30 06:00:00,76.62,90.3,26.51,92.0,3.06
2019-04-30 07:00:00,257.67,307.1,27.5,85.93,3.79
2019-04-30 08:00:00,467.67,542.42,28.99,76.47,4.58
2019-04-30 09:00:00,619.4,742.58,30.24,69.84,4.46
2019-04-30 10:00:00,712.17,890.8,31.34,65.27,4.01
2019-04-30 11:00:00,760.35,965.58,32.36,61.39,3.46
2019-04-30 12:00:00,853.62,957.83,33.21,58.23,2.92
2019-04-30 13:00:00,706.17,877.47,33.67,56.48,2.47
2019-04-30 14:00:00,681.3,730.1,33.71,56.07,2.07
2019-04-30 15:00:00,469.3,520.08,33.36,56.86,1.87
2019-04-30 16:00:00,240.7,286.95,32.46,61.24,1.56
2019-04-30 17:00:00,67.18,80.62,31.31,68.84,1.25
2019-04-30 18:00:00,0.0,0.0,29.7,82.19,0.81
2019-04-30 19:00:00,0.0,0.0,29.03,83.16,0.9
2019-04-30 20:00:00,0.0,0.0,28.54,83.73,1.01
2019-04-30 21:00:00,0.0,0.0,28.12,84.37,1.12
2019-04-30 22:00:00,0.0,0.0,27.71,85.33,1.25
2019-04-30 23:00:00,0.0,0.0,27.31,86.63,1.41
2019-05-01 00:00:00,0.0,0.0,26.97,87.7,1.61
2019-05-01 01:00:00,0.0,0.0,26.73,88.4,1.87
2019-05-01 02:00:00,0.0,0.0,26.47,89.77,2.01
2019-05-01 03:00:00,0.0,0.0,26.26,91.24,2.02
2019-05-01 04:00:00,0.0,0.0,26.08,92.65,1.88
2019-05-01 05:00:00,0.0,0.0,25.91,93.96,1.76
2019-05-01 06:00:00,77.8,79.57,26.12,93.08,2.2
2019-05-01 07:00:00,254.52,273.17,26.73,90.79,2.5
2019-05-01 08:00:00,477.7,502.6,27.93,84.08,3.03
2019-05-01 09:00:00,673.95,709.25,29.23,75.5,3.76
2019-05-01 10:00:00,841.22,857.53,30.45,69.05,4.04
2019-05-01 11:00:00,927.22,934.67,31.37,64.91,3.9
2019-05-01 12:00:00,916.0,929.45,31.96,62.24,3.33
2019-05-01 13:00:00,647.17,848.85,32.3,60.6,2.68
2019-05-01 14:00:00,589.12,698.08,32.41,59.69,2.17
2019-05-01 15:00:00,445.1,494.7,32.24,59.84,1.98
2019-05-01 16:00:00,233.93,268.23,31.69,62.04,1.94
2019-05-01 17:00:00,69.72,75.78,30.33,71.85,1.35
2019-05-01 18:00:00,0.0,0.0,28.69,80.15,1.15
2019-05-01 19:00:00,0.0,0.0,28.19,81.38,1.37
2019-05-01 20:00:00,0.0,0.0,27.9,82.31,1.5
2019-05-01 21:00:00,0.0,0.0,27.69,83.15,1.56
2019-05-01 22:00:00,0.0,0.0,27.5,83.99,1.59
2019-05-01 23:00:00,0.0,0.0,27.33,84.5,1.74
2019-05-02 00:00:00,0.0,0.0,27.08,85.5,1.89
2019-05-02 01:00:00,0.0,0.0,26.83,86.65,2.03
2019-05-02 02:00:00,0.0,0.0,26.56,88.22,2.12
2019-05-02 03:00:00,0.0,0.0,26.3,89.89,2.24
2019-05-02 04:00:00,0.0,0.0,26.03,91.63,2.07
2019-05-02 05:00:00,0.0,0.0,25.86,92.8,1.74
2019-05-02 06:00:00,70.55,80.6,26.1,91.76,2.06
2019-05-02 07:00:00,232.93,278.52,26.85,87.97,2.43
2019-05-02 08:00:00,422.6,506.3,27.89,81.83,2.87
2019-05-02 09:00:00,604.17,705.85,28.94,75.15,3.42
2019-05-02 10:00:00,719.42,849.4,29.85,70.33,3.56
2019-05-02 11:00:00,819.95,929.22,30.81,65.26,3.25
2019-05-02 12:00:00,859.28,982.33,31.82,60.07,2.65
2019-05-02 13:00:00,770.83,905.0,32.47,56.6,1.89
2019-05-02 14:00:00,689.1,759.17,32.59,55.55,1.17
2019-05-02 15:00:00,431.65,557.2,32.45,55.78,0.9
2019-05-02 16:00:00,244.7,320.6,31.9,58.66,0.99
2019-05-02 17:00:00,69.6,94.3,31.0,65.56,0.89
2019-05-02 18:00:00,0.0,0.0,29.26,77.49,0.69
2019-05-02 19:00:00,0.0,0.0,28.52,79.85,0.86
2019-05-02 20:00:00,0.0,0.0,28.03,80.11,1.1
2019-05-02 21:00:00,0.0,0.0,27.61,80.65,1.39
2019-05-02 22:00:00,0.0,0.0,27.24,81.96,1.72
2019-05-02 23:00:00,0.0,0.0,26.91,83.89,2.06
2019-05-03 00:00:00,0.0,0.0,26.58,86.34,2.24
2019-05-03 01:00:00,0.0,0.0,26.29,88.65,2.28
2019-05-03 02:00:00,0.0,0.0,26.04,90.3,2.22
2019-05-03 03:00:00,0.0,0.0,25.82,91.4,2.15
2019-05-03 04:00:00,0.0,0.0,25.62,92.1,2.07
2019-05-03 05:00:00,0.0,0.0,25.45,92.5,1.99
2019-05-03 06:00:00,84.12,94.28,25.72,90.74,2.42
2019-05-03 07:00:00,278.2,308.5,26.95,83.95,2.73
2019-05-03 08:00:00,503.9,541.33,28.94,71.7,3.51
2019-05-03 09:00:00,721.45,740.97,30.48,64.01,3.43
2019-05-03 10:00:00,762.7,884.95,31.88,58.73,2.96
2019-05-03 11:00:00,818.47,959.47,32.9,55.3,2.51
2019-05-03 12:00:00,908.9,940.5,33.53,53.37,2.2
2019-05-03 13:00:00,642.03,865.22,33.61,53.0,1.98
2019-05-03 14:00:00,347.48,721.1,33.5,53.23,1.86
2019-05-03 15:00:00,27.23,525.28,32.85,55.3,1.82
2019-05-03 16:00:00,16.75,296.3,32.05,59.7,1.65
2019-05-03 17:00:00,7.15,84.62,30.66,70.1,1.23
2019-05-03 18:00:00,0.0,0.0,29.21,78.69,1.0
2019-05-03 19:00:00,0.0,0.0,28.59,80.72,1.29
2019-05-03 20:00:00,0.0,0.0,28.02,83.39,1.56
2019-05-03 21:00:00,0.0,0.0,27.46,87.07,1.61
2019-05-03 22:00:00,0.0,0.0,27.02,90.04,1.46
2019-05-03 23:00:00,0.0,0.0,26.69,92.1,1.3
2019-05-04 00:00:00,0.0,0.0,26.42,93.39,1.2
2019-05-04 01:00:00,0.0,0.0,26.18,94.21,1.2
2019-05-04 02:00:00,0.0,0.0,25.95,94.62,1.42
2019-05-04 03:00:00,0.0,0.0,25.76,95.02,1.59
2019-05-04 04:00:00,0.0,0.0,25.6,95.55,1.68
2019-05-04 05:00:00,0.0,0.0,25.48,95.82,1.81
2019-05-04 06:00:00,39.85,92.3,25.7,94.7,2.4
2019-05-04 07:00:00,115.75,304.08,26.34,91.94,2.72
2019-05-04 08:00:00,220.95,535.15,27.24,86.31,3.06
2019-05-04 09:00:00,381.8,732.53,28.12,81.18,3.24
2019-05-04 10:00:00,560.1,873.35,29.05,76.41,3.11
2019-05-04 11:00:00,628.5,944.1,29.66,72.72,2.8
2019-05-04 12:00:00,632.1,931.8,29.82,71.46,2.38
2019-05-04 13:00:00,522.72,855.35,29.8,71.51,2.07
2019-05-04 14:00:00,403.75,711.03,29.66,72.09,1.9
2019-05-04 15:00:00,245.9,512.3,29.29,73.88,1.82
2019-05-04 16:00:00,130.73,285.8,28.74,77.68,1.51
2019-05-04 17:00:00,41.47,81.05,27.98,82.86,1.08
2019-05-04 18:00:00,0.0,0.0,27.05,90.76,0.59
2019-05-04 19:00:00,0.0,0.0,26.68,91.52,0.62
2019-05-04 20:00:00,0.0,0.0,26.3,92.64,0.73
2019-05-04 21:00:00,0.0,0.0,26.0,93.0,0.89
2019-05-04 22:00:00,0.0,0.0,25.72,93.16,1.11
2019-05-04 23:00:00,0.0,0.0,25.47,93.04,1.39
2019-05-05 00:00:00,0.0,0.0,25.24,92.93,1.75
2019-05-05 01:00:00,0.0,0.0,24.98,93.17,1.99
2019-05-05 02:00:00,0.0,0.0,24.7,93.52,2.15
2019-05-05 03:00:00,0.0,0.0,24.43,93.62,2.2
2019-05-05 04:00:00,0.0,0.0,24.19,93.74,2.16
2019-05-05 05:00:00,0.0,0.0,23.97,94.12,2.06
2019-05-05 06:00:00,82.4,88.28,24.21,92.97,2.27
2019-05-05 07:00:00,253.15,288.48,25.26,89.37,2.06
2019-05-05 08:00:00,474.6,526.8,28.36,72.41,2.32
2019-05-05 09:00:00,710.95,732.4,31.27,59.21,1.83
2019-05-05 10:00:00,860.3,878.53,33.16,52.67,1.17
2019-05-05 11:00:00,952.85,954.55,34.49,48.34,0.79
2019-05-05 12:00:00,964.95,970.9,35.14,45.71,0.64
2019-05-05 13:00:00,890.6,892.1,35.3,44.76,0.82
2019-05-05 14:00:00,740.0,749.5,35.34,44.5,1.13
2019-05-05 15:00:00,538.42,554.08,35.12,44.92,1.39
2019-05-05 16:00:00,295.8,320.5,34.39,47.92,1.39
2019-05-05 17:00:00,84.55,97.43,33.0,55.93,1.11
2019-05-05 18:00:00,0.0,0.0,30.86,69.97,0.77
2019-05-05 19:00:00,0.0,0.0,30.17,70.22,0.85
2019-05-05 20:00:00,0.0,0.0,29.56,71.67,0.91
2019-05-05 21:00:00,0.0,0.0,28.95,73.34,0.95
2019-05-05 22:00:00,0.0,0.0,28.37,74.99,0.98
2019-05-05 23:00:00,0.0,0.0,27.78,76.52,1.02
2019-05-06 00:00:00,0.0,0.0,27.15,78.03,1.07
2019-05-06 01:00:00,0.0,0.0,26.63,79.37,1.13
2019-05-06 02:00:00,0.0,0.0,26.17,80.74,1.2
2019-05-06 03:00:00,0.0,0.0,25.79,81.88,1.41
2019-05-06 04:00:00,0.0,0.0,25.42,83.4,1.72
2019-05-06 05:00:00,0.0,0.0,25.15,85.29,2.15
2019-05-06 06:00:00,93.5,99.85,25.73,84.36,3.13
2019-05-06 07:00:00,294.1,311.92,27.58,78.01,3.95
2019-05-06 08:00:00,515.85,535.9,29.65,69.59,4.43
2019-05-06 09:00:00,720.7,728.1,31.48,62.41,4.08
2019-05-06 10:00:00,866.15,871.1,33.13,56.61,3.51
2019-05-06 11:00:00,942.15,944.5,34.02,53.51,2.99
2019-05-06 12:00:00,951.15,954.0,34.33,52.38,2.65
2019-05-06 13:00:00,871.33,880.47,34.29,52.35,2.46
2019-05-06 14:00:00,726.45,739.97,34.0,53.18,2.4
2019-05-06 15:00:00,508.85,535.5,33.41,55.22,2.42
2019-05-06 16:00:00,264.15,309.0,32.28,61.37,2.15
2019-05-06 17:00:00,69.03,90.32,30.66,71.27,1.83
2019-05-06 18:00:00,0.0,0.0,29.24,75.7,2.14
2019-05-06 19:00:00,0.0,0.0,28.69,77.07,2.88
2019-05-06 20:00:00,0.0,0.0,28.1,80.18,3.09
2019-05-06 21:00:00,0.0,0.0,27.62,83.05,3.02
2019-05-06 22:00:00,0.0,0.0,27.26,85.2,2.89
2019-05-06 23:00:00,0.0,0.0,26.94,86.78,2.82
2019-05-07 00:00:00,0.0,0.0,26.65,88.13,2.77
2019-05-07 01:00:00,0.0,0.0,26.38,89.48,2.75
2019-05-07 02:00:00,0.0,0.0,26.1,91.03,2.65
2019-05-07 03:00:00,0.0,0.0,25.86,92.46,2.46
2019-05-07 04:00:00,0.0,0.0,25.67,93.49,2.21
2019-05-07 05:00:00,0.0,0.0,25.51,94.23,2.06
2019-05-07 06:00:00,97.18,98.62,25.89,92.61,2.56
2019-05-07 07:00:00,304.3,309.05,27.05,86.93,3.33
2019-05-07 08:00:00,534.72,536.83,28.72,77.16,4.27
2019-05-07 09:00:00,728.28,738.25,30.36,68.58,4.28
2019-05-07 10:00:00,873.85,883.6,31.64,62.23,3.93
2019-05-07 11:00:00,802.42,959.38,32.66,57.71,3.47
2019-05-07 12:00:00,831.17,919.92,33.61,54.28,2.96
2019-05-07 13:00:00,666.03,839.65,34.03,52.72,2.41
2019-05-07 14:00:00,522.08,695.92,34.05,52.66,1.88
2019-05-07 15:00:00,376.73,495.3,33.68,53.77,1.49
2019-05-07 16:00:00,206.43,269.62,32.99,57.74,1.14
2019-05-07 17:00:00,66.53,75.4,32.15,62.28,0.98
2019-05-07 18:00:00,0.0,0.0,30.34,78.73,0.63
2019-05-07 19:00:00,0.0,0.0,29.6,79.72,0.73
2019-05-07 20:00:00,0.0,0.0,28.94,81.25,0.83
2019-05-07 21:00:00,0.0,0.0,28.38,82.51,0.93
2019-05-07 22:00:00,0.0,0.0,27.88,83.34,1.07
2019-05-07 23:00:00,0.0,0.0,27.41,83.97,1.3
2019-05-08 00:00:00,0.0,0.0,26.96,85.08,1.62
2019-05-08 01:00:00,0.0,0.0,26.61,86.62,2.11
2019-05-08 02:00:00,0.0,0.0,26.3,88.86,2.5
2019-05-08 03:00:00,0.0,0.0,25.99,91.29,2.53
2019-05-08 04:00:00,0.0,0.0,25.75,92.93,2.4
2019-05-08 05:00:00,0.0,0.0,25.49,94.36,2.01
2019-05-08 06:00:00,75.28,86.22,25.89,92.51,2.39
2019-05-08 07:00:00,241.98,286.5,27.31,85.22,2.61
2019-05-08 08:00:00,448.67,515.3,29.41,73.14,3.3
2019-05-08 09:00:00,645.17,715.65,30.95,65.92,3.38
2019-05-08 10:00:00,793.6,861.78,31.62,63.25,3.08
2019-05-08 11:00:00,889.25,935.33,32.02,61.66,2.72
2019-05-08 12:00:00,851.78,911.03,32.14,61.01,2.34
2019-05-08 13:00:00,719.38,833.47,32.08,61.14,2.09
2019-05-08 14:00:00,580.45,690.15,31.68,62.78,1.93
2019-05-08 15:00:00,418.48,492.08,31.21,65.31,1.93
2019-05-08 16:00:00,218.1,269.92,30.38,71.3,1.71
2019-05-08 17:00:00,63.7,76.25,29.17,78.66,1.54
2019-05-08 18:00:00,0.0,0.0,28.11,81.57,1.7
2019-05-08 19:00:00,0.0,0.0,27.69,81.8,2.01
2019-05-08 20:00:00,0.0,0.0,27.32,83.01,1.87
2019-05-08 21:00:00,0.0,0.0,26.98,84.62,1.54
2019-05-08 22:00:00,0.0,0.0,26.68,85.73,1.37
2019-05-08 23:00:00,0.0,0.0,26.37,86.6,1.3
2019-05-09 00:00:00,0.0,0.0,26.11,87.34,1.25
2019-05-09 01:00:00,0.0,0.0,25.89,88.06,1.23
2019-05-09 02:00:00,0.0,0.0,25.67,88.85,1.26
2019-05-09 03:00:00,0.0,0.0,25.47,89.57,1.4
2019-05-09 04:00:00,0.0,0.0,25.29,90.27,1.65
2019-05-09 05:00:00,0.0,0.0,25.11,91.3,1.91
2019-05-09 06:00:00,86.05,92.7,25.58,89.6,2.61
2019-05-09 07:00:00,273.48,294.6,27.38,80.81,2.82
2019-05-09 08:00:00,505.12,524.78,29.63,69.33,3.21
2019-05-09 09:00:00,636.12,724.22,31.08,63.48,3.14
2019-05-09 10:00:00,767.95,870.65,31.98,60.6,2.91
2019-05-09 11:00:00,842.38,944.12,32.57,58.8,2.78
2019-05-09 12:00:00,827.75,942.08,32.8,57.94,2.65
2019-05-09 13:00:00,688.7,865.45,32.95,57.43,2.55
2019-05-09 14:00:00,642.03,720.28,32.74,58.11,2.48
2019-05-09 15:00:00,434.55,520.72,32.38,59.56,2.33
2019-05-09 16:00:00,241.98,293.1,31.63,64.44,1.77
2019-05-09 17:00:00,75.32,85.05,30.35,74.44,1.26
2019-05-09 18:00:00,0.0,0.0,28.67,84.31,0.88
2019-05-09 19:00:00,0.0,0.0,28.07,84.83,1.01
2019-05-09 20:00:00,0.0,0.0,27.63,85.16,1.17
2019-05-09 21:00:00,0.0,0.0,27.24,85.74,1.32
2019-05-09 22:00:00,0.0,0.0,26.88,86.92,1.4
2019-05-09 23:00:00,0.0,0.0,26.56,88.17,1.47
2019-05-10 00:00:00,0.0,0.0,26.28,89.43,1.56
2019-05-10 01:00:00,0.0,0.0,26.04,90.58,1.71
2019-05-10 02:00:00,0.0,0.0,25.78,91.87,1.9
2019-05-10 03:00:00,0.0,0.0,25.51,93.37,1.93
2019-05-10 04:00:00,0.0,0.0,25.17,95.35,1.58
2019-05-10 05:00:00,0.0,0.0,24.84,97.15,1.14
2019-05-10 06:00:00,70.2,94.57,25.7,93.41,1.79
2019-05-10 07:00:00,219.2,304.15,27.3,85.29,2.37
2019-05-10 08:00:00,404.83,534.42,29.69,71.92,3.23
2019-05-10 09:00:00,588.2,732.72,31.39,64.56,3.16
2019-05-10 10:00:00,772.58,876.28,32.61,60.5,2.96
2019-05-10 11:00:00,792.58,951.5,33.43,57.63,2.84
2019-05-10 12:00:00,855.72,962.15,33.94,55.74,2.83
2019-05-10 13:00:00,844.1,885.35,34.01,55.39,2.84
2019-05-10 14:00:00,714.95,743.22,33.72,56.53,2.82
2019-05-10 15:00:00,512.85,546.85,32.92,59.99,2.64
2019-05-10 16:00:00,286.17,316.15,31.76,67.51,2.13
2019-05-10 17:00:00,84.97,97.03,30.35,76.31,1.77
2019-05-10 18:00:00,0.0,0.0,28.73,85.39,1.36
2019-05-10 19:00:00,0.0,0.0,28.1,86.37,1.57
2019-05-10 20:00:00,0.0,0.0,27.67,87.38,1.71
2019-05-10 21:00:00,0.0,0.0,27.31,88.35,1.79
2019-05-10 22:00:00,0.0,0.0,26.99,89.16,1.8
2019-05-10 23:00:00,0.0,0.0,26.64,90.24,1.73
2019-05-11 00:00:00,0.0,0.0,26.31,91.18,1.69
2019-05-11 01:00:00,0.0,0.0,25.99,92.07,1.68
2019-05-11 02:00:00,0.0,0.0,25.71,92.81,1.72
2019-05-11 03:00:00,0.0,0.0,25.41,93.79,1.71
2019-05-11 04:00:00,0.0,0.0,25.1,95.03,1.62
2019-05-11 05:00:00,0.0,0.0,24.87,96.05,1.46
2019-05-11 06:00:00,99.97,112.25,25.35,93.75,2.12
2019-05-11 07:00:00,266.27,337.02,26.93,85.29,2.4
2019-05-11 08:00:00,460.08,569.08,29.35,71.08,2.93
2019-05-11 09:00:00,584.22,767.0,30.94,63.99,2.96
2019-05-11 10:00:00,264.77,907.5,31.83,60.53,2.95
2019-05-11 11:00:00,305.9,979.72,32.37,58.26,3.03
2019-05-11 12:00:00,385.62,978.35,32.69,56.84,3.06
2019-05-11 13:00:00,599.15,901.22,32.63,56.81,2.94
2019-05-11 14:00:00,471.3,756.83,32.34,57.72,2.76
2019-05-11 15:00:00,400.58,555.38,31.81,60.03,2.42
2019-05-11 16:00:00,216.93,321.45,31.16,65.18,1.78
2019-05-11 17:00:00,72.93,98.7,30.05,72.44,1.36
2019-05-11 18:00:00,0.0,0.0,28.47,84.9,0.78
2019-05-11 19:00:00,0.0,0.0,28.02,85.65,0.75
2019-05-11 20:00:00,0.0,0.0,27.77,86.11,0.65
2019-05-11 21:00:00,0.0,0.0,27.52,86.29,0.63
2019-05-11 22:00:00,0.0,0.0,27.14,86.61,0.74
2019-05-11 23:00:00,0.0,0.0,26.67,87.56,0.93
2019-05-12 00:00:00,0.0,0.0,26.24,87.6,1.2
2019-05-12 01:00:00,0.0,0.0,25.88,87.42,1.53
2019-05-12 02:00:00,0.0,0.0,25.6,87.57,1.86
2019-05-12 03:00:00,0.0,0.0,25.33,88.64,2.07
2019-05-12 04:00:00,0.0,0.0,25.05,90.4,2.01
2019-05-12 05:00:00,0.0,0.0,24.67,93.06,1.62
2019-05-12 06:00:00,97.93,101.32,25.22,91.23,1.97
2019-05-12 07:00:00,304.48,310.52,27.08,81.76,1.82
2019-05-12 08:00:00,536.6,537.55,29.63,68.33,1.73
2019-05-12 09:00:00,730.35,734.62,31.51,60.37,1.46
2019-05-12 10:00:00,872.2,873.88,32.75,55.96,1.37
2019-05-12 11:00:00,939.15,944.62,33.6,53.18,1.35
2019-05-12 12:00:00,939.95,945.45,34.2,51.07,1.29
2019-05-12 13:00:00,839.25,866.2,34.38,49.98,1.19
2019-05-12 14:00:00,715.47,718.4,34.03,50.31,1.05
2019-05-12 15:00:00,499.27,518.05,33.66,50.75,0.9
2019-05-12 16:00:00,268.2,290.25,33.13,52.39,0.79
2019-05-12 17:00:00,79.57,85.95,32.34,56.81,0.77
2019-05-12 18:00:00,0.0,0.0,30.43,70.43,0.67
2019-05-12 19:00:00,0.0,0.0,29.26,72.24,0.83
2019-05-12 20:00:00,0.0,0.0,28.35,74.81,0.91
2019-05-12 21:00:00,0.0,0.0,27.59,77.77,0.97
2019-05-12 22:00:00,0.0,0.0,27.04,78.93,0.99
2019-05-12 23:00:00,0.0,0.0,26.62,80.06,0.99
2019-05-13 00:00:00,0.0,0.0,26.26,81.03,0.99
2019-05-13 01:00:00,0.0,0.0,25.93,81.88,1.0
2019-05-13 02:00:00,0.0,0.0,25.61,82.48,1.08
2019-05-13 03:00:00,0.0,0.0,25.26,83.11,1.22
2019-05-13 04:00:00,0.0,0.0,24.94,83.96,1.5
2019-05-13 05:00:00,0.0,0.0,24.7,85.23,1.91
2019-05-13 06:00:00,90.65,94.12,25.39,83.06,2.97
2019-05-13 07:00:00,275.7,297.6,27.31,75.38,3.3
2019-05-13 08:00:00,491.88,527.05,30.11,62.54,4.14
2019-05-13 09:00:00,567.12,726.12,32.12,54.97,4.21
2019-05-13 10:00:00,778.3,869.7,33.28,51.48,4.08
2019-05-13 11:00:00,847.17,943.75,33.82,50.01,3.86
2019-05-13 12:00:00,895.4,948.0,34.13,49.11,3.56
2019-05-13 13:00:00,793.97,871.65,33.95,49.22,3.22
2019-05-13 14:00:00,605.92,726.9,33.44,50.34,2.85
2019-05-13 15:00:00,481.02,527.85,32.89,52.02,2.53
2019-05-13 16:00:00,262.7,298.48,32.09,55.49,2.16
2019-05-13 17:00:00,80.43,89.43,30.58,66.44,1.45
2019-05-13 18:00:00,0.0,0.0,28.57,77.78,1.08
2019-05-13 19:00:00,0.0,0.0,27.99,77.93,1.29
2019-05-13 20:00:00,0.0,0.0,27.64,77.9,1.5
2019-05-13 21:00:00,0.0,0.0,27.25,78.74,1.6
2019-05-13 22:00:00,0.0,0.0,26.87,80.34,1.53
2019-05-13 23:00:00,0.0,0.0,26.47,82.44,1.37
2019-05-14 00:00:00,0.0,0.0,26.04,84.53,1.24
2019-05-14 01:00:00,0.0,0.0,25.6,86.4,1.25
2019-05-14 02:00:00,0.0,0.0,25.18,88.14,1.29
2019-05-14 03:00:00,0.0,0.0,24.9,89.69,1.27
2019-05-14 04:00:00,0.0,0.0,24.65,91.38,1.14
2019-05-14 05:00:00,0.0,0.0,24.28,93.97,0.88
2019-05-14 06:00:00,73.03,98.88,24.96,91.01,1.4
2019-05-14 07:00:00,217.95,308.42,27.12,79.35,1.71
2019-05-14 08:00:00,377.12,536.25,29.29,68.37,1.78
2019-05-14 09:00:00,555.65,732.17,30.69,61.74,1.61
2019-05-14 10:00:00,701.08,871.3,31.82,56.75,1.62
2019-05-14 11:00:00,843.22,944.53,32.54,53.46,1.75
2019-05-14 12:00:00,873.35,943.62,32.96,51.61,1.88
2019-05-14 13:00:00,822.88,864.75,33.11,50.83,2.1
2019-05-14 14:00:00,666.05,719.58,33.01,50.96,2.36
2019-05-14 15:00:00,470.55,520.45,32.59,52.08,2.59
2019-05-14 16:00:00,268.17,292.17,31.75,55.71,2.55
2019-05-14 17:00:00,84.85,87.03,30.05,67.42,1.82
2019-05-14 18:00:00,0.0,0.0,27.84,78.82,1.45
2019-05-14 19:00:00,0.0,0.0,27.13,79.97,1.63
2019-05-14 20:00:00,0.0,0.0,26.68,80.97,1.75
2019-05-14 21:00:00,0.0,0.0,26.32,82.11,1.78
2019-05-14 22:00:00,0.0,0.0,25.98,83.61,1.72
2019-05-14 23:00:00,0.0,0.0,25.64,85.43,1.6
2019-05-15 00:00:00,0.0,0.0,25.33,87.17,1.49
2019-05-15 01:00:00,0.0,0.0,25.05,88.79,1.42
2019-05-15 02:00:00,0.0,0.0,24.72,90.58,1.43
2019-05-15 03:00:00,0.0,0.0,24.47,92.05,1.57
2019-05-15 04:00:00,0.0,0.0,24.32,93.26,1.81
2019-05-15 05:00:00,0.0,0.0,24.15,94.68,1.95
2019-05-15 06:00:00,69.5,101.35,24.93,91.61,2.71
2019-05-15 07:00:00,209.27,312.5,27.03,81.19,3.51
2019-05-15 08:00:00,352.58,538.05,29.15,70.44,3.91
2019-05-15 09:00:00,417.58,737.38,30.52,64.11,3.74
2019-05-15 10:00:00,464.42,878.4,31.16,61.08,3.48
2019-05-15 11:00:00,626.78,949.42,31.45,59.75,3.28
2019-05-15 12:00:00,693.65,928.8,31.42,59.91,3.08
2019-05-15 13:00:00,501.27,852.62,31.03,61.62,2.76
2019-05-15 14:00:00,281.1,708.8,30.46,64.28,2.45
2019-05-15 15:00:00,48.03,512.03,29.82,67.48,2.19
2019-05-15 16:00:00,36.62,287.2,29.14,73.36,1.71
2019-05-15 17:00:00,13.4,84.75,28.09,78.34,1.58
2019-05-15 18:00:00,0.0,0.0,26.78,87.65,1.13
2019-05-15 19:00:00,0.0,0.0,26.25,88.59,1.27
2019-05-15 20:00:00,0.0,0.0,25.84,89.33,1.45
2019-05-15 21:00:00,0.0,0.0,25.45,90.12,1.68
2019-05-15 22:00:00,0.0,0.0,25.07,91.1,1.93
2019-05-15 23:00:00,0.0,0.0,24.69,92.39,2.14
2019-05-16 00:00:00,0.0,0.0,24.33,93.88,2.21
2019-05-16 01:00:00,0.0,0.0,24.02,95.26,2.15
2019-05-16 02:00:00,0.0,0.0,23.81,96.12,1.95
2019-05-16 03:00:00,0.0,0.0,23.69,96.57,1.68
2019-05-16 04:00:00,0.0,0.0,23.61,96.7,1.47
2019-05-16 05:00:00,0.0,0.0,23.48,96.81,1.36
2019-05-16 06:00:00,73.2,95.2,23.89,94.38,2.13
2019-05-16 07:00:00,204.57,292.77,24.86,89.66,2.57
2019-05-16 08:00:00,379.6,517.2,26.28,82.3,2.59
2019-05-16 09:00:00,527.25,716.75,27.81,74.86,1.63
2019-05-16 10:00:00,727.97,857.72,29.17,67.54,0.49
2019-05-16 11:00:00,809.17,927.85,30.01,63.16,1.09
2019-05-16 12:00:00,846.92,952.95,30.43,61.15,1.27
2019-05-16 13:00:00,754.38,872.67,30.64,59.87,1.08
2019-05-16 14:00:00,503.83,727.62,30.75,59.14,0.7
2019-05-16 15:00:00,245.52,528.45,30.64,59.56,0.66
2019-05-16 16:00:00,145.18,299.5,30.08,63.54,1.05
2019-05-16 17:00:00,50.55,89.88,29.06,69.92,1.22
2019-05-16 18:00:00,0.0,0.0,27.19,84.32,0.91
2019-05-16 19:00:00,0.0,0.0,26.41,85.11,1.22
2019-05-16 20:00:00,0.0,0.0,25.82,86.22,1.61
2019-05-16 21:00:00,0.0,0.0,25.22,88.24,2.03
2019-05-16 22:00:00,0.0,0.0,24.64,90.66,2.36
2019-05-16 23:00:00,0.0,0.0,24.14,92.73,2.51
2019-05-17 00:00:00,0.0,0.0,23.74,93.96,2.5
2019-05-17 01:00:00,0.0,0.0,23.4,94.7,2.36
2019-05-17 02:00:00,0.0,0.0,23.15,95.14,2.1
2019-05-17 03:00:00,0.0,0.0,22.95,95.66,1.8
2019-05-17 04:00:00,0.0,0.0,22.73,96.51,1.44
2019-05-17 05:00:00,0.0,0.0,22.52,97.26,1.15
2019-05-17 06:00:00,83.2,95.32,23.34,93.94,1.97
2019-05-17 07:00:00,231.32,294.15,25.15,86.02,2.53
2019-05-17 08:00:00,402.88,515.12,27.66,74.74,2.97
2019-05-17 09:00:00,521.72,703.2,29.69,66.8,2.71
2019-05-17 10:00:00,752.47,843.78,31.13,61.35,2.39
2019-05-17 11:00:00,863.65,917.47,32.18,57.61,2.05
2019-05-17 12:00:00,931.65,957.62,32.9,55.12,1.69
2019-05-17 13:00:00,851.33,882.62,33.12,54.03,1.38
2019-05-17 14:00:00,727.53,740.55,32.83,54.54,1.22
2019-05-17 15:00:00,523.88,544.67,32.19,56.88,1.16
2019-05-17 16:00:00,291.55,316.23,31.47,61.64,1.06
2019-05-17 17:00:00,92.05,99.75,30.06,70.19,1.14
2019-05-17 18:00:00,0.0,0.0,28.09,81.24,1.12
2019-05-17 19:00:00,0.0,0.0,27.33,80.19,1.63
2019-05-17 20:00:00,0.0,0.0,26.77,80.48,1.97
2019-05-17 21:00:00,0.0,0.0,26.28,82.01,1.98
2019-05-17 22:00:00,0.0,0.0,25.88,83.75,1.78
2019-05-17 23:00:00,0.0,0.0,25.62,84.92,1.53
2019-05-18 00:00:00,0.0,0.0,25.43,85.97,1.35
2019-05-18 01:00:00,0.0,0.0,25.2,87.19,1.25
2019-05-18 02:00:00,0.0,0.0,24.93,88.41,1.25
2019-05-18 03:00:00,0.0,0.0,24.67,89.55,1.39
2019-05-18 04:00:00,0.0,0.0,24.43,90.97,1.54
2019-05-18 05:00:00,0.0,0.0,24.25,92.76,1.6
2019-05-18 06:00:00,90.68,117.12,24.92,91.18,2.38
2019-05-18 07:00:00,271.9,337.4,26.5,85.09,2.89
2019-05-18 08:00:00,467.6,563.65,28.55,75.3,3.49
2019-05-18 09:00:00,655.28,756.17,30.15,67.5,3.6
2019-05-18 10:00:00,839.15,894.05,31.17,63.4,3.43
2019-05-18 11:00:00,885.38,964.03,31.75,61.33,3.22
2019-05-18 12:00:00,820.9,943.35,32.01,60.2,3.03
2019-05-18 13:00:00,752.92,870.47,31.86,60.36,2.78
2019-05-18 14:00:00,599.17,729.95,31.55,61.5,2.51
2019-05-18 15:00:00,412.27,533.33,31.1,64.25,2.15
2019-05-18 16:00:00,236.25,308.83,30.59,67.39,1.91
2019-05-18 17:00:00,73.8,95.32,29.32,75.9,1.46
2019-05-18 18:00:00,0.0,0.0,27.48,84.47,1.28
2019-05-18 19:00:00,0.0,0.0,26.87,84.74,1.7
2019-05-18 20:00:00,0.0,0.0,26.45,85.7,1.91
2019-05-18 21:00:00,0.0,0.0,26.06,87.57,1.71
2019-05-18 22:00:00,0.0,0.0,25.7,89.43,1.42
2019-05-18 23:00:00,0.0,0.0,25.38,90.7,1.27
2019-05-19 00:00:00,0.0,0.0,25.09,91.68,1.21
2019-05-19 01:00:00,0.0,0.0,24.82,92.52,1.22
2019-05-19 02:00:00,0.0,0.0,24.63,93.13,1.22
2019-05-19 03:00:00,0.0,0.0,24.44,93.71,1.26
2019-05-19 04:00:00,0.0,0.0,24.23,94.33,1.34
2019-05-19 05:00:00,0.0,0.0,24.03,95.01,1.45
2019-05-19 06:00:00,100.25,104.47,24.76,91.83,2.44
2019-05-19 07:00:00,292.8,312.38,26.28,85.98,2.7
2019-05-19 08:00:00,517.0,538.3,28.84,72.95,3.42
2019-05-19 09:00:00,687.8,731.4,30.45,66.49,3.44
2019-05-19 10:00:00,707.67,872.08,31.52,62.55,3.06
2019-05-19 11:00:00,809.6,943.28,32.21,59.71,2.77
2019-05-19 12:00:00,810.35,925.3,32.55,58.04,2.72
2019-05-19 13:00:00,694.95,851.45,32.45,57.75,2.7
2019-05-19 14:00:00,567.28,710.33,32.19,58.22,2.63
2019-05-19 15:00:00,412.58,515.67,31.66,60.14,2.45
2019-05-19 16:00:00,236.5,291.35,30.91,65.06,1.99
2019-05-19 17:00:00,75.57,87.72,29.62,74.6,1.46
2019-05-19 18:00:00,0.0,0.0,28.02,82.75,1.07
2019-05-19 19:00:00,0.0,0.0,27.51,83.83,1.17
2019-05-19 20:00:00,0.0,0.0,27.15,85.01,1.22
2019-05-19 21:00:00,0.0,0.0,26.81,86.43,1.2
2019-05-19 22:00:00,0.0,0.0,26.5,87.78,1.19
2019-05-19 23:00:00,0.0,0.0,26.23,88.76,1.24
2019-05-20 00:00:00,0.0,0.0,25.96,89.53,1.35
2019-05-20 01:00:00,0.0,0.0,25.76,90.07,1.52
2019-05-20 02:00:00,0.0,0.0,25.57,90.62,1.73
2019-05-20 03:00:00,0.0,0.0,25.38,91.26,1.97
2019-05-20 04:00:00,0.0,0.0,25.18,92.03,2.1
2019-05-20 05:00:00,0.0,0.0,24.99,92.72,2.1
2019-05-20 06:00:00,80.28,95.85,25.27,91.23,2.52
2019-05-20 07:00:00,222.48,287.77,26.07,87.79,2.66
2019-05-20 08:00:00,412.12,505.42,27.44,80.39,3.18
2019-05-20 09:00:00,546.83,708.85,28.66,73.75,3.47
2019-05-20 10:00:00,636.12,845.2,29.58,69.29,3.2
2019-05-20 11:00:00,697.53,918.35,30.23,65.97,2.84
2019-05-20 12:00:00,755.15,926.15,30.64,63.3,2.6
2019-05-20 13:00:00,764.8,845.95,30.83,61.8,2.44
2019-05-20 14:00:00,629.25,700.92,30.81,61.37,2.34
2019-05-20 15:00:00,461.9,509.3,30.59,62.25,2.26
2019-05-20 16:00:00,249.7,283.92,30.2,65.81,2.02
2019-05-20 17:00:00,84.78,91.43,29.14,74.08,1.39
2019-05-20 18:00:00,0.0,0.0,27.39,84.57,0.81
2019-05-20 19:00:00,0.0,0.0,27.1,84.49,0.76
2019-05-20 20:00:00,0.0,0.0,26.89,84.65,0.75
2019-05-20 21:00:00,0.0,0.0,26.36,86.15,0.79
2019-05-20 22:00:00,0.0,0.0,25.83,87.16,0.92
2019-05-20 23:00:00,0.0,0.0,25.39,87.64,1.07
2019-05-21 00:00:00,0.0,0.0,25.03,88.44,1.1
2019-05-21 01:00:00,0.0,0.0,24.71,90.11,0.97
2019-05-21 02:00:00,0.0,0.0,24.66,91.73,0.75
2019-05-21 03:00:00,0.0,0.0,24.65,93.01,0.59
2019-05-21 04:00:00,0.0,0.0,24.5,93.99,0.53
2019-05-21 05:00:00,0.0,0.0,24.26,94.73,0.54
2019-05-21 06:00:00,90.05,100.68,24.93,90.02,1.23
2019-05-21 07:00:00,267.7,306.4,26.68,80.61,1.55
2019-05-21 08:00:00,476.15,533.45,28.9,70.55,1.99
2019-05-21 09:00:00,658.5,731.33,30.65,63.87,1.89
2019-05-21 10:00:00,767.03,874.25,31.71,60.18,1.33
2019-05-21 11:00:00,865.6,946.8,32.37,57.62,0.64
2019-05-21 12:00:00,876.92,938.95,32.56,56.29,0.11
2019-05-21 13:00:00,800.58,863.35,32.27,56.62,0.32
2019-05-21 14:00:00,667.0,720.47,31.89,57.95,0.8
2019-05-21 15:00:00,437.35,525.53,31.35,61.36,1.07
2019-05-21 16:00:00,247.65,301.25,30.66,65.67,1.1
2019-05-21 17:00:00,78.78,92.97,29.49,73.27,1.09
2019-05-21 18:00:00,0.0,0.0,28.0,84.44,0.81
2019-05-21 19:00:00,0.0,0.0,27.38,85.01,0.95
2019-05-21 20:00:00,0.0,0.0,26.93,85.76,1.05
2019-05-21 21:00:00,0.0,0.0,26.45,87.22,1.02
2019-05-21 22:00:00,0.0,0.0,26.08,88.69,0.93
2019-05-21 23:00:00,0.0,0.0,25.77,89.88,0.84
2019-05-22 00:00:00,0.0,0.0,25.5,90.84,0.78
2019-05-22 01:00:00,0.0,0.0,25.26,91.61,0.74
2019-05-22 02:00:00,0.0,0.0,25.02,92.35,0.73
2019-05-22 03:00:00,0.0,0.0,24.78,93.12,0.75
2019-05-22 04:00:00,0.0,0.0,24.57,93.61,0.85
2019-05-22 05:00:00,0.0,0.0,24.41,93.88,1.03
2019-05-22 06:00:00,86.28,106.3,25.04,90.55,2.0
2019-05-22 07:00:00,258.5,316.7,26.5,83.84,2.51
2019-05-22 08:00:00,455.75,544.58,28.71,73.26,2.74
2019-05-22 09:00:00,615.85,737.33,30.47,66.31,2.35
2019-05-22 10:00:00,764.42,876.38,31.64,62.7,1.82
2019-05-22 11:00:00,830.38,947.38,32.42,60.35,1.64
2019-05-22 12:00:00,804.05,941.03,32.85,58.87,1.77
2019-05-22 13:00:00,738.35,865.55,32.9,58.5,1.95
2019-05-22 14:00:00,555.5,722.47,32.51,59.6,2.01
2019-05-22 15:00:00,391.9,524.75,31.95,61.36,1.89
2019-05-22 16:00:00,218.15,297.27,31.28,66.91,1.39
2019-05-22 17:00:00,77.53,90.95,30.21,70.63,1.31
2019-05-22 18:00:00,0.0,0.0,28.64,85.0,0.71
2019-05-22 19:00:00,0.0,0.0,27.94,85.92,0.76
2019-05-22 20:00:00,0.0,0.0,27.46,86.73,0.8
2019-05-22 21:00:00,0.0,0.0,27.08,87.55,0.83
2019-05-22 22:00:00,0.0,0.0,26.76,88.43,0.83
2019-05-22 23:00:00,0.0,0.0,26.4,89.21,0.83
2019-05-23 00:00:00,0.0,0.0,26.04,90.09,0.83
2019-05-23 01:00:00,0.0,0.0,25.72,90.82,0.82
2019-05-23 02:00:00,0.0,0.0,25.43,91.58,0.81
2019-05-23 03:00:00,0.0,0.0,25.25,92.32,0.77
2019-05-23 04:00:00,0.0,0.0,25.06,93.1,0.73
2019-05-23 05:00:00,0.0,0.0,24.84,93.94,0.71
2019-05-23 06:00:00,98.22,99.28,25.63,89.62,1.35
2019-05-23 07:00:00,291.12,297.8,27.03,82.64,1.79
2019-05-23 08:00:00,519.58,522.35,29.62,69.61,2.11
2019-05-23 09:00:00,714.9,719.08,31.26,62.86,2.07
2019-05-23 10:00:00,833.3,862.25,32.4,59.28,2.01
2019-05-23 11:00:00,780.85,934.55,33.09,56.87,2.08
2019-05-23 12:00:00,895.35,942.6,33.24,55.87,2.18
2019-05-23 13:00:00,767.3,867.55,33.18,55.59,2.24
2019-05-23 14:00:00,629.85,726.45,32.93,56.22,2.25
2019-05-23 15:00:00,407.23,538.0,32.23,59.02,2.18
2019-05-23 16:00:00,229.02,313.58,31.39,64.95,1.83
2019-05-23 17:00:00,79.8,101.55,30.01,73.85,1.56
2019-05-23 18:00:00,0.0,0.0,28.23,82.79,1.27
2019-05-23 19:00:00,0.0,0.0,27.6,83.58,1.6
2019-05-23 20:00:00,0.0,0.0,27.19,84.38,1.85
2019-05-23 21:00:00,0.0,0.0,26.81,85.97,1.77
2019-05-23 22:00:00,0.0,0.0,26.49,87.57,1.57
2019-05-23 23:00:00,0.0,0.0,26.19,88.92,1.42
2019-05-24 00:00:00,0.0,0.0,25.93,90.05,1.31
2019-05-24 01:00:00,0.0,0.0,25.66,91.15,1.24
2019-05-24 02:00:00,0.0,0.0,25.39,92.39,1.17
2019-05-24 03:00:00,0.0,0.0,25.13,93.61,1.08
2019-05-24 04:00:00,0.0,0.0,24.89,94.72,1.0
2019-05-24 05:00:00,0.0,0.0,24.67,95.7,0.98
2019-05-24 06:00:00,103.35,113.03,25.12,93.74,1.65
2019-05-24 07:00:00,280.02,326.5,25.8,91.4,1.84
2019-05-24 08:00:00,466.73,551.53,27.12,84.64,2.18
2019-05-24 09:00:00,614.38,742.42,28.25,78.49,2.34
2019-05-24 10:00:00,784.22,878.9,28.97,74.83,2.16
2019-05-24 11:00:00,892.92,945.83,29.27,73.54,1.91
2019-05-24 12:00:00,812.47,905.55,29.29,73.57,1.79
2019-05-24 13:00:00,708.55,826.2,29.21,73.97,1.81
2019-05-24 14:00:00,559.97,680.83,29.08,74.53,1.72
2019-05-24 15:00:00,410.73,486.88,28.93,75.47,1.51
2019-05-24 16:00:00,228.15,269.38,28.67,78.4,1.18
2019-05-24 17:00:00,74.35,83.18,27.92,83.66,0.86
2019-05-24 18:00:00,0.0,0.0,26.77,90.25,0.62
2019-05-24 19:00:00,0.0,0.0,26.32,90.35,0.7
2019-05-24 20:00:00,0.0,0.0,25.96,91.04,0.72
2019-05-24 21:00:00,0.0,0.0,25.61,91.74,0.75
2019-05-24 22:00:00,0.0,0.0,25.29,92.45,0.78
2019-05-24 23:00:00,0.0,0.0,25.01,93.05,0.83
2019-05-25 00:00:00,0.0,0.0,24.78,93.74,0.88
2019-05-25 01:00:00,0.0,0.0,24.59,94.22,0.87
2019-05-25 02:00:00,0.0,0.0,24.39,94.82,0.86
2019-05-25 03:00:00,0.0,0.0,24.21,95.23,0.88
2019-05-25 04:00:00,0.0,0.0,24.01,95.52,0.94
2019-05-25 05:00:00,0.0,0.0,23.8,95.88,1.0
2019-05-25 06:00:00,77.6,94.28,24.62,91.52,1.8
2019-05-25 07:00:00,217.73,294.27,25.86,86.22,1.98
2019-05-25 08:00:00,386.15,518.03,28.15,75.68,2.39
2019-05-25 09:00:00,547.1,712.3,29.53,68.7,2.6
2019-05-25 10:00:00,740.15,851.05,30.3,65.56,2.67
2019-05-25 11:00:00,812.15,925.88,30.57,64.96,2.66
2019-05-25 12:00:00,648.25,902.4,30.6,65.34,2.63
2019-05-25 13:00:00,345.62,832.83,30.46,66.14,2.51
2019-05-25 14:00:00,77.4,691.0,30.21,67.24,2.29
2019-05-25 15:00:00,77.6,496.7,29.81,69.22,1.88
2019-05-25 16:00:00,56.12,277.73,29.24,74.33,1.26
2019-05-25 17:00:00,10.23,85.25,28.4,80.21,0.96
2019-05-25 18:00:00,0.0,0.0,27.18,87.76,0.65
2019-05-25 19:00:00,0.0,0.0,26.74,88.18,0.69
2019-05-25 20:00:00,0.0,0.0,26.39,88.49,0.7
2019-05-25 21:00:00,0.0,0.0,26.13,88.7,0.71
2019-05-25 22:00:00,0.0,0.0,25.84,89.24,0.76
2019-05-25 23:00:00,0.0,0.0,25.53,90.03,0.86
2019-05-26 00:00:00,0.0,0.0,25.27,90.18,1.03
2019-05-26 01:00:00,0.0,0.0,25.05,90.16,1.27
2019-05-26 02:00:00,0.0,0.0,24.82,90.76,1.48
2019-05-26 03:00:00,0.0,0.0,24.56,91.98,1.61
2019-05-26 04:00:00,0.0,0.0,24.28,93.61,1.67
2019-05-26 05:00:00,0.0,0.0,24.02,95.18,1.66
2019-05-26 06:00:00,92.75,93.05,24.47,93.61,2.3
2019-05-26 07:00:00,275.08,281.5,26.0,86.62,2.67
2019-05-26 08:00:00,500.15,504.35,28.39,74.39,3.25
2019-05-26 09:00:00,697.47,701.58,30.25,66.11,3.06
2019-05-26 10:00:00,838.45,845.65,31.55,61.64,2.43
2019-05-26 11:00:00,915.75,920.22,32.44,58.43,1.8
2019-05-26 12:00:00,924.65,937.33,33.05,55.7,1.32
2019-05-26 13:00:00,846.45,862.97,33.4,53.45,1.03
2019-05-26 14:00:00,692.0,720.08,33.34,52.41,0.93
2019-05-26 15:00:00,502.98,527.5,33.0,52.74,1.01
2019-05-26 16:00:00,284.77,303.05,32.33,55.27,1.14
2019-05-26 17:00:00,93.53,97.72,31.24,62.33,1.02
2019-05-26 18:00:00,0.0,0.0,29.09,76.37,0.75
2019-05-26 19:00:00,0.0,0.0,28.21,77.28,0.86
2019-05-26 20:00:00,0.0,0.0,27.63,79.35,0.91
2019-05-26 21:00:00,0.0,0.0,27.17,80.46,0.92
2019-05-26 22:00:00,0.0,0.0,26.74,81.73,0.9
2019-05-26 23:00:00,0.0,0.0,26.3,83.08,0.91
2019-05-27 00:00:00,0.0,0.0,25.92,84.08,0.99
2019-05-27 01:00:00,0.0,0.0,25.62,84.6,1.14
2019-05-27 02:00:00,0.0,0.0,25.35,85.16,1.33
2019-05-27 03:00:00,0.0,0.0,25.14,85.79,1.59
2019-05-27 04:00:00,0.0,0.0,24.91,87.05,1.9
2019-05-27 05:00:00,0.0,0.0,24.68,88.99,2.13
2019-05-27 06:00:00,74.22,106.45,25.09,88.41,2.74
2019-05-27 07:00:00,206.98,316.95,26.51,81.69,3.06
2019-05-27 08:00:00,353.1,548.22,28.49,71.26,3.61
2019-05-27 09:00:00,546.72,740.78,30.36,63.34,3.74
2019-05-27 10:00:00,723.92,878.15,31.84,58.44,3.52
2019-05-27 11:00:00,786.4,948.83,32.8,55.68,3.19
2019-05-27 12:00:00,803.25,952.22,33.35,54.07,2.99
2019-05-27 13:00:00,687.8,878.05,33.49,53.52,2.92
2019-05-27 14:00:00,528.4,737.1,33.11,54.43,2.93
2019-05-27 15:00:00,381.55,543.9,32.39,56.53,2.88
2019-05-27 16:00:00,210.27,317.48,31.5,60.53,2.62
2019-05-27 17:00:00,74.43,104.15,30.04,70.36,1.84
2019-05-27 18:00:00,0.0,0.0,28.31,77.6,1.64
2019-05-27 19:00:00,0.0,0.0,27.68,78.92,1.92
2019-05-27 20:00:00,0.0,0.0,27.19,80.44,2.09
2019-05-27 21:00:00,0.0,0.0,26.75,82.19,2.17
2019-05-27 22:00:00,0.0,0.0,26.29,84.37,2.11
2019-05-27 23:00:00,0.0,0.0,25.95,85.96,2.18
2019-05-28 00:00:00,0.0,0.0,25.62,87.61,2.29
2019-05-28 01:00:00,0.0,0.0,25.32,89.23,2.45
2019-05-28 02:00:00,0.0,0.0,25.06,90.69,2.58
2019-05-28 03:00:00,0.0,0.0,24.81,92.01,2.67
2019-05-28 04:00:00,0.0,0.0,24.6,92.9,2.7
2019-05-28 05:00:00,0.0,0.0,24.39,93.6,2.65
2019-05-28 06:00:00,95.93,108.85,24.78,91.33,3.02
2019-05-28 07:00:00,280.35,319.65,26.08,83.57,3.84
2019-05-28 08:00:00,463.92,543.6,28.04,73.07,4.33
2019-05-28 09:00:00,645.45,740.05,29.87,64.88,4.3
2019-05-28 10:00:00,819.9,878.85,31.41,58.61,4.08
2019-05-28 11:00:00,862.5,949.9,32.51,54.24,3.74
2019-05-28 12:00:00,845.45,952.53,33.17,51.59,3.31
2019-05-28 13:00:00,767.15,879.58,33.38,50.52,2.77
2019-05-28 14:00:00,668.58,740.2,33.32,50.55,2.21
2019-05-28 15:00:00,473.5,546.67,32.85,52.2,1.68
2019-05-28 16:00:00,265.35,321.02,32.31,56.94,0.99
2019-05-28 17:00:00,90.93,108.12,31.55,60.73,0.84
2019-05-28 18:00:00,0.0,0.0,30.35,71.03,0.54
2019-05-28 19:00:00,0.0,0.0,29.61,72.23,0.69
2019-05-28 20:00:00,0.0,0.0,28.66,75.97,0.78
2019-05-28 21:00:00,0.0,0.0,27.88,78.78,0.86
2019-05-28 22:00:00,0.0,0.0,27.29,80.13,1.01
2019-05-28 23:00:00,0.0,0.0,26.82,80.93,1.24
2019-05-29 00:00:00,0.0,0.0,26.33,82.48,1.57
2019-05-29 01:00:00,0.0,0.0,25.87,84.53,1.98
2019-05-29 02:00:00,0.0,0.0,25.44,86.89,2.06
2019-05-29 03:00:00,0.0,0.0,25.09,88.97,1.89
2019-05-29 04:00:00,0.0,0.0,24.85,90.23,1.76
2019-05-29 05:00:00,0.0,0.0,24.69,90.78,1.84
2019-05-29 06:00:00,65.53,108.57,25.15,88.41,2.67
2019-05-29 07:00:00,176.82,314.58,26.48,82.54,3.33
2019-05-29 08:00:00,307.42,531.6,28.67,71.75,4.36
2019-05-29 09:00:00,518.85,715.75,30.56,63.31,4.49
2019-05-29 10:00:00,749.75,851.85,31.94,58.42,4.01
2019-05-29 11:00:00,793.78,920.35,32.82,55.85,3.45
2019-05-29 12:00:00,739.78,909.38,33.16,55.11,3.08
2019-05-29 13:00:00,646.8,838.45,33.24,55.07,2.84
2019-05-29 14:00:00,485.9,703.72,33.0,55.92,2.54
2019-05-29 15:00:00,300.08,524.8,32.51,57.68,2.31
2019-05-29 16:00:00,185.27,296.4,31.49,62.73,2.07
2019-05-29 17:00:00,65.28,94.88,29.82,73.9,1.54
2019-05-29 18:00:00,0.0,0.0,28.28,81.43,1.44
2019-05-29 19:00:00,0.0,0.0,27.62,82.63,1.87
2019-05-29 20:00:00,0.0,0.0,27.16,83.86,2.14
2019-05-29 21:00:00,0.0,0.0,26.83,84.82,2.27
2019-05-29 22:00:00,0.0,0.0,26.52,85.84,2.27
2019-05-29 23:00:00,0.0,0.0,26.15,87.32,2.2
2019-05-30 00:00:00,0.0,0.0,25.77,89.11,2.07
2019-05-30 01:00:00,0.0,0.0,25.4,90.89,1.91
2019-05-30 02:00:00,0.0,0.0,25.02,92.63,1.84
2019-05-30 03:00:00,0.0,0.0,24.65,94.48,1.78
2019-05-30 04:00:00,0.0,0.0,24.34,95.84,1.72
2019-05-30 05:00:00,0.0,0.0,24.14,96.35,1.68
2019-05-30 06:00:00,83.88,100.03,24.88,92.47,2.56
2019-05-30 07:00:00,228.35,297.73,26.62,83.54,3.39
2019-05-30 08:00:00,403.15,516.17,28.7,72.59,3.88
2019-05-30 09:00:00,530.75,702.92,30.29,65.16,3.79
2019-05-30 10:00:00,680.35,839.4,31.38,60.56,3.48
2019-05-30 11:00:00,688.9,911.8,32.07,57.5,3.06
2019-05-30 12:00:00,674.55,927.47,32.57,55.26,2.69
2019-05-30 13:00:00,661.95,856.45,32.8,53.88,2.43
2019-05-30 14:00:00,565.3,722.47,32.82,53.31,2.3
2019-05-30 15:00:00,394.38,530.95,32.54,53.79,2.3
2019-05-30 16:00:00,220.18,309.7,31.87,56.89,2.08
2019-05-30 17:00:00,74.78,104.53,30.46,67.82,1.39
2019-05-30 18:00:00,0.0,0.0,28.44,78.38,1.02
2019-05-30 19:00:00,0.0,0.0,27.84,78.66,1.25
2019-05-30 20:00:00,0.0,0.0,27.5,78.9,1.55
2019-05-30 21:00:00,0.0,0.0,27.13,79.97,1.86
2019-05-30 22:00:00,0.0,0.0,26.75,81.52,2.33
2019-05-30 23:00:00,0.0,0.0,26.33,83.8,2.82
2019-05-31 00:00:00,0.0,0.0,25.89,86.32,3.11
2019-05-31 01:00:00,0.0,0.0,25.53,88.45,3.24
2019-05-31 02:00:00,0.0,0.0,25.23,90.48,3.22
2019-05-31 03:00:00,0.0,0.0,24.98,92.21,3.07
2019-05-31 04:00:00,0.0,0.0,24.78,93.54,2.78
2019-05-31 05:00:00,0.0,0.0,24.64,94.32,2.54
2019-05-31 06:00:00,86.03,91.93,25.2,91.47,2.98
2019-05-31 07:00:00,243.82,273.9,26.61,84.02,3.59
2019-05-31 08:00:00,439.58,490.33,28.31,74.68,4.12
2019-05-31 09:00:00,614.0,681.05,29.79,67.62,4.0
2019-05-31 10:00:00,717.6,826.75,30.8,63.34,3.58
2019-05-31 11:00:00,732.08,901.0,31.36,60.95,3.15
2019-05-31 12:00:00,779.9,903.6,31.54,59.84,2.75
2019-05-31 13:00:00,711.03,830.08,31.58,59.33,2.44
2019-05-31 14:00:00,556.28,689.28,31.4,59.67,2.12
2019-05-31 15:00:00,375.35,496.48,30.96,61.31,1.84
2019-05-31 16:00:00,206.4,278.45,30.31,65.68,1.39
2019-05-31 17:00:00,71.07,88.47,29.4,72.83,1.09
2019-05-31 18:00:00,0.0,0.0,27.95,80.84,0.91
2019-05-31 19:00:00,0.0,0.0,27.49,80.43,1.38
2019-05-31 20:00:00,0.0,0.0,27.11,80.98,2.05
2019-05-31 21:00:00,0.0,0.0,26.6,83.71,2.25
2019-05-31 22:00:00,0.0,0.0,26.14,86.67,2.19
2019-05-31 23:00:00,0.0,0.0,25.8,88.88,2.22
2019-06-01 00:00:00,0.0,0.0,25.5,90.81,2.25
2019-06-01 01:00:00,0.0,0.0,25.28,92.31,2.21
2019-06-01 02:00:00,0.0,0.0,25.14,93.3,2.1
2019-06-01 03:00:00,0.0,0.0,25.01,94.09,1.99
2019-06-01 04:00:00,0.0,0.0,24.88,94.76,1.91
2019-06-01 05:00:00,0.0,0.0,24.75,94.95,1.98
2019-06-01 06:00:00,15.5,100.8,24.75,94.27,2.42
2019-06-01 07:00:00,33.3,304.42,25.06,91.26,3.33
2019-06-01 08:00:00,30.25,526.75,25.74,85.56,4.32
2019-06-01 09:00:00,72.53,720.05,26.9,77.5,4.81
2019-06-01 10:00:00,318.23,859.97,28.17,70.5,4.85
2019-06-01 11:00:00,220.95,933.17,29.15,66.14,4.52
2019-06-01 12:00:00,243.32,934.08,29.88,63.11,4.04
2019-06-01 13:00:00,285.3,862.92,30.37,61.17,3.52
2019-06-01 14:00:00,281.58,725.6,30.07,61.8,2.94
2019-06-01 15:00:00,192.98,535.12,29.55,63.43,2.58
2019-06-01 16:00:00,91.5,313.05,28.84,66.48,2.35
2019-06-01 17:00:00,45.67,106.35,27.72,74.66,1.57
2019-06-01 18:00:00,0.0,0.0,26.37,82.89,1.11
2019-06-01 19:00:00,0.0,0.0,25.75,85.19,1.1
2019-06-01 20:00:00,0.0,0.0,25.23,87.09,1.07
2019-06-01 21:00:00,0.0,0.0,24.85,88.26,1.17
2019-06-01 22:00:00,0.0,0.0,24.56,89.26,1.37
2019-06-01 23:00:00,0.0,0.0,24.32,90.36,1.61
2019-06-02 00:00:00,0.0,0.0,24.01,92.06,1.74
2019-06-02 01:00:00,0.0,0.0,23.68,93.96,1.68
2019-06-02 02:00:00,0.0,0.0,23.32,95.99,1.43
2019-06-02 03:00:00,0.0,0.0,23.08,97.3,1.24
2019-06-02 04:00:00,0.0,0.0,22.99,97.62,1.18
2019-06-02 05:00:00,0.0,0.0,22.9,97.97,1.13
2019-06-02 06:00:00,87.03,107.9,24.0,92.32,2.1
2019-06-02 07:00:00,250.05,317.42,25.88,82.25,2.81
2019-06-02 08:00:00,445.52,540.85,27.92,71.53,3.24
2019-06-02 09:00:00,596.47,730.85,29.76,62.88,3.29
2019-06-02 10:00:00,722.55,868.47,31.3,56.5,3.06
2019-06-02 11:00:00,820.53,939.67,32.44,52.32,2.77
2019-06-02 12:00:00,814.72,921.9,33.11,49.97,2.51
2019-06-02 13:00:00,714.8,850.33,33.27,49.24,2.32
2019-06-02 14:00:00,653.83,713.08,32.98,49.67,2.18
2019-06-02 15:00:00,461.42,523.85,32.38,51.11,2.08
2019-06-02 16:00:00,263.98,303.75,31.63,53.8,1.94
2019-06-02 17:00:00,93.15,102.53,30.45,62.6,1.33
2019-06-02 18:00:00,0.0,0.0,28.54,74.32,0.91
2019-06-02 19:00:00,0.0,0.0,27.77,75.37,1.08
2019-06-02 20:00:00,0.0,0.0,27.19,76.65,1.24
2019-06-02 21:00:00,0.0,0.0,26.69,78.44,1.38
2019-06-02 22:00:00,0.0,0.0,26.23,80.61,1.48
2019-06-02 23:00:00,0.0,0.0,25.87,82.61,1.59
2019-06-03 00:00:00,0.0,0.0,25.61,84.22,1.77
2019-06-03 01:00:00,0.0,0.0,25.33,85.98,1.94
2019-06-03 02:00:00,0.0,0.0,24.98,88.0,2.01
2019-06-03 03:00:00,0.0,0.0,24.68,89.85,2.1
2019-06-03 04:00:00,0.0,0.0,24.43,91.43,2.16
2019-06-03 05:00:00,0.0,0.0,24.18,93.06,2.0
2019-06-03 06:00:00,94.18,97.32,24.85,90.06,2.63
2019-06-03 07:00:00,264.5,291.95,26.78,80.25,3.64
2019-06-03 08:00:00,471.98,518.6,28.75,71.01,4.22
2019-06-03 09:00:00,666.08,711.6,30.16,64.89,4.08
2019-06-03 10:00:00,712.08,848.97,31.05,61.09,3.72
2019-06-03 11:00:00,775.92,920.58,31.69,58.44,3.39
2019-06-03 12:00:00,859.95,935.67,32.13,56.53,3.08
2019-06-03 13:00:00,779.1,863.15,32.28,55.46,2.78
2019-06-03 14:00:00,666.55,725.8,32.22,55.13,2.52
2019-06-03 15:00:00,434.23,535.65,32.03,55.22,2.28
2019-06-03 16:00:00,254.18,314.02,31.52,56.84,2.0
2019-06-03 17:00:00,98.15,107.9,30.49,63.95,1.31
2019-06-03 18:00:00,0.0,0.0,28.64,77.19,0.76
2019-06-03 19:00:00,0.0,0.0,27.97,78.19,0.83
2019-06-03 20:00:00,0.0,0.0,27.54,79.17,0.89
2019-06-03 21:00:00,0.0,0.0,27.17,80.24,0.93
2019-06-03 22:00:00,0.0,0.0,26.84,81.33,0.94
2019-06-03 23:00:00,0.0,0.0,26.53,82.61,0.93
2019-06-04 00:00:00,0.0,0.0,26.25,83.93,0.97
2019-06-04 01:00:00,0.0,0.0,25.97,85.74,1.09
2019-06-04 02:00:00,0.0,0.0,25.59,88.75,1.25
2019-06-04 03:00:00,0.0,0.0,25.18,91.73,1.35
2019-06-04 04:00:00,0.0,0.0,24.88,93.41,1.43
2019-06-04 05:00:00,0.0,0.0,24.65,94.74,1.49
2019-06-04 06:00:00,92.55,98.55,24.96,93.54,2.06
2019-06-04 07:00:00,255.02,294.05,25.77,90.09,2.53
2019-06-04 08:00:00,439.12,514.67,26.91,84.04,3.28
2019-06-04 09:00:00,432.92,708.7,28.02,78.24,3.38
2019-06-04 10:00:00,666.42,846.78,28.95,73.73,3.07
2019-06-04 11:00:00,783.95,918.72,29.61,70.6,2.69
2019-06-04 12:00:00,838.55,919.62,29.95,68.6,2.36
2019-06-04 13:00:00,746.1,848.55,30.11,67.31,2.14
2019-06-04 14:00:00,645.2,712.03,30.04,67.18,2.02
2019-06-04 15:00:00,462.17,523.47,29.73,68.47,2.01
2019-06-04 16:00:00,266.12,304.75,29.27,71.03,1.88
2019-06-04 17:00:00,100.53,105.03,28.4,78.13,1.32
2019-06-04 18:00:00,0.0,0.0,27.01,87.71,0.81
2019-06-04 19:00:00,0.0,0.0,26.49,88.82,0.84
2019-06-04 20:00:00,0.0,0.0,26.1,89.47,0.89
2019-06-04 21:00:00,0.0,0.0,25.77,89.91,1.0
2019-06-04 22:00:00,0.0,0.0,25.47,90.42,1.11
2019-06-04 23:00:00,0.0,0.0,25.2,91.06,1.23
2019-06-05 00:00:00,0.0,0.0,24.9,92.04,1.3
2019-06-05 01:00:00,0.0,0.0,24.6,93.35,1.29
2019-06-05 02:00:00,0.0,0.0,24.32,94.74,1.21
2019-06-05 03:00:00,0.0,0.0,24.08,96.06,1.14
2019-06-05 04:00:00,0.0,0.0,23.93,96.8,1.11
2019-06-05 05:00:00,0.0,0.0,23.84,97.14,1.18
2019-06-05 06:00:00,83.35,95.8,24.54,94.3,2.09
2019-06-05 07:00:00,234.57,291.67,25.57,90.2,2.67
2019-06-05 08:00:00,415.92,509.88,26.86,83.17,3.6
2019-06-05 09:00:00,571.12,695.25,28.07,76.1,4.09
2019-06-05 10:00:00,716.33,832.92,29.0,71.1,4.1
2019-06-05 11:00:00,801.65,904.0,29.67,67.92,3.91
2019-06-05 12:00:00,815.08,877.17,30.12,66.08,3.6
2019-06-05 13:00:00,744.55,804.83,30.31,65.18,3.27
2019-06-05 14:00:00,592.92,662.53,30.35,64.9,2.95
2019-06-05 15:00:00,364.58,463.12,30.06,66.18,2.65
2019-06-05 16:00:00,202.65,254.3,29.43,70.58,2.17
2019-06-05 17:00:00,79.45,84.85,28.27,80.16,1.4
2019-06-05 18:00:00,0.0,0.0,26.9,86.54,1.17
2019-06-05 19:00:00,0.0,0.0,26.41,87.75,1.34
2019-06-05 20:00:00,0.0,0.0,26.11,88.34,1.57
2019-06-05 21:00:00,0.0,0.0,25.81,89.28,1.77
2019-06-05 22:00:00,0.0,0.0,25.52,90.45,1.84
2019-06-05 23:00:00,0.0,0.0,25.22,91.76,1.85
2019-06-06 00:00:00,0.0,0.0,24.96,92.85,1.88
2019-06-06 01:00:00,0.0,0.0,24.7,94.0,1.88
2019-06-06 02:00:00,0.0,0.0,24.49,94.87,1.91
2019-06-06 03:00:00,0.0,0.0,24.32,95.43,2.02
2019-06-06 04:00:00,0.0,0.0,24.18,95.69,2.17
2019-06-06 05:00:00,0.0,0.0,24.01,96.02,2.27
2019-06-06 06:00:00,74.55,75.38,24.48,93.68,2.8
2019-06-06 07:00:00,235.73,241.82,25.64,88.08,3.53
2019-06-06 08:00:00,417.23,436.17,27.31,78.84,4.26
2019-06-06 09:00:00,554.1,633.88,28.71,72.0,3.82
2019-06-06 10:00:00,629.5,773.45,29.24,69.24,2.88
2019-06-06 11:00:00,630.62,844.03,29.45,67.93,2.41
2019-06-06 12:00:00,593.47,901.95,29.6,66.42,2.52
2019-06-06 13:00:00,528.1,829.83,30.09,63.71,2.83
2019-06-06 14:00:00,479.95,687.1,30.48,61.45,2.79
2019-06-06 15:00:00,342.02,482.9,30.58,60.8,2.45
2019-06-06 16:00:00,201.77,270.27,30.19,62.8,1.8
2019-06-06 17:00:00,74.55,87.47,29.25,70.93,0.93
2019-06-06 18:00:00,0.0,0.0,28.08,77.72,0.62
2019-06-06 19:00:00,0.0,0.0,27.73,77.15,0.64
2019-06-06 20:00:00,0.0,0.0,27.2,79.53,0.68
2019-06-06 21:00:00,0.0,0.0,26.56,82.37,0.72
2019-06-06 22:00:00,0.0,0.0,26.03,84.33,0.76
2019-06-06 23:00:00,0.0,0.0,25.65,85.31,0.84
2019-06-07 00:00:00,0.0,0.0,25.33,86.41,0.95
2019-06-07 01:00:00,0.0,0.0,25.08,86.96,1.09
2019-06-07 02:00:00,0.0,0.0,24.87,87.79,1.2
2019-06-07 03:00:00,0.0,0.0,24.7,88.79,1.3
2019-06-07 04:00:00,0.0,0.0,24.63,89.58,1.51
2019-06-07 05:00:00,0.0,0.0,24.56,90.86,1.83
2019-06-07 06:00:00,5.62,73.1,24.72,91.89,2.37
2019-06-07 07:00:00,22.5,233.0,25.15,91.91,2.72
2019-06-07 08:00:00,47.7,439.35,25.81,90.2,3.12
2019-06-07 09:00:00,162.3,631.75,26.37,87.83,3.58
2019-06-07 10:00:00,249.43,775.12,26.69,85.71,3.7
2019-06-07 11:00:00,290.02,866.2,26.83,83.94,3.8
2019-06-07 12:00:00,316.38,874.65,26.8,82.06,3.72
2019-06-07 13:00:00,395.83,810.28,26.7,80.91,3.45
2019-06-07 14:00:00,259.92,681.35,26.45,80.81,3.08
2019-06-07 15:00:00,182.45,498.62,26.08,82.59,2.66
2019-06-07 16:00:00,108.75,287.5,25.51,87.12,2.1
2019-06-07 17:00:00,41.8,97.62,24.81,91.71,1.7
2019-06-07 18:00:00,0.0,0.0,24.03,94.66,1.48
2019-06-07 19:00:00,0.0,0.0,23.69,94.95,1.63
2019-06-07 20:00:00,0.0,0.0,23.47,95.42,1.58
2019-06-07 21:00:00,0.0,0.0,23.39,95.5,1.59
2019-06-07 22:00:00,0.0,0.0,23.31,95.66,1.43
2019-06-07 23:00:00,0.0,0.0,23.1,96.22,1.07
2019-06-08 00:00:00,0.0,0.0,22.81,96.64,0.98
2019-06-08 01:00:00,0.0,0.0,22.63,96.91,0.94
2019-06-08 02:00:00,0.0,0.0,22.47,97.25,0.92
2019-06-08 03:00:00,0.0,0.0,22.34,97.38,1.03
2019-06-08 04:00:00,0.0,0.0,22.27,97.41,1.14
2019-06-08 05:00:00,0.0,0.0,22.18,97.59,1.17
2019-06-08 06:00:00,97.88,98.53,22.97,94.87,1.98
2019-06-08 07:00:00,291.38,296.67,24.45,88.11,2.34
2019-06-08 08:00:00,510.02,516.03,26.54,75.57,2.78
2019-06-08 09:00:00,691.5,704.1,28.61,66.18,2.8
2019-06-08 10:00:00,786.97,835.95,30.13,61.68,2.66
2019-06-08 11:00:00,822.0,904.08,31.19,58.96,2.59
2019-06-08 12:00:00,805.65,928.47,31.93,57.18,2.6
2019-06-08 13:00:00,823.05,850.9,32.24,56.5,2.61
2019-06-08 14:00:00,698.5,707.97,32.11,56.95,2.59
2019-06-08 15:00:00,510.15,512.42,31.66,58.34,2.49
2019-06-08 16:00:00,286.73,293.3,30.89,61.34,2.2
2019-06-08 17:00:00,99.7,101.0,29.65,69.78,1.52
2019-06-08 18:00:00,0.0,0.0,27.6,83.28,0.88
2019-06-08 19:00:00,0.0,0.0,26.83,85.02,0.89
2019-06-08 20:00:00,0.0,0.0,26.42,86.44,0.89
2019-06-08 21:00:00,0.0,0.0,26.12,88.03,0.87
2019-06-08 22:00:00,0.0,0.0,25.85,89.47,0.84
2019-06-08 23:00:00,0.0,0.0,25.48,90.84,0.86
2019-06-09 00:00:00,0.0,0.0,25.13,91.85,1.01
2019-06-09 01:00:00,0.0,0.0,24.86,92.69,1.26
2019-06-09 02:00:00,0.0,0.0,24.67,93.35,1.61
2019-06-09 03:00:00,0.0,0.0,24.48,94.26,2.03
2019-06-09 04:00:00,0.0,0.0,24.2,95.71,2.18
2019-06-09 05:00:00,0.0,0.0,23.87,97.03,1.79
2019-06-09 06:00:00,77.88,94.05,24.64,93.36,2.38
2019-06-09 07:00:00,175.23,283.23,26.26,85.1,3.19
2019-06-09 08:00:00,166.6,506.73,27.99,76.94,3.44
2019-06-09 09:00:00,168.3,696.65,29.37,71.45,2.95
2019-06-09 10:00:00,306.95,836.33,30.39,67.47,2.42
2019-06-09 11:00:00,442.25,908.53,31.07,64.9,1.94
2019-06-09 12:00:00,487.27,908.55,31.48,63.3,1.52
2019-06-09 13:00:00,536.25,836.8,31.64,62.59,1.16
2019-06-09 14:00:00,466.62,701.42,31.49,62.79,0.96
2019-06-09 15:00:00,361.3,515.4,31.04,64.25,0.82
2019-06-09 16:00:00,207.12,303.33,30.35,68.95,0.66
2019-06-09 17:00:00,65.97,96.88,29.56,72.4,0.71
2019-06-09 18:00:00,2.42,2.92,28.11,84.96,0.56
2019-06-09 19:00:00,0.0,0.0,27.14,90.17,0.64
2019-06-09 20:00:00,0.0,0.0,26.53,90.88,0.85
2019-06-09 21:00:00,0.0,0.0,26.1,91.71,0.97
2019-06-09 22:00:00,0.0,0.0,25.84,92.77,1.0
2019-06-09 23:00:00,0.0,0.0,25.61,93.54,1.05
2019-06-10 00:00:00,0.0,0.0,25.44,93.81,1.26
2019-06-10 01:00:00,0.0,0.0,25.26,94.1,1.56
2019-06-10 02:00:00,0.0,0.0,25.09,94.53,1.89
2019-06-10 03:00:00,0.0,0.0,24.96,94.88,2.08
2019-06-10 04:00:00,0.0,0.0,24.82,95.14,2.05
2019-06-10 05:00:00,0.0,0.0,24.71,95.3,1.95
2019-06-10 06:00:00,84.68,98.6,24.8,94.68,2.11
2019-06-10 07:00:00,242.88,298.42,25.11,93.29,2.37
2019-06-10 08:00:00,420.62,517.25,25.61,90.8,2.68
2019-06-10 09:00:00,542.85,706.55,26.47,85.45,2.98
2019-06-10 10:00:00,656.67,843.38,27.55,79.44,3.09
2019-06-10 11:00:00,795.92,915.75,28.38,75.19,2.93
2019-06-10 12:00:00,749.22,917.8,28.92,72.52,2.71
2019-06-10 13:00:00,634.08,849.45,29.15,71.12,2.54
2019-06-10 14:00:00,546.75,715.72,29.01,71.66,2.45
2019-06-10 15:00:00,429.12,529.85,28.69,73.47,2.32
2019-06-10 16:00:00,240.57,312.73,28.17,76.94,2.12
2019-06-10 17:00:00,80.7,103.7,27.32,83.71,1.56
2019-06-10 18:00:00,2.53,3.12,26.0,91.48,1.08
2019-06-10 19:00:00,0.0,0.0,25.5,92.76,1.21
2019-06-10 20:00:00,0.0,0.0,25.2,93.41,1.38
2019-06-10 21:00:00,0.0,0.0,24.98,94.04,1.59
2019-06-10 22:00:00,0.0,0.0,24.76,94.85,1.77
2019-06-10 23:00:00,0.0,0.0,24.56,95.76,1.88
2019-06-11 00:00:00,0.0,0.0,24.42,96.26,1.89
2019-06-11 01:00:00,0.0,0.0,24.31,96.56,1.83
2019-06-11 02:00:00,0.0,0.0,24.22,96.6,1.77
2019-06-11 03:00:00,0.0,0.0,24.1,96.73,1.67
2019-06-11 04:00:00,0.0,0.0,23.97,96.83,1.53
2019-06-11 05:00:00,0.0,0.0,23.84,96.83,1.5
2019-06-11 06:00:00,72.68,96.68,24.19,95.07,2.02
2019-06-11 07:00:00,169.32,292.88,24.87,90.53,2.75
2019-06-11 08:00:00,247.0,509.8,26.16,81.85,3.49
2019-06-11 09:00:00,406.1,705.2,28.35,71.02,3.88
2019-06-11 10:00:00,503.23,842.3,30.08,64.55,3.86
2019-06-11 11:00:00,706.58,912.5,31.04,61.53,3.74
2019-06-11 12:00:00,807.25,916.72,31.54,59.87,3.63
2019-06-11 13:00:00,651.08,846.85,31.67,59.25,3.5
2019-06-11 14:00:00,623.88,710.72,31.6,59.15,3.32
2019-06-11 15:00:00,473.4,522.47,31.24,60.18,3.04
2019-06-11 16:00:00,274.08,304.52,30.63,62.69,2.65
2019-06-11 17:00:00,94.07,100.72,29.31,71.15,1.66
2019-06-11 18:00:00,3.03,3.17,27.53,83.13,0.92
2019-06-11 19:00:00,0.0,0.0,26.86,85.05,0.89
2019-06-11 20:00:00,0.0,0.0,26.43,86.28,0.9
2019-06-11 21:00:00,0.0,0.0,26.05,87.39,0.92
2019-06-11 22:00:00,0.0,0.0,25.68,88.63,0.92
2019-06-11 23:00:00,0.0,0.0,25.36,89.64,0.95
2019-06-12 00:00:00,0.0,0.0,25.05,90.73,1.0
2019-06-12 01:00:00,0.0,0.0,24.75,91.73,1.11
2019-06-12 02:00:00,0.0,0.0,24.48,92.76,1.26
2019-06-12 03:00:00,0.0,0.0,24.21,93.93,1.45
2019-06-12 04:00:00,0.0,0.0,23.93,95.35,1.61
2019-06-12 05:00:00,0.0,0.0,23.72,96.44,1.77
2019-06-12 06:00:00,96.2,96.6,24.55,92.81,2.65
2019-06-12 07:00:00,298.55,300.0,26.46,83.94,3.1
2019-06-12 08:00:00,516.33,516.9,28.51,73.94,3.53
2019-06-12 09:00:00,691.53,705.72,29.83,67.84,3.36
2019-06-12 10:00:00,700.97,843.33,30.71,64.21,3.06
2019-06-12 11:00:00,864.95,915.92,31.42,61.51,2.81
2019-06-12 12:00:00,881.15,897.72,31.9,59.4,2.57
2019-06-12 13:00:00,758.4,825.9,32.05,58.27,2.28
2019-06-12 14:00:00,675.78,688.4,31.97,57.85,1.94
2019-06-12 15:00:00,495.2,498.65,31.75,58.32,1.62
2019-06-12 16:00:00,282.15,287.05,31.28,59.93,1.28
2019-06-12 17:00:00,93.15,94.3,30.54,65.34,0.82
2019-06-12 18:00:00,3.15,3.2,29.37,72.05,0.6
2019-06-12 19:00:00,0.0,0.0,28.73,74.26,0.61
2019-06-12 20:00:00,0.0,0.0,28.08,76.54,0.69
2019-06-12 21:00:00,0.0,0.0,27.38,79.09,0.73
2019-06-12 22:00:00,0.0,0.0,26.68,81.85,0.75
2019-06-12 23:00:00,0.0,0.0,26.02,85.07,0.78
2019-06-13 00:00:00,0.0,0.0,25.49,86.74,0.89
2019-06-13 01:00:00,0.0,0.0,25.07,87.42,1.06
2019-06-13 02:00:00,0.0,0.0,24.72,88.16,1.24
2019-06-13 03:00:00,0.0,0.0,24.4,89.21,1.42
2019-06-13 04:00:00,0.0,0.0,24.11,90.49,1.54
2019-06-13 05:00:00,0.0,0.0,23.81,92.06,1.58
2019-06-13 06:00:00,55.12,90.78,24.61,88.74,2.5
2019-06-13 07:00:00,167.38,288.08,26.67,79.99,2.8
2019-06-13 08:00:00,273.5,509.42,29.35,68.05,3.34
2019-06-13 09:00:00,501.67,697.2,30.94,62.7,2.76
2019-06-13 10:00:00,570.38,840.6,32.03,59.41,2.0
2019-06-13 11:00:00,516.28,916.08,32.74,57.12,1.47
2019-06-13 12:00:00,668.15,900.15,33.24,55.39,1.16
2019-06-13 13:00:00,518.33,831.2,33.34,54.59,1.09
2019-06-13 14:00:00,468.0,696.12,33.16,54.87,1.25
2019-06-13 15:00:00,309.75,503.3,32.47,56.98,1.33
2019-06-13 16:00:00,184.77,292.05,31.71,60.39,1.15
2019-06-13 17:00:00,72.38,97.03,30.84,66.24,0.85
2019-06-13 18:00:00,3.0,3.33,29.53,76.4,0.59
2019-06-13 19:00:00,0.0,0.0,28.61,81.5,0.57
2019-06-13 20:00:00,0.0,0.0,27.88,84.21,0.69
2019-06-13 21:00:00,0.0,0.0,27.27,85.19,0.86
2019-06-13 22:00:00,0.0,0.0,26.77,86.23,1.04
2019-06-13 23:00:00,0.0,0.0,26.32,87.42,1.24
2019-06-14 00:00:00,0.0,0.0,25.9,89.0,1.42
2019-06-14 01:00:00,0.0,0.0,25.49,91.29,1.53
2019-06-14 02:00:00,0.0,0.0,25.16,93.41,1.55
2019-06-14 03:00:00,0.0,0.0,24.92,94.86,1.48
2019-06-14 04:00:00,0.0,0.0,24.74,95.66,1.49
2019-06-14 05:00:00,0.0,0.0,24.58,96.04,1.57
2019-06-14 06:00:00,59.5,92.25,24.79,95.34,1.98
2019-06-14 07:00:00,179.48,286.3,25.51,93.2,1.86
2019-06-14 08:00:00,313.12,499.95,26.96,86.27,1.84
2019-06-14 09:00:00,445.0,687.42,28.41,78.59,2.06
2019-06-14 10:00:00,682.0,825.25,29.48,73.35,2.06
2019-06-14 11:00:00,767.17,896.12,30.15,70.41,1.51
2019-06-14 12:00:00,745.03,878.4,30.42,69.0,1.1
2019-06-14 13:00:00,738.05,812.5,30.51,68.46,1.21
2019-06-14 14:00:00,580.4,682.08,30.49,68.43,1.42
2019-06-14 15:00:00,437.9,509.42,30.29,69.33,1.48
2019-06-14 16:00:00,210.7,298.8,29.85,73.51,1.12
2019-06-14 17:00:00,73.72,98.55,29.22,75.9,0.99
2019-06-14 18:00:00,2.1,3.38,28.12,85.31,0.54
2019-06-14 19:00:00,0.0,0.0,27.85,83.89,0.57
2019-06-14 20:00:00,0.0,0.0,27.48,85.43,0.58
2019-06-14 21:00:00,0.0,0.0,27.07,86.93,0.6
2019-06-14 22:00:00,0.0,0.0,26.65,88.04,0.64
2019-06-14 23:00:00,0.0,0.0,26.24,89.23,0.66
2019-06-15 00:00:00,0.0,0.0,25.77,90.7,0.68
2019-06-15 01:00:00,0.0,0.0,25.29,92.29,0.73
2019-06-15 02:00:00,0.0,0.0,24.84,93.77,0.81
2019-06-15 03:00:00,0.0,0.0,24.47,94.91,0.97
2019-06-15 04:00:00,0.0,0.0,24.17,96.08,1.16
2019-06-15 05:00:00,0.0,0.0,23.96,97.24,1.28
2019-06-15 06:00:00,85.45,91.43,24.71,94.98,2.08
2019-06-15 07:00:00,253.95,285.48,25.79,91.33,2.46
2019-06-15 08:00:00,451.65,505.9,26.98,85.96,2.9
2019-06-15 09:00:00,631.17,698.4,28.02,80.6,2.97
2019-06-15 10:00:00,721.17,841.25,28.9,76.26,2.88
2019-06-15 11:00:00,775.9,916.45,29.8,72.19,2.82
2019-06-15 12:00:00,802.4,918.65,30.42,68.95,2.73
2019-06-15 13:00:00,741.03,841.42,30.83,66.4,2.61
2019-06-15 14:00:00,606.8,704.05,30.9,65.07,2.45
2019-06-15 15:00:00,427.38,516.38,30.67,65.03,2.23
2019-06-15 16:00:00,252.1,301.35,30.21,66.98,1.94
2019-06-15 17:00:00,92.75,101.95,29.21,73.9,1.31
2019-06-15 18:00:00,3.6,3.53,27.46,86.03,0.75
2019-06-15 19:00:00,0.0,0.0,26.83,87.25,0.76
2019-06-15 20:00:00,0.0,0.0,26.35,88.0,0.82
2019-06-15 21:00:00,0.0,0.0,25.87,88.88,0.88
2019-06-15 22:00:00,0.0,0.0,25.43,89.67,0.92
2019-06-15 23:00:00,0.0,0.0,24.99,90.69,0.97
2019-06-16 00:00:00,0.0,0.0,24.6,91.87,1.0
2019-06-16 01:00:00,0.0,0.0,24.26,93.03,1.0
2019-06-16 02:00:00,0.0,0.0,23.94,94.22,0.99
2019-06-16 03:00:00,0.0,0.0,23.67,95.27,0.98
2019-06-16 04:00:00,0.0,0.0,23.42,96.34,1.02
2019-06-16 05:00:00,0.0,0.0,23.24,97.3,1.1
2019-06-16 06:00:00,89.2,90.72,24.29,94.47,2.1
2019-06-16 07:00:00,257.52,283.3,26.08,88.07,2.57
2019-06-16 08:00:00,477.67,503.35,28.35,76.71,2.82
2019-06-16 09:00:00,666.0,695.25,29.99,69.04,2.6
2019-06-16 10:00:00,750.33,836.58,31.02,64.93,2.3
2019-06-16 11:00:00,868.67,913.9,31.61,62.47,1.85
2019-06-16 12:00:00,887.28,925.83,31.57,62.03,1.6
2019-06-16 13:00:00,791.08,858.33,30.84,64.46,1.79
2019-06-16 14:00:00,705.0,724.7,29.87,68.3,1.75
2019-06-16 15:00:00,519.55,538.62,29.19,72.7,1.27
2019-06-16 16:00:00,310.65,320.85,28.9,74.11,1.04
2019-06-16 17:00:00,107.28,110.07,28.59,73.87,0.88
2019-06-16 18:00:00,3.8,3.88,27.38,81.91,0.59
2019-06-16 19:00:00,0.0,0.0,26.75,82.11,0.68
2019-06-16 20:00:00,0.0,0.0,26.25,83.65,0.72
2019-06-16 21:00:00,0.0,0.0,25.84,85.28,0.74
2019-06-16 22:00:00,0.0,0.0,25.43,87.06,0.75
2019-06-16 23:00:00,0.0,0.0,24.97,88.61,0.76
2019-06-17 00:00:00,0.0,0.0,24.57,89.43,0.77
2019-06-17 01:00:00,0.0,0.0,24.34,89.33,0.76
2019-06-17 02:00:00,0.0,0.0,24.31,88.27,0.72
2019-06-17 03:00:00,0.0,0.0,24.29,87.43,0.68
2019-06-17 04:00:00,0.0,0.0,23.84,89.45,0.71
2019-06-17 05:00:00,0.0,0.0,23.18,92.93,0.75
2019-06-17 06:00:00,27.42,103.78,24.48,88.42,1.65
2019-06-17 07:00:00,107.68,317.38,26.34,81.11,2.34
2019-06-17 08:00:00,233.07,543.42,29.13,70.92,2.87
2019-06-17 09:00:00,424.0,736.83,30.78,65.81,2.61
2019-06-17 10:00:00,534.8,878.28,32.01,62.08,2.17
2019-06-17 11:00:00,780.78,953.5,33.03,58.77,1.8
2019-06-17 12:00:00,758.75,929.53,33.82,55.71,1.8
2019-06-17 13:00:00,796.88,862.42,34.08,54.33,1.99
2019-06-17 14:00:00,585.83,733.12,33.9,54.29,2.14
2019-06-17 15:00:00,530.8,542.45,33.46,55.38,2.16
2019-06-17 16:00:00,313.1,323.4,32.65,58.21,2.03
2019-06-17 17:00:00,108.7,112.1,31.18,67.1,1.48
2019-06-17 18:00:00,3.9,3.97,28.92,80.46,0.94
2019-06-17 19:00:00,0.0,0.0,27.98,81.83,1.07
2019-06-17 20:00:00,0.0,0.0,27.27,83.43,1.21
2019-06-17 21:00:00,0.0,0.0,26.71,85.24,1.29
2019-06-17 22:00:00,0.0,0.0,26.27,87.04,1.28
2019-06-17 23:00:00,0.0,0.0,25.88,88.59,1.25
2019-06-18 00:00:00,0.0,0.0,25.52,89.92,1.21
2019-06-18 01:00:00,0.0,0.0,25.19,91.07,1.17
2019-06-18 02:00:00,0.0,0.0,24.89,92.14,1.16
2019-06-18 03:00:00,0.0,0.0,24.62,93.19,1.15
2019-06-18 04:00:00,0.0,0.0,24.35,94.37,1.16
2019-06-18 05:00:00,0.0,0.0,24.1,95.84,1.17
2019-06-18 06:00:00,100.8,101.9,25.19,92.24,2.15
2019-06-18 07:00:00,293.1,298.08,27.16,82.84,2.63
2019-06-18 08:00:00,510.98,519.22,29.41,71.71,2.96
2019-06-18 09:00:00,705.12,712.45,30.93,66.08,2.76
2019-06-18 10:00:00,705.17,854.7,31.98,62.7,2.62
2019-06-18 11:00:00,751.95,930.58,32.78,60.02,2.59
2019-06-18 12:00:00,863.67,928.62,33.33,57.97,2.65
2019-06-18 13:00:00,800.1,861.75,33.54,57.1,2.65
2019-06-18 14:00:00,695.67,727.62,33.34,57.4,2.62
2019-06-18 15:00:00,503.05,540.28,32.85,58.7,2.52
2019-06-18 16:00:00,302.42,320.5,31.8,62.19,2.25
2019-06-18 17:00:00,107.35,109.88,30.41,70.29,1.65
2019-06-18 18:00:00,3.97,4.0,28.3,81.74,1.02
2019-06-18 19:00:00,0.0,0.0,27.47,83.43,1.04
2019-06-18 20:00:00,0.0,0.0,26.94,84.71,1.02
2019-06-18 21:00:00,0.0,0.0,26.48,86.02,0.94
2019-06-18 22:00:00,0.0,0.0,26.11,86.95,0.86
2019-06-18 23:00:00,0.0,0.0,25.78,87.73,0.8
2019-06-19 00:00:00,0.0,0.0,25.44,88.56,0.76
2019-06-19 01:00:00,0.0,0.0,25.12,89.34,0.74
2019-06-19 02:00:00,0.0,0.0,24.8,90.2,0.73
2019-06-19 03:00:00,0.0,0.0,24.48,91.15,0.73
2019-06-19 04:00:00,0.0,0.0,24.15,92.12,0.74
2019-06-19 05:00:00,0.0,0.0,23.81,93.48,0.75
2019-06-19 06:00:00,99.53,99.7,25.21,88.41,1.56
2019-06-19 07:00:00,300.73,301.48,27.2,80.02,2.07
2019-06-19 08:00:00,522.53,523.95,29.91,68.39,2.59
2019-06-19 09:00:00,715.05,717.2,31.4,63.52,2.38
2019-06-19 10:00:00,837.65,860.97,32.56,59.78,2.02
2019-06-19 11:00:00,775.8,935.55,33.49,56.52,1.75
2019-06-19 12:00:00,661.47,932.28,34.2,53.9,1.57
2019-06-19 13:00:00,427.9,863.12,34.58,52.19,1.52
2019-06-19 14:00:00,260.52,722.2,34.54,51.65,1.56
2019-06-19 15:00:00,397.98,533.3,34.1,52.47,1.58
2019-06-19 16:00:00,272.38,314.08,33.32,54.95,1.51
2019-06-19 17:00:00,99.03,107.95,32.09,62.55,1.16
2019-06-19 18:00:00,4.15,4.18,29.7,77.58,0.76
2019-06-19 19:00:00,0.0,0.0,28.66,78.99,0.87
2019-06-19 20:00:00,0.0,0.0,27.97,80.49,0.96
2019-06-19 21:00:00,0.0,0.0,27.4,82.01,1.04
2019-06-19 22:00:00,0.0,0.0,26.9,83.67,1.09
2019-06-19 23:00:00,0.0,0.0,26.49,85.14,1.13
2019-06-20 00:00:00,0.0,0.0,26.11,86.48,1.17
2019-06-20 01:00:00,0.0,0.0,25.78,87.66,1.25
2019-06-20 02:00:00,0.0,0.0,25.5,88.63,1.36
2019-06-20 03:00:00,0.0,0.0,25.3,89.35,1.58
2019-06-20 04:00:00,0.0,0.0,25.07,90.35,1.89
2019-06-20 05:00:00,0.0,0.0,24.79,92.0,2.12
2019-06-20 06:00:00,87.72,94.12,25.29,90.7,2.82
2019-06-20 07:00:00,283.67,298.5,27.06,83.26,3.02
2019-06-20 08:00:00,514.22,517.88,29.71,69.19,3.73
2019-06-20 09:00:00,638.22,713.35,31.45,62.1,3.69
2019-06-20 10:00:00,723.58,855.2,32.42,59.28,3.36
2019-06-20 11:00:00,798.12,931.22,32.87,58.18,3.03
2019-06-20 12:00:00,879.72,918.7,33.01,57.89,2.69
2019-06-20 13:00:00,773.85,851.22,33.13,57.69,2.41
2019-06-20 14:00:00,663.8,717.05,32.69,59.02,2.19
2019-06-20 15:00:00,505.25,529.53,32.06,61.27,2.19
2019-06-20 16:00:00,296.23,310.98,30.98,67.64,1.81
2019-06-20 17:00:00,104.45,106.12,29.69,75.96,1.5
2019-06-20 18:00:00,4.03,4.07,28.23,82.45,1.23
2019-06-20 19:00:00,0.0,0.0,27.63,83.85,1.36
2019-06-20 20:00:00,0.0,0.0,27.22,85.13,1.42
2019-06-20 21:00:00,0.0,0.0,26.84,86.79,1.35
2019-06-20 22:00:00,0.0,0.0,26.52,88.33,1.21
2019-06-20 23:00:00,0.0,0.0,26.23,89.64,1.12
2019-06-21 00:00:00,0.0,0.0,25.98,90.5,1.1
2019-06-21 01:00:00,0.0,0.0,25.72,91.47,1.13
2019-06-21 02:00:00,0.0,0.0,25.49,92.36,1.23
2019-06-21 03:00:00,0.0,0.0,25.32,93.09,1.5
2019-06-21 04:00:00,0.0,0.0,25.17,93.94,1.84
2019-06-21 05:00:00,0.0,0.0,25.02,95.06,2.02
2019-06-21 06:00:00,79.5,88.88,25.36,94.37,2.51
2019-06-21 07:00:00,227.8,285.62,26.2,91.31,2.89
2019-06-21 08:00:00,402.05,504.12,27.37,85.16,3.54
2019-06-21 09:00:00,485.38,698.92,28.6,78.37,3.8
2019-06-21 10:00:00,589.17,839.03,30.05,71.88,3.67
2019-06-21 11:00:00,721.9,914.15,30.85,68.25,3.25
2019-06-21 12:00:00,867.85,924.42,30.76,67.89,2.8
2019-06-21 13:00:00,788.8,857.6,30.41,68.96,2.42
2019-06-21 14:00:00,669.2,724.55,30.15,69.95,2.12
2019-06-21 15:00:00,491.42,537.95,29.8,71.76,1.83
2019-06-21 16:00:00,272.62,319.0,29.18,76.87,1.32
2019-06-21 17:00:00,88.18,109.5,28.24,83.24,1.04
2019-06-21 18:00:00,2.67,4.2,26.99,90.42,0.72
2019-06-21 19:00:00,0.0,0.0,26.51,91.4,0.77
2019-06-21 20:00:00,0.0,0.0,26.18,92.21,0.81
2019-06-21 21:00:00,0.0,0.0,25.89,93.05,0.83
2019-06-21 22:00:00,0.0,0.0,25.65,93.66,0.84
2019-06-21 23:00:00,0.0,0.0,25.44,94.08,0.86
2019-06-22 00:00:00,0.0,0.0,25.23,94.48,0.89
2019-06-22 01:00:00,0.0,0.0,25.06,94.66,0.94
2019-06-22 02:00:00,0.0,0.0,24.9,94.89,1.01
2019-06-22 03:00:00,0.0,0.0,24.75,95.17,1.04
2019-06-22 04:00:00,0.0,0.0,24.63,95.42,1.08
2019-06-22 05:00:00,0.0,0.0,24.52,95.73,1.22
2019-06-22 06:00:00,82.38,90.43,24.97,93.83,2.09
2019-06-22 07:00:00,221.7,290.98,25.6,91.95,2.87
2019-06-22 08:00:00,359.67,511.9,26.6,88.22,3.2
2019-06-22 09:00:00,546.88,706.7,27.65,82.35,3.4
2019-06-22 10:00:00,631.85,843.5,28.41,78.58,3.24
2019-06-22 11:00:00,716.3,920.03,28.91,76.46,2.94
2019-06-22 12:00:00,488.67,907.7,29.17,75.09,2.71
2019-06-22 13:00:00,442.5,837.55,28.99,75.33,2.38
2019-06-22 14:00:00,94.32,700.85,28.53,77.39,2.04
2019-06-22 15:00:00,166.07,511.73,28.03,80.35,1.81
2019-06-22 16:00:00,151.32,295.12,27.49,84.53,1.37
2019-06-22 17:00:00,39.8,96.75,26.89,88.28,1.09
2019-06-22 18:00:00,2.78,3.95,25.97,93.94,0.71
2019-06-22 19:00:00,0.0,0.0,25.55,94.44,0.81
2019-06-22 20:00:00,0.0,0.0,25.28,94.64,0.94
2019-06-22 21:00:00,0.0,0.0,25.02,95.1,0.98
2019-06-22 22:00:00,0.0,0.0,24.78,95.61,1.01
2019-06-22 23:00:00,0.0,0.0,24.56,96.08,1.08
2019-06-23 00:00:00,0.0,0.0,24.34,96.69,1.13
2019-06-23 01:00:00,0.0,0.0,24.16,97.1,1.14
2019-06-23 02:00:00,0.0,0.0,24.0,97.47,1.13
2019-06-23 03:00:00,0.0,0.0,23.86,97.64,1.09
2019-06-23 04:00:00,0.0,0.0,23.67,97.98,1.05
2019-06-23 05:00:00,0.0,0.0,23.55,98.12,1.05
2019-06-23 06:00:00,61.75,76.43,24.34,95.26,1.78
2019-06-23 07:00:00,201.1,258.12,25.49,90.81,2.13
2019-06-23 08:00:00,370.15,472.77,27.32,80.17,2.44
2019-06-23 09:00:00,480.85,659.25,29.01,68.91,2.51
2019-06-23 10:00:00,663.45,804.55,30.34,62.51,2.39
2019-06-23 11:00:00,733.6,883.4,31.31,58.9,2.26
2019-06-23 12:00:00,757.17,923.78,31.79,57.38,2.19
2019-06-23 13:00:00,637.3,856.17,31.89,57.12,2.14
2019-06-23 14:00:00,509.0,722.6,31.69,57.85,2.06
2019-06-23 15:00:00,382.38,535.95,31.28,59.2,1.95
2019-06-23 16:00:00,228.0,317.38,30.51,64.65,1.53
2019-06-23 17:00:00,77.82,108.43,29.38,70.45,1.37
2019-06-23 18:00:00,3.72,4.4,27.54,83.65,0.87
2019-06-23 19:00:00,0.0,0.0,26.84,84.6,0.96
2019-06-23 20:00:00,0.0,0.0,26.41,85.11,1.06
2019-06-23 21:00:00,0.0,0.0,26.04,85.93,1.15
2019-06-23 22:00:00,0.0,0.0,25.72,87.03,1.24
2019-06-23 23:00:00,0.0,0.0,25.4,88.3,1.36
2019-06-24 00:00:00,0.0,0.0,25.12,89.48,1.57
2019-06-24 01:00:00,0.0,0.0,24.85,90.84,1.82
2019-06-24 02:00:00,0.0,0.0,24.61,92.33,1.99
2019-06-24 03:00:00,0.0,0.0,24.37,93.76,2.05
2019-06-24 04:00:00,0.0,0.0,24.11,95.14,1.91
2019-06-24 05:00:00,0.0,0.0,23.96,95.71,1.91
2019-06-24 06:00:00,80.15,89.53,24.41,93.66,2.54
2019-06-24 07:00:00,263.75,290.15,25.55,88.35,3.18
2019-06-24 08:00:00,483.1,512.62,27.05,80.1,3.81
2019-06-24 09:00:00,656.42,705.38,28.49,72.16,3.95
2019-06-24 10:00:00,799.62,846.47,29.44,67.46,3.8
2019-06-24 11:00:00,854.0,925.47,29.82,65.27,3.5
2019-06-24 12:00:00,908.38,927.05,29.8,64.64,3.18
2019-06-24 13:00:00,830.78,858.38,29.62,64.7,2.91
2019-06-24 14:00:00,675.78,722.05,29.29,65.68,2.69
2019-06-24 15:00:00,475.75,534.67,28.82,68.1,2.43
2019-06-24 16:00:00,264.17,315.62,28.15,73.3,2.0
2019-06-24 17:00:00,84.03,108.22,27.12,81.18,1.49
2019-06-24 18:00:00,2.92,4.3,25.83,87.27,1.22
2019-06-24 19:00:00,0.0,0.0,25.37,88.15,1.35
2019-06-24 20:00:00,0.0,0.0,25.06,88.91,1.42
2019-06-24 21:00:00,0.0,0.0,24.83,89.67,1.48
2019-06-24 22:00:00,0.0,0.0,24.61,90.71,1.54
2019-06-24 23:00:00,0.0,0.0,24.38,91.99,1.6
2019-06-25 00:00:00,0.0,0.0,24.13,93.6,1.72
2019-06-25 01:00:00,0.0,0.0,23.92,95.17,1.83
2019-06-25 02:00:00,0.0,0.0,23.77,96.33,1.82
2019-06-25 03:00:00,0.0,0.0,23.7,96.73,1.8
2019-06-25 04:00:00,0.0,0.0,23.59,97.0,1.74
2019-06-25 05:00:00,0.0,0.0,23.4,97.55,1.54
2019-06-25 06:00:00,53.65,80.8,24.05,94.95,2.29
2019-06-25 07:00:00,172.32,273.85,25.14,90.38,3.14
2019-06-25 08:00:00,333.73,491.8,26.58,82.63,3.74
2019-06-25 09:00:00,377.3,687.45,27.92,75.17,3.84
2019-06-25 10:00:00,554.28,835.7,28.98,69.64,3.74
2019-06-25 11:00:00,606.47,914.8,30.04,64.93,3.66
2019-06-25 12:00:00,700.8,921.92,30.67,61.56,3.52
2019-06-25 13:00:00,634.15,857.25,30.92,59.51,3.32
2019-06-25 14:00:00,554.55,725.97,30.81,59.12,3.13
2019-06-25 15:00:00,357.3,540.22,30.38,60.08,2.84
2019-06-25 16:00:00,220.8,321.08,29.67,62.82,2.48
2019-06-25 17:00:00,74.55,109.35,28.33,72.28,1.6
2019-06-25 18:00:00,3.2,4.35,26.4,82.91,1.05
2019-06-25 19:00:00,0.0,0.0,25.59,84.84,1.12
2019-06-25 20:00:00,0.0,0.0,25.1,85.98,1.19
2019-06-25 21:00:00,0.0,0.0,24.67,87.26,1.18
2019-06-25 22:00:00,0.0,0.0,24.33,88.29,1.15
2019-06-25 23:00:00,0.0,0.0,24.03,89.35,1.07
2019-06-26 00:00:00,0.0,0.0,23.74,90.51,1.0
2019-06-26 01:00:00,0.0,0.0,23.5,91.36,1.0
2019-06-26 02:00:00,0.0,0.0,23.31,92.03,1.07
2019-06-26 03:00:00,0.0,0.0,23.15,92.66,1.3
2019-06-26 04:00:00,0.0,0.0,23.04,93.41,1.65
2019-06-26 05:00:00,0.0,0.0,22.95,94.63,1.9
2019-06-26 06:00:00,64.62,75.3,23.5,93.11,2.48
2019-06-26 07:00:00,210.6,250.73,24.8,87.86,3.05
2019-06-26 08:00:00,424.0,467.35,26.43,80.25,3.54
2019-06-26 09:00:00,503.98,673.38,27.88,73.56,3.4
2019-06-26 10:00:00,517.3,817.45,29.02,68.72,3.12
2019-06-26 11:00:00,620.72,891.97,29.84,65.3,2.86
2019-06-26 12:00:00,811.35,898.92,30.32,63.22,2.68
2019-06-26 13:00:00,770.6,836.6,30.55,62.09,2.56
2019-06-26 14:00:00,601.05,706.03,30.47,62.04,2.43
2019-06-26 15:00:00,473.38,521.88,30.13,63.08,2.25
2019-06-26 16:00:00,261.85,307.15,29.58,65.32,2.0
2019-06-26 17:00:00,98.43,106.95,28.54,72.38,1.35
2019-06-26 18:00:00,4.45,4.5,26.78,83.94,0.75
2019-06-26 19:00:00,0.0,0.0,26.23,84.61,0.73
2019-06-26 20:00:00,0.0,0.0,26.04,84.38,0.68
2019-06-26 21:00:00,0.0,0.0,25.92,83.91,0.62
2019-06-26 22:00:00,0.0,0.0,25.8,83.73,0.57
2019-06-26 23:00:00,0.0,0.0,25.5,84.88,0.58
2019-06-27 00:00:00,0.0,0.0,25.09,87.37,0.63
2019-06-27 01:00:00,0.0,0.0,24.6,90.38,0.69
2019-06-27 02:00:00,0.0,0.0,24.21,92.24,0.82
2019-06-27 03:00:00,0.0,0.0,24.03,93.34,1.05
2019-06-27 04:00:00,0.0,0.0,23.95,94.39,1.32
2019-06-27 05:00:00,0.0,0.0,23.89,95.4,1.53
2019-06-27 06:00:00,66.1,81.45,24.54,93.37,2.31
2019-06-27 07:00:00,192.75,278.9,25.74,88.13,2.82
2019-06-27 08:00:00,320.2,501.35,27.25,80.03,3.18
2019-06-27 09:00:00,501.23,694.5,28.41,74.42,3.11
2019-06-27 10:00:00,557.6,836.67,29.06,71.37,2.87
2019-06-27 11:00:00,661.12,915.0,29.58,69.07,2.59
2019-06-27 12:00:00,609.4,901.1,29.9,67.58,2.29
2019-06-27 13:00:00,654.05,832.47,30.22,66.27,1.89
2019-06-27 14:00:00,603.15,701.58,30.18,66.09,1.35
2019-06-27 15:00:00,479.08,517.83,29.98,66.32,0.74
2019-06-27 16:00:00,284.23,304.1,29.62,67.32,0.09
2019-06-27 17:00:00,103.43,105.2,28.98,71.68,0.44
2019-06-27 18:00:00,4.32,4.35,27.79,78.65,0.56
2019-06-27 19:00:00,0.0,0.0,27.06,82.43,0.59
2019-06-27 20:00:00,0.0,0.0,26.62,84.38,0.63
2019-06-27 21:00:00,0.0,0.0,26.41,84.15,0.61
2019-06-27 22:00:00,0.0,0.0,26.39,82.31,0.51
2019-06-27 23:00:00,0.0,0.0,26.3,81.44,0.32
2019-06-28 00:00:00,0.0,0.0,26.0,83.63,0.32
2019-06-28 01:00:00,0.0,0.0,25.47,85.77,0.44
2019-06-28 02:00:00,0.0,0.0,25.01,87.63,0.5
2019-06-28 03:00:00,0.0,0.0,24.47,90.64,0.56
2019-06-28 04:00:00,0.0,0.0,23.99,93.04,0.64
2019-06-28 05:00:00,0.0,0.0,23.72,94.0,0.81
2019-06-28 06:00:00,73.93,75.32,24.33,91.44,1.7
2019-06-28 07:00:00,250.85,258.52,25.47,86.87,2.28
2019-06-28 08:00:00,466.88,475.45,27.34,78.42,2.48
2019-06-28 09:00:00,597.28,669.15,28.9,71.61,2.39
2019-06-28 10:00:00,515.45,820.85,30.21,66.2,2.23
2019-06-28 11:00:00,674.28,894.08,31.06,62.44,2.14
2019-06-28 12:00:00,736.4,872.85,31.58,60.15,2.18
2019-06-28 13:00:00,714.2,806.72,31.63,59.2,2.24
2019-06-28 14:00:00,627.85,672.72,31.42,59.37,2.23
2019-06-28 15:00:00,408.35,486.95,31.0,60.4,2.22
2019-06-28 16:00:00,193.1,277.17,30.09,64.34,2.14
2019-06-28 17:00:00,71.2,95.03,28.73,73.35,1.72
2019-06-28 18:00:00,3.95,4.2,27.14,81.79,1.46
2019-06-28 19:00:00,0.0,0.0,26.47,83.78,1.8
2019-06-28 20:00:00,0.0,0.0,25.95,85.91,1.93
2019-06-28 21:00:00,0.0,0.0,25.48,88.14,1.84
2019-06-28 22:00:00,0.0,0.0,25.08,90.17,1.68
2019-06-28 23:00:00,0.0,0.0,24.77,91.62,1.55
2019-06-29 00:00:00,0.0,0.0,24.49,92.85,1.48
2019-06-29 01:00:00,0.0,0.0,24.26,93.89,1.42
2019-06-29 02:00:00,0.0,0.0,24.05,94.84,1.34
2019-06-29 03:00:00,0.0,0.0,23.89,95.48,1.29
2019-06-29 04:00:00,0.0,0.0,23.76,95.99,1.29
2019-06-29 05:00:00,0.0,0.0,23.67,96.22,1.33
2019-06-29 06:00:00,57.8,76.97,24.28,93.36,2.12
2019-06-29 07:00:00,154.43,269.83,25.54,87.59,2.54
2019-06-29 08:00:00,266.83,490.9,27.37,78.21,2.97
2019-06-29 09:00:00,346.02,685.58,28.88,70.81,3.1
2019-06-29 10:00:00,509.35,829.3,29.85,66.49,3.11
2019-06-29 11:00:00,677.25,907.17,30.44,63.68,3.01
2019-06-29 12:00:00,712.72,912.8,30.75,61.96,2.84
2019-06-29 13:00:00,686.25,845.22,30.78,61.15,2.59
2019-06-29 14:00:00,550.42,714.53,30.7,61.16,2.37
2019-06-29 15:00:00,419.05,531.22,30.49,61.62,2.11
2019-06-29 16:00:00,268.67,316.3,30.06,63.08,1.86
2019-06-29 17:00:00,100.6,111.4,29.06,69.79,1.28
2019-06-29 18:00:00,4.45,4.65,27.32,82.34,0.74
2019-06-29 19:00:00,0.0,0.0,26.59,84.38,0.77
2019-06-29 20:00:00,0.0,0.0,26.14,85.29,0.85
2019-06-29 21:00:00,0.0,0.0,25.67,86.38,0.96
2019-06-29 22:00:00,0.0,0.0,25.2,87.68,1.07
2019-06-29 23:00:00,0.0,0.0,24.8,88.89,1.19
2019-06-30 00:00:00,0.0,0.0,24.37,90.45,1.3
2019-06-30 01:00:00,0.0,0.0,24.01,91.72,1.4
2019-06-30 02:00:00,0.0,0.0,23.65,93.17,1.41
2019-06-30 03:00:00,0.0,0.0,23.34,94.5,1.4
2019-06-30 04:00:00,0.0,0.0,23.08,95.59,1.36
2019-06-30 05:00:00,0.0,0.0,22.87,96.46,1.29
2019-06-30 06:00:00,72.95,82.62,23.76,92.42,2.14
2019-06-30 07:00:00,236.27,280.48,25.9,82.23,2.58
2019-06-30 08:00:00,428.08,496.83,28.14,71.65,2.84
2019-06-30 09:00:00,547.33,685.17,29.81,65.49,2.67
2019-06-30 10:00:00,667.15,826.4,30.92,61.92,2.44
2019-06-30 11:00:00,741.67,900.5,31.73,59.6,2.17
2019-06-30 12:00:00,837.83,923.4,32.15,58.42,1.86
2019-06-30 13:00:00,782.25,853.58,32.31,57.88,1.52
2019-06-30 14:00:00,657.9,719.75,32.43,57.46,1.14
2019-06-30 15:00:00,482.5,533.15,32.28,57.57,0.8
2019-06-30 16:00:00,287.8,316.35,31.75,59.05,0.56
2019-06-30 17:00:00,106.25,111.85,30.72,65.27,0.36
2019-06-30 18:00:00,4.68,4.8,29.9,68.66,0.27
2019-06-30 19:00:00,0.0,0.0,29.28,72.61,0.31
2019-06-30 20:00:00,0.0,0.0,28.74,74.76,0.38
2019-06-30 21:00:00,0.0,0.0,28.09,77.23,0.49
2019-06-30 22:00:00,0.0,0.0,27.34,79.8,0.58
2019-06-30 23:00:00,0.0,0.0,26.6,83.76,0.67
2019-07-01 00:00:00,0.0,0.0,25.88,87.25,0.75
2019-07-01 01:00:00,0.0,0.0,25.25,90.09,0.83
2019-07-01 02:00:00,0.0,0.0,24.8,91.85,0.92
2019-07-01 03:00:00,0.0,0.0,24.45,93.12,0.99
2019-07-01 04:00:00,0.0,0.0,24.21,94.33,1.03
2019-07-01 05:00:00,0.0,0.0,24.01,95.3,1.1
2019-07-01 06:00:00,73.55,76.1,24.58,93.01,1.94
2019-07-01 07:00:00,243.05,260.48,25.74,89.68,2.15
2019-07-01 08:00:00,445.52,475.67,27.87,79.06,2.7
2019-07-01 09:00:00,586.03,661.58,29.49,71.59,2.78
2019-07-01 10:00:00,670.2,796.9,30.43,67.91,2.5
2019-07-01 11:00:00,738.67,863.0,30.97,65.95,2.19
2019-07-01 12:00:00,742.53,898.97,31.24,64.86,1.95
2019-07-01 13:00:00,721.42,839.28,31.38,64.21,1.7
2019-07-01 14:00:00,632.3,712.92,31.34,64.08,1.45
2019-07-01 15:00:00,506.08,532.35,30.78,66.38,1.22
2019-07-01 16:00:00,288.0,319.33,30.29,71.58,0.88
2019-07-01 17:00:00,104.07,114.57,29.6,72.94,0.88
2019-07-01 18:00:00,4.68,5.0,28.36,83.19,0.56
2019-07-01 19:00:00,0.0,0.0,27.82,83.64,0.61
2019-07-01 20:00:00,0.0,0.0,27.34,85.5,0.64
2019-07-01 21:00:00,0.0,0.0,26.96,86.62,0.64
2019-07-01 22:00:00,0.0,0.0,26.7,87.34,0.63
2019-07-01 23:00:00,0.0,0.0,26.46,88.01,0.61
2019-07-02 00:00:00,0.0,0.0,26.18,88.97,0.6
2019-07-02 01:00:00,0.0,0.0,25.93,89.83,0.59
2019-07-02 02:00:00,0.0,0.0,25.5,92.12,0.62
2019-07-02 03:00:00,0.0,0.0,25.12,93.43,0.75
2019-07-02 04:00:00,0.0,0.0,24.81,93.98,0.97
2019-07-02 05:00:00,0.0,0.0,24.57,94.49,1.12
2019-07-02 06:00:00,40.17,68.3,24.95,93.84,1.38
2019-07-02 07:00:00,135.12,247.27,25.64,90.96,1.87
2019-07-02 08:00:00,247.1,461.2,26.43,89.36,1.57
2019-07-02 09:00:00,272.55,652.17,28.08,80.55,1.24
2019-07-02 10:00:00,446.85,795.28,29.32,73.81,0.99
2019-07-02 11:00:00,529.62,873.97,30.17,69.04,1.06
2019-07-02 12:00:00,669.38,923.08,30.91,64.45,1.37
2019-07-02 13:00:00,724.85,852.92,31.45,61.71,1.79
2019-07-02 14:00:00,597.33,719.42,31.24,62.42,2.18
2019-07-02 15:00:00,460.7,532.8,30.78,64.61,2.3
2019-07-02 16:00:00,278.23,313.67,30.0,70.34,1.91
2019-07-02 17:00:00,101.85,109.4,28.66,79.98,1.37
2019-07-02 18:00:00,4.35,4.9,26.91,87.87,1.04
2019-07-02 19:00:00,0.0,0.0,26.32,89.62,1.11
2019-07-02 20:00:00,0.0,0.0,25.91,91.41,1.1
2019-07-02 21:00:00,0.0,0.0,25.55,93.29,0.97
2019-07-02 22:00:00,0.0,0.0,25.29,94.54,0.81
2019-07-02 23:00:00,0.0,0.0,25.08,95.28,0.68
2019-07-03 00:00:00,0.0,0.0,24.89,95.69,0.6
2019-07-03 01:00:00,0.0,0.0,24.73,95.88,0.55
2019-07-03 02:00:00,0.0,0.0,24.56,96.1,0.55
2019-07-03 03:00:00,0.0,0.0,24.27,97.19,0.56
2019-07-03 04:00:00,0.0,0.0,24.01,98.08,0.65
2019-07-03 05:00:00,0.0,0.0,23.85,98.38,0.84
2019-07-03 06:00:00,62.15,71.85,24.62,95.31,1.76
2019-07-03 07:00:00,176.65,250.48,25.81,89.97,2.43
2019-07-03 08:00:00,336.88,465.52,27.67,80.5,2.9
2019-07-03 09:00:00,445.95,666.92,29.36,72.63,3.0
2019-07-03 10:00:00,557.35,812.38,30.45,68.14,2.78
2019-07-03 11:00:00,688.3,894.5,31.08,65.63,2.48
2019-07-03 12:00:00,698.53,862.08,31.36,64.22,2.26
2019-07-03 13:00:00,711.95,809.83,31.29,63.99,2.07
2019-07-03 14:00:00,593.97,681.38,31.12,64.38,1.91
2019-07-03 15:00:00,432.23,502.2,30.75,65.49,1.64
2019-07-03 16:00:00,253.77,293.88,30.19,68.42,1.26
2019-07-03 17:00:00,96.82,103.0,29.39,73.63,0.9
2019-07-03 18:00:00,4.62,4.78,27.97,84.12,0.6
2019-07-03 19:00:00,0.0,0.0,27.22,85.22,0.69
2019-07-03 20:00:00,0.0,0.0,26.59,87.59,0.71
2019-07-03 21:00:00,0.0,0.0,26.07,89.25,0.73
2019-07-03 22:00:00,0.0,0.0,25.64,90.51,0.76
2019-07-03 23:00:00,0.0,0.0,25.31,91.55,0.78
2019-07-04 00:00:00,0.0,0.0,25.1,92.35,0.81
2019-07-04 01:00:00,0.0,0.0,24.91,92.98,0.84
2019-07-04 02:00:00,0.0,0.0,24.72,93.48,0.86
2019-07-04 03:00:00,0.0,0.0,24.51,94.1,0.88
2019-07-04 04:00:00,0.0,0.0,24.29,94.81,0.89
2019-07-04 05:00:00,0.0,0.0,24.09,95.53,0.95
2019-07-04 06:00:00,32.55,70.78,24.84,92.68,1.77
2019-07-04 07:00:00,93.03,254.0,26.0,88.33,2.19
2019-07-04 08:00:00,165.15,467.6,27.79,80.39,2.57
2019-07-04 09:00:00,50.17,657.72,29.3,73.15,2.54
2019-07-04 10:00:00,55.83,801.25,30.38,68.74,2.35
2019-07-04 11:00:00,68.15,877.3,31.07,66.03,2.1
2019-07-04 12:00:00,141.75,881.8,31.18,65.03,1.86
2019-07-04 13:00:00,202.05,816.5,31.0,65.28,1.66
2019-07-04 14:00:00,217.38,680.95,30.34,67.4,1.4
2019-07-04 15:00:00,268.92,485.85,29.62,72.76,1.0
2019-07-04 16:00:00,198.57,285.75,29.01,75.38,0.81
2019-07-04 17:00:00,69.15,98.72,28.16,77.87,0.73
2019-07-04 18:00:00,3.3,4.6,26.97,89.17,0.48
2019-07-04 19:00:00,0.0,0.0,26.26,93.23,0.49
2019-07-04 20:00:00,0.0,0.0,25.75,94.24,0.75
2019-07-04 21:00:00,0.0,0.0,25.39,94.66,1.18
2019-07-04 22:00:00,0.0,0.0,25.13,95.35,1.57
2019-07-04 23:00:00,0.0,0.0,24.96,95.78,1.74
2019-07-05 00:00:00,0.0,0.0,24.84,95.98,1.78
2019-07-05 01:00:00,0.0,0.0,24.73,96.21,1.78
2019-07-05 02:00:00,0.0,0.0,24.6,96.17,1.88
2019-07-05 03:00:00,0.0,0.0,24.39,96.02,1.88
2019-07-05 04:00:00,0.0,0.0,24.11,96.04,1.61
2019-07-05 05:00:00,0.0,0.0,23.82,96.37,1.32
2019-07-05 06:00:00,54.35,61.83,23.99,95.08,1.51
2019-07-05 07:00:00,196.85,232.05,24.55,92.21,1.58
2019-07-05 08:00:00,343.7,431.2,26.06,81.78,1.73
2019-07-05 09:00:00,511.83,629.42,27.83,71.54,2.26
2019-07-05 10:00:00,581.03,774.7,29.53,64.92,2.29
2019-07-05 11:00:00,575.7,854.62,30.68,61.23,2.03
2019-07-05 12:00:00,542.78,858.42,31.24,59.03,1.82
2019-07-05 13:00:00,419.88,791.47,31.29,58.18,1.62
2019-07-05 14:00:00,370.92,655.85,31.02,58.51,1.32
2019-07-05 15:00:00,216.85,472.95,30.48,60.27,1.17
2019-07-05 16:00:00,133.05,269.83,29.76,64.47,1.0
2019-07-05 17:00:00,49.22,91.65,29.06,68.38,0.85
2019-07-05 18:00:00,3.03,4.47,27.67,79.1,0.58
2019-07-05 19:00:00,0.0,0.0,26.8,83.71,0.6
2019-07-05 20:00:00,0.0,0.0,26.16,84.44,0.67
2019-07-05 21:00:00,0.0,0.0,25.64,86.25,0.68
2019-07-05 22:00:00,0.0,0.0,25.22,88.23,0.69
2019-07-05 23:00:00,0.0,0.0,24.88,89.44,0.74
2019-07-06 00:00:00,0.0,0.0,24.51,90.34,0.82
2019-07-06 01:00:00,0.0,0.0,23.97,91.87,0.82
2019-07-06 02:00:00,0.0,0.0,23.51,93.4,0.73
2019-07-06 03:00:00,0.0,0.0,23.17,94.34,0.66
2019-07-06 04:00:00,0.0,0.0,22.86,94.98,0.61
2019-07-06 05:00:00,0.0,0.0,22.68,95.05,0.58
2019-07-06 06:00:00,26.33,68.47,23.69,91.68,1.04
2019-07-06 07:00:00,128.93,250.9,25.46,83.44,1.38
2019-07-06 08:00:00,216.12,462.35,27.64,73.71,1.71
2019-07-06 09:00:00,341.27,657.47,29.11,68.29,1.82
2019-07-06 10:00:00,558.9,802.88,30.13,64.7,1.88
2019-07-06 11:00:00,550.75,883.97,30.8,61.88,1.96
2019-07-06 12:00:00,591.0,915.47,31.12,60.1,2.07
2019-07-06 13:00:00,537.88,856.08,31.15,59.26,2.19
2019-07-06 14:00:00,515.05,729.4,30.91,59.52,2.21
2019-07-06 15:00:00,387.65,547.65,30.38,61.43,2.03
2019-07-06 16:00:00,211.68,331.73,29.68,67.21,1.38
2019-07-06 17:00:00,76.07,118.28,28.69,71.19,1.14
2019-07-06 18:00:00,4.57,5.3,27.48,82.21,0.55
2019-07-06 19:00:00,0.0,0.0,27.13,81.03,0.44
2019-07-06 20:00:00,0.0,0.0,26.53,83.82,0.46
2019-07-06 21:00:00,0.0,0.0,25.73,88.17,0.51
2019-07-06 22:00:00,0.0,0.0,25.12,90.17,0.59
2019-07-06 23:00:00,0.0,0.0,24.64,91.08,0.7
2019-07-07 00:00:00,0.0,0.0,24.27,91.56,0.81
2019-07-07 01:00:00,0.0,0.0,23.9,92.34,0.88
2019-07-07 02:00:00,0.0,0.0,23.58,93.4,0.88
2019-07-07 03:00:00,0.0,0.0,23.28,94.44,0.9
2019-07-07 04:00:00,0.0,0.0,23.05,95.22,1.0
2019-07-07 05:00:00,0.0,0.0,22.83,96.36,1.18
2019-07-07 06:00:00,75.55,81.2,23.65,93.47,2.19
2019-07-07 07:00:00,264.92,284.73,25.4,86.39,2.35
2019-07-07 08:00:00,491.1,505.92,28.17,71.51,2.84
2019-07-07 09:00:00,694.62,697.22,30.09,63.05,2.83
2019-07-07 10:00:00,712.4,838.45,31.31,58.74,2.55
2019-07-07 11:00:00,852.15,912.28,32.06,56.64,2.25
2019-07-07 12:00:00,820.25,906.17,32.5,55.75,2.05
2019-07-07 13:00:00,678.55,834.95,32.61,55.76,1.89
2019-07-07 14:00:00,531.35,697.88,32.37,56.62,1.73
2019-07-07 15:00:00,468.02,510.73,31.92,58.19,1.55
2019-07-07 16:00:00,269.88,298.12,31.15,62.47,1.25
2019-07-07 17:00:00,98.6,105.4,30.32,67.47,1.03
2019-07-07 18:00:00,4.65,4.97,28.66,80.43,0.61
2019-07-07 19:00:00,0.0,0.0,27.92,81.45,0.67
2019-07-07 20:00:00,0.0,0.0,27.28,83.66,0.73
2019-07-07 21:00:00,0.0,0.0,26.72,84.85,0.83
2019-07-07 22:00:00,0.0,0.0,26.27,85.5,0.97
2019-07-07 23:00:00,0.0,0.0,25.85,86.12,1.14
2019-07-08 00:00:00,0.0,0.0,25.54,86.58,1.38
2019-07-08 01:00:00,0.0,0.0,25.32,87.05,1.67
2019-07-08 02:00:00,0.0,0.0,25.12,87.77,1.91
2019-07-08 03:00:00,0.0,0.0,24.92,88.92,2.05
2019-07-08 04:00:00,0.0,0.0,24.65,90.64,2.12
2019-07-08 05:00:00,0.0,0.0,24.44,92.09,2.21
2019-07-08 06:00:00,55.4,73.9,24.69,91.54,2.64
2019-07-08 07:00:00,165.73,269.15,25.7,87.59,2.96
2019-07-08 08:00:00,312.95,488.5,27.26,79.5,3.76
2019-07-08 09:00:00,300.8,682.67,28.6,73.38,3.99
2019-07-08 10:00:00,307.6,826.53,29.65,69.28,3.82
2019-07-08 11:00:00,324.2,905.9,30.23,66.66,3.58
2019-07-08 12:00:00,417.27,912.45,30.52,65.14,3.38
2019-07-08 13:00:00,373.85,846.97,30.49,64.83,3.2
2019-07-08 14:00:00,357.52,715.92,30.08,66.03,2.93
2019-07-08 15:00:00,291.12,531.9,29.58,67.88,2.68
2019-07-08 16:00:00,183.88,316.42,28.83,72.96,2.07
2019-07-08 17:00:00,63.42,110.25,27.69,81.59,1.45
2019-07-08 18:00:00,4.2,5.07,26.56,87.11,1.25
2019-07-08 19:00:00,0.0,0.0,26.14,87.74,1.63
2019-07-08 20:00:00,0.0,0.0,25.81,88.65,1.84
2019-07-08 21:00:00,0.0,0.0,25.45,90.08,1.78
2019-07-08 22:00:00,0.0,0.0,25.13,91.44,1.57
2019-07-08 23:00:00,0.0,0.0,24.69,93.07,1.28
2019-07-09 00:00:00,0.0,0.0,24.41,93.47,1.43
2019-07-09 01:00:00,0.0,0.0,24.2,93.49,1.86
2019-07-09 02:00:00,0.0,0.0,24.03,93.58,2.36
2019-07-09 03:00:00,0.0,0.0,23.84,94.21,2.78
2019-07-09 04:00:00,0.0,0.0,23.62,95.36,2.99
2019-07-09 05:00:00,0.0,0.0,23.44,96.12,2.84
2019-07-09 06:00:00,37.72,68.72,23.76,95.34,2.86
2019-07-09 07:00:00,117.1,257.5,24.54,93.18,2.96
2019-07-09 08:00:00,221.15,475.5,25.52,88.64,2.96
2019-07-09 09:00:00,401.23,668.75,26.32,82.81,3.01
2019-07-09 10:00:00,536.25,811.92,27.12,75.97,2.96
2019-07-09 11:00:00,553.78,892.53,27.99,70.2,2.82
2019-07-09 12:00:00,600.72,899.78,28.81,66.31,2.52
2019-07-09 13:00:00,619.15,832.55,29.31,64.08,2.16
2019-07-09 14:00:00,508.88,702.65,29.4,63.27,1.87
2019-07-09 15:00:00,367.42,520.67,29.16,63.84,1.7
2019-07-09 16:00:00,198.55,309.1,28.6,67.08,1.39
2019-07-09 17:00:00,69.35,107.72,27.73,72.65,1.03
2019-07-09 18:00:00,4.05,4.97,26.53,83.64,0.54
2019-07-09 19:00:00,0.0,0.0,26.4,80.51,0.49
2019-07-09 20:00:00,0.0,0.0,26.16,80.37,0.39
2019-07-09 21:00:00,0.0,0.0,25.77,81.18,0.39
2019-07-09 22:00:00,0.0,0.0,25.2,84.96,0.44
2019-07-09 23:00:00,0.0,0.0,24.54,89.3,0.47
2019-07-10 00:00:00,0.0,0.0,24.01,91.61,0.51
2019-07-10 01:00:00,0.0,0.0,23.69,92.65,0.53
2019-07-10 02:00:00,0.0,0.0,23.46,93.27,0.55
2019-07-10 03:00:00,0.0,0.0,23.26,93.86,0.51
2019-07-10 04:00:00,0.0,0.0,23.02,94.36,0.47
2019-07-10 05:00:00,0.0,0.0,22.83,94.77,0.46
2019-07-10 06:00:00,67.5,72.43,23.68,90.87,0.81
2019-07-10 07:00:00,234.23,269.12,25.04,83.7,1.12
2019-07-10 08:00:00,433.2,493.95,26.65,76.06,1.25
2019-07-10 09:00:00,544.38,690.92,27.96,69.48,1.13
2019-07-10 10:00:00,550.05,837.3,28.98,64.26,1.07
2019-07-10 11:00:00,602.45,920.2,29.78,60.58,1.15
2019-07-10 12:00:00,663.67,926.9,30.14,58.52,1.27
2019-07-10 13:00:00,705.47,862.92,30.16,57.42,1.35
2019-07-10 14:00:00,593.58,730.92,30.05,57.05,1.42
2019-07-10 15:00:00,454.88,546.95,29.9,57.3,1.45
2019-07-10 16:00:00,262.98,330.27,29.44,59.18,1.4
2019-07-10 17:00:00,106.65,119.22,28.48,66.41,1.12
2019-07-10 18:00:00,5.22,5.35,26.43,80.4,0.75
2019-07-10 19:00:00,0.0,0.0,25.59,81.15,0.91
2019-07-10 20:00:00,0.0,0.0,25.03,81.87,1.1
2019-07-10 21:00:00,0.0,0.0,24.57,82.91,1.23
2019-07-10 22:00:00,0.0,0.0,24.09,84.4,1.29
2019-07-10 23:00:00,0.0,0.0,23.65,85.98,1.29
2019-07-11 00:00:00,0.0,0.0,23.35,87.12,1.29
2019-07-11 01:00:00,0.0,0.0,23.07,88.41,1.26
2019-07-11 02:00:00,0.0,0.0,22.73,90.23,1.13
2019-07-11 03:00:00,0.0,0.0,22.42,92.06,1.0
2019-07-11 04:00:00,0.0,0.0,22.13,93.96,0.9
2019-07-11 05:00:00,0.0,0.0,21.83,95.78,0.84
2019-07-11 06:00:00,72.55,75.05,23.18,90.03,1.78
2019-07-11 07:00:00,234.4,273.77,25.65,78.68,2.34
2019-07-11 08:00:00,414.75,499.98,28.09,67.72,2.78
2019-07-11 09:00:00,555.55,696.25,29.56,62.18,2.34
2019-07-11 10:00:00,597.67,840.7,30.66,58.68,2.04
2019-07-11 11:00:00,669.9,919.38,31.48,56.4,1.95
2019-07-11 12:00:00,660.88,921.92,32.03,54.88,1.92
2019-07-11 13:00:00,451.95,854.05,32.19,54.28,1.82
2019-07-11 14:00:00,402.62,721.3,32.19,53.76,1.62
2019-07-11 15:00:00,363.25,534.28,31.7,54.98,1.39
2019-07-11 16:00:00,228.7,317.45,30.98,57.52,1.18
2019-07-11 17:00:00,80.35,110.35,29.97,64.28,0.92
2019-07-11 18:00:00,3.97,5.1,28.13,76.45,0.68
2019-07-11 19:00:00,0.0,0.0,26.93,81.22,0.78
2019-07-11 20:00:00,0.0,0.0,26.17,82.1,0.95
2019-07-11 21:00:00,0.0,0.0,25.69,82.95,1.11
2019-07-11 22:00:00,0.0,0.0,25.36,83.79,1.24
2019-07-11 23:00:00,0.0,0.0,25.0,84.99,1.39
2019-07-12 00:00:00,0.0,0.0,24.63,86.39,1.53
2019-07-12 01:00:00,0.0,0.0,24.32,87.77,1.64
2019-07-12 02:00:00,0.0,0.0,24.1,89.01,1.74
2019-07-12 03:00:00,0.0,0.0,23.9,90.19,1.81
2019-07-12 04:00:00,0.0,0.0,23.73,91.36,1.87
2019-07-12 05:00:00,0.0,0.0,23.58,92.44,1.9
2019-07-12 06:00:00,61.97,71.7,23.9,91.56,2.38
2019-07-12 07:00:00,206.43,265.05,25.24,85.25,2.79
2019-07-12 08:00:00,390.1,484.12,27.22,75.34,3.24
2019-07-12 09:00:00,559.42,677.88,28.85,68.75,3.12
2019-07-12 10:00:00,618.47,822.85,29.83,65.59,2.7
2019-07-12 11:00:00,699.08,899.85,30.33,63.82,2.32
2019-07-12 12:00:00,594.95,855.78,30.6,62.38,1.97
2019-07-12 13:00:00,590.75,793.9,30.6,61.59,1.78
2019-07-12 14:00:00,585.92,665.12,30.27,62.09,1.77
2019-07-12 15:00:00,435.85,485.05,29.64,64.58,1.89
2019-07-12 16:00:00,243.57,278.1,28.8,69.57,1.79
2019-07-12 17:00:00,88.32,97.55,27.76,76.48,1.38
2019-07-12 18:00:00,4.62,4.75,26.31,87.85,0.73
2019-07-12 19:00:00,0.0,0.0,25.77,89.63,0.64
2019-07-12 20:00:00,0.0,0.0,25.39,90.34,0.64
2019-07-12 21:00:00,0.0,0.0,25.07,90.69,0.63
2019-07-12 22:00:00,0.0,0.0,24.79,90.97,0.6
2019-07-12 23:00:00,0.0,0.0,24.54,91.08,0.59
2019-07-13 00:00:00,0.0,0.0,24.26,91.88,0.59
2019-07-13 01:00:00,0.0,0.0,23.99,92.75,0.64
2019-07-13 02:00:00,0.0,0.0,23.76,92.96,0.76
2019-07-13 03:00:00,0.0,0.0,23.53,93.07,0.99
2019-07-13 04:00:00,0.0,0.0,23.36,93.12,1.4
2019-07-13 05:00:00,0.0,0.0,23.18,93.79,1.91
2019-07-13 06:00:00,56.78,64.55,23.5,92.75,2.59
2019-07-13 07:00:00,182.48,244.55,24.47,88.67,2.87
2019-07-13 08:00:00,343.83,464.42,25.74,82.53,3.4
2019-07-13 09:00:00,412.45,661.12,26.98,76.49,3.63
2019-07-13 10:00:00,507.12,807.8,28.07,70.94,3.55
2019-07-13 11:00:00,622.97,892.15,29.15,65.87,3.45
2019-07-13 12:00:00,736.38,910.95,30.14,62.07,3.37
2019-07-13 13:00:00,665.8,847.42,30.5,60.44,3.21
2019-07-13 14:00:00,496.67,717.5,30.44,60.0,2.98
2019-07-13 15:00:00,346.52,535.5,30.17,60.37,2.71
2019-07-13 16:00:00,175.43,320.12,29.6,62.61,2.36
2019-07-13 17:00:00,71.93,114.15,28.36,71.06,1.55
2019-07-13 18:00:00,4.12,5.22,26.41,83.92,0.9
2019-07-13 19:00:00,0.0,0.0,25.71,85.69,0.9
2019-07-13 20:00:00,0.0,0.0,25.26,87.01,0.88
2019-07-13 21:00:00,0.0,0.0,24.85,88.42,0.81
2019-07-13 22:00:00,0.0,0.0,24.5,89.63,0.75
2019-07-13 23:00:00,0.0,0.0,24.18,90.55,0.72
2019-07-14 00:00:00,0.0,0.0,23.83,91.62,0.74
2019-07-14 01:00:00,0.0,0.0,23.51,92.71,0.81
2019-07-14 02:00:00,0.0,0.0,23.25,93.88,0.94
2019-07-14 03:00:00,0.0,0.0,23.02,95.47,1.04
2019-07-14 04:00:00,0.0,0.0,22.86,96.94,1.08
2019-07-14 05:00:00,0.0,0.0,22.73,97.92,1.07
2019-07-14 06:00:00,54.53,67.0,23.89,93.2,2.03
2019-07-14 07:00:00,195.23,258.58,25.68,85.02,2.54
2019-07-14 08:00:00,364.33,481.1,27.67,75.09,2.58
2019-07-14 09:00:00,559.53,682.92,29.19,68.31,2.2
2019-07-14 10:00:00,740.12,830.08,30.37,63.87,1.84
2019-07-14 11:00:00,842.65,912.72,31.24,61.0,1.63
2019-07-14 12:00:00,831.22,898.12,31.86,59.04,1.52
2019-07-14 13:00:00,767.7,835.83,32.24,57.57,1.41
2019-07-14 14:00:00,631.2,705.28,32.24,56.98,1.31
2019-07-14 15:00:00,507.33,520.95,31.91,57.38,1.25
2019-07-14 16:00:00,295.05,305.33,31.3,59.53,1.2
2019-07-14 17:00:00,106.45,106.95,30.33,66.32,0.93
2019-07-14 18:00:00,4.95,4.95,28.68,77.24,0.7
2019-07-14 19:00:00,0.0,0.0,27.92,79.82,0.67
2019-07-14 20:00:00,0.0,0.0,27.45,80.09,0.69
2019-07-14 21:00:00,0.0,0.0,26.97,81.06,0.71
2019-07-14 22:00:00,0.0,0.0,26.46,82.63,0.72
2019-07-14 23:00:00,0.0,0.0,25.95,84.29,0.71
2019-07-15 00:00:00,0.0,0.0,25.51,85.9,0.69
2019-07-15 01:00:00,0.0,0.0,25.13,87.49,0.67
2019-07-15 02:00:00,0.0,0.0,24.86,88.79,0.7
2019-07-15 03:00:00,0.0,0.0,24.55,89.27,0.84
2019-07-15 04:00:00,0.0,0.0,24.29,89.5,1.02
2019-07-15 05:00:00,0.0,0.0,23.97,90.41,1.2
2019-07-15 06:00:00,43.05,63.03,24.26,89.49,1.76
2019-07-15 07:00:00,149.77,247.35,25.03,87.12,2.06
2019-07-15 08:00:00,278.3,466.88,27.4,76.26,2.35
2019-07-15 09:00:00,395.9,664.2,29.77,64.44,2.95
2019-07-15 10:00:00,589.72,814.17,30.85,60.83,2.64
2019-07-15 11:00:00,621.85,900.1,31.51,58.92,2.12
2019-07-15 12:00:00,581.58,958.47,31.56,58.72,1.61
2019-07-15 13:00:00,149.65,892.83,31.2,59.59,1.13
2019-07-15 14:00:00,88.35,761.58,31.02,60.12,0.6
2019-07-15 15:00:00,172.05,574.33,30.72,61.4,0.19
2019-07-15 16:00:00,103.9,350.12,30.17,66.42,0.43
2019-07-15 17:00:00,34.72,126.82,29.2,72.99,0.49
2019-07-15 18:00:00,2.5,5.53,27.47,82.51,0.66
2019-07-15 19:00:00,0.0,0.0,26.66,84.15,0.85
2019-07-15 20:00:00,0.0,0.0,26.17,84.88,1.02
2019-07-15 21:00:00,0.0,0.0,25.78,85.97,1.09
2019-07-15 22:00:00,0.0,0.0,25.42,87.69,1.03
2019-07-15 23:00:00,0.0,0.0,25.11,89.15,0.95
2019-07-16 00:00:00,0.0,0.0,24.76,90.48,0.94
2019-07-16 01:00:00,0.0,0.0,24.45,91.58,0.96
2019-07-16 02:00:00,0.0,0.0,24.17,92.6,1.03
2019-07-16 03:00:00,0.0,0.0,23.86,93.76,1.14
2019-07-16 04:00:00,0.0,0.0,23.65,94.87,1.24
2019-07-16 05:00:00,0.0,0.0,23.47,95.9,1.25
2019-07-16 06:00:00,54.2,69.57,23.81,95.01,1.82
2019-07-16 07:00:00,197.43,266.73,24.6,92.69,2.09
2019-07-16 08:00:00,339.05,483.42,26.3,83.54,2.32
2019-07-16 09:00:00,424.85,681.7,27.95,74.25,2.62
2019-07-16 10:00:00,679.45,830.8,28.88,67.88,2.73
2019-07-16 11:00:00,727.85,916.53,29.31,65.11,2.66
2019-07-16 12:00:00,687.97,903.8,29.53,63.99,2.54
2019-07-16 13:00:00,505.73,848.2,29.58,63.65,2.39
2019-07-16 14:00:00,406.6,720.47,29.41,64.01,2.2
2019-07-16 15:00:00,278.3,535.65,29.02,65.13,2.01
2019-07-16 16:00:00,169.62,318.4,28.43,67.92,1.7
2019-07-16 17:00:00,63.55,110.5,27.51,74.71,1.13
2019-07-16 18:00:00,3.33,5.0,26.25,86.61,0.62
2019-07-16 19:00:00,0.0,0.0,25.82,88.09,0.58
2019-07-16 20:00:00,0.0,0.0,25.47,88.18,0.6
2019-07-16 21:00:00,0.0,0.0,25.18,87.62,0.63
2019-07-16 22:00:00,0.0,0.0,25.02,86.56,0.63
2019-07-16 23:00:00,0.0,0.0,24.91,85.76,0.59
2019-07-17 00:00:00,0.0,0.0,24.8,85.7,0.53
2019-07-17 01:00:00,0.0,0.0,24.64,85.74,0.48
2019-07-17 02:00:00,0.0,0.0,24.42,86.46,0.42
2019-07-17 03:00:00,0.0,0.0,24.21,87.41,0.42
2019-07-17 04:00:00,0.0,0.0,23.9,89.41,0.44
2019-07-17 05:00:00,0.0,0.0,23.56,91.69,0.45
2019-07-17 06:00:00,44.75,62.8,24.2,88.91,0.84
2019-07-17 07:00:00,168.43,243.77,25.71,80.92,1.36
2019-07-17 08:00:00,344.25,468.02,27.49,73.6,1.52
2019-07-17 09:00:00,486.45,667.75,28.69,69.04,1.5
2019-07-17 10:00:00,583.03,817.05,29.55,65.82,1.48
2019-07-17 11:00:00,605.9,904.45,30.4,63.07,1.46
2019-07-17 12:00:00,599.25,902.92,30.97,60.89,1.47
2019-07-17 13:00:00,578.17,842.45,31.28,59.43,1.5
2019-07-17 14:00:00,539.67,709.95,31.32,58.77,1.53
2019-07-17 15:00:00,438.65,525.97,31.14,58.72,1.45
2019-07-17 16:00:00,272.8,310.75,30.63,60.77,1.18
2019-07-17 17:00:00,102.0,109.28,29.88,66.12,0.8
2019-07-17 18:00:00,4.9,4.97,28.64,73.09,0.6
2019-07-17 19:00:00,0.0,0.0,27.74,77.23,0.66
2019-07-17 20:00:00,0.0,0.0,26.75,82.46,0.72
2019-07-17 21:00:00,0.0,0.0,25.97,85.22,0.76
2019-07-17 22:00:00,0.0,0.0,25.41,86.91,0.81
2019-07-17 23:00:00,0.0,0.0,25.02,88.19,0.86
2019-07-18 00:00:00,0.0,0.0,24.75,89.14,0.97
2019-07-18 01:00:00,0.0,0.0,24.5,90.09,1.12
2019-07-18 02:00:00,0.0,0.0,24.28,91.08,1.28
2019-07-18 03:00:00,0.0,0.0,24.11,92.22,1.37
2019-07-18 04:00:00,0.0,0.0,23.97,93.08,1.43
2019-07-18 05:00:00,0.0,0.0,23.82,93.79,1.63
2019-07-18 06:00:00,50.6,62.38,24.28,91.87,2.39
2019-07-18 07:00:00,163.23,251.73,25.64,85.72,2.73
2019-07-18 08:00:00,300.05,470.05,27.58,74.79,3.44
2019-07-18 09:00:00,418.8,667.08,28.72,69.15,3.61
2019-07-18 10:00:00,548.28,814.08,29.39,66.55,3.37
2019-07-18 11:00:00,654.92,890.92,30.23,63.79,3.1
2019-07-18 12:00:00,680.28,882.78,30.93,61.5,2.79
2019-07-18 13:00:00,710.3,811.4,30.91,61.22,2.44
2019-07-18 14:00:00,546.03,674.08,30.35,62.56,2.14
2019-07-18 15:00:00,332.27,487.4,29.81,64.99,1.85
2019-07-18 16:00:00,115.9,279.3,29.28,70.42,1.27
2019-07-18 17:00:00,31.9,93.82,28.35,77.13,0.94
2019-07-18 18:00:00,0.98,4.55,27.2,84.95,0.6
2019-07-18 19:00:00,0.0,0.0,26.82,84.94,0.62
2019-07-18 20:00:00,0.0,0.0,26.27,86.96,0.64
2019-07-18 21:00:00,0.0,0.0,25.75,88.55,0.69
2019-07-18 22:00:00,0.0,0.0,25.32,89.5,0.81
2019-07-18 23:00:00,0.0,0.0,24.95,90.48,0.95
2019-07-19 00:00:00,0.0,0.0,24.65,91.36,1.12
2019-07-19 01:00:00,0.0,0.0,24.41,92.07,1.38
2019-07-19 02:00:00,0.0,0.0,24.2,92.79,1.66
2019-07-19 03:00:00,0.0,0.0,24.02,93.64,1.77
2019-07-19 04:00:00,0.0,0.0,23.87,94.52,1.62
2019-07-19 05:00:00,0.0,0.0,23.74,95.46,1.31
2019-07-19 06:00:00,37.03,57.72,24.06,94.52,1.4
2019-07-19 07:00:00,144.45,228.95,24.69,91.87,1.87
2019-07-19 08:00:00,280.92,438.38,25.55,89.12,2.1
2019-07-19 09:00:00,364.62,630.92,26.71,82.09,2.3
2019-07-19 10:00:00,426.2,779.55,27.55,76.63,2.14
2019-07-19 11:00:00,499.92,862.75,28.34,72.2,1.83
2019-07-19 12:00:00,702.3,872.55,28.95,69.22,1.61
2019-07-19 13:00:00,701.17,806.33,29.22,67.64,1.46
2019-07-19 14:00:00,607.58,685.42,29.06,68.17,1.43
2019-07-19 15:00:00,316.2,495.77,28.72,70.07,1.56
2019-07-19 16:00:00,187.5,286.85,28.27,74.17,1.48
2019-07-19 17:00:00,75.45,101.07,27.39,79.71,1.26
2019-07-19 18:00:00,4.03,4.8,25.98,87.64,0.94
2019-07-19 19:00:00,0.0,0.0,25.52,88.25,1.2
2019-07-19 20:00:00,0.0,0.0,25.15,88.85,1.71
2019-07-19 21:00:00,0.0,0.0,24.79,90.57,2.28
2019-07-19 22:00:00,0.0,0.0,24.39,93.58,2.42
2019-07-19 23:00:00,0.0,0.0,24.03,96.0,2.14
2019-07-20 00:00:00,0.0,0.0,23.7,97.11,1.6
2019-07-20 01:00:00,0.0,0.0,23.42,97.63,1.25
2019-07-20 02:00:00,0.0,0.0,23.16,97.95,1.07
2019-07-20 03:00:00,0.0,0.0,23.01,97.81,1.13
2019-07-20 04:00:00,0.0,0.0,22.91,97.55,1.31
2019-07-20 05:00:00,0.0,0.0,22.77,97.41,1.47
2019-07-20 06:00:00,55.78,62.15,23.29,95.21,2.27
2019-07-20 07:00:00,195.55,241.1,24.25,90.9,3.16
2019-07-20 08:00:00,382.42,457.83,25.64,82.92,4.08
2019-07-20 09:00:00,548.75,655.95,27.18,75.15,4.31
2019-07-20 10:00:00,655.78,809.58,28.22,70.99,4.01
2019-07-20 11:00:00,665.35,887.55,29.01,68.4,3.45
2019-07-20 12:00:00,631.7,916.45,29.51,66.57,2.84
2019-07-20 13:00:00,455.33,856.35,29.63,65.58,2.3
2019-07-20 14:00:00,375.3,725.53,29.56,65.33,1.83
2019-07-20 15:00:00,325.42,534.45,29.3,65.6,1.37
2019-07-20 16:00:00,224.25,324.23,28.74,67.97,0.91
2019-07-20 17:00:00,76.0,113.05,28.03,73.38,0.54
2019-07-20 18:00:00,3.55,5.1,27.0,76.71,0.37
2019-07-20 19:00:00,0.0,0.0,26.18,83.1,0.36
2019-07-20 20:00:00,0.0,0.0,25.45,85.53,0.48
2019-07-20 21:00:00,0.0,0.0,24.71,90.07,0.56
2019-07-20 22:00:00,0.0,0.0,24.13,93.41,0.6
2019-07-20 23:00:00,0.0,0.0,23.77,94.98,0.69
2019-07-21 00:00:00,0.0,0.0,23.53,95.81,0.81
2019-07-21 01:00:00,0.0,0.0,23.38,96.4,0.86
2019-07-21 02:00:00,0.0,0.0,23.26,96.85,0.83
2019-07-21 03:00:00,0.0,0.0,23.17,97.05,0.83
2019-07-21 04:00:00,0.0,0.0,23.0,97.13,0.85
2019-07-21 05:00:00,0.0,0.0,22.82,97.16,0.88
2019-07-21 06:00:00,45.3,67.15,23.38,95.54,1.22
2019-07-21 07:00:00,172.27,268.23,24.08,92.7,1.77
2019-07-21 08:00:00,306.33,494.0,25.1,88.45,1.73
2019-07-21 09:00:00,513.85,691.03,26.46,81.0,1.62
2019-07-21 10:00:00,532.78,842.38,27.87,72.84,1.49
2019-07-21 11:00:00,631.85,926.7,28.98,67.27,1.67
2019-07-21 12:00:00,683.08,911.17,29.62,64.56,1.88
2019-07-21 13:00:00,712.1,855.38,29.88,63.51,1.96
2019-07-21 14:00:00,540.83,729.85,29.8,63.39,1.97
2019-07-21 15:00:00,365.02,548.83,29.48,64.2,1.98
2019-07-21 16:00:00,226.48,332.75,28.86,66.58,1.96
2019-07-21 17:00:00,91.38,120.82,27.76,73.73,1.49
2019-07-21 18:00:00,4.55,5.28,25.89,85.56,0.96
2019-07-21 19:00:00,0.0,0.0,25.03,88.04,1.02
2019-07-21 20:00:00,0.0,0.0,24.55,89.28,1.12
2019-07-21 21:00:00,0.0,0.0,24.12,90.67,1.13
2019-07-21 22:00:00,0.0,0.0,23.7,92.1,1.08
2019-07-21 23:00:00,0.0,0.0,23.34,93.27,1.09
2019-07-22 00:00:00,0.0,0.0,22.99,94.62,1.12
2019-07-22 01:00:00,0.0,0.0,22.66,96.16,1.15
2019-07-22 02:00:00,0.0,0.0,22.33,97.8,1.16
2019-07-22 03:00:00,0.0,0.0,22.0,99.43,1.12
2019-07-22 04:00:00,0.0,0.0,21.74,100.0,1.09
2019-07-22 05:00:00,0.0,0.0,21.53,100.0,1.08
2019-07-22 06:00:00,47.33,70.43,22.91,93.63,2.08
2019-07-22 07:00:00,155.35,278.55,25.17,81.69,2.76
2019-07-22 08:00:00,273.48,506.17,27.45,69.62,3.58
2019-07-22 09:00:00,323.58,705.15,28.87,64.65,3.63
2019-07-22 10:00:00,439.55,850.97,29.94,61.69,3.46
2019-07-22 11:00:00,543.53,932.78,30.73,59.67,3.19
2019-07-22 12:00:00,629.25,939.4,31.18,58.46,2.89
2019-07-22 13:00:00,597.97,877.45,31.27,58.29,2.55
2019-07-22 14:00:00,462.95,748.3,31.14,58.53,2.2
2019-07-22 15:00:00,403.2,564.53,30.71,59.89,1.97
2019-07-22 16:00:00,274.52,343.45,30.01,62.73,1.8
2019-07-22 17:00:00,106.47,124.25,28.76,71.14,1.33
2019-07-22 18:00:00,5.28,5.28,26.7,83.78,0.83
2019-07-22 19:00:00,0.0,0.0,25.9,85.18,0.89
2019-07-22 20:00:00,0.0,0.0,25.41,86.44,0.92
2019-07-22 21:00:00,0.0,0.0,24.99,87.68,0.92
2019-07-22 22:00:00,0.0,0.0,24.65,88.81,0.91
2019-07-22 23:00:00,0.0,0.0,24.33,89.88,0.94
2019-07-23 00:00:00,0.0,0.0,24.09,90.83,1.0
2019-07-23 01:00:00,0.0,0.0,23.85,91.9,1.14
2019-07-23 02:00:00,0.0,0.0,23.66,93.0,1.36
2019-07-23 03:00:00,0.0,0.0,23.48,94.02,1.68
2019-07-23 04:00:00,0.0,0.0,23.29,95.24,1.95
2019-07-23 05:00:00,0.0,0.0,23.16,96.05,2.08
2019-07-23 06:00:00,38.83,66.8,23.59,94.5,2.59
2019-07-23 07:00:00,135.77,266.88,24.48,91.12,3.16
2019-07-23 08:00:00,240.65,492.55,25.5,85.77,3.73
2019-07-23 09:00:00,405.58,689.1,26.63,80.59,3.76
2019-07-23 10:00:00,400.35,834.78,27.56,76.72,3.48
2019-07-23 11:00:00,265.2,914.78,28.1,74.59,3.09
2019-07-23 12:00:00,200.02,919.97,28.4,73.5,2.72
2019-07-23 13:00:00,211.25,850.85,28.56,72.8,2.44
2019-07-23 14:00:00,245.8,716.3,28.54,72.8,2.25
2019-07-23 15:00:00,253.02,527.67,28.3,73.72,2.09
2019-07-23 16:00:00,152.93,311.0,27.85,76.96,1.68
2019-07-23 17:00:00,58.2,107.38,27.07,81.7,1.17
2019-07-23 18:00:00,3.67,4.75,25.73,89.59,0.63
2019-07-23 19:00:00,0.0,0.0,25.62,86.99,0.63
2019-07-23 20:00:00,0.0,0.0,25.62,85.23,0.54
2019-07-23 21:00:00,0.0,0.0,25.5,84.33,0.47
2019-07-23 22:00:00,0.0,0.0,25.23,84.82,0.45
2019-07-23 23:00:00,0.0,0.0,24.68,87.16,0.49
2019-07-24 00:00:00,0.0,0.0,24.16,89.56,0.51
2019-07-24 01:00:00,0.0,0.0,23.75,91.33,0.57
2019-07-24 02:00:00,0.0,0.0,23.36,93.01,0.61
2019-07-24 03:00:00,0.0,0.0,22.89,95.47,0.63
2019-07-24 04:00:00,0.0,0.0,22.57,97.3,0.66
2019-07-24 05:00:00,0.0,0.0,22.44,97.92,0.78
2019-07-24 06:00:00,46.75,62.83,23.46,94.32,1.75
2019-07-24 07:00:00,166.25,248.65,24.92,89.28,2.28
2019-07-24 08:00:00,316.0,468.2,26.76,81.33,2.82
2019-07-24 09:00:00,376.02,670.45,28.14,75.17,3.07
2019-07-24 10:00:00,504.48,818.7,28.96,71.73,3.05
2019-07-24 11:00:00,535.67,902.1,29.5,69.54,2.96
2019-07-24 12:00:00,523.8,925.8,29.67,68.64,2.85
2019-07-24 13:00:00,538.42,864.67,29.69,68.32,2.75
2019-07-24 14:00:00,442.62,736.7,29.67,68.3,2.62
2019-07-24 15:00:00,298.92,556.0,29.36,69.67,2.39
2019-07-24 16:00:00,188.65,337.85,28.75,73.95,1.85
2019-07-24 17:00:00,63.22,120.5,27.95,78.89,1.37
2019-07-24 18:00:00,3.35,5.12,26.25,89.31,0.71
2019-07-24 19:00:00,0.0,0.0,25.65,89.76,0.7
2019-07-24 20:00:00,0.0,0.0,25.3,90.07,0.7
2019-07-24 21:00:00,0.0,0.0,24.97,90.88,0.71
2019-07-24 22:00:00,0.0,0.0,24.66,91.94,0.7
2019-07-24 23:00:00,0.0,0.0,24.35,93.12,0.7
2019-07-25 00:00:00,0.0,0.0,24.05,94.09,0.73
2019-07-25 01:00:00,0.0,0.0,23.74,94.8,0.81
2019-07-25 02:00:00,0.0,0.0,23.42,95.58,0.9
2019-07-25 03:00:00,0.0,0.0,23.04,96.51,0.95
2019-07-25 04:00:00,0.0,0.0,22.67,97.47,0.94
2019-07-25 05:00:00,0.0,0.0,22.36,98.45,0.87
2019-07-25 06:00:00,55.03,68.22,23.4,95.09,1.61
2019-07-25 07:00:00,204.1,271.33,25.08,88.59,1.78
2019-07-25 08:00:00,372.08,499.3,27.6,74.64,2.49
2019-07-25 09:00:00,474.12,697.88,29.1,68.53,2.5
2019-07-25 10:00:00,625.03,846.1,29.97,65.7,2.43
2019-07-25 11:00:00,795.0,928.0,30.52,64.06,2.24
2019-07-25 12:00:00,895.05,920.72,30.8,63.24,1.95
2019-07-25 13:00:00,671.53,855.75,30.92,63.01,1.62
2019-07-25 14:00:00,622.42,722.17,30.75,63.49,1.3
2019-07-25 15:00:00,426.0,533.53,30.45,64.61,1.06
2019-07-25 16:00:00,237.32,313.27,29.99,68.54,0.74
2019-07-25 17:00:00,87.35,108.62,29.6,68.65,0.65
2019-07-25 18:00:00,4.0,4.82,28.48,75.65,0.46
2019-07-25 19:00:00,0.0,0.0,28.13,74.21,0.45
2019-07-25 20:00:00,0.0,0.0,27.87,74.35,0.44
2019-07-25 21:00:00,0.0,0.0,27.46,75.98,0.46
2019-07-25 22:00:00,0.0,0.0,27.03,77.48,0.49
2019-07-25 23:00:00,0.0,0.0,26.47,80.63,0.49
2019-07-26 00:00:00,0.0,0.0,25.99,83.04,0.55
2019-07-26 01:00:00,0.0,0.0,25.38,86.44,0.62
2019-07-26 02:00:00,0.0,0.0,24.8,89.51,0.62
2019-07-26 03:00:00,0.0,0.0,24.41,91.21,0.62
2019-07-26 04:00:00,0.0,0.0,24.15,92.09,0.61
2019-07-26 05:00:00,0.0,0.0,23.94,92.71,0.61
2019-07-26 06:00:00,22.7,59.8,24.59,91.27,0.91
2019-07-26 07:00:00,106.78,250.05,25.54,85.9,1.53
2019-07-26 08:00:00,224.3,475.05,27.48,78.1,1.92
2019-07-26 09:00:00,429.73,676.28,29.06,72.08,1.92
2019-07-26 10:00:00,734.08,823.1,29.83,69.58,1.62
2019-07-26 11:00:00,758.42,907.47,30.16,67.88,1.28
2019-07-26 12:00:00,591.7,872.58,30.32,66.41,1.0
2019-07-26 13:00:00,428.15,818.1,30.39,65.6,1.11
2019-07-26 14:00:00,435.52,688.72,30.12,66.16,1.35
2019-07-26 15:00:00,388.83,497.73,29.52,68.72,1.49
2019-07-26 16:00:00,240.9,286.1,28.81,74.47,1.22
2019-07-26 17:00:00,89.03,98.25,27.8,79.42,1.02
2019-07-26 18:00:00,4.28,4.43,26.49,88.55,0.58
2019-07-26 19:00:00,0.0,0.0,26.0,89.29,0.61
2019-07-26 20:00:00,0.0,0.0,25.55,90.47,0.67
2019-07-26 21:00:00,0.0,0.0,25.19,91.26,0.72
2019-07-26 22:00:00,0.0,0.0,24.84,91.99,0.75
2019-07-26 23:00:00,0.0,0.0,24.51,92.72,0.78
2019-07-27 00:00:00,0.0,0.0,24.13,93.59,0.82
2019-07-27 01:00:00,0.0,0.0,23.84,94.33,0.88
2019-07-27 02:00:00,0.0,0.0,23.54,95.16,0.92
2019-07-27 03:00:00,0.0,0.0,23.27,96.08,0.93
2019-07-27 04:00:00,0.0,0.0,23.07,96.9,0.89
2019-07-27 05:00:00,0.0,0.0,22.88,97.68,0.83
2019-07-27 06:00:00,60.9,61.25,23.67,94.89,1.42
2019-07-27 07:00:00,247.85,250.98,25.08,89.33,1.64
2019-07-27 08:00:00,473.5,478.33,27.3,77.46,1.93
2019-07-27 09:00:00,678.28,681.55,28.85,68.69,1.94
2019-07-27 10:00:00,631.0,834.45,29.85,64.74,1.79
2019-07-27 11:00:00,884.53,919.33,30.58,62.58,1.7
2019-07-27 12:00:00,860.8,909.78,30.93,61.53,1.72
2019-07-27 13:00:00,596.78,846.35,31.1,61.05,1.78
2019-07-27 14:00:00,581.6,719.2,31.05,61.35,1.83
2019-07-27 15:00:00,514.7,534.58,30.72,62.6,1.79
2019-07-27 16:00:00,305.12,315.77,30.05,66.0,1.63
2019-07-27 17:00:00,108.53,110.62,28.85,73.78,1.3
2019-07-27 18:00:00,4.62,4.68,26.95,86.13,0.85
2019-07-27 19:00:00,0.0,0.0,26.2,87.02,1.05
2019-07-27 20:00:00,0.0,0.0,25.66,88.02,1.29
2019-07-27 21:00:00,0.0,0.0,25.23,89.14,1.42
2019-07-27 22:00:00,0.0,0.0,24.88,90.27,1.52
2019-07-27 23:00:00,0.0,0.0,24.54,91.32,1.58
2019-07-28 00:00:00,0.0,0.0,24.27,91.98,1.73
2019-07-28 01:00:00,0.0,0.0,24.02,92.53,2.0
2019-07-28 02:00:00,0.0,0.0,23.81,93.15,2.33
2019-07-28 03:00:00,0.0,0.0,23.58,94.19,2.5
2019-07-28 04:00:00,0.0,0.0,23.4,94.92,2.53
2019-07-28 05:00:00,0.0,0.0,23.27,95.49,2.5
2019-07-28 06:00:00,47.03,62.1,23.7,93.78,2.97
2019-07-28 07:00:00,164.5,254.7,24.75,89.81,3.3
2019-07-28 08:00:00,298.42,479.48,25.93,84.22,3.83
2019-07-28 09:00:00,363.7,679.78,27.1,78.66,4.02
2019-07-28 10:00:00,456.42,832.0,28.05,74.51,3.84
2019-07-28 11:00:00,674.9,918.0,28.88,71.12,3.57
2019-07-28 12:00:00,699.38,866.15,29.51,68.45,3.32
2019-07-28 13:00:00,584.33,813.0,30.03,66.38,3.06
2019-07-28 14:00:00,548.17,684.9,30.03,65.94,2.76
2019-07-28 15:00:00,370.3,503.4,29.66,67.23,2.41
2019-07-28 16:00:00,187.98,293.73,28.96,71.76,1.83
2019-07-28 17:00:00,66.03,99.22,27.94,79.56,1.25
2019-07-28 18:00:00,3.15,4.35,26.48,87.87,0.77
2019-07-28 19:00:00,0.0,0.0,25.9,88.83,0.78
2019-07-28 20:00:00,0.0,0.0,25.49,89.47,0.8
2019-07-28 21:00:00,0.0,0.0,25.13,90.07,0.83
2019-07-28 22:00:00,0.0,0.0,24.8,90.66,0.9
2019-07-28 23:00:00,0.0,0.0,24.53,90.92,1.01
2019-07-29 00:00:00,0.0,0.0,24.34,91.16,1.16
2019-07-29 01:00:00,0.0,0.0,24.19,91.5,1.33
2019-07-29 02:00:00,0.0,0.0,24.05,91.91,1.61
2019-07-29 03:00:00,0.0,0.0,23.89,92.76,2.0
2019-07-29 04:00:00,0.0,0.0,23.7,93.97,2.33
2019-07-29 05:00:00,0.0,0.0,23.54,94.92,2.54
2019-07-29 06:00:00,42.47,58.45,23.66,94.76,2.8
2019-07-29 07:00:00,170.43,246.65,24.14,93.78,3.02
2019-07-29 08:00:00,323.33,471.17,24.84,92.14,3.08
2019-07-29 09:00:00,415.73,673.7,26.0,87.06,3.13
2019-07-29 10:00:00,468.3,826.25,27.26,80.69,3.21
2019-07-29 11:00:00,484.77,911.33,28.2,76.17,3.06
2019-07-29 12:00:00,601.2,935.05,28.72,73.75,2.79
2019-07-29 13:00:00,670.95,872.1,28.82,72.3,2.48
2019-07-29 14:00:00,474.02,740.2,28.66,71.92,2.15
2019-07-29 15:00:00,258.75,556.1,28.27,73.8,1.74
2019-07-29 16:00:00,148.18,337.33,27.69,78.46,1.22
2019-07-29 17:00:00,56.58,117.75,26.84,85.71,0.81
2019-07-29 18:00:00,2.65,4.68,25.8,90.15,0.61
2019-07-29 19:00:00,0.0,0.0,25.4,90.97,0.63
2019-07-29 20:00:00,0.0,0.0,25.07,91.89,0.64
2019-07-29 21:00:00,0.0,0.0,24.79,92.64,0.64
2019-07-29 22:00:00,0.0,0.0,24.48,93.56,0.67
2019-07-29 23:00:00,0.0,0.0,24.17,94.24,0.74
2019-07-30 00:00:00,0.0,0.0,23.86,94.86,0.85
2019-07-30 01:00:00,0.0,0.0,23.61,95.46,0.96
2019-07-30 02:00:00,0.0,0.0,23.37,96.23,1.02
2019-07-30 03:00:00,0.0,0.0,23.18,96.79,0.97
2019-07-30 04:00:00,0.0,0.0,22.98,97.43,0.86
2019-07-30 05:00:00,0.0,0.0,22.78,97.74,0.78
2019-07-30 06:00:00,50.9,61.95,23.22,96.75,1.14
2019-07-30 07:00:00,194.3,261.33,23.84,94.64,1.75
2019-07-30 08:00:00,377.12,492.85,24.7,91.5,2.04
2019-07-30 09:00:00,487.83,696.3,25.68,86.38,2.39
2019-07-30 10:00:00,596.97,843.83,26.7,81.23,2.44
2019-07-30 11:00:00,691.58,926.47,27.76,75.8,2.36
2019-07-30 12:00:00,728.5,917.08,28.42,72.16,2.23
2019-07-30 13:00:00,657.62,855.17,28.77,70.18,2.05
2019-07-30 14:00:00,543.78,723.58,28.96,68.93,1.89
2019-07-30 15:00:00,383.0,537.08,28.9,68.75,1.7
2019-07-30 16:00:00,218.65,317.67,28.49,70.83,1.37
2019-07-30 17:00:00,83.12,110.6,27.67,76.93,0.88
2019-07-30 18:00:00,4.03,4.45,26.62,83.42,0.57
2019-07-30 19:00:00,0.0,0.0,26.38,81.69,0.55
2019-07-30 20:00:00,0.0,0.0,26.14,81.61,0.52
2019-07-30 21:00:00,0.0,0.0,25.7,83.38,0.58
2019-07-30 22:00:00,0.0,0.0,25.06,86.71,0.66
2019-07-30 23:00:00,0.0,0.0,24.46,89.97,0.69
2019-07-31 00:00:00,0.0,0.0,24.08,91.32,0.69
2019-07-31 01:00:00,0.0,0.0,23.78,92.3,0.71
2019-07-31 02:00:00,0.0,0.0,23.57,93.07,0.77
2019-07-31 03:00:00,0.0,0.0,23.37,93.49,0.92
2019-07-31 04:00:00,0.0,0.0,23.17,94.11,1.14
2019-07-31 05:00:00,0.0,0.0,23.05,94.8,1.36
2019-07-31 06:00:00,50.92,64.35,23.65,92.67,2.2
2019-07-31 07:00:00,166.48,261.7,25.12,86.64,2.64
2019-07-31 08:00:00,309.08,489.88,26.86,78.07,3.36
2019-07-31 09:00:00,445.45,693.05,28.03,72.94,3.38
2019-07-31 10:00:00,492.98,841.8,28.78,69.93,3.12
2019-07-31 11:00:00,629.2,923.42,29.53,67.17,2.88
2019-07-31 12:00:00,782.1,938.03,29.88,65.69,2.63
2019-07-31 13:00:00,697.38,875.88,30.17,64.75,2.43
2019-07-31 14:00:00,621.3,745.75,30.28,64.3,2.17
2019-07-31 15:00:00,498.6,560.38,30.21,64.54,1.81
2019-07-31 16:00:00,288.77,339.05,29.64,67.63,1.21
2019-07-31 17:00:00,106.85,119.65,29.08,71.35,0.65
2019-07-31 18:00:00,4.18,4.6,28.16,77.47,0.28
2019-07-31 19:00:00,0.0,0.0,27.57,79.94,0.3
2019-07-31 20:00:00,0.0,0.0,26.87,80.3,0.55
2019-07-31 21:00:00,0.0,0.0,26.11,83.98,0.66
2019-07-31 22:00:00,0.0,0.0,25.48,86.84,0.69
2019-07-31 23:00:00,0.0,0.0,24.92,89.31,0.69
2019-08-01 00:00:00,0.0,0.0,24.45,91.19,0.7
2019-08-01 01:00:00,0.0,0.0,24.07,92.82,0.71
2019-08-01 02:00:00,0.0,0.0,23.87,93.86,0.72
2019-08-01 03:00:00,0.0,0.0,23.78,94.62,0.77
2019-08-01 04:00:00,0.0,0.0,23.67,95.06,0.95
2019-08-01 05:00:00,0.0,0.0,23.6,95.33,1.29
2019-08-01 06:00:00,61.75,66.8,24.26,92.69,2.43
2019-08-01 07:00:00,254.88,270.02,25.56,87.34,3.14
2019-08-01 08:00:00,488.3,498.05,26.86,80.89,3.84
2019-08-01 09:00:00,564.05,699.1,27.62,76.95,3.89
2019-08-01 10:00:00,609.33,848.12,27.93,75.59,3.41
2019-08-01 11:00:00,678.17,933.47,28.1,75.31,2.98
2019-08-01 12:00:00,703.38,942.7,28.12,75.74,2.6
2019-08-01 13:00:00,705.58,884.15,28.04,76.7,2.29
2019-08-01 14:00:00,556.28,752.4,27.91,78.11,2.01
2019-08-01 15:00:00,417.62,556.35,27.66,81.08,1.61
2019-08-01 16:00:00,252.73,332.6,27.3,83.18,1.28
2019-08-01 17:00:00,92.45,118.62,26.55,89.77,0.74
2019-08-01 18:00:00,2.92,4.47,25.84,90.39,0.57
2019-08-01 19:00:00,0.0,0.0,25.77,88.65,0.56
2019-08-01 20:00:00,0.0,0.0,25.69,88.14,0.53
2019-08-01 21:00:00,0.0,0.0,25.53,88.41,0.51
2019-08-01 22:00:00,0.0,0.0,25.22,89.76,0.52
2019-08-01 23:00:00,0.0,0.0,24.81,91.4,0.54
2019-08-02 00:00:00,0.0,0.0,24.29,93.8,0.72
2019-08-02 01:00:00,0.0,0.0,23.82,95.77,0.92
2019-08-02 02:00:00,0.0,0.0,23.56,96.36,1.07
2019-08-02 03:00:00,0.0,0.0,23.22,97.52,1.01
2019-08-02 04:00:00,0.0,0.0,22.82,98.83,0.91
2019-08-02 05:00:00,0.0,0.0,22.54,99.48,0.84
2019-08-02 06:00:00,39.05,61.62,23.62,96.08,1.51
2019-08-02 07:00:00,156.12,257.08,25.02,91.39,2.42
2019-08-02 08:00:00,294.0,484.67,26.36,85.1,3.27
2019-08-02 09:00:00,412.67,687.97,27.64,78.19,3.44
2019-08-02 10:00:00,526.95,840.67,28.76,72.85,3.26
2019-08-02 11:00:00,504.35,925.42,29.6,69.07,2.85
2019-08-02 12:00:00,482.92,933.7,30.06,66.59,2.34
2019-08-02 13:00:00,469.67,869.88,30.28,65.28,1.92
2019-08-02 14:00:00,480.65,736.78,30.31,64.72,1.69
2019-08-02 15:00:00,396.6,537.12,30.01,65.38,1.58
2019-08-02 16:00:00,241.23,315.5,29.34,69.97,1.35
2019-08-02 17:00:00,87.35,109.07,28.17,76.39,1.21
2019-08-02 18:00:00,2.7,4.15,26.45,88.02,0.81
2019-08-02 19:00:00,0.0,0.0,25.78,88.64,1.09
2019-08-02 20:00:00,0.0,0.0,25.27,89.4,1.47
2019-08-02 21:00:00,0.0,0.0,24.83,90.99,1.9
2019-08-02 22:00:00,0.0,0.0,24.49,92.92,2.15
2019-08-02 23:00:00,0.0,0.0,24.21,94.42,2.24
2019-08-03 00:00:00,0.0,0.0,23.93,95.61,2.18
2019-08-03 01:00:00,0.0,0.0,23.7,96.2,2.04
2019-08-03 02:00:00,0.0,0.0,23.51,96.36,1.99
2019-08-03 03:00:00,0.0,0.0,23.33,96.44,1.96
2019-08-03 04:00:00,0.0,0.0,23.15,96.54,2.02
2019-08-03 05:00:00,0.0,0.0,23.0,96.51,2.1
2019-08-03 06:00:00,45.03,64.7,23.17,95.63,2.42
2019-08-03 07:00:00,173.93,265.42,23.7,93.48,2.84
2019-08-03 08:00:00,332.15,493.35,24.31,89.34,3.54
2019-08-03 09:00:00,552.45,694.65,25.34,83.49,3.86
2019-08-03 10:00:00,774.45,844.33,26.52,77.38,3.95
2019-08-03 11:00:00,908.6,928.25,27.65,72.16,3.78
2019-08-03 12:00:00,901.9,927.33,28.36,69.07,3.39
2019-08-03 13:00:00,656.53,866.78,28.48,68.22,2.91
2019-08-03 14:00:00,537.67,737.5,28.35,68.61,2.46
2019-08-03 15:00:00,427.77,551.42,27.97,70.58,1.93
2019-08-03 16:00:00,274.3,330.35,27.58,74.5,1.37
2019-08-03 17:00:00,105.53,115.95,26.91,79.76,1.05
2019-08-03 18:00:00,4.0,4.2,25.37,89.14,0.68
2019-08-03 19:00:00,0.0,0.0,24.82,90.07,0.79
2019-08-03 20:00:00,0.0,0.0,24.41,90.83,0.9
2019-08-03 21:00:00,0.0,0.0,24.05,91.61,0.97
2019-08-03 22:00:00,0.0,0.0,23.72,92.56,1.02
2019-08-03 23:00:00,0.0,0.0,23.44,93.29,1.07
2019-08-04 00:00:00,0.0,0.0,23.22,93.76,1.09
2019-08-04 01:00:00,0.0,0.0,23.08,94.13,1.08
2019-08-04 02:00:00,0.0,0.0,22.92,94.51,1.1
2019-08-04 03:00:00,0.0,0.0,22.76,94.91,1.17
2019-08-04 04:00:00,0.0,0.0,22.62,95.27,1.33
2019-08-04 05:00:00,0.0,0.0,22.43,96.07,1.52
2019-08-04 06:00:00,56.1,63.97,23.0,93.75,2.3
2019-08-04 07:00:00,206.6,263.73,24.4,87.66,2.79
2019-08-04 08:00:00,378.17,493.33,26.22,79.2,3.35
2019-08-04 09:00:00,530.6,696.85,27.77,72.89,3.4
2019-08-04 10:00:00,655.8,855.28,28.82,68.58,3.2
2019-08-04 11:00:00,661.53,932.03,29.6,65.55,3.01
2019-08-04 12:00:00,703.0,941.28,30.03,63.93,2.8
2019-08-04 13:00:00,691.25,874.75,30.52,62.32,2.6
2019-08-04 14:00:00,528.78,739.85,30.68,61.34,2.42
2019-08-04 15:00:00,427.77,549.65,30.48,61.45,2.31
2019-08-04 16:00:00,228.95,325.95,29.82,64.02,2.12
2019-08-04 17:00:00,81.93,112.38,28.55,72.01,1.5
2019-08-04 18:00:00,2.97,3.97,26.34,84.33,0.88
2019-08-04 19:00:00,0.0,0.0,25.63,85.64,0.96
2019-08-04 20:00:00,0.0,0.0,25.19,86.81,1.04
2019-08-04 21:00:00,0.0,0.0,24.82,88.01,1.11
2019-08-04 22:00:00,0.0,0.0,24.52,89.0,1.17
2019-08-04 23:00:00,0.0,0.0,24.19,90.12,1.24
2019-08-05 00:00:00,0.0,0.0,23.9,91.12,1.25
2019-08-05 01:00:00,0.0,0.0,23.6,92.15,1.21
2019-08-05 02:00:00,0.0,0.0,23.19,93.6,1.15
2019-08-05 03:00:00,0.0,0.0,22.95,94.4,1.15
2019-08-05 04:00:00,0.0,0.0,22.81,94.95,1.29
2019-08-05 05:00:00,0.0,0.0,22.73,95.35,1.46
2019-08-05 06:00:00,47.7,62.5,23.31,92.93,2.09
2019-08-05 07:00:00,190.2,257.83,24.55,87.34,2.42
2019-08-05 08:00:00,381.67,485.25,25.81,81.63,2.8
2019-08-05 09:00:00,472.02,696.75,26.82,77.44,2.92
2019-08-05 10:00:00,652.9,838.15,27.58,74.21,2.96
2019-08-05 11:00:00,718.83,917.28,28.06,72.13,3.09
2019-08-05 12:00:00,720.17,919.03,28.5,70.39,3.04
2019-08-05 13:00:00,716.65,869.9,28.78,69.27,2.74
2019-08-05 14:00:00,553.35,735.47,28.75,69.14,2.37
2019-08-05 15:00:00,300.52,547.3,28.45,70.38,2.07
2019-08-05 16:00:00,169.62,327.08,27.83,74.38,1.7
2019-08-05 17:00:00,62.58,110.25,26.98,80.83,1.22
2019-08-05 18:00:00,3.15,3.9,25.62,88.45,0.76
2019-08-05 19:00:00,0.0,0.0,25.13,89.71,0.79
2019-08-05 20:00:00,0.0,0.0,24.82,90.66,0.8
2019-08-05 21:00:00,0.0,0.0,24.59,91.58,0.74
2019-08-05 22:00:00,0.0,0.0,24.36,92.4,0.68
2019-08-05 23:00:00,0.0,0.0,24.18,92.9,0.64
2019-08-06 00:00:00,0.0,0.0,24.03,93.48,0.6
2019-08-06 01:00:00,0.0,0.0,23.84,94.13,0.6
2019-08-06 02:00:00,0.0,0.0,23.66,94.7,0.62
2019-08-06 03:00:00,0.0,0.0,23.51,95.28,0.63
2019-08-06 04:00:00,0.0,0.0,23.36,95.97,0.63
2019-08-06 05:00:00,0.0,0.0,23.19,96.66,0.68
2019-08-06 06:00:00,47.55,60.47,23.82,95.0,1.4
2019-08-06 07:00:00,192.45,253.32,24.66,92.51,2.16
2019-08-06 08:00:00,338.88,468.33,25.83,87.31,2.91
2019-08-06 09:00:00,433.12,669.28,26.8,81.31,3.31
2019-08-06 10:00:00,526.83,821.17,27.81,76.03,3.35
2019-08-06 11:00:00,562.05,909.22,28.46,72.63,3.14
2019-08-06 12:00:00,684.75,918.95,29.0,70.34,2.82
2019-08-06 13:00:00,638.88,852.85,29.21,69.13,2.46
2019-08-06 14:00:00,520.05,717.65,29.29,68.55,2.18
2019-08-06 15:00:00,270.1,532.0,29.06,69.45,1.81
2019-08-06 16:00:00,174.65,310.33,28.62,72.32,1.38
2019-08-06 17:00:00,68.05,106.05,27.76,79.53,0.91
2019-08-06 18:00:00,2.72,3.72,26.63,85.1,0.62
2019-08-06 19:00:00,0.0,0.0,26.44,83.76,0.62
2019-08-06 20:00:00,0.0,0.0,26.13,85.19,0.62
2019-08-06 21:00:00,0.0,0.0,25.74,87.22,0.63
2019-08-06 22:00:00,0.0,0.0,25.45,88.75,0.6
2019-08-06 23:00:00,0.0,0.0,25.2,89.96,0.56
2019-08-07 00:00:00,0.0,0.0,24.98,90.99,0.5
2019-08-07 01:00:00,0.0,0.0,24.76,92.09,0.42
2019-08-07 02:00:00,0.0,0.0,24.46,93.82,0.36
2019-08-07 03:00:00,0.0,0.0,24.21,95.6,0.35
2019-08-07 04:00:00,0.0,0.0,24.12,96.25,0.42
2019-08-07 05:00:00,0.0,0.0,24.02,96.28,0.54
2019-08-07 06:00:00,40.3,65.35,24.19,95.18,0.77
2019-08-07 07:00:00,155.65,272.67,24.65,92.59,1.37
2019-08-07 08:00:00,282.55,506.02,25.27,87.53,2.55
2019-08-07 09:00:00,390.52,711.4,25.81,82.23,3.46
2019-08-07 10:00:00,516.95,864.42,26.09,79.3,4.19
2019-08-07 11:00:00,610.55,942.1,26.22,77.87,4.39
2019-08-07 12:00:00,832.6,926.88,26.44,76.19,4.33
2019-08-07 13:00:00,720.67,864.62,26.98,73.52,4.34
2019-08-07 14:00:00,632.85,733.03,27.32,71.76,4.2
2019-08-07 15:00:00,457.92,546.6,27.33,71.55,3.64
2019-08-07 16:00:00,267.2,322.77,26.87,74.02,2.68
2019-08-07 17:00:00,98.97,112.38,25.92,82.53,1.26
2019-08-07 18:00:00,3.42,3.72,24.79,89.01,0.69
2019-08-07 19:00:00,0.0,0.0,24.56,89.53,0.63
2019-08-07 20:00:00,0.0,0.0,24.26,90.64,0.67
2019-08-07 21:00:00,0.0,0.0,23.99,91.54,0.77
2019-08-07 22:00:00,0.0,0.0,23.76,92.18,0.85
2019-08-07 23:00:00,0.0,0.0,23.56,92.81,0.91
2019-08-08 00:00:00,0.0,0.0,23.35,93.37,1.02
2019-08-08 01:00:00,0.0,0.0,23.2,93.78,1.2
2019-08-08 02:00:00,0.0,0.0,23.06,94.13,1.48
2019-08-08 03:00:00,0.0,0.0,22.93,94.64,1.73
2019-08-08 04:00:00,0.0,0.0,22.82,95.31,1.74
2019-08-08 05:00:00,0.0,0.0,22.67,96.19,1.49
2019-08-08 06:00:00,50.62,68.6,23.18,94.76,2.09
2019-08-08 07:00:00,204.15,278.33,24.5,90.48,2.42
2019-08-08 08:00:00,403.08,511.12,26.73,79.51,2.96
2019-08-08 09:00:00,578.15,715.03,28.23,72.65,3.19
2019-08-08 10:00:00,673.78,866.22,28.99,69.76,3.02
2019-08-08 11:00:00,742.45,949.9,29.48,67.29,2.86
2019-08-08 12:00:00,697.92,919.12,29.75,65.72,2.76
2019-08-08 13:00:00,732.05,863.03,29.87,64.85,2.75
2019-08-08 14:00:00,576.47,726.05,29.8,64.66,2.81
2019-08-08 15:00:00,379.75,523.42,29.43,65.87,2.75
2019-08-08 16:00:00,227.1,302.98,28.73,69.91,2.27
2019-08-08 17:00:00,84.1,101.72,27.48,80.12,1.29
2019-08-08 18:00:00,3.25,3.42,26.0,86.91,0.9
2019-08-08 19:00:00,0.0,0.0,25.46,88.49,0.92
2019-08-08 20:00:00,0.0,0.0,25.02,89.81,0.96
2019-08-08 21:00:00,0.0,0.0,24.66,90.99,0.98
2019-08-08 22:00:00,0.0,0.0,24.36,91.93,1.03
2019-08-08 23:00:00,0.0,0.0,24.05,92.79,1.02
2019-08-09 00:00:00,0.0,0.0,23.74,93.85,0.91
2019-08-09 01:00:00,0.0,0.0,23.5,94.74,0.83
2019-08-09 02:00:00,0.0,0.0,23.28,95.48,0.75
2019-08-09 03:00:00,0.0,0.0,23.08,96.19,0.68
2019-08-09 04:00:00,0.0,0.0,22.89,96.87,0.69
2019-08-09 05:00:00,0.0,0.0,22.72,97.38,0.73
2019-08-09 06:00:00,43.42,60.5,23.37,95.52,1.18
2019-08-09 07:00:00,164.88,262.15,24.3,92.3,1.74
2019-08-09 08:00:00,320.3,497.92,25.68,86.58,1.76
2019-08-09 09:00:00,501.62,707.7,26.93,78.98,1.45
2019-08-09 10:00:00,630.15,862.97,28.22,70.11,1.0
2019-08-09 11:00:00,684.05,942.72,29.36,62.24,0.5
2019-08-09 12:00:00,519.75,945.65,30.41,57.35,0.63
2019-08-09 13:00:00,499.08,881.53,31.07,54.76,1.05
2019-08-09 14:00:00,390.15,746.42,31.07,54.66,1.4
2019-08-09 15:00:00,355.62,555.17,30.49,56.98,1.61
2019-08-09 16:00:00,243.6,327.5,29.64,62.28,1.5
2019-08-09 17:00:00,80.03,107.8,28.06,74.42,1.1
2019-08-09 18:00:00,3.1,3.4,26.35,81.21,0.94
2019-08-09 19:00:00,0.0,0.0,25.74,82.49,1.1
2019-08-09 20:00:00,0.0,0.0,25.26,84.29,1.21
2019-08-09 21:00:00,0.0,0.0,24.81,86.53,1.16
2019-08-09 22:00:00,0.0,0.0,24.41,88.55,1.02
2019-08-09 23:00:00,0.0,0.0,24.07,90.1,0.91
2019-08-10 00:00:00,0.0,0.0,23.63,91.62,0.86
2019-08-10 01:00:00,0.0,0.0,23.22,93.06,0.86
2019-08-10 02:00:00,0.0,0.0,22.93,94.31,0.88
2019-08-10 03:00:00,0.0,0.0,22.74,95.42,1.0
2019-08-10 04:00:00,0.0,0.0,22.63,96.32,1.2
2019-08-10 05:00:00,0.0,0.0,22.58,97.01,1.49
2019-08-10 06:00:00,20.8,63.4,23.3,94.63,2.36
2019-08-10 07:00:00,108.68,269.23,24.81,88.75,2.94
2019-08-10 08:00:00,254.32,503.45,26.71,78.84,3.55
2019-08-10 09:00:00,273.5,711.33,28.2,71.85,3.75
2019-08-10 10:00:00,326.2,866.55,29.32,67.39,3.76
2019-08-10 11:00:00,365.52,953.22,30.21,63.76,3.69
2019-08-10 12:00:00,469.77,953.85,30.79,61.29,3.55
2019-08-10 13:00:00,610.4,887.1,30.89,60.64,3.39
2019-08-10 14:00:00,479.35,751.08,30.62,61.54,3.16
2019-08-10 15:00:00,385.48,556.9,30.07,63.44,2.85
2019-08-10 16:00:00,215.85,321.65,29.34,67.03,2.32
2019-08-10 17:00:00,85.0,107.85,28.06,76.9,1.27
2019-08-10 18:00:00,3.05,3.3,26.52,83.74,0.83
2019-08-10 19:00:00,0.0,0.0,25.99,85.16,0.83
2019-08-10 20:00:00,0.0,0.0,25.64,86.16,0.89
2019-08-10 21:00:00,0.0,0.0,25.35,86.94,0.95
2019-08-10 22:00:00,0.0,0.0,25.06,88.01,0.98
2019-08-10 23:00:00,0.0,0.0,24.78,88.96,1.07
2019-08-11 00:00:00,0.0,0.0,24.54,89.84,1.21
2019-08-11 01:00:00,0.0,0.0,24.33,90.62,1.42
2019-08-11 02:00:00,0.0,0.0,24.16,91.21,1.66
2019-08-11 03:00:00,0.0,0.0,23.94,92.22,1.78
2019-08-11 04:00:00,0.0,0.0,23.78,92.81,2.01
2019-08-11 05:00:00,0.0,0.0,23.65,93.26,2.19
2019-08-11 06:00:00,62.3,65.22,24.03,91.26,2.61
2019-08-11 07:00:00,260.17,270.6,25.18,85.46,3.05
2019-08-11 08:00:00,490.45,503.55,26.62,77.97,3.57
2019-08-11 09:00:00,688.72,707.35,27.9,72.16,3.76
2019-08-11 10:00:00,804.0,859.62,29.0,67.31,3.67
2019-08-11 11:00:00,780.62,944.88,29.81,63.86,3.43
2019-08-11 12:00:00,797.47,934.78,30.35,61.66,3.17
2019-08-11 13:00:00,660.33,871.9,30.6,60.44,2.93
2019-08-11 14:00:00,577.2,739.15,30.43,60.26,2.68
2019-08-11 15:00:00,451.42,550.17,30.05,60.98,2.41
2019-08-11 16:00:00,276.45,326.27,29.37,64.97,1.85
2019-08-11 17:00:00,101.15,110.45,28.34,73.47,1.19
2019-08-11 18:00:00,3.1,3.22,26.68,81.84,0.72
2019-08-11 19:00:00,0.0,0.0,26.13,82.7,0.74
2019-08-11 20:00:00,0.0,0.0,25.7,83.76,0.75
2019-08-11 21:00:00,0.0,0.0,25.3,84.9,0.77
2019-08-11 22:00:00,0.0,0.0,24.94,86.1,0.81
2019-08-11 23:00:00,0.0,0.0,24.58,87.28,0.93
2019-08-12 00:00:00,0.0,0.0,24.37,87.93,1.2
2019-08-12 01:00:00,0.0,0.0,24.29,88.1,1.64
2019-08-12 02:00:00,0.0,0.0,24.13,88.72,1.96
2019-08-12 03:00:00,0.0,0.0,23.99,89.37,2.07
2019-08-12 04:00:00,0.0,0.0,23.84,90.1,2.11
2019-08-12 05:00:00,0.0,0.0,23.7,90.78,2.2
2019-08-12 06:00:00,63.92,67.35,24.11,89.03,2.81
2019-08-12 07:00:00,233.62,277.02,25.42,82.76,3.24
2019-08-12 08:00:00,422.38,510.27,27.05,74.18,3.7
2019-08-12 09:00:00,570.8,715.72,28.56,67.15,3.93
2019-08-12 10:00:00,517.65,867.03,29.9,62.3,3.83
2019-08-12 11:00:00,651.67,952.08,30.88,59.2,3.5
2019-08-12 12:00:00,624.75,936.88,31.57,57.27,3.14
2019-08-12 13:00:00,555.65,861.35,31.9,56.18,2.8
2019-08-12 14:00:00,507.58,726.9,31.88,56.0,2.48
2019-08-12 15:00:00,428.5,536.6,31.56,56.73,2.18
2019-08-12 16:00:00,273.85,313.85,30.88,59.13,1.85
2019-08-12 17:00:00,98.1,104.72,29.75,66.83,1.17
2019-08-12 18:00:00,2.95,3.05,27.84,79.22,0.68
2019-08-12 19:00:00,0.0,0.0,27.19,80.14,0.7
2019-08-12 20:00:00,0.0,0.0,26.69,81.44,0.72
2019-08-12 21:00:00,0.0,0.0,26.19,82.96,0.74
2019-08-12 22:00:00,0.0,0.0,25.75,84.33,0.78
2019-08-12 23:00:00,0.0,0.0,25.34,85.45,0.87
2019-08-13 00:00:00,0.0,0.0,24.96,86.62,0.98
2019-08-13 01:00:00,0.0,0.0,24.62,87.86,1.09
2019-08-13 02:00:00,0.0,0.0,24.31,89.33,1.19
2019-08-13 03:00:00,0.0,0.0,24.04,90.84,1.25
2019-08-13 04:00:00,0.0,0.0,23.82,92.28,1.27
2019-08-13 05:00:00,0.0,0.0,23.65,93.31,1.28
2019-08-13 06:00:00,66.8,68.15,24.31,90.33,2.0
2019-08-13 07:00:00,257.48,280.35,26.09,81.67,2.17
2019-08-13 08:00:00,459.35,514.85,28.14,72.2,2.29
2019-08-13 09:00:00,644.8,719.4,29.6,66.61,2.12
2019-08-13 10:00:00,820.22,869.95,30.62,62.91,1.82
2019-08-13 11:00:00,756.83,952.85,31.52,60.07,1.56
2019-08-13 12:00:00,706.9,909.8,32.09,58.05,1.25
2019-08-13 13:00:00,605.2,845.47,32.42,56.52,0.88
2019-08-13 14:00:00,626.53,710.47,32.48,55.69,0.62
2019-08-13 15:00:00,457.92,520.7,32.2,55.84,0.64
2019-08-13 16:00:00,263.05,299.27,31.46,58.44,0.81
2019-08-13 17:00:00,97.8,104.93,30.53,64.6,0.73
2019-08-13 18:00:00,0.0,0.0,28.97,75.88,0.56
2019-08-13 19:00:00,0.0,0.0,28.2,79.76,0.52
2019-08-13 20:00:00,0.0,0.0,27.66,81.43,0.54
2019-08-13 21:00:00,0.0,0.0,27.21,82.75,0.55
2019-08-13 22:00:00,0.0,0.0,26.83,83.96,0.54
2019-08-13 23:00:00,0.0,0.0,26.45,85.25,0.54
2019-08-14 00:00:00,0.0,0.0,26.07,86.27,0.59
2019-08-14 01:00:00,0.0,0.0,25.74,87.15,0.74
2019-08-14 02:00:00,0.0,0.0,25.44,87.65,1.01
2019-08-14 03:00:00,0.0,0.0,25.2,88.23,1.48
2019-08-14 04:00:00,0.0,0.0,24.92,89.65,1.97
2019-08-14 05:00:00,0.0,0.0,24.62,91.47,2.27
2019-08-14 06:00:00,52.62,62.65,24.73,91.18,2.78
2019-08-14 07:00:00,157.3,263.83,25.64,86.4,3.29
2019-08-14 08:00:00,220.48,498.83,26.97,79.17,3.76
2019-08-14 09:00:00,339.5,705.35,28.39,72.71,3.82
2019-08-14 10:00:00,610.6,864.88,29.64,67.63,3.58
2019-08-14 11:00:00,651.5,939.85,30.69,63.53,3.32
2019-08-14 12:00:00,680.6,933.85,31.15,61.59,3.0
2019-08-14 13:00:00,594.12,869.33,31.33,61.08,2.73
2019-08-14 14:00:00,555.8,734.6,31.36,61.08,2.43
2019-08-14 15:00:00,461.15,543.92,30.96,62.33,2.15
2019-08-14 16:00:00,283.05,318.7,30.37,64.65,1.85
2019-08-14 17:00:00,107.43,112.03,29.32,71.52,1.26
2019-08-14 18:00:00,0.0,0.0,27.54,83.81,0.72
2019-08-14 19:00:00,0.0,0.0,26.97,84.89,0.8
2019-08-14 20:00:00,0.0,0.0,26.52,85.92,0.9
2019-08-14 21:00:00,0.0,0.0,26.02,87.35,0.95
2019-08-14 22:00:00,0.0,0.0,25.6,88.67,0.93
2019-08-14 23:00:00,0.0,0.0,25.2,89.79,0.98
2019-08-15 00:00:00,0.0,0.0,24.82,91.11,1.13
2019-08-15 01:00:00,0.0,0.0,24.52,92.82,1.4
2019-08-15 02:00:00,0.0,0.0,24.32,94.54,1.79
2019-08-15 03:00:00,0.0,0.0,24.12,95.9,2.0
2019-08-15 04:00:00,0.0,0.0,23.99,96.42,2.03
2019-08-15 05:00:00,0.0,0.0,23.84,96.69,1.97
2019-08-15 06:00:00,64.4,66.12,24.35,94.85,2.61
2019-08-15 07:00:00,256.7,274.92,25.66,88.36,3.24
2019-08-15 08:00:00,482.92,511.45,27.42,78.47,3.39
2019-08-15 09:00:00,603.8,716.72,29.07,70.73,3.17
2019-08-15 10:00:00,656.28,869.1,30.44,65.45,2.95
2019-08-15 11:00:00,694.38,952.83,31.44,61.68,2.72
2019-08-15 12:00:00,674.9,929.75,32.05,59.23,2.53
2019-08-15 13:00:00,531.88,872.15,32.35,57.36,2.33
2019-08-15 14:00:00,503.05,734.92,32.22,56.75,2.15
2019-08-15 15:00:00,394.48,532.17,31.78,57.1,1.91
2019-08-15 16:00:00,246.68,306.92,31.08,59.08,1.64
2019-08-15 17:00:00,93.75,105.43,30.07,65.77,1.06
2019-08-15 18:00:00,0.0,0.0,28.41,77.52,0.62
2019-08-15 19:00:00,0.0,0.0,28.01,76.72,0.63
2019-08-15 20:00:00,0.0,0.0,27.62,76.96,0.65
2019-08-15 21:00:00,0.0,0.0,27.07,78.3,0.68
2019-08-15 22:00:00,0.0,0.0,26.41,80.68,0.7
2019-08-15 23:00:00,0.0,0.0,25.73,83.09,0.71
2019-08-16 00:00:00,0.0,0.0,25.38,84.88,0.72
2019-08-16 01:00:00,0.0,0.0,25.13,85.71,0.79
2019-08-16 02:00:00,0.0,0.0,24.83,86.42,0.9
2019-08-16 03:00:00,0.0,0.0,24.41,87.83,0.95
2019-08-16 04:00:00,0.0,0.0,23.94,89.88,0.94
2019-08-16 05:00:00,0.0,0.0,23.58,91.82,1.03
2019-08-16 06:00:00,51.28,63.5,24.12,89.67,2.04
2019-08-16 07:00:00,199.6,274.7,25.06,86.35,2.5
2019-08-16 08:00:00,375.88,512.33,26.66,78.81,2.93
2019-08-16 09:00:00,578.7,719.15,28.1,72.14,3.34
2019-08-16 10:00:00,700.05,870.42,29.18,67.73,3.43
2019-08-16 11:00:00,688.4,953.28,29.88,64.58,3.29
2019-08-16 12:00:00,622.67,917.62,30.39,62.08,3.13
2019-08-16 13:00:00,627.03,850.53,30.57,60.97,2.94
2019-08-16 14:00:00,502.6,713.0,30.63,60.48,2.7
2019-08-16 15:00:00,301.52,519.05,30.38,61.08,2.41
2019-08-16 16:00:00,165.23,295.17,29.7,64.44,1.91
2019-08-16 17:00:00,60.0,95.72,28.51,73.59,1.19
2019-08-16 18:00:00,0.0,0.0,26.95,83.62,0.67
2019-08-16 19:00:00,0.0,0.0,26.43,84.78,0.69
2019-08-16 20:00:00,0.0,0.0,26.05,86.1,0.68
2019-08-16 21:00:00,0.0,0.0,25.68,87.45,0.68
2019-08-16 22:00:00,0.0,0.0,25.29,88.74,0.69
2019-08-16 23:00:00,0.0,0.0,24.9,89.9,0.7
2019-08-17 00:00:00,0.0,0.0,24.54,90.99,0.72
2019-08-17 01:00:00,0.0,0.0,24.29,92.05,0.77
2019-08-17 02:00:00,0.0,0.0,24.12,92.91,0.88
2019-08-17 03:00:00,0.0,0.0,23.92,93.92,0.98
2019-08-17 04:00:00,0.0,0.0,23.77,94.81,1.08
2019-08-17 05:00:00,0.0,0.0,23.62,95.65,1.18
2019-08-17 06:00:00,42.35,62.4,23.99,94.84,1.74
2019-08-17 07:00:00,173.48,269.27,24.68,93.36,2.22
2019-08-17 08:00:00,337.73,505.98,25.76,89.02,2.53
2019-08-17 09:00:00,430.02,714.15,26.76,82.94,2.9
2019-08-17 10:00:00,529.65,867.85,27.68,77.26,3.05
2019-08-17 11:00:00,625.8,953.38,28.33,73.35,2.94
2019-08-17 12:00:00,637.62,938.38,28.71,70.35,2.82
2019-08-17 13:00:00,693.1,870.95,29.05,67.69,2.68
2019-08-17 14:00:00,659.03,732.42,29.18,66.02,2.44
2019-08-17 15:00:00,500.65,536.9,29.15,65.45,2.16
2019-08-17 16:00:00,283.7,310.0,28.77,66.66,1.74
2019-08-17 17:00:00,101.47,104.28,27.87,73.62,1.02
2019-08-17 18:00:00,0.0,0.0,26.51,81.57,0.61
2019-08-17 19:00:00,0.0,0.0,26.19,80.56,0.58
2019-08-17 20:00:00,0.0,0.0,26.0,80.04,0.54
2019-08-17 21:00:00,0.0,0.0,25.74,80.38,0.51
2019-08-17 22:00:00,0.0,0.0,25.55,80.35,0.49
2019-08-17 23:00:00,0.0,0.0,25.33,80.54,0.45
2019-08-18 00:00:00,0.0,0.0,25.02,81.7,0.38
2019-08-18 01:00:00,0.0,0.0,24.74,82.73,0.35
2019-08-18 02:00:00,0.0,0.0,24.49,83.59,0.34
2019-08-18 03:00:00,0.0,0.0,24.21,86.66,0.34
2019-08-18 04:00:00,0.0,0.0,23.94,86.64,0.37
2019-08-18 05:00:00,0.0,0.0,23.58,88.2,0.41
2019-08-18 06:00:00,57.78,68.2,23.98,89.5,0.59
2019-08-18 07:00:00,225.12,282.48,26.23,81.34,0.95
2019-08-18 08:00:00,416.33,519.08,27.64,73.33,1.4
2019-08-18 09:00:00,504.73,724.1,28.36,68.01,1.55
2019-08-18 10:00:00,631.78,882.03,29.22,65.08,1.31
2019-08-18 11:00:00,698.15,964.42,29.78,63.33,0.94
2019-08-18 12:00:00,651.22,901.88,30.06,62.27,0.73
2019-08-18 13:00:00,627.8,839.9,29.97,62.14,0.73
2019-08-18 14:00:00,481.73,689.25,29.57,63.17,0.82
2019-08-18 15:00:00,297.42,496.92,29.12,65.22,0.94
2019-08-18 16:00:00,190.98,286.02,28.68,70.34,0.81
2019-08-18 17:00:00,67.85,90.18,28.02,74.46,0.78
2019-08-18 18:00:00,0.0,0.0,26.59,83.29,0.63
2019-08-18 19:00:00,0.0,0.0,25.94,84.78,0.68
2019-08-18 20:00:00,0.0,0.0,25.48,86.13,0.7
2019-08-18 21:00:00,0.0,0.0,25.07,87.33,0.71
2019-08-18 22:00:00,0.0,0.0,24.66,88.56,0.7
2019-08-18 23:00:00,0.0,0.0,24.28,89.66,0.69
2019-08-19 00:00:00,0.0,0.0,23.96,90.95,0.67
2019-08-19 01:00:00,0.0,0.0,23.69,92.33,0.68
2019-08-19 02:00:00,0.0,0.0,23.5,93.63,0.74
2019-08-19 03:00:00,0.0,0.0,23.39,94.79,0.85
2019-08-19 04:00:00,0.0,0.0,23.32,95.71,1.06
2019-08-19 05:00:00,0.0,0.0,23.23,96.37,1.3
2019-08-19 06:00:00,36.1,60.55,23.63,95.57,2.05
2019-08-19 07:00:00,141.15,260.75,24.49,93.38,2.76
2019-08-19 08:00:00,250.93,493.1,25.67,87.36,3.35
2019-08-19 09:00:00,442.0,700.95,26.87,79.49,3.69
2019-08-19 10:00:00,577.92,846.05,27.59,75.26,3.63
2019-08-19 11:00:00,655.65,930.28,27.88,73.99,3.47
2019-08-19 12:00:00,733.15,934.3,28.07,73.25,3.32
2019-08-19 13:00:00,672.65,862.8,28.26,72.23,3.12
2019-08-19 14:00:00,489.08,721.88,28.3,71.91,2.87
2019-08-19 15:00:00,234.05,534.8,28.11,72.78,2.54
2019-08-19 16:00:00,99.75,305.45,27.52,76.42,2.03
2019-08-19 17:00:00,36.42,96.9,26.49,85.08,1.2
2019-08-19 18:00:00,0.0,0.0,25.2,92.32,0.76
2019-08-19 19:00:00,0.0,0.0,24.78,93.68,0.78
2019-08-19 20:00:00,0.0,0.0,24.51,94.6,0.84
2019-08-19 21:00:00,0.0,0.0,24.29,95.28,0.92
2019-08-19 22:00:00,0.0,0.0,24.1,95.76,1.08
2019-08-19 23:00:00,0.0,0.0,23.96,95.93,1.39
2019-08-20 00:00:00,0.0,0.0,23.82,96.14,1.77
2019-08-20 01:00:00,0.0,0.0,23.68,96.56,1.96
2019-08-20 02:00:00,0.0,0.0,23.57,96.88,1.93
2019-08-20 03:00:00,0.0,0.0,23.49,97.08,1.78
2019-08-20 04:00:00,0.0,0.0,23.43,97.19,1.65
2019-08-20 05:00:00,0.0,0.0,23.36,97.37,1.55
2019-08-20 06:00:00,35.2,63.03,23.61,96.77,1.78
2019-08-20 07:00:00,157.68,267.67,24.21,95.28,2.21
2019-08-20 08:00:00,305.38,499.65,25.0,92.16,2.81
2019-08-20 09:00:00,447.42,703.03,25.96,86.69,3.4
2019-08-20 10:00:00,574.25,852.62,26.88,80.82,3.61
2019-08-20 11:00:00,597.0,934.8,27.48,76.98,3.63
2019-08-20 12:00:00,719.38,943.38,27.95,74.3,3.6
2019-08-20 13:00:00,667.4,876.47,28.37,72.01,3.47
2019-08-20 14:00:00,438.4,739.3,28.59,70.63,3.28
2019-08-20 15:00:00,385.4,535.53,28.43,70.87,2.96
2019-08-20 16:00:00,238.25,308.92,27.81,74.61,2.31
2019-08-20 17:00:00,90.43,101.72,26.81,82.59,1.36
2019-08-20 18:00:00,0.0,0.0,25.29,91.14,0.72
2019-08-20 19:00:00,0.0,0.0,24.92,91.41,0.68
2019-08-20 20:00:00,0.0,0.0,24.81,90.73,0.65
2019-08-20 21:00:00,0.0,0.0,24.87,88.87,0.63
2019-08-20 22:00:00,0.0,0.0,24.81,88.11,0.55
2019-08-20 23:00:00,0.0,0.0,24.49,89.43,0.5
2019-08-21 00:00:00,0.0,0.0,24.17,91.06,0.5
2019-08-21 01:00:00,0.0,0.0,23.82,92.85,0.54
2019-08-21 02:00:00,0.0,0.0,23.38,95.31,0.6
2019-08-21 03:00:00,0.0,0.0,23.09,96.77,0.73
2019-08-21 04:00:00,0.0,0.0,23.02,97.21,1.01
2019-08-21 05:00:00,0.0,0.0,23.03,97.26,1.42
2019-08-21 06:00:00,44.3,58.67,23.45,96.33,2.11
2019-08-21 07:00:00,173.65,256.98,24.21,93.95,2.8
2019-08-21 08:00:00,290.73,484.7,25.03,87.98,3.48
2019-08-21 09:00:00,418.25,705.22,26.31,79.14,3.97
2019-08-21 10:00:00,573.65,864.2,27.7,71.89,4.19
2019-08-21 11:00:00,701.47,952.05,28.71,67.98,4.1
2019-08-21 12:00:00,734.5,942.17,29.24,66.06,3.8
2019-08-21 13:00:00,584.5,872.25,29.35,65.51,3.38
2019-08-21 14:00:00,473.92,731.0,29.05,66.65,2.97
2019-08-21 15:00:00,267.6,532.62,28.67,69.1,2.5
2019-08-21 16:00:00,154.15,302.7,28.16,74.36,1.69
2019-08-21 17:00:00,54.4,93.95,27.29,82.22,1.01
2019-08-21 18:00:00,0.0,0.0,25.91,87.04,0.7
2019-08-21 19:00:00,0.0,0.0,25.45,88.04,0.73
2019-08-21 20:00:00,0.0,0.0,25.02,89.07,0.8
2019-08-21 21:00:00,0.0,0.0,24.66,89.92,0.88
2019-08-21 22:00:00,0.0,0.0,24.35,90.84,0.92
2019-08-21 23:00:00,0.0,0.0,24.04,92.19,0.96
2019-08-22 00:00:00,0.0,0.0,23.74,93.99,0.98
2019-08-22 01:00:00,0.0,0.0,23.52,95.49,0.96
2019-08-22 02:00:00,0.0,0.0,23.44,96.32,1.0
2019-08-22 03:00:00,0.0,0.0,23.38,96.8,1.12
2019-08-22 04:00:00,0.0,0.0,23.31,97.14,1.22
2019-08-22 05:00:00,0.0,0.0,23.29,97.15,1.47
2019-08-22 06:00:00,29.6,62.62,23.54,96.5,2.08
2019-08-22 07:00:00,110.88,269.7,24.06,95.49,2.69
2019-08-22 08:00:00,219.2,504.27,24.71,93.79,3.04
2019-08-22 09:00:00,291.4,711.53,25.51,90.21,3.34
2019-08-22 10:00:00,389.67,864.17,26.22,86.26,3.47
2019-08-22 11:00:00,328.58,947.92,26.7,83.54,3.41
2019-08-22 12:00:00,471.65,953.03,26.94,82.22,3.24
2019-08-22 13:00:00,202.35,878.92,27.03,81.75,3.08
2019-08-22 14:00:00,305.05,735.03,26.97,82.44,2.89
2019-08-22 15:00:00,282.12,534.83,26.76,84.33,2.53
2019-08-22 16:00:00,163.27,303.05,26.32,88.15,1.87
2019-08-22 17:00:00,56.3,92.57,25.42,93.5,1.08
2019-08-22 18:00:00,0.0,0.0,24.38,95.65,0.99
2019-08-22 19:00:00,0.0,0.0,24.07,95.87,1.08
2019-08-22 20:00:00,0.0,0.0,23.8,96.18,1.04
2019-08-22 21:00:00,0.0,0.0,23.57,96.22,1.0
2019-08-22 22:00:00,0.0,0.0,23.38,96.03,1.16
2019-08-22 23:00:00,0.0,0.0,23.24,95.59,1.46
2019-08-23 00:00:00,0.0,0.0,23.06,95.52,1.71
2019-08-23 01:00:00,0.0,0.0,22.87,95.73,1.91
2019-08-23 02:00:00,0.0,0.0,22.71,96.06,1.99
2019-08-23 03:00:00,0.0,0.0,22.59,96.41,1.94
2019-08-23 04:00:00,0.0,0.0,22.47,96.76,1.85
2019-08-23 05:00:00,0.0,0.0,22.36,97.04,1.7
2019-08-23 06:00:00,39.9,62.0,22.68,96.35,2.03
2019-08-23 07:00:00,161.02,268.33,23.69,94.23,2.51
2019-08-23 08:00:00,306.02,503.58,25.56,86.06,3.27
2019-08-23 09:00:00,430.83,714.33,27.4,76.05,4.13
2019-08-23 10:00:00,583.55,867.95,28.66,69.65,4.27
2019-08-23 11:00:00,771.22,945.8,29.54,66.39,4.07
2019-08-23 12:00:00,818.8,938.58,29.93,65.02,3.87
2019-08-23 13:00:00,554.88,867.85,30.01,64.78,3.67
2019-08-23 14:00:00,270.45,734.05,29.94,65.11,3.36
2019-08-23 15:00:00,148.0,533.17,29.26,68.77,2.95
2019-08-23 16:00:00,86.75,300.45,28.38,74.64,2.42
2019-08-23 17:00:00,36.17,91.38,27.05,83.18,1.68
2019-08-23 18:00:00,0.0,0.0,25.61,91.31,1.09
2019-08-23 19:00:00,0.0,0.0,25.14,92.83,1.23
2019-08-23 20:00:00,0.0,0.0,24.8,93.85,1.39
2019-08-23 21:00:00,0.0,0.0,24.53,94.67,1.56
2019-08-23 22:00:00,0.0,0.0,24.33,95.15,1.76
2019-08-23 23:00:00,0.0,0.0,24.14,95.74,2.1
2019-08-24 00:00:00,0.0,0.0,23.97,96.24,2.4
2019-08-24 01:00:00,0.0,0.0,23.8,96.47,2.67
2019-08-24 02:00:00,0.0,0.0,23.6,96.74,2.69
2019-08-24 03:00:00,0.0,0.0,23.42,96.71,2.69
2019-08-24 04:00:00,0.0,0.0,23.21,96.75,2.57
2019-08-24 05:00:00,0.0,0.0,22.96,97.09,2.21
2019-08-24 06:00:00,18.33,64.95,23.22,96.49,2.44
2019-08-24 07:00:00,111.75,274.85,24.2,94.07,2.83
2019-08-24 08:00:00,218.35,509.45,25.46,88.01,3.35
2019-08-24 09:00:00,386.48,715.88,26.66,81.4,3.75
2019-08-24 10:00:00,551.58,869.0,27.57,76.74,4.04
2019-08-24 11:00:00,596.53,952.97,28.03,74.55,4.16
2019-08-24 12:00:00,713.8,958.08,28.03,74.33,4.25
2019-08-24 13:00:00,669.08,884.45,27.74,75.31,4.37
2019-08-24 14:00:00,542.95,742.35,27.28,77.08,4.31
2019-08-24 15:00:00,396.85,543.35,26.62,80.62,3.85
2019-08-24 16:00:00,219.3,311.33,25.86,85.87,2.82
2019-08-24 17:00:00,66.97,94.38,25.12,90.81,1.93
2019-08-24 18:00:00,0.0,0.0,24.35,94.15,1.57
2019-08-24 19:00:00,0.0,0.0,24.05,95.04,1.65
2019-08-24 20:00:00,0.0,0.0,23.85,95.53,1.84
2019-08-24 21:00:00,0.0,0.0,23.69,95.77,2.0
2019-08-24 22:00:00,0.0,0.0,23.49,96.14,2.07
2019-08-24 23:00:00,0.0,0.0,23.29,96.39,2.15
2019-08-25 00:00:00,0.0,0.0,23.1,96.73,2.24
2019-08-25 01:00:00,0.0,0.0,22.93,96.95,2.32
2019-08-25 02:00:00,0.0,0.0,22.83,96.89,2.44
2019-08-25 03:00:00,0.0,0.0,22.7,96.92,2.49
2019-08-25 04:00:00,0.0,0.0,22.59,96.85,2.55
2019-08-25 05:00:00,0.0,0.0,22.5,96.74,2.61
2019-08-25 06:00:00,56.97,65.57,22.86,95.77,3.25
2019-08-25 07:00:00,212.6,274.73,23.56,93.91,3.97
2019-08-25 08:00:00,423.77,509.5,24.48,89.32,4.74
2019-08-25 09:00:00,529.78,717.53,25.78,81.77,5.02
2019-08-25 10:00:00,760.78,865.6,27.07,74.05,5.01
2019-08-25 11:00:00,776.25,944.17,27.94,69.57,4.73
2019-08-25 12:00:00,689.25,922.05,28.57,67.45,4.38
2019-08-25 13:00:00,590.9,843.1,28.87,66.27,4.02
2019-08-25 14:00:00,511.85,716.58,28.92,66.01,3.6
2019-08-25 15:00:00,365.62,512.03,28.56,67.8,3.11
2019-08-25 16:00:00,239.43,286.8,27.85,73.63,2.24
2019-08-25 17:00:00,82.12,87.22,26.56,84.22,1.23
2019-08-25 18:00:00,0.0,0.0,25.15,89.2,0.94
2019-08-25 19:00:00,0.0,0.0,24.73,89.89,0.98
2019-08-25 20:00:00,0.0,0.0,24.38,90.41,0.99
2019-08-25 21:00:00,0.0,0.0,24.01,91.12,0.99
2019-08-25 22:00:00,0.0,0.0,23.69,91.66,1.0
2019-08-25 23:00:00,0.0,0.0,23.36,92.26,1.01
2019-08-26 00:00:00,0.0,0.0,23.01,93.24,0.99
2019-08-26 01:00:00,0.0,0.0,22.6,94.45,0.99
2019-08-26 02:00:00,0.0,0.0,22.3,95.46,1.03
2019-08-26 03:00:00,0.0,0.0,22.09,96.47,1.17
2019-08-26 04:00:00,0.0,0.0,22.1,96.93,1.42
2019-08-26 05:00:00,0.0,0.0,22.12,97.27,1.68
2019-08-26 06:00:00,55.2,61.05,22.66,95.42,2.3
2019-08-26 07:00:00,215.3,259.27,23.7,91.86,2.77
2019-08-26 08:00:00,388.83,497.17,24.97,86.54,3.42
2019-08-26 09:00:00,492.15,706.62,26.07,81.44,3.81
2019-08-26 10:00:00,599.42,857.9,27.05,77.11,3.88
2019-08-26 11:00:00,672.55,940.25,27.69,74.05,3.78
2019-08-26 12:00:00,775.92,938.92,28.15,71.93,3.68
2019-08-26 13:00:00,648.25,865.7,28.63,69.98,3.61
2019-08-26 14:00:00,526.42,721.42,28.9,68.74,3.47
2019-08-26 15:00:00,409.58,521.17,28.85,68.62,3.27
2019-08-26 16:00:00,211.85,289.9,28.26,71.55,2.75
2019-08-26 17:00:00,68.32,85.68,26.97,81.7,1.56
2019-08-26 18:00:00,0.0,0.0,24.85,90.37,0.99
2019-08-26 19:00:00,0.0,0.0,24.27,91.56,1.01
2019-08-26 20:00:00,0.0,0.0,23.84,92.52,1.04
2019-08-26 21:00:00,0.0,0.0,23.48,93.19,1.05
2019-08-26 22:00:00,0.0,0.0,23.22,93.8,1.1
2019-08-26 23:00:00,0.0,0.0,23.02,94.35,1.14
2019-08-27 00:00:00,0.0,0.0,22.87,94.82,1.18
2019-08-27 01:00:00,0.0,0.0,22.74,95.36,1.22
2019-08-27 02:00:00,0.0,0.0,22.63,95.97,1.34
2019-08-27 03:00:00,0.0,0.0,22.48,96.84,1.49
2019-08-27 04:00:00,0.0,0.0,22.28,97.64,1.48
2019-08-27 05:00:00,0.0,0.0,22.05,98.17,1.46
2019-08-27 06:00:00,51.42,64.53,22.71,95.41,2.26
2019-08-27 07:00:00,170.05,272.92,24.16,89.34,3.05
2019-08-27 08:00:00,318.65,508.88,25.98,80.76,3.56
2019-08-27 09:00:00,344.77,715.1,27.68,73.77,3.52
2019-08-27 10:00:00,425.88,865.95,28.9,69.21,3.39
2019-08-27 11:00:00,520.12,954.9,29.74,66.37,3.29
2019-08-27 12:00:00,604.72,959.53,30.18,64.94,3.23
2019-08-27 13:00:00,549.95,885.0,30.36,64.21,3.13
2019-08-27 14:00:00,470.17,731.33,30.26,64.18,2.97
2019-08-27 15:00:00,388.98,529.72,29.94,65.42,2.74
2019-08-27 16:00:00,223.2,295.35,29.16,69.89,2.21
2019-08-27 17:00:00,73.7,86.43,27.86,78.94,1.46
2019-08-27 18:00:00,0.0,0.0,26.04,88.0,0.94
2019-08-27 19:00:00,0.0,0.0,25.41,89.54,1.0
2019-08-27 20:00:00,0.0,0.0,24.95,90.81,1.03
2019-08-27 21:00:00,0.0,0.0,24.55,91.83,1.04
2019-08-27 22:00:00,0.0,0.0,24.2,92.75,1.05
2019-08-27 23:00:00,0.0,0.0,23.9,93.39,1.08
2019-08-28 00:00:00,0.0,0.0,23.63,94.01,1.09
2019-08-28 01:00:00,0.0,0.0,23.41,94.51,1.09
2019-08-28 02:00:00,0.0,0.0,23.16,95.25,1.13
2019-08-28 03:00:00,0.0,0.0,22.93,96.13,1.23
2019-08-28 04:00:00,0.0,0.0,22.74,96.8,1.39
2019-08-28 05:00:00,0.0,0.0,22.61,97.29,1.54
2019-08-28 06:00:00,56.88,68.53,23.08,96.14,2.1
2019-08-28 07:00:00,224.85,285.4,24.2,93.3,2.41
2019-08-28 08:00:00,427.27,522.65,25.63,87.44,2.84
2019-08-28 09:00:00,505.75,732.75,26.77,81.49,3.07
2019-08-28 10:00:00,461.98,881.22,27.54,77.67,3.08
2019-08-28 11:00:00,504.7,959.62,28.22,74.43,3.08
2019-08-28 12:00:00,569.85,907.08,28.76,71.54,3.09
2019-08-28 13:00:00,251.98,832.67,28.9,70.47,3.06
2019-08-28 14:00:00,234.5,690.1,28.38,73.08,2.91
2019-08-28 15:00:00,96.7,491.67,27.58,77.72,2.7
2019-08-28 16:00:00,102.75,268.12,26.63,84.2,2.41
2019-08-28 17:00:00,38.22,74.57,25.52,91.02,2.06
2019-08-28 18:00:00,0.0,0.0,24.63,94.42,2.21
2019-08-28 19:00:00,0.0,0.0,24.13,95.62,2.49
2019-08-28 20:00:00,0.0,0.0,23.75,96.22,2.44
2019-08-28 21:00:00,0.0,0.0,23.45,96.38,2.19
2019-08-28 22:00:00,0.0,0.0,23.18,96.58,1.89
2019-08-28 23:00:00,0.0,0.0,22.89,97.1,1.54
2019-08-29 00:00:00,0.0,0.0,22.53,97.88,1.0
2019-08-29 01:00:00,0.0,0.0,22.3,98.18,0.75
2019-08-29 02:00:00,0.0,0.0,22.24,98.15,0.82
2019-08-29 03:00:00,0.0,0.0,22.19,98.05,0.88
2019-08-29 04:00:00,0.0,0.0,22.15,97.98,1.0
2019-08-29 05:00:00,0.0,0.0,22.11,97.75,1.23
2019-08-29 06:00:00,33.28,61.1,22.53,96.32,1.98
2019-08-29 07:00:00,123.1,262.95,23.38,94.12,2.36
2019-08-29 08:00:00,258.0,498.65,24.83,89.26,2.61
2019-08-29 09:00:00,393.33,717.65,26.36,82.33,2.74
2019-08-29 10:00:00,564.3,870.0,27.65,76.25,2.56
2019-08-29 11:00:00,681.72,942.92,28.53,72.51,2.4
2019-08-29 12:00:00,698.35,944.8,29.07,70.1,2.26
2019-08-29 13:00:00,679.17,867.55,29.37,68.66,2.05
2019-08-29 14:00:00,526.2,721.25,29.49,68.05,1.77
2019-08-29 15:00:00,345.08,520.25,29.32,68.75,1.47
2019-08-29 16:00:00,186.15,289.27,28.78,72.99,1.16
2019-08-29 17:00:00,60.33,82.97,27.87,78.49,0.93
2019-08-29 18:00:00,0.0,0.0,26.39,86.88,0.62
2019-08-29 19:00:00,0.0,0.0,25.96,86.6,0.66
2019-08-29 20:00:00,0.0,0.0,25.53,87.69,0.67
2019-08-29 21:00:00,0.0,0.0,24.94,90.17,0.68
2019-08-29 22:00:00,0.0,0.0,24.39,92.31,0.71
2019-08-29 23:00:00,0.0,0.0,23.94,93.68,0.76
2019-08-30 00:00:00,0.0,0.0,23.57,94.64,0.8
2019-08-30 01:00:00,0.0,0.0,23.23,95.51,0.82
2019-08-30 02:00:00,0.0,0.0,22.94,96.29,0.82
2019-08-30 03:00:00,0.0,0.0,22.65,97.34,0.83
2019-08-30 04:00:00,0.0,0.0,22.44,98.24,0.84
2019-08-30 05:00:00,0.0,0.0,22.31,98.91,0.84
2019-08-30 06:00:00,44.0,65.68,23.28,95.57,1.47
2019-08-30 07:00:00,177.48,279.8,24.87,90.28,1.67
2019-08-30 08:00:00,328.7,522.28,27.43,78.49,1.43
2019-08-30 09:00:00,469.35,726.78,28.83,72.58,1.28
2019-08-30 10:00:00,443.55,885.67,29.57,69.7,1.25
2019-08-30 11:00:00,614.67,965.78,30.13,67.62,1.4
2019-08-30 12:00:00,477.88,966.95,30.37,66.58,1.58
2019-08-30 13:00:00,259.67,894.03,30.07,67.12,1.68
2019-08-30 14:00:00,437.27,751.6,29.72,68.49,1.68
2019-08-30 15:00:00,338.3,551.92,29.24,71.74,1.53
2019-08-30 16:00:00,186.85,316.6,28.71,75.72,1.27
2019-08-30 17:00:00,54.88,91.43,27.55,84.3,0.9
2019-08-30 18:00:00,0.0,0.0,26.16,89.25,0.73
2019-08-30 19:00:00,0.0,0.0,25.66,90.4,0.77
2019-08-30 20:00:00,0.0,0.0,25.26,91.25,0.77
2019-08-30 21:00:00,0.0,0.0,24.94,91.56,0.75
2019-08-30 22:00:00,0.0,0.0,24.72,91.57,0.72
2019-08-30 23:00:00,0.0,0.0,24.56,91.55,0.7
2019-08-31 00:00:00,0.0,0.0,24.33,91.98,0.68
2019-08-31 01:00:00,0.0,0.0,24.02,93.13,0.67
2019-08-31 02:00:00,0.0,0.0,23.71,94.09,0.7
2019-08-31 03:00:00,0.0,0.0,23.38,95.28,0.7
2019-08-31 04:00:00,0.0,0.0,23.1,96.34,0.7
2019-08-31 05:00:00,0.0,0.0,22.9,96.94,0.71
2019-08-31 06:00:00,70.43,73.18,23.44,95.83,1.06
2019-08-31 07:00:00,282.92,292.85,24.49,91.71,1.5
2019-08-31 08:00:00,524.38,532.22,25.97,85.19,1.48
2019-08-31 09:00:00,736.5,738.0,27.5,77.67,1.41
2019-08-31 10:00:00,830.2,886.62,28.66,72.41,1.29
2019-08-31 11:00:00,928.3,969.05,29.33,70.06,1.21
2019-08-31 12:00:00,928.88,955.15,29.61,68.98,1.19
2019-08-31 13:00:00,807.58,882.38,29.68,68.61,1.16
2019-08-31 14:00:00,663.62,737.88,29.63,68.7,1.1
2019-08-31 15:00:00,474.15,536.28,29.32,70.29,0.92
2019-08-31 16:00:00,272.25,303.35,29.04,74.14,0.61
2019-08-31 17:00:00,82.55,85.53,28.37,77.3,0.53
2019-08-31 18:00:00,0.0,0.0,27.81,78.11,0.18
2019-08-31 19:00:00,0.0,0.0,27.49,77.94,0.13
2019-08-31 20:00:00,0.0,0.0,26.89,83.06,0.4
2019-08-31 21:00:00,0.0,0.0,26.21,84.89,0.55
2019-08-31 22:00:00,0.0,0.0,25.66,87.76,0.64
2019-08-31 23:00:00,0.0,0.0,25.11,90.78,0.7
2019-09-01 00:00:00,0.0,0.0,24.7,92.61,0.73
2019-09-01 01:00:00,0.0,0.0,24.37,93.58,0.78
2019-09-01 02:00:00,0.0,0.0,24.13,94.06,0.83
2019-09-01 03:00:00,0.0,0.0,23.91,94.67,0.81
2019-09-01 04:00:00,0.0,0.0,23.71,95.25,0.77
2019-09-01 05:00:00,0.0,0.0,23.51,95.79,0.71
2019-09-01 06:00:00,14.8,66.72,24.08,94.7,0.87
2019-09-01 07:00:00,35.53,283.75,24.96,90.61,1.48
2019-09-01 08:00:00,32.65,523.22,26.36,85.48,1.46
2019-09-01 09:00:00,130.27,733.92,27.77,78.84,1.61
2019-09-01 10:00:00,182.38,885.08,28.69,74.99,1.84
2019-09-01 11:00:00,409.55,965.83,29.27,73.11,2.06
2019-09-01 12:00:00,364.67,944.4,29.6,72.17,2.22
2019-09-01 13:00:00,391.35,867.83,29.62,72.22,2.3
2019-09-01 14:00:00,357.48,722.05,29.32,73.4,2.27
2019-09-01 15:00:00,304.12,519.38,28.84,76.15,2.13
2019-09-01 16:00:00,178.2,289.75,28.1,81.91,1.66
2019-09-01 17:00:00,51.05,78.07,27.09,88.88,1.19
2019-09-01 18:00:00,0.0,0.0,25.96,94.11,0.84
2019-09-01 19:00:00,0.0,0.0,25.58,95.21,0.91
2019-09-01 20:00:00,0.0,0.0,25.28,96.0,0.99
2019-09-01 21:00:00,0.0,0.0,25.01,96.72,0.95
2019-09-01 22:00:00,0.0,0.0,24.75,97.29,0.84
2019-09-01 23:00:00,0.0,0.0,24.53,97.48,0.79
2019-09-02 00:00:00,0.0,0.0,24.31,97.7,0.78
2019-09-02 01:00:00,0.0,0.0,24.11,97.79,0.78
2019-09-02 02:00:00,0.0,0.0,24.03,97.63,0.82
2019-09-02 03:00:00,0.0,0.0,23.92,97.55,0.91
2019-09-02 04:00:00,0.0,0.0,23.76,97.52,1.02
2019-09-02 05:00:00,0.0,0.0,23.61,97.53,1.14
2019-09-02 06:00:00,33.47,61.92,23.75,96.98,1.53
2019-09-02 07:00:00,140.4,270.33,24.23,95.62,2.05
2019-09-02 08:00:00,278.9,507.5,25.13,92.86,2.02
2019-09-02 09:00:00,369.6,714.33,26.26,87.43,1.79
2019-09-02 10:00:00,440.77,862.85,27.57,80.11,1.44
2019-09-02 11:00:00,448.67,942.22,28.66,74.01,1.19
2019-09-02 12:00:00,625.12,967.15,29.3,70.69,0.78
2019-09-02 13:00:00,529.67,891.33,29.29,69.69,0.15
2019-09-02 14:00:00,483.92,747.2,29.05,70.03,0.73
2019-09-02 15:00:00,393.33,545.33,28.49,73.51,1.16
2019-09-02 16:00:00,216.07,308.67,27.91,77.96,1.26
2019-09-02 17:00:00,67.62,84.38,26.74,83.14,1.21
2019-09-02 18:00:00,0.0,0.0,25.3,89.93,1.04
2019-09-02 19:00:00,0.0,0.0,24.77,90.83,1.31
2019-09-02 20:00:00,0.0,0.0,24.42,91.68,1.49
2019-09-02 21:00:00,0.0,0.0,24.08,92.93,1.48
2019-09-02 22:00:00,0.0,0.0,23.69,94.6,1.28
2019-09-02 23:00:00,0.0,0.0,23.37,95.97,0.96
2019-09-03 00:00:00,0.0,0.0,23.27,96.72,0.91
2019-09-03 01:00:00,0.0,0.0,23.28,96.61,1.34
2019-09-03 02:00:00,0.0,0.0,23.21,96.88,1.64
2019-09-03 03:00:00,0.0,0.0,23.17,97.08,1.83
2019-09-03 04:00:00,0.0,0.0,23.17,97.24,1.9
2019-09-03 05:00:00,0.0,0.0,23.25,97.09,1.94
2019-09-03 06:00:00,64.7,71.72,23.62,96.39,2.29
2019-09-03 07:00:00,242.38,292.25,24.59,94.19,3.03
2019-09-03 08:00:00,450.08,528.97,25.8,88.95,3.53
2019-09-03 09:00:00,625.6,732.33,26.91,82.17,3.69
2019-09-03 10:00:00,668.55,880.9,27.8,77.43,3.5
2019-09-03 11:00:00,600.78,963.15,28.56,74.36,3.18
2019-09-03 12:00:00,633.6,925.35,29.2,72.01,2.79
2019-09-03 13:00:00,576.33,852.55,29.65,70.26,2.46
2019-09-03 14:00:00,479.42,707.42,29.96,68.98,2.21
2019-09-03 15:00:00,340.15,500.6,29.86,69.06,1.99
2019-09-03 16:00:00,200.48,275.92,29.32,71.74,1.65
2019-09-03 17:00:00,61.67,71.75,28.27,79.39,1.06
2019-09-03 18:00:00,0.0,0.0,26.52,87.96,0.69
2019-09-03 19:00:00,0.0,0.0,26.14,87.58,0.72
2019-09-03 20:00:00,0.0,0.0,26.09,86.25,0.69
2019-09-03 21:00:00,0.0,0.0,26.14,84.57,0.59
2019-09-03 22:00:00,0.0,0.0,25.96,84.55,0.51
2019-09-03 23:00:00,0.0,0.0,25.59,86.11,0.58
2019-09-04 00:00:00,0.0,0.0,25.07,88.75,0.64
2019-09-04 01:00:00,0.0,0.0,24.5,91.36,0.67
2019-09-04 02:00:00,0.0,0.0,24.05,92.98,0.68
2019-09-04 03:00:00,0.0,0.0,23.74,93.71,0.67
2019-09-04 04:00:00,0.0,0.0,23.55,93.83,0.67
2019-09-04 05:00:00,0.0,0.0,23.38,94.0,0.64
2019-09-04 06:00:00,49.15,63.5,24.02,93.68,0.7
2019-09-04 07:00:00,170.85,271.27,25.49,88.81,0.87
2019-09-04 08:00:00,326.2,510.7,28.24,75.64,1.01
2019-09-04 09:00:00,222.82,722.6,29.66,69.48,0.69
2019-09-04 10:00:00,105.95,875.7,30.46,66.6,0.43
2019-09-04 11:00:00,148.85,954.42,30.93,64.66,0.71
2019-09-04 12:00:00,243.02,941.1,31.28,63.56,1.07
2019-09-04 13:00:00,281.38,865.47,31.27,63.76,1.4
2019-09-04 14:00:00,255.25,722.28,31.22,63.97,1.69
2019-09-04 15:00:00,301.3,520.05,30.82,65.71,1.86
2019-09-04 16:00:00,166.25,283.38,30.12,71.89,1.52
2019-09-04 17:00:00,56.2,72.78,28.66,79.38,1.3
2019-09-04 18:00:00,0.0,0.0,26.99,88.78,0.8
2019-09-04 19:00:00,0.0,0.0,26.4,89.92,0.79
2019-09-04 20:00:00,0.0,0.0,26.08,90.33,0.74
2019-09-04 21:00:00,0.0,0.0,25.92,89.9,0.7
2019-09-04 22:00:00,0.0,0.0,25.92,88.08,0.67
2019-09-04 23:00:00,0.0,0.0,26.02,85.58,0.55
2019-09-05 00:00:00,0.0,0.0,26.16,82.9,0.3
2019-09-05 01:00:00,0.0,0.0,26.01,83.32,0.05
2019-09-05 02:00:00,0.0,0.0,25.53,89.24,0.16
2019-09-05 03:00:00,0.0,0.0,25.11,88.52,0.3
2019-09-05 04:00:00,0.0,0.0,24.57,91.48,0.44
2019-09-05 05:00:00,0.0,0.0,24.09,94.43,0.55
2019-09-05 06:00:00,45.88,63.03,24.36,95.16,0.74
2019-09-05 07:00:00,178.23,268.08,25.27,90.87,1.45
2019-09-05 08:00:00,323.77,497.38,27.0,82.8,1.2
2019-09-05 09:00:00,515.83,707.83,29.21,70.6,1.07
2019-09-05 10:00:00,680.42,855.28,30.56,65.3,1.4
2019-09-05 11:00:00,790.9,935.85,30.96,64.42,1.42
2019-09-05 12:00:00,720.28,874.62,31.02,64.5,1.47
2019-09-05 13:00:00,586.47,803.35,31.21,64.06,1.75
2019-09-05 14:00:00,484.62,657.45,31.32,63.9,2.16
2019-09-05 15:00:00,341.92,457.83,31.01,65.09,2.25
2019-09-05 16:00:00,186.9,240.57,30.31,69.96,1.74
2019-09-05 17:00:00,45.7,58.28,29.03,77.71,1.28
2019-09-05 18:00:00,0.0,0.0,27.43,87.01,0.76
2019-09-05 19:00:00,0.0,0.0,26.99,88.34,0.72
2019-09-05 20:00:00,0.0,0.0,26.6,89.47,0.68
2019-09-05 21:00:00,0.0,0.0,26.26,90.13,0.65
2019-09-05 22:00:00,0.0,0.0,26.04,90.13,0.62
2019-09-05 23:00:00,0.0,0.0,25.84,90.05,0.59
2019-09-06 00:00:00,0.0,0.0,25.51,91.06,0.57
2019-09-06 01:00:00,0.0,0.0,25.14,92.76,0.56
2019-09-06 02:00:00,0.0,0.0,24.79,94.21,0.56
2019-09-06 03:00:00,0.0,0.0,24.52,95.14,0.57
2019-09-06 04:00:00,0.0,0.0,24.29,95.89,0.59
2019-09-06 05:00:00,0.0,0.0,24.11,96.39,0.62
2019-09-06 06:00:00,57.62,60.95,24.54,96.47,0.66
2019-09-06 07:00:00,220.27,262.75,25.67,91.9,1.2
2019-09-06 08:00:00,429.85,502.3,27.2,84.43,0.97
2019-09-06 09:00:00,665.38,718.4,28.67,75.01,0.74
2019-09-06 10:00:00,690.12,873.12,29.54,68.51,0.81
2019-09-06 11:00:00,820.12,955.78,30.11,65.85,0.87
2019-09-06 12:00:00,798.62,940.3,30.31,65.19,0.81
2019-09-06 13:00:00,666.38,864.62,30.38,65.4,0.72
2019-09-06 14:00:00,568.47,714.9,30.26,66.41,0.75
2019-09-06 15:00:00,397.42,508.67,29.92,68.41,0.93
2019-09-06 16:00:00,207.57,273.42,29.41,73.5,0.89
2019-09-06 17:00:00,59.0,67.32,28.28,79.19,0.89
2019-09-06 18:00:00,0.0,0.0,26.77,89.28,0.62
2019-09-06 19:00:00,0.0,0.0,26.13,90.68,0.7
2019-09-06 20:00:00,0.0,0.0,25.69,91.99,0.72
2019-09-06 21:00:00,0.0,0.0,25.37,93.18,0.68
2019-09-06 22:00:00,0.0,0.0,25.13,94.0,0.63
2019-09-06 23:00:00,0.0,0.0,24.85,94.91,0.6
2019-09-07 00:00:00,0.0,0.0,24.63,95.61,0.6
2019-09-07 01:00:00,0.0,0.0,24.49,96.06,0.66
2019-09-07 02:00:00,0.0,0.0,24.38,96.3,0.8
2019-09-07 03:00:00,0.0,0.0,24.27,96.43,0.94
2019-09-07 04:00:00,0.0,0.0,24.15,96.53,1.11
2019-09-07 05:00:00,0.0,0.0,23.99,96.83,1.24
2019-09-07 06:00:00,51.8,62.35,24.17,96.46,1.48
2019-09-07 07:00:00,215.5,266.55,24.8,94.76,2.07
2019-09-07 08:00:00,359.55,504.45,25.75,92.18,2.11
2019-09-07 09:00:00,613.55,712.78,27.16,85.18,1.94
2019-09-07 10:00:00,787.67,866.5,28.36,78.4,1.6
2019-09-07 11:00:00,826.42,939.6,29.13,73.78,1.34
2019-09-07 12:00:00,540.5,849.8,29.39,71.9,1.31
2019-09-07 13:00:00,584.35,772.28,29.46,71.22,1.43
2019-09-07 14:00:00,520.95,629.58,29.33,71.62,1.58
2019-09-07 15:00:00,305.9,436.45,28.93,73.94,1.52
2019-09-07 16:00:00,169.05,236.6,28.35,78.56,1.19
2019-09-07 17:00:00,40.28,56.15,27.52,84.29,0.96
2019-09-07 18:00:00,0.0,0.0,26.2,92.05,0.58
2019-09-07 19:00:00,0.0,0.0,25.79,92.9,0.58
2019-09-07 20:00:00,0.0,0.0,25.49,93.47,0.58
2019-09-07 21:00:00,0.0,0.0,25.2,94.04,0.59
2019-09-07 22:00:00,0.0,0.0,24.9,94.91,0.63
2019-09-07 23:00:00,0.0,0.0,24.61,95.56,0.67
2019-09-08 00:00:00,0.0,0.0,24.33,96.03,0.7
2019-09-08 01:00:00,0.0,0.0,24.1,96.38,0.65
2019-09-08 02:00:00,0.0,0.0,23.94,96.65,0.55
2019-09-08 03:00:00,0.0,0.0,23.79,96.83,0.47
2019-09-08 04:00:00,0.0,0.0,23.68,96.82,0.38
2019-09-08 05:00:00,0.0,0.0,23.66,96.07,0.34
2019-09-08 06:00:00,40.9,56.35,24.0,94.78,0.69
2019-09-08 07:00:00,162.12,233.77,24.77,91.78,1.43
2019-09-08 08:00:00,311.62,456.98,25.58,88.37,2.19
2019-09-08 09:00:00,508.65,665.45,26.52,84.41,2.79
2019-09-08 10:00:00,600.9,819.65,27.58,79.47,3.04
2019-09-08 11:00:00,710.38,903.47,28.63,75.29,3.0
2019-09-08 12:00:00,713.7,910.33,29.34,72.61,2.8
2019-09-08 13:00:00,667.08,838.5,29.73,71.1,2.53
2019-09-08 14:00:00,485.3,695.85,29.88,70.31,2.29
2019-09-08 15:00:00,296.9,492.73,29.68,70.51,2.14
2019-09-08 16:00:00,162.23,269.23,28.95,75.47,1.75
2019-09-08 17:00:00,41.8,64.85,27.8,81.9,1.4
2019-09-08 18:00:00,0.0,0.0,26.01,90.62,0.88
2019-09-08 19:00:00,0.0,0.0,25.41,91.56,0.99
2019-09-08 20:00:00,0.0,0.0,24.98,92.46,1.08
2019-09-08 21:00:00,0.0,0.0,24.62,93.45,1.15
2019-09-08 22:00:00,0.0,0.0,24.3,94.3,1.29
2019-09-08 23:00:00,0.0,0.0,23.97,95.26,1.53
2019-09-09 00:00:00,0.0,0.0,23.68,96.18,1.8
2019-09-09 01:00:00,0.0,0.0,23.38,97.08,1.76
2019-09-09 02:00:00,0.0,0.0,23.12,97.54,1.53
2019-09-09 03:00:00,0.0,0.0,22.98,97.71,1.34
2019-09-09 04:00:00,0.0,0.0,22.86,97.83,1.21
2019-09-09 05:00:00,0.0,0.0,22.75,97.91,1.18
2019-09-09 06:00:00,40.03,65.53,23.27,96.19,1.82
2019-09-09 07:00:00,154.2,271.92,24.32,92.31,2.5
2019-09-09 08:00:00,290.65,510.73,25.68,85.53,2.88
2019-09-09 09:00:00,380.05,716.0,27.2,77.74,2.81
2019-09-09 10:00:00,481.83,862.67,28.07,73.9,2.47
2019-09-09 11:00:00,547.5,937.22,28.57,71.88,2.18
2019-09-09 12:00:00,662.53,970.03,28.88,70.85,1.94
2019-09-09 13:00:00,669.05,892.92,28.98,70.34,1.66
2019-09-09 14:00:00,498.65,744.7,29.07,69.82,1.33
2019-09-09 15:00:00,393.62,537.5,28.91,70.15,1.05
2019-09-09 16:00:00,221.48,297.42,28.52,72.93,0.82
2019-09-09 17:00:00,63.55,73.38,27.91,77.84,0.65
2019-09-09 18:00:00,0.0,0.0,26.75,82.52,0.57
2019-09-09 19:00:00,0.0,0.0,26.05,84.93,0.66
2019-09-09 20:00:00,0.0,0.0,25.38,87.93,0.7
2019-09-09 21:00:00,0.0,0.0,24.83,90.21,0.71
2019-09-09 22:00:00,0.0,0.0,24.44,92.19,0.7
2019-09-09 23:00:00,0.0,0.0,24.06,93.95,0.71
2019-09-10 00:00:00,0.0,0.0,23.76,95.33,0.72
2019-09-10 01:00:00,0.0,0.0,23.52,96.55,0.67
2019-09-10 02:00:00,0.0,0.0,23.4,97.12,0.6
2019-09-10 03:00:00,0.0,0.0,23.26,97.79,0.54
2019-09-10 04:00:00,0.0,0.0,23.15,98.06,0.55
2019-09-10 05:00:00,0.0,0.0,23.04,98.24,0.58
2019-09-10 06:00:00,27.7,66.03,23.57,96.79,1.01
2019-09-10 07:00:00,79.3,267.3,24.76,92.34,1.98
2019-09-10 08:00:00,172.73,495.88,26.3,85.77,2.63
2019-09-10 09:00:00,158.45,699.25,27.66,78.8,2.86
2019-09-10 10:00:00,237.62,847.33,28.65,74.23,2.68
2019-09-10 11:00:00,189.27,923.08,29.27,71.56,2.3
2019-09-10 12:00:00,638.9,971.75,29.49,70.48,1.97
2019-09-10 13:00:00,686.22,891.72,29.77,69.18,1.72
2019-09-10 14:00:00,605.2,739.25,30.04,67.96,1.51
2019-09-10 15:00:00,489.75,532.3,29.62,69.41,1.42
2019-09-10 16:00:00,258.12,292.12,28.88,74.12,1.26
2019-09-10 17:00:00,63.7,70.3,28.0,79.97,1.02
2019-09-10 18:00:00,0.0,0.0,26.34,89.6,0.64
2019-09-10 19:00:00,0.0,0.0,25.76,90.42,0.7
2019-09-10 20:00:00,0.0,0.0,25.31,91.13,0.73
2019-09-10 21:00:00,0.0,0.0,24.95,91.8,0.76
2019-09-10 22:00:00,0.0,0.0,24.64,92.48,0.79
2019-09-10 23:00:00,0.0,0.0,24.36,92.98,0.88
2019-09-11 00:00:00,0.0,0.0,24.09,93.39,0.99
2019-09-11 01:00:00,0.0,0.0,23.86,93.88,1.1
2019-09-11 02:00:00,0.0,0.0,23.65,94.5,1.14
2019-09-11 03:00:00,0.0,0.0,23.38,95.46,1.09
2019-09-11 04:00:00,0.0,0.0,23.03,96.64,1.03
2019-09-11 05:00:00,0.0,0.0,22.74,97.45,1.13
2019-09-11 06:00:00,60.92,67.7,23.29,95.08,1.95
2019-09-11 07:00:00,230.45,273.6,24.85,88.98,2.38
2019-09-11 08:00:00,453.42,511.17,26.98,80.0,2.24
2019-09-11 09:00:00,622.3,719.17,28.52,73.96,1.67
2019-09-11 10:00:00,794.22,869.38,29.43,70.49,0.81
2019-09-11 11:00:00,864.2,950.2,30.13,67.92,0.41
2019-09-11 12:00:00,873.72,963.4,30.31,66.22,1.23
2019-09-11 13:00:00,792.75,887.22,30.33,65.75,1.84
2019-09-11 14:00:00,649.5,733.95,30.2,66.7,2.12
2019-09-11 15:00:00,479.88,524.88,29.65,69.9,1.92
2019-09-11 16:00:00,245.3,283.52,28.8,76.09,1.26
2019-09-11 17:00:00,58.22,65.3,27.73,84.76,0.7
2019-09-11 18:00:00,0.0,0.0,27.24,82.86,0.41
2019-09-11 19:00:00,0.0,0.0,27.17,80.41,0.06
2019-09-11 20:00:00,0.0,0.0,26.85,81.63,0.25
2019-09-11 21:00:00,0.0,0.0,26.27,86.04,0.39
2019-09-11 22:00:00,0.0,0.0,25.44,90.02,0.56
2019-09-11 23:00:00,0.0,0.0,24.79,93.19,0.6
2019-09-12 00:00:00,0.0,0.0,24.35,94.53,0.64
2019-09-12 01:00:00,0.0,0.0,24.08,94.92,0.65
2019-09-12 02:00:00,0.0,0.0,23.78,95.75,0.67
2019-09-12 03:00:00,0.0,0.0,23.53,96.2,0.74
2019-09-12 04:00:00,0.0,0.0,23.32,96.52,0.77
2019-09-12 05:00:00,0.0,0.0,23.14,96.73,0.67
2019-09-12 06:00:00,57.3,66.3,23.56,96.61,0.57
2019-09-12 07:00:00,206.73,266.75,24.44,92.97,1.07
2019-09-12 08:00:00,397.77,501.4,26.0,86.99,1.31
2019-09-12 09:00:00,559.5,708.6,28.12,76.08,2.21
2019-09-12 10:00:00,704.2,859.05,29.5,68.34,3.13
2019-09-12 11:00:00,745.47,940.28,30.11,64.62,3.54
2019-09-12 12:00:00,712.03,973.38,30.34,63.89,3.66
2019-09-12 13:00:00,686.53,890.1,30.46,63.82,3.57
2019-09-12 14:00:00,513.62,735.5,30.06,66.25,3.18
2019-09-12 15:00:00,252.73,526.95,29.58,70.01,2.69
2019-09-12 16:00:00,134.98,287.9,28.91,75.57,2.01
2019-09-12 17:00:00,34.1,66.57,27.81,84.21,1.14
2019-09-12 18:00:00,0.0,0.0,26.67,91.32,0.73
2019-09-12 19:00:00,0.0,0.0,26.31,92.39,0.89
2019-09-12 20:00:00,0.0,0.0,25.98,93.36,1.14
2019-09-12 21:00:00,0.0,0.0,25.59,94.45,1.32
2019-09-12 22:00:00,0.0,0.0,25.15,95.62,1.37
2019-09-12 23:00:00,0.0,0.0,24.67,96.52,1.39
2019-09-13 00:00:00,0.0,0.0,24.3,96.98,1.39
2019-09-13 01:00:00,0.0,0.0,23.99,97.35,1.4
2019-09-13 02:00:00,0.0,0.0,23.71,97.58,1.38
2019-09-13 03:00:00,0.0,0.0,23.48,97.76,1.36
2019-09-13 04:00:00,0.0,0.0,23.32,97.81,1.37
2019-09-13 05:00:00,0.0,0.0,23.15,98.0,1.34
2019-09-13 06:00:00,53.1,76.3,23.77,95.85,1.99
2019-09-13 07:00:00,164.48,297.05,25.33,90.67,2.42
2019-09-13 08:00:00,315.98,537.4,27.2,81.88,2.53
2019-09-13 09:00:00,438.33,743.9,28.73,74.66,2.41
2019-09-13 10:00:00,530.2,892.42,29.73,70.82,2.33
2019-09-13 11:00:00,724.05,966.2,30.57,68.0,2.32
2019-09-13 12:00:00,860.35,955.85,31.19,65.78,2.34
2019-09-13 13:00:00,732.03,876.55,31.54,64.33,2.38
2019-09-13 14:00:00,610.65,725.92,31.56,63.89,2.36
2019-09-13 15:00:00,511.38,517.12,31.07,66.17,2.14
2019-09-13 16:00:00,269.23,280.58,30.27,71.12,1.71
2019-09-13 17:00:00,61.65,63.33,29.07,78.72,1.24
2019-09-13 18:00:00,0.0,0.0,27.34,89.47,0.71
2019-09-13 19:00:00,0.0,0.0,26.7,90.82,0.75
2019-09-13 20:00:00,0.0,0.0,26.16,92.08,0.77
2019-09-13 21:00:00,0.0,0.0,25.74,93.17,0.76
2019-09-13 22:00:00,0.0,0.0,25.44,93.94,0.76
2019-09-13 23:00:00,0.0,0.0,25.15,94.73,0.8
2019-09-14 00:00:00,0.0,0.0,24.85,95.4,0.83
2019-09-14 01:00:00,0.0,0.0,24.59,95.93,0.84
2019-09-14 02:00:00,0.0,0.0,24.33,96.53,0.84
2019-09-14 03:00:00,0.0,0.0,24.08,97.03,0.87
2019-09-14 04:00:00,0.0,0.0,23.87,97.42,0.96
2019-09-14 05:00:00,0.0,0.0,23.68,97.7,1.07
2019-09-14 06:00:00,61.67,74.18,23.93,96.83,1.6
2019-09-14 07:00:00,232.8,295.38,24.67,94.71,1.73
2019-09-14 08:00:00,419.92,535.72,25.98,89.24,1.4
2019-09-14 09:00:00,566.88,740.6,27.23,82.94,1.26
2019-09-14 10:00:00,664.38,886.6,28.22,78.29,0.73
2019-09-14 11:00:00,709.9,959.08,28.78,75.37,0.32
2019-09-14 12:00:00,774.85,939.3,29.08,73.87,0.3
2019-09-14 13:00:00,748.67,865.97,29.22,73.08,0.25
2019-09-14 14:00:00,569.62,716.8,29.22,73.03,0.23
2019-09-14 15:00:00,344.05,508.88,29.0,75.06,0.28
2019-09-14 16:00:00,183.73,268.8,28.61,77.86,0.39
2019-09-14 17:00:00,50.53,58.5,28.05,80.43,0.42
2019-09-14 18:00:00,0.0,0.0,27.18,82.05,0.44
2019-09-14 19:00:00,0.0,0.0,26.64,84.08,0.52
2019-09-14 20:00:00,0.0,0.0,26.18,85.86,0.57
2019-09-14 21:00:00,0.0,0.0,25.83,86.91,0.63
2019-09-14 22:00:00,0.0,0.0,25.58,87.59,0.61
2019-09-14 23:00:00,0.0,0.0,25.49,87.31,0.46
2019-09-15 00:00:00,0.0,0.0,25.55,86.03,0.32
2019-09-15 01:00:00,0.0,0.0,25.04,88.56,0.43
2019-09-15 02:00:00,0.0,0.0,24.61,90.62,0.59
2019-09-15 03:00:00,0.0,0.0,24.3,91.94,0.64
2019-09-15 04:00:00,0.0,0.0,24.11,92.49,0.63
2019-09-15 05:00:00,0.0,0.0,23.99,92.68,0.56
2019-09-15 06:00:00,28.33,68.43,24.26,94.02,0.48
2019-09-15 07:00:00,147.15,282.85,25.14,91.46,0.92
2019-09-15 08:00:00,298.6,525.28,26.26,88.07,1.02
2019-09-15 09:00:00,444.42,734.33,28.32,75.76,1.22
2019-09-15 10:00:00,514.17,887.97,29.36,68.95,1.61
2019-09-15 11:00:00,573.42,963.17,30.02,65.56,1.77
2019-09-15 12:00:00,612.97,926.5,30.55,63.28,1.76
2019-09-15 13:00:00,520.62,843.95,30.89,62.15,1.63
2019-09-15 14:00:00,421.83,690.53,30.94,62.26,1.47
2019-09-15 15:00:00,298.45,482.52,30.67,63.49,1.29
2019-09-15 16:00:00,153.55,249.77,30.06,67.44,1.02
2019-09-15 17:00:00,39.92,51.35,29.21,73.54,0.77
2019-09-15 18:00:00,0.0,0.0,27.79,79.0,0.56
2019-09-15 19:00:00,0.0,0.0,27.4,79.21,0.6
2019-09-15 20:00:00,0.0,0.0,26.96,80.53,0.61
2019-09-15 21:00:00,0.0,0.0,26.58,81.35,0.57
2019-09-15 22:00:00,0.0,0.0,26.46,80.25,0.51
2019-09-15 23:00:00,0.0,0.0,26.18,80.73,0.38
2019-09-16 00:00:00,0.0,0.0,25.71,83.15,0.25
2019-09-16 01:00:00,0.0,0.0,25.26,85.31,0.19
2019-09-16 02:00:00,0.0,0.0,24.98,86.42,0.24
2019-09-16 03:00:00,0.0,0.0,24.71,87.68,0.24
2019-09-16 04:00:00,0.0,0.0,24.41,90.6,0.33
2019-09-16 05:00:00,0.0,0.0,24.15,90.93,0.4
2019-09-16 06:00:00,64.1,68.43,24.35,91.95,0.39
2019-09-16 07:00:00,245.07,278.0,26.24,84.24,0.38
2019-09-16 08:00:00,449.45,515.67,27.83,76.25,0.56
2019-09-16 09:00:00,557.83,723.9,28.38,72.91,0.9
2019-09-16 10:00:00,635.67,873.12,28.83,72.07,1.04
2019-09-16 11:00:00,685.67,948.03,29.36,70.58,1.0
2019-09-16 12:00:00,775.78,944.92,29.76,69.17,0.88
2019-09-16 13:00:00,681.03,859.38,30.15,67.7,0.81
2019-09-16 14:00:00,511.83,704.25,30.19,67.07,0.75
2019-09-16 15:00:00,376.77,493.55,29.94,67.93,0.67
2019-09-16 16:00:00,199.3,256.6,29.47,71.84,0.6
2019-09-16 17:00:00,49.65,52.7,28.63,76.19,0.5
2019-09-16 18:00:00,0.0,0.0,27.61,82.53,0.44
2019-09-16 19:00:00,0.0,0.0,26.99,83.31,0.49
2019-09-16 20:00:00,0.0,0.0,26.44,85.51,0.55
2019-09-16 21:00:00,0.0,0.0,25.98,87.41,0.56
2019-09-16 22:00:00,0.0,0.0,25.56,89.0,0.55
2019-09-16 23:00:00,0.0,0.0,25.2,90.11,0.53
2019-09-17 00:00:00,0.0,0.0,24.88,91.33,0.53
2019-09-17 01:00:00,0.0,0.0,24.57,92.36,0.53
2019-09-17 02:00:00,0.0,0.0,24.25,93.45,0.54
2019-09-17 03:00:00,0.0,0.0,23.98,94.3,0.55
2019-09-17 04:00:00,0.0,0.0,23.76,94.74,0.55
2019-09-17 05:00:00,0.0,0.0,23.56,95.08,0.55
2019-09-17 06:00:00,41.85,67.57,23.97,95.38,0.59
2019-09-17 07:00:00,142.6,276.52,25.6,89.59,1.02
2019-09-17 08:00:00,268.0,509.08,27.34,80.86,1.3
2019-09-17 09:00:00,232.98,711.12,28.49,75.09,1.19
2019-09-17 10:00:00,73.82,857.0,29.17,71.93,0.92
2019-09-17 11:00:00,162.55,930.7,29.61,69.81,0.72
2019-09-17 12:00:00,159.93,926.53,29.92,68.3,0.65
2019-09-17 13:00:00,187.18,843.17,30.07,67.26,0.65
2019-09-17 14:00:00,195.95,688.58,30.05,66.79,0.65
2019-09-17 15:00:00,227.4,483.08,29.88,67.18,0.61
2019-09-17 16:00:00,137.5,248.7,29.6,70.22,0.48
2019-09-17 17:00:00,41.22,51.95,28.98,70.7,0.45
2019-09-17 18:00:00,0.0,0.0,28.16,76.8,0.27
2019-09-17 19:00:00,0.0,0.0,27.88,76.86,0.18
2019-09-17 20:00:00,0.0,0.0,27.48,77.36,0.29
2019-09-17 21:00:00,0.0,0.0,26.76,78.73,0.46
2019-09-17 22:00:00,0.0,0.0,25.97,83.51,0.64
2019-09-17 23:00:00,0.0,0.0,25.07,89.23,0.7
2019-09-18 00:00:00,0.0,0.0,24.53,91.6,0.72
2019-09-18 01:00:00,0.0,0.0,24.22,92.57,0.7
2019-09-18 02:00:00,0.0,0.0,23.97,93.17,0.67
2019-09-18 03:00:00,0.0,0.0,23.71,94.05,0.66
2019-09-18 04:00:00,0.0,0.0,23.44,95.07,0.66
2019-09-18 05:00:00,0.0,0.0,23.19,95.88,0.68
2019-09-18 06:00:00,54.53,78.4,23.86,94.86,1.0
2019-09-18 07:00:00,189.23,302.75,25.16,90.95,1.62
2019-09-18 08:00:00,351.85,541.72,27.35,82.17,1.77
2019-09-18 09:00:00,603.97,747.58,28.64,76.34,1.87
2019-09-18 10:00:00,817.15,892.22,28.94,74.03,1.95
2019-09-18 11:00:00,866.92,963.65,28.98,72.81,2.08
2019-09-18 12:00:00,782.17,933.17,28.89,72.04,2.08
2019-09-18 13:00:00,726.17,850.47,28.84,71.34,1.92
2019-09-18 14:00:00,648.25,701.28,28.71,70.91,1.73
2019-09-18 15:00:00,446.88,492.52,28.37,72.87,1.56
2019-09-18 16:00:00,235.6,256.83,27.74,76.03,1.48
2019-09-18 17:00:00,49.62,51.85,26.5,84.75,1.02
2019-09-18 18:00:00,0.0,0.0,25.27,88.34,0.88
2019-09-18 19:00:00,0.0,0.0,24.92,89.02,0.88
2019-09-18 20:00:00,0.0,0.0,24.68,89.92,0.86
2019-09-18 21:00:00,0.0,0.0,24.45,90.96,0.86
2019-09-18 22:00:00,0.0,0.0,24.26,91.51,0.98
2019-09-18 23:00:00,0.0,0.0,24.08,91.59,1.25
2019-09-19 00:00:00,0.0,0.0,23.89,91.37,1.69
2019-09-19 01:00:00,0.0,0.0,23.71,91.39,2.12
2019-09-19 02:00:00,0.0,0.0,23.52,91.86,2.27
2019-09-19 03:00:00,0.0,0.0,23.33,92.56,2.12
2019-09-19 04:00:00,0.0,0.0,23.13,93.6,1.87
2019-09-19 05:00:00,0.0,0.0,22.98,94.48,1.7
2019-09-19 06:00:00,22.12,62.67,23.16,93.82,2.01
2019-09-19 07:00:00,99.97,253.98,24.14,90.32,2.3
2019-09-19 08:00:00,200.62,489.15,26.04,82.24,2.12
2019-09-19 09:00:00,349.23,695.0,27.62,76.57,1.88
2019-09-19 10:00:00,557.47,849.05,28.67,73.4,1.23
2019-09-19 11:00:00,706.22,928.12,29.14,71.77,0.89
2019-09-19 12:00:00,803.25,904.2,29.22,71.64,1.54
2019-09-19 13:00:00,694.17,823.45,28.88,73.75,1.85
2019-09-19 14:00:00,619.58,670.9,28.26,77.43,1.88
2019-09-19 15:00:00,425.98,465.3,27.53,82.69,1.6
2019-09-19 16:00:00,216.23,236.8,26.88,86.83,1.32
2019-09-19 17:00:00,46.0,46.92,26.02,92.12,0.89
2019-09-19 18:00:00,0.0,0.0,25.16,95.15,0.64
2019-09-19 19:00:00,0.0,0.0,24.87,95.68,0.65
2019-09-19 20:00:00,0.0,0.0,24.64,96.17,0.71
2019-09-19 21:00:00,0.0,0.0,24.45,96.56,0.78
2019-09-19 22:00:00,0.0,0.0,24.26,96.95,0.81
2019-09-19 23:00:00,0.0,0.0,24.07,97.31,0.84
2019-09-20 00:00:00,0.0,0.0,23.88,97.68,0.94
2019-09-20 01:00:00,0.0,0.0,23.76,97.69,1.16
2019-09-20 02:00:00,0.0,0.0,23.68,97.6,1.41
2019-09-20 03:00:00,0.0,0.0,23.59,97.42,1.57
2019-09-20 04:00:00,0.0,0.0,23.47,97.46,1.64
2019-09-20 05:00:00,0.0,0.0,23.3,97.7,1.6
2019-09-20 06:00:00,50.4,73.0,23.56,96.87,1.92
2019-09-20 07:00:00,198.02,292.48,24.45,94.88,2.43
2019-09-20 08:00:00,388.98,529.22,25.99,88.99,2.96
2019-09-20 09:00:00,555.92,728.4,27.64,79.84,3.35
2019-09-20 10:00:00,635.62,875.95,29.06,72.64,3.38
2019-09-20 11:00:00,705.3,948.17,30.02,68.54,3.31
2019-09-20 12:00:00,739.95,958.03,30.49,66.56,3.21
2019-09-20 13:00:00,649.0,872.17,30.61,65.81,3.08
2019-09-20 14:00:00,520.45,716.35,30.4,66.43,2.89
2019-09-20 15:00:00,411.7,504.12,29.92,68.72,2.57
2019-09-20 16:00:00,209.77,264.55,28.99,75.19,1.89
2019-09-20 17:00:00,45.1,52.12,27.56,84.41,1.27
2019-09-20 18:00:00,0.0,0.0,26.09,90.19,0.96
2019-09-20 19:00:00,0.0,0.0,25.65,91.63,0.94
2019-09-20 20:00:00,0.0,0.0,25.33,92.71,0.89
2019-09-20 21:00:00,0.0,0.0,25.06,93.61,0.8
2019-09-20 22:00:00,0.0,0.0,24.84,94.19,0.71
2019-09-20 23:00:00,0.0,0.0,24.58,94.75,0.65
2019-09-21 00:00:00,0.0,0.0,24.29,95.45,0.62
2019-09-21 01:00:00,0.0,0.0,24.0,96.17,0.61
2019-09-21 02:00:00,0.0,0.0,23.76,96.61,0.58
2019-09-21 03:00:00,0.0,0.0,23.57,96.89,0.54
2019-09-21 04:00:00,0.0,0.0,23.34,97.54,0.55
2019-09-21 05:00:00,0.0,0.0,23.17,97.78,0.57
2019-09-21 06:00:00,63.28,76.1,23.63,97.51,0.69
2019-09-21 07:00:00,230.07,294.0,24.57,94.8,1.38
2019-09-21 08:00:00,425.35,531.75,25.62,91.32,1.58
2019-09-21 09:00:00,572.33,736.0,26.77,86.17,1.8
2019-09-21 10:00:00,632.08,881.65,27.89,80.47,1.79
2019-09-21 11:00:00,784.4,950.38,28.57,76.82,1.78
2019-09-21 12:00:00,691.05,855.05,28.95,74.89,1.82
2019-09-21 13:00:00,703.25,773.83,29.18,73.96,1.76
2019-09-21 14:00:00,590.9,626.2,29.16,74.13,1.67
2019-09-21 15:00:00,386.52,428.88,28.88,75.81,1.43
2019-09-21 16:00:00,205.73,221.82,28.45,80.31,0.99
2019-09-21 17:00:00,36.83,41.4,27.59,85.56,0.71
2019-09-21 18:00:00,0.0,0.0,26.65,87.38,0.59
2019-09-21 19:00:00,0.0,0.0,26.25,87.92,0.62
2019-09-21 20:00:00,0.0,0.0,25.95,88.43,0.6
2019-09-21 21:00:00,0.0,0.0,25.67,89.29,0.6
2019-09-21 22:00:00,0.0,0.0,25.41,89.91,0.59
2019-09-21 23:00:00,0.0,0.0,25.02,91.53,0.62
2019-09-22 00:00:00,0.0,0.0,24.61,93.32,0.63
2019-09-22 01:00:00,0.0,0.0,24.26,94.6,0.64
2019-09-22 02:00:00,0.0,0.0,24.01,95.36,0.63
2019-09-22 03:00:00,0.0,0.0,23.79,95.88,0.62
2019-09-22 04:00:00,0.0,0.0,23.63,96.25,0.61
2019-09-22 05:00:00,0.0,0.0,23.41,97.04,0.61
2019-09-22 06:00:00,47.47,72.05,23.87,96.81,0.77
2019-09-22 07:00:00,158.68,291.88,24.91,93.49,1.55
2019-09-22 08:00:00,45.55,529.62,26.7,86.39,1.64
2019-09-22 09:00:00,60.88,740.28,28.37,78.28,1.53
2019-09-22 10:00:00,171.18,884.8,29.49,73.3,1.26
2019-09-22 11:00:00,331.12,957.8,30.07,70.77,1.05
2019-09-22 12:00:00,555.9,950.53,30.41,69.14,1.0
2019-09-22 13:00:00,528.85,864.22,30.28,68.78,1.11
2019-09-22 14:00:00,508.9,706.97,29.97,69.73,1.26
2019-09-22 15:00:00,399.27,490.75,29.53,72.6,1.16
2019-09-22 16:00:00,214.4,250.35,29.09,75.94,0.98
2019-09-22 17:00:00,45.65,46.4,27.96,84.1,0.68
2019-09-22 18:00:00,0.0,0.0,26.78,88.43,0.61
2019-09-22 19:00:00,0.0,0.0,26.29,89.66,0.63
2019-09-22 20:00:00,0.0,0.0,25.91,90.63,0.64
2019-09-22 21:00:00,0.0,0.0,25.63,91.14,0.64
2019-09-22 22:00:00,0.0,0.0,25.43,91.09,0.64
2019-09-22 23:00:00,0.0,0.0,25.23,91.13,0.64
2019-09-23 00:00:00,0.0,0.0,25.1,90.91,0.63
2019-09-23 01:00:00,0.0,0.0,25.03,90.31,0.6
2019-09-23 02:00:00,0.0,0.0,25.05,89.2,0.53
2019-09-23 03:00:00,0.0,0.0,25.15,87.65,0.44
2019-09-23 04:00:00,0.0,0.0,25.22,86.53,0.29
2019-09-23 05:00:00,0.0,0.0,25.28,85.63,0.22
2019-09-23 06:00:00,40.22,65.43,25.3,87.06,0.21
2019-09-23 07:00:00,156.82,268.6,25.79,89.68,0.42
2019-09-23 08:00:00,265.77,505.35,26.32,86.92,0.94
2019-09-23 09:00:00,527.85,706.3,28.08,79.39,0.91
2019-09-23 10:00:00,751.65,857.78,29.98,68.9,0.29
2019-09-23 11:00:00,889.1,926.75,30.93,63.44,0.82
2019-09-23 12:00:00,787.9,945.45,31.32,61.91,1.31
2019-09-23 13:00:00,459.45,861.92,31.33,62.12,1.39
2019-09-23 14:00:00,321.58,700.0,30.96,63.56,1.19
2019-09-23 15:00:00,243.0,482.98,30.66,65.65,0.8
2019-09-23 16:00:00,129.65,236.88,30.2,66.47,0.76
2019-09-23 17:00:00,36.8,42.65,29.05,74.5,0.62
2019-09-23 18:00:00,0.0,0.0,28.5,71.69,0.42
2019-09-23 19:00:00,0.0,0.0,28.49,68.51,0.25
2019-09-23 20:00:00,0.0,0.0,28.15,70.21,0.22
2019-09-23 21:00:00,0.0,0.0,27.52,73.07,0.43
2019-09-23 22:00:00,0.0,0.0,26.74,76.27,0.61
2019-09-23 23:00:00,0.0,0.0,25.87,81.71,0.73
2019-09-24 00:00:00,0.0,0.0,25.14,86.6,0.72
2019-09-24 01:00:00,0.0,0.0,24.65,89.22,0.69
2019-09-24 02:00:00,0.0,0.0,24.33,90.52,0.65
2019-09-24 03:00:00,0.0,0.0,24.05,91.44,0.61
2019-09-24 04:00:00,0.0,0.0,23.79,91.97,0.57
2019-09-24 05:00:00,0.0,0.0,23.63,91.63,0.53
2019-09-24 06:00:00,19.98,67.4,23.94,91.24,0.5
2019-09-24 07:00:00,68.57,273.52,24.9,87.29,0.55
2019-09-24 08:00:00,114.62,506.23,26.96,77.0,0.11
2019-09-24 09:00:00,204.43,711.9,29.17,66.98,0.74
2019-09-24 10:00:00,488.92,855.97,30.28,63.05,1.38
2019-09-24 11:00:00,562.65,924.67,31.14,59.9,1.85
2019-09-24 12:00:00,652.42,932.05,31.96,56.32,2.3
2019-09-24 13:00:00,547.8,831.78,32.29,53.97,2.59
2019-09-24 14:00:00,425.62,665.33,32.28,53.22,2.74
2019-09-24 15:00:00,233.73,456.15,31.84,55.01,2.58
2019-09-24 16:00:00,120.35,221.93,30.93,61.08,2.02
2019-09-24 17:00:00,27.55,37.6,28.73,74.4,1.4
2019-09-24 18:00:00,0.0,0.0,26.54,82.49,1.02
2019-09-24 19:00:00,0.0,0.0,25.95,84.82,0.98
2019-09-24 20:00:00,0.0,0.0,25.48,86.8,0.94
2019-09-24 21:00:00,0.0,0.0,25.08,88.63,0.91
2019-09-24 22:00:00,0.0,0.0,24.83,90.26,0.86
2019-09-24 23:00:00,0.0,0.0,24.61,91.93,0.8
2019-09-25 00:00:00,0.0,0.0,24.34,93.32,0.74
2019-09-25 01:00:00,0.0,0.0,24.04,94.39,0.67
2019-09-25 02:00:00,0.0,0.0,23.78,95.1,0.61
2019-09-25 03:00:00,0.0,0.0,23.53,95.68,0.59
2019-09-25 04:00:00,0.0,0.0,23.33,96.2,0.59
2019-09-25 05:00:00,0.0,0.0,23.16,96.79,0.58
2019-09-25 06:00:00,54.22,66.05,23.7,96.14,0.89
2019-09-25 07:00:00,205.82,270.95,24.8,93.15,1.41
2019-09-25 08:00:00,334.1,496.1,26.86,84.12,1.8
2019-09-25 09:00:00,588.58,704.03,28.78,74.15,1.91
2019-09-25 10:00:00,837.03,853.62,30.07,67.9,1.66
2019-09-25 11:00:00,907.78,921.0,30.74,65.22,1.48
2019-09-25 12:00:00,828.55,837.12,30.95,64.42,1.42
2019-09-25 13:00:00,706.53,741.6,30.92,64.59,1.46
2019-09-25 14:00:00,564.3,577.35,30.76,65.5,1.54
2019-09-25 15:00:00,360.38,371.23,30.35,67.66,1.53
2019-09-25 16:00:00,175.12,176.93,29.75,73.29,1.2
2019-09-25 17:00:00,30.48,30.55,28.33,81.99,0.91
2019-09-25 18:00:00,0.0,0.0,26.77,88.41,0.73
2019-09-25 19:00:00,0.0,0.0,26.27,89.66,0.74
2019-09-25 20:00:00,0.0,0.0,25.88,90.68,0.74
2019-09-25 21:00:00,0.0,0.0,25.59,91.49,0.7
2019-09-25 22:00:00,0.0,0.0,25.33,92.0,0.67
2019-09-25 23:00:00,0.0,0.0,25.04,92.64,0.68
2019-09-26 00:00:00,0.0,0.0,24.74,93.45,0.69
2019-09-26 01:00:00,0.0,0.0,24.47,94.27,0.71
2019-09-26 02:00:00,0.0,0.0,24.24,94.94,0.73
2019-09-26 03:00:00,0.0,0.0,24.08,95.33,0.73
2019-09-26 04:00:00,0.0,0.0,23.93,95.73,0.72
2019-09-26 05:00:00,0.0,0.0,23.74,96.19,0.71
2019-09-26 06:00:00,53.92,53.95,24.14,95.98,0.8
2019-09-26 07:00:00,223.55,226.18,25.21,92.09,1.62
2019-09-26 08:00:00,422.77,434.12,26.51,87.83,1.78
2019-09-26 09:00:00,587.22,649.6,28.23,79.22,2.11
2019-09-26 10:00:00,698.25,790.2,29.19,74.49,2.12
2019-09-26 11:00:00,768.0,865.22,29.62,73.02,1.93
2019-09-26 12:00:00,725.92,808.67,29.84,72.3,1.8
2019-09-26 13:00:00,638.03,705.97,29.9,72.3,1.76
2019-09-26 14:00:00,515.95,547.25,29.7,73.37,1.75
2019-09-26 15:00:00,357.0,369.0,29.27,75.75,1.64
2019-09-26 16:00:00,172.25,175.27,28.64,80.61,1.35
2019-09-26 17:00:00,30.65,30.67,27.47,87.83,0.97
2019-09-26 18:00:00,0.0,0.0,26.09,92.41,0.83
2019-09-26 19:00:00,0.0,0.0,25.64,93.46,0.92
2019-09-26 20:00:00,0.0,0.0,25.26,94.39,0.94
2019-09-26 21:00:00,0.0,0.0,24.91,95.23,0.91
2019-09-26 22:00:00,0.0,0.0,24.63,95.63,0.87
2019-09-26 23:00:00,0.0,0.0,24.41,95.88,0.85
2019-09-27 00:00:00,0.0,0.0,24.22,96.09,0.88
2019-09-27 01:00:00,0.0,0.0,24.05,96.37,0.92
2019-09-27 02:00:00,0.0,0.0,23.87,96.8,0.93
2019-09-27 03:00:00,0.0,0.0,23.68,97.21,0.9
2019-09-27 04:00:00,0.0,0.0,23.51,97.63,0.89
2019-09-27 05:00:00,0.0,0.0,23.39,97.84,0.9
2019-09-27 06:00:00,43.62,52.6,23.67,97.1,1.23
2019-09-27 07:00:00,166.3,208.55,24.4,94.55,1.94
2019-09-27 08:00:00,293.77,387.83,25.3,92.39,1.85
2019-09-27 09:00:00,422.8,621.25,26.72,85.92,2.24
2019-09-27 10:00:00,548.5,767.55,27.68,80.18,2.37
2019-09-27 11:00:00,493.1,832.03,28.35,76.22,2.4
2019-09-27 12:00:00,499.83,795.67,28.56,75.0,2.25
2019-09-27 13:00:00,573.33,692.05,28.5,75.76,2.09
2019-09-27 14:00:00,403.33,531.38,28.38,77.15,2.02
2019-09-27 15:00:00,273.05,340.73,28.09,80.36,1.82
2019-09-27 16:00:00,124.78,157.02,27.62,84.19,1.61
2019-09-27 17:00:00,22.83,26.92,26.59,91.07,1.13
2019-09-27 18:00:00,0.0,0.0,25.7,93.7,1.07
2019-09-27 19:00:00,0.0,0.0,25.46,94.64,1.07
2019-09-27 20:00:00,0.0,0.0,25.26,95.42,0.85
2019-09-27 21:00:00,0.0,0.0,25.2,95.76,0.67
2019-09-27 22:00:00,0.0,0.0,25.02,96.46,0.64
2019-09-27 23:00:00,0.0,0.0,24.85,96.85,0.67
2019-09-28 00:00:00,0.0,0.0,24.74,96.86,0.55
2019-09-28 01:00:00,0.0,0.0,24.44,97.76,0.06
2019-09-28 02:00:00,0.0,0.0,24.42,97.03,0.91
2019-09-28 03:00:00,0.0,0.0,24.13,97.4,1.39
2019-09-28 04:00:00,0.0,0.0,23.98,96.84,1.83
2019-09-28 05:00:00,0.0,0.0,23.64,96.69,1.52
2019-09-28 06:00:00,26.9,51.75,23.51,96.2,1.81
2019-09-28 07:00:00,107.28,210.52,23.84,95.15,2.41
2019-09-28 08:00:00,194.25,428.02,24.57,92.73,2.57
2019-09-28 09:00:00,451.12,641.2,25.91,85.57,2.81
2019-09-28 10:00:00,651.78,799.95,27.5,77.07,2.8
2019-09-28 11:00:00,783.17,890.4,28.7,71.23,2.63
2019-09-28 12:00:00,806.15,927.92,29.35,68.31,2.51
2019-09-28 13:00:00,711.03,841.47,29.7,67.31,2.51
2019-09-28 14:00:00,542.62,683.9,29.69,67.62,2.5
2019-09-28 15:00:00,355.33,470.83,29.3,69.53,2.37
2019-09-28 16:00:00,165.98,230.18,28.55,74.5,1.85
2019-09-28 17:00:00,30.45,37.28,27.18,83.93,1.19
2019-09-28 18:00:00,0.0,0.0,25.7,90.02,0.88
2019-09-28 19:00:00,0.0,0.0,25.24,91.46,0.91
2019-09-28 20:00:00,0.0,0.0,24.82,92.85,0.89
2019-09-28 21:00:00,0.0,0.0,24.35,94.21,0.85
2019-09-28 22:00:00,0.0,0.0,23.91,95.29,0.84
2019-09-28 23:00:00,0.0,0.0,23.57,96.07,0.84
2019-09-29 00:00:00,0.0,0.0,23.21,97.09,0.84
2019-09-29 01:00:00,0.0,0.0,22.88,98.26,0.85
2019-09-29 02:00:00,0.0,0.0,22.53,99.71,0.86
2019-09-29 03:00:00,0.0,0.0,22.25,100.0,0.88
2019-09-29 04:00:00,0.0,0.0,22.01,100.0,0.89
2019-09-29 05:00:00,0.0,0.0,21.81,100.0,0.92
2019-09-29 06:00:00,67.93,70.22,22.68,97.47,1.44
2019-09-29 07:00:00,275.3,284.17,24.57,90.47,2.21
2019-09-29 08:00:00,496.12,521.92,26.82,81.07,2.25
2019-09-29 09:00:00,719.42,730.28,28.53,73.49,2.09
2019-09-29 10:00:00,835.55,880.97,29.73,68.61,1.92
2019-09-29 11:00:00,917.5,952.92,30.61,65.0,1.79
2019-09-29 12:00:00,915.8,918.95,31.16,62.51,1.61
2019-09-29 13:00:00,698.0,826.03,31.43,61.16,1.39
2019-09-29 14:00:00,601.3,661.45,31.38,60.85,1.21
2019-09-29 15:00:00,419.27,446.88,30.94,62.06,1.11
2019-09-29 16:00:00,215.23,220.07,30.41,66.2,0.89
2019-09-29 17:00:00,33.85,34.58,29.31,71.79,0.81
2019-09-29 18:00:00,0.0,0.0,27.48,79.76,0.74
2019-09-29 19:00:00,0.0,0.0,26.53,83.74,0.79
2019-09-29 20:00:00,0.0,0.0,25.8,86.42,0.8
2019-09-29 21:00:00,0.0,0.0,25.23,88.18,0.83
2019-09-29 22:00:00,0.0,0.0,24.77,89.49,0.85
2019-09-29 23:00:00,0.0,0.0,24.41,90.58,0.88
2019-09-30 00:00:00,0.0,0.0,24.12,91.42,0.95
2019-09-30 01:00:00,0.0,0.0,23.89,92.03,1.05
2019-09-30 02:00:00,0.0,0.0,23.64,92.68,1.17
2019-09-30 03:00:00,0.0,0.0,23.43,93.31,1.32
2019-09-30 04:00:00,0.0,0.0,23.17,94.35,1.46
2019-09-30 05:00:00,0.0,0.0,22.91,95.55,1.54
2019-09-30 06:00:00,64.18,64.82,23.18,94.78,2.11
2019-09-30 07:00:00,261.3,266.92,24.64,90.2,2.36
2019-09-30 08:00:00,472.4,501.73,27.43,78.04,2.97
2019-09-30 09:00:00,606.85,709.25,29.49,69.27,3.36
2019-09-30 10:00:00,686.15,859.03,30.71,65.23,3.09
2019-09-30 11:00:00,660.8,933.9,31.57,62.56,2.49
2019-09-30 12:00:00,666.45,931.25,32.15,60.74,1.76
2019-09-30 13:00:00,460.83,837.35,32.36,60.07,1.06
2019-09-30 14:00:00,485.6,673.35,32.29,59.93,0.3
2019-09-30 15:00:00,330.73,449.02,31.95,60.86,0.47
2019-09-30 16:00:00,182.25,220.93,31.42,64.35,0.62
2019-09-30 17:00:00,32.15,34.47,29.95,75.31,0.59
2019-09-30 18:00:00,0.0,0.0,28.64,80.43,0.6
2019-09-30 19:00:00,0.0,0.0,27.65,85.29,0.64
2019-09-30 20:00:00,0.0,0.0,26.83,87.85,0.74
2019-09-30 21:00:00,0.0,0.0,26.23,88.38,0.97
2019-09-30 22:00:00,0.0,0.0,25.7,88.92,1.28
2019-09-30 23:00:00,0.0,0.0,25.25,90.18,1.58
2019-10-01 00:00:00,0.0,0.0,24.88,91.83,1.8
2019-10-01 01:00:00,0.0,0.0,24.56,93.7,1.87
2019-10-01 02:00:00,0.0,0.0,24.3,95.35,1.81
2019-10-01 03:00:00,0.0,0.0,24.08,96.67,1.51
2019-10-01 04:00:00,0.0,0.0,23.95,97.35,1.21
2019-10-01 05:00:00,0.0,0.0,23.82,97.64,1.05
2019-10-01 06:00:00,42.5,72.53,24.08,96.88,1.25
2019-10-01 07:00:00,158.73,284.05,24.66,94.85,1.76
2019-10-01 08:00:00,307.23,516.03,25.23,92.94,1.92
2019-10-01 09:00:00,524.33,716.38,25.73,90.35,2.42
2019-10-01 10:00:00,764.28,853.03,26.29,86.33,2.92
2019-10-01 11:00:00,879.12,923.7,26.86,82.39,3.22
2019-10-01 12:00:00,879.88,909.0,27.28,79.79,3.38
2019-10-01 13:00:00,769.55,815.78,27.38,79.2,3.38
2019-10-01 14:00:00,605.47,651.38,27.17,80.62,3.35
2019-10-01 15:00:00,372.92,441.77,26.7,84.08,3.14
2019-10-01 16:00:00,182.48,217.48,26.04,89.11,2.73
2019-10-01 17:00:00,28.27,33.3,25.28,92.86,2.44
2019-10-01 18:00:00,0.0,0.0,24.7,93.97,2.38
2019-10-01 19:00:00,0.0,0.0,24.35,93.84,2.34
2019-10-01 20:00:00,0.0,0.0,24.02,93.93,2.06
2019-10-01 21:00:00,0.0,0.0,23.68,94.68,1.64
2019-10-01 22:00:00,0.0,0.0,23.39,95.64,1.29
2019-10-01 23:00:00,0.0,0.0,23.1,96.42,1.16
2019-10-02 00:00:00,0.0,0.0,22.78,97.13,1.12
2019-10-02 01:00:00,0.0,0.0,22.47,97.85,0.98
2019-10-02 02:00:00,0.0,0.0,22.26,98.16,1.02
2019-10-02 03:00:00,0.0,0.0,22.17,98.2,1.19
2019-10-02 04:00:00,0.0,0.0,22.19,97.97,1.33
2019-10-02 05:00:00,0.0,0.0,22.24,97.81,1.43
2019-10-02 06:00:00,36.1,73.72,22.78,96.82,1.83
2019-10-02 07:00:00,124.72,287.12,24.12,93.89,2.37
2019-10-02 08:00:00,176.93,524.03,25.92,86.15,2.58
2019-10-02 09:00:00,389.73,723.97,27.6,76.2,2.51
2019-10-02 10:00:00,733.45,862.97,28.72,70.93,2.4
2019-10-02 11:00:00,798.3,926.12,29.43,68.21,2.25
2019-10-02 12:00:00,820.38,916.25,29.84,66.66,2.1
2019-10-02 13:00:00,670.53,820.53,29.98,65.93,1.9
2019-10-02 14:00:00,526.03,655.22,29.91,65.94,1.73
2019-10-02 15:00:00,279.98,439.4,29.62,67.04,1.52
2019-10-02 16:00:00,143.7,214.3,29.09,71.46,1.16
2019-10-02 17:00:00,22.55,31.92,28.03,78.74,0.87
2019-10-02 18:00:00,0.0,0.0,26.54,87.13,0.65
2019-10-02 19:00:00,0.0,0.0,25.95,88.59,0.7
2019-10-02 20:00:00,0.0,0.0,25.49,89.7,0.75
2019-10-02 21:00:00,0.0,0.0,25.07,90.73,0.79
2019-10-02 22:00:00,0.0,0.0,24.71,91.7,0.78
2019-10-02 23:00:00,0.0,0.0,24.38,92.64,0.74
2019-10-03 00:00:00,0.0,0.0,24.09,93.49,0.68
2019-10-03 01:00:00,0.0,0.0,23.84,94.34,0.65
2019-10-03 02:00:00,0.0,0.0,23.62,95.1,0.64
2019-10-03 03:00:00,0.0,0.0,23.43,96.0,0.67
2019-10-03 04:00:00,0.0,0.0,23.28,96.58,0.74
2019-10-03 05:00:00,0.0,0.0,23.16,96.99,0.85
2019-10-03 06:00:00,49.55,67.2,23.52,96.15,1.32
2019-10-03 07:00:00,186.05,273.45,24.39,93.25,2.16
2019-10-03 08:00:00,334.52,510.02,25.77,88.03,2.62
2019-10-03 09:00:00,435.15,715.97,27.46,79.98,2.89
2019-10-03 10:00:00,456.85,861.97,28.81,74.29,2.47
2019-10-03 11:00:00,548.72,933.17,29.69,70.33,1.69
2019-10-03 12:00:00,630.53,939.88,30.28,66.91,0.83
2019-10-03 13:00:00,616.08,849.53,30.56,64.62,0.2
2019-10-03 14:00:00,516.05,690.03,30.57,63.55,0.66
2019-10-03 15:00:00,405.25,475.42,30.27,64.2,0.94
2019-10-03 16:00:00,203.1,235.52,29.66,68.81,0.94
2019-10-03 17:00:00,33.8,35.2,28.62,75.04,0.87
2019-10-03 18:00:00,0.0,0.0,27.02,83.65,0.67
2019-10-03 19:00:00,0.0,0.0,26.58,83.81,0.7
2019-10-03 20:00:00,0.0,0.0,26.31,83.25,0.69
2019-10-03 21:00:00,0.0,0.0,26.2,82.09,0.62
2019-10-03 22:00:00,0.0,0.0,26.14,80.74,0.52
2019-10-03 23:00:00,0.0,0.0,25.79,82.07,0.49
2019-10-04 00:00:00,0.0,0.0,25.31,84.49,0.55
2019-10-04 01:00:00,0.0,0.0,24.67,87.81,0.62
2019-10-04 02:00:00,0.0,0.0,24.0,91.45,0.64
2019-10-04 03:00:00,0.0,0.0,23.49,93.56,0.69
2019-10-04 04:00:00,0.0,0.0,23.15,94.51,0.82
2019-10-04 05:00:00,0.0,0.0,22.85,95.36,0.96
2019-10-04 06:00:00,73.8,79.65,23.28,93.83,1.59
2019-10-04 07:00:00,257.35,299.3,24.53,89.93,2.12
2019-10-04 08:00:00,467.23,539.65,27.06,79.24,2.05
2019-10-04 09:00:00,681.45,742.22,28.95,71.23,2.03
2019-10-04 10:00:00,807.47,886.08,29.79,68.58,1.75
2019-10-04 11:00:00,909.53,956.35,30.47,66.55,1.35
2019-10-04 12:00:00,923.88,940.92,30.9,64.77,0.92
2019-10-04 13:00:00,753.92,850.12,31.13,63.45,0.59
2019-10-04 14:00:00,595.97,688.25,30.9,63.27,0.71
2019-10-04 15:00:00,382.67,471.48,30.4,65.18,0.99
2019-10-04 16:00:00,184.98,228.07,29.87,70.16,0.94
2019-10-04 17:00:00,31.27,32.72,28.45,79.12,0.86
2019-10-04 18:00:00,0.0,0.0,27.03,85.12,0.7
2019-10-04 19:00:00,0.0,0.0,26.7,84.88,0.7
2019-10-04 20:00:00,0.0,0.0,26.46,84.55,0.72
2019-10-04 21:00:00,0.0,0.0,26.3,83.73,0.69
2019-10-04 22:00:00,0.0,0.0,26.05,84.04,0.65
2019-10-04 23:00:00,0.0,0.0,25.74,84.86,0.61
2019-10-05 00:00:00,0.0,0.0,25.42,86.11,0.53
2019-10-05 01:00:00,0.0,0.0,25.33,85.19,0.5
2019-10-05 02:00:00,0.0,0.0,25.07,86.21,0.48
2019-10-05 03:00:00,0.0,0.0,24.44,90.11,0.57
2019-10-05 04:00:00,0.0,0.0,23.82,93.6,0.7
2019-10-05 05:00:00,0.0,0.0,23.5,94.97,0.86
2019-10-05 06:00:00,32.62,67.55,23.65,94.81,1.17
2019-10-05 07:00:00,132.0,267.08,24.33,92.42,1.99
2019-10-05 08:00:00,244.52,498.25,24.85,90.69,2.27
2019-10-05 09:00:00,391.9,699.85,25.6,85.2,2.73
2019-10-05 10:00:00,498.77,840.85,26.29,80.99,3.05
2019-10-05 11:00:00,552.4,909.75,26.87,78.43,3.09
2019-10-05 12:00:00,726.97,901.22,27.23,76.66,2.87
2019-10-05 13:00:00,583.72,805.08,27.45,75.62,2.51
2019-10-05 14:00:00,494.3,643.97,27.39,76.18,2.05
2019-10-05 15:00:00,307.7,432.77,27.08,78.46,1.58
2019-10-05 16:00:00,152.73,209.9,26.48,83.98,0.94
2019-10-05 17:00:00,20.4,29.58,25.64,88.71,0.71
2019-10-05 18:00:00,0.0,0.0,24.93,95.11,0.29
2019-10-05 19:00:00,0.0,0.0,24.65,96.08,0.11
2019-10-05 20:00:00,0.0,0.0,24.4,96.59,0.23
2019-10-05 21:00:00,0.0,0.0,24.14,96.6,0.77
2019-10-05 22:00:00,0.0,0.0,23.93,96.16,1.52
2019-10-05 23:00:00,0.0,0.0,23.73,96.09,2.16
2019-10-06 00:00:00,0.0,0.0,23.53,95.92,2.49
2019-10-06 01:00:00,0.0,0.0,23.27,96.13,2.35
2019-10-06 02:00:00,0.0,0.0,22.94,96.74,2.08
2019-10-06 03:00:00,0.0,0.0,22.72,97.17,1.86
2019-10-06 04:00:00,0.0,0.0,22.49,97.75,1.51
2019-10-06 05:00:00,0.0,0.0,22.34,98.07,1.34
2019-10-06 06:00:00,45.5,77.28,22.87,96.96,1.87
2019-10-06 07:00:00,161.73,299.05,24.23,94.11,2.73
2019-10-06 08:00:00,292.52,540.05,25.71,88.72,3.46
2019-10-06 09:00:00,439.08,742.33,27.12,81.4,3.66
2019-10-06 10:00:00,694.67,882.8,28.21,76.04,3.64
2019-10-06 11:00:00,738.75,948.0,28.73,73.52,3.61
2019-10-06 12:00:00,703.85,917.72,29.0,72.24,3.57
2019-10-06 13:00:00,595.58,827.45,29.05,71.82,3.47
2019-10-06 14:00:00,519.62,669.4,28.81,72.4,3.25
2019-10-06 15:00:00,341.1,458.0,28.36,74.31,2.91
2019-10-06 16:00:00,152.8,220.95,27.62,78.99,2.35
2019-10-06 17:00:00,26.45,30.45,26.33,87.43,1.44
2019-10-06 18:00:00,0.0,0.0,24.79,93.06,1.0
2019-10-06 19:00:00,0.0,0.0,24.33,93.77,1.02
2019-10-06 20:00:00,0.0,0.0,23.94,94.26,1.03
2019-10-06 21:00:00,0.0,0.0,23.56,94.69,1.01
2019-10-06 22:00:00,0.0,0.0,23.22,95.16,0.95
2019-10-06 23:00:00,0.0,0.0,22.93,95.56,0.86
2019-10-07 00:00:00,0.0,0.0,22.69,95.99,0.76
2019-10-07 01:00:00,0.0,0.0,22.51,96.23,0.7
2019-10-07 02:00:00,0.0,0.0,22.38,96.39,0.68
2019-10-07 03:00:00,0.0,0.0,22.29,96.84,0.64
2019-10-07 04:00:00,0.0,0.0,22.08,97.75,0.64
2019-10-07 05:00:00,0.0,0.0,21.97,98.38,0.65
2019-10-07 06:00:00,70.38,74.8,22.74,96.89,1.09
2019-10-07 07:00:00,258.48,290.02,24.08,93.49,1.81
2019-10-07 08:00:00,480.6,527.75,26.17,85.21,2.46
2019-10-07 09:00:00,621.1,729.75,28.08,77.37,2.83
2019-10-07 10:00:00,695.55,870.85,29.2,73.47,2.79
2019-10-07 11:00:00,834.1,938.35,29.87,71.25,2.56
2019-10-07 12:00:00,806.42,926.9,30.25,69.64,2.31
2019-10-07 13:00:00,649.12,834.1,30.18,69.18,2.09
2019-10-07 14:00:00,550.95,669.7,30.05,69.56,1.92
2019-10-07 15:00:00,389.15,455.88,29.54,72.66,1.81
2019-10-07 16:00:00,189.82,222.25,28.85,78.29,1.48
2019-10-07 17:00:00,28.95,30.6,27.59,85.82,1.07
2019-10-07 18:00:00,0.0,0.0,26.17,90.78,0.85
2019-10-07 19:00:00,0.0,0.0,25.7,91.65,0.92
2019-10-07 20:00:00,0.0,0.0,25.36,92.52,1.0
2019-10-07 21:00:00,0.0,0.0,25.1,93.06,1.18
2019-10-07 22:00:00,0.0,0.0,24.89,93.51,1.43
2019-10-07 23:00:00,0.0,0.0,24.72,93.74,1.91
2019-10-08 00:00:00,0.0,0.0,24.51,94.26,2.55
2019-10-08 01:00:00,0.0,0.0,24.28,95.02,3.06
2019-10-08 02:00:00,0.0,0.0,24.11,95.24,3.46
2019-10-08 03:00:00,0.0,0.0,23.97,95.31,3.67
2019-10-08 04:00:00,0.0,0.0,23.88,95.29,3.42
2019-10-08 05:00:00,0.0,0.0,23.82,95.27,3.48
2019-10-08 06:00:00,20.48,78.12,23.77,95.76,3.24
2019-10-08 07:00:00,70.32,298.3,24.18,94.85,3.02
2019-10-08 08:00:00,146.95,535.3,24.78,93.09,3.36
2019-10-08 09:00:00,204.1,732.38,25.49,89.28,4.38
2019-10-08 10:00:00,340.75,867.65,26.31,84.85,4.73
2019-10-08 11:00:00,440.77,933.55,26.85,82.0,4.92
2019-10-08 12:00:00,417.3,925.95,27.12,81.08,4.87
2019-10-08 13:00:00,375.27,839.8,27.17,81.34,4.67
2019-10-08 14:00:00,367.75,682.95,27.08,82.43,4.3
2019-10-08 15:00:00,262.88,469.77,26.83,85.16,3.59
2019-10-08 16:00:00,101.32,228.7,26.35,89.15,2.73
2019-10-08 17:00:00,16.83,30.52,25.59,93.28,2.02
2019-10-08 18:00:00,0.0,0.0,24.99,95.04,1.92
2019-10-08 19:00:00,0.0,0.0,24.81,95.33,2.1
2019-10-08 20:00:00,0.0,0.0,24.67,95.38,2.41
2019-10-08 21:00:00,0.0,0.0,24.51,95.65,3.0
2019-10-08 22:00:00,0.0,0.0,24.38,95.72,3.38
2019-10-08 23:00:00,0.0,0.0,24.34,94.82,3.68
2019-10-09 00:00:00,0.0,0.0,24.14,95.36,3.43
2019-10-09 01:00:00,0.0,0.0,24.01,95.46,3.36
2019-10-09 02:00:00,0.0,0.0,23.86,95.86,3.17
2019-10-09 03:00:00,0.0,0.0,23.68,96.52,2.65
2019-10-09 04:00:00,0.0,0.0,23.56,96.82,2.15
2019-10-09 05:00:00,0.0,0.0,23.46,97.06,1.65
2019-10-09 06:00:00,41.22,92.95,23.48,97.19,1.28
2019-10-09 07:00:00,158.75,325.12,23.99,95.9,1.23
2019-10-09 08:00:00,287.3,559.67,24.59,94.09,1.22
2019-10-09 09:00:00,544.28,753.25,25.08,92.06,1.86
2019-10-09 10:00:00,764.38,890.03,25.3,90.95,2.31
2019-10-09 11:00:00,746.95,954.5,25.53,90.1,2.62
2019-10-09 12:00:00,752.55,918.2,25.68,89.53,2.82
2019-10-09 13:00:00,653.7,837.9,25.74,89.25,3.04
2019-10-09 14:00:00,552.47,679.6,25.66,89.69,3.18
2019-10-09 15:00:00,367.92,470.15,25.42,91.06,3.11
2019-10-09 16:00:00,167.52,230.57,25.09,93.07,2.67
2019-10-09 17:00:00,21.2,30.77,24.54,95.19,2.15
2019-10-09 18:00:00,0.0,0.0,23.97,96.77,1.78
2019-10-09 19:00:00,0.0,0.0,23.77,96.99,1.72
2019-10-09 20:00:00,0.0,0.0,23.63,97.11,1.63
2019-10-09 21:00:00,0.0,0.0,23.53,97.18,1.7
2019-10-09 22:00:00,0.0,0.0,23.46,97.21,1.81
2019-10-09 23:00:00,0.0,0.0,23.39,97.25,1.88
2019-10-10 00:00:00,0.0,0.0,23.35,97.09,1.93
2019-10-10 01:00:00,0.0,0.0,23.39,96.64,2.15
2019-10-10 02:00:00,0.0,0.0,23.4,96.49,2.33
2019-10-10 03:00:00,0.0,0.0,23.29,96.73,2.19
2019-10-10 04:00:00,0.0,0.0,23.12,96.98,1.99
2019-10-10 05:00:00,0.0,0.0,23.0,97.06,1.85
2019-10-10 06:00:00,62.55,87.15,23.14,96.53,2.06
2019-10-10 07:00:00,223.12,319.42,23.58,95.39,2.48
2019-10-10 08:00:00,405.42,557.1,24.14,93.92,2.77
2019-10-10 09:00:00,546.55,754.0,24.82,92.17,2.72
2019-10-10 10:00:00,615.45,890.88,25.51,89.9,2.79
2019-10-10 11:00:00,678.12,954.88,26.11,87.84,2.85
2019-10-10 12:00:00,669.17,909.0,26.59,86.61,2.84
2019-10-10 13:00:00,658.97,813.28,26.93,86.08,2.79
2019-10-10 14:00:00,570.72,651.58,27.08,86.51,2.63
2019-10-10 15:00:00,379.38,437.0,26.97,88.86,2.34
2019-10-10 16:00:00,173.43,202.15,26.61,92.44,1.84
2019-10-10 17:00:00,26.58,26.33,25.86,95.56,1.35
2019-10-10 18:00:00,0.0,0.0,25.21,97.03,1.33
2019-10-10 19:00:00,0.0,0.0,25.09,96.86,1.59
2019-10-10 20:00:00,0.0,0.0,24.91,96.83,1.83
2019-10-10 21:00:00,0.0,0.0,24.72,96.86,2.01
2019-10-10 22:00:00,0.0,0.0,24.62,96.24,2.51
2019-10-10 23:00:00,0.0,0.0,24.32,96.15,2.79
2019-10-11 00:00:00,0.0,0.0,24.05,96.32,2.85
2019-10-11 01:00:00,0.0,0.0,23.86,96.46,2.96
2019-10-11 02:00:00,0.0,0.0,23.72,96.46,3.13
2019-10-11 03:00:00,0.0,0.0,23.61,96.52,3.17
2019-10-11 04:00:00,0.0,0.0,23.52,96.43,3.19
2019-10-11 05:00:00,0.0,0.0,23.44,96.42,3.2
2019-10-11 06:00:00,41.42,84.25,23.43,96.29,3.04
2019-10-11 07:00:00,148.12,312.3,23.79,95.47,3.05
2019-10-11 08:00:00,103.93,548.05,24.4,94.25,3.3
2019-10-11 09:00:00,213.52,744.55,25.09,92.2,3.91
2019-10-11 10:00:00,218.27,880.25,25.64,90.34,4.26
2019-10-11 11:00:00,453.4,942.85,26.13,88.35,4.51
2019-10-11 12:00:00,388.02,893.25,26.42,87.1,4.6
2019-10-11 13:00:00,604.92,799.3,26.57,86.87,4.4
2019-10-11 14:00:00,457.52,636.7,26.54,87.58,3.97
2019-10-11 15:00:00,316.33,424.25,26.29,90.07,3.17
2019-10-11 16:00:00,144.3,194.7,25.9,93.07,2.38
2019-10-11 17:00:00,21.12,24.23,25.28,95.58,1.85
2019-10-11 18:00:00,0.0,0.0,24.78,96.69,1.84
2019-10-11 19:00:00,0.0,0.0,24.58,97.01,1.9
2019-10-11 20:00:00,0.0,0.0,24.33,97.48,1.63
2019-10-11 21:00:00,0.0,0.0,24.07,97.93,1.36
2019-10-11 22:00:00,0.0,0.0,23.84,98.25,1.21
2019-10-11 23:00:00,0.0,0.0,23.62,98.46,1.12
2019-10-12 00:00:00,0.0,0.0,23.5,98.3,1.21
2019-10-12 01:00:00,0.0,0.0,23.45,98.04,1.45
2019-10-12 02:00:00,0.0,0.0,23.4,97.84,1.64
2019-10-12 03:00:00,0.0,0.0,23.23,98.02,1.43
2019-10-12 04:00:00,0.0,0.0,23.03,98.26,0.99
2019-10-12 05:00:00,0.0,0.0,22.89,98.33,0.82
2019-10-12 06:00:00,39.28,72.53,23.35,97.53,1.15
2019-10-12 07:00:00,166.05,279.9,24.32,95.22,2.19
2019-10-12 08:00:00,305.45,509.62,25.28,91.64,2.73
2019-10-12 09:00:00,522.17,706.58,26.45,85.54,2.79
2019-10-12 10:00:00,672.17,840.3,27.56,79.35,2.65
2019-10-12 11:00:00,713.2,905.17,28.24,75.37,2.6
2019-10-12 12:00:00,726.65,887.67,28.6,73.16,2.65
2019-10-12 13:00:00,600.9,794.5,28.59,72.63,2.55
2019-10-12 14:00:00,416.6,634.88,28.33,73.7,2.26
2019-10-12 15:00:00,221.9,425.9,27.81,77.13,1.79
2019-10-12 16:00:00,99.2,198.7,27.13,82.36,1.29
2019-10-12 17:00:00,14.9,25.08,26.08,89.63,0.88
2019-10-12 18:00:00,0.0,0.0,25.11,93.14,0.71
2019-10-12 19:00:00,0.0,0.0,24.72,93.79,0.7
2019-10-12 20:00:00,0.0,0.0,24.45,94.21,0.68
2019-10-12 21:00:00,0.0,0.0,24.19,94.94,0.66
2019-10-12 22:00:00,0.0,0.0,23.9,95.82,0.69
2019-10-12 23:00:00,0.0,0.0,23.64,96.56,0.78
2019-10-13 00:00:00,0.0,0.0,23.43,97.02,0.92
2019-10-13 01:00:00,0.0,0.0,23.22,97.61,1.05
2019-10-13 02:00:00,0.0,0.0,23.12,97.91,1.17
2019-10-13 03:00:00,0.0,0.0,23.17,97.75,1.35
2019-10-13 04:00:00,0.0,0.0,23.28,97.47,1.53
2019-10-13 05:00:00,0.0,0.0,23.29,97.54,1.48
2019-10-13 06:00:00,68.8,78.05,23.47,97.07,1.68
2019-10-13 07:00:00,248.73,289.9,24.06,95.59,2.18
2019-10-13 08:00:00,467.83,522.15,24.7,92.49,2.55
2019-10-13 09:00:00,608.25,719.72,25.44,87.5,2.9
2019-10-13 10:00:00,678.42,862.03,26.2,82.6,2.75
2019-10-13 11:00:00,611.33,925.38,26.81,78.29,2.44
2019-10-13 12:00:00,642.62,922.8,27.2,75.37,2.23
2019-10-13 13:00:00,622.45,826.08,27.35,74.18,2.15
2019-10-13 14:00:00,509.08,659.88,27.38,74.02,2.12
2019-10-13 15:00:00,360.27,439.75,27.19,75.23,1.94
2019-10-13 16:00:00,164.4,201.18,26.76,78.82,1.5
2019-10-13 17:00:00,22.35,24.2,25.77,87.21,0.84
2019-10-13 18:00:00,0.0,0.0,24.63,91.31,0.64
2019-10-13 19:00:00,0.0,0.0,24.35,91.3,0.65
2019-10-13 20:00:00,0.0,0.0,24.04,91.7,0.67
2019-10-13 21:00:00,0.0,0.0,23.68,92.93,0.67
2019-10-13 22:00:00,0.0,0.0,23.3,94.37,0.69
2019-10-13 23:00:00,0.0,0.0,22.96,95.52,0.71
2019-10-14 00:00:00,0.0,0.0,22.65,96.59,0.74
2019-10-14 01:00:00,0.0,0.0,22.41,97.5,0.79
2019-10-14 02:00:00,0.0,0.0,22.26,97.9,0.83
2019-10-14 03:00:00,0.0,0.0,22.1,98.32,0.88
2019-10-14 04:00:00,0.0,0.0,22.05,98.11,0.9
2019-10-14 05:00:00,0.0,0.0,21.95,98.22,0.91
2019-10-14 06:00:00,78.68,79.35,22.39,96.26,1.37
2019-10-14 07:00:00,271.73,274.5,23.73,91.1,1.96
2019-10-14 08:00:00,514.33,518.22,26.2,80.49,2.38
2019-10-14 09:00:00,710.55,721.6,28.11,73.56,2.45
2019-10-14 10:00:00,744.08,866.1,29.45,69.66,1.87
2019-10-14 11:00:00,857.12,931.65,30.42,66.94,1.29
2019-10-14 12:00:00,814.0,918.28,31.0,65.14,0.94
2019-10-14 13:00:00,733.8,825.92,31.29,63.77,0.81
2019-10-14 14:00:00,612.85,663.4,31.12,63.8,0.79
2019-10-14 15:00:00,431.85,446.25,30.72,65.26,0.85
2019-10-14 16:00:00,199.12,204.98,30.22,69.76,0.73
2019-10-14 17:00:00,24.12,24.25,29.02,77.08,0.66
2019-10-14 18:00:00,0.0,0.0,27.92,78.36,0.63
2019-10-14 19:00:00,0.0,0.0,27.56,78.86,0.58
2019-10-14 20:00:00,0.0,0.0,27.36,78.47,0.48
2019-10-14 21:00:00,0.0,0.0,27.42,76.25,0.33
2019-10-14 22:00:00,0.0,0.0,27.14,78.17,0.25
2019-10-14 23:00:00,0.0,0.0,26.31,81.61,0.5
2019-10-15 00:00:00,0.0,0.0,25.54,85.84,0.68
2019-10-15 01:00:00,0.0,0.0,24.75,89.91,0.73
2019-10-15 02:00:00,0.0,0.0,24.17,92.38,0.77
2019-10-15 03:00:00,0.0,0.0,23.84,93.53,0.83
2019-10-15 04:00:00,0.0,0.0,23.56,94.23,0.91
2019-10-15 05:00:00,0.0,0.0,23.25,95.02,1.01
2019-10-15 06:00:00,75.25,82.22,23.54,94.09,1.47
2019-10-15 07:00:00,277.17,309.92,24.74,90.13,2.26
2019-10-15 08:00:00,485.52,549.78,27.02,81.62,2.46
2019-10-15 09:00:00,676.28,749.12,28.82,73.98,2.56
2019-10-15 10:00:00,771.53,891.1,29.8,70.93,2.43
2019-10-15 11:00:00,901.2,949.65,30.41,68.98,2.2
2019-10-15 12:00:00,715.7,907.72,30.58,68.32,1.91
2019-10-15 13:00:00,628.92,803.1,30.56,68.32,1.63
2019-10-15 14:00:00,567.33,639.33,30.43,68.93,1.34
2019-10-15 15:00:00,353.55,419.4,30.1,70.44,1.04
2019-10-15 16:00:00,177.05,192.4,29.78,73.86,0.71
2019-10-15 17:00:00,22.6,22.62,28.96,77.65,0.51
2019-10-15 18:00:00,0.0,0.0,28.15,78.7,0.45
2019-10-15 19:00:00,0.0,0.0,27.82,79.24,0.42
2019-10-15 20:00:00,0.0,0.0,27.62,78.97,0.42
2019-10-15 21:00:00,0.0,0.0,27.17,80.77,0.45
2019-10-15 22:00:00,0.0,0.0,26.62,83.61,0.57
2019-10-15 23:00:00,0.0,0.0,25.95,87.48,0.65
2019-10-16 00:00:00,0.0,0.0,25.29,91.17,0.67
2019-10-16 01:00:00,0.0,0.0,24.83,93.3,0.68
2019-10-16 02:00:00,0.0,0.0,24.49,94.67,0.71
2019-10-16 03:00:00,0.0,0.0,24.28,95.59,0.79
2019-10-16 04:00:00,0.0,0.0,24.06,96.36,0.89
2019-10-16 05:00:00,0.0,0.0,23.9,97.02,1.01
2019-10-16 06:00:00,68.12,68.68,24.14,96.64,1.35
2019-10-16 07:00:00,273.48,275.88,25.13,93.11,2.21
2019-10-16 08:00:00,500.0,502.12,26.18,89.0,2.4
2019-10-16 09:00:00,693.67,703.75,27.26,83.54,2.52
2019-10-16 10:00:00,822.95,841.97,28.08,79.89,2.41
2019-10-16 11:00:00,816.58,904.6,28.54,78.1,2.23
2019-10-16 12:00:00,721.55,769.95,28.85,76.89,1.97
2019-10-16 13:00:00,624.2,666.83,28.97,76.19,1.77
2019-10-16 14:00:00,455.42,511.85,28.82,76.94,1.57
2019-10-16 15:00:00,326.6,331.62,28.48,80.45,1.13
2019-10-16 16:00:00,139.73,143.1,27.92,82.19,1.08
2019-10-16 17:00:00,17.5,17.75,26.72,90.56,0.68
2019-10-16 18:00:00,0.0,0.0,25.79,92.59,0.7
2019-10-16 19:00:00,0.0,0.0,25.43,93.56,0.74
2019-10-16 20:00:00,0.0,0.0,25.13,94.29,0.79
2019-10-16 21:00:00,0.0,0.0,24.8,94.94,0.83
2019-10-16 22:00:00,0.0,0.0,24.42,95.69,0.82
2019-10-16 23:00:00,0.0,0.0,24.05,96.44,0.75
2019-10-17 00:00:00,0.0,0.0,23.73,97.26,0.71
2019-10-17 01:00:00,0.0,0.0,23.46,98.15,0.7
2019-10-17 02:00:00,0.0,0.0,23.23,98.86,0.77
2019-10-17 03:00:00,0.0,0.0,23.07,99.13,0.92
2019-10-17 04:00:00,0.0,0.0,23.07,98.58,1.17
2019-10-17 05:00:00,0.0,0.0,23.08,98.08,1.41
2019-10-17 06:00:00,65.9,71.2,23.37,96.77,1.84
2019-10-17 07:00:00,232.5,271.0,24.27,93.89,2.4
2019-10-17 08:00:00,435.42,499.92,25.81,87.1,2.66
2019-10-17 09:00:00,603.08,703.42,27.53,78.81,2.64
2019-10-17 10:00:00,796.72,844.2,28.87,73.5,2.25
2019-10-17 11:00:00,868.88,910.33,29.76,69.79,1.85
2019-10-17 12:00:00,907.03,928.1,30.3,67.13,1.38
2019-10-17 13:00:00,776.67,835.5,30.52,65.6,0.88
2019-10-17 14:00:00,625.83,673.62,30.51,65.14,0.67
2019-10-17 15:00:00,439.17,458.73,30.17,66.26,0.8
2019-10-17 16:00:00,214.9,219.25,29.77,70.24,0.7
2019-10-17 17:00:00,24.0,24.45,28.57,77.19,0.65
2019-10-17 18:00:00,0.0,0.0,27.6,79.29,0.6
2019-10-17 19:00:00,0.0,0.0,27.15,80.52,0.57
2019-10-17 20:00:00,0.0,0.0,26.85,80.38,0.54
2019-10-17 21:00:00,0.0,0.0,26.6,80.21,0.49
2019-10-17 22:00:00,0.0,0.0,26.38,80.15,0.48
2019-10-17 23:00:00,0.0,0.0,26.1,80.76,0.49
2019-10-18 00:00:00,0.0,0.0,25.89,80.81,0.53
2019-10-18 01:00:00,0.0,0.0,25.4,83.13,0.55
2019-10-18 02:00:00,0.0,0.0,24.96,85.04,0.61
2019-10-18 03:00:00,0.0,0.0,24.46,87.4,0.67
2019-10-18 04:00:00,0.0,0.0,23.93,89.67,0.7
2019-10-18 05:00:00,0.0,0.0,23.41,91.76,0.71
2019-10-18 06:00:00,79.1,80.85,23.66,93.01,0.79
2019-10-18 07:00:00,287.92,298.6,25.16,86.79,1.4
2019-10-18 08:00:00,517.1,534.78,27.9,75.49,1.41
2019-10-18 09:00:00,722.78,733.1,29.62,69.0,1.16
2019-10-18 10:00:00,840.4,870.6,30.62,65.26,0.7
2019-10-18 11:00:00,923.62,936.42,31.35,62.58,0.52
2019-10-18 12:00:00,885.25,904.55,31.81,60.9,0.91
2019-10-18 13:00:00,755.1,808.58,31.95,60.47,1.17
2019-10-18 14:00:00,611.2,644.65,31.79,60.92,1.35
2019-10-18 15:00:00,384.3,429.52,31.2,62.84,1.32
2019-10-18 16:00:00,173.1,197.07,30.62,66.97,0.94
2019-10-18 17:00:00,17.0,21.45,29.58,73.14,0.75
2019-10-18 18:00:00,0.0,0.0,29.03,73.41,0.4
2019-10-18 19:00:00,0.0,0.0,29.18,69.2,0.18
2019-10-18 20:00:00,0.0,0.0,28.62,73.3,0.3
2019-10-18 21:00:00,0.0,0.0,27.64,78.5,0.55
2019-10-18 22:00:00,0.0,0.0,26.48,86.18,0.67
2019-10-18 23:00:00,0.0,0.0,25.66,89.49,0.74
2019-10-19 00:00:00,0.0,0.0,25.04,90.83,0.86
2019-10-19 01:00:00,0.0,0.0,24.62,91.97,0.96
2019-10-19 02:00:00,0.0,0.0,24.27,93.23,1.0
2019-10-19 03:00:00,0.0,0.0,23.9,94.69,0.94
2019-10-19 04:00:00,0.0,0.0,23.59,95.96,1.0
2019-10-19 05:00:00,0.0,0.0,23.43,96.72,1.45
2019-10-19 06:00:00,68.9,77.25,23.58,96.2,2.18
2019-10-19 07:00:00,247.8,297.67,24.34,93.44,2.99
2019-10-19 08:00:00,444.52,538.53,25.15,87.82,3.26
2019-10-19 09:00:00,619.4,740.38,26.12,81.5,3.11
2019-10-19 10:00:00,730.88,876.9,27.34,76.46,2.82
2019-10-19 11:00:00,861.38,936.8,28.24,73.62,2.53
2019-10-19 12:00:00,872.65,916.78,28.82,72.02,2.31
2019-10-19 13:00:00,722.65,817.62,28.78,72.36,2.11
2019-10-19 14:00:00,592.95,651.7,28.54,73.69,1.98
2019-10-19 15:00:00,397.95,434.52,28.18,75.59,1.9
2019-10-19 16:00:00,186.38,199.38,27.57,79.78,1.63
2019-10-19 17:00:00,20.52,21.0,26.45,86.85,1.2
2019-10-19 18:00:00,0.0,0.0,25.31,91.34,1.16
2019-10-19 19:00:00,0.0,0.0,24.86,92.0,1.53
2019-10-19 20:00:00,0.0,0.0,24.46,93.44,1.65
2019-10-19 21:00:00,0.0,0.0,24.18,94.8,1.73
2019-10-19 22:00:00,0.0,0.0,24.0,95.8,1.75
2019-10-19 23:00:00,0.0,0.0,23.86,96.39,1.52
2019-10-20 00:00:00,0.0,0.0,23.61,97.18,1.22
2019-10-20 01:00:00,0.0,0.0,23.56,97.0,1.34
2019-10-20 02:00:00,0.0,0.0,23.46,96.84,1.58
2019-10-20 03:00:00,0.0,0.0,23.26,96.96,1.63
2019-10-20 04:00:00,0.0,0.0,23.05,96.99,1.74
2019-10-20 05:00:00,0.0,0.0,22.83,96.95,1.75
2019-10-20 06:00:00,30.15,76.85,22.9,96.5,1.96
2019-10-20 07:00:00,104.68,296.15,23.65,92.83,2.56
2019-10-20 08:00:00,169.1,529.83,24.71,86.14,2.73
2019-10-20 09:00:00,366.6,727.4,26.38,77.7,2.79
2019-10-20 10:00:00,496.12,862.4,27.92,71.87,2.85
2019-10-20 11:00:00,578.12,923.4,28.93,68.61,2.86
2019-10-20 12:00:00,582.3,908.8,29.44,66.97,2.85
2019-10-20 13:00:00,526.78,812.17,29.52,66.57,2.81
2019-10-20 14:00:00,394.2,648.72,29.28,67.23,2.77
2019-10-20 15:00:00,333.08,434.88,28.51,70.57,2.63
2019-10-20 16:00:00,156.38,201.48,27.39,77.11,2.21
2019-10-20 17:00:00,16.65,21.0,25.99,85.86,1.55
2019-10-20 18:00:00,0.0,0.0,24.78,91.36,1.17
2019-10-20 19:00:00,0.0,0.0,24.3,92.87,1.09
2019-10-20 20:00:00,0.0,0.0,23.87,93.95,1.04
2019-10-20 21:00:00,0.0,0.0,23.46,94.71,1.04
2019-10-20 22:00:00,0.0,0.0,23.09,95.35,1.08
2019-10-20 23:00:00,0.0,0.0,22.84,95.82,1.2
2019-10-21 00:00:00,0.0,0.0,22.65,96.54,1.3
2019-10-21 01:00:00,0.0,0.0,22.61,97.18,1.43
2019-10-21 02:00:00,0.0,0.0,22.79,96.93,1.84
2019-10-21 03:00:00,0.0,0.0,22.93,96.76,2.17
2019-10-21 04:00:00,0.0,0.0,22.9,97.26,1.84
2019-10-21 05:00:00,0.0,0.0,22.82,97.48,1.68
2019-10-21 06:00:00,55.97,83.62,23.12,96.7,2.18
2019-10-21 07:00:00,192.3,310.45,24.04,94.33,2.89
2019-10-21 08:00:00,352.05,545.6,25.07,89.29,3.39
2019-10-21 09:00:00,489.77,743.05,26.26,83.08,3.59
2019-10-21 10:00:00,603.8,876.05,27.38,76.78,3.7
2019-10-21 11:00:00,651.25,935.72,28.26,72.42,3.62
2019-10-21 12:00:00,796.7,905.85,28.92,69.43,3.48
2019-10-21 13:00:00,694.8,811.15,29.21,67.68,3.26
2019-10-21 14:00:00,571.6,647.92,29.21,67.15,3.01
2019-10-21 15:00:00,396.85,433.33,28.88,68.0,2.72
2019-10-21 16:00:00,190.05,198.88,28.05,72.65,2.1
2019-10-21 17:00:00,20.05,20.4,26.68,81.78,1.33
2019-10-21 18:00:00,0.0,0.0,24.98,89.66,0.84
2019-10-21 19:00:00,0.0,0.0,24.52,90.6,0.83
2019-10-21 20:00:00,0.0,0.0,24.1,91.41,0.81
2019-10-21 21:00:00,0.0,0.0,23.74,92.04,0.79
2019-10-21 22:00:00,0.0,0.0,23.42,92.62,0.77
2019-10-21 23:00:00,0.0,0.0,23.12,93.16,0.75
2019-10-22 00:00:00,0.0,0.0,22.76,93.91,0.75
2019-10-22 01:00:00,0.0,0.0,22.43,94.83,0.74
2019-10-22 02:00:00,0.0,0.0,22.16,95.84,0.73
2019-10-22 03:00:00,0.0,0.0,21.97,96.48,0.73
2019-10-22 04:00:00,0.0,0.0,21.84,96.85,0.72
2019-10-22 05:00:00,0.0,0.0,21.73,97.31,0.72
2019-10-22 06:00:00,74.75,75.78,22.4,95.88,0.82
2019-10-22 07:00:00,273.95,285.02,24.2,89.77,1.3
2019-10-22 08:00:00,493.65,518.9,26.99,77.84,1.47
2019-10-22 09:00:00,643.0,714.5,29.23,67.62,1.45
2019-10-22 10:00:00,664.15,848.95,30.49,63.86,1.31
2019-10-22 11:00:00,751.83,909.67,31.25,62.05,1.53
2019-10-22 12:00:00,756.12,910.05,31.56,61.37,1.78
2019-10-22 13:00:00,676.67,812.55,31.56,61.36,1.96
2019-10-22 14:00:00,572.97,646.7,31.32,62.2,2.04
2019-10-22 15:00:00,369.35,429.42,30.95,63.96,1.85
2019-10-22 16:00:00,170.1,194.38,30.35,68.99,1.23
2019-10-22 17:00:00,15.68,19.62,28.89,77.96,0.91
2019-10-22 18:00:00,0.0,0.0,27.9,80.8,0.66
2019-10-22 19:00:00,0.0,0.0,27.8,78.0,0.64
2019-10-22 20:00:00,0.0,0.0,27.6,76.39,0.59
2019-10-22 21:00:00,0.0,0.0,27.25,76.94,0.46
2019-10-22 22:00:00,0.0,0.0,27.3,74.56,0.39
2019-10-22 23:00:00,0.0,0.0,27.01,75.77,0.3
2019-10-23 00:00:00,0.0,0.0,26.62,78.15,0.25
2019-10-23 01:00:00,0.0,0.0,26.19,79.92,0.25
2019-10-23 02:00:00,0.0,0.0,25.84,80.87,0.25
2019-10-23 03:00:00,0.0,0.0,25.55,82.47,0.2
2019-10-23 04:00:00,0.0,0.0,25.31,84.64,0.12
2019-10-23 05:00:00,0.0,0.0,24.97,87.15,0.16
2019-10-23 06:00:00,23.62,70.93,24.81,90.03,0.28
2019-10-23 07:00:00,166.48,279.7,25.43,87.26,0.54
2019-10-23 08:00:00,302.15,512.75,26.42,82.64,0.87
2019-10-23 09:00:00,542.83,712.15,27.82,77.31,1.0
2019-10-23 10:00:00,699.05,846.17,28.88,73.14,0.98
2019-10-23 11:00:00,828.42,903.95,29.44,71.42,0.92
2019-10-23 12:00:00,823.25,875.33,29.73,70.83,0.96
2019-10-23 13:00:00,726.92,774.35,29.71,71.36,1.04
2019-10-23 14:00:00,553.78,616.38,29.49,72.92,1.07
2019-10-23 15:00:00,372.67,399.45,29.15,76.0,0.99
2019-10-23 16:00:00,171.68,177.4,28.69,78.69,0.96
2019-10-23 17:00:00,17.77,17.8,27.44,87.5,0.69
2019-10-23 18:00:00,0.0,0.0,26.38,89.18,0.69
2019-10-23 19:00:00,0.0,0.0,26.0,90.01,0.71
2019-10-23 20:00:00,0.0,0.0,25.67,90.79,0.7
2019-10-23 21:00:00,0.0,0.0,25.36,91.75,0.7
2019-10-23 22:00:00,0.0,0.0,25.01,92.89,0.7
2019-10-23 23:00:00,0.0,0.0,24.62,94.35,0.72
2019-10-24 00:00:00,0.0,0.0,24.27,95.38,0.78
2019-10-24 01:00:00,0.0,0.0,23.96,96.18,0.85
2019-10-24 02:00:00,0.0,0.0,23.67,97.0,0.93
2019-10-24 03:00:00,0.0,0.0,23.39,97.85,1.0
2019-10-24 04:00:00,0.0,0.0,23.15,98.43,1.04
2019-10-24 05:00:00,0.0,0.0,22.94,98.98,1.01
2019-10-24 06:00:00,70.4,71.57,23.34,97.73,1.17
2019-10-24 07:00:00,257.15,277.65,24.61,93.99,1.83
2019-10-24 08:00:00,470.52,512.25,26.46,86.79,2.01
2019-10-24 09:00:00,645.83,711.7,27.96,79.86,1.98
2019-10-24 10:00:00,703.05,851.7,28.83,76.03,1.28
2019-10-24 11:00:00,773.35,910.95,29.52,72.66,0.3
2019-10-24 12:00:00,681.65,859.85,29.74,70.95,0.92
2019-10-24 13:00:00,618.65,760.97,29.6,71.41,1.39
2019-10-24 14:00:00,533.15,593.65,29.27,73.39,1.55
2019-10-24 15:00:00,332.95,383.08,28.8,78.04,1.29
2019-10-24 16:00:00,149.48,165.68,28.15,80.28,1.29
2019-10-24 17:00:00,14.48,16.4,26.85,89.43,0.78
2019-10-24 18:00:00,0.0,0.0,25.94,91.95,0.73
2019-10-24 19:00:00,0.0,0.0,25.56,92.98,0.74
2019-10-24 20:00:00,0.0,0.0,25.26,93.7,0.74
2019-10-24 21:00:00,0.0,0.0,24.96,94.49,0.75
2019-10-24 22:00:00,0.0,0.0,24.67,95.14,0.81
2019-10-24 23:00:00,0.0,0.0,24.42,95.67,0.87
2019-10-25 00:00:00,0.0,0.0,24.2,96.16,0.93
2019-10-25 01:00:00,0.0,0.0,24.02,96.42,0.96
2019-10-25 02:00:00,0.0,0.0,23.82,96.86,0.95
2019-10-25 03:00:00,0.0,0.0,23.58,97.34,0.93
2019-10-25 04:00:00,0.0,0.0,23.29,98.3,0.91
2019-10-25 05:00:00,0.0,0.0,23.02,99.25,0.85
2019-10-25 06:00:00,77.2,77.5,23.39,98.09,0.94
2019-10-25 07:00:00,276.52,277.67,24.78,93.04,1.77
2019-10-25 08:00:00,509.48,511.67,26.6,85.09,1.77
2019-10-25 09:00:00,711.45,712.83,28.4,75.7,1.86
2019-10-25 10:00:00,808.92,847.67,29.46,71.17,1.59
2019-10-25 11:00:00,829.03,905.0,30.24,68.31,1.51
2019-10-25 12:00:00,801.65,838.72,30.77,67.16,1.78
2019-10-25 13:00:00,687.8,741.03,30.8,67.58,1.97
2019-10-25 14:00:00,452.0,576.62,30.5,69.03,2.04
2019-10-25 15:00:00,272.88,366.2,29.87,72.96,1.76
2019-10-25 16:00:00,127.5,156.2,29.16,77.79,1.34
2019-10-25 17:00:00,13.7,15.32,27.74,87.14,0.79
2019-10-25 18:00:00,0.0,0.0,26.8,87.84,0.71
2019-10-25 19:00:00,0.0,0.0,26.7,86.38,0.68
2019-10-25 20:00:00,0.0,0.0,26.61,85.29,0.58
2019-10-25 21:00:00,0.0,0.0,26.49,84.8,0.46
2019-10-25 22:00:00,0.0,0.0,25.96,86.98,0.53
2019-10-25 23:00:00,0.0,0.0,25.27,89.91,0.69
2019-10-26 00:00:00,0.0,0.0,24.55,92.75,0.74
2019-10-26 01:00:00,0.0,0.0,23.99,94.86,0.75
2019-10-26 02:00:00,0.0,0.0,23.57,96.44,0.81
2019-10-26 03:00:00,0.0,0.0,23.22,98.03,0.88
2019-10-26 04:00:00,0.0,0.0,22.94,99.61,0.91
2019-10-26 05:00:00,0.0,0.0,22.72,100.0,0.89
2019-10-26 06:00:00,62.45,65.25,23.19,98.78,0.99
2019-10-26 07:00:00,257.92,267.25,24.85,92.4,1.78
2019-10-26 08:00:00,452.55,485.65,27.06,83.2,1.97
2019-10-26 09:00:00,637.3,679.62,28.76,76.07,2.01
2019-10-26 10:00:00,701.95,817.2,29.8,71.87,1.84
2019-10-26 11:00:00,859.05,880.72,30.46,68.57,1.63
2019-10-26 12:00:00,836.4,861.62,30.92,66.22,1.55
2019-10-26 13:00:00,639.75,763.8,31.04,65.14,1.63
2019-10-26 14:00:00,532.53,604.22,30.89,65.25,1.78
2019-10-26 15:00:00,308.38,394.1,30.46,67.15,1.81
2019-10-26 16:00:00,137.75,173.85,29.69,72.8,1.55
2019-10-26 17:00:00,12.88,16.27,27.99,82.94,1.21
2019-10-26 18:00:00,0.0,0.0,26.52,87.18,1.33
2019-10-26 19:00:00,0.0,0.0,26.14,87.71,1.79
2019-10-26 20:00:00,0.0,0.0,25.73,89.18,2.18
2019-10-26 21:00:00,0.0,0.0,25.31,90.94,2.31
2019-10-26 22:00:00,0.0,0.0,24.91,92.83,2.11
2019-10-26 23:00:00,0.0,0.0,24.54,94.16,1.94
2019-10-27 00:00:00,0.0,0.0,24.27,94.71,1.89
2019-10-27 01:00:00,0.0,0.0,24.01,95.37,1.77
2019-10-27 02:00:00,0.0,0.0,23.7,96.49,1.48
2019-10-27 03:00:00,0.0,0.0,23.37,97.44,1.21
2019-10-27 04:00:00,0.0,0.0,23.13,98.09,1.09
2019-10-27 05:00:00,0.0,0.0,22.96,98.59,1.05
2019-10-27 06:00:00,66.75,69.45,23.42,96.65,1.54
2019-10-27 07:00:00,245.02,273.45,24.87,91.05,2.31
2019-10-27 08:00:00,457.8,502.23,26.86,81.5,2.74
2019-10-27 09:00:00,614.38,696.15,28.48,73.83,2.84
2019-10-27 10:00:00,708.0,832.9,29.58,69.29,2.68
2019-10-27 11:00:00,758.62,891.55,30.26,66.77,2.51
2019-10-27 12:00:00,683.5,866.17,30.54,65.3,2.3
2019-10-27 13:00:00,602.45,768.15,30.5,65.07,2.17
2019-10-27 14:00:00,409.15,605.8,30.07,66.55,2.01
2019-10-27 15:00:00,211.62,393.25,29.64,68.73,1.93
2019-10-27 16:00:00,101.18,171.48,28.98,74.24,1.52
2019-10-27 17:00:00,10.75,15.9,27.62,82.87,1.11
2019-10-27 18:00:00,0.0,0.0,26.25,89.14,0.87
2019-10-27 19:00:00,0.0,0.0,25.78,90.02,0.95
2019-10-27 20:00:00,0.0,0.0,25.36,90.94,1.0
2019-10-27 21:00:00,0.0,0.0,25.02,91.88,1.05
2019-10-27 22:00:00,0.0,0.0,24.75,92.66,1.15
2019-10-27 23:00:00,0.0,0.0,24.54,93.34,1.28
2019-10-28 00:00:00,0.0,0.0,24.34,94.19,1.47
2019-10-28 01:00:00,0.0,0.0,24.12,95.28,1.53
2019-10-28 02:00:00,0.0,0.0,23.9,96.56,1.32
2019-10-28 03:00:00,0.0,0.0,23.84,97.05,1.13
2019-10-28 04:00:00,0.0,0.0,23.77,97.25,0.97
2019-10-28 05:00:00,0.0,0.0,23.6,97.27,0.9
2019-10-28 06:00:00,52.67,67.4,23.66,96.96,0.97
2019-10-28 07:00:00,202.57,268.1,24.28,94.76,1.16
2019-10-28 08:00:00,395.7,494.42,24.88,91.89,1.3
2019-10-28 09:00:00,570.38,694.42,25.48,88.52,1.28
2019-10-28 10:00:00,742.6,829.3,26.09,84.96,0.96
2019-10-28 11:00:00,828.25,891.58,26.58,82.1,0.66
2019-10-28 12:00:00,725.92,878.72,26.79,81.06,0.41
2019-10-28 13:00:00,740.35,782.53,27.08,80.32,0.18
2019-10-28 14:00:00,550.75,616.65,27.15,80.54,0.95
2019-10-28 15:00:00,352.55,401.95,26.84,82.68,1.43
2019-10-28 16:00:00,160.38,175.57,26.31,86.75,1.14
2019-10-28 17:00:00,15.32,15.95,25.41,92.53,0.63
2019-10-28 18:00:00,0.0,0.0,24.65,94.07,0.49
2019-10-28 19:00:00,0.0,0.0,24.39,94.34,0.46
2019-10-28 20:00:00,0.0,0.0,24.15,94.41,0.45
2019-10-28 21:00:00,0.0,0.0,23.97,94.3,0.45
2019-10-28 22:00:00,0.0,0.0,23.93,93.61,0.4
2019-10-28 23:00:00,0.0,0.0,23.84,93.4,0.31
2019-10-29 00:00:00,0.0,0.0,23.83,93.09,0.18
2019-10-29 01:00:00,0.0,0.0,23.74,93.06,0.14
2019-10-29 02:00:00,0.0,0.0,23.4,94.4,0.35
2019-10-29 03:00:00,0.0,0.0,23.08,95.66,0.47
2019-10-29 04:00:00,0.0,0.0,22.86,96.23,0.51
2019-10-29 05:00:00,0.0,0.0,22.75,96.28,0.55
2019-10-29 06:00:00,65.22,68.0,23.01,96.16,0.52
2019-10-29 07:00:00,213.18,267.88,24.44,92.4,0.63
2019-10-29 08:00:00,421.58,502.55,26.79,82.1,1.25
2019-10-29 09:00:00,581.92,693.15,28.57,73.94,1.74
2019-10-29 10:00:00,711.33,832.28,29.84,68.35,2.04
2019-10-29 11:00:00,720.85,892.12,30.69,65.01,2.26
2019-10-29 12:00:00,697.38,890.78,31.08,63.21,2.44
2019-10-29 13:00:00,676.15,792.7,31.07,62.68,2.52
2019-10-29 14:00:00,529.5,626.97,30.8,63.16,2.51
2019-10-29 15:00:00,337.52,411.42,30.42,64.79,2.34
2019-10-29 16:00:00,153.93,180.82,29.56,70.83,1.7
2019-10-29 17:00:00,14.68,16.27,27.99,81.68,1.11
2019-10-29 18:00:00,0.0,0.0,26.62,87.55,0.83
2019-10-29 19:00:00,0.0,0.0,26.14,88.71,0.89
2019-10-29 20:00:00,0.0,0.0,25.7,89.86,0.96
2019-10-29 21:00:00,0.0,0.0,25.24,91.13,1.03
2019-10-29 22:00:00,0.0,0.0,24.84,92.38,1.06
2019-10-29 23:00:00,0.0,0.0,24.5,93.62,1.01
2019-10-30 00:00:00,0.0,0.0,24.17,94.86,0.9
2019-10-30 01:00:00,0.0,0.0,23.93,95.7,0.79
2019-10-30 02:00:00,0.0,0.0,23.69,96.29,0.7
2019-10-30 03:00:00,0.0,0.0,23.47,97.03,0.72
2019-10-30 04:00:00,0.0,0.0,23.3,97.74,0.86
2019-10-30 05:00:00,0.0,0.0,23.16,98.31,0.99
2019-10-30 06:00:00,77.35,78.07,23.46,97.16,1.18
2019-10-30 07:00:00,284.08,289.8,24.82,91.6,1.79
2019-10-30 08:00:00,508.6,520.1,26.86,81.03,2.02
2019-10-30 09:00:00,713.22,715.7,28.64,72.37,2.45
2019-10-30 10:00:00,847.35,851.0,29.83,67.36,2.79
2019-10-30 11:00:00,848.53,910.65,30.53,64.18,3.02
2019-10-30 12:00:00,784.3,892.15,30.66,63.37,3.16
2019-10-30 13:00:00,672.88,797.35,29.99,65.83,3.17
2019-10-30 14:00:00,488.62,636.67,29.28,69.7,3.16
2019-10-30 15:00:00,297.08,424.27,28.6,74.02,2.95
2019-10-30 16:00:00,131.4,192.48,27.75,80.6,2.17
2019-10-30 17:00:00,12.32,17.0,26.53,89.37,1.24
2019-10-30 18:00:00,0.0,0.0,25.7,92.52,1.08
2019-10-30 19:00:00,0.0,0.0,25.41,93.07,1.11
2019-10-30 20:00:00,0.0,0.0,25.14,93.58,1.19
2019-10-30 21:00:00,0.0,0.0,24.88,94.14,1.22
2019-10-30 22:00:00,0.0,0.0,24.61,94.76,1.21
2019-10-30 23:00:00,0.0,0.0,24.35,95.4,1.16
2019-10-31 00:00:00,0.0,0.0,24.09,96.07,1.11
2019-10-31 01:00:00,0.0,0.0,23.91,96.49,1.09
2019-10-31 02:00:00,0.0,0.0,23.77,96.85,1.07
2019-10-31 03:00:00,0.0,0.0,23.67,96.9,1.2
2019-10-31 04:00:00,0.0,0.0,23.59,97.02,1.4
2019-10-31 05:00:00,0.0,0.0,23.42,97.41,1.34
2019-10-31 06:00:00,47.97,80.65,23.57,97.11,1.39
2019-10-31 07:00:00,174.4,306.45,24.47,94.32,2.06
2019-10-31 08:00:00,326.2,538.65,25.74,89.56,2.16
2019-10-31 09:00:00,481.77,729.17,26.9,84.17,2.26
2019-10-31 10:00:00,586.83,859.85,27.65,80.27,2.31
2019-10-31 11:00:00,602.83,917.67,28.1,77.66,2.11
2019-10-31 12:00:00,585.45,889.3,28.33,75.8,1.63
2019-10-31 13:00:00,566.33,791.92,28.38,74.7,1.14
2019-10-31 14:00:00,491.62,631.0,28.24,74.57,0.77
2019-10-31 15:00:00,334.4,421.9,27.98,75.67,0.82
2019-10-31 16:00:00,159.7,189.23,27.67,79.29,0.88
2019-10-31 17:00:00,15.2,16.45,26.58,87.17,0.62
2019-10-31 18:00:00,0.0,0.0,25.8,87.88,0.65
2019-10-31 19:00:00,0.0,0.0,25.6,87.86,0.65
2019-10-31 20:00:00,0.0,0.0,25.25,89.37,0.66
2019-10-31 21:00:00,0.0,0.0,24.82,91.42,0.67
2019-10-31 22:00:00,0.0,0.0,24.45,93.3,0.68
2019-10-31 23:00:00,0.0,0.0,24.15,94.65,0.68
2019-11-01 00:00:00,0.0,0.0,23.91,95.64,0.68
2019-11-01 01:00:00,0.0,0.0,23.66,96.6,0.68
2019-11-01 02:00:00,0.0,0.0,23.42,97.74,0.71
2019-11-01 03:00:00,0.0,0.0,23.19,98.75,0.74
2019-11-01 04:00:00,0.0,0.0,22.96,99.64,0.77
2019-11-01 05:00:00,0.0,0.0,22.77,99.99,0.79
2019-11-01 06:00:00,81.05,81.62,23.14,98.39,1.0
2019-11-01 07:00:00,302.9,305.27,24.56,92.88,1.97
2019-11-01 08:00:00,532.8,536.58,26.46,85.05,1.93
2019-11-01 09:00:00,725.92,728.65,28.23,77.45,1.87
2019-11-01 10:00:00,858.22,858.67,29.48,72.27,1.93
2019-11-01 11:00:00,913.72,918.72,30.15,69.25,2.05
2019-11-01 12:00:00,887.97,896.47,30.53,67.27,2.13
2019-11-01 13:00:00,782.4,801.55,30.51,66.76,2.11
2019-11-01 14:00:00,610.62,638.9,30.33,67.08,2.02
2019-11-01 15:00:00,401.7,424.25,29.9,68.7,1.79
2019-11-01 16:00:00,184.4,188.82,29.19,74.0,1.26
2019-11-01 17:00:00,16.15,16.38,27.71,84.11,0.81
2019-11-01 18:00:00,0.0,0.0,26.62,84.85,0.77
2019-11-01 19:00:00,0.0,0.0,26.39,83.93,0.78
2019-11-01 20:00:00,0.0,0.0,26.33,81.86,0.73
2019-11-01 21:00:00,0.0,0.0,26.49,78.75,0.5
2019-11-01 22:00:00,0.0,0.0,26.58,77.15,0.16
2019-11-01 23:00:00,0.0,0.0,25.68,81.28,0.52
2019-11-02 00:00:00,0.0,0.0,24.65,86.42,0.76
2019-11-02 01:00:00,0.0,0.0,23.78,90.25,0.82
2019-11-02 02:00:00,0.0,0.0,23.13,92.67,0.85
2019-11-02 03:00:00,0.0,0.0,22.69,94.26,0.86
2019-11-02 04:00:00,0.0,0.0,22.28,96.19,0.86
2019-11-02 05:00:00,0.0,0.0,21.89,98.14,0.83
2019-11-02 06:00:00,72.38,74.8,22.26,97.24,0.91
2019-11-02 07:00:00,282.52,294.48,23.99,90.62,1.41
2019-11-02 08:00:00,508.05,525.55,26.85,78.71,0.92
2019-11-02 09:00:00,702.75,724.17,29.45,66.37,0.43
2019-11-02 10:00:00,845.72,853.83,30.92,59.48,0.56
2019-11-02 11:00:00,897.2,910.15,31.86,55.59,1.3
2019-11-02 12:00:00,871.03,897.58,32.37,53.39,1.75
2019-11-02 13:00:00,780.28,796.65,32.51,52.16,1.95
2019-11-02 14:00:00,627.28,632.38,32.33,51.93,1.99
2019-11-02 15:00:00,410.8,415.4,31.92,52.65,1.9
2019-11-02 16:00:00,179.32,182.3,31.08,57.17,1.44
2019-11-02 17:00:00,15.55,15.62,28.94,72.17,1.03
2019-11-02 18:00:00,0.0,0.0,27.1,79.29,0.91
2019-11-02 19:00:00,0.0,0.0,26.38,80.79,1.07
2019-11-02 20:00:00,0.0,0.0,25.73,82.22,1.35
2019-11-02 21:00:00,0.0,0.0,25.18,84.53,1.69
2019-11-02 22:00:00,0.0,0.0,24.73,88.18,1.87
2019-11-02 23:00:00,0.0,0.0,24.39,91.76,1.85
2019-11-03 00:00:00,0.0,0.0,24.15,94.03,1.78
2019-11-03 01:00:00,0.0,0.0,23.96,95.44,1.71
2019-11-03 02:00:00,0.0,0.0,23.81,96.13,1.63
2019-11-03 03:00:00,0.0,0.0,23.71,96.19,1.7
2019-11-03 04:00:00,0.0,0.0,23.6,96.06,1.82
2019-11-03 05:00:00,0.0,0.0,23.45,96.11,1.77
2019-11-03 06:00:00,56.47,71.03,23.54,95.17,1.97
2019-11-03 07:00:00,215.55,284.8,24.46,90.67,2.39
2019-11-03 08:00:00,423.6,511.73,26.01,78.95,2.59
2019-11-03 09:00:00,567.78,708.38,27.67,70.1,2.4
2019-11-03 10:00:00,779.6,840.6,29.23,63.74,2.09
2019-11-03 11:00:00,845.78,897.7,30.6,59.12,2.14
2019-11-03 12:00:00,822.8,866.03,31.39,56.67,2.37
2019-11-03 13:00:00,673.97,766.78,31.64,55.67,2.45
2019-11-03 14:00:00,489.77,601.22,31.68,55.39,2.38
2019-11-03 15:00:00,250.35,387.27,31.4,56.48,2.13
2019-11-03 16:00:00,101.45,163.88,30.77,61.44,1.47
2019-11-03 17:00:00,8.27,13.9,29.02,74.5,0.98
2019-11-03 18:00:00,0.0,0.0,27.81,78.71,0.76
2019-11-03 19:00:00,0.0,0.0,27.37,79.28,0.77
2019-11-03 20:00:00,0.0,0.0,26.72,81.7,0.82
2019-11-03 21:00:00,0.0,0.0,26.03,84.75,0.86
2019-11-03 22:00:00,0.0,0.0,25.37,87.5,0.85
2019-11-03 23:00:00,0.0,0.0,24.9,89.81,0.8
2019-11-04 00:00:00,0.0,0.0,24.5,91.69,0.73
2019-11-04 01:00:00,0.0,0.0,24.12,93.13,0.68
2019-11-04 02:00:00,0.0,0.0,23.77,93.96,0.63
2019-11-04 03:00:00,0.0,0.0,23.52,94.95,0.6
2019-11-04 04:00:00,0.0,0.0,23.3,95.9,0.58
2019-11-04 05:00:00,0.0,0.0,23.11,96.67,0.59
2019-11-04 06:00:00,65.53,68.9,23.42,96.4,0.67
2019-11-04 07:00:00,270.65,280.52,24.9,90.19,1.2
2019-11-04 08:00:00,508.17,510.08,27.16,79.24,1.52
2019-11-04 09:00:00,700.92,703.33,28.89,71.37,1.27
2019-11-04 10:00:00,835.67,837.47,30.22,65.83,1.45
2019-11-04 11:00:00,890.05,894.67,31.0,62.73,1.96
2019-11-04 12:00:00,885.6,888.47,31.34,61.17,2.24
2019-11-04 13:00:00,793.25,795.97,31.35,60.81,2.23
2019-11-04 14:00:00,630.78,632.47,31.1,61.46,1.98
2019-11-04 15:00:00,418.77,419.95,30.6,63.76,1.63
2019-11-04 16:00:00,189.85,190.45,29.92,69.38,1.09
2019-11-04 17:00:00,15.75,15.77,28.71,78.58,0.68
2019-11-04 18:00:00,0.0,0.0,28.29,74.28,0.45
2019-11-04 19:00:00,0.0,0.0,28.1,73.84,0.22
2019-11-04 20:00:00,0.0,0.0,27.64,74.38,0.37
2019-11-04 21:00:00,0.0,0.0,26.97,76.37,0.55
2019-11-04 22:00:00,0.0,0.0,26.24,78.99,0.65
2019-11-04 23:00:00,0.0,0.0,25.56,81.55,0.68
2019-11-05 00:00:00,0.0,0.0,24.75,85.38,0.65
2019-11-05 01:00:00,0.0,0.0,24.21,87.36,0.65
2019-11-05 02:00:00,0.0,0.0,23.7,89.3,0.63
2019-11-05 03:00:00,0.0,0.0,23.34,90.59,0.59
2019-11-05 04:00:00,0.0,0.0,23.1,91.72,0.49
2019-11-05 05:00:00,0.0,0.0,22.8,93.05,0.33
2019-11-05 06:00:00,79.93,80.0,22.95,93.95,0.14
2019-11-05 07:00:00,304.52,304.83,24.46,88.14,0.06
2019-11-05 08:00:00,537.12,537.62,27.86,72.21,0.6
2019-11-05 09:00:00,731.95,732.7,29.8,64.43,0.6
2019-11-05 10:00:00,871.8,872.22,31.16,58.05,0.56
2019-11-05 11:00:00,925.85,926.22,32.24,52.31,0.8
2019-11-05 12:00:00,892.33,892.65,32.91,48.39,1.14
2019-11-05 13:00:00,797.65,800.58,33.17,46.13,1.46
2019-11-05 14:00:00,629.17,631.6,33.0,45.67,1.64
2019-11-05 15:00:00,412.02,415.8,32.55,46.32,1.57
2019-11-05 16:00:00,180.27,181.57,31.94,49.64,1.1
2019-11-05 17:00:00,14.93,14.98,29.88,63.26,0.79
2019-11-05 18:00:00,0.0,0.0,28.57,62.63,0.74
2019-11-05 19:00:00,0.0,0.0,28.26,61.45,0.67
2019-11-05 20:00:00,0.0,0.0,27.87,61.28,0.62
2019-11-05 21:00:00,0.0,0.0,27.17,63.55,0.59
2019-11-05 22:00:00,0.0,0.0,26.53,65.44,0.64
2019-11-05 23:00:00,0.0,0.0,26.02,66.53,0.7
2019-11-06 00:00:00,0.0,0.0,25.36,68.85,0.65
2019-11-06 01:00:00,0.0,0.0,24.96,69.32,0.57
2019-11-06 02:00:00,0.0,0.0,24.79,68.29,0.44
2019-11-06 03:00:00,0.0,0.0,24.51,68.26,0.28
2019-11-06 04:00:00,0.0,0.0,23.82,71.63,0.18
2019-11-06 05:00:00,0.0,0.0,23.21,74.68,0.2
2019-11-06 06:00:00,68.62,69.38,23.12,78.29,0.17
2019-11-06 07:00:00,274.92,281.15,24.23,76.18,0.17
2019-11-06 08:00:00,499.6,512.65,26.48,67.86,0.21
2019-11-06 09:00:00,688.0,707.0,30.19,54.63,0.49
2019-11-06 10:00:00,795.9,839.4,31.96,49.77,0.23
2019-11-06 11:00:00,864.67,899.22,32.97,47.1,0.98
2019-11-06 12:00:00,847.55,872.88,33.54,45.84,1.39
2019-11-06 13:00:00,759.83,775.53,33.75,45.36,1.58
2019-11-06 14:00:00,594.3,609.9,33.58,45.94,1.59
2019-11-06 15:00:00,382.85,396.85,33.13,47.37,1.5
2019-11-06 16:00:00,164.82,170.82,32.47,51.63,1.09
2019-11-06 17:00:00,13.65,14.02,30.57,62.55,0.86
2019-11-06 18:00:00,0.0,0.0,29.25,64.64,0.73
2019-11-06 19:00:00,0.0,0.0,28.92,63.86,0.64
2019-11-06 20:00:00,0.0,0.0,28.84,61.52,0.51
2019-11-06 21:00:00,0.0,0.0,28.42,62.69,0.32
2019-11-06 22:00:00,0.0,0.0,28.06,63.01,0.33
2019-11-06 23:00:00,0.0,0.0,27.03,67.64,0.5
2019-11-07 00:00:00,0.0,0.0,26.09,72.74,0.69
2019-11-07 01:00:00,0.0,0.0,25.16,77.85,0.8
2019-11-07 02:00:00,0.0,0.0,24.32,82.65,0.82
2019-11-07 03:00:00,0.0,0.0,23.62,86.5,0.81
2019-11-07 04:00:00,0.0,0.0,23.04,89.48,0.82
2019-11-07 05:00:00,0.0,0.0,22.59,91.82,0.81
2019-11-07 06:00:00,68.8,69.03,22.92,92.85,0.92
2019-11-07 07:00:00,275.02,275.7,24.95,84.2,1.82
2019-11-07 08:00:00,504.65,505.3,27.94,72.5,1.86
2019-11-07 09:00:00,705.85,706.28,30.72,61.34,1.89
2019-11-07 10:00:00,843.95,844.1,32.19,56.67,1.44
2019-11-07 11:00:00,899.47,901.65,33.25,52.61,1.31
2019-11-07 12:00:00,896.9,899.15,33.9,49.77,1.48
2019-11-07 13:00:00,789.78,802.97,34.17,48.29,1.64
2019-11-07 14:00:00,631.25,641.2,34.04,48.03,1.7
2019-11-07 15:00:00,413.4,427.45,33.6,48.95,1.62
2019-11-07 16:00:00,189.12,191.38,32.83,53.06,1.22
2019-11-07 17:00:00,15.52,15.73,30.82,65.3,0.92
2019-11-07 18:00:00,0.0,0.0,29.14,71.72,0.78
2019-11-07 19:00:00,0.0,0.0,28.6,73.22,0.76
2019-11-07 20:00:00,0.0,0.0,28.09,73.74,0.76
2019-11-07 21:00:00,0.0,0.0,27.57,73.57,0.76
2019-11-07 22:00:00,0.0,0.0,27.11,72.96,0.75
2019-11-07 23:00:00,0.0,0.0,26.67,72.79,0.72
2019-11-08 00:00:00,0.0,0.0,26.04,74.63,0.67
2019-11-08 01:00:00,0.0,0.0,25.29,77.74,0.7
2019-11-08 02:00:00,0.0,0.0,24.39,82.15,0.78
2019-11-08 03:00:00,0.0,0.0,23.51,86.87,0.82
2019-11-08 04:00:00,0.0,0.0,22.85,90.38,0.85
2019-11-08 05:00:00,0.0,0.0,22.41,92.77,0.87
2019-11-08 06:00:00,75.7,76.5,22.89,93.37,1.02
2019-11-08 07:00:00,294.3,297.12,25.24,84.4,2.12
2019-11-08 08:00:00,525.0,530.3,28.16,72.83,2.29
2019-11-08 09:00:00,724.92,728.8,30.58,63.53,2.28
2019-11-08 10:00:00,856.05,860.78,32.22,56.97,2.05
2019-11-08 11:00:00,896.08,919.08,33.28,52.31,1.96
2019-11-08 12:00:00,865.47,898.92,33.88,49.66,1.98
2019-11-08 13:00:00,770.72,802.8,34.06,48.25,2.09
2019-11-08 14:00:00,622.42,639.33,33.85,48.06,2.19
2019-11-08 15:00:00,400.1,423.73,33.33,48.9,2.18
2019-11-08 16:00:00,178.95,187.18,32.29,53.82,1.67
2019-11-08 17:00:00,14.45,15.0,30.03,69.01,1.07
2019-11-08 18:00:00,0.0,0.0,28.35,74.51,0.85
2019-11-08 19:00:00,0.0,0.0,27.85,75.48,0.84
2019-11-08 20:00:00,0.0,0.0,27.33,76.79,0.83
2019-11-08 21:00:00,0.0,0.0,26.79,78.39,0.82
2019-11-08 22:00:00,0.0,0.0,26.27,79.81,0.79
2019-11-08 23:00:00,0.0,0.0,25.73,81.34,0.75
2019-11-09 00:00:00,0.0,0.0,25.26,82.91,0.7
2019-11-09 01:00:00,0.0,0.0,24.82,83.97,0.65
2019-11-09 02:00:00,0.0,0.0,24.41,84.49,0.62
2019-11-09 03:00:00,0.0,0.0,23.97,85.07,0.62
2019-11-09 04:00:00,0.0,0.0,23.44,86.23,0.65
2019-11-09 05:00:00,0.0,0.0,22.89,88.35,0.7
2019-11-09 06:00:00,72.15,72.2,23.0,90.83,0.74
2019-11-09 07:00:00,291.12,291.38,25.0,82.28,1.33
2019-11-09 08:00:00,524.42,524.75,28.11,68.25,1.48
2019-11-09 09:00:00,718.28,718.65,30.7,58.3,1.61
2019-11-09 10:00:00,852.62,853.0,32.44,51.7,1.77
2019-11-09 11:00:00,905.9,910.4,33.55,47.13,1.97
2019-11-09 12:00:00,904.97,911.62,34.16,44.64,2.06
2019-11-09 13:00:00,813.67,817.62,34.4,43.33,2.03
2019-11-09 14:00:00,639.38,656.03,34.26,43.13,1.93
2019-11-09 15:00:00,427.35,441.08,33.73,44.0,1.75
2019-11-09 16:00:00,194.02,199.52,32.91,48.47,1.25
2019-11-09 17:00:00,16.12,16.38,30.46,63.27,0.93
2019-11-09 18:00:00,0.0,0.0,28.25,69.4,0.92
2019-11-09 19:00:00,0.0,0.0,27.22,72.85,0.94
2019-11-09 20:00:00,0.0,0.0,26.38,75.3,0.96
2019-11-09 21:00:00,0.0,0.0,25.72,76.94,0.96
2019-11-09 22:00:00,0.0,0.0,25.25,77.54,0.94
2019-11-09 23:00:00,0.0,0.0,24.94,77.08,0.94
2019-11-10 00:00:00,0.0,0.0,24.71,76.16,0.91
2019-11-10 01:00:00,0.0,0.0,24.59,74.71,0.83
2019-11-10 02:00:00,0.0,0.0,24.45,73.63,0.69
2019-11-10 03:00:00,0.0,0.0,24.1,74.19,0.5
2019-11-10 04:00:00,0.0,0.0,23.9,73.95,0.46
2019-11-10 05:00:00,0.0,0.0,23.44,75.57,0.46
2019-11-10 06:00:00,70.12,73.47,23.3,79.98,0.42
2019-11-10 07:00:00,283.92,295.45,24.71,74.17,0.6
2019-11-10 08:00:00,510.17,524.03,26.92,69.25,0.52
2019-11-10 09:00:00,708.0,715.15,31.39,49.44,0.73
2019-11-10 10:00:00,828.62,844.72,33.14,43.93,1.23
2019-11-10 11:00:00,870.25,902.6,33.94,42.69,1.42
2019-11-10 12:00:00,757.3,837.03,34.41,42.3,1.53
2019-11-10 13:00:00,643.35,743.85,34.51,42.72,1.64
2019-11-10 14:00:00,518.22,583.17,34.3,43.8,1.7
2019-11-10 15:00:00,345.9,378.8,33.59,46.28,1.65
2019-11-10 16:00:00,145.62,157.95,32.83,50.99,1.21
2019-11-10 17:00:00,13.1,12.98,30.83,63.89,0.89
2019-11-10 18:00:00,0.0,0.0,29.48,66.72,0.78
2019-11-10 19:00:00,0.0,0.0,29.2,65.47,0.74
2019-11-10 20:00:00,0.0,0.0,29.12,63.14,0.6
2019-11-10 21:00:00,0.0,0.0,29.12,60.61,0.32
2019-11-10 22:00:00,0.0,0.0,28.43,63.4,0.43
2019-11-10 23:00:00,0.0,0.0,27.07,71.28,0.74
2019-11-11 00:00:00,0.0,0.0,25.68,79.21,0.86
2019-11-11 01:00:00,0.0,0.0,24.74,83.86,0.89
2019-11-11 02:00:00,0.0,0.0,24.11,86.51,0.96
2019-11-11 03:00:00,0.0,0.0,23.62,88.89,1.04
2019-11-11 04:00:00,0.0,0.0,23.22,91.22,1.09
2019-11-11 05:00:00,0.0,0.0,22.88,93.54,1.11
2019-11-11 06:00:00,49.5,64.32,23.2,93.72,1.36
2019-11-11 07:00:00,204.62,281.33,25.01,86.74,2.28
2019-11-11 08:00:00,390.25,509.12,27.71,74.96,2.22
2019-11-11 09:00:00,555.33,698.08,30.5,62.17,2.2
2019-11-11 10:00:00,679.75,830.75,32.43,53.93,1.61
2019-11-11 11:00:00,752.17,890.08,33.58,49.43,1.13
2019-11-11 12:00:00,689.65,844.35,34.25,46.59,1.12
2019-11-11 13:00:00,569.17,748.1,34.43,45.36,1.3
2019-11-11 14:00:00,454.55,584.92,34.32,45.38,1.36
2019-11-11 15:00:00,310.27,374.23,33.79,46.81,1.36
2019-11-11 16:00:00,138.93,152.88,33.06,51.67,1.06
2019-11-11 17:00:00,13.98,12.55,31.03,63.75,0.9
2019-11-11 18:00:00,0.0,0.0,29.1,70.56,0.83
2019-11-11 19:00:00,0.0,0.0,28.28,73.51,0.85
2019-11-11 20:00:00,0.0,0.0,27.83,75.01,0.82
2019-11-11 21:00:00,0.0,0.0,27.72,74.75,0.74
2019-11-11 22:00:00,0.0,0.0,27.58,74.18,0.67
2019-11-11 23:00:00,0.0,0.0,27.02,76.97,0.69
2019-11-12 00:00:00,0.0,0.0,26.13,82.27,0.73
2019-11-12 01:00:00,0.0,0.0,25.37,86.15,0.78
2019-11-12 02:00:00,0.0,0.0,24.85,88.57,0.86
2019-11-12 03:00:00,0.0,0.0,24.47,90.75,0.95
2019-11-12 04:00:00,0.0,0.0,24.17,92.84,1.0
2019-11-12 05:00:00,0.0,0.0,23.92,94.72,0.96
2019-11-12 06:00:00,49.03,55.28,24.09,95.08,1.06
2019-11-12 07:00:00,200.55,250.02,25.35,89.82,1.72
2019-11-12 08:00:00,375.52,472.35,27.43,79.48,1.97
2019-11-12 09:00:00,561.53,665.0,29.71,68.69,1.84
2019-11-12 10:00:00,703.72,798.72,31.46,61.02,0.94
2019-11-12 11:00:00,748.2,861.47,32.62,55.41,0.2
2019-11-12 12:00:00,721.7,830.58,33.23,52.42,0.62
2019-11-12 13:00:00,684.22,738.92,33.45,50.98,0.94
2019-11-12 14:00:00,523.45,581.53,33.29,50.93,1.15
2019-11-12 15:00:00,329.7,376.65,32.83,52.19,1.36
2019-11-12 16:00:00,144.9,160.93,31.83,57.64,1.32
2019-11-12 17:00:00,12.5,12.77,29.82,71.14,1.01
2019-11-12 18:00:00,0.0,0.0,27.76,79.35,0.9
2019-11-12 19:00:00,0.0,0.0,27.08,80.83,1.03
2019-11-12 20:00:00,0.0,0.0,26.57,82.16,1.12
2019-11-12 21:00:00,0.0,0.0,26.14,83.8,1.1
2019-11-12 22:00:00,0.0,0.0,25.75,85.45,1.03
2019-11-12 23:00:00,0.0,0.0,25.36,86.81,0.96
2019-11-13 00:00:00,0.0,0.0,25.05,87.94,0.9
2019-11-13 01:00:00,0.0,0.0,24.81,88.9,0.86
2019-11-13 02:00:00,0.0,0.0,24.57,89.88,0.81
2019-11-13 03:00:00,0.0,0.0,24.34,90.89,0.78
2019-11-13 04:00:00,0.0,0.0,24.03,92.08,0.77
2019-11-13 05:00:00,0.0,0.0,23.74,93.22,0.75
2019-11-13 06:00:00,56.75,58.95,23.99,93.2,0.85
2019-11-13 07:00:00,235.43,260.17,25.35,87.2,1.48
2019-11-13 08:00:00,431.95,484.75,27.69,76.39,1.74
2019-11-13 09:00:00,613.5,676.67,29.64,67.64,1.55
2019-11-13 10:00:00,767.28,807.9,30.97,62.22,1.08
2019-11-13 11:00:00,806.72,866.6,31.83,58.4,0.93
2019-11-13 12:00:00,694.4,843.28,32.23,55.99,1.04
2019-11-13 13:00:00,596.28,751.15,32.41,54.46,1.15
2019-11-13 14:00:00,450.15,592.58,32.3,54.04,1.25
2019-11-13 15:00:00,287.95,384.12,31.81,55.29,1.33
2019-11-13 16:00:00,126.15,161.88,30.91,60.51,1.14
2019-11-13 17:00:00,11.48,12.93,29.59,70.3,0.85
2019-11-13 18:00:00,0.0,0.0,28.17,79.72,0.65
2019-11-13 19:00:00,0.0,0.0,27.63,80.81,0.69
2019-11-13 20:00:00,0.0,0.0,27.04,82.0,0.77
2019-11-13 21:00:00,0.0,0.0,26.51,83.16,0.83
2019-11-13 22:00:00,0.0,0.0,25.99,84.26,0.87
2019-11-13 23:00:00,0.0,0.0,25.55,85.17,0.94
2019-11-14 00:00:00,0.0,0.0,25.14,86.14,1.0
2019-11-14 01:00:00,0.0,0.0,24.77,87.06,1.07
2019-11-14 02:00:00,0.0,0.0,24.42,88.1,1.11
2019-11-14 03:00:00,0.0,0.0,24.06,89.44,1.1
2019-11-14 04:00:00,0.0,0.0,23.72,90.93,1.09
2019-11-14 05:00:00,0.0,0.0,23.37,92.42,1.11
2019-11-14 06:00:00,52.75,59.08,23.51,92.33,1.34
2019-11-14 07:00:00,218.95,261.27,24.91,87.08,1.87
2019-11-14 08:00:00,415.83,485.25,27.7,75.16,1.68
2019-11-14 09:00:00,601.78,676.83,30.52,61.07,1.89
2019-11-14 10:00:00,741.92,814.83,31.89,55.31,1.92
2019-11-14 11:00:00,820.33,876.12,32.84,50.94,2.07
2019-11-14 12:00:00,765.88,873.35,33.41,47.87,2.23
2019-11-14 13:00:00,738.2,779.5,33.6,46.15,2.34
2019-11-14 14:00:00,571.7,618.53,33.37,45.91,2.38
2019-11-14 15:00:00,372.75,407.73,32.76,47.0,2.35
2019-11-14 16:00:00,165.5,178.32,31.52,53.36,1.88
2019-11-14 17:00:00,13.7,13.9,29.0,69.0,1.27
2019-11-14 18:00:00,0.0,0.0,27.06,74.13,1.17
2019-11-14 19:00:00,0.0,0.0,26.35,75.11,1.26
2019-11-14 20:00:00,0.0,0.0,25.65,76.72,1.24
2019-11-14 21:00:00,0.0,0.0,25.02,78.34,1.15
2019-11-14 22:00:00,0.0,0.0,24.51,79.74,1.01
2019-11-14 23:00:00,0.0,0.0,24.13,80.56,0.89
2019-11-15 00:00:00,0.0,0.0,23.78,80.8,0.84
2019-11-15 01:00:00,0.0,0.0,23.29,81.58,0.81
2019-11-15 02:00:00,0.0,0.0,22.65,83.45,0.81
2019-11-15 03:00:00,0.0,0.0,21.99,85.26,0.85
2019-11-15 04:00:00,0.0,0.0,21.37,86.29,0.93
2019-11-15 05:00:00,0.0,0.0,20.84,86.78,0.98
2019-11-15 06:00:00,62.75,64.97,20.99,85.24,1.2
2019-11-15 07:00:00,268.17,283.15,22.81,73.56,2.07
2019-11-15 08:00:00,489.5,513.25,25.29,64.97,1.74
2019-11-15 09:00:00,695.62,707.35,28.65,51.17,1.87
2019-11-15 10:00:00,833.6,838.67,31.4,40.77,2.11
2019-11-15 11:00:00,890.25,899.45,32.83,36.6,2.29
2019-11-15 12:00:00,892.9,894.1,33.67,34.4,2.4
2019-11-15 13:00:00,797.8,800.7,34.01,33.55,2.44
2019-11-15 14:00:00,632.3,638.12,33.86,34.06,2.41
2019-11-15 15:00:00,418.67,424.05,33.21,36.02,2.27
2019-11-15 16:00:00,185.25,187.15,32.15,41.38,1.7
2019-11-15 17:00:00,14.4,14.45,29.36,59.36,1.08
2019-11-15 18:00:00,0.0,0.0,27.35,65.81,0.97
2019-11-15 19:00:00,0.0,0.0,26.66,67.42,0.97
2019-11-15 20:00:00,0.0,0.0,26.09,68.79,0.95
2019-11-15 21:00:00,0.0,0.0,25.75,69.93,0.9
2019-11-15 22:00:00,0.0,0.0,25.53,70.37,0.85
2019-11-15 23:00:00,0.0,0.0,25.35,70.23,0.8
2019-11-16 00:00:00,0.0,0.0,25.04,71.25,0.74
2019-11-16 01:00:00,0.0,0.0,24.52,74.06,0.72
2019-11-16 02:00:00,0.0,0.0,23.93,77.43,0.75
2019-11-16 03:00:00,0.0,0.0,23.39,80.68,0.78
2019-11-16 04:00:00,0.0,0.0,23.07,82.99,0.77
2019-11-16 05:00:00,0.0,0.0,22.9,84.51,0.74
2019-11-16 06:00:00,56.88,58.12,23.16,86.45,0.66
2019-11-16 07:00:00,252.07,259.02,24.73,77.62,1.03
2019-11-16 08:00:00,473.77,480.27,27.42,67.44,1.45
2019-11-16 09:00:00,665.17,670.6,30.14,58.16,1.56
2019-11-16 10:00:00,798.75,804.42,31.83,52.86,1.03
2019-11-16 11:00:00,863.42,864.9,33.0,49.09,0.86
2019-11-16 12:00:00,892.78,894.75,33.71,46.81,1.19
2019-11-16 13:00:00,790.17,801.8,33.93,45.84,1.44
2019-11-16 14:00:00,632.0,641.75,33.68,46.19,1.56
2019-11-16 15:00:00,414.23,429.4,33.0,47.79,1.59
2019-11-16 16:00:00,189.1,192.8,31.98,53.69,1.24
2019-11-16 17:00:00,15.15,15.43,30.11,66.5,0.98
2019-11-16 18:00:00,0.0,0.0,28.51,72.99,0.84
2019-11-16 19:00:00,0.0,0.0,27.97,73.78,0.88
2019-11-16 20:00:00,0.0,0.0,27.41,74.79,0.87
2019-11-16 21:00:00,0.0,0.0,26.98,75.11,0.83
2019-11-16 22:00:00,0.0,0.0,27.01,72.6,0.74
2019-11-16 23:00:00,0.0,0.0,27.08,69.71,0.53
2019-11-17 00:00:00,0.0,0.0,26.82,69.54,0.44
2019-11-17 01:00:00,0.0,0.0,26.0,72.8,0.65
2019-11-17 02:00:00,0.0,0.0,25.24,76.02,0.73
2019-11-17 03:00:00,0.0,0.0,24.75,77.87,0.64
2019-11-17 04:00:00,0.0,0.0,24.44,78.73,0.46
2019-11-17 05:00:00,0.0,0.0,23.74,82.73,0.44
2019-11-17 06:00:00,64.85,65.05,23.43,87.07,0.57
2019-11-17 07:00:00,276.75,277.6,24.66,79.17,1.38
2019-11-17 08:00:00,503.6,504.73,26.4,72.22,1.01
2019-11-17 09:00:00,696.67,696.85,28.57,63.3,0.74
2019-11-17 10:00:00,830.38,833.67,30.89,54.91,1.04
2019-11-17 11:00:00,890.38,894.55,32.54,49.46,1.5
2019-11-17 12:00:00,870.78,871.15,33.42,46.9,1.74
2019-11-17 13:00:00,775.75,779.03,33.78,45.6,1.93
2019-11-17 14:00:00,614.9,618.55,33.74,45.19,2.05
2019-11-17 15:00:00,404.35,406.75,33.28,45.88,2.08
2019-11-17 16:00:00,174.93,175.62,32.21,51.53,1.65
2019-11-17 17:00:00,13.73,13.7,29.71,68.85,0.98
2019-11-17 18:00:00,0.0,0.0,27.88,73.07,0.91
2019-11-17 19:00:00,0.0,0.0,27.33,73.74,0.91
2019-11-17 20:00:00,0.0,0.0,27.07,73.17,0.89
2019-11-17 21:00:00,0.0,0.0,27.12,71.67,0.8
2019-11-17 22:00:00,0.0,0.0,27.12,70.06,0.64
2019-11-17 23:00:00,0.0,0.0,27.08,67.97,0.44
2019-11-18 00:00:00,0.0,0.0,26.59,69.88,0.25
2019-11-18 01:00:00,0.0,0.0,25.8,72.9,0.15
2019-11-18 02:00:00,0.0,0.0,24.91,74.6,0.03
2019-11-18 03:00:00,0.0,0.0,24.28,76.43,0.18
2019-11-18 04:00:00,0.0,0.0,23.42,80.29,0.41
2019-11-18 05:00:00,0.0,0.0,22.56,84.0,0.55
2019-11-18 06:00:00,57.92,58.5,22.53,85.64,0.63
2019-11-18 07:00:00,256.3,267.62,24.16,76.52,1.11
2019-11-18 08:00:00,479.92,495.98,26.6,67.53,0.76
2019-11-18 09:00:00,656.45,688.9,30.39,51.7,0.48
2019-11-18 10:00:00,771.35,825.65,32.59,43.82,0.46
2019-11-18 11:00:00,853.78,886.7,33.8,39.89,0.88
2019-11-18 12:00:00,850.8,881.5,34.54,37.65,1.41
2019-11-18 13:00:00,745.92,791.5,34.83,36.62,1.79
2019-11-18 14:00:00,597.55,631.0,34.64,36.71,2.04
2019-11-18 15:00:00,386.58,420.23,33.94,38.4,2.09
2019-11-18 16:00:00,173.6,186.2,32.69,44.08,1.62
2019-11-18 17:00:00,14.23,14.5,29.76,61.79,1.08
2019-11-18 18:00:00,0.0,0.0,27.81,67.56,0.97
2019-11-18 19:00:00,0.0,0.0,27.15,69.28,0.93
2019-11-18 20:00:00,0.0,0.0,26.87,69.11,0.87
2019-11-18 21:00:00,0.0,0.0,27.12,64.52,0.7
2019-11-18 22:00:00,0.0,0.0,27.17,61.12,0.42
2019-11-18 23:00:00,0.0,0.0,25.98,67.14,0.67
2019-11-19 00:00:00,0.0,0.0,24.53,76.21,0.88
2019-11-19 01:00:00,0.0,0.0,23.53,83.47,0.9
2019-11-19 02:00:00,0.0,0.0,23.01,88.16,0.91
2019-11-19 03:00:00,0.0,0.0,22.64,92.41,0.89
2019-11-19 04:00:00,0.0,0.0,22.26,97.26,0.85
2019-11-19 05:00:00,0.0,0.0,21.93,100.0,0.87
2019-11-19 06:00:00,58.3,58.8,22.38,96.97,1.34
2019-11-19 07:00:00,268.77,271.67,24.38,85.39,2.5
2019-11-19 08:00:00,496.17,498.02,27.03,72.84,2.36
2019-11-19 09:00:00,695.75,695.92,29.53,62.91,1.87
2019-11-19 10:00:00,748.47,832.33,31.67,54.22,0.97
2019-11-19 11:00:00,885.2,891.05,33.31,48.38,0.76
2019-11-19 12:00:00,832.75,859.88,34.25,45.57,1.45
2019-11-19 13:00:00,715.2,766.0,34.57,44.7,1.74
2019-11-19 14:00:00,559.0,610.72,34.23,45.41,1.82
2019-11-19 15:00:00,357.38,397.85,33.45,47.79,1.79
2019-11-19 16:00:00,156.88,169.2,32.28,53.66,1.39
2019-11-19 17:00:00,12.88,13.35,30.27,67.2,0.97
2019-11-19 18:00:00,0.0,0.0,28.77,74.59,0.79
2019-11-19 19:00:00,0.0,0.0,28.13,76.06,0.8
2019-11-19 20:00:00,0.0,0.0,27.57,77.24,0.78
2019-11-19 21:00:00,0.0,0.0,27.04,76.91,0.79
2019-11-19 22:00:00,0.0,0.0,26.76,75.77,0.81
2019-11-19 23:00:00,0.0,0.0,26.4,75.46,0.82
2019-11-20 00:00:00,0.0,0.0,25.86,76.6,0.84
2019-11-20 01:00:00,0.0,0.0,25.18,78.68,0.86
2019-11-20 02:00:00,0.0,0.0,24.48,80.74,0.88
2019-11-20 03:00:00,0.0,0.0,23.82,81.93,0.94
2019-11-20 04:00:00,0.0,0.0,23.19,82.09,1.11
2019-11-20 05:00:00,0.0,0.0,22.55,80.86,1.42
2019-11-20 06:00:00,58.25,59.62,22.29,77.37,2.06
2019-11-20 07:00:00,267.17,274.1,23.48,69.16,2.73
2019-11-20 08:00:00,496.58,506.5,25.93,62.35,2.14
2019-11-20 09:00:00,694.22,701.75,29.29,51.08,1.92
2019-11-20 10:00:00,834.28,837.58,32.33,44.02,1.56
2019-11-20 11:00:00,895.22,900.65,33.86,41.14,1.61
2019-11-20 12:00:00,843.38,862.75,34.69,39.7,1.91
2019-11-20 13:00:00,726.33,772.25,35.08,39.2,2.22
2019-11-20 14:00:00,598.42,615.45,34.95,39.48,2.39
2019-11-20 15:00:00,382.52,403.95,34.26,41.16,2.45
2019-11-20 16:00:00,167.73,172.82,32.82,47.82,2.0
2019-11-20 17:00:00,13.5,13.65,29.88,65.47,1.22
2019-11-20 18:00:00,0.0,0.0,27.91,70.6,1.05
2019-11-20 19:00:00,0.0,0.0,27.32,72.11,1.01
2019-11-20 20:00:00,0.0,0.0,27.0,72.46,0.95
2019-11-20 21:00:00,0.0,0.0,27.13,69.89,0.9
2019-11-20 22:00:00,0.0,0.0,27.51,65.74,0.74
2019-11-20 23:00:00,0.0,0.0,27.55,63.78,0.63
2019-11-21 00:00:00,0.0,0.0,26.49,68.65,0.82
2019-11-21 01:00:00,0.0,0.0,24.93,75.3,0.95
2019-11-21 02:00:00,0.0,0.0,23.98,74.18,1.28
2019-11-21 03:00:00,0.0,0.0,23.21,71.32,1.81
2019-11-21 04:00:00,0.0,0.0,22.27,71.97,2.06
2019-11-21 05:00:00,0.0,0.0,21.32,75.88,1.86
2019-11-21 06:00:00,48.15,51.15,20.95,78.17,1.85
2019-11-21 07:00:00,213.77,249.2,22.12,73.64,1.93
2019-11-21 08:00:00,412.88,474.6,24.85,65.8,1.41
2019-11-21 09:00:00,577.97,668.67,28.28,52.86,1.47
2019-11-21 10:00:00,703.35,803.8,31.66,44.36,1.43
2019-11-21 11:00:00,758.78,864.9,33.57,41.67,1.49
2019-11-21 12:00:00,756.1,862.6,34.41,40.34,1.68
2019-11-21 13:00:00,688.22,768.7,34.8,39.36,1.91
2019-11-21 14:00:00,530.35,606.3,34.69,39.38,2.03
2019-11-21 15:00:00,311.98,394.08,34.13,40.56,1.99
2019-11-21 16:00:00,130.68,165.88,32.97,46.47,1.45
2019-11-21 17:00:00,11.15,13.05,30.42,63.21,0.93
2019-11-21 18:00:00,0.0,0.0,28.47,68.48,0.85
2019-11-21 19:00:00,0.0,0.0,27.98,69.03,0.83
2019-11-21 20:00:00,0.0,0.0,28.17,66.14,0.72
2019-11-21 21:00:00,0.0,0.0,28.47,62.27,0.41
2019-11-21 22:00:00,0.0,0.0,27.91,65.03,0.47
2019-11-21 23:00:00,0.0,0.0,26.17,76.23,0.79
2019-11-22 00:00:00,0.0,0.0,25.05,82.72,0.95
2019-11-22 01:00:00,0.0,0.0,24.55,86.61,1.19
2019-11-22 02:00:00,0.0,0.0,24.21,90.44,1.28
2019-11-22 03:00:00,0.0,0.0,23.86,94.35,1.21
2019-11-22 04:00:00,0.0,0.0,23.53,97.5,0.97
2019-11-22 05:00:00,0.0,0.0,23.29,99.14,0.76
2019-11-22 06:00:00,43.08,45.15,23.58,97.59,0.72
2019-11-22 07:00:00,203.12,229.5,25.07,90.1,1.4
2019-11-22 08:00:00,397.3,445.77,26.83,81.63,1.87
2019-11-22 09:00:00,600.1,637.7,28.6,72.66,1.94
2019-11-22 10:00:00,716.15,768.42,29.98,66.26,1.63
2019-11-22 11:00:00,784.67,828.25,31.01,61.31,1.15
2019-11-22 12:00:00,814.17,852.78,31.8,56.78,0.61
2019-11-22 13:00:00,738.67,764.03,32.25,53.15,0.37
2019-11-22 14:00:00,539.8,605.95,32.24,51.93,0.77
2019-11-22 15:00:00,338.17,398.73,31.78,53.14,1.19
2019-11-22 16:00:00,157.12,176.35,30.86,59.9,1.11
2019-11-22 17:00:00,13.02,13.77,28.85,74.03,0.87
2019-11-22 18:00:00,0.0,0.0,27.31,79.01,0.91
2019-11-22 19:00:00,0.0,0.0,26.75,80.56,1.05
2019-11-22 20:00:00,0.0,0.0,26.27,82.23,1.16
2019-11-22 21:00:00,0.0,0.0,25.81,84.09,1.2
2019-11-22 22:00:00,0.0,0.0,25.38,85.77,1.17
2019-11-22 23:00:00,0.0,0.0,24.94,87.21,1.14
2019-11-23 00:00:00,0.0,0.0,24.47,88.64,1.09
2019-11-23 01:00:00,0.0,0.0,24.01,89.91,1.04
2019-11-23 02:00:00,0.0,0.0,23.56,91.47,1.0
2019-11-23 03:00:00,0.0,0.0,23.1,93.53,0.93
2019-11-23 04:00:00,0.0,0.0,22.64,96.08,0.86
2019-11-23 05:00:00,0.0,0.0,22.23,98.43,0.78
2019-11-23 06:00:00,51.7,51.97,22.5,97.57,0.8
2019-11-23 07:00:00,253.02,255.82,24.38,89.16,1.13
2019-11-23 08:00:00,479.42,482.25,28.08,68.86,1.05
2019-11-23 09:00:00,675.85,677.42,30.72,56.66,0.62
2019-11-23 10:00:00,811.03,811.03,32.46,49.68,0.45
2019-11-23 11:00:00,869.28,870.28,33.75,44.74,0.76
2019-11-23 12:00:00,880.2,882.22,34.61,41.55,1.05
2019-11-23 13:00:00,788.72,791.72,35.03,39.58,1.3
2019-11-23 14:00:00,627.03,635.3,34.95,39.08,1.49
2019-11-23 15:00:00,410.27,427.02,34.44,39.74,1.71
2019-11-23 16:00:00,187.3,194.02,33.28,45.34,1.5
2019-11-23 17:00:00,15.1,15.75,30.44,63.61,0.99
2019-11-23 18:00:00,0.0,0.0,28.25,68.78,0.97
2019-11-23 19:00:00,0.0,0.0,27.43,70.73,1.0
2019-11-23 20:00:00,0.0,0.0,26.78,72.69,0.98
2019-11-23 21:00:00,0.0,0.0,26.39,73.5,0.93
2019-11-23 22:00:00,0.0,0.0,26.49,71.2,0.89
2019-11-23 23:00:00,0.0,0.0,26.79,67.47,0.68
2019-11-24 00:00:00,0.0,0.0,26.51,67.47,0.55
2019-11-24 01:00:00,0.0,0.0,25.55,71.46,0.8
2019-11-24 02:00:00,0.0,0.0,24.15,78.33,0.93
2019-11-24 03:00:00,0.0,0.0,23.14,83.29,0.93
2019-11-24 04:00:00,0.0,0.0,22.51,86.84,0.92
2019-11-24 05:00:00,0.0,0.0,22.04,90.84,0.89
2019-11-24 06:00:00,56.35,56.55,22.3,93.03,0.85
2019-11-24 07:00:00,262.7,263.58,24.23,86.43,1.36
2019-11-24 08:00:00,487.95,489.1,27.1,74.75,1.7
2019-11-24 09:00:00,684.88,686.08,30.19,61.75,1.99
2019-11-24 10:00:00,816.9,818.05,32.04,54.83,1.69
2019-11-24 11:00:00,878.12,878.2,33.26,50.41,1.22
2019-11-24 12:00:00,860.62,864.08,34.09,47.05,0.78
2019-11-24 13:00:00,766.28,776.3,34.47,44.82,0.83
2019-11-24 14:00:00,587.03,618.85,34.45,43.92,1.21
2019-11-24 15:00:00,388.55,411.02,33.96,44.5,1.44
2019-11-24 16:00:00,175.07,182.27,32.95,49.27,1.27
2019-11-24 17:00:00,14.35,14.65,30.96,62.82,0.88
2019-11-24 18:00:00,0.0,0.0,29.69,66.12,0.74
2019-11-24 19:00:00,0.0,0.0,29.35,65.0,0.67
2019-11-24 20:00:00,0.0,0.0,29.07,63.62,0.57
2019-11-24 21:00:00,0.0,0.0,28.84,61.86,0.39
2019-11-24 22:00:00,0.0,0.0,28.35,62.79,0.27
2019-11-24 23:00:00,0.0,0.0,27.61,65.7,0.48
2019-11-25 00:00:00,0.0,0.0,26.61,70.58,0.65
2019-11-25 01:00:00,0.0,0.0,25.8,74.51,0.76
2019-11-25 02:00:00,0.0,0.0,25.03,78.21,0.8
2019-11-25 03:00:00,0.0,0.0,24.46,81.06,0.77
2019-11-25 04:00:00,0.0,0.0,24.03,83.72,0.69
2019-11-25 05:00:00,0.0,0.0,23.78,85.35,0.57
2019-11-25 06:00:00,51.1,51.75,23.75,88.17,0.39
2019-11-25 07:00:00,244.57,254.7,25.09,83.01,0.48
2019-11-25 08:00:00,457.85,479.7,28.31,67.02,0.42
2019-11-25 09:00:00,630.8,670.53,31.7,52.22,0.82
2019-11-25 10:00:00,762.62,809.53,33.27,47.53,1.2
2019-11-25 11:00:00,811.62,871.65,34.32,44.61,1.55
2019-11-25 12:00:00,788.3,868.22,35.02,42.4,1.89
2019-11-25 13:00:00,711.0,777.25,35.3,41.11,2.16
2019-11-25 14:00:00,545.3,620.95,35.14,41.06,2.29
2019-11-25 15:00:00,359.35,412.55,34.5,42.11,2.33
2019-11-25 16:00:00,164.88,181.7,33.26,47.53,1.85
2019-11-25 17:00:00,14.1,14.38,30.52,65.22,1.03
2019-11-25 18:00:00,0.0,0.0,28.68,69.27,0.95
2019-11-25 19:00:00,0.0,0.0,28.14,69.65,0.95
2019-11-25 20:00:00,0.0,0.0,27.78,69.11,0.94
2019-11-25 21:00:00,0.0,0.0,27.58,67.64,0.93
2019-11-25 22:00:00,0.0,0.0,27.5,65.77,0.85
2019-11-25 23:00:00,0.0,0.0,27.34,64.54,0.67
2019-11-26 00:00:00,0.0,0.0,27.31,62.71,0.44
2019-11-26 01:00:00,0.0,0.0,27.0,62.77,0.14
2019-11-26 02:00:00,0.0,0.0,26.33,64.81,0.1
2019-11-26 03:00:00,0.0,0.0,25.46,68.65,0.23
2019-11-26 04:00:00,0.0,0.0,24.8,71.36,0.29
2019-11-26 05:00:00,0.0,0.0,23.96,75.34,0.39
2019-11-26 06:00:00,49.62,49.67,23.35,81.32,0.51
2019-11-26 07:00:00,245.82,246.18,24.66,76.33,1.14
2019-11-26 08:00:00,469.9,470.55,27.17,66.61,0.89
2019-11-26 09:00:00,660.47,661.38,31.02,51.61,0.55
2019-11-26 10:00:00,800.0,801.12,33.23,44.64,0.68
2019-11-26 11:00:00,864.8,866.15,34.47,41.16,1.33
2019-11-26 12:00:00,863.28,865.03,35.27,39.04,1.92
2019-11-26 13:00:00,748.78,776.85,35.62,37.97,2.31
2019-11-26 14:00:00,520.05,623.42,35.47,37.8,2.46
2019-11-26 15:00:00,348.83,418.5,34.82,38.93,2.41
2019-11-26 16:00:00,167.55,188.68,33.59,44.38,1.8
2019-11-26 17:00:00,14.7,15.4,30.75,62.77,0.97
2019-11-26 18:00:00,0.0,0.0,29.02,65.53,0.92
2019-11-26 19:00:00,0.0,0.0,28.33,66.72,0.9
2019-11-26 20:00:00,0.0,0.0,27.68,67.99,0.9
2019-11-26 21:00:00,0.0,0.0,27.13,68.89,0.92
2019-11-26 22:00:00,0.0,0.0,26.68,69.02,0.94
2019-11-26 23:00:00,0.0,0.0,26.33,68.69,0.93
2019-11-27 00:00:00,0.0,0.0,26.05,67.89,0.87
2019-11-27 01:00:00,0.0,0.0,25.65,68.09,0.76
2019-11-27 02:00:00,0.0,0.0,25.24,68.52,0.62
2019-11-27 03:00:00,0.0,0.0,24.39,71.97,0.54
2019-11-27 04:00:00,0.0,0.0,23.21,77.73,0.65
2019-11-27 05:00:00,0.0,0.0,22.02,83.5,0.77
2019-11-27 06:00:00,53.1,53.3,21.85,85.58,0.97
2019-11-27 07:00:00,259.58,260.98,23.83,75.27,2.1
2019-11-27 08:00:00,485.77,488.7,26.53,65.04,1.73
2019-11-27 09:00:00,683.45,684.9,29.9,52.94,1.5
2019-11-27 10:00:00,825.7,825.85,32.75,43.48,1.63
2019-11-27 11:00:00,887.35,887.97,34.09,39.42,1.85
2019-11-27 12:00:00,858.08,858.42,34.93,36.52,2.13
2019-11-27 13:00:00,746.65,771.15,35.3,34.49,2.41
2019-11-27 14:00:00,526.53,615.33,35.2,33.57,2.62
2019-11-27 15:00:00,358.25,407.95,34.55,34.25,2.66
2019-11-27 16:00:00,166.55,178.77,33.1,40.8,2.02
2019-11-27 17:00:00,14.32,14.6,29.64,60.34,1.18
2019-11-27 18:00:00,0.0,0.0,27.45,64.99,1.13
2019-11-27 19:00:00,0.0,0.0,26.61,66.9,1.13
2019-11-27 20:00:00,0.0,0.0,25.85,68.99,1.12
2019-11-27 21:00:00,0.0,0.0,25.15,71.21,1.09
2019-11-27 22:00:00,0.0,0.0,24.46,73.74,1.05
2019-11-27 23:00:00,0.0,0.0,23.79,76.43,1.01
2019-11-28 00:00:00,0.0,0.0,23.16,79.19,1.0
2019-11-28 01:00:00,0.0,0.0,22.58,82.05,1.02
2019-11-28 02:00:00,0.0,0.0,22.09,84.81,1.05
2019-11-28 03:00:00,0.0,0.0,21.68,87.5,1.08
2019-11-28 04:00:00,0.0,0.0,21.31,90.58,1.06
2019-11-28 05:00:00,0.0,0.0,20.92,94.64,1.0
2019-11-28 06:00:00,49.28,49.3,21.23,95.33,1.1
2019-11-28 07:00:00,249.48,249.62,23.38,87.61,1.82
2019-11-28 08:00:00,474.85,474.98,26.33,76.39,1.37
2019-11-28 09:00:00,668.15,668.22,30.47,55.29,1.63
2019-11-28 10:00:00,810.15,810.15,32.86,43.99,1.57
2019-11-28 11:00:00,872.3,875.05,34.22,37.68,1.89
2019-11-28 12:00:00,864.08,870.65,35.08,33.5,2.5
2019-11-28 13:00:00,741.88,784.5,35.36,31.28,3.04
2019-11-28 14:00:00,581.75,629.75,35.12,30.51,3.37
2019-11-28 15:00:00,393.4,422.8,34.32,31.56,3.37
2019-11-28 16:00:00,183.9,191.35,32.49,40.17,2.45
2019-11-28 17:00:00,15.8,16.05,28.63,59.27,1.44
2019-11-28 18:00:00,0.0,0.0,26.32,63.38,1.44
2019-11-28 19:00:00,0.0,0.0,25.38,65.43,1.44
2019-11-28 20:00:00,0.0,0.0,24.55,67.58,1.36
2019-11-28 21:00:00,0.0,0.0,23.8,69.64,1.27
2019-11-28 22:00:00,0.0,0.0,23.13,71.49,1.22
2019-11-28 23:00:00,0.0,0.0,22.44,73.52,1.21
2019-11-29 00:00:00,0.0,0.0,21.7,75.98,1.26
2019-11-29 01:00:00,0.0,0.0,20.94,78.88,1.32
2019-11-29 02:00:00,0.0,0.0,20.19,82.07,1.4
2019-11-29 03:00:00,0.0,0.0,19.47,85.26,1.47
2019-11-29 04:00:00,0.0,0.0,18.73,88.44,1.48
2019-11-29 05:00:00,0.0,0.0,17.96,91.89,1.39
2019-11-29 06:00:00,49.03,49.22,17.9,91.75,1.65
2019-11-29 07:00:00,253.12,254.25,19.96,81.13,2.47
2019-11-29 08:00:00,483.17,484.9,22.91,70.86,1.78
2019-11-29 09:00:00,624.12,661.92,27.32,52.2,2.05
2019-11-29 10:00:00,817.35,817.55,31.38,34.34,3.27
2019-11-29 11:00:00,883.7,884.08,33.44,28.08,4.0
2019-11-29 12:00:00,907.35,907.58,34.37,26.34,4.35
2019-11-29 13:00:00,816.15,817.2,34.66,25.93,4.46
2019-11-29 14:00:00,655.35,656.97,34.39,26.47,4.32
2019-11-29 15:00:00,440.6,442.05,33.49,28.9,3.91
2019-11-29 16:00:00,201.32,202.02,31.4,40.12,2.55
2019-11-29 17:00:00,17.1,17.12,27.36,59.44,1.48
2019-11-29 18:00:00,0.0,0.0,25.02,64.14,1.47
2019-11-29 19:00:00,0.0,0.0,24.06,66.62,1.52
2019-11-29 20:00:00,0.0,0.0,23.19,68.64,1.56
2019-11-29 21:00:00,0.0,0.0,22.38,70.53,1.55
2019-11-29 22:00:00,0.0,0.0,21.6,72.29,1.51
2019-11-29 23:00:00,0.0,0.0,20.84,74.23,1.46
2019-11-30 00:00:00,0.0,0.0,20.12,76.43,1.39
2019-11-30 01:00:00,0.0,0.0,19.45,78.93,1.32
2019-11-30 02:00:00,0.0,0.0,18.82,81.78,1.26
2019-11-30 03:00:00,0.0,0.0,18.28,84.74,1.23
2019-11-30 04:00:00,0.0,0.0,17.75,88.11,1.2
2019-11-30 05:00:00,0.0,0.0,17.24,90.96,1.14
2019-11-30 06:00:00,43.15,44.75,17.42,90.7,1.35
2019-11-30 07:00:00,228.09,241.89,19.58,80.1,2.17
2019-11-30 08:00:00,436.5,464.46,22.57,70.09,1.62
2019-11-30 09:00:00,621.65,659.47,26.77,51.0,2.0
2019-11-30 10:00:00,810.47,810.47,30.24,38.12,2.66
2019-11-30 11:00:00,873.38,873.38,32.79,29.24,3.46
2019-11-30 12:00:00,881.22,881.25,33.74,27.55,3.65
2019-11-30 13:00:00,788.88,788.92,34.08,27.12,3.64
2019-11-30 14:00:00,630.67,631.4,33.91,27.45,3.54
2019-11-30 15:00:00,419.3,419.88,33.09,29.64,3.25
2019-11-30 16:00:00,191.82,192.2,31.25,39.66,2.18
2019-11-30 17:00:00,16.52,16.52,27.5,60.43,1.23
2019-11-30 18:00:00,0.0,0.0,25.33,64.65,1.22
2019-11-30 19:00:00,0.0,0.0,24.38,67.34,1.23
2019-11-30 20:00:00,0.0,0.0,23.52,69.87,1.2
2019-11-30 21:00:00,0.0,0.0,22.68,72.22,1.17
2019-11-30 22:00:00,0.0,0.0,21.99,74.22,1.15
2019-11-30 23:00:00,0.0,0.0,21.36,76.24,1.11
2019-12-01 00:00:00,0.0,0.0,20.74,78.38,1.08
2019-12-01 01:00:00,0.0,0.0,20.12,80.73,1.07
2019-12-01 02:00:00,0.0,0.0,19.51,83.25,1.08
2019-12-01 03:00:00,0.0,0.0,18.96,85.71,1.08
2019-12-01 04:00:00,0.0,0.0,18.44,88.63,1.06
2019-12-01 05:00:00,0.0,0.0,18.0,91.22,1.05
2019-12-01 06:00:00,46.97,47.05,18.25,90.82,1.23
2019-12-01 07:00:00,249.45,249.8,20.26,81.44,2.26
2019-12-01 08:00:00,478.27,478.65,22.82,72.22,1.81
2019-12-01 09:00:00,676.7,676.88,26.46,54.59,1.92
2019-12-01 10:00:00,810.5,814.7,28.84,45.07,1.97
2019-12-01 11:00:00,861.25,879.78,30.64,37.04,2.14
2019-12-01 12:00:00,824.97,858.12,31.49,34.37,2.21
2019-12-01 13:00:00,744.28,766.62,32.27,32.73,2.25
2019-12-01 14:00:00,578.17,606.92,32.82,31.59,2.3
2019-12-01 15:00:00,370.02,396.85,32.5,32.25,2.11
2019-12-01 16:00:00,169.62,177.57,31.23,38.36,1.38
2019-12-01 17:00:00,14.73,14.82,28.46,54.59,0.94
2019-12-01 18:00:00,0.0,0.0,27.25,56.84,0.88
2019-12-01 19:00:00,0.0,0.0,26.72,57.83,0.89
2019-12-01 20:00:00,0.0,0.0,26.47,56.98,0.86
2019-12-01 21:00:00,0.0,0.0,26.4,55.03,0.77
2019-12-01 22:00:00,0.0,0.0,26.09,54.59,0.64
2019-12-01 23:00:00,0.0,0.0,25.83,53.94,0.5
2019-12-02 00:00:00,0.0,0.0,25.33,54.91,0.39
2019-12-02 01:00:00,0.0,0.0,24.57,57.48,0.42
2019-12-02 02:00:00,0.0,0.0,23.49,62.18,0.55
2019-12-02 03:00:00,0.0,0.0,22.39,66.93,0.7
2019-12-02 04:00:00,0.0,0.0,21.25,71.48,0.81
2019-12-02 05:00:00,0.0,0.0,20.36,74.57,0.86
2019-12-02 06:00:00,38.1,38.17,20.12,77.86,0.78
2019-12-02 07:00:00,216.0,219.57,22.4,66.22,1.39
2019-12-02 08:00:00,443.2,450.85,24.74,58.39,1.08
2019-12-02 09:00:00,640.35,641.78,28.39,46.93,0.45
2019-12-02 10:00:00,742.83,777.28,32.2,34.53,0.47
2019-12-02 11:00:00,820.83,838.3,33.89,30.39,0.95
2019-12-02 12:00:00,838.0,840.65,34.78,28.75,1.29
2019-12-02 13:00:00,748.95,749.58,35.13,28.09,1.58
2019-12-02 14:00:00,590.25,595.47,34.97,28.59,1.78
2019-12-02 15:00:00,373.9,391.05,34.28,30.11,1.91
2019-12-02 16:00:00,168.32,170.23,32.88,36.09,1.54
2019-12-02 17:00:00,14.7,14.65,29.2,54.7,1.13
2019-12-02 18:00:00,0.0,0.0,26.58,60.69,1.21
2019-12-02 19:00:00,0.0,0.0,25.51,62.56,1.34
2019-12-02 20:00:00,0.0,0.0,24.62,64.85,1.36
2019-12-02 21:00:00,0.0,0.0,23.89,67.13,1.28
2019-12-02 22:00:00,0.0,0.0,23.32,68.75,1.17
2019-12-02 23:00:00,0.0,0.0,22.97,69.07,1.1
2019-12-03 00:00:00,0.0,0.0,22.75,68.48,1.08
2019-12-03 01:00:00,0.0,0.0,22.35,68.9,1.06
2019-12-03 02:00:00,0.0,0.0,21.79,70.55,1.02
2019-12-03 03:00:00,0.0,0.0,21.13,73.33,0.99
2019-12-03 04:00:00,0.0,0.0,20.44,76.73,0.94
2019-12-03 05:00:00,0.0,0.0,19.87,79.8,0.87
2019-12-03 06:00:00,35.75,36.2,19.83,83.17,0.74
2019-12-03 07:00:00,215.15,221.15,22.04,73.41,1.36
2019-12-03 08:00:00,433.45,439.83,24.71,64.03,1.07
2019-12-03 09:00:00,624.05,630.4,28.82,47.82,1.03
2019-12-03 10:00:00,760.75,764.72,31.99,38.44,0.88
2019-12-03 11:00:00,801.17,827.33,33.4,35.97,0.62
2019-12-03 12:00:00,822.58,840.15,34.37,34.42,0.93
2019-12-03 13:00:00,751.62,754.03,34.78,33.76,1.29
2019-12-03 14:00:00,591.65,600.67,34.73,34.05,1.53
2019-12-03 15:00:00,391.05,396.45,34.17,35.33,1.61
2019-12-03 16:00:00,173.05,174.25,32.95,41.42,1.33
2019-12-03 17:00:00,15.4,15.38,29.93,59.98,0.91
2019-12-03 18:00:00,0.0,0.0,27.7,64.77,1.07
2019-12-03 19:00:00,0.0,0.0,26.8,66.12,1.27
2019-12-03 20:00:00,0.0,0.0,25.94,68.16,1.4
2019-12-03 21:00:00,0.0,0.0,25.18,70.84,1.36
2019-12-03 22:00:00,0.0,0.0,24.47,73.48,1.21
2019-12-03 23:00:00,0.0,0.0,23.92,75.23,1.08
2019-12-04 00:00:00,0.0,0.0,23.5,75.8,1.01
2019-12-04 01:00:00,0.0,0.0,23.2,75.32,1.0
2019-12-04 02:00:00,0.0,0.0,22.87,74.84,1.0
2019-12-04 03:00:00,0.0,0.0,22.3,75.67,0.98
2019-12-04 04:00:00,0.0,0.0,21.41,78.56,0.97
2019-12-04 05:00:00,0.0,0.0,20.37,82.22,1.0
2019-12-04 06:00:00,35.88,35.95,20.11,83.4,1.22
2019-12-04 07:00:00,219.5,220.05,22.1,72.97,2.55
2019-12-04 08:00:00,414.6,415.55,24.79,63.94,2.18
2019-12-04 09:00:00,600.8,601.97,28.32,52.13,2.14
2019-12-04 10:00:00,726.65,728.83,31.58,41.27,1.99
2019-12-04 11:00:00,793.53,795.53,33.22,36.64,1.86
2019-12-04 12:00:00,850.92,857.88,34.18,33.73,1.84
2019-12-04 13:00:00,752.0,771.33,34.62,32.12,1.87
2019-12-04 14:00:00,608.05,615.15,34.52,31.65,1.93
2019-12-04 15:00:00,394.55,407.08,33.91,32.47,1.99
2019-12-04 16:00:00,179.62,181.05,32.52,38.67,1.61
2019-12-04 17:00:00,16.27,16.38,29.05,58.43,1.06
2019-12-04 18:00:00,0.0,0.0,26.84,63.19,1.11
2019-12-04 19:00:00,0.0,0.0,25.97,65.35,1.14
2019-12-04 20:00:00,0.0,0.0,25.23,67.58,1.12
2019-12-04 21:00:00,0.0,0.0,24.65,69.31,1.08
2019-12-04 22:00:00,0.0,0.0,24.22,70.11,1.04
2019-12-04 23:00:00,0.0,0.0,24.02,69.46,1.02
2019-12-05 00:00:00,0.0,0.0,23.94,68.02,1.0
2019-12-05 01:00:00,0.0,0.0,23.61,68.21,0.96
2019-12-05 02:00:00,0.0,0.0,22.88,70.86,0.93
2019-12-05 03:00:00,0.0,0.0,21.82,75.33,0.93
2019-12-05 04:00:00,0.0,0.0,20.82,79.1,0.97
2019-12-05 05:00:00,0.0,0.0,20.09,81.45,1.08
2019-12-05 06:00:00,37.78,37.88,19.97,81.69,1.3
2019-12-05 07:00:00,214.6,215.38,21.55,72.76,2.34
2019-12-05 08:00:00,436.23,437.6,23.73,64.96,1.74
2019-12-05 09:00:00,644.5,646.15,26.9,52.61,1.52
2019-12-05 10:00:00,775.75,777.42,30.26,40.9,1.34
2019-12-05 11:00:00,845.72,847.0,31.93,36.37,1.16
2019-12-05 12:00:00,867.33,869.55,32.94,33.89,1.14
2019-12-05 13:00:00,768.92,783.8,33.25,32.6,1.23
2019-12-05 14:00:00,614.85,625.4,32.96,32.37,1.29
2019-12-05 15:00:00,402.77,415.3,32.19,34.65,1.25
2019-12-05 16:00:00,181.88,185.55,31.36,37.97,1.03
2019-12-05 17:00:00,16.67,16.77,29.06,54.16,0.75
2019-12-05 18:00:00,0.0,0.0,27.57,52.68,0.89
2019-12-05 19:00:00,0.0,0.0,26.63,54.4,0.93
2019-12-05 20:00:00,0.0,0.0,25.79,56.38,0.97
2019-12-05 21:00:00,0.0,0.0,25.07,58.76,0.99
2019-12-05 22:00:00,0.0,0.0,24.52,61.33,0.98
2019-12-05 23:00:00,0.0,0.0,24.01,63.1,0.98
2019-12-06 00:00:00,0.0,0.0,23.57,64.24,0.96
2019-12-06 01:00:00,0.0,0.0,23.24,64.51,0.91
2019-12-06 02:00:00,0.0,0.0,22.89,64.85,0.8
2019-12-06 03:00:00,0.0,0.0,22.25,65.84,0.73
2019-12-06 04:00:00,0.0,0.0,21.44,68.4,0.72
2019-12-06 05:00:00,0.0,0.0,20.83,71.23,0.71
2019-12-06 06:00:00,34.58,35.55,20.8,74.65,0.62
2019-12-06 07:00:00,191.73,219.18,22.75,65.16,0.86
2019-12-06 08:00:00,385.52,440.45,25.21,57.42,0.76
2019-12-06 09:00:00,550.53,634.88,29.15,45.43,1.09
2019-12-06 10:00:00,708.7,771.4,31.52,39.45,1.0
2019-12-06 11:00:00,749.72,833.15,32.87,36.46,0.8
2019-12-06 12:00:00,748.7,834.35,33.78,34.45,0.74
2019-12-06 13:00:00,695.03,748.42,34.19,33.38,0.91
2019-12-06 14:00:00,521.9,594.5,34.07,33.41,1.24
2019-12-06 15:00:00,318.65,392.4,33.44,34.47,1.55
2019-12-06 16:00:00,142.32,173.1,32.25,40.25,1.36
2019-12-06 17:00:00,14.55,15.68,29.2,58.06,1.0
2019-12-06 18:00:00,0.0,0.0,27.01,64.29,0.99
2019-12-06 19:00:00,0.0,0.0,26.26,66.24,0.98
2019-12-06 20:00:00,0.0,0.0,25.83,68.4,0.87
2019-12-06 21:00:00,0.0,0.0,25.76,67.98,0.74
2019-12-06 22:00:00,0.0,0.0,26.04,64.25,0.54
2019-12-06 23:00:00,0.0,0.0,25.51,67.44,0.59
2019-12-07 00:00:00,0.0,0.0,24.4,74.49,0.77
2019-12-07 01:00:00,0.0,0.0,23.52,79.2,0.81
2019-12-07 02:00:00,0.0,0.0,23.09,82.25,0.78
2019-12-07 03:00:00,0.0,0.0,22.92,84.22,0.69
2019-12-07 04:00:00,0.0,0.0,22.95,84.64,0.48
2019-12-07 05:00:00,0.0,0.0,22.75,86.46,0.25
2019-12-07 06:00:00,33.67,33.83,22.56,89.59,0.48
2019-12-07 07:00:00,207.5,211.48,23.67,81.54,1.22
2019-12-07 08:00:00,432.73,439.15,25.36,72.48,1.05
2019-12-07 09:00:00,625.5,633.12,27.39,62.28,1.06
2019-12-07 10:00:00,758.4,765.28,29.04,54.44,1.44
2019-12-07 11:00:00,817.0,826.12,30.16,49.98,1.81
2019-12-07 12:00:00,778.38,803.0,31.05,47.18,2.01
2019-12-07 13:00:00,613.15,724.42,31.65,45.49,2.06
2019-12-07 14:00:00,519.22,576.33,31.94,44.42,2.14
2019-12-07 15:00:00,330.12,380.0,31.94,44.07,2.23
2019-12-07 16:00:00,152.3,168.6,31.04,48.19,1.85
2019-12-07 17:00:00,15.62,15.62,28.29,65.81,0.96
2019-12-07 18:00:00,0.0,0.0,26.37,69.51,1.0
2019-12-07 19:00:00,0.0,0.0,25.47,70.96,1.1
2019-12-07 20:00:00,0.0,0.0,24.69,72.17,1.15
2019-12-07 21:00:00,0.0,0.0,24.05,73.02,1.13
2019-12-07 22:00:00,0.0,0.0,23.49,73.46,1.08
2019-12-07 23:00:00,0.0,0.0,23.03,73.49,1.03
2019-12-08 00:00:00,0.0,0.0,22.49,73.6,1.02
2019-12-08 01:00:00,0.0,0.0,21.82,73.98,1.12
2019-12-08 02:00:00,0.0,0.0,21.06,74.46,1.37
2019-12-08 03:00:00,0.0,0.0,20.45,74.24,1.75
2019-12-08 04:00:00,0.0,0.0,19.85,74.48,2.12
2019-12-08 05:00:00,0.0,0.0,19.19,76.14,2.11
2019-12-08 06:00:00,33.88,33.53,18.98,76.24,2.3
2019-12-08 07:00:00,201.1,216.95,19.81,72.51,2.6
2019-12-08 08:00:00,408.1,436.12,21.82,67.12,2.11
2019-12-08 09:00:00,595.88,627.85,25.72,51.6,2.34
2019-12-08 10:00:00,743.5,764.55,30.22,35.39,3.18
2019-12-08 11:00:00,817.62,831.12,33.1,27.91,3.27
2019-12-08 12:00:00,851.08,851.35,34.26,25.99,3.04
2019-12-08 13:00:00,764.6,768.22,34.7,25.66,2.87
2019-12-08 14:00:00,615.12,619.28,34.55,26.08,2.78
2019-12-08 15:00:00,410.58,415.98,33.8,27.54,2.64
2019-12-08 16:00:00,189.0,191.85,32.05,35.11,1.86
2019-12-08 17:00:00,17.98,18.17,27.99,55.26,1.19
2019-12-08 18:00:00,0.0,0.0,25.44,58.55,1.28
2019-12-08 19:00:00,0.0,0.0,24.37,60.18,1.33
2019-12-08 20:00:00,0.0,0.0,23.48,62.28,1.29
2019-12-08 21:00:00,0.0,0.0,22.77,64.25,1.22
2019-12-08 22:00:00,0.0,0.0,22.24,65.66,1.15
2019-12-08 23:00:00,0.0,0.0,21.86,66.41,1.08
2019-12-09 00:00:00,0.0,0.0,21.54,66.79,1.03
2019-12-09 01:00:00,0.0,0.0,21.1,67.96,0.99
2019-12-09 02:00:00,0.0,0.0,20.45,70.58,0.96
2019-12-09 03:00:00,0.0,0.0,19.71,73.81,0.96
2019-12-09 04:00:00,0.0,0.0,19.07,76.4,1.02
2019-12-09 05:00:00,0.0,0.0,18.59,78.47,1.1
2019-12-09 06:00:00,35.58,35.67,18.74,79.53,1.26
2019-12-09 07:00:00,223.05,224.25,21.16,68.63,2.56
2019-12-09 08:00:00,446.95,449.27,24.07,59.93,2.31
2019-12-09 09:00:00,643.22,646.33,28.02,46.44,2.41
2019-12-09 10:00:00,783.5,787.08,31.38,36.44,2.55
2019-12-09 11:00:00,843.35,853.12,32.96,33.17,2.62
2019-12-09 12:00:00,843.0,873.7,33.79,31.54,2.69
2019-12-09 13:00:00,748.62,791.17,34.16,30.61,2.76
2019-12-09 14:00:00,626.25,638.28,34.11,30.23,2.78
2019-12-09 15:00:00,416.1,430.2,33.53,30.79,2.79
2019-12-09 16:00:00,195.5,198.18,31.93,36.55,2.26
2019-12-09 17:00:00,18.9,19.33,27.89,55.94,1.34
2019-12-09 18:00:00,0.0,0.0,25.37,60.18,1.4
2019-12-09 19:00:00,0.0,0.0,24.33,61.65,1.41
2019-12-09 20:00:00,0.0,0.0,23.48,63.18,1.34
2019-12-09 21:00:00,0.0,0.0,22.86,64.26,1.24
2019-12-09 22:00:00,0.0,0.0,22.53,64.35,1.17
2019-12-09 23:00:00,0.0,0.0,22.52,62.64,1.15
2019-12-10 00:00:00,0.0,0.0,22.54,60.59,1.12
2019-12-10 01:00:00,0.0,0.0,22.11,61.15,1.07
2019-12-10 02:00:00,0.0,0.0,21.09,65.06,1.05
2019-12-10 03:00:00,0.0,0.0,19.75,71.07,1.08
2019-12-10 04:00:00,0.0,0.0,18.63,76.0,1.18
2019-12-10 05:00:00,0.0,0.0,17.97,78.34,1.35
2019-12-10 06:00:00,35.22,35.38,17.96,78.44,1.56
2019-12-10 07:00:00,223.68,224.73,20.06,67.38,2.53
2019-12-10 08:00:00,455.23,457.0,22.55,59.77,1.8
2019-12-10 09:00:00,651.92,653.65,26.17,47.47,1.59
2019-12-10 10:00:00,796.1,797.33,29.85,36.56,1.56
2019-12-10 11:00:00,868.65,869.2,32.54,29.87,1.48
2019-12-10 12:00:00,861.78,862.4,33.7,27.62,1.54
2019-12-10 13:00:00,781.88,782.42,34.2,26.33,1.75
2019-12-10 14:00:00,590.97,602.14,34.17,26.0,1.97
2019-12-10 15:00:00,419.92,420.08,33.46,27.1,2.13
2019-12-10 16:00:00,198.25,198.4,31.83,33.65,1.73
2019-12-10 17:00:00,19.25,19.25,27.5,54.62,1.21
2019-12-10 18:00:00,0.0,0.0,24.96,57.7,1.39
2019-12-10 19:00:00,0.0,0.0,23.86,59.3,1.48
2019-12-10 20:00:00,0.0,0.0,22.97,61.05,1.44
2019-12-10 21:00:00,0.0,0.0,22.28,62.46,1.33
2019-12-10 22:00:00,0.0,0.0,21.94,62.03,1.25
2019-12-10 23:00:00,0.0,0.0,21.97,59.26,1.23
2019-12-11 00:00:00,0.0,0.0,22.05,56.33,1.19
2019-12-11 01:00:00,0.0,0.0,21.73,55.53,1.15
2019-12-11 02:00:00,0.0,0.0,20.76,58.26,1.17
2019-12-11 03:00:00,0.0,0.0,19.16,64.61,1.18
2019-12-11 04:00:00,0.0,0.0,17.75,69.61,1.24
2019-12-11 05:00:00,0.0,0.0,16.92,71.03,1.45
2019-12-11 06:00:00,32.75,32.78,16.79,70.34,1.67
2019-12-11 07:00:00,212.95,213.07,19.29,56.97,2.94
2019-12-11 08:00:00,438.02,438.2,21.72,51.68,2.3
2019-12-11 09:00:00,637.28,637.38,25.43,41.22,2.24
2019-12-11 10:00:00,780.97,781.03,28.62,32.83,2.36
2019-12-11 11:00:00,850.33,850.42,31.35,25.53,2.38
2019-12-11 12:00:00,885.15,885.38,32.46,23.69,2.41
2019-12-11 13:00:00,789.97,801.0,32.77,23.32,2.46
2019-12-11 14:00:00,643.95,644.42,32.51,24.07,2.46
2019-12-11 15:00:00,429.3,437.23,31.7,27.82,2.15
2019-12-11 16:00:00,194.6,200.75,29.86,39.76,1.45
2019-12-11 17:00:00,19.45,19.6,26.24,57.51,1.12
2019-12-11 18:00:00,0.0,0.0,24.11,59.43,1.3
2019-12-11 19:00:00,0.0,0.0,23.01,62.1,1.37
2019-12-11 20:00:00,0.0,0.0,22.22,63.96,1.41
2019-12-11 21:00:00,0.0,0.0,21.6,65.28,1.41
2019-12-11 22:00:00,0.0,0.0,21.0,66.51,1.4
2019-12-11 23:00:00,0.0,0.0,20.4,67.81,1.39
2019-12-12 00:00:00,0.0,0.0,19.77,69.66,1.4
2019-12-12 01:00:00,0.0,0.0,19.11,72.12,1.42
2019-12-12 02:00:00,0.0,0.0,18.45,75.06,1.42
2019-12-12 03:00:00,0.0,0.0,17.83,78.42,1.41
2019-12-12 04:00:00,0.0,0.0,17.26,81.89,1.4
2019-12-12 05:00:00,0.0,0.0,16.75,84.95,1.4
2019-12-12 06:00:00,31.83,32.45,16.83,85.81,1.66
2019-12-12 07:00:00,222.15,225.93,19.04,76.01,2.67
2019-12-12 08:00:00,437.5,442.73,22.17,65.36,2.08
2019-12-12 09:00:00,636.55,641.17,26.48,47.47,2.49
2019-12-12 10:00:00,780.65,783.28,30.29,34.4,3.08
2019-12-12 11:00:00,853.8,853.8,32.26,29.62,3.16
2019-12-12 12:00:00,877.88,878.03,33.14,27.82,3.02
2019-12-12 13:00:00,788.35,788.62,33.5,26.78,2.91
2019-12-12 14:00:00,631.28,631.45,33.36,26.67,2.78
2019-12-12 15:00:00,417.3,417.9,32.62,28.24,2.46
2019-12-12 16:00:00,191.12,191.65,31.07,35.93,1.57
2019-12-12 17:00:00,18.62,18.67,27.36,56.95,1.06
2019-12-12 18:00:00,0.0,0.0,25.05,58.46,1.32
2019-12-12 19:00:00,0.0,0.0,23.99,59.13,1.58
2019-12-12 20:00:00,0.0,0.0,22.94,61.12,1.7
2019-12-12 21:00:00,0.0,0.0,22.06,63.73,1.68
2019-12-12 22:00:00,0.0,0.0,21.31,66.23,1.66
2019-12-12 23:00:00,0.0,0.0,20.65,68.95,1.66
2019-12-13 00:00:00,0.0,0.0,20.03,72.29,1.61
2019-12-13 01:00:00,0.0,0.0,19.45,75.81,1.51
2019-12-13 02:00:00,0.0,0.0,18.9,78.86,1.45
2019-12-13 03:00:00,0.0,0.0,18.37,81.46,1.52
2019-12-13 04:00:00,0.0,0.0,17.86,83.46,1.75
2019-12-13 05:00:00,0.0,0.0,17.29,85.45,1.97
2019-12-13 06:00:00,27.45,27.4,17.09,84.97,2.4
2019-12-13 07:00:00,197.05,200.05,18.68,75.24,2.92
2019-12-13 08:00:00,402.95,414.3,21.84,61.63,2.47
2019-12-13 09:00:00,601.75,611.4,26.17,40.26,3.32
2019-12-13 10:00:00,736.47,747.35,30.02,26.72,3.89
2019-12-13 11:00:00,778.45,815.45,32.13,22.71,3.66
2019-12-13 12:00:00,825.28,848.9,33.16,21.66,3.27
2019-12-13 13:00:00,732.58,762.97,33.65,21.48,3.02
2019-12-13 14:00:00,576.83,609.75,33.59,22.05,2.9
2019-12-13 15:00:00,383.02,405.27,32.96,23.56,2.83
2019-12-13 16:00:00,177.82,183.5,31.34,30.54,2.18
2019-12-13 17:00:00,18.35,18.55,27.22,51.28,1.37
2019-12-13 18:00:00,0.0,0.0,24.8,56.8,1.55
2019-12-13 19:00:00,0.0,0.0,23.82,59.43,1.79
2019-12-13 20:00:00,0.0,0.0,22.97,62.6,1.87
2019-12-13 21:00:00,0.0,0.0,22.27,65.5,1.86
2019-12-13 22:00:00,0.0,0.0,21.67,67.87,1.83
2019-12-13 23:00:00,0.0,0.0,21.1,70.52,1.8
2019-12-14 00:00:00,0.0,0.0,20.52,73.5,1.81
2019-12-14 01:00:00,0.0,0.0,19.95,76.71,1.85
2019-12-14 02:00:00,0.0,0.0,19.37,80.19,1.87
2019-12-14 03:00:00,0.0,0.0,18.82,83.42,1.91
2019-12-14 04:00:00,0.0,0.0,18.33,85.83,1.96
2019-12-14 05:00:00,0.0,0.0,17.97,86.84,2.08
2019-12-14 06:00:00,28.08,26.25,18.0,85.12,2.53
2019-12-14 07:00:00,175.85,193.3,19.22,77.92,2.72
2019-12-14 08:00:00,349.88,405.0,21.45,68.43,2.41
2019-12-14 09:00:00,529.95,595.65,24.63,48.91,3.19
2019-12-14 10:00:00,680.6,731.65,27.62,36.74,3.84
2019-12-14 11:00:00,753.6,795.22,30.66,26.02,3.99
2019-12-14 12:00:00,857.42,859.85,32.04,24.54,3.51
2019-12-14 13:00:00,775.78,776.35,32.58,24.81,3.11
2019-12-14 14:00:00,621.08,621.28,32.41,25.69,2.86
2019-12-14 15:00:00,412.83,413.12,31.8,27.29,2.71
2019-12-14 16:00:00,192.07,192.32,30.15,34.09,2.27
2019-12-14 17:00:00,19.92,19.95,26.38,50.96,1.69
2019-12-14 18:00:00,0.0,0.0,24.17,54.87,1.97
2019-12-14 19:00:00,0.0,0.0,23.07,57.28,2.03
2019-12-14 20:00:00,0.0,0.0,22.07,60.53,1.84
2019-12-14 21:00:00,0.0,0.0,21.36,62.98,1.66
2019-12-14 22:00:00,0.0,0.0,20.79,65.02,1.52
2019-12-14 23:00:00,0.0,0.0,20.28,67.01,1.43
2019-12-15 00:00:00,0.0,0.0,19.72,68.93,1.43
2019-12-15 01:00:00,0.0,0.0,19.1,70.95,1.56
2019-12-15 02:00:00,0.0,0.0,18.51,73.13,1.77
2019-12-15 03:00:00,0.0,0.0,17.88,75.99,1.95
2019-12-15 04:00:00,0.0,0.0,17.24,79.22,2.0
2019-12-15 05:00:00,0.0,0.0,16.65,82.01,2.05
2019-12-15 06:00:00,27.5,27.85,16.5,82.33,2.52
2019-12-15 07:00:00,199.05,207.43,18.17,73.9,3.14
2019-12-15 08:00:00,407.12,427.8,21.43,60.96,2.65
2019-12-15 09:00:00,600.47,624.42,25.75,40.49,3.47
2019-12-15 10:00:00,745.78,765.33,29.35,28.84,3.89
2019-12-15 11:00:00,827.0,837.22,32.2,22.84,3.69
2019-12-15 12:00:00,807.6,837.72,33.44,21.89,3.19
2019-12-15 13:00:00,732.85,757.65,33.91,21.78,2.81
2019-12-15 14:00:00,602.35,602.75,33.83,22.31,2.58
2019-12-15 15:00:00,396.85,397.55,33.19,23.88,2.37
2019-12-15 16:00:00,188.3,188.75,31.65,31.05,1.61
2019-12-15 17:00:00,19.58,19.62,27.72,52.39,1.04
2019-12-15 18:00:00,0.0,0.0,25.38,54.65,1.23
2019-12-15 19:00:00,0.0,0.0,24.18,56.2,1.42
2019-12-15 20:00:00,0.0,0.0,23.11,58.7,1.53
2019-12-15 21:00:00,0.0,0.0,22.21,61.77,1.5
2019-12-15 22:00:00,0.0,0.0,21.52,64.67,1.42
2019-12-15 23:00:00,0.0,0.0,20.91,67.43,1.37
2019-12-16 00:00:00,0.0,0.0,20.34,70.48,1.39
2019-12-16 01:00:00,0.0,0.0,19.77,74.2,1.39
2019-12-16 02:00:00,0.0,0.0,19.23,78.13,1.4
2019-12-16 03:00:00,0.0,0.0,18.8,81.42,1.53
2019-12-16 04:00:00,0.0,0.0,18.33,84.92,1.74
2019-12-16 05:00:00,0.0,0.0,17.89,88.32,1.95
2019-12-16 06:00:00,27.73,27.83,17.78,89.68,2.44
2019-12-16 07:00:00,212.0,212.57,19.3,82.0,3.1
2019-12-16 08:00:00,430.95,431.52,22.39,67.25,2.75
2019-12-16 09:00:00,632.97,633.3,26.44,46.73,3.44
2019-12-16 10:00:00,780.67,780.67,30.18,30.95,4.03
2019-12-16 11:00:00,855.03,855.03,32.27,25.75,3.85
2019-12-16 12:00:00,821.33,835.91,33.51,23.66,3.38
2019-12-16 13:00:00,777.58,777.58,34.06,22.66,3.04
2019-12-16 14:00:00,627.92,627.95,34.01,22.59,2.92
2019-12-16 15:00:00,425.25,425.25,33.38,23.51,2.91
2019-12-16 16:00:00,202.25,202.27,31.53,30.59,2.31
2019-12-16 17:00:00,22.23,22.23,26.98,50.35,1.5
2019-12-16 18:00:00,0.0,0.0,24.45,54.6,1.67
2019-12-16 19:00:00,0.0,0.0,23.36,57.43,1.7
2019-12-16 20:00:00,0.0,0.0,22.46,60.45,1.59
2019-12-16 21:00:00,0.0,0.0,21.73,63.15,1.43
2019-12-16 22:00:00,0.0,0.0,21.15,65.37,1.3
2019-12-16 23:00:00,0.0,0.0,20.65,67.06,1.22
2019-12-17 00:00:00,0.0,0.0,20.11,68.9,1.17
2019-12-17 01:00:00,0.0,0.0,19.46,71.41,1.13
2019-12-17 02:00:00,0.0,0.0,18.76,74.36,1.09
2019-12-17 03:00:00,0.0,0.0,18.08,77.24,1.1
2019-12-17 04:00:00,0.0,0.0,17.48,79.55,1.18
2019-12-17 05:00:00,0.0,0.0,17.01,81.03,1.32
2019-12-17 06:00:00,29.83,29.98,17.14,79.78,1.61
2019-12-17 07:00:00,222.65,223.93,19.42,67.85,2.79
2019-12-17 08:00:00,445.9,447.7,22.43,58.15,2.21
2019-12-17 09:00:00,646.2,647.9,26.68,42.7,2.44
2019-12-17 10:00:00,791.42,792.45,30.6,29.75,2.86
2019-12-17 11:00:00,866.67,866.85,33.14,23.19,3.16
2019-12-17 12:00:00,841.38,841.58,34.2,21.45,3.43
2019-12-17 13:00:00,757.88,759.92,34.63,20.56,3.64
2019-12-17 14:00:00,606.67,609.97,34.36,20.68,3.64
2019-12-17 15:00:00,404.5,409.95,33.42,22.19,3.3
2019-12-17 16:00:00,186.82,188.75,31.31,31.51,2.05
2019-12-17 17:00:00,21.0,20.9,27.37,51.17,1.21
2019-12-17 18:00:00,0.0,0.0,25.3,55.13,1.21
2019-12-17 19:00:00,0.0,0.0,24.52,57.19,1.18
2019-12-17 20:00:00,0.0,0.0,23.97,58.98,1.12
2019-12-17 21:00:00,0.0,0.0,23.53,60.37,1.08
2019-12-17 22:00:00,0.0,0.0,23.15,61.38,1.06
2019-12-17 23:00:00,0.0,0.0,22.88,61.58,1.03
2019-12-18 00:00:00,0.0,0.0,22.58,61.13,1.02
2019-12-18 01:00:00,0.0,0.0,22.1,61.73,0.99
2019-12-18 02:00:00,0.0,0.0,21.5,63.77,0.97
2019-12-18 03:00:00,0.0,0.0,20.78,67.16,0.94
2019-12-18 04:00:00,0.0,0.0,19.86,71.93,0.93
2019-12-18 05:00:00,0.0,0.0,19.04,76.02,0.95
2019-12-18 06:00:00,26.12,26.12,18.94,77.91,1.08
2019-12-18 07:00:00,207.4,207.55,21.24,66.43,2.43
2019-12-18 08:00:00,416.77,416.9,23.92,57.58,2.18
2019-12-18 09:00:00,613.22,613.3,27.4,45.5,2.22
2019-12-18 10:00:00,755.97,755.97,30.9,34.2,2.3
2019-12-18 11:00:00,828.0,828.0,33.06,29.18,2.57
2019-12-18 12:00:00,833.55,833.55,34.11,27.52,2.88
2019-12-18 13:00:00,752.28,752.28,34.52,26.94,3.04
2019-12-18 14:00:00,601.85,602.5,34.38,27.05,3.11
2019-12-18 15:00:00,398.23,399.23,33.6,28.55,3.04
2019-12-18 16:00:00,188.45,189.23,31.78,36.23,2.23
2019-12-18 17:00:00,20.83,20.92,27.83,55.41,1.28
2019-12-18 18:00:00,0.0,0.0,25.71,60.12,1.27
2019-12-18 19:00:00,0.0,0.0,24.89,62.29,1.23
2019-12-18 20:00:00,0.0,0.0,24.31,63.71,1.16
2019-12-18 21:00:00,0.0,0.0,23.94,63.94,1.14
2019-12-18 22:00:00,0.0,0.0,23.71,63.53,1.14
2019-12-18 23:00:00,0.0,0.0,23.4,63.67,1.13
2019-12-19 00:00:00,0.0,0.0,22.82,65.4,1.11
2019-12-19 01:00:00,0.0,0.0,21.99,68.34,1.1
2019-12-19 02:00:00,0.0,0.0,21.25,70.17,1.2
2019-12-19 03:00:00,0.0,0.0,20.67,71.22,1.34
2019-12-19 04:00:00,0.0,0.0,20.12,72.83,1.38
2019-12-19 05:00:00,0.0,0.0,19.57,74.96,1.34
2019-12-19 06:00:00,22.42,22.42,19.42,76.13,1.34
2019-12-19 07:00:00,179.07,179.25,20.93,67.66,2.41
2019-12-19 08:00:00,363.17,363.4,22.7,62.92,2.0
2019-12-19 09:00:00,555.28,555.45,26.09,51.35,2.12
2019-12-19 10:00:00,697.28,704.03,29.69,39.07,2.76
2019-12-19 11:00:00,726.85,771.9,32.62,30.13,3.33
2019-12-19 12:00:00,736.6,764.05,34.42,26.67,3.53
2019-12-19 13:00:00,672.12,683.12,35.22,25.57,3.62
2019-12-19 14:00:00,515.55,516.38,35.18,26.17,3.58
2019-12-19 15:00:00,331.83,334.0,34.26,28.44,3.32
2019-12-19 16:00:00,165.98,167.0,32.13,38.88,2.16
2019-12-19 17:00:00,18.02,18.05,28.27,56.14,1.43
2019-12-19 18:00:00,0.0,0.0,26.21,61.61,1.51
2019-12-19 19:00:00,0.0,0.0,25.32,64.85,1.53
2019-12-19 20:00:00,0.0,0.0,24.58,67.62,1.5
2019-12-19 21:00:00,0.0,0.0,23.96,69.77,1.44
2019-12-19 22:00:00,0.0,0.0,23.4,71.38,1.38
2019-12-19 23:00:00,0.0,0.0,22.83,73.07,1.35
2019-12-20 00:00:00,0.0,0.0,22.22,75.21,1.31
2019-12-20 01:00:00,0.0,0.0,21.55,78.01,1.27
2019-12-20 02:00:00,0.0,0.0,20.84,81.46,1.24
2019-12-20 03:00:00,0.0,0.0,20.19,85.27,1.28
2019-12-20 04:00:00,0.0,0.0,19.63,88.58,1.39
2019-12-20 05:00:00,0.0,0.0,19.12,91.25,1.49
2019-12-20 06:00:00,18.2,18.17,19.08,91.1,1.95
2019-12-20 07:00:00,160.2,160.25,20.67,82.52,2.79
2019-12-20 08:00:00,309.67,309.75,23.64,68.57,2.54
2019-12-20 09:00:00,488.42,488.5,26.94,52.74,3.21
2019-12-20 10:00:00,617.83,617.83,30.07,40.07,3.78
2019-12-20 11:00:00,696.4,696.7,32.74,31.38,4.13
2019-12-20 12:00:00,793.38,794.03,34.21,28.08,4.08
2019-12-20 13:00:00,712.72,713.7,34.82,26.5,3.93
2019-12-20 14:00:00,566.78,568.42,34.72,26.29,3.78
2019-12-20 15:00:00,367.58,369.3,33.94,27.72,3.54
2019-12-20 16:00:00,175.98,177.0,31.86,36.53,2.51
2019-12-20 17:00:00,20.48,20.58,27.78,54.0,1.68
2019-12-20 18:00:00,0.0,0.0,25.58,60.22,1.83
2019-12-20 19:00:00,0.0,0.0,24.61,63.54,1.93
2019-12-20 20:00:00,0.0,0.0,23.81,66.55,1.89
2019-12-20 21:00:00,0.0,0.0,23.11,68.94,1.8
2019-12-20 22:00:00,0.0,0.0,22.45,71.18,1.69
2019-12-20 23:00:00,0.0,0.0,21.79,73.61,1.56
2019-12-21 00:00:00,0.0,0.0,21.1,76.27,1.47
2019-12-21 01:00:00,0.0,0.0,20.38,79.11,1.42
2019-12-21 02:00:00,0.0,0.0,19.63,82.3,1.45
2019-12-21 03:00:00,0.0,0.0,18.9,85.62,1.52
2019-12-21 04:00:00,0.0,0.0,18.19,88.7,1.57
2019-12-21 05:00:00,0.0,0.0,17.55,91.14,1.59
2019-12-21 06:00:00,20.35,20.62,17.37,90.96,1.93
2019-12-21 07:00:00,178.7,181.18,18.98,80.98,2.66
2019-12-21 08:00:00,353.17,357.77,22.05,66.26,2.19
2019-12-21 09:00:00,556.62,564.08,26.4,42.83,2.87
2019-12-21 10:00:00,681.05,709.88,30.41,29.18,3.23
2019-12-21 11:00:00,754.08,771.17,32.89,24.36,2.99
2019-12-21 12:00:00,840.17,854.35,33.79,22.66,2.85
2019-12-21 13:00:00,775.88,782.72,34.18,21.5,2.89
2019-12-21 14:00:00,617.2,636.8,34.04,21.09,2.96
2019-12-21 15:00:00,421.65,434.38,33.13,22.25,2.95
2019-12-21 16:00:00,200.95,204.62,30.91,31.38,2.08
2019-12-21 17:00:00,24.52,24.73,26.5,48.87,1.49
2019-12-21 18:00:00,0.0,0.0,24.2,52.57,1.58
2019-12-21 19:00:00,0.0,0.0,23.16,54.85,1.59
2019-12-21 20:00:00,0.0,0.0,22.4,57.07,1.54
2019-12-21 21:00:00,0.0,0.0,21.76,59.29,1.5
2019-12-21 22:00:00,0.0,0.0,21.12,62.03,1.46
2019-12-21 23:00:00,0.0,0.0,20.54,65.18,1.47
2019-12-22 00:00:00,0.0,0.0,19.99,68.62,1.52
2019-12-22 01:00:00,0.0,0.0,19.46,72.07,1.63
2019-12-22 02:00:00,0.0,0.0,18.99,75.2,1.83
2019-12-22 03:00:00,0.0,0.0,18.58,78.1,2.15
2019-12-22 04:00:00,0.0,0.0,18.11,80.91,2.38
2019-12-22 05:00:00,0.0,0.0,17.68,82.93,2.47
2019-12-22 06:00:00,22.17,22.35,17.47,83.06,2.73
2019-12-22 07:00:00,186.43,191.32,18.66,76.26,3.1
2019-12-22 08:00:00,388.5,413.5,21.25,65.67,2.73
2019-12-22 09:00:00,584.9,615.83,25.07,48.05,3.27
2019-12-22 10:00:00,722.75,761.8,28.12,37.36,3.82
2019-12-22 11:00:00,774.2,837.1,30.98,27.61,4.14
2019-12-22 12:00:00,754.92,870.08,32.43,24.54,4.04
2019-12-22 13:00:00,717.35,794.12,33.03,23.73,3.82
2019-12-22 14:00:00,613.7,646.72,33.09,23.95,3.64
2019-12-22 15:00:00,424.2,445.17,32.58,25.38,3.39
2019-12-22 16:00:00,208.2,215.57,30.73,34.01,2.37
2019-12-22 17:00:00,26.4,26.73,26.37,52.64,1.56
2019-12-22 18:00:00,0.0,0.0,23.95,58.2,1.77
2019-12-22 19:00:00,0.0,0.0,22.96,60.81,1.9
2019-12-22 20:00:00,0.0,0.0,22.03,63.17,1.88
2019-12-22 21:00:00,0.0,0.0,21.14,64.76,1.77
2019-12-22 22:00:00,0.0,0.0,20.29,65.89,1.69
2019-12-22 23:00:00,0.0,0.0,19.46,67.32,1.71
2019-12-23 00:00:00,0.0,0.0,18.63,68.95,1.89
2019-12-23 01:00:00,0.0,0.0,17.82,70.67,2.19
2019-12-23 02:00:00,0.0,0.0,16.91,72.95,2.45
2019-12-23 03:00:00,0.0,0.0,15.95,75.12,2.49
2019-12-23 04:00:00,0.0,0.0,15.05,76.93,2.35
2019-12-23 05:00:00,0.0,0.0,14.26,78.17,2.19
2019-12-23 06:00:00,26.38,26.4,14.09,76.23,2.6
2019-12-23 07:00:00,221.93,222.1,16.0,65.63,3.48
2019-12-23 08:00:00,454.77,454.98,19.47,54.3,3.13
2019-12-23 09:00:00,663.45,663.55,24.64,36.39,4.12
2019-12-23 10:00:00,814.8,814.8,29.01,22.78,5.69
2019-12-23 11:00:00,895.17,895.2,32.03,16.25,6.18
2019-12-23 12:00:00,903.4,903.4,33.53,14.68,5.99
2019-12-23 13:00:00,829.1,829.1,34.05,14.45,5.67
2019-12-23 14:00:00,680.9,681.88,33.79,15.11,5.24
2019-12-23 15:00:00,475.7,477.5,32.95,16.75,4.7
2019-12-23 16:00:00,238.15,239.9,30.62,25.24,3.1
2019-12-23 17:00:00,31.17,31.48,25.49,45.53,1.68
2019-12-23 18:00:00,0.0,0.0,22.84,52.22,1.69
2019-12-23 19:00:00,0.0,0.0,21.77,54.55,1.7
2019-12-23 20:00:00,0.0,0.0,20.86,56.1,1.61
2019-12-23 21:00:00,0.0,0.0,20.09,57.22,1.54
2019-12-23 22:00:00,0.0,0.0,19.32,58.66,1.54
2019-12-23 23:00:00,0.0,0.0,18.49,61.31,1.51
2019-12-24 00:00:00,0.0,0.0,17.55,65.82,1.42
2019-12-24 01:00:00,0.0,0.0,16.59,70.84,1.4
2019-12-24 02:00:00,0.0,0.0,15.78,74.57,1.5
2019-12-24 03:00:00,0.0,0.0,15.04,77.64,1.54
2019-12-24 04:00:00,0.0,0.0,14.34,79.89,1.49
2019-12-24 05:00:00,0.0,0.0,13.74,81.29,1.48
2019-12-24 06:00:00,24.42,24.55,13.86,79.82,1.71
2019-12-24 07:00:00,213.25,214.73,16.44,67.0,2.93
2019-12-24 08:00:00,443.95,447.55,19.34,58.12,2.12
2019-12-24 09:00:00,651.55,654.55,23.81,41.04,2.46
2019-12-24 10:00:00,803.97,806.15,27.76,28.51,3.39
2019-12-24 11:00:00,885.15,886.28,31.53,17.58,4.22
2019-12-24 12:00:00,919.65,919.65,33.05,15.37,4.08
2019-12-24 13:00:00,841.47,842.05,33.63,14.71,3.84
2019-12-24 14:00:00,693.2,694.22,33.55,14.79,3.62
2019-12-24 15:00:00,487.02,488.3,32.83,15.91,3.38
2019-12-24 16:00:00,248.12,249.07,30.74,24.02,2.38
2019-12-24 17:00:00,33.83,33.97,25.43,44.75,1.54
2019-12-24 18:00:00,0.0,0.0,22.56,50.15,1.77
2019-12-24 19:00:00,0.0,0.0,21.39,53.46,1.88
2019-12-24 20:00:00,0.0,0.0,20.38,56.46,1.82
2019-12-24 21:00:00,0.0,0.0,19.49,58.91,1.69
2019-12-24 22:00:00,0.0,0.0,18.72,60.62,1.57
2019-12-24 23:00:00,0.0,0.0,17.99,62.3,1.47
2019-12-25 00:00:00,0.0,0.0,17.25,64.37,1.41
2019-12-25 01:00:00,0.0,0.0,16.44,66.98,1.38
2019-12-25 02:00:00,0.0,0.0,15.63,69.63,1.42
2019-12-25 03:00:00,0.0,0.0,14.93,71.55,1.53
2019-12-25 04:00:00,0.0,0.0,14.31,72.65,1.61
2019-12-25 05:00:00,0.0,0.0,13.7,73.19,1.6
2019-12-25 06:00:00,26.02,26.05,13.75,71.58,1.63
2019-12-25 07:00:00,224.95,225.25,16.69,56.04,2.91
2019-12-25 08:00:00,459.92,460.33,19.91,48.34,2.2
2019-12-25 09:00:00,668.62,668.8,24.81,34.26,2.65
2019-12-25 10:00:00,819.42,819.42,29.19,23.06,3.3
2019-12-25 11:00:00,899.33,899.33,32.17,17.32,3.33
2019-12-25 12:00:00,905.78,905.78,33.44,15.92,3.05
2019-12-25 13:00:00,828.9,828.9,33.99,15.63,2.84
2019-12-25 14:00:00,681.12,681.3,33.94,15.85,2.72
2019-12-25 15:00:00,474.42,474.7,33.26,16.95,2.63
2019-12-25 16:00:00,237.75,238.0,31.29,24.49,1.92
2019-12-25 17:00:00,31.5,31.55,26.19,44.68,1.35
2019-12-25 18:00:00,0.0,0.0,23.49,48.05,1.56
2019-12-25 19:00:00,0.0,0.0,22.31,50.77,1.64
2019-12-25 20:00:00,0.0,0.0,21.34,53.59,1.61
2019-12-25 21:00:00,0.0,0.0,20.58,55.9,1.52
2019-12-25 22:00:00,0.0,0.0,19.93,57.84,1.4
2019-12-25 23:00:00,0.0,0.0,19.4,59.4,1.32
2019-12-26 00:00:00,0.0,0.0,18.88,60.9,1.27
2019-12-26 01:00:00,0.0,0.0,18.17,63.26,1.26
2019-12-26 02:00:00,0.0,0.0,17.39,65.78,1.33
2019-12-26 03:00:00,0.0,0.0,16.72,68.14,1.53
2019-12-26 04:00:00,0.0,0.0,16.22,70.44,1.77
2019-12-26 05:00:00,0.0,0.0,15.75,73.5,1.89
2019-12-26 06:00:00,23.2,23.3,15.82,74.98,2.04
2019-12-26 07:00:00,211.48,212.52,18.24,65.66,3.13
2019-12-26 08:00:00,437.42,438.98,21.4,56.3,2.39
2019-12-26 09:00:00,643.38,644.75,25.89,39.36,3.07
2019-12-26 10:00:00,793.67,794.45,30.02,26.63,3.69
2019-12-26 11:00:00,873.5,873.5,32.61,21.68,3.7
2019-12-26 12:00:00,882.03,882.03,33.84,20.48,3.31
2019-12-26 13:00:00,806.47,806.47,34.37,20.04,2.99
2019-12-26 14:00:00,658.9,658.9,34.32,20.2,2.88
2019-12-26 15:00:00,455.65,455.83,33.63,21.29,2.88
2019-12-26 16:00:00,227.52,227.73,31.8,27.76,2.31
2019-12-26 17:00:00,30.3,30.35,27.19,46.15,1.53
2019-12-26 18:00:00,0.0,0.0,24.67,50.39,1.86
2019-12-26 19:00:00,0.0,0.0,23.45,52.85,2.05
2019-12-26 20:00:00,0.0,0.0,22.45,56.36,1.87
2019-12-26 21:00:00,0.0,0.0,21.67,59.84,1.62
2019-12-26 22:00:00,0.0,0.0,21.02,63.09,1.46
2019-12-26 23:00:00,0.0,0.0,20.46,65.94,1.39
2019-12-27 00:00:00,0.0,0.0,19.89,68.68,1.43
2019-12-27 01:00:00,0.0,0.0,19.32,71.54,1.53
2019-12-27 02:00:00,0.0,0.0,18.76,74.48,1.67
2019-12-27 03:00:00,0.0,0.0,18.24,77.25,1.99
2019-12-27 04:00:00,0.0,0.0,17.75,79.61,2.34
2019-12-27 05:00:00,0.0,0.0,17.16,81.95,2.39
2019-12-27 06:00:00,19.8,19.85,16.9,81.65,2.6
2019-12-27 07:00:00,186.57,187.07,18.59,71.77,3.26
2019-12-27 08:00:00,395.55,396.25,21.9,56.77,2.99
2019-12-27 09:00:00,599.47,599.97,25.91,39.78,3.85
2019-12-27 10:00:00,748.45,748.45,29.57,29.01,4.23
2019-12-27 11:00:00,829.53,829.53,32.36,23.78,3.95
2019-12-27 12:00:00,797.45,797.45,33.8,22.02,3.42
2019-12-27 13:00:00,714.15,714.15,34.34,21.38,2.93
2019-12-27 14:00:00,569.42,569.47,34.42,21.35,2.51
2019-12-27 15:00:00,368.27,368.4,33.85,22.48,2.2
2019-12-27 16:00:00,189.3,189.4,32.02,31.04,1.36
2019-12-27 17:00:00,22.92,22.95,27.77,51.07,1.1
2019-12-27 18:00:00,0.0,0.0,25.77,52.46,1.39
2019-12-27 19:00:00,0.0,0.0,24.86,54.79,1.61
2019-12-27 20:00:00,0.0,0.0,23.81,58.68,1.68
2019-12-27 21:00:00,0.0,0.0,22.75,63.49,1.62
2019-12-27 22:00:00,0.0,0.0,22.0,67.09,1.56
2019-12-27 23:00:00,0.0,0.0,21.42,69.67,1.53
2019-12-28 00:00:00,0.0,0.0,20.89,72.01,1.57
2019-12-28 01:00:00,0.0,0.0,20.41,74.26,1.66
2019-12-28 02:00:00,0.0,0.0,19.95,76.64,1.79
2019-12-28 03:00:00,0.0,0.0,19.47,78.95,1.92
2019-12-28 04:00:00,0.0,0.0,18.99,81.16,2.0
2019-12-28 05:00:00,0.0,0.0,18.54,83.13,2.05
2019-12-28 06:00:00,14.12,14.43,18.22,84.44,2.2
2019-12-28 07:00:00,121.15,123.5,18.97,79.99,2.75
2019-12-28 08:00:00,296.7,303.65,20.79,71.76,2.43
2019-12-28 09:00:00,456.2,469.25,24.19,52.51,2.79
2019-12-28 10:00:00,600.2,614.47,27.22,40.43,3.07
2019-12-28 11:00:00,639.53,694.5,30.41,29.14,3.18
2019-12-28 12:00:00,712.22,724.4,32.62,25.07,2.95
2019-12-28 13:00:00,642.03,649.22,33.59,23.63,2.57
2019-12-28 14:00:00,431.23,506.23,33.76,23.42,2.33
2019-12-28 15:00:00,303.9,335.73,32.84,25.5,2.17
2019-12-28 16:00:00,143.4,145.02,30.54,38.95,1.4
2019-12-28 17:00:00,21.35,20.73,26.82,51.76,1.32
2019-12-28 18:00:00,0.0,0.0,24.83,54.22,1.53
2019-12-28 19:00:00,0.0,0.0,23.78,56.4,1.6
2019-12-28 20:00:00,0.0,0.0,22.93,58.84,1.53
2019-12-28 21:00:00,0.0,0.0,22.26,60.99,1.38
2019-12-28 22:00:00,0.0,0.0,21.71,62.81,1.25
2019-12-28 23:00:00,0.0,0.0,21.22,64.07,1.18
2019-12-29 00:00:00,0.0,0.0,20.59,65.71,1.21
2019-12-29 01:00:00,0.0,0.0,19.85,67.45,1.33
2019-12-29 02:00:00,0.0,0.0,19.17,68.62,1.6
2019-12-29 03:00:00,0.0,0.0,18.52,69.86,1.85
2019-12-29 04:00:00,0.0,0.0,17.81,71.61,1.89
2019-12-29 05:00:00,0.0,0.0,17.08,73.48,1.8
2019-12-29 06:00:00,15.85,15.88,16.81,73.49,2.04
2019-12-29 07:00:00,166.73,166.9,18.49,64.51,3.16
2019-12-29 08:00:00,336.4,336.75,21.34,55.72,2.6
2019-12-29 09:00:00,539.3,539.83,25.63,37.05,3.44
2019-12-29 10:00:00,705.3,705.3,29.34,24.33,4.33
2019-12-29 11:00:00,798.22,798.3,32.11,18.04,4.57
2019-12-29 12:00:00,859.05,859.2,33.43,16.88,4.45
2019-12-29 13:00:00,789.2,789.42,33.92,16.98,4.41
2019-12-29 14:00:00,647.5,647.78,33.62,17.8,4.36
2019-12-29 15:00:00,446.42,447.0,32.56,19.59,4.17
2019-12-29 16:00:00,223.73,224.18,30.36,26.65,3.07
2019-12-29 17:00:00,31.6,31.67,25.82,43.84,1.77
2019-12-29 18:00:00,0.0,0.0,23.44,49.49,1.73
2019-12-29 19:00:00,0.0,0.0,22.45,51.83,1.6
2019-12-29 20:00:00,0.0,0.0,21.66,53.8,1.48
2019-12-29 21:00:00,0.0,0.0,20.94,55.34,1.43
2019-12-29 22:00:00,0.0,0.0,20.17,57.22,1.45
2019-12-29 23:00:00,0.0,0.0,19.34,59.72,1.53
2019-12-30 00:00:00,0.0,0.0,18.52,62.69,1.76
2019-12-30 01:00:00,0.0,0.0,17.74,65.92,2.08
2019-12-30 02:00:00,0.0,0.0,16.91,69.39,2.28
2019-12-30 03:00:00,0.0,0.0,16.07,72.78,2.23
2019-12-30 04:00:00,0.0,0.0,15.3,75.49,2.15
2019-12-30 05:00:00,0.0,0.0,14.65,77.23,2.18
2019-12-30 06:00:00,19.38,19.38,14.5,76.32,2.65
2019-12-30 07:00:00,199.82,199.95,16.3,66.84,3.37
2019-12-30 08:00:00,425.52,425.7,19.75,54.87,2.84
2019-12-30 09:00:00,634.15,634.25,24.76,34.5,3.97
2019-12-30 10:00:00,787.0,787.0,29.03,21.3,5.09
2019-12-30 11:00:00,821.7,836.29,31.65,16.35,5.29
2019-12-30 12:00:00,872.53,872.53,32.8,15.69,5.04
2019-12-30 13:00:00,801.3,801.3,33.2,15.79,4.83
2019-12-30 14:00:00,657.8,658.38,32.96,16.44,4.56
2019-12-30 15:00:00,456.88,457.83,32.12,17.96,4.2
2019-12-30 16:00:00,230.7,231.5,30.1,24.34,3.08
2019-12-30 17:00:00,33.58,33.67,25.36,42.07,1.75
2019-12-30 18:00:00,0.0,0.0,22.89,47.76,1.75
2019-12-30 19:00:00,0.0,0.0,21.94,50.34,1.65
2019-12-30 20:00:00,0.0,0.0,21.21,52.54,1.49
2019-12-30 21:00:00,0.0,0.0,20.68,53.9,1.4
2019-12-30 22:00:00,0.0,0.0,20.14,55.04,1.36
2019-12-30 23:00:00,0.0,0.0,19.39,57.22,1.37
2019-12-31 00:00:00,0.0,0.0,18.48,59.79,1.51
2019-12-31 01:00:00,0.0,0.0,17.73,61.41,1.85
2019-12-31 02:00:00,0.0,0.0,17.01,63.19,2.25
2019-12-31 03:00:00,0.0,0.0,16.09,66.07,2.33
2019-12-31 04:00:00,0.0,0.0,15.11,69.35,2.17
2019-12-31 05:00:00,0.0,0.0,14.29,71.69,2.11
2019-12-31 06:00:00,19.35,19.42,14.08,71.23,2.67
2019-12-31 07:00:00,199.65,200.2,15.93,62.23,3.5
2019-12-31 08:00:00,424.85,425.42,19.49,51.15,3.03
2019-12-31 09:00:00,590.67,601.84,24.6,32.33,4.26
2019-12-31 10:00:00,791.38,793.62,28.86,20.36,5.54
2019-12-31 11:00:00,877.8,879.08,31.46,15.95,5.63
2019-12-31 12:00:00,905.8,906.8,32.55,15.31,5.25
2019-12-31 13:00:00,833.53,834.95,32.86,15.47,4.94
2019-12-31 14:00:00,689.53,691.2,32.52,16.15,4.62
2019-12-31 15:00:00,486.98,488.55,31.58,17.57,4.28
2019-12-31 16:00:00,252.15,253.2,29.62,23.05,3.26
2019-12-31 17:00:00,39.1,39.25,24.84,41.2,1.73
2019-12-31 18:00:00,0.0,0.0,22.26,47.46,1.69
2019-12-31 19:00:00,0.0,0.0,21.28,49.87,1.62
2019-12-31 20:00:00,0.0,0.0,20.49,51.93,1.51
2019-12-31 21:00:00,0.0,0.0,19.78,53.52,1.45
2019-12-31 22:00:00,0.0,0.0,19.03,55.04,1.47
2019-12-31 23:00:00,0.0,0.0,18.17,57.09,1.59
