,ghi_w_m2,ghi_clear_w_m2,temp_c,humidity_pct,wind_speed_ms
2021-01-01 00:00:00,0.0,0.0,26.02,59.85,1.77
2021-01-01 01:00:00,0.0,0.0,25.1,58.09,1.97
2021-01-01 02:00:00,0.0,0.0,24.08,56.37,2.34
2021-01-01 03:00:00,0.0,0.0,22.83,57.27,2.55
2021-01-01 04:00:00,0.0,0.0,21.79,60.17,2.72
2021-01-01 05:00:00,0.0,0.0,20.92,64.57,2.61
2021-01-01 06:00:00,16.15,16.12,20.57,67.83,2.68
2021-01-01 07:00:00,166.73,168.1,22.18,63.33,2.95
2021-01-01 08:00:00,380.1,384.4,25.84,52.09,2.55
2021-01-01 09:00:00,582.95,586.17,31.27,33.52,2.97
2021-01-01 10:00:00,728.6,733.6,34.96,26.43,3.1
2021-01-01 11:00:00,803.12,810.12,36.26,25.23,3.1
2021-01-01 12:00:00,847.3,852.7,36.98,24.23,3.38
2021-01-01 13:00:00,776.47,779.72,37.21,23.66,3.61
2021-01-01 14:00:00,629.6,635.7,36.96,23.81,3.69
2021-01-01 15:00:00,428.08,429.75,36.13,25.04,3.68
2021-01-01 16:00:00,204.62,208.93,34.67,27.95,3.41
2021-01-01 17:00:00,30.75,31.08,30.92,41.18,1.9
2021-01-01 18:00:00,0.0,0.0,28.59,48.13,1.93
2021-01-01 19:00:00,0.0,0.0,27.69,50.52,1.95
2021-01-01 20:00:00,0.0,0.0,26.82,52.47,1.75
2021-01-01 21:00:00,0.0,0.0,26.03,53.71,1.54
2021-01-01 22:00:00,0.0,0.0,25.39,54.27,1.4
2021-01-01 23:00:00,0.0,0.0,24.78,54.59,1.34
2021-01-02 00:00:00,0.0,0.0,24.18,54.99,1.3
2021-01-02 01:00:00,0.0,0.0,23.5,55.79,1.3
2021-01-02 02:00:00,0.0,0.0,22.72,56.98,1.32
2021-01-02 03:00:00,0.0,0.0,21.86,58.89,1.35
2021-01-02 04:00:00,0.0,0.0,21.09,61.32,1.41
2021-01-02 05:00:00,0.0,0.0,20.45,64.14,1.49
2021-01-02 06:00:00,15.52,15.52,20.46,65.19,1.88
2021-01-02 07:00:00,174.18,174.5,22.55,58.04,2.7
2021-01-02 08:00:00,364.0,364.38,26.0,49.1,1.93
2021-01-02 09:00:00,555.62,555.88,30.87,32.55,2.08
2021-01-02 10:00:00,707.08,707.3,35.21,22.98,2.27
2021-01-02 11:00:00,785.2,785.9,36.85,21.46,2.4
2021-01-02 12:00:00,858.12,859.72,37.62,20.61,2.57
2021-01-02 13:00:00,790.38,793.0,37.92,20.21,2.71
2021-01-02 14:00:00,651.08,652.03,37.71,20.42,2.85
2021-01-02 15:00:00,451.17,456.75,36.96,21.42,2.86
2021-01-02 16:00:00,226.12,230.7,35.56,24.19,2.59
2021-01-02 17:00:00,36.15,36.47,31.46,40.48,1.35
2021-01-02 18:00:00,0.0,0.0,29.03,46.33,1.43
2021-01-02 19:00:00,0.0,0.0,28.17,49.19,1.42
2021-01-02 20:00:00,0.0,0.0,27.49,52.28,1.3
2021-01-02 21:00:00,0.0,0.0,26.77,56.18,1.18
2021-01-02 22:00:00,0.0,0.0,25.76,62.13,1.19
2021-01-02 23:00:00,0.0,0.0,25.09,69.02,1.42
2021-01-03 00:00:00,0.0,0.0,24.65,77.74,1.65
2021-01-03 01:00:00,0.0,0.0,24.2,86.13,1.63
2021-01-03 02:00:00,0.0,0.0,23.75,92.24,1.4
2021-01-03 03:00:00,0.0,0.0,23.39,95.79,1.17
2021-01-03 04:00:00,0.0,0.0,23.13,97.9,1.02
2021-01-03 05:00:00,0.0,0.0,22.9,99.49,0.93
2021-01-03 06:00:00,16.83,16.88,23.28,97.35,1.03
2021-01-03 07:00:00,181.23,181.98,26.14,81.95,2.26
2021-01-03 08:00:00,397.05,398.0,29.77,63.12,2.3
2021-01-03 09:00:00,601.0,601.38,32.77,48.14,1.59
2021-01-03 10:00:00,756.2,756.22,35.01,38.36,0.99
2021-01-03 11:00:00,838.55,839.15,36.35,33.81,1.12
2021-01-03 12:00:00,829.33,832.62,37.26,31.05,1.39
2021-01-03 13:00:00,720.67,763.92,37.72,29.51,1.67
2021-01-03 14:00:00,574.3,629.42,37.7,29.12,1.95
2021-01-03 15:00:00,394.58,434.4,37.15,29.9,2.28
2021-01-03 16:00:00,198.62,214.18,35.95,32.47,2.58
2021-01-03 17:00:00,33.08,33.58,33.07,44.36,1.61
2021-01-03 18:00:00,0.0,0.0,31.04,51.56,1.85
2021-01-03 19:00:00,0.0,0.0,30.28,54.87,2.49
2021-01-03 20:00:00,0.0,0.0,29.34,60.48,2.68
2021-01-03 21:00:00,0.0,0.0,28.49,65.75,2.4
2021-01-03 22:00:00,0.0,0.0,27.79,69.73,1.93
2021-01-03 23:00:00,0.0,0.0,27.11,73.19,1.46
2021-01-04 00:00:00,0.0,0.0,26.52,76.19,1.17
2021-01-04 01:00:00,0.0,0.0,25.98,78.99,1.01
2021-01-04 02:00:00,0.0,0.0,25.52,81.57,0.9
2021-01-04 03:00:00,0.0,0.0,25.13,83.99,0.8
2021-01-04 04:00:00,0.0,0.0,24.8,86.0,0.72
2021-01-04 05:00:00,0.0,0.0,24.54,87.65,0.69
2021-01-04 06:00:00,14.57,14.65,24.85,86.54,0.81
2021-01-04 07:00:00,168.62,170.55,27.14,74.86,1.34
2021-01-04 08:00:00,352.45,355.35,30.7,55.63,0.48
2021-01-04 09:00:00,549.88,552.9,33.3,44.0,1.88
2021-01-04 10:00:00,714.75,717.15,34.78,38.94,2.58
2021-01-04 11:00:00,794.6,795.58,35.92,35.36,3.1
2021-01-04 12:00:00,811.85,815.88,36.72,33.07,3.53
2021-01-04 13:00:00,731.0,744.15,37.05,31.92,3.83
2021-01-04 14:00:00,541.5,610.2,36.91,31.22,4.01
2021-01-04 15:00:00,382.98,424.77,36.33,31.31,4.0
2021-01-04 16:00:00,195.45,212.0,35.16,33.02,3.67
2021-01-04 17:00:00,33.72,34.25,32.16,44.65,1.8
2021-01-04 18:00:00,0.0,0.0,29.79,54.16,1.28
2021-01-04 19:00:00,0.0,0.0,28.98,57.14,1.13
2021-01-04 20:00:00,0.0,0.0,28.52,58.18,0.98
2021-01-04 21:00:00,0.0,0.0,28.44,56.84,0.8
2021-01-04 22:00:00,0.0,0.0,28.58,54.92,0.48
2021-01-04 23:00:00,0.0,0.0,28.37,55.22,0.26
2021-01-05 00:00:00,0.0,0.0,27.57,57.03,0.59
2021-01-05 01:00:00,0.0,0.0,26.6,61.16,0.75
2021-01-05 02:00:00,0.0,0.0,25.74,65.85,0.64
2021-01-05 03:00:00,0.0,0.0,24.97,70.93,0.34
2021-01-05 04:00:00,0.0,0.0,24.2,75.35,0.4
2021-01-05 05:00:00,0.0,0.0,23.13,79.58,0.69
2021-01-05 06:00:00,16.35,15.55,23.1,78.23,0.94
2021-01-05 07:00:00,168.93,172.48,25.29,65.3,1.77
2021-01-05 08:00:00,379.55,394.33,29.02,48.9,1.49
2021-01-05 09:00:00,580.2,598.97,32.78,36.1,1.48
2021-01-05 10:00:00,746.85,752.88,35.21,29.7,1.87
2021-01-05 11:00:00,835.85,838.62,36.78,26.03,2.48
2021-01-05 12:00:00,845.6,856.92,37.73,23.6,3.02
2021-01-05 13:00:00,759.33,790.15,38.1,22.0,3.5
2021-01-05 14:00:00,637.45,651.62,37.9,21.13,3.89
2021-01-05 15:00:00,433.73,455.4,37.15,21.07,4.16
2021-01-05 16:00:00,211.95,228.05,35.71,22.62,3.97
2021-01-05 17:00:00,36.12,36.83,31.79,34.03,2.21
2021-01-05 18:00:00,0.0,0.0,29.17,40.96,2.01
2021-01-05 19:00:00,0.0,0.0,28.1,43.28,1.88
2021-01-05 20:00:00,0.0,0.0,27.2,45.33,1.64
2021-01-05 21:00:00,0.0,0.0,26.51,47.01,1.44
2021-01-05 22:00:00,0.0,0.0,25.91,48.41,1.33
2021-01-05 23:00:00,0.0,0.0,25.25,49.74,1.31
2021-01-06 00:00:00,0.0,0.0,24.34,51.46,1.39
2021-01-06 01:00:00,0.0,0.0,23.35,53.12,1.68
2021-01-06 02:00:00,0.0,0.0,22.34,56.07,2.14
2021-01-06 03:00:00,0.0,0.0,21.26,61.29,2.3
2021-01-06 04:00:00,0.0,0.0,20.26,67.14,1.81
2021-01-06 05:00:00,0.0,0.0,19.53,71.59,1.34
2021-01-06 06:00:00,13.1,13.1,19.59,72.83,1.52
2021-01-06 07:00:00,163.5,163.77,21.75,64.77,2.42
2021-01-06 08:00:00,344.4,344.83,25.38,53.23,2.13
2021-01-06 09:00:00,543.0,543.42,30.18,38.9,2.68
2021-01-06 10:00:00,695.4,695.7,34.19,29.18,3.38
2021-01-06 11:00:00,777.0,777.08,36.23,25.34,3.78
2021-01-06 12:00:00,878.85,879.1,37.46,23.26,4.21
2021-01-06 13:00:00,813.0,813.42,37.81,22.46,4.53
2021-01-06 14:00:00,673.83,674.6,37.46,22.55,4.72
2021-01-06 15:00:00,473.88,474.98,36.65,23.11,4.71
2021-01-06 16:00:00,240.05,244.7,35.22,24.98,4.1
2021-01-06 17:00:00,40.33,40.97,31.6,36.33,2.11
2021-01-06 18:00:00,0.0,0.0,29.19,44.19,1.68
2021-01-06 19:00:00,0.0,0.0,28.12,48.22,1.41
2021-01-06 20:00:00,0.0,0.0,27.28,51.63,1.16
2021-01-06 21:00:00,0.0,0.0,26.76,53.41,1.01
2021-01-06 22:00:00,0.0,0.0,26.44,54.23,0.94
2021-01-06 23:00:00,0.0,0.0,25.65,57.34,0.87
2021-01-07 00:00:00,0.0,0.0,24.21,62.37,0.88
2021-01-07 01:00:00,0.0,0.0,22.88,65.71,0.91
2021-01-07 02:00:00,0.0,0.0,21.88,67.72,0.92
2021-01-07 03:00:00,0.0,0.0,21.09,69.5,0.9
2021-01-07 04:00:00,0.0,0.0,20.64,71.06,0.89
2021-01-07 05:00:00,0.0,0.0,20.16,72.48,1.02
2021-01-07 06:00:00,14.7,14.75,20.15,72.1,1.69
2021-01-07 07:00:00,163.85,172.88,22.03,64.58,2.75
2021-01-07 08:00:00,363.92,394.62,25.59,53.3,2.24
2021-01-07 09:00:00,557.78,598.67,29.71,42.42,2.19
2021-01-07 10:00:00,727.12,751.42,33.81,32.43,3.04
2021-01-07 11:00:00,783.6,833.4,36.06,27.01,3.72
2021-01-07 12:00:00,764.4,816.53,37.28,23.84,4.17
2021-01-07 13:00:00,716.95,750.53,37.76,21.85,4.57
2021-01-07 14:00:00,562.28,613.08,37.63,20.81,4.83
2021-01-07 15:00:00,372.98,419.33,36.95,20.64,4.88
2021-01-07 16:00:00,197.25,208.9,35.52,22.55,4.08
2021-01-07 17:00:00,34.05,34.05,31.33,35.12,1.98
2021-01-07 18:00:00,0.0,0.0,28.78,42.47,1.68
2021-01-07 19:00:00,0.0,0.0,27.76,45.73,1.52
2021-01-07 20:00:00,0.0,0.0,26.9,48.52,1.38
2021-01-07 21:00:00,0.0,0.0,26.21,50.82,1.34
2021-01-07 22:00:00,0.0,0.0,25.29,53.37,1.42
2021-01-07 23:00:00,0.0,0.0,24.31,56.48,1.68
2021-01-08 00:00:00,0.0,0.0,23.33,60.23,2.0
2021-01-08 01:00:00,0.0,0.0,22.33,65.02,2.04
2021-01-08 02:00:00,0.0,0.0,21.37,70.35,1.76
2021-01-08 03:00:00,0.0,0.0,20.59,75.43,1.46
2021-01-08 04:00:00,0.0,0.0,20.08,79.74,1.29
2021-01-08 05:00:00,0.0,0.0,19.78,83.79,1.22
2021-01-08 06:00:00,12.2,12.15,20.19,84.93,1.43
2021-01-08 07:00:00,133.05,134.43,22.64,76.51,2.12
2021-01-08 08:00:00,330.95,334.77,26.43,65.34,1.85
2021-01-08 09:00:00,510.17,527.55,31.2,50.25,2.7
2021-01-08 10:00:00,653.78,686.8,34.14,38.49,3.0
2021-01-08 11:00:00,773.38,779.1,36.14,30.74,3.39
2021-01-08 12:00:00,833.97,849.12,37.45,26.04,3.86
2021-01-08 13:00:00,763.65,785.38,37.98,23.29,4.26
2021-01-08 14:00:00,631.33,650.0,37.83,21.93,4.56
2021-01-08 15:00:00,451.12,459.35,37.08,21.63,4.65
2021-01-08 16:00:00,228.57,236.23,35.63,23.05,4.02
2021-01-08 17:00:00,42.0,42.58,31.58,34.84,2.0
2021-01-08 18:00:00,0.0,0.0,28.9,42.46,1.69
2021-01-08 19:00:00,0.0,0.0,27.68,46.56,1.5
2021-01-08 20:00:00,0.0,0.0,26.64,50.7,1.3
2021-01-08 21:00:00,0.0,0.0,25.77,54.58,1.13
2021-01-08 22:00:00,0.0,0.0,24.99,58.27,1.02
2021-01-08 23:00:00,0.0,0.0,24.23,62.17,1.0
2021-01-09 00:00:00,0.0,0.0,23.55,66.48,0.99
2021-01-09 01:00:00,0.0,0.0,23.03,71.02,0.97
2021-01-09 02:00:00,0.0,0.0,22.67,76.55,0.9
2021-01-09 03:00:00,0.0,0.0,22.48,82.27,0.84
2021-01-09 04:00:00,0.0,0.0,22.5,86.49,0.8
2021-01-09 05:00:00,0.0,0.0,22.59,89.48,0.72
2021-01-09 06:00:00,13.75,13.75,22.93,89.94,0.62
2021-01-09 07:00:00,166.68,166.85,25.32,78.22,1.26
2021-01-09 08:00:00,360.05,360.25,28.87,61.31,1.81
2021-01-09 09:00:00,563.15,563.28,31.85,48.62,1.52
2021-01-09 10:00:00,701.92,701.95,34.22,36.98,0.29
2021-01-09 11:00:00,790.62,791.22,36.32,27.5,1.31
2021-01-09 12:00:00,880.12,881.47,37.42,24.1,2.24
2021-01-09 13:00:00,809.72,819.28,37.82,22.94,2.83
2021-01-09 14:00:00,675.6,683.17,37.66,22.85,3.26
2021-01-09 15:00:00,481.05,488.7,36.94,23.73,3.55
2021-01-09 16:00:00,255.18,260.02,35.62,25.87,3.53
2021-01-09 17:00:00,48.85,49.33,32.1,37.5,1.96
2021-01-09 18:00:00,0.0,0.0,29.65,45.31,1.95
2021-01-09 19:00:00,0.0,0.0,28.66,48.34,2.02
2021-01-09 20:00:00,0.0,0.0,27.6,51.54,1.78
2021-01-09 21:00:00,0.0,0.0,26.6,54.17,1.45
2021-01-09 22:00:00,0.0,0.0,25.74,55.85,1.2
2021-01-09 23:00:00,0.0,0.0,24.95,56.92,1.07
2021-01-10 00:00:00,0.0,0.0,24.12,57.8,1.02
2021-01-10 01:00:00,0.0,0.0,23.16,59.0,1.09
2021-01-10 02:00:00,0.0,0.0,22.13,60.44,1.24
2021-01-10 03:00:00,0.0,0.0,21.2,62.24,1.45
2021-01-10 04:00:00,0.0,0.0,20.37,64.67,1.56
2021-01-10 05:00:00,0.0,0.0,19.65,67.03,1.56
2021-01-10 06:00:00,14.68,14.7,19.6,67.07,1.81
2021-01-10 07:00:00,179.6,179.82,21.62,58.41,2.76
2021-01-10 08:00:00,390.02,390.33,25.0,48.19,2.31
2021-01-10 09:00:00,597.08,597.28,30.15,31.57,2.88
2021-01-10 10:00:00,753.0,753.0,34.31,21.55,3.72
2021-01-10 11:00:00,842.1,843.62,36.12,18.96,3.98
2021-01-10 12:00:00,871.38,874.5,37.23,17.65,4.02
2021-01-10 13:00:00,804.88,809.38,37.61,17.24,3.98
2021-01-10 14:00:00,667.15,667.92,37.43,17.39,3.92
2021-01-10 15:00:00,468.15,468.8,36.68,18.16,3.8
2021-01-10 16:00:00,237.4,237.8,35.26,20.61,3.29
2021-01-10 17:00:00,45.22,45.3,31.01,34.69,1.57
2021-01-10 18:00:00,0.0,0.0,28.57,40.6,1.55
2021-01-10 19:00:00,0.0,0.0,27.64,42.95,1.52
2021-01-10 20:00:00,0.0,0.0,26.81,45.48,1.39
2021-01-10 21:00:00,0.0,0.0,26.13,47.73,1.23
2021-01-10 22:00:00,0.0,0.0,25.56,49.46,1.11
2021-01-10 23:00:00,0.0,0.0,25.05,50.86,1.02
2021-01-11 00:00:00,0.0,0.0,24.49,52.52,0.98
2021-01-11 01:00:00,0.0,0.0,23.75,54.93,0.96
2021-01-11 02:00:00,0.0,0.0,22.89,57.56,0.97
2021-01-11 03:00:00,0.0,0.0,22.06,60.18,1.01
2021-01-11 04:00:00,0.0,0.0,21.32,62.61,1.08
2021-01-11 05:00:00,0.0,0.0,20.66,65.16,1.1
2021-01-11 06:00:00,13.52,13.65,20.7,65.82,1.24
2021-01-11 07:00:00,166.77,168.95,23.13,56.69,2.44
2021-01-11 08:00:00,369.25,373.2,26.64,47.05,2.09
2021-01-11 09:00:00,572.7,576.88,31.5,32.46,2.17
2021-01-11 10:00:00,728.6,732.95,34.46,24.67,2.22
2021-01-11 11:00:00,787.88,820.38,36.12,20.8,2.42
2021-01-11 12:00:00,780.58,856.4,37.05,18.68,2.69
2021-01-11 13:00:00,637.88,790.4,37.42,17.67,2.91
2021-01-11 14:00:00,538.03,652.22,37.23,17.42,3.08
2021-01-11 15:00:00,377.15,461.75,36.49,17.9,3.21
2021-01-11 16:00:00,175.88,234.15,35.04,19.86,3.05
2021-01-11 17:00:00,37.0,42.4,31.13,32.47,1.63
2021-01-11 18:00:00,0.0,0.0,28.7,37.45,1.75
2021-01-11 19:00:00,0.0,0.0,27.76,38.97,1.86
2021-01-11 20:00:00,0.0,0.0,26.85,41.28,1.75
2021-01-11 21:00:00,0.0,0.0,26.04,43.69,1.54
2021-01-11 22:00:00,0.0,0.0,25.36,45.83,1.32
2021-01-11 23:00:00,0.0,0.0,24.84,47.32,1.17
2021-01-12 00:00:00,0.0,0.0,24.56,47.58,1.08
2021-01-12 01:00:00,0.0,0.0,24.5,46.65,1.04
2021-01-12 02:00:00,0.0,0.0,24.53,45.37,0.99
2021-01-12 03:00:00,0.0,0.0,24.33,44.11,0.92
2021-01-12 04:00:00,0.0,0.0,23.59,45.91,0.89
2021-01-12 05:00:00,0.0,0.0,22.38,49.76,0.93
2021-01-12 06:00:00,13.0,13.05,21.55,53.98,1.0
2021-01-12 07:00:00,162.93,164.4,23.78,42.78,2.27
2021-01-12 08:00:00,350.33,352.02,26.66,36.29,2.06
2021-01-12 09:00:00,556.58,557.58,31.15,26.03,2.07
2021-01-12 10:00:00,719.8,719.83,34.97,19.34,2.59
2021-01-12 11:00:00,818.72,819.0,36.44,17.33,3.06
2021-01-12 12:00:00,888.53,888.75,37.18,16.52,3.36
2021-01-12 13:00:00,824.65,827.65,37.39,16.34,3.56
2021-01-12 14:00:00,688.17,688.38,37.11,16.58,3.67
2021-01-12 15:00:00,488.35,488.65,36.29,17.34,3.76
2021-01-12 16:00:00,255.38,255.77,34.83,19.05,3.59
2021-01-12 17:00:00,50.55,50.65,30.8,30.26,1.91
2021-01-12 18:00:00,0.0,0.0,28.14,36.13,1.94
2021-01-12 19:00:00,0.0,0.0,27.13,37.93,2.01
2021-01-12 20:00:00,0.0,0.0,26.2,40.1,1.85
2021-01-12 21:00:00,0.0,0.0,25.37,42.27,1.62
2021-01-12 22:00:00,0.0,0.0,24.66,43.99,1.43
2021-01-12 23:00:00,0.0,0.0,23.97,45.31,1.36
2021-01-13 00:00:00,0.0,0.0,23.15,46.47,1.46
2021-01-13 01:00:00,0.0,0.0,22.23,47.52,1.78
2021-01-13 02:00:00,0.0,0.0,21.32,48.93,2.32
2021-01-13 03:00:00,0.0,0.0,20.28,51.58,2.89
2021-01-13 04:00:00,0.0,0.0,19.18,55.67,2.87
2021-01-13 05:00:00,0.0,0.0,18.26,59.98,2.76
2021-01-13 06:00:00,13.6,13.6,17.77,63.21,3.02
2021-01-13 07:00:00,169.35,169.5,18.98,60.01,3.1
2021-01-13 08:00:00,375.5,375.73,22.28,49.29,2.68
2021-01-13 09:00:00,578.83,579.03,26.8,33.65,2.82
2021-01-13 10:00:00,737.17,737.38,31.4,21.33,3.25
2021-01-13 11:00:00,828.92,829.67,34.64,15.01,3.45
2021-01-13 12:00:00,884.62,885.72,35.89,13.59,3.2
2021-01-13 13:00:00,789.92,824.8,36.38,13.0,3.07
2021-01-13 14:00:00,645.9,691.65,36.29,12.9,3.08
2021-01-13 15:00:00,467.5,498.75,35.58,13.33,3.17
2021-01-13 16:00:00,254.15,267.62,34.12,15.2,2.89
2021-01-13 17:00:00,52.45,53.2,29.41,28.65,1.61
2021-01-13 18:00:00,0.0,0.0,26.67,32.47,1.88
2021-01-13 19:00:00,0.0,0.0,25.62,33.53,2.03
2021-01-13 20:00:00,0.0,0.0,24.67,35.25,1.95
2021-01-13 21:00:00,0.0,0.0,23.85,36.92,1.76
2021-01-13 22:00:00,0.0,0.0,23.13,38.32,1.61
2021-01-13 23:00:00,0.0,0.0,22.48,39.38,1.55
2021-01-14 00:00:00,0.0,0.0,21.77,40.13,1.64
2021-01-14 01:00:00,0.0,0.0,20.99,40.85,1.95
2021-01-14 02:00:00,0.0,0.0,20.12,42.48,2.46
2021-01-14 03:00:00,0.0,0.0,19.01,45.88,2.96
2021-01-14 04:00:00,0.0,0.0,17.71,50.97,3.0
2021-01-14 05:00:00,0.0,0.0,16.56,56.45,2.76
2021-01-14 06:00:00,15.32,15.35,16.04,60.04,3.07
2021-01-14 07:00:00,193.02,193.3,17.74,55.66,3.47
2021-01-14 08:00:00,424.02,424.42,21.83,43.27,3.14
2021-01-14 09:00:00,642.03,642.22,26.77,28.66,3.41
2021-01-14 10:00:00,806.88,808.6,31.61,17.22,4.01
2021-01-14 11:00:00,901.08,901.53,34.66,11.91,4.18
2021-01-14 12:00:00,932.17,932.38,35.74,10.91,3.89
2021-01-14 13:00:00,865.3,865.65,36.11,10.57,3.65
2021-01-14 14:00:00,724.62,725.35,35.94,10.56,3.52
2021-01-14 15:00:00,520.78,521.7,35.21,10.96,3.5
2021-01-14 16:00:00,279.12,279.85,33.56,13.39,2.99
2021-01-14 17:00:00,58.45,58.62,28.49,26.14,1.76
2021-01-14 18:00:00,0.0,0.0,25.73,29.66,2.01
2021-01-14 19:00:00,0.0,0.0,24.61,30.66,2.13
2021-01-14 20:00:00,0.0,0.0,23.58,32.15,2.03
2021-01-14 21:00:00,0.0,0.0,22.65,33.78,1.82
2021-01-14 22:00:00,0.0,0.0,21.89,35.31,1.64
2021-01-14 23:00:00,0.0,0.0,21.25,36.46,1.55
2021-01-15 00:00:00,0.0,0.0,20.58,37.51,1.58
2021-01-15 01:00:00,0.0,0.0,19.79,38.68,1.72
2021-01-15 02:00:00,0.0,0.0,18.98,40.53,2.02
2021-01-15 03:00:00,0.0,0.0,18.1,43.82,2.43
2021-01-15 04:00:00,0.0,0.0,17.21,48.71,2.71
2021-01-15 05:00:00,0.0,0.0,16.33,54.78,2.6
2021-01-15 06:00:00,14.25,14.27,16.17,58.31,2.89
2021-01-15 07:00:00,188.2,188.38,18.21,53.71,3.64
2021-01-15 08:00:00,408.1,408.38,22.1,44.5,3.2
2021-01-15 09:00:00,626.83,627.1,27.41,30.05,3.63
2021-01-15 10:00:00,793.25,793.4,32.24,18.78,4.12
2021-01-15 11:00:00,889.2,889.2,34.84,14.63,4.12
2021-01-15 12:00:00,923.4,923.42,35.96,13.44,3.97
2021-01-15 13:00:00,859.3,859.35,36.34,12.81,3.89
2021-01-15 14:00:00,716.35,716.42,36.17,12.63,3.9
2021-01-15 15:00:00,511.3,511.52,35.38,13.0,3.97
2021-01-15 16:00:00,270.77,271.15,33.8,14.71,3.63
2021-01-15 17:00:00,56.28,56.4,29.02,26.28,1.98
2021-01-15 18:00:00,0.0,0.0,26.12,31.29,2.13
2021-01-15 19:00:00,0.0,0.0,25.01,32.76,2.2
2021-01-15 20:00:00,0.0,0.0,24.0,34.39,2.05
2021-01-15 21:00:00,0.0,0.0,23.08,35.85,1.85
2021-01-15 22:00:00,0.0,0.0,22.29,36.89,1.7
2021-01-15 23:00:00,0.0,0.0,21.57,37.37,1.69
2021-01-16 00:00:00,0.0,0.0,20.77,37.94,1.87
2021-01-16 01:00:00,0.0,0.0,19.93,39.05,2.27
2021-01-16 02:00:00,0.0,0.0,18.97,41.37,2.81
2021-01-16 03:00:00,0.0,0.0,17.83,45.54,3.13
2021-01-16 04:00:00,0.0,0.0,16.7,50.85,3.1
2021-01-16 05:00:00,0.0,0.0,15.73,56.32,3.11
2021-01-16 06:00:00,13.05,13.32,15.2,60.42,3.47
2021-01-16 07:00:00,166.15,171.65,16.82,56.01,3.78
2021-01-16 08:00:00,379.2,401.55,20.76,44.0,3.49
2021-01-16 09:00:00,592.28,617.9,25.83,28.2,3.77
2021-01-16 10:00:00,762.42,779.47,30.62,17.51,4.47
2021-01-16 11:00:00,844.95,869.5,33.94,11.84,4.55
2021-01-16 12:00:00,883.83,902.05,35.15,10.98,4.13
2021-01-16 13:00:00,817.62,836.55,35.5,10.89,3.73
2021-01-16 14:00:00,676.67,696.28,35.18,11.25,3.4
2021-01-16 15:00:00,477.92,495.3,34.34,12.04,3.17
2021-01-16 16:00:00,260.33,265.2,32.36,18.54,1.95
2021-01-16 17:00:00,50.8,51.35,28.17,30.52,1.37
2021-01-16 18:00:00,0.0,0.0,25.53,33.31,1.51
2021-01-16 19:00:00,0.0,0.0,24.38,34.73,1.52
2021-01-16 20:00:00,0.0,0.0,23.49,36.11,1.46
2021-01-16 21:00:00,0.0,0.0,22.8,37.03,1.41
2021-01-16 22:00:00,0.0,0.0,22.17,37.52,1.4
2021-01-16 23:00:00,0.0,0.0,21.46,38.31,1.4
2021-01-17 00:00:00,0.0,0.0,20.52,39.84,1.44
2021-01-17 01:00:00,0.0,0.0,19.53,41.5,1.61
2021-01-17 02:00:00,0.0,0.0,18.67,43.71,1.91
2021-01-17 03:00:00,0.0,0.0,17.82,47.35,2.16
2021-01-17 04:00:00,0.0,0.0,16.96,52.06,2.28
2021-01-17 05:00:00,0.0,0.0,16.22,56.91,2.37
2021-01-17 06:00:00,11.48,11.48,16.07,59.92,2.88
2021-01-17 07:00:00,158.38,158.52,17.92,55.18,3.68
2021-01-17 08:00:00,336.83,337.1,21.42,45.85,2.96
2021-01-17 09:00:00,539.4,539.85,26.74,29.88,3.59
2021-01-17 10:00:00,693.8,694.33,31.87,16.88,5.08
2021-01-17 11:00:00,794.6,794.97,34.35,12.92,5.18
2021-01-17 12:00:00,851.47,851.65,35.71,11.67,4.94
2021-01-17 13:00:00,786.92,786.92,36.17,11.4,4.66
2021-01-17 14:00:00,650.95,651.12,35.99,11.85,4.38
2021-01-17 15:00:00,454.25,454.52,35.25,12.95,4.06
2021-01-17 16:00:00,231.73,231.98,33.51,17.13,2.78
2021-01-17 17:00:00,49.38,49.45,28.85,32.43,1.32
2021-01-17 18:00:00,0.0,0.0,26.78,37.24,1.27
2021-01-17 19:00:00,0.0,0.0,26.19,39.8,1.17
2021-01-17 20:00:00,0.0,0.0,25.77,42.26,1.07
2021-01-17 21:00:00,0.0,0.0,25.55,43.94,0.97
2021-01-17 22:00:00,0.0,0.0,25.4,43.99,0.84
2021-01-17 23:00:00,0.0,0.0,25.11,44.85,0.61
2021-01-18 00:00:00,0.0,0.0,24.36,47.41,0.53
2021-01-18 01:00:00,0.0,0.0,22.54,52.72,0.9
2021-01-18 02:00:00,0.0,0.0,20.67,56.97,1.07
2021-01-18 03:00:00,0.0,0.0,19.55,58.29,1.23
2021-01-18 04:00:00,0.0,0.0,18.68,59.07,1.34
2021-01-18 05:00:00,0.0,0.0,17.92,60.36,1.41
2021-01-18 06:00:00,11.55,11.57,17.85,60.2,1.68
2021-01-18 07:00:00,159.07,159.32,20.18,51.15,3.02
2021-01-18 08:00:00,343.55,343.83,23.5,42.39,2.62
2021-01-18 09:00:00,567.59,581.22,28.58,27.54,2.68
2021-01-18 10:00:00,711.25,711.35,32.63,18.62,3.07
2021-01-18 11:00:00,797.0,797.17,34.61,15.68,3.56
2021-01-18 12:00:00,874.85,875.08,35.62,14.49,3.73
2021-01-18 13:00:00,808.47,809.0,36.04,14.12,3.69
2021-01-18 14:00:00,671.08,671.83,35.89,14.36,3.58
2021-01-18 15:00:00,476.15,476.98,35.24,15.15,3.57
2021-01-18 16:00:00,249.93,250.52,33.89,17.05,3.29
2021-01-18 17:00:00,53.92,54.05,29.56,29.32,1.74
2021-01-18 18:00:00,0.0,0.0,26.89,34.23,1.93
2021-01-18 19:00:00,0.0,0.0,25.87,35.73,2.07
2021-01-18 20:00:00,0.0,0.0,24.92,37.79,2.03
2021-01-18 21:00:00,0.0,0.0,24.04,40.27,1.9
2021-01-18 22:00:00,0.0,0.0,23.22,42.81,1.81
2021-01-18 23:00:00,0.0,0.0,22.46,45.36,1.78
2021-01-19 00:00:00,0.0,0.0,21.73,48.14,1.79
2021-01-19 01:00:00,0.0,0.0,20.98,51.09,1.86
2021-01-19 02:00:00,0.0,0.0,20.2,54.39,1.93
2021-01-19 03:00:00,0.0,0.0,19.43,57.76,1.98
2021-01-19 04:00:00,0.0,0.0,18.72,60.83,2.06
2021-01-19 05:00:00,0.0,0.0,18.05,63.38,2.18
2021-01-19 06:00:00,11.9,11.9,17.86,63.56,2.74
2021-01-19 07:00:00,165.07,165.27,19.64,56.0,3.28
2021-01-19 08:00:00,364.2,364.48,23.43,43.55,2.91
2021-01-19 09:00:00,579.3,579.55,29.09,25.11,4.79
2021-01-19 10:00:00,743.38,745.97,33.09,17.23,5.84
2021-01-19 11:00:00,843.8,850.42,34.81,15.55,5.55
2021-01-19 12:00:00,888.72,902.12,35.78,14.88,5.36
2021-01-19 13:00:00,832.35,837.88,36.15,14.78,5.22
2021-01-19 14:00:00,694.75,699.25,35.96,15.13,5.13
2021-01-19 15:00:00,496.0,497.5,35.18,16.01,5.0
2021-01-19 16:00:00,260.75,261.77,33.74,17.92,4.54
2021-01-19 17:00:00,57.17,57.38,29.7,27.47,2.4
2021-01-19 18:00:00,0.0,0.0,26.79,34.99,2.09
2021-01-19 19:00:00,0.0,0.0,25.67,38.08,1.98
2021-01-19 20:00:00,0.0,0.0,24.68,41.03,1.74
2021-01-19 21:00:00,0.0,0.0,23.86,43.53,1.6
2021-01-19 22:00:00,0.0,0.0,23.1,45.85,1.58
2021-01-19 23:00:00,0.0,0.0,22.35,48.33,1.76
2021-01-20 00:00:00,0.0,0.0,21.59,51.29,2.18
2021-01-20 01:00:00,0.0,0.0,20.75,54.76,2.75
2021-01-20 02:00:00,0.0,0.0,19.76,58.42,2.86
2021-01-20 03:00:00,0.0,0.0,18.87,61.25,2.68
2021-01-20 04:00:00,0.0,0.0,18.13,63.49,2.57
2021-01-20 05:00:00,0.0,0.0,17.49,65.65,2.54
2021-01-20 06:00:00,12.1,12.38,17.27,66.36,2.94
2021-01-20 07:00:00,155.18,162.43,18.79,60.35,3.31
2021-01-20 08:00:00,363.95,391.8,22.41,46.2,3.48
2021-01-20 09:00:00,578.92,608.12,26.94,28.68,5.23
2021-01-20 10:00:00,742.72,773.25,30.68,19.2,5.93
2021-01-20 11:00:00,809.38,865.22,33.31,16.1,5.49
2021-01-20 12:00:00,780.42,815.0,34.84,15.25,4.92
2021-01-20 13:00:00,709.5,745.1,35.54,15.06,4.54
2021-01-20 14:00:00,570.92,601.85,35.55,15.4,4.38
2021-01-20 15:00:00,407.65,421.08,34.93,16.35,4.29
2021-01-20 16:00:00,201.45,206.73,33.51,18.56,3.9
2021-01-20 17:00:00,41.47,41.83,29.37,29.28,2.13
2021-01-20 18:00:00,0.0,0.0,26.7,35.6,2.17
2021-01-20 19:00:00,0.0,0.0,25.67,38.01,2.29
2021-01-20 20:00:00,0.0,0.0,24.8,40.21,2.26
2021-01-20 21:00:00,0.0,0.0,24.01,42.0,2.28
2021-01-20 22:00:00,0.0,0.0,23.27,43.58,2.64
2021-01-20 23:00:00,0.0,0.0,22.42,45.41,3.53
2021-01-21 00:00:00,0.0,0.0,20.98,49.19,4.05
2021-01-21 01:00:00,0.0,0.0,19.42,53.1,4.13
2021-01-21 02:00:00,0.0,0.0,18.12,56.07,4.12
2021-01-21 03:00:00,0.0,0.0,17.18,57.81,3.95
2021-01-21 04:00:00,0.0,0.0,16.6,57.81,3.76
2021-01-21 05:00:00,0.0,0.0,16.19,56.95,3.7
2021-01-21 06:00:00,10.55,10.55,16.07,55.5,3.88
2021-01-21 07:00:00,156.48,156.62,17.64,49.47,3.98
2021-01-21 08:00:00,355.62,355.83,21.36,38.96,3.77
2021-01-21 09:00:00,521.25,521.4,26.38,24.55,5.29
2021-01-21 10:00:00,687.75,687.75,30.77,16.48,5.84
2021-01-21 11:00:00,791.45,791.45,33.35,14.73,4.97
2021-01-21 12:00:00,828.18,845.51,34.9,14.72,4.23
2021-01-21 13:00:00,772.9,772.9,35.61,14.84,3.95
2021-01-21 14:00:00,635.0,635.03,35.62,14.77,4.0
2021-01-21 15:00:00,480.7,480.75,34.94,15.19,4.03
2021-01-21 16:00:00,256.12,256.17,33.37,17.26,3.54
2021-01-21 17:00:00,53.38,53.35,28.82,28.44,2.02
2021-01-21 18:00:00,0.0,0.0,26.12,33.34,2.24
2021-01-21 19:00:00,0.0,0.0,25.03,34.86,2.44
2021-01-21 20:00:00,0.0,0.0,24.07,36.2,2.47
2021-01-21 21:00:00,0.0,0.0,23.15,37.09,2.52
2021-01-21 22:00:00,0.0,0.0,22.25,37.99,2.84
2021-01-21 23:00:00,0.0,0.0,21.15,40.12,3.47
2021-01-22 00:00:00,0.0,0.0,19.59,44.66,3.91
2021-01-22 01:00:00,0.0,0.0,18.02,50.1,3.97
2021-01-22 02:00:00,0.0,0.0,16.87,54.61,3.82
2021-01-22 03:00:00,0.0,0.0,16.1,57.45,3.5
2021-01-22 04:00:00,0.0,0.0,15.57,58.83,3.18
2021-01-22 05:00:00,0.0,0.0,15.15,59.17,2.96
2021-01-22 06:00:00,10.35,10.38,15.04,58.31,3.19
2021-01-22 07:00:00,142.73,143.85,16.47,52.9,3.54
2021-01-22 08:00:00,310.35,311.1,19.81,43.38,3.37
2021-01-22 09:00:00,486.5,491.25,24.66,29.42,4.66
2021-01-22 10:00:00,649.12,653.3,28.92,21.3,5.5
2021-01-22 11:00:00,680.0,747.83,32.03,17.58,5.17
2021-01-22 12:00:00,619.38,660.42,33.43,16.84,4.59
2021-01-22 13:00:00,570.85,600.45,34.09,16.54,4.34
2021-01-22 14:00:00,470.2,475.12,34.1,16.69,4.29
2021-01-22 15:00:00,322.05,330.92,33.47,17.53,4.22
2021-01-22 16:00:00,157.02,161.15,31.92,20.23,3.65
2021-01-22 17:00:00,34.62,35.22,27.89,30.99,2.15
2021-01-22 18:00:00,0.0,0.0,25.55,36.16,2.34
2021-01-22 19:00:00,0.0,0.0,24.63,38.04,2.47
2021-01-22 20:00:00,0.0,0.0,23.8,39.85,2.4
2021-01-22 21:00:00,0.0,0.0,23.07,41.1,2.5
2021-01-22 22:00:00,0.0,0.0,22.37,42.25,2.98
2021-01-22 23:00:00,0.0,0.0,21.34,44.62,3.66
2021-01-23 00:00:00,0.0,0.0,19.86,48.33,3.8
2021-01-23 01:00:00,0.0,0.0,18.61,50.81,3.67
2021-01-23 02:00:00,0.0,0.0,17.65,52.06,3.51
2021-01-23 03:00:00,0.0,0.0,16.88,53.08,3.37
2021-01-23 04:00:00,0.0,0.0,16.2,54.65,3.21
2021-01-23 05:00:00,0.0,0.0,15.6,56.82,3.07
2021-01-23 06:00:00,8.88,8.85,15.32,58.33,3.23
2021-01-23 07:00:00,130.6,130.75,16.62,54.3,3.38
2021-01-23 08:00:00,299.75,299.95,19.88,45.09,3.1
2021-01-23 09:00:00,470.38,470.52,24.76,29.79,4.39
2021-01-23 10:00:00,587.1,588.08,28.79,22.16,5.21
2021-01-23 11:00:00,680.9,682.97,31.71,18.33,4.86
2021-01-23 12:00:00,767.45,769.17,33.32,16.87,4.27
2021-01-23 13:00:00,711.83,713.12,34.09,16.29,3.93
2021-01-23 14:00:00,573.42,574.17,34.24,16.26,3.78
2021-01-23 15:00:00,447.45,448.33,33.73,16.9,3.71
2021-01-23 16:00:00,246.75,247.6,32.32,19.41,3.24
2021-01-23 17:00:00,45.28,45.4,28.05,32.13,1.71
2021-01-23 18:00:00,0.0,0.0,25.51,37.72,1.76
2021-01-23 19:00:00,0.0,0.0,24.54,40.05,1.76
2021-01-23 20:00:00,0.0,0.0,23.7,42.48,1.63
2021-01-23 21:00:00,0.0,0.0,23.02,44.32,1.53
2021-01-23 22:00:00,0.0,0.0,22.41,45.88,1.53
2021-01-23 23:00:00,0.0,0.0,21.79,47.34,1.74
2021-01-24 00:00:00,0.0,0.0,21.13,48.96,2.24
2021-01-24 01:00:00,0.0,0.0,20.29,51.54,2.95
2021-01-24 02:00:00,0.0,0.0,19.12,55.9,3.19
2021-01-24 03:00:00,0.0,0.0,17.99,60.76,3.1
2021-01-24 04:00:00,0.0,0.0,17.09,65.21,2.98
2021-01-24 05:00:00,0.0,0.0,16.41,69.05,2.87
2021-01-24 06:00:00,11.85,11.7,16.15,70.86,3.03
2021-01-24 07:00:00,140.98,141.77,17.62,64.83,3.11
2021-01-24 08:00:00,339.45,349.7,21.24,49.85,2.99
2021-01-24 09:00:00,553.25,565.17,25.7,34.16,3.77
2021-01-24 10:00:00,733.03,735.47,29.97,23.13,4.49
2021-01-24 11:00:00,828.5,833.33,32.94,17.88,4.52
2021-01-24 12:00:00,857.53,869.03,34.62,16.06,4.23
2021-01-24 13:00:00,794.1,799.4,35.39,15.34,3.97
2021-01-24 14:00:00,642.9,652.12,35.48,15.28,3.83
2021-01-24 15:00:00,441.2,445.73,35.0,15.75,3.73
2021-01-24 16:00:00,231.62,233.12,33.73,17.33,3.49
2021-01-24 17:00:00,57.0,57.22,29.48,28.65,1.85
2021-01-24 18:00:00,0.0,0.0,26.6,34.54,2.0
2021-01-24 19:00:00,0.0,0.0,25.55,36.45,2.2
2021-01-24 20:00:00,0.0,0.0,24.57,38.46,2.12
2021-01-24 21:00:00,0.0,0.0,23.72,40.2,1.92
2021-01-24 22:00:00,0.0,0.0,22.97,41.72,1.74
2021-01-24 23:00:00,0.0,0.0,22.33,42.83,1.69
2021-01-25 00:00:00,0.0,0.0,21.67,43.84,1.81
2021-01-25 01:00:00,0.0,0.0,20.92,45.32,2.14
2021-01-25 02:00:00,0.0,0.0,20.08,48.13,2.68
2021-01-25 03:00:00,0.0,0.0,19.18,52.33,3.1
2021-01-25 04:00:00,0.0,0.0,18.3,57.11,3.1
2021-01-25 05:00:00,0.0,0.0,17.62,61.36,3.0
2021-01-25 06:00:00,10.02,10.05,17.49,63.33,3.31
2021-01-25 07:00:00,148.82,149.25,19.24,57.77,3.88
2021-01-25 08:00:00,357.92,358.62,23.06,44.71,3.84
2021-01-25 09:00:00,489.48,489.95,27.66,32.17,4.08
2021-01-25 10:00:00,654.97,654.97,32.21,22.69,5.07
2021-01-25 11:00:00,741.5,741.55,34.8,19.24,5.02
2021-01-25 12:00:00,869.25,869.33,36.09,17.71,4.64
2021-01-25 13:00:00,802.45,802.6,36.75,16.81,4.3
2021-01-25 14:00:00,657.88,658.33,36.8,16.55,3.97
2021-01-25 15:00:00,454.27,454.98,36.25,16.97,3.57
2021-01-25 16:00:00,260.75,261.4,34.7,20.71,2.43
2021-01-25 17:00:00,55.9,56.05,30.29,34.64,1.3
2021-01-25 18:00:00,0.0,0.0,27.88,38.26,1.44
2021-01-25 19:00:00,0.0,0.0,26.65,40.89,1.52
2021-01-25 20:00:00,0.0,0.0,25.53,43.59,1.53
2021-01-25 21:00:00,0.0,0.0,24.54,46.0,1.47
2021-01-25 22:00:00,0.0,0.0,23.69,47.81,1.39
2021-01-25 23:00:00,0.0,0.0,22.92,49.0,1.36
2021-01-26 00:00:00,0.0,0.0,22.15,49.79,1.49
2021-01-26 01:00:00,0.0,0.0,21.37,50.77,1.76
2021-01-26 02:00:00,0.0,0.0,20.57,52.92,2.09
2021-01-26 03:00:00,0.0,0.0,19.74,56.53,2.38
2021-01-26 04:00:00,0.0,0.0,18.92,60.89,2.42
2021-01-26 05:00:00,0.0,0.0,18.17,65.14,2.39
2021-01-26 06:00:00,10.48,10.5,17.99,67.07,2.99
2021-01-26 07:00:00,161.75,162.23,19.65,61.04,3.76
2021-01-26 08:00:00,358.92,359.55,23.35,47.58,3.62
2021-01-26 09:00:00,558.17,558.65,27.66,34.45,4.09
2021-01-26 10:00:00,672.45,672.45,31.53,24.88,4.78
2021-01-26 11:00:00,777.1,777.38,34.34,18.99,4.89
2021-01-26 12:00:00,917.53,918.67,35.91,16.16,4.61
2021-01-26 13:00:00,858.25,858.25,36.58,14.66,4.37
2021-01-26 14:00:00,719.05,720.12,36.57,13.89,4.24
2021-01-26 15:00:00,513.95,515.67,35.94,13.86,4.19
2021-01-26 16:00:00,275.98,277.52,34.56,15.17,3.85
2021-01-26 17:00:00,68.28,68.75,30.02,26.08,1.93
2021-01-26 18:00:00,0.0,0.0,26.94,32.54,1.84
2021-01-26 19:00:00,0.0,0.0,25.82,34.84,1.77
2021-01-26 20:00:00,0.0,0.0,24.91,36.84,1.62
2021-01-26 21:00:00,0.0,0.0,24.14,38.32,1.52
2021-01-26 22:00:00,0.0,0.0,23.38,39.28,1.58
2021-01-26 23:00:00,0.0,0.0,22.57,39.91,1.88
2021-01-27 00:00:00,0.0,0.0,21.73,40.71,2.58
2021-01-27 01:00:00,0.0,0.0,20.58,43.22,3.36
2021-01-27 02:00:00,0.0,0.0,19.07,47.89,3.36
2021-01-27 03:00:00,0.0,0.0,17.74,53.23,2.96
2021-01-27 04:00:00,0.0,0.0,16.76,58.08,2.83
2021-01-27 05:00:00,0.0,0.0,16.03,62.53,2.84
2021-01-27 06:00:00,12.3,12.3,15.85,64.44,3.19
2021-01-27 07:00:00,181.77,182.0,17.78,57.34,3.39
2021-01-27 08:00:00,405.98,406.4,22.08,41.62,3.43
2021-01-27 09:00:00,594.05,594.65,27.12,26.5,4.36
2021-01-27 10:00:00,767.4,768.12,31.62,17.3,5.12
2021-01-27 11:00:00,871.8,872.6,34.76,13.21,5.14
2021-01-27 12:00:00,952.15,953.15,36.19,12.12,4.64
2021-01-27 13:00:00,886.17,889.28,36.81,11.6,4.24
2021-01-27 14:00:00,743.17,747.35,36.77,11.59,3.99
2021-01-27 15:00:00,537.45,541.15,36.13,12.05,3.86
2021-01-27 16:00:00,293.67,295.62,34.74,13.53,3.49
2021-01-27 17:00:00,73.5,73.82,30.09,24.89,1.75
2021-01-27 18:00:00,0.0,0.0,27.06,30.0,1.8
2021-01-27 19:00:00,0.0,0.0,25.95,31.3,1.86
2021-01-27 20:00:00,0.0,0.0,24.95,32.63,1.79
2021-01-27 21:00:00,0.0,0.0,24.16,33.58,1.68
2021-01-27 22:00:00,0.0,0.0,23.43,34.37,1.62
2021-01-27 23:00:00,0.0,0.0,22.7,34.87,1.67
2021-01-28 00:00:00,0.0,0.0,21.9,35.39,1.94
2021-01-28 01:00:00,0.0,0.0,20.97,36.82,2.44
2021-01-28 02:00:00,0.0,0.0,19.85,40.13,2.94
2021-01-28 03:00:00,0.0,0.0,18.64,44.98,3.02
2021-01-28 04:00:00,0.0,0.0,17.64,49.79,2.83
2021-01-28 05:00:00,0.0,0.0,16.94,53.7,2.67
2021-01-28 06:00:00,13.02,13.02,16.95,55.5,3.33
2021-01-28 07:00:00,182.5,182.62,19.02,50.41,3.76
2021-01-28 08:00:00,406.23,406.4,23.29,39.64,3.46
2021-01-28 09:00:00,630.65,630.75,28.41,27.96,4.34
2021-01-28 10:00:00,800.8,800.8,33.04,19.51,5.31
2021-01-28 11:00:00,899.03,899.12,35.52,16.58,5.2
2021-01-28 12:00:00,873.95,874.2,36.9,15.18,4.87
2021-01-28 13:00:00,810.47,810.47,37.52,14.39,4.6
2021-01-28 14:00:00,673.1,673.2,37.51,14.12,4.34
2021-01-28 15:00:00,473.95,474.1,36.97,14.3,4.12
2021-01-28 16:00:00,273.95,274.1,35.69,15.62,3.57
2021-01-28 17:00:00,62.12,62.17,31.09,27.34,1.6
2021-01-28 18:00:00,0.0,0.0,28.19,33.12,1.59
2021-01-28 19:00:00,0.0,0.0,27.1,35.59,1.62
2021-01-28 20:00:00,0.0,0.0,26.07,38.45,1.57
2021-01-28 21:00:00,0.0,0.0,25.12,41.34,1.48
2021-01-28 22:00:00,0.0,0.0,24.22,44.04,1.42
2021-01-28 23:00:00,0.0,0.0,23.37,46.73,1.48
2021-01-29 00:00:00,0.0,0.0,22.58,49.7,1.75
2021-01-29 01:00:00,0.0,0.0,21.88,53.0,2.18
2021-01-29 02:00:00,0.0,0.0,21.12,56.9,2.38
2021-01-29 03:00:00,0.0,0.0,20.36,60.67,2.16
2021-01-29 04:00:00,0.0,0.0,19.74,64.01,1.92
2021-01-29 05:00:00,0.0,0.0,19.3,66.93,1.9
2021-01-29 06:00:00,10.73,10.75,19.46,66.94,2.53
2021-01-29 07:00:00,144.98,145.57,21.23,60.3,3.21
2021-01-29 08:00:00,326.17,327.6,24.7,51.74,2.78
2021-01-29 09:00:00,532.65,534.83,29.68,43.75,3.48
2021-01-29 10:00:00,693.7,696.28,33.28,33.18,4.22
2021-01-29 11:00:00,774.35,796.8,35.27,26.2,4.34
2021-01-29 12:00:00,830.38,842.72,36.65,21.73,4.32
2021-01-29 13:00:00,778.42,779.62,37.31,19.09,4.23
2021-01-29 14:00:00,628.78,650.5,37.36,17.64,4.16
2021-01-29 15:00:00,445.98,446.12,36.75,17.24,4.14
2021-01-29 16:00:00,229.82,229.93,35.53,18.0,3.87
2021-01-29 17:00:00,57.88,57.9,31.62,26.89,2.04
2021-01-29 18:00:00,0.0,0.0,28.89,32.3,2.09
2021-01-29 19:00:00,0.0,0.0,27.85,33.84,2.31
2021-01-29 20:00:00,0.0,0.0,26.84,35.57,2.3
2021-01-29 21:00:00,0.0,0.0,26.11,36.82,2.17
2021-01-29 22:00:00,0.0,0.0,25.3,38.43,1.99
2021-01-29 23:00:00,0.0,0.0,24.53,40.32,2.01
2021-01-30 00:00:00,0.0,0.0,23.65,42.92,2.25
2021-01-30 01:00:00,0.0,0.0,22.59,46.84,2.54
2021-01-30 02:00:00,0.0,0.0,21.43,51.62,2.57
2021-01-30 03:00:00,0.0,0.0,20.45,55.88,2.38
2021-01-30 04:00:00,0.0,0.0,19.68,59.17,2.23
2021-01-30 05:00:00,0.0,0.0,19.06,61.81,2.26
2021-01-30 06:00:00,11.23,11.25,18.9,62.47,2.8
2021-01-30 07:00:00,156.12,156.73,20.48,56.35,3.25
2021-01-30 08:00:00,365.45,366.67,24.17,41.84,3.52
2021-01-30 09:00:00,584.28,585.67,27.94,29.91,4.51
2021-01-30 10:00:00,755.15,755.92,31.56,21.4,5.04
2021-01-30 11:00:00,853.78,855.25,33.85,17.99,4.99
2021-01-30 12:00:00,778.88,780.85,35.44,16.15,4.74
2021-01-30 13:00:00,705.25,706.38,36.14,15.31,4.47
2021-01-30 14:00:00,578.78,579.9,36.19,15.07,4.24
2021-01-30 15:00:00,392.15,393.02,35.59,15.6,4.01
2021-01-30 16:00:00,221.7,222.18,34.16,18.0,3.19
2021-01-30 17:00:00,51.08,51.15,30.14,29.58,1.61
2021-01-30 18:00:00,0.0,0.0,27.86,34.57,1.6
2021-01-30 19:00:00,0.0,0.0,26.92,36.74,1.6
2021-01-30 20:00:00,0.0,0.0,26.05,38.61,1.57
2021-01-30 21:00:00,0.0,0.0,25.27,40.06,1.56
2021-01-30 22:00:00,0.0,0.0,24.46,41.36,1.61
2021-01-30 23:00:00,0.0,0.0,23.73,42.16,1.79
2021-01-31 00:00:00,0.0,0.0,22.96,43.07,2.17
2021-01-31 01:00:00,0.0,0.0,22.09,44.96,2.74
2021-01-31 02:00:00,0.0,0.0,21.04,48.51,3.15
2021-01-31 03:00:00,0.0,0.0,19.94,53.21,3.09
2021-01-31 04:00:00,0.0,0.0,19.11,57.34,2.98
2021-01-31 05:00:00,0.0,0.0,18.5,60.72,2.84
2021-01-31 06:00:00,9.12,9.12,18.31,62.25,2.99
2021-01-31 07:00:00,108.2,111.03,19.87,56.99,3.17
2021-01-31 08:00:00,262.35,292.0,23.27,44.75,3.16
2021-01-31 09:00:00,427.45,494.17,27.31,31.27,4.11
2021-01-31 10:00:00,544.1,661.0,31.36,20.56,4.98
2021-01-31 11:00:00,590.05,767.33,33.84,16.7,4.87
2021-01-31 12:00:00,521.38,750.85,35.1,15.55,4.45
2021-01-31 13:00:00,477.15,695.0,35.62,15.15,4.06
2021-01-31 14:00:00,403.25,566.62,35.56,15.19,3.79
2021-01-31 15:00:00,328.65,378.58,34.95,15.74,3.66
2021-01-31 16:00:00,183.55,194.55,33.76,17.42,3.31
2021-01-31 17:00:00,44.25,44.12,30.02,27.59,1.78
2021-01-31 18:00:00,0.0,0.0,27.68,32.05,1.9
2021-01-31 19:00:00,0.0,0.0,26.83,33.18,2.0
2021-01-31 20:00:00,0.0,0.0,26.05,34.77,1.86
2021-01-31 21:00:00,0.0,0.0,25.37,36.45,1.63
2021-01-31 22:00:00,0.0,0.0,24.75,37.76,1.53
2021-01-31 23:00:00,0.0,0.0,24.1,38.41,1.6
2021-02-01 00:00:00,0.0,0.0,23.33,38.93,1.8
2021-02-01 01:00:00,0.0,0.0,22.51,40.07,2.08
2021-02-01 02:00:00,0.0,0.0,21.88,41.69,2.58
2021-02-01 03:00:00,0.0,0.0,20.92,45.57,2.91
2021-02-01 04:00:00,0.0,0.0,19.92,50.59,2.9
2021-02-01 05:00:00,0.0,0.0,19.11,55.24,2.79
2021-02-01 06:00:00,8.8,8.8,18.77,57.93,3.04
2021-02-01 07:00:00,120.0,120.1,19.66,55.73,3.07
2021-02-01 08:00:00,266.75,266.95,21.59,49.89,2.87
2021-02-01 09:00:00,457.52,457.73,24.69,38.06,3.62
2021-02-01 10:00:00,607.2,607.2,27.1,31.35,4.41
2021-02-01 11:00:00,708.17,709.9,28.91,26.33,4.91
2021-02-01 12:00:00,707.47,710.85,30.43,22.39,5.36
2021-02-01 13:00:00,644.17,658.53,31.2,20.79,5.54
2021-02-01 14:00:00,503.85,528.28,31.28,20.44,5.55
2021-02-01 15:00:00,334.45,351.5,30.98,20.76,5.43
2021-02-01 16:00:00,174.85,177.98,29.97,22.3,4.9
2021-02-01 17:00:00,40.95,40.72,26.9,29.97,2.72
2021-02-01 18:00:00,0.0,0.0,24.1,37.94,2.03
2021-02-01 19:00:00,0.0,0.0,23.26,40.1,1.93
2021-02-01 20:00:00,0.0,0.0,22.7,41.11,1.91
2021-02-01 21:00:00,0.0,0.0,22.23,41.59,1.9
2021-02-01 22:00:00,0.0,0.0,21.77,42.03,1.88
2021-02-01 23:00:00,0.0,0.0,21.3,42.93,1.86
2021-02-02 00:00:00,0.0,0.0,20.8,44.31,1.86
2021-02-02 01:00:00,0.0,0.0,20.22,46.44,1.86
2021-02-02 02:00:00,0.0,0.0,19.63,48.92,1.91
2021-02-02 03:00:00,0.0,0.0,19.0,51.81,1.95
2021-02-02 04:00:00,0.0,0.0,18.35,55.02,1.9
2021-02-02 05:00:00,0.0,0.0,17.72,58.36,1.74
2021-02-02 06:00:00,8.8,8.8,17.73,59.22,1.99
2021-02-02 07:00:00,126.32,126.47,19.46,53.6,2.73
2021-02-02 08:00:00,303.75,304.02,22.6,44.51,2.17
2021-02-02 09:00:00,459.02,459.23,27.46,28.26,3.21
2021-02-02 10:00:00,613.92,613.92,32.0,18.42,4.5
2021-02-02 11:00:00,770.1,785.42,34.67,15.1,4.83
2021-02-02 12:00:00,810.62,810.62,36.03,14.23,4.6
2021-02-02 13:00:00,745.4,745.4,36.63,13.97,4.27
2021-02-02 14:00:00,613.17,613.65,36.61,14.1,3.99
2021-02-02 15:00:00,422.23,422.92,36.17,14.55,3.76
2021-02-02 16:00:00,241.1,241.68,34.93,16.11,3.27
2021-02-02 17:00:00,54.5,54.6,30.51,28.26,1.53
2021-02-02 18:00:00,0.0,0.0,27.64,33.43,1.63
2021-02-02 19:00:00,0.0,0.0,26.62,35.15,1.74
2021-02-02 20:00:00,0.0,0.0,25.68,37.37,1.73
2021-02-02 21:00:00,0.0,0.0,24.8,39.64,1.64
2021-02-02 22:00:00,0.0,0.0,24.04,41.64,1.52
2021-02-02 23:00:00,0.0,0.0,23.34,43.43,1.4
2021-02-03 00:00:00,0.0,0.0,22.7,44.95,1.33
2021-02-03 01:00:00,0.0,0.0,22.05,46.38,1.32
2021-02-03 02:00:00,0.0,0.0,21.39,47.72,1.43
2021-02-03 03:00:00,0.0,0.0,20.74,49.29,1.64
2021-02-03 04:00:00,0.0,0.0,20.08,51.36,1.79
2021-02-03 05:00:00,0.0,0.0,19.42,53.83,1.8
2021-02-03 06:00:00,10.15,10.18,19.57,53.92,2.06
2021-02-03 07:00:00,142.95,143.38,21.99,46.61,3.21
2021-02-03 08:00:00,335.62,336.12,25.7,36.88,2.96
2021-02-03 09:00:00,501.58,512.43,30.24,25.58,3.68
2021-02-03 10:00:00,669.21,682.65,34.35,17.79,4.34
2021-02-03 11:00:00,778.08,778.08,36.25,15.87,4.72
2021-02-03 12:00:00,867.62,867.62,37.19,15.26,4.91
2021-02-03 13:00:00,809.05,809.08,37.59,15.13,4.93
2021-02-03 14:00:00,671.22,671.22,37.49,15.37,4.84
2021-02-03 15:00:00,473.0,473.0,36.82,16.04,4.65
2021-02-03 16:00:00,272.38,272.4,35.53,17.49,4.14
2021-02-03 17:00:00,65.6,65.62,31.56,26.89,1.94
2021-02-03 18:00:00,0.0,0.0,28.63,33.37,1.77
2021-02-03 19:00:00,0.0,0.0,27.62,35.33,1.8
2021-02-03 20:00:00,0.0,0.0,26.71,37.33,1.72
2021-02-03 21:00:00,0.0,0.0,25.87,39.32,1.62
2021-02-03 22:00:00,0.0,0.0,25.11,41.12,1.56
2021-02-03 23:00:00,0.0,0.0,24.35,43.32,1.56
2021-02-04 00:00:00,0.0,0.0,23.54,46.38,1.71
2021-02-04 01:00:00,0.0,0.0,22.72,50.26,2.08
2021-02-04 02:00:00,0.0,0.0,21.95,54.46,2.42
2021-02-04 03:00:00,0.0,0.0,21.24,58.57,2.51
2021-02-04 04:00:00,0.0,0.0,20.58,62.0,2.17
2021-02-04 05:00:00,0.0,0.0,20.04,64.33,1.8
2021-02-04 06:00:00,11.07,11.1,20.15,63.93,2.24
2021-02-04 07:00:00,155.88,156.02,22.06,56.96,3.24
2021-02-04 08:00:00,329.98,330.17,25.59,45.7,3.15
2021-02-04 09:00:00,537.15,537.3,30.81,29.6,4.28
2021-02-04 10:00:00,700.08,700.08,34.76,20.5,5.23
2021-02-04 11:00:00,773.96,789.83,36.67,17.21,5.31
2021-02-04 12:00:00,853.17,853.17,37.93,15.23,5.08
2021-02-04 13:00:00,791.4,791.4,38.5,14.1,4.7
2021-02-04 14:00:00,655.35,656.3,38.28,13.7,4.34
2021-02-04 15:00:00,459.75,461.23,37.41,14.04,3.98
2021-02-04 16:00:00,263.42,264.77,35.79,16.6,2.84
2021-02-04 17:00:00,63.62,64.03,31.9,27.18,1.51
2021-02-04 18:00:00,0.0,0.0,29.59,31.34,1.58
2021-02-04 19:00:00,0.0,0.0,28.63,33.48,1.63
2021-02-04 20:00:00,0.0,0.0,27.74,35.87,1.64
2021-02-04 21:00:00,0.0,0.0,26.8,38.49,1.63
2021-02-04 22:00:00,0.0,0.0,25.69,41.76,1.62
2021-02-04 23:00:00,0.0,0.0,24.62,45.43,1.69
2021-02-05 00:00:00,0.0,0.0,23.76,49.01,2.02
2021-02-05 01:00:00,0.0,0.0,23.02,52.47,2.48
2021-02-05 02:00:00,0.0,0.0,22.25,55.91,2.5
2021-02-05 03:00:00,0.0,0.0,21.48,58.85,2.07
2021-02-05 04:00:00,0.0,0.0,20.85,61.44,1.64
2021-02-05 05:00:00,0.0,0.0,20.39,63.75,1.48
2021-02-05 06:00:00,11.57,11.57,20.72,63.42,1.97
2021-02-05 07:00:00,152.35,152.5,22.79,56.72,3.03
2021-02-05 08:00:00,341.6,341.9,26.24,47.52,2.62
2021-02-05 09:00:00,552.7,553.17,31.46,34.2,3.69
2021-02-05 10:00:00,722.5,723.05,34.46,26.53,4.29
2021-02-05 11:00:00,823.35,823.95,36.18,22.29,4.16
2021-02-05 12:00:00,826.38,828.22,37.42,19.46,3.8
2021-02-05 13:00:00,765.47,767.83,38.01,17.78,3.41
2021-02-05 14:00:00,626.45,629.0,38.0,16.9,3.25
2021-02-05 15:00:00,434.17,436.5,37.45,16.77,3.27
2021-02-05 16:00:00,221.2,222.45,36.28,17.69,3.11
2021-02-05 17:00:00,55.05,54.92,32.47,27.94,1.49
2021-02-05 18:00:00,0.0,0.0,29.73,33.63,1.44
2021-02-05 19:00:00,0.0,0.0,28.78,36.39,1.42
2021-02-05 20:00:00,0.0,0.0,27.98,39.78,1.3
2021-02-05 21:00:00,0.0,0.0,27.38,42.55,1.17
2021-02-05 22:00:00,0.0,0.0,26.75,45.0,1.07
2021-02-05 23:00:00,0.0,0.0,25.94,47.66,1.02
2021-02-06 00:00:00,0.0,0.0,25.24,50.3,0.99
2021-02-06 01:00:00,0.0,0.0,24.55,51.93,1.09
2021-02-06 02:00:00,0.0,0.0,23.96,52.5,1.34
2021-02-06 03:00:00,0.0,0.0,23.29,53.56,1.48
2021-02-06 04:00:00,0.0,0.0,22.38,56.33,1.39
2021-02-06 05:00:00,0.0,0.0,21.41,60.37,1.19
2021-02-06 06:00:00,10.6,10.88,21.48,61.76,1.36
2021-02-06 07:00:00,122.0,127.3,23.51,56.26,2.48
2021-02-06 08:00:00,303.0,325.02,26.93,45.97,2.35
2021-02-06 09:00:00,513.62,534.47,31.93,31.05,3.15
2021-02-06 10:00:00,692.0,703.72,35.41,23.54,3.85
2021-02-06 11:00:00,798.35,801.05,37.17,21.03,3.88
2021-02-06 12:00:00,860.88,865.25,38.37,19.52,3.74
2021-02-06 13:00:00,785.38,806.95,38.94,18.79,3.52
2021-02-06 14:00:00,587.22,670.35,38.94,18.71,3.2
2021-02-06 15:00:00,384.15,473.42,38.42,19.24,2.75
2021-02-06 16:00:00,228.15,258.12,37.32,20.5,2.35
2021-02-06 17:00:00,58.85,62.8,33.9,31.95,1.09
2021-02-06 18:00:00,0.0,0.0,31.32,36.49,1.2
2021-02-06 19:00:00,0.0,0.0,30.32,37.64,1.32
2021-02-06 20:00:00,0.0,0.0,29.35,39.49,1.37
2021-02-06 21:00:00,0.0,0.0,28.5,41.75,1.3
2021-02-06 22:00:00,0.0,0.0,27.87,43.94,1.19
2021-02-06 23:00:00,0.0,0.0,27.22,46.15,1.08
2021-02-07 00:00:00,0.0,0.0,26.54,48.47,1.0
2021-02-07 01:00:00,0.0,0.0,25.83,50.8,0.97
2021-02-07 02:00:00,0.0,0.0,25.24,52.98,0.96
2021-02-07 03:00:00,0.0,0.0,24.87,55.0,0.95
2021-02-07 04:00:00,0.0,0.0,24.41,57.36,0.95
2021-02-07 05:00:00,0.0,0.0,23.92,60.2,0.88
2021-02-07 06:00:00,12.12,12.05,23.93,61.78,0.9
2021-02-07 07:00:00,140.95,143.52,25.68,57.59,1.37
2021-02-07 08:00:00,341.0,356.8,29.35,47.26,1.29
2021-02-07 09:00:00,542.4,569.33,32.53,38.37,1.39
2021-02-07 10:00:00,729.15,738.08,34.89,31.67,1.44
2021-02-07 11:00:00,795.12,841.05,36.65,27.27,1.83
2021-02-07 12:00:00,798.42,804.12,37.67,24.94,2.14
2021-02-07 13:00:00,733.67,734.38,38.17,23.73,2.31
2021-02-07 14:00:00,619.65,623.4,38.26,23.18,2.67
2021-02-07 15:00:00,435.9,437.48,37.86,23.27,3.05
2021-02-07 16:00:00,234.4,234.82,36.85,24.16,3.25
2021-02-07 17:00:00,57.33,57.28,34.02,30.44,2.05
2021-02-07 18:00:00,0.0,0.0,31.47,35.22,2.18
2021-02-07 19:00:00,0.0,0.0,30.37,36.16,2.55
2021-02-07 20:00:00,0.0,0.0,29.07,38.29,2.26
2021-02-07 21:00:00,0.0,0.0,27.87,40.73,1.79
2021-02-07 22:00:00,0.0,0.0,26.88,42.94,1.47
2021-02-07 23:00:00,0.0,0.0,26.04,44.78,1.33
2021-02-08 00:00:00,0.0,0.0,25.24,46.45,1.33
2021-02-08 01:00:00,0.0,0.0,24.48,48.02,1.53
2021-02-08 02:00:00,0.0,0.0,23.77,49.73,1.86
2021-02-08 03:00:00,0.0,0.0,23.01,51.67,2.16
2021-02-08 04:00:00,0.0,0.0,22.23,53.77,2.31
2021-02-08 05:00:00,0.0,0.0,21.47,56.17,2.29
2021-02-08 06:00:00,11.5,11.5,21.25,56.97,2.92
2021-02-08 07:00:00,152.12,152.75,22.73,52.26,3.53
2021-02-08 08:00:00,337.15,338.1,26.36,39.97,3.36
2021-02-08 09:00:00,552.62,553.47,30.07,29.03,3.58
2021-02-08 10:00:00,726.62,726.95,33.6,21.97,3.58
2021-02-08 11:00:00,834.3,835.0,35.76,19.22,3.46
2021-02-08 12:00:00,869.17,870.28,37.05,17.86,3.41
2021-02-08 13:00:00,808.05,809.6,37.69,17.11,3.42
2021-02-08 14:00:00,674.35,677.6,37.68,16.87,3.51
2021-02-08 15:00:00,477.73,482.35,37.1,17.13,3.63
2021-02-08 16:00:00,255.07,259.15,35.87,18.49,3.62
2021-02-08 17:00:00,66.35,67.1,32.44,26.26,2.0
2021-02-08 18:00:00,0.0,0.0,29.7,31.78,1.92
2021-02-08 19:00:00,0.0,0.0,28.75,33.45,1.96
2021-02-08 20:00:00,0.0,0.0,27.93,35.12,1.83
2021-02-08 21:00:00,0.0,0.0,27.26,36.53,1.61
2021-02-08 22:00:00,0.0,0.0,26.73,37.77,1.43
2021-02-08 23:00:00,0.0,0.0,26.22,38.63,1.36
2021-02-09 00:00:00,0.0,0.0,25.54,39.33,1.47
2021-02-09 01:00:00,0.0,0.0,24.77,39.89,1.9
2021-02-09 02:00:00,0.0,0.0,23.85,41.08,2.67
2021-02-09 03:00:00,0.0,0.0,22.62,43.91,3.0
2021-02-09 04:00:00,0.0,0.0,21.31,47.52,2.68
2021-02-09 05:00:00,0.0,0.0,20.24,50.99,2.52
2021-02-09 06:00:00,13.85,13.88,19.75,53.02,3.01
2021-02-09 07:00:00,178.55,179.55,21.4,48.1,3.23
2021-02-09 08:00:00,401.55,404.0,25.55,34.37,3.18
2021-02-09 09:00:00,633.0,637.83,30.12,22.73,3.6
2021-02-09 10:00:00,814.17,816.6,34.88,12.98,4.09
2021-02-09 11:00:00,918.47,921.08,37.43,10.26,4.09
2021-02-09 12:00:00,948.72,948.9,38.5,10.23,4.0
2021-02-09 13:00:00,876.72,888.83,38.95,10.45,4.02
2021-02-09 14:00:00,743.78,749.42,38.85,10.82,4.09
2021-02-09 15:00:00,535.67,536.97,38.12,11.51,4.16
2021-02-09 16:00:00,290.0,291.1,36.75,12.81,4.1
2021-02-09 17:00:00,82.7,82.95,32.79,19.74,2.26
2021-02-09 18:00:00,0.0,0.0,29.53,25.28,2.1
2021-02-09 19:00:00,0.0,0.0,28.4,27.05,2.11
2021-02-09 20:00:00,0.0,0.0,27.34,28.88,1.9
2021-02-09 21:00:00,0.0,0.0,26.42,30.59,1.65
2021-02-09 22:00:00,0.0,0.0,25.63,31.85,1.5
2021-02-09 23:00:00,0.0,0.0,24.77,33.01,1.47
2021-02-10 00:00:00,0.0,0.0,23.73,34.47,1.57
2021-02-10 01:00:00,0.0,0.0,22.65,36.32,1.81
2021-02-10 02:00:00,0.0,0.0,21.47,39.27,2.07
2021-02-10 03:00:00,0.0,0.0,20.21,43.44,2.13
2021-02-10 04:00:00,0.0,0.0,19.06,48.04,2.05
2021-02-10 05:00:00,0.0,0.0,18.13,52.47,1.9
2021-02-10 06:00:00,13.65,13.68,18.26,53.44,2.45
2021-02-10 07:00:00,178.1,178.73,20.74,46.93,3.03
2021-02-10 08:00:00,383.6,384.45,25.17,36.11,2.75
2021-02-10 09:00:00,614.08,614.72,30.32,25.71,3.2
2021-02-10 10:00:00,792.9,792.9,34.84,17.31,3.65
2021-02-10 11:00:00,900.08,900.08,37.12,14.03,3.61
2021-02-10 12:00:00,949.08,949.08,38.33,12.23,3.62
2021-02-10 13:00:00,887.97,888.0,38.89,11.13,3.71
2021-02-10 14:00:00,746.95,747.08,38.85,10.6,3.82
2021-02-10 15:00:00,540.58,540.85,38.22,10.68,3.82
2021-02-10 16:00:00,296.73,297.02,36.92,11.46,3.63
2021-02-10 17:00:00,82.7,82.8,32.71,19.3,1.8
2021-02-10 18:00:00,0.0,0.0,29.17,24.65,1.71
2021-02-10 19:00:00,0.0,0.0,28.03,25.94,1.77
2021-02-10 20:00:00,0.0,0.0,27.15,27.24,1.69
2021-02-10 21:00:00,0.0,0.0,26.24,28.6,1.56
2021-02-10 22:00:00,0.0,0.0,25.5,29.54,1.45
2021-02-10 23:00:00,0.0,0.0,25.06,29.96,1.4
2021-02-11 00:00:00,0.0,0.0,24.5,30.65,1.39
2021-02-11 01:00:00,0.0,0.0,23.41,32.49,1.39
2021-02-11 02:00:00,0.0,0.0,22.07,34.94,1.49
2021-02-11 03:00:00,0.0,0.0,20.91,37.57,1.65
2021-02-11 04:00:00,0.0,0.0,19.9,40.95,1.75
2021-02-11 05:00:00,0.0,0.0,19.03,44.69,1.68
2021-02-11 06:00:00,12.65,12.88,19.41,45.21,1.9
2021-02-11 07:00:00,149.15,151.25,22.39,38.36,2.94
2021-02-11 08:00:00,372.6,377.02,26.54,30.26,2.26
2021-02-11 09:00:00,569.12,583.62,32.25,18.72,2.75
2021-02-11 10:00:00,749.92,751.55,36.5,12.98,3.0
2021-02-11 11:00:00,849.42,850.47,38.27,12.04,2.98
2021-02-11 12:00:00,906.75,907.65,39.27,11.78,3.14
2021-02-11 13:00:00,840.78,841.08,39.72,11.85,3.29
2021-02-11 14:00:00,698.5,698.95,39.62,12.26,3.4
2021-02-11 15:00:00,486.48,486.67,39.01,12.91,3.51
2021-02-11 16:00:00,262.48,262.6,37.77,14.09,3.51
2021-02-11 17:00:00,71.72,71.78,33.89,21.47,1.89
2021-02-11 18:00:00,0.0,0.0,30.66,26.71,1.91
2021-02-11 19:00:00,0.0,0.0,29.59,27.97,2.15
2021-02-11 20:00:00,0.0,0.0,28.58,29.39,2.15
2021-02-11 21:00:00,0.0,0.0,27.6,30.61,2.0
2021-02-11 22:00:00,0.0,0.0,26.69,31.7,1.77
2021-02-11 23:00:00,0.0,0.0,25.87,32.94,1.57
2021-02-12 00:00:00,0.0,0.0,25.08,34.55,1.46
2021-02-12 01:00:00,0.0,0.0,24.24,36.78,1.5
2021-02-12 02:00:00,0.0,0.0,23.31,40.11,1.74
2021-02-12 03:00:00,0.0,0.0,22.46,44.61,2.02
2021-02-12 04:00:00,0.0,0.0,21.67,50.29,1.99
2021-02-12 05:00:00,0.0,0.0,21.0,56.67,1.56
2021-02-12 06:00:00,12.73,12.32,21.42,59.77,1.61
2021-02-12 07:00:00,132.5,141.4,24.04,55.07,2.38
2021-02-12 08:00:00,307.12,347.02,28.4,46.03,2.53
2021-02-12 09:00:00,500.0,565.25,33.51,34.1,3.62
2021-02-12 10:00:00,650.72,729.55,36.35,28.26,3.93
2021-02-12 11:00:00,782.35,814.15,38.04,25.38,3.7
2021-02-12 12:00:00,789.38,835.3,39.07,23.99,3.46
2021-02-12 13:00:00,771.28,781.12,39.32,23.69,3.43
2021-02-12 14:00:00,641.6,648.03,38.93,24.17,3.43
2021-02-12 15:00:00,424.05,427.17,38.21,24.81,3.37
2021-02-12 16:00:00,259.0,261.9,37.34,25.25,3.33
2021-02-12 17:00:00,67.68,68.2,34.83,30.65,1.93
2021-02-12 18:00:00,0.0,0.0,32.06,35.48,1.71
2021-02-12 19:00:00,0.0,0.0,30.63,35.98,1.85
2021-02-12 20:00:00,0.0,0.0,29.22,36.96,1.74
2021-02-12 21:00:00,0.0,0.0,27.87,38.35,1.5
2021-02-12 22:00:00,0.0,0.0,26.71,40.05,1.28
2021-02-12 23:00:00,0.0,0.0,25.73,41.81,1.17
2021-02-13 00:00:00,0.0,0.0,24.73,44.04,1.16
2021-02-13 01:00:00,0.0,0.0,23.71,46.74,1.23
2021-02-13 02:00:00,0.0,0.0,22.75,49.47,1.34
2021-02-13 03:00:00,0.0,0.0,21.9,52.1,1.39
2021-02-13 04:00:00,0.0,0.0,21.16,54.9,1.3
2021-02-13 05:00:00,0.0,0.0,20.58,58.55,1.18
2021-02-13 06:00:00,13.57,13.57,21.08,60.46,1.36
2021-02-13 07:00:00,170.2,170.35,23.75,55.23,2.19
2021-02-13 08:00:00,366.67,366.9,28.16,44.59,1.71
2021-02-13 09:00:00,583.15,583.38,33.13,32.36,2.59
2021-02-13 10:00:00,747.9,748.0,35.89,26.21,2.9
2021-02-13 11:00:00,844.15,845.75,37.7,22.51,2.93
2021-02-13 12:00:00,913.33,917.97,38.86,20.2,2.91
2021-02-13 13:00:00,841.47,849.97,39.4,18.85,2.92
2021-02-13 14:00:00,700.1,708.97,39.41,18.14,3.01
2021-02-13 15:00:00,496.25,511.0,38.91,18.07,3.09
2021-02-13 16:00:00,273.9,280.98,37.82,18.76,3.12
2021-02-13 17:00:00,79.3,79.7,34.63,25.63,1.71
2021-02-13 18:00:00,0.0,0.0,31.5,30.57,1.7
2021-02-13 19:00:00,0.0,0.0,30.37,30.49,2.01
2021-02-13 20:00:00,0.0,0.0,29.21,30.99,2.08
2021-02-13 21:00:00,0.0,0.0,28.05,31.99,1.87
2021-02-13 22:00:00,0.0,0.0,26.95,33.58,1.52
2021-02-13 23:00:00,0.0,0.0,26.07,35.31,1.25
2021-02-14 00:00:00,0.0,0.0,25.43,36.51,1.13
2021-02-14 01:00:00,0.0,0.0,24.72,37.66,1.1
2021-02-14 02:00:00,0.0,0.0,23.71,39.84,1.14
2021-02-14 03:00:00,0.0,0.0,22.61,42.92,1.16
2021-02-14 04:00:00,0.0,0.0,21.78,46.13,1.14
2021-02-14 05:00:00,0.0,0.0,21.36,48.78,1.05
2021-02-14 06:00:00,14.38,14.55,21.95,50.44,0.84
2021-02-14 07:00:00,167.1,168.6,25.05,44.3,1.34
2021-02-14 08:00:00,392.1,396.25,29.65,37.15,1.54
2021-02-14 09:00:00,608.97,612.0,33.97,29.98,1.74
2021-02-14 10:00:00,776.47,777.8,36.26,24.7,0.89
2021-02-14 11:00:00,880.3,880.3,37.92,20.09,0.36
2021-02-14 12:00:00,929.12,932.08,39.21,17.06,1.0
2021-02-14 13:00:00,864.8,871.03,39.87,15.46,1.54
2021-02-14 14:00:00,698.28,724.12,39.96,14.73,1.93
2021-02-14 15:00:00,515.65,526.35,39.45,14.78,2.21
2021-02-14 16:00:00,282.0,295.12,38.36,15.74,2.46
2021-02-14 17:00:00,80.6,82.05,35.19,24.06,1.32
2021-02-14 18:00:00,0.0,0.0,32.09,30.57,1.3
2021-02-14 19:00:00,0.0,0.0,31.09,33.22,1.41
2021-02-14 20:00:00,0.0,0.0,30.18,36.82,1.41
2021-02-14 21:00:00,0.0,0.0,29.36,40.54,1.26
2021-02-14 22:00:00,0.0,0.0,28.69,43.73,1.09
2021-02-14 23:00:00,0.0,0.0,28.15,46.27,0.96
2021-02-15 00:00:00,0.0,0.0,27.61,48.62,0.88
2021-02-15 01:00:00,0.0,0.0,27.0,51.3,0.85
2021-02-15 02:00:00,0.0,0.0,26.36,54.26,0.84
2021-02-15 03:00:00,0.0,0.0,25.82,57.3,0.83
2021-02-15 04:00:00,0.0,0.0,25.36,61.03,0.82
2021-02-15 05:00:00,0.0,0.0,24.95,65.79,0.79
2021-02-15 06:00:00,13.43,13.43,25.58,67.04,0.91
2021-02-15 07:00:00,157.38,158.32,28.68,58.94,1.83
2021-02-15 08:00:00,358.08,359.42,32.14,48.23,2.08
2021-02-15 09:00:00,567.4,568.28,34.8,39.37,1.76
2021-02-15 10:00:00,731.35,731.35,36.95,32.11,1.58
2021-02-15 11:00:00,834.75,835.1,38.59,26.82,1.79
2021-02-15 12:00:00,911.05,911.78,39.65,23.4,2.08
2021-02-15 13:00:00,854.22,855.3,40.18,21.3,2.33
2021-02-15 14:00:00,709.65,710.05,40.2,20.19,2.54
2021-02-15 15:00:00,497.17,516.03,39.73,19.89,2.74
2021-02-15 16:00:00,279.55,287.2,38.7,20.5,2.87
2021-02-15 17:00:00,78.12,78.95,36.14,26.11,1.69
2021-02-15 18:00:00,0.0,0.0,33.21,33.13,1.32
2021-02-15 19:00:00,0.0,0.0,32.13,35.89,1.32
2021-02-15 20:00:00,0.0,0.0,31.16,39.27,1.2
2021-02-15 21:00:00,0.0,0.0,30.4,42.48,1.08
2021-02-15 22:00:00,0.0,0.0,29.71,46.17,1.04
2021-02-15 23:00:00,0.0,0.0,29.01,50.37,1.05
2021-02-16 00:00:00,0.0,0.0,28.47,54.62,1.03
2021-02-16 01:00:00,0.0,0.0,28.08,58.64,0.91
2021-02-16 02:00:00,0.0,0.0,27.73,62.3,0.76
2021-02-16 03:00:00,0.0,0.0,27.68,64.33,0.65
2021-02-16 04:00:00,0.0,0.0,27.55,66.28,0.59
2021-02-16 05:00:00,0.0,0.0,27.27,68.62,0.57
2021-02-16 06:00:00,13.9,13.85,27.55,68.69,0.77
2021-02-16 07:00:00,153.23,156.57,29.84,60.49,2.18
2021-02-16 08:00:00,370.25,375.75,32.27,50.74,2.73
2021-02-16 09:00:00,572.35,573.5,33.84,44.84,2.3
2021-02-16 10:00:00,750.25,750.97,34.92,40.81,2.02
2021-02-16 11:00:00,854.92,855.12,35.87,37.11,2.12
2021-02-16 12:00:00,841.53,842.45,36.66,33.77,2.34
2021-02-16 13:00:00,778.42,781.0,37.11,31.46,2.33
2021-02-16 14:00:00,633.38,657.3,37.33,29.92,2.16
2021-02-16 15:00:00,434.15,437.27,37.15,29.27,2.04
2021-02-16 16:00:00,253.62,258.52,36.39,29.77,1.95
2021-02-16 17:00:00,66.5,66.8,34.78,35.05,1.24
2021-02-16 18:00:00,0.0,0.0,33.05,41.17,1.03
2021-02-16 19:00:00,0.0,0.0,32.32,42.16,1.27
2021-02-16 20:00:00,0.0,0.0,31.53,44.56,1.35
2021-02-16 21:00:00,0.0,0.0,30.83,47.77,1.25
2021-02-16 22:00:00,0.0,0.0,30.18,51.12,1.07
2021-02-16 23:00:00,0.0,0.0,29.44,54.32,0.89
2021-02-17 00:00:00,0.0,0.0,28.77,57.12,0.79
2021-02-17 01:00:00,0.0,0.0,28.04,59.98,0.78
2021-02-17 02:00:00,0.0,0.0,27.31,62.37,0.77
2021-02-17 03:00:00,0.0,0.0,26.61,63.9,0.75
2021-02-17 04:00:00,0.0,0.0,25.85,64.42,0.93
2021-02-17 05:00:00,0.0,0.0,25.14,62.31,1.82
2021-02-17 06:00:00,14.07,13.8,24.55,57.94,3.39
2021-02-17 07:00:00,154.73,155.88,25.46,48.59,3.99
2021-02-17 08:00:00,372.17,376.85,28.09,36.53,4.59
2021-02-17 09:00:00,581.75,583.92,30.97,29.68,5.6
2021-02-17 10:00:00,735.38,759.55,32.8,27.32,6.05
2021-02-17 11:00:00,808.9,858.45,34.25,24.67,6.23
2021-02-17 12:00:00,769.5,886.1,35.26,21.84,6.27
2021-02-17 13:00:00,665.75,824.35,35.62,19.22,6.19
2021-02-17 14:00:00,611.6,687.62,35.53,17.21,6.04
2021-02-17 15:00:00,468.77,491.42,35.1,16.08,5.64
2021-02-17 16:00:00,249.23,264.23,34.15,16.04,4.85
2021-02-17 17:00:00,66.97,69.28,31.56,20.88,2.66
2021-02-17 18:00:00,0.0,0.0,29.2,27.59,2.08
2021-02-17 19:00:00,0.0,0.0,28.46,33.25,2.11
2021-02-17 20:00:00,0.0,0.0,27.85,41.85,2.0
2021-02-17 21:00:00,0.0,0.0,27.37,51.71,1.84
2021-02-17 22:00:00,0.0,0.0,26.97,61.21,1.58
2021-02-17 23:00:00,0.0,0.0,26.53,69.19,1.21
2021-02-18 00:00:00,0.0,0.0,26.06,74.74,0.89
2021-02-18 01:00:00,0.0,0.0,25.64,77.97,0.69
2021-02-18 02:00:00,0.0,0.0,25.29,79.06,0.85
2021-02-18 03:00:00,0.0,0.0,24.98,77.02,1.7
2021-02-18 04:00:00,0.0,0.0,24.54,71.97,2.61
2021-02-18 05:00:00,0.0,0.0,23.86,65.08,3.07
2021-02-18 06:00:00,13.9,13.55,23.43,56.73,3.39
2021-02-18 07:00:00,142.95,146.32,24.57,46.4,3.64
2021-02-18 08:00:00,349.45,358.25,27.83,32.91,4.25
2021-02-18 09:00:00,558.55,558.72,30.86,25.12,4.98
2021-02-18 10:00:00,725.85,737.03,32.74,23.75,4.81
2021-02-18 11:00:00,829.47,837.75,34.25,21.98,4.55
2021-02-18 12:00:00,822.0,836.35,35.46,19.38,4.44
2021-02-18 13:00:00,751.53,780.17,36.12,16.85,4.44
2021-02-18 14:00:00,622.53,647.28,36.22,14.82,4.45
2021-02-18 15:00:00,436.08,455.52,35.74,13.49,4.33
2021-02-18 16:00:00,226.45,238.55,34.89,13.09,4.01
2021-02-18 17:00:00,64.62,63.05,32.07,18.45,2.19
2021-02-18 18:00:00,0.0,0.0,29.66,22.98,2.16
2021-02-18 19:00:00,0.0,0.0,28.85,24.66,2.79
2021-02-18 20:00:00,0.0,0.0,27.95,27.65,3.3
2021-02-18 21:00:00,0.0,0.0,26.94,31.22,3.24
2021-02-18 22:00:00,0.0,0.0,25.96,34.36,3.2
2021-02-18 23:00:00,0.0,0.0,24.93,36.98,3.37
2021-02-19 00:00:00,0.0,0.0,23.87,39.11,3.52
2021-02-19 01:00:00,0.0,0.0,22.95,40.14,3.62
2021-02-19 02:00:00,0.0,0.0,22.25,39.98,3.63
2021-02-19 03:00:00,0.0,0.0,21.64,39.54,3.51
2021-02-19 04:00:00,0.0,0.0,21.01,39.39,3.32
2021-02-19 05:00:00,0.0,0.0,20.46,39.66,3.28
2021-02-19 06:00:00,14.55,13.5,20.35,39.16,3.62
2021-02-19 07:00:00,128.45,138.18,22.18,33.12,4.14
2021-02-19 08:00:00,293.58,344.4,26.09,19.61,6.06
2021-02-19 09:00:00,507.08,556.15,29.63,12.11,6.57
2021-02-19 10:00:00,642.5,715.22,31.98,10.05,5.93
2021-02-19 11:00:00,791.2,812.8,33.6,9.41,5.48
2021-02-19 12:00:00,596.85,702.97,34.69,9.23,5.27
2021-02-19 13:00:00,623.65,632.03,35.17,9.14,5.25
2021-02-19 14:00:00,486.75,502.1,35.07,8.93,5.3
2021-02-19 15:00:00,321.5,330.98,34.34,8.74,5.27
2021-02-19 16:00:00,168.77,173.48,32.94,8.92,5.05
2021-02-19 17:00:00,45.67,46.08,30.15,11.72,3.35
2021-02-19 18:00:00,0.0,0.0,27.16,16.77,2.34
2021-02-19 19:00:00,0.0,0.0,26.09,19.05,2.07
2021-02-19 20:00:00,0.0,0.0,25.07,21.76,1.78
2021-02-19 21:00:00,0.0,0.0,24.21,24.13,1.69
2021-02-19 22:00:00,0.0,0.0,23.54,25.94,1.88
2021-02-19 23:00:00,0.0,0.0,22.89,27.78,2.36
2021-02-20 00:00:00,0.0,0.0,22.16,29.8,2.93
2021-02-20 01:00:00,0.0,0.0,21.35,31.91,3.28
2021-02-20 02:00:00,0.0,0.0,20.57,33.66,3.36
2021-02-20 03:00:00,0.0,0.0,19.87,35.01,3.33
2021-02-20 04:00:00,0.0,0.0,19.27,36.28,3.24
2021-02-20 05:00:00,0.0,0.0,18.73,37.54,3.07
2021-02-20 06:00:00,9.9,9.68,18.66,37.51,3.34
2021-02-20 07:00:00,93.15,95.72,20.15,33.88,3.61
2021-02-20 08:00:00,218.25,244.45,23.67,25.27,3.73
2021-02-20 09:00:00,384.38,416.02,28.69,13.72,5.68
2021-02-20 10:00:00,540.35,566.17,32.12,10.61,5.2
2021-02-20 11:00:00,610.83,663.8,34.09,9.34,4.18
2021-02-20 12:00:00,701.6,746.95,34.82,8.67,3.68
2021-02-20 13:00:00,678.45,697.38,35.32,8.29,3.69
2021-02-20 14:00:00,521.5,562.38,35.27,8.25,3.92
2021-02-20 15:00:00,322.95,364.3,34.75,8.66,4.07
2021-02-20 16:00:00,176.43,191.65,33.44,9.96,3.9
2021-02-20 17:00:00,48.95,50.53,30.58,15.04,2.75
2021-02-20 18:00:00,0.0,0.0,28.48,18.7,3.22
2021-02-20 19:00:00,0.0,0.0,27.37,20.93,3.6
2021-02-20 20:00:00,0.0,0.0,26.45,22.99,3.34
2021-02-20 21:00:00,0.0,0.0,25.82,24.25,3.03
2021-02-20 22:00:00,0.0,0.0,25.26,25.08,2.75
2021-02-20 23:00:00,0.0,0.0,24.78,25.6,2.66
2021-02-21 00:00:00,0.0,0.0,24.15,26.52,2.69
2021-02-21 01:00:00,0.0,0.0,23.34,27.82,2.81
2021-02-21 02:00:00,0.0,0.0,22.42,29.81,2.91
2021-02-21 03:00:00,0.0,0.0,21.5,31.95,2.96
2021-02-21 04:00:00,0.0,0.0,20.79,33.7,3.07
2021-02-21 05:00:00,0.0,0.0,20.15,35.33,3.13
2021-02-21 06:00:00,11.18,11.02,19.77,36.68,3.4
2021-02-21 07:00:00,108.25,108.12,20.78,34.99,3.49
2021-02-21 08:00:00,263.33,264.85,23.9,27.24,3.61
2021-02-21 09:00:00,454.15,459.23,28.36,15.74,5.11
2021-02-21 10:00:00,625.03,630.35,32.39,9.38,5.74
2021-02-21 11:00:00,709.05,738.2,34.46,8.0,5.13
2021-02-21 12:00:00,755.75,759.45,35.97,7.4,4.61
2021-02-21 13:00:00,694.17,698.4,36.66,7.23,4.29
2021-02-21 14:00:00,558.97,562.38,36.65,7.3,4.13
2021-02-21 15:00:00,397.17,398.33,36.1,7.6,3.99
2021-02-21 16:00:00,241.77,242.55,34.86,8.39,3.74
2021-02-21 17:00:00,53.4,53.38,31.07,15.06,1.88
2021-02-21 18:00:00,0.0,0.0,27.91,20.11,1.67
2021-02-21 19:00:00,0.0,0.0,27.2,21.42,1.65
2021-02-21 20:00:00,0.0,0.0,26.62,22.77,1.53
2021-02-21 21:00:00,0.0,0.0,26.14,24.09,1.41
2021-02-21 22:00:00,0.0,0.0,25.42,25.58,1.37
2021-02-21 23:00:00,0.0,0.0,24.56,27.03,1.46
2021-02-22 00:00:00,0.0,0.0,23.68,28.59,1.74
2021-02-22 01:00:00,0.0,0.0,22.62,30.75,2.16
2021-02-22 02:00:00,0.0,0.0,21.59,33.4,2.55
2021-02-22 03:00:00,0.0,0.0,20.72,36.33,2.82
2021-02-22 04:00:00,0.0,0.0,19.92,39.26,3.04
2021-02-22 05:00:00,0.0,0.0,19.22,41.88,3.22
2021-02-22 06:00:00,13.4,13.4,19.13,42.65,3.79
2021-02-22 07:00:00,159.75,159.98,20.9,38.31,4.04
2021-02-22 08:00:00,333.88,334.2,24.82,29.06,4.41
2021-02-22 09:00:00,529.65,530.0,29.48,20.11,5.54
2021-02-22 10:00:00,700.08,700.35,33.23,14.87,6.1
2021-02-22 11:00:00,801.03,801.2,35.18,12.83,6.08
2021-02-22 12:00:00,880.15,880.25,36.58,11.32,5.92
2021-02-22 13:00:00,811.4,811.4,37.18,10.29,5.72
2021-02-22 14:00:00,666.22,666.95,37.19,9.6,5.49
2021-02-22 15:00:00,463.77,464.85,36.55,9.3,5.2
2021-02-22 16:00:00,274.98,275.95,35.27,9.45,4.72
2021-02-22 17:00:00,77.1,77.47,31.59,14.03,2.45
2021-02-22 18:00:00,0.0,0.0,27.9,19.39,1.91
2021-02-22 19:00:00,0.0,0.0,26.74,21.09,1.88
2021-02-22 20:00:00,0.0,0.0,25.74,22.92,1.79
2021-02-22 21:00:00,0.0,0.0,24.8,25.11,1.68
2021-02-22 22:00:00,0.0,0.0,23.85,27.87,1.61
2021-02-22 23:00:00,0.0,0.0,22.87,31.16,1.63
2021-02-23 00:00:00,0.0,0.0,21.91,34.96,1.77
2021-02-23 01:00:00,0.0,0.0,21.02,39.18,1.87
2021-02-23 02:00:00,0.0,0.0,20.26,43.24,1.82
2021-02-23 03:00:00,0.0,0.0,19.67,46.57,1.8
2021-02-23 04:00:00,0.0,0.0,19.26,48.91,2.04
2021-02-23 05:00:00,0.0,0.0,18.98,50.73,2.6
2021-02-23 06:00:00,14.93,14.93,19.13,50.88,3.5
2021-02-23 07:00:00,172.65,173.0,20.95,45.62,3.83
2021-02-23 08:00:00,350.6,351.23,24.79,37.43,3.72
2021-02-23 09:00:00,547.95,548.83,29.55,30.43,4.41
2021-02-23 10:00:00,719.08,720.1,33.16,23.8,5.05
2021-02-23 11:00:00,819.1,820.2,35.19,18.82,5.06
2021-02-23 12:00:00,863.38,864.88,36.66,15.57,4.84
2021-02-23 13:00:00,790.6,791.0,37.33,13.98,4.53
2021-02-23 14:00:00,638.12,638.15,37.39,13.43,4.16
2021-02-23 15:00:00,437.38,437.35,36.8,13.68,3.8
2021-02-23 16:00:00,248.77,248.75,35.7,14.46,3.44
2021-02-23 17:00:00,58.65,58.45,32.22,20.84,1.73
2021-02-23 18:00:00,0.0,0.0,29.24,24.38,1.78
2021-02-23 19:00:00,0.0,0.0,28.27,24.38,2.08
2021-02-23 20:00:00,0.0,0.0,27.28,25.15,2.18
2021-02-23 21:00:00,0.0,0.0,26.23,26.43,2.06
2021-02-23 22:00:00,0.0,0.0,25.24,27.93,1.83
2021-02-23 23:00:00,0.0,0.0,24.35,29.55,1.64
2021-02-24 00:00:00,0.0,0.0,23.57,31.05,1.59
2021-02-24 01:00:00,0.0,0.0,22.81,32.67,1.71
2021-02-24 02:00:00,0.0,0.0,22.03,34.61,1.97
2021-02-24 03:00:00,0.0,0.0,21.23,37.04,2.33
2021-02-24 04:00:00,0.0,0.0,20.42,40.07,2.58
2021-02-24 05:00:00,0.0,0.0,19.68,43.49,2.58
2021-02-24 06:00:00,13.02,13.02,19.76,44.75,3.25
2021-02-24 07:00:00,146.1,146.45,21.7,41.02,3.71
2021-02-24 08:00:00,312.1,312.2,25.73,33.25,3.51
2021-02-24 09:00:00,486.5,486.58,30.68,25.36,4.07
2021-02-24 10:00:00,649.4,649.4,34.38,19.55,4.41
2021-02-24 11:00:00,739.55,739.92,36.35,16.48,4.36
2021-02-24 12:00:00,866.53,867.45,37.69,14.3,4.25
2021-02-24 13:00:00,804.7,806.03,38.27,13.07,4.08
2021-02-24 14:00:00,666.7,667.83,38.25,12.48,3.93
2021-02-24 15:00:00,469.23,470.23,37.67,12.37,3.75
2021-02-24 16:00:00,273.58,274.33,36.5,12.79,3.57
2021-02-24 17:00:00,71.95,72.07,32.98,17.98,2.09
2021-02-24 18:00:00,0.0,0.0,29.86,21.11,2.25
2021-02-24 19:00:00,0.0,0.0,28.88,21.13,2.52
2021-02-24 20:00:00,0.0,0.0,28.05,21.68,2.42
2021-02-24 21:00:00,0.0,0.0,27.09,22.85,2.16
2021-02-24 22:00:00,0.0,0.0,26.06,24.37,1.9
2021-02-24 23:00:00,0.0,0.0,25.27,25.78,1.73
2021-02-25 00:00:00,0.0,0.0,24.51,27.06,1.71
2021-02-25 01:00:00,0.0,0.0,23.66,28.79,1.84
2021-02-25 02:00:00,0.0,0.0,22.76,31.19,2.05
2021-02-25 03:00:00,0.0,0.0,22.41,33.2,2.5
2021-02-25 04:00:00,0.0,0.0,21.74,36.47,2.56
2021-02-25 05:00:00,0.0,0.0,20.79,40.68,2.29
2021-02-25 06:00:00,15.15,15.12,20.61,42.73,2.9
2021-02-25 07:00:00,162.68,163.15,22.27,39.79,3.37
2021-02-25 08:00:00,334.95,335.35,26.08,31.63,3.53
2021-02-25 09:00:00,539.17,539.45,30.7,24.65,4.47
2021-02-25 10:00:00,715.33,715.33,34.48,20.03,5.21
2021-02-25 11:00:00,817.03,830.9,36.49,17.94,5.1
2021-02-25 12:00:00,838.67,867.6,37.9,16.4,4.95
2021-02-25 13:00:00,760.0,817.6,38.54,15.55,4.79
2021-02-25 14:00:00,648.92,687.03,38.52,15.28,4.64
2021-02-25 15:00:00,477.23,492.42,37.84,15.41,4.54
2021-02-25 16:00:00,273.62,276.73,36.61,15.94,4.31
2021-02-25 17:00:00,75.35,75.7,33.61,19.64,2.7
2021-02-25 18:00:00,0.0,0.0,30.64,23.0,2.54
2021-02-25 19:00:00,0.0,0.0,29.63,22.87,2.83
2021-02-25 20:00:00,0.0,0.0,28.64,23.19,2.71
2021-02-25 21:00:00,0.0,0.0,27.67,23.91,2.41
2021-02-25 22:00:00,0.0,0.0,26.75,25.19,2.1
2021-02-25 23:00:00,0.0,0.0,25.86,26.98,1.91
2021-02-26 00:00:00,0.0,0.0,24.91,29.24,1.79
2021-02-26 01:00:00,0.0,0.0,23.89,32.08,1.73
2021-02-26 02:00:00,0.0,0.0,22.83,35.22,1.76
2021-02-26 03:00:00,0.0,0.0,21.81,38.39,1.86
2021-02-26 04:00:00,0.0,0.0,20.86,41.09,1.88
2021-02-26 05:00:00,0.0,0.0,20.04,43.11,1.83
2021-02-26 06:00:00,17.62,17.58,19.85,42.69,2.56
2021-02-26 07:00:00,164.98,165.7,21.24,38.08,3.18
2021-02-26 08:00:00,399.5,400.5,24.62,28.99,3.22
2021-02-26 09:00:00,618.33,619.15,28.79,19.39,3.74
2021-02-26 10:00:00,786.15,786.67,32.71,13.51,4.29
2021-02-26 11:00:00,891.5,892.15,34.89,11.72,4.58
2021-02-26 12:00:00,794.53,795.3,36.13,11.22,4.65
2021-02-26 13:00:00,728.08,729.1,36.76,11.14,4.62
2021-02-26 14:00:00,592.88,597.03,36.77,11.32,4.54
2021-02-26 15:00:00,409.48,412.95,36.18,11.85,4.46
2021-02-26 16:00:00,210.02,211.8,34.97,12.8,4.2
2021-02-26 17:00:00,57.72,58.2,31.85,17.46,2.34
2021-02-26 18:00:00,0.0,0.0,28.97,21.63,1.95
2021-02-26 19:00:00,0.0,0.0,27.97,22.27,1.93
2021-02-26 20:00:00,0.0,0.0,27.11,23.08,1.75
2021-02-26 21:00:00,0.0,0.0,26.42,24.19,1.55
2021-02-26 22:00:00,0.0,0.0,25.82,25.6,1.38
2021-02-26 23:00:00,0.0,0.0,25.2,27.2,1.31
2021-02-27 00:00:00,0.0,0.0,24.45,28.9,1.32
2021-02-27 01:00:00,0.0,0.0,23.59,30.79,1.47
2021-02-27 02:00:00,0.0,0.0,22.69,33.14,1.75
2021-02-27 03:00:00,0.0,0.0,21.76,35.97,2.06
2021-02-27 04:00:00,0.0,0.0,20.85,39.01,2.19
2021-02-27 05:00:00,0.0,0.0,20.11,41.65,2.22
2021-02-27 06:00:00,13.98,13.88,20.02,42.39,2.83
2021-02-27 07:00:00,122.8,123.1,21.41,39.06,3.08
2021-02-27 08:00:00,296.08,299.23,24.75,29.6,3.17
2021-02-27 09:00:00,488.08,503.58,28.82,19.74,4.11
2021-02-27 10:00:00,604.05,666.45,32.99,12.31,5.08
2021-02-27 11:00:00,668.58,773.17,35.29,10.46,5.31
2021-02-27 12:00:00,660.58,772.75,36.29,10.2,5.18
2021-02-27 13:00:00,677.95,708.78,36.86,10.33,4.92
2021-02-27 14:00:00,580.95,590.03,36.97,10.79,4.59
2021-02-27 15:00:00,405.05,409.38,36.5,11.68,4.22
2021-02-27 16:00:00,208.55,210.12,35.36,13.4,3.31
2021-02-27 17:00:00,60.3,60.38,31.99,19.6,1.81
2021-02-27 18:00:00,0.0,0.0,29.82,22.31,1.9
2021-02-27 19:00:00,0.0,0.0,28.97,23.38,1.93
2021-02-27 20:00:00,0.0,0.0,28.1,25.19,1.73
2021-02-27 21:00:00,0.0,0.0,27.25,27.74,1.43
2021-02-27 22:00:00,0.0,0.0,26.65,30.73,1.18
2021-02-27 23:00:00,0.0,0.0,26.07,33.94,1.07
2021-02-28 00:00:00,0.0,0.0,25.54,37.65,1.03
2021-02-28 01:00:00,0.0,0.0,24.97,41.42,1.04
2021-02-28 02:00:00,0.0,0.0,24.33,44.46,1.07
2021-02-28 03:00:00,0.0,0.0,23.78,46.27,1.14
2021-02-28 04:00:00,0.0,0.0,23.22,47.38,1.21
2021-02-28 05:00:00,0.0,0.0,22.69,48.84,1.25
2021-02-28 06:00:00,15.7,15.57,22.88,49.11,1.6
2021-02-28 07:00:00,131.35,131.85,24.53,46.03,2.5
2021-02-28 08:00:00,305.58,314.45,27.64,41.8,1.92
2021-02-28 09:00:00,493.92,513.25,32.06,35.88,2.34
2021-02-28 10:00:00,646.75,676.95,34.92,28.87,2.8
2021-02-28 11:00:00,740.17,778.78,36.85,23.97,3.33
2021-02-28 12:00:00,747.53,775.88,38.14,21.0,3.65
2021-02-28 13:00:00,638.28,717.05,38.78,19.33,3.7
2021-02-28 14:00:00,534.4,583.15,38.82,18.64,3.51
2021-02-28 15:00:00,398.42,399.42,38.38,18.6,3.23
2021-02-28 16:00:00,211.18,211.73,37.42,19.42,2.83
2021-02-28 17:00:00,63.05,63.12,34.54,27.62,1.14
2021-02-28 18:00:00,0.0,0.0,32.63,31.08,1.0
2021-02-28 19:00:00,0.0,0.0,32.11,31.64,0.87
2021-02-28 20:00:00,0.0,0.0,31.55,32.71,0.67
2021-02-28 21:00:00,0.0,0.0,31.07,34.51,0.43
2021-02-28 22:00:00,0.0,0.0,30.28,38.18,0.45
2021-02-28 23:00:00,0.0,0.0,29.26,41.76,0.61
2021-03-01 00:00:00,0.0,0.0,28.29,44.64,0.69
2021-03-01 01:00:00,0.0,0.0,27.69,47.4,0.68
2021-03-01 02:00:00,0.0,0.0,27.42,48.65,0.56
2021-03-01 03:00:00,0.0,0.0,27.09,50.03,0.37
2021-03-01 04:00:00,0.0,0.0,26.64,50.53,0.21
2021-03-01 05:00:00,0.0,0.0,26.15,50.33,0.14
2021-03-01 06:00:00,12.52,16.12,25.95,51.19,0.27
2021-03-01 07:00:00,123.05,133.25,27.54,46.39,0.3
2021-03-01 08:00:00,284.62,315.05,30.96,40.55,1.47
2021-03-01 09:00:00,500.08,523.55,33.65,33.91,1.62
2021-03-01 10:00:00,706.75,706.75,35.7,28.37,1.45
2021-03-01 11:00:00,815.75,815.85,37.37,23.96,1.69
2021-03-01 12:00:00,864.05,864.25,38.54,21.13,2.29
2021-03-01 13:00:00,805.65,805.92,39.1,19.68,2.9
2021-03-01 14:00:00,660.67,661.08,39.05,19.34,3.37
2021-03-01 15:00:00,468.02,471.67,38.78,19.62,3.69
2021-03-01 16:00:00,244.85,247.9,37.74,20.99,3.77
2021-03-01 17:00:00,69.95,69.65,35.32,25.73,2.38
2021-03-01 18:00:00,0.0,0.0,32.43,32.15,1.83
2021-03-01 19:00:00,0.0,0.0,31.58,33.72,2.01
2021-03-01 20:00:00,0.0,0.0,30.74,35.47,1.95
2021-03-01 21:00:00,0.0,0.0,29.89,37.14,1.73
2021-03-01 22:00:00,0.0,0.0,28.91,38.83,1.58
2021-03-01 23:00:00,0.0,0.0,27.86,40.52,1.62
2021-03-02 00:00:00,0.0,0.0,26.7,42.42,1.88
2021-03-02 01:00:00,0.0,0.0,25.43,44.46,2.16
2021-03-02 02:00:00,0.0,0.0,24.14,46.29,2.29
2021-03-02 03:00:00,0.0,0.0,22.98,47.12,2.35
2021-03-02 04:00:00,0.0,0.0,22.04,46.64,2.46
2021-03-02 05:00:00,0.0,0.0,21.32,45.9,2.48
2021-03-02 06:00:00,13.8,18.55,21.33,44.09,3.08
2021-03-02 07:00:00,119.8,159.18,23.27,38.44,3.45
2021-03-02 08:00:00,269.12,379.52,27.38,28.12,4.23
2021-03-02 09:00:00,437.48,600.1,31.72,20.32,5.41
2021-03-02 10:00:00,542.17,766.05,35.11,16.44,6.06
2021-03-02 11:00:00,782.5,872.78,37.33,14.66,6.09
2021-03-02 12:00:00,841.78,895.3,38.83,13.48,5.98
2021-03-02 13:00:00,804.58,832.4,39.6,12.59,5.83
2021-03-02 14:00:00,587.14,660.86,39.7,12.08,5.59
2021-03-02 15:00:00,432.27,481.38,39.09,12.03,5.14
2021-03-02 16:00:00,224.52,263.3,37.95,12.55,4.41
2021-03-02 17:00:00,55.9,70.53,34.4,18.04,2.06
2021-03-02 18:00:00,0.0,0.0,31.27,23.11,1.67
2021-03-02 19:00:00,0.0,0.0,30.18,25.06,1.61
2021-03-02 20:00:00,0.0,0.0,29.16,27.19,1.56
2021-03-02 21:00:00,0.0,0.0,28.2,29.46,1.52
2021-03-02 22:00:00,0.0,0.0,27.22,32.03,1.48
2021-03-02 23:00:00,0.0,0.0,26.2,34.98,1.51
2021-03-03 00:00:00,0.0,0.0,25.19,38.06,1.62
2021-03-03 01:00:00,0.0,0.0,24.26,41.04,1.69
2021-03-03 02:00:00,0.0,0.0,23.4,43.8,1.57
2021-03-03 03:00:00,0.0,0.0,22.66,46.37,1.3
2021-03-03 04:00:00,0.0,0.0,22.05,48.96,1.11
2021-03-03 05:00:00,0.0,0.0,21.56,51.47,1.09
2021-03-03 06:00:00,18.38,19.33,22.02,51.1,1.86
2021-03-03 07:00:00,159.0,162.05,24.05,46.02,2.71
2021-03-03 08:00:00,374.88,376.38,27.87,35.8,2.62
2021-03-03 09:00:00,589.05,589.55,31.97,25.87,3.3
2021-03-03 10:00:00,759.47,759.53,35.5,18.5,4.25
2021-03-03 11:00:00,861.83,861.9,37.66,15.26,4.58
2021-03-03 12:00:00,884.17,884.28,39.46,13.23,4.63
2021-03-03 13:00:00,815.22,815.3,40.32,12.27,4.48
2021-03-03 14:00:00,656.2,675.88,40.46,11.94,4.26
2021-03-03 15:00:00,429.2,470.12,39.97,12.07,4.09
2021-03-03 16:00:00,222.88,253.52,38.85,12.7,3.75
2021-03-03 17:00:00,59.35,68.32,35.17,19.19,1.68
2021-03-03 18:00:00,0.0,0.0,32.0,24.45,1.4
2021-03-03 19:00:00,0.0,0.0,30.98,26.28,1.35
2021-03-03 20:00:00,0.0,0.0,30.04,28.42,1.28
2021-03-03 21:00:00,0.0,0.0,29.14,30.84,1.2
2021-03-03 22:00:00,0.0,0.0,28.27,33.55,1.14
2021-03-03 23:00:00,0.0,0.0,27.36,36.41,1.12
2021-03-04 00:00:00,0.0,0.0,26.33,39.45,1.13
2021-03-04 01:00:00,0.0,0.0,25.29,42.43,1.15
2021-03-04 02:00:00,0.0,0.0,24.35,45.03,1.15
2021-03-04 03:00:00,0.0,0.0,23.49,47.42,1.11
2021-03-04 04:00:00,0.0,0.0,22.77,49.82,1.07
2021-03-04 05:00:00,0.0,0.0,22.22,52.36,1.0
2021-03-04 06:00:00,18.42,19.05,22.85,51.9,1.23
2021-03-04 07:00:00,151.2,154.88,25.27,46.29,2.1
2021-03-04 08:00:00,338.38,358.55,29.12,38.32,1.98
2021-03-04 09:00:00,551.7,576.33,34.05,28.17,3.24
2021-03-04 10:00:00,733.22,752.9,36.92,22.3,4.2
2021-03-04 11:00:00,853.22,859.75,38.78,19.05,4.35
2021-03-04 12:00:00,940.97,941.17,40.01,17.09,4.28
2021-03-04 13:00:00,873.08,875.38,40.61,16.06,4.13
2021-03-04 14:00:00,727.08,730.35,40.6,15.7,3.92
2021-03-04 15:00:00,516.05,517.0,39.94,16.04,3.7
2021-03-04 16:00:00,263.45,284.38,38.84,16.94,3.43
2021-03-04 17:00:00,70.3,79.12,35.78,23.2,1.64
2021-03-04 18:00:00,0.0,0.0,32.73,29.34,1.36
2021-03-04 19:00:00,0.0,0.0,31.68,32.3,1.47
2021-03-04 20:00:00,0.0,0.0,30.68,36.96,1.61
2021-03-04 21:00:00,0.0,0.0,29.79,43.26,1.71
2021-03-04 22:00:00,0.0,0.0,28.96,50.13,1.69
2021-03-04 23:00:00,0.0,0.0,28.16,56.69,1.59
2021-03-05 00:00:00,0.0,0.0,27.45,61.63,1.44
2021-03-05 01:00:00,0.0,0.0,26.87,65.37,1.3
2021-03-05 02:00:00,0.0,0.0,26.42,68.2,1.22
2021-03-05 03:00:00,0.0,0.0,26.08,70.36,1.2
2021-03-05 04:00:00,0.0,0.0,25.83,72.32,1.28
2021-03-05 05:00:00,0.0,0.0,25.66,74.26,1.46
2021-03-05 06:00:00,18.7,20.83,26.36,72.85,2.38
2021-03-05 07:00:00,145.2,166.73,28.61,65.42,3.8
2021-03-05 08:00:00,358.73,389.12,31.12,55.66,4.06
2021-03-05 09:00:00,530.2,605.65,32.94,48.02,3.74
2021-03-05 10:00:00,683.08,780.9,34.65,41.82,3.36
2021-03-05 11:00:00,803.47,880.0,36.04,37.03,2.98
2021-03-05 12:00:00,866.67,919.45,37.03,33.57,2.7
2021-03-05 13:00:00,803.92,857.97,37.86,30.89,2.55
2021-03-05 14:00:00,636.42,715.92,38.25,29.34,2.61
2021-03-05 15:00:00,455.05,513.67,38.06,28.94,2.79
2021-03-05 16:00:00,244.32,279.52,37.26,29.77,2.86
2021-03-05 17:00:00,74.53,75.95,35.57,33.53,2.0
2021-03-05 18:00:00,0.0,0.0,33.37,39.26,1.64
2021-03-05 19:00:00,0.0,0.0,32.72,40.92,2.4
2021-03-05 20:00:00,0.0,0.0,31.93,44.35,3.11
2021-03-05 21:00:00,0.0,0.0,30.93,49.62,3.21
2021-03-05 22:00:00,0.0,0.0,30.17,54.5,3.23
2021-03-05 23:00:00,0.0,0.0,29.61,58.24,3.27
2021-03-06 00:00:00,0.0,0.0,29.16,60.89,3.14
2021-03-06 01:00:00,0.0,0.0,28.75,62.75,2.86
2021-03-06 02:00:00,0.0,0.0,28.36,64.28,2.57
2021-03-06 03:00:00,0.0,0.0,27.95,66.21,2.36
2021-03-06 04:00:00,0.0,0.0,27.57,68.52,2.23
2021-03-06 05:00:00,0.0,0.0,27.22,71.16,2.14
2021-03-06 06:00:00,20.6,20.8,27.43,71.6,2.74
2021-03-06 07:00:00,139.43,167.45,28.83,66.02,4.32
2021-03-06 08:00:00,309.77,388.67,30.64,56.97,5.04
2021-03-06 09:00:00,475.65,606.72,32.42,49.52,4.65
2021-03-06 10:00:00,712.25,771.8,33.95,43.99,3.76
2021-03-06 11:00:00,840.75,876.9,35.03,40.26,2.8
2021-03-06 12:00:00,914.35,922.12,35.72,37.7,2.0
2021-03-06 13:00:00,844.6,856.65,36.1,35.87,1.74
2021-03-06 14:00:00,688.5,713.78,36.16,34.61,2.0
2021-03-06 15:00:00,456.98,510.4,35.88,34.2,2.36
2021-03-06 16:00:00,237.73,276.33,35.27,35.09,2.59
2021-03-06 17:00:00,70.25,77.12,33.85,39.44,1.9
2021-03-06 18:00:00,0.0,0.0,32.06,45.06,1.78
2021-03-06 19:00:00,0.0,0.0,31.5,47.13,2.29
2021-03-06 20:00:00,0.0,0.0,30.91,50.21,2.41
2021-03-06 21:00:00,0.0,0.0,30.39,53.4,2.46
2021-03-06 22:00:00,0.0,0.0,29.95,56.44,2.64
2021-03-06 23:00:00,0.0,0.0,29.56,59.29,2.8
2021-03-07 00:00:00,0.0,0.0,29.19,61.89,2.82
2021-03-07 01:00:00,0.0,0.0,28.86,64.07,2.7
2021-03-07 02:00:00,0.0,0.0,28.59,65.77,2.52
2021-03-07 03:00:00,0.0,0.0,28.26,67.62,2.14
2021-03-07 04:00:00,0.0,0.0,27.9,69.45,1.79
2021-03-07 05:00:00,0.0,0.0,27.56,71.09,1.58
2021-03-07 06:00:00,24.95,22.6,27.76,70.48,2.08
2021-03-07 07:00:00,164.15,175.45,29.08,64.39,2.93
2021-03-07 08:00:00,360.48,404.08,31.04,55.34,3.36
2021-03-07 09:00:00,607.6,631.7,32.78,48.7,3.2
2021-03-07 10:00:00,700.42,796.72,33.95,44.82,2.68
2021-03-07 11:00:00,800.75,893.53,34.79,42.1,2.1
2021-03-07 12:00:00,695.75,878.5,35.41,40.01,1.71
2021-03-07 13:00:00,621.1,803.42,35.88,38.13,1.55
2021-03-07 14:00:00,491.8,671.03,36.01,36.87,1.61
2021-03-07 15:00:00,341.77,471.92,35.67,36.85,1.79
2021-03-07 16:00:00,192.38,249.62,34.94,38.2,2.07
2021-03-07 17:00:00,59.08,67.7,33.54,43.45,1.69
2021-03-07 18:00:00,0.0,0.0,32.05,48.32,2.26
2021-03-07 19:00:00,0.0,0.0,31.42,51.21,3.17
2021-03-07 20:00:00,0.0,0.0,30.7,55.4,3.6
2021-03-07 21:00:00,0.0,0.0,30.08,59.27,3.63
2021-03-07 22:00:00,0.0,0.0,29.63,62.26,3.46
2021-03-07 23:00:00,0.0,0.0,29.22,64.8,3.14
2021-03-08 00:00:00,0.0,0.0,28.81,67.26,2.68
2021-03-08 01:00:00,0.0,0.0,28.45,69.43,2.44
2021-03-08 02:00:00,0.0,0.0,28.13,71.22,2.28
2021-03-08 03:00:00,0.0,0.0,27.79,73.01,2.18
2021-03-08 04:00:00,0.0,0.0,27.43,75.0,2.11
2021-03-08 05:00:00,0.0,0.0,27.04,77.28,2.02
2021-03-08 06:00:00,23.27,22.6,27.04,78.02,2.53
2021-03-08 07:00:00,180.75,181.3,28.31,71.97,3.3
2021-03-08 08:00:00,397.27,404.77,30.14,62.67,3.8
2021-03-08 09:00:00,611.9,626.1,31.75,55.83,3.66
2021-03-08 10:00:00,780.08,797.22,33.09,50.91,3.39
2021-03-08 11:00:00,881.0,897.92,34.14,47.1,3.06
2021-03-08 12:00:00,921.6,941.95,34.98,43.87,2.68
2021-03-08 13:00:00,823.17,876.15,35.54,41.39,2.43
2021-03-08 14:00:00,698.22,732.95,35.67,40.13,2.36
2021-03-08 15:00:00,486.77,528.53,35.38,40.03,2.44
2021-03-08 16:00:00,250.55,290.55,34.78,41.11,2.54
2021-03-08 17:00:00,70.57,81.5,33.2,47.24,1.54
2021-03-08 18:00:00,0.0,0.0,31.51,52.78,1.54
2021-03-08 19:00:00,0.0,0.0,31.02,54.73,2.0
2021-03-08 20:00:00,0.0,0.0,30.55,57.25,2.33
2021-03-08 21:00:00,0.0,0.0,30.06,59.99,2.44
2021-03-08 22:00:00,0.0,0.0,29.62,62.72,2.55
2021-03-08 23:00:00,0.0,0.0,29.15,65.58,2.56
2021-03-09 00:00:00,0.0,0.0,28.68,68.44,2.48
2021-03-09 01:00:00,0.0,0.0,28.24,71.13,2.32
2021-03-09 02:00:00,0.0,0.0,27.83,73.69,2.1
2021-03-09 03:00:00,0.0,0.0,27.45,76.14,1.92
2021-03-09 04:00:00,0.0,0.0,27.11,78.43,1.67
2021-03-09 05:00:00,0.0,0.0,26.78,80.7,1.41
2021-03-09 06:00:00,25.55,23.42,26.97,80.42,1.92
2021-03-09 07:00:00,177.45,182.5,28.91,70.0,2.6
2021-03-09 08:00:00,378.12,400.95,31.39,58.21,2.76
2021-03-09 09:00:00,565.22,617.08,32.67,53.31,2.3
2021-03-09 10:00:00,728.75,784.67,33.23,51.19,1.99
2021-03-09 11:00:00,840.7,882.7,33.58,49.9,1.95
2021-03-09 12:00:00,897.12,897.35,33.99,48.26,2.01
2021-03-09 13:00:00,827.65,828.9,34.13,46.97,2.2
2021-03-09 14:00:00,653.55,689.88,33.99,46.44,2.41
2021-03-09 15:00:00,414.75,490.08,33.65,46.77,2.73
2021-03-09 16:00:00,201.55,262.33,33.03,48.46,2.96
2021-03-09 17:00:00,53.78,72.62,31.93,52.76,2.63
2021-03-09 18:00:00,0.0,0.0,30.57,59.25,2.42
2021-03-09 19:00:00,0.0,0.0,29.98,62.88,2.94
2021-03-09 20:00:00,0.0,0.0,29.44,66.58,3.08
2021-03-09 21:00:00,0.0,0.0,28.99,69.68,3.22
2021-03-09 22:00:00,0.0,0.0,28.51,72.74,3.37
2021-03-09 23:00:00,0.0,0.0,28.02,75.52,3.46
2021-03-10 00:00:00,0.0,0.0,27.54,78.03,3.57
2021-03-10 01:00:00,0.0,0.0,27.06,80.16,3.63
2021-03-10 02:00:00,0.0,0.0,26.59,82.06,3.63
2021-03-10 03:00:00,0.0,0.0,26.14,83.9,3.6
2021-03-10 04:00:00,0.0,0.0,25.69,85.85,3.54
2021-03-10 05:00:00,0.0,0.0,25.31,87.57,3.39
2021-03-10 06:00:00,22.8,22.77,25.38,86.56,3.74
2021-03-10 07:00:00,151.35,176.88,27.18,74.4,5.18
2021-03-10 08:00:00,328.23,401.7,29.85,60.89,5.45
2021-03-10 09:00:00,475.5,617.53,32.29,52.25,4.74
2021-03-10 10:00:00,649.5,784.75,34.22,46.23,3.75
2021-03-10 11:00:00,685.42,881.12,35.56,42.05,2.91
2021-03-10 12:00:00,749.25,917.5,36.25,39.66,2.22
2021-03-10 13:00:00,793.67,850.45,36.68,38.01,1.68
2021-03-10 14:00:00,621.45,701.17,36.68,37.35,1.09
2021-03-10 15:00:00,463.67,497.35,36.31,37.3,0.43
2021-03-10 16:00:00,240.35,265.55,35.68,37.98,0.38
2021-03-10 17:00:00,68.45,72.4,34.6,43.03,0.62
2021-03-10 18:00:00,0.0,0.0,32.72,56.85,0.62
2021-03-10 19:00:00,0.0,0.0,31.82,56.89,0.89
2021-03-10 20:00:00,0.0,0.0,31.11,57.27,1.15
2021-03-10 21:00:00,0.0,0.0,30.51,57.51,1.44
2021-03-10 22:00:00,0.0,0.0,29.89,58.78,1.91
2021-03-10 23:00:00,0.0,0.0,29.15,62.09,2.53
2021-03-11 00:00:00,0.0,0.0,28.35,66.97,2.91
2021-03-11 01:00:00,0.0,0.0,27.71,71.8,3.21
2021-03-11 02:00:00,0.0,0.0,27.11,76.63,3.45
2021-03-11 03:00:00,0.0,0.0,26.65,80.47,3.59
2021-03-11 04:00:00,0.0,0.0,26.34,83.12,3.69
2021-03-11 05:00:00,0.0,0.0,26.1,84.95,3.64
2021-03-11 06:00:00,24.23,23.9,26.26,84.33,3.78
2021-03-11 07:00:00,169.05,178.85,27.65,76.24,4.09
2021-03-11 08:00:00,353.2,388.0,29.36,66.27,4.18
2021-03-11 09:00:00,565.53,606.35,30.53,60.22,4.21
2021-03-11 10:00:00,697.08,788.35,31.23,57.14,4.54
2021-03-11 11:00:00,877.47,891.65,31.46,55.99,4.72
2021-03-11 12:00:00,823.62,936.17,31.57,55.12,4.68
2021-03-11 13:00:00,724.22,874.17,31.65,54.01,4.33
2021-03-11 14:00:00,694.85,739.03,31.63,52.89,3.88
2021-03-11 15:00:00,356.38,536.42,31.31,53.01,3.4
2021-03-11 16:00:00,193.75,297.98,30.71,54.99,3.09
2021-03-11 17:00:00,59.25,81.45,29.11,66.76,1.96
2021-03-11 18:00:00,0.0,0.0,27.42,77.55,1.65
2021-03-11 19:00:00,0.0,0.0,26.85,79.85,1.75
2021-03-11 20:00:00,0.0,0.0,26.41,82.23,1.64
2021-03-11 21:00:00,0.0,0.0,26.0,84.42,1.54
2021-03-11 22:00:00,0.0,0.0,25.64,86.09,1.54
2021-03-11 23:00:00,0.0,0.0,25.34,87.3,1.64
2021-03-12 00:00:00,0.0,0.0,25.01,88.71,1.8
2021-03-12 01:00:00,0.0,0.0,24.72,90.18,1.96
2021-03-12 02:00:00,0.0,0.0,24.44,91.95,1.97
2021-03-12 03:00:00,0.0,0.0,24.18,93.69,1.86
2021-03-12 04:00:00,0.0,0.0,23.99,95.06,1.82
2021-03-12 05:00:00,0.0,0.0,23.9,95.7,1.93
2021-03-12 06:00:00,17.52,26.65,24.41,93.04,2.57
2021-03-12 07:00:00,121.32,203.15,26.28,82.67,3.49
2021-03-12 08:00:00,233.38,438.6,29.13,65.08,3.76
2021-03-12 09:00:00,419.3,655.6,31.84,50.41,3.13
2021-03-12 10:00:00,726.75,820.55,34.16,40.6,2.51
2021-03-12 11:00:00,756.17,914.0,35.86,34.96,2.1
2021-03-12 12:00:00,724.42,889.17,36.95,31.77,1.94
2021-03-12 13:00:00,695.12,823.85,37.57,29.93,1.96
2021-03-12 14:00:00,541.1,669.45,37.65,29.29,2.04
2021-03-12 15:00:00,381.77,473.45,37.06,29.9,2.03
2021-03-12 16:00:00,199.02,254.75,36.13,31.52,1.93
2021-03-12 17:00:00,62.75,71.78,34.19,41.4,1.26
2021-03-12 18:00:00,0.0,0.0,32.04,51.97,1.27
2021-03-12 19:00:00,0.0,0.0,31.23,50.98,1.9
2021-03-12 20:00:00,0.0,0.0,30.5,52.73,2.6
2021-03-12 21:00:00,0.0,0.0,29.7,57.3,3.03
2021-03-12 22:00:00,0.0,0.0,28.96,62.71,3.19
2021-03-12 23:00:00,0.0,0.0,28.39,67.0,3.32
2021-03-13 00:00:00,0.0,0.0,27.87,70.49,3.25
2021-03-13 01:00:00,0.0,0.0,27.43,73.13,3.17
2021-03-13 02:00:00,0.0,0.0,27.08,75.45,3.02
2021-03-13 03:00:00,0.0,0.0,26.77,77.71,2.68
2021-03-13 04:00:00,0.0,0.0,26.54,79.6,2.32
2021-03-13 05:00:00,0.0,0.0,26.34,81.31,1.92
2021-03-13 06:00:00,16.98,24.75,26.43,81.31,1.99
2021-03-13 07:00:00,104.07,178.45,27.46,75.61,2.89
2021-03-13 08:00:00,218.57,397.12,29.1,65.95,3.36
2021-03-13 09:00:00,356.48,605.5,30.8,57.66,3.05
2021-03-13 10:00:00,490.0,765.62,32.11,51.65,2.49
2021-03-13 11:00:00,502.88,860.58,33.08,47.26,2.07
2021-03-13 12:00:00,515.47,941.35,33.79,44.13,1.89
2021-03-13 13:00:00,314.4,872.67,34.03,42.66,1.78
2021-03-13 14:00:00,309.8,725.65,33.83,42.49,1.79
2021-03-13 15:00:00,226.25,518.58,33.28,43.74,1.96
2021-03-13 16:00:00,125.43,284.35,32.55,46.15,2.19
2021-03-13 17:00:00,46.6,78.25,31.2,52.8,2.2
2021-03-13 18:00:00,0.0,0.0,29.6,61.0,2.47
2021-03-13 19:00:00,0.0,0.0,28.59,65.81,2.76
2021-03-13 20:00:00,0.0,0.0,27.88,70.35,2.36
2021-03-13 21:00:00,0.0,0.0,27.3,74.96,1.82
2021-03-13 22:00:00,0.0,0.0,26.79,78.76,1.46
2021-03-13 23:00:00,0.0,0.0,26.32,80.73,1.29
2021-03-14 00:00:00,0.0,0.0,25.87,84.0,1.13
2021-03-14 01:00:00,0.0,0.0,25.5,86.23,1.1
2021-03-14 02:00:00,0.0,0.0,25.22,87.6,1.14
2021-03-14 03:00:00,0.0,0.0,25.0,88.69,1.19
2021-03-14 04:00:00,0.0,0.0,24.76,89.92,1.28
2021-03-14 05:00:00,0.0,0.0,24.6,90.78,1.4
2021-03-14 06:00:00,19.0,22.35,24.83,89.21,1.87
2021-03-14 07:00:00,121.3,147.65,26.09,80.2,2.08
2021-03-14 08:00:00,243.23,321.98,27.8,67.54,1.44
2021-03-14 09:00:00,422.9,519.1,29.73,54.84,0.48
2021-03-14 10:00:00,687.97,695.28,31.57,45.03,0.53
2021-03-14 11:00:00,772.6,777.85,32.72,40.71,0.61
2021-03-14 12:00:00,643.08,672.67,33.18,39.14,0.49
2021-03-14 13:00:00,549.22,626.08,33.21,38.95,0.39
2021-03-14 14:00:00,385.98,491.3,32.73,40.08,0.45
2021-03-14 15:00:00,248.32,338.48,31.9,42.68,0.52
2021-03-14 16:00:00,125.62,171.25,30.87,47.13,0.38
2021-03-14 17:00:00,38.08,47.58,29.69,54.47,0.17
2021-03-14 18:00:00,0.0,0.0,28.64,60.21,0.11
2021-03-14 19:00:00,0.0,0.0,27.75,66.74,0.18
2021-03-14 20:00:00,0.0,0.0,27.04,71.38,0.23
2021-03-14 21:00:00,0.0,0.0,26.51,73.94,0.19
2021-03-14 22:00:00,0.0,0.0,26.08,75.47,0.04
2021-03-14 23:00:00,0.0,0.0,25.68,76.76,0.29
2021-03-15 00:00:00,0.0,0.0,25.17,79.55,0.65
2021-03-15 01:00:00,0.0,0.0,24.71,82.19,0.95
2021-03-15 02:00:00,0.0,0.0,24.33,85.26,1.21
2021-03-15 03:00:00,0.0,0.0,23.94,89.36,1.31
2021-03-15 04:00:00,0.0,0.0,23.66,92.1,1.28
2021-03-15 05:00:00,0.0,0.0,23.49,93.67,1.17
2021-03-15 06:00:00,15.7,18.95,23.77,92.05,1.38
2021-03-15 07:00:00,103.85,124.2,25.39,80.27,1.46
2021-03-15 08:00:00,234.0,289.85,27.87,64.22,1.07
2021-03-15 09:00:00,353.4,460.67,30.76,47.15,1.1
2021-03-15 10:00:00,552.65,624.38,32.89,37.91,1.3
2021-03-15 11:00:00,671.92,733.17,34.27,33.43,1.33
2021-03-15 12:00:00,761.8,894.08,35.06,31.04,1.23
2021-03-15 13:00:00,554.35,836.25,35.6,29.36,1.34
2021-03-15 14:00:00,432.85,690.97,35.59,28.6,1.63
2021-03-15 15:00:00,258.7,486.45,35.16,28.83,1.86
2021-03-15 16:00:00,137.6,256.85,34.31,31.53,1.72
2021-03-15 17:00:00,41.2,68.38,32.34,45.62,1.0
2021-03-15 18:00:00,0.0,0.0,30.56,53.57,0.96
2021-03-15 19:00:00,0.0,0.0,29.75,55.09,1.06
2021-03-15 20:00:00,0.0,0.0,28.99,56.44,1.23
2021-03-15 21:00:00,0.0,0.0,28.29,58.15,1.47
2021-03-15 22:00:00,0.0,0.0,27.59,61.35,1.78
2021-03-15 23:00:00,0.0,0.0,26.91,65.9,2.1
2021-03-16 00:00:00,0.0,0.0,26.27,70.72,2.38
2021-03-16 01:00:00,0.0,0.0,25.65,75.31,2.58
2021-03-16 02:00:00,0.0,0.0,25.09,79.19,2.7
2021-03-16 03:00:00,0.0,0.0,24.61,82.18,2.72
2021-03-16 04:00:00,0.0,0.0,24.24,84.66,2.67
2021-03-16 05:00:00,0.0,0.0,23.94,87.08,2.44
2021-03-16 06:00:00,26.67,26.88,24.19,86.89,2.62
2021-03-16 07:00:00,185.98,188.43,26.37,76.37,2.89
2021-03-16 08:00:00,401.77,404.27,29.31,61.91,3.18
2021-03-16 09:00:00,630.92,639.7,31.92,50.09,3.13
2021-03-16 10:00:00,764.65,809.42,33.95,42.05,2.77
2021-03-16 11:00:00,887.9,909.25,35.35,36.27,2.38
2021-03-16 12:00:00,861.1,884.72,36.35,31.99,2.02
2021-03-16 13:00:00,808.6,809.8,36.87,29.28,1.67
2021-03-16 14:00:00,644.2,668.3,36.87,27.89,1.43
2021-03-16 15:00:00,434.1,468.52,36.47,27.81,1.63
2021-03-16 16:00:00,218.65,245.88,35.56,30.26,2.01
2021-03-16 17:00:00,62.6,67.8,33.22,42.05,1.59
2021-03-16 18:00:00,0.0,0.0,31.18,47.49,2.03
2021-03-16 19:00:00,0.0,0.0,30.55,48.77,2.88
2021-03-16 20:00:00,0.0,0.0,29.81,52.53,3.51
2021-03-16 21:00:00,0.0,0.0,28.99,57.99,3.83
2021-03-16 22:00:00,0.0,0.0,28.23,63.72,4.03
2021-03-16 23:00:00,0.0,0.0,27.68,68.56,4.21
2021-03-17 00:00:00,0.0,0.0,27.26,72.42,4.22
2021-03-17 01:00:00,0.0,0.0,26.82,76.13,4.15
2021-03-17 02:00:00,0.0,0.0,26.41,79.19,4.03
2021-03-17 03:00:00,0.0,0.0,26.08,81.34,3.89
2021-03-17 04:00:00,0.0,0.0,25.77,83.07,3.82
2021-03-17 05:00:00,0.0,0.0,25.49,84.48,3.77
2021-03-17 06:00:00,25.62,26.92,25.58,84.05,3.95
2021-03-17 07:00:00,173.48,177.57,26.99,75.92,4.74
2021-03-17 08:00:00,374.4,377.2,28.75,65.18,5.33
2021-03-17 09:00:00,584.17,586.4,30.25,56.96,5.18
2021-03-17 10:00:00,747.92,763.95,31.54,51.42,4.75
2021-03-17 11:00:00,847.55,855.15,32.48,48.05,4.32
2021-03-17 12:00:00,842.33,864.1,33.01,46.35,4.0
2021-03-17 13:00:00,588.22,795.3,33.1,45.98,3.8
2021-03-17 14:00:00,457.23,652.92,32.56,47.4,3.76
2021-03-17 15:00:00,327.77,456.2,31.77,50.02,3.84
2021-03-17 16:00:00,163.7,238.23,30.85,53.8,3.8
2021-03-17 17:00:00,52.8,66.75,29.41,61.66,3.0
2021-03-17 18:00:00,0.0,0.0,28.08,68.99,2.69
2021-03-17 19:00:00,0.0,0.0,27.58,71.82,2.92
2021-03-17 20:00:00,0.0,0.0,27.19,74.44,3.09
2021-03-17 21:00:00,0.0,0.0,26.79,77.27,3.22
2021-03-17 22:00:00,0.0,0.0,26.38,80.12,3.24
2021-03-17 23:00:00,0.0,0.0,25.97,82.68,3.26
2021-03-18 00:00:00,0.0,0.0,25.57,84.84,3.13
2021-03-18 01:00:00,0.0,0.0,25.22,86.66,2.95
2021-03-18 02:00:00,0.0,0.0,24.94,88.08,2.69
2021-03-18 03:00:00,0.0,0.0,24.72,89.09,2.59
2021-03-18 04:00:00,0.0,0.0,24.54,89.83,2.62
2021-03-18 05:00:00,0.0,0.0,24.4,90.38,2.62
2021-03-18 06:00:00,9.77,25.73,24.47,89.82,2.92
2021-03-18 07:00:00,114.8,164.32,25.2,84.98,3.87
2021-03-18 08:00:00,284.05,364.6,26.47,77.23,4.87
2021-03-18 09:00:00,448.83,566.35,27.87,70.73,4.94
2021-03-18 10:00:00,571.45,726.08,29.04,65.75,4.52
2021-03-18 11:00:00,634.7,818.2,29.81,62.1,4.06
2021-03-18 12:00:00,603.33,831.45,30.3,59.38,3.65
2021-03-18 13:00:00,600.88,761.03,30.48,57.76,3.15
2021-03-18 14:00:00,466.45,631.3,30.45,56.99,2.6
2021-03-18 15:00:00,314.55,441.85,30.19,57.36,2.04
2021-03-18 16:00:00,158.18,234.55,29.72,59.38,1.64
2021-03-18 17:00:00,49.38,64.28,28.5,70.03,0.96
2021-03-18 18:00:00,0.0,0.0,27.25,75.38,0.97
2021-03-18 19:00:00,0.0,0.0,26.84,75.81,1.17
2021-03-18 20:00:00,0.0,0.0,26.53,76.3,1.33
2021-03-18 21:00:00,0.0,0.0,26.18,77.23,1.45
2021-03-18 22:00:00,0.0,0.0,25.83,78.27,1.52
2021-03-18 23:00:00,0.0,0.0,25.53,79.25,1.58
2021-03-19 00:00:00,0.0,0.0,25.21,80.57,1.65
2021-03-19 01:00:00,0.0,0.0,24.9,82.21,1.74
2021-03-19 02:00:00,0.0,0.0,24.56,84.5,1.81
2021-03-19 03:00:00,0.0,0.0,24.26,86.8,1.86
2021-03-19 04:00:00,0.0,0.0,24.0,89.07,1.91
2021-03-19 05:00:00,0.0,0.0,23.8,91.04,1.91
2021-03-19 06:00:00,27.0,28.7,24.04,90.58,2.42
2021-03-19 07:00:00,169.75,188.52,25.47,82.85,3.26
2021-03-19 08:00:00,348.48,402.75,27.65,71.13,3.9
2021-03-19 09:00:00,549.47,617.55,29.74,61.61,3.67
2021-03-19 10:00:00,772.33,785.35,31.33,54.81,3.1
2021-03-19 11:00:00,872.4,879.75,32.62,49.36,2.42
2021-03-19 12:00:00,915.55,918.22,33.54,45.18,1.7
2021-03-19 13:00:00,814.33,842.85,34.11,42.14,1.13
2021-03-19 14:00:00,611.8,693.17,34.45,39.92,1.05
2021-03-19 15:00:00,296.3,485.0,34.49,38.74,1.28
2021-03-19 16:00:00,171.2,260.88,33.93,39.32,1.55
2021-03-19 17:00:00,47.22,68.78,32.3,49.31,1.03
2021-03-19 18:00:00,0.0,0.0,30.14,61.48,0.9
2021-03-19 19:00:00,0.0,0.0,29.42,61.47,1.16
2021-03-19 20:00:00,0.0,0.0,28.79,61.41,1.59
2021-03-19 21:00:00,0.0,0.0,28.27,62.67,2.11
2021-03-19 22:00:00,0.0,0.0,27.85,65.18,2.65
2021-03-19 23:00:00,0.0,0.0,27.37,68.65,2.87
2021-03-20 00:00:00,0.0,0.0,26.92,71.85,2.79
2021-03-20 01:00:00,0.0,0.0,26.51,74.73,2.61
2021-03-20 02:00:00,0.0,0.0,26.14,77.36,2.36
2021-03-20 03:00:00,0.0,0.0,25.79,79.78,2.19
2021-03-20 04:00:00,0.0,0.0,25.46,81.86,2.09
2021-03-20 05:00:00,0.0,0.0,25.14,83.93,2.06
2021-03-20 06:00:00,26.6,27.45,25.38,83.14,2.68
2021-03-20 07:00:00,164.23,174.95,27.12,73.5,3.57
2021-03-20 08:00:00,331.92,374.95,29.48,61.83,3.72
2021-03-20 09:00:00,533.55,579.3,31.6,53.5,2.86
2021-03-20 10:00:00,717.83,737.67,33.09,48.31,1.8
2021-03-20 11:00:00,822.08,828.2,33.92,44.82,0.94
2021-03-20 12:00:00,933.05,948.9,34.38,42.6,0.3
2021-03-20 13:00:00,818.9,868.0,34.59,41.56,0.41
2021-03-20 14:00:00,660.2,718.5,34.25,42.04,1.1
2021-03-20 15:00:00,338.5,509.27,33.54,43.82,1.73
2021-03-20 16:00:00,182.88,274.42,32.79,46.33,2.14
2021-03-20 17:00:00,56.85,73.57,31.2,55.82,1.8
2021-03-20 18:00:00,0.0,0.0,29.45,63.47,2.04
2021-03-20 19:00:00,0.0,0.0,28.87,64.98,2.8
2021-03-20 20:00:00,0.0,0.0,28.26,68.2,3.13
2021-03-20 21:00:00,0.0,0.0,27.72,71.24,3.2
2021-03-20 22:00:00,0.0,0.0,27.27,73.56,3.27
2021-03-20 23:00:00,0.0,0.0,26.87,75.53,3.32
2021-03-21 00:00:00,0.0,0.0,26.44,77.73,3.21
2021-03-21 01:00:00,0.0,0.0,25.98,80.29,2.98
2021-03-21 02:00:00,0.0,0.0,25.54,82.82,2.76
2021-03-21 03:00:00,0.0,0.0,25.12,85.13,2.55
2021-03-21 04:00:00,0.0,0.0,24.8,86.91,2.4
2021-03-21 05:00:00,0.0,0.0,24.55,88.38,2.37
2021-03-21 06:00:00,27.02,28.45,24.8,87.28,2.81
2021-03-21 07:00:00,167.73,179.55,26.59,77.46,3.72
2021-03-21 08:00:00,342.9,386.42,28.86,65.97,4.13
2021-03-21 09:00:00,530.85,596.47,30.65,58.06,3.75
2021-03-21 10:00:00,687.62,759.72,32.41,51.74,3.29
2021-03-21 11:00:00,821.47,857.22,33.85,46.57,2.81
2021-03-21 12:00:00,867.83,946.3,35.09,42.2,2.31
2021-03-21 13:00:00,822.0,879.22,35.82,39.08,1.8
2021-03-21 14:00:00,728.4,734.4,36.0,37.16,1.45
2021-03-21 15:00:00,518.08,532.2,35.74,36.32,1.37
2021-03-21 16:00:00,245.75,293.58,35.15,36.62,1.41
2021-03-21 17:00:00,60.72,80.9,33.53,45.8,0.98
2021-03-21 18:00:00,0.0,0.0,31.19,58.74,0.87
2021-03-21 19:00:00,0.0,0.0,30.19,59.88,1.08
2021-03-21 20:00:00,0.0,0.0,29.41,60.74,1.3
2021-03-21 21:00:00,0.0,0.0,28.71,62.17,1.59
2021-03-21 22:00:00,0.0,0.0,28.16,63.78,2.0
2021-03-21 23:00:00,0.0,0.0,27.72,65.46,2.58
2021-03-22 00:00:00,0.0,0.0,27.18,68.17,3.1
2021-03-22 01:00:00,0.0,0.0,26.59,71.78,3.4
2021-03-22 02:00:00,0.0,0.0,26.05,75.51,3.52
2021-03-22 03:00:00,0.0,0.0,25.78,77.92,3.61
2021-03-22 04:00:00,0.0,0.0,25.67,79.32,3.54
2021-03-22 05:00:00,0.0,0.0,25.59,80.27,3.29
2021-03-22 06:00:00,30.2,33.45,25.96,78.73,3.39
2021-03-22 07:00:00,180.55,208.6,28.26,67.74,3.79
2021-03-22 08:00:00,361.27,442.02,30.91,56.6,4.07
2021-03-22 09:00:00,571.33,663.33,32.27,51.55,3.8
2021-03-22 10:00:00,821.38,831.5,33.2,48.53,3.39
2021-03-22 11:00:00,891.58,923.55,34.18,45.65,2.93
2021-03-22 12:00:00,945.03,951.97,35.26,42.54,2.56
2021-03-22 13:00:00,872.3,887.33,35.98,40.11,2.29
2021-03-22 14:00:00,742.95,745.28,36.1,38.78,1.89
2021-03-22 15:00:00,523.28,535.83,35.77,38.52,1.47
2021-03-22 16:00:00,251.2,296.6,34.93,40.13,0.88
2021-03-22 17:00:00,62.22,83.47,33.55,49.48,0.24
2021-03-22 18:00:00,0.0,0.0,31.99,56.93,0.33
2021-03-22 19:00:00,0.0,0.0,31.07,57.7,1.09
2021-03-22 20:00:00,0.0,0.0,30.03,62.02,2.0
2021-03-22 21:00:00,0.0,0.0,29.05,66.82,2.24
2021-03-22 22:00:00,0.0,0.0,28.36,70.99,2.24
2021-03-22 23:00:00,0.0,0.0,27.64,75.82,1.82
2021-03-23 00:00:00,0.0,0.0,27.15,78.0,2.09
2021-03-23 01:00:00,0.0,0.0,26.72,79.86,2.88
2021-03-23 02:00:00,0.0,0.0,26.3,81.78,3.08
2021-03-23 03:00:00,0.0,0.0,25.94,83.41,2.48
2021-03-23 04:00:00,0.0,0.0,25.53,85.55,1.81
2021-03-23 05:00:00,0.0,0.0,25.14,87.98,1.87
2021-03-23 06:00:00,38.62,36.17,25.42,87.21,2.69
2021-03-23 07:00:00,192.75,216.12,26.92,78.84,3.08
2021-03-23 08:00:00,391.27,451.15,29.42,61.15,2.87
2021-03-23 09:00:00,647.58,676.15,31.41,49.09,2.35
2021-03-23 10:00:00,732.92,839.33,32.92,42.66,1.89
2021-03-23 11:00:00,795.42,938.58,34.11,38.33,1.67
2021-03-23 12:00:00,816.85,907.45,35.03,35.11,1.38
2021-03-23 13:00:00,760.83,843.17,35.57,33.01,0.93
2021-03-23 14:00:00,605.3,701.7,35.75,31.85,0.56
2021-03-23 15:00:00,425.05,499.02,35.57,31.64,1.07
2021-03-23 16:00:00,211.52,268.35,34.85,33.6,1.83
2021-03-23 17:00:00,61.83,74.1,32.55,45.5,1.57
2021-03-23 18:00:00,0.0,0.0,30.32,53.17,1.98
2021-03-23 19:00:00,0.0,0.0,29.73,55.61,2.75
2021-03-23 20:00:00,0.0,0.0,29.06,60.19,3.28
2021-03-23 21:00:00,0.0,0.0,28.29,65.99,3.44
2021-03-23 22:00:00,0.0,0.0,27.69,71.1,3.64
2021-03-23 23:00:00,0.0,0.0,27.18,75.23,3.83
2021-03-24 00:00:00,0.0,0.0,26.72,78.1,3.96
2021-03-24 01:00:00,0.0,0.0,26.35,79.78,3.97
2021-03-24 02:00:00,0.0,0.0,26.0,80.73,3.95
2021-03-24 03:00:00,0.0,0.0,25.59,82.14,3.76
2021-03-24 04:00:00,0.0,0.0,25.14,84.26,3.45
2021-03-24 05:00:00,0.0,0.0,24.79,85.93,3.39
2021-03-24 06:00:00,33.5,37.83,24.9,84.98,3.75
2021-03-24 07:00:00,186.02,226.07,26.31,76.47,4.79
2021-03-24 08:00:00,395.08,465.23,28.6,64.94,5.0
2021-03-24 09:00:00,629.75,684.15,31.15,54.47,4.24
2021-03-24 10:00:00,854.35,861.47,33.16,47.43,3.09
2021-03-24 11:00:00,915.9,946.28,34.48,43.02,2.06
2021-03-24 12:00:00,870.95,890.88,35.18,40.19,1.11
2021-03-24 13:00:00,817.53,827.53,35.53,38.46,0.16
2021-03-24 14:00:00,661.72,692.65,35.59,37.44,0.91
2021-03-24 15:00:00,470.02,511.1,35.24,37.53,1.7
2021-03-24 16:00:00,244.98,283.17,34.48,39.38,2.1
2021-03-24 17:00:00,67.0,76.7,32.7,48.69,1.67
2021-03-24 18:00:00,0.0,0.0,30.85,55.55,1.76
2021-03-24 19:00:00,0.0,0.0,30.22,56.94,2.27
2021-03-24 20:00:00,0.0,0.0,29.66,59.1,2.55
2021-03-24 21:00:00,0.0,0.0,29.08,61.89,2.83
2021-03-24 22:00:00,0.0,0.0,28.45,65.33,3.14
2021-03-24 23:00:00,0.0,0.0,27.88,68.81,3.43
2021-03-25 00:00:00,0.0,0.0,27.37,72.26,3.68
2021-03-25 01:00:00,0.0,0.0,26.89,75.63,3.7
2021-03-25 02:00:00,0.0,0.0,26.38,79.19,3.44
2021-03-25 03:00:00,0.0,0.0,25.89,82.62,2.98
2021-03-25 04:00:00,0.0,0.0,25.38,85.74,2.46
2021-03-25 05:00:00,0.0,0.0,24.91,88.57,2.15
2021-03-25 06:00:00,35.75,35.35,25.12,87.73,2.65
2021-03-25 07:00:00,202.7,206.3,27.24,75.43,3.44
2021-03-25 08:00:00,421.45,425.48,29.89,62.41,3.5
2021-03-25 09:00:00,629.92,642.1,32.07,53.59,3.04
2021-03-25 10:00:00,779.0,815.92,33.79,47.36,2.55
2021-03-25 11:00:00,863.0,903.85,35.31,42.15,1.97
2021-03-25 12:00:00,896.05,927.65,36.54,37.77,1.36
2021-03-25 13:00:00,828.22,844.83,37.24,34.59,1.0
2021-03-25 14:00:00,681.45,691.8,37.47,32.61,1.26
2021-03-25 15:00:00,472.55,475.9,37.2,31.99,1.85
2021-03-25 16:00:00,231.75,257.8,36.36,33.1,2.48
2021-03-25 17:00:00,62.47,72.1,34.45,39.14,2.4
2021-03-25 18:00:00,0.0,0.0,32.04,47.75,2.98
2021-03-25 19:00:00,0.0,0.0,30.9,53.37,4.3
2021-03-25 20:00:00,0.0,0.0,29.56,61.61,4.73
2021-03-25 21:00:00,0.0,0.0,28.66,67.77,4.75
2021-03-25 22:00:00,0.0,0.0,28.12,71.14,4.47
2021-03-25 23:00:00,0.0,0.0,27.75,72.84,4.09
2021-03-26 00:00:00,0.0,0.0,27.4,74.13,3.7
2021-03-26 01:00:00,0.0,0.0,27.02,75.56,3.42
2021-03-26 02:00:00,0.0,0.0,26.62,77.37,3.24
2021-03-26 03:00:00,0.0,0.0,26.23,79.24,3.14
2021-03-26 04:00:00,0.0,0.0,25.85,81.1,3.05
2021-03-26 05:00:00,0.0,0.0,25.5,82.94,2.86
2021-03-26 06:00:00,39.53,40.45,25.75,81.77,3.07
2021-03-26 07:00:00,214.12,227.57,27.8,70.37,3.37
2021-03-26 08:00:00,454.23,469.02,30.3,58.93,2.99
2021-03-26 09:00:00,641.67,691.08,32.4,51.18,2.12
2021-03-26 10:00:00,841.65,859.17,34.04,45.76,1.15
2021-03-26 11:00:00,931.35,955.62,35.45,40.94,0.14
2021-03-26 12:00:00,995.28,1001.58,36.69,36.05,0.77
2021-03-26 13:00:00,913.38,929.72,37.38,33.3,1.33
2021-03-26 14:00:00,779.75,781.95,37.52,32.02,1.79
2021-03-26 15:00:00,568.72,570.55,37.28,31.59,2.18
2021-03-26 16:00:00,279.6,325.98,36.59,32.19,2.42
2021-03-26 17:00:00,68.47,94.1,34.76,40.26,1.65
2021-03-26 18:00:00,0.0,0.0,32.21,50.06,1.29
2021-03-26 19:00:00,0.0,0.0,31.4,51.66,1.42
2021-03-26 20:00:00,0.0,0.0,30.61,54.0,1.44
2021-03-26 21:00:00,0.0,0.0,29.79,56.69,1.55
2021-03-26 22:00:00,0.0,0.0,29.11,59.85,1.95
2021-03-26 23:00:00,0.0,0.0,28.5,64.44,2.8
2021-03-27 00:00:00,0.0,0.0,27.69,71.25,3.52
2021-03-27 01:00:00,0.0,0.0,27.01,77.5,3.75
2021-03-27 02:00:00,0.0,0.0,26.6,81.25,3.73
2021-03-27 03:00:00,0.0,0.0,26.38,83.03,3.5
2021-03-27 04:00:00,0.0,0.0,26.22,84.08,3.14
2021-03-27 05:00:00,0.0,0.0,26.0,85.57,2.61
2021-03-27 06:00:00,35.75,44.28,26.46,83.12,3.02
2021-03-27 07:00:00,210.73,244.1,28.44,71.35,3.86
2021-03-27 08:00:00,459.48,483.05,30.49,60.86,3.81
2021-03-27 09:00:00,594.03,701.83,32.46,53.44,3.34
2021-03-27 10:00:00,668.92,864.5,34.15,47.58,3.24
2021-03-27 11:00:00,760.85,951.5,35.15,43.88,3.6
2021-03-27 12:00:00,725.3,939.35,35.81,41.18,3.91
2021-03-27 13:00:00,628.0,870.33,36.14,39.25,4.06
2021-03-27 14:00:00,558.53,734.7,36.03,38.38,4.05
2021-03-27 15:00:00,413.88,531.08,35.42,39.11,3.82
2021-03-27 16:00:00,213.15,294.23,34.42,41.38,3.49
2021-03-27 17:00:00,62.45,82.07,33.17,45.41,2.78
2021-03-27 18:00:00,0.0,0.0,31.22,54.31,1.8
2021-03-27 19:00:00,0.0,0.0,30.58,56.37,2.42
2021-03-27 20:00:00,0.0,0.0,29.95,59.41,2.84
2021-03-27 21:00:00,0.0,0.0,29.34,62.74,2.94
2021-03-27 22:00:00,0.0,0.0,28.76,65.95,2.83
2021-03-27 23:00:00,0.0,0.0,28.23,68.86,2.61
2021-03-28 00:00:00,0.0,0.0,27.7,71.74,2.27
2021-03-28 01:00:00,0.0,0.0,27.14,74.75,1.8
2021-03-28 02:00:00,0.0,0.0,26.6,77.58,1.31
2021-03-28 03:00:00,0.0,0.0,26.1,80.23,0.93
2021-03-28 04:00:00,0.0,0.0,25.73,82.35,0.67
2021-03-28 05:00:00,0.0,0.0,25.6,83.33,0.41
2021-03-28 06:00:00,41.9,44.95,26.08,81.43,0.52
2021-03-28 07:00:00,212.62,244.15,28.72,66.93,1.15
2021-03-28 08:00:00,427.65,492.0,31.27,55.34,2.38
2021-03-28 09:00:00,668.3,721.05,33.2,46.2,3.25
2021-03-28 10:00:00,715.25,896.88,35.08,36.43,3.88
2021-03-28 11:00:00,880.17,991.22,36.67,27.79,4.34
2021-03-28 12:00:00,840.83,899.58,37.89,21.11,4.56
2021-03-28 13:00:00,807.53,828.2,38.44,16.87,4.46
2021-03-28 14:00:00,641.08,673.25,38.39,14.69,4.21
2021-03-28 15:00:00,433.0,464.88,37.82,13.77,3.9
2021-03-28 16:00:00,201.82,241.77,36.64,14.3,3.36
2021-03-28 17:00:00,51.33,67.82,33.25,26.0,1.53
2021-03-28 18:00:00,0.0,0.0,30.48,32.85,1.34
2021-03-28 19:00:00,0.0,0.0,29.54,35.05,1.3
2021-03-28 20:00:00,0.0,0.0,28.7,37.74,1.27
2021-03-28 21:00:00,0.0,0.0,27.86,40.87,1.23
2021-03-28 22:00:00,0.0,0.0,27.02,44.31,1.21
2021-03-28 23:00:00,0.0,0.0,26.24,47.9,1.16
2021-03-29 00:00:00,0.0,0.0,25.48,51.19,1.1
2021-03-29 01:00:00,0.0,0.0,24.75,53.24,1.12
2021-03-29 02:00:00,0.0,0.0,24.03,53.74,1.27
2021-03-29 03:00:00,0.0,0.0,23.31,53.0,1.52
2021-03-29 04:00:00,0.0,0.0,22.53,52.46,1.66
2021-03-29 05:00:00,0.0,0.0,21.75,52.93,1.57
2021-03-29 06:00:00,32.72,33.62,22.05,49.33,2.14
2021-03-29 07:00:00,172.27,176.85,23.61,42.73,2.49
2021-03-29 08:00:00,358.38,364.8,26.82,32.71,2.24
2021-03-29 09:00:00,541.33,571.45,31.28,20.18,3.73
2021-03-29 10:00:00,687.6,737.65,35.02,14.41,4.96
2021-03-29 11:00:00,789.8,826.55,36.93,13.01,4.72
2021-03-29 12:00:00,633.62,667.95,38.23,12.27,4.29
2021-03-29 13:00:00,588.62,603.4,38.89,12.13,3.92
2021-03-29 14:00:00,416.8,479.58,38.96,12.57,3.64
2021-03-29 15:00:00,254.65,311.73,38.07,13.72,3.25
2021-03-29 16:00:00,119.45,161.62,36.86,15.89,2.5
2021-03-29 17:00:00,31.77,45.22,33.65,29.81,1.02
2021-03-29 18:00:00,0.0,0.0,31.77,32.72,1.04
2021-03-29 19:00:00,0.0,0.0,31.23,33.29,0.97
2021-03-29 20:00:00,0.0,0.0,30.43,35.24,0.96
2021-03-29 21:00:00,0.0,0.0,29.12,39.12,1.0
2021-03-29 22:00:00,0.0,0.0,27.86,42.68,1.08
2021-03-29 23:00:00,0.0,0.0,26.94,46.41,1.15
2021-03-30 00:00:00,0.0,0.0,26.2,50.85,1.12
2021-03-30 01:00:00,0.0,0.0,25.59,55.37,1.0
2021-03-30 02:00:00,0.0,0.0,25.08,59.37,0.85
2021-03-30 03:00:00,0.0,0.0,24.65,62.99,0.75
2021-03-30 04:00:00,0.0,0.0,24.3,66.25,0.69
2021-03-30 05:00:00,0.0,0.0,23.91,69.66,0.67
2021-03-30 06:00:00,28.8,30.88,24.34,69.57,0.95
2021-03-30 07:00:00,129.62,153.85,25.97,63.83,1.51
2021-03-30 08:00:00,283.65,348.17,29.71,46.93,1.66
2021-03-30 09:00:00,466.38,546.5,33.27,33.26,1.21
2021-03-30 10:00:00,697.47,707.55,36.03,25.06,1.51
2021-03-30 11:00:00,705.53,799.75,37.95,20.97,2.06
2021-03-30 12:00:00,533.95,637.25,39.15,18.99,2.43
2021-03-30 13:00:00,515.15,569.03,39.74,18.07,2.65
2021-03-30 14:00:00,388.02,446.9,39.76,17.8,2.75
2021-03-30 15:00:00,241.73,293.88,39.24,18.02,2.77
2021-03-30 16:00:00,127.97,148.4,38.22,18.83,2.64
2021-03-30 17:00:00,38.15,42.1,35.43,27.77,1.26
2021-03-30 18:00:00,0.0,0.0,32.65,33.01,1.17
2021-03-30 19:00:00,0.0,0.0,31.68,33.46,1.21
2021-03-30 20:00:00,0.0,0.0,30.84,34.25,1.19
2021-03-30 21:00:00,0.0,0.0,30.1,35.23,1.1
2021-03-30 22:00:00,0.0,0.0,29.53,36.22,1.03
2021-03-30 23:00:00,0.0,0.0,29.02,37.01,0.99
2021-03-31 00:00:00,0.0,0.0,28.25,38.23,1.0
2021-03-31 01:00:00,0.0,0.0,27.16,40.33,1.06
2021-03-31 02:00:00,0.0,0.0,26.08,43.01,1.19
2021-03-31 03:00:00,0.0,0.0,25.26,46.23,1.25
2021-03-31 04:00:00,0.0,0.0,24.6,50.44,1.17
2021-03-31 05:00:00,0.0,0.0,24.09,55.49,1.06
2021-03-31 06:00:00,24.95,27.35,24.81,57.5,1.41
2021-03-31 07:00:00,116.82,132.5,26.88,53.83,2.41
2021-03-31 08:00:00,241.65,289.95,30.36,42.27,2.81
2021-03-31 09:00:00,402.48,462.02,34.08,29.25,3.68
2021-03-31 10:00:00,608.42,612.9,36.71,21.77,4.37
2021-03-31 11:00:00,585.58,687.38,38.47,17.73,4.62
2021-03-31 12:00:00,596.97,657.83,39.17,15.76,4.53
2021-03-31 13:00:00,586.3,592.53,39.63,14.68,4.31
2021-03-31 14:00:00,420.08,465.02,39.62,14.33,4.05
2021-03-31 15:00:00,267.7,306.85,39.01,14.59,3.69
2021-03-31 16:00:00,142.1,154.0,37.92,15.78,2.94
2021-03-31 17:00:00,44.97,44.8,34.63,25.52,1.22
2021-03-31 18:00:00,0.0,0.0,32.16,30.35,1.15
2021-03-31 19:00:00,0.0,0.0,31.29,32.46,1.1
2021-03-31 20:00:00,0.0,0.0,30.59,35.25,1.04
2021-03-31 21:00:00,0.0,0.0,29.78,39.2,1.0
2021-03-31 22:00:00,0.0,0.0,28.75,44.68,0.98
2021-03-31 23:00:00,0.0,0.0,27.8,50.66,1.04
2021-04-01 00:00:00,0.0,0.0,27.13,57.2,1.24
2021-04-01 01:00:00,0.0,0.0,26.55,64.93,1.51
2021-04-01 02:00:00,0.0,0.0,26.04,72.41,1.7
2021-04-01 03:00:00,0.0,0.0,25.55,79.22,1.6
2021-04-01 04:00:00,0.0,0.0,25.12,85.12,1.36
2021-04-01 05:00:00,0.0,0.0,24.79,89.72,1.15
2021-04-01 06:00:00,25.3,28.75,25.24,89.35,1.8
2021-04-01 07:00:00,125.05,136.23,27.22,77.74,2.22
2021-04-01 08:00:00,294.55,297.85,30.15,60.7,2.54
2021-04-01 09:00:00,471.2,471.52,32.86,47.85,2.87
2021-04-01 10:00:00,611.92,612.7,35.19,38.32,3.15
2021-04-01 11:00:00,623.78,657.45,37.04,31.48,3.29
2021-04-01 12:00:00,739.83,799.28,38.38,26.8,3.31
2021-04-01 13:00:00,680.22,720.53,39.07,23.78,3.21
2021-04-01 14:00:00,596.92,599.97,39.22,21.76,3.12
2021-04-01 15:00:00,385.42,389.17,38.84,20.39,3.07
2021-04-01 16:00:00,191.5,207.02,37.93,19.54,2.96
2021-04-01 17:00:00,49.62,56.97,35.27,25.17,1.42
2021-04-01 18:00:00,0.0,0.0,32.26,30.69,1.13
2021-04-01 19:00:00,0.0,0.0,31.39,31.34,1.1
2021-04-01 20:00:00,0.0,0.0,30.98,31.9,0.99
2021-04-01 21:00:00,0.0,0.0,30.61,33.28,0.83
2021-04-01 22:00:00,0.0,0.0,30.09,35.96,0.78
2021-04-01 23:00:00,0.0,0.0,29.04,41.48,0.8
2021-04-02 00:00:00,0.0,0.0,27.78,47.35,0.83
2021-04-02 01:00:00,0.0,0.0,26.33,53.0,0.86
2021-04-02 02:00:00,0.0,0.0,24.97,56.65,0.9
2021-04-02 03:00:00,0.0,0.0,23.99,57.08,0.94
2021-04-02 04:00:00,0.0,0.0,23.26,56.3,0.98
2021-04-02 05:00:00,0.0,0.0,22.71,56.3,0.95
2021-04-02 06:00:00,37.83,37.92,23.54,54.55,1.23
2021-04-02 07:00:00,211.95,212.68,26.01,50.19,1.98
2021-04-02 08:00:00,379.12,379.23,30.03,44.47,2.31
2021-04-02 09:00:00,574.08,575.6,33.34,38.85,2.71
2021-04-02 10:00:00,726.92,728.8,35.79,33.07,2.87
2021-04-02 11:00:00,818.78,825.17,37.67,28.13,3.14
2021-04-02 12:00:00,923.17,934.95,38.31,25.49,3.32
2021-04-02 13:00:00,841.03,867.03,38.79,23.42,3.39
2021-04-02 14:00:00,709.88,718.45,38.9,21.8,3.36
2021-04-02 15:00:00,499.75,500.12,38.94,20.1,3.27
2021-04-02 16:00:00,249.07,271.5,38.1,19.38,3.01
2021-04-02 17:00:00,67.18,76.32,35.35,25.33,1.37
2021-04-02 18:00:00,0.0,0.0,32.48,29.91,1.11
2021-04-02 19:00:00,0.0,0.0,31.97,29.57,1.04
2021-04-02 20:00:00,0.0,0.0,31.39,30.93,0.96
2021-04-02 21:00:00,0.0,0.0,29.88,36.65,1.08
2021-04-02 22:00:00,0.0,0.0,28.11,45.52,1.15
2021-04-02 23:00:00,0.0,0.0,27.0,55.12,1.14
2021-04-03 00:00:00,0.0,0.0,26.21,64.79,1.12
2021-04-03 01:00:00,0.0,0.0,25.61,72.18,1.04
2021-04-03 02:00:00,0.0,0.0,25.12,77.28,0.91
2021-04-03 03:00:00,0.0,0.0,24.79,80.83,0.8
2021-04-03 04:00:00,0.0,0.0,24.69,82.91,0.72
2021-04-03 05:00:00,0.0,0.0,24.57,84.64,0.62
2021-04-03 06:00:00,48.8,48.88,25.19,82.36,0.86
2021-04-03 07:00:00,229.05,232.12,27.99,67.99,1.62
2021-04-03 08:00:00,460.8,470.23,31.38,52.86,1.82
2021-04-03 09:00:00,684.28,687.08,33.99,42.56,1.37
2021-04-03 10:00:00,842.8,857.6,36.19,33.67,0.79
2021-04-03 11:00:00,899.47,947.8,38.11,26.55,1.08
2021-04-03 12:00:00,962.7,963.83,39.56,22.48,1.7
2021-04-03 13:00:00,875.3,880.92,40.21,20.57,2.16
2021-04-03 14:00:00,702.6,727.75,40.26,19.78,2.44
2021-04-03 15:00:00,496.02,503.3,39.65,20.08,2.56
2021-04-03 16:00:00,253.32,264.3,38.62,21.38,2.63
2021-04-03 17:00:00,71.43,72.32,36.73,25.5,1.96
2021-04-03 18:00:00,0.0,0.0,34.01,33.1,1.58
2021-04-03 19:00:00,0.0,0.0,33.61,35.39,2.71
2021-04-03 20:00:00,0.0,0.0,32.65,41.84,3.75
2021-04-03 21:00:00,0.0,0.0,31.47,50.2,4.01
2021-04-03 22:00:00,0.0,0.0,30.52,56.87,3.78
2021-04-03 23:00:00,0.0,0.0,29.73,60.76,3.2
2021-04-04 00:00:00,0.0,0.0,29.04,63.29,2.66
2021-04-04 01:00:00,0.0,0.0,28.43,65.56,2.22
2021-04-04 02:00:00,0.0,0.0,27.85,67.82,1.89
2021-04-04 03:00:00,0.0,0.0,27.29,70.28,1.68
2021-04-04 04:00:00,0.0,0.0,26.76,73.11,1.39
2021-04-04 05:00:00,0.0,0.0,26.3,75.81,1.13
2021-04-04 06:00:00,41.28,43.28,26.93,73.77,1.8
2021-04-04 07:00:00,203.73,211.65,29.6,61.17,2.16
2021-04-04 08:00:00,400.42,421.95,32.59,47.88,1.72
2021-04-04 09:00:00,625.1,632.0,34.86,39.48,1.15
2021-04-04 10:00:00,789.2,793.55,36.9,33.29,1.18
2021-04-04 11:00:00,883.08,885.88,38.6,28.74,1.58
2021-04-04 12:00:00,938.08,941.03,39.92,25.53,1.84
2021-04-04 13:00:00,818.62,859.9,40.56,23.63,1.97
2021-04-04 14:00:00,690.9,711.75,40.68,22.72,2.12
2021-04-04 15:00:00,491.23,495.0,40.26,22.65,2.2
2021-04-04 16:00:00,241.4,269.33,39.35,23.31,2.29
2021-04-04 17:00:00,61.62,73.78,37.79,25.99,1.87
2021-04-04 18:00:00,0.0,0.0,35.35,32.73,1.39
2021-04-04 19:00:00,0.0,0.0,34.45,34.49,2.32
2021-04-04 20:00:00,0.0,0.0,33.48,38.8,3.44
2021-04-04 21:00:00,0.0,0.0,32.16,45.64,3.75
2021-04-04 22:00:00,0.0,0.0,31.12,52.1,3.65
2021-04-04 23:00:00,0.0,0.0,30.49,56.58,3.29
2021-04-05 00:00:00,0.0,0.0,30.07,59.02,2.83
2021-04-05 01:00:00,0.0,0.0,29.73,60.4,2.42
2021-04-05 02:00:00,0.0,0.0,29.4,61.62,2.23
2021-04-05 03:00:00,0.0,0.0,29.02,63.13,2.03
2021-04-05 04:00:00,0.0,0.0,28.54,65.18,1.7
2021-04-05 05:00:00,0.0,0.0,28.17,67.04,1.59
2021-04-05 06:00:00,44.33,45.4,28.54,66.07,2.37
2021-04-05 07:00:00,211.23,217.8,30.41,57.93,3.08
2021-04-05 08:00:00,409.88,429.67,32.67,48.26,3.15
2021-04-05 09:00:00,616.72,641.4,34.78,40.73,2.9
2021-04-05 10:00:00,791.38,800.95,36.62,35.42,2.59
2021-04-05 11:00:00,833.67,893.1,38.3,31.05,2.35
2021-04-05 12:00:00,926.38,928.35,39.47,27.81,2.38
2021-04-05 13:00:00,845.1,847.35,40.06,25.65,2.54
2021-04-05 14:00:00,687.95,701.22,40.15,24.45,2.72
2021-04-05 15:00:00,480.48,482.23,39.71,24.22,2.81
2021-04-05 16:00:00,260.52,272.7,38.8,24.91,2.9
2021-04-05 17:00:00,65.57,72.7,37.28,27.27,2.73
2021-04-05 18:00:00,0.0,0.0,35.17,32.38,2.7
2021-04-05 19:00:00,0.0,0.0,34.02,36.78,3.96
2021-04-05 20:00:00,0.0,0.0,32.59,44.25,4.44
2021-04-05 21:00:00,0.0,0.0,31.37,52.32,4.3
2021-04-05 22:00:00,0.0,0.0,30.49,58.82,3.93
2021-04-05 23:00:00,0.0,0.0,29.9,63.18,3.64
2021-04-06 00:00:00,0.0,0.0,29.41,66.2,3.27
2021-04-06 01:00:00,0.0,0.0,28.95,68.41,2.85
2021-04-06 02:00:00,0.0,0.0,28.46,70.63,2.33
2021-04-06 03:00:00,0.0,0.0,27.96,72.84,1.88
2021-04-06 04:00:00,0.0,0.0,27.5,75.02,1.53
2021-04-06 05:00:00,0.0,0.0,27.07,77.29,1.28
2021-04-06 06:00:00,41.42,49.67,27.52,75.56,2.04
2021-04-06 07:00:00,202.88,228.1,29.47,65.45,3.01
2021-04-06 08:00:00,450.42,451.3,31.55,55.89,3.07
2021-04-06 09:00:00,673.6,675.5,33.65,47.62,2.61
2021-04-06 10:00:00,834.9,836.88,35.51,40.55,1.91
2021-04-06 11:00:00,922.22,922.38,37.08,35.06,1.13
2021-04-06 12:00:00,966.8,969.12,38.46,30.26,0.18
2021-04-06 13:00:00,888.0,890.9,39.59,26.32,0.8
2021-04-06 14:00:00,725.85,737.85,40.17,24.27,1.29
2021-04-06 15:00:00,434.35,526.33,40.04,23.67,1.58
2021-04-06 16:00:00,234.98,285.6,39.31,24.1,1.76
2021-04-06 17:00:00,67.55,79.1,37.71,28.25,1.19
2021-04-06 18:00:00,0.0,0.0,35.28,35.14,0.88
2021-04-06 19:00:00,0.0,0.0,34.29,36.76,1.09
2021-04-06 20:00:00,0.0,0.0,33.46,39.07,1.6
2021-04-06 21:00:00,0.0,0.0,32.61,43.71,2.64
2021-04-06 22:00:00,0.0,0.0,31.66,50.66,3.49
2021-04-06 23:00:00,0.0,0.0,30.58,58.1,3.73
2021-04-07 00:00:00,0.0,0.0,29.77,63.26,3.74
2021-04-07 01:00:00,0.0,0.0,29.22,66.23,3.54
2021-04-07 02:00:00,0.0,0.0,28.83,68.11,3.23
2021-04-07 03:00:00,0.0,0.0,28.58,69.31,3.02
2021-04-07 04:00:00,0.0,0.0,28.32,70.56,2.9
2021-04-07 05:00:00,0.0,0.0,28.0,72.19,2.84
2021-04-07 06:00:00,52.42,55.12,28.3,70.96,3.36
2021-04-07 07:00:00,240.5,251.55,30.1,62.72,4.04
2021-04-07 08:00:00,484.12,490.7,32.3,53.82,4.15
2021-04-07 09:00:00,700.7,706.25,34.2,47.2,3.65
2021-04-07 10:00:00,811.65,867.38,35.84,41.97,2.85
2021-04-07 11:00:00,946.38,957.4,37.3,37.15,2.04
2021-04-07 12:00:00,964.22,980.17,38.46,32.99,1.69
2021-04-07 13:00:00,886.03,902.58,39.3,29.81,2.0
2021-04-07 14:00:00,725.38,749.15,39.67,27.91,2.47
2021-04-07 15:00:00,496.9,525.7,39.52,27.28,2.74
2021-04-07 16:00:00,264.58,285.2,38.75,28.19,2.77
2021-04-07 17:00:00,77.35,78.93,37.01,33.08,1.86
2021-04-07 18:00:00,0.0,0.0,34.57,42.37,1.18
2021-04-07 19:00:00,0.0,0.0,33.74,44.85,1.29
2021-04-07 20:00:00,0.0,0.0,32.97,47.47,1.39
2021-04-07 21:00:00,0.0,0.0,32.33,49.66,1.76
2021-04-07 22:00:00,0.0,0.0,31.64,52.86,2.32
2021-04-07 23:00:00,0.0,0.0,30.96,56.74,2.72
2021-04-08 00:00:00,0.0,0.0,30.41,59.92,2.98
2021-04-08 01:00:00,0.0,0.0,30.04,62.02,3.08
2021-04-08 02:00:00,0.0,0.0,29.73,63.71,3.03
2021-04-08 03:00:00,0.0,0.0,29.31,65.99,2.85
2021-04-08 04:00:00,0.0,0.0,28.88,68.27,2.61
2021-04-08 05:00:00,0.0,0.0,28.43,70.68,2.33
2021-04-08 06:00:00,57.3,60.03,28.52,70.53,2.63
2021-04-08 07:00:00,257.27,269.95,30.07,62.82,3.06
2021-04-08 08:00:00,506.0,515.2,32.3,52.36,3.01
2021-04-08 09:00:00,721.53,732.5,33.98,46.03,2.63
2021-04-08 10:00:00,880.92,892.7,35.21,42.04,2.17
2021-04-08 11:00:00,956.1,978.15,36.29,38.35,1.66
2021-04-08 12:00:00,819.58,939.65,37.08,35.13,1.2
2021-04-08 13:00:00,821.9,861.8,37.5,32.7,0.99
2021-04-08 14:00:00,644.25,709.1,37.51,31.35,1.13
2021-04-08 15:00:00,388.05,498.75,37.16,31.17,1.37
2021-04-08 16:00:00,197.98,263.85,36.58,32.05,1.41
2021-04-08 17:00:00,67.62,72.25,35.07,39.37,0.86
2021-04-08 18:00:00,0.0,0.0,33.12,44.25,1.11
2021-04-08 19:00:00,0.0,0.0,32.49,45.3,1.8
2021-04-08 20:00:00,0.0,0.0,31.95,48.37,2.59
2021-04-08 21:00:00,0.0,0.0,31.31,52.79,3.15
2021-04-08 22:00:00,0.0,0.0,30.64,57.4,3.43
2021-04-08 23:00:00,0.0,0.0,30.05,61.54,3.52
2021-04-09 00:00:00,0.0,0.0,29.58,64.9,3.48
2021-04-09 01:00:00,0.0,0.0,29.18,67.68,3.46
2021-04-09 02:00:00,0.0,0.0,28.76,70.34,3.32
2021-04-09 03:00:00,0.0,0.0,28.24,73.47,2.93
2021-04-09 04:00:00,0.0,0.0,27.85,76.01,2.82
2021-04-09 05:00:00,0.0,0.0,27.51,78.26,2.8
2021-04-09 06:00:00,51.17,56.65,27.73,77.87,3.39
2021-04-09 07:00:00,234.62,251.4,29.19,70.9,4.47
2021-04-09 08:00:00,485.1,485.58,30.75,63.18,4.85
2021-04-09 09:00:00,699.08,703.72,31.82,58.3,4.67
2021-04-09 10:00:00,824.75,866.65,32.76,54.51,4.37
2021-04-09 11:00:00,901.7,948.08,33.41,51.73,4.01
2021-04-09 12:00:00,887.22,935.75,33.6,50.28,3.68
2021-04-09 13:00:00,789.47,861.2,33.47,49.94,3.46
2021-04-09 14:00:00,578.17,702.72,33.23,50.13,3.35
2021-04-09 15:00:00,429.95,494.3,32.9,50.68,3.26
2021-04-09 16:00:00,216.93,263.17,32.45,51.63,3.07
2021-04-09 17:00:00,62.5,72.88,31.56,55.09,2.19
2021-04-09 18:00:00,0.0,0.0,30.11,61.77,1.31
2021-04-09 19:00:00,0.0,0.0,29.57,64.16,1.36
2021-04-09 20:00:00,0.0,0.0,29.13,66.4,1.51
2021-04-09 21:00:00,0.0,0.0,28.7,69.0,1.85
2021-04-09 22:00:00,0.0,0.0,28.27,72.11,2.32
2021-04-09 23:00:00,0.0,0.0,27.75,75.84,2.61
2021-04-10 00:00:00,0.0,0.0,27.14,80.0,2.68
2021-04-10 01:00:00,0.0,0.0,26.62,83.48,2.67
2021-04-10 02:00:00,0.0,0.0,26.18,86.4,2.57
2021-04-10 03:00:00,0.0,0.0,25.8,88.95,2.38
2021-04-10 04:00:00,0.0,0.0,25.41,91.43,2.02
2021-04-10 05:00:00,0.0,0.0,25.02,93.91,1.54
2021-04-10 06:00:00,59.8,59.78,25.54,91.08,2.02
2021-04-10 07:00:00,257.73,261.52,27.55,79.85,3.01
2021-04-10 08:00:00,497.48,498.15,29.74,68.14,3.21
2021-04-10 09:00:00,692.85,716.15,31.55,59.78,2.9
2021-04-10 10:00:00,839.05,873.83,33.21,52.77,2.51
2021-04-10 11:00:00,873.17,960.8,34.44,47.2,2.08
2021-04-10 12:00:00,891.88,990.9,35.66,42.55,1.64
2021-04-10 13:00:00,756.33,922.47,36.41,39.68,1.17
2021-04-10 14:00:00,595.58,776.47,36.65,38.32,1.09
2021-04-10 15:00:00,512.0,572.3,36.66,37.45,1.54
2021-04-10 16:00:00,277.42,328.42,36.11,37.8,2.21
2021-04-10 17:00:00,75.6,94.93,34.54,42.58,2.4
2021-04-10 18:00:00,0.0,0.0,32.21,50.74,2.67
2021-04-10 19:00:00,0.0,0.0,31.35,53.19,3.72
2021-04-10 20:00:00,0.0,0.0,30.42,57.02,3.91
2021-04-10 21:00:00,0.0,0.0,29.66,60.61,3.93
2021-04-10 22:00:00,0.0,0.0,28.97,64.21,3.89
2021-04-10 23:00:00,0.0,0.0,28.37,67.63,3.89
2021-04-11 00:00:00,0.0,0.0,27.82,71.04,3.88
2021-04-11 01:00:00,0.0,0.0,27.32,74.22,3.85
2021-04-11 02:00:00,0.0,0.0,26.92,76.71,3.78
2021-04-11 03:00:00,0.0,0.0,26.52,79.04,3.57
2021-04-11 04:00:00,0.0,0.0,26.19,81.1,3.31
2021-04-11 05:00:00,0.0,0.0,25.93,82.59,3.16
2021-04-11 06:00:00,59.33,68.82,26.37,80.31,3.63
2021-04-11 07:00:00,245.23,290.65,28.45,69.42,4.7
2021-04-11 08:00:00,470.65,536.28,30.48,59.92,5.06
2021-04-11 09:00:00,644.7,750.78,31.91,53.85,4.74
2021-04-11 10:00:00,874.47,908.33,33.48,48.08,4.24
2021-04-11 11:00:00,913.58,993.92,34.8,43.44,3.67
2021-04-11 12:00:00,971.17,1008.92,35.68,40.25,3.07
2021-04-11 13:00:00,876.4,932.22,36.24,38.09,2.51
2021-04-11 14:00:00,682.33,784.03,36.43,36.85,2.09
2021-04-11 15:00:00,428.8,574.58,36.16,36.84,2.04
2021-04-11 16:00:00,232.32,328.48,35.52,37.95,2.36
2021-04-11 17:00:00,75.5,94.03,34.22,41.74,2.52
2021-04-11 18:00:00,0.0,0.0,32.13,49.12,2.99
2021-04-11 19:00:00,0.0,0.0,30.85,54.91,4.47
2021-04-11 20:00:00,0.0,0.0,29.32,63.02,5.13
2021-04-11 21:00:00,0.0,0.0,28.13,69.21,5.09
2021-04-11 22:00:00,0.0,0.0,27.28,73.23,4.67
2021-04-11 23:00:00,0.0,0.0,26.7,75.98,4.28
2021-04-12 00:00:00,0.0,0.0,26.25,78.25,4.1
2021-04-12 01:00:00,0.0,0.0,25.96,79.88,4.09
2021-04-12 02:00:00,0.0,0.0,25.86,80.88,4.01
2021-04-12 03:00:00,0.0,0.0,25.81,82.28,3.81
2021-04-12 04:00:00,0.0,0.0,25.79,83.56,3.63
2021-04-12 05:00:00,0.0,0.0,25.72,84.75,3.4
2021-04-12 06:00:00,56.8,69.85,26.21,82.35,3.77
2021-04-12 07:00:00,237.9,290.12,28.32,68.01,5.06
2021-04-12 08:00:00,460.1,534.53,31.0,51.84,5.56
2021-04-12 09:00:00,622.2,748.33,33.4,42.65,5.14
2021-04-12 10:00:00,787.0,904.9,35.33,37.26,4.47
2021-04-12 11:00:00,883.2,989.17,36.81,33.75,3.81
2021-04-12 12:00:00,991.38,1002.7,38.05,31.14,3.26
2021-04-12 13:00:00,925.33,926.83,38.84,29.24,2.78
2021-04-12 14:00:00,776.92,778.9,39.13,28.05,2.46
2021-04-12 15:00:00,567.42,570.67,38.89,27.65,2.41
2021-04-12 16:00:00,285.15,327.1,38.07,28.28,2.62
2021-04-12 17:00:00,69.5,94.53,36.38,31.82,2.37
2021-04-12 18:00:00,0.0,0.0,33.61,40.37,2.12
2021-04-12 19:00:00,0.0,0.0,32.49,43.67,3.12
2021-04-12 20:00:00,0.0,0.0,31.21,49.54,3.56
2021-04-12 21:00:00,0.0,0.0,30.13,55.22,3.64
2021-04-12 22:00:00,0.0,0.0,29.44,58.95,3.49
2021-04-12 23:00:00,0.0,0.0,28.84,62.0,3.12
2021-04-13 00:00:00,0.0,0.0,28.32,64.64,2.9
2021-04-13 01:00:00,0.0,0.0,27.83,67.26,2.76
2021-04-13 02:00:00,0.0,0.0,27.41,69.76,2.74
2021-04-13 03:00:00,0.0,0.0,27.06,72.12,2.8
2021-04-13 04:00:00,0.0,0.0,26.77,74.37,2.84
2021-04-13 05:00:00,0.0,0.0,26.52,76.23,2.72
2021-04-13 06:00:00,65.97,70.12,27.09,73.73,3.05
2021-04-13 07:00:00,271.5,287.35,29.63,59.75,3.76
2021-04-13 08:00:00,512.9,528.33,32.42,47.66,3.54
2021-04-13 09:00:00,735.97,736.53,34.6,40.67,2.91
2021-04-13 10:00:00,888.3,892.1,36.55,35.55,2.49
2021-04-13 11:00:00,970.88,973.9,38.19,31.58,2.41
2021-04-13 12:00:00,967.6,967.97,39.37,28.68,2.53
2021-04-13 13:00:00,867.12,893.62,40.07,26.79,2.73
2021-04-13 14:00:00,683.17,744.17,40.18,25.99,2.92
2021-04-13 15:00:00,438.02,536.38,39.7,26.2,3.02
2021-04-13 16:00:00,223.27,296.2,38.73,27.39,3.14
2021-04-13 17:00:00,60.5,81.97,37.11,30.48,2.93
2021-04-13 18:00:00,0.0,0.0,34.65,37.14,2.66
2021-04-13 19:00:00,0.0,0.0,33.4,41.2,3.62
2021-04-13 20:00:00,0.0,0.0,32.14,46.42,3.81
2021-04-13 21:00:00,0.0,0.0,31.24,50.68,3.79
2021-04-13 22:00:00,0.0,0.0,30.67,53.57,3.73
2021-04-13 23:00:00,0.0,0.0,30.24,55.69,3.81
2021-04-14 00:00:00,0.0,0.0,29.78,58.0,3.85
2021-04-14 01:00:00,0.0,0.0,29.22,61.09,3.9
2021-04-14 02:00:00,0.0,0.0,28.66,64.59,3.88
2021-04-14 03:00:00,0.0,0.0,28.08,68.78,3.59
2021-04-14 04:00:00,0.0,0.0,27.56,72.71,3.24
2021-04-14 05:00:00,0.0,0.0,27.19,75.65,3.02
2021-04-14 06:00:00,59.25,69.57,27.33,75.78,3.42
2021-04-14 07:00:00,229.95,285.3,28.64,67.76,4.64
2021-04-14 08:00:00,439.92,527.35,30.41,57.63,5.03
2021-04-14 09:00:00,637.5,739.53,31.87,51.25,4.87
2021-04-14 10:00:00,833.97,895.35,33.08,47.02,4.54
2021-04-14 11:00:00,879.78,977.62,33.89,44.22,4.2
2021-04-14 12:00:00,885.25,961.88,34.36,42.58,3.84
2021-04-14 13:00:00,815.55,881.7,34.43,41.94,3.51
2021-04-14 14:00:00,668.92,728.15,34.3,41.86,3.43
2021-04-14 15:00:00,457.27,517.78,33.99,42.18,3.5
2021-04-14 16:00:00,250.2,280.25,33.42,43.15,3.63
2021-04-14 17:00:00,69.82,75.7,32.46,45.71,3.62
2021-04-14 18:00:00,0.0,0.0,31.15,50.02,3.32
2021-04-14 19:00:00,0.0,0.0,30.45,52.93,3.71
2021-04-14 20:00:00,0.0,0.0,29.86,55.8,3.76
2021-04-14 21:00:00,0.0,0.0,29.33,58.61,3.61
2021-04-14 22:00:00,0.0,0.0,28.84,61.22,3.52
2021-04-14 23:00:00,0.0,0.0,28.38,63.54,3.56
2021-04-15 00:00:00,0.0,0.0,27.9,65.88,3.43
2021-04-15 01:00:00,0.0,0.0,27.42,68.12,3.2
2021-04-15 02:00:00,0.0,0.0,27.0,70.04,3.04
2021-04-15 03:00:00,0.0,0.0,26.59,71.95,2.82
2021-04-15 04:00:00,0.0,0.0,26.22,73.84,2.52
2021-04-15 05:00:00,0.0,0.0,25.88,75.62,2.17
2021-04-15 06:00:00,55.9,68.72,26.4,73.29,2.65
2021-04-15 07:00:00,228.23,283.6,29.09,58.64,3.67
2021-04-15 08:00:00,461.2,527.95,32.12,46.88,3.73
2021-04-15 09:00:00,710.22,741.3,34.29,41.04,3.17
2021-04-15 10:00:00,870.7,894.75,36.08,36.52,2.52
2021-04-15 11:00:00,965.72,977.17,37.74,32.46,2.02
2021-04-15 12:00:00,977.17,977.3,38.86,29.52,1.75
2021-04-15 13:00:00,866.58,900.28,39.57,27.45,1.73
2021-04-15 14:00:00,695.67,749.62,39.75,26.43,1.97
2021-04-15 15:00:00,476.33,541.67,39.34,26.45,2.35
2021-04-15 16:00:00,256.12,302.2,38.29,27.8,2.74
2021-04-15 17:00:00,74.75,85.03,36.73,31.0,2.67
2021-04-15 18:00:00,0.0,0.0,34.58,37.85,2.16
2021-04-15 19:00:00,0.0,0.0,33.5,41.74,2.74
2021-04-15 20:00:00,0.0,0.0,32.4,46.55,2.89
2021-04-15 21:00:00,0.0,0.0,31.4,51.4,2.73
2021-04-15 22:00:00,0.0,0.0,30.59,55.47,2.44
2021-04-15 23:00:00,0.0,0.0,29.84,58.96,2.08
2021-04-16 00:00:00,0.0,0.0,29.19,61.86,2.04
2021-04-16 01:00:00,0.0,0.0,28.8,63.78,2.4
2021-04-16 02:00:00,0.0,0.0,28.41,65.81,2.6
2021-04-16 03:00:00,0.0,0.0,28.02,67.97,2.71
2021-04-16 04:00:00,0.0,0.0,27.64,70.2,2.8
2021-04-16 05:00:00,0.0,0.0,27.33,72.21,2.87
2021-04-16 06:00:00,74.03,74.93,27.77,70.72,3.34
2021-04-16 07:00:00,283.73,294.27,30.38,58.0,4.06
2021-04-16 08:00:00,519.65,535.55,33.11,47.48,4.17
2021-04-16 09:00:00,735.8,745.12,35.08,41.47,3.66
2021-04-16 10:00:00,897.03,898.97,36.6,37.11,3.07
2021-04-16 11:00:00,955.28,980.5,37.5,34.43,2.82
2021-04-16 12:00:00,915.12,973.92,37.96,33.03,2.97
2021-04-16 13:00:00,871.72,897.1,38.07,32.59,3.27
2021-04-16 14:00:00,698.33,747.65,37.66,33.38,3.64
2021-04-16 15:00:00,451.42,540.83,36.72,35.5,4.05
2021-04-16 16:00:00,229.85,302.25,35.48,39.01,4.35
2021-04-16 17:00:00,66.55,85.28,33.95,44.37,4.4
2021-04-16 18:00:00,0.0,0.0,32.22,51.55,4.22
2021-04-16 19:00:00,0.0,0.0,31.06,57.49,4.25
2021-04-16 20:00:00,0.0,0.0,30.28,61.81,4.08
2021-04-16 21:00:00,0.0,0.0,29.73,64.8,4.08
2021-04-16 22:00:00,0.0,0.0,29.25,67.16,4.05
2021-04-16 23:00:00,0.0,0.0,28.78,69.39,3.86
2021-04-17 00:00:00,0.0,0.0,28.31,71.68,3.49
2021-04-17 01:00:00,0.0,0.0,27.91,73.64,3.08
2021-04-17 02:00:00,0.0,0.0,27.57,75.07,3.15
2021-04-17 03:00:00,0.0,0.0,27.27,76.28,3.39
2021-04-17 04:00:00,0.0,0.0,26.99,77.29,3.79
2021-04-17 05:00:00,0.0,0.0,26.75,77.97,3.97
2021-04-17 06:00:00,60.6,74.78,26.84,77.14,4.36
2021-04-17 07:00:00,224.25,290.4,27.89,70.64,5.24
2021-04-17 08:00:00,439.8,530.47,29.52,60.87,5.67
2021-04-17 09:00:00,661.65,739.95,31.02,53.62,5.58
2021-04-17 10:00:00,840.35,892.67,32.59,48.01,5.28
2021-04-17 11:00:00,953.78,971.72,34.32,42.96,4.79
2021-04-17 12:00:00,896.83,920.45,35.6,39.42,4.33
2021-04-17 13:00:00,835.35,846.47,36.16,37.46,3.82
2021-04-17 14:00:00,663.22,701.2,36.05,37.06,3.39
2021-04-17 15:00:00,474.8,500.23,34.99,39.25,3.14
2021-04-17 16:00:00,248.73,271.58,33.67,43.06,3.05
2021-04-17 17:00:00,71.22,75.3,32.14,48.68,2.68
2021-04-17 18:00:00,0.0,0.0,30.71,55.78,2.15
2021-04-17 19:00:00,0.0,0.0,29.61,61.53,2.29
2021-04-17 20:00:00,0.0,0.0,28.63,67.08,2.44
2021-04-17 21:00:00,0.0,0.0,27.78,72.54,2.58
2021-04-17 22:00:00,0.0,0.0,27.08,77.74,2.45
2021-04-17 23:00:00,0.0,0.0,26.51,82.89,2.15
2021-04-18 00:00:00,0.0,0.0,26.08,87.08,2.11
2021-04-18 01:00:00,0.0,0.0,25.69,90.29,2.3
2021-04-18 02:00:00,0.0,0.0,25.38,92.03,2.5
2021-04-18 03:00:00,0.0,0.0,25.02,92.76,2.68
2021-04-18 04:00:00,0.0,0.0,24.64,92.87,2.89
2021-04-18 05:00:00,0.0,0.0,24.29,92.88,2.9
2021-04-18 06:00:00,53.88,68.62,24.29,90.5,3.02
2021-04-18 07:00:00,197.82,269.58,25.5,81.79,3.31
2021-04-18 08:00:00,368.48,505.83,27.59,72.16,2.96
2021-04-18 09:00:00,555.75,715.53,29.86,63.11,1.99
2021-04-18 10:00:00,745.15,872.5,31.55,56.62,1.05
2021-04-18 11:00:00,790.58,951.53,32.73,52.05,1.31
2021-04-18 12:00:00,895.0,928.53,33.38,49.27,2.09
2021-04-18 13:00:00,789.83,849.83,33.5,48.12,2.84
2021-04-18 14:00:00,559.03,699.03,33.33,47.76,3.51
2021-04-18 15:00:00,353.17,493.88,32.65,49.14,3.83
2021-04-18 16:00:00,178.7,264.0,31.48,53.37,3.77
2021-04-18 17:00:00,56.15,72.2,29.56,63.53,3.13
2021-04-18 18:00:00,0.0,0.0,27.71,73.03,3.0
2021-04-18 19:00:00,0.0,0.0,26.72,78.8,3.22
2021-04-18 20:00:00,0.0,0.0,26.16,83.75,3.2
2021-04-18 21:00:00,0.0,0.0,25.9,86.66,3.17
2021-04-18 22:00:00,0.0,0.0,25.7,88.01,3.07
2021-04-18 23:00:00,0.0,0.0,25.48,88.56,2.83
2021-04-19 00:00:00,0.0,0.0,25.24,89.14,2.55
2021-04-19 01:00:00,0.0,0.0,25.04,90.28,2.3
2021-04-19 02:00:00,0.0,0.0,24.89,91.53,2.19
2021-04-19 03:00:00,0.0,0.0,24.77,92.62,2.21
2021-04-19 04:00:00,0.0,0.0,24.69,93.23,2.22
2021-04-19 05:00:00,0.0,0.0,24.62,93.35,2.22
2021-04-19 06:00:00,62.1,65.38,24.93,91.38,2.66
2021-04-19 07:00:00,216.3,246.7,26.42,82.29,3.28
2021-04-19 08:00:00,413.77,461.83,28.86,67.41,3.79
2021-04-19 09:00:00,595.72,671.28,31.65,51.82,3.57
2021-04-19 10:00:00,700.67,831.2,34.18,40.99,2.87
2021-04-19 11:00:00,858.7,925.53,36.12,35.13,2.2
2021-04-19 12:00:00,951.72,976.72,37.54,31.46,1.72
2021-04-19 13:00:00,875.22,907.58,38.36,29.09,1.41
2021-04-19 14:00:00,713.97,760.67,38.61,27.85,1.4
2021-04-19 15:00:00,524.35,555.45,38.33,27.64,1.61
2021-04-19 16:00:00,285.17,315.4,37.46,29.04,1.82
2021-04-19 17:00:00,83.15,91.65,35.19,39.99,1.38
2021-04-19 18:00:00,0.0,0.0,31.95,51.16,1.51
2021-04-19 19:00:00,0.0,0.0,30.99,48.42,2.63
2021-04-19 20:00:00,0.0,0.0,29.96,50.11,3.93
2021-04-19 21:00:00,0.0,0.0,28.79,55.62,4.32
2021-04-19 22:00:00,0.0,0.0,28.13,59.98,4.22
2021-04-19 23:00:00,0.0,0.0,27.58,64.34,3.67
2021-04-20 00:00:00,0.0,0.0,27.16,68.3,3.29
2021-04-20 01:00:00,0.0,0.0,26.82,72.25,2.93
2021-04-20 02:00:00,0.0,0.0,26.53,75.8,2.68
2021-04-20 03:00:00,0.0,0.0,26.32,78.64,2.51
2021-04-20 04:00:00,0.0,0.0,26.06,81.3,2.24
2021-04-20 05:00:00,0.0,0.0,25.77,83.81,1.87
2021-04-20 06:00:00,78.0,83.78,26.41,81.09,2.54
2021-04-20 07:00:00,281.0,307.08,28.29,71.55,3.61
2021-04-20 08:00:00,505.65,547.47,30.39,60.64,3.78
2021-04-20 09:00:00,718.42,754.28,32.25,51.93,3.25
2021-04-20 10:00:00,897.25,903.85,33.61,45.92,2.53
2021-04-20 11:00:00,979.62,981.67,34.38,42.42,1.91
2021-04-20 12:00:00,981.35,989.25,34.9,40.17,1.43
2021-04-20 13:00:00,769.88,911.92,35.38,38.42,1.09
2021-04-20 14:00:00,730.3,763.3,35.82,36.92,0.88
2021-04-20 15:00:00,525.22,557.53,36.04,35.93,0.72
2021-04-20 16:00:00,288.55,317.4,35.76,36.38,0.56
2021-04-20 17:00:00,85.0,91.18,34.47,44.62,0.57
2021-04-20 18:00:00,0.0,0.0,32.19,54.59,0.93
2021-04-20 19:00:00,0.0,0.0,30.72,55.83,1.51
2021-04-20 20:00:00,0.0,0.0,29.88,56.37,2.37
2021-04-20 21:00:00,0.0,0.0,28.97,59.48,3.02
2021-04-20 22:00:00,0.0,0.0,28.21,64.22,3.14
2021-04-20 23:00:00,0.0,0.0,27.7,68.36,2.9
2021-04-21 00:00:00,0.0,0.0,27.38,71.1,2.79
2021-04-21 01:00:00,0.0,0.0,27.13,73.11,2.89
2021-04-21 02:00:00,0.0,0.0,26.8,75.7,2.67
2021-04-21 03:00:00,0.0,0.0,26.51,78.13,2.63
2021-04-21 04:00:00,0.0,0.0,26.26,80.06,2.8
2021-04-21 05:00:00,0.0,0.0,26.06,81.48,2.86
2021-04-21 06:00:00,66.47,87.35,26.59,79.15,3.28
2021-04-21 07:00:00,241.05,315.0,28.58,69.02,4.22
2021-04-21 08:00:00,454.9,552.0,30.86,58.6,4.65
2021-04-21 09:00:00,668.42,757.2,32.57,51.96,4.38
2021-04-21 10:00:00,736.05,905.25,33.53,48.62,3.85
2021-04-21 11:00:00,821.95,981.1,34.03,46.85,3.35
2021-04-21 12:00:00,861.53,947.38,34.25,45.93,2.98
2021-04-21 13:00:00,761.33,866.83,34.15,45.91,2.64
2021-04-21 14:00:00,607.6,719.58,33.9,46.39,2.42
2021-04-21 15:00:00,390.25,516.45,33.57,47.27,2.33
2021-04-21 16:00:00,219.2,286.55,33.03,49.99,2.06
2021-04-21 17:00:00,64.15,79.57,31.62,60.87,1.3
2021-04-21 18:00:00,0.0,0.0,29.91,69.46,1.09
2021-04-21 19:00:00,0.0,0.0,29.33,69.54,1.28
2021-04-21 20:00:00,0.0,0.0,28.88,69.76,1.5
2021-04-21 21:00:00,0.0,0.0,28.4,71.13,1.7
2021-04-21 22:00:00,0.0,0.0,27.96,72.92,1.94
2021-04-21 23:00:00,0.0,0.0,27.58,74.71,2.25
2021-04-22 00:00:00,0.0,0.0,27.22,76.53,2.54
2021-04-22 01:00:00,0.0,0.0,26.92,78.1,2.74
2021-04-22 02:00:00,0.0,0.0,26.65,79.54,2.86
2021-04-22 03:00:00,0.0,0.0,26.41,80.85,2.82
2021-04-22 04:00:00,0.0,0.0,26.19,82.08,2.71
2021-04-22 05:00:00,0.0,0.0,25.96,83.34,2.49
2021-04-22 06:00:00,40.0,79.47,26.36,81.54,2.77
2021-04-22 07:00:00,150.98,295.05,28.45,70.39,3.56
2021-04-22 08:00:00,295.92,532.03,30.74,59.77,3.9
2021-04-22 09:00:00,330.4,737.53,32.53,53.17,3.47
2021-04-22 10:00:00,107.82,886.17,34.01,48.37,2.87
2021-04-22 11:00:00,330.55,963.62,35.13,44.71,2.38
2021-04-22 12:00:00,523.8,957.3,35.9,41.97,1.97
2021-04-22 13:00:00,456.65,879.67,36.28,40.26,1.64
2021-04-22 14:00:00,386.0,730.95,35.98,39.97,1.28
2021-04-22 15:00:00,333.5,525.6,35.49,40.38,0.99
2021-04-22 16:00:00,177.5,290.48,34.9,41.63,0.92
2021-04-22 17:00:00,54.05,79.8,33.8,48.66,0.77
2021-04-22 18:00:00,0.0,0.0,31.92,60.25,0.7
2021-04-22 19:00:00,0.0,0.0,30.9,62.23,0.88
2021-04-22 20:00:00,0.0,0.0,30.11,62.52,1.14
2021-04-22 21:00:00,0.0,0.0,29.44,63.0,1.45
2021-04-22 22:00:00,0.0,0.0,28.81,64.53,1.85
2021-04-22 23:00:00,0.0,0.0,28.25,66.61,2.47
2021-04-23 00:00:00,0.0,0.0,27.79,69.05,3.1
2021-04-23 01:00:00,0.0,0.0,27.34,71.59,3.34
2021-04-23 02:00:00,0.0,0.0,26.94,73.87,3.27
2021-04-23 03:00:00,0.0,0.0,26.58,76.07,3.02
2021-04-23 04:00:00,0.0,0.0,26.28,78.09,2.72
2021-04-23 05:00:00,0.0,0.0,26.01,80.14,2.45
2021-04-23 06:00:00,71.6,81.28,26.43,78.86,2.88
2021-04-23 07:00:00,258.58,296.5,28.2,71.1,3.4
2021-04-23 08:00:00,496.02,536.62,30.34,61.36,3.6
2021-04-23 09:00:00,671.35,745.15,32.1,53.82,3.37
2021-04-23 10:00:00,865.15,898.78,33.45,48.41,3.05
2021-04-23 11:00:00,925.72,977.53,34.6,44.16,2.71
2021-04-23 12:00:00,901.12,941.8,35.43,41.0,2.37
2021-04-23 13:00:00,808.03,865.53,36.01,38.56,2.05
2021-04-23 14:00:00,656.78,718.8,36.29,36.86,1.77
2021-04-23 15:00:00,447.92,514.72,36.18,36.16,1.73
2021-04-23 16:00:00,241.23,281.52,35.6,37.03,1.93
2021-04-23 17:00:00,68.57,76.65,33.87,46.85,1.34
2021-04-23 18:00:00,0.0,0.0,31.64,55.21,1.29
2021-04-23 19:00:00,0.0,0.0,30.97,54.78,1.79
2021-04-23 20:00:00,0.0,0.0,30.47,55.72,2.42
2021-04-23 21:00:00,0.0,0.0,29.88,58.85,2.91
2021-04-23 22:00:00,0.0,0.0,29.34,62.17,3.14
2021-04-23 23:00:00,0.0,0.0,28.9,64.61,3.23
2021-04-24 00:00:00,0.0,0.0,28.47,66.75,3.14
2021-04-24 01:00:00,0.0,0.0,28.04,68.89,3.0
2021-04-24 02:00:00,0.0,0.0,27.66,70.95,2.94
2021-04-24 03:00:00,0.0,0.0,27.35,72.92,2.9
2021-04-24 04:00:00,0.0,0.0,27.09,74.8,2.96
2021-04-24 05:00:00,0.0,0.0,26.85,76.87,3.0
2021-04-24 06:00:00,63.0,73.65,27.21,76.21,3.44
2021-04-24 07:00:00,213.77,267.3,28.68,69.89,4.02
2021-04-24 08:00:00,408.8,498.42,30.37,61.86,4.36
2021-04-24 09:00:00,631.2,716.0,31.96,55.4,4.37
2021-04-24 10:00:00,764.25,877.72,33.41,50.66,4.16
2021-04-24 11:00:00,847.25,953.83,34.46,47.74,3.75
2021-04-24 12:00:00,869.78,950.95,34.9,46.64,3.27
2021-04-24 13:00:00,801.92,883.3,34.66,47.33,2.96
2021-04-24 14:00:00,661.5,742.0,34.02,49.26,2.7
2021-04-24 15:00:00,436.08,540.83,33.4,51.35,2.62
2021-04-24 16:00:00,224.48,301.7,32.35,56.26,2.49
2021-04-24 17:00:00,67.1,83.07,30.59,67.62,2.04
2021-04-24 18:00:00,0.0,0.0,29.04,73.85,2.36
2021-04-24 19:00:00,0.0,0.0,28.52,73.96,3.23
2021-04-24 20:00:00,0.0,0.0,28.04,75.31,3.64
2021-04-24 21:00:00,0.0,0.0,27.56,77.23,3.69
2021-04-24 22:00:00,0.0,0.0,27.14,78.86,3.76
2021-04-24 23:00:00,0.0,0.0,26.74,80.52,3.93
2021-04-25 00:00:00,0.0,0.0,26.35,82.18,3.9
2021-04-25 01:00:00,0.0,0.0,25.98,83.84,3.66
2021-04-25 02:00:00,0.0,0.0,25.62,85.69,3.33
2021-04-25 03:00:00,0.0,0.0,25.26,87.75,2.97
2021-04-25 04:00:00,0.0,0.0,24.98,89.84,2.55
2021-04-25 05:00:00,0.0,0.0,24.77,91.87,2.14
2021-04-25 06:00:00,57.25,77.97,25.12,90.76,2.46
2021-04-25 07:00:00,198.15,285.5,26.22,85.69,2.53
2021-04-25 08:00:00,384.48,517.72,28.48,71.63,3.04
2021-04-25 09:00:00,583.17,720.97,30.66,57.99,3.0
2021-04-25 10:00:00,748.17,871.9,32.68,46.55,2.7
2021-04-25 11:00:00,727.45,943.42,34.3,39.63,2.66
2021-04-25 12:00:00,810.97,963.97,35.46,35.87,2.96
2021-04-25 13:00:00,751.55,879.65,36.04,34.73,3.16
2021-04-25 14:00:00,557.55,731.4,36.26,34.35,3.22
2021-04-25 15:00:00,411.08,526.0,36.12,34.47,3.2
2021-04-25 16:00:00,224.7,291.02,35.37,36.03,3.11
2021-04-25 17:00:00,66.4,82.38,33.14,46.6,2.0
2021-04-25 18:00:00,0.0,0.0,30.49,57.26,1.83
2021-04-25 19:00:00,0.0,0.0,29.77,60.36,2.51
2021-04-25 20:00:00,0.0,0.0,29.02,65.81,3.03
2021-04-25 21:00:00,0.0,0.0,28.27,72.16,3.03
2021-04-25 22:00:00,0.0,0.0,27.75,76.66,2.85
2021-04-25 23:00:00,0.0,0.0,27.39,79.16,2.74
2021-04-26 00:00:00,0.0,0.0,27.05,80.87,2.69
2021-04-26 01:00:00,0.0,0.0,26.73,82.17,2.63
2021-04-26 02:00:00,0.0,0.0,26.45,83.33,2.58
2021-04-26 03:00:00,0.0,0.0,26.14,84.63,2.39
2021-04-26 04:00:00,0.0,0.0,25.73,86.5,2.09
2021-04-26 05:00:00,0.0,0.0,25.38,88.31,1.91
2021-04-26 06:00:00,70.18,77.72,25.82,86.23,2.51
2021-04-26 07:00:00,247.05,276.48,27.73,75.15,3.18
2021-04-26 08:00:00,485.55,512.42,29.77,63.85,3.57
2021-04-26 09:00:00,721.85,722.5,31.22,56.52,3.39
2021-04-26 10:00:00,877.38,877.78,32.34,51.64,3.05
2021-04-26 11:00:00,930.45,955.22,33.35,47.76,2.62
2021-04-26 12:00:00,965.2,972.7,34.13,44.84,2.11
2021-04-26 13:00:00,867.92,889.75,34.53,42.98,1.53
2021-04-26 14:00:00,722.55,748.65,34.46,42.29,1.0
2021-04-26 15:00:00,520.85,545.05,34.07,42.68,0.7
2021-04-26 16:00:00,268.25,304.62,33.41,44.95,0.63
2021-04-26 17:00:00,73.5,87.03,32.56,49.67,0.67
2021-04-26 18:00:00,0.0,0.0,30.65,67.41,0.62
2021-04-26 19:00:00,0.0,0.0,29.41,69.11,0.85
2021-04-26 20:00:00,0.0,0.0,28.44,69.31,1.11
2021-04-26 21:00:00,0.0,0.0,27.72,69.83,1.35
2021-04-26 22:00:00,0.0,0.0,27.28,70.71,1.59
2021-04-26 23:00:00,0.0,0.0,27.01,71.98,1.91
2021-04-27 00:00:00,0.0,0.0,26.72,74.27,2.25
2021-04-27 01:00:00,0.0,0.0,26.34,77.95,2.3
2021-04-27 02:00:00,0.0,0.0,25.9,82.08,2.1
2021-04-27 03:00:00,0.0,0.0,25.42,86.13,1.79
2021-04-27 04:00:00,0.0,0.0,24.99,89.62,1.49
2021-04-27 05:00:00,0.0,0.0,24.66,92.16,1.37
2021-04-27 06:00:00,27.48,88.9,25.48,88.64,2.33
2021-04-27 07:00:00,124.4,307.8,27.6,77.56,3.0
2021-04-27 08:00:00,250.6,543.5,30.96,59.22,3.99
2021-04-27 09:00:00,418.0,747.22,33.63,48.03,3.97
2021-04-27 10:00:00,787.38,895.3,35.59,41.66,3.48
2021-04-27 11:00:00,748.62,968.95,36.99,37.74,2.85
2021-04-27 12:00:00,756.22,926.88,37.93,35.37,2.4
2021-04-27 13:00:00,761.45,845.9,38.14,34.7,2.12
2021-04-27 14:00:00,638.88,698.5,37.93,35.09,2.12
2021-04-27 15:00:00,446.77,497.92,37.28,36.37,2.25
2021-04-27 16:00:00,247.98,269.83,36.32,38.63,2.45
2021-04-27 17:00:00,74.57,75.82,34.18,49.04,1.9
2021-04-27 18:00:00,0.0,0.0,31.54,59.26,1.99
2021-04-27 19:00:00,0.0,0.0,30.56,61.67,2.75
2021-04-27 20:00:00,0.0,0.0,29.64,66.08,3.03
2021-04-27 21:00:00,0.0,0.0,28.92,70.37,3.05
2021-04-27 22:00:00,0.0,0.0,28.41,73.75,2.98
2021-04-27 23:00:00,0.0,0.0,27.99,76.29,2.91
2021-04-28 00:00:00,0.0,0.0,27.59,78.54,2.85
2021-04-28 01:00:00,0.0,0.0,27.2,80.79,2.73
2021-04-28 02:00:00,0.0,0.0,26.84,83.16,2.56
2021-04-28 03:00:00,0.0,0.0,26.47,85.94,2.27
2021-04-28 04:00:00,0.0,0.0,26.17,88.48,1.99
2021-04-28 05:00:00,0.0,0.0,25.91,90.66,1.78
2021-04-28 06:00:00,79.47,81.85,26.44,88.52,2.5
2021-04-28 07:00:00,269.85,281.98,28.1,79.59,3.31
2021-04-28 08:00:00,508.98,515.65,30.01,68.34,3.97
2021-04-28 09:00:00,713.88,721.33,31.63,59.87,3.93
2021-04-28 10:00:00,864.35,871.62,32.98,53.45,3.7
2021-04-28 11:00:00,937.28,953.05,33.73,49.66,3.44
2021-04-28 12:00:00,935.35,952.95,34.15,47.34,3.23
2021-04-28 13:00:00,845.65,880.05,34.33,45.87,3.01
2021-04-28 14:00:00,702.1,736.65,34.52,44.63,2.82
2021-04-28 15:00:00,468.65,533.08,34.27,44.69,2.68
2021-04-28 16:00:00,256.48,297.85,33.62,46.97,2.42
2021-04-28 17:00:00,73.47,83.6,31.8,59.9,1.5
2021-04-28 18:00:00,0.0,0.0,29.32,72.34,1.21
2021-04-28 19:00:00,0.0,0.0,28.51,72.34,1.5
2021-04-28 20:00:00,0.0,0.0,27.91,72.67,1.88
2021-04-28 21:00:00,0.0,0.0,27.41,73.71,2.33
2021-04-28 22:00:00,0.0,0.0,26.95,75.6,2.77
2021-04-28 23:00:00,0.0,0.0,26.52,78.05,3.03
2021-04-29 00:00:00,0.0,0.0,26.11,80.61,3.07
2021-04-29 01:00:00,0.0,0.0,25.74,83.21,3.0
2021-04-29 02:00:00,0.0,0.0,25.44,85.67,2.86
2021-04-29 03:00:00,0.0,0.0,25.18,87.93,2.82
2021-04-29 04:00:00,0.0,0.0,24.89,90.29,2.67
2021-04-29 05:00:00,0.0,0.0,24.62,92.22,2.42
2021-04-29 06:00:00,74.05,84.82,25.0,90.85,2.7
2021-04-29 07:00:00,227.85,287.5,26.91,80.72,2.77
2021-04-29 08:00:00,451.33,518.78,29.81,63.66,3.07
2021-04-29 09:00:00,697.45,721.53,32.05,53.44,2.68
2021-04-29 10:00:00,859.2,867.35,33.67,47.66,2.22
2021-04-29 11:00:00,938.45,939.25,35.17,42.93,1.78
2021-04-29 12:00:00,946.05,947.0,36.37,39.01,1.21
2021-04-29 13:00:00,867.85,877.9,37.21,36.11,1.42
2021-04-29 14:00:00,718.38,731.05,37.5,34.53,2.1
2021-04-29 15:00:00,510.17,526.53,37.18,34.35,2.55
2021-04-29 16:00:00,271.77,291.08,36.25,36.19,2.78
2021-04-29 17:00:00,78.85,83.0,34.11,45.84,2.0
2021-04-29 18:00:00,0.0,0.0,31.36,56.02,1.91
2021-04-29 19:00:00,0.0,0.0,30.48,58.24,2.75
2021-04-29 20:00:00,0.0,0.0,29.63,62.62,3.02
2021-04-29 21:00:00,0.0,0.0,28.93,66.81,2.82
2021-04-29 22:00:00,0.0,0.0,28.4,69.84,2.61
2021-04-29 23:00:00,0.0,0.0,27.97,72.0,2.49
2021-04-30 00:00:00,0.0,0.0,27.57,73.87,2.52
2021-04-30 01:00:00,0.0,0.0,27.17,75.8,2.64
2021-04-30 02:00:00,0.0,0.0,26.74,78.2,2.73
2021-04-30 03:00:00,0.0,0.0,26.28,80.99,2.71
2021-04-30 04:00:00,0.0,0.0,25.82,84.15,2.56
2021-04-30 05:00:00,0.0,0.0,25.47,86.78,2.35
2021-04-30 06:00:00,78.88,79.03,26.03,84.64,2.77
2021-04-30 07:00:00,275.65,278.67,28.34,73.04,3.76
2021-04-30 08:00:00,507.95,508.1,30.87,61.55,4.02
2021-04-30 09:00:00,715.12,716.92,32.85,53.61,3.63
2021-04-30 10:00:00,849.25,871.9,34.41,48.34,3.15
2021-04-30 11:00:00,943.85,953.2,35.46,44.98,2.69
2021-04-30 12:00:00,962.28,969.0,36.04,42.92,2.35
2021-04-30 13:00:00,878.03,891.92,36.17,41.97,2.15
2021-04-30 14:00:00,729.7,744.38,35.96,41.77,2.06
2021-04-30 15:00:00,535.28,537.42,35.33,42.68,2.06
2021-04-30 16:00:00,274.4,303.85,34.55,44.42,2.11
2021-04-30 17:00:00,75.0,88.25,33.18,51.59,1.57
2021-04-30 18:00:00,0.0,0.0,31.2,61.0,1.29
2021-04-30 19:00:00,0.0,0.0,30.45,61.79,1.64
2021-04-30 20:00:00,0.0,0.0,29.91,62.72,2.01
2021-04-30 21:00:00,0.0,0.0,29.45,63.95,2.47
2021-04-30 22:00:00,0.0,0.0,28.95,66.0,2.9
2021-04-30 23:00:00,0.0,0.0,28.45,68.52,3.25
2021-05-01 00:00:00,0.0,0.0,27.95,71.21,3.5
2021-05-01 01:00:00,0.0,0.0,27.47,73.98,3.58
2021-05-01 02:00:00,0.0,0.0,27.0,76.83,3.32
2021-05-01 03:00:00,0.0,0.0,26.55,79.83,2.76
2021-05-01 04:00:00,0.0,0.0,26.23,82.39,2.42
2021-05-01 05:00:00,0.0,0.0,25.98,84.69,2.14
2021-05-01 06:00:00,87.9,93.03,26.56,82.65,2.7
2021-05-01 07:00:00,287.02,307.3,28.69,71.27,3.66
2021-05-01 08:00:00,522.42,542.53,31.2,57.67,3.96
2021-05-01 09:00:00,740.88,745.7,33.51,47.57,3.56
2021-05-01 10:00:00,889.25,892.53,35.53,40.82,2.94
2021-05-01 11:00:00,965.2,967.2,37.11,35.97,2.24
2021-05-01 12:00:00,974.03,974.25,38.26,32.7,1.54
2021-05-01 13:00:00,817.08,900.47,38.91,30.87,0.89
2021-05-01 14:00:00,741.45,754.97,39.02,30.26,0.4
2021-05-01 15:00:00,525.83,552.15,38.61,30.68,0.49
2021-05-01 16:00:00,277.52,315.45,37.8,32.19,0.89
2021-05-01 17:00:00,81.07,92.75,36.37,38.39,0.98
2021-05-01 18:00:00,0.0,0.0,33.38,55.71,0.99
2021-05-01 19:00:00,0.0,0.0,32.07,54.99,1.59
2021-05-01 20:00:00,0.0,0.0,31.08,56.41,2.48
2021-05-01 21:00:00,0.0,0.0,30.04,61.73,3.08
2021-05-01 22:00:00,0.0,0.0,29.26,66.73,3.09
2021-05-01 23:00:00,0.0,0.0,28.83,69.28,3.04
2021-05-02 00:00:00,0.0,0.0,28.47,70.78,3.04
2021-05-02 01:00:00,0.0,0.0,28.06,72.39,3.02
2021-05-02 02:00:00,0.0,0.0,27.58,74.62,2.92
2021-05-02 03:00:00,0.0,0.0,27.25,76.56,2.96
2021-05-02 04:00:00,0.0,0.0,26.97,78.36,3.12
2021-05-02 05:00:00,0.0,0.0,26.68,80.53,3.24
2021-05-02 06:00:00,95.05,101.78,26.86,80.4,3.51
2021-05-02 07:00:00,302.3,322.8,28.04,75.04,4.16
2021-05-02 08:00:00,541.62,559.7,29.89,66.26,4.67
2021-05-02 09:00:00,716.72,761.72,31.76,57.73,4.72
2021-05-02 10:00:00,840.88,910.05,32.82,53.05,4.35
2021-05-02 11:00:00,809.53,983.5,33.25,51.15,3.83
2021-05-02 12:00:00,876.35,935.38,33.44,50.52,3.4
2021-05-02 13:00:00,817.88,856.9,33.32,51.0,2.98
2021-05-02 14:00:00,603.92,706.28,33.02,52.27,2.64
2021-05-02 15:00:00,403.77,502.77,32.44,54.64,2.38
2021-05-02 16:00:00,216.93,272.8,31.81,58.45,2.01
2021-05-02 17:00:00,68.5,75.85,30.57,69.14,1.26
2021-05-02 18:00:00,0.0,0.0,29.25,76.75,1.06
2021-05-02 19:00:00,0.0,0.0,28.81,77.0,1.24
2021-05-02 20:00:00,0.0,0.0,28.5,76.95,1.47
2021-05-02 21:00:00,0.0,0.0,28.21,77.15,1.82
2021-05-02 22:00:00,0.0,0.0,27.87,78.16,2.28
2021-05-02 23:00:00,0.0,0.0,27.5,80.02,2.69
2021-05-03 00:00:00,0.0,0.0,27.09,82.14,2.86
2021-05-03 01:00:00,0.0,0.0,26.71,84.0,2.94
2021-05-03 02:00:00,0.0,0.0,26.39,85.44,2.95
2021-05-03 03:00:00,0.0,0.0,26.1,86.69,2.85
2021-05-03 04:00:00,0.0,0.0,25.89,87.57,2.7
2021-05-03 05:00:00,0.0,0.0,25.7,88.28,2.54
2021-05-03 06:00:00,64.88,92.8,26.05,86.11,2.89
2021-05-03 07:00:00,196.2,309.38,27.56,76.56,3.95
2021-05-03 08:00:00,363.35,543.97,29.73,64.28,4.52
2021-05-03 09:00:00,600.8,745.92,31.83,55.73,4.31
2021-05-03 10:00:00,849.65,890.72,33.31,51.28,3.69
2021-05-03 11:00:00,953.58,963.53,34.49,47.9,2.97
2021-05-03 12:00:00,875.85,903.22,35.36,45.28,2.26
2021-05-03 13:00:00,814.03,823.38,35.8,43.52,1.57
2021-05-03 14:00:00,651.67,677.28,35.81,42.67,0.99
2021-05-03 15:00:00,459.2,477.75,35.47,42.65,0.64
2021-05-03 16:00:00,238.2,253.35,34.77,43.85,0.69
2021-05-03 17:00:00,73.65,72.07,33.62,49.88,0.81
2021-05-03 18:00:00,0.0,0.0,31.39,67.08,0.81
2021-05-03 19:00:00,0.0,0.0,30.17,68.56,1.27
2021-05-03 20:00:00,0.0,0.0,29.24,69.84,2.05
2021-05-03 21:00:00,0.0,0.0,28.46,72.68,2.9
2021-05-03 22:00:00,0.0,0.0,27.73,76.48,3.35
2021-05-03 23:00:00,0.0,0.0,27.09,79.99,3.4
2021-05-04 00:00:00,0.0,0.0,26.57,82.83,3.13
2021-05-04 01:00:00,0.0,0.0,26.17,85.13,2.91
2021-05-04 02:00:00,0.0,0.0,25.84,87.15,2.76
2021-05-04 03:00:00,0.0,0.0,25.56,89.14,2.67
2021-05-04 04:00:00,0.0,0.0,25.31,91.13,2.6
2021-05-04 05:00:00,0.0,0.0,25.09,92.82,2.52
2021-05-04 06:00:00,61.92,91.0,25.27,92.33,2.86
2021-05-04 07:00:00,199.18,302.8,26.11,87.73,3.65
2021-05-04 08:00:00,366.45,536.33,27.35,79.62,4.39
2021-05-04 09:00:00,593.72,739.1,28.8,70.66,4.57
2021-05-04 10:00:00,773.38,882.5,30.08,64.01,4.33
2021-05-04 11:00:00,751.53,948.97,30.95,60.17,3.86
2021-05-04 12:00:00,701.45,907.67,31.5,57.95,3.31
2021-05-04 13:00:00,688.3,826.2,31.75,56.85,2.81
2021-05-04 14:00:00,533.83,677.53,31.68,56.88,2.38
2021-05-04 15:00:00,396.5,467.73,31.37,57.93,2.11
2021-05-04 16:00:00,236.2,258.65,30.78,61.57,1.67
2021-05-04 17:00:00,66.82,72.3,29.7,70.79,1.12
2021-05-04 18:00:00,0.0,0.0,28.24,82.51,0.7
2021-05-04 19:00:00,0.0,0.0,27.83,82.34,0.71
2021-05-04 20:00:00,0.0,0.0,27.54,82.4,0.72
2021-05-04 21:00:00,0.0,0.0,27.27,82.37,0.72
2021-05-04 22:00:00,0.0,0.0,26.94,82.84,0.74
2021-05-04 23:00:00,0.0,0.0,26.49,83.81,0.8
2021-05-05 00:00:00,0.0,0.0,25.99,84.41,0.95
2021-05-05 01:00:00,0.0,0.0,25.53,84.83,1.17
2021-05-05 02:00:00,0.0,0.0,25.12,85.86,1.42
2021-05-05 03:00:00,0.0,0.0,24.67,87.73,1.65
2021-05-05 04:00:00,0.0,0.0,24.24,89.9,1.78
2021-05-05 05:00:00,0.0,0.0,23.84,92.18,1.81
2021-05-05 06:00:00,71.4,79.72,24.34,89.66,2.5
2021-05-05 07:00:00,220.55,268.8,26.32,78.44,2.71
2021-05-05 08:00:00,398.92,494.0,29.31,61.97,3.35
2021-05-05 09:00:00,569.55,696.3,31.54,53.44,3.22
2021-05-05 10:00:00,686.17,844.25,33.12,48.65,2.75
2021-05-05 11:00:00,760.55,922.22,34.19,45.42,2.34
2021-05-05 12:00:00,762.75,923.47,34.95,42.93,2.05
2021-05-05 13:00:00,670.92,847.95,35.25,41.64,1.81
2021-05-05 14:00:00,572.28,702.05,35.13,41.4,1.67
2021-05-05 15:00:00,367.8,506.62,34.69,42.03,1.73
2021-05-05 16:00:00,197.2,279.02,33.97,43.99,1.89
2021-05-05 17:00:00,61.85,78.7,32.34,54.13,1.41
2021-05-05 18:00:00,0.0,0.0,29.87,65.96,1.18
2021-05-05 19:00:00,0.0,0.0,29.03,66.21,1.45
2021-05-05 20:00:00,0.0,0.0,28.45,66.7,1.7
2021-05-05 21:00:00,0.0,0.0,27.96,67.5,1.97
2021-05-05 22:00:00,0.0,0.0,27.55,68.86,2.35
2021-05-05 23:00:00,0.0,0.0,27.17,71.26,2.87
2021-05-06 00:00:00,0.0,0.0,26.55,76.47,3.23
2021-05-06 01:00:00,0.0,0.0,25.92,81.99,3.36
2021-05-06 02:00:00,0.0,0.0,25.46,85.68,3.33
2021-05-06 03:00:00,0.0,0.0,25.13,87.78,3.01
2021-05-06 04:00:00,0.0,0.0,24.87,89.26,2.67
2021-05-06 05:00:00,0.0,0.0,24.71,90.03,2.55
2021-05-06 06:00:00,71.97,89.5,25.09,87.89,3.02
2021-05-06 07:00:00,210.12,291.0,26.19,81.44,4.07
2021-05-06 08:00:00,403.33,523.47,27.35,75.03,4.81
2021-05-06 09:00:00,604.03,731.6,28.9,67.62,5.12
2021-05-06 10:00:00,835.95,877.47,30.67,60.49,5.06
2021-05-06 11:00:00,854.62,948.9,32.23,54.96,4.68
2021-05-06 12:00:00,842.88,920.1,32.56,53.08,4.16
2021-05-06 13:00:00,685.92,841.88,32.45,52.92,3.75
2021-05-06 14:00:00,520.1,694.3,32.25,53.32,3.44
2021-05-06 15:00:00,378.6,493.9,31.74,54.94,3.19
2021-05-06 16:00:00,221.4,269.23,31.05,57.76,2.9
2021-05-06 17:00:00,69.05,75.8,29.77,66.38,1.93
2021-05-06 18:00:00,0.0,0.0,28.12,75.91,1.47
2021-05-06 19:00:00,0.0,0.0,27.6,77.24,1.75
2021-05-06 20:00:00,0.0,0.0,27.24,78.11,2.05
2021-05-06 21:00:00,0.0,0.0,26.86,79.74,2.17
2021-05-06 22:00:00,0.0,0.0,26.45,82.12,2.04
2021-05-06 23:00:00,0.0,0.0,26.04,84.69,1.85
2021-05-07 00:00:00,0.0,0.0,25.85,85.11,2.22
2021-05-07 01:00:00,0.0,0.0,25.54,86.8,2.36
2021-05-07 02:00:00,0.0,0.0,25.21,88.8,2.43
2021-05-07 03:00:00,0.0,0.0,24.92,90.55,2.37
2021-05-07 04:00:00,0.0,0.0,24.63,92.36,2.31
2021-05-07 05:00:00,0.0,0.0,24.38,93.71,2.33
2021-05-07 06:00:00,34.2,91.95,24.54,93.0,2.71
2021-05-07 07:00:00,137.73,300.7,25.47,88.31,3.25
2021-05-07 08:00:00,287.73,533.33,27.06,79.06,4.0
2021-05-07 09:00:00,439.75,735.53,28.76,69.43,4.31
2021-05-07 10:00:00,610.65,881.9,30.01,63.78,4.26
2021-05-07 11:00:00,699.9,954.35,31.04,59.86,4.05
2021-05-07 12:00:00,694.88,941.72,31.88,56.8,3.78
2021-05-07 13:00:00,471.48,858.42,32.3,54.87,3.47
2021-05-07 14:00:00,301.38,712.15,32.15,54.75,3.02
2021-05-07 15:00:00,231.2,508.3,31.75,55.72,2.59
2021-05-07 16:00:00,125.72,278.73,30.91,59.71,1.99
2021-05-07 17:00:00,39.5,78.43,29.61,69.66,1.26
2021-05-07 18:00:00,0.0,0.0,28.01,80.84,0.82
2021-05-07 19:00:00,0.0,0.0,27.46,81.39,0.9
2021-05-07 20:00:00,0.0,0.0,27.01,81.77,1.01
2021-05-07 21:00:00,0.0,0.0,26.67,81.98,1.16
2021-05-07 22:00:00,0.0,0.0,26.35,82.37,1.35
2021-05-07 23:00:00,0.0,0.0,26.04,82.89,1.58
2021-05-08 00:00:00,0.0,0.0,25.73,83.81,1.83
2021-05-08 01:00:00,0.0,0.0,25.35,85.58,1.91
2021-05-08 02:00:00,0.0,0.0,24.88,88.22,1.71
2021-05-08 03:00:00,0.0,0.0,24.41,91.05,1.36
2021-05-08 04:00:00,0.0,0.0,24.06,93.27,1.13
2021-05-08 05:00:00,0.0,0.0,23.77,95.13,1.09
2021-05-08 06:00:00,87.75,92.18,24.6,90.92,2.22
2021-05-08 07:00:00,274.23,296.15,26.96,76.33,3.31
2021-05-08 08:00:00,505.7,528.2,29.5,63.2,4.06
2021-05-08 09:00:00,668.05,730.2,31.27,55.57,4.16
2021-05-08 10:00:00,750.65,876.28,32.68,50.18,4.03
2021-05-08 11:00:00,887.4,952.03,33.7,46.31,3.86
2021-05-08 12:00:00,848.75,912.1,34.25,43.98,3.67
2021-05-08 13:00:00,778.38,841.05,34.47,42.75,3.56
2021-05-08 14:00:00,515.58,688.12,34.23,42.89,3.47
2021-05-08 15:00:00,381.48,495.98,33.45,44.78,3.46
2021-05-08 16:00:00,216.6,271.48,32.44,47.81,3.39
2021-05-08 17:00:00,69.2,76.5,30.8,55.59,2.52
2021-05-08 18:00:00,0.0,0.0,28.99,64.36,2.08
2021-05-08 19:00:00,0.0,0.0,28.4,66.97,2.38
2021-05-08 20:00:00,0.0,0.0,27.97,69.0,2.67
2021-05-08 21:00:00,0.0,0.0,27.58,70.92,3.05
2021-05-08 22:00:00,0.0,0.0,27.16,73.09,3.51
2021-05-08 23:00:00,0.0,0.0,26.67,75.49,3.97
2021-05-09 00:00:00,0.0,0.0,26.13,77.75,4.28
2021-05-09 01:00:00,0.0,0.0,25.58,80.14,4.39
2021-05-09 02:00:00,0.0,0.0,25.04,83.07,4.36
2021-05-09 03:00:00,0.0,0.0,24.51,86.5,4.18
2021-05-09 04:00:00,0.0,0.0,24.12,89.4,3.79
2021-05-09 05:00:00,0.0,0.0,23.84,91.66,3.24
2021-05-09 06:00:00,62.75,90.8,23.95,91.79,3.0
2021-05-09 07:00:00,185.35,297.8,24.75,88.22,3.01
2021-05-09 08:00:00,321.98,530.25,25.99,81.89,3.25
2021-05-09 09:00:00,478.45,733.78,27.53,72.96,3.73
2021-05-09 10:00:00,597.6,878.7,29.09,63.3,4.06
2021-05-09 11:00:00,655.88,953.9,30.54,54.07,3.91
2021-05-09 12:00:00,715.97,959.05,31.79,47.33,3.24
2021-05-09 13:00:00,587.42,887.17,32.75,43.09,2.36
2021-05-09 14:00:00,549.53,745.85,33.04,41.68,1.61
2021-05-09 15:00:00,296.8,549.53,32.82,42.11,1.23
2021-05-09 16:00:00,180.65,319.1,32.1,45.36,1.07
2021-05-09 17:00:00,60.9,97.53,31.01,51.2,0.92
2021-05-09 18:00:00,0.0,0.0,29.14,68.57,0.66
2021-05-09 19:00:00,0.0,0.0,28.51,68.2,0.75
2021-05-09 20:00:00,0.0,0.0,27.85,69.54,0.8
2021-05-09 21:00:00,0.0,0.0,27.07,71.81,0.83
2021-05-09 22:00:00,0.0,0.0,26.28,74.47,0.84
2021-05-09 23:00:00,0.0,0.0,25.54,76.49,0.87
2021-05-10 00:00:00,0.0,0.0,24.91,78.13,0.88
2021-05-10 01:00:00,0.0,0.0,24.39,79.68,0.87
2021-05-10 02:00:00,0.0,0.0,24.05,81.03,0.85
2021-05-10 03:00:00,0.0,0.0,23.85,81.95,0.83
2021-05-10 04:00:00,0.0,0.0,23.58,82.89,0.83
2021-05-10 05:00:00,0.0,0.0,23.24,83.97,0.89
2021-05-10 06:00:00,93.43,107.2,24.21,78.3,1.89
2021-05-10 07:00:00,298.5,325.65,26.42,67.74,2.59
2021-05-10 08:00:00,549.65,556.88,29.99,50.76,3.19
2021-05-10 09:00:00,680.08,753.83,32.5,43.46,3.09
2021-05-10 10:00:00,775.15,895.45,34.2,40.44,2.98
2021-05-10 11:00:00,817.1,967.47,35.45,38.61,3.0
2021-05-10 12:00:00,853.12,953.8,36.23,37.55,3.01
2021-05-10 13:00:00,735.47,877.62,36.46,37.29,3.02
2021-05-10 14:00:00,711.8,733.45,36.22,37.94,3.05
2021-05-10 15:00:00,499.9,535.33,35.38,40.05,3.07
2021-05-10 16:00:00,277.02,305.58,34.3,43.19,2.97
2021-05-10 17:00:00,84.18,91.82,32.57,52.6,1.97
2021-05-10 18:00:00,0.0,0.0,30.32,64.3,1.37
2021-05-10 19:00:00,0.0,0.0,29.47,66.86,1.5
2021-05-10 20:00:00,0.0,0.0,28.72,69.32,1.54
2021-05-10 21:00:00,0.0,0.0,28.08,71.4,1.55
2021-05-10 22:00:00,0.0,0.0,27.52,73.13,1.52
2021-05-10 23:00:00,0.0,0.0,27.03,74.53,1.45
2021-05-11 00:00:00,0.0,0.0,26.56,75.75,1.41
2021-05-11 01:00:00,0.0,0.0,26.11,77.0,1.4
2021-05-11 02:00:00,0.0,0.0,25.7,78.53,1.45
2021-05-11 03:00:00,0.0,0.0,25.3,80.67,1.55
2021-05-11 04:00:00,0.0,0.0,24.94,83.16,1.75
2021-05-11 05:00:00,0.0,0.0,24.62,85.97,2.04
2021-05-11 06:00:00,105.85,111.07,25.34,83.92,3.05
2021-05-11 07:00:00,311.95,332.55,27.71,73.15,3.74
2021-05-11 08:00:00,543.05,564.45,30.38,61.37,3.71
2021-05-11 09:00:00,746.7,760.67,32.7,52.57,3.09
2021-05-11 10:00:00,900.12,901.35,34.41,47.15,2.65
2021-05-11 11:00:00,969.58,970.4,35.74,42.93,2.49
2021-05-11 12:00:00,961.78,963.9,36.68,39.8,2.46
2021-05-11 13:00:00,847.1,891.25,37.2,37.74,2.43
2021-05-11 14:00:00,744.72,746.22,37.3,36.7,2.43
2021-05-11 15:00:00,542.83,548.2,36.81,36.97,2.39
2021-05-11 16:00:00,298.17,317.33,35.84,38.66,2.33
2021-05-11 17:00:00,89.78,97.65,33.98,47.98,1.59
2021-05-11 18:00:00,0.0,0.0,31.13,61.05,1.2
2021-05-11 19:00:00,0.0,0.0,30.14,61.65,1.55
2021-05-11 20:00:00,0.0,0.0,29.43,62.97,1.93
2021-05-11 21:00:00,0.0,0.0,28.74,65.5,2.13
2021-05-11 22:00:00,0.0,0.0,28.12,68.33,2.16
2021-05-11 23:00:00,0.0,0.0,27.55,71.14,2.15
2021-05-12 00:00:00,0.0,0.0,27.03,73.93,2.13
2021-05-12 01:00:00,0.0,0.0,26.58,76.6,2.19
2021-05-12 02:00:00,0.0,0.0,26.18,79.33,2.36
2021-05-12 03:00:00,0.0,0.0,25.81,82.11,2.46
2021-05-12 04:00:00,0.0,0.0,25.44,84.87,2.44
2021-05-12 05:00:00,0.0,0.0,25.09,87.37,2.34
2021-05-12 06:00:00,102.25,112.85,25.62,85.41,2.8
2021-05-12 07:00:00,314.35,334.2,28.12,71.88,3.35
2021-05-12 08:00:00,555.72,565.75,30.98,58.63,3.69
2021-05-12 09:00:00,755.1,760.45,33.11,51.17,3.58
2021-05-12 10:00:00,707.15,904.6,34.72,46.47,3.38
2021-05-12 11:00:00,819.08,977.28,36.02,42.86,2.94
2021-05-12 12:00:00,824.55,923.17,36.99,40.34,2.55
2021-05-12 13:00:00,690.72,846.55,37.52,38.58,2.23
2021-05-12 14:00:00,592.88,700.58,37.62,37.69,2.04
2021-05-12 15:00:00,443.55,502.05,37.21,37.84,1.98
2021-05-12 16:00:00,239.88,277.3,36.33,39.39,2.04
2021-05-12 17:00:00,76.55,82.53,34.42,48.27,1.67
2021-05-12 18:00:00,0.0,0.0,31.47,61.19,1.57
2021-05-12 19:00:00,0.0,0.0,30.5,62.33,2.26
2021-05-12 20:00:00,0.0,0.0,29.77,64.74,2.59
2021-05-12 21:00:00,0.0,0.0,29.08,67.72,2.5
2021-05-12 22:00:00,0.0,0.0,28.48,70.53,2.26
2021-05-12 23:00:00,0.0,0.0,27.98,72.96,2.16
2021-05-13 00:00:00,0.0,0.0,27.55,74.91,2.24
2021-05-13 01:00:00,0.0,0.0,27.15,76.95,2.42
2021-05-13 02:00:00,0.0,0.0,26.74,79.51,2.6
2021-05-13 03:00:00,0.0,0.0,26.36,82.25,2.68
2021-05-13 04:00:00,0.0,0.0,25.96,85.26,2.57
2021-05-13 05:00:00,0.0,0.0,25.6,87.98,2.3
2021-05-13 06:00:00,39.65,101.15,26.09,86.39,2.56
2021-05-13 07:00:00,131.2,313.35,28.3,74.1,2.82
2021-05-13 08:00:00,244.35,545.03,30.93,61.01,3.17
2021-05-13 09:00:00,452.55,745.05,32.66,54.1,3.12
2021-05-13 10:00:00,664.7,890.0,33.94,49.53,2.96
2021-05-13 11:00:00,717.3,967.25,34.83,46.3,2.71
2021-05-13 12:00:00,802.15,983.2,35.68,43.31,2.34
2021-05-13 13:00:00,731.42,905.62,36.37,41.1,2.04
2021-05-13 14:00:00,595.28,759.45,36.63,39.78,2.08
2021-05-13 15:00:00,426.1,557.75,36.27,40.16,2.44
2021-05-13 16:00:00,242.9,322.55,35.24,42.72,2.82
2021-05-13 17:00:00,76.5,98.95,33.17,51.26,2.6
2021-05-13 18:00:00,0.0,0.0,30.58,62.2,2.69
2021-05-13 19:00:00,0.0,0.0,29.43,67.76,3.43
2021-05-13 20:00:00,0.0,0.0,28.46,73.7,3.54
2021-05-13 21:00:00,0.0,0.0,27.8,78.26,3.42
2021-05-13 22:00:00,0.0,0.0,27.36,81.25,3.17
2021-05-13 23:00:00,0.0,0.0,27.0,83.31,2.93
2021-05-14 00:00:00,0.0,0.0,26.63,85.13,2.68
2021-05-14 01:00:00,0.0,0.0,26.2,87.23,2.44
2021-05-14 02:00:00,0.0,0.0,25.82,89.37,2.29
2021-05-14 03:00:00,0.0,0.0,25.5,91.41,2.15
2021-05-14 04:00:00,0.0,0.0,25.25,93.01,2.02
2021-05-14 05:00:00,0.0,0.0,25.09,94.03,1.91
2021-05-14 06:00:00,103.25,104.05,25.77,90.81,2.65
2021-05-14 07:00:00,304.6,314.0,27.81,79.67,3.52
2021-05-14 08:00:00,532.2,543.15,30.26,67.03,3.96
2021-05-14 09:00:00,731.75,740.85,32.35,57.81,3.78
2021-05-14 10:00:00,877.3,882.6,33.97,51.28,3.43
2021-05-14 11:00:00,956.45,956.5,35.43,45.83,3.13
2021-05-14 12:00:00,972.35,972.88,36.71,41.32,2.98
2021-05-14 13:00:00,894.5,894.72,37.35,38.84,3.11
2021-05-14 14:00:00,752.55,752.58,37.33,38.1,3.45
2021-05-14 15:00:00,549.75,553.42,36.6,39.25,3.8
2021-05-14 16:00:00,315.75,321.42,35.23,42.69,4.04
2021-05-14 17:00:00,97.62,100.53,33.16,50.17,3.76
2021-05-14 18:00:00,0.0,0.0,30.69,61.53,3.2
2021-05-14 19:00:00,0.0,0.0,29.49,68.55,3.15
2021-05-14 20:00:00,0.0,0.0,28.67,73.64,2.72
2021-05-14 21:00:00,0.0,0.0,28.03,77.25,2.33
2021-05-14 22:00:00,0.0,0.0,27.49,79.77,2.07
2021-05-14 23:00:00,0.0,0.0,27.02,81.5,1.92
2021-05-15 00:00:00,0.0,0.0,26.58,82.99,1.82
2021-05-15 01:00:00,0.0,0.0,26.14,84.99,1.85
2021-05-15 02:00:00,0.0,0.0,25.85,86.94,2.05
2021-05-15 03:00:00,0.0,0.0,25.42,90.14,2.13
2021-05-15 04:00:00,0.0,0.0,25.14,92.57,2.13
2021-05-15 05:00:00,0.0,0.0,24.94,94.22,1.87
2021-05-15 06:00:00,100.12,109.97,25.82,89.81,2.52
2021-05-15 07:00:00,289.33,325.33,28.11,76.64,3.3
2021-05-15 08:00:00,504.2,555.28,30.27,65.22,3.41
2021-05-15 09:00:00,618.8,751.58,31.57,58.85,3.34
2021-05-15 10:00:00,640.8,894.25,32.75,54.0,3.33
2021-05-15 11:00:00,555.17,965.45,33.75,49.84,3.24
2021-05-15 12:00:00,656.92,943.5,34.38,47.23,3.08
2021-05-15 13:00:00,726.78,868.35,34.73,45.78,2.8
2021-05-15 14:00:00,612.33,720.65,34.55,46.01,2.52
2021-05-15 15:00:00,458.62,522.92,33.79,48.25,2.22
2021-05-15 16:00:00,249.32,295.95,32.79,53.23,1.87
2021-05-15 17:00:00,79.55,89.65,31.34,63.31,1.44
2021-05-15 18:00:00,0.0,0.0,29.38,76.65,1.03
2021-05-15 19:00:00,0.0,0.0,28.55,78.95,1.24
2021-05-15 20:00:00,0.0,0.0,27.92,81.57,1.41
2021-05-15 21:00:00,0.0,0.0,27.39,84.52,1.45
2021-05-15 22:00:00,0.0,0.0,26.98,87.24,1.39
2021-05-15 23:00:00,0.0,0.0,26.63,89.57,1.26
2021-05-16 00:00:00,0.0,0.0,26.43,90.57,1.17
2021-05-16 01:00:00,0.0,0.0,26.24,90.93,1.09
2021-05-16 02:00:00,0.0,0.0,25.98,91.79,1.03
2021-05-16 03:00:00,0.0,0.0,25.7,92.68,1.0
2021-05-16 04:00:00,0.0,0.0,25.46,93.55,0.99
2021-05-16 05:00:00,0.0,0.0,25.26,94.42,0.95
2021-05-16 06:00:00,79.57,96.68,25.63,92.09,1.45
2021-05-16 07:00:00,243.3,303.23,26.45,88.12,1.69
2021-05-16 08:00:00,410.58,528.95,27.93,79.1,2.1
2021-05-16 09:00:00,621.28,728.7,29.74,68.81,2.47
2021-05-16 10:00:00,816.03,879.3,31.35,61.65,2.09
2021-05-16 11:00:00,892.17,953.47,32.22,58.37,1.27
2021-05-16 12:00:00,869.72,951.2,32.27,57.64,0.98
2021-05-16 13:00:00,817.03,872.28,32.12,57.86,0.81
2021-05-16 14:00:00,651.85,725.8,31.88,58.35,0.53
2021-05-16 15:00:00,439.9,525.88,31.6,59.29,0.34
2021-05-16 16:00:00,244.43,296.48,31.19,62.58,0.47
2021-05-16 17:00:00,75.3,88.8,30.67,65.66,0.71
2021-05-16 18:00:00,0.0,0.0,29.37,77.51,0.54
2021-05-16 19:00:00,0.0,0.0,28.72,78.63,0.63
2021-05-16 20:00:00,0.0,0.0,28.09,80.56,0.7
2021-05-16 21:00:00,0.0,0.0,27.53,81.87,0.8
2021-05-16 22:00:00,0.0,0.0,27.04,83.83,0.96
2021-05-16 23:00:00,0.0,0.0,26.69,84.62,1.14
2021-05-17 00:00:00,0.0,0.0,26.4,85.43,1.37
2021-05-17 01:00:00,0.0,0.0,26.13,86.56,1.59
2021-05-17 02:00:00,0.0,0.0,25.88,88.08,1.75
2021-05-17 03:00:00,0.0,0.0,25.59,90.26,1.68
2021-05-17 04:00:00,0.0,0.0,25.24,92.79,1.41
2021-05-17 05:00:00,0.0,0.0,24.91,95.17,1.17
2021-05-17 06:00:00,98.78,99.93,25.73,91.49,1.93
2021-05-17 07:00:00,298.98,303.15,27.98,78.03,2.48
2021-05-17 08:00:00,526.0,527.92,30.2,66.84,2.51
2021-05-17 09:00:00,650.55,727.33,31.78,60.84,2.08
2021-05-17 10:00:00,797.28,870.05,33.14,56.18,1.58
2021-05-17 11:00:00,789.85,944.53,34.44,51.99,1.38
2021-05-17 12:00:00,850.4,959.45,35.45,48.58,1.68
2021-05-17 13:00:00,772.3,881.92,35.81,47.1,2.01
2021-05-17 14:00:00,640.25,737.88,35.27,48.03,2.2
2021-05-17 15:00:00,518.7,540.78,34.6,49.31,2.26
2021-05-17 16:00:00,273.6,309.38,33.83,52.06,2.03
2021-05-17 17:00:00,84.3,95.57,32.43,61.79,1.34
2021-05-17 18:00:00,0.0,0.0,30.42,70.7,1.11
2021-05-17 19:00:00,0.0,0.0,29.65,70.51,1.48
2021-05-17 20:00:00,0.0,0.0,29.09,71.11,1.92
2021-05-17 21:00:00,0.0,0.0,28.5,73.08,2.19
2021-05-17 22:00:00,0.0,0.0,28.01,75.33,2.25
2021-05-17 23:00:00,0.0,0.0,27.55,77.65,2.15
2021-05-18 00:00:00,0.0,0.0,27.14,79.79,2.08
2021-05-18 01:00:00,0.0,0.0,26.79,81.8,2.1
2021-05-18 02:00:00,0.0,0.0,26.44,84.01,2.14
2021-05-18 03:00:00,0.0,0.0,26.1,86.36,2.22
2021-05-18 04:00:00,0.0,0.0,25.75,88.86,2.28
2021-05-18 05:00:00,0.0,0.0,25.46,91.08,2.29
2021-05-18 06:00:00,57.05,105.53,26.05,89.06,2.98
2021-05-18 07:00:00,179.95,317.08,27.8,80.92,3.81
2021-05-18 08:00:00,316.38,545.22,29.75,70.67,4.3
2021-05-18 09:00:00,599.03,740.42,31.08,63.91,4.28
2021-05-18 10:00:00,796.25,878.17,32.1,59.55,4.12
2021-05-18 11:00:00,816.12,949.17,32.86,56.34,4.02
2021-05-18 12:00:00,807.9,942.35,33.31,53.93,3.84
2021-05-18 13:00:00,735.6,864.6,33.74,51.8,3.64
2021-05-18 14:00:00,601.35,722.22,33.47,51.8,3.35
2021-05-18 15:00:00,422.75,521.3,33.02,52.58,3.02
2021-05-18 16:00:00,232.07,294.27,32.27,55.11,2.5
2021-05-18 17:00:00,79.32,90.57,30.98,64.28,1.44
2021-05-18 18:00:00,0.0,0.0,29.23,73.18,1.0
2021-05-18 19:00:00,0.0,0.0,28.52,74.46,1.05
2021-05-18 20:00:00,0.0,0.0,28.0,75.48,1.07
2021-05-18 21:00:00,0.0,0.0,27.52,76.44,1.11
2021-05-18 22:00:00,0.0,0.0,27.05,77.41,1.21
2021-05-18 23:00:00,0.0,0.0,26.61,78.47,1.36
2021-05-19 00:00:00,0.0,0.0,26.17,80.02,1.54
2021-05-19 01:00:00,0.0,0.0,25.75,82.31,1.75
2021-05-19 02:00:00,0.0,0.0,25.34,85.66,1.94
2021-05-19 03:00:00,0.0,0.0,24.9,89.61,1.9
2021-05-19 04:00:00,0.0,0.0,24.47,93.34,1.65
2021-05-19 05:00:00,0.0,0.0,24.14,95.92,1.41
2021-05-19 06:00:00,96.05,98.25,25.17,91.02,2.35
2021-05-19 07:00:00,288.23,297.65,27.57,78.11,3.12
2021-05-19 08:00:00,514.33,523.62,30.16,64.89,3.45
2021-05-19 09:00:00,717.67,717.88,32.22,56.09,3.34
2021-05-19 10:00:00,847.78,863.2,33.87,49.99,3.23
2021-05-19 11:00:00,871.25,938.7,35.24,45.36,3.13
2021-05-19 12:00:00,887.03,974.55,36.29,42.05,3.02
2021-05-19 13:00:00,807.88,900.28,36.81,40.07,2.88
2021-05-19 14:00:00,657.03,757.97,36.97,38.98,2.74
2021-05-19 15:00:00,528.45,562.3,36.49,39.36,2.69
2021-05-19 16:00:00,304.05,332.25,35.56,41.18,2.65
2021-05-19 17:00:00,98.22,109.1,33.7,50.43,1.8
2021-05-19 18:00:00,0.0,0.0,31.1,60.95,1.44
2021-05-19 19:00:00,0.0,0.0,30.2,61.77,2.02
2021-05-19 20:00:00,0.0,0.0,29.46,63.93,2.64
2021-05-19 21:00:00,0.0,0.0,28.7,67.68,2.86
2021-05-19 22:00:00,0.0,0.0,28.07,71.33,2.69
2021-05-19 23:00:00,0.0,0.0,27.62,73.88,2.55
2021-05-20 00:00:00,0.0,0.0,27.27,75.55,2.57
2021-05-20 01:00:00,0.0,0.0,26.91,77.18,2.72
2021-05-20 02:00:00,0.0,0.0,26.51,79.22,2.8
2021-05-20 03:00:00,0.0,0.0,26.12,81.45,2.76
2021-05-20 04:00:00,0.0,0.0,25.81,83.27,2.67
2021-05-20 05:00:00,0.0,0.0,25.52,85.09,2.6
2021-05-20 06:00:00,114.82,116.7,26.24,82.16,3.25
2021-05-20 07:00:00,327.85,334.3,28.59,71.55,3.63
2021-05-20 08:00:00,553.97,563.05,30.98,60.81,3.64
2021-05-20 09:00:00,725.1,758.0,32.83,53.53,3.28
2021-05-20 10:00:00,842.6,899.22,34.24,48.72,2.87
2021-05-20 11:00:00,859.6,970.35,35.34,45.18,2.32
2021-05-20 12:00:00,849.28,931.67,36.02,42.96,1.8
2021-05-20 13:00:00,784.6,854.62,36.28,41.78,1.34
2021-05-20 14:00:00,615.45,705.53,35.98,41.99,1.05
2021-05-20 15:00:00,448.83,508.02,35.33,43.19,1.1
2021-05-20 16:00:00,265.55,288.27,34.47,46.56,1.3
2021-05-20 17:00:00,81.85,87.62,33.08,55.34,1.18
2021-05-20 18:00:00,0.0,0.0,31.21,62.89,1.24
2021-05-20 19:00:00,0.0,0.0,30.46,62.9,1.96
2021-05-20 20:00:00,0.0,0.0,29.72,65.34,2.62
2021-05-20 21:00:00,0.0,0.0,28.94,69.29,2.99
2021-05-20 22:00:00,0.0,0.0,28.32,73.09,3.11
2021-05-20 23:00:00,0.0,0.0,27.88,75.87,3.15
2021-05-21 00:00:00,0.0,0.0,27.58,77.92,3.19
2021-05-21 01:00:00,0.0,0.0,27.31,79.66,3.12
2021-05-21 02:00:00,0.0,0.0,27.05,81.32,2.92
2021-05-21 03:00:00,0.0,0.0,26.8,82.84,2.51
2021-05-21 04:00:00,0.0,0.0,26.56,84.38,1.91
2021-05-21 05:00:00,0.0,0.0,26.37,85.52,1.56
2021-05-21 06:00:00,80.32,101.18,26.64,84.04,2.03
2021-05-21 07:00:00,236.55,303.35,27.43,79.59,2.72
2021-05-21 08:00:00,433.67,527.25,28.53,73.27,3.23
2021-05-21 09:00:00,606.17,721.08,29.71,66.96,3.39
2021-05-21 10:00:00,690.03,861.33,30.66,62.44,3.25
2021-05-21 11:00:00,784.8,933.7,31.29,59.6,3.02
2021-05-21 12:00:00,711.67,928.12,31.66,57.72,2.69
2021-05-21 13:00:00,686.17,851.72,31.76,56.72,2.4
2021-05-21 14:00:00,645.0,708.22,31.64,56.58,2.21
2021-05-21 15:00:00,395.12,512.2,31.33,57.36,2.18
2021-05-21 16:00:00,217.32,287.88,30.79,59.99,2.14
2021-05-21 17:00:00,75.32,89.12,29.61,68.08,1.54
2021-05-21 18:00:00,0.0,0.0,28.18,74.64,1.34
2021-05-21 19:00:00,0.0,0.0,27.65,76.13,1.46
2021-05-21 20:00:00,0.0,0.0,27.29,77.22,1.58
2021-05-21 21:00:00,0.0,0.0,26.98,78.32,1.7
2021-05-21 22:00:00,0.0,0.0,26.69,79.51,1.82
2021-05-21 23:00:00,0.0,0.0,26.39,81.06,1.88
2021-05-22 00:00:00,0.0,0.0,26.06,82.91,1.87
2021-05-22 01:00:00,0.0,0.0,25.77,84.65,1.78
2021-05-22 02:00:00,0.0,0.0,25.56,86.07,1.74
2021-05-22 03:00:00,0.0,0.0,25.4,87.2,1.77
2021-05-22 04:00:00,0.0,0.0,25.28,88.1,1.8
2021-05-22 05:00:00,0.0,0.0,25.14,89.02,1.81
2021-05-22 06:00:00,90.62,107.6,25.61,86.65,2.45
2021-05-22 07:00:00,270.83,318.2,26.99,78.98,3.07
2021-05-22 08:00:00,486.45,546.72,29.28,67.61,3.37
2021-05-22 09:00:00,709.72,742.08,31.51,58.63,2.85
2021-05-22 10:00:00,796.35,884.15,32.9,54.03,2.33
2021-05-22 11:00:00,776.78,955.12,33.92,50.73,2.01
2021-05-22 12:00:00,815.4,916.97,34.73,48.03,2.0
2021-05-22 13:00:00,769.2,837.45,35.13,46.25,2.22
2021-05-22 14:00:00,637.28,694.1,34.78,46.53,2.38
2021-05-22 15:00:00,447.95,498.42,34.05,48.39,2.65
2021-05-22 16:00:00,262.83,281.92,32.91,52.89,2.68
2021-05-22 17:00:00,80.82,85.6,31.01,62.94,2.28
2021-05-22 18:00:00,0.0,0.0,29.13,71.7,2.16
2021-05-22 19:00:00,0.0,0.0,28.25,75.47,2.39
2021-05-22 20:00:00,0.0,0.0,27.54,79.07,2.28
2021-05-22 21:00:00,0.0,0.0,27.0,81.8,2.12
2021-05-22 22:00:00,0.0,0.0,26.62,83.44,2.02
2021-05-22 23:00:00,0.0,0.0,26.33,84.25,2.0
2021-05-23 00:00:00,0.0,0.0,26.04,85.04,2.01
2021-05-23 01:00:00,0.0,0.0,25.74,86.02,1.98
2021-05-23 02:00:00,0.0,0.0,25.43,87.28,1.91
2021-05-23 03:00:00,0.0,0.0,25.1,88.85,1.87
2021-05-23 04:00:00,0.0,0.0,24.78,90.58,1.84
2021-05-23 05:00:00,0.0,0.0,24.5,92.31,1.84
2021-05-23 06:00:00,100.57,101.32,25.22,88.63,2.45
2021-05-23 07:00:00,298.0,301.98,27.76,73.92,3.09
2021-05-23 08:00:00,518.15,523.95,30.41,61.68,3.16
2021-05-23 09:00:00,708.35,714.62,32.26,55.03,2.69
2021-05-23 10:00:00,857.75,863.62,33.78,50.12,2.26
2021-05-23 11:00:00,931.22,939.5,35.03,46.29,1.85
2021-05-23 12:00:00,954.28,970.55,36.03,43.09,1.57
2021-05-23 13:00:00,889.97,895.28,36.57,40.7,1.46
2021-05-23 14:00:00,715.7,756.38,36.69,39.14,1.53
2021-05-23 15:00:00,524.55,562.0,36.35,38.9,1.72
2021-05-23 16:00:00,288.38,334.05,35.56,40.27,1.98
2021-05-23 17:00:00,94.53,112.55,33.84,48.35,1.58
2021-05-23 18:00:00,0.0,0.0,31.06,61.32,1.26
2021-05-23 19:00:00,0.0,0.0,30.12,62.23,1.77
2021-05-23 20:00:00,0.0,0.0,29.48,64.23,2.31
2021-05-23 21:00:00,0.0,0.0,28.76,67.91,2.41
2021-05-23 22:00:00,0.0,0.0,28.14,71.27,2.12
2021-05-23 23:00:00,0.0,0.0,27.66,73.53,1.81
2021-05-24 00:00:00,0.0,0.0,27.22,75.27,1.58
2021-05-24 01:00:00,0.0,0.0,26.85,76.52,1.48
2021-05-24 02:00:00,0.0,0.0,26.56,77.54,1.53
2021-05-24 03:00:00,0.0,0.0,26.27,78.88,1.79
2021-05-24 04:00:00,0.0,0.0,25.86,81.22,2.14
2021-05-24 05:00:00,0.0,0.0,25.41,84.22,2.39
2021-05-24 06:00:00,106.65,114.55,26.05,82.11,3.27
2021-05-24 07:00:00,310.17,329.52,28.31,70.67,4.31
2021-05-24 08:00:00,527.35,556.8,31.09,57.44,4.33
2021-05-24 09:00:00,730.8,750.45,33.57,48.1,3.81
2021-05-24 10:00:00,889.03,889.65,35.42,42.4,3.2
2021-05-24 11:00:00,942.58,961.58,36.85,38.29,2.67
2021-05-24 12:00:00,956.0,968.67,37.88,35.22,2.33
2021-05-24 13:00:00,870.5,894.3,38.49,33.09,2.22
2021-05-24 14:00:00,748.0,751.35,38.56,32.19,2.33
2021-05-24 15:00:00,548.53,556.78,38.13,32.46,2.56
2021-05-24 16:00:00,294.25,326.25,37.19,34.13,2.76
2021-05-24 17:00:00,96.18,107.75,35.23,41.91,2.01
2021-05-24 18:00:00,0.0,0.0,32.25,54.22,1.44
2021-05-24 19:00:00,0.0,0.0,31.24,56.16,1.92
2021-05-24 20:00:00,0.0,0.0,30.4,58.85,2.55
2021-05-24 21:00:00,0.0,0.0,29.54,63.12,2.86
2021-05-24 22:00:00,0.0,0.0,28.9,66.61,2.89
2021-05-24 23:00:00,0.0,0.0,28.44,69.16,2.79
2021-05-25 00:00:00,0.0,0.0,27.91,72.41,2.42
2021-05-25 01:00:00,0.0,0.0,27.59,75.06,2.15
2021-05-25 02:00:00,0.0,0.0,27.24,78.13,1.83
2021-05-25 03:00:00,0.0,0.0,26.67,82.66,1.2
2021-05-25 04:00:00,0.0,0.0,26.26,85.7,0.72
2021-05-25 05:00:00,0.0,0.0,26.15,85.91,1.16
2021-05-25 06:00:00,75.55,109.43,26.23,85.67,1.85
2021-05-25 07:00:00,216.15,320.65,27.0,81.9,2.32
2021-05-25 08:00:00,398.15,545.42,28.6,72.91,2.99
2021-05-25 09:00:00,623.15,736.12,30.49,63.85,3.34
2021-05-25 10:00:00,787.33,875.78,32.49,56.11,3.51
2021-05-25 11:00:00,892.45,946.9,34.67,48.99,3.13
2021-05-25 12:00:00,863.28,937.83,36.01,44.8,2.28
2021-05-25 13:00:00,793.42,860.9,36.62,42.73,1.41
2021-05-25 14:00:00,625.45,718.53,36.74,41.76,0.71
2021-05-25 15:00:00,519.95,526.7,36.53,41.18,0.38
2021-05-25 16:00:00,280.7,298.35,35.96,41.27,0.6
2021-05-25 17:00:00,88.72,95.18,34.97,45.41,0.46
2021-05-25 18:00:00,0.0,0.0,33.62,55.92,0.36
2021-05-25 19:00:00,0.0,0.0,32.84,56.86,0.48
2021-05-25 20:00:00,0.0,0.0,31.76,61.47,0.66
2021-05-25 21:00:00,0.0,0.0,30.61,65.81,0.77
2021-05-25 22:00:00,0.0,0.0,29.74,67.14,0.93
2021-05-25 23:00:00,0.0,0.0,29.02,68.85,1.18
2021-05-26 00:00:00,0.0,0.0,28.41,70.65,1.42
2021-05-26 01:00:00,0.0,0.0,27.89,72.95,1.7
2021-05-26 02:00:00,0.0,0.0,27.47,75.63,1.98
2021-05-26 03:00:00,0.0,0.0,27.08,78.64,2.1
2021-05-26 04:00:00,0.0,0.0,26.75,81.21,2.02
2021-05-26 05:00:00,0.0,0.0,26.55,82.92,1.92
2021-05-26 06:00:00,93.55,99.57,26.92,81.74,2.26
2021-05-26 07:00:00,277.75,299.5,28.8,71.43,2.67
2021-05-26 08:00:00,522.47,523.03,31.04,60.01,3.14
2021-05-26 09:00:00,536.62,724.67,32.76,52.96,3.1
2021-05-26 10:00:00,789.38,864.6,33.96,48.8,2.84
2021-05-26 11:00:00,874.17,940.3,34.73,46.07,2.63
2021-05-26 12:00:00,797.53,929.35,35.22,44.13,2.46
2021-05-26 13:00:00,709.28,855.8,35.42,43.09,2.28
2021-05-26 14:00:00,600.92,714.33,35.39,42.68,2.12
2021-05-26 15:00:00,499.75,519.88,35.06,43.11,2.07
2021-05-26 16:00:00,265.35,296.35,34.42,44.81,2.11
2021-05-26 17:00:00,82.85,95.93,32.97,53.07,1.48
2021-05-26 18:00:00,0.0,0.0,30.64,64.09,1.19
2021-05-26 19:00:00,0.0,0.0,29.88,64.95,1.5
2021-05-26 20:00:00,0.0,0.0,29.37,65.97,1.84
2021-05-26 21:00:00,0.0,0.0,28.92,67.66,2.22
2021-05-26 22:00:00,0.0,0.0,28.48,70.19,2.61
2021-05-26 23:00:00,0.0,0.0,28.02,73.48,3.04
2021-05-27 00:00:00,0.0,0.0,27.52,77.11,3.28
2021-05-27 01:00:00,0.0,0.0,27.13,79.85,3.38
2021-05-27 02:00:00,0.0,0.0,26.84,81.9,3.42
2021-05-27 03:00:00,0.0,0.0,26.54,84.12,3.21
2021-05-27 04:00:00,0.0,0.0,26.13,87.15,2.68
2021-05-27 05:00:00,0.0,0.0,25.81,89.55,2.13
2021-05-27 06:00:00,102.55,104.38,26.14,88.48,2.24
2021-05-27 07:00:00,289.08,309.15,27.24,83.17,2.59
2021-05-27 08:00:00,520.65,536.92,28.78,74.18,3.25
2021-05-27 09:00:00,710.22,731.75,29.88,67.78,3.39
2021-05-27 10:00:00,801.17,874.0,30.54,64.64,3.32
2021-05-27 11:00:00,859.45,946.65,31.05,62.38,3.17
2021-05-27 12:00:00,846.1,906.58,31.48,60.42,2.81
2021-05-27 13:00:00,767.03,831.17,31.68,59.27,2.35
2021-05-27 14:00:00,679.03,686.42,31.68,58.87,1.99
2021-05-27 15:00:00,482.2,493.8,31.4,59.65,1.7
2021-05-27 16:00:00,264.45,274.35,30.91,62.65,1.4
2021-05-27 17:00:00,86.45,87.62,29.95,70.78,1.01
2021-05-27 18:00:00,0.0,0.0,28.55,80.51,0.66
2021-05-27 19:00:00,0.0,0.0,28.24,80.37,0.65
2021-05-27 20:00:00,0.0,0.0,28.11,79.64,0.66
2021-05-27 21:00:00,0.0,0.0,27.84,80.07,0.66
2021-05-27 22:00:00,0.0,0.0,27.43,81.64,0.7
2021-05-27 23:00:00,0.0,0.0,27.14,82.12,0.8
2021-05-28 00:00:00,0.0,0.0,26.81,82.31,1.02
2021-05-28 01:00:00,0.0,0.0,26.44,83.25,1.29
2021-05-28 02:00:00,0.0,0.0,26.04,85.09,1.62
2021-05-28 03:00:00,0.0,0.0,25.66,87.91,1.84
2021-05-28 04:00:00,0.0,0.0,25.25,91.5,1.68
2021-05-28 05:00:00,0.0,0.0,24.91,94.42,1.31
2021-05-28 06:00:00,96.03,98.32,25.52,92.84,1.91
2021-05-28 07:00:00,287.33,296.85,26.83,87.36,2.21
2021-05-28 08:00:00,514.95,521.12,28.8,76.14,2.71
2021-05-28 09:00:00,703.05,715.4,30.94,64.76,2.63
2021-05-28 10:00:00,830.72,855.2,32.56,57.63,2.29
2021-05-28 11:00:00,811.35,926.55,33.48,53.8,2.15
2021-05-28 12:00:00,826.55,891.5,33.85,51.8,2.2
2021-05-28 13:00:00,729.42,819.4,33.8,50.96,2.34
2021-05-28 14:00:00,577.2,685.38,33.54,50.86,2.49
2021-05-28 15:00:00,372.55,489.75,32.96,52.06,2.52
2021-05-28 16:00:00,201.7,273.3,32.19,54.6,2.37
2021-05-28 17:00:00,70.7,87.85,30.87,63.07,1.57
2021-05-28 18:00:00,0.0,0.0,28.98,74.74,1.06
2021-05-28 19:00:00,0.0,0.0,28.36,76.23,1.2
2021-05-28 20:00:00,0.0,0.0,27.95,77.29,1.36
2021-05-28 21:00:00,0.0,0.0,27.58,78.55,1.52
2021-05-28 22:00:00,0.0,0.0,27.25,79.91,1.66
2021-05-28 23:00:00,0.0,0.0,26.97,81.17,1.76
2021-05-29 00:00:00,0.0,0.0,26.69,82.43,1.78
2021-05-29 01:00:00,0.0,0.0,26.47,83.51,1.77
2021-05-29 02:00:00,0.0,0.0,26.27,84.66,1.64
2021-05-29 03:00:00,0.0,0.0,26.04,86.06,1.45
2021-05-29 04:00:00,0.0,0.0,25.83,87.44,1.17
2021-05-29 05:00:00,0.0,0.0,25.61,89.01,0.84
2021-05-29 06:00:00,91.28,97.55,26.07,86.63,1.18
2021-05-29 07:00:00,270.08,294.3,27.66,77.8,1.38
2021-05-29 08:00:00,485.73,515.38,29.68,67.52,1.57
2021-05-29 09:00:00,674.45,707.4,31.26,59.9,1.23
2021-05-29 10:00:00,803.53,846.58,32.49,54.44,1.0
2021-05-29 11:00:00,889.7,919.2,33.33,51.25,1.01
2021-05-29 12:00:00,849.2,907.67,34.02,48.95,1.22
2021-05-29 13:00:00,773.6,836.47,34.5,47.32,1.53
2021-05-29 14:00:00,685.8,698.5,34.47,46.97,1.82
2021-05-29 15:00:00,502.85,507.75,34.1,47.66,1.99
2021-05-29 16:00:00,280.95,289.7,33.38,49.8,1.98
2021-05-29 17:00:00,90.3,94.53,32.07,57.44,1.4
2021-05-29 18:00:00,0.0,0.0,30.03,72.06,0.85
2021-05-29 19:00:00,0.0,0.0,29.35,73.76,0.87
2021-05-29 20:00:00,0.0,0.0,29.01,74.18,0.87
2021-05-29 21:00:00,0.0,0.0,28.8,73.97,0.79
2021-05-29 22:00:00,0.0,0.0,28.67,73.86,0.65
2021-05-29 23:00:00,0.0,0.0,28.38,74.89,0.59
2021-05-30 00:00:00,0.0,0.0,27.96,78.22,0.62
2021-05-30 01:00:00,0.0,0.0,27.62,79.87,0.71
2021-05-30 02:00:00,0.0,0.0,27.35,79.87,0.91
2021-05-30 03:00:00,0.0,0.0,27.08,80.45,1.18
2021-05-30 04:00:00,0.0,0.0,26.8,81.71,1.49
2021-05-30 05:00:00,0.0,0.0,26.54,83.73,1.73
2021-05-30 06:00:00,29.52,90.2,26.82,83.69,2.36
2021-05-30 07:00:00,80.28,282.48,27.63,81.46,2.56
2021-05-30 08:00:00,61.53,503.45,29.07,73.86,2.9
2021-05-30 09:00:00,225.98,697.38,30.28,68.06,2.86
2021-05-30 10:00:00,241.4,838.22,31.1,64.86,2.54
2021-05-30 11:00:00,410.08,913.22,31.54,63.8,2.33
2021-05-30 12:00:00,544.38,910.33,31.72,63.84,2.24
2021-05-30 13:00:00,483.05,835.88,31.53,65.19,2.23
2021-05-30 14:00:00,396.67,695.25,31.14,67.2,2.26
2021-05-30 15:00:00,343.67,497.45,30.56,70.22,2.16
2021-05-30 16:00:00,189.57,277.83,29.83,75.56,1.76
2021-05-30 17:00:00,73.3,89.65,28.86,81.64,1.47
2021-05-30 18:00:00,0.0,0.0,27.65,89.81,0.99
2021-05-30 19:00:00,0.0,0.0,27.18,90.74,1.06
2021-05-30 20:00:00,0.0,0.0,26.87,91.33,1.12
2021-05-30 21:00:00,0.0,0.0,26.65,91.84,1.09
2021-05-30 22:00:00,0.0,0.0,26.45,92.33,1.02
2021-05-30 23:00:00,0.0,0.0,26.2,92.88,1.0
2021-05-31 00:00:00,0.0,0.0,25.96,93.4,0.95
2021-05-31 01:00:00,0.0,0.0,25.75,94.12,0.84
2021-05-31 02:00:00,0.0,0.0,25.66,94.25,0.84
2021-05-31 03:00:00,0.0,0.0,25.57,94.07,1.08
2021-05-31 04:00:00,0.0,0.0,25.45,94.14,1.39
2021-05-31 05:00:00,0.0,0.0,25.35,94.37,1.6
2021-05-31 06:00:00,93.53,96.0,25.8,92.33,2.2
2021-05-31 07:00:00,284.42,291.52,26.59,88.95,2.57
2021-05-31 08:00:00,510.33,511.25,28.19,79.81,3.22
2021-05-31 09:00:00,701.15,702.78,29.93,68.51,3.54
2021-05-31 10:00:00,841.22,845.35,31.41,61.06,3.29
2021-05-31 11:00:00,913.6,915.92,32.66,55.79,2.82
2021-05-31 12:00:00,918.83,926.22,33.46,52.31,2.44
2021-05-31 13:00:00,833.33,853.25,33.79,50.95,2.51
2021-05-31 14:00:00,709.0,712.58,33.52,51.92,2.9
2021-05-31 15:00:00,516.78,520.6,32.78,54.8,3.35
2021-05-31 16:00:00,292.15,298.58,31.61,59.96,3.66
2021-05-31 17:00:00,97.05,99.15,29.92,69.28,3.38
2021-05-31 18:00:00,0.0,0.0,28.2,79.54,3.04
2021-05-31 19:00:00,0.0,0.0,27.46,84.81,3.34
2021-05-31 20:00:00,0.0,0.0,27.01,88.03,3.51
2021-05-31 21:00:00,0.0,0.0,26.66,89.84,3.6
2021-05-31 22:00:00,0.0,0.0,26.28,91.18,3.62
2021-05-31 23:00:00,0.0,0.0,25.86,92.48,3.41
2021-06-01 00:00:00,0.0,0.0,25.44,93.73,2.94
2021-06-01 01:00:00,0.0,0.0,25.11,94.47,2.14
2021-06-01 02:00:00,0.0,0.0,24.96,94.17,2.12
2021-06-01 03:00:00,0.0,0.0,24.77,94.3,1.96
2021-06-01 04:00:00,0.0,0.0,24.61,94.42,2.0
2021-06-01 05:00:00,0.0,0.0,24.43,94.71,2.08
2021-06-01 06:00:00,79.7,100.57,24.65,93.4,2.43
2021-06-01 07:00:00,230.65,301.83,25.52,89.13,2.93
2021-06-01 08:00:00,422.15,525.2,27.03,80.13,3.73
2021-06-01 09:00:00,594.6,717.97,28.92,68.39,4.05
2021-06-01 10:00:00,809.97,857.6,30.74,58.96,3.95
2021-06-01 11:00:00,904.45,929.42,32.21,53.07,3.76
2021-06-01 12:00:00,903.83,932.7,33.17,49.94,3.54
2021-06-01 13:00:00,819.62,857.75,33.64,48.54,3.26
2021-06-01 14:00:00,688.15,717.28,33.58,48.65,2.91
2021-06-01 15:00:00,489.7,524.17,33.18,49.67,2.59
2021-06-01 16:00:00,271.33,301.27,32.45,52.11,2.43
2021-06-01 17:00:00,92.57,100.28,30.81,62.15,1.81
2021-06-01 18:00:00,0.0,0.0,28.61,71.65,1.71
2021-06-01 19:00:00,0.0,0.0,28.05,71.1,2.49
2021-06-01 20:00:00,0.0,0.0,27.55,72.25,2.98
2021-06-01 21:00:00,0.0,0.0,26.96,74.79,3.11
2021-06-01 22:00:00,0.0,0.0,26.42,77.54,2.97
2021-06-01 23:00:00,0.0,0.0,25.99,79.85,2.79
2021-06-02 00:00:00,0.0,0.0,25.62,81.83,2.58
2021-06-02 01:00:00,0.0,0.0,25.3,83.46,2.4
2021-06-02 02:00:00,0.0,0.0,24.99,84.89,2.25
2021-06-02 03:00:00,0.0,0.0,24.68,86.18,2.09
2021-06-02 04:00:00,0.0,0.0,24.34,87.7,1.92
2021-06-02 05:00:00,0.0,0.0,23.98,89.43,1.76
2021-06-02 06:00:00,96.15,97.43,24.68,86.14,2.45
2021-06-02 07:00:00,288.55,294.27,27.03,74.38,2.71
2021-06-02 08:00:00,519.08,519.95,30.0,59.89,3.1
2021-06-02 09:00:00,690.88,711.78,32.18,51.53,2.97
2021-06-02 10:00:00,822.6,849.92,33.77,46.66,2.92
2021-06-02 11:00:00,902.2,922.75,34.91,43.52,2.92
2021-06-02 12:00:00,914.53,932.17,35.68,41.33,2.94
2021-06-02 13:00:00,858.22,860.6,36.05,39.96,2.96
2021-06-02 14:00:00,720.3,721.25,36.01,39.56,2.95
2021-06-02 15:00:00,528.47,529.08,35.49,40.4,2.94
2021-06-02 16:00:00,304.9,308.48,34.45,43.14,2.91
2021-06-02 17:00:00,103.47,104.6,32.41,53.13,2.23
2021-06-02 18:00:00,0.0,0.0,29.88,63.84,2.02
2021-06-02 19:00:00,0.0,0.0,29.05,66.79,2.64
2021-06-02 20:00:00,0.0,0.0,28.37,70.12,2.72
2021-06-02 21:00:00,0.0,0.0,27.76,73.28,2.44
2021-06-02 22:00:00,0.0,0.0,27.24,75.99,2.03
2021-06-02 23:00:00,0.0,0.0,26.89,77.69,1.76
2021-06-03 00:00:00,0.0,0.0,26.58,79.04,1.59
2021-06-03 01:00:00,0.0,0.0,26.29,80.27,1.57
2021-06-03 02:00:00,0.0,0.0,26.03,81.41,1.74
2021-06-03 03:00:00,0.0,0.0,25.76,82.83,1.98
2021-06-03 04:00:00,0.0,0.0,25.28,85.69,2.09
2021-06-03 05:00:00,0.0,0.0,24.84,88.81,2.06
2021-06-03 06:00:00,13.77,98.05,25.4,87.29,2.61
2021-06-03 07:00:00,44.05,302.3,27.48,78.4,3.34
2021-06-03 08:00:00,68.47,525.03,29.79,67.69,3.46
2021-06-03 09:00:00,217.7,716.95,31.67,59.86,3.04
2021-06-03 10:00:00,481.3,855.75,32.94,55.19,2.59
2021-06-03 11:00:00,610.3,927.53,33.7,52.69,2.25
2021-06-03 12:00:00,755.95,913.88,34.02,51.61,2.04
2021-06-03 13:00:00,742.78,842.35,34.14,51.03,1.92
2021-06-03 14:00:00,564.78,707.85,33.96,51.28,1.85
2021-06-03 15:00:00,384.08,515.58,33.6,52.1,1.94
2021-06-03 16:00:00,223.77,300.2,32.86,54.3,2.02
2021-06-03 17:00:00,76.12,100.8,31.48,62.02,1.66
2021-06-03 18:00:00,0.0,0.0,29.36,73.3,1.37
2021-06-03 19:00:00,0.0,0.0,28.49,74.6,1.73
2021-06-03 20:00:00,0.0,0.0,28.0,75.85,1.89
2021-06-03 21:00:00,0.0,0.0,27.58,77.63,1.82
2021-06-03 22:00:00,0.0,0.0,27.14,79.75,1.63
2021-06-03 23:00:00,0.0,0.0,26.72,81.72,1.47
2021-06-04 00:00:00,0.0,0.0,26.36,83.16,1.42
2021-06-04 01:00:00,0.0,0.0,25.98,84.6,1.44
2021-06-04 02:00:00,0.0,0.0,25.6,86.17,1.4
2021-06-04 03:00:00,0.0,0.0,25.25,87.83,1.32
2021-06-04 04:00:00,0.0,0.0,24.95,89.35,1.25
2021-06-04 05:00:00,0.0,0.0,24.68,90.83,1.26
2021-06-04 06:00:00,60.95,90.4,25.58,86.66,2.22
2021-06-04 07:00:00,170.38,277.67,27.73,76.01,2.5
2021-06-04 08:00:00,304.98,490.9,30.55,61.67,3.07
2021-06-04 09:00:00,531.7,678.47,32.36,54.64,2.81
2021-06-04 10:00:00,692.95,816.0,33.78,50.09,2.37
2021-06-04 11:00:00,765.65,888.95,34.67,47.16,1.99
2021-06-04 12:00:00,717.3,855.15,35.27,45.22,1.9
2021-06-04 13:00:00,663.05,781.6,35.55,44.25,2.11
2021-06-04 14:00:00,509.1,642.7,35.32,44.63,2.6
2021-06-04 15:00:00,339.33,455.62,34.59,46.48,3.02
2021-06-04 16:00:00,191.55,249.9,33.44,50.1,3.16
2021-06-04 17:00:00,67.57,80.7,31.75,57.85,2.61
2021-06-04 18:00:00,0.0,0.0,29.86,67.32,2.04
2021-06-04 19:00:00,0.0,0.0,29.09,70.94,2.15
2021-06-04 20:00:00,0.0,0.0,28.53,74.0,2.12
2021-06-04 21:00:00,0.0,0.0,28.03,76.85,2.0
2021-06-04 22:00:00,0.0,0.0,27.63,78.96,2.05
2021-06-04 23:00:00,0.0,0.0,27.26,80.8,2.22
2021-06-05 00:00:00,0.0,0.0,26.84,83.02,2.35
2021-06-05 01:00:00,0.0,0.0,26.43,85.46,2.38
2021-06-05 02:00:00,0.0,0.0,26.04,87.7,2.33
2021-06-05 03:00:00,0.0,0.0,25.67,89.59,2.35
2021-06-05 04:00:00,0.0,0.0,25.38,90.87,2.42
2021-06-05 05:00:00,0.0,0.0,25.14,91.91,2.47
2021-06-05 06:00:00,70.0,71.15,25.61,89.56,3.11
2021-06-05 07:00:00,203.07,223.38,27.24,80.36,4.16
2021-06-05 08:00:00,359.83,410.62,29.51,68.37,4.67
2021-06-05 09:00:00,599.62,600.22,31.24,60.83,4.6
2021-06-05 10:00:00,727.92,745.53,32.67,55.27,4.23
2021-06-05 11:00:00,832.85,833.17,33.73,51.31,3.8
2021-06-05 12:00:00,861.97,892.83,34.27,49.23,3.5
2021-06-05 13:00:00,743.35,826.15,34.46,48.36,3.27
2021-06-05 14:00:00,629.8,696.95,34.17,48.86,3.19
2021-06-05 15:00:00,442.2,508.45,33.6,50.16,3.13
2021-06-05 16:00:00,246.9,292.33,32.6,53.18,2.93
2021-06-05 17:00:00,97.0,100.45,30.95,62.07,2.06
2021-06-05 18:00:00,0.0,0.0,28.87,73.61,1.42
2021-06-05 19:00:00,0.0,0.0,28.03,76.07,1.54
2021-06-05 20:00:00,0.0,0.0,27.47,77.58,1.61
2021-06-05 21:00:00,0.0,0.0,27.03,78.88,1.62
2021-06-05 22:00:00,0.0,0.0,26.67,80.22,1.59
2021-06-05 23:00:00,0.0,0.0,26.39,81.38,1.57
2021-06-06 00:00:00,0.0,0.0,26.05,82.98,1.53
2021-06-06 01:00:00,0.0,0.0,25.7,84.89,1.43
2021-06-06 02:00:00,0.0,0.0,25.36,86.73,1.4
2021-06-06 03:00:00,0.0,0.0,25.0,88.73,1.35
2021-06-06 04:00:00,0.0,0.0,24.63,91.09,1.14
2021-06-06 05:00:00,0.0,0.0,24.27,93.38,0.89
2021-06-06 06:00:00,40.7,94.82,24.95,90.32,1.68
2021-06-06 07:00:00,151.55,290.67,27.06,78.84,2.29
2021-06-06 08:00:00,273.58,507.77,29.54,66.37,2.75
2021-06-06 09:00:00,464.02,696.62,31.31,59.62,2.75
2021-06-06 10:00:00,675.5,833.75,32.77,54.43,2.62
2021-06-06 11:00:00,780.67,902.35,33.93,49.98,2.39
2021-06-06 12:00:00,770.6,830.85,34.81,46.35,2.15
2021-06-06 13:00:00,720.12,765.92,35.33,43.91,2.0
2021-06-06 14:00:00,597.72,634.62,35.36,43.0,1.94
2021-06-06 15:00:00,392.42,456.08,34.91,43.49,2.08
2021-06-06 16:00:00,215.82,258.15,33.92,46.49,2.14
2021-06-06 17:00:00,82.07,89.57,32.1,57.51,1.53
2021-06-06 18:00:00,0.0,0.0,29.83,69.9,1.2
2021-06-06 19:00:00,0.0,0.0,28.91,72.24,1.42
2021-06-06 20:00:00,0.0,0.0,28.28,74.68,1.55
2021-06-06 21:00:00,0.0,0.0,27.78,77.2,1.63
2021-06-06 22:00:00,0.0,0.0,27.27,79.89,1.69
2021-06-06 23:00:00,0.0,0.0,26.84,82.26,1.82
2021-06-07 00:00:00,0.0,0.0,26.44,84.58,1.92
2021-06-07 01:00:00,0.0,0.0,26.12,86.47,1.98
2021-06-07 02:00:00,0.0,0.0,25.82,88.08,1.98
2021-06-07 03:00:00,0.0,0.0,25.53,89.66,1.95
2021-06-07 04:00:00,0.0,0.0,25.28,90.89,1.94
2021-06-07 05:00:00,0.0,0.0,25.01,92.26,1.83
2021-06-07 06:00:00,72.65,85.4,25.42,90.28,2.39
2021-06-07 07:00:00,224.07,274.65,26.98,80.02,2.86
2021-06-07 08:00:00,423.0,499.45,29.02,68.38,3.1
2021-06-07 09:00:00,648.35,697.92,30.71,61.03,2.94
2021-06-07 10:00:00,809.75,843.75,32.14,55.08,2.8
2021-06-07 11:00:00,879.42,921.5,33.31,49.98,2.72
2021-06-07 12:00:00,832.62,937.65,34.19,46.1,2.69
2021-06-07 13:00:00,714.72,868.67,34.77,43.54,2.67
2021-06-07 14:00:00,601.88,734.03,34.92,42.43,2.62
2021-06-07 15:00:00,507.67,546.55,34.61,42.56,2.58
2021-06-07 16:00:00,296.9,326.98,33.73,44.58,2.49
2021-06-07 17:00:00,111.25,117.9,31.98,53.05,1.81
2021-06-07 18:00:00,0.0,0.0,29.61,65.93,1.33
2021-06-07 19:00:00,0.0,0.0,28.63,68.31,1.72
2021-06-07 20:00:00,0.0,0.0,27.88,71.19,1.99
2021-06-07 21:00:00,0.0,0.0,27.3,74.02,2.02
2021-06-07 22:00:00,0.0,0.0,26.84,76.4,1.89
2021-06-07 23:00:00,0.0,0.0,26.43,78.49,1.68
2021-06-08 00:00:00,0.0,0.0,26.05,80.23,1.49
2021-06-08 01:00:00,0.0,0.0,25.68,81.97,1.31
2021-06-08 02:00:00,0.0,0.0,25.31,83.73,1.14
2021-06-08 03:00:00,0.0,0.0,24.96,85.47,1.01
2021-06-08 04:00:00,0.0,0.0,24.61,87.1,0.9
2021-06-08 05:00:00,0.0,0.0,24.28,88.67,0.82
2021-06-08 06:00:00,103.15,103.95,25.36,82.98,1.59
2021-06-08 07:00:00,302.75,305.8,28.02,69.74,1.56
2021-06-08 08:00:00,518.88,527.53,31.11,56.23,1.32
2021-06-08 09:00:00,392.8,717.47,33.07,49.8,1.19
2021-06-08 10:00:00,413.38,856.85,34.7,44.77,1.63
2021-06-08 11:00:00,273.5,927.0,35.87,41.17,2.03
2021-06-08 12:00:00,432.02,894.83,36.59,38.83,2.36
2021-06-08 13:00:00,497.98,821.22,36.86,37.86,2.57
2021-06-08 14:00:00,470.25,689.42,36.75,37.91,2.69
2021-06-08 15:00:00,323.48,498.12,36.15,39.06,2.88
2021-06-08 16:00:00,185.93,284.3,35.04,41.61,2.98
2021-06-08 17:00:00,71.28,97.6,33.13,49.68,2.14
2021-06-08 18:00:00,0.0,0.0,30.94,59.98,1.61
2021-06-08 19:00:00,0.0,0.0,30.03,62.67,1.93
2021-06-08 20:00:00,0.0,0.0,29.24,65.68,2.08
2021-06-08 21:00:00,0.0,0.0,28.53,68.86,2.01
2021-06-08 22:00:00,0.0,0.0,27.87,72.11,1.75
2021-06-08 23:00:00,0.0,0.0,27.35,74.79,1.49
2021-06-09 00:00:00,0.0,0.0,26.92,77.16,1.23
2021-06-09 01:00:00,0.0,0.0,26.55,79.27,1.01
2021-06-09 02:00:00,0.0,0.0,26.26,80.98,0.84
2021-06-09 03:00:00,0.0,0.0,25.98,82.48,0.78
2021-06-09 04:00:00,0.0,0.0,25.74,83.75,0.84
2021-06-09 05:00:00,0.0,0.0,25.53,84.99,1.0
2021-06-09 06:00:00,83.43,91.12,26.11,82.36,2.07
2021-06-09 07:00:00,250.38,282.23,27.4,76.19,2.6
2021-06-09 08:00:00,466.65,509.67,29.05,67.16,3.23
2021-06-09 09:00:00,661.3,703.25,30.04,60.62,3.48
2021-06-09 10:00:00,690.53,842.75,30.75,55.57,3.62
2021-06-09 11:00:00,808.47,915.58,31.49,51.08,3.66
2021-06-09 12:00:00,787.65,905.1,32.2,47.17,3.79
2021-06-09 13:00:00,707.28,834.0,32.63,45.96,3.99
2021-06-09 14:00:00,614.97,699.3,32.58,46.77,4.12
2021-06-09 15:00:00,447.62,512.22,32.08,48.94,4.04
2021-06-09 16:00:00,249.5,289.38,31.15,53.21,3.58
2021-06-09 17:00:00,81.55,89.22,29.62,61.98,2.59
2021-06-09 18:00:00,2.8,2.8,27.95,71.38,2.08
2021-06-09 19:00:00,0.0,0.0,27.19,75.2,2.32
2021-06-09 20:00:00,0.0,0.0,26.58,78.4,2.27
2021-06-09 21:00:00,0.0,0.0,26.09,81.05,2.02
2021-06-09 22:00:00,0.0,0.0,25.72,83.35,1.52
2021-06-09 23:00:00,0.0,0.0,25.33,86.09,0.85
2021-06-10 00:00:00,0.0,0.0,25.03,87.88,0.55
2021-06-10 01:00:00,0.0,0.0,24.76,89.16,0.47
2021-06-10 02:00:00,0.0,0.0,24.53,90.24,0.56
2021-06-10 03:00:00,0.0,0.0,24.33,91.24,0.98
2021-06-10 04:00:00,0.0,0.0,24.08,92.81,1.19
2021-06-10 05:00:00,0.0,0.0,23.98,93.77,1.18
2021-06-10 06:00:00,86.28,95.53,24.66,90.79,1.82
2021-06-10 07:00:00,249.45,295.5,26.03,83.63,2.11
2021-06-10 08:00:00,442.52,519.5,27.76,71.72,2.43
2021-06-10 09:00:00,624.85,716.97,29.4,61.38,2.72
2021-06-10 10:00:00,636.33,856.0,30.86,53.92,3.06
2021-06-10 11:00:00,596.72,929.12,31.94,48.99,3.27
2021-06-10 12:00:00,609.4,924.9,32.47,46.22,3.3
2021-06-10 13:00:00,550.83,855.42,32.74,44.72,3.17
2021-06-10 14:00:00,520.75,720.53,32.56,44.9,2.85
2021-06-10 15:00:00,484.98,537.05,32.1,46.42,2.4
2021-06-10 16:00:00,283.88,318.62,31.38,51.04,1.69
2021-06-10 17:00:00,96.9,107.28,30.06,62.35,1.02
2021-06-10 18:00:00,3.28,3.2,28.39,73.49,0.72
2021-06-10 19:00:00,0.0,0.0,27.66,74.38,0.85
2021-06-10 20:00:00,0.0,0.0,27.18,74.46,1.04
2021-06-10 21:00:00,0.0,0.0,26.78,75.56,1.14
2021-06-10 22:00:00,0.0,0.0,26.46,77.33,1.17
2021-06-10 23:00:00,0.0,0.0,26.16,79.09,1.2
2021-06-11 00:00:00,0.0,0.0,25.88,81.01,1.22
2021-06-11 01:00:00,0.0,0.0,25.59,83.23,1.19
2021-06-11 02:00:00,0.0,0.0,25.31,85.47,1.13
2021-06-11 03:00:00,0.0,0.0,25.03,87.63,1.14
2021-06-11 04:00:00,0.0,0.0,24.75,89.77,1.2
2021-06-11 05:00:00,0.0,0.0,24.49,91.68,1.22
2021-06-11 06:00:00,32.47,105.4,25.15,88.49,2.07
2021-06-11 07:00:00,80.65,315.92,26.68,78.64,2.66
2021-06-11 08:00:00,168.23,537.85,28.55,67.64,3.11
2021-06-11 09:00:00,195.82,727.97,30.41,58.93,2.92
2021-06-11 10:00:00,69.43,864.0,31.91,53.13,2.43
2021-06-11 11:00:00,102.43,935.2,33.18,48.64,1.92
2021-06-11 12:00:00,564.53,911.47,34.14,45.31,1.5
2021-06-11 13:00:00,438.73,841.47,34.78,42.87,1.26
2021-06-11 14:00:00,466.7,702.28,34.98,41.7,1.2
2021-06-11 15:00:00,402.23,514.2,34.73,41.75,1.29
2021-06-11 16:00:00,219.9,289.77,34.04,43.47,1.47
2021-06-11 17:00:00,78.9,92.47,32.58,51.8,1.16
2021-06-11 18:00:00,2.85,2.97,29.91,70.34,0.81
2021-06-11 19:00:00,0.0,0.0,28.77,72.74,0.99
2021-06-11 20:00:00,0.0,0.0,27.99,74.82,1.21
2021-06-11 21:00:00,0.0,0.0,27.32,77.22,1.37
2021-06-11 22:00:00,0.0,0.0,26.76,79.47,1.44
2021-06-11 23:00:00,0.0,0.0,26.32,81.14,1.43
2021-06-12 00:00:00,0.0,0.0,25.97,82.43,1.36
2021-06-12 01:00:00,0.0,0.0,25.65,83.64,1.24
2021-06-12 02:00:00,0.0,0.0,25.46,84.37,1.18
2021-06-12 03:00:00,0.0,0.0,25.38,84.59,1.28
2021-06-12 04:00:00,0.0,0.0,25.31,84.77,1.47
2021-06-12 05:00:00,0.0,0.0,25.09,86.03,1.54
2021-06-12 06:00:00,59.3,81.0,25.34,85.14,2.06
2021-06-12 07:00:00,175.5,265.05,26.11,82.77,2.26
2021-06-12 08:00:00,315.2,483.55,27.96,73.45,2.81
2021-06-12 09:00:00,527.53,677.33,29.84,63.43,3.09
2021-06-12 10:00:00,783.28,821.83,31.01,58.51,2.83
2021-06-12 11:00:00,818.05,895.42,31.6,56.3,2.6
2021-06-12 12:00:00,825.65,922.83,31.86,55.45,2.62
2021-06-12 13:00:00,698.25,851.67,31.86,55.49,2.68
2021-06-12 14:00:00,559.33,713.3,31.59,56.6,2.74
2021-06-12 15:00:00,441.45,521.92,30.94,59.28,2.59
2021-06-12 16:00:00,235.77,301.8,30.1,64.37,2.21
2021-06-12 17:00:00,82.78,98.35,28.91,73.42,1.54
2021-06-12 18:00:00,0.77,3.22,27.53,81.3,1.2
2021-06-12 19:00:00,0.0,0.0,27.04,82.73,1.35
2021-06-12 20:00:00,0.0,0.0,26.71,83.83,1.5
2021-06-12 21:00:00,0.0,0.0,26.4,85.28,1.56
2021-06-12 22:00:00,0.0,0.0,26.1,86.95,1.5
2021-06-12 23:00:00,0.0,0.0,25.81,88.32,1.44
2021-06-13 00:00:00,0.0,0.0,25.56,89.43,1.41
2021-06-13 01:00:00,0.0,0.0,25.3,90.66,1.3
2021-06-13 02:00:00,0.0,0.0,25.04,91.99,1.18
2021-06-13 03:00:00,0.0,0.0,24.81,92.94,1.08
2021-06-13 04:00:00,0.0,0.0,24.6,93.61,1.1
2021-06-13 05:00:00,0.0,0.0,24.44,94.01,1.31
2021-06-13 06:00:00,79.47,90.7,25.09,90.54,2.29
2021-06-13 07:00:00,232.3,285.5,27.0,79.32,2.5
2021-06-13 08:00:00,423.2,506.1,29.67,65.27,2.57
2021-06-13 09:00:00,663.55,701.05,32.1,54.11,2.21
2021-06-13 10:00:00,800.65,844.22,34.19,45.55,2.19
2021-06-13 11:00:00,917.08,921.1,35.59,40.49,2.67
2021-06-13 12:00:00,929.78,934.4,36.59,37.47,3.27
2021-06-13 13:00:00,856.78,860.4,37.08,35.86,3.59
2021-06-13 14:00:00,718.55,724.17,37.07,35.56,3.63
2021-06-13 15:00:00,528.47,534.6,36.52,36.53,3.41
2021-06-13 16:00:00,309.92,313.52,35.51,38.99,3.02
2021-06-13 17:00:00,106.7,107.72,33.62,47.92,1.92
2021-06-13 18:00:00,3.45,3.45,30.63,61.99,1.19
2021-06-13 19:00:00,0.0,0.0,29.49,65.02,1.44
2021-06-13 20:00:00,0.0,0.0,28.75,67.84,1.89
2021-06-13 21:00:00,0.0,0.0,28.06,71.65,2.23
2021-06-13 22:00:00,0.0,0.0,27.45,75.13,2.29
2021-06-13 23:00:00,0.0,0.0,26.95,77.74,2.19
2021-06-14 00:00:00,0.0,0.0,26.51,79.97,2.1
2021-06-14 01:00:00,0.0,0.0,26.08,82.22,2.08
2021-06-14 02:00:00,0.0,0.0,25.67,84.79,2.14
2021-06-14 03:00:00,0.0,0.0,25.24,87.63,2.24
2021-06-14 04:00:00,0.0,0.0,24.87,90.11,2.3
2021-06-14 05:00:00,0.0,0.0,24.6,91.82,2.27
2021-06-14 06:00:00,91.07,91.6,25.23,88.62,2.85
2021-06-14 07:00:00,276.48,281.23,27.19,78.27,3.93
2021-06-14 08:00:00,488.35,500.15,29.19,69.06,4.36
2021-06-14 09:00:00,588.2,692.35,30.55,63.73,4.05
2021-06-14 10:00:00,612.72,834.53,31.6,60.16,3.59
2021-06-14 11:00:00,805.75,908.0,32.35,57.63,3.11
2021-06-14 12:00:00,869.4,908.1,32.61,56.63,2.61
2021-06-14 13:00:00,718.78,837.92,32.32,57.4,2.18
2021-06-14 14:00:00,670.42,700.97,31.83,59.22,1.93
2021-06-14 15:00:00,498.45,513.25,31.02,62.97,1.72
2021-06-14 16:00:00,277.33,296.05,30.15,70.05,1.28
2021-06-14 17:00:00,93.5,97.6,29.09,76.8,1.14
2021-06-14 18:00:00,3.08,3.42,27.83,86.66,0.8
2021-06-14 19:00:00,0.0,0.0,27.26,87.31,0.93
2021-06-14 20:00:00,0.0,0.0,26.83,87.77,1.03
2021-06-14 21:00:00,0.0,0.0,26.5,88.3,1.08
2021-06-14 22:00:00,0.0,0.0,26.18,89.02,1.08
2021-06-14 23:00:00,0.0,0.0,25.87,89.47,1.1
2021-06-15 00:00:00,0.0,0.0,25.6,89.67,1.15
2021-06-15 01:00:00,0.0,0.0,25.34,89.95,1.2
2021-06-15 02:00:00,0.0,0.0,25.11,90.38,1.23
2021-06-15 03:00:00,0.0,0.0,24.9,90.76,1.27
2021-06-15 04:00:00,0.0,0.0,24.67,91.33,1.34
2021-06-15 05:00:00,0.0,0.0,24.48,91.83,1.45
2021-06-15 06:00:00,79.15,79.35,25.17,88.51,2.36
2021-06-15 07:00:00,253.05,254.77,26.77,81.44,2.52
2021-06-15 08:00:00,477.52,480.83,29.46,67.03,3.44
2021-06-15 09:00:00,678.53,679.28,31.02,60.37,3.28
2021-06-15 10:00:00,828.15,831.35,32.05,56.47,2.93
2021-06-15 11:00:00,808.97,910.15,32.76,53.94,2.68
2021-06-15 12:00:00,868.47,892.4,33.19,52.41,2.5
2021-06-15 13:00:00,762.78,828.0,33.38,51.61,2.38
2021-06-15 14:00:00,611.22,695.8,33.22,51.68,2.29
2021-06-15 15:00:00,483.55,508.8,32.62,53.34,2.18
2021-06-15 16:00:00,251.35,292.12,31.98,55.76,2.1
2021-06-15 17:00:00,79.53,96.95,30.53,65.02,1.48
2021-06-15 18:00:00,2.6,3.47,28.61,74.09,1.28
2021-06-15 19:00:00,0.0,0.0,27.98,75.76,1.67
2021-06-15 20:00:00,0.0,0.0,27.5,77.88,1.8
2021-06-15 21:00:00,0.0,0.0,27.09,79.9,1.71
2021-06-15 22:00:00,0.0,0.0,26.81,81.19,1.65
2021-06-15 23:00:00,0.0,0.0,26.59,82.02,1.72
2021-06-16 00:00:00,0.0,0.0,26.36,82.96,1.84
2021-06-16 01:00:00,0.0,0.0,26.11,84.18,1.96
2021-06-16 02:00:00,0.0,0.0,25.82,85.74,2.11
2021-06-16 03:00:00,0.0,0.0,25.59,87.15,2.34
2021-06-16 04:00:00,0.0,0.0,25.37,88.56,2.51
2021-06-16 05:00:00,0.0,0.0,25.18,89.85,2.64
2021-06-16 06:00:00,53.1,86.12,25.42,89.06,2.99
2021-06-16 07:00:00,162.9,278.95,26.29,84.81,3.53
2021-06-16 08:00:00,304.88,498.0,27.71,76.63,4.53
2021-06-16 09:00:00,459.88,693.6,29.4,67.72,5.06
2021-06-16 10:00:00,449.7,838.6,30.66,61.57,5.0
2021-06-16 11:00:00,446.08,918.42,31.51,57.52,4.64
2021-06-16 12:00:00,419.12,928.72,32.0,55.13,4.17
2021-06-16 13:00:00,499.42,863.33,32.01,54.51,3.67
2021-06-16 14:00:00,280.33,730.4,31.43,56.04,3.22
2021-06-16 15:00:00,297.0,542.4,30.63,58.89,2.84
2021-06-16 16:00:00,160.75,323.12,29.69,64.03,2.26
2021-06-16 17:00:00,56.62,109.38,28.43,73.81,1.43
2021-06-16 18:00:00,2.2,3.83,27.15,80.83,1.09
2021-06-16 19:00:00,0.0,0.0,26.7,81.99,1.1
2021-06-16 20:00:00,0.0,0.0,26.37,82.81,1.13
2021-06-16 21:00:00,0.0,0.0,26.08,83.6,1.2
2021-06-16 22:00:00,0.0,0.0,25.83,84.39,1.33
2021-06-16 23:00:00,0.0,0.0,25.58,85.39,1.55
2021-06-17 00:00:00,0.0,0.0,25.34,86.51,1.84
2021-06-17 01:00:00,0.0,0.0,25.05,87.73,2.05
2021-06-17 02:00:00,0.0,0.0,24.76,89.09,2.09
2021-06-17 03:00:00,0.0,0.0,24.48,90.29,2.16
2021-06-17 04:00:00,0.0,0.0,24.23,91.47,2.18
2021-06-17 05:00:00,0.0,0.0,23.99,92.73,2.17
2021-06-17 06:00:00,59.53,92.78,24.43,90.66,2.71
2021-06-17 07:00:00,182.48,293.33,25.75,83.51,3.04
2021-06-17 08:00:00,338.33,511.73,27.63,71.86,3.63
2021-06-17 09:00:00,438.7,701.25,29.27,62.9,3.81
2021-06-17 10:00:00,554.4,842.35,30.46,57.57,3.58
2021-06-17 11:00:00,601.83,918.2,31.31,53.97,3.09
2021-06-17 12:00:00,791.58,934.15,31.85,51.89,2.49
2021-06-17 13:00:00,655.45,867.42,32.0,51.26,2.0
2021-06-17 14:00:00,629.7,735.67,31.77,51.91,1.64
2021-06-17 15:00:00,489.7,550.2,31.29,53.4,1.4
2021-06-17 16:00:00,291.8,332.8,30.75,56.09,1.23
2021-06-17 17:00:00,102.97,115.55,29.83,62.76,0.95
2021-06-17 18:00:00,3.78,3.92,28.06,77.14,0.64
2021-06-17 19:00:00,0.0,0.0,27.32,77.3,0.73
2021-06-17 20:00:00,0.0,0.0,26.77,77.96,0.78
2021-06-17 21:00:00,0.0,0.0,26.26,78.75,0.82
2021-06-17 22:00:00,0.0,0.0,25.84,79.46,0.84
2021-06-17 23:00:00,0.0,0.0,25.53,80.09,0.84
2021-06-18 00:00:00,0.0,0.0,25.19,81.1,0.82
2021-06-18 01:00:00,0.0,0.0,24.85,82.28,0.78
2021-06-18 02:00:00,0.0,0.0,24.55,83.55,0.74
2021-06-18 03:00:00,0.0,0.0,24.29,84.76,0.72
2021-06-18 04:00:00,0.0,0.0,23.99,86.18,0.72
2021-06-18 05:00:00,0.0,0.0,23.68,87.63,0.82
2021-06-18 06:00:00,88.7,93.12,24.54,83.31,1.93
2021-06-18 07:00:00,278.5,292.85,26.6,73.25,2.67
2021-06-18 08:00:00,501.52,511.75,29.14,62.19,3.34
2021-06-18 09:00:00,666.95,703.47,30.82,56.25,3.27
2021-06-18 10:00:00,817.45,843.92,32.02,52.73,2.87
2021-06-18 11:00:00,857.08,920.72,32.91,50.24,2.54
2021-06-18 12:00:00,833.25,911.28,33.42,48.83,2.28
2021-06-18 13:00:00,551.9,842.0,33.52,48.32,2.06
2021-06-18 14:00:00,610.17,708.42,33.29,48.68,1.94
2021-06-18 15:00:00,434.7,522.1,32.81,49.71,1.93
2021-06-18 16:00:00,228.52,305.02,31.93,52.74,1.91
2021-06-18 17:00:00,76.2,102.28,30.65,60.92,1.44
2021-06-18 18:00:00,2.67,3.75,28.76,71.11,1.08
2021-06-18 19:00:00,0.0,0.0,27.97,72.8,1.31
2021-06-18 20:00:00,0.0,0.0,27.46,74.37,1.47
2021-06-18 21:00:00,0.0,0.0,26.98,76.39,1.53
2021-06-18 22:00:00,0.0,0.0,26.6,78.1,1.57
2021-06-18 23:00:00,0.0,0.0,26.29,79.43,1.61
2021-06-19 00:00:00,0.0,0.0,25.97,80.76,1.61
2021-06-19 01:00:00,0.0,0.0,25.67,82.07,1.55
2021-06-19 02:00:00,0.0,0.0,25.42,83.36,1.52
2021-06-19 03:00:00,0.0,0.0,25.15,84.86,1.47
2021-06-19 04:00:00,0.0,0.0,24.88,86.41,1.5
2021-06-19 05:00:00,0.0,0.0,24.62,87.96,1.65
2021-06-19 06:00:00,70.35,75.28,24.88,86.84,2.34
2021-06-19 07:00:00,226.68,243.6,25.76,82.81,2.76
2021-06-19 08:00:00,387.83,435.52,27.11,76.07,3.29
2021-06-19 09:00:00,529.4,612.75,28.58,69.13,3.0
2021-06-19 10:00:00,611.15,758.92,29.75,64.03,2.21
2021-06-19 11:00:00,651.17,836.95,30.5,60.51,1.54
2021-06-19 12:00:00,675.78,887.85,30.93,58.28,1.12
2021-06-19 13:00:00,674.03,831.47,31.14,57.21,0.88
2021-06-19 14:00:00,550.62,705.1,31.07,57.35,0.82
2021-06-19 15:00:00,391.4,521.4,30.73,58.46,0.89
2021-06-19 16:00:00,212.2,303.15,30.19,61.73,0.89
2021-06-19 17:00:00,79.85,101.85,29.53,67.36,0.75
2021-06-19 18:00:00,3.62,3.88,28.1,77.4,0.57
2021-06-19 19:00:00,0.0,0.0,27.45,78.99,0.65
2021-06-19 20:00:00,0.0,0.0,26.98,80.1,0.77
2021-06-19 21:00:00,0.0,0.0,26.55,80.88,0.94
2021-06-19 22:00:00,0.0,0.0,26.21,81.53,1.1
2021-06-19 23:00:00,0.0,0.0,25.88,82.79,1.15
2021-06-20 00:00:00,0.0,0.0,25.53,84.73,1.06
2021-06-20 01:00:00,0.0,0.0,25.16,86.97,0.9
2021-06-20 02:00:00,0.0,0.0,24.89,88.77,0.78
2021-06-20 03:00:00,0.0,0.0,24.69,90.09,0.76
2021-06-20 04:00:00,0.0,0.0,24.51,91.09,0.82
2021-06-20 05:00:00,0.0,0.0,24.32,91.95,1.02
2021-06-20 06:00:00,32.4,78.75,24.91,89.47,1.99
2021-06-20 07:00:00,79.75,265.33,25.8,85.9,2.67
2021-06-20 08:00:00,137.02,482.33,27.53,76.9,3.06
2021-06-20 09:00:00,63.12,676.17,28.98,69.45,3.26
2021-06-20 10:00:00,53.25,811.45,29.91,65.43,3.28
2021-06-20 11:00:00,57.65,881.58,30.6,62.33,3.08
2021-06-20 12:00:00,166.88,882.47,30.95,60.79,2.89
2021-06-20 13:00:00,226.55,818.9,30.9,61.32,2.72
2021-06-20 14:00:00,259.27,690.03,30.47,63.79,2.61
2021-06-20 15:00:00,182.62,509.92,29.73,68.45,2.37
2021-06-20 16:00:00,156.15,299.67,28.84,75.64,1.89
2021-06-20 17:00:00,50.28,100.75,27.77,83.61,1.5
2021-06-20 18:00:00,2.5,3.9,26.51,90.1,1.2
2021-06-20 19:00:00,0.0,0.0,26.0,91.74,1.2
2021-06-20 20:00:00,0.0,0.0,25.62,93.08,1.13
2021-06-20 21:00:00,0.0,0.0,25.31,94.04,1.06
2021-06-20 22:00:00,0.0,0.0,25.05,94.6,1.07
2021-06-20 23:00:00,0.0,0.0,24.8,94.85,1.15
2021-06-21 00:00:00,0.0,0.0,24.61,94.77,1.27
2021-06-21 01:00:00,0.0,0.0,24.43,94.95,1.44
2021-06-21 02:00:00,0.0,0.0,24.22,95.64,1.45
2021-06-21 03:00:00,0.0,0.0,24.05,96.33,1.26
2021-06-21 04:00:00,0.0,0.0,23.91,96.82,0.97
2021-06-21 05:00:00,0.0,0.0,23.73,97.06,0.92
2021-06-21 06:00:00,60.75,85.3,24.08,95.57,1.71
2021-06-21 07:00:00,189.68,279.77,24.58,93.82,2.42
2021-06-21 08:00:00,346.27,497.08,25.46,90.04,2.54
2021-06-21 09:00:00,399.12,687.7,26.61,82.6,2.63
2021-06-21 10:00:00,371.08,827.58,27.77,74.29,2.61
2021-06-21 11:00:00,443.6,904.25,28.59,68.64,2.56
2021-06-21 12:00:00,529.58,936.97,29.1,65.41,2.48
2021-06-21 13:00:00,622.72,870.8,29.26,64.01,2.45
2021-06-21 14:00:00,527.25,738.78,29.02,64.58,2.38
2021-06-21 15:00:00,503.02,551.0,28.61,66.11,2.28
2021-06-21 16:00:00,279.62,330.15,28.03,68.8,2.06
2021-06-21 17:00:00,97.35,115.8,27.03,76.02,1.41
2021-06-21 18:00:00,3.75,4.28,25.75,86.19,0.88
2021-06-21 19:00:00,0.0,0.0,25.24,88.17,0.85
2021-06-21 20:00:00,0.0,0.0,24.93,88.88,0.88
2021-06-21 21:00:00,0.0,0.0,24.65,89.66,0.88
2021-06-21 22:00:00,0.0,0.0,24.41,90.31,0.89
2021-06-21 23:00:00,0.0,0.0,24.17,90.91,0.93
2021-06-22 00:00:00,0.0,0.0,23.94,91.54,0.99
2021-06-22 01:00:00,0.0,0.0,23.7,92.44,1.05
2021-06-22 02:00:00,0.0,0.0,23.5,93.3,1.09
2021-06-22 03:00:00,0.0,0.0,23.34,94.02,1.09
2021-06-22 04:00:00,0.0,0.0,23.15,94.88,1.02
2021-06-22 05:00:00,0.0,0.0,22.98,95.6,0.93
2021-06-22 06:00:00,66.35,79.07,23.49,93.17,1.57
2021-06-22 07:00:00,217.5,267.88,24.64,86.53,1.81
2021-06-22 08:00:00,394.4,484.92,26.55,73.79,2.13
2021-06-22 09:00:00,412.8,677.0,28.8,63.03,1.81
2021-06-22 10:00:00,524.7,817.17,30.43,57.79,1.21
2021-06-22 11:00:00,655.47,893.65,31.31,55.68,0.76
2021-06-22 12:00:00,694.33,897.42,31.81,54.61,0.45
2021-06-22 13:00:00,674.2,825.65,31.97,54.32,0.1
2021-06-22 14:00:00,618.17,694.1,31.85,54.59,0.32
2021-06-22 15:00:00,453.58,502.33,31.45,55.73,0.71
2021-06-22 16:00:00,259.77,289.67,30.63,59.57,0.88
2021-06-22 17:00:00,93.22,98.85,29.68,66.58,0.83
2021-06-22 18:00:00,4.03,4.05,28.08,80.59,0.63
2021-06-22 19:00:00,0.0,0.0,27.08,84.95,0.71
2021-06-22 20:00:00,0.0,0.0,26.33,85.32,0.97
2021-06-22 21:00:00,0.0,0.0,25.69,85.57,1.3
2021-06-22 22:00:00,0.0,0.0,25.15,86.71,1.6
2021-06-22 23:00:00,0.0,0.0,24.68,88.81,1.79
2021-06-23 00:00:00,0.0,0.0,24.31,91.11,1.8
2021-06-23 01:00:00,0.0,0.0,24.0,93.19,1.65
2021-06-23 02:00:00,0.0,0.0,23.76,94.63,1.43
2021-06-23 03:00:00,0.0,0.0,23.6,95.37,1.14
2021-06-23 04:00:00,0.0,0.0,23.46,95.9,0.98
2021-06-23 05:00:00,0.0,0.0,23.38,96.16,0.94
2021-06-23 06:00:00,70.43,80.05,24.02,92.76,1.69
2021-06-23 07:00:00,218.18,268.45,25.19,86.37,1.97
2021-06-23 08:00:00,422.6,489.35,26.66,78.7,2.08
2021-06-23 09:00:00,624.17,683.72,28.15,71.43,1.65
2021-06-23 10:00:00,661.6,830.97,29.4,65.9,1.02
2021-06-23 11:00:00,738.12,909.0,30.21,61.97,0.67
2021-06-23 12:00:00,711.83,911.17,30.52,60.04,0.9
2021-06-23 13:00:00,674.47,844.75,30.47,60.09,1.26
2021-06-23 14:00:00,597.92,713.25,30.26,60.92,1.54
2021-06-23 15:00:00,415.6,531.6,29.76,63.05,1.68
2021-06-23 16:00:00,199.85,314.77,28.91,67.85,1.61
2021-06-23 17:00:00,76.25,108.22,27.74,76.38,1.22
2021-06-23 18:00:00,3.62,4.22,26.38,87.55,0.72
2021-06-23 19:00:00,0.0,0.0,25.93,89.64,0.55
2021-06-23 20:00:00,0.0,0.0,25.87,88.08,0.37
2021-06-23 21:00:00,0.0,0.0,25.67,87.73,0.32
2021-06-23 22:00:00,0.0,0.0,25.15,90.78,0.47
2021-06-23 23:00:00,0.0,0.0,24.7,93.48,0.52
2021-06-24 00:00:00,0.0,0.0,24.37,94.73,0.57
2021-06-24 01:00:00,0.0,0.0,24.12,95.44,0.62
2021-06-24 02:00:00,0.0,0.0,23.95,95.92,0.67
2021-06-24 03:00:00,0.0,0.0,23.82,96.19,0.79
2021-06-24 04:00:00,0.0,0.0,23.67,96.61,0.91
2021-06-24 05:00:00,0.0,0.0,23.54,96.97,0.97
2021-06-24 06:00:00,73.57,89.15,23.98,95.01,1.61
2021-06-24 07:00:00,216.9,291.17,24.86,90.67,2.22
2021-06-24 08:00:00,393.85,513.7,26.33,82.21,2.61
2021-06-24 09:00:00,565.45,707.53,28.07,72.22,2.83
2021-06-24 10:00:00,744.78,850.17,29.57,64.76,2.93
2021-06-24 11:00:00,815.25,926.75,30.69,59.78,2.9
2021-06-24 12:00:00,870.22,929.58,31.5,56.43,2.78
2021-06-24 13:00:00,805.58,861.97,31.87,54.63,2.56
2021-06-24 14:00:00,691.4,728.28,31.9,53.97,2.33
2021-06-24 15:00:00,512.95,541.1,31.57,54.37,2.18
2021-06-24 16:00:00,310.92,321.8,30.78,56.79,2.0
2021-06-24 17:00:00,110.6,111.97,29.39,65.61,1.43
2021-06-24 18:00:00,4.35,4.38,27.36,78.75,0.97
2021-06-24 19:00:00,0.0,0.0,26.47,80.1,1.18
2021-06-24 20:00:00,0.0,0.0,25.78,81.62,1.4
2021-06-24 21:00:00,0.0,0.0,25.21,83.18,1.65
2021-06-24 22:00:00,0.0,0.0,24.71,84.87,1.84
2021-06-24 23:00:00,0.0,0.0,24.27,86.45,1.89
2021-06-25 00:00:00,0.0,0.0,23.9,87.73,1.84
2021-06-25 01:00:00,0.0,0.0,23.57,88.91,1.69
2021-06-25 02:00:00,0.0,0.0,23.3,90.02,1.52
2021-06-25 03:00:00,0.0,0.0,23.03,91.21,1.38
2021-06-25 04:00:00,0.0,0.0,22.81,92.26,1.28
2021-06-25 05:00:00,0.0,0.0,22.63,93.3,1.19
2021-06-25 06:00:00,46.28,84.35,23.53,88.81,2.04
2021-06-25 07:00:00,139.5,283.48,25.52,79.74,1.86
2021-06-25 08:00:00,215.8,504.48,28.31,65.91,1.79
2021-06-25 09:00:00,484.9,698.03,29.65,61.79,0.92
2021-06-25 10:00:00,715.6,838.92,30.71,58.74,0.59
2021-06-25 11:00:00,770.95,915.1,31.75,55.84,1.35
2021-06-25 12:00:00,841.8,918.0,32.18,54.7,2.01
2021-06-25 13:00:00,715.78,852.7,32.06,54.8,2.44
2021-06-25 14:00:00,583.4,722.22,31.61,55.92,2.65
2021-06-25 15:00:00,377.77,538.35,30.72,59.48,2.64
2021-06-25 16:00:00,235.77,321.9,29.5,66.55,2.43
2021-06-25 17:00:00,85.8,113.03,28.11,76.78,1.86
2021-06-25 18:00:00,3.92,4.5,26.79,85.82,1.31
2021-06-25 19:00:00,0.0,0.0,26.23,88.69,1.18
2021-06-25 20:00:00,0.0,0.0,25.82,90.62,0.98
2021-06-25 21:00:00,0.0,0.0,25.5,91.92,0.8
2021-06-25 22:00:00,0.0,0.0,25.19,92.67,0.73
2021-06-25 23:00:00,0.0,0.0,24.87,93.1,0.74
2021-06-26 00:00:00,0.0,0.0,24.54,93.64,0.79
2021-06-26 01:00:00,0.0,0.0,24.23,94.15,0.82
2021-06-26 02:00:00,0.0,0.0,23.96,94.6,0.84
2021-06-26 03:00:00,0.0,0.0,23.72,95.06,0.81
2021-06-26 04:00:00,0.0,0.0,23.51,95.68,0.72
2021-06-26 05:00:00,0.0,0.0,23.3,96.38,0.6
2021-06-26 06:00:00,11.0,81.85,24.16,92.44,1.16
2021-06-26 07:00:00,61.72,280.12,26.03,81.94,1.47
2021-06-26 08:00:00,103.47,501.23,28.08,71.2,1.93
2021-06-26 09:00:00,319.9,695.45,29.29,66.34,2.0
2021-06-26 10:00:00,513.65,836.28,29.96,63.81,1.93
2021-06-26 11:00:00,568.4,912.17,30.43,61.8,1.96
2021-06-26 12:00:00,284.73,915.22,30.76,59.9,2.02
2021-06-26 13:00:00,212.2,850.47,30.96,58.54,2.29
2021-06-26 14:00:00,245.98,721.42,30.64,58.82,2.68
2021-06-26 15:00:00,166.95,537.72,29.93,60.69,2.82
2021-06-26 16:00:00,153.82,319.45,28.94,64.76,2.55
2021-06-26 17:00:00,65.05,111.62,27.43,75.64,1.63
2021-06-26 18:00:00,3.62,4.62,25.76,86.83,1.09
2021-06-26 19:00:00,0.0,0.0,25.11,89.16,1.15
2021-06-26 20:00:00,0.0,0.0,24.69,90.47,1.2
2021-06-26 21:00:00,0.0,0.0,24.32,91.77,1.21
2021-06-26 22:00:00,0.0,0.0,23.99,92.96,1.2
2021-06-26 23:00:00,0.0,0.0,23.65,94.06,1.22
2021-06-27 00:00:00,0.0,0.0,23.33,95.12,1.17
2021-06-27 01:00:00,0.0,0.0,23.03,96.19,1.08
2021-06-27 02:00:00,0.0,0.0,22.79,96.99,1.04
2021-06-27 03:00:00,0.0,0.0,22.55,97.77,0.94
2021-06-27 04:00:00,0.0,0.0,22.39,98.21,0.82
2021-06-27 05:00:00,0.0,0.0,22.29,98.32,0.74
2021-06-27 06:00:00,66.82,80.05,23.46,92.92,1.44
2021-06-27 07:00:00,224.7,272.23,25.39,80.99,1.43
2021-06-27 08:00:00,431.3,492.52,27.71,67.8,1.38
2021-06-27 09:00:00,640.92,690.78,29.54,61.28,2.11
2021-06-27 10:00:00,817.08,834.67,30.56,58.07,2.69
2021-06-27 11:00:00,871.85,914.15,31.4,55.06,2.9
2021-06-27 12:00:00,764.45,926.62,31.9,52.78,2.96
2021-06-27 13:00:00,726.67,855.53,32.02,51.84,2.94
2021-06-27 14:00:00,577.78,733.78,31.88,51.8,2.88
2021-06-27 15:00:00,434.05,549.67,31.49,52.6,2.78
2021-06-27 16:00:00,269.67,329.95,30.72,55.07,2.56
2021-06-27 17:00:00,101.38,118.45,29.21,64.93,1.6
2021-06-27 18:00:00,4.72,4.88,27.02,76.21,1.09
2021-06-27 19:00:00,0.0,0.0,26.28,78.09,1.18
2021-06-27 20:00:00,0.0,0.0,25.84,79.54,1.22
2021-06-27 21:00:00,0.0,0.0,25.49,81.0,1.18
2021-06-27 22:00:00,0.0,0.0,25.14,82.37,1.12
2021-06-27 23:00:00,0.0,0.0,24.81,83.54,1.09
2021-06-28 00:00:00,0.0,0.0,24.53,84.34,1.13
2021-06-28 01:00:00,0.0,0.0,24.3,85.11,1.23
2021-06-28 02:00:00,0.0,0.0,24.08,86.22,1.35
2021-06-28 03:00:00,0.0,0.0,23.8,87.85,1.46
2021-06-28 04:00:00,0.0,0.0,23.51,89.74,1.51
2021-06-28 05:00:00,0.0,0.0,23.26,91.49,1.54
2021-06-28 06:00:00,81.43,81.65,23.89,88.73,2.29
2021-06-28 07:00:00,271.05,274.77,25.79,78.51,2.81
2021-06-28 08:00:00,483.9,490.92,27.9,67.71,3.4
2021-06-28 09:00:00,679.3,686.88,29.41,61.8,3.31
2021-06-28 10:00:00,827.15,834.7,30.46,57.87,3.17
2021-06-28 11:00:00,906.12,914.35,31.53,54.18,3.1
2021-06-28 12:00:00,921.22,926.5,32.27,51.59,2.97
2021-06-28 13:00:00,749.5,856.75,32.65,50.06,2.79
2021-06-28 14:00:00,694.03,720.15,32.63,49.68,2.58
2021-06-28 15:00:00,504.38,537.33,32.21,50.45,2.49
2021-06-28 16:00:00,295.2,317.95,31.34,53.33,2.38
2021-06-28 17:00:00,105.8,111.2,29.81,63.53,1.57
2021-06-28 18:00:00,4.78,4.82,27.83,72.49,1.26
2021-06-28 19:00:00,0.0,0.0,27.06,74.35,1.5
2021-06-28 20:00:00,0.0,0.0,26.59,75.85,1.74
2021-06-28 21:00:00,0.0,0.0,26.17,77.42,1.97
2021-06-28 22:00:00,0.0,0.0,25.77,79.05,2.14
2021-06-28 23:00:00,0.0,0.0,25.45,80.44,2.36
2021-06-29 00:00:00,0.0,0.0,25.11,82.19,2.49
2021-06-29 01:00:00,0.0,0.0,24.73,84.56,2.48
2021-06-29 02:00:00,0.0,0.0,24.41,86.64,2.52
2021-06-29 03:00:00,0.0,0.0,24.12,88.49,2.49
2021-06-29 04:00:00,0.0,0.0,23.71,91.15,2.3
2021-06-29 05:00:00,0.0,0.0,23.4,93.08,2.31
2021-06-29 06:00:00,72.7,74.53,24.11,89.13,3.25
2021-06-29 07:00:00,247.12,254.07,25.92,78.31,4.48
2021-06-29 08:00:00,484.85,486.58,28.03,67.75,4.81
2021-06-29 09:00:00,679.78,681.97,29.78,60.51,4.52
2021-06-29 10:00:00,823.53,826.0,31.1,55.64,4.15
2021-06-29 11:00:00,904.08,905.83,32.01,52.44,3.8
2021-06-29 12:00:00,896.47,897.7,32.61,50.09,3.44
2021-06-29 13:00:00,821.03,832.8,32.89,48.49,3.09
2021-06-29 14:00:00,614.38,702.05,32.69,48.22,2.79
2021-06-29 15:00:00,482.0,521.95,32.13,49.27,2.51
2021-06-29 16:00:00,289.23,311.83,31.28,52.6,2.15
2021-06-29 17:00:00,98.53,108.9,29.7,63.2,1.37
2021-06-29 18:00:00,3.65,4.68,27.73,75.17,0.92
2021-06-29 19:00:00,0.0,0.0,27.04,76.56,0.95
2021-06-29 20:00:00,0.0,0.0,26.56,77.98,0.91
2021-06-29 21:00:00,0.0,0.0,26.13,79.46,0.83
2021-06-29 22:00:00,0.0,0.0,25.74,80.81,0.77
2021-06-29 23:00:00,0.0,0.0,25.39,81.9,0.73
2021-06-30 00:00:00,0.0,0.0,25.03,83.14,0.73
2021-06-30 01:00:00,0.0,0.0,24.68,84.56,0.73
2021-06-30 02:00:00,0.0,0.0,24.33,86.45,0.73
2021-06-30 03:00:00,0.0,0.0,24.04,88.44,0.72
2021-06-30 04:00:00,0.0,0.0,23.84,89.96,0.72
2021-06-30 05:00:00,0.0,0.0,23.66,91.28,0.73
2021-06-30 06:00:00,76.0,79.68,24.52,87.09,1.55
2021-06-30 07:00:00,249.38,271.95,26.75,74.88,2.15
2021-06-30 08:00:00,457.17,494.02,29.05,63.97,2.31
2021-06-30 09:00:00,655.35,692.85,30.51,58.05,1.97
2021-06-30 10:00:00,683.4,835.45,31.56,54.15,1.69
2021-06-30 11:00:00,818.2,910.65,32.28,51.14,1.65
2021-06-30 12:00:00,855.03,907.85,32.82,48.68,1.8
2021-06-30 13:00:00,662.58,839.03,33.24,46.87,1.89
2021-06-30 14:00:00,634.88,707.08,33.09,46.71,1.91
2021-06-30 15:00:00,433.85,520.67,32.62,47.73,1.99
2021-06-30 16:00:00,235.18,304.55,31.8,50.28,2.05
2021-06-30 17:00:00,83.88,106.38,30.33,57.99,1.65
2021-06-30 18:00:00,4.32,4.7,28.31,69.43,1.22
2021-06-30 19:00:00,0.0,0.0,27.51,71.29,1.62
2021-06-30 20:00:00,0.0,0.0,26.95,73.59,1.91
2021-06-30 21:00:00,0.0,0.0,26.42,76.61,1.92
2021-06-30 22:00:00,0.0,0.0,25.99,79.11,1.89
2021-06-30 23:00:00,0.0,0.0,25.59,81.24,1.97
2021-07-01 00:00:00,0.0,0.0,25.22,83.15,2.1
2021-07-01 01:00:00,0.0,0.0,24.91,84.82,2.14
2021-07-01 02:00:00,0.0,0.0,24.64,86.38,2.05
2021-07-01 03:00:00,0.0,0.0,24.39,87.88,1.89
2021-07-01 04:00:00,0.0,0.0,24.18,89.11,1.71
2021-07-01 05:00:00,0.0,0.0,24.0,90.16,1.54
2021-07-01 06:00:00,68.03,74.62,24.33,88.39,1.95
2021-07-01 07:00:00,213.02,257.77,25.51,81.31,2.41
2021-07-01 08:00:00,381.27,472.42,27.0,73.07,2.71
2021-07-01 09:00:00,561.55,669.72,28.31,67.23,2.46
2021-07-01 10:00:00,762.22,815.97,29.42,63.14,2.14
2021-07-01 11:00:00,856.25,896.25,30.08,61.04,1.81
2021-07-01 12:00:00,822.33,865.33,30.31,60.68,1.49
2021-07-01 13:00:00,709.8,815.62,30.37,61.01,1.31
2021-07-01 14:00:00,561.38,682.3,30.23,62.14,1.32
2021-07-01 15:00:00,449.92,506.33,30.03,63.75,1.31
2021-07-01 16:00:00,243.23,291.85,29.65,67.64,1.25
2021-07-01 17:00:00,81.07,101.22,28.75,73.84,1.07
2021-07-01 18:00:00,3.05,4.62,27.17,86.59,0.65
2021-07-01 19:00:00,0.0,0.0,26.56,88.13,0.7
2021-07-01 20:00:00,0.0,0.0,26.15,89.17,0.75
2021-07-01 21:00:00,0.0,0.0,25.76,89.95,0.84
2021-07-01 22:00:00,0.0,0.0,25.41,90.4,0.98
2021-07-01 23:00:00,0.0,0.0,25.1,90.73,1.15
2021-07-02 00:00:00,0.0,0.0,24.82,91.3,1.32
2021-07-02 01:00:00,0.0,0.0,24.52,92.26,1.44
2021-07-02 02:00:00,0.0,0.0,24.28,93.01,1.59
2021-07-02 03:00:00,0.0,0.0,24.07,93.78,1.83
2021-07-02 04:00:00,0.0,0.0,23.86,94.51,2.01
2021-07-02 05:00:00,0.0,0.0,23.68,95.2,1.98
2021-07-02 06:00:00,39.42,70.32,24.02,93.49,2.33
2021-07-02 07:00:00,128.2,254.25,24.77,90.23,2.5
2021-07-02 08:00:00,237.98,481.65,26.0,83.33,2.83
2021-07-02 09:00:00,312.95,680.9,27.28,75.85,3.19
2021-07-02 10:00:00,522.42,827.15,28.2,71.37,3.2
2021-07-02 11:00:00,656.0,909.55,29.05,67.38,3.16
2021-07-02 12:00:00,633.15,892.83,29.64,63.81,3.06
2021-07-02 13:00:00,644.45,829.88,29.99,61.68,2.84
2021-07-02 14:00:00,494.5,700.6,30.02,61.11,2.49
2021-07-02 15:00:00,392.9,514.1,29.61,62.9,1.97
2021-07-02 16:00:00,246.75,303.0,28.95,68.44,1.25
2021-07-02 17:00:00,93.38,106.25,28.1,73.86,0.89
2021-07-02 18:00:00,4.68,4.75,26.99,81.5,0.54
2021-07-02 19:00:00,0.0,0.0,26.56,81.64,0.58
2021-07-02 20:00:00,0.0,0.0,26.1,83.05,0.63
2021-07-02 21:00:00,0.0,0.0,25.59,84.82,0.68
2021-07-02 22:00:00,0.0,0.0,25.14,86.39,0.71
2021-07-02 23:00:00,0.0,0.0,24.77,87.54,0.76
2021-07-03 00:00:00,0.0,0.0,24.43,88.72,0.82
2021-07-03 01:00:00,0.0,0.0,24.16,89.74,0.91
2021-07-03 02:00:00,0.0,0.0,23.92,90.96,1.03
2021-07-03 03:00:00,0.0,0.0,23.73,92.2,1.19
2021-07-03 04:00:00,0.0,0.0,23.54,93.54,1.35
2021-07-03 05:00:00,0.0,0.0,23.37,94.75,1.43
2021-07-03 06:00:00,71.15,77.55,23.98,92.38,2.09
2021-07-03 07:00:00,232.18,270.23,25.21,86.45,2.23
2021-07-03 08:00:00,429.75,491.83,27.28,72.06,2.47
2021-07-03 09:00:00,592.95,689.3,28.93,61.01,2.44
2021-07-03 10:00:00,723.9,827.78,30.24,54.59,2.24
2021-07-03 11:00:00,778.4,897.65,31.22,51.08,1.98
2021-07-03 12:00:00,737.0,890.95,31.84,49.39,1.71
2021-07-03 13:00:00,611.75,828.03,31.9,49.66,1.63
2021-07-03 14:00:00,420.75,700.7,31.52,51.54,1.71
2021-07-03 15:00:00,157.43,523.85,30.82,55.25,1.98
2021-07-03 16:00:00,168.35,313.62,29.85,61.93,2.18
2021-07-03 17:00:00,63.65,109.55,28.24,73.84,1.98
2021-07-03 18:00:00,3.6,4.93,26.26,84.82,1.92
2021-07-03 19:00:00,0.0,0.0,25.52,88.74,2.43
2021-07-03 20:00:00,0.0,0.0,25.04,91.62,2.53
2021-07-03 21:00:00,0.0,0.0,24.68,93.41,2.41
2021-07-03 22:00:00,0.0,0.0,24.36,94.67,2.26
2021-07-03 23:00:00,0.0,0.0,24.07,95.82,2.12
2021-07-04 00:00:00,0.0,0.0,23.84,96.61,2.03
2021-07-04 01:00:00,0.0,0.0,23.64,97.02,1.9
2021-07-04 02:00:00,0.0,0.0,23.43,97.29,1.75
2021-07-04 03:00:00,0.0,0.0,23.17,97.66,1.56
2021-07-04 04:00:00,0.0,0.0,22.91,97.94,1.41
2021-07-04 05:00:00,0.0,0.0,22.63,98.16,1.32
2021-07-04 06:00:00,60.22,76.55,23.44,95.74,2.13
2021-07-04 07:00:00,204.5,271.02,24.72,90.66,2.64
2021-07-04 08:00:00,398.75,494.25,26.66,77.29,3.18
2021-07-04 09:00:00,627.78,691.2,28.6,65.12,3.12
2021-07-04 10:00:00,764.45,837.65,30.03,59.5,2.71
2021-07-04 11:00:00,879.0,916.03,31.0,56.26,2.26
2021-07-04 12:00:00,787.22,919.17,31.56,54.66,1.86
2021-07-04 13:00:00,658.45,852.47,31.43,55.27,1.61
2021-07-04 14:00:00,545.5,719.5,30.71,57.92,1.66
2021-07-04 15:00:00,390.98,529.25,29.56,63.39,1.62
2021-07-04 16:00:00,219.05,312.95,28.67,70.09,1.33
2021-07-04 17:00:00,79.32,110.93,27.71,74.1,1.23
2021-07-04 18:00:00,4.2,5.07,26.29,86.55,0.76
2021-07-04 19:00:00,0.0,0.0,25.66,88.39,0.82
2021-07-04 20:00:00,0.0,0.0,25.24,89.72,0.82
2021-07-04 21:00:00,0.0,0.0,24.88,91.24,0.76
2021-07-04 22:00:00,0.0,0.0,24.6,92.6,0.63
2021-07-04 23:00:00,0.0,0.0,24.31,93.57,0.5
2021-07-05 00:00:00,0.0,0.0,24.01,94.11,0.5
2021-07-05 01:00:00,0.0,0.0,23.67,94.82,0.57
2021-07-05 02:00:00,0.0,0.0,23.39,95.42,0.62
2021-07-05 03:00:00,0.0,0.0,23.14,95.97,0.68
2021-07-05 04:00:00,0.0,0.0,22.93,96.37,0.83
2021-07-05 05:00:00,0.0,0.0,22.79,96.6,1.03
2021-07-05 06:00:00,43.75,79.25,23.1,95.5,1.68
2021-07-05 07:00:00,148.32,282.83,23.64,93.97,2.12
2021-07-05 08:00:00,323.48,507.15,24.73,88.34,2.17
2021-07-05 09:00:00,460.55,701.7,26.08,78.54,1.69
2021-07-05 10:00:00,739.9,847.1,27.65,68.84,0.71
2021-07-05 11:00:00,818.95,927.15,28.97,62.14,0.21
2021-07-05 12:00:00,916.92,935.53,29.77,58.87,0.33
2021-07-05 13:00:00,730.2,868.95,30.12,57.84,0.33
2021-07-05 14:00:00,680.7,735.3,30.18,57.79,0.4
2021-07-05 15:00:00,483.77,549.05,29.88,59.04,0.48
2021-07-05 16:00:00,283.08,329.98,29.57,62.76,0.49
2021-07-05 17:00:00,102.32,118.03,28.87,65.13,0.66
2021-07-05 18:00:00,4.7,5.28,27.36,80.94,0.52
2021-07-05 19:00:00,0.0,0.0,26.46,84.08,0.65
2021-07-05 20:00:00,0.0,0.0,25.75,85.28,0.83
2021-07-05 21:00:00,0.0,0.0,25.15,85.29,1.09
2021-07-05 22:00:00,0.0,0.0,24.61,85.77,1.32
2021-07-05 23:00:00,0.0,0.0,24.12,86.79,1.47
2021-07-06 00:00:00,0.0,0.0,23.73,87.8,1.57
2021-07-06 01:00:00,0.0,0.0,23.37,88.98,1.58
2021-07-06 02:00:00,0.0,0.0,23.07,90.24,1.51
2021-07-06 03:00:00,0.0,0.0,22.8,91.49,1.44
2021-07-06 04:00:00,0.0,0.0,22.57,92.67,1.33
2021-07-06 05:00:00,0.0,0.0,22.34,93.94,1.21
2021-07-06 06:00:00,60.33,77.3,22.75,91.72,1.78
2021-07-06 07:00:00,206.3,276.05,23.65,88.78,1.87
2021-07-06 08:00:00,394.35,498.3,25.9,76.98,2.55
2021-07-06 09:00:00,565.22,691.17,27.66,69.32,2.84
2021-07-06 10:00:00,696.78,838.72,28.83,65.68,2.85
2021-07-06 11:00:00,762.25,917.58,29.52,63.76,2.83
2021-07-06 12:00:00,734.12,892.47,29.93,62.93,2.81
2021-07-06 13:00:00,682.97,826.97,30.04,62.9,2.76
2021-07-06 14:00:00,562.7,697.03,29.95,63.53,2.6
2021-07-06 15:00:00,384.83,521.12,29.54,65.43,2.38
2021-07-06 16:00:00,171.95,308.73,28.76,70.02,2.02
2021-07-06 17:00:00,62.65,106.65,27.66,78.14,1.45
2021-07-06 18:00:00,3.22,5.03,26.02,88.3,0.97
2021-07-06 19:00:00,0.0,0.0,25.41,89.33,1.13
2021-07-06 20:00:00,0.0,0.0,25.06,89.75,1.38
2021-07-06 21:00:00,0.0,0.0,24.78,90.54,1.51
2021-07-06 22:00:00,0.0,0.0,24.52,91.83,1.5
2021-07-06 23:00:00,0.0,0.0,24.25,93.15,1.47
2021-07-07 00:00:00,0.0,0.0,23.99,94.31,1.47
2021-07-07 01:00:00,0.0,0.0,23.76,95.28,1.56
2021-07-07 02:00:00,0.0,0.0,23.61,95.81,1.8
2021-07-07 03:00:00,0.0,0.0,23.49,96.16,2.18
2021-07-07 04:00:00,0.0,0.0,23.37,96.31,2.4
2021-07-07 05:00:00,0.0,0.0,23.27,96.14,2.49
2021-07-07 06:00:00,65.85,67.6,23.58,94.62,2.82
2021-07-07 07:00:00,209.45,244.32,24.65,89.67,3.51
2021-07-07 08:00:00,387.23,460.9,26.31,80.31,4.39
2021-07-07 09:00:00,640.3,661.33,28.03,71.69,4.36
2021-07-07 10:00:00,743.4,812.65,29.22,67.2,4.01
2021-07-07 11:00:00,866.17,899.03,29.96,64.81,3.64
2021-07-07 12:00:00,877.9,908.47,30.38,63.59,3.26
2021-07-07 13:00:00,787.8,843.6,30.53,63.3,2.91
2021-07-07 14:00:00,686.17,711.6,30.43,63.89,2.65
2021-07-07 15:00:00,513.72,524.95,29.9,66.4,2.42
2021-07-07 16:00:00,294.4,309.98,29.12,72.0,1.97
2021-07-07 17:00:00,103.7,109.7,27.93,80.4,1.51
2021-07-07 18:00:00,4.62,5.18,26.43,87.15,1.24
2021-07-07 19:00:00,0.0,0.0,25.92,88.33,1.4
2021-07-07 20:00:00,0.0,0.0,25.57,89.29,1.5
2021-07-07 21:00:00,0.0,0.0,25.31,89.96,1.59
2021-07-07 22:00:00,0.0,0.0,25.09,90.4,1.73
2021-07-07 23:00:00,0.0,0.0,24.88,90.78,1.92
2021-07-08 00:00:00,0.0,0.0,24.62,91.67,2.08
2021-07-08 01:00:00,0.0,0.0,24.35,92.86,2.23
2021-07-08 02:00:00,0.0,0.0,24.07,94.15,2.33
2021-07-08 03:00:00,0.0,0.0,23.84,95.13,2.39
2021-07-08 04:00:00,0.0,0.0,23.68,95.49,2.43
2021-07-08 05:00:00,0.0,0.0,23.56,95.57,2.56
2021-07-08 06:00:00,72.07,72.4,23.94,93.72,3.01
2021-07-08 07:00:00,254.95,256.95,25.11,88.36,3.84
2021-07-08 08:00:00,474.4,477.05,26.77,79.98,4.63
2021-07-08 09:00:00,652.97,679.25,28.18,73.28,4.75
2021-07-08 10:00:00,815.05,828.5,29.3,68.35,4.66
2021-07-08 11:00:00,830.97,909.58,30.49,63.7,4.59
2021-07-08 12:00:00,876.22,895.38,31.15,60.79,4.44
2021-07-08 13:00:00,757.97,826.92,31.4,59.21,4.22
2021-07-08 14:00:00,649.53,696.5,31.33,58.81,3.9
2021-07-08 15:00:00,363.33,502.77,30.97,59.45,3.51
2021-07-08 16:00:00,207.98,290.12,30.06,63.51,2.83
2021-07-08 17:00:00,84.78,101.4,28.67,74.33,1.67
2021-07-08 18:00:00,4.97,4.9,26.95,83.14,1.17
2021-07-08 19:00:00,0.0,0.0,26.39,85.07,1.18
2021-07-08 20:00:00,0.0,0.0,26.02,86.03,1.32
2021-07-08 21:00:00,0.0,0.0,25.72,86.32,1.76
2021-07-08 22:00:00,0.0,0.0,25.44,86.96,2.35
2021-07-08 23:00:00,0.0,0.0,25.07,88.91,2.66
2021-07-09 00:00:00,0.0,0.0,24.7,91.39,2.67
2021-07-09 01:00:00,0.0,0.0,24.38,93.68,2.57
2021-07-09 02:00:00,0.0,0.0,24.13,95.33,2.35
2021-07-09 03:00:00,0.0,0.0,23.96,96.11,2.12
2021-07-09 04:00:00,0.0,0.0,23.92,96.07,2.21
2021-07-09 05:00:00,0.0,0.0,23.84,96.17,2.25
2021-07-09 06:00:00,63.78,69.43,24.1,94.74,2.78
2021-07-09 07:00:00,205.27,254.27,24.72,90.69,3.68
2021-07-09 08:00:00,377.17,474.02,25.76,82.66,4.48
2021-07-09 09:00:00,588.6,671.03,27.15,74.75,4.77
2021-07-09 10:00:00,711.83,819.88,28.35,69.74,4.67
2021-07-09 11:00:00,811.47,897.33,29.29,66.26,4.39
2021-07-09 12:00:00,848.97,906.08,29.77,64.56,3.99
2021-07-09 13:00:00,718.08,843.53,29.71,64.85,3.5
2021-07-09 14:00:00,596.42,710.85,29.33,66.6,3.01
2021-07-09 15:00:00,464.73,525.4,28.89,69.63,2.56
2021-07-09 16:00:00,260.67,309.4,28.51,73.3,2.14
2021-07-09 17:00:00,96.62,108.18,27.59,80.19,1.49
2021-07-09 18:00:00,4.97,5.18,26.05,89.77,0.84
2021-07-09 19:00:00,0.0,0.0,25.55,91.24,0.81
2021-07-09 20:00:00,0.0,0.0,25.24,92.18,0.88
2021-07-09 21:00:00,0.0,0.0,25.0,92.92,1.0
2021-07-09 22:00:00,0.0,0.0,24.81,93.72,1.19
2021-07-09 23:00:00,0.0,0.0,24.64,94.5,1.48
2021-07-10 00:00:00,0.0,0.0,24.49,95.25,1.83
2021-07-10 01:00:00,0.0,0.0,24.34,95.96,1.97
2021-07-10 02:00:00,0.0,0.0,24.23,96.35,1.9
2021-07-10 03:00:00,0.0,0.0,24.13,96.43,1.78
2021-07-10 04:00:00,0.0,0.0,24.04,96.28,1.91
2021-07-10 05:00:00,0.0,0.0,23.85,95.82,2.34
2021-07-10 06:00:00,62.8,65.8,23.6,95.46,2.72
2021-07-10 07:00:00,231.32,247.5,23.66,94.42,2.91
2021-07-10 08:00:00,442.58,468.77,24.01,90.33,3.88
2021-07-10 09:00:00,606.45,665.7,24.65,84.24,4.68
2021-07-10 10:00:00,685.47,816.38,25.61,78.13,4.86
2021-07-10 11:00:00,748.45,899.03,26.5,74.16,4.5
2021-07-10 12:00:00,790.62,901.38,27.32,70.91,3.9
2021-07-10 13:00:00,694.53,836.88,27.6,69.38,3.24
2021-07-10 14:00:00,592.17,710.65,27.43,69.8,2.65
2021-07-10 15:00:00,303.0,529.17,26.88,72.67,2.21
2021-07-10 16:00:00,155.55,314.27,26.27,77.98,1.69
2021-07-10 17:00:00,61.8,110.25,25.47,84.13,1.18
2021-07-10 18:00:00,3.15,5.18,24.36,91.14,0.83
2021-07-10 19:00:00,0.0,0.0,23.93,91.94,0.97
2021-07-10 20:00:00,0.0,0.0,23.67,92.58,1.04
2021-07-10 21:00:00,0.0,0.0,23.42,93.31,1.02
2021-07-10 22:00:00,0.0,0.0,23.19,94.14,0.93
2021-07-10 23:00:00,0.0,0.0,23.05,94.7,0.89
2021-07-11 00:00:00,0.0,0.0,22.84,95.38,0.91
2021-07-11 01:00:00,0.0,0.0,22.75,95.93,0.95
2021-07-11 02:00:00,0.0,0.0,22.65,96.56,0.98
2021-07-11 03:00:00,0.0,0.0,22.55,97.16,0.97
2021-07-11 04:00:00,0.0,0.0,22.43,97.6,0.94
2021-07-11 05:00:00,0.0,0.0,22.32,97.89,0.93
2021-07-11 06:00:00,48.15,68.03,23.13,95.34,1.7
2021-07-11 07:00:00,157.88,256.62,24.51,89.62,2.23
2021-07-11 08:00:00,318.95,482.85,26.56,78.74,2.73
2021-07-11 09:00:00,439.2,677.25,28.4,69.76,2.49
2021-07-11 10:00:00,568.38,828.47,29.53,65.4,2.01
2021-07-11 11:00:00,626.17,909.4,30.21,62.56,1.66
2021-07-11 12:00:00,698.72,900.75,30.66,60.64,1.45
2021-07-11 13:00:00,655.78,837.25,30.92,59.53,1.29
2021-07-11 14:00:00,624.75,705.72,30.77,59.58,1.18
2021-07-11 15:00:00,447.12,522.2,30.47,60.38,1.11
2021-07-11 16:00:00,222.57,309.15,29.89,64.68,0.85
2021-07-11 17:00:00,84.9,108.47,29.27,66.6,0.83
2021-07-11 18:00:00,4.65,5.07,27.71,80.39,0.57
2021-07-11 19:00:00,0.0,0.0,26.81,84.17,0.64
2021-07-11 20:00:00,0.0,0.0,26.13,86.55,0.71
2021-07-11 21:00:00,0.0,0.0,25.55,88.19,0.77
2021-07-11 22:00:00,0.0,0.0,24.99,89.62,0.87
2021-07-11 23:00:00,0.0,0.0,24.5,90.85,0.96
2021-07-12 00:00:00,0.0,0.0,24.08,92.14,1.04
2021-07-12 01:00:00,0.0,0.0,23.75,93.21,1.1
2021-07-12 02:00:00,0.0,0.0,23.48,94.21,1.15
2021-07-12 03:00:00,0.0,0.0,23.27,94.97,1.26
2021-07-12 04:00:00,0.0,0.0,23.12,95.64,1.39
2021-07-12 05:00:00,0.0,0.0,22.97,96.31,1.57
2021-07-12 06:00:00,59.92,73.43,23.53,94.98,2.36
2021-07-12 07:00:00,197.4,273.33,25.05,89.61,2.71
2021-07-12 08:00:00,352.83,497.12,27.24,78.88,3.2
2021-07-12 09:00:00,516.38,694.47,29.03,71.03,3.18
2021-07-12 10:00:00,566.35,840.3,30.03,67.2,2.94
2021-07-12 11:00:00,678.53,921.12,30.76,64.55,2.77
2021-07-12 12:00:00,748.88,909.97,31.23,63.03,2.67
2021-07-12 13:00:00,743.17,845.65,31.32,62.69,2.53
2021-07-12 14:00:00,634.42,713.97,31.45,62.09,2.36
2021-07-12 15:00:00,485.02,528.5,31.25,62.67,2.11
2021-07-12 16:00:00,276.7,312.52,30.42,67.51,1.7
2021-07-12 17:00:00,101.28,110.3,29.27,74.63,1.39
2021-07-12 18:00:00,5.12,5.15,27.47,86.04,0.89
2021-07-12 19:00:00,0.0,0.0,26.74,86.54,1.09
2021-07-12 20:00:00,0.0,0.0,26.28,86.7,1.37
2021-07-12 21:00:00,0.0,0.0,25.92,87.12,1.7
2021-07-12 22:00:00,0.0,0.0,25.61,87.95,1.99
2021-07-12 23:00:00,0.0,0.0,25.3,88.99,2.2
2021-07-13 00:00:00,0.0,0.0,25.01,90.05,2.35
2021-07-13 01:00:00,0.0,0.0,24.74,91.12,2.46
2021-07-13 02:00:00,0.0,0.0,24.47,92.16,2.56
2021-07-13 03:00:00,0.0,0.0,24.25,92.8,2.7
2021-07-13 04:00:00,0.0,0.0,24.04,93.3,2.85
2021-07-13 05:00:00,0.0,0.0,23.87,93.65,2.97
2021-07-13 06:00:00,14.95,63.22,24.13,92.04,3.38
2021-07-13 07:00:00,43.22,242.38,25.03,87.33,3.75
2021-07-13 08:00:00,80.75,456.67,26.19,81.36,4.11
2021-07-13 09:00:00,155.75,649.47,27.28,76.52,4.29
2021-07-13 10:00:00,199.85,793.17,28.22,72.69,4.24
2021-07-13 11:00:00,304.0,871.6,28.88,70.0,3.98
2021-07-13 12:00:00,264.42,894.35,29.22,68.56,3.61
2021-07-13 13:00:00,416.67,833.08,29.17,68.84,3.14
2021-07-13 14:00:00,346.4,704.38,28.9,70.43,2.67
2021-07-13 15:00:00,283.12,520.6,28.42,73.36,2.11
2021-07-13 16:00:00,185.75,306.67,27.86,78.31,1.4
2021-07-13 17:00:00,65.85,105.65,27.07,83.98,1.02
2021-07-13 18:00:00,3.97,5.07,25.91,91.2,0.69
2021-07-13 19:00:00,0.0,0.0,25.45,91.56,0.83
2021-07-13 20:00:00,0.0,0.0,25.15,91.39,1.02
2021-07-13 21:00:00,0.0,0.0,24.92,91.25,1.25
2021-07-13 22:00:00,0.0,0.0,24.72,91.21,1.42
2021-07-13 23:00:00,0.0,0.0,24.47,91.9,1.45
2021-07-14 00:00:00,0.0,0.0,24.2,93.05,1.39
2021-07-14 01:00:00,0.0,0.0,24.11,93.41,1.57
2021-07-14 02:00:00,0.0,0.0,24.07,93.19,1.98
2021-07-14 03:00:00,0.0,0.0,23.89,94.22,2.1
2021-07-14 04:00:00,0.0,0.0,23.7,95.22,2.21
2021-07-14 05:00:00,0.0,0.0,23.56,95.81,2.29
2021-07-14 06:00:00,57.0,65.28,23.87,94.68,2.83
2021-07-14 07:00:00,185.57,247.7,24.75,90.54,3.37
2021-07-14 08:00:00,358.95,466.4,25.9,82.62,3.94
2021-07-14 09:00:00,509.05,663.42,27.06,76.16,4.19
2021-07-14 10:00:00,617.08,809.58,28.11,71.97,4.2
2021-07-14 11:00:00,742.28,889.42,29.05,68.39,3.98
2021-07-14 12:00:00,694.72,905.08,29.71,65.78,3.62
2021-07-14 13:00:00,654.62,839.25,30.07,63.83,3.22
2021-07-14 14:00:00,589.42,706.22,30.1,62.48,2.86
2021-07-14 15:00:00,497.38,521.88,29.86,62.1,2.53
2021-07-14 16:00:00,294.48,307.6,29.35,63.98,2.1
2021-07-14 17:00:00,104.82,108.65,28.23,72.31,1.36
2021-07-14 18:00:00,5.12,5.18,26.37,83.98,0.78
2021-07-14 19:00:00,0.0,0.0,25.79,84.6,0.78
2021-07-14 20:00:00,0.0,0.0,25.36,85.58,0.78
2021-07-14 21:00:00,0.0,0.0,24.89,87.0,0.79
2021-07-14 22:00:00,0.0,0.0,24.45,88.41,0.83
2021-07-14 23:00:00,0.0,0.0,24.05,89.68,0.89
2021-07-15 00:00:00,0.0,0.0,23.71,90.89,0.98
2021-07-15 01:00:00,0.0,0.0,23.42,92.3,1.06
2021-07-15 02:00:00,0.0,0.0,23.09,94.03,1.06
2021-07-15 03:00:00,0.0,0.0,22.8,95.98,1.03
2021-07-15 04:00:00,0.0,0.0,22.55,97.74,1.03
2021-07-15 05:00:00,0.0,0.0,22.43,98.44,1.03
2021-07-15 06:00:00,58.7,67.75,23.52,94.25,1.95
2021-07-15 07:00:00,203.27,259.6,25.15,87.73,2.53
2021-07-15 08:00:00,393.67,482.12,27.16,78.19,2.89
2021-07-15 09:00:00,475.3,683.83,28.63,71.38,2.68
2021-07-15 10:00:00,611.12,830.65,29.64,67.44,2.44
2021-07-15 11:00:00,652.5,912.1,30.41,64.7,2.22
2021-07-15 12:00:00,664.85,921.58,31.01,62.3,1.93
2021-07-15 13:00:00,624.75,857.65,31.56,60.09,1.61
2021-07-15 14:00:00,484.73,725.35,31.87,58.47,1.27
2021-07-15 15:00:00,330.88,538.35,31.72,58.04,0.89
2021-07-15 16:00:00,188.07,322.6,31.24,59.3,0.53
2021-07-15 17:00:00,65.65,112.6,30.58,63.34,0.39
2021-07-15 18:00:00,3.3,5.22,29.06,72.4,0.46
2021-07-15 19:00:00,0.0,0.0,28.1,77.01,0.58
2021-07-15 20:00:00,0.0,0.0,27.18,81.84,0.66
2021-07-15 21:00:00,0.0,0.0,26.34,85.61,0.69
2021-07-15 22:00:00,0.0,0.0,25.7,87.8,0.71
2021-07-15 23:00:00,0.0,0.0,25.15,89.11,0.8
2021-07-16 00:00:00,0.0,0.0,24.66,90.03,0.93
2021-07-16 01:00:00,0.0,0.0,24.27,91.06,1.07
2021-07-16 02:00:00,0.0,0.0,23.97,92.16,1.16
2021-07-16 03:00:00,0.0,0.0,23.73,93.5,1.16
2021-07-16 04:00:00,0.0,0.0,23.53,94.87,1.12
2021-07-16 05:00:00,0.0,0.0,23.37,96.0,1.06
2021-07-16 06:00:00,27.55,64.18,23.89,94.16,1.73
2021-07-16 07:00:00,124.28,247.43,25.06,89.87,1.8
2021-07-16 08:00:00,222.7,461.02,26.84,80.47,2.08
2021-07-16 09:00:00,408.15,657.65,27.84,75.69,1.92
2021-07-16 10:00:00,589.0,805.67,28.46,73.72,1.85
2021-07-16 11:00:00,716.15,882.47,28.83,72.79,1.91
2021-07-16 12:00:00,774.53,866.75,29.13,71.98,1.96
2021-07-16 13:00:00,604.42,810.15,29.29,71.47,1.96
2021-07-16 14:00:00,437.67,683.22,29.18,71.85,1.89
2021-07-16 15:00:00,340.77,503.95,28.88,73.66,1.73
2021-07-16 16:00:00,236.43,296.23,28.38,77.85,1.4
2021-07-16 17:00:00,83.35,102.22,27.63,82.61,1.1
2021-07-16 18:00:00,4.47,4.97,26.26,92.18,0.67
2021-07-16 19:00:00,0.0,0.0,25.65,93.5,0.8
2021-07-16 20:00:00,0.0,0.0,25.27,94.6,0.82
2021-07-16 21:00:00,0.0,0.0,25.0,95.42,0.74
2021-07-16 22:00:00,0.0,0.0,24.75,96.09,0.64
2021-07-16 23:00:00,0.0,0.0,24.61,96.31,0.53
2021-07-17 00:00:00,0.0,0.0,24.5,95.67,0.44
2021-07-17 01:00:00,0.0,0.0,24.45,94.42,0.35
2021-07-17 02:00:00,0.0,0.0,24.38,93.92,0.23
2021-07-17 03:00:00,0.0,0.0,24.03,97.06,0.35
2021-07-17 04:00:00,0.0,0.0,23.68,96.71,0.54
2021-07-17 05:00:00,0.0,0.0,23.43,97.76,0.72
2021-07-17 06:00:00,22.92,64.75,24.0,96.16,1.56
2021-07-17 07:00:00,99.1,255.52,24.56,94.17,2.29
2021-07-17 08:00:00,205.7,480.4,25.3,90.49,2.72
2021-07-17 09:00:00,296.95,681.35,26.06,85.07,3.02
2021-07-17 10:00:00,290.27,832.88,26.98,78.19,3.19
2021-07-17 11:00:00,383.65,916.1,27.87,72.21,3.32
2021-07-17 12:00:00,427.83,929.12,28.67,68.23,3.31
2021-07-17 13:00:00,482.75,869.2,29.24,65.69,3.15
2021-07-17 14:00:00,416.65,740.17,29.48,64.48,2.87
2021-07-17 15:00:00,285.45,555.7,29.32,64.71,2.53
2021-07-17 16:00:00,182.45,337.52,28.85,66.8,2.17
2021-07-17 17:00:00,69.53,120.68,27.76,74.35,1.47
2021-07-17 18:00:00,4.47,5.38,26.02,86.26,0.85
2021-07-17 19:00:00,0.0,0.0,25.39,88.63,0.85
2021-07-17 20:00:00,0.0,0.0,25.04,90.33,0.91
2021-07-17 21:00:00,0.0,0.0,24.76,91.76,1.03
2021-07-17 22:00:00,0.0,0.0,24.59,92.76,1.22
2021-07-17 23:00:00,0.0,0.0,24.48,93.48,1.52
2021-07-18 00:00:00,0.0,0.0,24.39,94.03,1.78
2021-07-18 01:00:00,0.0,0.0,24.27,94.71,1.9
2021-07-18 02:00:00,0.0,0.0,24.23,94.8,2.13
2021-07-18 03:00:00,0.0,0.0,24.18,94.72,2.34
2021-07-18 04:00:00,0.0,0.0,24.11,94.36,2.59
2021-07-18 05:00:00,0.0,0.0,23.97,94.2,2.79
2021-07-18 06:00:00,48.85,64.0,24.22,92.3,3.25
2021-07-18 07:00:00,157.07,248.38,25.21,86.48,3.7
2021-07-18 08:00:00,313.92,474.05,26.44,79.39,4.06
2021-07-18 09:00:00,377.48,672.0,27.72,73.53,4.03
2021-07-18 10:00:00,488.83,819.47,29.15,67.98,3.88
2021-07-18 11:00:00,459.4,901.28,30.14,64.35,3.69
2021-07-18 12:00:00,621.08,878.75,30.85,61.87,3.49
2021-07-18 13:00:00,538.33,812.03,31.22,60.35,3.3
2021-07-18 14:00:00,424.67,670.25,31.28,59.89,3.09
2021-07-18 15:00:00,338.42,472.25,30.92,60.93,2.77
2021-07-18 16:00:00,211.55,266.77,30.2,64.6,2.2
2021-07-18 17:00:00,75.35,89.97,29.01,73.52,1.36
2021-07-18 18:00:00,4.07,4.55,27.28,82.62,0.89
2021-07-18 19:00:00,0.0,0.0,26.64,83.11,1.06
2021-07-18 20:00:00,0.0,0.0,26.14,83.38,1.36
2021-07-18 21:00:00,0.0,0.0,25.74,83.86,1.73
2021-07-18 22:00:00,0.0,0.0,25.39,84.87,2.12
2021-07-18 23:00:00,0.0,0.0,24.98,86.48,2.36
2021-07-19 00:00:00,0.0,0.0,24.64,87.57,2.51
2021-07-19 01:00:00,0.0,0.0,24.28,88.77,2.49
2021-07-19 02:00:00,0.0,0.0,23.96,89.99,2.29
2021-07-19 03:00:00,0.0,0.0,23.69,91.08,2.06
2021-07-19 04:00:00,0.0,0.0,23.42,92.19,1.97
2021-07-19 05:00:00,0.0,0.0,23.15,93.33,2.05
2021-07-19 06:00:00,59.67,63.47,23.61,91.17,2.71
2021-07-19 07:00:00,226.23,248.0,25.22,83.36,3.44
2021-07-19 08:00:00,440.55,470.58,27.2,73.83,4.23
2021-07-19 09:00:00,643.03,672.28,28.72,68.02,4.11
2021-07-19 10:00:00,733.35,823.95,29.8,64.48,3.76
2021-07-19 11:00:00,844.88,908.72,30.49,62.3,3.44
2021-07-19 12:00:00,776.7,896.6,30.9,61.04,3.15
2021-07-19 13:00:00,812.45,836.03,30.96,60.79,2.83
2021-07-19 14:00:00,681.95,705.12,30.74,61.53,2.49
2021-07-19 15:00:00,499.02,520.58,30.31,63.66,2.19
2021-07-19 16:00:00,295.38,305.0,29.7,68.17,1.75
2021-07-19 17:00:00,105.65,106.62,28.62,76.31,1.29
2021-07-19 18:00:00,4.97,5.0,26.77,84.53,0.91
2021-07-19 19:00:00,0.0,0.0,26.12,85.67,1.08
2021-07-19 20:00:00,0.0,0.0,25.66,86.67,1.32
2021-07-19 21:00:00,0.0,0.0,25.31,87.8,1.56
2021-07-19 22:00:00,0.0,0.0,25.0,89.07,1.79
2021-07-19 23:00:00,0.0,0.0,24.68,90.57,1.97
2021-07-20 00:00:00,0.0,0.0,24.35,92.18,2.09
2021-07-20 01:00:00,0.0,0.0,24.07,93.71,2.23
2021-07-20 02:00:00,0.0,0.0,23.83,94.91,2.25
2021-07-20 03:00:00,0.0,0.0,23.72,95.19,2.43
2021-07-20 04:00:00,0.0,0.0,23.75,94.25,2.96
2021-07-20 05:00:00,0.0,0.0,23.69,93.41,3.3
2021-07-20 06:00:00,56.25,65.03,24.06,90.62,3.79
2021-07-20 07:00:00,174.77,255.75,25.27,82.59,4.59
2021-07-20 08:00:00,297.62,480.7,26.86,74.88,4.78
2021-07-20 09:00:00,400.83,684.33,28.43,68.79,4.6
2021-07-20 10:00:00,440.45,833.97,29.87,63.61,4.25
2021-07-20 11:00:00,513.5,918.92,31.07,59.64,3.92
2021-07-20 12:00:00,524.95,888.62,31.87,57.18,3.65
2021-07-20 13:00:00,502.48,832.85,32.32,55.57,3.41
2021-07-20 14:00:00,469.2,702.42,32.29,55.29,3.17
2021-07-20 15:00:00,431.02,520.78,31.81,56.43,2.87
2021-07-20 16:00:00,263.85,305.98,31.06,58.99,2.48
2021-07-20 17:00:00,97.45,106.72,29.71,67.53,1.59
2021-07-20 18:00:00,4.7,4.95,27.62,79.02,0.95
2021-07-20 19:00:00,0.0,0.0,26.78,80.63,1.03
2021-07-20 20:00:00,0.0,0.0,26.25,81.8,1.15
2021-07-20 21:00:00,0.0,0.0,25.8,82.93,1.3
2021-07-20 22:00:00,0.0,0.0,25.43,84.06,1.45
2021-07-20 23:00:00,0.0,0.0,25.09,85.37,1.62
2021-07-21 00:00:00,0.0,0.0,24.75,87.07,1.76
2021-07-21 01:00:00,0.0,0.0,24.43,88.82,1.89
2021-07-21 02:00:00,0.0,0.0,24.17,90.41,2.1
2021-07-21 03:00:00,0.0,0.0,23.93,91.95,2.27
2021-07-21 04:00:00,0.0,0.0,23.68,93.5,2.27
2021-07-21 05:00:00,0.0,0.0,23.51,94.42,2.38
2021-07-21 06:00:00,54.8,65.57,24.22,90.96,3.03
2021-07-21 07:00:00,188.05,259.6,25.99,82.1,3.56
2021-07-21 08:00:00,347.35,484.9,27.76,73.62,3.87
2021-07-21 09:00:00,453.73,687.58,29.27,67.05,3.76
2021-07-21 10:00:00,619.1,835.5,30.52,61.99,3.55
2021-07-21 11:00:00,722.15,917.67,31.36,58.87,3.37
2021-07-21 12:00:00,760.72,907.88,32.17,56.24,3.22
2021-07-21 13:00:00,642.2,844.25,32.52,54.74,3.06
2021-07-21 14:00:00,539.67,712.28,32.49,54.32,2.93
2021-07-21 15:00:00,408.62,527.88,32.06,55.15,2.78
2021-07-21 16:00:00,244.35,310.35,31.33,57.48,2.54
2021-07-21 17:00:00,84.62,105.05,29.91,66.67,1.62
2021-07-21 18:00:00,4.2,4.82,27.97,76.16,1.16
2021-07-21 19:00:00,0.0,0.0,27.26,77.54,1.38
2021-07-21 20:00:00,0.0,0.0,26.78,78.75,1.69
2021-07-21 21:00:00,0.0,0.0,26.39,80.21,1.99
2021-07-21 22:00:00,0.0,0.0,26.03,81.9,2.22
2021-07-21 23:00:00,0.0,0.0,25.7,83.54,2.36
2021-07-22 00:00:00,0.0,0.0,25.36,85.3,2.4
2021-07-22 01:00:00,0.0,0.0,25.0,87.45,2.25
2021-07-22 02:00:00,0.0,0.0,24.8,88.45,2.35
2021-07-22 03:00:00,0.0,0.0,24.68,88.79,2.57
2021-07-22 04:00:00,0.0,0.0,24.56,88.96,2.71
2021-07-22 05:00:00,0.0,0.0,24.38,89.51,2.8
2021-07-22 06:00:00,46.03,59.28,24.76,87.51,3.33
2021-07-22 07:00:00,145.23,235.12,25.9,80.93,3.91
2021-07-22 08:00:00,267.85,453.17,27.21,73.76,4.24
2021-07-22 09:00:00,371.85,657.47,28.54,67.82,4.22
2021-07-22 10:00:00,473.33,808.83,29.83,62.8,4.04
2021-07-22 11:00:00,578.5,894.3,30.91,58.75,3.79
2021-07-22 12:00:00,644.03,906.6,31.43,56.4,3.4
2021-07-22 13:00:00,615.58,844.05,31.85,54.72,3.1
2021-07-22 14:00:00,540.88,710.58,31.94,54.3,2.83
2021-07-22 15:00:00,402.67,524.8,31.43,55.98,2.53
2021-07-22 16:00:00,244.4,307.83,30.82,58.7,2.24
2021-07-22 17:00:00,93.38,107.28,29.57,67.12,1.47
2021-07-22 18:00:00,4.72,4.88,27.72,78.26,0.91
2021-07-22 19:00:00,0.0,0.0,27.02,79.62,1.03
2021-07-22 20:00:00,0.0,0.0,26.55,80.69,1.18
2021-07-22 21:00:00,0.0,0.0,26.12,81.87,1.36
2021-07-22 22:00:00,0.0,0.0,25.76,83.08,1.57
2021-07-22 23:00:00,0.0,0.0,25.41,84.49,1.77
2021-07-23 00:00:00,0.0,0.0,25.08,86.1,1.94
2021-07-23 01:00:00,0.0,0.0,24.76,87.83,2.1
2021-07-23 02:00:00,0.0,0.0,24.41,90.1,2.14
2021-07-23 03:00:00,0.0,0.0,24.27,90.92,2.38
2021-07-23 04:00:00,0.0,0.0,24.26,90.72,2.81
2021-07-23 05:00:00,0.0,0.0,24.11,91.19,3.08
2021-07-23 06:00:00,45.67,61.75,24.26,89.46,3.58
2021-07-23 07:00:00,146.18,250.4,24.88,84.26,4.09
2021-07-23 08:00:00,311.0,479.6,25.75,77.48,4.39
2021-07-23 09:00:00,394.65,679.22,26.66,72.75,4.16
2021-07-23 10:00:00,539.7,827.95,27.66,68.71,3.82
2021-07-23 11:00:00,602.3,911.22,28.54,65.4,3.46
2021-07-23 12:00:00,633.03,929.53,29.07,63.33,3.12
2021-07-23 13:00:00,528.88,866.25,29.32,62.18,2.8
2021-07-23 14:00:00,498.3,732.85,29.25,62.13,2.47
2021-07-23 15:00:00,355.33,544.42,29.02,62.9,2.12
2021-07-23 16:00:00,227.05,322.83,28.54,66.31,1.51
2021-07-23 17:00:00,88.93,112.72,27.63,74.6,0.92
2021-07-23 18:00:00,4.75,5.0,26.13,81.79,0.72
2021-07-23 19:00:00,0.0,0.0,25.54,82.49,0.88
2021-07-23 20:00:00,0.0,0.0,25.11,83.2,1.05
2021-07-23 21:00:00,0.0,0.0,24.76,84.08,1.22
2021-07-23 22:00:00,0.0,0.0,24.56,84.91,1.4
2021-07-23 23:00:00,0.0,0.0,24.38,85.81,1.5
2021-07-24 00:00:00,0.0,0.0,24.14,87.25,1.53
2021-07-24 01:00:00,0.0,0.0,23.89,88.94,1.5
2021-07-24 02:00:00,0.0,0.0,23.64,90.67,1.41
2021-07-24 03:00:00,0.0,0.0,23.45,92.07,1.44
2021-07-24 04:00:00,0.0,0.0,23.32,93.14,1.61
2021-07-24 05:00:00,0.0,0.0,23.2,94.09,1.67
2021-07-24 06:00:00,38.3,64.18,23.91,90.78,2.43
2021-07-24 07:00:00,132.23,262.0,25.58,82.21,3.31
2021-07-24 08:00:00,269.1,488.05,26.89,75.19,3.71
2021-07-24 09:00:00,427.1,687.97,27.79,70.57,3.58
2021-07-24 10:00:00,514.28,835.65,28.55,66.61,3.28
2021-07-24 11:00:00,628.92,917.5,29.28,63.14,2.94
2021-07-24 12:00:00,529.17,926.62,29.73,60.62,2.62
2021-07-24 13:00:00,563.6,860.58,30.01,58.73,2.39
2021-07-24 14:00:00,575.33,733.1,29.88,58.48,2.19
2021-07-24 15:00:00,404.52,547.88,29.53,59.23,2.0
2021-07-24 16:00:00,242.27,331.12,28.96,61.72,1.64
2021-07-24 17:00:00,86.03,116.15,28.06,69.45,1.0
2021-07-24 18:00:00,4.12,5.03,26.69,77.61,0.64
2021-07-24 19:00:00,0.0,0.0,26.39,76.16,0.66
2021-07-24 20:00:00,0.0,0.0,26.2,75.3,0.66
2021-07-24 21:00:00,0.0,0.0,25.96,75.19,0.64
2021-07-24 22:00:00,0.0,0.0,25.59,76.29,0.65
2021-07-24 23:00:00,0.0,0.0,25.0,79.19,0.68
2021-07-25 00:00:00,0.0,0.0,24.34,82.74,0.69
2021-07-25 01:00:00,0.0,0.0,23.95,84.82,0.72
2021-07-25 02:00:00,0.0,0.0,23.66,86.45,0.8
2021-07-25 03:00:00,0.0,0.0,23.47,87.95,0.86
2021-07-25 04:00:00,0.0,0.0,23.32,89.71,0.97
2021-07-25 05:00:00,0.0,0.0,23.21,91.57,1.17
2021-07-25 06:00:00,43.75,67.9,23.77,90.17,2.0
2021-07-25 07:00:00,152.75,273.23,24.81,86.29,2.57
2021-07-25 08:00:00,295.6,501.83,26.04,80.7,3.06
2021-07-25 09:00:00,452.92,702.12,27.03,75.77,3.33
2021-07-25 10:00:00,638.58,849.65,28.13,70.31,3.41
2021-07-25 11:00:00,681.12,932.42,29.02,65.36,3.37
2021-07-25 12:00:00,669.75,919.67,29.69,61.96,3.34
2021-07-25 13:00:00,666.9,856.03,30.06,60.06,3.26
2021-07-25 14:00:00,513.12,724.22,30.07,59.74,3.08
2021-07-25 15:00:00,396.92,536.88,29.73,60.44,2.79
2021-07-25 16:00:00,237.27,316.98,29.2,62.28,2.44
2021-07-25 17:00:00,93.07,109.8,28.13,69.85,1.49
2021-07-25 18:00:00,4.6,4.75,26.34,82.5,0.79
2021-07-25 19:00:00,0.0,0.0,25.68,83.66,0.81
2021-07-25 20:00:00,0.0,0.0,25.25,84.18,0.86
2021-07-25 21:00:00,0.0,0.0,24.86,84.75,0.94
2021-07-25 22:00:00,0.0,0.0,24.54,85.24,1.03
2021-07-25 23:00:00,0.0,0.0,24.25,86.04,1.17
2021-07-26 00:00:00,0.0,0.0,24.0,86.97,1.32
2021-07-26 01:00:00,0.0,0.0,23.7,88.49,1.47
2021-07-26 02:00:00,0.0,0.0,23.41,90.55,1.55
2021-07-26 03:00:00,0.0,0.0,23.21,92.35,1.71
2021-07-26 04:00:00,0.0,0.0,23.01,94.16,1.79
2021-07-26 05:00:00,0.0,0.0,22.9,95.21,1.89
2021-07-26 06:00:00,57.35,63.6,23.63,91.84,2.55
2021-07-26 07:00:00,196.8,258.9,25.24,83.64,3.3
2021-07-26 08:00:00,366.25,484.33,26.83,75.68,3.81
2021-07-26 09:00:00,506.35,684.83,27.99,70.22,3.7
2021-07-26 10:00:00,460.75,835.6,28.99,65.97,3.58
2021-07-26 11:00:00,568.22,918.05,30.04,61.87,3.51
2021-07-26 12:00:00,648.67,927.3,30.9,58.58,3.34
2021-07-26 13:00:00,629.05,862.42,31.25,56.9,3.11
2021-07-26 14:00:00,575.53,729.88,31.26,56.25,2.84
2021-07-26 15:00:00,413.25,542.28,30.87,56.89,2.63
2021-07-26 16:00:00,230.68,318.4,30.15,59.86,2.26
2021-07-26 17:00:00,97.45,110.07,28.85,70.03,1.36
2021-07-26 18:00:00,4.7,4.65,27.04,78.36,1.07
2021-07-26 19:00:00,0.0,0.0,26.35,79.1,1.34
2021-07-26 20:00:00,0.0,0.0,25.85,80.11,1.62
2021-07-26 21:00:00,0.0,0.0,25.4,82.18,1.71
2021-07-26 22:00:00,0.0,0.0,25.11,83.99,1.73
2021-07-26 23:00:00,0.0,0.0,25.05,84.19,2.11
2021-07-27 00:00:00,0.0,0.0,24.92,84.66,2.56
2021-07-27 01:00:00,0.0,0.0,24.7,85.73,2.95
2021-07-27 02:00:00,0.0,0.0,24.45,87.16,3.1
2021-07-27 03:00:00,0.0,0.0,24.23,88.34,3.11
2021-07-27 04:00:00,0.0,0.0,24.06,89.03,3.19
2021-07-27 05:00:00,0.0,0.0,23.9,89.24,3.35
2021-07-27 06:00:00,22.02,61.1,23.8,88.76,3.46
2021-07-27 07:00:00,73.72,253.82,24.0,85.5,3.92
2021-07-27 08:00:00,129.5,475.15,24.31,81.94,4.52
2021-07-27 09:00:00,207.1,671.7,25.06,77.48,4.86
2021-07-27 10:00:00,266.15,819.35,26.15,72.33,4.68
2021-07-27 11:00:00,409.52,902.5,26.67,70.71,3.82
2021-07-27 12:00:00,561.58,911.67,26.63,72.38,2.93
2021-07-27 13:00:00,570.75,846.8,26.47,74.7,2.59
2021-07-27 14:00:00,375.4,713.75,26.29,76.58,2.57
2021-07-27 15:00:00,220.35,524.12,26.09,78.34,2.78
2021-07-27 16:00:00,163.45,304.1,25.82,80.86,2.98
2021-07-27 17:00:00,54.88,101.78,25.14,86.29,2.25
2021-07-27 18:00:00,3.6,4.53,24.04,92.88,1.23
2021-07-27 19:00:00,0.0,0.0,23.54,94.99,0.88
2021-07-27 20:00:00,0.0,0.0,23.19,96.11,0.71
2021-07-27 21:00:00,0.0,0.0,22.88,97.15,0.68
2021-07-27 22:00:00,0.0,0.0,22.73,97.6,0.69
2021-07-27 23:00:00,0.0,0.0,22.66,97.69,0.73
2021-07-28 00:00:00,0.0,0.0,22.71,97.44,0.83
2021-07-28 01:00:00,0.0,0.0,22.76,97.09,1.07
2021-07-28 02:00:00,0.0,0.0,22.68,97.25,1.19
2021-07-28 03:00:00,0.0,0.0,22.53,97.68,1.27
2021-07-28 04:00:00,0.0,0.0,22.52,97.55,1.46
2021-07-28 05:00:00,0.0,0.0,22.6,97.24,1.78
2021-07-28 06:00:00,21.73,58.15,23.24,95.69,2.58
2021-07-28 07:00:00,69.07,247.6,24.27,91.91,3.5
2021-07-28 08:00:00,144.12,476.67,25.46,84.44,4.38
2021-07-28 09:00:00,292.7,680.42,27.26,74.76,4.61
2021-07-28 10:00:00,341.3,831.55,29.05,67.26,4.42
2021-07-28 11:00:00,376.65,915.12,30.28,62.52,4.09
2021-07-28 12:00:00,454.8,925.03,30.85,60.08,3.77
2021-07-28 13:00:00,539.53,861.33,31.08,58.77,3.48
2021-07-28 14:00:00,437.1,731.35,31.03,58.28,3.26
2021-07-28 15:00:00,325.77,548.97,30.67,58.9,3.01
2021-07-28 16:00:00,188.68,329.73,29.82,62.2,2.59
2021-07-28 17:00:00,74.47,116.1,28.5,71.52,1.61
2021-07-28 18:00:00,3.5,4.8,26.44,84.66,0.93
2021-07-28 19:00:00,0.0,0.0,25.64,86.5,0.98
2021-07-28 20:00:00,0.0,0.0,25.09,87.57,1.05
2021-07-28 21:00:00,0.0,0.0,24.6,88.71,1.16
2021-07-28 22:00:00,0.0,0.0,24.18,90.06,1.27
2021-07-28 23:00:00,0.0,0.0,23.86,91.37,1.42
2021-07-29 00:00:00,0.0,0.0,23.6,92.61,1.64
2021-07-29 01:00:00,0.0,0.0,23.35,93.99,1.77
2021-07-29 02:00:00,0.0,0.0,23.07,95.41,1.75
2021-07-29 03:00:00,0.0,0.0,22.85,96.3,1.68
2021-07-29 04:00:00,0.0,0.0,22.71,96.76,1.67
2021-07-29 05:00:00,0.0,0.0,22.58,96.96,1.6
2021-07-29 06:00:00,50.45,65.47,23.2,95.01,2.24
2021-07-29 07:00:00,172.0,266.58,24.54,89.66,2.7
2021-07-29 08:00:00,322.3,496.67,26.43,79.61,3.28
2021-07-29 09:00:00,584.78,702.55,28.2,69.66,3.5
2021-07-29 10:00:00,661.85,854.12,29.55,63.41,3.45
2021-07-29 11:00:00,812.7,939.4,30.56,59.22,3.31
2021-07-29 12:00:00,717.45,952.53,31.21,56.77,3.11
2021-07-29 13:00:00,751.0,892.12,31.59,55.31,2.85
2021-07-29 14:00:00,620.2,762.3,31.65,54.59,2.56
2021-07-29 15:00:00,462.77,576.38,31.21,55.36,2.21
2021-07-29 16:00:00,278.7,351.27,30.4,58.48,1.73
2021-07-29 17:00:00,106.1,125.85,29.16,68.04,1.01
2021-07-29 18:00:00,4.45,4.85,27.84,78.55,0.58
2021-07-29 19:00:00,0.0,0.0,27.38,79.34,0.59
2021-07-29 20:00:00,0.0,0.0,26.8,81.58,0.61
2021-07-29 21:00:00,0.0,0.0,26.21,83.46,0.68
2021-07-29 22:00:00,0.0,0.0,25.71,84.85,0.77
2021-07-29 23:00:00,0.0,0.0,25.24,86.46,0.88
2021-07-30 00:00:00,0.0,0.0,24.8,88.21,1.01
2021-07-30 01:00:00,0.0,0.0,24.48,90.0,1.13
2021-07-30 02:00:00,0.0,0.0,24.22,91.89,1.19
2021-07-30 03:00:00,0.0,0.0,24.04,93.3,1.26
2021-07-30 04:00:00,0.0,0.0,23.84,94.82,1.32
2021-07-30 05:00:00,0.0,0.0,23.68,95.83,1.39
2021-07-30 06:00:00,33.97,67.2,24.08,94.29,2.0
2021-07-30 07:00:00,124.8,274.4,24.83,90.86,2.58
2021-07-30 08:00:00,227.52,504.25,25.72,85.4,3.29
2021-07-30 09:00:00,384.5,705.4,27.13,77.66,3.57
2021-07-30 10:00:00,611.9,853.7,28.62,70.32,3.52
2021-07-30 11:00:00,683.9,934.33,29.64,65.41,3.41
2021-07-30 12:00:00,691.62,943.58,30.47,61.74,3.37
2021-07-30 13:00:00,622.47,879.08,30.87,59.98,3.28
2021-07-30 14:00:00,576.45,745.55,30.8,60.22,3.1
2021-07-30 15:00:00,420.15,557.22,30.35,62.28,2.83
2021-07-30 16:00:00,223.68,332.25,29.72,66.05,2.33
2021-07-30 17:00:00,77.22,115.03,28.58,75.53,1.35
2021-07-30 18:00:00,3.33,4.57,27.02,86.89,0.76
2021-07-30 19:00:00,0.0,0.0,26.52,88.11,0.78
2021-07-30 20:00:00,0.0,0.0,26.13,89.25,0.85
2021-07-30 21:00:00,0.0,0.0,25.76,90.27,0.99
2021-07-30 22:00:00,0.0,0.0,25.37,91.57,1.2
2021-07-30 23:00:00,0.0,0.0,25.02,92.77,1.56
2021-07-31 00:00:00,0.0,0.0,24.74,93.97,2.09
2021-07-31 01:00:00,0.0,0.0,24.53,95.08,2.63
2021-07-31 02:00:00,0.0,0.0,24.36,95.84,3.12
2021-07-31 03:00:00,0.0,0.0,24.26,96.04,3.58
2021-07-31 04:00:00,0.0,0.0,24.16,96.01,3.79
2021-07-31 05:00:00,0.0,0.0,23.99,96.03,3.9
2021-07-31 06:00:00,10.52,66.22,23.94,95.42,4.29
2021-07-31 07:00:00,31.23,269.9,24.3,93.26,4.45
2021-07-31 08:00:00,57.88,498.95,24.54,90.87,4.49
2021-07-31 09:00:00,82.65,701.58,24.81,88.65,4.69
2021-07-31 10:00:00,207.38,852.53,25.24,86.04,4.89
2021-07-31 11:00:00,281.45,936.92,25.9,83.1,4.72
2021-07-31 12:00:00,327.88,947.5,26.57,80.27,4.38
2021-07-31 13:00:00,405.8,884.78,27.02,78.42,4.07
2021-07-31 14:00:00,322.77,755.72,27.11,78.32,3.81
2021-07-31 15:00:00,254.95,569.45,26.95,79.52,3.59
2021-07-31 16:00:00,198.0,347.7,26.61,82.41,3.19
2021-07-31 17:00:00,69.03,123.47,25.93,87.81,2.31
2021-07-31 18:00:00,3.38,4.62,24.65,94.73,1.28
2021-07-31 19:00:00,0.0,0.0,24.21,96.58,1.12
2021-07-31 20:00:00,0.0,0.0,23.96,97.5,1.04
2021-07-31 21:00:00,0.0,0.0,23.83,97.97,1.14
2021-07-31 22:00:00,0.0,0.0,23.69,98.19,1.31
2021-07-31 23:00:00,0.0,0.0,23.44,98.4,1.37
2021-08-01 00:00:00,0.0,0.0,23.15,98.64,1.31
2021-08-01 01:00:00,0.0,0.0,22.96,98.6,1.32
2021-08-01 02:00:00,0.0,0.0,22.9,98.3,1.45
2021-08-01 03:00:00,0.0,0.0,22.9,97.86,1.62
2021-08-01 04:00:00,0.0,0.0,22.84,97.69,1.68
2021-08-01 05:00:00,0.0,0.0,22.81,97.6,1.68
2021-08-01 06:00:00,41.42,59.95,23.39,96.0,2.46
2021-08-01 07:00:00,135.23,252.4,24.34,92.31,3.3
2021-08-01 08:00:00,245.93,475.95,25.64,84.28,3.89
2021-08-01 09:00:00,386.02,670.47,27.29,75.17,3.9
2021-08-01 10:00:00,566.83,827.05,28.5,70.02,3.6
2021-08-01 11:00:00,568.47,906.62,29.39,66.39,3.39
2021-08-01 12:00:00,656.65,915.6,29.53,65.34,3.27
2021-08-01 13:00:00,630.38,850.72,29.5,64.94,3.21
2021-08-01 14:00:00,533.85,715.53,29.38,65.12,3.15
2021-08-01 15:00:00,473.3,524.25,29.06,66.2,2.94
2021-08-01 16:00:00,273.5,303.75,28.41,69.67,2.39
2021-08-01 17:00:00,99.57,103.8,27.24,79.82,1.26
2021-08-01 18:00:00,3.92,4.0,25.79,87.56,0.72
2021-08-01 19:00:00,0.0,0.0,25.41,87.83,0.66
2021-08-01 20:00:00,0.0,0.0,25.11,87.6,0.66
2021-08-01 21:00:00,0.0,0.0,24.8,87.97,0.68
2021-08-01 22:00:00,0.0,0.0,24.47,88.7,0.67
2021-08-01 23:00:00,0.0,0.0,24.19,89.07,0.66
2021-08-02 00:00:00,0.0,0.0,24.0,88.83,0.65
2021-08-02 01:00:00,0.0,0.0,23.82,89.22,0.61
2021-08-02 02:00:00,0.0,0.0,23.47,90.86,0.61
2021-08-02 03:00:00,0.0,0.0,23.05,93.13,0.6
2021-08-02 04:00:00,0.0,0.0,22.76,94.53,0.6
2021-08-02 05:00:00,0.0,0.0,22.56,95.4,0.56
2021-08-02 06:00:00,60.58,64.62,23.36,92.96,0.76
2021-08-02 07:00:00,237.62,267.67,25.35,82.47,1.13
2021-08-02 08:00:00,452.45,499.85,27.53,71.91,1.61
2021-08-02 09:00:00,682.92,704.85,28.88,66.71,1.68
2021-08-02 10:00:00,818.45,856.78,29.78,63.56,1.66
2021-08-02 11:00:00,902.5,941.4,30.66,60.72,1.74
2021-08-02 12:00:00,904.45,909.33,31.32,58.64,1.82
2021-08-02 13:00:00,827.72,852.35,31.59,57.39,1.8
2021-08-02 14:00:00,639.62,727.95,31.45,57.47,1.74
2021-08-02 15:00:00,377.7,547.2,30.91,59.03,1.55
2021-08-02 16:00:00,226.62,334.88,30.13,64.76,1.05
2021-08-02 17:00:00,79.53,117.38,29.15,70.61,0.93
2021-08-02 18:00:00,3.5,4.32,27.64,80.78,0.63
2021-08-02 19:00:00,0.0,0.0,26.97,81.45,0.69
2021-08-02 20:00:00,0.0,0.0,26.49,82.51,0.68
2021-08-02 21:00:00,0.0,0.0,26.16,83.24,0.64
2021-08-02 22:00:00,0.0,0.0,25.97,82.94,0.62
2021-08-02 23:00:00,0.0,0.0,25.66,83.69,0.61
2021-08-03 00:00:00,0.0,0.0,25.19,85.57,0.62
2021-08-03 01:00:00,0.0,0.0,24.68,87.62,0.64
2021-08-03 02:00:00,0.0,0.0,24.22,89.06,0.7
2021-08-03 03:00:00,0.0,0.0,23.9,89.83,0.78
2021-08-03 04:00:00,0.0,0.0,23.59,90.56,0.85
2021-08-03 05:00:00,0.0,0.0,23.3,91.48,0.87
2021-08-03 06:00:00,65.22,67.32,24.06,88.16,1.47
2021-08-03 07:00:00,265.23,271.42,26.04,78.17,1.76
2021-08-03 08:00:00,495.5,501.55,28.64,66.36,2.41
2021-08-03 09:00:00,702.58,702.8,30.12,60.67,2.61
2021-08-03 10:00:00,851.08,854.2,30.77,58.71,2.65
2021-08-03 11:00:00,874.8,938.17,31.27,57.58,2.58
2021-08-03 12:00:00,832.42,931.42,31.58,57.17,2.4
2021-08-03 13:00:00,658.17,867.45,31.76,56.98,2.15
2021-08-03 14:00:00,565.72,737.12,31.61,57.43,1.86
2021-08-03 15:00:00,322.9,550.6,31.21,58.49,1.66
2021-08-03 16:00:00,173.18,333.58,30.49,61.94,1.33
2021-08-03 17:00:00,62.15,114.72,29.5,68.38,0.94
2021-08-03 18:00:00,2.45,4.18,28.2,79.07,0.56
2021-08-03 19:00:00,0.0,0.0,27.95,76.54,0.56
2021-08-03 20:00:00,0.0,0.0,28.01,73.52,0.46
2021-08-03 21:00:00,0.0,0.0,27.88,73.2,0.24
2021-08-03 22:00:00,0.0,0.0,27.47,76.18,0.12
2021-08-03 23:00:00,0.0,0.0,26.63,80.04,0.37
2021-08-04 00:00:00,0.0,0.0,25.84,85.18,0.48
2021-08-04 01:00:00,0.0,0.0,25.18,88.98,0.52
2021-08-04 02:00:00,0.0,0.0,24.74,91.48,0.57
2021-08-04 03:00:00,0.0,0.0,24.41,92.95,0.61
2021-08-04 04:00:00,0.0,0.0,24.1,94.04,0.65
2021-08-04 05:00:00,0.0,0.0,23.82,94.87,0.71
2021-08-04 06:00:00,39.5,67.32,24.19,93.33,1.21
2021-08-04 07:00:00,167.3,278.48,24.77,91.24,1.79
2021-08-04 08:00:00,326.17,509.42,26.12,85.79,1.94
2021-08-04 09:00:00,311.27,710.22,27.7,76.55,2.08
2021-08-04 10:00:00,527.97,857.8,28.9,69.12,2.08
2021-08-04 11:00:00,489.75,940.47,29.64,65.2,2.02
2021-08-04 12:00:00,534.67,910.8,30.1,63.06,1.93
2021-08-04 13:00:00,738.78,846.83,30.21,62.46,1.87
2021-08-04 14:00:00,580.53,713.65,30.06,63.01,1.87
2021-08-04 15:00:00,450.52,525.42,29.69,64.32,1.82
2021-08-04 16:00:00,246.1,304.67,29.03,67.48,1.57
2021-08-04 17:00:00,84.85,102.7,28.06,74.71,1.11
2021-08-04 18:00:00,2.45,3.78,26.62,85.89,0.67
2021-08-04 19:00:00,0.0,0.0,25.98,88.28,0.67
2021-08-04 20:00:00,0.0,0.0,25.41,89.94,0.75
2021-08-04 21:00:00,0.0,0.0,24.88,91.53,0.86
2021-08-04 22:00:00,0.0,0.0,24.51,92.78,1.0
2021-08-04 23:00:00,0.0,0.0,24.17,93.89,1.22
2021-08-05 00:00:00,0.0,0.0,23.85,94.94,1.51
2021-08-05 01:00:00,0.0,0.0,23.54,95.67,1.7
2021-08-05 02:00:00,0.0,0.0,23.32,95.95,1.81
2021-08-05 03:00:00,0.0,0.0,23.13,95.62,1.8
2021-08-05 04:00:00,0.0,0.0,22.91,95.72,1.6
2021-08-05 05:00:00,0.0,0.0,22.69,95.76,1.5
2021-08-05 06:00:00,17.45,60.4,22.74,94.46,1.92
2021-08-05 07:00:00,90.43,257.27,23.15,92.0,2.36
2021-08-05 08:00:00,173.73,484.55,24.12,86.86,2.78
2021-08-05 09:00:00,170.93,683.05,25.45,79.9,3.22
2021-08-05 10:00:00,273.95,835.62,26.77,73.62,3.51
2021-08-05 11:00:00,203.45,919.47,27.87,69.39,3.79
2021-08-05 12:00:00,294.65,930.28,28.63,67.01,3.85
2021-08-05 13:00:00,151.82,867.03,29.04,65.97,3.74
2021-08-05 14:00:00,163.8,734.6,28.93,66.44,3.44
2021-08-05 15:00:00,145.57,546.8,28.55,68.1,3.07
2021-08-05 16:00:00,98.38,324.77,27.89,71.64,2.45
2021-08-05 17:00:00,39.05,109.6,26.87,80.15,1.42
2021-08-05 18:00:00,2.05,3.85,25.49,89.84,0.89
2021-08-05 19:00:00,0.0,0.0,24.94,91.1,1.09
2021-08-05 20:00:00,0.0,0.0,24.61,92.02,1.35
2021-08-05 21:00:00,0.0,0.0,24.39,92.87,1.7
2021-08-05 22:00:00,0.0,0.0,24.18,93.85,1.91
2021-08-05 23:00:00,0.0,0.0,23.94,94.7,1.93
2021-08-06 00:00:00,0.0,0.0,23.67,95.62,1.81
2021-08-06 01:00:00,0.0,0.0,23.48,96.12,1.69
2021-08-06 02:00:00,0.0,0.0,23.31,96.49,1.51
2021-08-06 03:00:00,0.0,0.0,23.19,96.69,1.34
2021-08-06 04:00:00,0.0,0.0,23.07,97.04,1.25
2021-08-06 05:00:00,0.0,0.0,22.97,97.24,1.2
2021-08-06 06:00:00,40.03,68.3,23.39,95.77,1.87
2021-08-06 07:00:00,154.65,280.23,24.29,92.58,2.74
2021-08-06 08:00:00,302.85,513.35,25.27,87.11,3.54
2021-08-06 09:00:00,403.5,716.15,26.39,80.86,3.68
2021-08-06 10:00:00,584.45,866.0,27.32,76.26,3.5
2021-08-06 11:00:00,532.72,949.28,28.14,73.04,3.33
2021-08-06 12:00:00,519.38,927.92,28.81,70.47,3.17
2021-08-06 13:00:00,442.38,868.58,29.2,68.66,3.04
2021-08-06 14:00:00,364.67,736.12,29.29,67.46,2.94
2021-08-06 15:00:00,340.38,541.72,29.06,67.34,2.73
2021-08-06 16:00:00,241.68,318.73,28.34,71.56,2.21
2021-08-06 17:00:00,86.05,108.68,27.18,80.25,1.49
2021-08-06 18:00:00,3.05,3.67,25.44,90.76,0.84
2021-08-06 19:00:00,0.0,0.0,24.87,92.41,0.85
2021-08-06 20:00:00,0.0,0.0,24.51,93.46,0.9
2021-08-06 21:00:00,0.0,0.0,24.22,94.27,0.99
2021-08-06 22:00:00,0.0,0.0,23.98,94.96,1.17
2021-08-06 23:00:00,0.0,0.0,23.78,95.28,1.44
2021-08-07 00:00:00,0.0,0.0,23.59,95.68,1.73
2021-08-07 01:00:00,0.0,0.0,23.38,96.34,2.01
2021-08-07 02:00:00,0.0,0.0,23.17,96.86,2.15
2021-08-07 03:00:00,0.0,0.0,22.93,97.37,1.84
2021-08-07 04:00:00,0.0,0.0,22.81,97.2,1.75
2021-08-07 05:00:00,0.0,0.0,22.66,97.55,1.54
2021-08-07 06:00:00,49.12,64.9,23.11,96.41,1.98
2021-08-07 07:00:00,187.85,269.38,24.0,94.11,2.34
2021-08-07 08:00:00,347.05,498.3,25.2,88.55,3.15
2021-08-07 09:00:00,611.92,700.6,26.5,79.27,3.79
2021-08-07 10:00:00,781.58,851.95,27.64,70.63,4.16
2021-08-07 11:00:00,847.83,936.25,28.53,64.61,4.27
2021-08-07 12:00:00,738.15,944.3,29.17,61.08,4.26
2021-08-07 13:00:00,658.72,878.03,29.64,58.94,4.16
2021-08-07 14:00:00,515.97,744.55,29.86,57.97,3.96
2021-08-07 15:00:00,422.25,554.3,29.77,58.29,3.56
2021-08-07 16:00:00,268.42,328.62,29.19,63.05,2.73
2021-08-07 17:00:00,97.35,111.18,27.71,75.04,1.6
2021-08-07 18:00:00,3.38,3.6,25.32,86.25,0.95
2021-08-07 19:00:00,0.0,0.0,24.65,87.94,0.93
2021-08-07 20:00:00,0.0,0.0,24.34,89.27,0.87
2021-08-07 21:00:00,0.0,0.0,24.08,90.35,0.82
2021-08-07 22:00:00,0.0,0.0,23.8,91.38,0.78
2021-08-07 23:00:00,0.0,0.0,23.47,92.52,0.75
2021-08-08 00:00:00,0.0,0.0,23.18,93.58,0.73
2021-08-08 01:00:00,0.0,0.0,23.01,94.35,0.75
2021-08-08 02:00:00,0.0,0.0,22.84,94.85,0.82
2021-08-08 03:00:00,0.0,0.0,22.6,95.52,0.85
2021-08-08 04:00:00,0.0,0.0,22.34,96.05,0.95
2021-08-08 05:00:00,0.0,0.0,22.19,96.49,1.05
2021-08-08 06:00:00,34.1,64.65,22.91,94.6,1.82
2021-08-08 07:00:00,134.75,271.62,24.09,91.35,2.11
2021-08-08 08:00:00,252.65,501.52,26.13,81.34,2.44
2021-08-08 09:00:00,412.42,702.72,27.59,74.27,2.63
2021-08-08 10:00:00,531.08,853.95,28.54,71.35,2.58
2021-08-08 11:00:00,572.97,939.62,28.93,70.4,2.27
2021-08-08 12:00:00,606.22,915.45,29.29,69.65,1.9
2021-08-08 13:00:00,641.62,849.97,29.36,69.47,1.6
2021-08-08 14:00:00,514.28,717.38,29.24,69.73,1.44
2021-08-08 15:00:00,353.23,528.22,28.94,70.73,1.35
2021-08-08 16:00:00,198.15,307.67,28.49,73.52,1.26
2021-08-08 17:00:00,72.03,100.32,27.61,80.28,0.93
2021-08-08 18:00:00,2.3,3.28,26.15,89.04,0.64
2021-08-08 19:00:00,0.0,0.0,25.53,90.42,0.72
2021-08-08 20:00:00,0.0,0.0,25.04,91.82,0.82
2021-08-08 21:00:00,0.0,0.0,24.65,92.77,0.96
2021-08-08 22:00:00,0.0,0.0,24.35,93.66,1.14
2021-08-08 23:00:00,0.0,0.0,24.09,94.64,1.36
2021-08-09 00:00:00,0.0,0.0,23.91,95.62,1.6
2021-08-09 01:00:00,0.0,0.0,23.73,96.67,1.76
2021-08-09 02:00:00,0.0,0.0,23.7,96.88,1.95
2021-08-09 03:00:00,0.0,0.0,23.65,97.01,1.97
2021-08-09 04:00:00,0.0,0.0,23.59,97.02,1.99
2021-08-09 05:00:00,0.0,0.0,23.51,97.04,1.96
2021-08-09 06:00:00,37.08,58.85,23.87,95.54,2.29
2021-08-09 07:00:00,142.3,255.18,24.7,91.93,2.82
2021-08-09 08:00:00,268.83,483.98,25.68,86.63,3.11
2021-08-09 09:00:00,369.75,687.12,26.83,80.58,2.88
2021-08-09 10:00:00,396.27,840.33,27.81,75.57,2.4
2021-08-09 11:00:00,645.17,924.5,28.66,71.55,2.13
2021-08-09 12:00:00,643.88,933.6,29.32,68.68,2.14
2021-08-09 13:00:00,610.65,859.75,29.64,66.81,2.18
2021-08-09 14:00:00,568.97,722.05,29.68,65.98,2.18
2021-08-09 15:00:00,406.52,529.97,29.51,66.12,2.1
2021-08-09 16:00:00,219.9,307.25,28.87,68.93,1.87
2021-08-09 17:00:00,82.12,101.05,27.86,76.17,1.37
2021-08-09 18:00:00,2.92,3.17,26.02,87.9,0.81
2021-08-09 19:00:00,0.0,0.0,25.42,89.55,0.9
2021-08-09 20:00:00,0.0,0.0,24.92,90.97,1.05
2021-08-09 21:00:00,0.0,0.0,24.4,92.71,1.18
2021-08-09 22:00:00,0.0,0.0,23.99,94.26,1.26
2021-08-09 23:00:00,0.0,0.0,23.6,95.68,1.33
2021-08-10 00:00:00,0.0,0.0,23.29,96.73,1.46
2021-08-10 01:00:00,0.0,0.0,23.07,97.2,1.58
2021-08-10 02:00:00,0.0,0.0,22.81,97.57,1.52
2021-08-10 03:00:00,0.0,0.0,22.53,97.89,1.45
2021-08-10 04:00:00,0.0,0.0,22.26,98.11,1.35
2021-08-10 05:00:00,0.0,0.0,22.04,98.16,1.28
2021-08-10 06:00:00,55.42,60.75,22.88,96.25,2.16
2021-08-10 07:00:00,210.45,258.05,24.14,91.93,3.0
2021-08-10 08:00:00,389.95,487.8,25.87,82.81,3.54
2021-08-10 09:00:00,500.88,692.38,27.54,74.36,3.62
2021-08-10 10:00:00,557.22,845.6,28.54,70.37,3.5
2021-08-10 11:00:00,657.78,930.95,29.25,67.99,3.37
2021-08-10 12:00:00,792.22,945.12,29.78,66.24,3.26
2021-08-10 13:00:00,772.28,879.45,29.99,65.38,3.1
2021-08-10 14:00:00,659.22,744.72,29.89,65.48,2.89
2021-08-10 15:00:00,489.55,553.7,29.34,67.45,2.62
2021-08-10 16:00:00,293.45,327.1,28.47,72.22,2.18
2021-08-10 17:00:00,102.22,108.53,27.35,80.09,1.55
2021-08-10 18:00:00,3.12,3.2,25.87,87.86,1.08
2021-08-10 19:00:00,0.0,0.0,25.32,89.24,1.16
2021-08-10 20:00:00,0.0,0.0,24.94,90.1,1.25
2021-08-10 21:00:00,0.0,0.0,24.59,91.09,1.33
2021-08-10 22:00:00,0.0,0.0,24.3,92.03,1.35
2021-08-10 23:00:00,0.0,0.0,24.07,92.9,1.44
2021-08-11 00:00:00,0.0,0.0,23.89,93.8,1.54
2021-08-11 01:00:00,0.0,0.0,23.76,94.52,1.78
2021-08-11 02:00:00,0.0,0.0,23.67,95.25,2.02
2021-08-11 03:00:00,0.0,0.0,23.6,95.68,2.03
2021-08-11 04:00:00,0.0,0.0,23.54,95.89,2.03
2021-08-11 05:00:00,0.0,0.0,23.49,95.91,2.08
2021-08-11 06:00:00,27.67,64.9,23.81,94.68,2.56
2021-08-11 07:00:00,132.6,273.1,24.51,92.12,2.95
2021-08-11 08:00:00,259.55,503.33,25.17,88.6,3.25
2021-08-11 09:00:00,306.15,704.97,25.84,84.44,3.57
2021-08-11 10:00:00,415.77,852.35,26.5,80.73,3.68
2021-08-11 11:00:00,434.73,933.28,27.2,77.33,3.65
2021-08-11 12:00:00,424.73,940.08,27.82,74.51,3.45
2021-08-11 13:00:00,335.88,871.72,28.21,72.78,3.17
2021-08-11 14:00:00,301.73,734.55,28.13,72.88,2.77
2021-08-11 15:00:00,288.6,541.45,27.85,74.01,2.36
2021-08-11 16:00:00,194.93,319.42,27.35,77.78,1.68
2021-08-11 17:00:00,67.22,103.8,26.48,84.98,1.06
2021-08-11 18:00:00,2.5,3.0,25.18,90.41,0.66
2021-08-11 19:00:00,0.0,0.0,24.94,89.54,0.67
2021-08-11 20:00:00,0.0,0.0,24.76,89.01,0.68
2021-08-11 21:00:00,0.0,0.0,24.55,89.08,0.67
2021-08-11 22:00:00,0.0,0.0,24.13,90.8,0.69
2021-08-11 23:00:00,0.0,0.0,23.62,93.23,0.69
2021-08-12 00:00:00,0.0,0.0,23.31,94.67,0.72
2021-08-12 01:00:00,0.0,0.0,23.12,95.5,0.79
2021-08-12 02:00:00,0.0,0.0,23.01,96.0,0.94
2021-08-12 03:00:00,0.0,0.0,22.96,96.45,1.19
2021-08-12 04:00:00,0.0,0.0,22.93,96.87,1.49
2021-08-12 05:00:00,0.0,0.0,22.86,97.27,1.56
2021-08-12 06:00:00,38.47,59.92,23.24,96.3,2.03
2021-08-12 07:00:00,160.07,258.2,24.03,93.62,2.7
2021-08-12 08:00:00,295.48,488.15,24.93,88.36,3.29
2021-08-12 09:00:00,384.3,691.75,25.89,82.67,3.46
2021-08-12 10:00:00,415.23,842.8,26.77,77.97,3.39
2021-08-12 11:00:00,439.42,925.42,27.51,74.23,3.24
2021-08-12 12:00:00,550.22,933.15,28.05,71.67,3.03
2021-08-12 13:00:00,431.83,867.17,28.61,69.21,2.88
2021-08-12 14:00:00,363.55,731.67,29.09,66.82,2.73
2021-08-12 15:00:00,176.38,543.22,29.0,66.5,2.53
2021-08-12 16:00:00,110.2,318.1,28.45,68.77,2.2
2021-08-12 17:00:00,40.65,102.4,27.34,76.5,1.39
2021-08-12 18:00:00,1.58,2.88,25.54,87.53,0.75
2021-08-12 19:00:00,0.0,0.0,24.96,88.63,0.75
2021-08-12 20:00:00,0.0,0.0,24.59,89.56,0.75
2021-08-12 21:00:00,0.0,0.0,24.37,90.0,0.71
2021-08-12 22:00:00,0.0,0.0,24.27,90.46,0.66
2021-08-12 23:00:00,0.0,0.0,24.05,91.38,0.62
2021-08-13 00:00:00,0.0,0.0,23.76,92.51,0.6
2021-08-13 01:00:00,0.0,0.0,23.45,93.99,0.59
2021-08-13 02:00:00,0.0,0.0,23.2,95.12,0.57
2021-08-13 03:00:00,0.0,0.0,23.04,96.05,0.58
2021-08-13 04:00:00,0.0,0.0,22.94,96.38,0.62
2021-08-13 05:00:00,0.0,0.0,22.85,97.23,0.67
2021-08-13 06:00:00,23.35,57.08,23.36,96.38,1.23
2021-08-13 07:00:00,93.65,247.88,24.19,93.83,2.09
2021-08-13 08:00:00,163.43,476.6,25.03,89.72,2.72
2021-08-13 09:00:00,310.33,683.72,25.85,83.8,3.23
2021-08-13 10:00:00,381.45,836.38,26.57,78.86,3.39
2021-08-13 11:00:00,432.15,919.4,27.08,75.96,3.26
2021-08-13 12:00:00,514.92,931.22,27.53,73.89,3.08
2021-08-13 13:00:00,409.9,868.47,27.71,73.18,2.95
2021-08-13 14:00:00,363.45,734.5,27.75,73.1,2.83
2021-08-13 15:00:00,271.58,543.1,27.54,74.48,2.67
2021-08-13 16:00:00,143.68,317.35,27.03,78.49,2.26
2021-08-13 17:00:00,57.2,108.07,26.07,86.92,1.36
2021-08-13 18:00:00,0.0,0.0,24.84,93.83,0.87
2021-08-13 19:00:00,0.0,0.0,24.45,95.01,1.05
2021-08-13 20:00:00,0.0,0.0,24.18,95.61,1.29
2021-08-13 21:00:00,0.0,0.0,23.92,96.15,1.56
2021-08-13 22:00:00,0.0,0.0,23.67,96.6,1.87
2021-08-13 23:00:00,0.0,0.0,23.41,96.93,1.99
2021-08-14 00:00:00,0.0,0.0,23.17,97.08,1.96
2021-08-14 01:00:00,0.0,0.0,22.97,97.16,1.83
2021-08-14 02:00:00,0.0,0.0,22.83,97.3,1.69
2021-08-14 03:00:00,0.0,0.0,22.72,97.38,1.63
2021-08-14 04:00:00,0.0,0.0,22.64,97.37,1.71
2021-08-14 05:00:00,0.0,0.0,22.59,97.23,1.88
2021-08-14 06:00:00,54.83,62.45,22.85,96.65,2.49
2021-08-14 07:00:00,208.65,262.2,23.47,95.59,2.99
2021-08-14 08:00:00,410.65,492.58,24.18,93.13,3.38
2021-08-14 09:00:00,440.08,701.65,24.92,89.34,3.82
2021-08-14 10:00:00,527.4,848.6,25.77,85.47,3.95
2021-08-14 11:00:00,549.03,937.67,26.66,81.75,3.89
2021-08-14 12:00:00,638.05,942.5,27.44,78.4,3.76
2021-08-14 13:00:00,600.6,874.5,27.9,76.17,3.58
2021-08-14 14:00:00,452.6,741.9,27.99,75.48,3.35
2021-08-14 15:00:00,308.3,548.53,27.72,76.74,2.99
2021-08-14 16:00:00,163.5,320.75,27.24,80.31,2.44
2021-08-14 17:00:00,60.35,109.38,26.31,87.08,1.53
2021-08-14 18:00:00,0.0,0.0,24.73,94.13,0.79
2021-08-14 19:00:00,0.0,0.0,24.28,94.78,0.71
2021-08-14 20:00:00,0.0,0.0,24.07,94.73,0.66
2021-08-14 21:00:00,0.0,0.0,23.97,93.82,0.64
2021-08-14 22:00:00,0.0,0.0,23.9,93.27,0.62
2021-08-14 23:00:00,0.0,0.0,23.68,93.88,0.61
2021-08-15 00:00:00,0.0,0.0,23.36,95.28,0.6
2021-08-15 01:00:00,0.0,0.0,23.03,96.66,0.62
2021-08-15 02:00:00,0.0,0.0,22.79,97.54,0.65
2021-08-15 03:00:00,0.0,0.0,22.74,97.94,0.76
2021-08-15 04:00:00,0.0,0.0,22.8,97.94,0.95
2021-08-15 05:00:00,0.0,0.0,22.89,97.67,1.29
2021-08-15 06:00:00,53.03,64.1,23.41,96.41,2.1
2021-08-15 07:00:00,187.4,268.67,24.25,94.19,2.79
2021-08-15 08:00:00,377.95,498.55,25.33,88.71,3.56
2021-08-15 09:00:00,553.03,701.0,26.53,81.54,4.08
2021-08-15 10:00:00,727.08,849.2,27.65,75.82,4.14
2021-08-15 11:00:00,777.6,931.08,28.38,72.79,3.93
2021-08-15 12:00:00,759.9,958.95,28.8,71.07,3.63
2021-08-15 13:00:00,605.75,891.62,29.01,70.17,3.3
2021-08-15 14:00:00,561.88,754.78,29.01,70.04,2.94
2021-08-15 15:00:00,429.35,560.67,28.8,71.04,2.52
2021-08-15 16:00:00,260.6,330.3,28.28,75.25,1.78
2021-08-15 17:00:00,103.0,113.9,27.42,80.12,1.34
2021-08-15 18:00:00,0.0,0.0,25.69,89.13,0.74
2021-08-15 19:00:00,0.0,0.0,25.1,89.57,0.76
2021-08-15 20:00:00,0.0,0.0,24.75,89.81,0.76
2021-08-15 21:00:00,0.0,0.0,24.44,90.17,0.76
2021-08-15 22:00:00,0.0,0.0,24.12,90.95,0.76
2021-08-15 23:00:00,0.0,0.0,23.73,92.67,0.74
2021-08-16 00:00:00,0.0,0.0,23.4,94.05,0.78
2021-08-16 01:00:00,0.0,0.0,23.11,95.11,0.91
2021-08-16 02:00:00,0.0,0.0,22.86,95.85,1.15
2021-08-16 03:00:00,0.0,0.0,22.7,96.61,1.38
2021-08-16 04:00:00,0.0,0.0,22.55,97.14,1.42
2021-08-16 05:00:00,0.0,0.0,22.47,97.46,1.38
2021-08-16 06:00:00,29.5,59.62,23.11,95.71,2.05
2021-08-16 07:00:00,134.05,255.77,24.36,91.91,2.69
2021-08-16 08:00:00,270.95,483.75,25.94,84.89,3.26
2021-08-16 09:00:00,435.8,691.95,27.39,77.86,3.26
2021-08-16 10:00:00,627.65,847.72,28.4,73.69,2.92
2021-08-16 11:00:00,704.22,929.88,29.01,71.24,2.62
2021-08-16 12:00:00,807.3,937.47,29.47,69.31,2.37
2021-08-16 13:00:00,703.45,871.22,29.97,67.48,2.16
2021-08-16 14:00:00,562.05,728.12,30.16,66.31,1.98
2021-08-16 15:00:00,450.55,531.28,29.87,67.26,1.81
2021-08-16 16:00:00,243.95,302.73,29.24,72.59,1.29
2021-08-16 17:00:00,86.88,101.4,28.27,76.71,1.06
2021-08-16 18:00:00,0.0,0.0,27.0,84.72,0.59
2021-08-16 19:00:00,0.0,0.0,26.79,82.76,0.59
2021-08-16 20:00:00,0.0,0.0,26.49,83.56,0.6
2021-08-16 21:00:00,0.0,0.0,25.91,86.89,0.63
2021-08-16 22:00:00,0.0,0.0,25.3,90.29,0.64
2021-08-16 23:00:00,0.0,0.0,24.84,92.45,0.69
2021-08-17 00:00:00,0.0,0.0,24.41,93.63,0.79
2021-08-17 01:00:00,0.0,0.0,24.1,94.45,0.86
2021-08-17 02:00:00,0.0,0.0,23.92,95.29,0.83
2021-08-17 03:00:00,0.0,0.0,23.75,96.08,0.86
2021-08-17 04:00:00,0.0,0.0,23.58,96.55,1.03
2021-08-17 05:00:00,0.0,0.0,23.45,96.98,1.21
2021-08-17 06:00:00,41.4,63.75,23.65,96.77,1.63
2021-08-17 07:00:00,156.23,274.4,24.13,95.69,1.95
2021-08-17 08:00:00,304.35,507.23,24.54,94.27,2.32
2021-08-17 09:00:00,469.92,711.58,24.89,92.47,2.77
2021-08-17 10:00:00,615.3,862.55,25.41,89.34,3.22
2021-08-17 11:00:00,626.88,945.15,25.77,86.89,3.38
2021-08-17 12:00:00,666.15,952.75,26.27,84.35,3.37
2021-08-17 13:00:00,539.15,884.22,26.43,83.52,3.13
2021-08-17 14:00:00,425.35,745.8,26.28,84.71,2.64
2021-08-17 15:00:00,287.5,550.38,26.11,86.47,2.27
2021-08-17 16:00:00,175.7,317.33,25.87,89.12,1.78
2021-08-17 17:00:00,75.72,107.3,25.29,93.24,1.02
2021-08-17 18:00:00,0.0,0.0,24.5,95.05,0.75
2021-08-17 19:00:00,0.0,0.0,24.24,95.04,0.76
2021-08-17 20:00:00,0.0,0.0,24.01,95.06,0.72
2021-08-17 21:00:00,0.0,0.0,23.81,94.99,0.71
2021-08-17 22:00:00,0.0,0.0,23.62,95.19,0.71
2021-08-17 23:00:00,0.0,0.0,23.4,95.56,0.72
2021-08-18 00:00:00,0.0,0.0,23.17,96.11,0.69
2021-08-18 01:00:00,0.0,0.0,22.92,96.63,0.65
2021-08-18 02:00:00,0.0,0.0,22.69,97.04,0.63
2021-08-18 03:00:00,0.0,0.0,22.46,97.54,0.63
2021-08-18 04:00:00,0.0,0.0,22.2,98.18,0.65
2021-08-18 05:00:00,0.0,0.0,22.0,98.77,0.72
2021-08-18 06:00:00,37.62,68.8,23.11,96.59,1.6
2021-08-18 07:00:00,146.77,286.4,24.15,92.92,2.75
2021-08-18 08:00:00,301.17,519.58,25.27,86.46,3.44
2021-08-18 09:00:00,369.5,723.72,26.56,79.6,3.68
2021-08-18 10:00:00,524.65,874.9,27.62,74.83,3.46
2021-08-18 11:00:00,526.22,957.9,28.38,71.92,3.09
2021-08-18 12:00:00,554.47,966.47,28.83,70.26,2.67
2021-08-18 13:00:00,602.33,898.72,29.0,69.53,2.2
2021-08-18 14:00:00,561.58,762.3,28.86,69.68,1.64
2021-08-18 15:00:00,361.23,566.05,28.36,72.18,0.89
2021-08-18 16:00:00,194.15,336.08,27.74,75.6,0.26
2021-08-18 17:00:00,70.05,115.35,26.86,77.33,0.23
2021-08-18 18:00:00,0.0,0.0,25.82,85.66,0.39
2021-08-18 19:00:00,0.0,0.0,25.0,88.36,0.52
2021-08-18 20:00:00,0.0,0.0,24.5,89.77,0.63
2021-08-18 21:00:00,0.0,0.0,23.99,92.3,0.67
2021-08-18 22:00:00,0.0,0.0,23.57,93.66,0.68
2021-08-18 23:00:00,0.0,0.0,23.36,93.84,0.69
2021-08-19 00:00:00,0.0,0.0,23.04,94.78,0.63
2021-08-19 01:00:00,0.0,0.0,22.71,95.77,0.64
2021-08-19 02:00:00,0.0,0.0,22.5,96.02,0.71
2021-08-19 03:00:00,0.0,0.0,22.33,95.83,0.72
2021-08-19 04:00:00,0.0,0.0,22.37,94.31,0.68
2021-08-19 05:00:00,0.0,0.0,22.28,92.84,0.61
2021-08-19 06:00:00,23.65,70.93,22.87,93.74,0.57
2021-08-19 07:00:00,102.9,290.08,24.4,85.61,1.18
2021-08-19 08:00:00,220.98,525.72,26.55,70.18,1.98
2021-08-19 09:00:00,386.42,732.42,28.05,61.46,2.49
2021-08-19 10:00:00,549.45,883.1,29.32,57.36,2.51
2021-08-19 11:00:00,568.25,964.42,29.97,56.77,2.28
2021-08-19 12:00:00,612.35,958.53,30.41,56.96,2.16
2021-08-19 13:00:00,603.47,887.9,30.63,57.61,2.21
2021-08-19 14:00:00,369.9,748.3,30.54,58.79,2.33
2021-08-19 15:00:00,372.52,548.2,29.99,61.25,2.38
2021-08-19 16:00:00,248.12,318.48,29.07,66.21,2.08
2021-08-19 17:00:00,92.55,104.7,27.61,75.6,1.46
2021-08-19 18:00:00,0.0,0.0,25.57,86.88,0.88
2021-08-19 19:00:00,0.0,0.0,25.01,88.56,0.89
2021-08-19 20:00:00,0.0,0.0,24.62,90.1,0.9
2021-08-19 21:00:00,0.0,0.0,24.31,91.63,0.89
2021-08-19 22:00:00,0.0,0.0,24.05,93.02,0.86
2021-08-19 23:00:00,0.0,0.0,23.84,94.38,0.78
2021-08-20 00:00:00,0.0,0.0,23.68,95.29,0.64
2021-08-20 01:00:00,0.0,0.0,23.58,95.32,0.54
2021-08-20 02:00:00,0.0,0.0,23.65,93.8,0.49
2021-08-20 03:00:00,0.0,0.0,23.72,92.59,0.37
2021-08-20 04:00:00,0.0,0.0,23.5,93.42,0.29
2021-08-20 05:00:00,0.0,0.0,23.16,94.9,0.37
2021-08-20 06:00:00,54.97,61.8,23.43,95.4,0.55
2021-08-20 07:00:00,216.0,260.0,24.39,90.78,0.89
2021-08-20 08:00:00,410.12,491.02,25.93,83.76,0.44
2021-08-20 09:00:00,615.33,696.45,27.5,75.99,0.57
2021-08-20 10:00:00,738.67,850.12,28.63,71.6,1.09
2021-08-20 11:00:00,871.72,931.75,29.6,68.51,1.39
2021-08-20 12:00:00,875.45,910.45,30.12,66.82,1.61
2021-08-20 13:00:00,757.47,838.58,30.32,66.03,1.79
2021-08-20 14:00:00,614.88,696.4,30.23,66.27,1.95
2021-08-20 15:00:00,428.35,503.27,29.75,68.62,2.01
2021-08-20 16:00:00,273.05,293.45,28.95,74.13,1.65
2021-08-20 17:00:00,87.38,92.4,27.79,81.5,1.19
2021-08-20 18:00:00,0.0,0.0,26.46,89.92,0.7
2021-08-20 19:00:00,0.0,0.0,26.06,90.73,0.64
2021-08-20 20:00:00,0.0,0.0,25.87,90.17,0.62
2021-08-20 21:00:00,0.0,0.0,25.95,87.64,0.6
2021-08-20 22:00:00,0.0,0.0,25.95,86.03,0.5
2021-08-20 23:00:00,0.0,0.0,25.89,85.05,0.4
2021-08-21 00:00:00,0.0,0.0,25.73,85.45,0.27
2021-08-21 01:00:00,0.0,0.0,25.46,87.88,0.15
2021-08-21 02:00:00,0.0,0.0,25.06,87.85,0.22
2021-08-21 03:00:00,0.0,0.0,24.67,89.41,0.24
2021-08-21 04:00:00,0.0,0.0,24.37,90.79,0.21
2021-08-21 05:00:00,0.0,0.0,24.12,91.83,0.32
2021-08-21 06:00:00,27.83,66.85,24.31,93.81,0.61
2021-08-21 07:00:00,101.28,282.48,26.37,87.19,0.89
2021-08-21 08:00:00,216.27,517.28,27.98,79.05,1.23
2021-08-21 09:00:00,471.25,721.8,28.37,73.52,1.64
2021-08-21 10:00:00,520.45,872.75,29.02,71.21,1.7
2021-08-21 11:00:00,631.5,949.75,29.34,70.02,1.61
2021-08-21 12:00:00,728.0,948.28,29.45,69.4,1.5
2021-08-21 13:00:00,683.05,880.9,29.37,69.31,1.51
2021-08-21 14:00:00,548.72,734.3,29.11,70.44,1.5
2021-08-21 15:00:00,382.67,534.42,28.57,73.62,1.45
2021-08-21 16:00:00,174.95,303.27,27.88,79.26,1.28
2021-08-21 17:00:00,59.9,95.35,26.88,85.03,1.27
2021-08-21 18:00:00,0.0,0.0,25.68,90.76,1.36
2021-08-21 19:00:00,0.0,0.0,25.17,91.42,2.12
2021-08-21 20:00:00,0.0,0.0,24.69,92.75,2.6
2021-08-21 21:00:00,0.0,0.0,24.28,93.58,2.64
2021-08-21 22:00:00,0.0,0.0,23.89,93.8,2.34
2021-08-21 23:00:00,0.0,0.0,23.43,95.42,1.78
2021-08-22 00:00:00,0.0,0.0,23.2,96.04,1.65
2021-08-22 01:00:00,0.0,0.0,23.07,96.42,1.69
2021-08-22 02:00:00,0.0,0.0,23.08,96.49,1.83
2021-08-22 03:00:00,0.0,0.0,23.11,96.51,1.9
2021-08-22 04:00:00,0.0,0.0,23.08,96.76,1.94
2021-08-22 05:00:00,0.0,0.0,23.02,97.04,1.98
2021-08-22 06:00:00,32.65,63.6,23.31,96.17,2.2
2021-08-22 07:00:00,134.68,271.08,24.16,93.28,2.64
2021-08-22 08:00:00,235.23,503.62,25.14,87.41,3.07
2021-08-22 09:00:00,376.5,708.33,26.51,78.36,3.33
2021-08-22 10:00:00,540.5,858.28,27.85,70.83,3.35
2021-08-22 11:00:00,602.88,939.55,28.86,66.41,3.24
2021-08-22 12:00:00,743.08,938.9,29.58,64.06,3.09
2021-08-22 13:00:00,587.38,867.53,29.93,63.03,2.92
2021-08-22 14:00:00,483.85,725.85,29.82,63.39,2.71
2021-08-22 15:00:00,326.35,528.85,29.33,65.11,2.42
2021-08-22 16:00:00,189.8,298.85,28.61,68.28,2.02
2021-08-22 17:00:00,69.95,93.15,27.45,76.31,1.32
2021-08-22 18:00:00,0.0,0.0,25.64,88.1,0.76
2021-08-22 19:00:00,0.0,0.0,25.03,89.48,0.77
2021-08-22 20:00:00,0.0,0.0,24.6,90.6,0.77
2021-08-22 21:00:00,0.0,0.0,24.23,91.35,0.72
2021-08-22 22:00:00,0.0,0.0,23.93,91.83,0.69
2021-08-22 23:00:00,0.0,0.0,23.6,92.4,0.68
2021-08-23 00:00:00,0.0,0.0,23.22,93.24,0.69
2021-08-23 01:00:00,0.0,0.0,22.88,94.24,0.69
2021-08-23 02:00:00,0.0,0.0,22.58,95.43,0.69
2021-08-23 03:00:00,0.0,0.0,22.25,96.66,0.71
2021-08-23 04:00:00,0.0,0.0,21.97,97.87,0.74
2021-08-23 05:00:00,0.0,0.0,21.76,98.86,0.75
2021-08-23 06:00:00,57.05,62.45,22.79,95.64,1.37
2021-08-23 07:00:00,223.15,263.73,24.43,90.06,1.61
2021-08-23 08:00:00,429.67,497.55,27.02,76.35,1.81
2021-08-23 09:00:00,581.17,706.75,28.62,69.01,1.54
2021-08-23 10:00:00,692.55,861.47,29.7,65.19,1.2
2021-08-23 11:00:00,725.45,945.92,30.54,62.04,0.93
2021-08-23 12:00:00,759.2,964.42,31.07,59.85,0.97
2021-08-23 13:00:00,754.28,894.88,31.31,58.94,1.23
2021-08-23 14:00:00,609.88,754.6,31.22,58.96,1.49
2021-08-23 15:00:00,470.8,557.6,30.89,59.86,1.64
2021-08-23 16:00:00,216.07,323.83,30.17,63.28,1.52
2021-08-23 17:00:00,66.65,102.95,29.02,70.47,1.11
2021-08-23 18:00:00,0.0,0.0,27.32,82.12,0.65
2021-08-23 19:00:00,0.0,0.0,27.05,79.77,0.67
2021-08-23 20:00:00,0.0,0.0,26.91,77.61,0.65
2021-08-23 21:00:00,0.0,0.0,26.66,77.45,0.63
2021-08-23 22:00:00,0.0,0.0,26.27,78.99,0.65
2021-08-23 23:00:00,0.0,0.0,25.8,81.19,0.67
2021-08-24 00:00:00,0.0,0.0,25.36,83.59,0.65
2021-08-24 01:00:00,0.0,0.0,25.0,85.41,0.62
2021-08-24 02:00:00,0.0,0.0,24.66,87.25,0.57
2021-08-24 03:00:00,0.0,0.0,24.37,88.46,0.53
2021-08-24 04:00:00,0.0,0.0,24.11,89.3,0.53
2021-08-24 05:00:00,0.0,0.0,23.88,90.04,0.51
2021-08-24 06:00:00,43.33,68.6,24.1,91.17,0.56
2021-08-24 07:00:00,174.65,286.95,24.82,85.63,1.01
2021-08-24 08:00:00,334.52,525.6,26.31,79.27,1.08
2021-08-24 09:00:00,537.55,728.33,28.12,72.0,0.99
2021-08-24 10:00:00,800.28,878.83,29.34,67.86,0.66
2021-08-24 11:00:00,854.33,959.75,30.42,64.56,0.58
2021-08-24 12:00:00,850.05,948.25,30.93,62.54,1.03
2021-08-24 13:00:00,667.15,876.97,31.2,61.67,1.4
2021-08-24 14:00:00,573.17,736.95,31.17,61.78,1.72
2021-08-24 15:00:00,332.33,538.75,30.47,64.51,1.82
2021-08-24 16:00:00,153.35,308.8,29.61,71.48,1.41
2021-08-24 17:00:00,51.65,94.78,28.48,77.26,1.2
2021-08-24 18:00:00,0.0,0.0,27.12,88.05,0.64
2021-08-24 19:00:00,0.0,0.0,26.63,88.53,0.66
2021-08-24 20:00:00,0.0,0.0,26.19,89.5,0.7
2021-08-24 21:00:00,0.0,0.0,25.73,91.22,0.76
2021-08-24 22:00:00,0.0,0.0,25.37,92.67,0.82
2021-08-24 23:00:00,0.0,0.0,25.03,93.88,0.9
2021-08-25 00:00:00,0.0,0.0,24.72,94.72,0.97
2021-08-25 01:00:00,0.0,0.0,24.4,95.77,1.03
2021-08-25 02:00:00,0.0,0.0,24.15,96.54,1.09
2021-08-25 03:00:00,0.0,0.0,23.98,97.04,1.24
2021-08-25 04:00:00,0.0,0.0,23.84,97.46,1.45
2021-08-25 05:00:00,0.0,0.0,23.76,97.53,1.6
2021-08-25 06:00:00,40.2,67.15,24.13,96.38,2.25
2021-08-25 07:00:00,163.25,282.73,25.03,93.63,3.15
2021-08-25 08:00:00,327.95,518.95,25.96,87.46,4.02
2021-08-25 09:00:00,468.42,724.22,26.97,79.55,4.43
2021-08-25 10:00:00,588.33,874.67,27.61,75.07,4.34
2021-08-25 11:00:00,717.12,956.5,28.17,72.43,4.1
2021-08-25 12:00:00,753.12,959.3,28.53,71.03,3.82
2021-08-25 13:00:00,645.3,889.17,28.59,71.01,3.52
2021-08-25 14:00:00,526.33,747.35,28.5,71.99,3.23
2021-08-25 15:00:00,313.5,548.88,28.18,74.06,2.84
2021-08-25 16:00:00,172.23,315.5,27.63,78.15,2.16
2021-08-25 17:00:00,55.15,97.18,26.74,85.23,1.27
2021-08-25 18:00:00,0.0,0.0,25.52,92.22,0.66
2021-08-25 19:00:00,0.0,0.0,25.24,92.47,0.62
2021-08-25 20:00:00,0.0,0.0,24.96,93.05,0.63
2021-08-25 21:00:00,0.0,0.0,24.68,93.67,0.65
2021-08-25 22:00:00,0.0,0.0,24.41,94.24,0.67
2021-08-25 23:00:00,0.0,0.0,24.12,94.99,0.67
2021-08-26 00:00:00,0.0,0.0,23.85,95.62,0.69
2021-08-26 01:00:00,0.0,0.0,23.59,96.35,0.73
2021-08-26 02:00:00,0.0,0.0,23.38,96.9,0.77
2021-08-26 03:00:00,0.0,0.0,23.23,97.36,0.79
2021-08-26 04:00:00,0.0,0.0,23.08,97.79,0.79
2021-08-26 05:00:00,0.0,0.0,22.92,98.01,0.75
2021-08-26 06:00:00,45.62,68.65,23.42,96.87,1.07
2021-08-26 07:00:00,181.25,287.23,24.23,94.09,1.45
2021-08-26 08:00:00,342.2,524.17,25.23,89.81,1.72
2021-08-26 09:00:00,373.05,730.53,26.12,84.97,1.8
2021-08-26 10:00:00,469.62,879.9,26.99,80.19,1.72
2021-08-26 11:00:00,559.45,959.53,27.69,76.63,1.72
2021-08-26 12:00:00,565.12,963.72,28.22,74.2,1.73
2021-08-26 13:00:00,313.62,891.83,28.53,72.64,1.61
2021-08-26 14:00:00,149.1,750.4,28.49,72.38,1.4
2021-08-26 15:00:00,69.7,552.65,28.21,73.4,1.24
2021-08-26 16:00:00,96.12,319.8,27.66,78.1,1.02
2021-08-26 17:00:00,38.7,96.35,26.91,81.67,0.96
2021-08-26 18:00:00,0.0,0.0,25.45,90.6,0.62
2021-08-26 19:00:00,0.0,0.0,24.88,91.82,0.69
2021-08-26 20:00:00,0.0,0.0,24.49,92.76,0.72
2021-08-26 21:00:00,0.0,0.0,24.14,93.68,0.73
2021-08-26 22:00:00,0.0,0.0,23.84,94.45,0.72
2021-08-26 23:00:00,0.0,0.0,23.56,95.11,0.7
2021-08-27 00:00:00,0.0,0.0,23.29,95.8,0.69
2021-08-27 01:00:00,0.0,0.0,23.04,96.28,0.63
2021-08-27 02:00:00,0.0,0.0,23.0,95.63,0.56
2021-08-27 03:00:00,0.0,0.0,23.11,94.53,0.49
2021-08-27 04:00:00,0.0,0.0,22.99,94.96,0.48
2021-08-27 05:00:00,0.0,0.0,22.77,95.8,0.52
2021-08-27 06:00:00,47.58,67.95,23.27,95.84,0.65
2021-08-27 07:00:00,166.25,285.45,24.54,91.35,1.1
2021-08-27 08:00:00,317.83,524.45,26.34,83.64,1.39
2021-08-27 09:00:00,518.1,730.85,27.75,76.76,1.56
2021-08-27 10:00:00,651.88,881.6,28.79,72.08,1.69
2021-08-27 11:00:00,715.08,962.08,29.45,68.8,1.81
2021-08-27 12:00:00,779.6,965.78,29.92,66.13,1.83
2021-08-27 13:00:00,687.65,889.28,30.1,64.69,1.79
2021-08-27 14:00:00,585.7,743.15,29.94,64.55,1.82
2021-08-27 15:00:00,399.33,537.75,29.43,66.31,1.84
2021-08-27 16:00:00,209.02,299.6,28.61,71.88,1.55
2021-08-27 17:00:00,64.88,87.05,27.32,78.85,1.34
2021-08-27 18:00:00,0.0,0.0,25.59,88.41,0.95
2021-08-27 19:00:00,0.0,0.0,24.96,90.16,1.03
2021-08-27 20:00:00,0.0,0.0,24.5,91.86,0.96
2021-08-27 21:00:00,0.0,0.0,24.09,93.12,0.89
2021-08-27 22:00:00,0.0,0.0,23.75,94.02,0.87
2021-08-27 23:00:00,0.0,0.0,23.42,94.85,0.83
2021-08-28 00:00:00,0.0,0.0,23.15,95.66,0.76
2021-08-28 01:00:00,0.0,0.0,22.96,96.33,0.67
2021-08-28 02:00:00,0.0,0.0,22.84,96.87,0.62
2021-08-28 03:00:00,0.0,0.0,22.71,97.38,0.58
2021-08-28 04:00:00,0.0,0.0,22.62,97.51,0.54
2021-08-28 05:00:00,0.0,0.0,22.64,97.13,0.52
2021-08-28 06:00:00,22.4,69.75,23.38,95.9,0.51
2021-08-28 07:00:00,105.93,296.3,24.57,91.37,0.64
2021-08-28 08:00:00,223.0,536.25,26.06,83.85,0.34
2021-08-28 09:00:00,458.23,740.92,27.29,76.74,0.24
2021-08-28 10:00:00,654.83,890.75,28.26,71.51,0.45
2021-08-28 11:00:00,666.2,970.38,28.81,68.9,0.46
2021-08-28 12:00:00,630.47,953.88,29.09,67.6,0.43
2021-08-28 13:00:00,581.62,882.17,29.08,67.18,0.46
2021-08-28 14:00:00,462.9,740.4,28.83,68.0,0.45
2021-08-28 15:00:00,347.6,542.55,28.37,70.48,0.45
2021-08-28 16:00:00,200.35,310.33,28.01,73.96,0.41
2021-08-28 17:00:00,64.28,90.05,27.24,76.57,0.53
2021-08-28 18:00:00,0.0,0.0,26.23,84.57,0.43
2021-08-28 19:00:00,0.0,0.0,25.65,86.06,0.56
2021-08-28 20:00:00,0.0,0.0,25.07,88.94,0.62
2021-08-28 21:00:00,0.0,0.0,24.56,90.97,0.66
2021-08-28 22:00:00,0.0,0.0,24.14,91.93,0.7
2021-08-28 23:00:00,0.0,0.0,23.78,92.54,0.7
2021-08-29 00:00:00,0.0,0.0,23.49,93.11,0.69
2021-08-29 01:00:00,0.0,0.0,23.25,93.46,0.67
2021-08-29 02:00:00,0.0,0.0,22.97,94.07,0.67
2021-08-29 03:00:00,0.0,0.0,22.64,94.7,0.72
2021-08-29 04:00:00,0.0,0.0,22.21,95.44,0.78
2021-08-29 05:00:00,0.0,0.0,21.92,96.19,0.87
2021-08-29 06:00:00,56.1,64.8,22.73,94.57,1.68
2021-08-29 07:00:00,179.43,277.33,23.9,92.11,2.25
2021-08-29 08:00:00,301.65,514.42,25.75,85.44,2.93
2021-08-29 09:00:00,425.77,721.92,27.48,77.81,3.07
2021-08-29 10:00:00,591.95,874.4,28.62,73.48,2.74
2021-08-29 11:00:00,668.72,954.72,29.45,70.81,2.29
2021-08-29 12:00:00,819.25,939.47,30.08,68.72,1.78
2021-08-29 13:00:00,733.35,863.88,30.51,67.09,1.31
2021-08-29 14:00:00,569.12,717.35,30.6,66.34,1.08
2021-08-29 15:00:00,364.17,515.03,30.27,66.86,1.08
2021-08-29 16:00:00,194.57,285.2,29.68,69.35,1.06
2021-08-29 17:00:00,65.4,78.82,28.72,74.79,0.86
2021-08-29 18:00:00,0.0,0.0,27.26,84.62,0.61
2021-08-29 19:00:00,0.0,0.0,26.67,85.49,0.66
2021-08-29 20:00:00,0.0,0.0,26.15,86.98,0.68
2021-08-29 21:00:00,0.0,0.0,25.67,88.3,0.7
2021-08-29 22:00:00,0.0,0.0,25.21,89.92,0.68
2021-08-29 23:00:00,0.0,0.0,24.81,91.15,0.67
2021-08-30 00:00:00,0.0,0.0,24.45,92.24,0.65
2021-08-30 01:00:00,0.0,0.0,24.13,93.23,0.63
2021-08-30 02:00:00,0.0,0.0,23.83,94.37,0.62
2021-08-30 03:00:00,0.0,0.0,23.55,95.5,0.6
2021-08-30 04:00:00,0.0,0.0,23.37,96.25,0.58
2021-08-30 05:00:00,0.0,0.0,23.24,96.71,0.57
2021-08-30 06:00:00,38.0,68.68,23.86,96.42,0.65
2021-08-30 07:00:00,126.78,287.17,25.41,91.2,0.89
2021-08-30 08:00:00,47.0,525.12,26.96,82.51,1.05
2021-08-30 09:00:00,91.2,730.03,28.13,76.05,1.47
2021-08-30 10:00:00,45.97,879.9,29.0,71.4,1.92
2021-08-30 11:00:00,63.83,958.92,29.49,69.27,2.2
2021-08-30 12:00:00,240.15,960.45,29.65,68.65,2.29
2021-08-30 13:00:00,346.95,883.58,29.54,68.62,2.33
2021-08-30 14:00:00,331.98,734.65,29.14,69.68,2.42
2021-08-30 15:00:00,220.82,529.58,28.26,74.0,2.4
2021-08-30 16:00:00,123.12,294.02,27.1,81.63,2.06
2021-08-30 17:00:00,35.0,80.47,25.92,89.0,1.63
2021-08-30 18:00:00,0.0,0.0,24.97,93.98,1.35
2021-08-30 19:00:00,0.0,0.0,24.68,95.02,1.57
2021-08-30 20:00:00,0.0,0.0,24.46,96.09,1.63
2021-08-30 21:00:00,0.0,0.0,24.12,97.17,1.46
2021-08-30 22:00:00,0.0,0.0,23.94,97.38,1.12
2021-08-30 23:00:00,0.0,0.0,23.81,97.61,0.77
2021-08-31 00:00:00,0.0,0.0,23.81,97.46,0.85
2021-08-31 01:00:00,0.0,0.0,23.88,97.19,1.44
2021-08-31 02:00:00,0.0,0.0,23.88,97.14,2.02
2021-08-31 03:00:00,0.0,0.0,23.82,97.12,2.13
2021-08-31 04:00:00,0.0,0.0,23.69,97.24,2.0
2021-08-31 05:00:00,0.0,0.0,23.53,97.32,1.93
2021-08-31 06:00:00,12.5,68.55,23.63,97.05,2.06
2021-08-31 07:00:00,110.62,288.17,24.21,95.45,2.58
2021-08-31 08:00:00,216.98,527.83,25.06,92.13,3.09
2021-08-31 09:00:00,274.58,734.85,26.24,85.96,3.35
2021-08-31 10:00:00,417.1,886.5,27.33,80.52,3.26
2021-08-31 11:00:00,482.98,965.17,28.21,76.77,3.06
2021-08-31 12:00:00,523.92,943.8,28.82,74.27,2.84
2021-08-31 13:00:00,678.35,862.83,29.32,72.28,2.66
2021-08-31 14:00:00,585.72,715.3,29.51,71.23,2.49
2021-08-31 15:00:00,429.5,511.77,29.34,71.76,2.36
2021-08-31 16:00:00,230.85,287.23,28.57,76.44,2.07
2021-08-31 17:00:00,68.05,80.12,27.4,83.84,1.61
2021-08-31 18:00:00,0.0,0.0,25.59,92.24,1.06
2021-08-31 19:00:00,0.0,0.0,25.0,93.58,1.14
2021-08-31 20:00:00,0.0,0.0,24.55,94.67,1.15
2021-08-31 21:00:00,0.0,0.0,24.11,95.53,1.14
2021-08-31 22:00:00,0.0,0.0,23.75,96.09,1.14
2021-08-31 23:00:00,0.0,0.0,23.43,96.46,1.2
2021-09-01 00:00:00,0.0,0.0,23.15,96.66,1.28
2021-09-01 01:00:00,0.0,0.0,22.87,96.91,1.27
2021-09-01 02:00:00,0.0,0.0,22.61,97.33,1.16
2021-09-01 03:00:00,0.0,0.0,22.41,97.66,1.07
2021-09-01 04:00:00,0.0,0.0,22.24,98.0,1.01
2021-09-01 05:00:00,0.0,0.0,22.08,98.29,0.98
2021-09-01 06:00:00,59.75,66.43,22.8,95.86,1.68
2021-09-01 07:00:00,205.98,270.83,24.19,91.92,2.11
2021-09-01 08:00:00,410.83,511.02,26.74,79.96,2.55
2021-09-01 09:00:00,592.28,715.83,28.48,73.1,2.69
2021-09-01 10:00:00,728.33,864.12,29.62,69.45,2.75
2021-09-01 11:00:00,772.85,938.4,30.28,67.59,2.71
2021-09-01 12:00:00,769.8,916.45,30.5,66.87,2.58
2021-09-01 13:00:00,713.42,826.5,30.48,66.9,2.37
2021-09-01 14:00:00,636.97,673.47,30.14,68.19,2.09
2021-09-01 15:00:00,443.8,468.95,29.67,71.55,1.57
2021-09-01 16:00:00,251.3,254.45,29.06,74.75,1.19
2021-09-01 17:00:00,65.07,65.47,27.9,83.51,0.74
2021-09-01 18:00:00,0.0,0.0,26.75,86.31,0.66
2021-09-01 19:00:00,0.0,0.0,26.32,87.29,0.68
2021-09-01 20:00:00,0.0,0.0,26.08,87.3,0.68
2021-09-01 21:00:00,0.0,0.0,26.02,86.13,0.67
2021-09-01 22:00:00,0.0,0.0,25.89,85.78,0.65
2021-09-01 23:00:00,0.0,0.0,25.34,88.8,0.69
2021-09-02 00:00:00,0.0,0.0,24.73,91.59,0.83
2021-09-02 01:00:00,0.0,0.0,24.38,92.51,0.85
2021-09-02 02:00:00,0.0,0.0,24.19,93.38,0.8
2021-09-02 03:00:00,0.0,0.0,23.97,94.16,0.92
2021-09-02 04:00:00,0.0,0.0,23.74,94.8,1.03
2021-09-02 05:00:00,0.0,0.0,23.49,95.45,1.09
2021-09-02 06:00:00,11.27,57.33,23.59,95.49,1.28
2021-09-02 07:00:00,50.5,243.07,24.0,94.53,1.68
2021-09-02 08:00:00,103.7,479.3,24.56,93.61,1.49
2021-09-02 09:00:00,253.9,689.28,25.9,88.68,0.82
2021-09-02 10:00:00,584.78,843.53,27.12,82.13,0.18
2021-09-02 11:00:00,550.4,927.12,27.58,79.05,1.38
2021-09-02 12:00:00,581.88,942.62,27.58,79.21,2.16
2021-09-02 13:00:00,381.35,875.97,27.46,81.06,2.34
2021-09-02 14:00:00,289.83,735.28,27.14,83.3,2.23
2021-09-02 15:00:00,207.2,537.2,26.58,86.62,1.97
2021-09-02 16:00:00,109.12,304.9,26.01,90.01,1.77
2021-09-02 17:00:00,32.67,83.62,25.26,94.2,1.35
2021-09-02 18:00:00,0.0,0.0,24.33,97.17,1.16
2021-09-02 19:00:00,0.0,0.0,24.02,97.63,1.28
2021-09-02 20:00:00,0.0,0.0,23.79,97.87,1.32
2021-09-02 21:00:00,0.0,0.0,23.62,97.85,1.36
2021-09-02 22:00:00,0.0,0.0,23.46,97.79,1.49
2021-09-02 23:00:00,0.0,0.0,23.29,97.57,1.61
2021-09-03 00:00:00,0.0,0.0,23.08,97.49,1.64
2021-09-03 01:00:00,0.0,0.0,22.8,97.64,1.49
2021-09-03 02:00:00,0.0,0.0,22.51,97.81,1.31
2021-09-03 03:00:00,0.0,0.0,22.27,97.94,1.24
2021-09-03 04:00:00,0.0,0.0,22.15,97.81,1.28
2021-09-03 05:00:00,0.0,0.0,22.09,97.68,1.41
2021-09-03 06:00:00,31.33,72.18,22.58,96.69,2.07
2021-09-03 07:00:00,112.47,289.8,23.72,94.49,2.75
2021-09-03 08:00:00,125.72,523.83,25.19,88.84,3.44
2021-09-03 09:00:00,309.92,729.08,26.48,81.95,3.66
2021-09-03 10:00:00,454.45,881.9,27.52,76.69,3.62
2021-09-03 11:00:00,659.88,961.1,28.22,73.74,3.5
2021-09-03 12:00:00,786.03,957.03,28.64,72.25,3.37
2021-09-03 13:00:00,619.65,876.08,28.86,71.53,3.25
2021-09-03 14:00:00,492.2,728.65,28.89,71.6,3.07
2021-09-03 15:00:00,313.88,515.72,28.68,72.89,2.8
2021-09-03 16:00:00,173.62,277.42,28.08,77.0,2.23
2021-09-03 17:00:00,60.25,71.28,26.95,84.82,1.44
2021-09-03 18:00:00,0.0,0.0,25.15,91.72,0.9
2021-09-03 19:00:00,0.0,0.0,24.7,92.51,0.9
2021-09-03 20:00:00,0.0,0.0,24.42,93.22,0.9
2021-09-03 21:00:00,0.0,0.0,24.22,93.83,0.94
2021-09-03 22:00:00,0.0,0.0,24.02,94.46,1.01
2021-09-03 23:00:00,0.0,0.0,23.78,95.32,1.13
2021-09-04 00:00:00,0.0,0.0,23.58,96.2,1.26
2021-09-04 01:00:00,0.0,0.0,23.38,97.15,1.31
2021-09-04 02:00:00,0.0,0.0,23.13,98.21,1.27
2021-09-04 03:00:00,0.0,0.0,22.93,98.56,1.25
2021-09-04 04:00:00,0.0,0.0,22.72,98.73,1.25
2021-09-04 05:00:00,0.0,0.0,22.53,98.6,1.3
2021-09-04 06:00:00,48.72,53.67,23.18,96.66,2.01
2021-09-04 07:00:00,197.65,226.77,24.38,92.61,2.92
2021-09-04 08:00:00,373.02,443.5,25.82,85.57,3.36
2021-09-04 09:00:00,433.83,638.2,27.3,78.51,3.38
2021-09-04 10:00:00,504.9,814.92,28.36,74.59,3.29
2021-09-04 11:00:00,677.83,897.42,29.14,72.1,3.16
2021-09-04 12:00:00,762.15,930.58,29.62,70.24,2.97
2021-09-04 13:00:00,737.75,855.72,29.78,69.53,2.77
2021-09-04 14:00:00,649.55,707.97,29.63,69.61,2.48
2021-09-04 15:00:00,491.23,496.42,29.22,71.1,2.06
2021-09-04 16:00:00,267.67,272.62,28.68,75.77,1.36
2021-09-04 17:00:00,70.12,70.6,27.73,79.94,0.99
2021-09-04 18:00:00,0.0,0.0,26.65,84.83,0.62
2021-09-04 19:00:00,0.0,0.0,26.44,82.7,0.63
2021-09-04 20:00:00,0.0,0.0,26.07,82.23,0.65
2021-09-04 21:00:00,0.0,0.0,25.64,83.37,0.67
2021-09-04 22:00:00,0.0,0.0,25.14,85.86,0.71
2021-09-04 23:00:00,0.0,0.0,24.67,88.32,0.7
2021-09-05 00:00:00,0.0,0.0,24.29,89.79,0.69
2021-09-05 01:00:00,0.0,0.0,24.0,90.63,0.67
2021-09-05 02:00:00,0.0,0.0,23.83,90.69,0.65
2021-09-05 03:00:00,0.0,0.0,23.76,89.85,0.6
2021-09-05 04:00:00,0.0,0.0,23.59,89.66,0.55
2021-09-05 05:00:00,0.0,0.0,23.33,90.83,0.57
2021-09-05 06:00:00,11.05,62.47,23.59,93.34,0.62
2021-09-05 07:00:00,67.05,264.5,24.51,89.65,1.06
2021-09-05 08:00:00,160.95,497.95,25.82,84.34,1.38
2021-09-05 09:00:00,250.45,704.25,27.34,76.73,1.47
2021-09-05 10:00:00,458.9,859.62,28.42,70.33,1.38
2021-09-05 11:00:00,571.35,938.5,29.27,66.26,1.19
2021-09-05 12:00:00,648.6,935.88,29.89,63.32,1.01
2021-09-05 13:00:00,600.38,856.17,30.14,61.78,0.93
2021-09-05 14:00:00,472.73,706.5,29.88,62.15,0.96
2021-09-05 15:00:00,369.12,493.58,29.65,63.45,0.85
2021-09-05 16:00:00,222.95,269.9,29.16,64.11,0.79
2021-09-05 17:00:00,60.75,65.95,27.88,72.23,0.69
2021-09-05 18:00:00,0.0,0.0,26.87,76.94,0.55
2021-09-05 19:00:00,0.0,0.0,26.45,77.37,0.56
2021-09-05 20:00:00,0.0,0.0,26.11,77.46,0.56
2021-09-05 21:00:00,0.0,0.0,25.89,76.49,0.54
2021-09-05 22:00:00,0.0,0.0,25.55,76.38,0.48
2021-09-05 23:00:00,0.0,0.0,25.3,75.79,0.43
2021-09-06 00:00:00,0.0,0.0,24.95,76.19,0.42
2021-09-06 01:00:00,0.0,0.0,24.57,76.98,0.42
2021-09-06 02:00:00,0.0,0.0,24.12,78.95,0.41
2021-09-06 03:00:00,0.0,0.0,23.75,80.35,0.38
2021-09-06 04:00:00,0.0,0.0,23.26,83.07,0.38
2021-09-06 05:00:00,0.0,0.0,22.91,84.6,0.43
2021-09-06 06:00:00,61.4,63.53,23.23,87.48,0.48
2021-09-06 07:00:00,255.52,267.85,24.64,81.84,0.8
2021-09-06 08:00:00,434.98,493.77,27.56,69.51,0.89
2021-09-06 09:00:00,565.88,703.0,29.25,64.68,0.92
2021-09-06 10:00:00,804.95,856.1,30.26,62.87,1.07
2021-09-06 11:00:00,831.5,938.9,30.83,61.94,1.22
2021-09-06 12:00:00,852.75,945.88,31.11,61.6,1.28
2021-09-06 13:00:00,679.35,867.25,31.2,61.54,1.32
2021-09-06 14:00:00,614.55,717.67,31.08,61.83,1.41
2021-09-06 15:00:00,452.62,510.92,30.7,63.28,1.43
2021-09-06 16:00:00,234.1,274.3,30.27,67.61,1.11
2021-09-06 17:00:00,61.67,67.28,28.86,72.89,1.13
2021-09-06 18:00:00,0.0,0.0,26.83,86.96,0.75
2021-09-06 19:00:00,0.0,0.0,26.06,88.23,0.88
2021-09-06 20:00:00,0.0,0.0,25.48,89.65,0.92
2021-09-06 21:00:00,0.0,0.0,24.98,91.03,0.89
2021-09-06 22:00:00,0.0,0.0,24.63,92.17,0.82
2021-09-06 23:00:00,0.0,0.0,24.37,92.85,0.76
2021-09-07 00:00:00,0.0,0.0,24.16,93.45,0.7
2021-09-07 01:00:00,0.0,0.0,23.94,93.8,0.65
2021-09-07 02:00:00,0.0,0.0,23.69,93.99,0.62
2021-09-07 03:00:00,0.0,0.0,23.48,94.15,0.6
2021-09-07 04:00:00,0.0,0.0,23.29,94.21,0.59
2021-09-07 05:00:00,0.0,0.0,23.09,94.28,0.57
2021-09-07 06:00:00,57.62,63.15,23.64,93.55,0.69
2021-09-07 07:00:00,246.57,266.98,24.62,90.03,0.92
2021-09-07 08:00:00,432.25,492.65,27.25,77.91,0.88
2021-09-07 09:00:00,646.95,702.67,29.07,70.78,0.71
2021-09-07 10:00:00,737.83,856.2,30.07,67.96,0.9
2021-09-07 11:00:00,861.08,939.7,30.71,66.43,1.16
2021-09-07 12:00:00,862.55,902.45,31.11,65.42,1.38
2021-09-07 13:00:00,739.0,827.1,31.2,65.02,1.52
2021-09-07 14:00:00,607.85,682.28,31.03,65.37,1.58
2021-09-07 15:00:00,382.95,482.42,30.59,67.04,1.52
2021-09-07 16:00:00,213.75,264.52,30.08,71.74,1.12
2021-09-07 17:00:00,57.58,63.4,28.86,77.08,0.96
2021-09-07 18:00:00,0.0,0.0,27.55,85.62,0.6
2021-09-07 19:00:00,0.0,0.0,27.12,86.19,0.61
2021-09-07 20:00:00,0.0,0.0,26.69,87.31,0.61
2021-09-07 21:00:00,0.0,0.0,26.34,88.0,0.62
2021-09-07 22:00:00,0.0,0.0,26.1,87.5,0.63
2021-09-07 23:00:00,0.0,0.0,26.06,86.0,0.57
2021-09-08 00:00:00,0.0,0.0,26.2,82.75,0.33
2021-09-08 01:00:00,0.0,0.0,26.14,81.65,0.12
2021-09-08 02:00:00,0.0,0.0,25.43,86.09,0.42
2021-09-08 03:00:00,0.0,0.0,24.8,90.06,0.57
2021-09-08 04:00:00,0.0,0.0,24.19,93.69,0.68
2021-09-08 05:00:00,0.0,0.0,23.87,94.83,0.87
2021-09-08 06:00:00,62.0,64.43,24.11,94.49,1.13
2021-09-08 07:00:00,244.57,267.35,24.91,91.58,1.62
2021-09-08 08:00:00,468.12,504.6,25.54,90.41,1.34
2021-09-08 09:00:00,613.62,715.25,27.08,83.05,1.33
2021-09-08 10:00:00,637.65,867.47,28.39,73.77,1.34
2021-09-08 11:00:00,700.55,950.03,29.32,67.25,1.23
2021-09-08 12:00:00,632.53,952.5,30.14,63.78,1.1
2021-09-08 13:00:00,567.78,873.88,30.6,61.91,0.84
2021-09-08 14:00:00,651.88,720.28,30.6,61.91,0.64
2021-09-08 15:00:00,409.1,513.5,30.26,62.74,0.57
2021-09-08 16:00:00,215.4,278.12,29.6,65.96,0.45
2021-09-08 17:00:00,56.38,67.18,28.83,69.19,0.39
2021-09-08 18:00:00,0.0,0.0,27.54,79.42,0.33
2021-09-08 19:00:00,0.0,0.0,27.04,77.34,0.48
2021-09-08 20:00:00,0.0,0.0,26.17,81.95,0.6
2021-09-08 21:00:00,0.0,0.0,25.46,85.64,0.69
2021-09-08 22:00:00,0.0,0.0,24.73,89.23,0.81
2021-09-08 23:00:00,0.0,0.0,24.24,91.06,0.96
2021-09-09 00:00:00,0.0,0.0,23.89,92.04,1.09
2021-09-09 01:00:00,0.0,0.0,23.74,93.25,1.06
2021-09-09 02:00:00,0.0,0.0,23.65,94.49,0.94
2021-09-09 03:00:00,0.0,0.0,23.49,95.04,1.1
2021-09-09 04:00:00,0.0,0.0,23.33,95.33,1.5
2021-09-09 05:00:00,0.0,0.0,23.24,95.6,1.91
2021-09-09 06:00:00,53.53,73.12,23.57,95.11,2.46
2021-09-09 07:00:00,205.18,293.27,24.67,92.61,2.92
2021-09-09 08:00:00,379.38,532.25,26.46,84.9,3.11
2021-09-09 09:00:00,515.45,738.1,28.12,76.74,3.23
2021-09-09 10:00:00,565.95,886.88,29.14,72.37,3.16
2021-09-09 11:00:00,700.72,964.72,29.67,69.96,3.07
2021-09-09 12:00:00,838.97,957.25,30.0,68.04,3.05
2021-09-09 13:00:00,756.03,874.97,30.21,66.91,3.1
2021-09-09 14:00:00,607.33,722.85,30.16,67.04,3.14
2021-09-09 15:00:00,435.6,513.85,29.77,68.64,3.05
2021-09-09 16:00:00,221.7,275.23,29.03,72.77,2.63
2021-09-09 17:00:00,56.28,65.12,27.68,82.77,1.58
2021-09-09 18:00:00,0.0,0.0,25.85,90.73,1.02
2021-09-09 19:00:00,0.0,0.0,25.31,92.0,1.05
2021-09-09 20:00:00,0.0,0.0,24.92,92.93,1.06
2021-09-09 21:00:00,0.0,0.0,24.56,93.94,1.01
2021-09-09 22:00:00,0.0,0.0,24.27,94.83,0.97
2021-09-09 23:00:00,0.0,0.0,23.98,95.75,0.94
2021-09-10 00:00:00,0.0,0.0,23.74,96.53,0.93
2021-09-10 01:00:00,0.0,0.0,23.54,97.41,0.98
2021-09-10 02:00:00,0.0,0.0,23.4,98.27,1.11
2021-09-10 03:00:00,0.0,0.0,23.39,98.27,1.29
2021-09-10 04:00:00,0.0,0.0,23.36,98.2,1.44
2021-09-10 05:00:00,0.0,0.0,23.24,98.35,1.45
2021-09-10 06:00:00,62.08,70.78,23.83,96.47,2.02
2021-09-10 07:00:00,213.12,286.02,25.03,91.97,2.93
2021-09-10 08:00:00,388.67,530.28,26.41,84.84,3.32
2021-09-10 09:00:00,559.6,741.72,27.81,77.77,3.09
2021-09-10 10:00:00,592.38,889.5,28.88,73.58,2.85
2021-09-10 11:00:00,649.62,965.12,29.81,70.26,2.71
2021-09-10 12:00:00,318.62,962.0,30.28,68.23,2.47
2021-09-10 13:00:00,187.55,881.4,30.41,67.21,2.18
2021-09-10 14:00:00,366.17,729.45,30.39,67.01,1.81
2021-09-10 15:00:00,297.08,520.05,30.11,67.73,1.42
2021-09-10 16:00:00,138.15,280.48,29.59,71.71,0.94
2021-09-10 17:00:00,34.97,64.57,28.81,73.91,0.66
2021-09-10 18:00:00,0.0,0.0,27.84,78.2,0.39
2021-09-10 19:00:00,0.0,0.0,27.66,75.8,0.37
2021-09-10 20:00:00,0.0,0.0,27.34,76.58,0.32
2021-09-10 21:00:00,0.0,0.0,26.95,78.26,0.41
2021-09-10 22:00:00,0.0,0.0,26.2,83.23,0.55
2021-09-10 23:00:00,0.0,0.0,25.42,88.67,0.64
2021-09-11 00:00:00,0.0,0.0,24.8,92.25,0.65
2021-09-11 01:00:00,0.0,0.0,24.39,93.93,0.69
2021-09-11 02:00:00,0.0,0.0,24.08,95.0,0.74
2021-09-11 03:00:00,0.0,0.0,23.92,95.97,0.81
2021-09-11 04:00:00,0.0,0.0,23.72,96.67,0.81
2021-09-11 05:00:00,0.0,0.0,23.54,97.15,0.72
2021-09-11 06:00:00,57.92,66.8,23.85,96.97,0.71
2021-09-11 07:00:00,247.82,275.48,24.61,94.11,1.08
2021-09-11 08:00:00,439.7,512.08,25.64,90.22,1.21
2021-09-11 09:00:00,490.33,725.1,26.63,85.77,1.41
2021-09-11 10:00:00,596.17,875.42,27.37,81.62,1.77
2021-09-11 11:00:00,632.33,952.15,27.88,78.32,2.03
2021-09-11 12:00:00,713.45,935.78,28.07,76.69,2.02
2021-09-11 13:00:00,454.5,854.03,28.27,75.74,1.9
2021-09-11 14:00:00,101.75,701.2,28.16,76.39,1.76
2021-09-11 15:00:00,31.58,494.77,27.7,80.05,1.45
2021-09-11 16:00:00,105.95,261.27,27.16,84.32,1.09
2021-09-11 17:00:00,30.35,58.1,26.43,89.22,0.78
2021-09-11 18:00:00,0.0,0.0,25.52,93.82,0.52
2021-09-11 19:00:00,0.0,0.0,25.16,94.53,0.5
2021-09-11 20:00:00,0.0,0.0,24.92,94.9,0.49
2021-09-11 21:00:00,0.0,0.0,24.77,94.79,0.47
2021-09-11 22:00:00,0.0,0.0,24.67,94.42,0.43
2021-09-11 23:00:00,0.0,0.0,24.59,94.04,0.38
2021-09-12 00:00:00,0.0,0.0,24.48,93.9,0.25
2021-09-12 01:00:00,0.0,0.0,24.35,93.82,0.23
2021-09-12 02:00:00,0.0,0.0,24.0,95.14,0.41
2021-09-12 03:00:00,0.0,0.0,23.53,97.15,0.61
2021-09-12 04:00:00,0.0,0.0,23.28,97.98,0.83
2021-09-12 05:00:00,0.0,0.0,23.19,97.89,1.12
2021-09-12 06:00:00,33.12,56.85,23.46,97.0,1.66
2021-09-12 07:00:00,121.78,234.9,24.29,94.49,2.36
2021-09-12 08:00:00,201.75,450.45,25.54,89.32,2.88
2021-09-12 09:00:00,537.05,660.1,27.1,81.38,3.13
2021-09-12 10:00:00,715.1,821.55,28.45,74.98,3.08
2021-09-12 11:00:00,817.92,905.9,29.41,70.99,2.92
2021-09-12 12:00:00,909.2,930.05,29.94,68.68,2.75
2021-09-12 13:00:00,813.33,848.05,30.17,67.58,2.55
2021-09-12 14:00:00,607.6,694.12,30.21,66.92,2.25
2021-09-12 15:00:00,463.55,485.77,29.95,67.47,1.82
2021-09-12 16:00:00,250.65,259.12,29.38,71.18,1.25
2021-09-12 17:00:00,54.03,55.92,28.24,77.68,0.92
2021-09-12 18:00:00,0.0,0.0,26.6,86.75,0.65
2021-09-12 19:00:00,0.0,0.0,25.99,88.67,0.71
2021-09-12 20:00:00,0.0,0.0,25.45,90.02,0.77
2021-09-12 21:00:00,0.0,0.0,24.99,91.03,0.84
2021-09-12 22:00:00,0.0,0.0,24.62,91.87,0.92
2021-09-12 23:00:00,0.0,0.0,24.27,92.6,1.06
2021-09-13 00:00:00,0.0,0.0,23.94,93.44,1.18
2021-09-13 01:00:00,0.0,0.0,23.62,94.44,1.28
2021-09-13 02:00:00,0.0,0.0,23.29,95.53,1.34
2021-09-13 03:00:00,0.0,0.0,22.95,96.74,1.36
2021-09-13 04:00:00,0.0,0.0,22.65,97.64,1.3
2021-09-13 05:00:00,0.0,0.0,22.38,98.55,1.15
2021-09-13 06:00:00,56.58,65.65,23.06,95.67,1.68
2021-09-13 07:00:00,214.75,276.85,24.71,89.8,2.07
2021-09-13 08:00:00,360.4,506.12,27.13,79.38,2.69
2021-09-13 09:00:00,499.0,715.78,28.5,74.45,2.7
2021-09-13 10:00:00,675.1,868.5,29.34,71.63,2.51
2021-09-13 11:00:00,859.47,932.72,29.98,69.48,2.33
2021-09-13 12:00:00,871.2,919.38,30.46,67.8,2.2
2021-09-13 13:00:00,642.9,833.42,30.6,67.2,2.08
2021-09-13 14:00:00,549.53,678.17,30.24,68.24,1.93
2021-09-13 15:00:00,256.08,482.9,29.61,72.18,1.59
2021-09-13 16:00:00,145.43,250.75,28.78,76.36,1.41
2021-09-13 17:00:00,35.35,53.88,27.55,84.21,1.05
2021-09-13 18:00:00,0.0,0.0,26.19,89.74,0.87
2021-09-13 19:00:00,0.0,0.0,25.6,90.58,0.96
2021-09-13 20:00:00,0.0,0.0,25.22,91.19,0.99
2021-09-13 21:00:00,0.0,0.0,24.9,92.04,0.94
2021-09-13 22:00:00,0.0,0.0,24.65,92.89,0.83
2021-09-13 23:00:00,0.0,0.0,24.4,93.69,0.73
2021-09-14 00:00:00,0.0,0.0,24.15,94.33,0.71
2021-09-14 01:00:00,0.0,0.0,23.87,94.95,0.75
2021-09-14 02:00:00,0.0,0.0,23.56,95.71,0.83
2021-09-14 03:00:00,0.0,0.0,23.31,96.38,0.88
2021-09-14 04:00:00,0.0,0.0,23.13,96.96,0.81
2021-09-14 05:00:00,0.0,0.0,22.98,97.23,0.69
2021-09-14 06:00:00,63.38,68.05,23.52,96.28,0.66
2021-09-14 07:00:00,236.1,274.42,24.95,90.37,0.6
2021-09-14 08:00:00,464.55,513.65,26.87,79.6,0.31
2021-09-14 09:00:00,473.52,721.15,28.03,71.57,0.85
2021-09-14 10:00:00,736.4,870.6,28.92,66.21,1.39
2021-09-14 11:00:00,796.45,946.83,29.55,63.66,1.75
2021-09-14 12:00:00,460.05,925.22,29.93,62.53,2.04
2021-09-14 13:00:00,494.3,847.15,30.14,62.13,2.22
2021-09-14 14:00:00,432.6,693.75,30.01,62.97,2.27
2021-09-14 15:00:00,341.23,484.8,29.55,65.43,2.07
2021-09-14 16:00:00,196.15,256.83,28.91,71.46,1.49
2021-09-14 17:00:00,46.15,53.85,27.64,78.02,1.2
2021-09-14 18:00:00,0.0,0.0,26.31,88.08,0.6
2021-09-14 19:00:00,0.0,0.0,26.08,87.49,0.57
2021-09-14 20:00:00,0.0,0.0,25.86,87.35,0.54
2021-09-14 21:00:00,0.0,0.0,25.55,88.68,0.53
2021-09-14 22:00:00,0.0,0.0,25.15,90.98,0.52
2021-09-14 23:00:00,0.0,0.0,24.78,92.42,0.54
2021-09-15 00:00:00,0.0,0.0,24.45,93.44,0.64
2021-09-15 01:00:00,0.0,0.0,24.18,94.4,0.76
2021-09-15 02:00:00,0.0,0.0,23.98,95.15,0.85
2021-09-15 03:00:00,0.0,0.0,23.82,95.44,0.84
2021-09-15 04:00:00,0.0,0.0,23.68,95.27,0.77
2021-09-15 05:00:00,0.0,0.0,23.47,95.4,0.68
2021-09-15 06:00:00,51.08,71.38,23.54,95.74,0.88
2021-09-15 07:00:00,174.0,281.25,24.32,92.75,1.3
2021-09-15 08:00:00,336.05,515.3,25.36,89.2,1.44
2021-09-15 09:00:00,575.33,723.17,26.09,84.43,1.75
2021-09-15 10:00:00,688.78,865.95,26.8,80.95,2.0
2021-09-15 11:00:00,788.35,941.9,27.48,78.42,2.2
2021-09-15 12:00:00,750.7,923.7,27.96,76.59,2.32
2021-09-15 13:00:00,707.78,849.28,28.25,75.45,2.46
2021-09-15 14:00:00,608.42,699.88,28.31,75.67,2.51
2021-09-15 15:00:00,409.7,496.3,28.04,78.1,2.37
2021-09-15 16:00:00,209.57,260.75,27.51,83.04,1.99
2021-09-15 17:00:00,50.72,55.42,26.52,89.76,1.44
2021-09-15 18:00:00,0.0,0.0,25.5,93.59,1.29
2021-09-15 19:00:00,0.0,0.0,25.23,94.01,1.69
2021-09-15 20:00:00,0.0,0.0,24.91,95.1,1.91
2021-09-15 21:00:00,0.0,0.0,24.62,96.18,1.98
2021-09-15 22:00:00,0.0,0.0,24.37,96.83,1.99
2021-09-15 23:00:00,0.0,0.0,24.14,97.06,1.88
2021-09-16 00:00:00,0.0,0.0,23.95,97.12,1.88
2021-09-16 01:00:00,0.0,0.0,23.78,97.11,1.92
2021-09-16 02:00:00,0.0,0.0,23.69,96.95,2.07
2021-09-16 03:00:00,0.0,0.0,23.61,96.92,2.2
2021-09-16 04:00:00,0.0,0.0,23.59,96.92,2.44
2021-09-16 05:00:00,0.0,0.0,23.58,96.83,2.59
2021-09-16 06:00:00,38.33,71.28,23.8,96.43,2.78
2021-09-16 07:00:00,135.7,287.6,24.51,94.78,3.2
2021-09-16 08:00:00,279.27,522.0,25.21,90.09,3.92
2021-09-16 09:00:00,394.8,730.35,26.16,82.55,4.27
2021-09-16 10:00:00,642.22,870.72,27.16,76.58,4.23
2021-09-16 11:00:00,769.4,945.62,28.15,72.42,4.03
2021-09-16 12:00:00,762.83,961.85,28.93,69.27,3.67
2021-09-16 13:00:00,629.83,870.9,29.36,67.42,3.2
2021-09-16 14:00:00,521.67,714.12,29.29,67.65,2.65
2021-09-16 15:00:00,377.27,502.25,28.89,69.92,2.05
2021-09-16 16:00:00,200.57,262.45,28.24,75.39,1.34
2021-09-16 17:00:00,49.85,54.25,27.07,83.5,0.89
2021-09-16 18:00:00,0.0,0.0,25.91,87.72,0.66
2021-09-16 19:00:00,0.0,0.0,25.59,87.88,0.68
2021-09-16 20:00:00,0.0,0.0,25.3,88.41,0.68
2021-09-16 21:00:00,0.0,0.0,25.04,88.84,0.68
2021-09-16 22:00:00,0.0,0.0,24.72,89.86,0.66
2021-09-16 23:00:00,0.0,0.0,24.3,91.55,0.66
2021-09-17 00:00:00,0.0,0.0,23.93,93.23,0.65
2021-09-17 01:00:00,0.0,0.0,23.62,94.65,0.65
2021-09-17 02:00:00,0.0,0.0,23.34,95.78,0.68
2021-09-17 03:00:00,0.0,0.0,23.09,96.66,0.72
2021-09-17 04:00:00,0.0,0.0,22.94,97.17,0.73
2021-09-17 05:00:00,0.0,0.0,22.77,97.77,0.7
2021-09-17 06:00:00,24.7,70.6,23.28,97.03,0.9
2021-09-17 07:00:00,53.45,283.38,24.35,93.71,1.32
2021-09-17 08:00:00,137.3,523.8,25.94,87.2,1.4
2021-09-17 09:00:00,231.32,729.72,27.2,81.13,1.44
2021-09-17 10:00:00,326.58,880.62,27.91,77.8,1.2
2021-09-17 11:00:00,360.23,956.67,28.37,75.64,0.81
2021-09-17 12:00:00,472.08,934.35,28.79,73.67,0.5
2021-09-17 13:00:00,553.45,852.72,29.09,72.11,0.31
2021-09-17 14:00:00,427.12,698.97,29.16,71.39,0.16
2021-09-17 15:00:00,377.6,484.38,28.98,71.48,0.23
2021-09-17 16:00:00,222.7,255.93,28.6,75.06,0.53
2021-09-17 17:00:00,47.6,51.42,27.71,79.83,0.6
2021-09-17 18:00:00,0.0,0.0,26.42,84.94,0.64
2021-09-17 19:00:00,0.0,0.0,25.76,87.95,0.72
2021-09-17 20:00:00,0.0,0.0,25.22,90.49,0.76
2021-09-17 21:00:00,0.0,0.0,24.75,92.11,0.81
2021-09-17 22:00:00,0.0,0.0,24.39,93.1,0.87
2021-09-17 23:00:00,0.0,0.0,24.03,94.04,0.92
2021-09-18 00:00:00,0.0,0.0,23.69,94.9,0.96
2021-09-18 01:00:00,0.0,0.0,23.39,95.7,0.97
2021-09-18 02:00:00,0.0,0.0,23.11,96.47,0.96
2021-09-18 03:00:00,0.0,0.0,22.86,97.15,0.93
2021-09-18 04:00:00,0.0,0.0,22.56,97.87,0.89
2021-09-18 05:00:00,0.0,0.0,22.27,98.55,0.84
2021-09-18 06:00:00,63.35,70.3,22.95,96.47,1.35
2021-09-18 07:00:00,232.62,288.58,24.49,92.05,1.73
2021-09-18 08:00:00,421.42,532.45,27.06,79.92,2.04
2021-09-18 09:00:00,721.22,740.0,28.51,73.79,1.85
2021-09-18 10:00:00,861.88,890.75,29.36,70.72,1.65
2021-09-18 11:00:00,891.53,966.22,29.95,68.36,1.66
2021-09-18 12:00:00,878.6,955.7,30.32,66.72,1.76
2021-09-18 13:00:00,648.55,869.6,30.41,65.75,1.85
2021-09-18 14:00:00,580.0,715.12,30.28,65.38,1.9
2021-09-18 15:00:00,442.75,501.17,29.93,66.59,1.85
2021-09-18 16:00:00,229.88,259.62,29.34,71.64,1.42
2021-09-18 17:00:00,49.38,52.17,28.03,77.93,1.17
2021-09-18 18:00:00,0.0,0.0,26.19,87.77,0.79
2021-09-18 19:00:00,0.0,0.0,25.53,88.96,0.87
2021-09-18 20:00:00,0.0,0.0,24.97,89.94,0.94
2021-09-18 21:00:00,0.0,0.0,24.45,91.07,1.01
2021-09-18 22:00:00,0.0,0.0,23.93,92.19,1.07
2021-09-18 23:00:00,0.0,0.0,23.51,93.18,1.09
2021-09-19 00:00:00,0.0,0.0,23.13,94.2,1.07
2021-09-19 01:00:00,0.0,0.0,22.76,95.11,1.0
2021-09-19 02:00:00,0.0,0.0,22.42,95.91,0.92
2021-09-19 03:00:00,0.0,0.0,22.1,96.8,0.86
2021-09-19 04:00:00,0.0,0.0,21.84,97.77,0.82
2021-09-19 05:00:00,0.0,0.0,21.61,98.66,0.8
2021-09-19 06:00:00,72.45,75.05,22.53,96.59,1.33
2021-09-19 07:00:00,255.82,292.67,24.28,91.66,1.97
2021-09-19 08:00:00,456.9,534.85,26.75,80.62,2.36
2021-09-19 09:00:00,634.0,741.22,28.51,73.03,2.18
2021-09-19 10:00:00,806.38,889.8,29.57,69.64,2.01
2021-09-19 11:00:00,834.45,961.58,30.3,67.41,1.93
2021-09-19 12:00:00,746.8,906.12,30.75,65.71,1.83
2021-09-19 13:00:00,665.72,827.33,30.78,64.73,1.73
2021-09-19 14:00:00,492.17,665.0,30.61,64.73,1.57
2021-09-19 15:00:00,347.67,457.42,30.2,65.64,1.4
2021-09-19 16:00:00,194.4,236.65,29.57,69.99,1.08
2021-09-19 17:00:00,40.1,45.08,28.75,74.09,0.91
2021-09-19 18:00:00,0.0,0.0,27.09,84.59,0.62
2021-09-19 19:00:00,0.0,0.0,26.44,86.17,0.66
2021-09-19 20:00:00,0.0,0.0,25.83,87.31,0.7
2021-09-19 21:00:00,0.0,0.0,25.28,88.7,0.73
2021-09-19 22:00:00,0.0,0.0,24.79,89.95,0.74
2021-09-19 23:00:00,0.0,0.0,24.3,91.2,0.76
2021-09-20 00:00:00,0.0,0.0,23.98,92.34,0.77
2021-09-20 01:00:00,0.0,0.0,23.76,93.32,0.77
2021-09-20 02:00:00,0.0,0.0,23.62,93.94,0.8
2021-09-20 03:00:00,0.0,0.0,23.52,94.45,0.82
2021-09-20 04:00:00,0.0,0.0,23.37,94.95,0.87
2021-09-20 05:00:00,0.0,0.0,23.2,95.35,0.92
2021-09-20 06:00:00,64.53,67.62,23.66,94.0,1.37
2021-09-20 07:00:00,264.58,278.42,24.86,90.15,2.03
2021-09-20 08:00:00,446.42,509.38,27.29,79.22,2.14
2021-09-20 09:00:00,625.03,717.7,29.05,70.62,1.93
2021-09-20 10:00:00,821.08,867.03,30.11,67.03,1.56
2021-09-20 11:00:00,905.33,940.78,30.78,65.03,1.35
2021-09-20 12:00:00,919.22,936.03,31.16,64.06,1.31
2021-09-20 13:00:00,761.65,846.47,31.27,63.71,1.32
2021-09-20 14:00:00,664.12,686.2,31.12,63.95,1.39
2021-09-20 15:00:00,441.3,473.2,30.78,64.94,1.4
2021-09-20 16:00:00,228.48,243.55,30.17,70.05,1.15
2021-09-20 17:00:00,43.95,45.75,28.97,75.87,1.01
2021-09-20 18:00:00,0.0,0.0,27.14,87.05,0.68
2021-09-20 19:00:00,0.0,0.0,26.39,88.18,0.75
2021-09-20 20:00:00,0.0,0.0,25.77,89.37,0.79
2021-09-20 21:00:00,0.0,0.0,25.27,90.61,0.8
2021-09-20 22:00:00,0.0,0.0,24.8,91.75,0.83
2021-09-20 23:00:00,0.0,0.0,24.39,92.61,0.88
2021-09-21 00:00:00,0.0,0.0,24.01,93.39,0.96
2021-09-21 01:00:00,0.0,0.0,23.71,93.91,1.04
2021-09-21 02:00:00,0.0,0.0,23.47,94.5,1.09
2021-09-21 03:00:00,0.0,0.0,23.3,94.92,1.09
2021-09-21 04:00:00,0.0,0.0,23.04,95.6,1.08
2021-09-21 05:00:00,0.0,0.0,22.73,96.5,1.07
2021-09-21 06:00:00,25.55,66.85,23.19,94.88,1.68
2021-09-21 07:00:00,83.18,271.12,24.53,91.29,2.07
2021-09-21 08:00:00,146.82,509.55,27.2,79.62,2.37
2021-09-21 09:00:00,321.4,719.05,29.14,71.36,2.37
2021-09-21 10:00:00,545.33,865.03,30.26,67.71,2.14
2021-09-21 11:00:00,621.08,936.65,30.98,65.52,2.04
2021-09-21 12:00:00,663.47,926.58,31.26,64.49,2.0
2021-09-21 13:00:00,768.12,838.67,31.17,64.39,1.93
2021-09-21 14:00:00,613.47,682.35,30.82,65.02,1.78
2021-09-21 15:00:00,422.8,471.62,30.37,67.71,1.48
2021-09-21 16:00:00,211.6,236.35,29.71,71.26,1.26
2021-09-21 17:00:00,44.75,44.47,28.17,81.08,0.96
2021-09-21 18:00:00,0.0,0.0,26.73,87.66,0.86
2021-09-21 19:00:00,0.0,0.0,26.16,88.26,1.07
2021-09-21 20:00:00,0.0,0.0,25.63,89.01,1.3
2021-09-21 21:00:00,0.0,0.0,25.21,89.91,1.56
2021-09-21 22:00:00,0.0,0.0,24.82,91.32,1.73
2021-09-21 23:00:00,0.0,0.0,24.49,92.66,1.78
2021-09-22 00:00:00,0.0,0.0,24.18,93.83,1.82
2021-09-22 01:00:00,0.0,0.0,23.9,94.89,1.83
2021-09-22 02:00:00,0.0,0.0,23.6,95.99,1.73
2021-09-22 03:00:00,0.0,0.0,23.33,96.94,1.52
2021-09-22 04:00:00,0.0,0.0,23.06,97.84,1.19
2021-09-22 05:00:00,0.0,0.0,22.79,98.38,0.91
2021-09-22 06:00:00,48.28,71.55,23.37,96.91,1.15
2021-09-22 07:00:00,184.93,284.83,24.58,93.31,1.66
2021-09-22 08:00:00,348.92,526.95,26.31,84.42,2.04
2021-09-22 09:00:00,451.02,733.67,27.92,73.21,2.04
2021-09-22 10:00:00,581.83,881.38,29.03,65.38,1.62
2021-09-22 11:00:00,470.7,952.7,29.66,61.9,1.19
2021-09-22 12:00:00,395.95,959.95,29.97,60.27,0.89
2021-09-22 13:00:00,365.15,872.78,30.05,59.82,0.81
2021-09-22 14:00:00,304.23,713.5,29.98,60.13,1.03
2021-09-22 15:00:00,253.2,499.12,29.64,61.45,1.33
2021-09-22 16:00:00,121.43,256.67,28.79,67.31,1.37
2021-09-22 17:00:00,24.77,46.7,27.57,74.07,1.29
2021-09-22 18:00:00,0.0,0.0,25.63,87.03,0.85
2021-09-22 19:00:00,0.0,0.0,24.89,88.37,0.97
2021-09-22 20:00:00,0.0,0.0,24.45,89.46,1.03
2021-09-22 21:00:00,0.0,0.0,24.16,90.44,0.99
2021-09-22 22:00:00,0.0,0.0,23.94,91.45,0.9
2021-09-22 23:00:00,0.0,0.0,23.7,92.64,0.74
2021-09-23 00:00:00,0.0,0.0,23.45,93.71,0.61
2021-09-23 01:00:00,0.0,0.0,23.21,94.54,0.55
2021-09-23 02:00:00,0.0,0.0,23.0,95.35,0.48
2021-09-23 03:00:00,0.0,0.0,22.9,95.74,0.41
2021-09-23 04:00:00,0.0,0.0,22.88,95.46,0.34
2021-09-23 05:00:00,0.0,0.0,22.81,95.3,0.32
2021-09-23 06:00:00,54.1,73.18,22.96,95.17,0.49
2021-09-23 07:00:00,206.57,298.48,24.36,89.52,0.84
2021-09-23 08:00:00,383.0,542.42,26.23,78.19,1.07
2021-09-23 09:00:00,541.7,744.88,27.7,71.47,1.01
2021-09-23 10:00:00,710.92,892.5,29.03,66.39,0.94
2021-09-23 11:00:00,752.38,966.5,29.92,63.57,0.85
2021-09-23 12:00:00,665.67,943.5,30.43,61.93,0.65
2021-09-23 13:00:00,642.1,862.78,30.6,60.77,0.43
2021-09-23 14:00:00,482.1,708.47,30.62,60.23,0.51
2021-09-23 15:00:00,310.23,497.6,30.4,60.69,0.75
2021-09-23 16:00:00,148.82,257.6,29.86,63.01,0.85
2021-09-23 17:00:00,29.5,46.6,28.87,69.1,0.78
2021-09-23 18:00:00,0.0,0.0,27.27,79.73,0.61
2021-09-23 19:00:00,0.0,0.0,26.65,81.04,0.66
2021-09-23 20:00:00,0.0,0.0,26.11,82.56,0.69
2021-09-23 21:00:00,0.0,0.0,25.64,83.93,0.7
2021-09-23 22:00:00,0.0,0.0,25.19,85.24,0.69
2021-09-23 23:00:00,0.0,0.0,24.75,86.68,0.68
2021-09-24 00:00:00,0.0,0.0,24.28,88.54,0.68
2021-09-24 01:00:00,0.0,0.0,23.82,90.72,0.68
2021-09-24 02:00:00,0.0,0.0,23.42,92.53,0.66
2021-09-24 03:00:00,0.0,0.0,23.05,93.79,0.65
2021-09-24 04:00:00,0.0,0.0,22.76,94.52,0.65
2021-09-24 05:00:00,0.0,0.0,22.52,94.98,0.64
2021-09-24 06:00:00,43.83,81.65,23.32,93.32,0.93
2021-09-24 07:00:00,128.55,307.85,25.12,86.07,1.44
2021-09-24 08:00:00,242.57,551.2,27.66,75.21,1.28
2021-09-24 09:00:00,402.38,754.58,29.17,69.18,1.05
2021-09-24 10:00:00,734.35,898.62,29.89,66.23,1.1
2021-09-24 11:00:00,730.67,968.83,30.27,64.72,1.17
2021-09-24 12:00:00,214.9,962.17,30.44,63.76,1.2
2021-09-24 13:00:00,109.78,876.78,30.49,63.35,1.17
2021-09-24 14:00:00,66.32,722.33,30.33,63.41,1.17
2021-09-24 15:00:00,85.1,510.95,29.97,64.32,1.15
2021-09-24 16:00:00,59.9,267.77,29.46,68.43,0.96
2021-09-24 17:00:00,14.4,48.22,28.47,73.18,0.87
2021-09-24 18:00:00,0.0,0.0,26.76,84.78,0.63
2021-09-24 19:00:00,0.0,0.0,26.07,86.36,0.68
2021-09-24 20:00:00,0.0,0.0,25.57,87.35,0.7
2021-09-24 21:00:00,0.0,0.0,25.18,87.97,0.69
2021-09-24 22:00:00,0.0,0.0,24.93,87.81,0.68
2021-09-24 23:00:00,0.0,0.0,24.78,86.86,0.66
2021-09-25 00:00:00,0.0,0.0,24.62,85.96,0.63
2021-09-25 01:00:00,0.0,0.0,24.4,85.87,0.57
2021-09-25 02:00:00,0.0,0.0,24.0,87.49,0.58
2021-09-25 03:00:00,0.0,0.0,23.4,90.96,0.62
2021-09-25 04:00:00,0.0,0.0,22.88,93.65,0.63
2021-09-25 05:00:00,0.0,0.0,22.49,95.12,0.65
2021-09-25 06:00:00,68.18,80.5,23.14,93.76,1.07
2021-09-25 07:00:00,240.12,306.5,24.69,88.04,1.72
2021-09-25 08:00:00,435.5,549.55,27.25,76.18,2.12
2021-09-25 09:00:00,671.4,754.5,28.8,70.64,2.43
2021-09-25 10:00:00,813.17,901.47,29.85,67.17,2.64
2021-09-25 11:00:00,910.6,972.62,30.48,64.81,2.75
2021-09-25 12:00:00,945.3,958.65,30.75,63.73,2.79
2021-09-25 13:00:00,771.47,870.88,30.77,63.62,2.79
2021-09-25 14:00:00,616.9,713.7,30.41,64.64,2.68
2021-09-25 15:00:00,437.73,501.12,29.82,67.12,2.48
2021-09-25 16:00:00,222.98,258.6,28.94,72.66,1.96
2021-09-25 17:00:00,41.45,45.4,27.53,81.15,1.44
2021-09-25 18:00:00,0.0,0.0,25.87,89.48,1.0
2021-09-25 19:00:00,0.0,0.0,25.34,90.66,1.09
2021-09-25 20:00:00,0.0,0.0,24.94,91.72,1.16
2021-09-25 21:00:00,0.0,0.0,24.6,92.79,1.2
2021-09-25 22:00:00,0.0,0.0,24.3,93.77,1.25
2021-09-25 23:00:00,0.0,0.0,24.02,94.72,1.39
2021-09-26 00:00:00,0.0,0.0,23.79,95.73,1.63
2021-09-26 01:00:00,0.0,0.0,23.59,96.73,1.82
2021-09-26 02:00:00,0.0,0.0,23.41,97.27,1.81
2021-09-26 03:00:00,0.0,0.0,23.2,97.41,1.64
2021-09-26 04:00:00,0.0,0.0,22.92,97.75,1.44
2021-09-26 05:00:00,0.0,0.0,22.68,97.76,1.29
2021-09-26 06:00:00,78.03,81.85,23.0,95.77,1.69
2021-09-26 07:00:00,275.38,307.48,24.03,89.9,2.15
2021-09-26 08:00:00,480.98,548.4,25.63,79.65,2.42
2021-09-26 09:00:00,710.03,757.0,27.31,73.06,2.34
2021-09-26 10:00:00,810.47,901.4,28.53,70.02,2.11
2021-09-26 11:00:00,916.15,971.9,29.27,68.31,2.03
2021-09-26 12:00:00,869.28,948.38,29.81,66.94,1.95
2021-09-26 13:00:00,768.45,860.45,30.09,65.88,1.83
2021-09-26 14:00:00,515.05,700.17,30.07,65.52,1.66
2021-09-26 15:00:00,378.98,489.45,29.74,66.28,1.44
2021-09-26 16:00:00,196.73,246.55,29.12,70.2,1.05
2021-09-26 17:00:00,38.2,41.47,28.23,75.74,0.78
2021-09-26 18:00:00,0.0,0.0,27.01,80.71,0.54
2021-09-26 19:00:00,0.0,0.0,26.26,83.81,0.63
2021-09-26 20:00:00,0.0,0.0,25.52,87.13,0.76
2021-09-26 21:00:00,0.0,0.0,24.83,90.03,0.86
2021-09-26 22:00:00,0.0,0.0,24.36,91.35,1.07
2021-09-26 23:00:00,0.0,0.0,24.01,91.75,1.4
2021-09-27 00:00:00,0.0,0.0,23.77,91.99,1.85
2021-09-27 01:00:00,0.0,0.0,23.53,92.74,2.09
2021-09-27 02:00:00,0.0,0.0,23.24,94.07,2.05
2021-09-27 03:00:00,0.0,0.0,22.99,95.25,1.86
2021-09-27 04:00:00,0.0,0.0,22.8,96.08,1.62
2021-09-27 05:00:00,0.0,0.0,22.63,96.81,1.4
2021-09-27 06:00:00,59.83,73.0,22.84,96.17,1.59
2021-09-27 07:00:00,216.05,285.33,23.62,93.93,1.93
2021-09-27 08:00:00,438.05,526.1,25.13,88.44,2.01
2021-09-27 09:00:00,701.55,734.03,26.99,78.8,2.35
2021-09-27 10:00:00,873.35,881.55,28.39,72.95,2.05
2021-09-27 11:00:00,945.9,953.03,29.39,69.49,1.49
2021-09-27 12:00:00,942.75,951.5,29.98,67.08,0.97
2021-09-27 13:00:00,858.25,860.25,30.37,65.04,0.59
2021-09-27 14:00:00,696.53,696.75,30.32,64.15,0.52
2021-09-27 15:00:00,474.98,475.98,29.96,64.91,0.53
2021-09-27 16:00:00,232.8,234.27,29.35,70.05,0.47
2021-09-27 17:00:00,39.9,40.17,28.4,72.45,0.46
2021-09-27 18:00:00,0.0,0.0,27.58,76.02,0.38
2021-09-27 19:00:00,0.0,0.0,27.2,76.52,0.33
2021-09-27 20:00:00,0.0,0.0,26.89,76.73,0.28
2021-09-27 21:00:00,0.0,0.0,26.72,75.43,0.28
2021-09-27 22:00:00,0.0,0.0,26.38,76.56,0.26
2021-09-27 23:00:00,0.0,0.0,25.89,79.58,0.3
2021-09-28 00:00:00,0.0,0.0,25.52,80.82,0.38
2021-09-28 01:00:00,0.0,0.0,24.98,83.61,0.43
2021-09-28 02:00:00,0.0,0.0,24.57,85.49,0.48
2021-09-28 03:00:00,0.0,0.0,24.04,88.28,0.53
2021-09-28 04:00:00,0.0,0.0,23.49,91.14,0.56
2021-09-28 05:00:00,0.0,0.0,23.04,92.97,0.6
2021-09-28 06:00:00,64.53,77.55,23.48,92.52,0.86
2021-09-28 07:00:00,232.38,297.65,24.72,85.72,1.56
2021-09-28 08:00:00,446.8,539.67,26.82,77.09,1.78
2021-09-28 09:00:00,676.85,746.65,28.54,70.85,1.9
2021-09-28 10:00:00,806.67,894.83,29.56,67.64,1.85
2021-09-28 11:00:00,864.08,963.78,30.26,65.68,1.77
2021-09-28 12:00:00,712.08,916.05,30.68,64.31,1.68
2021-09-28 13:00:00,676.42,823.88,30.76,63.5,1.66
2021-09-28 14:00:00,598.9,662.67,30.49,63.78,1.67
2021-09-28 15:00:00,411.58,450.77,29.94,65.86,1.62
2021-09-28 16:00:00,204.85,220.25,29.27,71.24,1.25
2021-09-28 17:00:00,34.88,35.45,27.89,79.77,0.96
2021-09-28 18:00:00,0.0,0.0,26.38,85.59,0.77
2021-09-28 19:00:00,0.0,0.0,25.9,85.92,0.81
2021-09-28 20:00:00,0.0,0.0,25.52,86.46,0.79
2021-09-28 21:00:00,0.0,0.0,25.11,87.11,0.76
2021-09-28 22:00:00,0.0,0.0,24.74,88.26,0.74
2021-09-28 23:00:00,0.0,0.0,24.42,89.51,0.72
2021-09-29 00:00:00,0.0,0.0,24.12,91.13,0.7
2021-09-29 01:00:00,0.0,0.0,23.8,92.46,0.69
2021-09-29 02:00:00,0.0,0.0,23.5,93.79,0.68
2021-09-29 03:00:00,0.0,0.0,23.22,95.0,0.67
2021-09-29 04:00:00,0.0,0.0,22.92,96.16,0.66
2021-09-29 05:00:00,0.0,0.0,22.59,97.78,0.66
2021-09-29 06:00:00,75.8,78.53,23.23,96.0,1.18
2021-09-29 07:00:00,284.2,302.12,25.29,87.19,1.94
2021-09-29 08:00:00,532.78,546.9,27.61,76.55,2.12
2021-09-29 09:00:00,739.75,754.7,29.15,70.43,1.85
2021-09-29 10:00:00,826.05,897.4,30.12,67.05,1.7
2021-09-29 11:00:00,838.05,963.38,30.76,64.94,1.69
2021-09-29 12:00:00,812.45,926.58,31.09,63.81,1.63
2021-09-29 13:00:00,730.9,837.03,31.12,63.55,1.56
2021-09-29 14:00:00,635.12,670.67,30.92,63.94,1.54
2021-09-29 15:00:00,434.5,451.77,30.45,65.58,1.44
2021-09-29 16:00:00,193.07,219.8,29.78,71.3,1.07
2021-09-29 17:00:00,28.1,34.5,28.64,76.63,0.94
2021-09-29 18:00:00,0.0,0.0,27.25,88.62,0.52
2021-09-29 19:00:00,0.0,0.0,26.72,89.98,0.53
2021-09-29 20:00:00,0.0,0.0,26.28,91.18,0.54
2021-09-29 21:00:00,0.0,0.0,25.89,92.22,0.55
2021-09-29 22:00:00,0.0,0.0,25.57,92.98,0.55
2021-09-29 23:00:00,0.0,0.0,25.27,93.61,0.54
2021-09-30 00:00:00,0.0,0.0,25.0,94.02,0.51
2021-09-30 01:00:00,0.0,0.0,24.75,94.14,0.49
2021-09-30 02:00:00,0.0,0.0,24.55,94.27,0.49
2021-09-30 03:00:00,0.0,0.0,24.31,94.71,0.51
2021-09-30 04:00:00,0.0,0.0,24.06,95.18,0.55
2021-09-30 05:00:00,0.0,0.0,23.8,95.82,0.58
2021-09-30 06:00:00,14.02,70.85,24.13,95.39,0.78
2021-09-30 07:00:00,47.95,281.25,24.87,91.81,1.39
2021-09-30 08:00:00,36.92,516.28,25.86,87.39,1.24
2021-09-30 09:00:00,207.05,719.85,26.88,81.95,0.85
2021-09-30 10:00:00,410.35,865.5,27.6,78.54,0.38
2021-09-30 11:00:00,535.65,933.58,27.96,77.27,0.52
2021-09-30 12:00:00,483.15,903.58,28.08,77.33,0.89
2021-09-30 13:00:00,465.48,813.28,27.98,78.29,1.16
2021-09-30 14:00:00,369.2,653.9,27.73,80.03,1.3
2021-09-30 15:00:00,291.55,436.62,27.41,83.15,1.17
2021-09-30 16:00:00,155.57,213.7,27.05,85.21,1.04
2021-09-30 17:00:00,27.85,32.5,26.3,90.6,0.64
2021-09-30 18:00:00,0.0,0.0,25.57,91.32,0.55
2021-09-30 19:00:00,0.0,0.0,25.32,91.73,0.53
2021-09-30 20:00:00,0.0,0.0,25.06,92.98,0.5
2021-09-30 21:00:00,0.0,0.0,24.81,94.11,0.49
2021-09-30 22:00:00,0.0,0.0,24.59,94.99,0.59
2021-09-30 23:00:00,0.0,0.0,24.34,96.75,0.72
2021-10-01 00:00:00,0.0,0.0,24.23,97.43,0.91
2021-10-01 01:00:00,0.0,0.0,24.17,97.54,1.13
2021-10-01 02:00:00,0.0,0.0,24.06,97.49,1.23
2021-10-01 03:00:00,0.0,0.0,23.89,97.4,1.35
2021-10-01 04:00:00,0.0,0.0,23.7,97.17,1.42
2021-10-01 05:00:00,0.0,0.0,23.5,97.22,1.36
2021-10-01 06:00:00,38.62,78.78,23.49,96.94,1.48
2021-10-01 07:00:00,135.48,302.05,24.08,95.22,2.02
2021-10-01 08:00:00,227.9,544.47,25.35,88.98,2.24
2021-10-01 09:00:00,547.6,747.95,27.14,78.5,2.44
2021-10-01 10:00:00,618.22,889.78,28.73,70.74,2.35
2021-10-01 11:00:00,647.62,954.7,29.79,66.93,2.35
2021-10-01 12:00:00,716.0,904.92,30.3,65.69,2.4
2021-10-01 13:00:00,619.88,811.78,30.45,65.9,2.39
2021-10-01 14:00:00,515.03,648.53,30.35,66.87,2.24
2021-10-01 15:00:00,364.7,432.08,29.97,68.59,2.01
2021-10-01 16:00:00,162.62,203.25,29.44,73.65,1.38
2021-10-01 17:00:00,28.38,31.15,28.06,79.36,1.09
2021-10-01 18:00:00,0.0,0.0,26.78,87.33,0.62
2021-10-01 19:00:00,0.0,0.0,26.53,86.5,0.63
2021-10-01 20:00:00,0.0,0.0,26.28,85.8,0.62
2021-10-01 21:00:00,0.0,0.0,25.95,85.75,0.62
2021-10-01 22:00:00,0.0,0.0,25.53,87.3,0.62
2021-10-01 23:00:00,0.0,0.0,25.03,89.52,0.64
2021-10-02 00:00:00,0.0,0.0,24.61,91.43,0.65
2021-10-02 01:00:00,0.0,0.0,24.23,93.36,0.66
2021-10-02 02:00:00,0.0,0.0,23.95,94.52,0.65
2021-10-02 03:00:00,0.0,0.0,23.75,95.27,0.64
2021-10-02 04:00:00,0.0,0.0,23.58,95.82,0.65
2021-10-02 05:00:00,0.0,0.0,23.38,96.42,0.7
2021-10-02 06:00:00,66.82,68.43,23.72,95.62,1.04
2021-10-02 07:00:00,265.17,278.7,24.74,91.99,1.8
2021-10-02 08:00:00,497.0,518.92,26.69,83.62,2.09
2021-10-02 09:00:00,696.28,725.0,28.62,75.1,1.94
2021-10-02 10:00:00,842.75,872.95,29.93,69.86,1.49
2021-10-02 11:00:00,932.17,942.03,30.84,66.22,1.23
2021-10-02 12:00:00,925.1,929.25,31.43,63.54,1.14
2021-10-02 13:00:00,760.3,836.0,31.69,61.69,1.11
2021-10-02 14:00:00,670.22,673.8,31.65,60.83,1.09
2021-10-02 15:00:00,449.95,453.8,31.29,61.33,1.08
2021-10-02 16:00:00,213.82,216.02,30.88,64.65,0.87
2021-10-02 17:00:00,33.22,33.4,29.65,69.54,0.83
2021-10-02 18:00:00,0.0,0.0,27.74,78.66,0.75
2021-10-02 19:00:00,0.0,0.0,26.77,82.83,0.8
2021-10-02 20:00:00,0.0,0.0,25.96,85.86,0.82
2021-10-02 21:00:00,0.0,0.0,25.28,87.86,0.85
2021-10-02 22:00:00,0.0,0.0,24.71,89.44,0.88
2021-10-02 23:00:00,0.0,0.0,24.24,90.67,0.9
2021-10-03 00:00:00,0.0,0.0,23.81,91.92,0.94
2021-10-03 01:00:00,0.0,0.0,23.43,93.0,1.01
2021-10-03 02:00:00,0.0,0.0,23.1,94.05,1.05
2021-10-03 03:00:00,0.0,0.0,22.82,94.91,1.09
2021-10-03 04:00:00,0.0,0.0,22.54,95.81,1.1
2021-10-03 05:00:00,0.0,0.0,22.26,96.86,1.1
2021-10-03 06:00:00,75.3,75.72,22.85,94.87,1.68
2021-10-03 07:00:00,286.95,290.83,24.47,89.77,2.05
2021-10-03 08:00:00,546.6,547.08,27.37,77.92,2.05
2021-10-03 09:00:00,748.45,752.0,29.41,69.76,1.73
2021-10-03 10:00:00,851.35,896.53,30.59,66.07,1.1
2021-10-03 11:00:00,866.9,963.75,31.44,63.2,0.68
2021-10-03 12:00:00,832.78,912.05,31.99,61.34,0.76
2021-10-03 13:00:00,785.17,820.75,32.03,60.83,1.0
2021-10-03 14:00:00,646.2,658.1,31.81,61.23,1.24
2021-10-03 15:00:00,440.1,442.23,31.29,63.06,1.38
2021-10-03 16:00:00,206.73,215.55,30.58,67.34,1.1
2021-10-03 17:00:00,31.5,31.48,29.14,74.34,0.99
2021-10-03 18:00:00,0.0,0.0,27.37,85.44,0.69
2021-10-03 19:00:00,0.0,0.0,26.71,86.79,0.72
2021-10-03 20:00:00,0.0,0.0,26.21,87.74,0.74
2021-10-03 21:00:00,0.0,0.0,25.78,88.63,0.76
2021-10-03 22:00:00,0.0,0.0,25.35,89.6,0.78
2021-10-03 23:00:00,0.0,0.0,24.94,90.54,0.81
2021-10-04 00:00:00,0.0,0.0,24.55,91.39,0.83
2021-10-04 01:00:00,0.0,0.0,24.18,92.19,0.85
2021-10-04 02:00:00,0.0,0.0,23.83,93.01,0.87
2021-10-04 03:00:00,0.0,0.0,23.48,93.79,0.9
2021-10-04 04:00:00,0.0,0.0,23.16,94.53,0.96
2021-10-04 05:00:00,0.0,0.0,22.89,95.19,1.06
2021-10-04 06:00:00,75.97,78.47,23.43,93.99,1.63
2021-10-04 07:00:00,281.85,296.75,24.84,90.51,2.34
2021-10-04 08:00:00,516.03,540.95,27.41,80.11,2.62
2021-10-04 09:00:00,734.53,748.47,29.37,71.93,2.6
2021-10-04 10:00:00,863.1,893.15,30.53,68.2,2.31
2021-10-04 11:00:00,928.17,959.45,31.28,65.68,2.05
2021-10-04 12:00:00,921.95,949.28,31.65,64.15,1.86
2021-10-04 13:00:00,792.12,856.1,31.71,63.51,1.73
2021-10-04 14:00:00,671.8,692.35,31.56,63.73,1.64
2021-10-04 15:00:00,459.2,474.33,31.03,65.36,1.45
2021-10-04 16:00:00,216.88,231.7,30.39,69.12,1.07
2021-10-04 17:00:00,29.88,33.0,29.24,76.54,0.86
2021-10-04 18:00:00,0.0,0.0,28.27,79.93,0.64
2021-10-04 19:00:00,0.0,0.0,28.21,77.09,0.59
2021-10-04 20:00:00,0.0,0.0,28.08,75.69,0.47
2021-10-04 21:00:00,0.0,0.0,27.99,74.14,0.33
2021-10-04 22:00:00,0.0,0.0,27.86,73.59,0.23
2021-10-04 23:00:00,0.0,0.0,27.51,75.06,0.18
2021-10-05 00:00:00,0.0,0.0,27.08,76.41,0.21
2021-10-05 01:00:00,0.0,0.0,26.59,78.6,0.21
2021-10-05 02:00:00,0.0,0.0,26.18,80.4,0.17
2021-10-05 03:00:00,0.0,0.0,25.73,81.23,0.28
2021-10-05 04:00:00,0.0,0.0,24.98,85.2,0.43
2021-10-05 05:00:00,0.0,0.0,24.45,88.02,0.58
2021-10-05 06:00:00,83.78,84.95,24.54,91.34,0.73
2021-10-05 07:00:00,305.08,315.62,25.87,86.45,1.24
2021-10-05 08:00:00,535.17,558.9,28.06,77.36,1.24
2021-10-05 09:00:00,748.55,762.35,30.22,68.29,0.41
2021-10-05 10:00:00,884.08,906.4,31.48,63.54,1.01
2021-10-05 11:00:00,886.83,972.4,31.82,62.22,1.6
2021-10-05 12:00:00,809.4,893.53,31.78,62.34,1.95
2021-10-05 13:00:00,708.55,804.55,31.27,64.06,2.05
2021-10-05 14:00:00,606.33,644.12,30.93,65.7,1.95
2021-10-05 15:00:00,390.88,432.27,30.57,67.76,1.81
2021-10-05 16:00:00,181.5,203.52,29.98,72.74,1.4
2021-10-05 17:00:00,27.08,28.98,28.76,79.29,1.11
2021-10-05 18:00:00,0.0,0.0,27.05,87.79,0.74
2021-10-05 19:00:00,0.0,0.0,26.63,88.26,0.74
2021-10-05 20:00:00,0.0,0.0,26.28,88.65,0.73
2021-10-05 21:00:00,0.0,0.0,26.0,88.63,0.71
2021-10-05 22:00:00,0.0,0.0,25.85,87.92,0.68
2021-10-05 23:00:00,0.0,0.0,25.79,86.73,0.64
2021-10-06 00:00:00,0.0,0.0,25.66,86.4,0.61
2021-10-06 01:00:00,0.0,0.0,25.4,87.16,0.6
2021-10-06 02:00:00,0.0,0.0,25.17,87.94,0.57
2021-10-06 03:00:00,0.0,0.0,25.01,88.52,0.49
2021-10-06 04:00:00,0.0,0.0,24.97,88.12,0.42
2021-10-06 05:00:00,0.0,0.0,24.85,88.95,0.31
2021-10-06 06:00:00,61.8,77.03,24.87,91.38,0.27
2021-10-06 07:00:00,232.35,295.77,25.64,90.11,0.32
2021-10-06 08:00:00,451.1,535.78,28.27,76.83,0.75
2021-10-06 09:00:00,625.62,742.88,29.83,71.55,1.67
2021-10-06 10:00:00,776.05,885.72,30.64,68.95,1.99
2021-10-06 11:00:00,747.65,949.62,31.08,66.91,2.02
2021-10-06 12:00:00,786.12,888.9,31.36,65.53,2.03
2021-10-06 13:00:00,715.58,793.38,31.43,64.99,2.12
2021-10-06 14:00:00,578.08,629.2,31.2,65.72,2.2
2021-10-06 15:00:00,388.75,417.88,30.66,68.34,2.1
2021-10-06 16:00:00,180.23,192.18,29.83,73.35,1.77
2021-10-06 17:00:00,26.58,27.33,28.27,82.99,1.23
2021-10-06 18:00:00,0.0,0.0,26.84,88.54,0.99
2021-10-06 19:00:00,0.0,0.0,26.37,89.64,1.16
2021-10-06 20:00:00,0.0,0.0,25.97,90.92,1.43
2021-10-06 21:00:00,0.0,0.0,25.64,92.38,1.77
2021-10-06 22:00:00,0.0,0.0,25.29,94.26,2.04
2021-10-06 23:00:00,0.0,0.0,24.98,95.83,2.15
2021-10-07 00:00:00,0.0,0.0,24.67,96.6,1.96
2021-10-07 01:00:00,0.0,0.0,24.42,96.83,1.77
2021-10-07 02:00:00,0.0,0.0,24.15,97.13,1.59
2021-10-07 03:00:00,0.0,0.0,23.9,97.33,1.42
2021-10-07 04:00:00,0.0,0.0,23.68,97.54,1.35
2021-10-07 05:00:00,0.0,0.0,23.51,97.66,1.34
2021-10-07 06:00:00,72.35,74.18,23.86,96.31,1.81
2021-10-07 07:00:00,275.42,285.52,24.82,92.97,2.39
2021-10-07 08:00:00,512.35,525.4,26.11,85.76,2.69
2021-10-07 09:00:00,723.78,729.17,27.35,78.69,2.77
2021-10-07 10:00:00,745.75,876.33,28.32,74.8,2.53
2021-10-07 11:00:00,880.53,940.12,29.04,72.26,2.14
2021-10-07 12:00:00,879.88,908.25,29.69,69.54,1.7
2021-10-07 13:00:00,723.2,815.08,30.28,67.0,1.42
2021-10-07 14:00:00,611.0,643.8,30.46,65.69,1.45
2021-10-07 15:00:00,401.4,426.05,30.3,65.89,1.43
2021-10-07 16:00:00,171.68,193.57,29.86,69.79,1.08
2021-10-07 17:00:00,22.88,26.45,28.71,76.18,0.88
2021-10-07 18:00:00,0.0,0.0,27.38,80.65,0.66
2021-10-07 19:00:00,0.0,0.0,27.04,80.41,0.66
2021-10-07 20:00:00,0.0,0.0,26.6,81.66,0.62
2021-10-07 21:00:00,0.0,0.0,26.31,81.93,0.62
2021-10-07 22:00:00,0.0,0.0,26.13,81.59,0.6
2021-10-07 23:00:00,0.0,0.0,25.93,81.54,0.5
2021-10-08 00:00:00,0.0,0.0,25.66,82.52,0.31
2021-10-08 01:00:00,0.0,0.0,25.41,82.73,0.18
2021-10-08 02:00:00,0.0,0.0,24.85,85.75,0.24
2021-10-08 03:00:00,0.0,0.0,24.49,86.85,0.32
2021-10-08 04:00:00,0.0,0.0,24.07,87.94,0.29
2021-10-08 05:00:00,0.0,0.0,23.63,90.34,0.27
2021-10-08 06:00:00,70.2,73.47,23.74,92.68,0.33
2021-10-08 07:00:00,242.48,283.98,25.35,86.45,0.57
2021-10-08 08:00:00,440.92,519.28,28.39,74.15,0.99
2021-10-08 09:00:00,642.5,727.22,30.06,68.92,1.31
2021-10-08 10:00:00,791.53,868.3,31.07,66.03,1.51
2021-10-08 11:00:00,875.92,934.0,31.77,63.61,1.64
2021-10-08 12:00:00,834.5,903.2,32.07,61.96,1.7
2021-10-08 13:00:00,733.33,806.85,32.22,60.87,1.7
2021-10-08 14:00:00,581.67,641.65,32.08,60.9,1.7
2021-10-08 15:00:00,367.8,428.92,31.66,62.46,1.63
2021-10-08 16:00:00,172.15,198.8,31.17,66.17,1.21
2021-10-08 17:00:00,24.83,26.05,29.68,73.69,1.03
2021-10-08 18:00:00,0.0,0.0,28.24,81.27,0.69
2021-10-08 19:00:00,0.0,0.0,28.11,79.05,0.66
2021-10-08 20:00:00,0.0,0.0,28.08,76.49,0.57
2021-10-08 21:00:00,0.0,0.0,28.13,73.52,0.42
2021-10-08 22:00:00,0.0,0.0,28.09,72.84,0.2
2021-10-08 23:00:00,0.0,0.0,27.73,73.78,0.24
2021-10-09 00:00:00,0.0,0.0,27.03,76.31,0.43
2021-10-09 01:00:00,0.0,0.0,26.21,80.91,0.55
2021-10-09 02:00:00,0.0,0.0,25.6,83.77,0.66
2021-10-09 03:00:00,0.0,0.0,24.87,87.49,0.71
2021-10-09 04:00:00,0.0,0.0,24.19,90.93,0.72
2021-10-09 05:00:00,0.0,0.0,23.69,93.05,0.74
2021-10-09 06:00:00,77.65,81.18,24.17,92.67,1.01
2021-10-09 07:00:00,292.55,304.3,25.67,86.3,1.92
2021-10-09 08:00:00,532.05,541.72,28.1,77.2,2.04
2021-10-09 09:00:00,731.65,743.0,30.0,70.19,1.89
2021-10-09 10:00:00,878.28,886.15,31.01,66.86,1.51
2021-10-09 11:00:00,937.62,947.58,31.59,65.08,1.23
2021-10-09 12:00:00,879.22,899.75,31.77,64.41,1.1
2021-10-09 13:00:00,721.22,803.67,31.85,63.98,1.13
2021-10-09 14:00:00,581.0,638.08,31.62,64.33,1.16
2021-10-09 15:00:00,360.12,421.6,31.07,66.53,1.1
2021-10-09 16:00:00,160.52,191.45,30.59,69.72,0.92
2021-10-09 17:00:00,22.35,25.33,29.33,77.91,0.75
2021-10-09 18:00:00,0.0,0.0,28.3,81.49,0.62
2021-10-09 19:00:00,0.0,0.0,28.02,80.58,0.6
2021-10-09 20:00:00,0.0,0.0,27.73,80.96,0.59
2021-10-09 21:00:00,0.0,0.0,27.29,82.96,0.63
2021-10-09 22:00:00,0.0,0.0,26.77,85.45,0.67
2021-10-09 23:00:00,0.0,0.0,26.21,88.11,0.7
2021-10-10 00:00:00,0.0,0.0,25.74,89.97,0.71
2021-10-10 01:00:00,0.0,0.0,25.37,90.8,0.71
2021-10-10 02:00:00,0.0,0.0,25.1,91.24,0.71
2021-10-10 03:00:00,0.0,0.0,24.76,92.45,0.7
2021-10-10 04:00:00,0.0,0.0,24.36,94.25,0.73
2021-10-10 05:00:00,0.0,0.0,24.1,95.52,0.84
2021-10-10 06:00:00,64.85,73.57,24.45,95.19,1.31
2021-10-10 07:00:00,242.8,286.08,25.59,91.89,2.17
2021-10-10 08:00:00,445.73,525.47,27.48,84.55,2.24
2021-10-10 09:00:00,579.4,730.58,29.54,74.4,2.01
2021-10-10 10:00:00,646.22,874.72,30.88,68.92,1.47
2021-10-10 11:00:00,765.85,938.42,31.69,65.77,1.11
2021-10-10 12:00:00,819.9,891.58,31.98,63.89,1.15
2021-10-10 13:00:00,719.12,792.08,31.85,63.53,1.36
2021-10-10 14:00:00,565.72,626.0,31.5,64.37,1.52
2021-10-10 15:00:00,350.52,411.33,30.99,67.02,1.55
2021-10-10 16:00:00,158.2,191.52,30.32,72.85,1.27
2021-10-10 17:00:00,18.65,24.35,28.93,80.82,1.03
2021-10-10 18:00:00,0.0,0.0,27.43,88.93,0.78
2021-10-10 19:00:00,0.0,0.0,26.87,90.14,0.95
2021-10-10 20:00:00,0.0,0.0,26.45,91.17,1.16
2021-10-10 21:00:00,0.0,0.0,26.14,92.25,1.43
2021-10-10 22:00:00,0.0,0.0,25.89,93.32,1.75
2021-10-10 23:00:00,0.0,0.0,25.65,94.49,1.94
2021-10-11 00:00:00,0.0,0.0,25.39,95.62,2.07
2021-10-11 01:00:00,0.0,0.0,25.16,96.34,2.09
2021-10-11 02:00:00,0.0,0.0,24.97,96.66,2.03
2021-10-11 03:00:00,0.0,0.0,24.81,96.63,2.03
2021-10-11 04:00:00,0.0,0.0,24.61,96.74,2.03
2021-10-11 05:00:00,0.0,0.0,24.42,96.7,1.99
2021-10-11 06:00:00,63.8,75.95,24.44,96.33,2.11
2021-10-11 07:00:00,232.4,288.5,25.08,94.19,2.42
2021-10-11 08:00:00,439.25,524.35,26.05,90.39,2.51
2021-10-11 09:00:00,610.55,728.67,27.13,84.89,2.59
2021-10-11 10:00:00,738.72,873.35,28.07,79.62,2.38
2021-10-11 11:00:00,863.72,937.75,28.64,76.82,2.09
2021-10-11 12:00:00,870.62,922.58,28.96,75.07,1.77
2021-10-11 13:00:00,732.22,827.5,29.1,74.37,1.38
2021-10-11 14:00:00,640.7,662.45,29.08,74.08,0.93
2021-10-11 15:00:00,436.42,444.1,28.89,74.31,0.52
2021-10-11 16:00:00,203.12,206.02,28.57,76.84,0.4
2021-10-11 17:00:00,25.85,25.98,27.92,79.37,0.48
2021-10-11 18:00:00,0.0,0.0,26.93,82.93,0.54
2021-10-11 19:00:00,0.0,0.0,26.48,84.72,0.56
2021-10-11 20:00:00,0.0,0.0,26.34,84.25,0.55
2021-10-11 21:00:00,0.0,0.0,26.22,83.68,0.49
2021-10-11 22:00:00,0.0,0.0,26.06,83.78,0.41
2021-10-11 23:00:00,0.0,0.0,25.67,84.95,0.45
2021-10-12 00:00:00,0.0,0.0,25.16,87.2,0.59
2021-10-12 01:00:00,0.0,0.0,24.47,90.75,0.69
2021-10-12 02:00:00,0.0,0.0,23.89,93.34,0.72
2021-10-12 03:00:00,0.0,0.0,23.51,94.67,0.74
2021-10-12 04:00:00,0.0,0.0,23.23,95.64,0.78
2021-10-12 05:00:00,0.0,0.0,22.98,96.63,0.82
2021-10-12 06:00:00,86.38,86.57,23.51,95.31,1.17
2021-10-12 07:00:00,300.73,301.58,25.0,89.72,1.88
2021-10-12 08:00:00,538.62,540.22,27.61,78.72,1.77
2021-10-12 09:00:00,739.15,741.58,29.53,71.37,1.38
2021-10-12 10:00:00,880.75,881.88,30.81,66.72,0.63
2021-10-12 11:00:00,920.75,947.53,31.91,61.96,0.41
2021-10-12 12:00:00,904.4,931.03,32.57,58.61,0.89
2021-10-12 13:00:00,784.85,838.92,32.65,57.61,1.09
2021-10-12 14:00:00,652.08,676.65,32.37,57.95,1.18
2021-10-12 15:00:00,451.65,462.5,31.84,60.12,1.07
2021-10-12 16:00:00,210.95,219.7,31.53,62.1,0.82
2021-10-12 17:00:00,26.25,27.0,30.27,70.1,0.67
2021-10-12 18:00:00,0.0,0.0,29.21,71.2,0.6
2021-10-12 19:00:00,0.0,0.0,28.64,72.46,0.67
2021-10-12 20:00:00,0.0,0.0,27.88,75.74,0.75
2021-10-12 21:00:00,0.0,0.0,27.0,79.99,0.81
2021-10-12 22:00:00,0.0,0.0,26.04,84.93,0.84
2021-10-12 23:00:00,0.0,0.0,25.32,87.98,0.9
2021-10-13 00:00:00,0.0,0.0,24.82,89.54,1.02
2021-10-13 01:00:00,0.0,0.0,24.47,90.71,1.17
2021-10-13 02:00:00,0.0,0.0,24.15,92.05,1.27
2021-10-13 03:00:00,0.0,0.0,23.83,93.71,1.31
2021-10-13 04:00:00,0.0,0.0,23.52,95.43,1.3
2021-10-13 05:00:00,0.0,0.0,23.19,97.28,1.22
2021-10-13 06:00:00,92.65,93.2,23.66,96.06,1.61
2021-10-13 07:00:00,329.2,332.1,25.26,91.27,1.97
2021-10-13 08:00:00,571.92,574.78,28.14,78.72,2.06
2021-10-13 09:00:00,768.58,779.45,30.54,68.2,1.99
2021-10-13 10:00:00,901.3,919.53,31.85,63.56,1.38
2021-10-13 11:00:00,947.03,983.03,32.77,60.17,0.88
2021-10-13 12:00:00,931.33,952.4,33.33,57.76,0.73
2021-10-13 13:00:00,804.4,856.4,33.54,56.33,0.87
2021-10-13 14:00:00,680.62,692.92,33.4,55.96,1.02
2021-10-13 15:00:00,447.92,475.4,32.99,56.79,1.11
2021-10-13 16:00:00,214.95,230.15,32.52,59.85,0.92
2021-10-13 17:00:00,27.15,28.05,31.18,64.93,0.87
2021-10-13 18:00:00,0.0,0.0,28.88,78.98,0.75
2021-10-13 19:00:00,0.0,0.0,27.8,82.88,0.85
2021-10-13 20:00:00,0.0,0.0,26.92,84.82,1.01
2021-10-13 21:00:00,0.0,0.0,26.17,86.9,1.16
2021-10-13 22:00:00,0.0,0.0,25.58,89.47,1.3
2021-10-13 23:00:00,0.0,0.0,25.18,91.94,1.41
2021-10-14 00:00:00,0.0,0.0,24.85,94.12,1.46
2021-10-14 01:00:00,0.0,0.0,24.55,95.71,1.44
2021-10-14 02:00:00,0.0,0.0,24.31,97.01,1.42
2021-10-14 03:00:00,0.0,0.0,24.16,97.62,1.42
2021-10-14 04:00:00,0.0,0.0,24.09,97.7,1.45
2021-10-14 05:00:00,0.0,0.0,24.03,97.74,1.49
2021-10-14 06:00:00,95.1,96.35,24.34,96.52,1.91
2021-10-14 07:00:00,325.75,335.33,25.42,93.1,2.59
2021-10-14 08:00:00,556.22,577.72,27.17,85.08,2.78
2021-10-14 09:00:00,746.65,777.6,28.97,75.88,2.9
2021-10-14 10:00:00,871.9,917.25,30.29,70.15,2.68
2021-10-14 11:00:00,919.33,979.72,31.2,66.3,2.32
2021-10-14 12:00:00,860.5,921.83,31.65,63.9,1.93
2021-10-14 13:00:00,798.47,826.62,31.72,62.77,1.63
2021-10-14 14:00:00,587.15,660.45,31.5,62.65,1.4
2021-10-14 15:00:00,437.42,439.42,30.95,63.94,1.25
2021-10-14 16:00:00,199.57,203.5,30.43,68.2,0.94
2021-10-14 17:00:00,23.77,24.12,29.26,74.35,0.85
2021-10-14 18:00:00,0.0,0.0,27.72,85.25,0.63
2021-10-14 19:00:00,0.0,0.0,27.07,86.92,0.68
2021-10-14 20:00:00,0.0,0.0,26.51,88.06,0.75
2021-10-14 21:00:00,0.0,0.0,26.0,89.25,0.81
2021-10-14 22:00:00,0.0,0.0,25.61,90.29,0.87
2021-10-14 23:00:00,0.0,0.0,25.28,91.16,0.94
2021-10-15 00:00:00,0.0,0.0,24.97,92.12,1.03
2021-10-15 01:00:00,0.0,0.0,24.67,93.12,1.13
2021-10-15 02:00:00,0.0,0.0,24.4,94.2,1.19
2021-10-15 03:00:00,0.0,0.0,24.09,95.45,1.21
2021-10-15 04:00:00,0.0,0.0,23.85,96.45,1.23
2021-10-15 05:00:00,0.0,0.0,23.63,97.25,1.24
2021-10-15 06:00:00,90.4,90.68,24.01,96.06,1.76
2021-10-15 07:00:00,316.85,318.6,25.38,91.46,2.33
2021-10-15 08:00:00,555.88,559.28,27.59,80.33,2.79
2021-10-15 09:00:00,757.15,758.85,29.38,72.45,2.7
2021-10-15 10:00:00,849.45,900.05,30.52,68.36,2.28
2021-10-15 11:00:00,952.4,964.03,31.17,65.65,1.84
2021-10-15 12:00:00,924.38,946.9,31.43,63.85,1.45
2021-10-15 13:00:00,778.62,852.0,31.46,62.58,1.15
2021-10-15 14:00:00,672.65,686.67,31.36,61.82,1.09
2021-10-15 15:00:00,459.55,467.0,31.03,62.12,1.18
2021-10-15 16:00:00,218.15,226.15,30.48,66.01,1.01
2021-10-15 17:00:00,25.38,26.17,29.4,71.97,0.89
2021-10-15 18:00:00,0.0,0.0,27.75,81.38,0.68
2021-10-15 19:00:00,0.0,0.0,27.15,82.79,0.72
2021-10-15 20:00:00,0.0,0.0,26.69,83.68,0.73
2021-10-15 21:00:00,0.0,0.0,26.25,84.79,0.73
2021-10-15 22:00:00,0.0,0.0,25.74,86.49,0.74
2021-10-15 23:00:00,0.0,0.0,25.18,88.31,0.77
2021-10-16 00:00:00,0.0,0.0,24.65,89.79,0.82
2021-10-16 01:00:00,0.0,0.0,24.21,91.0,0.89
2021-10-16 02:00:00,0.0,0.0,23.84,92.01,0.97
2021-10-16 03:00:00,0.0,0.0,23.5,93.04,1.03
2021-10-16 04:00:00,0.0,0.0,23.19,94.16,1.09
2021-10-16 05:00:00,0.0,0.0,22.88,95.44,1.13
2021-10-16 06:00:00,89.68,92.03,23.39,94.3,1.64
2021-10-16 07:00:00,319.08,327.83,25.02,89.42,2.25
2021-10-16 08:00:00,556.33,566.5,27.94,76.14,2.49
2021-10-16 09:00:00,756.78,764.12,30.06,67.21,2.31
2021-10-16 10:00:00,822.5,903.28,31.35,62.71,1.67
2021-10-16 11:00:00,915.58,965.35,32.27,58.97,1.04
2021-10-16 12:00:00,884.33,926.15,32.85,56.13,0.65
2021-10-16 13:00:00,804.7,830.2,33.12,54.29,0.51
2021-10-16 14:00:00,653.42,663.8,33.06,53.54,0.58
2021-10-16 15:00:00,438.12,445.15,32.67,54.12,0.75
2021-10-16 16:00:00,205.95,206.68,32.1,57.89,0.8
2021-10-16 17:00:00,23.15,23.38,30.68,63.95,0.85
2021-10-16 18:00:00,0.0,0.0,28.1,77.91,0.81
2021-10-16 19:00:00,0.0,0.0,26.89,82.15,0.91
2021-10-16 20:00:00,0.0,0.0,26.09,83.7,1.08
2021-10-16 21:00:00,0.0,0.0,25.5,84.84,1.24
2021-10-16 22:00:00,0.0,0.0,25.04,86.16,1.36
2021-10-16 23:00:00,0.0,0.0,24.66,87.36,1.48
2021-10-17 00:00:00,0.0,0.0,24.35,88.27,1.58
2021-10-17 01:00:00,0.0,0.0,24.04,89.27,1.66
2021-10-17 02:00:00,0.0,0.0,23.74,90.31,1.71
2021-10-17 03:00:00,0.0,0.0,23.41,91.62,1.74
2021-10-17 04:00:00,0.0,0.0,23.03,93.26,1.68
2021-10-17 05:00:00,0.0,0.0,22.62,95.2,1.51
2021-10-17 06:00:00,86.38,87.0,22.81,94.62,1.85
2021-10-17 07:00:00,316.55,318.15,24.26,89.8,1.94
2021-10-17 08:00:00,556.88,557.5,27.33,75.8,2.25
2021-10-17 09:00:00,716.08,756.58,29.71,65.61,2.47
2021-10-17 10:00:00,887.55,898.6,30.95,62.2,1.95
2021-10-17 11:00:00,905.8,958.47,31.8,59.83,1.41
2021-10-17 12:00:00,816.4,920.58,32.31,58.29,0.95
2021-10-17 13:00:00,756.62,819.35,32.49,57.34,0.52
2021-10-17 14:00:00,579.55,650.8,32.34,57.19,0.16
2021-10-17 15:00:00,381.8,431.77,31.97,58.04,0.23
2021-10-17 16:00:00,177.68,197.1,31.32,62.24,0.28
2021-10-17 17:00:00,20.88,21.58,30.37,65.75,0.39
2021-10-17 18:00:00,0.0,0.0,29.24,71.71,0.48
2021-10-17 19:00:00,0.0,0.0,28.22,76.47,0.66
2021-10-17 20:00:00,0.0,0.0,27.2,82.21,0.76
2021-10-17 21:00:00,0.0,0.0,26.5,84.95,0.87
2021-10-17 22:00:00,0.0,0.0,26.08,85.08,1.13
2021-10-17 23:00:00,0.0,0.0,25.72,85.18,1.42
2021-10-18 00:00:00,0.0,0.0,25.35,86.34,1.66
2021-10-18 01:00:00,0.0,0.0,24.95,88.51,1.78
2021-10-18 02:00:00,0.0,0.0,24.55,91.04,1.8
2021-10-18 03:00:00,0.0,0.0,24.18,93.57,1.7
2021-10-18 04:00:00,0.0,0.0,23.88,95.47,1.65
2021-10-18 05:00:00,0.0,0.0,23.65,96.69,1.62
2021-10-18 06:00:00,7.15,75.2,23.94,95.6,1.94
2021-10-18 07:00:00,23.42,290.38,25.41,89.4,2.45
2021-10-18 08:00:00,41.42,521.75,27.41,79.58,2.6
2021-10-18 09:00:00,185.45,716.67,28.94,72.54,2.69
2021-10-18 10:00:00,416.48,851.3,29.63,70.13,2.65
2021-10-18 11:00:00,513.62,910.78,29.9,69.41,2.62
2021-10-18 12:00:00,634.28,874.92,30.01,69.17,2.59
2021-10-18 13:00:00,423.55,780.45,29.74,70.43,2.59
2021-10-18 14:00:00,293.95,618.6,29.15,73.45,2.62
2021-10-18 15:00:00,225.32,407.92,28.37,78.57,2.41
2021-10-18 16:00:00,104.3,181.6,27.4,85.59,2.03
2021-10-18 17:00:00,14.38,19.83,26.4,90.64,1.89
2021-10-18 18:00:00,0.0,0.0,25.77,92.83,2.14
2021-10-18 19:00:00,0.0,0.0,25.5,93.43,2.41
2021-10-18 20:00:00,0.0,0.0,25.28,93.8,2.48
2021-10-18 21:00:00,0.0,0.0,24.99,94.96,2.16
2021-10-18 22:00:00,0.0,0.0,24.74,95.83,1.85
2021-10-18 23:00:00,0.0,0.0,24.53,96.45,1.68
2021-10-19 00:00:00,0.0,0.0,24.34,96.87,1.6
2021-10-19 01:00:00,0.0,0.0,24.19,97.08,1.55
2021-10-19 02:00:00,0.0,0.0,24.08,97.18,1.55
2021-10-19 03:00:00,0.0,0.0,23.96,97.35,1.58
2021-10-19 04:00:00,0.0,0.0,23.87,97.42,1.57
2021-10-19 05:00:00,0.0,0.0,23.77,97.52,1.53
2021-10-19 06:00:00,48.17,75.03,23.93,97.13,1.67
2021-10-19 07:00:00,178.32,290.33,24.71,95.12,2.4
2021-10-19 08:00:00,329.55,522.25,25.61,92.16,2.85
2021-10-19 09:00:00,377.02,717.75,26.56,87.35,3.34
2021-10-19 10:00:00,478.12,855.83,27.51,81.2,3.39
2021-10-19 11:00:00,652.1,917.38,28.13,76.55,3.16
2021-10-19 12:00:00,679.97,892.42,28.47,73.8,2.92
2021-10-19 13:00:00,605.67,797.17,28.7,72.29,2.68
2021-10-19 14:00:00,518.4,634.47,28.75,71.61,2.41
2021-10-19 15:00:00,333.45,423.92,28.56,72.36,2.05
2021-10-19 16:00:00,157.68,192.52,28.09,76.07,1.51
2021-10-19 17:00:00,17.77,20.3,26.98,84.88,0.93
2021-10-19 18:00:00,0.0,0.0,25.69,90.04,0.69
2021-10-19 19:00:00,0.0,0.0,25.37,90.38,0.7
2021-10-19 20:00:00,0.0,0.0,25.1,90.63,0.7
2021-10-19 21:00:00,0.0,0.0,24.92,90.75,0.71
2021-10-19 22:00:00,0.0,0.0,24.74,91.13,0.7
2021-10-19 23:00:00,0.0,0.0,24.41,92.65,0.69
2021-10-20 00:00:00,0.0,0.0,24.13,94.01,0.67
2021-10-20 01:00:00,0.0,0.0,23.85,95.27,0.7
2021-10-20 02:00:00,0.0,0.0,23.62,96.13,0.73
2021-10-20 03:00:00,0.0,0.0,23.38,96.97,0.76
2021-10-20 04:00:00,0.0,0.0,23.16,98.29,0.79
2021-10-20 05:00:00,0.0,0.0,22.97,99.48,0.79
2021-10-20 06:00:00,70.35,79.88,23.53,97.7,1.04
2021-10-20 07:00:00,239.43,299.15,25.12,91.82,1.92
2021-10-20 08:00:00,426.77,532.28,26.71,85.31,2.23
2021-10-20 09:00:00,606.17,731.0,28.06,79.01,2.19
2021-10-20 10:00:00,706.3,866.05,28.98,75.15,2.13
2021-10-20 11:00:00,711.97,927.42,29.57,72.64,2.13
2021-10-20 12:00:00,783.92,909.33,29.85,71.26,2.03
2021-10-20 13:00:00,571.7,813.08,29.82,70.87,1.92
2021-10-20 14:00:00,542.03,649.3,29.51,71.84,1.68
2021-10-20 15:00:00,380.27,435.33,29.12,73.51,1.51
2021-10-20 16:00:00,180.3,198.93,28.56,78.39,1.12
2021-10-20 17:00:00,19.35,20.38,27.4,86.17,0.81
2021-10-20 18:00:00,0.0,0.0,26.23,91.04,0.7
2021-10-20 19:00:00,0.0,0.0,25.82,91.95,0.77
2021-10-20 20:00:00,0.0,0.0,25.45,92.69,0.8
2021-10-20 21:00:00,0.0,0.0,25.11,93.49,0.86
2021-10-20 22:00:00,0.0,0.0,24.83,94.12,0.92
2021-10-20 23:00:00,0.0,0.0,24.57,94.81,0.97
2021-10-21 00:00:00,0.0,0.0,24.32,95.46,1.01
2021-10-21 01:00:00,0.0,0.0,24.07,96.15,1.02
2021-10-21 02:00:00,0.0,0.0,23.81,96.77,0.99
2021-10-21 03:00:00,0.0,0.0,23.53,97.58,0.91
2021-10-21 04:00:00,0.0,0.0,23.27,98.31,0.86
2021-10-21 05:00:00,0.0,0.0,23.05,98.9,0.81
2021-10-21 06:00:00,80.97,81.07,23.5,97.38,1.11
2021-10-21 07:00:00,298.38,298.67,24.86,92.84,1.8
2021-10-21 08:00:00,531.4,531.65,27.16,82.14,1.95
2021-10-21 09:00:00,722.9,729.05,29.01,73.1,1.69
2021-10-21 10:00:00,853.15,863.85,30.24,67.74,1.24
2021-10-21 11:00:00,875.35,923.83,31.16,64.15,1.01
2021-10-21 12:00:00,831.1,872.47,31.72,62.22,1.04
2021-10-21 13:00:00,751.03,774.47,31.92,61.06,1.11
2021-10-21 14:00:00,587.62,608.67,31.79,60.91,1.2
2021-10-21 15:00:00,387.15,389.67,31.14,62.57,1.22
2021-10-21 16:00:00,172.2,173.77,30.6,66.98,1.01
2021-10-21 17:00:00,18.08,18.23,29.37,73.09,0.92
2021-10-21 18:00:00,0.0,0.0,27.61,83.99,0.69
2021-10-21 19:00:00,0.0,0.0,26.89,85.92,0.75
2021-10-21 20:00:00,0.0,0.0,26.31,87.45,0.79
2021-10-21 21:00:00,0.0,0.0,25.8,88.84,0.82
2021-10-21 22:00:00,0.0,0.0,25.32,90.15,0.85
2021-10-21 23:00:00,0.0,0.0,24.87,91.48,0.9
2021-10-22 00:00:00,0.0,0.0,24.48,92.71,0.97
2021-10-22 01:00:00,0.0,0.0,24.1,94.07,1.02
2021-10-22 02:00:00,0.0,0.0,23.76,95.35,1.04
2021-10-22 03:00:00,0.0,0.0,23.52,96.41,1.04
2021-10-22 04:00:00,0.0,0.0,23.34,97.38,1.05
2021-10-22 05:00:00,0.0,0.0,23.16,98.22,1.03
2021-10-22 06:00:00,67.7,68.12,23.59,96.56,1.42
2021-10-22 07:00:00,259.42,264.1,25.12,91.18,1.94
2021-10-22 08:00:00,482.27,492.27,27.78,78.69,2.01
2021-10-22 09:00:00,688.55,690.7,29.76,69.57,1.63
2021-10-22 10:00:00,817.38,829.92,30.99,64.64,0.9
2021-10-22 11:00:00,887.67,890.9,31.68,61.97,0.57
2021-10-22 12:00:00,850.55,866.47,31.97,61.01,0.98
2021-10-22 13:00:00,692.78,771.28,31.89,60.87,1.36
2021-10-22 14:00:00,592.0,608.28,31.62,61.44,1.58
2021-10-22 15:00:00,379.0,396.1,31.2,63.36,1.59
2021-10-22 16:00:00,167.07,174.75,30.47,69.18,1.18
2021-10-22 17:00:00,17.0,17.98,29.0,78.82,0.92
2021-10-22 18:00:00,0.0,0.0,27.57,85.67,0.72
2021-10-22 19:00:00,0.0,0.0,26.99,87.09,0.75
2021-10-22 20:00:00,0.0,0.0,26.55,88.59,0.78
2021-10-22 21:00:00,0.0,0.0,26.17,89.8,0.86
2021-10-22 22:00:00,0.0,0.0,25.79,90.92,0.98
2021-10-22 23:00:00,0.0,0.0,25.47,92.15,1.12
2021-10-23 00:00:00,0.0,0.0,25.21,93.49,1.23
2021-10-23 01:00:00,0.0,0.0,24.92,95.06,1.24
2021-10-23 02:00:00,0.0,0.0,24.67,96.19,1.17
2021-10-23 03:00:00,0.0,0.0,24.45,96.94,1.09
2021-10-23 04:00:00,0.0,0.0,24.24,97.56,1.01
2021-10-23 05:00:00,0.0,0.0,24.09,97.88,0.96
2021-10-23 06:00:00,54.2,69.8,24.29,97.35,1.16
2021-10-23 07:00:00,198.85,274.0,25.06,94.91,1.88
2021-10-23 08:00:00,358.65,496.75,25.91,91.36,1.88
2021-10-23 09:00:00,584.05,691.38,26.89,86.47,1.97
2021-10-23 10:00:00,627.28,830.92,27.86,81.46,1.95
2021-10-23 11:00:00,641.7,893.22,28.54,78.25,1.93
2021-10-23 12:00:00,606.8,876.62,28.95,76.08,1.97
2021-10-23 13:00:00,484.0,776.22,29.21,74.08,2.11
2021-10-23 14:00:00,376.58,610.3,29.24,72.84,2.22
2021-10-23 15:00:00,266.62,397.95,28.84,74.76,2.02
2021-10-23 16:00:00,124.38,172.65,28.14,80.14,1.5
2021-10-23 17:00:00,15.65,17.38,26.95,88.16,0.96
2021-10-23 18:00:00,0.0,0.0,25.91,91.72,0.72
2021-10-23 19:00:00,0.0,0.0,25.56,92.55,0.72
2021-10-23 20:00:00,0.0,0.0,25.2,93.5,0.75
2021-10-23 21:00:00,0.0,0.0,24.87,94.34,0.78
2021-10-23 22:00:00,0.0,0.0,24.6,95.11,0.81
2021-10-23 23:00:00,0.0,0.0,24.32,95.76,0.88
2021-10-24 00:00:00,0.0,0.0,24.07,96.25,0.95
2021-10-24 01:00:00,0.0,0.0,23.77,97.03,0.98
2021-10-24 02:00:00,0.0,0.0,23.5,97.67,0.98
2021-10-24 03:00:00,0.0,0.0,23.28,97.97,0.94
2021-10-24 04:00:00,0.0,0.0,23.12,98.06,0.92
2021-10-24 05:00:00,0.0,0.0,22.98,98.17,0.93
2021-10-24 06:00:00,65.3,81.5,23.35,96.95,1.34
2021-10-24 07:00:00,225.15,307.8,24.74,91.76,2.18
2021-10-24 08:00:00,410.35,541.7,26.35,84.5,2.49
2021-10-24 09:00:00,542.97,737.22,27.87,77.06,2.68
2021-10-24 10:00:00,734.12,870.4,28.83,72.62,2.77
2021-10-24 11:00:00,666.67,928.83,29.65,69.13,2.81
2021-10-24 12:00:00,649.97,883.8,30.0,66.42,2.75
2021-10-24 13:00:00,603.4,793.25,30.21,64.84,2.69
2021-10-24 14:00:00,499.48,632.75,29.8,66.83,2.44
2021-10-24 15:00:00,352.15,421.4,29.36,69.26,2.13
2021-10-24 16:00:00,164.18,190.52,28.67,73.78,1.59
2021-10-24 17:00:00,17.12,18.05,27.54,82.4,0.89
2021-10-24 18:00:00,0.0,0.0,26.65,86.74,0.54
2021-10-24 19:00:00,0.0,0.0,26.61,84.23,0.44
2021-10-24 20:00:00,0.0,0.0,26.56,82.72,0.32
2021-10-24 21:00:00,0.0,0.0,26.4,82.83,0.18
2021-10-24 22:00:00,0.0,0.0,26.21,83.51,0.06
2021-10-24 23:00:00,0.0,0.0,25.77,84.26,0.33
2021-10-25 00:00:00,0.0,0.0,25.04,87.55,0.5
2021-10-25 01:00:00,0.0,0.0,24.48,90.13,0.61
2021-10-25 02:00:00,0.0,0.0,24.08,91.92,0.62
2021-10-25 03:00:00,0.0,0.0,23.81,92.99,0.59
2021-10-25 04:00:00,0.0,0.0,23.6,94.04,0.56
2021-10-25 05:00:00,0.0,0.0,23.32,95.48,0.52
2021-10-25 06:00:00,50.8,77.68,23.57,95.79,0.57
2021-10-25 07:00:00,150.62,302.2,25.2,88.89,0.91
2021-10-25 08:00:00,258.92,537.85,27.78,76.81,0.91
2021-10-25 09:00:00,396.65,732.75,29.69,69.08,0.79
2021-10-25 10:00:00,590.6,868.55,30.87,65.19,0.82
2021-10-25 11:00:00,719.12,927.65,31.73,62.19,0.96
2021-10-25 12:00:00,770.4,880.55,32.18,60.04,1.18
2021-10-25 13:00:00,630.28,783.8,32.36,58.73,1.35
2021-10-25 14:00:00,535.75,621.22,32.26,58.19,1.36
2021-10-25 15:00:00,375.88,409.0,31.88,59.18,1.29
2021-10-25 16:00:00,170.82,180.32,31.4,62.76,0.9
2021-10-25 17:00:00,16.88,17.23,30.23,68.39,0.73
2021-10-25 18:00:00,0.0,0.0,29.31,70.16,0.51
2021-10-25 19:00:00,0.0,0.0,29.01,69.22,0.48
2021-10-25 20:00:00,0.0,0.0,28.24,72.56,0.56
2021-10-25 21:00:00,0.0,0.0,27.35,76.23,0.7
2021-10-25 22:00:00,0.0,0.0,26.36,81.34,0.8
2021-10-25 23:00:00,0.0,0.0,25.41,86.26,0.82
2021-10-26 00:00:00,0.0,0.0,24.75,88.86,0.87
2021-10-26 01:00:00,0.0,0.0,24.27,90.42,0.93
2021-10-26 02:00:00,0.0,0.0,23.9,91.67,0.95
2021-10-26 03:00:00,0.0,0.0,23.59,92.79,0.95
2021-10-26 04:00:00,0.0,0.0,23.26,93.88,0.92
2021-10-26 05:00:00,0.0,0.0,22.93,95.02,0.88
2021-10-26 06:00:00,75.8,76.28,23.36,94.05,1.11
2021-10-26 07:00:00,282.15,284.35,25.0,87.32,1.78
2021-10-26 08:00:00,515.28,519.42,27.9,75.64,1.44
2021-10-26 09:00:00,715.78,720.25,30.44,65.33,0.86
2021-10-26 10:00:00,833.78,860.65,31.89,60.5,0.29
2021-10-26 11:00:00,843.72,921.05,32.83,57.29,0.96
2021-10-26 12:00:00,810.72,846.62,33.25,55.93,1.28
2021-10-26 13:00:00,706.22,741.1,33.3,55.3,1.4
2021-10-26 14:00:00,566.42,577.2,33.07,55.36,1.39
2021-10-26 15:00:00,358.12,359.75,32.61,56.42,1.25
2021-10-26 16:00:00,157.0,158.4,32.19,59.25,0.87
2021-10-26 17:00:00,15.77,15.5,30.6,67.66,0.77
2021-10-26 18:00:00,0.0,0.0,29.01,75.02,0.71
2021-10-26 19:00:00,0.0,0.0,28.01,79.49,0.78
2021-10-26 20:00:00,0.0,0.0,27.1,82.84,0.85
2021-10-26 21:00:00,0.0,0.0,26.37,84.71,0.93
2021-10-26 22:00:00,0.0,0.0,25.76,86.05,1.01
2021-10-26 23:00:00,0.0,0.0,25.23,87.43,1.1
2021-10-27 00:00:00,0.0,0.0,24.77,88.99,1.18
2021-10-27 01:00:00,0.0,0.0,24.36,90.93,1.21
2021-10-27 02:00:00,0.0,0.0,24.01,92.98,1.22
2021-10-27 03:00:00,0.0,0.0,23.68,95.06,1.18
2021-10-27 04:00:00,0.0,0.0,23.39,96.99,1.12
2021-10-27 05:00:00,0.0,0.0,23.14,98.84,1.03
2021-10-27 06:00:00,66.22,66.1,23.61,97.16,1.3
2021-10-27 07:00:00,218.88,259.6,25.18,90.89,2.02
2021-10-27 08:00:00,386.85,484.95,27.18,81.74,2.46
2021-10-27 09:00:00,525.2,679.78,28.76,74.53,2.26
2021-10-27 10:00:00,661.58,823.28,29.89,70.12,1.76
2021-10-27 11:00:00,698.53,877.85,30.68,66.97,1.34
2021-10-27 12:00:00,688.28,850.03,31.03,65.22,1.25
2021-10-27 13:00:00,649.3,738.67,31.01,64.58,1.35
2021-10-27 14:00:00,508.15,564.45,30.88,64.54,1.47
2021-10-27 15:00:00,321.38,351.5,30.55,65.69,1.48
2021-10-27 16:00:00,141.75,146.75,29.96,70.83,1.11
2021-10-27 17:00:00,14.4,14.3,28.65,79.39,0.87
2021-10-27 18:00:00,0.0,0.0,27.18,86.21,0.72
2021-10-27 19:00:00,0.0,0.0,26.57,87.73,0.79
2021-10-27 20:00:00,0.0,0.0,26.09,88.79,0.88
2021-10-27 21:00:00,0.0,0.0,25.72,89.49,0.99
2021-10-27 22:00:00,0.0,0.0,25.4,90.23,1.13
2021-10-27 23:00:00,0.0,0.0,25.13,91.03,1.26
2021-10-28 00:00:00,0.0,0.0,24.85,92.26,1.37
2021-10-28 01:00:00,0.0,0.0,24.6,93.75,1.46
2021-10-28 02:00:00,0.0,0.0,24.37,95.27,1.52
2021-10-28 03:00:00,0.0,0.0,24.18,96.62,1.54
2021-10-28 04:00:00,0.0,0.0,24.03,97.42,1.52
2021-10-28 05:00:00,0.0,0.0,23.91,97.76,1.49
2021-10-28 06:00:00,64.9,65.03,24.13,96.76,1.8
2021-10-28 07:00:00,263.7,264.58,25.27,91.85,2.63
2021-10-28 08:00:00,469.48,471.23,26.8,82.7,3.16
2021-10-28 09:00:00,667.97,674.45,28.6,73.88,3.1
2021-10-28 10:00:00,677.5,815.0,29.86,69.11,2.67
2021-10-28 11:00:00,756.08,876.62,30.57,66.3,2.24
2021-10-28 12:00:00,642.22,826.72,30.89,64.66,1.95
2021-10-28 13:00:00,515.72,718.58,30.98,63.86,1.79
2021-10-28 14:00:00,460.12,559.53,30.74,64.2,1.75
2021-10-28 15:00:00,246.35,350.9,30.36,65.79,1.77
2021-10-28 16:00:00,98.65,143.18,29.6,71.82,1.35
2021-10-28 17:00:00,9.18,13.88,28.11,81.24,1.01
2021-10-28 18:00:00,0.0,0.0,26.65,88.23,0.76
2021-10-28 19:00:00,0.0,0.0,26.17,89.22,0.77
2021-10-28 20:00:00,0.0,0.0,25.75,90.19,0.8
2021-10-28 21:00:00,0.0,0.0,25.34,91.22,0.82
2021-10-28 22:00:00,0.0,0.0,24.99,92.18,0.82
2021-10-28 23:00:00,0.0,0.0,24.73,92.98,0.79
2021-10-29 00:00:00,0.0,0.0,24.49,93.7,0.71
2021-10-29 01:00:00,0.0,0.0,24.26,94.06,0.64
2021-10-29 02:00:00,0.0,0.0,24.08,93.79,0.62
2021-10-29 03:00:00,0.0,0.0,23.98,93.03,0.61
2021-10-29 04:00:00,0.0,0.0,23.91,92.28,0.58
2021-10-29 05:00:00,0.0,0.0,23.79,92.25,0.53
2021-10-29 06:00:00,67.88,68.03,23.87,93.8,0.49
2021-10-29 07:00:00,256.9,257.52,24.97,90.55,0.77
2021-10-29 08:00:00,483.95,484.73,26.99,80.91,0.55
2021-10-29 09:00:00,687.33,687.7,29.24,69.11,0.59
2021-10-29 10:00:00,831.03,831.38,30.42,63.62,0.88
2021-10-29 11:00:00,889.88,891.12,31.18,59.94,1.15
2021-10-29 12:00:00,890.28,891.0,31.68,57.63,1.41
2021-10-29 13:00:00,779.53,792.42,31.91,56.31,1.61
2021-10-29 14:00:00,620.03,626.62,31.96,55.75,1.73
2021-10-29 15:00:00,402.02,413.02,31.72,56.47,1.75
2021-10-29 16:00:00,180.45,182.05,31.1,61.05,1.35
2021-10-29 17:00:00,16.12,16.23,29.26,73.37,0.94
2021-10-29 18:00:00,0.0,0.0,28.17,73.75,0.78
2021-10-29 19:00:00,0.0,0.0,28.03,71.78,0.68
2021-10-29 20:00:00,0.0,0.0,27.56,72.56,0.66
2021-10-29 21:00:00,0.0,0.0,26.67,76.3,0.79
2021-10-29 22:00:00,0.0,0.0,25.57,81.81,0.87
2021-10-29 23:00:00,0.0,0.0,24.65,85.35,0.95
2021-10-30 00:00:00,0.0,0.0,24.0,87.06,1.07
2021-10-30 01:00:00,0.0,0.0,23.51,88.43,1.2
2021-10-30 02:00:00,0.0,0.0,23.1,90.11,1.25
2021-10-30 03:00:00,0.0,0.0,22.77,92.1,1.25
2021-10-30 04:00:00,0.0,0.0,22.48,93.93,1.18
2021-10-30 05:00:00,0.0,0.0,22.21,95.54,1.09
2021-10-30 06:00:00,65.97,72.03,22.53,94.23,1.44
2021-10-30 07:00:00,247.57,286.88,24.01,88.11,2.0
2021-10-30 08:00:00,457.77,518.67,26.52,79.18,2.47
2021-10-30 09:00:00,669.72,717.55,28.47,71.87,2.44
2021-10-30 10:00:00,780.97,855.53,29.67,67.47,1.9
2021-10-30 11:00:00,828.75,914.17,30.11,65.83,1.31
2021-10-30 12:00:00,741.97,829.55,30.33,65.29,0.97
2021-10-30 13:00:00,671.33,734.62,30.49,65.01,0.87
2021-10-30 14:00:00,539.47,579.62,30.46,65.24,0.9
2021-10-30 15:00:00,342.9,369.17,30.19,66.43,0.9
2021-10-30 16:00:00,148.4,155.07,29.7,70.62,0.77
2021-10-30 17:00:00,14.5,13.98,28.77,77.23,0.61
2021-10-30 18:00:00,0.0,0.0,27.38,82.27,0.61
2021-10-30 19:00:00,0.0,0.0,26.67,84.64,0.68
2021-10-30 20:00:00,0.0,0.0,25.99,87.09,0.72
2021-10-30 21:00:00,0.0,0.0,25.42,89.11,0.76
2021-10-30 22:00:00,0.0,0.0,24.99,90.38,0.85
2021-10-30 23:00:00,0.0,0.0,24.6,91.36,0.97
2021-10-31 00:00:00,0.0,0.0,24.37,91.9,1.09
2021-10-31 01:00:00,0.0,0.0,24.14,92.49,1.2
2021-10-31 02:00:00,0.0,0.0,23.86,93.49,1.25
2021-10-31 03:00:00,0.0,0.0,23.49,94.72,1.18
2021-10-31 04:00:00,0.0,0.0,23.15,96.04,1.06
2021-10-31 05:00:00,0.0,0.0,22.8,97.45,0.91
2021-10-31 06:00:00,66.97,70.6,23.04,96.76,1.02
2021-10-31 07:00:00,253.07,281.88,24.24,92.03,1.49
2021-10-31 08:00:00,465.65,511.88,26.54,82.34,1.28
2021-10-31 09:00:00,665.25,711.97,29.2,69.98,1.01
2021-10-31 10:00:00,798.22,854.88,30.83,63.92,0.8
2021-10-31 11:00:00,813.7,908.85,31.76,60.49,1.14
2021-10-31 12:00:00,786.15,864.3,32.32,57.92,1.46
2021-10-31 13:00:00,674.25,763.9,32.55,56.31,1.71
2021-10-31 14:00:00,501.45,595.53,32.36,56.18,1.84
2021-10-31 15:00:00,295.9,372.2,31.88,57.37,1.82
2021-10-31 16:00:00,141.27,154.9,31.09,62.95,1.34
2021-10-31 17:00:00,15.15,14.02,29.2,75.22,0.94
2021-10-31 18:00:00,0.0,0.0,27.85,77.68,0.77
2021-10-31 19:00:00,0.0,0.0,27.88,75.02,0.65
2021-10-31 20:00:00,0.0,0.0,28.12,71.1,0.35
2021-10-31 21:00:00,0.0,0.0,27.89,70.88,0.2
2021-10-31 22:00:00,0.0,0.0,26.7,78.06,0.68
2021-10-31 23:00:00,0.0,0.0,25.42,85.81,0.83
2021-11-01 00:00:00,0.0,0.0,24.68,88.94,0.94
2021-11-01 01:00:00,0.0,0.0,24.22,90.51,1.11
2021-11-01 02:00:00,0.0,0.0,23.84,92.36,1.22
2021-11-01 03:00:00,0.0,0.0,23.51,94.43,1.23
2021-11-01 04:00:00,0.0,0.0,23.21,96.39,1.17
2021-11-01 05:00:00,0.0,0.0,22.92,98.19,1.05
2021-11-01 06:00:00,61.95,66.12,23.24,96.93,1.26
2021-11-01 07:00:00,240.57,264.8,24.65,90.94,1.94
2021-11-01 08:00:00,440.52,490.67,26.73,81.19,2.37
2021-11-01 09:00:00,636.17,684.3,28.76,72.25,2.62
2021-11-01 10:00:00,732.38,824.78,30.16,66.88,2.27
2021-11-01 11:00:00,791.65,887.9,30.99,63.81,1.71
2021-11-01 12:00:00,764.3,881.08,31.54,61.32,1.08
2021-11-01 13:00:00,699.4,789.95,31.71,59.25,0.47
2021-11-01 14:00:00,535.85,624.83,31.72,57.92,0.18
2021-11-01 15:00:00,331.85,411.92,31.43,57.96,0.56
2021-11-01 16:00:00,149.77,180.48,30.86,61.74,0.67
2021-11-01 17:00:00,14.57,15.68,29.68,69.07,0.69
2021-11-01 18:00:00,0.0,0.0,27.99,77.11,0.7
2021-11-01 19:00:00,0.0,0.0,26.97,81.46,0.79
2021-11-01 20:00:00,0.0,0.0,26.22,83.9,0.84
2021-11-01 21:00:00,0.0,0.0,25.62,85.61,0.87
2021-11-01 22:00:00,0.0,0.0,25.11,87.06,0.9
2021-11-01 23:00:00,0.0,0.0,24.65,88.4,0.93
2021-11-02 00:00:00,0.0,0.0,24.21,89.67,0.96
2021-11-02 01:00:00,0.0,0.0,23.81,90.85,1.02
2021-11-02 02:00:00,0.0,0.0,23.44,92.11,1.06
2021-11-02 03:00:00,0.0,0.0,23.1,93.34,1.07
2021-11-02 04:00:00,0.0,0.0,22.73,94.84,1.04
2021-11-02 05:00:00,0.0,0.0,22.37,96.47,0.94
2021-11-02 06:00:00,71.82,73.82,22.72,95.99,1.14
2021-11-02 07:00:00,275.25,291.52,24.28,90.91,1.54
2021-11-02 08:00:00,495.35,524.33,27.43,76.27,1.66
2021-11-02 09:00:00,651.9,720.65,29.71,66.38,1.28
2021-11-02 10:00:00,802.67,853.3,31.03,61.28,1.03
2021-11-02 11:00:00,831.55,908.5,31.87,57.91,1.28
2021-11-02 12:00:00,734.3,828.6,32.35,55.53,1.55
2021-11-02 13:00:00,658.45,734.78,32.49,54.34,1.71
2021-11-02 14:00:00,516.75,574.72,32.32,54.12,1.76
2021-11-02 15:00:00,315.88,354.75,31.85,55.14,1.68
2021-11-02 16:00:00,145.0,148.3,31.12,59.62,1.2
2021-11-02 17:00:00,13.27,13.07,29.58,69.97,0.89
2021-11-02 18:00:00,0.0,0.0,28.36,73.31,0.7
2021-11-02 19:00:00,0.0,0.0,28.11,71.93,0.64
2021-11-02 20:00:00,0.0,0.0,28.02,69.45,0.56
2021-11-02 21:00:00,0.0,0.0,27.59,69.97,0.54
2021-11-02 22:00:00,0.0,0.0,26.75,74.52,0.62
2021-11-02 23:00:00,0.0,0.0,25.94,78.92,0.74
2021-11-03 00:00:00,0.0,0.0,25.02,84.04,0.79
2021-11-03 01:00:00,0.0,0.0,24.25,87.89,0.82
2021-11-03 02:00:00,0.0,0.0,23.71,90.21,0.87
2021-11-03 03:00:00,0.0,0.0,23.28,92.23,0.93
2021-11-03 04:00:00,0.0,0.0,22.92,94.33,0.95
2021-11-03 05:00:00,0.0,0.0,22.6,96.46,0.92
2021-11-03 06:00:00,59.22,60.83,22.9,96.63,1.13
2021-11-03 07:00:00,231.4,253.45,24.41,91.41,1.56
2021-11-03 08:00:00,432.0,477.12,27.0,78.44,1.68
2021-11-03 09:00:00,664.45,677.3,29.34,67.35,1.14
2021-11-03 10:00:00,808.83,814.78,30.97,60.14,0.74
2021-11-03 11:00:00,867.17,870.3,32.04,56.03,1.34
2021-11-03 12:00:00,856.1,856.38,32.61,53.68,1.63
2021-11-03 13:00:00,756.53,757.17,32.82,52.34,1.71
2021-11-03 14:00:00,587.85,588.12,32.72,52.04,1.67
2021-11-03 15:00:00,373.05,373.5,32.31,52.89,1.55
2021-11-03 16:00:00,172.7,172.93,31.65,57.08,1.11
2021-11-03 17:00:00,13.8,13.8,30.03,66.96,0.84
2021-11-03 18:00:00,0.0,0.0,28.96,68.36,0.61
2021-11-03 19:00:00,0.0,0.0,28.96,65.12,0.48
2021-11-03 20:00:00,0.0,0.0,28.74,64.53,0.31
2021-11-03 21:00:00,0.0,0.0,28.37,65.58,0.3
2021-11-03 22:00:00,0.0,0.0,27.65,68.67,0.52
2021-11-03 23:00:00,0.0,0.0,26.47,74.88,0.69
2021-11-04 00:00:00,0.0,0.0,25.38,81.08,0.79
2021-11-04 01:00:00,0.0,0.0,24.42,86.37,0.81
2021-11-04 02:00:00,0.0,0.0,23.76,89.77,0.81
2021-11-04 03:00:00,0.0,0.0,23.3,92.29,0.82
2021-11-04 04:00:00,0.0,0.0,22.93,94.73,0.8
2021-11-04 05:00:00,0.0,0.0,22.63,97.32,0.75
2021-11-04 06:00:00,69.7,69.75,23.07,97.04,0.89
2021-11-04 07:00:00,266.3,266.45,24.89,89.73,1.4
2021-11-04 08:00:00,491.85,492.02,27.48,76.78,1.46
2021-11-04 09:00:00,689.4,689.55,29.54,67.65,1.08
2021-11-04 10:00:00,827.1,827.25,30.95,61.71,0.8
2021-11-04 11:00:00,877.28,888.33,31.82,58.07,1.08
2021-11-04 12:00:00,860.2,861.3,32.26,56.1,1.26
2021-11-04 13:00:00,761.72,763.65,32.31,55.45,1.31
2021-11-04 14:00:00,585.17,593.12,32.2,55.41,1.27
2021-11-04 15:00:00,371.17,380.42,31.87,56.47,1.14
2021-11-04 16:00:00,159.75,160.73,31.46,60.14,0.81
2021-11-04 17:00:00,13.27,13.35,30.28,67.0,0.67
2021-11-04 18:00:00,0.0,0.0,29.53,66.52,0.5
2021-11-04 19:00:00,0.0,0.0,28.77,70.07,0.6
2021-11-04 20:00:00,0.0,0.0,27.86,74.67,0.74
2021-11-04 21:00:00,0.0,0.0,26.94,79.39,0.81
2021-11-04 22:00:00,0.0,0.0,26.12,83.17,0.84
2021-11-04 23:00:00,0.0,0.0,25.51,85.34,0.86
2021-11-05 00:00:00,0.0,0.0,25.03,86.92,0.87
2021-11-05 01:00:00,0.0,0.0,24.64,88.52,0.87
2021-11-05 02:00:00,0.0,0.0,24.31,90.2,0.86
2021-11-05 03:00:00,0.0,0.0,24.0,91.84,0.82
2021-11-05 04:00:00,0.0,0.0,23.68,93.56,0.78
2021-11-05 05:00:00,0.0,0.0,23.37,95.05,0.74
2021-11-05 06:00:00,67.88,68.03,23.69,95.26,0.83
2021-11-05 07:00:00,259.3,260.0,25.13,89.84,1.44
2021-11-05 08:00:00,485.08,486.5,27.35,79.36,1.34
2021-11-05 09:00:00,677.47,678.97,29.26,69.8,1.1
2021-11-05 10:00:00,818.92,819.92,30.28,65.61,0.85
2021-11-05 11:00:00,875.9,876.08,30.82,63.47,1.0
2021-11-05 12:00:00,845.6,845.88,30.98,62.85,1.2
2021-11-05 13:00:00,723.25,744.62,30.79,63.48,1.33
2021-11-05 14:00:00,567.55,580.05,30.39,65.12,1.38
2021-11-05 15:00:00,309.95,369.12,29.85,68.2,1.33
2021-11-05 16:00:00,120.82,153.05,29.12,74.0,1.12
2021-11-05 17:00:00,9.35,12.75,27.61,84.61,0.82
2021-11-05 18:00:00,0.0,0.0,26.3,88.69,0.82
2021-11-05 19:00:00,0.0,0.0,25.8,89.77,0.91
2021-11-05 20:00:00,0.0,0.0,25.38,90.92,0.95
2021-11-05 21:00:00,0.0,0.0,25.03,92.02,0.9
2021-11-05 22:00:00,0.0,0.0,24.73,93.02,0.83
2021-11-05 23:00:00,0.0,0.0,24.55,93.74,0.77
2021-11-06 00:00:00,0.0,0.0,24.41,94.31,0.75
2021-11-06 01:00:00,0.0,0.0,24.26,94.94,0.71
2021-11-06 02:00:00,0.0,0.0,24.11,95.6,0.68
2021-11-06 03:00:00,0.0,0.0,23.94,96.24,0.65
2021-11-06 04:00:00,0.0,0.0,23.76,96.92,0.62
2021-11-06 05:00:00,0.0,0.0,23.58,97.54,0.59
2021-11-06 06:00:00,55.05,56.88,23.8,97.22,0.67
2021-11-06 07:00:00,218.43,241.27,24.76,92.88,1.31
2021-11-06 08:00:00,420.0,460.35,26.24,85.98,1.43
2021-11-06 09:00:00,618.28,654.9,27.86,78.15,1.42
2021-11-06 10:00:00,758.85,794.75,29.16,72.11,1.14
2021-11-06 11:00:00,801.7,854.08,29.94,68.86,1.0
2021-11-06 12:00:00,864.47,873.25,30.3,67.22,0.99
2021-11-06 13:00:00,748.78,775.75,30.43,66.37,1.01
2021-11-06 14:00:00,584.85,611.72,30.39,66.09,0.99
2021-11-06 15:00:00,380.55,397.17,30.28,66.46,0.92
2021-11-06 16:00:00,164.75,168.15,30.0,69.43,0.71
2021-11-06 17:00:00,13.93,13.93,29.2,72.7,0.42
2021-11-06 18:00:00,0.0,0.0,28.16,75.39,0.34
2021-11-06 19:00:00,0.0,0.0,27.21,80.44,0.6
2021-11-06 20:00:00,0.0,0.0,26.32,84.7,0.79
2021-11-06 21:00:00,0.0,0.0,25.63,87.79,0.86
2021-11-06 22:00:00,0.0,0.0,25.13,89.92,0.87
2021-11-06 23:00:00,0.0,0.0,24.76,90.97,0.84
2021-11-07 00:00:00,0.0,0.0,24.42,91.81,0.79
2021-11-07 01:00:00,0.0,0.0,24.1,92.51,0.76
2021-11-07 02:00:00,0.0,0.0,23.77,93.28,0.75
2021-11-07 03:00:00,0.0,0.0,23.39,94.63,0.75
2021-11-07 04:00:00,0.0,0.0,23.01,96.48,0.73
2021-11-07 05:00:00,0.0,0.0,22.67,98.21,0.73
2021-11-07 06:00:00,65.25,65.65,23.07,97.03,0.85
2021-11-07 07:00:00,274.92,278.4,25.0,88.98,1.42
2021-11-07 08:00:00,503.73,508.95,28.14,74.2,1.4
2021-11-07 09:00:00,698.35,703.65,30.13,66.07,1.02
2021-11-07 10:00:00,768.65,835.15,31.56,59.95,0.26
2021-11-07 11:00:00,887.6,893.12,32.73,54.23,0.9
2021-11-07 12:00:00,845.25,876.85,33.38,51.15,1.44
2021-11-07 13:00:00,717.6,779.78,33.61,49.7,1.75
2021-11-07 14:00:00,606.35,615.28,33.46,49.52,1.85
2021-11-07 15:00:00,394.55,400.83,32.99,50.58,1.71
2021-11-07 16:00:00,170.4,171.35,32.13,55.58,1.24
2021-11-07 17:00:00,14.02,14.05,30.3,67.33,0.91
2021-11-07 18:00:00,0.0,0.0,28.5,75.11,0.78
2021-11-07 19:00:00,0.0,0.0,27.7,77.54,0.83
2021-11-07 20:00:00,0.0,0.0,26.97,79.62,0.89
2021-11-07 21:00:00,0.0,0.0,26.21,81.3,0.98
2021-11-07 22:00:00,0.0,0.0,25.62,82.8,1.09
2021-11-07 23:00:00,0.0,0.0,25.13,84.17,1.24
2021-11-08 00:00:00,0.0,0.0,24.71,85.76,1.37
2021-11-08 01:00:00,0.0,0.0,24.33,87.8,1.46
2021-11-08 02:00:00,0.0,0.0,24.0,90.2,1.5
2021-11-08 03:00:00,0.0,0.0,23.69,92.64,1.47
2021-11-08 04:00:00,0.0,0.0,23.41,94.67,1.39
2021-11-08 05:00:00,0.0,0.0,23.2,96.03,1.23
2021-11-08 06:00:00,63.05,64.4,23.47,95.13,1.48
2021-11-08 07:00:00,262.15,271.05,25.0,88.47,2.0
2021-11-08 08:00:00,485.75,499.05,27.78,73.96,2.6
2021-11-08 09:00:00,685.42,691.5,29.91,65.23,2.46
2021-11-08 10:00:00,685.6,828.7,31.35,60.4,1.8
2021-11-08 11:00:00,772.88,885.3,32.15,57.58,1.22
2021-11-08 12:00:00,818.5,838.3,32.61,55.7,1.01
2021-11-08 13:00:00,602.85,742.55,32.65,54.93,1.12
2021-11-08 14:00:00,486.5,579.83,32.44,55.2,1.22
2021-11-08 15:00:00,323.73,371.45,32.02,56.52,1.21
2021-11-08 16:00:00,145.0,154.48,31.28,61.41,0.99
2021-11-08 17:00:00,12.48,12.8,29.78,71.57,0.84
2021-11-08 18:00:00,0.0,0.0,27.87,81.47,0.77
2021-11-08 19:00:00,0.0,0.0,27.1,82.79,0.93
2021-11-08 20:00:00,0.0,0.0,26.54,83.6,1.07
2021-11-08 21:00:00,0.0,0.0,26.11,84.5,1.16
2021-11-08 22:00:00,0.0,0.0,25.74,85.46,1.24
2021-11-08 23:00:00,0.0,0.0,25.38,86.61,1.28
2021-11-09 00:00:00,0.0,0.0,25.09,87.53,1.33
2021-11-09 01:00:00,0.0,0.0,24.79,88.66,1.38
2021-11-09 02:00:00,0.0,0.0,24.49,89.92,1.38
2021-11-09 03:00:00,0.0,0.0,24.17,91.49,1.33
2021-11-09 04:00:00,0.0,0.0,23.82,93.09,1.25
2021-11-09 05:00:00,0.0,0.0,23.48,94.69,1.1
2021-11-09 06:00:00,62.58,62.83,23.72,94.19,1.34
2021-11-09 07:00:00,264.08,268.05,25.16,89.01,1.84
2021-11-09 08:00:00,490.9,497.8,27.94,76.54,1.7
2021-11-09 09:00:00,680.33,698.65,30.62,62.81,1.56
2021-11-09 10:00:00,822.65,831.58,31.97,57.68,1.04
2021-11-09 11:00:00,848.95,892.03,32.92,54.13,0.76
2021-11-09 12:00:00,815.45,861.85,33.35,52.28,0.85
2021-11-09 13:00:00,726.5,767.33,33.2,52.11,1.0
2021-11-09 14:00:00,574.22,602.92,32.83,52.91,1.1
2021-11-09 15:00:00,355.38,391.67,32.25,54.76,1.16
2021-11-09 16:00:00,148.52,166.8,31.49,59.88,0.95
2021-11-09 17:00:00,11.95,13.55,29.98,68.58,0.89
2021-11-09 18:00:00,0.0,0.0,28.18,81.82,0.72
2021-11-09 19:00:00,0.0,0.0,27.37,82.61,0.89
2021-11-09 20:00:00,0.0,0.0,26.76,83.34,1.06
2021-11-09 21:00:00,0.0,0.0,26.27,84.3,1.21
2021-11-09 22:00:00,0.0,0.0,25.84,85.53,1.33
2021-11-09 23:00:00,0.0,0.0,25.46,86.92,1.49
2021-11-10 00:00:00,0.0,0.0,25.12,88.61,1.63
2021-11-10 01:00:00,0.0,0.0,24.81,90.66,1.72
2021-11-10 02:00:00,0.0,0.0,24.53,92.86,1.71
2021-11-10 03:00:00,0.0,0.0,24.27,94.95,1.61
2021-11-10 04:00:00,0.0,0.0,24.01,96.72,1.43
2021-11-10 05:00:00,0.0,0.0,23.8,97.78,1.16
2021-11-10 06:00:00,52.03,63.83,24.03,96.87,1.25
2021-11-10 07:00:00,211.32,272.12,25.28,91.56,1.96
2021-11-10 08:00:00,403.17,499.05,26.91,82.94,2.36
2021-11-10 09:00:00,508.23,690.0,28.39,75.28,2.2
2021-11-10 10:00:00,744.53,826.2,29.3,71.01,1.83
2021-11-10 11:00:00,817.42,881.92,29.8,68.72,1.64
2021-11-10 12:00:00,770.17,851.9,30.01,67.74,1.58
2021-11-10 13:00:00,687.08,756.1,29.99,67.66,1.52
2021-11-10 14:00:00,534.97,594.17,29.81,68.27,1.46
2021-11-10 15:00:00,333.62,383.65,29.42,70.16,1.4
2021-11-10 16:00:00,137.5,161.65,28.8,75.6,1.08
2021-11-10 17:00:00,9.98,13.18,27.56,84.93,0.75
2021-11-10 18:00:00,0.0,0.0,26.49,88.5,0.7
2021-11-10 19:00:00,0.0,0.0,26.11,89.14,0.74
2021-11-10 20:00:00,0.0,0.0,25.8,89.75,0.73
2021-11-10 21:00:00,0.0,0.0,25.5,90.61,0.73
2021-11-10 22:00:00,0.0,0.0,25.17,91.56,0.77
2021-11-10 23:00:00,0.0,0.0,24.89,92.26,0.87
2021-11-11 00:00:00,0.0,0.0,24.64,92.75,0.96
2021-11-11 01:00:00,0.0,0.0,24.42,93.27,1.02
2021-11-11 02:00:00,0.0,0.0,24.15,93.98,1.04
2021-11-11 03:00:00,0.0,0.0,23.9,94.82,1.01
2021-11-11 04:00:00,0.0,0.0,23.67,95.63,0.94
2021-11-11 05:00:00,0.0,0.0,23.43,96.63,0.85
2021-11-11 06:00:00,56.38,62.0,23.67,96.19,0.98
2021-11-11 07:00:00,226.1,266.92,24.99,90.61,1.58
2021-11-11 08:00:00,417.5,492.15,27.21,80.07,1.53
2021-11-11 09:00:00,644.4,683.2,29.04,71.5,1.24
2021-11-11 10:00:00,795.28,817.72,30.38,65.28,0.47
2021-11-11 11:00:00,861.78,877.9,31.49,59.71,0.49
2021-11-11 12:00:00,735.78,826.25,32.02,56.91,1.07
2021-11-11 13:00:00,680.88,734.22,32.01,56.51,1.3
2021-11-11 14:00:00,511.2,575.3,31.78,57.16,1.33
2021-11-11 15:00:00,315.75,369.8,31.22,59.35,1.25
2021-11-11 16:00:00,140.57,154.8,30.51,65.06,0.95
2021-11-11 17:00:00,13.15,12.62,29.15,75.27,0.77
2021-11-11 18:00:00,0.0,0.0,27.7,81.81,0.73
2021-11-11 19:00:00,0.0,0.0,26.93,83.44,0.88
2021-11-11 20:00:00,0.0,0.0,26.33,84.61,1.01
2021-11-11 21:00:00,0.0,0.0,25.86,86.06,1.02
2021-11-11 22:00:00,0.0,0.0,25.52,87.55,0.89
2021-11-11 23:00:00,0.0,0.0,25.33,88.34,0.73
2021-11-12 00:00:00,0.0,0.0,25.38,86.94,0.57
2021-11-12 01:00:00,0.0,0.0,25.39,85.56,0.33
2021-11-12 02:00:00,0.0,0.0,24.93,87.5,0.34
2021-11-12 03:00:00,0.0,0.0,24.26,91.92,0.66
2021-11-12 04:00:00,0.0,0.0,23.95,93.75,0.81
2021-11-12 05:00:00,0.0,0.0,23.72,94.83,0.77
2021-11-12 06:00:00,54.78,63.65,23.81,94.9,0.82
2021-11-12 07:00:00,239.12,276.98,24.8,90.68,1.35
2021-11-12 08:00:00,438.73,504.88,26.39,83.46,1.42
2021-11-12 09:00:00,639.92,697.47,28.01,75.53,1.28
2021-11-12 10:00:00,782.8,829.0,29.21,69.65,1.0
2021-11-12 11:00:00,841.92,889.83,29.9,66.48,0.95
2021-11-12 12:00:00,882.1,895.38,30.27,64.78,1.03
2021-11-12 13:00:00,788.47,801.03,30.42,64.0,1.12
2021-11-12 14:00:00,622.2,639.33,30.28,64.3,1.19
2021-11-12 15:00:00,408.95,424.5,29.99,65.48,1.12
2021-11-12 16:00:00,181.85,187.65,29.5,70.24,0.79
2021-11-12 17:00:00,14.88,15.07,28.45,78.27,0.57
2021-11-12 18:00:00,0.0,0.0,27.78,77.77,0.56
2021-11-12 19:00:00,0.0,0.0,27.43,78.63,0.52
2021-11-12 20:00:00,0.0,0.0,27.01,79.24,0.56
2021-11-12 21:00:00,0.0,0.0,26.31,82.04,0.67
2021-11-12 22:00:00,0.0,0.0,25.53,85.6,0.75
2021-11-12 23:00:00,0.0,0.0,24.9,87.99,0.8
2021-11-13 00:00:00,0.0,0.0,24.45,89.27,0.89
2021-11-13 01:00:00,0.0,0.0,24.03,90.35,0.98
2021-11-13 02:00:00,0.0,0.0,23.67,91.45,1.04
2021-11-13 03:00:00,0.0,0.0,23.34,92.73,1.07
2021-11-13 04:00:00,0.0,0.0,22.96,94.24,1.01
2021-11-13 05:00:00,0.0,0.0,22.55,96.09,0.91
2021-11-13 06:00:00,65.7,65.95,22.86,95.65,0.99
2021-11-13 07:00:00,274.1,275.98,24.58,89.08,1.45
2021-11-13 08:00:00,500.55,504.65,27.76,74.46,1.15
2021-11-13 09:00:00,697.12,697.9,30.24,62.89,0.71
2021-11-13 10:00:00,772.17,832.0,31.87,54.6,0.23
2021-11-13 11:00:00,837.83,891.1,33.0,49.79,0.77
2021-11-13 12:00:00,749.92,825.17,33.54,47.99,1.08
2021-11-13 13:00:00,690.5,744.55,33.68,47.33,1.28
2021-11-13 14:00:00,491.58,584.58,33.41,47.54,1.4
2021-11-13 15:00:00,335.3,379.42,32.79,48.78,1.38
2021-11-13 16:00:00,149.7,159.95,31.86,53.8,1.07
2021-11-13 17:00:00,12.48,12.73,30.24,64.46,0.85
2021-11-13 18:00:00,0.0,0.0,28.53,72.95,0.74
2021-11-13 19:00:00,0.0,0.0,27.68,75.62,0.78
2021-11-13 20:00:00,0.0,0.0,26.87,78.15,0.82
2021-11-13 21:00:00,0.0,0.0,26.02,80.53,0.88
2021-11-13 22:00:00,0.0,0.0,25.3,82.93,0.93
2021-11-13 23:00:00,0.0,0.0,24.72,84.83,0.98
2021-11-14 00:00:00,0.0,0.0,24.23,86.54,1.03
2021-11-14 01:00:00,0.0,0.0,23.81,88.13,1.08
2021-11-14 02:00:00,0.0,0.0,23.43,89.81,1.13
2021-11-14 03:00:00,0.0,0.0,23.08,91.54,1.15
2021-11-14 04:00:00,0.0,0.0,22.72,93.69,1.14
2021-11-14 05:00:00,0.0,0.0,22.36,96.1,1.09
2021-11-14 06:00:00,56.8,59.35,22.67,95.92,1.35
2021-11-14 07:00:00,248.3,263.1,24.26,90.73,1.84
2021-11-14 08:00:00,475.85,493.2,27.18,76.63,1.53
2021-11-14 09:00:00,677.8,690.55,29.68,63.78,1.13
2021-11-14 10:00:00,815.35,830.4,30.99,58.01,0.85
2021-11-14 11:00:00,871.45,893.75,31.85,54.82,1.33
2021-11-14 12:00:00,871.55,879.78,32.37,53.03,1.65
2021-11-14 13:00:00,735.6,789.2,32.54,52.12,1.77
2021-11-14 14:00:00,562.17,626.92,32.44,52.0,1.73
2021-11-14 15:00:00,362.65,413.85,32.05,52.86,1.59
2021-11-14 16:00:00,161.5,180.25,31.27,57.39,1.23
2021-11-14 17:00:00,13.02,14.2,29.72,68.39,0.83
2021-11-14 18:00:00,0.0,0.0,27.98,75.73,0.71
2021-11-14 19:00:00,0.0,0.0,27.19,79.25,0.72
2021-11-14 20:00:00,0.0,0.0,26.56,81.34,0.74
2021-11-14 21:00:00,0.0,0.0,26.03,82.82,0.78
2021-11-14 22:00:00,0.0,0.0,25.6,84.22,0.81
2021-11-14 23:00:00,0.0,0.0,25.11,86.12,0.85
2021-11-15 00:00:00,0.0,0.0,24.69,87.95,0.92
2021-11-15 01:00:00,0.0,0.0,24.41,89.53,0.98
2021-11-15 02:00:00,0.0,0.0,24.22,90.93,1.02
2021-11-15 03:00:00,0.0,0.0,24.01,92.38,1.03
2021-11-15 04:00:00,0.0,0.0,23.78,93.73,1.02
2021-11-15 05:00:00,0.0,0.0,23.54,95.15,0.99
2021-11-15 06:00:00,56.4,64.72,23.65,95.44,1.09
2021-11-15 07:00:00,244.12,282.77,24.76,90.62,1.75
2021-11-15 08:00:00,445.17,510.2,26.46,82.88,1.53
2021-11-15 09:00:00,609.6,700.62,28.48,72.85,1.42
2021-11-15 10:00:00,709.17,831.2,29.92,65.98,0.8
2021-11-15 11:00:00,779.53,888.17,31.02,60.59,0.11
2021-11-15 12:00:00,771.97,876.28,31.83,56.29,0.74
2021-11-15 13:00:00,647.6,780.42,32.28,54.24,1.04
2021-11-15 14:00:00,449.85,618.1,32.51,53.13,1.19
2021-11-15 15:00:00,247.8,405.4,32.33,53.09,1.29
2021-11-15 16:00:00,101.95,173.6,31.63,57.15,1.08
2021-11-15 17:00:00,9.3,13.75,30.13,66.25,0.77
2021-11-15 18:00:00,0.0,0.0,29.17,66.0,0.59
2021-11-15 19:00:00,0.0,0.0,28.99,64.51,0.53
2021-11-15 20:00:00,0.0,0.0,28.5,66.2,0.55
2021-11-15 21:00:00,0.0,0.0,27.82,68.46,0.64
2021-11-15 22:00:00,0.0,0.0,26.95,72.37,0.79
2021-11-15 23:00:00,0.0,0.0,26.03,76.54,0.91
2021-11-16 00:00:00,0.0,0.0,25.11,80.77,0.94
2021-11-16 01:00:00,0.0,0.0,24.39,83.8,0.95
2021-11-16 02:00:00,0.0,0.0,23.83,86.08,0.95
2021-11-16 03:00:00,0.0,0.0,23.41,88.05,0.89
2021-11-16 04:00:00,0.0,0.0,23.09,89.64,0.8
2021-11-16 05:00:00,0.0,0.0,22.9,90.47,0.73
2021-11-16 06:00:00,56.55,58.88,23.12,91.9,0.64
2021-11-16 07:00:00,238.0,263.45,24.67,86.76,0.9
2021-11-16 08:00:00,451.05,489.42,27.58,73.21,1.05
2021-11-16 09:00:00,632.53,686.67,30.4,59.92,0.9
2021-11-16 10:00:00,770.65,825.8,32.05,53.33,0.73
2021-11-16 11:00:00,807.4,888.75,33.17,48.94,0.78
2021-11-16 12:00:00,756.6,868.78,33.91,45.88,1.05
2021-11-16 13:00:00,689.83,771.58,34.22,44.15,1.34
2021-11-16 14:00:00,535.0,612.22,34.02,44.07,1.45
2021-11-16 15:00:00,337.25,400.25,33.35,46.3,1.36
2021-11-16 16:00:00,143.65,169.85,32.41,49.82,1.11
2021-11-16 17:00:00,12.85,13.3,30.0,67.38,0.81
2021-11-16 18:00:00,0.0,0.0,28.08,73.65,0.89
2021-11-16 19:00:00,0.0,0.0,27.15,76.38,1.11
2021-11-16 20:00:00,0.0,0.0,26.49,79.3,1.42
2021-11-16 21:00:00,0.0,0.0,26.02,82.52,1.73
2021-11-16 22:00:00,0.0,0.0,25.62,85.53,1.95
2021-11-16 23:00:00,0.0,0.0,25.3,87.83,2.06
2021-11-17 00:00:00,0.0,0.0,24.98,89.82,2.03
2021-11-17 01:00:00,0.0,0.0,24.66,91.65,1.94
2021-11-17 02:00:00,0.0,0.0,24.33,93.44,1.76
2021-11-17 03:00:00,0.0,0.0,24.01,95.07,1.63
2021-11-17 04:00:00,0.0,0.0,23.67,96.78,1.43
2021-11-17 05:00:00,0.0,0.0,23.36,98.26,1.22
2021-11-17 06:00:00,52.4,55.42,23.57,97.02,1.37
2021-11-17 07:00:00,236.85,255.5,25.0,91.23,1.87
2021-11-17 08:00:00,457.42,482.88,27.67,77.78,2.3
2021-11-17 09:00:00,646.8,677.5,29.95,66.59,2.02
2021-11-17 10:00:00,781.5,814.78,31.59,59.24,1.25
2021-11-17 11:00:00,847.1,873.6,32.71,54.28,0.64
2021-11-17 12:00:00,826.72,851.42,33.44,50.83,0.81
2021-11-17 13:00:00,717.65,753.58,33.59,49.11,1.19
2021-11-17 14:00:00,575.03,595.1,33.27,48.88,1.41
2021-11-17 15:00:00,371.23,386.88,32.82,49.72,1.45
2021-11-17 16:00:00,160.5,164.4,31.99,54.08,1.21
2021-11-17 17:00:00,12.82,12.77,30.3,66.16,0.88
2021-11-17 18:00:00,0.0,0.0,28.5,74.82,0.79
2021-11-17 19:00:00,0.0,0.0,27.61,76.48,0.88
2021-11-17 20:00:00,0.0,0.0,26.79,78.66,0.95
2021-11-17 21:00:00,0.0,0.0,26.16,81.03,0.99
2021-11-17 22:00:00,0.0,0.0,25.62,83.43,1.03
2021-11-17 23:00:00,0.0,0.0,25.16,85.82,1.07
2021-11-18 00:00:00,0.0,0.0,24.8,87.99,1.11
2021-11-18 01:00:00,0.0,0.0,24.51,89.9,1.15
2021-11-18 02:00:00,0.0,0.0,24.24,91.85,1.12
2021-11-18 03:00:00,0.0,0.0,24.24,92.67,1.04
2021-11-18 04:00:00,0.0,0.0,24.14,93.52,0.87
2021-11-18 05:00:00,0.0,0.0,23.89,94.83,0.69
2021-11-18 06:00:00,54.67,56.28,24.0,94.73,0.73
2021-11-18 07:00:00,252.0,263.08,25.04,90.1,0.84
2021-11-18 08:00:00,475.27,491.65,27.44,76.7,0.48
2021-11-18 09:00:00,675.2,687.47,29.7,64.18,0.62
2021-11-18 10:00:00,797.15,821.55,30.92,58.96,1.31
2021-11-18 11:00:00,861.47,881.92,31.63,56.5,1.65
2021-11-18 12:00:00,830.53,860.55,32.04,55.03,1.79
2021-11-18 13:00:00,747.6,764.83,32.34,53.97,1.83
2021-11-18 14:00:00,597.33,603.97,32.31,53.67,1.78
2021-11-18 15:00:00,384.2,392.27,32.06,54.17,1.64
2021-11-18 16:00:00,173.52,175.73,31.35,57.73,1.28
2021-11-18 17:00:00,13.27,13.32,29.97,68.02,0.75
2021-11-18 18:00:00,0.0,0.0,28.87,69.85,0.59
2021-11-18 19:00:00,0.0,0.0,28.39,70.33,0.56
2021-11-18 20:00:00,0.0,0.0,27.73,73.0,0.6
2021-11-18 21:00:00,0.0,0.0,27.08,75.45,0.71
2021-11-18 22:00:00,0.0,0.0,26.34,78.47,0.81
2021-11-18 23:00:00,0.0,0.0,25.69,81.13,0.85
2021-11-19 00:00:00,0.0,0.0,25.29,82.85,0.83
2021-11-19 01:00:00,0.0,0.0,25.12,82.87,0.78
2021-11-19 02:00:00,0.0,0.0,25.1,81.18,0.66
2021-11-19 03:00:00,0.0,0.0,25.02,81.13,0.33
2021-11-19 04:00:00,0.0,0.0,24.47,84.53,0.08
2021-11-19 05:00:00,0.0,0.0,23.68,89.17,0.36
2021-11-19 06:00:00,55.3,57.0,23.5,92.04,0.48
2021-11-19 07:00:00,257.9,265.98,25.13,84.61,0.82
2021-11-19 08:00:00,490.67,496.62,28.34,69.07,0.97
2021-11-19 09:00:00,690.1,692.3,30.89,59.29,1.58
2021-11-19 10:00:00,829.35,830.83,32.47,53.93,2.03
2021-11-19 11:00:00,890.45,891.92,33.71,49.29,2.5
2021-11-19 12:00:00,877.28,879.45,34.55,45.86,2.87
2021-11-19 13:00:00,784.45,786.45,34.92,43.89,3.06
2021-11-19 14:00:00,625.9,627.7,34.83,43.12,3.11
2021-11-19 15:00:00,412.0,415.05,34.25,43.92,3.06
2021-11-19 16:00:00,186.48,187.9,32.91,49.9,2.4
2021-11-19 17:00:00,14.55,14.6,29.88,67.39,1.29
2021-11-19 18:00:00,0.0,0.0,27.86,71.93,1.07
2021-11-19 19:00:00,0.0,0.0,27.26,72.78,1.02
2021-11-19 20:00:00,0.0,0.0,26.87,72.07,1.01
2021-11-19 21:00:00,0.0,0.0,26.39,71.84,1.03
2021-11-19 22:00:00,0.0,0.0,25.53,74.0,1.03
2021-11-19 23:00:00,0.0,0.0,24.52,77.34,1.04
2021-11-20 00:00:00,0.0,0.0,23.59,81.01,1.0
2021-11-20 01:00:00,0.0,0.0,22.84,84.45,0.89
2021-11-20 02:00:00,0.0,0.0,22.19,87.66,0.77
2021-11-20 03:00:00,0.0,0.0,21.6,90.89,0.72
2021-11-20 04:00:00,0.0,0.0,21.11,93.58,0.73
2021-11-20 05:00:00,0.0,0.0,20.68,95.43,0.73
2021-11-20 06:00:00,64.72,64.93,20.98,94.05,0.85
2021-11-20 07:00:00,282.2,283.65,23.09,83.78,1.5
2021-11-20 08:00:00,521.22,524.05,26.04,70.99,1.17
2021-11-20 09:00:00,720.3,722.28,29.48,55.59,1.36
2021-11-20 10:00:00,857.8,858.78,32.53,42.31,2.16
2021-11-20 11:00:00,922.65,922.65,33.96,37.51,2.59
2021-11-20 12:00:00,895.05,895.25,34.85,34.03,2.96
2021-11-20 13:00:00,800.97,801.4,35.14,32.24,3.19
2021-11-20 14:00:00,636.12,636.33,34.9,31.93,3.18
2021-11-20 15:00:00,417.75,418.2,34.08,33.72,2.94
2021-11-20 16:00:00,186.52,186.95,32.45,41.8,2.05
2021-11-20 17:00:00,14.77,14.77,28.73,60.92,1.24
2021-11-20 18:00:00,0.0,0.0,26.29,64.81,1.2
2021-11-20 19:00:00,0.0,0.0,25.31,66.49,1.23
2021-11-20 20:00:00,0.0,0.0,24.5,67.83,1.23
2021-11-20 21:00:00,0.0,0.0,23.81,69.01,1.21
2021-11-20 22:00:00,0.0,0.0,23.24,69.94,1.17
2021-11-20 23:00:00,0.0,0.0,22.73,70.96,1.13
2021-11-21 00:00:00,0.0,0.0,22.11,72.89,1.11
2021-11-21 01:00:00,0.0,0.0,21.27,76.32,1.07
2021-11-21 02:00:00,0.0,0.0,20.4,80.23,1.07
2021-11-21 03:00:00,0.0,0.0,19.72,83.34,1.1
2021-11-21 04:00:00,0.0,0.0,19.18,86.02,1.11
2021-11-21 05:00:00,0.0,0.0,18.75,88.05,1.07
2021-11-21 06:00:00,55.65,57.65,19.07,88.0,1.13
2021-11-21 07:00:00,262.6,272.88,21.54,76.94,2.24
2021-11-21 08:00:00,496.0,506.58,24.51,67.73,1.97
2021-11-21 09:00:00,697.4,703.2,28.4,52.59,2.35
2021-11-21 10:00:00,841.75,841.95,31.67,40.75,2.62
2021-11-21 11:00:00,904.8,905.25,33.23,36.36,2.55
2021-11-21 12:00:00,898.85,899.8,34.12,33.95,2.52
2021-11-21 13:00:00,798.92,805.6,34.48,32.68,2.53
2021-11-21 14:00:00,631.1,644.97,34.3,32.49,2.48
2021-11-21 15:00:00,419.92,431.55,33.62,33.68,2.31
2021-11-21 16:00:00,189.2,192.2,32.38,39.24,1.6
2021-11-21 17:00:00,15.05,15.32,29.33,55.34,1.04
2021-11-21 18:00:00,0.0,0.0,27.58,55.99,0.97
2021-11-21 19:00:00,0.0,0.0,27.16,54.95,0.9
2021-11-21 20:00:00,0.0,0.0,26.77,54.43,0.79
2021-11-21 21:00:00,0.0,0.0,26.83,51.32,0.73
2021-11-21 22:00:00,0.0,0.0,26.08,53.78,0.78
2021-11-21 23:00:00,0.0,0.0,24.84,59.78,0.89
2021-11-22 00:00:00,0.0,0.0,23.92,64.73,0.98
2021-11-22 01:00:00,0.0,0.0,23.19,69.45,0.95
2021-11-22 02:00:00,0.0,0.0,22.83,72.64,0.86
2021-11-22 03:00:00,0.0,0.0,22.56,75.84,0.64
2021-11-22 04:00:00,0.0,0.0,22.58,76.68,0.38
2021-11-22 05:00:00,0.0,0.0,22.0,79.83,0.34
2021-11-22 06:00:00,59.75,59.95,21.3,84.82,0.59
2021-11-22 07:00:00,269.92,271.27,22.74,76.96,1.39
2021-11-22 08:00:00,497.45,499.95,25.04,71.03,1.11
2021-11-22 09:00:00,688.83,692.1,28.94,59.92,0.97
2021-11-22 10:00:00,823.28,829.38,31.5,48.71,0.68
2021-11-22 11:00:00,874.5,890.53,32.94,41.93,1.42
2021-11-22 12:00:00,859.58,860.2,33.74,38.24,1.95
2021-11-22 13:00:00,748.78,767.75,34.03,36.15,2.24
2021-11-22 14:00:00,581.1,608.97,33.85,35.63,2.31
2021-11-22 15:00:00,345.15,400.75,33.21,36.4,2.26
2021-11-22 16:00:00,159.98,175.25,31.98,42.05,1.66
2021-11-22 17:00:00,13.12,13.9,28.89,59.77,1.04
2021-11-22 18:00:00,0.0,0.0,27.02,61.35,1.05
2021-11-22 19:00:00,0.0,0.0,26.54,60.76,1.02
2021-11-22 20:00:00,0.0,0.0,26.3,59.41,0.98
2021-11-22 21:00:00,0.0,0.0,26.14,58.32,0.89
2021-11-22 22:00:00,0.0,0.0,26.28,55.77,0.78
2021-11-22 23:00:00,0.0,0.0,26.01,55.94,0.73
2021-11-23 00:00:00,0.0,0.0,25.21,59.63,0.73
2021-11-23 01:00:00,0.0,0.0,24.55,62.4,0.72
2021-11-23 02:00:00,0.0,0.0,23.96,64.78,0.64
2021-11-23 03:00:00,0.0,0.0,23.46,66.97,0.6
2021-11-23 04:00:00,0.0,0.0,22.46,71.93,0.65
2021-11-23 05:00:00,0.0,0.0,21.35,77.19,0.8
2021-11-23 06:00:00,49.8,50.47,20.84,82.45,0.75
2021-11-23 07:00:00,241.3,249.7,22.91,71.58,1.46
2021-11-23 08:00:00,454.85,474.38,25.28,64.08,1.16
2021-11-23 09:00:00,658.8,668.05,28.86,52.82,1.06
2021-11-23 10:00:00,799.25,808.28,31.89,43.2,1.47
2021-11-23 11:00:00,863.03,871.85,33.33,40.08,1.8
2021-11-23 12:00:00,852.45,863.2,34.12,38.46,2.09
2021-11-23 13:00:00,736.7,770.78,34.46,37.85,2.32
2021-11-23 14:00:00,575.12,610.78,34.33,38.07,2.4
2021-11-23 15:00:00,369.08,401.38,33.71,39.7,2.32
2021-11-23 16:00:00,160.32,173.93,32.49,46.05,1.63
2021-11-23 17:00:00,13.65,13.93,29.73,63.2,1.03
2021-11-23 18:00:00,0.0,0.0,28.02,66.68,0.94
2021-11-23 19:00:00,0.0,0.0,27.42,68.04,0.94
2021-11-23 20:00:00,0.0,0.0,26.94,68.97,0.92
2021-11-23 21:00:00,0.0,0.0,26.76,67.98,0.9
2021-11-23 22:00:00,0.0,0.0,26.74,65.9,0.83
2021-11-23 23:00:00,0.0,0.0,26.32,66.33,0.74
2021-11-24 00:00:00,0.0,0.0,25.33,70.29,0.79
2021-11-24 01:00:00,0.0,0.0,24.1,75.19,0.89
2021-11-24 02:00:00,0.0,0.0,22.94,80.05,0.93
2021-11-24 03:00:00,0.0,0.0,22.15,83.39,0.94
2021-11-24 04:00:00,0.0,0.0,21.6,85.84,0.95
2021-11-24 05:00:00,0.0,0.0,21.15,88.03,0.93
2021-11-24 06:00:00,54.4,55.78,21.43,88.73,0.99
2021-11-24 07:00:00,258.65,270.2,23.76,79.0,1.85
2021-11-24 08:00:00,483.5,499.6,26.74,68.58,1.57
2021-11-24 09:00:00,667.62,692.2,30.47,53.18,1.83
2021-11-24 10:00:00,811.95,827.53,32.79,45.55,2.03
2021-11-24 11:00:00,890.78,892.95,34.21,41.63,2.41
2021-11-24 12:00:00,867.62,868.3,35.05,39.66,2.77
2021-11-24 13:00:00,752.47,776.22,35.35,38.84,2.99
2021-11-24 14:00:00,596.47,616.83,35.14,38.9,3.06
2021-11-24 15:00:00,394.23,408.45,34.48,40.11,2.98
2021-11-24 16:00:00,176.45,180.43,33.14,46.05,2.31
2021-11-24 17:00:00,14.35,14.43,30.26,63.01,1.25
2021-11-24 18:00:00,0.0,0.0,28.4,68.38,1.07
2021-11-24 19:00:00,0.0,0.0,27.64,71.11,0.98
2021-11-24 20:00:00,0.0,0.0,27.23,71.57,0.87
2021-11-24 21:00:00,0.0,0.0,27.34,68.62,0.79
2021-11-24 22:00:00,0.0,0.0,26.97,68.87,0.75
2021-11-24 23:00:00,0.0,0.0,25.96,73.47,0.79
2021-11-25 00:00:00,0.0,0.0,24.9,78.66,0.82
2021-11-25 01:00:00,0.0,0.0,24.05,82.83,0.8
2021-11-25 02:00:00,0.0,0.0,23.48,85.58,0.74
2021-11-25 03:00:00,0.0,0.0,23.16,87.25,0.67
2021-11-25 04:00:00,0.0,0.0,22.98,88.79,0.56
2021-11-25 05:00:00,0.0,0.0,22.81,90.49,0.44
2021-11-25 06:00:00,49.78,49.88,23.06,91.24,0.3
2021-11-25 07:00:00,245.35,245.88,24.53,88.95,0.73
2021-11-25 08:00:00,472.52,473.33,27.81,70.72,1.44
2021-11-25 09:00:00,671.62,674.3,30.55,59.3,1.68
2021-11-25 10:00:00,815.55,815.83,32.2,52.47,1.44
2021-11-25 11:00:00,880.75,881.2,33.42,46.68,1.33
2021-11-25 12:00:00,879.47,880.15,34.21,42.74,1.49
2021-11-25 13:00:00,781.5,790.9,34.51,40.6,1.72
2021-11-25 14:00:00,631.58,631.75,34.36,40.11,1.88
2021-11-25 15:00:00,420.1,420.27,33.71,41.07,2.0
2021-11-25 16:00:00,189.8,189.9,32.51,46.46,1.64
2021-11-25 17:00:00,15.35,15.35,29.65,63.79,1.01
2021-11-25 18:00:00,0.0,0.0,27.73,66.62,1.0
2021-11-25 19:00:00,0.0,0.0,27.07,66.59,0.98
2021-11-25 20:00:00,0.0,0.0,26.72,64.94,0.96
2021-11-25 21:00:00,0.0,0.0,26.78,61.2,0.89
2021-11-25 22:00:00,0.0,0.0,26.71,58.62,0.73
2021-11-25 23:00:00,0.0,0.0,26.14,59.11,0.64
2021-11-26 00:00:00,0.0,0.0,25.19,62.17,0.71
2021-11-26 01:00:00,0.0,0.0,23.69,68.53,0.79
2021-11-26 02:00:00,0.0,0.0,22.47,73.53,0.93
2021-11-26 03:00:00,0.0,0.0,21.31,78.57,0.98
2021-11-26 04:00:00,0.0,0.0,20.5,82.31,0.96
2021-11-26 05:00:00,0.0,0.0,19.97,84.71,0.91
2021-11-26 06:00:00,50.12,51.9,20.19,86.08,0.82
2021-11-26 07:00:00,253.57,262.65,22.59,75.5,1.49
2021-11-26 08:00:00,482.85,491.75,25.48,65.82,1.04
2021-11-26 09:00:00,685.88,686.25,29.52,49.98,1.51
2021-11-26 10:00:00,821.92,823.97,32.4,40.9,2.16
2021-11-26 11:00:00,890.42,890.62,33.7,37.75,2.55
2021-11-26 12:00:00,887.38,890.9,34.54,35.67,2.9
2021-11-26 13:00:00,787.2,799.85,34.86,34.79,3.14
2021-11-26 14:00:00,635.12,645.7,34.71,34.94,3.21
2021-11-26 15:00:00,427.42,435.85,34.08,36.3,3.07
2021-11-26 16:00:00,196.38,198.62,32.71,42.33,2.27
2021-11-26 17:00:00,16.55,16.73,29.43,60.77,1.18
2021-11-26 18:00:00,0.0,0.0,27.51,63.73,1.08
2021-11-26 19:00:00,0.0,0.0,26.7,65.36,1.03
2021-11-26 20:00:00,0.0,0.0,25.81,67.41,1.02
2021-11-26 21:00:00,0.0,0.0,24.97,69.14,1.06
2021-11-26 22:00:00,0.0,0.0,24.04,71.67,1.08
2021-11-26 23:00:00,0.0,0.0,23.02,75.07,1.11
2021-11-27 00:00:00,0.0,0.0,22.09,78.4,1.13
2021-11-27 01:00:00,0.0,0.0,21.28,81.55,1.12
2021-11-27 02:00:00,0.0,0.0,20.55,84.56,1.09
2021-11-27 03:00:00,0.0,0.0,19.89,87.61,1.08
2021-11-27 04:00:00,0.0,0.0,19.3,90.99,1.11
2021-11-27 05:00:00,0.0,0.0,18.77,94.47,1.1
2021-11-27 06:00:00,52.72,53.2,18.97,94.44,1.43
2021-11-27 07:00:00,259.62,263.42,20.87,86.1,2.24
2021-11-27 08:00:00,483.67,490.83,23.27,77.88,1.66
2021-11-27 09:00:00,673.8,681.47,26.6,63.45,1.86
2021-11-27 10:00:00,810.25,817.1,29.54,50.4,2.3
2021-11-27 11:00:00,872.97,879.92,31.23,43.47,2.4
2021-11-27 12:00:00,833.83,854.8,32.15,40.02,2.46
2021-11-27 13:00:00,754.78,763.0,32.82,37.63,2.47
2021-11-27 14:00:00,594.6,604.2,33.07,36.47,2.34
2021-11-27 15:00:00,384.7,396.75,32.6,37.06,2.14
2021-11-27 16:00:00,170.98,173.05,31.45,42.22,1.54
2021-11-27 17:00:00,14.4,14.52,28.7,59.06,0.92
2021-11-27 18:00:00,0.0,0.0,27.38,58.18,0.91
2021-11-27 19:00:00,0.0,0.0,27.28,57.26,0.81
2021-11-27 20:00:00,0.0,0.0,27.04,57.52,0.78
2021-11-27 21:00:00,0.0,0.0,26.63,58.12,0.82
2021-11-27 22:00:00,0.0,0.0,25.92,58.81,0.89
2021-11-27 23:00:00,0.0,0.0,24.98,61.27,0.95
2021-11-28 00:00:00,0.0,0.0,23.99,65.24,0.97
2021-11-28 01:00:00,0.0,0.0,23.2,68.94,0.92
2021-11-28 02:00:00,0.0,0.0,22.62,71.26,0.84
2021-11-28 03:00:00,0.0,0.0,22.07,73.15,0.77
2021-11-28 04:00:00,0.0,0.0,21.31,75.35,0.76
2021-11-28 05:00:00,0.0,0.0,20.36,78.27,0.8
2021-11-28 06:00:00,44.4,44.55,20.06,81.59,0.74
2021-11-28 07:00:00,238.52,239.9,22.15,68.79,1.55
2021-11-28 08:00:00,462.6,464.05,24.53,62.48,0.98
2021-11-28 09:00:00,662.92,663.8,28.58,49.29,0.63
2021-11-28 10:00:00,804.67,804.7,31.73,37.87,1.27
2021-11-28 11:00:00,863.12,865.95,32.97,33.99,1.64
2021-11-28 12:00:00,869.45,875.05,33.61,31.74,1.9
2021-11-28 13:00:00,777.65,785.4,33.58,31.37,2.08
2021-11-28 14:00:00,589.03,628.85,33.07,32.86,2.1
2021-11-28 15:00:00,378.85,420.9,32.26,36.27,1.88
2021-11-28 16:00:00,173.38,189.02,30.84,42.36,1.52
2021-11-28 17:00:00,15.68,16.05,27.91,62.52,0.97
2021-11-28 18:00:00,0.0,0.0,26.32,64.1,1.03
2021-11-28 19:00:00,0.0,0.0,25.8,65.79,1.02
2021-11-28 20:00:00,0.0,0.0,25.44,67.2,0.97
2021-11-28 21:00:00,0.0,0.0,25.09,68.34,0.91
2021-11-28 22:00:00,0.0,0.0,24.79,69.96,0.85
2021-11-28 23:00:00,0.0,0.0,24.53,71.69,0.82
2021-11-29 00:00:00,0.0,0.0,24.11,74.28,0.85
2021-11-29 01:00:00,0.0,0.0,23.67,78.16,0.87
2021-11-29 02:00:00,0.0,0.0,23.26,82.61,0.85
2021-11-29 03:00:00,0.0,0.0,22.94,86.44,0.79
2021-11-29 04:00:00,0.0,0.0,22.73,89.31,0.65
2021-11-29 05:00:00,0.0,0.0,22.71,90.31,0.37
2021-11-29 06:00:00,44.47,45.12,22.53,92.45,0.23
2021-11-29 07:00:00,234.77,241.65,23.72,85.72,0.85
2021-11-29 08:00:00,457.52,457.7,27.33,68.11,0.65
2021-11-29 09:00:00,657.08,657.45,30.48,52.37,1.05
2021-11-29 10:00:00,793.72,793.88,32.26,44.81,1.73
2021-11-29 11:00:00,856.6,857.05,33.43,40.25,2.21
2021-11-29 12:00:00,847.47,852.03,34.18,37.08,2.58
2021-11-29 13:00:00,751.03,761.15,34.47,35.11,2.88
2021-11-29 14:00:00,544.75,603.42,34.25,34.33,3.09
2021-11-29 15:00:00,346.58,394.95,33.51,35.16,3.13
2021-11-29 16:00:00,159.6,171.05,31.96,41.45,2.51
2021-11-29 17:00:00,13.52,14.35,28.44,60.19,1.38
2021-11-29 18:00:00,0.0,0.0,26.22,65.42,1.28
2021-11-29 19:00:00,0.0,0.0,25.38,67.59,1.23
2021-11-29 20:00:00,0.0,0.0,24.72,69.32,1.14
2021-11-29 21:00:00,0.0,0.0,24.16,70.5,1.1
2021-11-29 22:00:00,0.0,0.0,23.61,71.68,1.07
2021-11-29 23:00:00,0.0,0.0,23.09,73.22,1.06
2021-11-30 00:00:00,0.0,0.0,22.65,74.82,1.03
2021-11-30 01:00:00,0.0,0.0,22.29,76.96,0.96
2021-11-30 02:00:00,0.0,0.0,22.0,79.5,0.84
2021-11-30 03:00:00,0.0,0.0,21.57,82.96,0.73
2021-11-30 04:00:00,0.0,0.0,20.95,87.35,0.66
2021-11-30 05:00:00,0.0,0.0,20.36,90.71,0.67
2021-11-30 06:00:00,37.58,38.62,20.33,92.2,0.67
2021-11-30 07:00:00,196.43,213.07,22.41,81.34,1.29
2021-11-30 08:00:00,391.6,421.7,25.49,71.44,0.99
2021-11-30 09:00:00,546.1,602.0,29.14,57.76,0.88
2021-11-30 10:00:00,698.85,727.38,31.51,47.25,1.02
2021-11-30 11:00:00,782.03,796.72,32.98,40.73,1.64
2021-11-30 12:00:00,860.25,864.67,33.85,36.83,2.08
2021-11-30 13:00:00,775.85,778.8,34.24,34.52,2.36
2021-11-30 14:00:00,627.4,629.28,34.14,33.61,2.47
2021-11-30 15:00:00,422.58,424.2,33.51,34.14,2.42
2021-11-30 16:00:00,195.0,196.0,32.21,39.41,1.82
2021-11-30 17:00:00,17.17,17.23,29.09,57.79,1.02
2021-11-30 18:00:00,0.0,0.0,27.31,59.7,1.02
2021-11-30 19:00:00,0.0,0.0,26.6,60.44,0.97
2021-11-30 20:00:00,0.0,0.0,25.91,61.53,0.93
2021-11-30 21:00:00,0.0,0.0,25.41,61.59,0.95
2021-11-30 22:00:00,0.0,0.0,25.05,60.98,0.95
2021-11-30 23:00:00,0.0,0.0,24.74,60.43,0.92
2021-12-01 00:00:00,0.0,0.0,24.31,60.94,0.87
2021-12-01 01:00:00,0.0,0.0,23.66,62.91,0.82
2021-12-01 02:00:00,0.0,0.0,22.78,66.21,0.8
2021-12-01 03:00:00,0.0,0.0,21.76,70.27,0.88
2021-12-01 04:00:00,0.0,0.0,20.64,75.16,1.01
2021-12-01 05:00:00,0.0,0.0,19.74,79.1,1.11
2021-12-01 06:00:00,41.6,43.4,19.78,80.1,1.36
2021-12-01 07:00:00,222.12,243.27,22.04,69.85,2.58
2021-12-01 08:00:00,435.65,470.83,24.83,61.62,2.06
2021-12-01 09:00:00,618.05,658.4,28.47,48.75,2.21
2021-12-01 10:00:00,781.47,791.8,31.76,38.67,2.8
2021-12-01 11:00:00,855.22,857.38,33.39,34.79,3.22
2021-12-01 12:00:00,863.33,864.05,34.37,31.93,3.57
2021-12-01 13:00:00,774.3,776.7,34.78,30.25,3.8
2021-12-01 14:00:00,615.97,618.42,34.59,30.15,3.83
2021-12-01 15:00:00,407.65,410.73,33.82,31.9,3.56
2021-12-01 16:00:00,181.68,182.6,32.17,39.94,2.41
2021-12-01 17:00:00,15.82,15.9,28.76,58.86,1.25
2021-12-01 18:00:00,0.0,0.0,26.92,62.97,1.18
2021-12-01 19:00:00,0.0,0.0,26.25,64.82,1.17
2021-12-01 20:00:00,0.0,0.0,25.68,66.65,1.15
2021-12-01 21:00:00,0.0,0.0,25.12,68.44,1.13
2021-12-01 22:00:00,0.0,0.0,24.51,70.31,1.11
2021-12-01 23:00:00,0.0,0.0,23.93,72.3,1.14
2021-12-02 00:00:00,0.0,0.0,23.31,74.65,1.18
2021-12-02 01:00:00,0.0,0.0,22.6,77.83,1.16
2021-12-02 02:00:00,0.0,0.0,21.86,81.21,1.09
2021-12-02 03:00:00,0.0,0.0,21.12,84.09,1.0
2021-12-02 04:00:00,0.0,0.0,20.48,87.22,0.92
2021-12-02 05:00:00,0.0,0.0,19.98,89.86,0.88
2021-12-02 06:00:00,42.38,42.97,20.11,90.99,0.94
2021-12-02 07:00:00,236.75,242.55,22.33,81.27,1.93
2021-12-02 08:00:00,462.92,468.3,25.23,69.17,1.52
2021-12-02 09:00:00,666.22,669.28,29.47,48.01,1.57
2021-12-02 10:00:00,805.95,806.25,32.29,37.06,2.11
2021-12-02 11:00:00,870.0,870.35,33.71,33.08,2.54
2021-12-02 12:00:00,844.72,844.9,34.58,30.8,2.8
2021-12-02 13:00:00,760.4,760.45,34.94,29.69,2.92
2021-12-02 14:00:00,603.72,604.38,34.78,29.62,2.9
2021-12-02 15:00:00,398.83,399.83,34.09,30.79,2.75
2021-12-02 16:00:00,179.7,180.43,32.62,37.06,1.97
2021-12-02 17:00:00,15.48,15.5,29.12,55.78,1.13
2021-12-02 18:00:00,0.0,0.0,27.15,59.29,1.09
2021-12-02 19:00:00,0.0,0.0,26.25,61.5,1.07
2021-12-02 20:00:00,0.0,0.0,25.38,63.82,1.06
2021-12-02 21:00:00,0.0,0.0,24.56,66.02,1.07
2021-12-02 22:00:00,0.0,0.0,23.75,68.46,1.08
2021-12-02 23:00:00,0.0,0.0,22.91,71.23,1.1
2021-12-03 00:00:00,0.0,0.0,22.13,74.14,1.12
2021-12-03 01:00:00,0.0,0.0,21.42,77.05,1.11
2021-12-03 02:00:00,0.0,0.0,20.77,80.05,1.1
2021-12-03 03:00:00,0.0,0.0,20.16,83.06,1.11
2021-12-03 04:00:00,0.0,0.0,19.61,86.11,1.18
2021-12-03 05:00:00,0.0,0.0,19.13,89.35,1.28
2021-12-03 06:00:00,40.45,40.47,19.17,90.18,1.83
2021-12-03 07:00:00,227.3,227.5,20.89,82.4,2.57
2021-12-03 08:00:00,450.27,450.62,24.02,69.37,2.13
2021-12-03 09:00:00,646.35,646.88,27.92,53.52,2.13
2021-12-03 10:00:00,791.72,792.03,31.24,42.8,2.24
2021-12-03 11:00:00,857.47,857.9,32.9,38.37,2.41
2021-12-03 12:00:00,849.6,853.65,33.93,35.32,2.64
2021-12-03 13:00:00,752.97,767.78,34.38,33.17,2.85
2021-12-03 14:00:00,602.65,611.3,34.31,32.15,2.94
2021-12-03 15:00:00,390.65,405.6,33.64,32.64,2.84
2021-12-03 16:00:00,175.23,178.0,32.19,38.5,2.07
2021-12-03 17:00:00,15.27,15.6,28.77,56.75,1.18
2021-12-03 18:00:00,0.0,0.0,26.81,60.21,1.15
2021-12-03 19:00:00,0.0,0.0,25.95,61.62,1.13
2021-12-03 20:00:00,0.0,0.0,25.15,63.09,1.11
2021-12-03 21:00:00,0.0,0.0,24.48,64.31,1.08
2021-12-03 22:00:00,0.0,0.0,24.01,64.99,1.06
2021-12-03 23:00:00,0.0,0.0,23.67,65.41,1.02
2021-12-04 00:00:00,0.0,0.0,23.21,66.75,0.98
2021-12-04 01:00:00,0.0,0.0,22.5,69.76,0.97
2021-12-04 02:00:00,0.0,0.0,21.7,73.47,0.98
2021-12-04 03:00:00,0.0,0.0,21.09,75.95,1.07
2021-12-04 04:00:00,0.0,0.0,20.6,77.5,1.23
2021-12-04 05:00:00,0.0,0.0,20.19,79.06,1.41
2021-12-04 06:00:00,31.62,31.62,20.18,79.34,1.73
2021-12-04 07:00:00,188.73,192.73,21.59,72.62,2.71
2021-12-04 08:00:00,361.52,386.6,23.54,66.57,2.22
2021-12-04 09:00:00,528.95,576.5,26.48,53.97,2.38
2021-12-04 10:00:00,690.4,709.4,29.5,41.39,2.88
2021-12-04 11:00:00,753.65,767.8,31.75,34.18,3.32
2021-12-04 12:00:00,675.25,739.45,33.33,30.2,3.63
2021-12-04 13:00:00,640.28,642.55,33.92,28.63,3.7
2021-12-04 14:00:00,476.1,477.48,33.66,29.05,3.55
2021-12-04 15:00:00,284.15,285.23,32.6,32.8,3.0
2021-12-04 16:00:00,138.05,138.57,30.9,42.53,2.07
2021-12-04 17:00:00,12.02,12.05,27.88,58.82,1.22
2021-12-04 18:00:00,0.0,0.0,26.15,62.24,1.14
2021-12-04 19:00:00,0.0,0.0,25.57,63.21,1.08
2021-12-04 20:00:00,0.0,0.0,25.35,62.81,1.03
2021-12-04 21:00:00,0.0,0.0,25.42,61.26,1.0
2021-12-04 22:00:00,0.0,0.0,25.24,60.63,1.0
2021-12-04 23:00:00,0.0,0.0,24.44,63.32,1.0
2021-12-05 00:00:00,0.0,0.0,23.23,66.86,1.07
2021-12-05 01:00:00,0.0,0.0,22.28,68.0,1.3
2021-12-05 02:00:00,0.0,0.0,21.46,69.19,1.52
2021-12-05 03:00:00,0.0,0.0,20.51,72.18,1.53
2021-12-05 04:00:00,0.0,0.0,19.77,75.11,1.42
2021-12-05 05:00:00,0.0,0.0,19.19,77.55,1.34
2021-12-05 06:00:00,28.6,28.15,19.09,78.16,1.51
2021-12-05 07:00:00,178.48,182.9,20.62,70.09,2.67
2021-12-05 08:00:00,372.73,388.45,22.66,64.6,2.28
2021-12-05 09:00:00,558.92,578.35,26.23,51.06,2.41
2021-12-05 10:00:00,667.15,713.1,29.84,36.56,3.05
2021-12-05 11:00:00,755.53,781.33,32.33,28.86,3.25
2021-12-05 12:00:00,699.15,723.92,33.2,26.93,3.06
2021-12-05 13:00:00,599.88,640.47,33.52,26.73,2.83
2021-12-05 14:00:00,475.58,493.62,33.31,27.8,2.58
2021-12-05 15:00:00,297.7,311.2,32.72,30.32,2.28
2021-12-05 16:00:00,128.82,130.6,31.06,39.17,1.48
2021-12-05 17:00:00,12.93,12.6,28.1,59.43,0.89
2021-12-05 18:00:00,0.0,0.0,27.09,60.11,0.9
2021-12-05 19:00:00,0.0,0.0,26.67,61.31,0.88
2021-12-05 20:00:00,0.0,0.0,26.33,61.85,0.87
2021-12-05 21:00:00,0.0,0.0,26.1,60.8,0.9
2021-12-05 22:00:00,0.0,0.0,25.93,59.63,0.89
2021-12-05 23:00:00,0.0,0.0,25.51,59.76,0.86
2021-12-06 00:00:00,0.0,0.0,24.96,60.78,0.83
2021-12-06 01:00:00,0.0,0.0,24.34,61.95,0.78
2021-12-06 02:00:00,0.0,0.0,23.48,65.43,0.77
2021-12-06 03:00:00,0.0,0.0,22.22,71.68,0.81
2021-12-06 04:00:00,0.0,0.0,21.2,76.68,0.93
2021-12-06 05:00:00,0.0,0.0,20.56,79.39,1.06
2021-12-06 06:00:00,28.67,28.08,20.58,80.12,1.25
2021-12-06 07:00:00,177.35,179.68,22.26,70.98,2.35
2021-12-06 08:00:00,366.77,373.5,24.06,65.86,2.05
2021-12-06 09:00:00,545.17,545.67,26.94,55.76,2.08
2021-12-06 10:00:00,680.05,680.45,30.05,44.75,2.28
2021-12-06 11:00:00,700.33,760.3,32.37,37.96,2.68
2021-12-06 12:00:00,740.2,741.42,33.9,34.42,2.85
2021-12-06 13:00:00,658.08,662.75,34.69,32.36,2.88
2021-12-06 14:00:00,501.52,511.5,34.77,31.86,2.84
2021-12-06 15:00:00,320.6,328.25,34.22,33.01,2.64
2021-12-06 16:00:00,128.77,132.15,32.79,39.9,1.7
2021-12-06 17:00:00,13.5,13.0,29.66,58.12,0.97
2021-12-06 18:00:00,0.0,0.0,28.11,59.19,0.97
2021-12-06 19:00:00,0.0,0.0,27.31,61.21,0.95
2021-12-06 20:00:00,0.0,0.0,26.65,62.95,0.94
2021-12-06 21:00:00,0.0,0.0,26.11,64.14,0.93
2021-12-06 22:00:00,0.0,0.0,25.65,65.1,0.9
2021-12-06 23:00:00,0.0,0.0,25.1,66.71,0.88
2021-12-07 00:00:00,0.0,0.0,24.38,69.52,0.86
2021-12-07 01:00:00,0.0,0.0,23.57,72.91,0.85
2021-12-07 02:00:00,0.0,0.0,22.79,76.06,0.83
2021-12-07 03:00:00,0.0,0.0,22.15,78.96,0.79
2021-12-07 04:00:00,0.0,0.0,21.65,81.13,0.77
2021-12-07 05:00:00,0.0,0.0,21.25,82.86,0.74
2021-12-07 06:00:00,27.58,27.2,21.36,84.2,0.77
2021-12-07 07:00:00,169.9,173.82,23.23,74.97,1.59
2021-12-07 08:00:00,354.5,374.17,25.99,63.73,1.08
2021-12-07 09:00:00,545.47,567.42,29.47,49.87,1.07
2021-12-07 10:00:00,690.9,702.55,31.67,44.22,1.29
2021-12-07 11:00:00,762.0,770.1,33.25,41.22,1.84
2021-12-07 12:00:00,800.67,808.83,34.39,39.25,2.23
2021-12-07 13:00:00,710.62,725.05,34.95,38.29,2.41
2021-12-07 14:00:00,567.72,573.65,34.99,38.18,2.5
2021-12-07 15:00:00,363.4,374.2,34.49,39.3,2.44
2021-12-07 16:00:00,166.9,168.65,33.25,44.63,1.94
2021-12-07 17:00:00,15.9,15.98,30.32,62.07,1.01
2021-12-07 18:00:00,0.0,0.0,28.43,66.08,1.01
2021-12-07 19:00:00,0.0,0.0,27.46,68.41,1.05
2021-12-07 20:00:00,0.0,0.0,26.59,69.98,1.12
2021-12-07 21:00:00,0.0,0.0,25.81,71.43,1.2
2021-12-07 22:00:00,0.0,0.0,25.08,73.23,1.2
2021-12-07 23:00:00,0.0,0.0,24.42,75.3,1.15
2021-12-08 00:00:00,0.0,0.0,23.79,77.33,1.18
2021-12-08 01:00:00,0.0,0.0,23.2,79.28,1.36
2021-12-08 02:00:00,0.0,0.0,22.69,81.22,1.72
2021-12-08 03:00:00,0.0,0.0,22.21,83.74,2.05
2021-12-08 04:00:00,0.0,0.0,21.69,87.06,2.07
2021-12-08 05:00:00,0.0,0.0,21.2,90.42,1.94
2021-12-08 06:00:00,30.9,30.48,21.08,91.89,2.12
2021-12-08 07:00:00,184.0,197.73,22.36,85.9,2.6
2021-12-08 08:00:00,387.75,424.73,24.55,75.22,2.15
2021-12-08 09:00:00,588.47,624.47,27.77,54.77,2.98
2021-12-08 10:00:00,744.78,765.17,30.53,42.19,3.41
2021-12-08 11:00:00,778.75,836.47,32.11,37.85,3.2
2021-12-08 12:00:00,780.8,788.78,33.14,35.27,2.96
2021-12-08 13:00:00,693.47,703.67,33.68,33.56,2.81
2021-12-08 14:00:00,544.7,559.67,33.68,33.14,2.69
2021-12-08 15:00:00,354.62,363.45,33.06,34.9,2.37
2021-12-08 16:00:00,156.12,157.12,31.67,42.55,1.49
2021-12-08 17:00:00,15.5,15.38,28.69,60.89,0.92
2021-12-08 18:00:00,0.0,0.0,26.82,62.14,1.05
2021-12-08 19:00:00,0.0,0.0,25.67,64.74,1.13
2021-12-08 20:00:00,0.0,0.0,24.75,66.22,1.28
2021-12-08 21:00:00,0.0,0.0,23.92,67.98,1.42
2021-12-08 22:00:00,0.0,0.0,23.18,70.19,1.49
2021-12-08 23:00:00,0.0,0.0,22.54,72.49,1.52
2021-12-09 00:00:00,0.0,0.0,21.93,75.03,1.59
2021-12-09 01:00:00,0.0,0.0,21.34,77.62,1.79
2021-12-09 02:00:00,0.0,0.0,20.76,80.45,2.15
2021-12-09 03:00:00,0.0,0.0,20.12,83.67,2.53
2021-12-09 04:00:00,0.0,0.0,19.37,87.18,2.51
2021-12-09 05:00:00,0.0,0.0,18.71,89.63,2.3
2021-12-09 06:00:00,29.08,29.25,18.49,89.8,2.44
2021-12-09 07:00:00,204.27,205.35,20.01,82.0,2.81
2021-12-09 08:00:00,392.38,393.75,23.11,68.92,2.41
2021-12-09 09:00:00,591.05,592.0,27.02,49.66,3.29
2021-12-09 10:00:00,730.55,730.78,30.54,35.08,3.92
2021-12-09 11:00:00,805.22,805.53,32.58,28.76,3.92
2021-12-09 12:00:00,848.28,848.67,33.68,25.89,3.9
2021-12-09 13:00:00,763.03,763.58,34.06,24.53,3.89
2021-12-09 14:00:00,608.33,609.42,33.86,24.43,3.79
2021-12-09 15:00:00,399.77,400.4,33.05,25.93,3.54
2021-12-09 16:00:00,184.35,184.6,31.05,35.7,2.33
2021-12-09 17:00:00,17.77,17.77,27.04,54.43,1.37
2021-12-09 18:00:00,0.0,0.0,24.94,58.19,1.37
2021-12-09 19:00:00,0.0,0.0,24.06,59.74,1.37
2021-12-09 20:00:00,0.0,0.0,23.31,60.94,1.4
2021-12-09 21:00:00,0.0,0.0,22.64,62.05,1.42
2021-12-09 22:00:00,0.0,0.0,21.99,63.65,1.42
2021-12-09 23:00:00,0.0,0.0,21.31,65.91,1.43
2021-12-10 00:00:00,0.0,0.0,20.6,68.69,1.5
2021-12-10 01:00:00,0.0,0.0,19.92,71.54,1.69
2021-12-10 02:00:00,0.0,0.0,19.29,74.65,1.92
2021-12-10 03:00:00,0.0,0.0,18.68,78.06,2.02
2021-12-10 04:00:00,0.0,0.0,18.11,81.3,1.99
2021-12-10 05:00:00,0.0,0.0,17.64,83.62,1.92
2021-12-10 06:00:00,31.55,31.6,17.67,83.34,2.2
2021-12-10 07:00:00,198.6,199.9,19.48,75.51,2.72
2021-12-10 08:00:00,412.02,414.73,22.63,64.62,2.1
2021-12-10 09:00:00,605.53,609.15,26.98,46.03,3.09
2021-12-10 10:00:00,747.65,748.83,30.93,32.12,4.13
2021-12-10 11:00:00,821.2,823.38,32.94,28.17,3.9
2021-12-10 12:00:00,777.78,835.97,33.93,27.26,3.11
2021-12-10 13:00:00,729.83,749.5,34.39,27.36,2.62
2021-12-10 14:00:00,576.67,592.75,34.34,28.26,2.5
2021-12-10 15:00:00,371.17,384.8,33.71,30.22,2.48
2021-12-10 16:00:00,164.85,167.48,32.15,36.99,1.92
2021-12-10 17:00:00,17.23,17.27,28.43,55.7,1.23
2021-12-10 18:00:00,0.0,0.0,26.34,59.34,1.31
2021-12-10 19:00:00,0.0,0.0,25.45,61.24,1.29
2021-12-10 20:00:00,0.0,0.0,24.73,63.15,1.24
2021-12-10 21:00:00,0.0,0.0,24.18,64.4,1.19
2021-12-10 22:00:00,0.0,0.0,23.66,65.47,1.18
2021-12-10 23:00:00,0.0,0.0,23.11,66.7,1.19
2021-12-11 00:00:00,0.0,0.0,22.5,68.37,1.24
2021-12-11 01:00:00,0.0,0.0,21.86,70.32,1.36
2021-12-11 02:00:00,0.0,0.0,21.24,72.94,1.54
2021-12-11 03:00:00,0.0,0.0,20.67,76.17,1.68
2021-12-11 04:00:00,0.0,0.0,20.18,79.41,1.72
2021-12-11 05:00:00,0.0,0.0,19.74,82.47,1.7
2021-12-11 06:00:00,28.5,28.5,19.7,83.71,1.89
2021-12-11 07:00:00,203.02,203.95,21.06,78.3,2.57
2021-12-11 08:00:00,406.48,406.95,23.52,70.16,2.2
2021-12-11 09:00:00,600.2,600.6,26.93,57.36,2.53
2021-12-11 10:00:00,738.88,739.45,30.46,44.59,2.91
2021-12-11 11:00:00,805.45,805.65,32.62,38.13,2.96
2021-12-11 12:00:00,671.15,672.3,33.83,34.94,2.86
2021-12-11 13:00:00,573.7,576.0,34.36,33.02,2.82
2021-12-11 14:00:00,440.65,443.33,34.29,32.32,2.75
2021-12-11 15:00:00,269.48,271.27,33.62,33.42,2.57
2021-12-11 16:00:00,115.5,116.12,31.97,41.56,1.65
2021-12-11 17:00:00,12.77,12.82,28.65,59.32,1.05
2021-12-11 18:00:00,0.0,0.0,27.08,59.95,1.13
2021-12-11 19:00:00,0.0,0.0,26.36,61.05,1.1
2021-12-11 20:00:00,0.0,0.0,25.68,62.45,1.07
2021-12-11 21:00:00,0.0,0.0,25.08,63.81,1.04
2021-12-11 22:00:00,0.0,0.0,24.52,65.11,1.01
2021-12-11 23:00:00,0.0,0.0,23.89,66.92,0.98
2021-12-12 00:00:00,0.0,0.0,23.14,69.5,0.97
2021-12-12 01:00:00,0.0,0.0,22.32,72.54,0.96
2021-12-12 02:00:00,0.0,0.0,21.59,75.09,0.98
2021-12-12 03:00:00,0.0,0.0,20.99,77.2,1.02
2021-12-12 04:00:00,0.0,0.0,20.47,79.28,1.07
2021-12-12 05:00:00,0.0,0.0,20.01,81.28,1.17
2021-12-12 06:00:00,20.92,20.65,19.95,82.12,1.46
2021-12-12 07:00:00,133.98,134.35,21.49,74.38,2.62
2021-12-12 08:00:00,290.62,296.73,23.63,67.29,2.18
2021-12-12 09:00:00,453.25,466.75,27.21,51.6,2.18
2021-12-12 10:00:00,590.47,596.12,30.85,37.2,2.45
2021-12-12 11:00:00,668.4,668.6,32.95,30.78,2.67
2021-12-12 12:00:00,633.35,634.28,33.58,28.77,2.74
2021-12-12 13:00:00,557.22,558.4,33.92,27.91,2.76
2021-12-12 14:00:00,404.33,407.42,33.8,28.26,2.67
2021-12-12 15:00:00,240.68,242.48,33.1,31.06,2.39
2021-12-12 16:00:00,101.75,101.0,31.21,42.92,1.48
2021-12-12 17:00:00,12.45,11.85,28.15,58.94,1.07
2021-12-12 18:00:00,0.0,0.0,26.86,60.68,1.12
2021-12-12 19:00:00,0.0,0.0,26.42,62.32,1.1
2021-12-12 20:00:00,0.0,0.0,26.02,64.04,1.04
2021-12-12 21:00:00,0.0,0.0,25.62,65.54,1.0
2021-12-12 22:00:00,0.0,0.0,25.2,66.94,0.97
2021-12-12 23:00:00,0.0,0.0,24.62,68.6,0.97
2021-12-13 00:00:00,0.0,0.0,23.81,71.51,0.98
2021-12-13 01:00:00,0.0,0.0,22.92,75.08,1.01
2021-12-13 02:00:00,0.0,0.0,22.11,78.21,1.12
2021-12-13 03:00:00,0.0,0.0,21.38,80.91,1.28
2021-12-13 04:00:00,0.0,0.0,20.69,83.35,1.4
2021-12-13 05:00:00,0.0,0.0,20.08,85.37,1.39
2021-12-13 06:00:00,19.25,19.25,19.97,85.4,1.5
2021-12-13 07:00:00,152.93,153.05,21.81,75.83,2.49
2021-12-13 08:00:00,282.98,283.25,24.41,65.65,1.9
2021-12-13 09:00:00,443.8,444.3,28.17,48.01,2.2
2021-12-13 10:00:00,569.92,570.33,31.71,34.15,2.74
2021-12-13 11:00:00,639.95,640.28,33.98,27.46,3.16
2021-12-13 12:00:00,809.2,809.47,35.0,25.56,3.3
2021-12-13 13:00:00,728.5,728.9,35.42,24.78,3.37
2021-12-13 14:00:00,578.97,579.47,35.29,24.86,3.37
2021-12-13 15:00:00,379.95,380.5,34.55,26.21,3.17
2021-12-13 16:00:00,180.57,181.0,32.9,32.71,2.21
2021-12-13 17:00:00,18.2,18.25,28.98,52.16,1.23
2021-12-13 18:00:00,0.0,0.0,26.93,55.73,1.21
2021-12-13 19:00:00,0.0,0.0,26.02,57.95,1.17
2021-12-13 20:00:00,0.0,0.0,25.26,59.77,1.14
2021-12-13 21:00:00,0.0,0.0,24.62,61.05,1.12
2021-12-13 22:00:00,0.0,0.0,23.76,63.73,1.09
2021-12-13 23:00:00,0.0,0.0,22.69,67.85,1.08
2021-12-14 00:00:00,0.0,0.0,21.66,72.1,1.08
2021-12-14 01:00:00,0.0,0.0,20.84,75.46,1.12
2021-12-14 02:00:00,0.0,0.0,20.17,78.48,1.22
2021-12-14 03:00:00,0.0,0.0,19.61,81.52,1.35
2021-12-14 04:00:00,0.0,0.0,19.12,85.26,1.41
2021-12-14 05:00:00,0.0,0.0,18.68,89.14,1.29
2021-12-14 06:00:00,24.42,24.7,18.77,90.23,1.46
2021-12-14 07:00:00,168.93,173.88,20.65,81.7,2.18
2021-12-14 08:00:00,345.92,369.02,23.85,69.07,1.72
2021-12-14 09:00:00,523.9,559.58,27.47,55.64,1.84
2021-12-14 10:00:00,662.72,694.8,31.26,41.35,1.97
2021-12-14 11:00:00,748.88,763.08,33.43,35.35,1.81
2021-12-14 12:00:00,787.83,804.6,34.51,32.79,1.69
2021-12-14 13:00:00,707.38,720.55,35.0,31.53,1.68
2021-12-14 14:00:00,562.25,571.62,34.96,31.44,1.59
2021-12-14 15:00:00,363.4,373.55,34.44,32.44,1.65
2021-12-14 16:00:00,165.6,167.25,33.14,38.37,1.4
2021-12-14 17:00:00,18.23,18.25,30.09,56.16,0.87
2021-12-14 18:00:00,0.0,0.0,28.42,59.14,0.9
2021-12-14 19:00:00,0.0,0.0,27.69,61.25,0.91
2021-12-14 20:00:00,0.0,0.0,27.06,63.41,0.91
2021-12-14 21:00:00,0.0,0.0,26.57,65.24,0.92
2021-12-14 22:00:00,0.0,0.0,26.11,67.3,0.92
2021-12-14 23:00:00,0.0,0.0,25.51,70.34,0.92
2021-12-15 00:00:00,0.0,0.0,24.67,74.75,0.89
2021-12-15 01:00:00,0.0,0.0,24.02,77.52,0.86
2021-12-15 02:00:00,0.0,0.0,23.69,78.37,0.83
2021-12-15 03:00:00,0.0,0.0,22.98,80.56,0.85
2021-12-15 04:00:00,0.0,0.0,22.48,81.53,1.03
2021-12-15 05:00:00,0.0,0.0,22.21,79.9,1.69
2021-12-15 06:00:00,24.08,22.83,21.86,79.33,2.28
2021-12-15 07:00:00,153.9,166.9,22.76,75.05,2.55
2021-12-15 08:00:00,303.05,361.52,25.67,62.35,2.44
2021-12-15 09:00:00,486.15,548.47,29.61,47.17,2.75
2021-12-15 10:00:00,627.0,691.8,32.38,39.25,3.02
2021-12-15 11:00:00,705.08,763.35,33.96,34.95,3.34
2021-12-15 12:00:00,618.65,682.5,34.9,31.81,3.62
2021-12-15 13:00:00,554.47,612.33,35.31,29.59,3.74
2021-12-15 14:00:00,422.88,479.92,35.21,28.24,3.66
2021-12-15 15:00:00,269.27,314.42,34.55,28.02,3.49
2021-12-15 16:00:00,119.9,134.05,32.88,33.29,2.68
2021-12-15 17:00:00,15.73,15.3,28.8,50.35,1.59
2021-12-15 18:00:00,0.0,0.0,26.37,54.02,1.71
2021-12-15 19:00:00,0.0,0.0,25.19,55.59,1.72
2021-12-15 20:00:00,0.0,0.0,24.2,57.71,1.59
2021-12-15 21:00:00,0.0,0.0,23.41,59.83,1.45
2021-12-15 22:00:00,0.0,0.0,22.74,61.62,1.38
2021-12-15 23:00:00,0.0,0.0,22.03,63.44,1.47
2021-12-16 00:00:00,0.0,0.0,21.34,65.05,1.83
2021-12-16 01:00:00,0.0,0.0,20.62,67.08,2.41
2021-12-16 02:00:00,0.0,0.0,19.65,70.13,2.79
2021-12-16 03:00:00,0.0,0.0,18.52,73.34,2.74
2021-12-16 04:00:00,0.0,0.0,17.57,75.14,2.69
2021-12-16 05:00:00,0.0,0.0,16.82,75.79,2.71
2021-12-16 06:00:00,24.02,24.12,16.35,75.33,2.96
2021-12-16 07:00:00,184.45,186.85,17.73,67.36,3.49
2021-12-16 08:00:00,392.2,404.45,21.13,53.35,3.67
2021-12-16 09:00:00,589.08,606.12,25.35,34.98,5.45
2021-12-16 10:00:00,752.53,752.67,28.43,26.44,5.95
2021-12-16 11:00:00,828.97,829.83,30.96,21.85,5.77
2021-12-16 12:00:00,817.8,829.33,32.7,19.84,5.24
2021-12-16 13:00:00,728.78,749.58,33.51,19.1,4.63
2021-12-16 14:00:00,578.78,600.0,33.54,19.3,4.14
2021-12-16 15:00:00,380.52,398.23,32.86,20.77,3.69
2021-12-16 16:00:00,176.45,179.73,30.76,31.61,2.21
2021-12-16 17:00:00,19.48,19.55,26.41,50.02,1.34
2021-12-16 18:00:00,0.0,0.0,24.13,54.18,1.45
2021-12-16 19:00:00,0.0,0.0,23.1,56.75,1.62
2021-12-16 20:00:00,0.0,0.0,22.17,59.2,1.74
2021-12-16 21:00:00,0.0,0.0,21.41,61.17,1.83
2021-12-16 22:00:00,0.0,0.0,20.71,63.02,1.92
2021-12-16 23:00:00,0.0,0.0,20.05,65.09,2.06
2021-12-17 00:00:00,0.0,0.0,19.37,67.89,2.21
2021-12-17 01:00:00,0.0,0.0,18.62,71.79,2.24
2021-12-17 02:00:00,0.0,0.0,17.86,76.08,2.17
2021-12-17 03:00:00,0.0,0.0,17.14,79.79,2.09
2021-12-17 04:00:00,0.0,0.0,16.52,82.84,2.04
2021-12-17 05:00:00,0.0,0.0,15.94,85.75,2.03
2021-12-17 06:00:00,23.33,22.98,15.86,85.46,2.45
2021-12-17 07:00:00,172.38,178.62,17.53,76.59,2.97
2021-12-17 08:00:00,365.12,385.0,20.85,63.7,2.64
2021-12-17 09:00:00,549.72,576.1,25.41,46.63,3.67
2021-12-17 10:00:00,577.55,717.75,29.6,34.46,4.54
2021-12-17 11:00:00,662.75,784.5,31.92,29.16,4.38
2021-12-17 12:00:00,620.8,822.8,33.22,26.54,4.11
2021-12-17 13:00:00,647.3,744.6,33.87,25.21,3.84
2021-12-17 14:00:00,518.17,600.75,33.9,25.06,3.58
2021-12-17 15:00:00,306.6,400.88,33.2,26.34,3.31
2021-12-17 16:00:00,144.05,180.93,31.53,33.67,2.42
2021-12-17 17:00:00,20.75,20.6,27.55,52.31,1.44
2021-12-17 18:00:00,0.0,0.0,25.44,56.42,1.69
2021-12-17 19:00:00,0.0,0.0,24.55,58.88,1.92
2021-12-17 20:00:00,0.0,0.0,23.71,62.07,1.94
2021-12-17 21:00:00,0.0,0.0,22.97,65.27,1.89
2021-12-17 22:00:00,0.0,0.0,22.35,68.08,1.86
2021-12-17 23:00:00,0.0,0.0,21.76,70.69,1.87
2021-12-18 00:00:00,0.0,0.0,21.36,72.36,2.13
2021-12-18 01:00:00,0.0,0.0,20.9,74.29,2.43
2021-12-18 02:00:00,0.0,0.0,20.27,76.94,2.6
2021-12-18 03:00:00,0.0,0.0,19.59,79.62,2.72
2021-12-18 04:00:00,0.0,0.0,18.87,82.21,2.76
2021-12-18 05:00:00,0.0,0.0,18.16,83.95,2.73
2021-12-18 06:00:00,23.15,23.17,17.81,82.69,2.97
2021-12-18 07:00:00,193.55,193.62,19.16,73.26,3.4
2021-12-18 08:00:00,377.98,378.05,22.41,56.38,3.58
2021-12-18 09:00:00,576.95,577.0,26.3,37.54,5.02
2021-12-18 10:00:00,724.2,724.2,29.34,27.04,5.62
2021-12-18 11:00:00,801.6,801.72,31.13,23.33,5.23
2021-12-18 12:00:00,815.2,815.45,32.29,21.76,4.86
2021-12-18 13:00:00,730.97,731.33,32.75,21.34,4.55
2021-12-18 14:00:00,579.4,579.97,32.61,21.75,4.26
2021-12-18 15:00:00,376.55,377.15,31.88,23.15,3.92
2021-12-18 16:00:00,175.1,175.45,29.95,31.15,2.7
2021-12-18 17:00:00,20.0,20.02,25.95,46.89,1.79
2021-12-18 18:00:00,0.0,0.0,23.82,50.83,1.98
2021-12-18 19:00:00,0.0,0.0,22.91,51.66,2.12
2021-12-18 20:00:00,0.0,0.0,22.04,52.64,2.08
2021-12-18 21:00:00,0.0,0.0,21.27,54.44,2.08
2021-12-18 22:00:00,0.0,0.0,20.58,56.79,2.22
2021-12-18 23:00:00,0.0,0.0,19.87,60.01,2.47
2021-12-19 00:00:00,0.0,0.0,19.03,64.36,2.65
2021-12-19 01:00:00,0.0,0.0,18.07,68.93,2.73
2021-12-19 02:00:00,0.0,0.0,17.2,72.63,2.77
2021-12-19 03:00:00,0.0,0.0,16.48,75.02,2.7
2021-12-19 04:00:00,0.0,0.0,15.9,76.12,2.54
2021-12-19 05:00:00,0.0,0.0,15.44,76.26,2.45
2021-12-19 06:00:00,22.1,22.1,15.39,74.47,2.76
2021-12-19 07:00:00,184.93,185.0,17.1,65.6,3.43
2021-12-19 08:00:00,383.7,383.85,20.39,54.36,3.15
2021-12-19 09:00:00,587.15,587.3,24.85,37.72,4.72
2021-12-19 10:00:00,737.1,737.22,28.39,27.66,5.05
2021-12-19 11:00:00,819.22,819.33,30.56,23.81,4.45
2021-12-19 12:00:00,803.25,803.3,31.75,22.13,3.97
2021-12-19 13:00:00,725.88,725.92,32.27,21.5,3.68
2021-12-19 14:00:00,578.5,579.15,32.19,21.61,3.5
2021-12-19 15:00:00,379.75,380.7,31.58,22.87,3.31
2021-12-19 16:00:00,182.9,183.62,29.67,31.8,2.26
2021-12-19 17:00:00,20.95,21.05,25.48,49.54,1.45
2021-12-19 18:00:00,0.0,0.0,23.32,53.17,1.66
2021-12-19 19:00:00,0.0,0.0,22.38,55.16,1.87
2021-12-19 20:00:00,0.0,0.0,21.57,57.38,2.01
2021-12-19 21:00:00,0.0,0.0,20.88,59.62,2.14
2021-12-19 22:00:00,0.0,0.0,20.25,62.05,2.33
2021-12-19 23:00:00,0.0,0.0,19.56,65.17,2.56
2021-12-20 00:00:00,0.0,0.0,18.8,68.68,2.8
2021-12-20 01:00:00,0.0,0.0,17.96,72.2,2.96
2021-12-20 02:00:00,0.0,0.0,17.12,75.38,2.89
2021-12-20 03:00:00,0.0,0.0,16.39,77.94,2.75
2021-12-20 04:00:00,0.0,0.0,15.75,80.08,2.68
2021-12-20 05:00:00,0.0,0.0,15.21,81.5,2.64
2021-12-20 06:00:00,22.35,22.27,15.03,80.67,2.93
2021-12-20 07:00:00,175.65,179.85,16.48,72.65,3.36
2021-12-20 08:00:00,375.8,392.98,19.79,59.11,3.42
2021-12-20 09:00:00,561.42,594.2,23.86,42.29,4.84
2021-12-20 10:00:00,710.55,742.15,27.25,31.99,5.25
2021-12-20 11:00:00,789.58,814.92,29.44,27.73,4.75
2021-12-20 12:00:00,724.83,773.8,30.71,25.9,4.49
2021-12-20 13:00:00,664.9,691.03,31.22,25.24,4.39
2021-12-20 14:00:00,516.05,540.12,31.11,25.41,4.27
2021-12-20 15:00:00,347.0,357.9,30.36,26.69,4.06
2021-12-20 16:00:00,150.48,152.55,28.58,33.33,3.04
2021-12-20 17:00:00,18.75,18.9,24.68,49.81,1.77
2021-12-20 18:00:00,0.0,0.0,22.62,55.5,1.76
2021-12-20 19:00:00,0.0,0.0,21.81,57.74,1.79
2021-12-20 20:00:00,0.0,0.0,21.12,59.83,1.81
2021-12-20 21:00:00,0.0,0.0,20.51,62.08,1.81
2021-12-20 22:00:00,0.0,0.0,19.96,64.65,1.78
2021-12-20 23:00:00,0.0,0.0,19.46,67.31,1.79
2021-12-21 00:00:00,0.0,0.0,18.99,69.73,1.95
2021-12-21 01:00:00,0.0,0.0,18.56,71.75,2.4
2021-12-21 02:00:00,0.0,0.0,18.01,74.48,2.78
2021-12-21 03:00:00,0.0,0.0,17.4,77.32,2.93
2021-12-21 04:00:00,0.0,0.0,16.87,79.17,2.93
2021-12-21 05:00:00,0.0,0.0,16.43,79.93,2.81
2021-12-21 06:00:00,20.52,20.52,16.29,78.64,2.98
2021-12-21 07:00:00,187.65,187.75,17.69,70.68,3.34
2021-12-21 08:00:00,365.65,365.77,21.01,55.52,3.67
2021-12-21 09:00:00,565.5,565.62,24.84,41.74,4.75
2021-12-21 10:00:00,714.17,714.25,28.3,32.95,5.08
2021-12-21 11:00:00,793.78,793.95,30.9,28.34,4.63
2021-12-21 12:00:00,835.12,835.35,32.51,26.61,4.1
2021-12-21 13:00:00,753.08,753.6,33.33,26.22,3.73
2021-12-21 14:00:00,594.83,596.12,33.46,26.49,3.5
2021-12-21 15:00:00,376.55,378.23,32.99,27.63,3.34
2021-12-21 16:00:00,192.98,194.38,31.35,33.28,2.71
2021-12-21 17:00:00,21.7,21.85,27.24,50.35,1.65
2021-12-21 18:00:00,0.0,0.0,24.98,55.01,1.81
2021-12-21 19:00:00,0.0,0.0,24.12,56.29,1.93
2021-12-21 20:00:00,0.0,0.0,23.34,58.0,1.81
2021-12-21 21:00:00,0.0,0.0,22.68,59.64,1.65
2021-12-21 22:00:00,0.0,0.0,22.1,60.88,1.62
2021-12-21 23:00:00,0.0,0.0,21.53,61.81,1.82
2021-12-22 00:00:00,0.0,0.0,20.86,62.8,2.31
2021-12-22 01:00:00,0.0,0.0,20.45,62.7,3.3
2021-12-22 02:00:00,0.0,0.0,19.5,65.02,3.59
2021-12-22 03:00:00,0.0,0.0,18.58,66.55,3.53
2021-12-22 04:00:00,0.0,0.0,17.67,67.9,3.43
2021-12-22 05:00:00,0.0,0.0,17.0,67.94,3.47
2021-12-22 06:00:00,19.3,19.27,16.78,65.81,3.7
2021-12-22 07:00:00,155.15,156.75,17.91,59.0,3.9
2021-12-22 08:00:00,354.6,359.65,20.48,48.98,3.92
2021-12-22 09:00:00,527.08,542.4,24.07,36.77,5.07
2021-12-22 10:00:00,671.78,691.55,27.36,30.41,5.66
2021-12-22 11:00:00,710.3,766.55,29.99,25.71,5.66
2021-12-22 12:00:00,726.5,728.05,31.7,23.66,5.29
2021-12-22 13:00:00,638.92,639.85,32.43,23.29,4.86
2021-12-22 14:00:00,517.75,533.92,32.47,23.97,4.46
2021-12-22 15:00:00,330.2,344.23,31.8,25.76,4.1
2021-12-22 16:00:00,145.85,148.12,30.09,32.4,2.97
2021-12-22 17:00:00,19.6,19.52,26.32,50.45,1.52
2021-12-22 18:00:00,0.0,0.0,24.34,56.7,1.39
2021-12-22 19:00:00,0.0,0.0,23.77,58.72,1.34
2021-12-22 20:00:00,0.0,0.0,23.18,60.15,1.33
2021-12-22 21:00:00,0.0,0.0,22.66,61.55,1.35
2021-12-22 22:00:00,0.0,0.0,22.08,63.57,1.45
2021-12-22 23:00:00,0.0,0.0,21.59,65.3,1.75
2021-12-23 00:00:00,0.0,0.0,20.66,68.73,2.16
2021-12-23 01:00:00,0.0,0.0,19.7,72.98,2.53
2021-12-23 02:00:00,0.0,0.0,18.82,76.42,2.78
2021-12-23 03:00:00,0.0,0.0,17.97,78.46,2.92
2021-12-23 04:00:00,0.0,0.0,17.23,78.62,2.87
2021-12-23 05:00:00,0.0,0.0,16.6,77.92,2.75
2021-12-23 06:00:00,20.08,20.08,16.28,76.15,2.93
2021-12-23 07:00:00,188.8,189.0,17.53,68.41,3.29
2021-12-23 08:00:00,374.65,374.92,20.69,54.77,3.31
2021-12-23 09:00:00,580.33,580.53,24.95,39.34,4.43
2021-12-23 10:00:00,731.88,731.88,28.82,29.55,5.3
2021-12-23 11:00:00,812.65,812.65,31.36,25.52,5.29
2021-12-23 12:00:00,822.97,822.97,32.91,24.07,4.92
2021-12-23 13:00:00,735.42,735.42,33.75,23.54,4.52
2021-12-23 14:00:00,581.58,581.75,33.92,23.77,4.13
2021-12-23 15:00:00,377.2,377.52,33.39,25.0,3.76
2021-12-23 16:00:00,199.52,199.93,31.6,32.46,2.62
2021-12-23 17:00:00,22.55,22.58,27.22,50.34,1.53
2021-12-23 18:00:00,0.0,0.0,24.88,55.36,1.61
2021-12-23 19:00:00,0.0,0.0,23.92,57.73,1.65
2021-12-23 20:00:00,0.0,0.0,23.12,60.01,1.63
2021-12-23 21:00:00,0.0,0.0,22.38,62.2,1.61
2021-12-23 22:00:00,0.0,0.0,21.63,64.74,1.64
2021-12-23 23:00:00,0.0,0.0,20.85,67.7,1.77
2021-12-24 00:00:00,0.0,0.0,20.01,71.29,1.89
2021-12-24 01:00:00,0.0,0.0,19.17,74.95,1.94
2021-12-24 02:00:00,0.0,0.0,18.41,78.22,2.01
2021-12-24 03:00:00,0.0,0.0,17.97,79.67,2.29
2021-12-24 04:00:00,0.0,0.0,17.51,80.71,2.52
2021-12-24 05:00:00,0.0,0.0,17.03,81.37,2.64
2021-12-24 06:00:00,17.0,17.05,16.79,80.73,2.86
2021-12-24 07:00:00,154.77,155.38,18.16,73.46,3.09
2021-12-24 08:00:00,353.15,354.23,21.51,59.38,3.02
2021-12-24 09:00:00,495.6,496.62,25.48,45.03,3.85
2021-12-24 10:00:00,636.28,636.9,29.27,33.76,4.2
2021-12-24 11:00:00,715.78,715.78,32.02,27.81,3.79
2021-12-24 12:00:00,824.4,824.4,33.44,25.89,3.21
2021-12-24 13:00:00,742.88,742.88,34.11,24.95,2.84
2021-12-24 14:00:00,586.38,586.38,34.17,24.79,2.6
2021-12-24 15:00:00,386.85,386.9,33.63,25.51,2.38
2021-12-24 16:00:00,188.5,188.57,32.22,30.91,1.7
2021-12-24 17:00:00,23.48,23.5,28.43,50.32,1.01
2021-12-24 18:00:00,0.0,0.0,26.36,53.22,1.11
2021-12-24 19:00:00,0.0,0.0,25.35,55.87,1.1
2021-12-24 20:00:00,0.0,0.0,24.5,58.21,1.09
2021-12-24 21:00:00,0.0,0.0,23.79,60.09,1.08
2021-12-24 22:00:00,0.0,0.0,23.15,61.62,1.07
2021-12-24 23:00:00,0.0,0.0,22.54,63.24,1.07
2021-12-25 00:00:00,0.0,0.0,22.15,65.16,1.05
2021-12-25 01:00:00,0.0,0.0,21.7,66.64,1.06
2021-12-25 02:00:00,0.0,0.0,21.2,68.0,1.11
2021-12-25 03:00:00,0.0,0.0,20.78,68.82,1.32
2021-12-25 04:00:00,0.0,0.0,20.49,69.18,1.79
2021-12-25 05:00:00,0.0,0.0,20.0,71.08,2.3
2021-12-25 06:00:00,17.58,17.6,19.57,73.34,2.52
2021-12-25 07:00:00,173.93,173.98,20.75,68.03,3.12
2021-12-25 08:00:00,335.55,335.62,23.25,60.38,2.68
2021-12-25 09:00:00,529.05,529.08,27.23,46.68,3.22
2021-12-25 10:00:00,676.15,676.15,30.95,35.27,3.46
2021-12-25 11:00:00,759.58,760.25,33.38,29.09,3.32
2021-12-25 12:00:00,772.03,773.38,34.58,26.87,3.3
2021-12-25 13:00:00,664.8,702.7,35.12,25.87,3.31
2021-12-25 14:00:00,543.72,546.17,35.11,25.75,3.28
2021-12-25 15:00:00,355.65,362.75,34.37,26.94,3.11
2021-12-25 16:00:00,163.45,165.1,32.78,33.04,2.25
2021-12-25 17:00:00,22.88,22.3,29.32,49.83,1.31
2021-12-25 18:00:00,0.0,0.0,27.77,52.81,1.36
2021-12-25 19:00:00,0.0,0.0,27.05,53.73,1.39
2021-12-25 20:00:00,0.0,0.0,26.32,54.85,1.33
2021-12-25 21:00:00,0.0,0.0,25.66,55.99,1.21
2021-12-25 22:00:00,0.0,0.0,24.71,56.73,1.16
2021-12-25 23:00:00,0.0,0.0,23.77,57.73,1.22
2021-12-26 00:00:00,0.0,0.0,22.78,59.95,1.33
2021-12-26 01:00:00,0.0,0.0,21.87,62.44,1.56
2021-12-26 02:00:00,0.0,0.0,21.09,64.84,1.89
2021-12-26 03:00:00,0.0,0.0,20.33,67.61,2.18
2021-12-26 04:00:00,0.0,0.0,19.64,70.3,2.39
2021-12-26 05:00:00,0.0,0.0,19.0,72.83,2.58
2021-12-26 06:00:00,18.35,18.3,18.63,74.45,2.99
2021-12-26 07:00:00,183.05,183.65,19.86,69.28,3.43
2021-12-26 08:00:00,360.45,361.1,22.62,59.05,2.98
2021-12-26 09:00:00,561.85,562.35,26.19,44.2,3.67
2021-12-26 10:00:00,712.83,712.83,29.49,33.76,4.01
2021-12-26 11:00:00,767.14,789.57,32.36,26.1,4.06
2021-12-26 12:00:00,873.22,873.22,33.98,22.79,3.76
2021-12-26 13:00:00,799.92,799.92,34.67,21.23,3.64
2021-12-26 14:00:00,651.12,652.2,34.74,20.68,3.65
2021-12-26 15:00:00,447.4,449.0,34.14,21.34,3.61
2021-12-26 16:00:00,222.5,223.77,32.26,28.23,2.6
2021-12-26 17:00:00,30.1,30.27,27.74,46.55,1.46
2021-12-26 18:00:00,0.0,0.0,25.34,51.77,1.43
2021-12-26 19:00:00,0.0,0.0,24.54,53.89,1.39
2021-12-26 20:00:00,0.0,0.0,24.04,55.15,1.39
2021-12-26 21:00:00,0.0,0.0,23.62,55.45,1.54
2021-12-26 22:00:00,0.0,0.0,22.91,55.34,1.86
2021-12-26 23:00:00,0.0,0.0,22.17,54.74,2.42
2021-12-27 00:00:00,0.0,0.0,21.35,54.12,2.98
2021-12-27 01:00:00,0.0,0.0,20.46,54.18,3.09
2021-12-27 02:00:00,0.0,0.0,19.83,53.64,3.28
2021-12-27 03:00:00,0.0,0.0,19.24,53.65,3.35
2021-12-27 04:00:00,0.0,0.0,18.69,54.45,3.26
2021-12-27 05:00:00,0.0,0.0,18.21,55.85,3.18
2021-12-27 06:00:00,20.17,20.2,17.96,56.45,3.42
2021-12-27 07:00:00,196.25,196.65,18.63,54.17,3.75
2021-12-27 08:00:00,409.7,410.05,20.47,49.86,3.54
2021-12-27 09:00:00,543.51,559.61,23.93,38.94,4.22
2021-12-27 10:00:00,767.45,767.55,27.91,28.27,5.39
2021-12-27 11:00:00,847.8,847.95,30.84,22.79,5.53
2021-12-27 12:00:00,818.47,818.72,32.51,20.77,5.04
2021-12-27 13:00:00,739.95,740.3,33.33,20.25,4.52
2021-12-27 14:00:00,589.15,591.12,33.51,20.43,4.14
2021-12-27 15:00:00,395.7,399.8,32.94,21.57,3.84
2021-12-27 16:00:00,185.43,186.68,31.02,29.53,2.51
2021-12-27 17:00:00,25.3,25.3,27.2,47.33,1.3
2021-12-27 18:00:00,0.0,0.0,25.45,52.19,1.23
2021-12-27 19:00:00,0.0,0.0,24.72,54.4,1.2
2021-12-27 20:00:00,0.0,0.0,24.06,56.21,1.2
2021-12-27 21:00:00,0.0,0.0,23.31,57.7,1.29
2021-12-27 22:00:00,0.0,0.0,22.6,58.55,1.51
2021-12-27 23:00:00,0.0,0.0,21.92,59.26,1.87
2021-12-28 00:00:00,0.0,0.0,21.22,60.65,2.26
2021-12-28 01:00:00,0.0,0.0,20.22,63.4,2.32
2021-12-28 02:00:00,0.0,0.0,19.23,65.85,2.41
2021-12-28 03:00:00,0.0,0.0,18.71,65.9,2.87
2021-12-28 04:00:00,0.0,0.0,18.36,65.59,3.22
2021-12-28 05:00:00,0.0,0.0,17.87,66.51,3.17
2021-12-28 06:00:00,17.0,16.95,17.51,67.14,3.19
2021-12-28 07:00:00,146.02,159.9,18.24,63.34,3.38
2021-12-28 08:00:00,305.48,368.15,20.37,55.98,3.01
2021-12-28 09:00:00,451.1,571.17,24.27,40.23,3.97
2021-12-28 10:00:00,597.38,726.65,27.82,30.31,5.02
2021-12-28 11:00:00,630.85,812.38,30.78,23.6,5.57
2021-12-28 12:00:00,670.9,832.85,32.25,21.1,5.38
2021-12-28 13:00:00,605.38,759.72,32.61,20.71,5.0
2021-12-28 14:00:00,467.1,614.9,32.69,20.79,4.74
2021-12-28 15:00:00,319.8,415.17,32.3,21.58,4.51
2021-12-28 16:00:00,163.57,197.82,30.68,26.38,3.51
2021-12-28 17:00:00,27.77,27.27,26.36,43.43,1.77
2021-12-28 18:00:00,0.0,0.0,23.98,49.82,1.69
2021-12-28 19:00:00,0.0,0.0,23.32,51.23,1.73
2021-12-28 20:00:00,0.0,0.0,23.11,50.74,1.94
2021-12-28 21:00:00,0.0,0.0,22.84,49.82,2.23
2021-12-28 22:00:00,0.0,0.0,21.62,53.6,1.99
2021-12-28 23:00:00,0.0,0.0,20.35,59.2,1.62
2021-12-29 00:00:00,0.0,0.0,19.63,62.64,1.59
2021-12-29 01:00:00,0.0,0.0,19.21,64.63,1.94
2021-12-29 02:00:00,0.0,0.0,18.85,66.66,2.5
2021-12-29 03:00:00,0.0,0.0,18.45,69.17,2.8
2021-12-29 04:00:00,0.0,0.0,17.91,72.49,2.73
2021-12-29 05:00:00,0.0,0.0,17.49,75.08,2.73
2021-12-29 06:00:00,17.35,17.02,17.36,76.06,2.97
2021-12-29 07:00:00,158.55,161.35,18.76,70.43,3.3
2021-12-29 08:00:00,358.77,370.4,22.0,58.23,3.17
2021-12-29 09:00:00,560.22,572.38,26.45,41.39,4.41
2021-12-29 10:00:00,689.85,725.08,30.07,31.1,5.16
2021-12-29 11:00:00,778.58,806.5,32.03,27.79,4.83
2021-12-29 12:00:00,794.47,821.85,33.14,26.17,4.46
2021-12-29 13:00:00,724.95,746.72,33.64,25.23,4.29
2021-12-29 14:00:00,569.5,601.45,33.6,25.21,4.21
2021-12-29 15:00:00,383.85,402.77,32.97,26.42,4.11
2021-12-29 16:00:00,187.65,190.43,31.52,31.16,3.27
2021-12-29 17:00:00,26.48,26.77,27.66,47.56,1.75
2021-12-29 18:00:00,0.0,0.0,25.53,53.67,1.8
2021-12-29 19:00:00,0.0,0.0,24.68,55.86,1.93
2021-12-29 20:00:00,0.0,0.0,23.95,58.09,1.95
2021-12-29 21:00:00,0.0,0.0,23.34,60.17,1.98
2021-12-29 22:00:00,0.0,0.0,22.85,62.42,2.07
2021-12-29 23:00:00,0.0,0.0,22.4,65.99,2.15
2021-12-30 00:00:00,0.0,0.0,22.01,70.28,2.3
2021-12-30 01:00:00,0.0,0.0,21.6,74.36,2.5
2021-12-30 02:00:00,0.0,0.0,21.14,77.15,2.8
2021-12-30 03:00:00,0.0,0.0,20.54,78.48,3.22
2021-12-30 04:00:00,0.0,0.0,19.78,79.06,3.39
2021-12-30 05:00:00,0.0,0.0,19.01,78.89,3.35
2021-12-30 06:00:00,16.2,16.23,18.49,77.03,3.38
2021-12-30 07:00:00,170.75,171.43,19.54,69.28,3.36
2021-12-30 08:00:00,353.12,354.85,22.76,53.69,3.46
2021-12-30 09:00:00,553.5,556.55,26.82,37.64,4.2
2021-12-30 10:00:00,712.35,713.38,30.64,28.82,4.32
2021-12-30 11:00:00,795.42,797.45,32.46,25.65,4.11
2021-12-30 12:00:00,850.42,852.47,33.49,22.31,4.05
2021-12-30 13:00:00,777.78,781.67,33.95,19.91,4.06
2021-12-30 14:00:00,634.6,639.88,33.84,18.76,4.09
2021-12-30 15:00:00,437.42,440.83,33.11,18.95,4.04
2021-12-30 16:00:00,221.73,223.57,31.41,23.06,3.25
2021-12-30 17:00:00,31.83,31.95,26.91,40.29,1.73
2021-12-30 18:00:00,0.0,0.0,24.41,45.93,1.68
2021-12-30 19:00:00,0.0,0.0,23.39,47.94,1.63
2021-12-30 20:00:00,0.0,0.0,22.49,49.79,1.54
2021-12-30 21:00:00,0.0,0.0,21.67,51.5,1.5
2021-12-30 22:00:00,0.0,0.0,20.83,53.12,1.57
2021-12-30 23:00:00,0.0,0.0,19.99,54.52,1.84
2021-12-31 00:00:00,0.0,0.0,19.17,56.08,2.33
2021-12-31 01:00:00,0.0,0.0,18.28,58.45,2.81
2021-12-31 02:00:00,0.0,0.0,17.32,61.6,2.91
2021-12-31 03:00:00,0.0,0.0,16.55,64.51,2.93
2021-12-31 04:00:00,0.0,0.0,15.94,67.27,2.97
2021-12-31 05:00:00,0.0,0.0,15.41,69.98,2.89
2021-12-31 06:00:00,17.38,17.38,15.31,70.94,3.13
2021-12-31 07:00:00,186.35,186.65,17.14,64.15,3.61
2021-12-31 08:00:00,385.95,386.35,20.71,53.75,3.04
2021-12-31 09:00:00,591.75,592.12,25.81,37.21,4.08
2021-12-31 10:00:00,742.97,743.28,30.27,24.86,5.06
2021-12-31 11:00:00,823.88,824.12,32.45,20.84,4.51
2021-12-31 12:00:00,849.95,865.0,33.45,19.38,3.91
2021-12-31 13:00:00,786.55,788.53,33.56,19.12,3.43
2021-12-31 14:00:00,644.22,645.0,33.35,19.39,3.15
2021-12-31 15:00:00,431.92,433.55,32.73,20.56,2.93
2021-12-31 16:00:00,203.55,204.2,31.18,27.25,2.04
2021-12-31 17:00:00,32.03,32.08,27.12,45.96,1.24
2021-12-31 18:00:00,0.0,0.0,24.9,48.89,1.37
2021-12-31 19:00:00,0.0,0.0,23.95,50.74,1.42
2021-12-31 20:00:00,0.0,0.0,23.1,52.88,1.38
2021-12-31 21:00:00,0.0,0.0,22.45,54.66,1.35
2021-12-31 22:00:00,0.0,0.0,22.0,55.98,1.3
2021-12-31 23:00:00,0.0,0.0,21.46,57.36,1.3
