,ghi_w_m2,ghi_clear_w_m2,temp_c,humidity_pct,wind_speed_ms
2023-01-01 00:00:00,0.0,0.0,15.47,70.47,2.11
2023-01-01 01:00:00,0.0,0.0,14.47,73.89,2.02
2023-01-01 02:00:00,0.0,0.0,13.58,76.33,1.97
2023-01-01 03:00:00,0.0,0.0,12.87,77.83,1.97
2023-01-01 04:00:00,0.0,0.0,12.3,78.93,2.01
2023-01-01 05:00:00,0.0,0.0,11.79,80.07,2.01
2023-01-01 06:00:00,15.73,15.55,11.8,78.92,2.29
2023-01-01 07:00:00,147.2,149.07,13.7,69.22,3.14
2023-01-01 08:00:00,342.55,348.08,16.74,60.2,2.5
2023-01-01 09:00:00,542.58,545.45,21.3,43.02,3.29
2023-01-01 10:00:00,698.0,700.2,25.01,32.91,3.95
2023-01-01 11:00:00,783.83,785.28,27.99,26.26,3.7
2023-01-01 12:00:00,830.47,831.2,29.67,24.07,3.03
2023-01-01 13:00:00,756.33,756.33,30.34,23.69,2.6
2023-01-01 14:00:00,607.67,608.2,30.35,24.13,2.4
2023-01-01 15:00:00,407.3,408.08,29.7,25.92,2.34
2023-01-01 16:00:00,190.8,191.35,27.66,38.17,1.61
2023-01-01 17:00:00,30.05,30.15,23.39,57.05,1.34
2023-01-01 18:00:00,0.0,0.0,21.25,58.65,1.55
2023-01-01 19:00:00,0.0,0.0,20.34,60.02,1.67
2023-01-01 20:00:00,0.0,0.0,19.58,61.42,1.66
2023-01-01 21:00:00,0.0,0.0,18.92,62.71,1.56
2023-01-01 22:00:00,0.0,0.0,18.31,63.78,1.49
2023-01-01 23:00:00,0.0,0.0,17.64,65.01,1.48
2023-01-02 00:00:00,0.0,0.0,16.88,66.63,1.58
2023-01-02 01:00:00,0.0,0.0,16.11,68.22,1.81
2023-01-02 02:00:00,0.0,0.0,15.27,70.52,1.99
2023-01-02 03:00:00,0.0,0.0,14.42,73.16,2.08
2023-01-02 04:00:00,0.0,0.0,13.65,75.92,2.05
2023-01-02 05:00:00,0.0,0.0,13.0,78.3,2.04
2023-01-02 06:00:00,16.05,16.05,12.96,77.49,2.54
2023-01-02 07:00:00,173.27,173.38,14.69,68.81,3.55
2023-01-02 08:00:00,362.98,363.15,17.59,60.19,3.03
2023-01-02 09:00:00,563.88,564.08,21.91,44.93,3.78
2023-01-02 10:00:00,717.2,717.35,25.46,36.46,4.11
2023-01-02 11:00:00,802.35,802.47,28.8,28.07,4.01
2023-01-02 12:00:00,802.67,802.75,30.56,25.56,3.32
2023-01-02 13:00:00,727.25,727.3,31.18,25.35,2.91
2023-01-02 14:00:00,579.28,579.92,31.14,25.75,2.76
2023-01-02 15:00:00,381.7,382.65,30.46,27.49,2.74
2023-01-02 16:00:00,208.3,209.2,28.39,39.59,1.84
2023-01-02 17:00:00,28.48,28.6,24.14,57.81,1.36
2023-01-02 18:00:00,0.0,0.0,21.96,60.26,1.49
2023-01-02 19:00:00,0.0,0.0,21.05,61.61,1.55
2023-01-02 20:00:00,0.0,0.0,20.31,62.59,1.56
2023-01-02 21:00:00,0.0,0.0,19.68,63.24,1.55
2023-01-02 22:00:00,0.0,0.0,19.06,63.93,1.58
2023-01-02 23:00:00,0.0,0.0,18.44,64.5,1.71
2023-01-03 00:00:00,0.0,0.0,17.81,64.99,2.0
2023-01-03 01:00:00,0.0,0.0,17.13,65.96,2.42
2023-01-03 02:00:00,0.0,0.0,16.28,68.41,2.75
2023-01-03 03:00:00,0.0,0.0,15.36,71.84,2.89
2023-01-03 04:00:00,0.0,0.0,14.58,75.0,2.97
2023-01-03 05:00:00,0.0,0.0,13.93,77.56,3.06
2023-01-03 06:00:00,13.02,13.05,13.6,78.48,3.35
2023-01-03 07:00:00,142.0,142.18,14.75,72.99,3.76
2023-01-03 08:00:00,297.73,298.08,17.51,63.53,3.39
2023-01-03 09:00:00,480.33,480.8,21.85,47.6,4.26
2023-01-03 10:00:00,626.65,627.15,25.37,38.53,4.79
2023-01-03 11:00:00,708.75,709.1,28.39,30.52,4.94
2023-01-03 12:00:00,711.6,711.83,30.34,26.66,4.56
2023-01-03 13:00:00,636.72,636.78,31.03,26.03,4.09
2023-01-03 14:00:00,500.5,500.73,31.0,26.55,3.75
2023-01-03 15:00:00,324.7,325.02,30.28,28.69,3.38
2023-01-03 16:00:00,160.4,160.62,28.11,42.41,2.01
2023-01-03 17:00:00,24.73,24.73,24.14,58.74,1.46
2023-01-03 18:00:00,0.0,0.0,22.14,61.84,1.55
2023-01-03 19:00:00,0.0,0.0,21.37,63.39,1.56
2023-01-03 20:00:00,0.0,0.0,20.78,64.53,1.52
2023-01-03 21:00:00,0.0,0.0,20.29,65.59,1.5
2023-01-03 22:00:00,0.0,0.0,19.85,66.69,1.52
2023-01-03 23:00:00,0.0,0.0,19.39,67.97,1.58
2023-01-04 00:00:00,0.0,0.0,18.87,69.61,1.67
2023-01-04 01:00:00,0.0,0.0,18.31,71.53,1.81
2023-01-04 02:00:00,0.0,0.0,17.7,73.75,1.96
2023-01-04 03:00:00,0.0,0.0,17.05,76.43,2.06
2023-01-04 04:00:00,0.0,0.0,16.44,78.88,2.15
2023-01-04 05:00:00,0.0,0.0,15.9,80.91,2.27
2023-01-04 06:00:00,12.48,12.43,15.77,80.84,2.68
2023-01-04 07:00:00,120.68,121.05,16.98,74.74,3.38
2023-01-04 08:00:00,289.7,293.7,19.27,66.89,2.91
2023-01-04 09:00:00,473.15,481.35,22.92,52.21,3.62
2023-01-04 10:00:00,622.17,631.22,25.94,44.03,3.98
2023-01-04 11:00:00,711.35,716.17,28.76,36.29,4.16
2023-01-04 12:00:00,659.97,696.38,30.72,32.64,4.01
2023-01-04 13:00:00,607.97,623.28,31.51,31.82,3.81
2023-01-04 14:00:00,473.27,484.12,31.58,32.29,3.67
2023-01-04 15:00:00,298.92,305.58,30.62,35.49,3.23
2023-01-04 16:00:00,131.18,133.38,28.71,48.57,1.88
2023-01-04 17:00:00,23.52,23.4,25.62,63.5,1.28
2023-01-04 18:00:00,0.0,0.0,23.99,66.5,1.35
2023-01-04 19:00:00,0.0,0.0,23.32,67.54,1.43
2023-01-04 20:00:00,0.0,0.0,22.76,68.26,1.48
2023-01-04 21:00:00,0.0,0.0,22.27,68.87,1.51
2023-01-04 22:00:00,0.0,0.0,21.76,69.89,1.52
2023-01-04 23:00:00,0.0,0.0,21.26,71.04,1.57
2023-01-05 00:00:00,0.0,0.0,20.76,72.39,1.73
2023-01-05 01:00:00,0.0,0.0,20.23,74.35,1.97
2023-01-05 02:00:00,0.0,0.0,19.68,76.89,2.18
2023-01-05 03:00:00,0.0,0.0,19.07,80.01,2.18
2023-01-05 04:00:00,0.0,0.0,18.48,82.98,2.05
2023-01-05 05:00:00,0.0,0.0,17.99,85.15,1.99
2023-01-05 06:00:00,10.55,10.38,17.82,85.57,2.35
2023-01-05 07:00:00,97.85,97.62,18.9,80.15,3.12
2023-01-05 08:00:00,233.27,236.25,21.13,70.6,2.9
2023-01-05 09:00:00,388.1,397.02,24.55,54.1,3.73
2023-01-05 10:00:00,518.75,532.05,27.47,44.42,4.03
2023-01-05 11:00:00,586.78,613.35,30.18,37.49,4.1
2023-01-05 12:00:00,665.2,686.3,31.57,35.82,3.78
2023-01-05 13:00:00,575.0,616.97,32.14,35.6,3.53
2023-01-05 14:00:00,452.52,487.6,32.08,36.39,3.36
2023-01-05 15:00:00,270.77,308.5,31.5,38.44,3.15
2023-01-05 16:00:00,126.78,137.45,29.87,48.64,2.0
2023-01-05 17:00:00,24.67,24.65,26.69,65.86,1.21
2023-01-05 18:00:00,0.0,0.0,25.01,68.96,1.29
2023-01-05 19:00:00,0.0,0.0,24.35,70.21,1.41
2023-01-05 20:00:00,0.0,0.0,23.77,71.3,1.52
2023-01-05 21:00:00,0.0,0.0,23.12,72.73,1.61
2023-01-05 22:00:00,0.0,0.0,22.49,74.46,1.65
2023-01-05 23:00:00,0.0,0.0,21.82,76.82,1.67
2023-01-06 00:00:00,0.0,0.0,21.13,79.5,1.67
2023-01-06 01:00:00,0.0,0.0,20.49,82.14,1.65
2023-01-06 02:00:00,0.0,0.0,19.9,84.63,1.65
2023-01-06 03:00:00,0.0,0.0,19.31,87.58,1.6
2023-01-06 04:00:00,0.0,0.0,18.74,90.94,1.53
2023-01-06 05:00:00,0.0,0.0,18.26,93.18,1.68
2023-01-06 06:00:00,10.43,10.27,18.15,92.67,2.23
2023-01-06 07:00:00,97.88,98.32,19.29,85.14,2.98
2023-01-06 08:00:00,240.8,242.05,21.64,73.19,2.79
2023-01-06 09:00:00,406.1,406.23,25.05,55.25,3.56
2023-01-06 10:00:00,544.88,545.28,28.16,43.71,3.9
2023-01-06 11:00:00,632.75,633.1,30.68,36.34,3.75
2023-01-06 12:00:00,632.55,632.75,31.83,34.04,3.32
2023-01-06 13:00:00,562.15,562.17,32.38,33.16,3.04
2023-01-06 14:00:00,440.9,440.98,32.41,33.21,2.87
2023-01-06 15:00:00,285.52,285.65,31.55,36.41,2.49
2023-01-06 16:00:00,130.93,131.02,29.63,50.4,1.45
2023-01-06 17:00:00,23.52,23.55,26.83,63.7,1.1
2023-01-06 18:00:00,0.0,0.0,25.47,65.22,1.18
2023-01-06 19:00:00,0.0,0.0,24.79,66.66,1.21
2023-01-06 20:00:00,0.0,0.0,24.16,67.9,1.24
2023-01-06 21:00:00,0.0,0.0,23.5,69.3,1.27
2023-01-06 22:00:00,0.0,0.0,22.79,71.02,1.32
2023-01-06 23:00:00,0.0,0.0,22.13,72.89,1.37
2023-01-07 00:00:00,0.0,0.0,21.5,74.93,1.45
2023-01-07 01:00:00,0.0,0.0,20.85,77.44,1.58
2023-01-07 02:00:00,0.0,0.0,20.22,80.24,1.71
2023-01-07 03:00:00,0.0,0.0,19.6,83.26,1.81
2023-01-07 04:00:00,0.0,0.0,19.03,86.16,1.84
2023-01-07 05:00:00,0.0,0.0,18.48,89.09,1.85
2023-01-07 06:00:00,10.45,10.45,18.26,90.09,2.26
2023-01-07 07:00:00,125.53,125.57,19.22,84.62,3.03
2023-01-07 08:00:00,265.12,265.23,21.43,73.05,2.85
2023-01-07 09:00:00,438.38,438.52,24.64,55.61,3.57
2023-01-07 10:00:00,583.25,583.38,27.42,45.25,3.82
2023-01-07 11:00:00,674.75,674.85,30.15,35.98,4.02
2023-01-07 12:00:00,732.45,732.5,31.82,32.18,3.84
2023-01-07 13:00:00,674.08,674.08,32.54,31.1,3.58
2023-01-07 14:00:00,546.2,546.3,32.61,31.3,3.36
2023-01-07 15:00:00,368.55,368.73,32.02,33.37,3.04
2023-01-07 16:00:00,194.15,194.27,30.17,45.56,1.8
2023-01-07 17:00:00,32.35,32.38,26.68,62.19,1.27
2023-01-07 18:00:00,0.0,0.0,24.81,64.71,1.44
2023-01-07 19:00:00,0.0,0.0,23.93,66.26,1.61
2023-01-07 20:00:00,0.0,0.0,23.14,67.7,1.74
2023-01-07 21:00:00,0.0,0.0,22.41,69.05,1.75
2023-01-07 22:00:00,0.0,0.0,21.68,70.24,1.72
2023-01-07 23:00:00,0.0,0.0,20.93,71.31,1.72
2023-01-08 00:00:00,0.0,0.0,20.1,72.62,1.83
2023-01-08 01:00:00,0.0,0.0,19.22,74.04,2.02
2023-01-08 02:00:00,0.0,0.0,18.31,75.72,2.21
2023-01-08 03:00:00,0.0,0.0,17.4,77.33,2.32
2023-01-08 04:00:00,0.0,0.0,16.57,78.7,2.38
2023-01-08 05:00:00,0.0,0.0,15.86,79.59,2.45
2023-01-08 06:00:00,13.12,13.15,15.63,78.33,2.84
2023-01-08 07:00:00,162.02,162.07,17.2,69.79,3.61
2023-01-08 08:00:00,328.48,328.55,20.24,59.66,3.31
2023-01-08 09:00:00,524.3,524.38,24.89,42.55,4.34
2023-01-08 10:00:00,681.17,681.25,28.73,31.0,5.41
2023-01-08 11:00:00,776.67,776.72,31.61,23.33,5.87
2023-01-08 12:00:00,845.78,845.8,33.08,21.58,5.52
2023-01-08 13:00:00,780.42,780.42,33.73,21.79,5.1
2023-01-08 14:00:00,640.97,641.17,33.62,22.61,4.7
2023-01-08 15:00:00,443.75,444.02,32.82,24.46,4.17
2023-01-08 16:00:00,221.38,221.6,30.36,36.91,2.5
2023-01-08 17:00:00,40.0,40.05,25.93,52.63,1.77
2023-01-08 18:00:00,0.0,0.0,23.6,56.2,1.86
2023-01-08 19:00:00,0.0,0.0,22.5,57.45,1.86
2023-01-08 20:00:00,0.0,0.0,21.51,58.66,1.82
2023-01-08 21:00:00,0.0,0.0,20.58,60.7,1.76
2023-01-08 22:00:00,0.0,0.0,19.68,63.43,1.73
2023-01-08 23:00:00,0.0,0.0,18.77,66.69,1.77
2023-01-09 00:00:00,0.0,0.0,17.94,70.17,1.9
2023-01-09 01:00:00,0.0,0.0,17.16,73.53,2.04
2023-01-09 02:00:00,0.0,0.0,16.43,76.67,2.14
2023-01-09 03:00:00,0.0,0.0,15.78,79.03,2.21
2023-01-09 04:00:00,0.0,0.0,15.17,81.0,2.21
2023-01-09 05:00:00,0.0,0.0,14.53,83.48,2.07
2023-01-09 06:00:00,13.65,13.68,14.47,83.76,2.23
2023-01-09 07:00:00,166.7,167.4,16.53,74.54,3.16
2023-01-09 08:00:00,348.85,349.95,19.8,63.82,2.72
2023-01-09 09:00:00,550.65,551.83,24.65,43.81,3.93
2023-01-09 10:00:00,716.03,716.25,28.56,31.16,5.41
2023-01-09 11:00:00,821.1,821.28,31.59,22.44,6.28
2023-01-09 12:00:00,905.92,906.05,33.12,19.97,6.08
2023-01-09 13:00:00,835.88,838.67,33.79,19.28,5.6
2023-01-09 14:00:00,692.42,696.92,33.79,19.33,5.12
2023-01-09 15:00:00,488.35,494.52,33.09,20.76,4.6
2023-01-09 16:00:00,252.75,255.85,30.73,32.19,2.78
2023-01-09 17:00:00,46.85,47.08,26.03,49.63,1.83
2023-01-09 18:00:00,0.0,0.0,23.58,54.23,1.94
2023-01-09 19:00:00,0.0,0.0,22.62,56.31,2.04
2023-01-09 20:00:00,0.0,0.0,21.74,58.17,2.1
2023-01-09 21:00:00,0.0,0.0,20.89,60.34,2.08
2023-01-09 22:00:00,0.0,0.0,20.01,63.65,2.03
2023-01-09 23:00:00,0.0,0.0,19.08,67.81,1.91
2023-01-10 00:00:00,0.0,0.0,18.19,72.14,1.77
2023-01-10 01:00:00,0.0,0.0,17.37,76.11,1.65
2023-01-10 02:00:00,0.0,0.0,16.64,79.44,1.59
2023-01-10 03:00:00,0.0,0.0,15.98,82.67,1.69
2023-01-10 04:00:00,0.0,0.0,15.43,85.65,1.96
2023-01-10 05:00:00,0.0,0.0,14.94,88.24,2.26
2023-01-10 06:00:00,14.8,14.82,14.89,88.29,2.7
2023-01-10 07:00:00,175.75,175.95,16.73,79.13,3.28
2023-01-10 08:00:00,387.85,388.12,20.0,66.73,2.66
2023-01-10 09:00:00,597.17,597.35,24.79,44.85,3.83
2023-01-10 10:00:00,758.78,758.9,28.73,30.97,4.93
2023-01-10 11:00:00,851.67,851.72,31.51,23.44,5.3
2023-01-10 12:00:00,874.97,874.97,32.79,21.91,4.88
2023-01-10 13:00:00,809.1,809.1,33.28,21.79,4.48
2023-01-10 14:00:00,669.88,669.88,33.18,22.45,4.12
2023-01-10 15:00:00,472.08,473.2,32.57,24.16,3.72
2023-01-10 16:00:00,242.7,244.0,30.7,34.17,2.26
2023-01-10 17:00:00,45.33,45.62,26.35,54.57,1.37
2023-01-10 18:00:00,0.0,0.0,24.02,57.66,1.5
2023-01-10 19:00:00,0.0,0.0,23.09,59.41,1.62
2023-01-10 20:00:00,0.0,0.0,22.45,60.99,1.66
2023-01-10 21:00:00,0.0,0.0,21.8,62.81,1.67
2023-01-10 22:00:00,0.0,0.0,21.07,64.92,1.71
2023-01-10 23:00:00,0.0,0.0,20.24,68.25,1.78
2023-01-11 00:00:00,0.0,0.0,19.31,72.78,1.87
2023-01-11 01:00:00,0.0,0.0,18.32,78.21,1.91
2023-01-11 02:00:00,0.0,0.0,17.33,83.93,1.89
2023-01-11 03:00:00,0.0,0.0,16.48,89.0,1.89
2023-01-11 04:00:00,0.0,0.0,15.78,92.73,2.0
2023-01-11 05:00:00,0.0,0.0,15.13,95.71,2.07
2023-01-11 06:00:00,13.07,13.12,15.01,94.49,2.49
2023-01-11 07:00:00,157.2,158.57,16.78,82.78,3.19
2023-01-11 08:00:00,336.38,338.08,19.95,65.64,2.98
2023-01-11 09:00:00,508.23,512.17,24.06,44.78,4.05
2023-01-11 10:00:00,648.85,650.88,27.56,33.87,4.69
2023-01-11 11:00:00,736.88,738.25,30.51,26.11,4.77
2023-01-11 12:00:00,756.4,757.1,32.24,23.38,4.33
2023-01-11 13:00:00,678.35,680.92,32.89,22.51,3.89
2023-01-11 14:00:00,531.85,534.42,32.85,22.58,3.57
2023-01-11 15:00:00,405.23,405.73,32.08,24.13,3.31
2023-01-11 16:00:00,188.05,188.38,30.02,34.2,2.16
2023-01-11 17:00:00,33.55,33.6,25.78,53.46,1.44
2023-01-11 18:00:00,0.0,0.0,23.7,56.75,1.53
2023-01-11 19:00:00,0.0,0.0,22.84,58.98,1.55
2023-01-11 20:00:00,0.0,0.0,22.13,60.98,1.54
2023-01-11 21:00:00,0.0,0.0,21.51,62.48,1.55
2023-01-11 22:00:00,0.0,0.0,20.94,63.8,1.57
2023-01-11 23:00:00,0.0,0.0,20.37,65.06,1.66
2023-01-12 00:00:00,0.0,0.0,19.76,66.71,1.81
2023-01-12 01:00:00,0.0,0.0,19.17,69.16,1.97
2023-01-12 02:00:00,0.0,0.0,18.55,72.67,2.07
2023-01-12 03:00:00,0.0,0.0,17.9,76.69,2.03
2023-01-12 04:00:00,0.0,0.0,17.18,80.84,1.93
2023-01-12 05:00:00,0.0,0.0,16.56,83.85,1.94
2023-01-12 06:00:00,10.38,10.35,16.42,84.14,2.42
2023-01-12 07:00:00,105.32,105.57,17.69,77.14,3.43
2023-01-12 08:00:00,268.95,269.98,20.05,67.27,3.14
2023-01-12 09:00:00,426.77,430.52,23.89,48.79,4.0
2023-01-12 10:00:00,574.5,577.85,27.39,36.67,4.83
2023-01-12 11:00:00,688.0,689.8,30.32,28.28,4.85
2023-01-12 12:00:00,783.83,785.42,31.92,25.79,4.41
2023-01-12 13:00:00,707.53,709.25,32.64,24.87,4.07
2023-01-12 14:00:00,562.2,564.38,32.62,25.16,3.91
2023-01-12 15:00:00,364.3,373.2,31.86,26.97,3.69
2023-01-12 16:00:00,183.95,184.35,29.69,38.29,2.42
2023-01-12 17:00:00,35.03,34.6,25.87,53.88,1.71
2023-01-12 18:00:00,0.0,0.0,24.05,57.74,1.81
2023-01-12 19:00:00,0.0,0.0,23.37,59.27,1.84
2023-01-12 20:00:00,0.0,0.0,22.69,61.0,1.79
2023-01-12 21:00:00,0.0,0.0,22.02,63.0,1.72
2023-01-12 22:00:00,0.0,0.0,21.39,65.58,1.66
2023-01-12 23:00:00,0.0,0.0,20.96,68.07,1.66
2023-01-13 00:00:00,0.0,0.0,20.52,70.36,1.77
2023-01-13 01:00:00,0.0,0.0,19.95,72.97,2.01
2023-01-13 02:00:00,0.0,0.0,19.22,76.4,2.21
2023-01-13 03:00:00,0.0,0.0,18.45,79.79,2.31
2023-01-13 04:00:00,0.0,0.0,17.77,82.21,2.45
2023-01-13 05:00:00,0.0,0.0,17.2,83.66,2.56
2023-01-13 06:00:00,10.8,10.82,16.97,82.66,2.91
2023-01-13 07:00:00,114.12,117.1,17.83,76.11,3.36
2023-01-13 08:00:00,283.42,303.48,19.66,67.3,3.08
2023-01-13 09:00:00,432.75,484.27,22.78,50.44,3.65
2023-01-13 10:00:00,565.17,645.65,25.8,37.74,4.53
2023-01-13 11:00:00,681.97,743.28,28.53,29.13,4.91
2023-01-13 12:00:00,759.97,777.17,30.53,25.64,4.65
2023-01-13 13:00:00,692.58,712.2,31.52,24.55,4.26
2023-01-13 14:00:00,540.72,574.72,31.61,24.75,3.97
2023-01-13 15:00:00,366.3,385.83,31.02,26.05,3.75
2023-01-13 16:00:00,191.8,193.77,29.26,33.8,2.83
2023-01-13 17:00:00,36.92,36.58,25.12,51.75,1.71
2023-01-13 18:00:00,0.0,0.0,22.77,56.16,1.78
2023-01-13 19:00:00,0.0,0.0,21.79,57.71,1.76
2023-01-13 20:00:00,0.0,0.0,20.94,59.57,1.63
2023-01-13 21:00:00,0.0,0.0,20.22,61.09,1.51
2023-01-13 22:00:00,0.0,0.0,19.54,62.25,1.48
2023-01-13 23:00:00,0.0,0.0,18.81,63.52,1.52
2023-01-14 00:00:00,0.0,0.0,18.02,65.34,1.63
2023-01-14 01:00:00,0.0,0.0,17.21,67.37,1.82
2023-01-14 02:00:00,0.0,0.0,16.41,69.58,2.02
2023-01-14 03:00:00,0.0,0.0,15.65,71.81,2.16
2023-01-14 04:00:00,0.0,0.0,14.96,73.41,2.21
2023-01-14 05:00:00,0.0,0.0,14.31,74.74,2.2
2023-01-14 06:00:00,12.25,12.25,14.23,73.62,2.46
2023-01-14 07:00:00,164.48,164.52,16.28,63.29,3.46
2023-01-14 08:00:00,364.08,364.17,19.36,54.99,2.78
2023-01-14 09:00:00,540.25,540.38,24.29,39.22,3.58
2023-01-14 10:00:00,704.62,704.72,28.92,24.67,5.09
2023-01-14 11:00:00,801.95,802.0,31.1,21.3,4.66
2023-01-14 12:00:00,871.53,871.53,32.13,20.73,4.02
2023-01-14 13:00:00,802.8,803.0,32.58,20.61,3.5
2023-01-14 14:00:00,659.5,659.8,32.43,21.0,3.18
2023-01-14 15:00:00,458.1,458.48,31.77,22.16,2.98
2023-01-14 16:00:00,232.18,232.45,30.16,28.17,2.21
2023-01-14 17:00:00,46.53,46.6,25.77,50.38,1.26
2023-01-14 18:00:00,0.0,0.0,23.36,53.34,1.35
2023-01-14 19:00:00,0.0,0.0,22.46,54.85,1.38
2023-01-14 20:00:00,0.0,0.0,21.78,56.17,1.37
2023-01-14 21:00:00,0.0,0.0,21.23,57.73,1.36
2023-01-14 22:00:00,0.0,0.0,20.65,59.3,1.36
2023-01-14 23:00:00,0.0,0.0,20.12,60.58,1.35
2023-01-15 00:00:00,0.0,0.0,19.57,62.31,1.32
2023-01-15 01:00:00,0.0,0.0,18.84,64.81,1.31
2023-01-15 02:00:00,0.0,0.0,18.04,68.05,1.31
2023-01-15 03:00:00,0.0,0.0,17.34,71.36,1.37
2023-01-15 04:00:00,0.0,0.0,16.76,74.46,1.46
2023-01-15 05:00:00,0.0,0.0,16.32,77.12,1.58
2023-01-15 06:00:00,12.45,12.4,16.57,77.12,1.97
2023-01-15 07:00:00,137.32,143.82,18.57,68.4,3.4
2023-01-15 08:00:00,311.45,350.5,20.85,61.92,3.16
2023-01-15 09:00:00,488.45,556.05,24.32,47.61,3.36
2023-01-15 10:00:00,654.08,714.8,27.04,39.31,3.49
2023-01-15 11:00:00,676.0,805.83,29.84,30.76,3.5
2023-01-15 12:00:00,697.0,796.08,31.34,28.04,3.17
2023-01-15 13:00:00,644.17,723.28,31.91,27.62,2.82
2023-01-15 14:00:00,505.17,584.28,31.98,28.03,2.59
2023-01-15 15:00:00,326.8,392.92,31.51,29.46,2.45
2023-01-15 16:00:00,184.85,195.85,30.01,37.96,1.66
2023-01-15 17:00:00,36.75,37.28,26.36,57.37,1.19
2023-01-15 18:00:00,0.0,0.0,24.24,58.89,1.38
2023-01-15 19:00:00,0.0,0.0,23.32,59.87,1.53
2023-01-15 20:00:00,0.0,0.0,22.55,60.81,1.61
2023-01-15 21:00:00,0.0,0.0,21.9,61.66,1.63
2023-01-15 22:00:00,0.0,0.0,21.31,62.47,1.62
2023-01-15 23:00:00,0.0,0.0,20.75,63.6,1.62
2023-01-16 00:00:00,0.0,0.0,20.22,65.21,1.65
2023-01-16 01:00:00,0.0,0.0,19.73,67.17,1.76
2023-01-16 02:00:00,0.0,0.0,19.28,69.12,1.98
2023-01-16 03:00:00,0.0,0.0,18.83,71.31,2.24
2023-01-16 04:00:00,0.0,0.0,18.31,74.07,2.39
2023-01-16 05:00:00,0.0,0.0,17.78,76.86,2.4
2023-01-16 06:00:00,10.65,10.65,17.55,77.8,2.55
2023-01-16 07:00:00,128.65,128.98,18.47,72.74,3.19
2023-01-16 08:00:00,338.2,339.33,20.56,65.16,2.91
2023-01-16 09:00:00,483.55,485.2,24.4,48.8,3.61
2023-01-16 10:00:00,637.42,638.35,28.18,35.0,4.7
2023-01-16 11:00:00,737.53,739.97,31.21,25.76,5.27
2023-01-16 12:00:00,846.05,847.45,32.73,23.3,5.17
2023-01-16 13:00:00,785.3,785.35,33.3,22.57,4.93
2023-01-16 14:00:00,647.22,647.97,33.25,22.71,4.69
2023-01-16 15:00:00,450.88,451.35,32.55,23.9,4.37
2023-01-16 16:00:00,230.27,230.55,30.76,30.97,3.11
2023-01-16 17:00:00,47.8,47.85,26.33,50.36,1.7
2023-01-16 18:00:00,0.0,0.0,23.92,56.11,1.71
2023-01-16 19:00:00,0.0,0.0,22.96,58.39,1.76
2023-01-16 20:00:00,0.0,0.0,22.1,60.27,1.8
2023-01-16 21:00:00,0.0,0.0,21.3,62.06,1.79
2023-01-16 22:00:00,0.0,0.0,20.53,63.88,1.78
2023-01-16 23:00:00,0.0,0.0,19.8,65.65,1.79
2023-01-17 00:00:00,0.0,0.0,19.09,67.72,1.82
2023-01-17 01:00:00,0.0,0.0,18.35,70.43,1.85
2023-01-17 02:00:00,0.0,0.0,17.59,73.94,1.9
2023-01-17 03:00:00,0.0,0.0,16.88,77.92,1.97
2023-01-17 04:00:00,0.0,0.0,16.24,81.61,1.99
2023-01-17 05:00:00,0.0,0.0,15.68,84.63,1.95
2023-01-17 06:00:00,12.73,12.75,15.73,84.14,2.43
2023-01-17 07:00:00,165.57,165.73,17.65,74.78,3.32
2023-01-17 08:00:00,365.0,365.25,21.02,61.75,3.1
2023-01-17 09:00:00,573.97,574.28,25.74,41.63,4.36
2023-01-17 10:00:00,736.8,737.08,29.91,27.07,5.55
2023-01-17 11:00:00,832.17,832.38,31.9,23.81,5.29
2023-01-17 12:00:00,870.58,870.67,32.91,23.04,4.78
2023-01-17 13:00:00,806.2,806.2,33.35,22.95,4.27
2023-01-17 14:00:00,666.85,667.0,33.24,23.22,3.86
2023-01-17 15:00:00,468.2,468.45,32.56,24.25,3.68
2023-01-17 16:00:00,241.18,241.38,30.88,30.04,3.0
2023-01-17 17:00:00,49.83,49.88,26.53,49.34,1.67
2023-01-17 18:00:00,0.0,0.0,23.98,55.18,1.61
2023-01-17 19:00:00,0.0,0.0,23.03,57.58,1.54
2023-01-17 20:00:00,0.0,0.0,22.31,59.44,1.43
2023-01-17 21:00:00,0.0,0.0,21.8,60.73,1.35
2023-01-17 22:00:00,0.0,0.0,21.2,61.93,1.31
2023-01-17 23:00:00,0.0,0.0,20.39,63.69,1.32
2023-01-18 00:00:00,0.0,0.0,19.49,66.13,1.37
2023-01-18 01:00:00,0.0,0.0,18.64,68.66,1.47
2023-01-18 02:00:00,0.0,0.0,17.89,71.18,1.64
2023-01-18 03:00:00,0.0,0.0,17.2,73.96,1.86
2023-01-18 04:00:00,0.0,0.0,16.54,76.64,2.04
2023-01-18 05:00:00,0.0,0.0,15.92,78.89,2.21
2023-01-18 06:00:00,12.32,12.35,15.87,78.22,2.82
2023-01-18 07:00:00,159.45,160.07,17.84,68.39,3.73
2023-01-18 08:00:00,353.27,354.73,21.33,55.59,3.43
2023-01-18 09:00:00,563.03,564.22,25.75,38.28,4.47
2023-01-18 10:00:00,730.65,734.7,29.69,26.37,4.81
2023-01-18 11:00:00,825.33,826.12,32.18,21.45,4.2
2023-01-18 12:00:00,862.78,865.65,33.26,20.54,3.54
2023-01-18 13:00:00,798.4,800.0,33.72,20.27,3.09
2023-01-18 14:00:00,658.2,658.55,33.7,20.3,2.83
2023-01-18 15:00:00,460.17,460.73,33.08,21.14,2.73
2023-01-18 16:00:00,232.07,232.6,31.48,26.83,2.13
2023-01-18 17:00:00,49.9,50.0,27.12,48.2,1.28
2023-01-18 18:00:00,0.0,0.0,24.63,51.58,1.43
2023-01-18 19:00:00,0.0,0.0,23.74,53.5,1.47
2023-01-18 20:00:00,0.0,0.0,22.94,55.41,1.47
2023-01-18 21:00:00,0.0,0.0,22.21,57.24,1.44
2023-01-18 22:00:00,0.0,0.0,21.57,58.9,1.41
2023-01-18 23:00:00,0.0,0.0,21.03,60.43,1.39
2023-01-19 00:00:00,0.0,0.0,20.36,62.48,1.38
2023-01-19 01:00:00,0.0,0.0,19.58,65.12,1.41
2023-01-19 02:00:00,0.0,0.0,18.81,67.64,1.52
2023-01-19 03:00:00,0.0,0.0,18.15,69.73,1.72
2023-01-19 04:00:00,0.0,0.0,17.57,71.71,1.91
2023-01-19 05:00:00,0.0,0.0,17.03,73.74,2.05
2023-01-19 06:00:00,11.48,11.48,17.06,73.4,2.5
2023-01-19 07:00:00,152.32,152.4,18.99,64.92,3.67
2023-01-19 08:00:00,337.4,337.52,21.81,56.87,3.04
2023-01-19 09:00:00,540.58,540.75,26.26,40.56,3.9
2023-01-19 10:00:00,709.5,709.62,30.26,28.78,4.52
2023-01-19 11:00:00,806.67,806.75,32.77,23.92,4.3
2023-01-19 12:00:00,844.45,844.5,33.8,23.06,3.8
2023-01-19 13:00:00,779.75,779.75,34.26,22.69,3.41
2023-01-19 14:00:00,640.03,640.22,34.22,22.67,3.2
2023-01-19 15:00:00,439.2,439.6,33.6,23.46,3.11
2023-01-19 16:00:00,223.77,224.1,31.93,29.68,2.48
2023-01-19 17:00:00,48.03,48.08,27.59,49.37,1.48
2023-01-19 18:00:00,0.0,0.0,25.11,53.4,1.59
2023-01-19 19:00:00,0.0,0.0,24.14,54.87,1.59
2023-01-19 20:00:00,0.0,0.0,23.41,56.11,1.5
2023-01-19 21:00:00,0.0,0.0,22.87,56.85,1.42
2023-01-19 22:00:00,0.0,0.0,22.39,57.17,1.39
2023-01-19 23:00:00,0.0,0.0,21.77,58.01,1.41
2023-01-20 00:00:00,0.0,0.0,20.95,59.3,1.53
2023-01-20 01:00:00,0.0,0.0,20.16,60.02,1.79
2023-01-20 02:00:00,0.0,0.0,19.46,61.07,2.08
2023-01-20 03:00:00,0.0,0.0,18.68,63.68,2.19
2023-01-20 04:00:00,0.0,0.0,17.97,67.06,2.09
2023-01-20 05:00:00,0.0,0.0,17.25,70.93,1.92
2023-01-20 06:00:00,11.85,11.88,17.14,72.21,2.18
2023-01-20 07:00:00,138.43,144.95,18.91,64.59,3.16
2023-01-20 08:00:00,319.9,356.7,21.9,56.33,2.74
2023-01-20 09:00:00,505.77,565.67,26.2,41.64,3.68
2023-01-20 10:00:00,664.97,727.4,29.96,31.08,4.38
2023-01-20 11:00:00,778.12,821.42,32.64,25.54,4.43
2023-01-20 12:00:00,805.3,827.08,33.84,24.18,3.99
2023-01-20 13:00:00,749.38,763.25,34.39,23.74,3.46
2023-01-20 14:00:00,617.45,617.95,34.41,24.1,2.99
2023-01-20 15:00:00,419.65,420.6,33.91,25.28,2.6
2023-01-20 16:00:00,220.77,222.12,32.57,30.6,1.83
2023-01-20 17:00:00,44.8,44.83,28.84,50.78,1.08
2023-01-20 18:00:00,0.0,0.0,26.6,52.96,1.23
2023-01-20 19:00:00,0.0,0.0,25.49,55.11,1.28
2023-01-20 20:00:00,0.0,0.0,24.65,56.61,1.31
2023-01-20 21:00:00,0.0,0.0,24.08,57.32,1.28
2023-01-20 22:00:00,0.0,0.0,23.84,56.82,1.24
2023-01-20 23:00:00,0.0,0.0,23.83,55.13,1.22
2023-01-21 00:00:00,0.0,0.0,23.63,54.64,1.18
2023-01-21 01:00:00,0.0,0.0,23.07,56.15,1.15
2023-01-21 02:00:00,0.0,0.0,22.17,59.87,1.13
2023-01-21 03:00:00,0.0,0.0,21.02,65.18,1.1
2023-01-21 04:00:00,0.0,0.0,19.97,69.55,1.11
2023-01-21 05:00:00,0.0,0.0,19.17,72.06,1.22
2023-01-21 06:00:00,10.62,10.43,19.12,72.12,1.46
2023-01-21 07:00:00,120.43,121.45,21.41,59.31,2.84
2023-01-21 08:00:00,310.05,316.08,24.24,51.19,2.32
2023-01-21 09:00:00,477.75,502.5,27.93,40.64,2.15
2023-01-21 10:00:00,628.8,658.85,32.12,30.95,2.05
2023-01-21 11:00:00,737.0,754.22,34.23,28.4,2.07
2023-01-21 12:00:00,821.08,848.75,35.11,27.58,2.1
2023-01-21 13:00:00,734.22,784.88,35.46,27.05,2.11
2023-01-21 14:00:00,612.2,648.2,35.38,26.93,2.09
2023-01-21 15:00:00,396.75,453.8,34.83,27.48,2.08
2023-01-21 16:00:00,200.88,232.48,33.57,31.45,1.8
2023-01-21 17:00:00,46.9,48.97,30.09,50.02,1.05
2023-01-21 18:00:00,0.0,0.0,27.82,53.81,1.19
2023-01-21 19:00:00,0.0,0.0,26.81,55.4,1.23
2023-01-21 20:00:00,0.0,0.0,25.97,56.8,1.25
2023-01-21 21:00:00,0.0,0.0,25.35,57.37,1.24
2023-01-21 22:00:00,0.0,0.0,24.98,57.11,1.21
2023-01-21 23:00:00,0.0,0.0,24.88,55.73,1.16
2023-01-22 00:00:00,0.0,0.0,24.9,53.89,1.12
2023-01-22 01:00:00,0.0,0.0,24.87,52.46,1.11
2023-01-22 02:00:00,0.0,0.0,24.59,52.31,1.11
2023-01-22 03:00:00,0.0,0.0,24.02,53.76,1.15
2023-01-22 04:00:00,0.0,0.0,23.1,56.93,1.2
2023-01-22 05:00:00,0.0,0.0,21.85,61.86,1.22
2023-01-22 06:00:00,11.25,11.1,21.22,66.5,1.26
2023-01-22 07:00:00,132.73,134.02,24.01,53.27,2.82
2023-01-22 08:00:00,323.15,335.02,26.4,48.34,2.73
2023-01-22 09:00:00,520.22,538.45,31.21,35.09,2.66
2023-01-22 10:00:00,680.28,697.75,34.23,28.69,2.66
2023-01-22 11:00:00,767.88,790.42,35.4,27.08,2.7
2023-01-22 12:00:00,795.45,817.15,36.04,26.02,2.7
2023-01-22 13:00:00,749.47,754.12,36.3,25.37,2.72
2023-01-22 14:00:00,613.42,619.47,36.16,25.29,2.79
2023-01-22 15:00:00,419.1,429.08,35.51,26.04,2.84
2023-01-22 16:00:00,219.4,221.93,34.07,30.44,2.42
2023-01-22 17:00:00,45.8,45.95,30.25,48.39,1.37
2023-01-22 18:00:00,0.0,0.0,27.81,53.62,1.41
2023-01-22 19:00:00,0.0,0.0,26.81,55.3,1.44
2023-01-22 20:00:00,0.0,0.0,25.95,56.99,1.43
2023-01-22 21:00:00,0.0,0.0,25.2,58.7,1.38
2023-01-22 22:00:00,0.0,0.0,24.61,60.3,1.31
2023-01-22 23:00:00,0.0,0.0,24.14,61.9,1.23
2023-01-23 00:00:00,0.0,0.0,23.87,63.42,1.17
2023-01-23 01:00:00,0.0,0.0,23.54,65.15,1.14
2023-01-23 02:00:00,0.0,0.0,23.06,67.43,1.18
2023-01-23 03:00:00,0.0,0.0,22.61,70.27,1.32
2023-01-23 04:00:00,0.0,0.0,22.27,73.68,1.43
2023-01-23 05:00:00,0.0,0.0,22.07,77.56,1.43
2023-01-23 06:00:00,10.9,10.57,22.5,79.52,1.47
2023-01-23 07:00:00,126.53,128.43,24.56,72.21,2.56
2023-01-23 08:00:00,304.48,323.67,27.11,62.47,2.45
2023-01-23 09:00:00,490.6,523.67,30.71,46.86,2.3
2023-01-23 10:00:00,654.5,679.45,33.3,38.25,1.57
2023-01-23 11:00:00,757.2,771.28,34.65,35.42,1.15
2023-01-23 12:00:00,788.47,798.92,35.41,33.74,1.21
2023-01-23 13:00:00,701.33,737.4,35.91,32.21,1.51
2023-01-23 14:00:00,565.58,602.35,35.76,32.03,1.83
2023-01-23 15:00:00,389.7,414.8,35.11,33.16,2.22
2023-01-23 16:00:00,205.85,213.82,33.69,38.14,2.2
2023-01-23 17:00:00,44.35,44.53,30.98,52.87,1.53
2023-01-23 18:00:00,0.0,0.0,29.03,59.3,1.78
2023-01-23 19:00:00,0.0,0.0,28.07,63.21,2.17
2023-01-23 20:00:00,0.0,0.0,27.24,67.95,2.28
2023-01-23 21:00:00,0.0,0.0,26.53,72.31,2.05
2023-01-23 22:00:00,0.0,0.0,25.96,75.39,1.75
2023-01-23 23:00:00,0.0,0.0,25.48,77.74,1.5
2023-01-24 00:00:00,0.0,0.0,25.07,79.77,1.3
2023-01-24 01:00:00,0.0,0.0,24.72,81.7,1.16
2023-01-24 02:00:00,0.0,0.0,24.45,83.25,1.09
2023-01-24 03:00:00,0.0,0.0,24.2,84.81,1.03
2023-01-24 04:00:00,0.0,0.0,23.92,86.63,0.97
2023-01-24 05:00:00,0.0,0.0,23.55,88.88,0.87
2023-01-24 06:00:00,10.15,10.1,23.65,89.52,0.97
2023-01-24 07:00:00,123.05,123.45,25.39,81.89,1.74
2023-01-24 08:00:00,312.88,315.45,28.83,63.37,1.9
2023-01-24 09:00:00,513.25,515.65,31.72,50.93,1.49
2023-01-24 10:00:00,665.85,667.45,33.56,43.97,1.66
2023-01-24 11:00:00,762.7,762.92,34.6,39.89,2.32
2023-01-24 12:00:00,832.3,833.42,35.05,37.65,2.86
2023-01-24 13:00:00,670.33,772.28,35.02,36.65,3.25
2023-01-24 14:00:00,576.55,643.92,34.59,36.72,3.48
2023-01-24 15:00:00,397.73,457.62,33.84,37.83,3.42
2023-01-24 16:00:00,207.38,239.68,32.59,42.42,2.8
2023-01-24 17:00:00,49.9,52.5,30.26,55.95,1.56
2023-01-24 18:00:00,0.0,0.0,28.88,60.31,1.22
2023-01-24 19:00:00,0.0,0.0,28.39,61.34,1.05
2023-01-24 20:00:00,0.0,0.0,27.81,62.78,0.93
2023-01-24 21:00:00,0.0,0.0,27.06,64.64,0.89
2023-01-24 22:00:00,0.0,0.0,26.17,67.51,0.93
2023-01-24 23:00:00,0.0,0.0,25.28,70.95,0.98
2023-01-25 00:00:00,0.0,0.0,24.34,75.26,1.0
2023-01-25 01:00:00,0.0,0.0,23.4,80.62,1.01
2023-01-25 02:00:00,0.0,0.0,22.7,85.37,0.99
2023-01-25 03:00:00,0.0,0.0,22.2,89.52,0.97
2023-01-25 04:00:00,0.0,0.0,21.87,93.27,0.93
2023-01-25 05:00:00,0.0,0.0,21.82,95.11,0.87
2023-01-25 06:00:00,11.57,11.45,22.18,94.65,0.7
2023-01-25 07:00:00,143.73,145.52,24.2,85.72,0.85
2023-01-25 08:00:00,352.67,359.83,28.04,64.51,1.14
2023-01-25 09:00:00,563.72,570.25,31.5,46.87,1.61
2023-01-25 10:00:00,729.72,734.7,33.72,36.57,2.15
2023-01-25 11:00:00,825.83,833.78,35.35,30.08,2.84
2023-01-25 12:00:00,879.55,884.75,36.42,26.1,3.46
2023-01-25 13:00:00,819.4,826.7,36.82,23.97,3.91
2023-01-25 14:00:00,689.42,694.3,36.72,22.93,4.11
2023-01-25 15:00:00,495.62,501.5,36.02,23.06,4.03
2023-01-25 16:00:00,266.55,268.3,34.48,27.06,3.17
2023-01-25 17:00:00,63.62,63.8,30.32,45.23,1.5
2023-01-25 18:00:00,0.0,0.0,27.79,50.69,1.4
2023-01-25 19:00:00,0.0,0.0,26.78,52.23,1.37
2023-01-25 20:00:00,0.0,0.0,25.95,53.16,1.32
2023-01-25 21:00:00,0.0,0.0,25.36,53.02,1.28
2023-01-25 22:00:00,0.0,0.0,24.9,52.28,1.27
2023-01-25 23:00:00,0.0,0.0,24.21,52.84,1.26
2023-01-26 00:00:00,0.0,0.0,23.28,55.03,1.25
2023-01-26 01:00:00,0.0,0.0,22.22,58.53,1.23
2023-01-26 02:00:00,0.0,0.0,21.2,62.65,1.21
2023-01-26 03:00:00,0.0,0.0,20.33,66.89,1.18
2023-01-26 04:00:00,0.0,0.0,19.59,71.08,1.15
2023-01-26 05:00:00,0.0,0.0,18.96,75.04,1.09
2023-01-26 06:00:00,12.2,12.23,19.07,77.86,0.98
2023-01-26 07:00:00,162.45,162.68,21.96,66.33,1.84
2023-01-26 08:00:00,378.38,378.75,25.1,56.55,1.51
2023-01-26 09:00:00,590.3,590.5,29.5,41.46,1.57
2023-01-26 10:00:00,759.03,759.17,33.99,24.3,2.27
2023-01-26 11:00:00,857.6,857.67,35.75,20.01,2.89
2023-01-26 12:00:00,907.78,907.78,36.62,17.93,3.27
2023-01-26 13:00:00,846.97,848.53,36.96,16.64,3.56
2023-01-26 14:00:00,711.38,713.1,36.78,16.24,3.66
2023-01-26 15:00:00,515.55,516.62,36.08,16.55,3.55
2023-01-26 16:00:00,280.0,280.48,34.5,20.92,2.59
2023-01-26 17:00:00,66.95,67.03,30.32,39.55,1.26
2023-01-26 18:00:00,0.0,0.0,28.44,39.86,1.25
2023-01-26 19:00:00,0.0,0.0,28.03,39.16,1.18
2023-01-26 20:00:00,0.0,0.0,27.89,38.28,1.08
2023-01-26 21:00:00,0.0,0.0,28.0,35.7,0.88
2023-01-26 22:00:00,0.0,0.0,27.89,33.71,0.53
2023-01-26 23:00:00,0.0,0.0,26.88,36.02,0.7
2023-01-27 00:00:00,0.0,0.0,24.96,44.66,1.08
2023-01-27 01:00:00,0.0,0.0,23.14,55.73,1.23
2023-01-27 02:00:00,0.0,0.0,22.0,66.53,1.21
2023-01-27 03:00:00,0.0,0.0,21.42,76.86,1.11
2023-01-27 04:00:00,0.0,0.0,21.25,83.2,0.92
2023-01-27 05:00:00,0.0,0.0,20.98,86.4,0.72
2023-01-27 06:00:00,12.3,12.27,20.75,86.49,0.7
2023-01-27 07:00:00,160.35,162.05,22.3,75.42,1.5
2023-01-27 08:00:00,382.92,387.55,24.37,65.62,1.46
2023-01-27 09:00:00,593.45,593.62,27.19,56.92,1.69
2023-01-27 10:00:00,756.3,756.85,30.35,45.71,1.56
2023-01-27 11:00:00,851.62,851.83,32.27,38.06,1.03
2023-01-27 12:00:00,890.03,890.25,33.4,32.81,0.79
2023-01-27 13:00:00,826.0,827.42,34.02,29.37,1.14
2023-01-27 14:00:00,688.97,691.17,34.19,27.42,1.69
2023-01-27 15:00:00,488.95,489.52,33.73,27.08,2.09
2023-01-27 16:00:00,262.17,267.62,32.35,32.47,1.71
2023-01-27 17:00:00,60.55,61.45,29.11,50.23,1.18
2023-01-27 18:00:00,0.0,0.0,27.46,52.12,1.32
2023-01-27 19:00:00,0.0,0.0,26.85,53.23,1.32
2023-01-27 20:00:00,0.0,0.0,26.4,53.22,1.22
2023-01-27 21:00:00,0.0,0.0,26.29,51.13,1.1
2023-01-27 22:00:00,0.0,0.0,26.37,48.4,1.0
2023-01-27 23:00:00,0.0,0.0,26.16,47.73,0.94
2023-01-28 00:00:00,0.0,0.0,25.74,48.9,0.9
2023-01-28 01:00:00,0.0,0.0,25.19,51.28,0.92
2023-01-28 02:00:00,0.0,0.0,24.53,54.33,0.94
2023-01-28 03:00:00,0.0,0.0,23.93,57.22,0.82
2023-01-28 04:00:00,0.0,0.0,23.34,59.79,0.49
2023-01-28 05:00:00,0.0,0.0,21.5,67.09,0.8
2023-01-28 06:00:00,11.6,11.35,20.18,73.11,1.13
2023-01-28 07:00:00,137.62,151.7,22.53,55.69,2.68
2023-01-28 08:00:00,325.6,372.75,25.19,45.76,2.12
2023-01-28 09:00:00,521.2,585.42,28.81,35.92,1.65
2023-01-28 10:00:00,695.28,749.67,32.18,27.47,1.6
2023-01-28 11:00:00,783.7,846.65,34.1,22.82,1.87
2023-01-28 12:00:00,784.85,872.53,35.27,20.15,2.14
2023-01-28 13:00:00,774.25,813.0,35.89,18.68,2.4
2023-01-28 14:00:00,632.6,679.35,35.93,18.17,2.58
2023-01-28 15:00:00,457.8,486.48,35.4,18.41,2.66
2023-01-28 16:00:00,244.8,260.12,33.99,22.22,2.18
2023-01-28 17:00:00,58.2,59.15,30.13,40.04,1.2
2023-01-28 18:00:00,0.0,0.0,27.9,43.66,1.3
2023-01-28 19:00:00,0.0,0.0,27.23,44.09,1.31
2023-01-28 20:00:00,0.0,0.0,26.68,45.25,1.24
2023-01-28 21:00:00,0.0,0.0,26.06,48.76,1.14
2023-01-28 22:00:00,0.0,0.0,25.28,54.96,1.09
2023-01-28 23:00:00,0.0,0.0,24.57,62.36,0.99
2023-01-29 00:00:00,0.0,0.0,24.07,68.15,0.75
2023-01-29 01:00:00,0.0,0.0,23.25,72.45,0.63
2023-01-29 02:00:00,0.0,0.0,21.6,76.38,0.93
2023-01-29 03:00:00,0.0,0.0,20.46,73.85,1.26
2023-01-29 04:00:00,0.0,0.0,19.43,67.61,1.6
2023-01-29 05:00:00,0.0,0.0,18.3,63.02,1.8
2023-01-29 06:00:00,11.43,10.82,17.77,58.7,2.41
2023-01-29 07:00:00,139.5,143.55,19.15,49.17,3.33
2023-01-29 08:00:00,343.8,356.38,22.36,36.63,3.43
2023-01-29 09:00:00,547.08,548.88,26.36,22.13,4.28
2023-01-29 10:00:00,714.0,715.88,29.46,16.33,4.36
2023-01-29 11:00:00,815.12,820.42,32.0,14.22,3.87
2023-01-29 12:00:00,889.58,892.28,33.56,14.01,3.47
2023-01-29 13:00:00,819.58,832.75,34.27,14.25,3.24
2023-01-29 14:00:00,693.47,695.95,34.25,14.67,3.08
2023-01-29 15:00:00,497.83,503.33,33.58,15.65,2.99
2023-01-29 16:00:00,265.0,272.38,32.18,20.55,2.43
2023-01-29 17:00:00,62.75,63.38,28.38,38.77,1.4
2023-01-29 18:00:00,0.0,0.0,26.13,43.2,1.49
2023-01-29 19:00:00,0.0,0.0,25.3,44.39,1.54
2023-01-29 20:00:00,0.0,0.0,24.47,45.9,1.48
2023-01-29 21:00:00,0.0,0.0,23.76,47.2,1.38
2023-01-29 22:00:00,0.0,0.0,23.28,48.19,1.3
2023-01-29 23:00:00,0.0,0.0,22.76,49.27,1.26
2023-01-30 00:00:00,0.0,0.0,21.8,52.21,1.24
2023-01-30 01:00:00,0.0,0.0,20.61,55.57,1.27
2023-01-30 02:00:00,0.0,0.0,19.59,57.03,1.41
2023-01-30 03:00:00,0.0,0.0,18.69,57.76,1.65
2023-01-30 04:00:00,0.0,0.0,17.94,58.33,1.87
2023-01-30 05:00:00,0.0,0.0,17.34,59.25,2.04
2023-01-30 06:00:00,10.55,10.68,17.29,58.52,2.57
2023-01-30 07:00:00,134.25,136.23,19.11,51.17,3.38
2023-01-30 08:00:00,329.55,343.05,22.69,38.56,3.45
2023-01-30 09:00:00,545.58,554.8,26.94,22.28,4.58
2023-01-30 10:00:00,714.72,722.33,30.17,15.62,4.7
2023-01-30 11:00:00,812.35,824.03,32.55,13.95,4.17
2023-01-30 12:00:00,913.75,913.9,33.88,13.69,3.77
2023-01-30 13:00:00,854.45,854.72,34.5,13.73,3.57
2023-01-30 14:00:00,719.67,720.17,34.53,13.93,3.51
2023-01-30 15:00:00,520.47,521.38,33.97,14.58,3.54
2023-01-30 16:00:00,284.88,285.38,32.53,18.26,3.02
2023-01-30 17:00:00,71.0,71.1,28.25,36.31,1.56
2023-01-30 18:00:00,0.0,0.0,25.71,41.41,1.56
2023-01-30 19:00:00,0.0,0.0,25.05,42.46,1.56
2023-01-30 20:00:00,0.0,0.0,24.69,43.65,1.46
2023-01-30 21:00:00,0.0,0.0,24.39,44.85,1.38
2023-01-30 22:00:00,0.0,0.0,24.1,46.05,1.35
2023-01-30 23:00:00,0.0,0.0,23.51,47.26,1.4
2023-01-31 00:00:00,0.0,0.0,22.7,47.61,1.62
2023-01-31 01:00:00,0.0,0.0,21.86,47.02,2.09
2023-01-31 02:00:00,0.0,0.0,20.89,47.47,2.64
2023-01-31 03:00:00,0.0,0.0,19.72,50.29,2.81
2023-01-31 04:00:00,0.0,0.0,18.59,54.04,2.62
2023-01-31 05:00:00,0.0,0.0,17.75,56.6,2.47
2023-01-31 06:00:00,11.7,11.7,17.58,55.6,2.73
2023-01-31 07:00:00,153.12,154.12,19.23,48.11,3.21
2023-01-31 08:00:00,368.62,376.8,22.52,41.35,2.6
2023-01-31 09:00:00,581.88,592.88,27.63,24.24,3.71
2023-01-31 10:00:00,753.47,760.75,31.9,13.98,4.85
2023-01-31 11:00:00,858.42,860.1,34.12,11.74,4.81
2023-01-31 12:00:00,812.92,874.47,34.83,11.9,4.54
2023-01-31 13:00:00,728.3,811.85,35.02,12.31,4.32
2023-01-31 14:00:00,578.58,677.7,34.65,13.01,4.08
2023-01-31 15:00:00,393.92,483.88,33.71,14.59,3.6
2023-01-31 16:00:00,220.65,258.17,32.21,20.84,2.36
2023-01-31 17:00:00,58.92,60.72,28.65,38.97,1.25
2023-01-31 18:00:00,0.0,0.0,26.76,42.87,1.19
2023-01-31 19:00:00,0.0,0.0,26.12,43.84,1.18
2023-01-31 20:00:00,0.0,0.0,25.76,43.52,1.19
2023-01-31 21:00:00,0.0,0.0,25.64,41.68,1.21
2023-01-31 22:00:00,0.0,0.0,25.51,39.49,1.18
2023-01-31 23:00:00,0.0,0.0,25.2,38.43,1.15
2023-02-01 00:00:00,0.0,0.0,24.35,39.9,1.16
2023-02-01 01:00:00,0.0,0.0,22.88,45.21,1.23
2023-02-01 02:00:00,0.0,0.0,21.21,51.63,1.27
2023-02-01 03:00:00,0.0,0.0,19.99,55.33,1.39
2023-02-01 04:00:00,0.0,0.0,19.19,57.37,1.54
2023-02-01 05:00:00,0.0,0.0,18.35,59.96,1.6
2023-02-01 06:00:00,11.73,11.73,18.19,60.82,1.84
2023-02-01 07:00:00,162.32,162.95,20.68,49.21,3.3
2023-02-01 08:00:00,373.38,374.9,23.91,42.05,2.89
2023-02-01 09:00:00,596.67,599.03,28.54,28.26,3.76
2023-02-01 10:00:00,773.83,775.17,32.59,18.35,4.7
2023-02-01 11:00:00,876.92,877.28,35.2,14.26,4.67
2023-02-01 12:00:00,899.4,900.75,36.61,12.92,4.32
2023-02-01 13:00:00,838.17,840.95,37.29,12.37,3.96
2023-02-01 14:00:00,702.55,702.9,37.38,12.42,3.6
2023-02-01 15:00:00,500.77,500.95,36.74,13.22,3.09
2023-02-01 16:00:00,265.27,266.2,35.19,17.95,1.9
2023-02-01 17:00:00,66.82,67.18,31.15,36.57,1.0
2023-02-01 18:00:00,0.0,0.0,29.3,35.39,1.1
2023-02-01 19:00:00,0.0,0.0,28.34,36.67,1.09
2023-02-01 20:00:00,0.0,0.0,27.72,36.77,1.06
2023-02-01 21:00:00,0.0,0.0,27.57,35.34,0.93
2023-02-01 22:00:00,0.0,0.0,27.5,33.71,0.68
2023-02-01 23:00:00,0.0,0.0,27.14,33.5,0.43
2023-02-02 00:00:00,0.0,0.0,26.04,36.25,0.43
2023-02-02 01:00:00,0.0,0.0,24.17,43.7,0.84
2023-02-02 02:00:00,0.0,0.0,22.11,51.92,1.08
2023-02-02 03:00:00,0.0,0.0,21.07,54.7,1.08
2023-02-02 04:00:00,0.0,0.0,21.01,52.69,0.9
2023-02-02 05:00:00,0.0,0.0,21.01,52.0,0.66
2023-02-02 06:00:00,11.07,11.1,20.6,58.89,0.72
2023-02-02 07:00:00,151.12,151.57,22.81,51.03,1.66
2023-02-02 08:00:00,356.52,357.38,25.94,47.93,2.77
2023-02-02 09:00:00,566.8,567.78,29.51,44.15,3.66
2023-02-02 10:00:00,731.67,732.53,31.97,38.68,3.52
2023-02-02 11:00:00,830.22,830.83,33.84,32.89,2.93
2023-02-02 12:00:00,854.4,854.7,35.08,29.51,2.29
2023-02-02 13:00:00,795.08,795.08,35.66,28.37,1.95
2023-02-02 14:00:00,658.6,659.88,35.69,28.71,1.97
2023-02-02 15:00:00,463.02,464.95,35.21,30.24,2.11
2023-02-02 16:00:00,242.32,243.98,34.09,34.66,1.93
2023-02-02 17:00:00,60.53,61.05,30.88,53.78,1.05
2023-02-02 18:00:00,0.0,0.0,28.72,59.83,1.17
2023-02-02 19:00:00,0.0,0.0,27.88,63.09,1.25
2023-02-02 20:00:00,0.0,0.0,27.18,65.69,1.26
2023-02-02 21:00:00,0.0,0.0,26.55,67.78,1.28
2023-02-02 22:00:00,0.0,0.0,26.01,69.45,1.29
2023-02-02 23:00:00,0.0,0.0,25.55,70.96,1.28
2023-02-03 00:00:00,0.0,0.0,25.11,72.65,1.27
2023-02-03 01:00:00,0.0,0.0,24.69,74.38,1.29
2023-02-03 02:00:00,0.0,0.0,24.28,76.5,1.34
2023-02-03 03:00:00,0.0,0.0,23.89,79.58,1.41
2023-02-03 04:00:00,0.0,0.0,23.48,83.87,1.47
2023-02-03 05:00:00,0.0,0.0,23.05,89.01,1.47
2023-02-03 06:00:00,10.68,10.82,23.27,91.18,1.81
2023-02-03 07:00:00,142.88,144.98,25.23,83.8,2.52
2023-02-03 08:00:00,335.23,338.92,28.66,67.59,2.85
2023-02-03 09:00:00,542.17,545.92,32.29,50.55,2.21
2023-02-03 10:00:00,707.2,709.97,34.51,42.38,0.94
2023-02-03 11:00:00,808.0,809.65,36.03,36.8,1.29
2023-02-03 12:00:00,860.05,860.88,36.99,33.13,1.77
2023-02-03 13:00:00,800.1,800.4,37.49,30.82,2.03
2023-02-03 14:00:00,654.35,654.53,37.5,29.7,2.3
2023-02-03 15:00:00,452.0,454.23,37.05,29.41,2.53
2023-02-03 16:00:00,244.3,251.38,35.97,30.83,2.57
2023-02-03 17:00:00,59.95,60.47,32.87,46.31,1.3
2023-02-03 18:00:00,0.0,0.0,30.45,53.23,1.16
2023-02-03 19:00:00,0.0,0.0,29.55,54.89,1.13
2023-02-03 20:00:00,0.0,0.0,28.73,56.71,1.07
2023-02-03 21:00:00,0.0,0.0,28.07,57.83,1.03
2023-02-03 22:00:00,0.0,0.0,27.64,57.77,1.01
2023-02-03 23:00:00,0.0,0.0,27.4,56.81,1.01
2023-02-04 00:00:00,0.0,0.0,27.1,56.52,0.98
2023-02-04 01:00:00,0.0,0.0,26.41,58.6,0.93
2023-02-04 02:00:00,0.0,0.0,25.48,62.47,0.93
2023-02-04 03:00:00,0.0,0.0,24.42,66.44,1.03
2023-02-04 04:00:00,0.0,0.0,23.35,71.03,1.05
2023-02-04 05:00:00,0.0,0.0,22.64,74.07,1.07
2023-02-04 06:00:00,10.62,10.4,22.75,73.62,1.48
2023-02-04 07:00:00,123.8,129.12,24.48,63.87,2.91
2023-02-04 08:00:00,290.77,325.85,27.23,53.3,2.9
2023-02-04 09:00:00,467.83,527.97,30.88,39.6,2.96
2023-02-04 10:00:00,616.85,688.03,34.15,29.86,3.14
2023-02-04 11:00:00,720.97,782.8,35.89,26.22,3.41
2023-02-04 12:00:00,712.4,766.88,36.8,24.28,3.63
2023-02-04 13:00:00,628.78,706.28,37.05,23.2,3.79
2023-02-04 14:00:00,508.6,576.17,36.7,23.02,3.87
2023-02-04 15:00:00,342.17,394.23,35.84,23.86,3.81
2023-02-04 16:00:00,196.05,207.05,34.14,29.39,2.89
2023-02-04 17:00:00,48.78,48.4,30.75,43.36,1.67
2023-02-04 18:00:00,0.0,0.0,28.49,49.22,1.54
2023-02-04 19:00:00,0.0,0.0,27.54,51.59,1.41
2023-02-04 20:00:00,0.0,0.0,26.85,52.96,1.3
2023-02-04 21:00:00,0.0,0.0,26.58,52.14,1.23
2023-02-04 22:00:00,0.0,0.0,26.63,49.76,1.2
2023-02-04 23:00:00,0.0,0.0,26.52,48.25,1.17
2023-02-05 00:00:00,0.0,0.0,25.66,50.36,1.2
2023-02-05 01:00:00,0.0,0.0,24.07,55.97,1.26
2023-02-05 02:00:00,0.0,0.0,22.76,59.26,1.43
2023-02-05 03:00:00,0.0,0.0,21.89,60.81,1.7
2023-02-05 04:00:00,0.0,0.0,21.08,62.93,1.75
2023-02-05 05:00:00,0.0,0.0,20.35,65.66,1.59
2023-02-05 06:00:00,9.73,9.57,20.5,65.23,1.75
2023-02-05 07:00:00,113.03,115.65,22.1,56.03,2.9
2023-02-05 08:00:00,300.15,306.95,24.28,50.7,2.6
2023-02-05 09:00:00,483.27,495.5,28.12,37.55,2.96
2023-02-05 10:00:00,629.53,655.92,31.42,29.19,3.3
2023-02-05 11:00:00,723.0,755.15,34.51,21.64,3.98
2023-02-05 12:00:00,747.65,839.28,36.17,18.72,4.32
2023-02-05 13:00:00,710.97,777.22,36.67,17.97,4.44
2023-02-05 14:00:00,571.0,643.1,36.09,18.91,4.37
2023-02-05 15:00:00,374.92,450.08,34.84,22.12,3.99
2023-02-05 16:00:00,214.82,240.12,32.39,32.24,2.81
2023-02-05 17:00:00,58.72,56.65,29.38,44.79,2.41
2023-02-05 18:00:00,0.0,0.0,27.66,55.45,2.72
2023-02-05 19:00:00,0.0,0.0,26.86,65.2,2.88
2023-02-05 20:00:00,0.0,0.0,26.18,72.69,2.43
2023-02-05 21:00:00,0.0,0.0,25.62,76.62,1.91
2023-02-05 22:00:00,0.0,0.0,25.21,78.36,1.74
2023-02-05 23:00:00,0.0,0.0,24.91,79.22,1.68
2023-02-06 00:00:00,0.0,0.0,24.51,80.92,1.61
2023-02-06 01:00:00,0.0,0.0,24.03,83.41,1.51
2023-02-06 02:00:00,0.0,0.0,23.58,86.06,1.35
2023-02-06 03:00:00,0.0,0.0,23.24,88.24,1.2
2023-02-06 04:00:00,0.0,0.0,22.95,90.03,1.12
2023-02-06 05:00:00,0.0,0.0,22.72,91.39,1.13
2023-02-06 06:00:00,11.0,10.02,23.18,89.53,1.49
2023-02-06 07:00:00,114.25,119.93,25.39,79.04,3.06
2023-02-06 08:00:00,258.88,308.33,28.18,66.19,4.03
2023-02-06 09:00:00,436.05,510.62,30.7,55.25,3.72
2023-02-06 10:00:00,601.3,675.47,32.69,47.08,2.43
2023-02-06 11:00:00,682.78,777.97,33.97,42.28,1.09
2023-02-06 12:00:00,759.65,855.53,34.88,38.47,0.81
2023-02-06 13:00:00,707.1,797.55,35.38,36.13,1.67
2023-02-06 14:00:00,594.22,665.05,35.35,35.45,2.31
2023-02-06 15:00:00,390.95,473.27,34.91,35.9,2.74
2023-02-06 16:00:00,218.0,252.0,33.91,39.14,2.62
2023-02-06 17:00:00,61.12,62.25,31.35,54.3,1.42
2023-02-06 18:00:00,0.0,0.0,29.6,60.64,1.3
2023-02-06 19:00:00,0.0,0.0,28.9,62.83,1.26
2023-02-06 20:00:00,0.0,0.0,28.19,64.94,1.28
2023-02-06 21:00:00,0.0,0.0,27.57,66.42,1.5
2023-02-06 22:00:00,0.0,0.0,27.08,67.64,1.98
2023-02-06 23:00:00,0.0,0.0,26.61,69.61,2.76
2023-02-07 00:00:00,0.0,0.0,25.97,73.47,3.18
2023-02-07 01:00:00,0.0,0.0,25.36,77.69,3.22
2023-02-07 02:00:00,0.0,0.0,24.93,80.92,3.06
2023-02-07 03:00:00,0.0,0.0,24.52,83.68,2.58
2023-02-07 04:00:00,0.0,0.0,24.07,86.55,1.82
2023-02-07 05:00:00,0.0,0.0,23.6,89.43,1.31
2023-02-07 06:00:00,11.45,11.3,23.8,89.03,1.69
2023-02-07 07:00:00,128.6,138.57,25.78,78.35,2.85
2023-02-07 08:00:00,305.17,344.98,28.52,64.07,3.46
2023-02-07 09:00:00,501.73,553.08,31.18,52.2,3.35
2023-02-07 10:00:00,635.53,716.12,32.96,45.53,2.9
2023-02-07 11:00:00,707.3,813.05,33.71,42.79,2.72
2023-02-07 12:00:00,717.15,834.08,33.92,41.7,2.85
2023-02-07 13:00:00,607.83,773.97,33.83,41.58,3.05
2023-02-07 14:00:00,478.45,636.8,33.39,42.5,3.18
2023-02-07 15:00:00,314.15,440.42,32.71,44.37,3.25
2023-02-07 16:00:00,178.45,234.2,31.7,48.49,2.96
2023-02-07 17:00:00,45.62,57.95,29.66,60.18,1.85
2023-02-07 18:00:00,0.0,0.0,28.25,66.85,1.79
2023-02-07 19:00:00,0.0,0.0,27.7,69.55,1.88
2023-02-07 20:00:00,0.0,0.0,27.2,72.19,1.75
2023-02-07 21:00:00,0.0,0.0,26.83,74.02,1.49
2023-02-07 22:00:00,0.0,0.0,26.52,75.32,1.27
2023-02-07 23:00:00,0.0,0.0,26.27,76.19,1.15
2023-02-08 00:00:00,0.0,0.0,26.01,77.13,1.05
2023-02-08 01:00:00,0.0,0.0,25.79,78.15,0.95
2023-02-08 02:00:00,0.0,0.0,25.49,79.42,0.88
2023-02-08 03:00:00,0.0,0.0,25.09,80.93,0.94
2023-02-08 04:00:00,0.0,0.0,24.63,82.84,1.08
2023-02-08 05:00:00,0.0,0.0,24.07,85.76,1.13
2023-02-08 06:00:00,11.82,11.65,24.23,85.81,1.49
2023-02-08 07:00:00,129.4,142.8,26.39,74.65,2.31
2023-02-08 08:00:00,280.2,353.7,29.88,57.77,2.32
2023-02-08 09:00:00,455.6,564.38,32.47,48.06,1.92
2023-02-08 10:00:00,589.0,729.78,34.33,41.84,2.22
2023-02-08 11:00:00,651.55,829.7,35.77,36.63,2.91
2023-02-08 12:00:00,661.85,874.9,36.67,33.18,3.4
2023-02-08 13:00:00,594.6,816.75,37.06,31.3,3.62
2023-02-08 14:00:00,498.33,681.5,36.99,30.55,3.61
2023-02-08 15:00:00,351.17,487.17,36.42,30.86,3.46
2023-02-08 16:00:00,199.57,261.88,35.45,32.5,3.05
2023-02-08 17:00:00,63.2,66.25,32.65,47.96,1.3
2023-02-08 18:00:00,0.0,0.0,30.62,55.37,1.0
2023-02-08 19:00:00,0.0,0.0,29.91,56.86,0.91
2023-02-08 20:00:00,0.0,0.0,29.07,59.19,0.84
2023-02-08 21:00:00,0.0,0.0,28.17,62.19,0.79
2023-02-08 22:00:00,0.0,0.0,27.36,65.0,0.79
2023-02-08 23:00:00,0.0,0.0,26.58,67.5,0.79
2023-02-09 00:00:00,0.0,0.0,25.74,70.94,0.79
2023-02-09 01:00:00,0.0,0.0,24.84,74.66,0.8
2023-02-09 02:00:00,0.0,0.0,23.96,77.98,0.84
2023-02-09 03:00:00,0.0,0.0,23.19,80.45,0.86
2023-02-09 04:00:00,0.0,0.0,22.53,82.02,0.9
2023-02-09 05:00:00,0.0,0.0,21.96,83.06,0.95
2023-02-09 06:00:00,12.35,12.32,22.13,82.02,1.16
2023-02-09 07:00:00,147.6,150.27,24.24,71.32,2.48
2023-02-09 08:00:00,355.25,366.42,27.32,59.02,2.79
2023-02-09 09:00:00,571.08,580.88,31.33,41.32,3.62
2023-02-09 10:00:00,721.1,747.62,33.95,31.34,4.33
2023-02-09 11:00:00,792.05,847.22,35.66,25.65,4.67
2023-02-09 12:00:00,755.67,845.25,36.69,22.36,4.7
2023-02-09 13:00:00,705.62,782.03,37.19,20.39,4.59
2023-02-09 14:00:00,575.03,645.4,37.13,19.52,4.43
2023-02-09 15:00:00,417.35,457.02,36.52,19.63,4.11
2023-02-09 16:00:00,243.38,250.45,35.06,23.12,3.13
2023-02-09 17:00:00,62.3,62.05,31.06,40.17,1.49
2023-02-09 18:00:00,0.0,0.0,28.55,46.04,1.44
2023-02-09 19:00:00,0.0,0.0,27.49,48.16,1.46
2023-02-09 20:00:00,0.0,0.0,26.49,50.16,1.49
2023-02-09 21:00:00,0.0,0.0,25.53,52.3,1.51
2023-02-09 22:00:00,0.0,0.0,24.65,54.62,1.52
2023-02-09 23:00:00,0.0,0.0,23.79,57.07,1.52
2023-02-10 00:00:00,0.0,0.0,22.94,59.59,1.53
2023-02-10 01:00:00,0.0,0.0,22.11,62.28,1.55
2023-02-10 02:00:00,0.0,0.0,21.34,65.01,1.55
2023-02-10 03:00:00,0.0,0.0,20.65,67.75,1.56
2023-02-10 04:00:00,0.0,0.0,20.07,70.31,1.51
2023-02-10 05:00:00,0.0,0.0,19.62,72.88,1.42
2023-02-10 06:00:00,12.07,12.07,20.04,73.53,1.51
2023-02-10 07:00:00,154.23,154.3,22.83,63.37,2.63
2023-02-10 08:00:00,336.4,336.55,26.36,54.95,2.13
2023-02-10 09:00:00,547.15,547.38,31.65,39.32,2.7
2023-02-10 10:00:00,713.0,713.17,34.65,30.45,2.86
2023-02-10 11:00:00,822.78,823.2,36.29,26.15,2.84
2023-02-10 12:00:00,888.83,889.9,37.31,23.63,2.92
2023-02-10 13:00:00,829.38,830.65,37.84,22.03,3.05
2023-02-10 14:00:00,686.95,687.9,37.82,21.41,3.14
2023-02-10 15:00:00,492.4,498.65,37.3,21.4,3.08
2023-02-10 16:00:00,252.4,253.82,36.12,23.2,2.68
2023-02-10 17:00:00,70.05,70.2,32.36,41.16,1.19
2023-02-10 18:00:00,0.0,0.0,29.81,45.36,1.2
2023-02-10 19:00:00,0.0,0.0,28.73,46.61,1.21
2023-02-10 20:00:00,0.0,0.0,27.74,47.85,1.21
2023-02-10 21:00:00,0.0,0.0,26.86,49.15,1.21
2023-02-10 22:00:00,0.0,0.0,26.11,50.15,1.21
2023-02-10 23:00:00,0.0,0.0,25.4,51.51,1.19
2023-02-11 00:00:00,0.0,0.0,24.5,53.96,1.2
2023-02-11 01:00:00,0.0,0.0,23.38,57.34,1.28
2023-02-11 02:00:00,0.0,0.0,22.35,61.07,1.42
2023-02-11 03:00:00,0.0,0.0,21.52,65.09,1.47
2023-02-11 04:00:00,0.0,0.0,20.86,69.07,1.37
2023-02-11 05:00:00,0.0,0.0,20.38,72.1,1.2
2023-02-11 06:00:00,13.05,13.07,20.7,73.57,1.11
2023-02-11 07:00:00,158.38,158.57,23.2,63.25,2.01
2023-02-11 08:00:00,365.75,366.1,26.1,55.13,1.54
2023-02-11 09:00:00,584.08,584.42,31.28,35.87,1.9
2023-02-11 10:00:00,754.22,754.4,34.96,25.29,2.81
2023-02-11 11:00:00,861.65,861.83,36.58,22.7,3.28
2023-02-11 12:00:00,902.05,903.28,37.72,21.24,3.52
2023-02-11 13:00:00,841.33,843.2,38.21,20.55,3.63
2023-02-11 14:00:00,704.7,707.0,38.12,20.47,3.66
2023-02-11 15:00:00,504.9,510.38,37.57,20.71,3.56
2023-02-11 16:00:00,267.6,270.58,36.35,22.45,3.12
2023-02-11 17:00:00,75.07,75.78,32.48,39.29,1.41
2023-02-11 18:00:00,0.0,0.0,29.65,45.22,1.34
2023-02-11 19:00:00,0.0,0.0,28.49,46.67,1.36
2023-02-11 20:00:00,0.0,0.0,27.34,48.04,1.41
2023-02-11 21:00:00,0.0,0.0,26.25,49.16,1.47
2023-02-11 22:00:00,0.0,0.0,25.16,50.51,1.56
2023-02-11 23:00:00,0.0,0.0,23.96,52.46,1.74
2023-02-12 00:00:00,0.0,0.0,22.78,53.75,2.14
2023-02-12 01:00:00,0.0,0.0,21.69,54.99,2.66
2023-02-12 02:00:00,0.0,0.0,20.66,56.75,2.78
2023-02-12 03:00:00,0.0,0.0,19.77,58.79,2.54
2023-02-12 04:00:00,0.0,0.0,19.13,60.77,2.36
2023-02-12 05:00:00,0.0,0.0,18.62,63.2,2.33
2023-02-12 06:00:00,13.95,14.05,18.92,63.23,3.07
2023-02-12 07:00:00,172.18,174.27,21.21,55.92,4.11
2023-02-12 08:00:00,388.8,392.92,25.07,47.08,3.84
2023-02-12 09:00:00,616.35,619.55,30.34,35.09,5.02
2023-02-12 10:00:00,796.08,797.05,34.32,23.62,6.13
2023-02-12 11:00:00,903.17,903.45,36.31,17.02,6.24
2023-02-12 12:00:00,930.72,930.85,37.46,13.34,6.06
2023-02-12 13:00:00,873.03,873.03,37.96,11.39,5.75
2023-02-12 14:00:00,734.2,734.45,37.86,10.72,5.41
2023-02-12 15:00:00,530.28,530.72,37.2,10.99,5.02
2023-02-12 16:00:00,290.08,290.6,35.42,14.39,3.87
2023-02-12 17:00:00,83.18,83.38,30.41,28.38,2.18
2023-02-12 18:00:00,0.0,0.0,27.33,34.03,2.28
2023-02-12 19:00:00,0.0,0.0,26.15,36.41,2.43
2023-02-12 20:00:00,0.0,0.0,25.05,38.95,2.45
2023-02-12 21:00:00,0.0,0.0,24.02,41.23,2.37
2023-02-12 22:00:00,0.0,0.0,23.03,43.76,2.27
2023-02-12 23:00:00,0.0,0.0,22.11,46.56,2.27
2023-02-13 00:00:00,0.0,0.0,21.23,49.8,2.35
2023-02-13 01:00:00,0.0,0.0,20.26,53.91,2.42
2023-02-13 02:00:00,0.0,0.0,19.24,58.63,2.36
2023-02-13 03:00:00,0.0,0.0,18.37,62.73,2.24
2023-02-13 04:00:00,0.0,0.0,17.68,65.78,2.17
2023-02-13 05:00:00,0.0,0.0,17.16,67.45,2.21
2023-02-13 06:00:00,13.6,13.57,17.42,65.52,2.71
2023-02-13 07:00:00,152.75,155.07,19.67,55.7,3.44
2023-02-13 08:00:00,360.5,377.58,23.3,45.56,2.71
2023-02-13 09:00:00,569.42,600.17,28.4,29.27,3.81
2023-02-13 10:00:00,727.53,775.2,32.97,18.88,4.8
2023-02-13 11:00:00,832.8,878.85,35.62,15.24,4.63
2023-02-13 12:00:00,836.47,886.9,36.92,13.95,4.17
2023-02-13 13:00:00,773.22,826.88,37.51,13.2,3.92
2023-02-13 14:00:00,629.8,686.8,37.53,12.93,3.93
2023-02-13 15:00:00,451.55,485.25,36.92,13.28,3.98
2023-02-13 16:00:00,244.23,254.6,35.14,17.8,3.07
2023-02-13 17:00:00,66.12,66.47,30.43,33.06,1.74
2023-02-13 18:00:00,0.0,0.0,27.62,37.65,1.85
2023-02-13 19:00:00,0.0,0.0,26.45,39.9,1.9
2023-02-13 20:00:00,0.0,0.0,25.39,42.56,1.86
2023-02-13 21:00:00,0.0,0.0,24.41,44.92,1.81
2023-02-13 22:00:00,0.0,0.0,23.44,47.28,1.82
2023-02-13 23:00:00,0.0,0.0,22.4,50.47,1.9
2023-02-14 00:00:00,0.0,0.0,21.28,54.91,1.95
2023-02-14 01:00:00,0.0,0.0,20.22,59.74,1.97
2023-02-14 02:00:00,0.0,0.0,19.27,63.99,1.96
2023-02-14 03:00:00,0.0,0.0,18.5,66.85,1.97
2023-02-14 04:00:00,0.0,0.0,17.86,68.76,2.12
2023-02-14 05:00:00,0.0,0.0,17.37,69.69,2.51
2023-02-14 06:00:00,13.12,13.15,17.52,67.41,3.44
2023-02-14 07:00:00,170.07,170.4,19.59,58.07,4.08
2023-02-14 08:00:00,355.35,356.02,23.56,44.74,3.81
2023-02-14 09:00:00,568.53,569.55,28.48,29.17,5.01
2023-02-14 10:00:00,742.6,743.85,32.76,19.67,6.07
2023-02-14 11:00:00,848.42,849.67,35.11,16.32,6.07
2023-02-14 12:00:00,868.6,869.7,36.34,14.76,5.77
2023-02-14 13:00:00,807.95,808.05,36.91,13.89,5.57
2023-02-14 14:00:00,661.83,662.03,36.88,13.6,5.43
2023-02-14 15:00:00,467.62,467.77,36.24,14.0,5.25
2023-02-14 16:00:00,287.0,287.12,34.69,16.43,4.41
2023-02-14 17:00:00,74.4,74.43,30.09,29.59,2.27
2023-02-14 18:00:00,0.0,0.0,26.93,36.72,2.09
2023-02-14 19:00:00,0.0,0.0,25.86,38.9,2.07
2023-02-14 20:00:00,0.0,0.0,24.93,41.07,2.0
2023-02-14 21:00:00,0.0,0.0,23.95,43.45,1.97
2023-02-14 22:00:00,0.0,0.0,22.94,45.78,2.08
2023-02-14 23:00:00,0.0,0.0,21.95,48.61,2.27
2023-02-15 00:00:00,0.0,0.0,20.95,51.98,2.47
2023-02-15 01:00:00,0.0,0.0,20.02,54.89,2.71
2023-02-15 02:00:00,0.0,0.0,19.22,56.82,3.03
2023-02-15 03:00:00,0.0,0.0,18.51,58.57,3.38
2023-02-15 04:00:00,0.0,0.0,17.84,60.79,3.72
2023-02-15 05:00:00,0.0,0.0,17.13,63.93,3.77
2023-02-15 06:00:00,14.32,14.32,16.99,64.87,3.96
2023-02-15 07:00:00,174.15,174.6,19.04,57.44,4.0
2023-02-15 08:00:00,382.6,383.52,23.29,40.96,4.84
2023-02-15 09:00:00,611.6,612.8,27.68,26.5,6.74
2023-02-15 10:00:00,796.83,797.0,30.99,19.84,6.73
2023-02-15 11:00:00,897.38,909.0,33.25,16.98,6.13
2023-02-15 12:00:00,875.28,955.95,34.43,15.77,5.61
2023-02-15 13:00:00,802.83,894.47,34.75,15.27,5.14
2023-02-15 14:00:00,699.15,753.0,34.3,15.44,4.85
2023-02-15 15:00:00,432.48,546.1,33.66,16.14,4.64
2023-02-15 16:00:00,255.0,301.0,32.55,19.08,3.8
2023-02-15 17:00:00,74.9,80.47,28.34,33.82,1.88
2023-02-15 18:00:00,0.0,0.0,25.25,40.58,1.81
2023-02-15 19:00:00,0.0,0.0,24.59,41.36,1.95
2023-02-15 20:00:00,0.0,0.0,23.92,42.61,1.99
2023-02-15 21:00:00,0.0,0.0,22.68,45.76,1.91
2023-02-15 22:00:00,0.0,0.0,21.61,48.79,1.96
2023-02-15 23:00:00,0.0,0.0,20.72,50.76,2.28
2023-02-16 00:00:00,0.0,0.0,19.93,52.47,2.84
2023-02-16 01:00:00,0.0,0.0,19.12,54.17,3.39
2023-02-16 02:00:00,0.0,0.0,18.4,54.41,3.9
2023-02-16 03:00:00,0.0,0.0,17.84,53.03,4.49
2023-02-16 04:00:00,0.0,0.0,17.39,51.23,4.94
2023-02-16 05:00:00,0.0,0.0,17.1,49.12,5.26
2023-02-16 06:00:00,14.0,14.0,17.21,46.47,5.76
2023-02-16 07:00:00,166.98,167.2,19.22,40.2,6.07
2023-02-16 08:00:00,361.8,362.08,22.84,31.27,6.17
2023-02-16 09:00:00,579.95,580.15,26.75,23.01,7.31
2023-02-16 10:00:00,753.45,765.6,30.08,18.18,7.32
2023-02-16 11:00:00,844.62,867.0,32.48,15.81,6.65
2023-02-16 12:00:00,761.03,803.33,33.79,15.04,5.87
2023-02-16 13:00:00,750.78,751.0,34.44,14.84,5.14
2023-02-16 14:00:00,609.42,609.62,34.47,15.06,4.57
2023-02-16 15:00:00,392.38,399.62,33.92,15.79,4.19
2023-02-16 16:00:00,191.93,197.82,32.44,19.07,3.4
2023-02-16 17:00:00,53.72,54.38,28.14,34.0,1.86
2023-02-16 18:00:00,0.0,0.0,25.44,39.0,1.98
2023-02-16 19:00:00,0.0,0.0,24.49,40.02,2.14
2023-02-16 20:00:00,0.0,0.0,23.66,41.12,2.21
2023-02-16 21:00:00,0.0,0.0,22.83,42.8,2.21
2023-02-16 22:00:00,0.0,0.0,22.01,44.81,2.27
2023-02-16 23:00:00,0.0,0.0,21.18,47.02,2.47
2023-02-17 00:00:00,0.0,0.0,20.36,49.17,2.85
2023-02-17 01:00:00,0.0,0.0,19.55,51.19,3.22
2023-02-17 02:00:00,0.0,0.0,18.71,53.35,3.3
2023-02-17 03:00:00,0.0,0.0,18.01,54.6,3.44
2023-02-17 04:00:00,0.0,0.0,17.48,54.81,3.64
2023-02-17 05:00:00,0.0,0.0,17.13,54.36,3.75
2023-02-17 06:00:00,8.68,9.57,17.15,52.63,4.0
2023-02-17 07:00:00,82.62,93.18,18.47,47.04,4.32
2023-02-17 08:00:00,184.07,230.6,21.11,39.38,4.3
2023-02-17 09:00:00,297.83,387.3,24.74,27.39,5.93
2023-02-17 10:00:00,466.2,517.9,27.43,22.36,6.24
2023-02-17 11:00:00,591.42,607.9,29.85,18.97,6.04
2023-02-17 12:00:00,411.0,419.35,31.75,17.17,5.51
2023-02-17 13:00:00,382.85,391.23,32.95,16.5,4.96
2023-02-17 14:00:00,384.83,386.6,33.34,16.63,4.6
2023-02-17 15:00:00,198.85,205.4,32.61,17.96,4.2
2023-02-17 16:00:00,98.12,101.2,30.79,24.96,2.75
2023-02-17 17:00:00,30.7,29.88,27.18,38.12,1.8
2023-02-17 18:00:00,0.0,0.0,25.12,42.19,1.93
2023-02-17 19:00:00,0.0,0.0,24.29,43.54,2.11
2023-02-17 20:00:00,0.0,0.0,23.56,45.03,2.22
2023-02-17 21:00:00,0.0,0.0,22.87,46.62,2.3
2023-02-17 22:00:00,0.0,0.0,22.16,48.14,2.42
2023-02-17 23:00:00,0.0,0.0,21.39,49.89,2.53
2023-02-18 00:00:00,0.0,0.0,20.6,51.76,2.62
2023-02-18 01:00:00,0.0,0.0,19.81,53.59,2.67
2023-02-18 02:00:00,0.0,0.0,19.11,54.4,2.75
2023-02-18 03:00:00,0.0,0.0,18.5,54.58,2.83
2023-02-18 04:00:00,0.0,0.0,17.93,54.96,2.85
2023-02-18 05:00:00,0.0,0.0,17.39,56.11,2.71
2023-02-18 06:00:00,7.55,7.55,17.37,55.34,3.02
2023-02-18 07:00:00,74.95,75.4,18.75,49.83,3.69
2023-02-18 08:00:00,180.7,182.93,21.57,42.3,3.6
2023-02-18 09:00:00,318.73,322.9,25.81,29.72,5.29
2023-02-18 10:00:00,455.42,456.85,29.12,24.01,5.63
2023-02-18 11:00:00,591.75,593.58,32.06,20.84,5.17
2023-02-18 12:00:00,598.22,611.03,33.93,19.46,4.39
2023-02-18 13:00:00,496.45,555.88,34.8,18.86,3.9
2023-02-18 14:00:00,391.2,437.67,34.96,18.85,3.6
2023-02-18 15:00:00,276.65,286.55,34.49,19.57,3.37
2023-02-18 16:00:00,135.2,140.77,33.02,24.65,2.46
2023-02-18 17:00:00,41.75,40.72,28.98,41.69,1.36
2023-02-18 18:00:00,0.0,0.0,26.51,45.47,1.56
2023-02-18 19:00:00,0.0,0.0,25.58,46.69,1.72
2023-02-18 20:00:00,0.0,0.0,24.82,48.19,1.76
2023-02-18 21:00:00,0.0,0.0,24.19,49.53,1.73
2023-02-18 22:00:00,0.0,0.0,23.59,50.75,1.71
2023-02-18 23:00:00,0.0,0.0,22.96,52.08,1.78
2023-02-19 00:00:00,0.0,0.0,22.26,53.44,2.0
2023-02-19 01:00:00,0.0,0.0,21.46,55.11,2.3
2023-02-19 02:00:00,0.0,0.0,20.58,56.99,2.57
2023-02-19 03:00:00,0.0,0.0,19.7,58.53,2.69
2023-02-19 04:00:00,0.0,0.0,18.94,59.8,2.65
2023-02-19 05:00:00,0.0,0.0,18.31,60.9,2.52
2023-02-19 06:00:00,9.6,9.6,18.29,59.29,2.92
2023-02-19 07:00:00,106.75,106.8,19.69,52.71,3.6
2023-02-19 08:00:00,264.85,265.02,22.42,44.88,3.29
2023-02-19 09:00:00,412.88,415.7,26.54,30.19,4.7
2023-02-19 10:00:00,539.3,545.12,30.02,21.59,5.46
2023-02-19 11:00:00,631.35,641.33,32.93,17.05,5.21
2023-02-19 12:00:00,602.78,614.72,34.44,16.32,4.56
2023-02-19 13:00:00,543.67,556.5,35.12,16.34,4.14
2023-02-19 14:00:00,392.6,435.92,35.15,16.72,3.91
2023-02-19 15:00:00,253.77,283.6,34.38,18.03,3.6
2023-02-19 16:00:00,129.4,138.48,32.06,28.13,2.09
2023-02-19 17:00:00,39.47,39.47,28.5,38.69,1.72
2023-02-19 18:00:00,0.0,0.0,26.5,41.62,1.85
2023-02-19 19:00:00,0.0,0.0,25.71,42.78,1.9
2023-02-19 20:00:00,0.0,0.0,25.04,43.95,1.85
2023-02-19 21:00:00,0.0,0.0,24.3,45.48,1.75
2023-02-19 22:00:00,0.0,0.0,23.49,47.13,1.74
2023-02-19 23:00:00,0.0,0.0,22.65,49.12,1.85
2023-02-20 00:00:00,0.0,0.0,21.74,51.47,2.05
2023-02-20 01:00:00,0.0,0.0,20.79,54.53,2.25
2023-02-20 02:00:00,0.0,0.0,19.87,57.98,2.4
2023-02-20 03:00:00,0.0,0.0,19.05,60.6,2.47
2023-02-20 04:00:00,0.0,0.0,18.37,61.99,2.58
2023-02-20 05:00:00,0.0,0.0,17.78,62.51,2.67
2023-02-20 06:00:00,10.23,10.23,17.69,60.72,3.05
2023-02-20 07:00:00,118.88,118.93,19.01,54.13,3.59
2023-02-20 08:00:00,265.48,265.62,21.65,46.48,3.12
2023-02-20 09:00:00,442.95,443.2,25.97,32.16,3.93
2023-02-20 10:00:00,600.17,600.55,30.23,21.96,5.11
2023-02-20 11:00:00,697.65,698.08,33.65,16.68,5.26
2023-02-20 12:00:00,770.62,771.1,35.19,15.74,4.72
2023-02-20 13:00:00,707.47,707.97,35.93,15.37,4.4
2023-02-20 14:00:00,575.72,576.22,36.01,15.42,4.26
2023-02-20 15:00:00,395.5,395.9,35.64,15.89,4.08
2023-02-20 16:00:00,204.93,205.18,33.89,21.15,2.82
2023-02-20 17:00:00,56.15,56.22,29.38,35.94,1.73
2023-02-20 18:00:00,0.0,0.0,26.68,39.98,1.89
2023-02-20 19:00:00,0.0,0.0,25.64,41.21,2.04
2023-02-20 20:00:00,0.0,0.0,24.74,42.7,2.08
2023-02-20 21:00:00,0.0,0.0,23.93,44.15,2.04
2023-02-20 22:00:00,0.0,0.0,23.18,45.58,2.01
2023-02-20 23:00:00,0.0,0.0,22.38,47.24,2.07
2023-02-21 00:00:00,0.0,0.0,21.5,49.15,2.24
2023-02-21 01:00:00,0.0,0.0,20.55,51.62,2.42
2023-02-21 02:00:00,0.0,0.0,19.59,54.36,2.51
2023-02-21 03:00:00,0.0,0.0,18.7,56.88,2.5
2023-02-21 04:00:00,0.0,0.0,17.94,58.53,2.51
2023-02-21 05:00:00,0.0,0.0,17.32,59.54,2.59
2023-02-21 06:00:00,13.35,13.4,17.43,57.58,3.1
2023-02-21 07:00:00,146.73,147.32,19.34,50.05,3.78
2023-02-21 08:00:00,337.62,339.05,22.65,42.29,3.17
2023-02-21 09:00:00,555.88,557.97,27.49,28.07,4.28
2023-02-21 10:00:00,738.15,740.47,32.05,17.33,5.67
2023-02-21 11:00:00,844.67,846.83,34.62,14.05,5.4
2023-02-21 12:00:00,787.95,789.72,35.7,13.25,4.87
2023-02-21 13:00:00,719.92,722.03,36.21,12.89,4.5
2023-02-21 14:00:00,579.6,581.65,36.13,12.91,4.22
2023-02-21 15:00:00,392.9,394.48,35.46,13.58,3.87
2023-02-21 16:00:00,199.52,200.32,33.56,19.78,2.49
2023-02-21 17:00:00,53.83,54.0,29.15,35.74,1.42
2023-02-21 18:00:00,0.0,0.0,26.69,39.49,1.44
2023-02-21 19:00:00,0.0,0.0,25.86,40.81,1.4
2023-02-21 20:00:00,0.0,0.0,25.36,41.09,1.36
2023-02-21 21:00:00,0.0,0.0,25.09,40.68,1.34
2023-02-21 22:00:00,0.0,0.0,24.79,40.46,1.33
2023-02-21 23:00:00,0.0,0.0,24.15,41.82,1.32
2023-02-22 00:00:00,0.0,0.0,23.07,45.17,1.31
2023-02-22 01:00:00,0.0,0.0,21.69,49.89,1.33
2023-02-22 02:00:00,0.0,0.0,20.49,53.89,1.44
2023-02-22 03:00:00,0.0,0.0,19.65,56.57,1.7
2023-02-22 04:00:00,0.0,0.0,18.94,59.37,1.92
2023-02-22 05:00:00,0.0,0.0,18.29,62.18,1.97
2023-02-22 06:00:00,12.0,12.0,18.47,61.61,2.42
2023-02-22 07:00:00,136.77,136.85,20.52,53.3,3.6
2023-02-22 08:00:00,289.83,290.1,23.77,43.74,3.17
2023-02-22 09:00:00,478.67,479.33,27.92,31.56,3.9
2023-02-22 10:00:00,637.85,638.9,31.82,22.75,4.59
2023-02-22 11:00:00,740.9,742.25,34.79,17.77,4.54
2023-02-22 12:00:00,792.03,793.72,36.21,16.26,3.92
2023-02-22 13:00:00,731.25,732.95,36.89,15.57,3.44
2023-02-22 14:00:00,594.12,595.6,36.96,15.4,3.23
2023-02-22 15:00:00,409.05,412.88,36.32,15.94,3.05
2023-02-22 16:00:00,212.27,214.25,34.6,22.14,2.05
2023-02-22 17:00:00,58.45,58.95,30.39,37.91,1.29
2023-02-22 18:00:00,0.0,0.0,28.01,40.21,1.36
2023-02-22 19:00:00,0.0,0.0,27.18,41.23,1.32
2023-02-22 20:00:00,0.0,0.0,26.5,41.98,1.3
2023-02-22 21:00:00,0.0,0.0,25.73,43.28,1.3
2023-02-22 22:00:00,0.0,0.0,24.92,44.91,1.3
2023-02-22 23:00:00,0.0,0.0,24.05,47.09,1.3
2023-02-23 00:00:00,0.0,0.0,23.07,50.09,1.29
2023-02-23 01:00:00,0.0,0.0,22.09,53.37,1.31
2023-02-23 02:00:00,0.0,0.0,21.23,56.68,1.33
2023-02-23 03:00:00,0.0,0.0,20.51,59.97,1.37
2023-02-23 04:00:00,0.0,0.0,19.92,63.37,1.36
2023-02-23 05:00:00,0.0,0.0,19.47,66.66,1.32
2023-02-23 06:00:00,11.88,11.88,19.85,68.0,1.29
2023-02-23 07:00:00,137.15,137.27,22.49,57.92,2.43
2023-02-23 08:00:00,299.0,299.1,25.1,51.7,1.95
2023-02-23 09:00:00,456.83,456.92,29.8,37.62,2.11
2023-02-23 10:00:00,603.45,603.58,34.09,25.63,2.91
2023-02-23 11:00:00,699.88,700.0,36.08,22.04,3.02
2023-02-23 12:00:00,791.33,791.5,37.4,19.85,3.07
2023-02-23 13:00:00,733.2,733.4,37.97,18.53,3.18
2023-02-23 14:00:00,600.47,600.88,38.0,17.86,3.23
2023-02-23 15:00:00,417.55,418.02,37.43,18.0,3.23
2023-02-23 16:00:00,219.45,219.75,36.03,20.76,2.7
2023-02-23 17:00:00,67.45,67.5,31.75,37.09,1.36
2023-02-23 18:00:00,0.0,0.0,28.89,41.28,1.44
2023-02-23 19:00:00,0.0,0.0,27.76,42.52,1.44
2023-02-23 20:00:00,0.0,0.0,26.88,43.44,1.38
2023-02-23 21:00:00,0.0,0.0,26.29,43.47,1.33
2023-02-23 22:00:00,0.0,0.0,26.09,42.03,1.32
2023-02-23 23:00:00,0.0,0.0,26.01,40.33,1.28
2023-02-24 00:00:00,0.0,0.0,25.58,40.28,1.27
2023-02-24 01:00:00,0.0,0.0,24.39,43.63,1.29
2023-02-24 02:00:00,0.0,0.0,22.77,48.6,1.32
2023-02-24 03:00:00,0.0,0.0,21.5,52.09,1.41
2023-02-24 04:00:00,0.0,0.0,20.53,55.58,1.44
2023-02-24 05:00:00,0.0,0.0,19.78,59.63,1.32
2023-02-24 06:00:00,13.35,13.35,20.12,62.38,1.04
2023-02-24 07:00:00,136.9,137.23,22.98,49.76,1.6
2023-02-24 08:00:00,292.4,292.83,26.08,42.71,1.21
2023-02-24 09:00:00,482.67,482.8,31.07,29.25,1.49
2023-02-24 10:00:00,642.78,642.97,34.34,22.87,1.07
2023-02-24 11:00:00,764.78,765.47,36.37,19.85,1.04
2023-02-24 12:00:00,822.95,830.58,37.73,18.16,1.48
2023-02-24 13:00:00,759.7,767.12,38.45,17.56,1.83
2023-02-24 14:00:00,617.28,623.58,38.56,17.83,2.03
2023-02-24 15:00:00,423.0,423.3,38.09,18.8,2.09
2023-02-24 16:00:00,210.55,216.02,36.96,21.45,1.84
2023-02-24 17:00:00,58.33,59.72,33.65,39.78,0.82
2023-02-24 18:00:00,0.0,0.0,31.91,39.9,0.94
2023-02-24 19:00:00,0.0,0.0,30.81,43.12,0.93
2023-02-24 20:00:00,0.0,0.0,29.31,50.23,1.02
2023-02-24 21:00:00,0.0,0.0,27.8,58.17,1.14
2023-02-24 22:00:00,0.0,0.0,26.67,65.83,1.36
2023-02-24 23:00:00,0.0,0.0,25.97,73.91,1.72
2023-02-25 00:00:00,0.0,0.0,25.41,81.51,2.02
2023-02-25 01:00:00,0.0,0.0,24.9,86.49,2.12
2023-02-25 02:00:00,0.0,0.0,24.38,90.26,2.01
2023-02-25 03:00:00,0.0,0.0,23.83,94.18,1.72
2023-02-25 04:00:00,0.0,0.0,23.28,98.1,1.33
2023-02-25 05:00:00,0.0,0.0,22.87,100.0,1.0
2023-02-25 06:00:00,14.95,14.82,23.5,96.54,1.12
2023-02-25 07:00:00,136.07,136.8,25.92,82.36,2.0
2023-02-25 08:00:00,328.92,331.88,28.94,66.76,2.46
2023-02-25 09:00:00,537.03,540.35,32.01,52.34,2.06
2023-02-25 10:00:00,701.33,704.5,34.31,42.54,1.3
2023-02-25 11:00:00,793.2,802.03,35.99,35.51,0.43
2023-02-25 12:00:00,784.55,789.85,37.29,30.21,0.57
2023-02-25 13:00:00,720.0,733.3,38.08,27.24,1.25
2023-02-25 14:00:00,601.17,605.35,38.23,26.29,1.68
2023-02-25 15:00:00,403.58,407.95,37.83,26.43,2.05
2023-02-25 16:00:00,207.85,211.73,36.83,27.78,2.27
2023-02-25 17:00:00,59.53,59.45,33.97,40.55,1.34
2023-02-25 18:00:00,0.0,0.0,31.21,48.99,1.59
2023-02-25 19:00:00,0.0,0.0,30.13,52.9,2.19
2023-02-25 20:00:00,0.0,0.0,29.11,59.68,2.91
2023-02-25 21:00:00,0.0,0.0,28.13,67.97,3.31
2023-02-25 22:00:00,0.0,0.0,27.37,73.97,3.26
2023-02-25 23:00:00,0.0,0.0,26.88,76.72,3.19
2023-02-26 00:00:00,0.0,0.0,26.48,77.72,3.25
2023-02-26 01:00:00,0.0,0.0,26.15,78.06,3.35
2023-02-26 02:00:00,0.0,0.0,25.86,77.97,3.45
2023-02-26 03:00:00,0.0,0.0,25.59,78.24,3.38
2023-02-26 04:00:00,0.0,0.0,25.27,79.28,2.94
2023-02-26 05:00:00,0.0,0.0,24.86,81.04,2.29
2023-02-26 06:00:00,15.82,15.57,25.27,79.15,2.54
2023-02-26 07:00:00,140.8,143.02,27.46,70.16,3.82
2023-02-26 08:00:00,341.83,341.95,30.2,59.02,4.49
2023-02-26 09:00:00,550.4,550.78,32.52,50.14,3.66
2023-02-26 10:00:00,724.92,725.1,34.28,44.08,2.73
2023-02-26 11:00:00,828.75,829.62,35.6,39.43,1.95
2023-02-26 12:00:00,879.92,880.95,36.65,35.79,1.45
2023-02-26 13:00:00,815.03,819.83,37.45,33.16,1.49
2023-02-26 14:00:00,677.85,679.25,37.72,31.84,1.99
2023-02-26 15:00:00,473.9,480.27,37.32,32.12,2.55
2023-02-26 16:00:00,241.0,253.85,36.26,34.14,2.91
2023-02-26 17:00:00,64.85,68.57,33.88,43.35,2.17
2023-02-26 18:00:00,0.0,0.0,31.38,53.15,2.17
2023-02-26 19:00:00,0.0,0.0,30.43,57.07,2.56
2023-02-26 20:00:00,0.0,0.0,29.47,61.53,2.4
2023-02-26 21:00:00,0.0,0.0,28.61,65.42,2.05
2023-02-26 22:00:00,0.0,0.0,27.82,68.71,1.7
2023-02-26 23:00:00,0.0,0.0,27.19,71.3,1.58
2023-02-27 00:00:00,0.0,0.0,26.64,73.68,1.62
2023-02-27 01:00:00,0.0,0.0,26.19,75.79,1.74
2023-02-27 02:00:00,0.0,0.0,25.81,77.67,1.96
2023-02-27 03:00:00,0.0,0.0,25.56,79.12,2.18
2023-02-27 04:00:00,0.0,0.0,25.37,80.19,2.2
2023-02-27 05:00:00,0.0,0.0,25.27,80.72,1.95
2023-02-27 06:00:00,16.7,16.5,25.64,78.93,2.19
2023-02-27 07:00:00,148.98,149.82,27.25,70.71,2.58
2023-02-27 08:00:00,339.98,341.05,30.15,56.83,2.96
2023-02-27 09:00:00,544.9,569.22,32.86,46.51,2.61
2023-02-27 10:00:00,708.97,738.28,34.98,39.41,1.78
2023-02-27 11:00:00,822.35,838.88,36.54,35.16,1.82
2023-02-27 12:00:00,718.75,768.58,37.52,32.64,2.55
2023-02-27 13:00:00,621.33,710.28,37.95,31.26,3.31
2023-02-27 14:00:00,532.1,577.28,37.77,31.09,3.79
2023-02-27 15:00:00,305.15,390.5,36.97,32.19,3.98
2023-02-27 16:00:00,157.12,197.85,35.92,34.16,4.0
2023-02-27 17:00:00,47.88,54.7,33.79,40.97,3.05
2023-02-27 18:00:00,0.0,0.0,31.52,49.43,2.78
2023-02-27 19:00:00,0.0,0.0,30.59,53.32,3.22
2023-02-27 20:00:00,0.0,0.0,29.58,59.12,2.62
2023-02-27 21:00:00,0.0,0.0,28.73,64.75,1.79
2023-02-27 22:00:00,0.0,0.0,28.15,68.54,1.26
2023-02-27 23:00:00,0.0,0.0,27.73,70.6,1.06
2023-02-28 00:00:00,0.0,0.0,27.4,71.63,1.14
2023-02-28 01:00:00,0.0,0.0,27.15,72.11,1.23
2023-02-28 02:00:00,0.0,0.0,26.91,72.81,1.2
2023-02-28 03:00:00,0.0,0.0,26.63,73.83,1.09
2023-02-28 04:00:00,0.0,0.0,26.28,75.21,0.96
2023-02-28 05:00:00,0.0,0.0,25.79,76.93,0.83
2023-02-28 06:00:00,11.73,14.62,26.22,75.09,1.02
2023-02-28 07:00:00,99.68,129.88,28.44,63.39,1.63
2023-02-28 08:00:00,214.18,321.42,31.28,51.46,1.51
2023-02-28 09:00:00,336.1,531.05,33.47,43.76,0.8
2023-02-28 10:00:00,424.55,704.75,35.0,39.31,0.61
2023-02-28 11:00:00,434.62,808.7,36.12,36.22,1.27
2023-02-28 12:00:00,507.35,902.65,36.66,34.48,1.98
2023-02-28 13:00:00,445.9,845.47,36.57,33.96,2.56
2023-02-28 14:00:00,361.15,711.83,35.72,34.94,3.01
2023-02-28 15:00:00,294.67,516.83,34.84,36.54,3.38
2023-02-28 16:00:00,155.6,287.23,33.99,38.44,3.69
2023-02-28 17:00:00,43.58,78.68,32.35,44.3,3.15
2023-02-28 18:00:00,0.0,0.0,30.68,51.72,3.21
2023-02-28 19:00:00,0.0,0.0,29.78,57.01,3.71
2023-02-28 20:00:00,0.0,0.0,28.92,62.8,3.75
2023-02-28 21:00:00,0.0,0.0,28.15,68.23,3.65
2023-02-28 22:00:00,0.0,0.0,27.5,73.03,3.47
2023-02-28 23:00:00,0.0,0.0,26.96,76.99,3.27
2023-03-01 00:00:00,0.0,0.0,26.5,80.28,3.01
2023-03-01 01:00:00,0.0,0.0,26.0,83.57,2.76
2023-03-01 02:00:00,0.0,0.0,25.46,87.04,2.48
2023-03-01 03:00:00,0.0,0.0,24.93,90.63,2.16
2023-03-01 04:00:00,0.0,0.0,24.49,93.58,1.79
2023-03-01 05:00:00,0.0,0.0,24.12,95.67,1.52
2023-03-01 06:00:00,19.02,19.1,24.52,93.16,2.24
2023-03-01 07:00:00,174.18,176.82,26.73,78.77,3.29
2023-03-01 08:00:00,396.38,403.88,29.45,62.3,3.64
2023-03-01 09:00:00,615.6,616.55,31.6,52.37,3.64
2023-03-01 10:00:00,745.45,796.03,33.22,45.87,3.41
2023-03-01 11:00:00,831.2,896.35,34.73,40.01,3.19
2023-03-01 12:00:00,940.9,950.08,36.02,35.29,3.21
2023-03-01 13:00:00,878.33,889.35,36.64,32.41,3.48
2023-03-01 14:00:00,745.53,751.05,36.62,31.22,3.81
2023-03-01 15:00:00,546.25,548.22,35.82,32.18,3.86
2023-03-01 16:00:00,305.92,312.05,34.52,35.02,3.62
2023-03-01 17:00:00,85.12,87.43,32.45,42.81,2.54
2023-03-01 18:00:00,0.0,0.0,30.03,54.33,1.83
2023-03-01 19:00:00,0.0,0.0,29.15,58.71,1.87
2023-03-01 20:00:00,0.0,0.0,28.29,62.96,1.51
2023-03-01 21:00:00,0.0,0.0,27.63,65.69,1.22
2023-03-01 22:00:00,0.0,0.0,27.13,67.01,1.12
2023-03-01 23:00:00,0.0,0.0,26.62,67.65,1.15
2023-03-02 00:00:00,0.0,0.0,26.13,68.14,1.24
2023-03-02 01:00:00,0.0,0.0,25.64,68.9,1.27
2023-03-02 02:00:00,0.0,0.0,25.11,70.38,1.22
2023-03-02 03:00:00,0.0,0.0,24.64,72.02,1.07
2023-03-02 04:00:00,0.0,0.0,24.34,72.99,0.88
2023-03-02 05:00:00,0.0,0.0,23.94,74.65,0.77
2023-03-02 06:00:00,20.85,21.05,24.39,73.44,1.05
2023-03-02 07:00:00,194.8,197.65,26.98,61.84,1.66
2023-03-02 08:00:00,430.35,437.67,31.32,44.64,1.94
2023-03-02 09:00:00,653.65,661.72,34.28,34.98,2.25
2023-03-02 10:00:00,825.8,832.97,36.38,27.87,2.56
2023-03-02 11:00:00,928.25,933.5,37.99,22.35,2.89
2023-03-02 12:00:00,964.7,967.78,39.17,18.43,3.18
2023-03-02 13:00:00,904.12,905.58,39.7,16.26,3.29
2023-03-02 14:00:00,761.38,763.88,39.66,15.52,3.25
2023-03-02 15:00:00,541.92,562.4,39.05,15.88,3.19
2023-03-02 16:00:00,291.1,319.75,37.84,17.33,2.99
2023-03-02 17:00:00,81.32,91.22,34.49,32.22,1.32
2023-03-02 18:00:00,0.0,0.0,31.78,40.6,1.14
2023-03-02 19:00:00,0.0,0.0,30.85,43.61,1.13
2023-03-02 20:00:00,0.0,0.0,29.52,48.58,1.29
2023-03-02 21:00:00,0.0,0.0,28.44,53.88,1.74
2023-03-02 22:00:00,0.0,0.0,27.74,60.63,2.62
2023-03-02 23:00:00,0.0,0.0,27.2,68.02,3.51
2023-03-03 00:00:00,0.0,0.0,26.68,73.08,3.85
2023-03-03 01:00:00,0.0,0.0,26.26,76.6,3.77
2023-03-03 02:00:00,0.0,0.0,25.85,79.85,3.42
2023-03-03 03:00:00,0.0,0.0,25.4,83.2,2.86
2023-03-03 04:00:00,0.0,0.0,24.93,86.37,2.29
2023-03-03 05:00:00,0.0,0.0,24.53,88.77,1.87
2023-03-03 06:00:00,22.0,22.08,24.98,86.34,2.21
2023-03-03 07:00:00,204.82,206.12,27.71,72.17,3.18
2023-03-03 08:00:00,436.65,440.23,31.05,56.64,3.61
2023-03-03 09:00:00,654.8,660.92,33.72,45.9,3.03
2023-03-03 10:00:00,820.95,829.15,35.64,39.1,2.19
2023-03-03 11:00:00,918.12,927.58,37.04,34.32,1.29
2023-03-03 12:00:00,925.5,935.17,38.03,30.86,0.69
2023-03-03 13:00:00,872.12,873.6,38.73,28.2,1.38
2023-03-03 14:00:00,734.38,737.53,38.89,26.88,2.15
2023-03-03 15:00:00,528.33,541.38,38.45,26.73,2.59
2023-03-03 16:00:00,284.88,305.83,37.47,27.8,2.79
2023-03-03 17:00:00,80.25,85.43,35.08,36.53,1.81
2023-03-03 18:00:00,0.0,0.0,32.33,46.21,1.57
2023-03-03 19:00:00,0.0,0.0,31.53,48.12,1.93
2023-03-03 20:00:00,0.0,0.0,30.75,51.41,2.36
2023-03-03 21:00:00,0.0,0.0,30.05,55.52,2.88
2023-03-03 22:00:00,0.0,0.0,29.31,59.74,2.95
2023-03-03 23:00:00,0.0,0.0,28.7,62.58,2.84
2023-03-04 00:00:00,0.0,0.0,28.18,64.75,2.78
2023-03-04 01:00:00,0.0,0.0,27.71,66.89,2.9
2023-03-04 02:00:00,0.0,0.0,27.26,69.22,3.15
2023-03-04 03:00:00,0.0,0.0,26.82,71.69,3.5
2023-03-04 04:00:00,0.0,0.0,26.41,74.73,3.65
2023-03-04 05:00:00,0.0,0.0,25.99,78.56,3.32
2023-03-04 06:00:00,20.7,20.92,26.02,80.31,3.11
2023-03-04 07:00:00,172.52,180.45,28.25,70.02,4.24
2023-03-04 08:00:00,387.83,408.48,31.14,56.76,4.69
2023-03-04 09:00:00,597.42,621.92,33.74,46.71,3.88
2023-03-04 10:00:00,792.38,792.75,35.55,40.66,2.65
2023-03-04 11:00:00,900.42,901.08,36.79,36.64,1.42
2023-03-04 12:00:00,901.08,944.97,37.57,33.4,0.36
2023-03-04 13:00:00,854.85,881.95,38.32,30.06,0.73
2023-03-04 14:00:00,726.5,741.22,38.68,27.61,1.41
2023-03-04 15:00:00,525.05,539.1,38.46,26.68,1.85
2023-03-04 16:00:00,284.8,301.62,37.66,27.12,2.16
2023-03-04 17:00:00,81.57,85.4,35.54,35.19,1.48
2023-03-04 18:00:00,0.0,0.0,32.66,46.39,1.31
2023-03-04 19:00:00,0.0,0.0,31.62,47.93,1.81
2023-03-04 20:00:00,0.0,0.0,30.69,51.57,2.47
2023-03-04 21:00:00,0.0,0.0,29.74,56.92,3.09
2023-03-04 22:00:00,0.0,0.0,28.97,62.24,3.41
2023-03-04 23:00:00,0.0,0.0,28.39,66.61,3.53
2023-03-05 00:00:00,0.0,0.0,27.86,70.49,3.77
2023-03-05 01:00:00,0.0,0.0,27.41,73.66,4.04
2023-03-05 02:00:00,0.0,0.0,26.92,76.44,4.06
2023-03-05 03:00:00,0.0,0.0,26.41,78.92,3.98
2023-03-05 04:00:00,0.0,0.0,25.95,81.17,3.78
2023-03-05 05:00:00,0.0,0.0,25.54,83.18,3.4
2023-03-05 06:00:00,22.65,22.73,25.74,82.17,3.48
2023-03-05 07:00:00,193.12,197.18,28.02,70.34,3.98
2023-03-05 08:00:00,428.0,434.9,30.88,57.0,4.03
2023-03-05 09:00:00,648.33,649.08,33.48,47.28,3.6
2023-03-05 10:00:00,816.72,817.75,35.63,39.89,2.98
2023-03-05 11:00:00,899.6,914.58,37.32,34.03,2.28
2023-03-05 12:00:00,918.4,949.4,38.55,29.71,1.7
2023-03-05 13:00:00,851.28,887.53,39.26,27.01,1.28
2023-03-05 14:00:00,702.58,748.58,39.47,25.57,0.97
2023-03-05 15:00:00,533.75,549.28,39.11,25.21,0.57
2023-03-05 16:00:00,293.0,315.85,38.3,25.83,0.16
2023-03-05 17:00:00,84.43,90.45,36.67,32.62,0.48
2023-03-05 18:00:00,0.0,0.0,34.1,43.2,0.84
2023-03-05 19:00:00,0.0,0.0,32.52,46.95,1.22
2023-03-05 20:00:00,0.0,0.0,31.59,48.27,1.63
2023-03-05 21:00:00,0.0,0.0,30.81,51.12,2.13
2023-03-05 22:00:00,0.0,0.0,30.04,54.81,2.66
2023-03-05 23:00:00,0.0,0.0,29.36,58.4,2.96
2023-03-06 00:00:00,0.0,0.0,28.76,61.41,3.14
2023-03-06 01:00:00,0.0,0.0,28.14,64.4,3.11
2023-03-06 02:00:00,0.0,0.0,27.55,67.28,2.98
2023-03-06 03:00:00,0.0,0.0,26.98,70.4,2.9
2023-03-06 04:00:00,0.0,0.0,26.45,73.75,2.86
2023-03-06 05:00:00,0.0,0.0,26.03,76.9,2.9
2023-03-06 06:00:00,21.58,23.15,26.17,77.38,3.39
2023-03-06 07:00:00,152.6,198.45,28.73,64.43,3.95
2023-03-06 08:00:00,340.02,437.9,32.28,48.85,4.19
2023-03-06 09:00:00,518.72,658.45,35.04,40.26,3.71
2023-03-06 10:00:00,702.12,826.8,37.06,34.97,2.83
2023-03-06 11:00:00,852.47,926.1,38.59,30.53,2.02
2023-03-06 12:00:00,882.97,951.97,39.8,26.42,1.78
2023-03-06 13:00:00,760.33,892.8,40.59,23.1,2.2
2023-03-06 14:00:00,552.03,751.05,40.83,20.54,2.83
2023-03-06 15:00:00,457.55,549.28,40.48,18.52,3.38
2023-03-06 16:00:00,262.5,309.25,39.45,17.24,3.54
2023-03-06 17:00:00,80.1,87.12,36.2,24.93,1.84
2023-03-06 18:00:00,0.0,0.0,32.73,33.44,1.38
2023-03-06 19:00:00,0.0,0.0,31.87,35.39,1.23
2023-03-06 20:00:00,0.0,0.0,31.66,35.7,1.06
2023-03-06 21:00:00,0.0,0.0,30.75,39.14,1.08
2023-03-06 22:00:00,0.0,0.0,28.92,47.02,1.29
2023-03-06 23:00:00,0.0,0.0,27.71,55.58,1.6
2023-03-07 00:00:00,0.0,0.0,26.97,65.18,1.91
2023-03-07 01:00:00,0.0,0.0,26.46,73.47,2.27
2023-03-07 02:00:00,0.0,0.0,25.97,79.26,2.34
2023-03-07 03:00:00,0.0,0.0,25.81,82.27,2.22
2023-03-07 04:00:00,0.0,0.0,25.74,84.1,2.34
2023-03-07 05:00:00,0.0,0.0,25.59,85.42,2.57
2023-03-07 06:00:00,22.4,23.17,26.02,83.19,3.42
2023-03-07 07:00:00,170.98,193.23,28.16,71.93,5.35
2023-03-07 08:00:00,371.35,429.95,30.54,60.8,5.73
2023-03-07 09:00:00,606.28,650.08,32.83,51.55,5.11
2023-03-07 10:00:00,688.25,818.83,34.96,43.48,4.21
2023-03-07 11:00:00,752.5,915.35,36.82,36.4,3.35
2023-03-07 12:00:00,802.1,918.6,38.3,30.8,2.58
2023-03-07 13:00:00,777.15,852.6,39.04,27.34,1.83
2023-03-07 14:00:00,641.53,709.83,39.17,25.51,1.21
2023-03-07 15:00:00,403.38,507.77,38.77,24.92,0.83
2023-03-07 16:00:00,211.2,275.27,38.05,25.3,0.63
2023-03-07 17:00:00,66.6,75.47,36.47,32.99,0.61
2023-03-07 18:00:00,0.0,0.0,33.87,44.36,0.9
2023-03-07 19:00:00,0.0,0.0,32.54,46.24,1.33
2023-03-07 20:00:00,0.0,0.0,31.73,48.48,1.98
2023-03-07 21:00:00,0.0,0.0,30.92,52.85,2.78
2023-03-07 22:00:00,0.0,0.0,29.96,58.36,3.19
2023-03-07 23:00:00,0.0,0.0,29.15,63.06,3.34
2023-03-08 00:00:00,0.0,0.0,28.5,66.89,3.27
2023-03-08 01:00:00,0.0,0.0,28.02,69.77,3.12
2023-03-08 02:00:00,0.0,0.0,27.69,71.84,2.98
2023-03-08 03:00:00,0.0,0.0,27.42,73.44,2.88
2023-03-08 04:00:00,0.0,0.0,27.18,74.84,2.8
2023-03-08 05:00:00,0.0,0.0,26.95,76.21,2.73
2023-03-08 06:00:00,20.27,21.05,27.02,76.32,2.96
2023-03-08 07:00:00,160.25,174.0,28.65,68.37,3.58
2023-03-08 08:00:00,343.73,391.6,31.5,55.8,4.18
2023-03-08 09:00:00,584.03,606.3,34.3,45.35,4.07
2023-03-08 10:00:00,751.33,772.8,36.33,38.72,3.63
2023-03-08 11:00:00,820.83,870.15,37.94,33.73,3.1
2023-03-08 12:00:00,859.4,951.0,39.11,29.83,2.55
2023-03-08 13:00:00,774.38,887.65,39.77,27.18,2.15
2023-03-08 14:00:00,597.97,752.53,39.94,25.68,1.96
2023-03-08 15:00:00,376.27,550.1,39.56,25.28,1.94
2023-03-08 16:00:00,215.02,308.4,38.65,26.16,2.11
2023-03-08 17:00:00,78.3,87.82,36.44,33.77,1.58
2023-03-08 18:00:00,0.0,0.0,33.63,42.39,1.88
2023-03-08 19:00:00,0.0,0.0,32.84,44.66,3.27
2023-03-08 20:00:00,0.0,0.0,31.68,51.2,4.2
2023-03-08 21:00:00,0.0,0.0,30.53,58.27,4.49
2023-03-08 22:00:00,0.0,0.0,29.74,63.23,4.45
2023-03-08 23:00:00,0.0,0.0,29.17,66.26,4.16
2023-03-09 00:00:00,0.0,0.0,28.64,68.53,3.89
2023-03-09 01:00:00,0.0,0.0,28.14,70.71,3.72
2023-03-09 02:00:00,0.0,0.0,27.71,73.03,3.62
2023-03-09 03:00:00,0.0,0.0,27.34,75.69,3.63
2023-03-09 04:00:00,0.0,0.0,27.02,78.89,3.62
2023-03-09 05:00:00,0.0,0.0,26.73,82.16,3.49
2023-03-09 06:00:00,20.08,24.33,26.92,82.28,3.69
2023-03-09 07:00:00,139.4,195.27,28.68,72.8,4.51
2023-03-09 08:00:00,290.15,429.17,31.03,60.56,4.87
2023-03-09 09:00:00,442.95,642.6,33.04,51.66,4.46
2023-03-09 10:00:00,660.5,810.08,34.53,45.88,3.78
2023-03-09 11:00:00,788.83,924.85,35.65,41.67,3.17
2023-03-09 12:00:00,832.15,927.15,36.48,38.47,2.6
2023-03-09 13:00:00,773.15,862.28,36.87,36.52,2.29
2023-03-09 14:00:00,727.33,729.17,36.91,35.56,2.4
2023-03-09 15:00:00,524.12,533.65,36.46,35.84,2.76
2023-03-09 16:00:00,275.1,301.48,35.53,37.84,3.15
2023-03-09 17:00:00,74.55,86.2,33.5,45.94,2.57
2023-03-09 18:00:00,0.0,0.0,31.39,55.19,2.72
2023-03-09 19:00:00,0.0,0.0,30.49,59.53,3.52
2023-03-09 20:00:00,0.0,0.0,29.54,65.29,3.63
2023-03-09 21:00:00,0.0,0.0,28.75,70.22,3.48
2023-03-09 22:00:00,0.0,0.0,28.08,73.91,3.27
2023-03-09 23:00:00,0.0,0.0,27.44,77.11,3.08
2023-03-10 00:00:00,0.0,0.0,26.87,79.79,2.93
2023-03-10 01:00:00,0.0,0.0,26.36,82.35,2.77
2023-03-10 02:00:00,0.0,0.0,25.9,84.87,2.59
2023-03-10 03:00:00,0.0,0.0,25.52,87.08,2.33
2023-03-10 04:00:00,0.0,0.0,25.19,89.16,2.0
2023-03-10 05:00:00,0.0,0.0,24.86,91.47,1.66
2023-03-10 06:00:00,25.85,25.85,25.23,90.29,2.17
2023-03-10 07:00:00,177.85,202.43,27.54,77.32,2.95
2023-03-10 08:00:00,388.2,439.52,30.58,60.37,3.2
2023-03-10 09:00:00,588.72,657.7,33.26,47.24,2.34
2023-03-10 10:00:00,779.5,823.15,35.66,36.71,0.89
2023-03-10 11:00:00,889.0,913.95,37.51,31.42,1.21
2023-03-10 12:00:00,926.72,947.33,38.79,28.39,2.02
2023-03-10 13:00:00,849.4,892.95,39.1,27.38,2.55
2023-03-10 14:00:00,729.5,754.4,38.65,27.87,2.82
2023-03-10 15:00:00,393.7,543.5,37.64,29.59,2.89
2023-03-10 16:00:00,208.93,302.45,36.65,32.33,2.68
2023-03-10 17:00:00,66.85,84.2,34.33,44.36,1.66
2023-03-10 18:00:00,0.0,0.0,32.36,50.18,1.95
2023-03-10 19:00:00,0.0,0.0,31.55,52.0,2.61
2023-03-10 20:00:00,0.0,0.0,30.68,55.53,3.11
2023-03-10 21:00:00,0.0,0.0,29.93,59.14,3.07
2023-03-10 22:00:00,0.0,0.0,29.36,61.88,2.73
2023-03-10 23:00:00,0.0,0.0,28.9,64.3,2.29
2023-03-11 00:00:00,0.0,0.0,28.47,67.29,1.79
2023-03-11 01:00:00,0.0,0.0,28.03,70.96,1.22
2023-03-11 02:00:00,0.0,0.0,27.56,75.2,0.49
2023-03-11 03:00:00,0.0,0.0,27.38,76.57,0.49
2023-03-11 04:00:00,0.0,0.0,27.24,77.18,0.74
2023-03-11 05:00:00,0.0,0.0,26.98,78.45,0.61
2023-03-11 06:00:00,13.62,25.3,27.33,75.1,0.56
2023-03-11 07:00:00,89.4,199.32,28.71,65.49,0.58
2023-03-11 08:00:00,194.8,436.7,30.2,57.36,0.82
2023-03-11 09:00:00,322.62,657.72,31.99,50.16,1.56
2023-03-11 10:00:00,554.42,826.28,33.94,43.47,2.12
2023-03-11 11:00:00,840.12,919.8,35.31,39.02,2.54
2023-03-11 12:00:00,921.75,946.1,35.91,36.74,2.83
2023-03-11 13:00:00,861.15,881.6,36.09,35.64,3.12
2023-03-11 14:00:00,700.3,740.1,35.68,36.22,3.35
2023-03-11 15:00:00,460.95,537.58,34.95,37.79,3.47
2023-03-11 16:00:00,244.5,300.1,33.92,41.02,3.32
2023-03-11 17:00:00,70.9,84.8,32.0,49.96,2.44
2023-03-11 18:00:00,0.0,0.0,30.42,56.86,2.61
2023-03-11 19:00:00,0.0,0.0,29.76,60.12,3.13
2023-03-11 20:00:00,0.0,0.0,29.1,63.89,3.32
2023-03-11 21:00:00,0.0,0.0,28.48,67.82,3.45
2023-03-11 22:00:00,0.0,0.0,27.87,72.03,3.64
2023-03-11 23:00:00,0.0,0.0,27.32,76.17,3.83
2023-03-12 00:00:00,0.0,0.0,26.85,79.55,3.85
2023-03-12 01:00:00,0.0,0.0,26.46,81.8,3.57
2023-03-12 02:00:00,0.0,0.0,26.1,83.41,3.21
2023-03-12 03:00:00,0.0,0.0,25.66,84.91,2.93
2023-03-12 04:00:00,0.0,0.0,25.2,86.21,2.6
2023-03-12 05:00:00,0.0,0.0,24.99,86.2,2.26
2023-03-12 06:00:00,23.0,25.95,25.2,84.24,2.28
2023-03-12 07:00:00,131.18,194.25,26.44,76.53,2.55
2023-03-12 08:00:00,283.27,423.65,28.51,64.2,2.73
2023-03-12 09:00:00,403.98,641.15,30.67,53.08,2.49
2023-03-12 10:00:00,410.85,809.2,32.33,45.65,2.02
2023-03-12 11:00:00,549.28,906.4,33.56,40.47,1.78
2023-03-12 12:00:00,624.9,931.78,34.44,37.29,1.87
2023-03-12 13:00:00,650.05,850.65,34.99,35.84,2.37
2023-03-12 14:00:00,527.1,697.3,35.11,35.89,2.87
2023-03-12 15:00:00,377.83,488.7,34.7,37.29,3.05
2023-03-12 16:00:00,211.52,269.58,33.79,40.13,2.87
2023-03-12 17:00:00,56.5,73.1,31.92,49.82,1.88
2023-03-12 18:00:00,0.0,0.0,29.82,60.85,1.4
2023-03-12 19:00:00,0.0,0.0,29.16,63.56,1.44
2023-03-12 20:00:00,0.0,0.0,28.58,66.48,1.32
2023-03-12 21:00:00,0.0,0.0,28.01,69.11,1.09
2023-03-12 22:00:00,0.0,0.0,27.61,70.74,0.92
2023-03-12 23:00:00,0.0,0.0,27.34,71.7,0.8
2023-03-13 00:00:00,0.0,0.0,27.02,72.48,0.76
2023-03-13 01:00:00,0.0,0.0,26.63,73.79,0.8
2023-03-13 02:00:00,0.0,0.0,26.25,74.66,0.94
2023-03-13 03:00:00,0.0,0.0,25.9,75.37,1.27
2023-03-13 04:00:00,0.0,0.0,25.63,76.32,1.69
2023-03-13 05:00:00,0.0,0.0,25.28,78.42,1.83
2023-03-13 06:00:00,22.23,24.5,25.32,79.02,2.19
2023-03-13 07:00:00,151.62,177.38,27.39,69.05,2.59
2023-03-13 08:00:00,298.45,386.85,30.57,54.87,2.49
2023-03-13 09:00:00,491.55,599.08,32.72,47.1,1.78
2023-03-13 10:00:00,649.22,766.6,34.07,42.6,1.11
2023-03-13 11:00:00,607.4,861.08,35.3,38.49,0.81
2023-03-13 12:00:00,768.6,989.65,36.93,33.41,1.44
2023-03-13 13:00:00,780.22,924.38,37.99,29.39,2.11
2023-03-13 14:00:00,576.33,781.03,38.25,27.14,2.58
2023-03-13 15:00:00,424.2,575.33,37.89,26.11,2.92
2023-03-13 16:00:00,229.43,330.62,36.93,26.51,3.05
2023-03-13 17:00:00,73.5,97.5,34.39,36.23,1.72
2023-03-13 18:00:00,0.0,0.0,31.36,47.46,1.22
2023-03-13 19:00:00,0.0,0.0,30.56,49.35,1.14
2023-03-13 20:00:00,0.0,0.0,30.19,49.16,0.99
2023-03-13 21:00:00,0.0,0.0,29.88,48.2,0.77
2023-03-13 22:00:00,0.0,0.0,29.24,48.95,0.72
2023-03-13 23:00:00,0.0,0.0,28.12,53.81,0.85
2023-03-14 00:00:00,0.0,0.0,26.83,59.93,0.94
2023-03-14 01:00:00,0.0,0.0,25.71,66.21,0.94
2023-03-14 02:00:00,0.0,0.0,24.78,72.8,0.91
2023-03-14 03:00:00,0.0,0.0,24.03,78.98,0.87
2023-03-14 04:00:00,0.0,0.0,23.36,85.04,0.83
2023-03-14 05:00:00,0.0,0.0,22.82,91.57,0.81
2023-03-14 06:00:00,31.48,33.2,23.65,91.01,1.25
2023-03-14 07:00:00,218.82,234.88,26.78,75.81,2.65
2023-03-14 08:00:00,453.5,484.25,30.29,58.65,3.1
2023-03-14 09:00:00,674.3,708.4,33.24,45.34,2.5
2023-03-14 10:00:00,846.25,876.75,35.56,35.88,1.75
2023-03-14 11:00:00,951.15,972.2,37.31,29.56,1.49
2023-03-14 12:00:00,1004.95,1009.08,38.56,25.41,1.8
2023-03-14 13:00:00,939.25,942.7,39.19,22.96,2.25
2023-03-14 14:00:00,785.7,798.95,39.23,21.8,2.55
2023-03-14 15:00:00,578.33,592.65,38.77,21.56,2.7
2023-03-14 16:00:00,336.67,345.25,37.76,22.27,2.67
2023-03-14 17:00:00,102.95,104.07,35.25,31.93,1.44
2023-03-14 18:00:00,0.0,0.0,32.23,42.66,1.02
2023-03-14 19:00:00,0.0,0.0,31.68,42.33,0.94
2023-03-14 20:00:00,0.0,0.0,31.08,42.41,0.77
2023-03-14 21:00:00,0.0,0.0,30.33,44.9,0.62
2023-03-14 22:00:00,0.0,0.0,29.69,48.54,0.59
2023-03-14 23:00:00,0.0,0.0,28.93,53.2,0.66
2023-03-15 00:00:00,0.0,0.0,28.17,57.08,0.71
2023-03-15 01:00:00,0.0,0.0,27.36,61.3,0.68
2023-03-15 02:00:00,0.0,0.0,26.52,65.5,0.66
2023-03-15 03:00:00,0.0,0.0,25.52,70.74,0.73
2023-03-15 04:00:00,0.0,0.0,24.66,75.6,0.76
2023-03-15 05:00:00,0.0,0.0,24.07,80.3,0.77
2023-03-15 06:00:00,34.47,35.9,24.62,80.78,1.47
2023-03-15 07:00:00,227.6,248.85,27.27,69.06,2.47
2023-03-15 08:00:00,458.7,502.0,30.97,51.97,2.82
2023-03-15 09:00:00,682.55,726.53,33.92,40.5,2.66
2023-03-15 10:00:00,890.95,892.47,36.08,33.38,2.37
2023-03-15 11:00:00,961.58,986.65,37.64,28.76,2.2
2023-03-15 12:00:00,947.22,964.12,38.65,25.79,2.04
2023-03-15 13:00:00,893.38,895.88,39.16,23.86,1.97
2023-03-15 14:00:00,656.92,751.22,39.14,23.01,2.12
2023-03-15 15:00:00,463.0,545.22,38.66,22.84,2.4
2023-03-15 16:00:00,237.23,304.33,37.66,23.41,2.53
2023-03-15 17:00:00,65.32,86.55,35.3,31.77,1.51
2023-03-15 18:00:00,0.0,0.0,32.22,43.21,1.13
2023-03-15 19:00:00,0.0,0.0,31.02,46.26,1.19
2023-03-15 20:00:00,0.0,0.0,29.82,50.59,1.2
2023-03-15 21:00:00,0.0,0.0,28.69,55.49,1.18
2023-03-15 22:00:00,0.0,0.0,27.69,60.33,1.22
2023-03-15 23:00:00,0.0,0.0,26.82,65.19,1.32
2023-03-16 00:00:00,0.0,0.0,26.09,70.47,1.53
2023-03-16 01:00:00,0.0,0.0,25.43,75.53,1.69
2023-03-16 02:00:00,0.0,0.0,24.81,80.28,1.68
2023-03-16 03:00:00,0.0,0.0,24.22,84.86,1.58
2023-03-16 04:00:00,0.0,0.0,23.69,89.03,1.43
2023-03-16 05:00:00,0.0,0.0,23.25,92.56,1.33
2023-03-16 06:00:00,35.15,35.22,23.98,89.59,2.13
2023-03-16 07:00:00,236.52,237.35,26.93,73.44,2.68
2023-03-16 08:00:00,488.23,489.2,31.56,49.17,3.07
2023-03-16 09:00:00,717.97,718.92,34.65,37.26,2.73
2023-03-16 10:00:00,886.47,887.25,36.93,29.15,2.53
2023-03-16 11:00:00,972.35,983.47,38.61,23.59,2.52
2023-03-16 12:00:00,965.28,989.6,39.65,20.25,2.6
2023-03-16 13:00:00,883.8,921.92,40.14,18.37,2.72
2023-03-16 14:00:00,747.97,775.9,40.08,17.48,2.85
2023-03-16 15:00:00,458.8,565.95,39.53,17.08,3.08
2023-03-16 16:00:00,224.62,317.35,38.49,17.19,3.2
2023-03-16 17:00:00,65.65,90.5,35.52,25.91,1.71
2023-03-16 18:00:00,0.0,0.0,31.99,34.9,1.32
2023-03-16 19:00:00,0.0,0.0,30.92,36.59,1.3
2023-03-16 20:00:00,0.0,0.0,30.11,38.21,1.2
2023-03-16 21:00:00,0.0,0.0,29.75,38.2,1.05
2023-03-16 22:00:00,0.0,0.0,29.74,37.22,0.81
2023-03-16 23:00:00,0.0,0.0,27.95,44.77,1.14
2023-03-17 00:00:00,0.0,0.0,26.12,57.0,1.72
2023-03-17 01:00:00,0.0,0.0,25.53,70.95,3.03
2023-03-17 02:00:00,0.0,0.0,24.89,84.55,3.65
2023-03-17 03:00:00,0.0,0.0,24.64,90.41,3.38
2023-03-17 04:00:00,0.0,0.0,24.62,92.06,2.86
2023-03-17 05:00:00,0.0,0.0,24.44,93.87,2.46
2023-03-17 06:00:00,32.9,33.03,25.08,90.79,3.18
2023-03-17 07:00:00,223.3,226.88,27.79,75.3,4.21
2023-03-17 08:00:00,464.48,472.25,31.03,57.44,4.48
2023-03-17 09:00:00,683.33,694.9,33.6,46.04,4.06
2023-03-17 10:00:00,860.72,860.9,35.66,38.34,3.49
2023-03-17 11:00:00,954.78,955.6,37.36,32.56,2.97
2023-03-17 12:00:00,958.67,984.75,38.5,28.69,2.61
2023-03-17 13:00:00,869.03,913.7,39.06,26.49,2.46
2023-03-17 14:00:00,666.17,770.6,39.1,25.5,2.47
2023-03-17 15:00:00,332.73,566.08,38.62,25.47,2.64
2023-03-17 16:00:00,194.88,323.67,37.67,26.29,2.85
2023-03-17 17:00:00,62.45,93.85,35.52,32.21,2.21
2023-03-17 18:00:00,0.0,0.0,32.83,40.77,2.37
2023-03-17 19:00:00,0.0,0.0,31.85,44.53,3.45
2023-03-17 20:00:00,0.0,0.0,30.57,51.25,3.5
2023-03-17 21:00:00,0.0,0.0,29.65,56.6,3.3
2023-03-17 22:00:00,0.0,0.0,29.15,59.82,3.36
2023-03-17 23:00:00,0.0,0.0,28.7,62.41,3.36
2023-03-18 00:00:00,0.0,0.0,28.29,64.65,3.51
2023-03-18 01:00:00,0.0,0.0,27.92,66.64,3.65
2023-03-18 02:00:00,0.0,0.0,27.52,69.0,3.43
2023-03-18 03:00:00,0.0,0.0,27.04,72.01,2.79
2023-03-18 04:00:00,0.0,0.0,26.51,75.22,2.23
2023-03-18 05:00:00,0.0,0.0,26.06,78.27,2.05
2023-03-18 06:00:00,31.6,32.7,26.14,78.84,2.72
2023-03-18 07:00:00,181.8,218.68,27.55,72.11,3.6
2023-03-18 08:00:00,386.08,453.98,29.42,62.18,4.12
2023-03-18 09:00:00,454.42,673.33,30.91,55.61,4.26
2023-03-18 10:00:00,653.2,834.9,31.94,51.53,4.24
2023-03-18 11:00:00,894.62,927.62,32.6,48.76,4.15
2023-03-18 12:00:00,861.75,930.55,32.58,48.08,3.96
2023-03-18 13:00:00,613.58,867.22,32.01,49.37,3.74
2023-03-18 14:00:00,574.03,724.0,31.41,51.43,3.4
2023-03-18 15:00:00,403.55,521.78,30.98,53.43,3.04
2023-03-18 16:00:00,193.55,287.88,30.2,58.57,2.5
2023-03-18 17:00:00,56.1,80.62,28.68,71.1,1.73
2023-03-18 18:00:00,0.0,0.0,27.22,80.83,1.53
2023-03-18 19:00:00,0.0,0.0,26.64,82.38,1.81
2023-03-18 20:00:00,0.0,0.0,26.12,84.33,2.14
2023-03-18 21:00:00,0.0,0.0,25.63,86.64,2.5
2023-03-18 22:00:00,0.0,0.0,25.21,88.63,2.8
2023-03-18 23:00:00,0.0,0.0,24.83,90.47,3.01
2023-03-19 00:00:00,0.0,0.0,24.49,92.1,3.09
2023-03-19 01:00:00,0.0,0.0,24.12,93.79,3.02
2023-03-19 02:00:00,0.0,0.0,23.8,95.21,2.85
2023-03-19 03:00:00,0.0,0.0,23.63,95.65,2.64
2023-03-19 04:00:00,0.0,0.0,23.6,95.5,2.52
2023-03-19 05:00:00,0.0,0.0,23.58,95.35,2.37
2023-03-19 06:00:00,32.75,34.2,23.88,93.68,2.68
2023-03-19 07:00:00,213.8,230.15,25.19,86.04,3.46
2023-03-19 08:00:00,459.85,475.3,27.2,73.08,4.34
2023-03-19 09:00:00,666.15,695.95,29.22,62.67,4.47
2023-03-19 10:00:00,816.35,861.5,30.58,57.29,4.17
2023-03-19 11:00:00,917.95,956.05,31.51,53.38,3.86
2023-03-19 12:00:00,915.83,954.38,32.07,50.48,3.52
2023-03-19 13:00:00,865.5,890.28,32.22,48.98,3.15
2023-03-19 14:00:00,710.25,750.95,32.18,48.27,2.82
2023-03-19 15:00:00,491.58,550.53,31.79,48.99,2.47
2023-03-19 16:00:00,275.62,313.25,31.16,52.67,1.93
2023-03-19 17:00:00,79.38,90.0,29.72,65.25,1.2
2023-03-19 18:00:00,0.0,0.0,28.0,77.32,0.86
2023-03-19 19:00:00,0.0,0.0,27.5,78.44,0.91
2023-03-19 20:00:00,0.0,0.0,27.0,79.56,0.97
2023-03-19 21:00:00,0.0,0.0,26.58,80.87,0.98
2023-03-19 22:00:00,0.0,0.0,26.14,82.5,0.98
2023-03-19 23:00:00,0.0,0.0,25.66,84.1,1.02
2023-03-20 00:00:00,0.0,0.0,25.25,85.38,1.13
2023-03-20 01:00:00,0.0,0.0,24.93,86.38,1.3
2023-03-20 02:00:00,0.0,0.0,24.66,87.4,1.5
2023-03-20 03:00:00,0.0,0.0,24.45,88.03,1.85
2023-03-20 04:00:00,0.0,0.0,24.21,89.16,2.13
2023-03-20 05:00:00,0.0,0.0,23.99,90.55,2.26
2023-03-20 06:00:00,36.58,37.4,24.26,89.42,2.8
2023-03-20 07:00:00,231.25,241.85,26.06,80.25,3.65
2023-03-20 08:00:00,474.6,486.5,28.55,67.67,4.31
2023-03-20 09:00:00,699.33,703.45,30.55,58.93,4.1
2023-03-20 10:00:00,828.17,866.75,31.66,54.37,3.7
2023-03-20 11:00:00,885.88,957.58,32.33,51.54,3.31
2023-03-20 12:00:00,875.08,977.17,32.71,49.48,2.97
2023-03-20 13:00:00,789.15,906.78,32.97,47.79,2.67
2023-03-20 14:00:00,516.03,762.92,32.92,46.99,2.43
2023-03-20 15:00:00,358.85,559.62,32.58,47.21,2.23
2023-03-20 16:00:00,189.1,318.85,31.95,49.28,1.96
2023-03-20 17:00:00,51.9,91.45,30.39,61.68,1.19
2023-03-20 18:00:00,0.0,0.0,28.36,75.11,0.86
2023-03-20 19:00:00,0.0,0.0,27.8,75.99,0.93
2023-03-20 20:00:00,0.0,0.0,27.27,77.06,0.99
2023-03-20 21:00:00,0.0,0.0,26.7,78.47,1.07
2023-03-20 22:00:00,0.0,0.0,26.12,80.18,1.14
2023-03-20 23:00:00,0.0,0.0,25.59,82.0,1.24
2023-03-21 00:00:00,0.0,0.0,25.14,83.72,1.38
2023-03-21 01:00:00,0.0,0.0,24.78,85.37,1.58
2023-03-21 02:00:00,0.0,0.0,24.6,86.65,1.79
2023-03-21 03:00:00,0.0,0.0,24.42,88.08,1.97
2023-03-21 04:00:00,0.0,0.0,24.04,90.64,1.91
2023-03-21 05:00:00,0.0,0.0,23.61,93.48,1.68
2023-03-21 06:00:00,31.67,37.88,24.2,91.36,2.52
2023-03-21 07:00:00,192.73,240.88,26.21,81.93,3.36
2023-03-21 08:00:00,380.67,485.2,29.09,66.99,4.29
2023-03-21 09:00:00,579.2,703.33,31.0,59.21,4.2
2023-03-21 10:00:00,753.92,866.22,32.2,54.36,3.97
2023-03-21 11:00:00,868.72,957.47,33.11,50.54,3.7
2023-03-21 12:00:00,872.33,925.35,33.64,48.06,3.43
2023-03-21 13:00:00,717.15,858.78,33.91,46.62,3.25
2023-03-21 14:00:00,574.75,715.62,33.44,47.32,3.1
2023-03-21 15:00:00,438.02,513.6,32.53,49.64,3.01
2023-03-21 16:00:00,223.8,280.95,31.33,54.14,2.84
2023-03-21 17:00:00,68.05,77.62,29.47,66.21,1.88
2023-03-21 18:00:00,0.0,0.0,27.75,78.38,1.36
2023-03-21 19:00:00,0.0,0.0,27.13,80.48,1.46
2023-03-21 20:00:00,0.0,0.0,26.62,82.01,1.62
2023-03-21 21:00:00,0.0,0.0,26.17,83.28,1.8
2023-03-21 22:00:00,0.0,0.0,25.76,84.48,1.97
2023-03-21 23:00:00,0.0,0.0,25.37,85.79,2.09
2023-03-22 00:00:00,0.0,0.0,24.99,86.99,2.15
2023-03-22 01:00:00,0.0,0.0,24.59,88.31,2.09
2023-03-22 02:00:00,0.0,0.0,24.14,89.95,1.77
2023-03-22 03:00:00,0.0,0.0,23.71,91.64,1.38
2023-03-22 04:00:00,0.0,0.0,23.33,93.45,1.07
2023-03-22 05:00:00,0.0,0.0,22.99,95.23,0.85
2023-03-22 06:00:00,12.32,36.12,23.53,92.96,1.34
2023-03-22 07:00:00,76.28,229.98,25.71,81.17,2.4
2023-03-22 08:00:00,187.7,472.48,28.11,70.05,3.33
2023-03-22 09:00:00,282.73,691.3,29.71,63.36,3.49
2023-03-22 10:00:00,368.95,854.53,30.74,59.02,3.48
2023-03-22 11:00:00,413.58,945.58,31.32,56.48,3.47
2023-03-22 12:00:00,597.0,966.53,31.56,55.42,3.48
2023-03-22 13:00:00,610.7,897.3,31.58,54.9,3.45
2023-03-22 14:00:00,514.2,756.3,31.36,54.97,3.39
2023-03-22 15:00:00,391.35,554.65,30.73,56.7,3.13
2023-03-22 16:00:00,222.1,315.73,30.0,60.04,2.71
2023-03-22 17:00:00,64.62,90.1,28.58,70.66,1.67
2023-03-22 18:00:00,0.0,0.0,26.88,84.03,1.03
2023-03-22 19:00:00,0.0,0.0,26.33,85.22,1.08
2023-03-22 20:00:00,0.0,0.0,25.87,86.18,1.17
2023-03-22 21:00:00,0.0,0.0,25.45,87.01,1.29
2023-03-22 22:00:00,0.0,0.0,25.04,88.03,1.39
2023-03-22 23:00:00,0.0,0.0,24.69,88.99,1.45
2023-03-23 00:00:00,0.0,0.0,24.37,90.17,1.47
2023-03-23 01:00:00,0.0,0.0,24.09,91.43,1.41
2023-03-23 02:00:00,0.0,0.0,23.87,92.55,1.27
2023-03-23 03:00:00,0.0,0.0,23.75,93.33,1.14
2023-03-23 04:00:00,0.0,0.0,23.71,93.75,1.08
2023-03-23 05:00:00,0.0,0.0,23.68,94.15,1.07
2023-03-23 06:00:00,29.17,40.03,24.0,92.05,1.58
2023-03-23 07:00:00,177.88,242.9,24.93,87.02,2.09
2023-03-23 08:00:00,341.98,483.75,26.65,77.28,2.53
2023-03-23 09:00:00,533.78,698.3,28.38,68.76,2.63
2023-03-23 10:00:00,728.75,858.45,29.6,63.99,2.28
2023-03-23 11:00:00,871.17,947.95,30.23,61.38,1.7
2023-03-23 12:00:00,883.17,982.5,30.57,59.54,1.01
2023-03-23 13:00:00,884.45,914.08,30.74,58.21,0.47
2023-03-23 14:00:00,716.0,771.92,30.79,57.12,0.69
2023-03-23 15:00:00,551.65,568.95,30.54,57.1,0.91
2023-03-23 16:00:00,291.88,327.8,30.12,58.85,0.82
2023-03-23 17:00:00,80.9,95.9,29.48,62.94,0.53
2023-03-23 18:00:00,0.0,0.0,28.78,65.67,0.26
2023-03-23 19:00:00,0.0,0.0,28.14,72.39,0.39
2023-03-23 20:00:00,0.0,0.0,27.33,76.05,0.65
2023-03-23 21:00:00,0.0,0.0,26.46,82.14,0.77
2023-03-23 22:00:00,0.0,0.0,25.84,84.37,0.92
2023-03-23 23:00:00,0.0,0.0,25.35,84.94,1.15
2023-03-24 00:00:00,0.0,0.0,24.94,85.23,1.47
2023-03-24 01:00:00,0.0,0.0,24.46,86.51,1.72
2023-03-24 02:00:00,0.0,0.0,23.97,89.14,1.74
2023-03-24 03:00:00,0.0,0.0,23.57,91.66,1.66
2023-03-24 04:00:00,0.0,0.0,23.27,93.74,1.54
2023-03-24 05:00:00,0.0,0.0,23.07,95.2,1.37
2023-03-24 06:00:00,33.1,42.12,23.55,92.92,1.93
2023-03-24 07:00:00,188.88,251.15,25.33,84.35,2.3
2023-03-24 08:00:00,388.3,495.3,28.38,68.24,2.56
2023-03-24 09:00:00,589.65,714.5,30.32,60.01,1.76
2023-03-24 10:00:00,692.05,876.42,31.53,55.25,1.07
2023-03-24 11:00:00,805.0,966.5,32.6,51.18,0.68
2023-03-24 12:00:00,855.83,983.08,33.5,47.61,0.57
2023-03-24 13:00:00,846.92,914.3,34.0,45.14,0.68
2023-03-24 14:00:00,690.9,770.17,34.15,43.42,0.82
2023-03-24 15:00:00,509.8,564.97,33.89,42.94,1.04
2023-03-24 16:00:00,287.45,322.27,33.1,45.22,1.57
2023-03-24 17:00:00,82.57,92.47,30.89,59.86,1.6
2023-03-24 18:00:00,0.0,0.0,28.76,66.76,2.01
2023-03-24 19:00:00,0.0,0.0,28.23,66.13,2.74
2023-03-24 20:00:00,0.0,0.0,27.7,67.97,3.3
2023-03-24 21:00:00,0.0,0.0,26.94,72.51,3.41
2023-03-24 22:00:00,0.0,0.0,26.18,77.81,3.49
2023-03-24 23:00:00,0.0,0.0,25.55,82.79,3.69
2023-03-25 00:00:00,0.0,0.0,25.07,87.0,3.81
2023-03-25 01:00:00,0.0,0.0,24.72,89.84,3.78
2023-03-25 02:00:00,0.0,0.0,24.43,91.74,3.53
2023-03-25 03:00:00,0.0,0.0,24.18,92.86,3.25
2023-03-25 04:00:00,0.0,0.0,23.95,93.73,2.93
2023-03-25 05:00:00,0.0,0.0,23.66,94.9,2.42
2023-03-25 06:00:00,38.4,40.62,24.05,92.93,2.64
2023-03-25 07:00:00,219.05,238.82,26.15,81.65,3.49
2023-03-25 08:00:00,454.05,479.27,28.85,67.6,4.09
2023-03-25 09:00:00,680.08,695.38,30.82,59.31,3.89
2023-03-25 10:00:00,844.85,860.33,32.31,53.92,3.51
2023-03-25 11:00:00,923.58,950.5,33.37,50.12,3.06
2023-03-25 12:00:00,904.28,968.67,34.08,47.36,2.71
2023-03-25 13:00:00,864.7,897.88,34.28,45.67,2.53
2023-03-25 14:00:00,703.88,752.38,34.27,44.59,2.48
2023-03-25 15:00:00,492.77,549.22,33.97,44.32,2.33
2023-03-25 16:00:00,271.15,310.77,33.13,46.22,2.04
2023-03-25 17:00:00,77.5,88.03,31.32,58.93,1.24
2023-03-25 18:00:00,0.0,0.0,29.06,71.9,0.88
2023-03-25 19:00:00,0.0,0.0,28.31,73.22,0.94
2023-03-25 20:00:00,0.0,0.0,27.68,74.63,0.99
2023-03-25 21:00:00,0.0,0.0,27.09,75.98,1.03
2023-03-25 22:00:00,0.0,0.0,26.52,77.31,1.06
2023-03-25 23:00:00,0.0,0.0,25.97,78.74,1.1
2023-03-26 00:00:00,0.0,0.0,25.48,80.03,1.16
2023-03-26 01:00:00,0.0,0.0,24.98,81.4,1.28
2023-03-26 02:00:00,0.0,0.0,24.49,83.1,1.4
2023-03-26 03:00:00,0.0,0.0,24.02,85.36,1.54
2023-03-26 04:00:00,0.0,0.0,23.6,88.43,1.73
2023-03-26 05:00:00,0.0,0.0,23.32,91.68,1.89
2023-03-26 06:00:00,42.38,42.6,23.96,91.07,2.85
2023-03-26 07:00:00,234.18,236.27,26.2,81.07,3.65
2023-03-26 08:00:00,471.35,475.8,29.27,65.64,4.03
2023-03-26 09:00:00,687.88,694.42,31.78,55.22,3.48
2023-03-26 10:00:00,849.2,857.3,33.47,49.45,2.76
2023-03-26 11:00:00,938.78,949.2,34.61,45.61,2.13
2023-03-26 12:00:00,938.8,950.4,35.45,42.71,1.62
2023-03-26 13:00:00,870.67,885.2,35.78,40.75,1.2
2023-03-26 14:00:00,605.12,742.97,35.79,39.52,1.08
2023-03-26 15:00:00,426.42,539.22,35.36,39.5,1.26
2023-03-26 16:00:00,207.73,307.52,34.56,40.77,1.6
2023-03-26 17:00:00,62.4,88.1,32.57,52.37,1.39
2023-03-26 18:00:00,0.0,0.0,29.78,65.41,1.39
2023-03-26 19:00:00,0.0,0.0,28.91,64.96,2.11
2023-03-26 20:00:00,0.0,0.0,28.26,66.88,2.89
2023-03-26 21:00:00,0.0,0.0,27.61,70.98,3.25
2023-03-26 22:00:00,0.0,0.0,27.01,75.28,3.36
2023-03-26 23:00:00,0.0,0.0,26.48,78.9,3.45
2023-03-27 00:00:00,0.0,0.0,26.01,81.73,3.6
2023-03-27 01:00:00,0.0,0.0,25.62,83.67,3.78
2023-03-27 02:00:00,0.0,0.0,25.21,85.61,3.87
2023-03-27 03:00:00,0.0,0.0,24.8,87.57,3.83
2023-03-27 04:00:00,0.0,0.0,24.38,90.04,3.37
2023-03-27 05:00:00,0.0,0.0,24.05,92.16,3.0
2023-03-27 06:00:00,42.42,43.28,24.38,91.04,3.28
2023-03-27 07:00:00,229.68,244.3,26.37,80.44,4.38
2023-03-27 08:00:00,459.88,486.88,28.69,68.47,4.76
2023-03-27 09:00:00,672.85,703.67,30.31,61.39,4.44
2023-03-27 10:00:00,845.88,864.33,31.51,57.05,4.0
2023-03-27 11:00:00,917.17,952.53,32.05,54.86,3.54
2023-03-27 12:00:00,903.05,938.62,32.27,53.68,3.05
2023-03-27 13:00:00,820.6,869.58,32.12,53.69,2.53
2023-03-27 14:00:00,655.0,724.45,31.67,54.7,2.03
2023-03-27 15:00:00,460.0,522.25,31.16,56.0,1.61
2023-03-27 16:00:00,244.62,288.42,30.5,59.02,1.29
2023-03-27 17:00:00,73.03,80.18,29.56,66.02,0.94
2023-03-27 18:00:00,0.0,0.0,28.24,81.34,0.58
2023-03-27 19:00:00,0.0,0.0,27.68,82.64,0.65
2023-03-27 20:00:00,0.0,0.0,27.19,83.55,0.73
2023-03-27 21:00:00,0.0,0.0,26.71,84.42,0.8
2023-03-27 22:00:00,0.0,0.0,26.23,85.15,0.91
2023-03-27 23:00:00,0.0,0.0,25.8,85.57,1.07
2023-03-28 00:00:00,0.0,0.0,25.39,85.93,1.29
2023-03-28 01:00:00,0.0,0.0,25.07,86.09,1.57
2023-03-28 02:00:00,0.0,0.0,24.78,86.69,1.85
2023-03-28 03:00:00,0.0,0.0,24.51,87.77,1.99
2023-03-28 04:00:00,0.0,0.0,24.16,89.8,1.85
2023-03-28 05:00:00,0.0,0.0,23.83,92.01,1.57
2023-03-28 06:00:00,41.22,42.05,24.29,90.3,2.02
2023-03-28 07:00:00,183.23,233.32,26.16,81.13,2.42
2023-03-28 08:00:00,360.73,469.35,28.64,68.46,2.73
2023-03-28 09:00:00,631.58,683.15,30.45,60.22,2.53
2023-03-28 10:00:00,802.92,842.72,31.78,55.12,2.05
2023-03-28 11:00:00,871.55,930.7,32.78,51.53,1.59
2023-03-28 12:00:00,941.53,947.97,33.41,48.95,1.57
2023-03-28 13:00:00,749.47,874.7,33.51,47.82,1.92
2023-03-28 14:00:00,628.62,726.58,33.27,47.74,2.22
2023-03-28 15:00:00,432.7,520.03,32.78,48.24,2.39
2023-03-28 16:00:00,210.98,283.35,32.01,50.05,2.33
2023-03-28 17:00:00,58.45,77.55,30.39,61.68,1.41
2023-03-28 18:00:00,0.0,0.0,28.57,74.04,0.99
2023-03-28 19:00:00,0.0,0.0,28.01,74.93,1.06
2023-03-28 20:00:00,0.0,0.0,27.58,75.79,1.1
2023-03-28 21:00:00,0.0,0.0,27.16,76.76,1.13
2023-03-28 22:00:00,0.0,0.0,26.69,77.76,1.21
2023-03-28 23:00:00,0.0,0.0,26.22,78.72,1.36
2023-03-29 00:00:00,0.0,0.0,25.79,79.94,1.49
2023-03-29 01:00:00,0.0,0.0,25.41,81.28,1.57
2023-03-29 02:00:00,0.0,0.0,25.04,82.8,1.54
2023-03-29 03:00:00,0.0,0.0,24.77,84.18,1.48
2023-03-29 04:00:00,0.0,0.0,24.51,85.56,1.38
2023-03-29 05:00:00,0.0,0.0,24.24,87.25,1.27
2023-03-29 06:00:00,33.17,37.75,24.88,84.73,1.83
2023-03-29 07:00:00,155.68,207.52,26.59,77.06,2.27
2023-03-29 08:00:00,336.15,438.58,29.86,60.52,2.49
2023-03-29 09:00:00,427.27,655.65,32.13,51.19,2.04
2023-03-29 10:00:00,572.4,820.33,33.81,45.71,1.42
2023-03-29 11:00:00,760.17,914.97,35.19,41.34,1.54
2023-03-29 12:00:00,881.8,931.85,36.13,38.07,1.9
2023-03-29 13:00:00,714.33,861.25,36.53,35.96,2.1
2023-03-29 14:00:00,691.78,714.25,36.56,34.77,2.15
2023-03-29 15:00:00,473.23,508.23,36.16,34.51,2.11
2023-03-29 16:00:00,236.82,274.62,35.27,36.44,1.86
2023-03-29 17:00:00,66.53,75.43,33.05,51.01,1.15
2023-03-29 18:00:00,0.0,0.0,30.56,62.44,1.08
2023-03-29 19:00:00,0.0,0.0,29.52,64.28,1.28
2023-03-29 20:00:00,0.0,0.0,28.62,66.84,1.4
2023-03-29 21:00:00,0.0,0.0,27.82,70.18,1.5
2023-03-29 22:00:00,0.0,0.0,27.15,73.7,1.7
2023-03-29 23:00:00,0.0,0.0,26.62,77.45,2.0
2023-03-30 00:00:00,0.0,0.0,26.19,81.04,2.27
2023-03-30 01:00:00,0.0,0.0,25.79,84.91,2.47
2023-03-30 02:00:00,0.0,0.0,25.34,89.36,2.42
2023-03-30 03:00:00,0.0,0.0,24.99,92.73,2.29
2023-03-30 04:00:00,0.0,0.0,24.78,94.44,2.0
2023-03-30 05:00:00,0.0,0.0,24.59,95.39,1.6
2023-03-30 06:00:00,40.88,44.2,25.12,92.16,2.19
2023-03-30 07:00:00,204.88,237.9,26.8,81.9,2.66
2023-03-30 08:00:00,410.67,475.23,28.87,69.51,2.93
2023-03-30 09:00:00,613.9,687.33,30.69,60.34,3.0
2023-03-30 10:00:00,796.38,848.67,32.01,54.57,2.71
2023-03-30 11:00:00,894.8,936.03,33.04,50.68,2.27
2023-03-30 12:00:00,757.35,918.53,33.67,48.1,1.76
2023-03-30 13:00:00,637.7,842.1,33.99,46.26,1.27
2023-03-30 14:00:00,461.83,699.0,33.92,45.58,1.09
2023-03-30 15:00:00,271.95,495.48,33.55,46.0,1.31
2023-03-30 16:00:00,165.45,266.67,32.75,49.21,1.65
2023-03-30 17:00:00,52.95,72.03,30.93,61.57,1.4
2023-03-30 18:00:00,0.0,0.0,29.23,68.06,1.56
2023-03-30 19:00:00,0.0,0.0,28.68,68.57,1.91
2023-03-30 20:00:00,0.0,0.0,28.16,70.1,2.09
2023-03-30 21:00:00,0.0,0.0,27.67,72.03,2.14
2023-03-30 22:00:00,0.0,0.0,27.16,74.4,2.2
2023-03-30 23:00:00,0.0,0.0,26.62,77.23,2.24
2023-03-31 00:00:00,0.0,0.0,26.09,80.37,2.23
2023-03-31 01:00:00,0.0,0.0,25.58,83.73,2.1
2023-03-31 02:00:00,0.0,0.0,25.11,86.98,1.89
2023-03-31 03:00:00,0.0,0.0,24.67,90.07,1.58
2023-03-31 04:00:00,0.0,0.0,24.3,92.56,1.3
2023-03-31 05:00:00,0.0,0.0,23.99,94.5,1.15
2023-03-31 06:00:00,45.7,43.0,24.57,91.69,1.92
2023-03-31 07:00:00,204.25,224.43,26.54,81.63,2.38
2023-03-31 08:00:00,423.62,458.5,29.65,64.27,2.88
2023-03-31 09:00:00,659.5,674.7,31.54,56.09,2.13
2023-03-31 10:00:00,831.58,838.1,32.94,50.77,1.3
2023-03-31 11:00:00,910.0,928.03,33.95,46.54,0.72
2023-03-31 12:00:00,829.45,921.33,34.77,42.49,0.81
2023-03-31 13:00:00,786.75,846.17,35.33,39.05,0.99
2023-03-31 14:00:00,501.73,704.17,35.5,36.7,1.03
2023-03-31 15:00:00,292.73,499.98,35.07,36.02,0.99
2023-03-31 16:00:00,156.57,268.58,34.34,37.48,1.0
2023-03-31 17:00:00,49.0,71.88,32.74,49.17,0.81
2023-03-31 18:00:00,0.0,0.0,30.79,59.55,0.82
2023-03-31 19:00:00,0.0,0.0,29.58,63.34,0.99
2023-03-31 20:00:00,0.0,0.0,28.65,64.56,1.21
2023-03-31 21:00:00,0.0,0.0,27.9,65.59,1.42
2023-03-31 22:00:00,0.0,0.0,27.23,67.74,1.59
2023-03-31 23:00:00,0.0,0.0,26.65,70.41,1.79
2023-04-01 00:00:00,0.0,0.0,26.11,74.03,1.84
2023-04-01 01:00:00,0.0,0.0,25.58,78.49,1.67
2023-04-01 02:00:00,0.0,0.0,25.08,82.98,1.47
2023-04-01 03:00:00,0.0,0.0,24.68,86.89,1.45
2023-04-01 04:00:00,0.0,0.0,24.3,90.98,1.43
2023-04-01 05:00:00,0.0,0.0,24.03,93.99,1.19
2023-04-01 06:00:00,42.47,44.03,24.66,91.73,1.7
2023-04-01 07:00:00,207.77,227.57,26.54,81.97,2.29
2023-04-01 08:00:00,428.55,460.0,28.94,68.62,2.91
2023-04-01 09:00:00,620.58,673.17,30.93,59.06,2.76
2023-04-01 10:00:00,786.58,832.25,32.38,53.01,2.19
2023-04-01 11:00:00,883.8,918.75,33.42,48.79,1.59
2023-04-01 12:00:00,905.97,912.03,34.17,45.52,1.13
2023-04-01 13:00:00,763.5,824.7,34.53,43.28,0.85
2023-04-01 14:00:00,613.92,670.22,34.6,41.69,0.69
2023-04-01 15:00:00,397.58,480.92,34.42,40.97,0.78
2023-04-01 16:00:00,194.57,250.4,33.79,42.31,0.97
2023-04-01 17:00:00,52.95,68.22,32.23,53.97,0.82
2023-04-01 18:00:00,0.0,0.0,30.21,64.87,0.81
2023-04-01 19:00:00,0.0,0.0,29.26,66.96,0.98
2023-04-01 20:00:00,0.0,0.0,28.51,67.93,1.14
2023-04-01 21:00:00,0.0,0.0,27.85,69.61,1.27
2023-04-01 22:00:00,0.0,0.0,27.25,71.79,1.39
2023-04-01 23:00:00,0.0,0.0,26.71,74.16,1.53
2023-04-02 00:00:00,0.0,0.0,26.25,76.43,1.69
2023-04-02 01:00:00,0.0,0.0,25.86,78.91,1.86
2023-04-02 02:00:00,0.0,0.0,25.54,81.47,2.06
2023-04-02 03:00:00,0.0,0.0,25.24,84.24,2.21
2023-04-02 04:00:00,0.0,0.0,24.85,87.64,2.02
2023-04-02 05:00:00,0.0,0.0,24.51,90.4,1.76
2023-04-02 06:00:00,39.15,39.12,24.81,89.4,2.2
2023-04-02 07:00:00,174.85,189.9,26.55,79.52,2.65
2023-04-02 08:00:00,373.1,400.83,28.9,66.62,3.17
2023-04-02 09:00:00,599.03,606.85,30.67,58.73,3.0
2023-04-02 10:00:00,717.8,777.42,31.7,54.27,2.68
2023-04-02 11:00:00,712.7,873.12,32.17,52.1,2.43
2023-04-02 12:00:00,816.67,871.97,32.43,50.91,2.2
2023-04-02 13:00:00,778.17,797.8,32.64,50.05,2.0
2023-04-02 14:00:00,636.53,652.05,32.64,49.69,1.78
2023-04-02 15:00:00,422.9,452.27,32.45,50.06,1.75
2023-04-02 16:00:00,213.23,233.77,31.63,54.45,1.49
2023-04-02 17:00:00,60.0,64.53,30.12,67.39,1.0
2023-04-02 18:00:00,0.0,0.0,28.84,74.22,0.88
2023-04-02 19:00:00,0.0,0.0,28.33,74.72,0.96
2023-04-02 20:00:00,0.0,0.0,27.9,74.91,1.07
2023-04-02 21:00:00,0.0,0.0,27.52,75.01,1.21
2023-04-02 22:00:00,0.0,0.0,27.2,75.16,1.37
2023-04-02 23:00:00,0.0,0.0,26.9,75.43,1.56
2023-04-03 00:00:00,0.0,0.0,26.58,76.17,1.81
2023-04-03 01:00:00,0.0,0.0,26.31,77.41,1.99
2023-04-03 02:00:00,0.0,0.0,26.0,79.6,2.02
2023-04-03 03:00:00,0.0,0.0,25.67,82.3,1.96
2023-04-03 04:00:00,0.0,0.0,25.31,85.18,1.89
2023-04-03 05:00:00,0.0,0.0,24.96,87.87,1.91
2023-04-03 06:00:00,39.3,38.78,25.12,87.88,2.47
2023-04-03 07:00:00,163.0,179.65,26.33,81.9,2.76
2023-04-03 08:00:00,339.02,377.9,28.2,71.07,3.0
2023-04-03 09:00:00,440.67,575.35,29.97,61.84,3.2
2023-04-03 10:00:00,614.5,731.95,31.51,54.14,3.06
2023-04-03 11:00:00,790.15,823.17,32.61,48.8,2.89
2023-04-03 12:00:00,853.62,865.2,33.47,44.7,2.76
2023-04-03 13:00:00,753.47,788.7,33.79,42.26,2.66
2023-04-03 14:00:00,524.45,637.28,33.59,41.66,2.62
2023-04-03 15:00:00,324.0,435.48,33.13,42.64,2.59
2023-04-03 16:00:00,158.88,221.65,32.0,48.7,2.21
2023-04-03 17:00:00,46.35,61.62,29.91,62.75,1.7
2023-04-03 18:00:00,0.0,0.0,28.1,70.42,1.79
2023-04-03 19:00:00,0.0,0.0,27.52,72.76,2.17
2023-04-03 20:00:00,0.0,0.0,27.07,75.75,2.27
2023-04-03 21:00:00,0.0,0.0,26.68,78.43,2.19
2023-04-03 22:00:00,0.0,0.0,26.28,80.77,2.1
2023-04-03 23:00:00,0.0,0.0,25.87,82.96,2.04
2023-04-04 00:00:00,0.0,0.0,25.48,84.99,2.05
2023-04-04 01:00:00,0.0,0.0,25.04,87.28,2.01
2023-04-04 02:00:00,0.0,0.0,24.66,89.4,1.91
2023-04-04 03:00:00,0.0,0.0,24.34,91.16,1.78
2023-04-04 04:00:00,0.0,0.0,24.07,92.57,1.66
2023-04-04 05:00:00,0.0,0.0,23.81,93.76,1.54
2023-04-04 06:00:00,43.2,43.83,24.17,91.62,2.17
2023-04-04 07:00:00,200.6,211.1,25.72,83.07,2.5
2023-04-04 08:00:00,426.9,440.5,28.63,65.79,3.12
2023-04-04 09:00:00,647.12,658.92,31.02,53.98,3.38
2023-04-04 10:00:00,822.9,827.03,32.76,46.5,3.33
2023-04-04 11:00:00,891.75,917.75,33.97,41.91,3.06
2023-04-04 12:00:00,875.75,910.78,34.96,38.73,2.75
2023-04-04 13:00:00,822.4,832.15,35.65,36.45,2.5
2023-04-04 14:00:00,672.38,676.53,35.86,35.24,2.36
2023-04-04 15:00:00,463.45,476.2,35.66,34.93,2.33
2023-04-04 16:00:00,221.07,252.77,34.74,37.06,2.22
2023-04-04 17:00:00,54.53,68.82,32.27,53.07,1.28
2023-04-04 18:00:00,0.0,0.0,29.78,61.88,1.2
2023-04-04 19:00:00,0.0,0.0,28.97,62.91,1.36
2023-04-04 20:00:00,0.0,0.0,28.35,64.32,1.42
2023-04-04 21:00:00,0.0,0.0,27.78,66.18,1.4
2023-04-04 22:00:00,0.0,0.0,27.28,67.97,1.4
2023-04-04 23:00:00,0.0,0.0,26.78,69.93,1.43
2023-04-05 00:00:00,0.0,0.0,26.33,71.89,1.55
2023-04-05 01:00:00,0.0,0.0,25.97,73.8,1.89
2023-04-05 02:00:00,0.0,0.0,25.75,75.81,2.52
2023-04-05 03:00:00,0.0,0.0,25.35,79.8,2.94
2023-04-05 04:00:00,0.0,0.0,24.9,84.22,2.98
2023-04-05 05:00:00,0.0,0.0,24.55,88.02,2.94
2023-04-05 06:00:00,47.83,47.2,24.8,88.66,3.36
2023-04-05 07:00:00,221.73,228.98,26.7,80.16,3.92
2023-04-05 08:00:00,452.5,452.67,29.38,67.63,4.49
2023-04-05 09:00:00,675.4,675.67,31.53,58.94,4.44
2023-04-05 10:00:00,839.35,842.22,32.92,53.86,4.05
2023-04-05 11:00:00,831.9,928.05,33.77,50.82,3.61
2023-04-05 12:00:00,746.42,937.0,34.04,49.76,3.22
2023-04-05 13:00:00,856.4,859.45,33.99,49.62,2.89
2023-04-05 14:00:00,694.17,713.78,33.54,50.64,2.59
2023-04-05 15:00:00,454.67,514.15,32.83,52.99,2.31
2023-04-05 16:00:00,240.2,282.23,31.99,58.18,1.87
2023-04-05 17:00:00,68.45,77.72,30.57,68.59,1.36
2023-04-05 18:00:00,0.0,0.0,28.84,80.72,0.96
2023-04-05 19:00:00,0.0,0.0,28.29,81.21,1.03
2023-04-05 20:00:00,0.0,0.0,27.87,81.7,1.06
2023-04-05 21:00:00,0.0,0.0,27.49,82.16,1.07
2023-04-05 22:00:00,0.0,0.0,27.13,82.58,1.13
2023-04-05 23:00:00,0.0,0.0,26.74,82.83,1.27
2023-04-06 00:00:00,0.0,0.0,26.39,82.74,1.52
2023-04-06 01:00:00,0.0,0.0,26.05,83.26,1.8
2023-04-06 02:00:00,0.0,0.0,25.75,84.49,1.99
2023-04-06 03:00:00,0.0,0.0,25.42,86.49,1.99
2023-04-06 04:00:00,0.0,0.0,25.11,88.71,1.84
2023-04-06 05:00:00,0.0,0.0,24.78,91.01,1.59
2023-04-06 06:00:00,23.88,52.12,24.99,90.47,2.0
2023-04-06 07:00:00,114.25,248.98,26.36,83.73,2.37
2023-04-06 08:00:00,241.07,481.38,28.55,71.7,2.96
2023-04-06 09:00:00,412.8,693.03,30.39,63.2,2.37
2023-04-06 10:00:00,636.35,864.03,31.83,57.36,1.32
2023-04-06 11:00:00,862.42,947.42,32.98,52.39,0.43
2023-04-06 12:00:00,946.08,950.92,34.03,48.07,0.45
2023-04-06 13:00:00,858.05,878.0,34.63,45.65,1.09
2023-04-06 14:00:00,727.72,729.8,34.74,44.71,1.8
2023-04-06 15:00:00,519.9,531.17,34.26,45.58,2.15
2023-04-06 16:00:00,280.48,297.92,33.35,48.57,2.05
2023-04-06 17:00:00,76.45,82.32,31.53,61.0,1.38
2023-04-06 18:00:00,0.0,0.0,29.47,71.85,1.16
2023-04-06 19:00:00,0.0,0.0,28.8,72.08,1.49
2023-04-06 20:00:00,0.0,0.0,28.09,73.68,1.69
2023-04-06 21:00:00,0.0,0.0,27.52,75.83,1.74
2023-04-06 22:00:00,0.0,0.0,27.08,77.67,1.75
2023-04-06 23:00:00,0.0,0.0,26.68,79.35,1.79
2023-04-07 00:00:00,0.0,0.0,26.32,80.95,1.82
2023-04-07 01:00:00,0.0,0.0,25.96,82.93,1.78
2023-04-07 02:00:00,0.0,0.0,25.64,85.0,1.78
2023-04-07 03:00:00,0.0,0.0,25.35,87.09,1.77
2023-04-07 04:00:00,0.0,0.0,25.07,89.32,1.64
2023-04-07 05:00:00,0.0,0.0,24.84,91.09,1.47
2023-04-07 06:00:00,56.05,57.22,25.31,89.12,2.12
2023-04-07 07:00:00,251.9,265.12,26.78,81.93,2.5
2023-04-07 08:00:00,492.8,503.35,28.83,70.82,3.14
2023-04-07 09:00:00,695.72,715.75,30.26,63.9,3.13
2023-04-07 10:00:00,862.55,871.92,31.44,58.86,2.8
2023-04-07 11:00:00,952.62,955.62,32.47,54.74,2.42
2023-04-07 12:00:00,922.83,923.72,33.41,50.88,2.07
2023-04-07 13:00:00,704.53,848.78,33.94,48.27,1.7
2023-04-07 14:00:00,685.72,704.15,34.1,47.11,1.35
2023-04-07 15:00:00,487.85,504.15,33.72,47.62,1.16
2023-04-07 16:00:00,261.08,275.52,32.89,51.23,1.15
2023-04-07 17:00:00,74.05,75.78,31.44,62.2,1.03
2023-04-07 18:00:00,0.0,0.0,29.71,72.2,0.98
2023-04-07 19:00:00,0.0,0.0,29.08,72.89,1.17
2023-04-07 20:00:00,0.0,0.0,28.47,74.38,1.31
2023-04-07 21:00:00,0.0,0.0,27.93,75.91,1.43
2023-04-07 22:00:00,0.0,0.0,27.43,77.27,1.63
2023-04-07 23:00:00,0.0,0.0,26.93,78.72,1.89
2023-04-08 00:00:00,0.0,0.0,26.45,80.99,1.98
2023-04-08 01:00:00,0.0,0.0,25.97,84.25,1.74
2023-04-08 02:00:00,0.0,0.0,25.5,87.9,1.21
2023-04-08 03:00:00,0.0,0.0,25.15,90.64,0.82
2023-04-08 04:00:00,0.0,0.0,24.97,91.85,0.71
2023-04-08 05:00:00,0.0,0.0,24.97,91.51,0.92
2023-04-08 06:00:00,26.88,55.15,25.49,88.73,1.76
2023-04-08 07:00:00,117.05,257.35,26.87,81.43,2.48
2023-04-08 08:00:00,240.2,494.48,28.66,71.56,3.0
2023-04-08 09:00:00,440.85,704.78,30.19,63.67,3.1
2023-04-08 10:00:00,697.6,859.53,31.22,59.11,2.81
2023-04-08 11:00:00,875.62,946.3,31.86,56.15,2.43
2023-04-08 12:00:00,936.25,954.47,32.32,54.03,2.02
2023-04-08 13:00:00,856.6,879.6,32.5,52.89,1.59
2023-04-08 14:00:00,724.55,731.83,32.42,52.9,1.44
2023-04-08 15:00:00,504.73,527.05,32.01,54.61,1.53
2023-04-08 16:00:00,271.3,290.73,31.15,60.87,1.54
2023-04-08 17:00:00,74.2,79.03,29.57,72.26,1.3
2023-04-08 18:00:00,0.0,0.0,28.06,77.76,1.4
2023-04-08 19:00:00,0.0,0.0,27.55,78.43,1.68
2023-04-08 20:00:00,0.0,0.0,27.2,79.29,1.83
2023-04-08 21:00:00,0.0,0.0,26.87,80.5,1.88
2023-04-08 22:00:00,0.0,0.0,26.58,81.55,1.98
2023-04-08 23:00:00,0.0,0.0,26.28,82.85,2.03
2023-04-09 00:00:00,0.0,0.0,25.94,84.26,2.11
2023-04-09 01:00:00,0.0,0.0,25.63,85.67,2.14
2023-04-09 02:00:00,0.0,0.0,25.32,87.17,2.1
2023-04-09 03:00:00,0.0,0.0,25.01,88.82,1.9
2023-04-09 04:00:00,0.0,0.0,24.68,90.72,1.58
2023-04-09 05:00:00,0.0,0.0,24.33,92.76,1.27
2023-04-09 06:00:00,41.42,52.45,24.85,90.51,1.87
2023-04-09 07:00:00,168.1,241.82,26.7,81.14,2.22
2023-04-09 08:00:00,325.67,474.33,29.41,66.7,2.67
2023-04-09 09:00:00,458.7,689.4,31.23,58.6,2.34
2023-04-09 10:00:00,513.88,850.35,32.46,53.58,1.81
2023-04-09 11:00:00,537.5,935.55,33.3,50.2,1.53
2023-04-09 12:00:00,691.38,917.6,33.83,47.86,1.83
2023-04-09 13:00:00,506.5,846.72,33.78,47.18,2.46
2023-04-09 14:00:00,451.9,704.42,33.26,47.99,2.97
2023-04-09 15:00:00,336.65,505.75,32.52,50.07,3.3
2023-04-09 16:00:00,185.5,277.88,31.59,53.92,3.24
2023-04-09 17:00:00,54.6,74.65,30.05,62.12,2.64
2023-04-09 18:00:00,0.0,0.0,28.73,68.0,2.51
2023-04-09 19:00:00,0.0,0.0,28.15,70.39,2.67
2023-04-09 20:00:00,0.0,0.0,27.64,72.83,2.65
2023-04-09 21:00:00,0.0,0.0,27.17,75.29,2.5
2023-04-09 22:00:00,0.0,0.0,26.7,77.72,2.39
2023-04-09 23:00:00,0.0,0.0,26.22,80.1,2.4
2023-04-10 00:00:00,0.0,0.0,25.75,82.38,2.48
2023-04-10 01:00:00,0.0,0.0,25.21,85.0,2.49
2023-04-10 02:00:00,0.0,0.0,24.73,87.35,2.48
2023-04-10 03:00:00,0.0,0.0,24.33,89.44,2.51
2023-04-10 04:00:00,0.0,0.0,24.01,91.26,2.37
2023-04-10 05:00:00,0.0,0.0,23.71,93.03,2.0
2023-04-10 06:00:00,44.58,57.47,24.09,91.26,2.31
2023-04-10 07:00:00,187.5,259.98,25.88,82.19,2.52
2023-04-10 08:00:00,373.3,498.85,28.61,68.62,2.63
2023-04-10 09:00:00,541.22,711.28,30.84,59.0,2.07
2023-04-10 10:00:00,638.05,867.58,32.36,53.14,1.3
2023-04-10 11:00:00,655.6,951.08,33.55,48.49,0.58
2023-04-10 12:00:00,624.38,959.05,34.6,44.01,0.54
2023-04-10 13:00:00,642.45,884.95,35.02,41.0,1.01
2023-04-10 14:00:00,505.6,737.1,34.93,39.66,1.44
2023-04-10 15:00:00,320.38,530.7,34.61,39.36,1.73
2023-04-10 16:00:00,172.45,292.33,33.91,41.63,1.76
2023-04-10 17:00:00,52.55,79.43,31.93,53.96,1.33
2023-04-10 18:00:00,0.0,0.0,29.55,62.6,1.33
2023-04-10 19:00:00,0.0,0.0,28.64,64.36,1.47
2023-04-10 20:00:00,0.0,0.0,27.82,66.73,1.45
2023-04-10 21:00:00,0.0,0.0,27.1,69.02,1.38
2023-04-10 22:00:00,0.0,0.0,26.54,70.79,1.36
2023-04-10 23:00:00,0.0,0.0,26.02,72.27,1.41
2023-04-11 00:00:00,0.0,0.0,25.54,73.78,1.46
2023-04-11 01:00:00,0.0,0.0,25.03,75.91,1.45
2023-04-11 02:00:00,0.0,0.0,24.53,78.74,1.34
2023-04-11 03:00:00,0.0,0.0,24.06,81.92,1.16
2023-04-11 04:00:00,0.0,0.0,23.84,84.7,1.01
2023-04-11 05:00:00,0.0,0.0,23.79,86.09,1.01
2023-04-11 06:00:00,62.1,62.67,24.53,82.52,1.39
2023-04-11 07:00:00,259.73,272.7,26.69,69.87,1.17
2023-04-11 08:00:00,511.73,512.67,30.53,49.06,1.63
2023-04-11 09:00:00,730.47,730.72,33.71,36.94,2.59
2023-04-11 10:00:00,887.55,889.6,35.92,30.73,3.58
2023-04-11 11:00:00,973.58,975.33,37.45,26.65,4.3
2023-04-11 12:00:00,963.35,964.1,38.48,23.62,4.69
2023-04-11 13:00:00,874.5,888.15,39.03,21.52,4.79
2023-04-11 14:00:00,713.83,737.6,39.11,20.2,4.62
2023-04-11 15:00:00,516.58,518.53,38.59,19.73,4.17
2023-04-11 16:00:00,281.27,288.45,37.43,21.45,3.12
2023-04-11 17:00:00,77.18,79.47,34.08,41.55,1.1
2023-04-11 18:00:00,0.0,0.0,31.87,44.63,1.05
2023-04-11 19:00:00,0.0,0.0,30.31,50.77,1.22
2023-04-11 20:00:00,0.0,0.0,29.08,54.92,1.59
2023-04-11 21:00:00,0.0,0.0,28.16,61.86,2.18
2023-04-11 22:00:00,0.0,0.0,27.4,71.17,3.04
2023-04-11 23:00:00,0.0,0.0,26.66,79.94,3.44
2023-04-12 00:00:00,0.0,0.0,26.04,85.84,3.29
2023-04-12 01:00:00,0.0,0.0,25.58,89.12,2.91
2023-04-12 02:00:00,0.0,0.0,25.15,91.71,2.33
2023-04-12 03:00:00,0.0,0.0,24.71,94.3,1.67
2023-04-12 04:00:00,0.0,0.0,24.36,96.29,1.15
2023-04-12 05:00:00,0.0,0.0,24.09,97.84,0.84
2023-04-12 06:00:00,55.55,57.8,25.09,92.27,1.43
2023-04-12 07:00:00,228.85,253.0,27.48,78.22,1.8
2023-04-12 08:00:00,457.7,493.33,30.0,64.37,1.76
2023-04-12 09:00:00,679.88,708.55,31.91,55.44,1.7
2023-04-12 10:00:00,855.35,868.25,33.53,49.08,1.99
2023-04-12 11:00:00,945.25,955.05,34.99,43.86,2.29
2023-04-12 12:00:00,945.33,956.7,36.02,40.06,2.48
2023-04-12 13:00:00,781.9,878.92,36.52,37.83,2.62
2023-04-12 14:00:00,719.28,727.38,36.42,37.14,2.81
2023-04-12 15:00:00,507.17,508.48,35.73,38.13,3.07
2023-04-12 16:00:00,270.62,280.25,34.74,40.58,3.34
2023-04-12 17:00:00,73.2,76.03,32.92,47.82,2.8
2023-04-12 18:00:00,0.0,0.0,30.83,56.43,2.63
2023-04-12 19:00:00,0.0,0.0,29.97,60.4,3.11
2023-04-12 20:00:00,0.0,0.0,29.27,64.54,3.16
2023-04-12 21:00:00,0.0,0.0,28.71,68.05,3.05
2023-04-12 22:00:00,0.0,0.0,28.27,70.75,3.1
2023-04-12 23:00:00,0.0,0.0,27.83,73.3,3.21
2023-04-13 00:00:00,0.0,0.0,27.39,75.84,3.33
2023-04-13 01:00:00,0.0,0.0,26.94,78.38,3.3
2023-04-13 02:00:00,0.0,0.0,26.52,80.76,3.09
2023-04-13 03:00:00,0.0,0.0,26.09,83.42,2.92
2023-04-13 04:00:00,0.0,0.0,25.71,85.83,2.49
2023-04-13 05:00:00,0.0,0.0,25.36,88.12,1.83
2023-04-13 06:00:00,62.22,62.8,25.57,87.51,1.93
2023-04-13 07:00:00,249.57,254.12,27.62,75.54,2.72
2023-04-13 08:00:00,478.85,494.85,30.12,61.4,2.79
2023-04-13 09:00:00,679.72,708.22,32.3,52.05,2.34
2023-04-13 10:00:00,826.72,866.22,34.09,46.84,2.0
2023-04-13 11:00:00,902.6,950.42,35.43,43.41,1.86
2023-04-13 12:00:00,889.65,944.15,36.26,41.1,1.94
2023-04-13 13:00:00,827.1,865.97,36.56,40.06,2.17
2023-04-13 14:00:00,663.2,715.8,36.44,40.02,2.45
2023-04-13 15:00:00,461.92,510.3,35.84,41.15,2.6
2023-04-13 16:00:00,229.57,277.6,34.8,44.18,2.59
2023-04-13 17:00:00,60.7,76.65,32.77,55.95,1.84
2023-04-13 18:00:00,0.0,0.0,30.35,68.3,1.63
2023-04-13 19:00:00,0.0,0.0,29.47,70.46,1.99
2023-04-13 20:00:00,0.0,0.0,28.77,73.02,2.15
2023-04-13 21:00:00,0.0,0.0,28.17,75.48,2.15
2023-04-13 22:00:00,0.0,0.0,27.73,77.21,2.17
2023-04-13 23:00:00,0.0,0.0,27.31,78.89,2.19
2023-04-14 00:00:00,0.0,0.0,26.88,80.85,2.17
2023-04-14 01:00:00,0.0,0.0,26.43,83.28,2.09
2023-04-14 02:00:00,0.0,0.0,26.03,85.92,1.94
2023-04-14 03:00:00,0.0,0.0,25.78,88.36,1.72
2023-04-14 04:00:00,0.0,0.0,25.51,91.07,1.19
2023-04-14 05:00:00,0.0,0.0,25.24,93.96,0.56
2023-04-14 06:00:00,60.4,65.65,25.6,91.89,0.51
2023-04-14 07:00:00,257.0,272.2,27.32,80.35,0.75
2023-04-14 08:00:00,504.52,506.98,29.31,68.59,0.9
2023-04-14 09:00:00,708.92,719.05,31.2,58.86,0.66
2023-04-14 10:00:00,853.08,873.85,32.96,51.27,0.29
2023-04-14 11:00:00,935.67,957.97,34.48,45.4,0.31
2023-04-14 12:00:00,963.4,968.9,35.79,41.0,0.51
2023-04-14 13:00:00,893.17,896.5,36.7,37.78,0.66
2023-04-14 14:00:00,747.75,752.15,37.17,35.54,0.76
2023-04-14 15:00:00,543.85,548.9,37.12,34.57,0.82
2023-04-14 16:00:00,301.4,305.33,36.51,35.23,0.91
2023-04-14 17:00:00,83.45,84.45,35.05,43.06,0.81
2023-04-14 18:00:00,0.0,0.0,32.39,58.93,0.82
2023-04-14 19:00:00,0.0,0.0,31.07,61.0,1.05
2023-04-14 20:00:00,0.0,0.0,30.15,62.48,1.26
2023-04-14 21:00:00,0.0,0.0,29.31,65.42,1.41
2023-04-14 22:00:00,0.0,0.0,28.58,68.53,1.67
2023-04-14 23:00:00,0.0,0.0,28.11,70.99,2.22
2023-04-15 00:00:00,0.0,0.0,27.76,73.88,2.84
2023-04-15 01:00:00,0.0,0.0,27.27,77.89,3.09
2023-04-15 02:00:00,0.0,0.0,26.79,81.64,3.29
2023-04-15 03:00:00,0.0,0.0,26.4,84.58,3.31
2023-04-15 04:00:00,0.0,0.0,26.08,86.96,3.08
2023-04-15 05:00:00,0.0,0.0,25.76,89.28,2.75
2023-04-15 06:00:00,51.1,63.28,26.04,88.47,3.02
2023-04-15 07:00:00,199.15,261.15,27.62,80.84,3.12
2023-04-15 08:00:00,393.52,493.62,29.4,71.72,3.29
2023-04-15 09:00:00,533.47,701.75,30.71,65.45,3.43
2023-04-15 10:00:00,667.4,855.58,31.88,60.27,3.4
2023-04-15 11:00:00,742.12,935.92,32.64,56.76,3.12
2023-04-15 12:00:00,759.6,917.33,32.91,54.99,2.81
2023-04-15 13:00:00,688.4,840.4,32.96,54.15,2.54
2023-04-15 14:00:00,532.67,692.12,32.79,54.16,2.37
2023-04-15 15:00:00,354.85,489.0,32.32,55.47,2.36
2023-04-15 16:00:00,204.18,262.25,31.63,58.85,2.28
2023-04-15 17:00:00,62.55,70.7,30.14,68.17,1.75
2023-04-15 18:00:00,0.0,0.0,28.85,73.37,1.81
2023-04-15 19:00:00,0.0,0.0,28.41,74.64,1.95
2023-04-15 20:00:00,0.0,0.0,28.04,76.02,1.88
2023-04-15 21:00:00,0.0,0.0,27.72,77.32,1.91
2023-04-15 22:00:00,0.0,0.0,27.44,78.42,2.11
2023-04-15 23:00:00,0.0,0.0,27.11,79.95,2.31
2023-04-16 00:00:00,0.0,0.0,26.72,82.28,2.34
2023-04-16 01:00:00,0.0,0.0,26.35,84.61,2.37
2023-04-16 02:00:00,0.0,0.0,25.98,87.02,2.29
2023-04-16 03:00:00,0.0,0.0,25.61,89.4,2.09
2023-04-16 04:00:00,0.0,0.0,25.27,91.47,1.87
2023-04-16 05:00:00,0.0,0.0,24.99,93.09,1.7
2023-04-16 06:00:00,54.88,62.3,25.32,91.47,2.22
2023-04-16 07:00:00,200.5,249.88,27.21,80.65,2.79
2023-04-16 08:00:00,390.4,479.55,29.9,65.99,3.2
2023-04-16 09:00:00,602.97,686.85,31.89,57.26,2.62
2023-04-16 10:00:00,781.25,840.95,33.55,50.7,1.97
2023-04-16 11:00:00,884.78,922.92,34.97,45.25,1.38
2023-04-16 12:00:00,843.35,913.1,35.93,41.4,0.89
2023-04-16 13:00:00,777.28,828.72,36.48,38.94,0.52
2023-04-16 14:00:00,627.4,685.65,36.61,37.77,0.36
2023-04-16 15:00:00,408.65,471.7,36.33,37.77,0.8
2023-04-16 16:00:00,236.88,255.85,35.63,39.27,1.5
2023-04-16 17:00:00,65.9,67.72,33.68,49.9,1.5
2023-04-16 18:00:00,0.0,0.0,31.3,57.73,2.06
2023-04-16 19:00:00,0.0,0.0,30.53,60.04,3.54
2023-04-16 20:00:00,0.0,0.0,29.4,67.25,3.91
2023-04-16 21:00:00,0.0,0.0,28.63,72.81,3.88
2023-04-16 22:00:00,0.0,0.0,28.15,75.99,3.67
2023-04-16 23:00:00,0.0,0.0,27.76,78.01,3.39
2023-04-17 00:00:00,0.0,0.0,27.35,80.12,2.99
2023-04-17 01:00:00,0.0,0.0,26.92,82.38,2.65
2023-04-17 02:00:00,0.0,0.0,26.5,84.58,2.56
2023-04-17 03:00:00,0.0,0.0,26.1,86.68,2.58
2023-04-17 04:00:00,0.0,0.0,25.75,88.56,2.61
2023-04-17 05:00:00,0.0,0.0,25.4,90.41,2.54
2023-04-17 06:00:00,54.0,57.25,25.56,89.8,2.84
2023-04-17 07:00:00,216.52,235.0,27.16,80.51,3.31
2023-04-17 08:00:00,398.73,445.98,29.6,66.52,3.96
2023-04-17 09:00:00,611.3,653.67,31.5,57.42,3.83
2023-04-17 10:00:00,765.45,810.42,32.89,51.8,3.44
2023-04-17 11:00:00,875.92,896.15,33.8,48.37,3.02
2023-04-17 12:00:00,920.9,936.75,34.23,46.52,2.68
2023-04-17 13:00:00,756.25,863.05,34.5,45.34,2.49
2023-04-17 14:00:00,610.75,710.47,34.74,44.31,2.46
2023-04-17 15:00:00,436.98,508.4,34.77,43.84,2.47
2023-04-17 16:00:00,230.7,277.25,34.21,45.01,2.45
2023-04-17 17:00:00,67.7,76.8,32.43,54.5,1.7
2023-04-17 18:00:00,0.0,0.0,29.77,67.09,1.36
2023-04-17 19:00:00,0.0,0.0,28.99,68.75,1.73
2023-04-17 20:00:00,0.0,0.0,28.4,70.93,2.04
2023-04-17 21:00:00,0.0,0.0,27.86,73.39,2.2
2023-04-17 22:00:00,0.0,0.0,27.38,75.78,2.26
2023-04-17 23:00:00,0.0,0.0,26.9,78.04,2.25
2023-04-18 00:00:00,0.0,0.0,26.46,80.19,2.14
2023-04-18 01:00:00,0.0,0.0,26.02,82.44,1.96
2023-04-18 02:00:00,0.0,0.0,25.61,84.64,1.84
2023-04-18 03:00:00,0.0,0.0,25.23,86.91,1.76
2023-04-18 04:00:00,0.0,0.0,24.89,89.21,1.76
2023-04-18 05:00:00,0.0,0.0,24.62,91.42,1.87
2023-04-18 06:00:00,62.72,65.4,25.23,89.23,2.72
2023-04-18 07:00:00,238.65,256.08,27.82,75.23,3.39
2023-04-18 08:00:00,466.55,488.65,30.97,60.2,3.56
2023-04-18 09:00:00,694.4,695.88,33.34,51.17,3.03
2023-04-18 10:00:00,852.42,854.17,35.2,44.87,2.49
2023-04-18 11:00:00,937.65,938.95,36.55,40.32,2.14
2023-04-18 12:00:00,953.22,956.08,37.31,37.58,1.97
2023-04-18 13:00:00,840.0,876.0,37.43,36.59,1.99
2023-04-18 14:00:00,661.72,725.75,37.25,36.48,2.19
2023-04-18 15:00:00,420.67,518.67,36.59,37.65,2.49
2023-04-18 16:00:00,212.18,282.52,35.65,40.05,2.74
2023-04-18 17:00:00,57.9,77.7,33.49,50.95,2.04
2023-04-18 18:00:00,0.0,0.0,30.88,62.51,1.91
2023-04-18 19:00:00,0.0,0.0,29.98,65.26,2.42
2023-04-18 20:00:00,0.0,0.0,29.28,68.42,2.58
2023-04-18 21:00:00,0.0,0.0,28.76,71.02,2.61
2023-04-18 22:00:00,0.0,0.0,28.26,73.41,2.62
2023-04-18 23:00:00,0.0,0.0,27.75,75.64,2.62
2023-04-19 00:00:00,0.0,0.0,27.21,78.22,2.49
2023-04-19 01:00:00,0.0,0.0,26.67,81.37,2.26
2023-04-19 02:00:00,0.0,0.0,26.15,84.98,2.02
2023-04-19 03:00:00,0.0,0.0,25.68,88.47,1.89
2023-04-19 04:00:00,0.0,0.0,25.3,91.46,1.84
2023-04-19 05:00:00,0.0,0.0,25.02,93.48,1.77
2023-04-19 06:00:00,31.65,68.53,25.38,91.94,2.36
2023-04-19 07:00:00,95.72,271.45,27.04,83.18,3.01
2023-04-19 08:00:00,164.1,505.23,29.45,70.29,3.49
2023-04-19 09:00:00,302.65,712.12,31.63,60.55,3.08
2023-04-19 10:00:00,499.42,863.53,33.21,54.76,2.29
2023-04-19 11:00:00,467.88,943.15,34.34,51.08,1.56
2023-04-19 12:00:00,467.45,942.85,35.09,48.29,0.96
2023-04-19 13:00:00,317.77,863.47,35.4,46.57,0.64
2023-04-19 14:00:00,345.92,712.78,35.33,45.82,0.7
2023-04-19 15:00:00,304.33,506.92,34.91,46.08,0.87
2023-04-19 16:00:00,150.52,274.55,34.07,48.43,0.93
2023-04-19 17:00:00,43.17,73.43,33.02,53.97,0.85
2023-04-19 18:00:00,0.0,0.0,31.22,71.68,0.66
2023-04-19 19:00:00,0.0,0.0,30.15,74.88,0.82
2023-04-19 20:00:00,0.0,0.0,29.39,74.17,1.08
2023-04-19 21:00:00,0.0,0.0,28.78,73.17,1.48
2023-04-19 22:00:00,0.0,0.0,28.27,72.94,2.06
2023-04-19 23:00:00,0.0,0.0,27.76,74.35,2.65
2023-04-20 00:00:00,0.0,0.0,27.2,77.47,3.03
2023-04-20 01:00:00,0.0,0.0,26.74,80.47,3.36
2023-04-20 02:00:00,0.0,0.0,26.39,82.79,3.61
2023-04-20 03:00:00,0.0,0.0,26.12,84.72,3.73
2023-04-20 04:00:00,0.0,0.0,25.84,86.81,3.56
2023-04-20 05:00:00,0.0,0.0,25.56,88.72,3.25
2023-04-20 06:00:00,66.57,70.9,25.85,87.38,3.5
2023-04-20 07:00:00,246.4,271.98,27.62,77.18,4.15
2023-04-20 08:00:00,461.7,504.15,29.86,65.99,4.27
2023-04-20 09:00:00,625.67,713.6,31.72,58.48,3.84
2023-04-20 10:00:00,772.53,866.03,33.21,53.44,3.31
2023-04-20 11:00:00,858.22,942.92,34.17,50.1,2.81
2023-04-20 12:00:00,879.22,934.22,34.63,48.31,2.48
2023-04-20 13:00:00,755.35,858.05,34.35,48.5,2.23
2023-04-20 14:00:00,616.92,714.15,33.98,49.03,2.14
2023-04-20 15:00:00,448.48,509.77,33.6,49.82,2.14
2023-04-20 16:00:00,247.55,280.9,33.05,51.81,2.11
2023-04-20 17:00:00,73.93,79.12,31.66,61.05,1.5
2023-04-20 18:00:00,0.0,0.0,29.85,68.87,1.39
2023-04-20 19:00:00,0.0,0.0,29.25,69.54,1.73
2023-04-20 20:00:00,0.0,0.0,28.91,70.1,2.17
2023-04-20 21:00:00,0.0,0.0,28.51,71.58,2.58
2023-04-20 22:00:00,0.0,0.0,28.09,73.69,3.04
2023-04-20 23:00:00,0.0,0.0,27.61,76.51,3.46
2023-04-21 00:00:00,0.0,0.0,27.13,79.51,3.68
2023-04-21 01:00:00,0.0,0.0,26.7,82.25,3.67
2023-04-21 02:00:00,0.0,0.0,26.29,84.55,3.56
2023-04-21 03:00:00,0.0,0.0,25.9,86.46,3.33
2023-04-21 04:00:00,0.0,0.0,25.55,88.11,3.05
2023-04-21 05:00:00,0.0,0.0,25.23,89.51,2.93
2023-04-21 06:00:00,75.62,78.07,25.62,87.23,3.4
2023-04-21 07:00:00,279.65,291.62,27.57,75.87,4.98
2023-04-21 08:00:00,524.45,525.17,30.07,63.63,5.61
2023-04-21 09:00:00,725.47,736.12,32.22,55.27,5.21
2023-04-21 10:00:00,857.95,886.3,33.98,49.38,4.63
2023-04-21 11:00:00,935.25,964.28,35.39,44.9,4.06
2023-04-21 12:00:00,923.62,967.42,36.55,41.19,3.55
2023-04-21 13:00:00,851.5,886.75,37.31,38.42,3.11
2023-04-21 14:00:00,712.35,736.8,37.44,37.08,2.69
2023-04-21 15:00:00,524.38,526.38,37.11,36.81,2.33
2023-04-21 16:00:00,290.77,292.05,36.32,38.17,2.15
2023-04-21 17:00:00,85.12,85.32,34.2,49.44,1.54
2023-04-21 18:00:00,0.0,0.0,31.66,56.26,1.95
2023-04-21 19:00:00,0.0,0.0,31.14,55.93,3.4
2023-04-21 20:00:00,0.0,0.0,30.25,60.52,4.25
2023-04-21 21:00:00,0.0,0.0,29.4,65.46,4.59
2023-04-21 22:00:00,0.0,0.0,28.72,69.42,4.6
2023-04-21 23:00:00,0.0,0.0,28.16,72.44,4.5
2023-04-22 00:00:00,0.0,0.0,27.65,75.1,4.36
2023-04-22 01:00:00,0.0,0.0,27.21,77.19,4.23
2023-04-22 02:00:00,0.0,0.0,26.83,78.72,4.06
2023-04-22 03:00:00,0.0,0.0,26.47,79.98,3.83
2023-04-22 04:00:00,0.0,0.0,26.17,80.83,3.54
2023-04-22 05:00:00,0.0,0.0,25.86,81.93,3.26
2023-04-22 06:00:00,75.45,78.12,26.17,80.39,3.48
2023-04-22 07:00:00,269.55,290.58,27.99,71.42,3.65
2023-04-22 08:00:00,518.42,529.65,30.28,60.97,3.91
2023-04-22 09:00:00,721.3,736.92,32.02,54.18,3.95
2023-04-22 10:00:00,875.78,887.4,33.39,49.57,3.75
2023-04-22 11:00:00,943.05,969.45,34.36,46.47,3.43
2023-04-22 12:00:00,924.33,957.17,35.06,44.25,3.17
2023-04-22 13:00:00,816.3,883.45,35.75,42.14,2.99
2023-04-22 14:00:00,647.05,739.9,36.12,40.69,2.91
2023-04-22 15:00:00,453.77,540.08,35.95,40.51,2.94
2023-04-22 16:00:00,260.48,306.6,35.02,42.62,2.88
2023-04-22 17:00:00,80.82,87.55,33.08,51.83,2.03
2023-04-22 18:00:00,0.0,0.0,31.02,59.44,1.96
2023-04-22 19:00:00,0.0,0.0,30.44,61.27,2.52
2023-04-22 20:00:00,0.0,0.0,29.91,64.17,3.03
2023-04-22 21:00:00,0.0,0.0,29.31,68.03,3.33
2023-04-22 22:00:00,0.0,0.0,28.77,71.59,3.57
2023-04-22 23:00:00,0.0,0.0,28.29,74.57,3.77
2023-04-23 00:00:00,0.0,0.0,27.84,77.18,3.86
2023-04-23 01:00:00,0.0,0.0,27.4,79.55,3.8
2023-04-23 02:00:00,0.0,0.0,26.99,81.72,3.67
2023-04-23 03:00:00,0.0,0.0,26.56,84.18,3.19
2023-04-23 04:00:00,0.0,0.0,26.22,86.15,2.97
2023-04-23 05:00:00,0.0,0.0,25.97,87.52,2.87
2023-04-23 06:00:00,65.88,84.95,26.31,85.75,3.36
2023-04-23 07:00:00,239.9,305.62,27.83,77.21,4.61
2023-04-23 08:00:00,452.38,543.33,29.83,67.17,4.97
2023-04-23 09:00:00,635.83,746.1,31.54,59.6,4.64
2023-04-23 10:00:00,737.88,892.2,32.85,54.53,4.12
2023-04-23 11:00:00,884.85,966.72,33.73,51.11,3.68
2023-04-23 12:00:00,916.15,939.0,34.17,48.91,3.3
2023-04-23 13:00:00,571.88,859.58,34.3,47.62,2.99
2023-04-23 14:00:00,600.03,709.65,33.96,47.83,2.71
2023-04-23 15:00:00,377.48,505.38,33.57,48.74,2.56
2023-04-23 16:00:00,186.68,274.42,32.85,51.75,2.26
2023-04-23 17:00:00,58.92,76.1,31.44,62.37,1.42
2023-04-23 18:00:00,0.0,0.0,29.59,73.87,1.08
2023-04-23 19:00:00,0.0,0.0,28.98,74.44,1.29
2023-04-23 20:00:00,0.0,0.0,28.54,74.74,1.54
2023-04-23 21:00:00,0.0,0.0,28.17,75.52,1.82
2023-04-23 22:00:00,0.0,0.0,27.72,77.42,1.96
2023-04-23 23:00:00,0.0,0.0,27.31,79.67,2.02
2023-04-24 00:00:00,0.0,0.0,26.85,82.29,2.06
2023-04-24 01:00:00,0.0,0.0,26.43,84.89,2.02
2023-04-24 02:00:00,0.0,0.0,26.05,87.56,1.77
2023-04-24 03:00:00,0.0,0.0,25.69,90.1,1.41
2023-04-24 04:00:00,0.0,0.0,25.39,92.23,1.08
2023-04-24 05:00:00,0.0,0.0,25.18,93.86,0.97
2023-04-24 06:00:00,62.05,70.95,25.67,91.55,1.82
2023-04-24 07:00:00,206.48,258.9,27.01,84.64,2.3
2023-04-24 08:00:00,403.12,486.0,28.92,73.78,2.78
2023-04-24 09:00:00,566.97,690.05,30.36,66.52,3.19
2023-04-24 10:00:00,584.12,844.4,31.26,62.75,3.57
2023-04-24 11:00:00,632.1,930.58,31.72,60.55,3.76
2023-04-24 12:00:00,608.5,941.72,32.19,58.31,3.81
2023-04-24 13:00:00,601.3,867.7,32.48,56.46,3.75
2023-04-24 14:00:00,430.45,720.03,32.64,55.33,3.64
2023-04-24 15:00:00,336.17,513.2,32.36,55.68,3.42
2023-04-24 16:00:00,180.3,280.88,31.62,59.13,2.82
2023-04-24 17:00:00,55.88,78.2,30.02,72.03,1.57
2023-04-24 18:00:00,0.0,0.0,28.32,81.86,1.11
2023-04-24 19:00:00,0.0,0.0,27.85,82.98,1.11
2023-04-24 20:00:00,0.0,0.0,27.48,83.56,1.11
2023-04-24 21:00:00,0.0,0.0,27.16,83.96,1.13
2023-04-24 22:00:00,0.0,0.0,26.9,83.99,1.2
2023-04-24 23:00:00,0.0,0.0,26.64,83.95,1.32
2023-04-25 00:00:00,0.0,0.0,26.34,84.16,1.47
2023-04-25 01:00:00,0.0,0.0,26.08,84.57,1.62
2023-04-25 02:00:00,0.0,0.0,25.81,85.51,1.72
2023-04-25 03:00:00,0.0,0.0,25.54,86.88,1.85
2023-04-25 04:00:00,0.0,0.0,25.3,88.53,2.0
2023-04-25 05:00:00,0.0,0.0,25.01,91.0,2.0
2023-04-25 06:00:00,85.6,86.03,25.32,90.88,2.48
2023-04-25 07:00:00,287.62,288.38,26.6,86.01,2.58
2023-04-25 08:00:00,522.3,522.58,28.83,74.68,3.11
2023-04-25 09:00:00,728.62,729.2,30.66,65.51,2.9
2023-04-25 10:00:00,878.97,879.88,32.04,58.28,2.26
2023-04-25 11:00:00,960.55,961.35,33.08,52.5,1.65
2023-04-25 12:00:00,989.28,989.53,33.9,47.93,1.15
2023-04-25 13:00:00,773.65,912.88,34.56,43.99,0.68
2023-04-25 14:00:00,641.83,767.5,35.0,40.86,0.52
2023-04-25 15:00:00,365.73,566.53,35.03,39.3,0.85
2023-04-25 16:00:00,203.23,328.17,34.45,40.29,1.24
2023-04-25 17:00:00,63.08,96.78,32.65,51.63,1.13
2023-04-25 18:00:00,0.0,0.0,29.6,68.84,1.06
2023-04-25 19:00:00,0.0,0.0,28.63,68.21,1.48
2023-04-25 20:00:00,0.0,0.0,28.03,69.18,1.85
2023-04-25 21:00:00,0.0,0.0,27.56,71.48,2.08
2023-04-25 22:00:00,0.0,0.0,27.23,73.56,2.31
2023-04-25 23:00:00,0.0,0.0,26.95,75.32,2.52
2023-04-26 00:00:00,0.0,0.0,26.47,78.05,2.52
2023-04-26 01:00:00,0.0,0.0,25.91,81.47,2.36
2023-04-26 02:00:00,0.0,0.0,25.29,85.46,2.13
2023-04-26 03:00:00,0.0,0.0,24.98,88.0,2.14
2023-04-26 04:00:00,0.0,0.0,24.79,89.84,2.21
2023-04-26 05:00:00,0.0,0.0,24.61,91.36,2.15
2023-04-26 06:00:00,41.53,91.78,25.07,89.62,2.63
2023-04-26 07:00:00,167.43,315.12,27.13,79.6,3.23
2023-04-26 08:00:00,324.2,549.8,29.8,66.4,4.0
2023-04-26 09:00:00,424.85,750.42,31.45,59.18,4.04
2023-04-26 10:00:00,552.7,894.33,32.37,55.39,3.82
2023-04-26 11:00:00,561.58,968.05,32.69,53.67,3.55
2023-04-26 12:00:00,748.4,967.42,32.97,52.23,3.38
2023-04-26 13:00:00,587.72,888.28,33.07,51.22,3.17
2023-04-26 14:00:00,511.52,738.42,33.1,50.42,2.91
2023-04-26 15:00:00,403.23,529.17,32.87,50.5,2.64
2023-04-26 16:00:00,232.88,299.25,32.29,52.89,2.28
2023-04-26 17:00:00,75.05,82.85,30.66,65.77,1.35
2023-04-26 18:00:00,0.0,0.0,28.81,73.5,1.25
2023-04-26 19:00:00,0.0,0.0,28.28,73.21,1.66
2023-04-26 20:00:00,0.0,0.0,27.92,73.56,2.28
2023-04-26 21:00:00,0.0,0.0,27.54,75.24,2.94
2023-04-26 22:00:00,0.0,0.0,26.99,78.52,3.24
2023-04-26 23:00:00,0.0,0.0,26.5,81.63,3.24
2023-04-27 00:00:00,0.0,0.0,26.14,83.81,3.19
2023-04-27 01:00:00,0.0,0.0,25.74,86.53,2.9
2023-04-27 02:00:00,0.0,0.0,25.38,89.05,2.62
2023-04-27 03:00:00,0.0,0.0,25.15,90.48,2.57
2023-04-27 04:00:00,0.0,0.0,24.9,91.66,2.51
2023-04-27 05:00:00,0.0,0.0,24.63,92.57,2.44
2023-04-27 06:00:00,77.18,83.18,24.91,90.68,2.85
2023-04-27 07:00:00,261.4,295.1,26.36,80.34,3.66
2023-04-27 08:00:00,494.02,534.85,28.76,61.38,4.41
2023-04-27 09:00:00,650.35,742.3,31.03,48.88,4.37
2023-04-27 10:00:00,770.3,885.95,32.94,42.17,4.09
2023-04-27 11:00:00,773.97,962.67,34.45,38.32,3.8
2023-04-27 12:00:00,834.55,957.03,35.61,35.85,3.52
2023-04-27 13:00:00,785.3,884.15,36.36,34.32,3.24
2023-04-27 14:00:00,601.67,738.83,36.55,33.82,2.96
2023-04-27 15:00:00,384.95,534.45,36.15,34.44,2.75
2023-04-27 16:00:00,200.73,300.52,34.93,37.25,2.5
2023-04-27 17:00:00,59.15,85.18,32.71,48.68,1.85
2023-04-27 18:00:00,0.0,0.0,30.51,55.87,2.36
2023-04-27 19:00:00,0.0,0.0,29.53,58.52,3.67
2023-04-27 20:00:00,0.0,0.0,28.53,64.62,4.39
2023-04-27 21:00:00,0.0,0.0,27.67,71.07,4.23
2023-04-27 22:00:00,0.0,0.0,27.09,75.77,3.9
2023-04-27 23:00:00,0.0,0.0,26.67,78.77,3.8
2023-04-28 00:00:00,0.0,0.0,26.21,81.13,3.76
2023-04-28 01:00:00,0.0,0.0,25.69,83.67,3.72
2023-04-28 02:00:00,0.0,0.0,25.24,86.14,3.55
2023-04-28 03:00:00,0.0,0.0,24.91,88.14,3.27
2023-04-28 04:00:00,0.0,0.0,24.64,89.79,2.95
2023-04-28 05:00:00,0.0,0.0,24.41,91.17,2.63
2023-04-28 06:00:00,79.6,83.72,24.96,88.17,3.12
2023-04-28 07:00:00,267.35,291.25,27.05,75.92,4.18
2023-04-28 08:00:00,491.12,525.42,29.75,62.13,4.42
2023-04-28 09:00:00,698.65,728.35,32.09,52.7,4.01
2023-04-28 10:00:00,852.75,875.75,33.93,46.19,3.54
2023-04-28 11:00:00,937.8,952.95,35.36,41.72,3.14
2023-04-28 12:00:00,948.55,962.65,36.48,38.52,2.79
2023-04-28 13:00:00,837.88,883.65,36.99,36.62,2.5
2023-04-28 14:00:00,690.97,735.35,37.05,35.6,2.32
2023-04-28 15:00:00,494.83,533.0,36.59,35.65,2.24
2023-04-28 16:00:00,271.77,299.17,35.71,37.01,2.25
2023-04-28 17:00:00,78.68,85.4,33.72,46.48,1.55
2023-04-28 18:00:00,0.0,0.0,31.24,57.71,1.29
2023-04-28 19:00:00,0.0,0.0,30.35,57.73,1.82
2023-04-28 20:00:00,0.0,0.0,29.56,59.66,2.38
2023-04-28 21:00:00,0.0,0.0,28.78,63.21,2.69
2023-04-28 22:00:00,0.0,0.0,28.09,67.01,2.78
2023-04-28 23:00:00,0.0,0.0,27.46,70.83,2.72
2023-04-29 00:00:00,0.0,0.0,26.96,74.01,2.67
2023-04-29 01:00:00,0.0,0.0,26.53,76.67,2.63
2023-04-29 02:00:00,0.0,0.0,26.12,79.17,2.51
2023-04-29 03:00:00,0.0,0.0,25.72,81.68,2.3
2023-04-29 04:00:00,0.0,0.0,25.37,84.14,2.17
2023-04-29 05:00:00,0.0,0.0,25.08,86.5,2.15
2023-04-29 06:00:00,65.95,85.75,25.51,85.24,2.75
2023-04-29 07:00:00,212.32,293.73,27.44,75.32,3.49
2023-04-29 08:00:00,386.12,524.83,29.6,64.78,4.12
2023-04-29 09:00:00,533.05,726.67,31.05,58.24,4.18
2023-04-29 10:00:00,607.75,874.85,32.09,54.0,4.04
2023-04-29 11:00:00,574.0,948.67,32.78,51.08,3.85
2023-04-29 12:00:00,676.9,969.05,33.27,49.13,3.68
2023-04-29 13:00:00,529.8,887.47,33.49,48.03,3.56
2023-04-29 14:00:00,488.58,735.97,33.19,48.57,3.49
2023-04-29 15:00:00,320.55,534.85,32.4,50.8,3.36
2023-04-29 16:00:00,184.93,299.48,31.47,53.89,3.04
2023-04-29 17:00:00,64.6,85.12,30.24,60.21,2.2
2023-04-29 18:00:00,0.0,0.0,28.7,68.94,1.48
2023-04-29 19:00:00,0.0,0.0,28.16,70.36,1.92
2023-04-29 20:00:00,0.0,0.0,27.76,71.52,2.54
2023-04-29 21:00:00,0.0,0.0,27.29,73.95,2.79
2023-04-29 22:00:00,0.0,0.0,26.81,76.92,2.66
2023-04-29 23:00:00,0.0,0.0,26.37,79.75,2.4
2023-04-30 00:00:00,0.0,0.0,26.01,82.12,2.1
2023-04-30 01:00:00,0.0,0.0,25.75,83.77,1.86
2023-04-30 02:00:00,0.0,0.0,25.58,84.28,1.81
2023-04-30 03:00:00,0.0,0.0,25.39,84.91,1.99
2023-04-30 04:00:00,0.0,0.0,25.16,86.0,2.31
2023-04-30 05:00:00,0.0,0.0,24.89,87.74,2.62
2023-04-30 06:00:00,49.5,83.1,25.13,87.5,3.31
2023-04-30 07:00:00,174.27,289.75,26.73,79.3,3.92
2023-04-30 08:00:00,309.2,521.47,28.86,68.14,4.38
2023-04-30 09:00:00,375.38,725.22,30.76,59.94,4.28
2023-04-30 10:00:00,473.4,872.1,32.24,53.8,3.96
2023-04-30 11:00:00,477.1,948.7,33.37,48.92,3.66
2023-04-30 12:00:00,671.33,961.85,34.24,45.0,3.38
2023-04-30 13:00:00,679.95,883.47,34.77,42.35,2.93
2023-04-30 14:00:00,547.97,735.1,34.85,41.09,2.58
2023-04-30 15:00:00,427.67,529.72,34.42,41.34,2.55
2023-04-30 16:00:00,233.07,293.35,33.65,43.13,2.61
2023-04-30 17:00:00,68.82,82.25,31.67,53.99,1.88
2023-04-30 18:00:00,0.0,0.0,28.94,67.19,1.58
2023-04-30 19:00:00,0.0,0.0,28.23,67.91,2.07
2023-04-30 20:00:00,0.0,0.0,27.76,69.47,2.45
2023-04-30 21:00:00,0.0,0.0,27.24,72.3,2.66
2023-04-30 22:00:00,0.0,0.0,26.74,75.45,2.84
2023-04-30 23:00:00,0.0,0.0,26.25,78.42,3.02
2023-05-01 00:00:00,0.0,0.0,25.8,81.0,3.13
2023-05-01 01:00:00,0.0,0.0,25.39,83.04,3.12
2023-05-01 02:00:00,0.0,0.0,25.03,84.8,3.05
2023-05-01 03:00:00,0.0,0.0,24.69,86.48,2.96
2023-05-01 04:00:00,0.0,0.0,24.29,88.79,2.66
2023-05-01 05:00:00,0.0,0.0,23.88,91.46,2.33
2023-05-01 06:00:00,79.78,88.12,24.41,89.21,2.8
2023-05-01 07:00:00,253.25,298.8,27.0,74.46,3.74
2023-05-01 08:00:00,457.27,533.55,29.65,61.87,4.2
2023-05-01 09:00:00,651.53,736.65,31.67,54.13,4.02
2023-05-01 10:00:00,846.22,882.88,33.28,48.27,3.67
2023-05-01 11:00:00,908.53,956.58,34.54,43.66,3.23
2023-05-01 12:00:00,854.88,912.7,35.4,40.51,2.67
2023-05-01 13:00:00,806.2,832.67,36.01,38.19,2.09
2023-05-01 14:00:00,644.6,682.88,36.13,37.12,1.68
2023-05-01 15:00:00,435.5,480.98,35.77,37.16,1.7
2023-05-01 16:00:00,226.73,257.4,34.88,38.66,2.12
2023-05-01 17:00:00,64.68,72.65,32.83,48.19,1.83
2023-05-01 18:00:00,0.0,0.0,30.27,57.93,1.92
2023-05-01 19:00:00,0.0,0.0,29.57,58.08,2.89
2023-05-01 20:00:00,0.0,0.0,28.82,61.25,3.3
2023-05-01 21:00:00,0.0,0.0,28.08,65.25,3.35
2023-05-01 22:00:00,0.0,0.0,27.42,69.33,3.16
2023-05-01 23:00:00,0.0,0.0,26.82,73.48,2.91
2023-05-02 00:00:00,0.0,0.0,26.24,77.69,2.65
2023-05-02 01:00:00,0.0,0.0,25.67,81.77,2.46
2023-05-02 02:00:00,0.0,0.0,25.16,85.43,2.36
2023-05-02 03:00:00,0.0,0.0,24.74,88.54,2.13
2023-05-02 04:00:00,0.0,0.0,24.48,90.57,1.9
2023-05-02 05:00:00,0.0,0.0,24.25,92.28,1.55
2023-05-02 06:00:00,88.68,90.15,24.8,89.64,1.82
2023-05-02 07:00:00,288.0,301.88,27.14,75.33,2.23
2023-05-02 08:00:00,527.22,536.35,29.71,62.46,2.15
2023-05-02 09:00:00,721.0,739.12,31.64,54.09,1.58
2023-05-02 10:00:00,862.65,886.08,33.12,48.13,1.63
2023-05-02 11:00:00,957.5,963.22,34.37,43.46,1.96
2023-05-02 12:00:00,957.35,957.9,35.61,39.44,1.82
2023-05-02 13:00:00,876.97,880.38,36.48,36.57,1.6
2023-05-02 14:00:00,727.95,733.35,36.83,34.93,1.82
2023-05-02 15:00:00,527.45,532.35,36.61,34.47,2.14
2023-05-02 16:00:00,287.48,298.73,35.78,35.75,2.38
2023-05-02 17:00:00,80.68,85.97,33.77,44.52,1.84
2023-05-02 18:00:00,0.0,0.0,30.89,55.07,1.77
2023-05-02 19:00:00,0.0,0.0,30.1,56.23,2.64
2023-05-02 20:00:00,0.0,0.0,29.36,59.52,3.1
2023-05-02 21:00:00,0.0,0.0,28.56,63.75,2.95
2023-05-02 22:00:00,0.0,0.0,27.87,67.6,2.73
2023-05-02 23:00:00,0.0,0.0,27.27,70.96,2.66
2023-05-03 00:00:00,0.0,0.0,26.73,74.1,2.69
2023-05-03 01:00:00,0.0,0.0,26.27,77.02,2.77
2023-05-03 02:00:00,0.0,0.0,25.89,79.78,2.82
2023-05-03 03:00:00,0.0,0.0,25.5,82.7,2.86
2023-05-03 04:00:00,0.0,0.0,25.1,85.99,2.72
2023-05-03 05:00:00,0.0,0.0,24.71,89.1,2.46
2023-05-03 06:00:00,97.45,102.03,25.16,87.48,2.84
2023-05-03 07:00:00,320.12,326.62,27.63,72.96,3.18
2023-05-03 08:00:00,558.15,561.88,30.63,58.49,3.31
2023-05-03 09:00:00,761.6,763.05,33.04,49.63,3.01
2023-05-03 10:00:00,896.53,905.65,34.9,43.83,2.58
2023-05-03 11:00:00,976.75,978.85,36.4,39.53,2.51
2023-05-03 12:00:00,975.6,976.72,37.47,36.51,2.74
2023-05-03 13:00:00,788.92,900.95,38.02,34.67,3.05
2023-05-03 14:00:00,729.3,753.53,38.06,33.73,3.33
2023-05-03 15:00:00,527.72,550.03,37.54,34.0,3.47
2023-05-03 16:00:00,268.62,313.1,36.52,35.56,3.47
2023-05-03 17:00:00,73.12,91.1,34.51,42.26,2.73
2023-05-03 18:00:00,0.0,0.0,31.64,53.64,2.34
2023-05-03 19:00:00,0.0,0.0,30.43,58.27,2.99
2023-05-03 20:00:00,0.0,0.0,29.37,63.73,2.92
2023-05-03 21:00:00,0.0,0.0,28.63,67.68,2.63
2023-05-03 22:00:00,0.0,0.0,28.09,70.35,2.42
2023-05-03 23:00:00,0.0,0.0,27.61,72.64,2.35
2023-05-04 00:00:00,0.0,0.0,27.17,74.76,2.42
2023-05-04 01:00:00,0.0,0.0,26.76,77.08,2.52
2023-05-04 02:00:00,0.0,0.0,26.29,80.18,2.56
2023-05-04 03:00:00,0.0,0.0,25.84,83.51,2.65
2023-05-04 04:00:00,0.0,0.0,25.41,86.81,2.62
2023-05-04 05:00:00,0.0,0.0,25.02,89.68,2.53
2023-05-04 06:00:00,96.95,101.25,25.57,87.32,2.99
2023-05-04 07:00:00,312.45,323.77,28.02,73.26,3.77
2023-05-04 08:00:00,548.15,558.28,30.81,60.03,3.91
2023-05-04 09:00:00,751.25,754.55,33.02,52.0,3.39
2023-05-04 10:00:00,897.17,898.58,34.9,46.0,2.64
2023-05-04 11:00:00,972.08,973.47,36.45,41.13,2.19
2023-05-04 12:00:00,971.03,973.97,37.5,37.74,2.26
2023-05-04 13:00:00,842.45,895.75,38.01,35.68,2.48
2023-05-04 14:00:00,731.83,748.83,37.97,34.82,2.65
2023-05-04 15:00:00,514.95,547.17,37.37,35.25,2.78
2023-05-04 16:00:00,265.4,312.6,36.3,36.95,2.86
2023-05-04 17:00:00,72.7,91.68,34.43,43.77,2.29
2023-05-04 18:00:00,0.0,0.0,31.83,54.11,2.23
2023-05-04 19:00:00,0.0,0.0,30.75,58.11,3.36
2023-05-04 20:00:00,0.0,0.0,29.61,64.16,3.64
2023-05-04 21:00:00,0.0,0.0,28.88,68.15,3.44
2023-05-04 22:00:00,0.0,0.0,28.39,70.46,3.13
2023-05-04 23:00:00,0.0,0.0,27.93,72.51,2.86
2023-05-05 00:00:00,0.0,0.0,27.53,74.43,2.67
2023-05-05 01:00:00,0.0,0.0,27.1,76.81,2.46
2023-05-05 02:00:00,0.0,0.0,26.7,79.35,2.38
2023-05-05 03:00:00,0.0,0.0,26.33,81.86,2.4
2023-05-05 04:00:00,0.0,0.0,25.93,84.7,2.37
2023-05-05 05:00:00,0.0,0.0,25.55,87.43,2.24
2023-05-05 06:00:00,81.5,99.07,26.1,85.09,2.73
2023-05-05 07:00:00,262.35,315.3,28.45,71.53,3.57
2023-05-05 08:00:00,488.4,545.5,30.9,59.25,3.63
2023-05-05 09:00:00,657.47,742.88,32.75,51.98,3.17
2023-05-05 10:00:00,769.17,885.5,33.99,47.59,2.72
2023-05-05 11:00:00,813.22,959.92,35.0,44.05,2.32
2023-05-05 12:00:00,902.05,961.28,35.81,41.22,2.02
2023-05-05 13:00:00,870.47,887.45,36.07,39.75,1.96
2023-05-05 14:00:00,735.4,744.95,35.76,39.73,2.08
2023-05-05 15:00:00,534.22,547.28,35.17,40.62,2.31
2023-05-05 16:00:00,302.92,315.98,34.31,42.66,2.49
2023-05-05 17:00:00,88.93,94.65,32.74,50.05,1.94
2023-05-05 18:00:00,0.0,0.0,30.47,60.41,1.62
2023-05-05 19:00:00,0.0,0.0,29.64,62.57,2.02
2023-05-05 20:00:00,0.0,0.0,28.96,65.52,2.23
2023-05-05 21:00:00,0.0,0.0,28.28,69.29,2.19
2023-05-05 22:00:00,0.0,0.0,27.75,72.48,2.18
2023-05-05 23:00:00,0.0,0.0,27.28,75.15,2.15
2023-05-06 00:00:00,0.0,0.0,26.84,77.77,1.96
2023-05-06 01:00:00,0.0,0.0,26.43,80.25,1.75
2023-05-06 02:00:00,0.0,0.0,26.11,82.38,1.55
2023-05-06 03:00:00,0.0,0.0,25.85,84.25,1.41
2023-05-06 04:00:00,0.0,0.0,25.5,86.71,1.23
2023-05-06 05:00:00,0.0,0.0,25.21,88.89,1.12
2023-05-06 06:00:00,76.05,98.65,25.94,85.69,2.0
2023-05-06 07:00:00,231.32,310.25,28.14,73.11,2.71
2023-05-06 08:00:00,415.0,537.58,30.35,61.93,2.96
2023-05-06 09:00:00,645.95,734.05,31.94,55.2,2.6
2023-05-06 10:00:00,762.67,875.95,33.05,51.01,2.13
2023-05-06 11:00:00,875.88,950.12,33.72,48.3,1.95
2023-05-06 12:00:00,898.22,957.53,34.21,46.03,2.0
2023-05-06 13:00:00,817.05,882.53,34.19,44.82,2.14
2023-05-06 14:00:00,652.15,739.2,33.65,45.18,2.2
2023-05-06 15:00:00,361.67,541.0,32.71,47.36,2.22
2023-05-06 16:00:00,190.1,309.62,31.66,50.63,2.17
2023-05-06 17:00:00,51.58,91.47,30.31,57.48,1.8
2023-05-06 18:00:00,0.0,0.0,28.78,67.76,1.4
2023-05-06 19:00:00,0.0,0.0,28.09,70.95,1.64
2023-05-06 20:00:00,0.0,0.0,27.64,73.52,1.68
2023-05-06 21:00:00,0.0,0.0,27.36,75.24,1.63
2023-05-06 22:00:00,0.0,0.0,27.11,76.35,1.71
2023-05-06 23:00:00,0.0,0.0,26.81,77.23,1.97
2023-05-07 00:00:00,0.0,0.0,26.5,78.27,2.19
2023-05-07 01:00:00,0.0,0.0,26.17,79.74,2.21
2023-05-07 02:00:00,0.0,0.0,25.86,81.49,2.14
2023-05-07 03:00:00,0.0,0.0,25.57,83.17,2.01
2023-05-07 04:00:00,0.0,0.0,25.24,85.31,1.8
2023-05-07 05:00:00,0.0,0.0,24.94,87.32,1.51
2023-05-07 06:00:00,96.65,100.32,25.48,84.79,2.08
2023-05-07 07:00:00,298.02,316.35,27.5,74.01,3.01
2023-05-07 08:00:00,532.47,546.85,29.57,64.42,3.56
2023-05-07 09:00:00,732.45,743.78,31.37,57.1,3.63
2023-05-07 10:00:00,871.33,885.65,32.88,50.95,3.41
2023-05-07 11:00:00,958.75,959.88,33.88,46.79,3.12
2023-05-07 12:00:00,955.45,961.53,34.41,44.29,2.85
2023-05-07 13:00:00,883.05,884.53,34.44,43.32,2.59
2023-05-07 14:00:00,687.2,737.83,34.19,43.35,2.36
2023-05-07 15:00:00,530.28,537.12,33.75,44.18,2.21
2023-05-07 16:00:00,279.98,304.52,33.03,46.56,2.08
2023-05-07 17:00:00,76.2,89.07,31.6,56.54,1.36
2023-05-07 18:00:00,0.0,0.0,29.56,67.04,1.12
2023-05-07 19:00:00,0.0,0.0,28.76,67.92,1.36
2023-05-07 20:00:00,0.0,0.0,28.28,68.78,1.55
2023-05-07 21:00:00,0.0,0.0,27.87,69.95,1.61
2023-05-07 22:00:00,0.0,0.0,27.51,70.99,1.63
2023-05-07 23:00:00,0.0,0.0,27.16,72.06,1.68
2023-05-08 00:00:00,0.0,0.0,26.82,73.34,1.8
2023-05-08 01:00:00,0.0,0.0,26.47,75.24,2.01
2023-05-08 02:00:00,0.0,0.0,26.06,78.21,2.26
2023-05-08 03:00:00,0.0,0.0,25.64,81.94,2.44
2023-05-08 04:00:00,0.0,0.0,25.27,85.77,2.48
2023-05-08 05:00:00,0.0,0.0,24.96,89.03,2.36
2023-05-08 06:00:00,60.53,95.68,25.48,87.13,2.82
2023-05-08 07:00:00,178.73,304.9,27.32,75.63,3.53
2023-05-08 08:00:00,313.8,531.58,29.21,65.18,3.64
2023-05-08 09:00:00,520.1,727.55,30.47,59.02,3.26
2023-05-08 10:00:00,734.2,868.53,31.51,54.46,2.86
2023-05-08 11:00:00,796.53,941.17,32.47,50.55,2.44
2023-05-08 12:00:00,751.17,934.28,33.27,47.24,1.97
2023-05-08 13:00:00,747.72,857.33,34.09,44.03,1.41
2023-05-08 14:00:00,515.85,713.3,34.96,40.87,0.73
2023-05-08 15:00:00,387.58,516.38,35.34,38.85,0.25
2023-05-08 16:00:00,219.62,288.27,34.9,38.91,0.69
2023-05-08 17:00:00,65.62,82.35,33.68,44.5,0.78
2023-05-08 18:00:00,0.0,0.0,31.22,61.66,0.71
2023-05-08 19:00:00,0.0,0.0,30.17,63.32,0.8
2023-05-08 20:00:00,0.0,0.0,29.44,64.9,0.82
2023-05-08 21:00:00,0.0,0.0,28.94,65.66,0.8
2023-05-08 22:00:00,0.0,0.0,28.42,66.78,0.77
2023-05-08 23:00:00,0.0,0.0,27.59,69.94,0.78
2023-05-09 00:00:00,0.0,0.0,26.71,72.75,0.89
2023-05-09 01:00:00,0.0,0.0,26.11,73.84,1.15
2023-05-09 02:00:00,0.0,0.0,25.71,75.11,1.48
2023-05-09 03:00:00,0.0,0.0,25.41,77.37,1.66
2023-05-09 04:00:00,0.0,0.0,25.23,79.68,1.62
2023-05-09 05:00:00,0.0,0.0,25.06,81.76,1.44
2023-05-09 06:00:00,66.62,100.53,25.94,78.43,2.25
2023-05-09 07:00:00,194.4,317.08,28.42,66.68,2.48
2023-05-09 08:00:00,344.27,547.97,31.76,52.4,2.68
2023-05-09 09:00:00,527.05,745.25,34.07,44.99,2.3
2023-05-09 10:00:00,764.6,886.92,35.8,40.04,1.55
2023-05-09 11:00:00,891.4,960.0,37.09,36.43,0.66
2023-05-09 12:00:00,877.95,960.72,38.05,33.55,0.24
2023-05-09 13:00:00,825.58,883.92,38.72,31.16,0.83
2023-05-09 14:00:00,657.17,738.53,38.91,30.01,1.24
2023-05-09 15:00:00,482.0,538.3,38.59,29.78,1.53
2023-05-09 16:00:00,276.62,306.02,37.77,30.67,1.78
2023-05-09 17:00:00,83.68,90.53,35.89,37.51,1.55
2023-05-09 18:00:00,0.0,0.0,32.73,49.72,1.86
2023-05-09 19:00:00,0.0,0.0,31.35,52.81,3.04
2023-05-09 20:00:00,0.0,0.0,30.06,59.75,3.64
2023-05-09 21:00:00,0.0,0.0,28.98,66.98,3.57
2023-05-09 22:00:00,0.0,0.0,28.32,71.72,3.37
2023-05-09 23:00:00,0.0,0.0,27.86,74.86,3.27
2023-05-10 00:00:00,0.0,0.0,27.49,77.29,3.31
2023-05-10 01:00:00,0.0,0.0,27.14,79.62,3.33
2023-05-10 02:00:00,0.0,0.0,26.81,81.84,3.27
2023-05-10 03:00:00,0.0,0.0,26.51,83.73,3.11
2023-05-10 04:00:00,0.0,0.0,26.16,85.67,2.86
2023-05-10 05:00:00,0.0,0.0,25.8,87.68,2.65
2023-05-10 06:00:00,94.72,103.2,26.33,85.15,3.07
2023-05-10 07:00:00,302.1,319.2,29.01,69.87,3.56
2023-05-10 08:00:00,544.35,548.28,31.8,56.67,4.05
2023-05-10 09:00:00,724.47,746.47,33.79,49.11,4.06
2023-05-10 10:00:00,819.75,887.95,35.05,44.87,3.95
2023-05-10 11:00:00,906.08,961.08,35.88,42.18,3.86
2023-05-10 12:00:00,926.15,953.58,36.21,40.85,3.8
2023-05-10 13:00:00,858.17,879.7,36.24,40.36,3.72
2023-05-10 14:00:00,731.25,737.17,35.85,40.95,3.67
2023-05-10 15:00:00,537.2,539.6,35.3,42.17,3.66
2023-05-10 16:00:00,292.45,309.23,34.38,44.89,3.51
2023-05-10 17:00:00,85.1,92.82,32.84,51.35,2.85
2023-05-10 18:00:00,0.0,0.0,31.05,59.08,2.7
2023-05-10 19:00:00,0.0,0.0,30.26,62.94,3.15
2023-05-10 20:00:00,0.0,0.0,29.56,67.18,3.22
2023-05-10 21:00:00,0.0,0.0,28.98,71.19,3.29
2023-05-10 22:00:00,0.0,0.0,28.54,74.44,3.42
2023-05-10 23:00:00,0.0,0.0,28.13,77.35,3.32
2023-05-11 00:00:00,0.0,0.0,27.72,80.18,3.01
2023-05-11 01:00:00,0.0,0.0,27.36,82.39,2.85
2023-05-11 02:00:00,0.0,0.0,27.06,84.21,2.74
2023-05-11 03:00:00,0.0,0.0,26.81,85.58,2.61
2023-05-11 04:00:00,0.0,0.0,26.56,86.86,2.5
2023-05-11 05:00:00,0.0,0.0,26.3,88.11,2.44
2023-05-11 06:00:00,98.45,101.97,26.57,86.54,2.91
2023-05-11 07:00:00,300.5,313.52,28.02,77.66,3.87
2023-05-11 08:00:00,529.67,540.33,30.19,64.93,4.55
2023-05-11 09:00:00,721.25,735.3,32.48,53.04,4.53
2023-05-11 10:00:00,871.42,877.22,34.64,44.62,4.4
2023-05-11 11:00:00,936.72,948.6,36.21,39.88,4.18
2023-05-11 12:00:00,946.03,961.15,37.05,37.46,3.86
2023-05-11 13:00:00,831.2,884.42,37.23,36.55,3.53
2023-05-11 14:00:00,716.45,739.92,37.13,36.35,3.2
2023-05-11 15:00:00,521.05,540.65,36.5,37.28,2.86
2023-05-11 16:00:00,299.17,308.8,35.53,39.51,2.51
2023-05-11 17:00:00,90.8,91.82,33.88,48.33,1.47
2023-05-11 18:00:00,0.0,0.0,31.62,58.05,1.19
2023-05-11 19:00:00,0.0,0.0,30.76,59.77,1.51
2023-05-11 20:00:00,0.0,0.0,30.1,62.56,1.89
2023-05-11 21:00:00,0.0,0.0,29.47,66.26,2.21
2023-05-11 22:00:00,0.0,0.0,28.93,69.76,2.46
2023-05-11 23:00:00,0.0,0.0,28.48,72.77,2.6
2023-05-12 00:00:00,0.0,0.0,28.04,75.46,2.63
2023-05-12 01:00:00,0.0,0.0,27.68,77.61,2.64
2023-05-12 02:00:00,0.0,0.0,27.34,79.6,2.64
2023-05-12 03:00:00,0.0,0.0,26.93,81.98,2.43
2023-05-12 04:00:00,0.0,0.0,26.52,84.33,2.23
2023-05-12 05:00:00,0.0,0.0,26.18,86.18,2.21
2023-05-12 06:00:00,81.18,92.35,26.71,83.2,2.98
2023-05-12 07:00:00,270.15,289.0,28.58,71.76,4.31
2023-05-12 08:00:00,509.5,511.73,30.75,61.5,4.49
2023-05-12 09:00:00,704.17,706.9,32.82,54.07,4.03
2023-05-12 10:00:00,804.15,848.97,34.59,48.45,3.46
2023-05-12 11:00:00,688.03,922.5,35.93,44.35,2.99
2023-05-12 12:00:00,738.83,947.28,37.13,40.84,2.67
2023-05-12 13:00:00,656.88,869.08,37.77,38.55,2.55
2023-05-12 14:00:00,591.55,723.0,37.77,37.76,2.64
2023-05-12 15:00:00,432.88,523.03,37.25,38.31,2.74
2023-05-12 16:00:00,236.32,293.15,36.17,40.51,2.72
2023-05-12 17:00:00,72.32,85.97,34.56,46.83,1.91
2023-05-12 18:00:00,0.0,0.0,32.52,57.46,1.28
2023-05-12 19:00:00,0.0,0.0,31.74,59.53,1.66
2023-05-12 20:00:00,0.0,0.0,31.03,62.3,2.04
2023-05-12 21:00:00,0.0,0.0,30.21,66.46,2.19
2023-05-12 22:00:00,0.0,0.0,29.43,70.79,2.1
2023-05-12 23:00:00,0.0,0.0,28.8,74.35,1.97
2023-05-13 00:00:00,0.0,0.0,28.27,77.2,1.84
2023-05-13 01:00:00,0.0,0.0,27.82,79.71,1.72
2023-05-13 02:00:00,0.0,0.0,27.42,82.0,1.63
2023-05-13 03:00:00,0.0,0.0,27.09,84.04,1.57
2023-05-13 04:00:00,0.0,0.0,26.81,85.87,1.44
2023-05-13 05:00:00,0.0,0.0,26.53,87.72,1.23
2023-05-13 06:00:00,87.4,89.3,27.07,85.34,1.93
2023-05-13 07:00:00,266.08,277.7,29.15,72.68,2.32
2023-05-13 08:00:00,481.5,492.83,31.17,62.3,2.35
2023-05-13 09:00:00,679.17,679.58,32.64,56.34,2.08
2023-05-13 10:00:00,809.22,816.33,33.74,51.98,1.89
2023-05-13 11:00:00,809.58,885.72,34.56,48.64,1.89
2023-05-13 12:00:00,839.1,894.8,35.16,46.16,1.96
2023-05-13 13:00:00,746.72,819.45,35.28,45.07,1.99
2023-05-13 14:00:00,631.05,679.12,35.22,44.7,2.09
2023-05-13 15:00:00,466.27,479.65,34.68,45.81,2.15
2023-05-13 16:00:00,235.48,259.95,33.99,47.78,2.14
2023-05-13 17:00:00,66.75,75.75,32.74,53.88,1.71
2023-05-13 18:00:00,0.0,0.0,30.9,63.29,1.5
2023-05-13 19:00:00,0.0,0.0,30.19,65.55,2.05
2023-05-13 20:00:00,0.0,0.0,29.67,68.07,2.26
2023-05-13 21:00:00,0.0,0.0,29.27,70.32,2.19
2023-05-13 22:00:00,0.0,0.0,28.87,72.52,2.01
2023-05-13 23:00:00,0.0,0.0,28.55,74.3,1.94
2023-05-14 00:00:00,0.0,0.0,28.22,76.14,1.92
2023-05-14 01:00:00,0.0,0.0,27.85,78.38,1.86
2023-05-14 02:00:00,0.0,0.0,27.46,80.84,1.73
2023-05-14 03:00:00,0.0,0.0,27.11,83.24,1.57
2023-05-14 04:00:00,0.0,0.0,26.8,85.47,1.4
2023-05-14 05:00:00,0.0,0.0,26.54,87.43,1.21
2023-05-14 06:00:00,68.47,94.07,27.06,85.29,1.96
2023-05-14 07:00:00,204.07,296.38,28.63,77.37,2.28
2023-05-14 08:00:00,359.8,519.08,30.86,64.93,2.8
2023-05-14 09:00:00,536.33,711.0,32.47,57.87,2.74
2023-05-14 10:00:00,701.42,847.97,33.53,53.79,2.49
2023-05-14 11:00:00,694.53,915.8,34.28,51.14,2.16
2023-05-14 12:00:00,712.12,920.55,34.57,49.88,1.77
2023-05-14 13:00:00,761.72,841.15,34.36,50.2,1.47
2023-05-14 14:00:00,587.53,693.65,34.01,51.05,1.33
2023-05-14 15:00:00,428.58,495.67,33.61,52.22,1.26
2023-05-14 16:00:00,232.23,270.9,32.97,56.04,1.07
2023-05-14 17:00:00,71.72,78.75,32.01,63.44,0.93
2023-05-14 18:00:00,0.0,0.0,30.42,76.15,0.68
2023-05-14 19:00:00,0.0,0.0,29.78,76.22,0.86
2023-05-14 20:00:00,0.0,0.0,29.31,76.48,1.02
2023-05-14 21:00:00,0.0,0.0,28.97,77.13,1.16
2023-05-14 22:00:00,0.0,0.0,28.65,77.83,1.3
2023-05-14 23:00:00,0.0,0.0,28.29,78.92,1.48
2023-05-15 00:00:00,0.0,0.0,27.9,80.5,1.68
2023-05-15 01:00:00,0.0,0.0,27.48,82.61,1.94
2023-05-15 02:00:00,0.0,0.0,27.04,85.73,1.93
2023-05-15 03:00:00,0.0,0.0,26.67,88.88,1.65
2023-05-15 04:00:00,0.0,0.0,26.41,91.48,1.55
2023-05-15 05:00:00,0.0,0.0,26.2,93.39,1.59
2023-05-15 06:00:00,30.73,87.28,26.32,92.91,1.94
2023-05-15 07:00:00,94.38,279.92,26.76,90.88,2.46
2023-05-15 08:00:00,178.55,501.58,27.5,85.98,3.03
2023-05-15 09:00:00,137.4,698.0,28.09,80.88,3.53
2023-05-15 10:00:00,157.2,841.75,28.76,75.32,3.69
2023-05-15 11:00:00,231.12,914.72,29.62,69.56,3.38
2023-05-15 12:00:00,350.88,910.58,30.81,63.29,2.84
2023-05-15 13:00:00,280.7,831.9,31.69,58.66,2.15
2023-05-15 14:00:00,376.08,698.65,32.06,56.29,1.56
2023-05-15 15:00:00,304.65,503.65,31.97,56.37,1.18
2023-05-15 16:00:00,166.77,286.1,31.58,60.05,0.84
2023-05-15 17:00:00,52.6,82.15,30.49,67.06,0.85
2023-05-15 18:00:00,0.0,0.0,28.44,82.61,0.77
2023-05-15 19:00:00,0.0,0.0,27.59,83.48,1.1
2023-05-15 20:00:00,0.0,0.0,27.05,85.02,1.48
2023-05-15 21:00:00,0.0,0.0,26.65,87.8,1.86
2023-05-15 22:00:00,0.0,0.0,26.33,90.3,2.02
2023-05-15 23:00:00,0.0,0.0,26.09,91.67,2.14
2023-05-16 00:00:00,0.0,0.0,25.89,92.62,2.26
2023-05-16 01:00:00,0.0,0.0,25.63,93.88,2.29
2023-05-16 02:00:00,0.0,0.0,25.4,94.89,2.28
2023-05-16 03:00:00,0.0,0.0,25.23,95.48,2.13
2023-05-16 04:00:00,0.0,0.0,25.1,95.77,2.01
2023-05-16 05:00:00,0.0,0.0,25.01,95.89,1.99
2023-05-16 06:00:00,80.7,85.95,25.46,93.82,2.56
2023-05-16 07:00:00,251.77,267.3,26.55,89.01,3.04
2023-05-16 08:00:00,481.17,482.65,28.57,78.05,3.69
2023-05-16 09:00:00,680.62,683.9,30.6,66.7,3.73
2023-05-16 10:00:00,821.4,825.08,32.01,60.13,3.43
2023-05-16 11:00:00,897.47,900.83,32.95,56.25,3.15
2023-05-16 12:00:00,932.25,934.5,33.45,54.19,2.85
2023-05-16 13:00:00,859.12,859.78,33.41,53.98,2.58
2023-05-16 14:00:00,716.6,716.97,33.12,54.86,2.36
2023-05-16 15:00:00,517.92,520.1,32.72,56.52,2.21
2023-05-16 16:00:00,267.52,294.67,31.94,60.44,2.03
2023-05-16 17:00:00,74.95,88.6,30.61,69.87,1.51
2023-05-16 18:00:00,0.0,0.0,28.82,81.93,1.13
2023-05-16 19:00:00,0.0,0.0,28.14,83.13,1.28
2023-05-16 20:00:00,0.0,0.0,27.72,83.7,1.38
2023-05-16 21:00:00,0.0,0.0,27.38,84.32,1.42
2023-05-16 22:00:00,0.0,0.0,27.16,84.52,1.5
2023-05-16 23:00:00,0.0,0.0,26.97,84.6,1.69
2023-05-17 00:00:00,0.0,0.0,26.75,84.99,1.99
2023-05-17 01:00:00,0.0,0.0,26.43,86.41,2.3
2023-05-17 02:00:00,0.0,0.0,26.0,88.91,2.38
2023-05-17 03:00:00,0.0,0.0,25.59,91.46,2.3
2023-05-17 04:00:00,0.0,0.0,25.28,93.38,2.11
2023-05-17 05:00:00,0.0,0.0,24.98,95.11,1.77
2023-05-17 06:00:00,87.32,91.3,25.65,92.01,2.32
2023-05-17 07:00:00,273.45,284.62,27.25,82.87,2.58
2023-05-17 08:00:00,494.12,506.62,29.03,72.72,2.98
2023-05-17 09:00:00,691.42,700.83,30.5,65.97,3.01
2023-05-17 10:00:00,836.45,840.88,31.62,61.25,2.94
2023-05-17 11:00:00,916.38,916.62,32.36,58.27,2.85
2023-05-17 12:00:00,770.12,923.62,32.58,57.04,2.74
2023-05-17 13:00:00,843.72,850.08,32.41,57.13,2.62
2023-05-17 14:00:00,699.25,709.15,32.02,58.41,2.57
2023-05-17 15:00:00,501.2,514.8,31.55,60.53,2.55
2023-05-17 16:00:00,265.33,291.23,30.74,65.6,2.21
2023-05-17 17:00:00,75.25,87.97,29.49,75.02,1.49
2023-05-17 18:00:00,0.0,0.0,28.19,81.72,1.21
2023-05-17 19:00:00,0.0,0.0,27.77,82.92,1.28
2023-05-17 20:00:00,0.0,0.0,27.44,84.17,1.26
2023-05-17 21:00:00,0.0,0.0,27.18,85.03,1.22
2023-05-17 22:00:00,0.0,0.0,27.0,85.38,1.24
2023-05-17 23:00:00,0.0,0.0,26.85,85.19,1.44
2023-05-18 00:00:00,0.0,0.0,26.73,84.85,1.88
2023-05-18 01:00:00,0.0,0.0,26.59,85.19,2.39
2023-05-18 02:00:00,0.0,0.0,26.34,86.73,2.65
2023-05-18 03:00:00,0.0,0.0,26.02,88.89,2.77
2023-05-18 04:00:00,0.0,0.0,25.72,91.08,2.77
2023-05-18 05:00:00,0.0,0.0,25.5,92.7,2.71
2023-05-18 06:00:00,49.05,94.7,25.7,92.27,2.93
2023-05-18 07:00:00,133.27,296.73,26.57,88.34,3.4
2023-05-18 08:00:00,254.12,519.12,27.76,81.64,4.09
2023-05-18 09:00:00,109.07,711.03,29.09,74.65,4.24
2023-05-18 10:00:00,57.55,849.05,30.36,69.09,4.09
2023-05-18 11:00:00,78.6,921.95,31.4,64.9,3.83
2023-05-18 12:00:00,154.27,923.6,32.06,62.07,3.5
2023-05-18 13:00:00,249.77,852.83,32.14,61.66,3.15
2023-05-18 14:00:00,172.27,716.12,31.7,63.15,2.7
2023-05-18 15:00:00,156.35,526.38,31.09,65.61,2.29
2023-05-18 16:00:00,101.7,304.5,30.42,69.43,1.82
2023-05-18 17:00:00,28.88,94.32,29.52,75.83,1.28
2023-05-18 18:00:00,0.0,0.0,28.11,87.46,0.76
2023-05-18 19:00:00,0.0,0.0,27.59,88.5,0.78
2023-05-18 20:00:00,0.0,0.0,27.29,88.87,0.8
2023-05-18 21:00:00,0.0,0.0,27.03,89.29,0.8
2023-05-18 22:00:00,0.0,0.0,26.82,89.78,0.8
2023-05-18 23:00:00,0.0,0.0,26.6,90.06,0.82
2023-05-19 00:00:00,0.0,0.0,26.32,90.31,0.89
2023-05-19 01:00:00,0.0,0.0,25.99,90.87,0.96
2023-05-19 02:00:00,0.0,0.0,25.71,91.4,1.03
2023-05-19 03:00:00,0.0,0.0,25.46,92.08,1.11
2023-05-19 04:00:00,0.0,0.0,25.26,92.72,1.19
2023-05-19 05:00:00,0.0,0.0,25.12,93.29,1.26
2023-05-19 06:00:00,99.68,101.65,25.57,91.0,2.01
2023-05-19 07:00:00,300.02,307.35,27.0,84.6,2.24
2023-05-19 08:00:00,525.5,531.3,29.62,70.38,2.69
2023-05-19 09:00:00,721.8,722.3,31.31,63.42,2.49
2023-05-19 10:00:00,860.85,861.35,32.52,58.92,2.2
2023-05-19 11:00:00,933.33,933.5,33.35,56.3,1.95
2023-05-19 12:00:00,924.6,927.47,33.83,54.91,1.77
2023-05-19 13:00:00,741.28,855.0,33.93,54.66,1.67
2023-05-19 14:00:00,713.25,714.55,33.49,55.96,1.67
2023-05-19 15:00:00,510.65,519.35,32.76,58.78,1.76
2023-05-19 16:00:00,291.1,294.88,31.83,64.99,1.66
2023-05-19 17:00:00,87.55,90.03,30.55,72.85,1.6
2023-05-19 18:00:00,0.0,0.0,28.67,83.69,1.35
2023-05-19 19:00:00,0.0,0.0,27.99,83.87,1.85
2023-05-19 20:00:00,0.0,0.0,27.56,84.33,2.31
2023-05-19 21:00:00,0.0,0.0,27.18,85.66,2.55
2023-05-19 22:00:00,0.0,0.0,26.81,87.33,2.67
2023-05-19 23:00:00,0.0,0.0,26.48,89.05,2.68
2023-05-20 00:00:00,0.0,0.0,26.17,90.77,2.58
2023-05-20 01:00:00,0.0,0.0,25.87,92.42,2.41
2023-05-20 02:00:00,0.0,0.0,25.65,93.63,2.15
2023-05-20 03:00:00,0.0,0.0,25.51,94.3,1.86
2023-05-20 04:00:00,0.0,0.0,25.37,94.82,1.49
2023-05-20 05:00:00,0.0,0.0,25.24,95.36,1.24
2023-05-20 06:00:00,87.38,90.45,25.72,92.81,1.79
2023-05-20 07:00:00,269.62,278.9,26.82,87.02,2.12
2023-05-20 08:00:00,498.02,501.67,28.46,77.41,2.49
2023-05-20 09:00:00,685.38,702.25,29.91,69.54,2.34
2023-05-20 10:00:00,758.1,842.1,31.02,64.66,2.04
2023-05-20 11:00:00,814.95,909.9,31.65,62.27,1.98
2023-05-20 12:00:00,841.12,900.45,31.95,61.15,2.21
2023-05-20 13:00:00,644.58,818.45,31.93,61.25,2.49
2023-05-20 14:00:00,582.15,672.45,31.51,62.93,2.63
2023-05-20 15:00:00,406.15,477.45,30.83,66.43,2.43
2023-05-20 16:00:00,219.3,261.27,30.06,72.6,1.75
2023-05-20 17:00:00,69.45,79.05,29.14,79.82,1.25
2023-05-20 18:00:00,0.0,0.0,28.03,88.87,0.69
2023-05-20 19:00:00,0.0,0.0,27.64,90.19,0.62
2023-05-20 20:00:00,0.0,0.0,27.34,91.03,0.64
2023-05-20 21:00:00,0.0,0.0,26.94,92.13,0.86
2023-05-20 22:00:00,0.0,0.0,26.5,92.79,1.22
2023-05-20 23:00:00,0.0,0.0,26.16,93.03,1.72
2023-05-21 00:00:00,0.0,0.0,25.9,93.38,2.21
2023-05-21 01:00:00,0.0,0.0,25.68,94.07,2.53
2023-05-21 02:00:00,0.0,0.0,25.46,95.07,2.62
2023-05-21 03:00:00,0.0,0.0,25.28,95.8,2.49
2023-05-21 04:00:00,0.0,0.0,25.17,95.97,2.35
2023-05-21 05:00:00,0.0,0.0,25.05,96.01,2.24
2023-05-21 06:00:00,80.0,88.68,25.31,94.73,2.55
2023-05-21 07:00:00,243.35,275.6,26.11,90.59,2.9
2023-05-21 08:00:00,451.6,495.48,27.33,82.08,3.46
2023-05-21 09:00:00,597.15,689.17,28.57,74.19,3.68
2023-05-21 10:00:00,763.65,833.97,29.65,69.38,3.66
2023-05-21 11:00:00,845.72,912.35,30.5,66.27,3.53
2023-05-21 12:00:00,768.78,902.4,31.09,64.07,3.35
2023-05-21 13:00:00,640.97,831.12,31.33,63.03,3.17
2023-05-21 14:00:00,420.7,691.85,31.2,63.46,2.89
2023-05-21 15:00:00,242.95,499.9,30.77,65.96,2.52
2023-05-21 16:00:00,136.05,280.3,30.03,71.96,1.84
2023-05-21 17:00:00,43.47,84.57,28.88,81.07,1.25
2023-05-21 18:00:00,0.0,0.0,27.64,86.21,0.97
2023-05-21 19:00:00,0.0,0.0,27.24,86.93,0.98
2023-05-21 20:00:00,0.0,0.0,26.91,87.59,1.0
2023-05-21 21:00:00,0.0,0.0,26.58,88.4,1.03
2023-05-21 22:00:00,0.0,0.0,26.23,89.47,1.06
2023-05-21 23:00:00,0.0,0.0,25.89,90.46,1.17
2023-05-22 00:00:00,0.0,0.0,25.6,91.39,1.3
2023-05-22 01:00:00,0.0,0.0,25.33,92.56,1.39
2023-05-22 02:00:00,0.0,0.0,25.12,93.69,1.45
2023-05-22 03:00:00,0.0,0.0,24.94,94.77,1.56
2023-05-22 04:00:00,0.0,0.0,24.79,95.74,1.63
2023-05-22 05:00:00,0.0,0.0,24.67,96.47,1.4
2023-05-22 06:00:00,74.1,94.97,25.22,94.24,1.79
2023-05-22 07:00:00,225.2,292.52,26.43,88.65,2.07
2023-05-22 08:00:00,428.02,514.55,28.34,78.63,2.25
2023-05-22 09:00:00,631.3,706.15,30.14,69.78,2.07
2023-05-22 10:00:00,731.62,843.72,31.42,64.44,1.81
2023-05-22 11:00:00,652.38,917.1,32.25,60.93,1.7
2023-05-22 12:00:00,772.9,929.65,32.68,58.91,1.71
2023-05-22 13:00:00,694.92,856.3,32.62,58.71,1.78
2023-05-22 14:00:00,596.67,715.45,32.27,59.79,1.83
2023-05-22 15:00:00,408.95,521.35,31.87,61.36,1.86
2023-05-22 16:00:00,232.38,297.1,31.21,64.93,1.81
2023-05-22 17:00:00,79.05,91.9,29.97,73.02,1.45
2023-05-22 18:00:00,0.0,0.0,28.35,82.94,1.02
2023-05-22 19:00:00,0.0,0.0,27.8,83.74,1.1
2023-05-22 20:00:00,0.0,0.0,27.43,84.53,1.1
2023-05-22 21:00:00,0.0,0.0,27.14,85.29,1.03
2023-05-22 22:00:00,0.0,0.0,26.89,85.94,0.96
2023-05-22 23:00:00,0.0,0.0,26.65,86.36,0.92
2023-05-23 00:00:00,0.0,0.0,26.41,86.71,0.93
2023-05-23 01:00:00,0.0,0.0,26.15,87.12,1.0
2023-05-23 02:00:00,0.0,0.0,25.95,87.22,1.15
2023-05-23 03:00:00,0.0,0.0,25.65,87.83,1.4
2023-05-23 04:00:00,0.0,0.0,25.29,88.97,1.65
2023-05-23 05:00:00,0.0,0.0,24.96,90.77,1.68
2023-05-23 06:00:00,88.75,103.7,25.4,89.53,2.3
2023-05-23 07:00:00,253.5,312.58,26.82,83.52,2.6
2023-05-23 08:00:00,440.75,534.5,29.03,72.83,3.0
2023-05-23 09:00:00,602.8,723.47,30.73,65.92,2.7
2023-05-23 10:00:00,681.38,859.08,31.58,63.13,2.34
2023-05-23 11:00:00,791.6,929.3,31.96,61.94,2.19
2023-05-23 12:00:00,704.88,921.12,32.26,60.92,2.19
2023-05-23 13:00:00,770.28,851.08,32.04,61.47,2.22
2023-05-23 14:00:00,667.3,714.25,31.73,62.3,2.29
2023-05-23 15:00:00,467.15,524.72,31.16,64.25,2.29
2023-05-23 16:00:00,258.3,303.52,30.44,68.86,2.03
2023-05-23 17:00:00,79.4,96.3,29.33,76.84,1.51
2023-05-23 18:00:00,0.0,0.0,28.09,82.16,1.24
2023-05-23 19:00:00,0.0,0.0,27.64,83.51,1.24
2023-05-23 20:00:00,0.0,0.0,27.29,84.85,1.18
2023-05-23 21:00:00,0.0,0.0,26.99,86.35,1.06
2023-05-23 22:00:00,0.0,0.0,26.79,87.5,0.96
2023-05-23 23:00:00,0.0,0.0,26.59,88.4,0.92
2023-05-24 00:00:00,0.0,0.0,26.42,89.0,0.98
2023-05-24 01:00:00,0.0,0.0,26.23,89.7,1.06
2023-05-24 02:00:00,0.0,0.0,26.07,90.42,1.12
2023-05-24 03:00:00,0.0,0.0,25.94,91.11,1.19
2023-05-24 04:00:00,0.0,0.0,25.78,91.96,1.41
2023-05-24 05:00:00,0.0,0.0,25.6,92.82,1.78
2023-05-24 06:00:00,101.28,103.15,25.72,92.94,2.29
2023-05-24 07:00:00,306.02,308.8,26.25,91.77,2.18
2023-05-24 08:00:00,530.28,530.58,27.05,87.93,2.06
2023-05-24 09:00:00,720.15,720.42,27.7,84.3,1.98
2023-05-24 10:00:00,852.28,856.42,27.98,81.13,1.92
2023-05-24 11:00:00,925.42,928.0,28.08,79.46,2.17
2023-05-24 12:00:00,917.05,924.53,28.08,78.85,2.28
2023-05-24 13:00:00,828.85,849.17,27.93,79.24,2.09
2023-05-24 14:00:00,693.7,711.55,27.78,79.42,2.01
2023-05-24 15:00:00,482.25,518.1,27.8,79.31,2.06
2023-05-24 16:00:00,249.77,293.45,27.64,80.48,1.7
2023-05-24 17:00:00,78.95,90.32,27.04,86.13,0.87
2023-05-24 18:00:00,0.0,0.0,26.31,91.59,0.49
2023-05-24 19:00:00,0.0,0.0,26.16,90.82,0.49
2023-05-24 20:00:00,0.0,0.0,26.06,90.09,0.51
2023-05-24 21:00:00,0.0,0.0,26.0,88.83,0.49
2023-05-24 22:00:00,0.0,0.0,25.91,88.01,0.39
2023-05-24 23:00:00,0.0,0.0,25.9,87.34,0.31
2023-05-25 00:00:00,0.0,0.0,25.78,87.54,0.27
2023-05-25 01:00:00,0.0,0.0,25.35,89.42,0.39
2023-05-25 02:00:00,0.0,0.0,24.8,92.21,0.58
2023-05-25 03:00:00,0.0,0.0,24.27,94.7,0.65
2023-05-25 04:00:00,0.0,0.0,23.91,96.14,0.71
2023-05-25 05:00:00,0.0,0.0,23.67,97.36,0.82
2023-05-25 06:00:00,77.05,90.32,24.83,92.3,1.85
2023-05-25 07:00:00,235.48,279.98,26.91,83.24,2.15
2023-05-25 08:00:00,427.42,498.0,29.54,71.35,2.49
2023-05-25 09:00:00,657.17,686.08,31.06,65.58,2.32
2023-05-25 10:00:00,807.25,825.05,31.82,62.99,1.9
2023-05-25 11:00:00,877.67,897.92,32.39,61.01,1.47
2023-05-25 12:00:00,806.55,883.12,32.7,59.45,1.15
2023-05-25 13:00:00,652.58,812.58,32.78,58.39,0.98
2023-05-25 14:00:00,500.77,675.45,32.49,58.44,0.84
2023-05-25 15:00:00,340.92,486.52,32.14,59.35,0.86
2023-05-25 16:00:00,196.38,272.4,31.6,62.36,0.97
2023-05-25 17:00:00,71.18,84.62,30.84,67.55,0.95
2023-05-25 18:00:00,0.0,0.0,29.13,79.83,0.64
2023-05-25 19:00:00,0.0,0.0,28.41,81.26,0.72
2023-05-25 20:00:00,0.0,0.0,27.98,82.3,0.74
2023-05-25 21:00:00,0.0,0.0,27.65,83.13,0.73
2023-05-25 22:00:00,0.0,0.0,27.29,84.13,0.73
2023-05-25 23:00:00,0.0,0.0,26.87,85.45,0.79
2023-05-26 00:00:00,0.0,0.0,26.44,86.77,0.92
2023-05-26 01:00:00,0.0,0.0,26.08,87.7,1.07
2023-05-26 02:00:00,0.0,0.0,25.8,88.47,1.22
2023-05-26 03:00:00,0.0,0.0,25.57,89.29,1.32
2023-05-26 04:00:00,0.0,0.0,25.32,90.39,1.35
2023-05-26 05:00:00,0.0,0.0,25.06,91.78,1.35
2023-05-26 06:00:00,88.75,92.55,25.79,89.14,2.17
2023-05-26 07:00:00,275.23,283.73,27.36,82.9,2.53
2023-05-26 08:00:00,501.85,504.1,29.76,71.41,2.88
2023-05-26 09:00:00,691.95,695.65,31.44,64.44,2.74
2023-05-26 10:00:00,828.35,834.38,32.64,60.45,2.43
2023-05-26 11:00:00,901.67,910.3,33.27,58.32,2.11
2023-05-26 12:00:00,921.2,929.55,33.7,57.01,1.92
2023-05-26 13:00:00,687.78,853.25,33.67,56.95,1.9
2023-05-26 14:00:00,694.78,709.5,33.33,57.92,1.93
2023-05-26 15:00:00,493.3,513.6,32.73,59.91,1.95
2023-05-26 16:00:00,264.58,289.35,31.86,64.6,1.82
2023-05-26 17:00:00,80.68,90.6,30.55,72.91,1.48
2023-05-26 18:00:00,0.0,0.0,29.04,79.22,1.35
2023-05-26 19:00:00,0.0,0.0,28.55,79.73,1.69
2023-05-26 20:00:00,0.0,0.0,28.17,80.67,1.86
2023-05-26 21:00:00,0.0,0.0,27.85,81.82,2.0
2023-05-26 22:00:00,0.0,0.0,27.57,83.07,2.05
2023-05-26 23:00:00,0.0,0.0,27.29,84.3,2.13
2023-05-27 00:00:00,0.0,0.0,26.96,85.81,2.15
2023-05-27 01:00:00,0.0,0.0,26.68,87.14,2.19
2023-05-27 02:00:00,0.0,0.0,26.41,88.54,2.14
2023-05-27 03:00:00,0.0,0.0,26.21,89.8,2.05
2023-05-27 04:00:00,0.0,0.0,26.04,90.89,1.93
2023-05-27 05:00:00,0.0,0.0,25.92,91.7,1.94
2023-05-27 06:00:00,78.57,91.8,26.13,90.88,2.36
2023-05-27 07:00:00,234.3,287.38,26.68,88.61,2.65
2023-05-27 08:00:00,421.23,507.75,27.57,84.14,3.36
2023-05-27 09:00:00,569.85,699.8,28.72,78.12,3.65
2023-05-27 10:00:00,722.72,841.72,30.1,71.47,3.54
2023-05-27 11:00:00,734.97,916.6,31.36,66.01,3.28
2023-05-27 12:00:00,769.78,916.15,32.17,62.37,2.97
2023-05-27 13:00:00,672.38,841.7,32.26,61.37,2.65
2023-05-27 14:00:00,514.65,700.62,31.96,62.07,2.39
2023-05-27 15:00:00,166.62,509.8,31.52,63.72,2.33
2023-05-27 16:00:00,94.03,290.83,30.85,67.05,2.3
2023-05-27 17:00:00,33.25,92.3,29.76,74.43,1.77
2023-05-27 18:00:00,0.0,0.0,28.22,81.9,1.31
2023-05-27 19:00:00,0.0,0.0,27.64,83.78,1.33
2023-05-27 20:00:00,0.0,0.0,27.25,84.74,1.4
2023-05-27 21:00:00,0.0,0.0,26.95,85.23,1.55
2023-05-27 22:00:00,0.0,0.0,26.69,85.65,1.8
2023-05-27 23:00:00,0.0,0.0,26.45,86.56,2.2
2023-05-28 00:00:00,0.0,0.0,26.15,88.38,2.61
2023-05-28 01:00:00,0.0,0.0,25.79,90.97,2.8
2023-05-28 02:00:00,0.0,0.0,25.47,93.35,2.83
2023-05-28 03:00:00,0.0,0.0,25.23,94.72,2.72
2023-05-28 04:00:00,0.0,0.0,25.04,95.36,2.46
2023-05-28 05:00:00,0.0,0.0,24.81,96.06,2.1
2023-05-28 06:00:00,81.43,90.97,25.6,91.9,2.62
2023-05-28 07:00:00,237.27,277.17,27.43,82.32,3.3
2023-05-28 08:00:00,418.77,496.2,29.41,72.67,3.23
2023-05-28 09:00:00,568.35,688.88,30.98,66.16,2.86
2023-05-28 10:00:00,741.03,829.58,32.32,61.13,2.54
2023-05-28 11:00:00,853.3,904.83,33.3,57.45,2.24
2023-05-28 12:00:00,866.83,918.83,34.02,54.82,2.02
2023-05-28 13:00:00,821.35,849.67,34.3,53.45,1.97
2023-05-28 14:00:00,671.7,714.8,34.35,52.83,2.07
2023-05-28 15:00:00,493.62,526.03,33.98,53.53,2.29
2023-05-28 16:00:00,290.58,303.8,33.07,56.19,2.49
2023-05-28 17:00:00,97.68,99.57,31.59,64.08,2.07
2023-05-28 18:00:00,0.0,0.0,29.55,73.32,1.63
2023-05-28 19:00:00,0.0,0.0,28.85,74.76,1.83
2023-05-28 20:00:00,0.0,0.0,28.44,75.61,1.88
2023-05-28 21:00:00,0.0,0.0,28.07,76.52,1.93
2023-05-28 22:00:00,0.0,0.0,27.7,77.77,2.12
2023-05-28 23:00:00,0.0,0.0,27.27,80.08,2.44
2023-05-29 00:00:00,0.0,0.0,26.85,83.08,2.76
2023-05-29 01:00:00,0.0,0.0,26.38,86.77,2.84
2023-05-29 02:00:00,0.0,0.0,25.95,89.85,2.77
2023-05-29 03:00:00,0.0,0.0,25.62,91.87,2.62
2023-05-29 04:00:00,0.0,0.0,25.38,93.02,2.47
2023-05-29 05:00:00,0.0,0.0,25.19,93.69,2.41
2023-05-29 06:00:00,77.57,97.12,25.66,90.89,2.97
2023-05-29 07:00:00,229.73,291.05,27.29,81.46,3.96
2023-05-29 08:00:00,434.0,510.6,29.52,69.63,4.52
2023-05-29 09:00:00,544.08,701.55,31.43,61.04,4.48
2023-05-29 10:00:00,664.0,839.88,32.59,56.83,4.12
2023-05-29 11:00:00,708.2,911.03,33.04,55.07,3.65
2023-05-29 12:00:00,692.05,911.65,33.4,53.72,3.27
2023-05-29 13:00:00,607.9,836.92,33.6,52.93,2.93
2023-05-29 14:00:00,539.6,693.9,33.88,51.96,2.71
2023-05-29 15:00:00,360.08,498.7,34.05,51.18,2.6
2023-05-29 16:00:00,195.23,278.58,33.4,52.99,2.38
2023-05-29 17:00:00,65.7,86.95,31.82,62.97,1.54
2023-05-29 18:00:00,0.0,0.0,29.79,72.72,1.21
2023-05-29 19:00:00,0.0,0.0,29.15,73.03,1.63
2023-05-29 20:00:00,0.0,0.0,28.7,74.22,2.18
2023-05-29 21:00:00,0.0,0.0,28.1,77.18,2.67
2023-05-29 22:00:00,0.0,0.0,27.43,80.95,2.85
2023-05-29 23:00:00,0.0,0.0,26.88,84.12,2.9
2023-05-30 00:00:00,0.0,0.0,26.39,86.86,2.89
2023-05-30 01:00:00,0.0,0.0,25.98,88.99,2.9
2023-05-30 02:00:00,0.0,0.0,25.6,90.95,2.92
2023-05-30 03:00:00,0.0,0.0,25.3,92.41,2.92
2023-05-30 04:00:00,0.0,0.0,25.05,93.54,2.91
2023-05-30 05:00:00,0.0,0.0,24.85,94.26,2.83
2023-05-30 06:00:00,85.8,88.93,25.55,90.55,3.33
2023-05-30 07:00:00,257.33,270.98,27.73,78.68,3.8
2023-05-30 08:00:00,474.67,488.33,30.03,67.61,3.97
2023-05-30 09:00:00,644.83,682.03,31.73,60.9,3.67
2023-05-30 10:00:00,678.67,821.78,33.07,56.46,3.21
2023-05-30 11:00:00,746.08,897.5,33.8,54.08,2.75
2023-05-30 12:00:00,777.72,917.88,34.06,52.97,2.33
2023-05-30 13:00:00,624.12,845.22,33.94,52.81,2.12
2023-05-30 14:00:00,654.22,705.97,33.58,53.27,2.09
2023-05-30 15:00:00,480.3,514.78,33.0,54.89,2.17
2023-05-30 16:00:00,269.48,294.45,32.25,58.03,2.26
2023-05-30 17:00:00,89.6,95.85,30.89,66.34,1.85
2023-05-30 18:00:00,0.0,0.0,29.15,74.39,1.73
2023-05-30 19:00:00,0.0,0.0,28.5,76.5,2.27
2023-05-30 20:00:00,0.0,0.0,27.93,79.09,2.51
2023-05-30 21:00:00,0.0,0.0,27.44,81.43,2.51
2023-05-30 22:00:00,0.0,0.0,27.03,83.24,2.44
2023-05-30 23:00:00,0.0,0.0,26.66,84.78,2.42
2023-05-31 00:00:00,0.0,0.0,26.27,86.61,2.41
2023-05-31 01:00:00,0.0,0.0,25.86,88.87,2.41
2023-05-31 02:00:00,0.0,0.0,25.49,91.15,2.48
2023-05-31 03:00:00,0.0,0.0,25.2,93.02,2.54
2023-05-31 04:00:00,0.0,0.0,24.92,94.79,2.52
2023-05-31 05:00:00,0.0,0.0,24.72,96.0,2.48
2023-05-31 06:00:00,92.68,97.95,25.16,94.92,2.97
2023-05-31 07:00:00,276.48,294.92,26.22,91.47,3.62
2023-05-31 08:00:00,499.3,517.45,27.45,86.47,4.17
2023-05-31 09:00:00,705.95,711.58,28.79,80.03,4.3
2023-05-31 10:00:00,845.97,848.5,30.04,74.19,4.07
2023-05-31 11:00:00,918.75,919.08,30.91,70.66,3.65
2023-05-31 12:00:00,916.58,920.42,31.24,69.09,3.21
2023-05-31 13:00:00,752.53,844.6,31.33,68.48,2.78
2023-05-31 14:00:00,584.97,703.35,30.99,69.75,2.29
2023-05-31 15:00:00,324.0,509.95,30.31,75.02,1.51
2023-05-31 16:00:00,185.6,289.0,29.84,77.49,1.29
2023-05-31 17:00:00,70.7,93.5,29.06,82.9,1.02
2023-05-31 18:00:00,0.0,0.0,28.03,89.55,0.78
2023-05-31 19:00:00,0.0,0.0,27.52,89.5,0.98
2023-05-31 20:00:00,0.0,0.0,27.15,89.33,1.14
2023-05-31 21:00:00,0.0,0.0,26.84,89.46,1.23
2023-05-31 22:00:00,0.0,0.0,26.58,89.74,1.28
2023-05-31 23:00:00,0.0,0.0,26.33,90.05,1.33
2023-06-01 00:00:00,0.0,0.0,26.02,90.78,1.38
2023-06-01 01:00:00,0.0,0.0,25.7,91.65,1.47
2023-06-01 02:00:00,0.0,0.0,25.48,92.56,1.58
2023-06-01 03:00:00,0.0,0.0,25.27,93.76,1.67
2023-06-01 04:00:00,0.0,0.0,25.07,95.04,1.69
2023-06-01 05:00:00,0.0,0.0,24.91,96.15,1.74
2023-06-01 06:00:00,18.62,96.95,25.36,94.78,2.34
2023-06-01 07:00:00,37.5,295.4,26.32,91.69,2.69
2023-06-01 08:00:00,54.95,513.8,27.74,84.69,3.58
2023-06-01 09:00:00,301.1,702.8,29.01,78.02,3.94
2023-06-01 10:00:00,525.7,839.65,29.84,74.23,3.93
2023-06-01 11:00:00,639.88,910.95,30.36,72.08,3.83
2023-06-01 12:00:00,789.83,931.15,30.68,70.7,3.59
2023-06-01 13:00:00,851.38,861.83,30.77,70.15,3.35
2023-06-01 14:00:00,720.95,727.28,30.68,70.41,3.15
2023-06-01 15:00:00,482.65,539.5,30.35,71.9,2.91
2023-06-01 16:00:00,287.3,318.92,29.68,76.38,2.52
2023-06-01 17:00:00,102.18,109.75,28.39,85.66,1.62
2023-06-01 18:00:00,0.0,0.0,27.29,90.39,1.44
2023-06-01 19:00:00,0.0,0.0,26.93,91.22,1.58
2023-06-01 20:00:00,0.0,0.0,26.69,91.82,1.72
2023-06-01 21:00:00,0.0,0.0,26.48,92.34,1.83
2023-06-01 22:00:00,0.0,0.0,26.26,92.94,1.98
2023-06-01 23:00:00,0.0,0.0,26.01,93.75,2.04
2023-06-02 00:00:00,0.0,0.0,25.77,94.52,2.02
2023-06-02 01:00:00,0.0,0.0,25.52,95.37,1.83
2023-06-02 02:00:00,0.0,0.0,25.31,95.9,1.66
2023-06-02 03:00:00,0.0,0.0,25.22,95.55,2.0
2023-06-02 04:00:00,0.0,0.0,25.11,95.27,2.74
2023-06-02 05:00:00,0.0,0.0,24.9,95.86,3.12
2023-06-02 06:00:00,92.55,94.25,25.03,95.4,3.06
2023-06-02 07:00:00,267.2,281.95,25.77,93.09,2.84
2023-06-02 08:00:00,463.85,496.58,27.02,86.71,3.12
2023-06-02 09:00:00,584.8,684.22,28.18,78.78,3.51
2023-06-02 10:00:00,581.53,819.08,28.96,74.1,3.55
2023-06-02 11:00:00,576.42,890.67,29.43,71.76,3.37
2023-06-02 12:00:00,601.9,890.47,29.68,70.93,3.0
2023-06-02 13:00:00,556.22,822.97,29.65,71.33,2.4
2023-06-02 14:00:00,556.2,683.75,29.21,73.52,1.62
2023-06-02 15:00:00,407.9,498.83,28.69,77.76,1.18
2023-06-02 16:00:00,225.3,286.3,28.15,80.63,1.42
2023-06-02 17:00:00,85.72,97.35,27.28,85.9,1.45
2023-06-02 18:00:00,0.0,0.0,26.24,90.01,1.33
2023-06-02 19:00:00,0.0,0.0,25.88,91.25,1.26
2023-06-02 20:00:00,0.0,0.0,25.74,92.48,1.12
2023-06-02 21:00:00,0.0,0.0,25.56,94.09,0.93
2023-06-02 22:00:00,0.0,0.0,25.3,94.86,1.13
2023-06-02 23:00:00,0.0,0.0,25.11,94.77,1.93
2023-06-03 00:00:00,0.0,0.0,24.93,95.51,2.39
2023-06-03 01:00:00,0.0,0.0,24.8,96.14,2.47
2023-06-03 02:00:00,0.0,0.0,24.75,96.3,2.51
2023-06-03 03:00:00,0.0,0.0,24.71,96.26,2.53
2023-06-03 04:00:00,0.0,0.0,24.65,96.24,2.53
2023-06-03 05:00:00,0.0,0.0,24.54,96.33,2.53
2023-06-03 06:00:00,76.15,96.7,24.71,95.74,2.73
2023-06-03 07:00:00,233.65,295.08,25.28,93.96,3.16
2023-06-03 08:00:00,416.27,513.4,26.05,90.13,3.91
2023-06-03 09:00:00,612.35,697.6,26.96,84.75,4.17
2023-06-03 10:00:00,749.4,834.17,27.88,79.74,4.06
2023-06-03 11:00:00,811.58,905.75,28.59,76.34,3.8
2023-06-03 12:00:00,765.55,883.97,29.0,74.31,3.52
2023-06-03 13:00:00,642.28,815.75,29.4,72.57,3.26
2023-06-03 14:00:00,562.7,687.35,29.42,72.25,2.92
2023-06-03 15:00:00,378.7,498.2,29.22,73.45,2.6
2023-06-03 16:00:00,215.32,286.62,28.85,76.22,2.14
2023-06-03 17:00:00,79.68,97.28,27.97,83.4,1.37
2023-06-03 18:00:00,0.0,0.0,26.63,90.88,0.87
2023-06-03 19:00:00,0.0,0.0,26.24,91.22,0.9
2023-06-03 20:00:00,0.0,0.0,25.97,91.21,0.93
2023-06-03 21:00:00,0.0,0.0,25.68,91.23,0.98
2023-06-03 22:00:00,0.0,0.0,25.38,91.58,1.05
2023-06-03 23:00:00,0.0,0.0,25.08,92.11,1.18
2023-06-04 00:00:00,0.0,0.0,24.75,93.13,1.36
2023-06-04 01:00:00,0.0,0.0,24.49,94.08,1.59
2023-06-04 02:00:00,0.0,0.0,24.27,95.03,1.8
2023-06-04 03:00:00,0.0,0.0,24.05,95.92,1.81
2023-06-04 04:00:00,0.0,0.0,23.84,96.57,1.77
2023-06-04 05:00:00,0.0,0.0,23.76,96.58,1.88
2023-06-04 06:00:00,84.97,101.03,24.4,93.75,2.67
2023-06-04 07:00:00,238.68,301.92,25.66,88.54,3.28
2023-06-04 08:00:00,421.65,520.88,27.42,80.27,3.9
2023-06-04 09:00:00,565.5,709.03,28.99,73.75,3.73
2023-06-04 10:00:00,722.33,844.95,30.25,69.16,3.33
2023-06-04 11:00:00,741.75,915.92,31.26,65.77,2.9
2023-06-04 12:00:00,758.38,922.9,31.75,63.93,2.48
2023-06-04 13:00:00,750.1,850.35,31.89,63.51,2.16
2023-06-04 14:00:00,605.0,712.05,31.78,63.78,1.91
2023-06-04 15:00:00,400.88,521.42,31.23,66.1,1.76
2023-06-04 16:00:00,216.48,300.48,30.48,72.38,1.34
2023-06-04 17:00:00,76.95,101.15,29.33,77.74,1.21
2023-06-04 18:00:00,0.0,0.0,27.95,88.41,0.76
2023-06-04 19:00:00,0.0,0.0,27.42,89.43,0.83
2023-06-04 20:00:00,0.0,0.0,26.97,90.22,0.9
2023-06-04 21:00:00,0.0,0.0,26.56,90.61,0.99
2023-06-04 22:00:00,0.0,0.0,26.2,90.98,1.03
2023-06-04 23:00:00,0.0,0.0,25.89,91.16,1.11
2023-06-05 00:00:00,0.0,0.0,25.61,91.33,1.21
2023-06-05 01:00:00,0.0,0.0,25.35,91.48,1.34
2023-06-05 02:00:00,0.0,0.0,25.1,91.96,1.49
2023-06-05 03:00:00,0.0,0.0,24.85,92.94,1.61
2023-06-05 04:00:00,0.0,0.0,24.62,94.19,1.64
2023-06-05 05:00:00,0.0,0.0,24.38,95.64,1.59
2023-06-05 06:00:00,88.6,99.28,24.8,94.2,2.05
2023-06-05 07:00:00,255.43,298.5,25.83,90.4,2.17
2023-06-05 08:00:00,455.4,517.72,27.39,82.75,2.69
2023-06-05 09:00:00,647.72,706.25,28.58,76.92,2.9
2023-06-05 10:00:00,783.9,842.6,29.38,73.28,2.89
2023-06-05 11:00:00,825.25,911.83,29.87,71.28,2.78
2023-06-05 12:00:00,837.3,899.38,30.14,70.38,2.64
2023-06-05 13:00:00,645.7,826.33,30.15,70.51,2.48
2023-06-05 14:00:00,610.47,688.6,29.97,71.61,2.37
2023-06-05 15:00:00,429.7,500.0,29.62,73.6,2.24
2023-06-05 16:00:00,239.45,284.25,29.02,78.33,1.8
2023-06-05 17:00:00,86.62,96.0,28.03,85.4,1.34
2023-06-05 18:00:00,0.0,0.0,26.78,90.5,1.04
2023-06-05 19:00:00,0.0,0.0,26.36,91.51,1.07
2023-06-05 20:00:00,0.0,0.0,26.06,92.01,1.14
2023-06-05 21:00:00,0.0,0.0,25.85,92.31,1.23
2023-06-05 22:00:00,0.0,0.0,25.68,92.46,1.38
2023-06-05 23:00:00,0.0,0.0,25.52,92.75,1.59
2023-06-06 00:00:00,0.0,0.0,25.37,93.1,1.91
2023-06-06 01:00:00,0.0,0.0,25.23,93.69,2.26
2023-06-06 02:00:00,0.0,0.0,25.07,94.6,2.41
2023-06-06 03:00:00,0.0,0.0,24.87,95.63,2.25
2023-06-06 04:00:00,0.0,0.0,24.65,96.66,1.77
2023-06-06 05:00:00,0.0,0.0,24.51,97.21,1.39
2023-06-06 06:00:00,79.1,95.8,25.0,95.28,1.82
2023-06-06 07:00:00,224.7,294.8,25.63,92.67,2.38
2023-06-06 08:00:00,394.35,512.55,26.49,89.01,3.02
2023-06-06 09:00:00,561.03,701.4,27.38,84.12,3.37
2023-06-06 10:00:00,703.1,837.78,28.19,79.51,3.36
2023-06-06 11:00:00,790.78,909.88,28.79,76.5,3.26
2023-06-06 12:00:00,765.55,901.55,29.25,74.52,3.29
2023-06-06 13:00:00,571.12,834.0,29.54,73.16,3.32
2023-06-06 14:00:00,477.98,698.92,29.52,73.05,3.14
2023-06-06 15:00:00,321.55,509.2,29.29,73.78,2.77
2023-06-06 16:00:00,175.85,288.3,28.88,76.13,2.41
2023-06-06 17:00:00,74.25,97.53,27.91,83.8,1.64
2023-06-06 18:00:00,0.0,0.0,26.57,90.36,1.29
2023-06-06 19:00:00,0.0,0.0,26.1,91.61,1.52
2023-06-06 20:00:00,0.0,0.0,25.86,91.98,1.78
2023-06-06 21:00:00,0.0,0.0,25.62,92.51,1.98
2023-06-06 22:00:00,0.0,0.0,25.37,92.99,2.15
2023-06-06 23:00:00,0.0,0.0,25.06,93.76,2.18
2023-06-07 00:00:00,0.0,0.0,24.7,94.89,2.02
2023-06-07 01:00:00,0.0,0.0,24.34,96.13,1.77
2023-06-07 02:00:00,0.0,0.0,24.07,96.99,1.63
2023-06-07 03:00:00,0.0,0.0,23.98,97.09,1.91
2023-06-07 04:00:00,0.0,0.0,23.95,96.98,2.2
2023-06-07 05:00:00,0.0,0.0,23.91,96.94,2.34
2023-06-07 06:00:00,81.95,87.4,24.65,94.01,3.02
2023-06-07 07:00:00,254.12,267.62,26.14,87.18,4.15
2023-06-07 08:00:00,478.98,481.8,27.78,77.97,4.67
2023-06-07 09:00:00,644.97,674.47,29.24,71.23,4.26
2023-06-07 10:00:00,806.47,816.6,30.47,66.36,3.63
2023-06-07 11:00:00,885.85,891.3,31.44,63.07,3.06
2023-06-07 12:00:00,882.4,922.12,31.95,61.33,2.5
2023-06-07 13:00:00,840.15,851.45,31.94,61.09,1.98
2023-06-07 14:00:00,702.45,714.97,31.41,62.88,1.69
2023-06-07 15:00:00,497.85,527.55,30.82,65.64,1.63
2023-06-07 16:00:00,271.65,308.17,30.05,72.01,1.38
2023-06-07 17:00:00,93.28,106.78,28.95,78.85,1.24
2023-06-07 18:00:00,0.0,0.0,27.64,85.39,1.08
2023-06-07 19:00:00,0.0,0.0,27.11,85.62,1.42
2023-06-07 20:00:00,0.0,0.0,26.76,85.72,1.83
2023-06-07 21:00:00,0.0,0.0,26.48,85.88,2.32
2023-06-07 22:00:00,0.0,0.0,26.2,86.55,2.8
2023-06-07 23:00:00,0.0,0.0,25.87,87.82,3.19
2023-06-08 00:00:00,0.0,0.0,25.54,89.08,3.47
2023-06-08 01:00:00,0.0,0.0,25.18,90.52,3.66
2023-06-08 02:00:00,0.0,0.0,24.85,91.59,3.75
2023-06-08 03:00:00,0.0,0.0,24.47,93.23,3.58
2023-06-08 04:00:00,0.0,0.0,24.12,94.49,3.3
2023-06-08 05:00:00,0.0,0.0,23.89,94.78,3.15
2023-06-08 06:00:00,71.88,90.88,24.35,91.67,3.72
2023-06-08 07:00:00,211.68,283.85,25.8,82.42,4.3
2023-06-08 08:00:00,369.0,501.48,27.69,69.8,4.92
2023-06-08 09:00:00,576.53,692.25,29.46,59.87,5.28
2023-06-08 10:00:00,715.88,831.45,30.84,55.0,5.22
2023-06-08 11:00:00,792.58,904.83,31.89,52.72,4.97
2023-06-08 12:00:00,717.12,923.85,32.5,51.9,4.63
2023-06-08 13:00:00,639.92,851.28,32.67,52.13,4.27
2023-06-08 14:00:00,510.08,714.08,32.29,53.64,3.91
2023-06-08 15:00:00,379.7,521.62,31.75,55.65,3.58
2023-06-08 16:00:00,218.95,303.35,30.94,59.21,3.18
2023-06-08 17:00:00,86.85,105.9,29.52,68.99,2.13
2023-06-08 18:00:00,0.0,0.0,27.56,78.36,1.55
2023-06-08 19:00:00,0.0,0.0,26.91,80.26,1.75
2023-06-08 20:00:00,0.0,0.0,26.48,81.93,1.87
2023-06-08 21:00:00,0.0,0.0,26.1,83.8,1.94
2023-06-08 22:00:00,0.0,0.0,25.72,85.91,2.02
2023-06-08 23:00:00,0.0,0.0,25.38,87.87,2.14
2023-06-09 00:00:00,0.0,0.0,25.01,90.06,2.16
2023-06-09 01:00:00,0.0,0.0,24.66,92.11,2.13
2023-06-09 02:00:00,0.0,0.0,24.32,94.05,2.06
2023-06-09 03:00:00,0.0,0.0,24.06,95.33,1.96
2023-06-09 04:00:00,0.0,0.0,23.83,96.13,1.82
2023-06-09 05:00:00,0.0,0.0,23.66,96.56,1.77
2023-06-09 06:00:00,102.32,102.97,24.58,91.98,2.66
2023-06-09 07:00:00,288.95,291.08,26.6,81.05,3.51
2023-06-09 08:00:00,500.9,504.52,28.65,71.4,3.98
2023-06-09 09:00:00,688.7,693.72,30.12,65.6,3.99
2023-06-09 10:00:00,825.38,831.53,31.17,62.0,3.88
2023-06-09 11:00:00,896.35,903.45,31.88,59.75,3.68
2023-06-09 12:00:00,909.42,913.22,32.18,58.87,3.42
2023-06-09 13:00:00,717.83,841.53,32.19,58.88,3.09
2023-06-09 14:00:00,546.28,707.4,31.96,59.59,2.74
2023-06-09 15:00:00,344.85,522.25,31.57,60.88,2.42
2023-06-09 16:00:00,199.77,306.98,30.72,65.74,1.88
2023-06-09 17:00:00,77.38,101.43,29.66,73.82,1.38
2023-06-09 18:00:00,2.8,3.05,28.01,82.95,0.93
2023-06-09 19:00:00,0.0,0.0,27.46,83.76,0.99
2023-06-09 20:00:00,0.0,0.0,27.09,84.45,1.02
2023-06-09 21:00:00,0.0,0.0,26.76,84.98,1.01
2023-06-09 22:00:00,0.0,0.0,26.43,85.54,1.02
2023-06-09 23:00:00,0.0,0.0,26.15,85.79,1.09
2023-06-10 00:00:00,0.0,0.0,25.86,86.12,1.23
2023-06-10 01:00:00,0.0,0.0,25.56,86.61,1.43
2023-06-10 02:00:00,0.0,0.0,25.26,87.54,1.65
2023-06-10 03:00:00,0.0,0.0,24.91,89.21,1.72
2023-06-10 04:00:00,0.0,0.0,24.59,91.1,1.74
2023-06-10 05:00:00,0.0,0.0,24.28,93.19,1.67
2023-06-10 06:00:00,44.15,98.38,24.93,91.22,2.33
2023-06-10 07:00:00,134.18,301.25,26.55,84.48,2.21
2023-06-10 08:00:00,241.6,521.7,29.01,71.75,2.1
2023-06-10 09:00:00,293.1,711.22,30.63,64.58,1.71
2023-06-10 10:00:00,478.12,848.4,31.8,59.7,1.52
2023-06-10 11:00:00,660.42,919.65,32.69,55.47,1.78
2023-06-10 12:00:00,695.5,903.83,33.09,52.99,2.15
2023-06-10 13:00:00,749.83,833.08,33.08,52.11,2.28
2023-06-10 14:00:00,611.92,690.83,32.79,52.31,2.25
2023-06-10 15:00:00,429.9,501.88,32.27,53.81,2.13
2023-06-10 16:00:00,244.7,287.12,31.29,59.34,1.92
2023-06-10 17:00:00,86.53,92.95,29.71,69.2,1.79
2023-06-10 18:00:00,2.72,2.97,27.87,76.74,1.75
2023-06-10 19:00:00,0.0,0.0,27.2,78.59,2.19
2023-06-10 20:00:00,0.0,0.0,26.74,80.46,2.38
2023-06-10 21:00:00,0.0,0.0,26.36,82.14,2.41
2023-06-10 22:00:00,0.0,0.0,25.98,83.79,2.38
2023-06-10 23:00:00,0.0,0.0,25.66,85.17,2.48
2023-06-11 00:00:00,0.0,0.0,25.39,86.5,2.65
2023-06-11 01:00:00,0.0,0.0,25.11,88.04,2.74
2023-06-11 02:00:00,0.0,0.0,24.86,89.79,2.69
2023-06-11 03:00:00,0.0,0.0,24.65,91.37,2.62
2023-06-11 04:00:00,0.0,0.0,24.47,92.79,2.53
2023-06-11 05:00:00,0.0,0.0,24.29,93.84,2.36
2023-06-11 06:00:00,68.8,97.47,24.64,92.47,2.71
2023-06-11 07:00:00,191.8,299.25,25.85,86.3,3.77
2023-06-11 08:00:00,322.52,520.5,27.46,77.15,4.61
2023-06-11 09:00:00,483.85,711.58,28.92,69.74,4.63
2023-06-11 10:00:00,552.67,851.9,29.98,64.75,4.42
2023-06-11 11:00:00,751.67,923.97,30.56,62.04,4.21
2023-06-11 12:00:00,827.7,924.38,30.76,61.3,4.05
2023-06-11 13:00:00,599.88,854.45,30.59,62.0,3.94
2023-06-11 14:00:00,462.33,723.08,30.26,63.11,3.78
2023-06-11 15:00:00,318.85,533.22,29.83,64.52,3.47
2023-06-11 16:00:00,179.12,315.55,29.23,67.41,2.95
2023-06-11 17:00:00,62.47,105.38,28.13,76.28,1.69
2023-06-11 18:00:00,2.58,3.2,26.65,87.21,0.85
2023-06-11 19:00:00,0.0,0.0,26.12,89.39,0.76
2023-06-11 20:00:00,0.0,0.0,25.78,90.46,0.75
2023-06-11 21:00:00,0.0,0.0,25.46,91.31,0.81
2023-06-11 22:00:00,0.0,0.0,25.16,91.94,0.97
2023-06-11 23:00:00,0.0,0.0,24.84,92.68,1.17
2023-06-12 00:00:00,0.0,0.0,24.5,93.8,1.4
2023-06-12 01:00:00,0.0,0.0,24.26,94.75,1.63
2023-06-12 02:00:00,0.0,0.0,24.04,95.68,1.82
2023-06-12 03:00:00,0.0,0.0,23.88,96.2,1.98
2023-06-12 04:00:00,0.0,0.0,23.74,96.46,2.03
2023-06-12 05:00:00,0.0,0.0,23.69,96.11,2.19
2023-06-12 06:00:00,71.72,102.22,24.12,94.32,2.75
2023-06-12 07:00:00,186.9,308.62,24.95,90.06,3.27
2023-06-12 08:00:00,333.65,529.58,26.07,82.22,3.78
2023-06-12 09:00:00,369.9,716.8,27.38,74.43,3.88
2023-06-12 10:00:00,421.65,854.3,28.55,68.97,3.65
2023-06-12 11:00:00,595.05,925.88,29.4,65.51,3.34
2023-06-12 12:00:00,713.65,941.47,29.93,63.31,3.08
2023-06-12 13:00:00,705.05,873.62,30.14,62.0,2.87
2023-06-12 14:00:00,598.28,742.3,30.07,61.75,2.68
2023-06-12 15:00:00,479.85,558.35,29.78,62.46,2.37
2023-06-12 16:00:00,284.9,340.38,29.24,65.6,1.83
2023-06-12 17:00:00,107.38,119.93,28.29,73.15,1.17
2023-06-12 18:00:00,3.42,3.58,26.93,83.18,0.7
2023-06-12 19:00:00,0.0,0.0,26.43,83.2,0.73
2023-06-12 20:00:00,0.0,0.0,26.08,83.64,0.75
2023-06-12 21:00:00,0.0,0.0,25.73,84.39,0.75
2023-06-12 22:00:00,0.0,0.0,25.4,85.3,0.76
2023-06-12 23:00:00,0.0,0.0,25.09,86.47,0.75
2023-06-13 00:00:00,0.0,0.0,24.76,87.53,0.76
2023-06-13 01:00:00,0.0,0.0,24.44,88.66,0.74
2023-06-13 02:00:00,0.0,0.0,24.15,89.72,0.7
2023-06-13 03:00:00,0.0,0.0,23.87,90.92,0.68
2023-06-13 04:00:00,0.0,0.0,23.66,92.0,0.68
2023-06-13 05:00:00,0.0,0.0,23.55,92.75,0.71
2023-06-13 06:00:00,110.0,111.0,24.22,89.24,1.49
2023-06-13 07:00:00,317.4,319.25,25.45,83.01,1.92
2023-06-13 08:00:00,543.42,544.17,26.91,76.08,2.3
2023-06-13 09:00:00,684.08,730.72,28.01,71.87,2.29
2023-06-13 10:00:00,771.9,866.12,28.8,68.9,2.15
2023-06-13 11:00:00,794.58,937.88,29.4,66.44,2.0
2023-06-13 12:00:00,629.55,934.88,29.84,64.55,1.9
2023-06-13 13:00:00,577.7,866.42,30.14,63.25,1.78
2023-06-13 14:00:00,416.62,735.35,30.21,62.79,1.63
2023-06-13 15:00:00,317.05,549.95,30.0,63.34,1.4
2023-06-13 16:00:00,209.98,329.4,29.66,65.05,1.18
2023-06-13 17:00:00,71.8,113.47,29.01,70.59,0.81
2023-06-13 18:00:00,2.7,3.47,27.65,80.09,0.6
2023-06-13 19:00:00,0.0,0.0,26.91,82.98,0.62
2023-06-13 20:00:00,0.0,0.0,26.45,84.35,0.71
2023-06-13 21:00:00,0.0,0.0,25.99,85.77,0.86
2023-06-13 22:00:00,0.0,0.0,25.61,86.03,1.05
2023-06-13 23:00:00,0.0,0.0,25.26,86.69,1.23
2023-06-14 00:00:00,0.0,0.0,24.93,87.57,1.38
2023-06-14 01:00:00,0.0,0.0,24.59,88.77,1.5
2023-06-14 02:00:00,0.0,0.0,24.21,90.59,1.54
2023-06-14 03:00:00,0.0,0.0,23.82,92.94,1.41
2023-06-14 04:00:00,0.0,0.0,23.52,94.98,1.26
2023-06-14 05:00:00,0.0,0.0,23.32,96.38,1.2
2023-06-14 06:00:00,89.75,105.8,24.2,92.89,2.14
2023-06-14 07:00:00,256.62,316.27,25.93,84.66,3.0
2023-06-14 08:00:00,441.3,536.9,27.91,74.74,3.29
2023-06-14 09:00:00,547.15,724.95,29.28,69.33,2.87
2023-06-14 10:00:00,574.25,859.2,30.43,65.02,2.4
2023-06-14 11:00:00,691.88,929.28,31.22,62.09,1.98
2023-06-14 12:00:00,678.6,903.65,31.76,59.97,1.59
2023-06-14 13:00:00,537.03,834.88,32.0,58.89,1.25
2023-06-14 14:00:00,421.0,701.33,31.99,58.59,0.96
2023-06-14 15:00:00,331.12,511.5,31.69,59.24,0.75
2023-06-14 16:00:00,181.8,296.33,31.13,61.52,0.69
2023-06-14 17:00:00,65.12,97.57,30.37,67.33,0.67
2023-06-14 18:00:00,2.62,3.33,28.93,78.46,0.59
2023-06-14 19:00:00,0.0,0.0,27.87,84.08,0.65
2023-06-14 20:00:00,0.0,0.0,27.19,86.04,0.73
2023-06-14 21:00:00,0.0,0.0,26.66,87.51,0.78
2023-06-14 22:00:00,0.0,0.0,26.24,88.67,0.82
2023-06-14 23:00:00,0.0,0.0,25.9,89.6,0.86
2023-06-15 00:00:00,0.0,0.0,25.58,90.41,0.93
2023-06-15 01:00:00,0.0,0.0,25.28,91.07,1.05
2023-06-15 02:00:00,0.0,0.0,24.98,91.8,1.16
2023-06-15 03:00:00,0.0,0.0,24.71,92.75,1.27
2023-06-15 04:00:00,0.0,0.0,24.45,93.97,1.33
2023-06-15 05:00:00,0.0,0.0,24.24,95.2,1.35
2023-06-15 06:00:00,55.1,90.65,24.93,93.23,2.11
2023-06-15 07:00:00,168.57,288.52,26.36,88.02,2.49
2023-06-15 08:00:00,322.67,509.67,28.53,76.58,2.83
2023-06-15 09:00:00,512.97,697.1,29.97,70.15,2.48
2023-06-15 10:00:00,614.35,834.62,30.98,66.5,1.87
2023-06-15 11:00:00,759.7,907.78,31.74,62.81,1.07
2023-06-15 12:00:00,816.2,913.28,32.34,59.54,0.78
2023-06-15 13:00:00,684.03,845.9,32.24,59.44,1.32
2023-06-15 14:00:00,559.15,713.22,31.69,62.06,1.51
2023-06-15 15:00:00,303.95,529.17,31.01,65.38,1.37
2023-06-15 16:00:00,131.98,313.05,30.3,69.9,1.09
2023-06-15 17:00:00,51.38,105.57,29.53,75.03,0.88
2023-06-15 18:00:00,1.92,3.58,28.11,86.16,0.62
2023-06-15 19:00:00,0.0,0.0,27.28,90.11,0.63
2023-06-15 20:00:00,0.0,0.0,26.72,91.22,0.77
2023-06-15 21:00:00,0.0,0.0,26.25,92.04,1.0
2023-06-15 22:00:00,0.0,0.0,25.86,92.82,1.25
2023-06-15 23:00:00,0.0,0.0,25.54,93.77,1.45
2023-06-16 00:00:00,0.0,0.0,25.25,94.82,1.57
2023-06-16 01:00:00,0.0,0.0,24.97,95.97,1.54
2023-06-16 02:00:00,0.0,0.0,24.75,96.72,1.43
2023-06-16 03:00:00,0.0,0.0,24.61,96.88,1.37
2023-06-16 04:00:00,0.0,0.0,24.43,97.29,1.22
2023-06-16 05:00:00,0.0,0.0,24.28,97.65,1.11
2023-06-16 06:00:00,71.15,95.78,24.93,95.21,1.97
2023-06-16 07:00:00,196.5,297.02,25.78,91.32,2.68
2023-06-16 08:00:00,329.45,515.72,26.68,85.99,3.18
2023-06-16 09:00:00,552.15,703.67,27.45,81.19,3.33
2023-06-16 10:00:00,658.88,841.67,27.87,78.3,3.37
2023-06-16 11:00:00,699.75,916.62,28.29,75.77,3.41
2023-06-16 12:00:00,677.42,931.03,28.51,74.17,3.3
2023-06-16 13:00:00,557.03,865.5,28.51,73.84,3.12
2023-06-16 14:00:00,487.08,737.35,28.46,74.01,2.88
2023-06-16 15:00:00,377.88,553.28,28.34,74.75,2.52
2023-06-16 16:00:00,248.65,336.92,28.11,76.41,2.04
2023-06-16 17:00:00,94.45,119.7,27.46,81.35,1.35
2023-06-16 18:00:00,3.6,3.92,26.04,90.65,0.71
2023-06-16 19:00:00,0.0,0.0,25.52,91.45,0.69
2023-06-16 20:00:00,0.0,0.0,25.2,91.81,0.72
2023-06-16 21:00:00,0.0,0.0,24.91,92.25,0.75
2023-06-16 22:00:00,0.0,0.0,24.62,92.86,0.78
2023-06-16 23:00:00,0.0,0.0,24.31,93.48,0.84
2023-06-17 00:00:00,0.0,0.0,24.04,94.0,0.9
2023-06-17 01:00:00,0.0,0.0,23.89,94.38,0.92
2023-06-17 02:00:00,0.0,0.0,23.77,94.72,0.89
2023-06-17 03:00:00,0.0,0.0,23.6,95.27,0.78
2023-06-17 04:00:00,0.0,0.0,23.41,95.85,0.65
2023-06-17 05:00:00,0.0,0.0,23.25,96.27,0.56
2023-06-17 06:00:00,59.72,100.4,24.11,92.52,1.1
2023-06-17 07:00:00,186.35,308.15,25.41,86.75,1.33
2023-06-17 08:00:00,333.4,526.88,27.4,76.72,1.71
2023-06-17 09:00:00,391.75,716.35,28.7,71.46,1.96
2023-06-17 10:00:00,623.62,850.55,29.88,66.57,1.91
2023-06-17 11:00:00,825.12,923.72,31.02,61.63,1.49
2023-06-17 12:00:00,790.62,921.8,31.86,58.29,1.19
2023-06-17 13:00:00,694.22,857.38,32.3,56.86,1.21
2023-06-17 14:00:00,545.03,723.15,32.26,57.09,1.34
2023-06-17 15:00:00,445.83,539.47,32.02,58.14,1.6
2023-06-17 16:00:00,270.05,322.6,31.35,61.41,1.67
2023-06-17 17:00:00,95.07,110.82,30.11,69.7,1.29
2023-06-17 18:00:00,3.45,3.85,28.04,83.32,0.79
2023-06-17 19:00:00,0.0,0.0,27.25,84.07,0.88
2023-06-17 20:00:00,0.0,0.0,26.75,84.76,0.95
2023-06-17 21:00:00,0.0,0.0,26.34,85.32,1.02
2023-06-17 22:00:00,0.0,0.0,26.0,86.05,1.04
2023-06-17 23:00:00,0.0,0.0,25.71,86.76,1.04
2023-06-18 00:00:00,0.0,0.0,25.41,87.79,1.01
2023-06-18 01:00:00,0.0,0.0,25.13,88.74,0.98
2023-06-18 02:00:00,0.0,0.0,24.83,89.68,0.99
2023-06-18 03:00:00,0.0,0.0,24.55,90.39,1.1
2023-06-18 04:00:00,0.0,0.0,24.28,91.06,1.32
2023-06-18 05:00:00,0.0,0.0,24.03,91.82,1.53
2023-06-18 06:00:00,90.55,91.5,24.61,89.23,2.41
2023-06-18 07:00:00,282.05,289.95,26.11,83.22,2.52
2023-06-18 08:00:00,488.73,508.45,28.54,71.91,2.95
2023-06-18 09:00:00,691.8,697.9,30.32,64.78,2.89
2023-06-18 10:00:00,814.25,835.58,31.35,61.7,2.65
2023-06-18 11:00:00,792.65,907.38,31.84,60.55,2.41
2023-06-18 12:00:00,707.33,891.35,32.01,60.33,2.26
2023-06-18 13:00:00,754.67,822.1,31.94,60.9,2.15
2023-06-18 14:00:00,635.28,686.67,31.67,62.12,2.05
2023-06-18 15:00:00,441.4,499.45,31.14,64.54,1.96
2023-06-18 16:00:00,242.9,285.33,30.42,69.68,1.66
2023-06-18 17:00:00,83.18,94.1,29.23,77.67,1.37
2023-06-18 18:00:00,3.45,3.55,27.57,84.77,1.18
2023-06-18 19:00:00,0.0,0.0,27.08,84.69,1.59
2023-06-18 20:00:00,0.0,0.0,26.81,84.64,2.01
2023-06-18 21:00:00,0.0,0.0,26.51,85.56,2.19
2023-06-18 22:00:00,0.0,0.0,26.13,87.43,2.03
2023-06-18 23:00:00,0.0,0.0,25.73,89.51,1.83
2023-06-19 00:00:00,0.0,0.0,25.35,91.61,1.58
2023-06-19 01:00:00,0.0,0.0,25.0,93.63,1.21
2023-06-19 02:00:00,0.0,0.0,24.62,95.89,0.93
2023-06-19 03:00:00,0.0,0.0,24.39,97.31,0.85
2023-06-19 04:00:00,0.0,0.0,24.32,97.58,0.93
2023-06-19 05:00:00,0.0,0.0,24.29,97.56,1.13
2023-06-19 06:00:00,68.22,79.05,24.98,94.41,2.02
2023-06-19 07:00:00,190.95,257.85,25.95,90.28,2.6
2023-06-19 08:00:00,359.05,471.8,27.14,84.66,3.08
2023-06-19 09:00:00,614.97,662.42,28.21,79.01,3.24
2023-06-19 10:00:00,781.58,804.45,29.03,75.11,2.78
2023-06-19 11:00:00,864.92,878.5,29.45,73.02,2.07
2023-06-19 12:00:00,863.28,890.35,29.63,70.98,1.57
2023-06-19 13:00:00,770.5,817.15,29.71,68.99,1.63
2023-06-19 14:00:00,635.83,684.2,29.49,69.29,1.5
2023-06-19 15:00:00,422.12,490.42,29.13,71.16,1.25
2023-06-19 16:00:00,234.25,279.67,28.53,75.49,1.01
2023-06-19 17:00:00,76.72,93.43,27.73,81.34,0.56
2023-06-19 18:00:00,2.62,3.65,26.86,87.97,0.27
2023-06-19 19:00:00,0.0,0.0,26.31,89.97,0.43
2023-06-19 20:00:00,0.0,0.0,25.81,91.83,0.66
2023-06-19 21:00:00,0.0,0.0,25.45,91.98,0.98
2023-06-19 22:00:00,0.0,0.0,25.2,91.51,1.42
2023-06-19 23:00:00,0.0,0.0,25.01,91.18,1.93
2023-06-20 00:00:00,0.0,0.0,24.76,91.58,2.29
2023-06-20 01:00:00,0.0,0.0,24.48,92.35,2.53
2023-06-20 02:00:00,0.0,0.0,24.22,93.2,2.62
2023-06-20 03:00:00,0.0,0.0,23.99,94.17,2.5
2023-06-20 04:00:00,0.0,0.0,23.79,95.21,2.12
2023-06-20 05:00:00,0.0,0.0,23.65,95.94,1.7
2023-06-20 06:00:00,15.02,82.4,24.2,93.6,2.02
2023-06-20 07:00:00,32.67,272.55,25.49,86.44,2.22
2023-06-20 08:00:00,49.88,492.38,27.03,77.13,2.63
2023-06-20 09:00:00,84.05,683.2,28.21,69.96,2.87
2023-06-20 10:00:00,164.68,823.15,29.01,65.7,2.9
2023-06-20 11:00:00,345.42,899.4,29.47,63.81,2.58
2023-06-20 12:00:00,484.3,904.88,29.56,63.75,1.91
2023-06-20 13:00:00,584.25,839.7,29.35,65.22,1.2
2023-06-20 14:00:00,484.38,704.12,29.02,66.9,0.88
2023-06-20 15:00:00,342.8,524.28,28.66,68.54,1.37
2023-06-20 16:00:00,184.38,308.67,28.18,70.97,1.85
2023-06-20 17:00:00,62.83,102.97,27.23,77.74,1.44
2023-06-20 18:00:00,2.53,3.97,25.68,87.96,0.95
2023-06-20 19:00:00,0.0,0.0,25.05,89.12,1.1
2023-06-20 20:00:00,0.0,0.0,24.7,89.46,1.23
2023-06-20 21:00:00,0.0,0.0,24.43,89.8,1.31
2023-06-20 22:00:00,0.0,0.0,24.23,90.04,1.4
2023-06-20 23:00:00,0.0,0.0,23.99,90.54,1.46
2023-06-21 00:00:00,0.0,0.0,23.72,91.39,1.43
2023-06-21 01:00:00,0.0,0.0,23.46,92.41,1.36
2023-06-21 02:00:00,0.0,0.0,23.24,93.29,1.33
2023-06-21 03:00:00,0.0,0.0,23.03,94.32,1.35
2023-06-21 04:00:00,0.0,0.0,22.84,95.37,1.49
2023-06-21 05:00:00,0.0,0.0,22.71,96.15,1.7
2023-06-21 06:00:00,72.7,84.3,23.35,94.12,2.41
2023-06-21 07:00:00,237.5,278.48,24.62,89.22,2.61
2023-06-21 08:00:00,407.73,492.02,26.41,79.75,2.86
2023-06-21 09:00:00,477.58,684.7,28.2,70.63,2.64
2023-06-21 10:00:00,623.72,830.08,29.51,64.5,2.31
2023-06-21 11:00:00,701.95,902.95,30.38,60.75,2.14
2023-06-21 12:00:00,707.7,918.08,30.89,58.86,2.11
2023-06-21 13:00:00,694.85,849.78,31.22,57.88,2.16
2023-06-21 14:00:00,565.22,717.03,31.22,58.02,2.21
2023-06-21 15:00:00,492.1,533.38,30.86,59.42,2.21
2023-06-21 16:00:00,286.8,318.58,29.99,64.94,1.91
2023-06-21 17:00:00,98.75,110.4,28.62,74.22,1.61
2023-06-21 18:00:00,3.72,4.18,26.76,83.01,1.39
2023-06-21 19:00:00,0.0,0.0,26.05,84.03,1.77
2023-06-21 20:00:00,0.0,0.0,25.59,85.28,2.17
2023-06-21 21:00:00,0.0,0.0,25.14,87.36,2.34
2023-06-21 22:00:00,0.0,0.0,24.76,89.39,2.42
2023-06-21 23:00:00,0.0,0.0,24.44,91.15,2.57
2023-06-22 00:00:00,0.0,0.0,24.1,92.91,2.54
2023-06-22 01:00:00,0.0,0.0,23.68,94.69,2.15
2023-06-22 02:00:00,0.0,0.0,23.23,96.04,1.59
2023-06-22 03:00:00,0.0,0.0,22.82,96.97,1.25
2023-06-22 04:00:00,0.0,0.0,22.56,97.39,1.18
2023-06-22 05:00:00,0.0,0.0,22.43,97.45,1.23
2023-06-22 06:00:00,77.6,86.35,23.36,93.09,2.24
2023-06-22 07:00:00,229.85,278.2,25.06,84.5,3.14
2023-06-22 08:00:00,404.95,497.05,27.09,73.83,3.84
2023-06-22 09:00:00,317.5,693.58,28.92,64.79,3.9
2023-06-22 10:00:00,170.65,836.6,30.45,58.81,3.69
2023-06-22 11:00:00,487.83,910.17,31.6,55.09,3.49
2023-06-22 12:00:00,492.3,920.03,32.27,53.29,3.27
2023-06-22 13:00:00,607.53,847.88,32.53,52.6,3.08
2023-06-22 14:00:00,540.05,706.38,32.35,53.1,2.9
2023-06-22 15:00:00,456.95,515.12,31.86,54.34,2.81
2023-06-22 16:00:00,247.45,295.7,31.0,57.67,2.6
2023-06-22 17:00:00,87.35,99.07,29.48,68.06,1.7
2023-06-22 18:00:00,3.53,3.97,27.5,77.16,1.25
2023-06-22 19:00:00,0.0,0.0,26.79,78.44,1.37
2023-06-22 20:00:00,0.0,0.0,26.25,79.78,1.45
2023-06-22 21:00:00,0.0,0.0,25.76,81.39,1.49
2023-06-22 22:00:00,0.0,0.0,25.28,83.41,1.46
2023-06-22 23:00:00,0.0,0.0,24.82,85.41,1.49
2023-06-23 00:00:00,0.0,0.0,24.39,87.33,1.6
2023-06-23 01:00:00,0.0,0.0,24.07,88.77,1.75
2023-06-23 02:00:00,0.0,0.0,23.74,90.31,1.85
2023-06-23 03:00:00,0.0,0.0,23.46,91.57,1.99
2023-06-23 04:00:00,0.0,0.0,23.18,93.04,1.98
2023-06-23 05:00:00,0.0,0.0,22.92,94.38,1.96
2023-06-23 06:00:00,75.43,87.8,23.64,90.93,2.7
2023-06-23 07:00:00,242.0,285.27,25.75,80.85,3.3
2023-06-23 08:00:00,419.45,504.52,28.21,69.25,4.1
2023-06-23 09:00:00,495.4,697.88,29.97,63.06,3.92
2023-06-23 10:00:00,654.1,842.12,31.25,59.59,3.66
2023-06-23 11:00:00,819.92,918.0,32.18,57.24,3.41
2023-06-23 12:00:00,774.62,913.45,32.71,56.01,3.16
2023-06-23 13:00:00,746.28,845.78,32.82,55.81,2.91
2023-06-23 14:00:00,643.47,713.17,32.63,56.25,2.72
2023-06-23 15:00:00,497.33,528.25,32.14,57.57,2.58
2023-06-23 16:00:00,299.98,313.42,31.26,60.9,2.35
2023-06-23 17:00:00,105.78,108.22,29.79,70.8,1.73
2023-06-23 18:00:00,4.28,4.3,27.77,80.43,1.36
2023-06-23 19:00:00,0.0,0.0,27.07,81.49,1.63
2023-06-23 20:00:00,0.0,0.0,26.65,82.55,1.87
2023-06-23 21:00:00,0.0,0.0,26.27,84.15,2.0
2023-06-23 22:00:00,0.0,0.0,25.85,86.47,2.04
2023-06-23 23:00:00,0.0,0.0,25.46,88.92,2.1
2023-06-24 00:00:00,0.0,0.0,25.09,91.34,2.15
2023-06-24 01:00:00,0.0,0.0,24.77,93.35,2.05
2023-06-24 02:00:00,0.0,0.0,24.53,94.57,1.97
2023-06-24 03:00:00,0.0,0.0,24.35,95.24,2.02
2023-06-24 04:00:00,0.0,0.0,24.22,95.47,2.11
2023-06-24 05:00:00,0.0,0.0,24.08,95.77,2.39
2023-06-24 06:00:00,66.35,85.45,24.51,94.07,3.05
2023-06-24 07:00:00,139.1,279.42,25.64,88.93,3.92
2023-06-24 08:00:00,207.55,501.77,27.38,79.85,4.5
2023-06-24 09:00:00,270.7,692.45,28.88,73.35,4.27
2023-06-24 10:00:00,307.38,832.75,29.83,69.44,3.89
2023-06-24 11:00:00,447.48,908.7,30.37,66.98,3.48
2023-06-24 12:00:00,545.17,913.65,30.72,65.23,3.12
2023-06-24 13:00:00,582.0,848.47,30.69,64.61,2.78
2023-06-24 14:00:00,503.05,718.33,30.3,65.49,2.31
2023-06-24 15:00:00,311.08,536.17,29.86,67.51,1.89
2023-06-24 16:00:00,229.02,320.45,29.29,72.4,1.3
2023-06-24 17:00:00,76.0,110.53,28.44,78.23,0.9
2023-06-24 18:00:00,3.33,4.43,27.48,81.28,0.59
2023-06-24 19:00:00,0.0,0.0,27.1,81.16,0.53
2023-06-24 20:00:00,0.0,0.0,26.65,82.71,0.53
2023-06-24 21:00:00,0.0,0.0,26.03,85.55,0.59
2023-06-24 22:00:00,0.0,0.0,25.38,88.31,0.64
2023-06-24 23:00:00,0.0,0.0,24.86,89.83,0.71
2023-06-25 00:00:00,0.0,0.0,24.38,91.38,0.81
2023-06-25 01:00:00,0.0,0.0,24.01,92.76,0.91
2023-06-25 02:00:00,0.0,0.0,23.76,94.26,1.0
2023-06-25 03:00:00,0.0,0.0,23.57,95.66,1.09
2023-06-25 04:00:00,0.0,0.0,23.48,96.69,1.14
2023-06-25 05:00:00,0.0,0.0,23.42,97.14,1.19
2023-06-25 06:00:00,46.65,92.18,24.06,94.89,1.99
2023-06-25 07:00:00,135.98,300.3,25.14,90.89,2.54
2023-06-25 08:00:00,232.93,520.97,26.4,84.79,2.91
2023-06-25 09:00:00,212.38,711.3,27.6,78.39,2.79
2023-06-25 10:00:00,237.12,849.9,28.57,72.66,2.31
2023-06-25 11:00:00,283.2,925.08,29.24,68.62,1.75
2023-06-25 12:00:00,346.4,889.05,29.67,66.03,1.24
2023-06-25 13:00:00,450.7,826.1,29.7,65.0,0.75
2023-06-25 14:00:00,356.83,697.65,29.6,64.9,0.27
2023-06-25 15:00:00,365.77,511.85,29.31,65.71,0.18
2023-06-25 16:00:00,225.05,302.23,28.79,71.04,0.36
2023-06-25 17:00:00,82.28,105.03,28.4,70.34,0.49
2023-06-25 18:00:00,3.72,4.32,27.2,84.18,0.43
2023-06-25 19:00:00,0.0,0.0,26.43,87.45,0.53
2023-06-25 20:00:00,0.0,0.0,25.9,89.21,0.61
2023-06-25 21:00:00,0.0,0.0,25.46,90.27,0.7
2023-06-25 22:00:00,0.0,0.0,25.09,91.06,0.82
2023-06-25 23:00:00,0.0,0.0,24.76,91.93,0.96
2023-06-26 00:00:00,0.0,0.0,24.47,92.72,1.16
2023-06-26 01:00:00,0.0,0.0,24.25,93.49,1.42
2023-06-26 02:00:00,0.0,0.0,24.06,94.53,1.72
2023-06-26 03:00:00,0.0,0.0,23.85,95.78,2.0
2023-06-26 04:00:00,0.0,0.0,23.73,96.4,2.09
2023-06-26 05:00:00,0.0,0.0,23.68,96.52,2.06
2023-06-26 06:00:00,48.42,94.53,24.16,94.87,2.59
2023-06-26 07:00:00,130.3,302.38,25.0,91.31,3.18
2023-06-26 08:00:00,221.43,525.45,26.02,85.26,3.66
2023-06-26 09:00:00,316.0,714.35,27.01,80.02,3.79
2023-06-26 10:00:00,432.83,851.9,28.04,75.43,3.68
2023-06-26 11:00:00,485.52,926.67,28.91,71.4,3.37
2023-06-26 12:00:00,644.25,931.0,29.3,69.41,3.11
2023-06-26 13:00:00,575.42,866.72,29.73,67.66,2.95
2023-06-26 14:00:00,478.67,737.88,29.83,66.9,2.77
2023-06-26 15:00:00,460.45,555.83,29.3,68.92,2.49
2023-06-26 16:00:00,286.62,339.0,28.66,72.25,2.17
2023-06-26 17:00:00,107.4,122.1,27.73,78.78,1.58
2023-06-26 18:00:00,4.47,4.78,26.14,88.69,0.94
2023-06-26 19:00:00,0.0,0.0,25.45,90.38,0.93
2023-06-26 20:00:00,0.0,0.0,25.06,91.34,0.91
2023-06-26 21:00:00,0.0,0.0,24.7,92.3,0.91
2023-06-26 22:00:00,0.0,0.0,24.37,93.09,0.93
2023-06-26 23:00:00,0.0,0.0,24.06,93.84,1.0
2023-06-27 00:00:00,0.0,0.0,23.76,94.55,1.11
2023-06-27 01:00:00,0.0,0.0,23.5,95.14,1.28
2023-06-27 02:00:00,0.0,0.0,23.26,95.81,1.51
2023-06-27 03:00:00,0.0,0.0,23.02,96.6,1.72
2023-06-27 04:00:00,0.0,0.0,22.79,97.24,1.74
2023-06-27 05:00:00,0.0,0.0,22.66,97.36,1.81
2023-06-27 06:00:00,78.07,89.93,23.44,94.37,2.71
2023-06-27 07:00:00,244.05,295.77,24.84,87.66,3.7
2023-06-27 08:00:00,428.55,517.47,26.64,77.76,4.03
2023-06-27 09:00:00,627.88,708.6,28.35,70.92,3.62
2023-06-27 10:00:00,649.28,847.83,29.58,66.89,3.06
2023-06-27 11:00:00,668.17,922.45,30.42,64.38,2.55
2023-06-27 12:00:00,676.4,918.2,30.94,62.75,2.12
2023-06-27 13:00:00,603.8,852.22,31.06,62.23,1.72
2023-06-27 14:00:00,546.45,719.33,30.95,62.26,1.39
2023-06-27 15:00:00,416.48,533.58,30.72,62.77,1.25
2023-06-27 16:00:00,266.23,315.98,30.24,64.88,1.24
2023-06-27 17:00:00,96.78,109.65,29.29,71.85,1.06
2023-06-27 18:00:00,4.25,4.55,27.41,84.24,0.77
2023-06-27 19:00:00,0.0,0.0,26.46,87.38,0.84
2023-06-27 20:00:00,0.0,0.0,26.06,87.72,0.97
2023-06-27 21:00:00,0.0,0.0,25.73,88.08,1.11
2023-06-27 22:00:00,0.0,0.0,25.41,88.58,1.24
2023-06-27 23:00:00,0.0,0.0,25.12,89.18,1.38
2023-06-28 00:00:00,0.0,0.0,24.75,90.32,1.47
2023-06-28 01:00:00,0.0,0.0,24.37,91.89,1.49
2023-06-28 02:00:00,0.0,0.0,24.05,93.56,1.52
2023-06-28 03:00:00,0.0,0.0,23.81,94.77,1.62
2023-06-28 04:00:00,0.0,0.0,23.63,95.7,1.79
2023-06-28 05:00:00,0.0,0.0,23.49,96.26,1.77
2023-06-28 06:00:00,53.95,81.4,23.97,94.19,2.32
2023-06-28 07:00:00,179.82,278.35,25.02,89.87,2.7
2023-06-28 08:00:00,351.23,499.1,26.25,84.13,2.94
2023-06-28 09:00:00,531.58,688.83,27.35,78.85,2.82
2023-06-28 10:00:00,669.9,831.28,28.12,75.33,2.58
2023-06-28 11:00:00,822.6,910.72,28.74,72.71,2.32
2023-06-28 12:00:00,810.53,913.38,29.2,70.79,2.01
2023-06-28 13:00:00,747.53,851.38,29.54,69.34,1.63
2023-06-28 14:00:00,503.4,724.22,29.56,68.89,1.21
2023-06-28 15:00:00,348.27,543.35,29.39,69.32,0.91
2023-06-28 16:00:00,224.52,332.0,28.94,73.3,0.69
2023-06-28 17:00:00,80.25,118.38,28.39,75.9,0.75
2023-06-28 18:00:00,3.45,4.82,26.98,88.01,0.55
2023-06-28 19:00:00,0.0,0.0,26.21,89.88,0.68
2023-06-28 20:00:00,0.0,0.0,25.66,91.2,0.81
2023-06-28 21:00:00,0.0,0.0,25.27,92.17,0.91
2023-06-28 22:00:00,0.0,0.0,24.95,93.29,0.89
2023-06-28 23:00:00,0.0,0.0,24.7,94.24,0.82
2023-06-29 00:00:00,0.0,0.0,24.44,95.14,0.74
2023-06-29 01:00:00,0.0,0.0,24.22,95.7,0.68
2023-06-29 02:00:00,0.0,0.0,24.02,96.12,0.61
2023-06-29 03:00:00,0.0,0.0,23.81,96.6,0.62
2023-06-29 04:00:00,0.0,0.0,23.63,96.82,0.65
2023-06-29 05:00:00,0.0,0.0,23.44,97.25,0.69
2023-06-29 06:00:00,26.9,85.82,24.0,95.64,1.17
2023-06-29 07:00:00,55.83,291.25,24.7,92.52,1.68
2023-06-29 08:00:00,90.9,511.52,25.68,88.17,1.88
2023-06-29 09:00:00,193.7,700.45,26.75,82.84,1.82
2023-06-29 10:00:00,481.7,838.9,27.79,76.97,1.47
2023-06-29 11:00:00,576.17,915.7,28.53,72.37,1.18
2023-06-29 12:00:00,686.7,921.88,29.05,69.08,0.95
2023-06-29 13:00:00,693.95,855.5,29.25,67.43,0.85
2023-06-29 14:00:00,604.45,723.75,29.12,67.97,0.73
2023-06-29 15:00:00,445.27,541.03,28.78,70.14,0.71
2023-06-29 16:00:00,220.05,324.67,28.21,74.14,0.79
2023-06-29 17:00:00,74.0,114.45,27.42,80.06,0.75
2023-06-29 18:00:00,2.95,4.78,26.22,89.54,0.53
2023-06-29 19:00:00,0.0,0.0,25.56,92.08,0.55
2023-06-29 20:00:00,0.0,0.0,25.15,93.14,0.59
2023-06-29 21:00:00,0.0,0.0,24.81,94.05,0.64
2023-06-29 22:00:00,0.0,0.0,24.51,94.74,0.66
2023-06-29 23:00:00,0.0,0.0,24.21,95.38,0.66
2023-06-30 00:00:00,0.0,0.0,23.91,96.0,0.66
2023-06-30 01:00:00,0.0,0.0,23.65,96.5,0.66
2023-06-30 02:00:00,0.0,0.0,23.4,97.01,0.67
2023-06-30 03:00:00,0.0,0.0,23.25,97.4,0.69
2023-06-30 04:00:00,0.0,0.0,23.14,97.69,0.71
2023-06-30 05:00:00,0.0,0.0,23.06,97.86,0.76
2023-06-30 06:00:00,49.5,80.9,23.78,95.46,1.45
2023-06-30 07:00:00,150.45,275.83,24.87,91.18,2.04
2023-06-30 08:00:00,286.02,498.67,26.52,83.6,2.61
2023-06-30 09:00:00,433.55,694.65,27.98,76.9,2.85
2023-06-30 10:00:00,535.72,833.1,29.19,72.33,2.89
2023-06-30 11:00:00,617.33,910.22,29.79,69.83,2.79
2023-06-30 12:00:00,641.42,930.38,30.08,68.37,2.62
2023-06-30 13:00:00,619.08,866.75,30.4,66.84,2.4
2023-06-30 14:00:00,629.4,738.33,30.39,66.22,2.11
2023-06-30 15:00:00,513.58,557.53,30.26,65.79,1.81
2023-06-30 16:00:00,316.27,341.15,29.8,67.66,1.55
2023-06-30 17:00:00,119.3,123.78,28.8,74.89,1.16
2023-06-30 18:00:00,4.85,5.0,26.88,87.64,0.76
2023-06-30 19:00:00,0.0,0.0,25.95,89.79,0.89
2023-06-30 20:00:00,0.0,0.0,25.43,90.92,1.07
2023-06-30 21:00:00,0.0,0.0,25.01,92.17,1.16
2023-06-30 22:00:00,0.0,0.0,24.64,93.43,1.13
2023-06-30 23:00:00,0.0,0.0,24.31,94.44,1.03
2023-07-01 00:00:00,0.0,0.0,24.05,95.01,0.93
2023-07-01 01:00:00,0.0,0.0,23.81,95.48,0.87
2023-07-01 02:00:00,0.0,0.0,23.58,95.8,0.83
2023-07-01 03:00:00,0.0,0.0,23.35,96.1,0.81
2023-07-01 04:00:00,0.0,0.0,23.11,96.48,0.81
2023-07-01 05:00:00,0.0,0.0,22.99,96.55,0.86
2023-07-01 06:00:00,72.78,80.22,23.93,92.01,1.85
2023-07-01 07:00:00,231.98,279.5,25.64,84.92,2.02
2023-07-01 08:00:00,428.83,504.3,28.42,72.02,2.18
2023-07-01 09:00:00,528.47,696.9,30.06,65.76,1.7
2023-07-01 10:00:00,545.15,839.42,31.23,61.73,1.06
2023-07-01 11:00:00,575.85,913.25,32.02,58.96,0.54
2023-07-01 12:00:00,622.05,916.22,32.6,56.82,0.64
2023-07-01 13:00:00,663.5,849.78,32.86,55.45,0.98
2023-07-01 14:00:00,502.42,719.5,32.86,55.16,1.32
2023-07-01 15:00:00,392.98,534.72,32.45,56.22,1.48
2023-07-01 16:00:00,252.73,318.73,31.69,60.95,1.11
2023-07-01 17:00:00,97.2,111.7,30.32,68.43,0.99
2023-07-01 18:00:00,4.75,4.85,28.7,79.55,0.66
2023-07-01 19:00:00,0.0,0.0,28.07,79.9,0.72
2023-07-01 20:00:00,0.0,0.0,27.59,81.08,0.74
2023-07-01 21:00:00,0.0,0.0,27.07,82.84,0.76
2023-07-01 22:00:00,0.0,0.0,26.55,84.58,0.78
2023-07-01 23:00:00,0.0,0.0,26.11,85.91,0.82
2023-07-02 00:00:00,0.0,0.0,25.74,86.93,0.87
2023-07-02 01:00:00,0.0,0.0,25.41,87.75,0.95
2023-07-02 02:00:00,0.0,0.0,25.13,88.63,1.04
2023-07-02 03:00:00,0.0,0.0,24.86,89.73,1.12
2023-07-02 04:00:00,0.0,0.0,24.61,90.84,1.2
2023-07-02 05:00:00,0.0,0.0,24.38,91.88,1.35
2023-07-02 06:00:00,73.07,81.3,24.82,90.29,2.23
2023-07-02 07:00:00,240.25,281.45,25.7,88.15,2.62
2023-07-02 08:00:00,425.8,504.02,27.86,77.83,3.21
2023-07-02 09:00:00,669.65,698.28,29.56,69.09,3.31
2023-07-02 10:00:00,771.2,842.9,30.48,62.73,3.04
2023-07-02 11:00:00,794.38,919.67,31.03,59.01,2.75
2023-07-02 12:00:00,839.97,920.08,31.52,56.76,2.51
2023-07-02 13:00:00,740.15,851.67,31.85,55.71,2.34
2023-07-02 14:00:00,617.85,718.12,31.66,56.53,2.23
2023-07-02 15:00:00,392.23,531.8,31.08,59.0,2.1
2023-07-02 16:00:00,162.93,316.15,30.4,64.4,1.67
2023-07-02 17:00:00,58.1,111.12,29.45,68.26,1.48
2023-07-02 18:00:00,2.97,4.85,27.37,83.8,0.81
2023-07-02 19:00:00,0.0,0.0,26.59,85.49,0.83
2023-07-02 20:00:00,0.0,0.0,26.03,87.3,0.89
2023-07-02 21:00:00,0.0,0.0,25.55,88.85,0.98
2023-07-02 22:00:00,0.0,0.0,25.11,90.47,1.06
2023-07-02 23:00:00,0.0,0.0,24.73,92.08,1.13
2023-07-03 00:00:00,0.0,0.0,24.4,93.51,1.16
2023-07-03 01:00:00,0.0,0.0,24.19,94.61,1.17
2023-07-03 02:00:00,0.0,0.0,24.06,95.29,1.2
2023-07-03 03:00:00,0.0,0.0,23.93,95.95,1.29
2023-07-03 04:00:00,0.0,0.0,23.75,96.59,1.38
2023-07-03 05:00:00,0.0,0.0,23.57,97.13,1.36
2023-07-03 06:00:00,72.7,76.35,24.08,95.22,2.03
2023-07-03 07:00:00,248.25,270.52,25.05,91.81,2.32
2023-07-03 08:00:00,449.38,489.8,26.56,82.76,2.94
2023-07-03 09:00:00,557.05,685.45,28.04,74.87,3.07
2023-07-03 10:00:00,636.72,827.83,29.19,70.3,2.96
2023-07-03 11:00:00,786.95,907.25,30.05,67.35,2.83
2023-07-03 12:00:00,892.08,936.85,30.47,65.97,2.66
2023-07-03 13:00:00,745.05,874.78,30.74,65.34,2.49
2023-07-03 14:00:00,637.4,747.4,30.62,65.96,2.36
2023-07-03 15:00:00,500.3,566.85,30.2,67.91,2.2
2023-07-03 16:00:00,313.35,349.9,29.48,72.45,1.84
2023-07-03 17:00:00,120.57,130.02,28.53,78.29,1.45
2023-07-03 18:00:00,5.28,5.4,26.81,89.16,0.84
2023-07-03 19:00:00,0.0,0.0,26.14,90.41,0.89
2023-07-03 20:00:00,0.0,0.0,25.7,91.18,0.94
2023-07-03 21:00:00,0.0,0.0,25.32,91.9,0.94
2023-07-03 22:00:00,0.0,0.0,25.01,92.61,0.9
2023-07-03 23:00:00,0.0,0.0,24.72,93.41,0.85
2023-07-04 00:00:00,0.0,0.0,24.47,94.07,0.81
2023-07-04 01:00:00,0.0,0.0,24.25,94.67,0.81
2023-07-04 02:00:00,0.0,0.0,24.06,95.16,0.86
2023-07-04 03:00:00,0.0,0.0,23.87,95.55,1.03
2023-07-04 04:00:00,0.0,0.0,23.66,96.05,1.31
2023-07-04 05:00:00,0.0,0.0,23.48,96.67,1.55
2023-07-04 06:00:00,77.05,83.18,24.19,94.08,2.2
2023-07-04 07:00:00,214.32,287.55,25.83,87.54,2.16
2023-07-04 08:00:00,365.45,511.83,28.14,76.29,2.28
2023-07-04 09:00:00,600.28,706.62,29.76,69.07,1.91
2023-07-04 10:00:00,736.67,848.92,30.8,65.4,1.45
2023-07-04 11:00:00,824.67,925.17,31.69,62.76,1.29
2023-07-04 12:00:00,643.78,915.17,32.22,61.25,1.44
2023-07-04 13:00:00,625.6,850.33,32.36,60.88,1.47
2023-07-04 14:00:00,468.35,720.88,32.24,61.04,1.33
2023-07-04 15:00:00,279.12,538.33,31.72,62.47,1.24
2023-07-04 16:00:00,147.52,322.6,30.96,67.06,1.02
2023-07-04 17:00:00,44.12,112.78,29.97,71.09,1.06
2023-07-04 18:00:00,1.38,5.03,28.08,86.01,0.72
2023-07-04 19:00:00,0.0,0.0,27.17,87.46,0.88
2023-07-04 20:00:00,0.0,0.0,26.61,88.34,1.04
2023-07-04 21:00:00,0.0,0.0,26.3,89.15,1.13
2023-07-04 22:00:00,0.0,0.0,26.01,90.22,1.12
2023-07-04 23:00:00,0.0,0.0,25.71,91.38,1.1
2023-07-05 00:00:00,0.0,0.0,25.4,92.55,1.09
2023-07-05 01:00:00,0.0,0.0,25.13,93.63,1.06
2023-07-05 02:00:00,0.0,0.0,24.92,94.61,0.99
2023-07-05 03:00:00,0.0,0.0,24.74,95.4,0.98
2023-07-05 04:00:00,0.0,0.0,24.56,96.02,0.93
2023-07-05 05:00:00,0.0,0.0,24.43,96.36,0.85
2023-07-05 06:00:00,43.38,75.28,25.01,94.3,1.21
2023-07-05 07:00:00,167.0,269.85,25.84,90.37,1.4
2023-07-05 08:00:00,311.23,485.1,27.39,81.18,1.46
2023-07-05 09:00:00,472.3,682.1,28.73,71.31,1.69
2023-07-05 10:00:00,623.97,824.72,29.85,63.47,1.87
2023-07-05 11:00:00,752.8,904.95,30.73,59.4,1.89
2023-07-05 12:00:00,833.9,941.42,31.32,57.16,1.8
2023-07-05 13:00:00,735.9,878.47,31.54,56.24,1.56
2023-07-05 14:00:00,692.35,750.55,31.4,56.25,1.37
2023-07-05 15:00:00,511.23,569.4,30.91,57.29,1.34
2023-07-05 16:00:00,329.45,352.45,30.13,60.92,1.34
2023-07-05 17:00:00,125.1,131.35,29.1,68.18,1.14
2023-07-05 18:00:00,5.43,5.5,27.07,82.01,0.85
2023-07-05 19:00:00,0.0,0.0,26.06,84.83,1.0
2023-07-05 20:00:00,0.0,0.0,25.5,85.3,1.22
2023-07-05 21:00:00,0.0,0.0,25.05,86.27,1.32
2023-07-05 22:00:00,0.0,0.0,24.63,87.81,1.28
2023-07-05 23:00:00,0.0,0.0,24.24,89.38,1.21
2023-07-06 00:00:00,0.0,0.0,23.95,90.47,1.2
2023-07-06 01:00:00,0.0,0.0,23.73,91.2,1.21
2023-07-06 02:00:00,0.0,0.0,23.49,92.17,1.23
2023-07-06 03:00:00,0.0,0.0,23.21,93.29,1.29
2023-07-06 04:00:00,0.0,0.0,22.9,94.67,1.36
2023-07-06 05:00:00,0.0,0.0,22.58,96.15,1.38
2023-07-06 06:00:00,80.45,84.3,23.49,92.77,2.36
2023-07-06 07:00:00,268.02,289.88,25.59,83.53,2.65
2023-07-06 08:00:00,465.85,510.25,28.06,71.48,2.84
2023-07-06 09:00:00,596.28,703.65,29.61,65.01,2.48
2023-07-06 10:00:00,689.03,846.5,30.75,61.19,2.14
2023-07-06 11:00:00,851.15,922.97,31.68,58.64,1.98
2023-07-06 12:00:00,898.65,930.65,32.34,56.83,1.92
2023-07-06 13:00:00,727.22,865.9,32.61,55.73,1.92
2023-07-06 14:00:00,676.75,735.53,32.61,55.31,1.97
2023-07-06 15:00:00,499.5,551.58,32.24,55.83,1.98
2023-07-06 16:00:00,298.52,333.58,31.49,58.08,1.91
2023-07-06 17:00:00,109.22,119.8,30.16,66.14,1.46
2023-07-06 18:00:00,5.2,5.25,27.94,79.47,0.95
2023-07-06 19:00:00,0.0,0.0,27.08,80.33,1.1
2023-07-06 20:00:00,0.0,0.0,26.6,80.95,1.27
2023-07-06 21:00:00,0.0,0.0,26.21,81.77,1.38
2023-07-06 22:00:00,0.0,0.0,25.83,82.8,1.48
2023-07-06 23:00:00,0.0,0.0,25.43,83.86,1.6
2023-07-07 00:00:00,0.0,0.0,25.07,84.84,1.8
2023-07-07 01:00:00,0.0,0.0,24.69,86.13,1.98
2023-07-07 02:00:00,0.0,0.0,24.17,88.42,2.0
2023-07-07 03:00:00,0.0,0.0,23.76,90.2,2.14
2023-07-07 04:00:00,0.0,0.0,23.38,92.1,2.22
2023-07-07 05:00:00,0.0,0.0,23.06,93.78,2.26
2023-07-07 06:00:00,76.5,81.05,23.63,91.62,2.77
2023-07-07 07:00:00,252.27,284.38,25.73,82.43,3.18
2023-07-07 08:00:00,437.8,506.25,28.18,71.3,3.68
2023-07-07 09:00:00,685.4,700.17,29.92,65.33,3.35
2023-07-07 10:00:00,830.3,842.3,31.09,62.4,2.83
2023-07-07 11:00:00,890.33,920.8,31.8,60.86,2.36
2023-07-07 12:00:00,821.5,928.78,32.24,59.88,1.93
2023-07-07 13:00:00,713.65,866.12,32.42,59.33,1.51
2023-07-07 14:00:00,641.67,738.03,32.25,59.64,1.17
2023-07-07 15:00:00,500.23,556.65,31.94,59.78,0.89
2023-07-07 16:00:00,286.85,339.88,31.31,62.2,0.84
2023-07-07 17:00:00,98.45,123.57,30.48,67.31,0.9
2023-07-07 18:00:00,3.42,5.35,28.53,80.8,0.73
2023-07-07 19:00:00,0.0,0.0,27.44,85.72,0.78
2023-07-07 20:00:00,0.0,0.0,26.88,86.65,0.89
2023-07-07 21:00:00,0.0,0.0,26.41,87.39,0.96
2023-07-07 22:00:00,0.0,0.0,26.0,88.09,1.02
2023-07-07 23:00:00,0.0,0.0,25.62,88.49,1.13
2023-07-08 00:00:00,0.0,0.0,25.26,88.89,1.29
2023-07-08 01:00:00,0.0,0.0,24.89,89.57,1.44
2023-07-08 02:00:00,0.0,0.0,24.53,90.77,1.51
2023-07-08 03:00:00,0.0,0.0,24.2,92.28,1.51
2023-07-08 04:00:00,0.0,0.0,23.91,93.88,1.39
2023-07-08 05:00:00,0.0,0.0,23.7,95.4,1.1
2023-07-08 06:00:00,40.15,74.07,24.19,93.81,1.28
2023-07-08 07:00:00,151.52,273.15,24.87,91.95,0.72
2023-07-08 08:00:00,311.42,494.3,26.81,81.18,0.71
2023-07-08 09:00:00,291.58,689.12,28.2,74.28,0.91
2023-07-08 10:00:00,441.38,833.22,29.55,68.92,1.19
2023-07-08 11:00:00,433.5,915.85,30.31,66.17,1.1
2023-07-08 12:00:00,547.8,928.92,30.82,64.3,0.67
2023-07-08 13:00:00,432.62,867.38,31.23,62.34,0.25
2023-07-08 14:00:00,365.4,739.85,31.16,61.53,0.42
2023-07-08 15:00:00,350.85,556.55,30.65,63.43,0.82
2023-07-08 16:00:00,239.73,338.85,29.99,69.33,0.93
2023-07-08 17:00:00,82.2,120.93,28.71,74.96,1.1
2023-07-08 18:00:00,4.43,5.25,27.05,87.22,0.91
2023-07-08 19:00:00,0.0,0.0,26.21,88.17,1.5
2023-07-08 20:00:00,0.0,0.0,25.69,89.76,1.97
2023-07-08 21:00:00,0.0,0.0,25.29,91.75,1.88
2023-07-08 22:00:00,0.0,0.0,24.99,93.31,1.55
2023-07-08 23:00:00,0.0,0.0,24.73,94.54,1.23
2023-07-09 00:00:00,0.0,0.0,24.49,95.5,0.97
2023-07-09 01:00:00,0.0,0.0,24.26,96.25,0.77
2023-07-09 02:00:00,0.0,0.0,24.08,96.65,0.67
2023-07-09 03:00:00,0.0,0.0,23.9,96.95,0.59
2023-07-09 04:00:00,0.0,0.0,23.74,97.17,0.51
2023-07-09 05:00:00,0.0,0.0,23.61,97.3,0.48
2023-07-09 06:00:00,64.05,72.15,24.19,95.06,0.82
2023-07-09 07:00:00,227.45,263.4,25.11,89.92,0.92
2023-07-09 08:00:00,434.45,485.08,26.46,82.39,0.89
2023-07-09 09:00:00,588.05,680.78,27.72,76.19,1.12
2023-07-09 10:00:00,633.05,828.28,28.81,70.9,1.29
2023-07-09 11:00:00,444.08,907.95,29.53,67.26,1.33
2023-07-09 12:00:00,346.5,928.53,29.96,65.03,1.38
2023-07-09 13:00:00,282.5,863.2,30.05,64.07,1.42
2023-07-09 14:00:00,405.27,733.35,29.94,64.01,1.46
2023-07-09 15:00:00,389.65,548.7,29.49,65.83,1.43
2023-07-09 16:00:00,270.65,332.05,28.83,69.81,1.29
2023-07-09 17:00:00,102.32,119.12,27.9,76.49,1.06
2023-07-09 18:00:00,5.25,5.3,26.45,87.36,0.71
2023-07-09 19:00:00,0.0,0.0,25.76,88.78,0.84
2023-07-09 20:00:00,0.0,0.0,25.3,89.54,1.05
2023-07-09 21:00:00,0.0,0.0,24.93,90.85,1.1
2023-07-09 22:00:00,0.0,0.0,24.62,92.57,0.94
2023-07-09 23:00:00,0.0,0.0,24.37,93.85,0.76
2023-07-10 00:00:00,0.0,0.0,24.16,94.74,0.62
2023-07-10 01:00:00,0.0,0.0,23.97,95.27,0.52
2023-07-10 02:00:00,0.0,0.0,23.82,95.36,0.47
2023-07-10 03:00:00,0.0,0.0,23.69,95.2,0.46
2023-07-10 04:00:00,0.0,0.0,23.63,94.76,0.47
2023-07-10 05:00:00,0.0,0.0,23.56,94.65,0.47
2023-07-10 06:00:00,52.85,73.12,23.99,94.23,0.57
2023-07-10 07:00:00,160.07,267.33,24.75,89.62,1.04
2023-07-10 08:00:00,291.55,483.05,26.35,82.23,0.93
2023-07-10 09:00:00,395.73,677.2,28.06,74.49,0.67
2023-07-10 10:00:00,451.3,818.95,29.23,69.46,1.02
2023-07-10 11:00:00,558.4,897.25,29.78,66.99,1.27
2023-07-10 12:00:00,541.15,922.05,30.1,65.65,1.4
2023-07-10 13:00:00,586.75,858.47,30.04,65.8,1.45
2023-07-10 14:00:00,436.25,730.88,29.78,66.87,1.47
2023-07-10 15:00:00,273.8,549.95,29.28,69.38,1.52
2023-07-10 16:00:00,163.52,333.4,28.63,73.52,1.55
2023-07-10 17:00:00,72.1,120.62,27.66,80.25,1.4
2023-07-10 18:00:00,4.53,5.25,26.05,89.41,1.03
2023-07-10 19:00:00,0.0,0.0,25.38,91.02,1.32
2023-07-10 20:00:00,0.0,0.0,25.0,91.76,1.69
2023-07-10 21:00:00,0.0,0.0,24.67,92.92,1.81
2023-07-10 22:00:00,0.0,0.0,24.36,94.1,1.78
2023-07-10 23:00:00,0.0,0.0,24.07,95.03,1.74
2023-07-11 00:00:00,0.0,0.0,23.76,95.96,1.6
2023-07-11 01:00:00,0.0,0.0,23.44,96.68,1.38
2023-07-11 02:00:00,0.0,0.0,23.14,97.31,1.22
2023-07-11 03:00:00,0.0,0.0,22.9,97.6,1.21
2023-07-11 04:00:00,0.0,0.0,22.86,97.12,1.38
2023-07-11 05:00:00,0.0,0.0,22.82,96.71,1.49
2023-07-11 06:00:00,75.35,76.45,23.33,94.2,2.16
2023-07-11 07:00:00,265.7,276.17,24.31,89.98,2.46
2023-07-11 08:00:00,472.88,496.52,25.84,82.54,3.1
2023-07-11 09:00:00,629.8,690.88,27.36,76.24,3.46
2023-07-11 10:00:00,704.8,837.33,28.78,71.22,3.3
2023-07-11 11:00:00,828.78,917.42,30.07,67.1,2.92
2023-07-11 12:00:00,839.2,924.22,30.94,64.36,2.55
2023-07-11 13:00:00,799.53,861.7,31.48,62.6,2.23
2023-07-11 14:00:00,665.7,732.35,31.62,61.78,1.94
2023-07-11 15:00:00,503.88,549.15,31.4,61.93,1.68
2023-07-11 16:00:00,305.25,330.9,30.74,64.46,1.5
2023-07-11 17:00:00,113.07,117.78,29.61,72.06,1.2
2023-07-11 18:00:00,5.12,5.22,27.65,84.05,0.82
2023-07-11 19:00:00,0.0,0.0,26.82,85.37,1.03
2023-07-11 20:00:00,0.0,0.0,26.27,86.49,1.25
2023-07-11 21:00:00,0.0,0.0,25.81,87.91,1.33
2023-07-11 22:00:00,0.0,0.0,25.42,89.3,1.35
2023-07-11 23:00:00,0.0,0.0,25.11,90.3,1.38
2023-07-12 00:00:00,0.0,0.0,24.8,91.22,1.44
2023-07-12 01:00:00,0.0,0.0,24.49,92.21,1.53
2023-07-12 02:00:00,0.0,0.0,24.2,93.38,1.46
2023-07-12 03:00:00,0.0,0.0,23.92,94.75,1.26
2023-07-12 04:00:00,0.0,0.0,23.69,95.94,1.04
2023-07-12 05:00:00,0.0,0.0,23.59,96.43,1.0
2023-07-12 06:00:00,43.83,69.68,24.12,93.85,1.77
2023-07-12 07:00:00,129.45,262.92,24.92,90.84,2.02
2023-07-12 08:00:00,68.4,483.7,26.35,84.26,2.06
2023-07-12 09:00:00,40.1,678.05,27.49,79.05,1.93
2023-07-12 10:00:00,48.97,822.5,28.2,76.39,1.64
2023-07-12 11:00:00,159.15,905.15,28.6,75.62,1.75
2023-07-12 12:00:00,315.17,914.28,28.85,74.62,2.09
2023-07-12 13:00:00,451.12,855.83,28.95,72.9,2.33
2023-07-12 14:00:00,408.3,729.92,28.88,71.27,2.38
2023-07-12 15:00:00,280.12,551.78,28.67,70.97,2.33
2023-07-12 16:00:00,174.1,339.6,28.12,73.27,2.09
2023-07-12 17:00:00,69.3,124.6,27.14,80.42,1.34
2023-07-12 18:00:00,4.57,5.47,25.75,90.0,0.7
2023-07-12 19:00:00,0.0,0.0,25.43,89.73,0.61
2023-07-12 20:00:00,0.0,0.0,25.3,88.36,0.54
2023-07-12 21:00:00,0.0,0.0,24.97,89.15,0.58
2023-07-12 22:00:00,0.0,0.0,24.57,90.67,0.6
2023-07-12 23:00:00,0.0,0.0,24.2,91.98,0.6
2023-07-13 00:00:00,0.0,0.0,24.01,92.26,0.57
2023-07-13 01:00:00,0.0,0.0,23.89,92.21,0.53
2023-07-13 02:00:00,0.0,0.0,23.69,92.88,0.47
2023-07-13 03:00:00,0.0,0.0,23.53,93.43,0.43
2023-07-13 04:00:00,0.0,0.0,23.27,95.05,0.46
2023-07-13 05:00:00,0.0,0.0,23.08,95.78,0.47
2023-07-13 06:00:00,65.45,77.68,23.84,94.37,0.75
2023-07-13 07:00:00,238.77,282.92,25.37,88.14,1.24
2023-07-13 08:00:00,442.85,505.33,27.44,79.02,1.89
2023-07-13 09:00:00,658.88,698.28,29.14,71.08,2.44
2023-07-13 10:00:00,752.2,839.85,30.18,66.72,2.74
2023-07-13 11:00:00,813.53,918.05,30.97,63.74,2.89
2023-07-13 12:00:00,854.97,951.47,31.45,62.0,2.89
2023-07-13 13:00:00,738.7,889.58,31.65,61.31,2.74
2023-07-13 14:00:00,641.38,763.03,31.49,61.76,2.63
2023-07-13 15:00:00,530.9,582.58,31.02,63.25,2.57
2023-07-13 16:00:00,337.73,365.08,30.1,67.19,2.36
2023-07-13 17:00:00,129.85,139.9,28.58,77.04,1.72
2023-07-13 18:00:00,5.65,5.9,27.01,85.49,1.34
2023-07-13 19:00:00,0.0,0.0,26.26,88.17,1.47
2023-07-13 20:00:00,0.0,0.0,25.75,90.04,1.51
2023-07-13 21:00:00,0.0,0.0,25.3,91.89,1.37
2023-07-13 22:00:00,0.0,0.0,24.95,93.31,1.22
2023-07-13 23:00:00,0.0,0.0,24.64,94.42,1.1
2023-07-14 00:00:00,0.0,0.0,24.37,95.37,1.04
2023-07-14 01:00:00,0.0,0.0,24.13,96.21,1.02
2023-07-14 02:00:00,0.0,0.0,23.95,96.71,0.99
2023-07-14 03:00:00,0.0,0.0,23.82,97.01,1.05
2023-07-14 04:00:00,0.0,0.0,23.71,97.14,1.16
2023-07-14 05:00:00,0.0,0.0,23.63,97.11,1.34
2023-07-14 06:00:00,78.47,81.7,24.3,94.36,2.23
2023-07-14 07:00:00,284.73,291.12,25.64,88.45,2.87
2023-07-14 08:00:00,506.42,511.9,27.36,79.43,3.23
2023-07-14 09:00:00,694.7,702.67,28.65,73.32,3.16
2023-07-14 10:00:00,814.9,842.25,29.6,69.88,3.0
2023-07-14 11:00:00,818.03,918.62,30.03,68.11,2.77
2023-07-14 12:00:00,835.08,927.4,30.16,67.38,2.51
2023-07-14 13:00:00,734.08,865.97,30.09,67.4,2.27
2023-07-14 14:00:00,639.58,738.47,29.79,68.61,1.96
2023-07-14 15:00:00,519.38,558.0,29.34,71.04,1.67
2023-07-14 16:00:00,317.45,341.62,28.84,75.24,1.28
2023-07-14 17:00:00,119.57,125.4,28.09,80.57,0.99
2023-07-14 18:00:00,5.45,5.5,26.82,88.68,0.59
2023-07-14 19:00:00,0.0,0.0,26.35,89.22,0.61
2023-07-14 20:00:00,0.0,0.0,26.09,89.35,0.6
2023-07-14 21:00:00,0.0,0.0,25.9,88.99,0.6
2023-07-14 22:00:00,0.0,0.0,25.75,88.59,0.59
2023-07-14 23:00:00,0.0,0.0,25.5,89.03,0.59
2023-07-15 00:00:00,0.0,0.0,25.22,90.08,0.59
2023-07-15 01:00:00,0.0,0.0,24.96,91.29,0.6
2023-07-15 02:00:00,0.0,0.0,24.63,93.14,0.59
2023-07-15 03:00:00,0.0,0.0,24.31,94.52,0.59
2023-07-15 04:00:00,0.0,0.0,24.03,95.57,0.63
2023-07-15 05:00:00,0.0,0.0,23.84,96.22,0.66
2023-07-15 06:00:00,21.62,75.93,24.37,95.11,0.97
2023-07-15 07:00:00,65.22,282.2,25.0,92.07,1.59
2023-07-15 08:00:00,112.18,504.65,26.01,88.74,1.58
2023-07-15 09:00:00,208.52,700.08,27.2,83.1,1.57
2023-07-15 10:00:00,257.9,841.85,27.97,79.59,1.32
2023-07-15 11:00:00,650.58,919.58,28.43,77.42,0.98
2023-07-15 12:00:00,747.6,917.88,28.7,75.89,0.78
2023-07-15 13:00:00,735.88,854.62,28.87,74.83,0.9
2023-07-15 14:00:00,526.55,725.5,28.8,75.06,1.25
2023-07-15 15:00:00,367.42,546.42,28.55,77.15,1.46
2023-07-15 16:00:00,144.0,330.75,28.16,81.08,1.33
2023-07-15 17:00:00,38.9,118.07,27.39,86.06,1.07
2023-07-15 18:00:00,1.25,5.3,26.16,91.48,0.7
2023-07-15 19:00:00,0.0,0.0,25.77,91.53,0.71
2023-07-15 20:00:00,0.0,0.0,25.44,91.61,0.74
2023-07-15 21:00:00,0.0,0.0,25.08,91.96,0.75
2023-07-15 22:00:00,0.0,0.0,24.78,92.34,0.74
2023-07-15 23:00:00,0.0,0.0,24.48,92.8,0.74
2023-07-16 00:00:00,0.0,0.0,24.14,93.71,0.74
2023-07-16 01:00:00,0.0,0.0,23.83,94.62,0.78
2023-07-16 02:00:00,0.0,0.0,23.6,95.31,0.88
2023-07-16 03:00:00,0.0,0.0,23.45,95.89,0.85
2023-07-16 04:00:00,0.0,0.0,23.25,96.38,0.66
2023-07-16 05:00:00,0.0,0.0,23.12,96.31,0.53
2023-07-16 06:00:00,47.75,71.9,23.91,93.78,0.85
2023-07-16 07:00:00,171.27,273.05,25.35,87.54,1.05
2023-07-16 08:00:00,312.88,496.77,27.87,75.7,1.49
2023-07-16 09:00:00,480.27,694.7,29.81,67.62,2.05
2023-07-16 10:00:00,716.9,840.1,30.96,63.5,2.27
2023-07-16 11:00:00,822.65,921.05,31.81,60.48,2.3
2023-07-16 12:00:00,836.67,932.92,32.32,58.4,2.23
2023-07-16 13:00:00,738.83,870.75,32.31,57.9,2.1
2023-07-16 14:00:00,663.3,741.53,32.17,58.29,1.97
2023-07-16 15:00:00,526.3,557.85,31.6,60.41,1.79
2023-07-16 16:00:00,321.38,340.3,30.65,65.79,1.49
2023-07-16 17:00:00,118.55,123.38,29.55,73.04,1.26
2023-07-16 18:00:00,5.35,5.45,27.68,86.42,0.84
2023-07-16 19:00:00,0.0,0.0,26.88,88.39,1.12
2023-07-16 20:00:00,0.0,0.0,26.4,89.72,1.55
2023-07-16 21:00:00,0.0,0.0,25.98,91.7,1.88
2023-07-16 22:00:00,0.0,0.0,25.59,93.73,2.01
2023-07-16 23:00:00,0.0,0.0,25.24,95.19,1.99
2023-07-17 00:00:00,0.0,0.0,24.97,96.01,1.81
2023-07-17 01:00:00,0.0,0.0,24.75,96.45,1.54
2023-07-17 02:00:00,0.0,0.0,24.56,96.69,1.3
2023-07-17 03:00:00,0.0,0.0,24.35,96.88,1.18
2023-07-17 04:00:00,0.0,0.0,24.1,97.01,1.17
2023-07-17 05:00:00,0.0,0.0,23.86,97.01,1.25
2023-07-17 06:00:00,4.25,72.6,24.25,95.11,2.02
2023-07-17 07:00:00,41.25,276.05,25.28,90.86,2.29
2023-07-17 08:00:00,52.12,499.83,26.86,82.98,2.3
2023-07-17 09:00:00,94.0,696.0,28.38,76.01,1.9
2023-07-17 10:00:00,422.38,842.7,29.4,72.46,1.29
2023-07-17 11:00:00,556.12,923.58,30.05,70.44,1.05
2023-07-17 12:00:00,648.22,921.08,30.41,69.11,1.27
2023-07-17 13:00:00,669.97,860.25,30.39,68.91,1.52
2023-07-17 14:00:00,532.67,732.45,30.19,69.4,1.71
2023-07-17 15:00:00,427.9,548.1,29.81,71.21,1.68
2023-07-17 16:00:00,261.67,329.95,29.3,76.16,1.24
2023-07-17 17:00:00,99.68,117.38,28.41,79.92,1.11
2023-07-17 18:00:00,5.12,5.38,27.06,89.41,0.64
2023-07-17 19:00:00,0.0,0.0,26.67,89.5,0.63
2023-07-17 20:00:00,0.0,0.0,26.52,88.65,0.6
2023-07-17 21:00:00,0.0,0.0,26.42,87.58,0.56
2023-07-17 22:00:00,0.0,0.0,26.27,87.17,0.48
2023-07-17 23:00:00,0.0,0.0,26.04,87.36,0.45
2023-07-18 00:00:00,0.0,0.0,25.67,88.82,0.48
2023-07-18 01:00:00,0.0,0.0,25.26,90.74,0.5
2023-07-18 02:00:00,0.0,0.0,24.9,92.38,0.51
2023-07-18 03:00:00,0.0,0.0,24.52,94.19,0.56
2023-07-18 04:00:00,0.0,0.0,24.14,95.91,0.64
2023-07-18 05:00:00,0.0,0.0,23.9,96.74,0.79
2023-07-18 06:00:00,67.68,69.25,24.53,94.71,1.59
2023-07-18 07:00:00,262.77,270.7,25.38,91.66,2.27
2023-07-18 08:00:00,490.48,496.65,27.21,82.89,2.76
2023-07-18 09:00:00,678.95,694.0,29.19,73.94,3.11
2023-07-18 10:00:00,753.53,843.0,30.5,68.41,3.13
2023-07-18 11:00:00,860.15,924.28,31.35,65.15,2.96
2023-07-18 12:00:00,900.47,944.25,31.67,63.94,2.71
2023-07-18 13:00:00,769.5,880.15,31.61,64.33,2.45
2023-07-18 14:00:00,678.55,749.75,31.39,65.33,2.15
2023-07-18 15:00:00,524.55,565.6,30.9,67.46,1.75
2023-07-18 16:00:00,307.08,345.73,30.28,73.08,1.05
2023-07-18 17:00:00,104.35,126.47,29.46,76.2,0.86
2023-07-18 18:00:00,3.75,5.47,28.33,84.7,0.54
2023-07-18 19:00:00,0.0,0.0,27.83,85.33,0.6
2023-07-18 20:00:00,0.0,0.0,27.32,87.15,0.63
2023-07-18 21:00:00,0.0,0.0,26.82,88.95,0.66
2023-07-18 22:00:00,0.0,0.0,26.33,90.84,0.68
2023-07-18 23:00:00,0.0,0.0,25.92,92.26,0.72
2023-07-19 00:00:00,0.0,0.0,25.57,93.35,0.79
2023-07-19 01:00:00,0.0,0.0,25.28,94.01,0.98
2023-07-19 02:00:00,0.0,0.0,24.99,94.52,1.29
2023-07-19 03:00:00,0.0,0.0,24.73,94.93,1.68
2023-07-19 04:00:00,0.0,0.0,24.48,95.54,1.95
2023-07-19 05:00:00,0.0,0.0,24.23,96.35,2.05
2023-07-19 06:00:00,28.48,65.82,24.33,96.32,2.27
2023-07-19 07:00:00,95.93,259.45,24.88,95.14,2.46
2023-07-19 08:00:00,175.38,479.23,25.72,93.71,2.42
2023-07-19 09:00:00,354.7,677.08,26.89,88.37,2.75
2023-07-19 10:00:00,383.4,825.38,27.8,82.62,2.73
2023-07-19 11:00:00,520.97,910.3,28.34,78.84,2.35
2023-07-19 12:00:00,616.65,940.97,28.7,76.8,1.8
2023-07-19 13:00:00,478.58,882.05,28.89,76.23,1.4
2023-07-19 14:00:00,398.05,756.8,28.77,77.23,1.42
2023-07-19 15:00:00,209.77,575.88,28.39,79.4,1.48
2023-07-19 16:00:00,147.15,357.62,27.9,83.59,1.17
2023-07-19 17:00:00,64.97,133.45,27.19,87.9,0.95
2023-07-19 18:00:00,4.05,5.68,25.91,93.65,0.62
2023-07-19 19:00:00,0.0,0.0,25.45,94.37,0.66
2023-07-19 20:00:00,0.0,0.0,25.1,95.3,0.71
2023-07-19 21:00:00,0.0,0.0,24.84,96.11,0.72
2023-07-19 22:00:00,0.0,0.0,24.63,96.69,0.7
2023-07-19 23:00:00,0.0,0.0,24.43,97.32,0.7
2023-07-20 00:00:00,0.0,0.0,24.33,97.71,0.73
2023-07-20 01:00:00,0.0,0.0,24.26,97.88,0.8
2023-07-20 02:00:00,0.0,0.0,24.2,97.96,0.87
2023-07-20 03:00:00,0.0,0.0,24.15,97.79,0.98
2023-07-20 04:00:00,0.0,0.0,24.03,97.94,1.11
2023-07-20 05:00:00,0.0,0.0,23.94,97.92,1.25
2023-07-20 06:00:00,67.12,70.88,24.53,95.41,2.08
2023-07-20 07:00:00,263.15,271.83,25.43,91.86,2.71
2023-07-20 08:00:00,497.33,498.1,26.63,86.18,3.17
2023-07-20 09:00:00,672.78,696.22,27.75,80.28,3.38
2023-07-20 10:00:00,822.62,842.38,28.56,76.33,3.32
2023-07-20 11:00:00,888.92,924.3,29.24,73.46,3.26
2023-07-20 12:00:00,849.58,930.85,29.69,71.56,3.17
2023-07-20 13:00:00,805.28,868.85,29.86,70.77,3.03
2023-07-20 14:00:00,702.15,740.5,29.73,71.37,2.78
2023-07-20 15:00:00,536.62,557.78,29.32,73.48,2.38
2023-07-20 16:00:00,324.15,339.58,28.69,78.16,1.74
2023-07-20 17:00:00,118.68,123.43,27.8,84.05,1.29
2023-07-20 18:00:00,5.2,5.43,26.42,90.99,0.84
2023-07-20 19:00:00,0.0,0.0,25.88,92.03,0.85
2023-07-20 20:00:00,0.0,0.0,25.51,92.75,0.86
2023-07-20 21:00:00,0.0,0.0,25.21,93.41,0.86
2023-07-20 22:00:00,0.0,0.0,24.95,93.94,0.82
2023-07-20 23:00:00,0.0,0.0,24.73,94.35,0.81
2023-07-21 00:00:00,0.0,0.0,24.47,94.92,0.85
2023-07-21 01:00:00,0.0,0.0,24.25,95.31,0.95
2023-07-21 02:00:00,0.0,0.0,24.06,95.68,1.1
2023-07-21 03:00:00,0.0,0.0,23.91,96.1,1.35
2023-07-21 04:00:00,0.0,0.0,23.81,96.58,1.68
2023-07-21 05:00:00,0.0,0.0,23.7,97.19,1.86
2023-07-21 06:00:00,61.72,70.82,24.37,94.84,2.49
2023-07-21 07:00:00,198.88,272.15,25.77,90.0,3.2
2023-07-21 08:00:00,315.0,495.25,27.31,82.78,4.07
2023-07-21 09:00:00,394.65,691.45,28.37,77.82,4.06
2023-07-21 10:00:00,489.08,836.62,29.25,74.06,3.7
2023-07-21 11:00:00,691.0,916.1,29.73,71.78,3.23
2023-07-21 12:00:00,691.78,875.22,29.93,70.54,2.77
2023-07-21 13:00:00,688.8,811.35,30.01,69.88,2.4
2023-07-21 14:00:00,593.17,688.15,29.97,70.15,2.06
2023-07-21 15:00:00,402.35,503.77,29.6,72.23,1.75
2023-07-21 16:00:00,242.8,294.45,29.14,76.69,1.35
2023-07-21 17:00:00,93.03,102.55,28.3,82.29,1.02
2023-07-21 18:00:00,4.85,4.78,26.95,89.79,0.67
2023-07-21 19:00:00,0.0,0.0,26.43,90.68,0.75
2023-07-21 20:00:00,0.0,0.0,26.05,91.44,0.86
2023-07-21 21:00:00,0.0,0.0,25.76,91.79,1.01
2023-07-21 22:00:00,0.0,0.0,25.49,92.26,1.15
2023-07-21 23:00:00,0.0,0.0,25.24,92.88,1.27
2023-07-22 00:00:00,0.0,0.0,25.01,93.63,1.33
2023-07-22 01:00:00,0.0,0.0,24.8,94.5,1.32
2023-07-22 02:00:00,0.0,0.0,24.7,94.96,1.35
2023-07-22 03:00:00,0.0,0.0,24.63,95.16,1.54
2023-07-22 04:00:00,0.0,0.0,24.56,95.31,1.86
2023-07-22 05:00:00,0.0,0.0,24.42,95.99,1.9
2023-07-22 06:00:00,46.03,63.08,24.6,95.47,2.16
2023-07-22 07:00:00,129.05,250.1,25.14,93.63,2.6
2023-07-22 08:00:00,252.7,475.4,25.84,90.65,3.16
2023-07-22 09:00:00,300.17,672.97,26.4,86.59,3.88
2023-07-22 10:00:00,358.77,820.4,26.89,83.37,3.85
2023-07-22 11:00:00,452.25,903.78,27.34,81.09,3.56
2023-07-22 12:00:00,674.53,919.6,27.75,79.04,3.14
2023-07-22 13:00:00,718.12,858.33,27.8,78.81,2.62
2023-07-22 14:00:00,630.3,729.4,27.72,79.49,2.2
2023-07-22 15:00:00,471.42,546.17,27.53,80.66,1.78
2023-07-22 16:00:00,283.23,328.75,27.26,83.28,1.27
2023-07-22 17:00:00,104.28,117.15,26.68,88.42,0.79
2023-07-22 18:00:00,5.07,5.22,25.69,91.29,0.58
2023-07-22 19:00:00,0.0,0.0,25.18,92.49,0.64
2023-07-22 20:00:00,0.0,0.0,24.75,94.09,0.67
2023-07-22 21:00:00,0.0,0.0,24.37,95.16,0.69
2023-07-22 22:00:00,0.0,0.0,24.09,95.88,0.68
2023-07-22 23:00:00,0.0,0.0,23.89,96.68,0.65
2023-07-23 00:00:00,0.0,0.0,23.74,97.39,0.61
2023-07-23 01:00:00,0.0,0.0,23.69,97.79,0.59
2023-07-23 02:00:00,0.0,0.0,23.65,97.9,0.68
2023-07-23 03:00:00,0.0,0.0,23.62,97.76,0.84
2023-07-23 04:00:00,0.0,0.0,23.57,97.62,1.06
2023-07-23 05:00:00,0.0,0.0,23.51,97.32,1.35
2023-07-23 06:00:00,38.35,70.0,23.99,95.25,2.27
2023-07-23 07:00:00,142.8,275.98,24.78,91.46,2.81
2023-07-23 08:00:00,251.3,502.75,25.84,84.87,3.04
2023-07-23 09:00:00,374.35,699.45,27.11,78.91,2.87
2023-07-23 10:00:00,413.65,844.95,28.41,73.16,2.45
2023-07-23 11:00:00,467.3,925.62,29.34,69.26,2.15
2023-07-23 12:00:00,588.38,930.4,29.89,67.15,2.1
2023-07-23 13:00:00,631.75,869.05,30.31,65.75,2.23
2023-07-23 14:00:00,564.62,740.97,30.26,65.93,2.35
2023-07-23 15:00:00,496.9,558.0,29.79,67.75,2.41
2023-07-23 16:00:00,307.17,338.8,29.05,70.99,2.35
2023-07-23 17:00:00,113.88,122.28,27.92,78.07,1.75
2023-07-23 18:00:00,5.1,5.2,26.4,86.89,1.21
2023-07-23 19:00:00,0.0,0.0,25.87,87.83,1.51
2023-07-23 20:00:00,0.0,0.0,25.51,88.81,1.87
2023-07-23 21:00:00,0.0,0.0,25.2,89.97,2.23
2023-07-23 22:00:00,0.0,0.0,24.81,91.87,2.5
2023-07-23 23:00:00,0.0,0.0,24.43,93.36,2.61
2023-07-24 00:00:00,0.0,0.0,24.14,93.97,2.65
2023-07-24 01:00:00,0.0,0.0,23.87,94.41,2.62
2023-07-24 02:00:00,0.0,0.0,23.71,94.44,2.54
2023-07-24 03:00:00,0.0,0.0,23.61,94.62,2.25
2023-07-24 04:00:00,0.0,0.0,23.51,94.88,1.99
2023-07-24 05:00:00,0.0,0.0,23.4,95.2,1.87
2023-07-24 06:00:00,25.92,63.62,23.61,94.2,2.21
2023-07-24 07:00:00,82.7,260.02,24.27,91.76,2.67
2023-07-24 08:00:00,138.93,486.33,25.6,86.45,3.31
2023-07-24 09:00:00,191.98,684.25,27.41,78.85,3.67
2023-07-24 10:00:00,379.5,830.58,28.6,74.17,3.57
2023-07-24 11:00:00,617.05,911.83,29.31,71.47,3.31
2023-07-24 12:00:00,664.65,919.25,29.71,69.78,3.02
2023-07-24 13:00:00,690.12,852.8,30.13,68.18,2.73
2023-07-24 14:00:00,572.55,714.7,30.01,68.25,2.35
2023-07-24 15:00:00,404.27,527.12,29.54,69.99,1.92
2023-07-24 16:00:00,195.38,309.4,28.71,76.0,1.29
2023-07-24 17:00:00,78.32,108.3,27.75,80.65,1.05
2023-07-24 18:00:00,4.07,4.8,26.44,90.93,0.55
2023-07-24 19:00:00,0.0,0.0,25.78,93.34,0.56
2023-07-24 20:00:00,0.0,0.0,25.35,94.33,0.69
2023-07-24 21:00:00,0.0,0.0,25.02,95.12,0.83
2023-07-24 22:00:00,0.0,0.0,24.77,95.76,0.99
2023-07-24 23:00:00,0.0,0.0,24.56,96.29,1.1
2023-07-25 00:00:00,0.0,0.0,24.38,96.66,1.07
2023-07-25 01:00:00,0.0,0.0,24.25,96.8,1.13
2023-07-25 02:00:00,0.0,0.0,24.14,96.95,1.15
2023-07-25 03:00:00,0.0,0.0,24.0,96.92,1.18
2023-07-25 04:00:00,0.0,0.0,23.85,97.01,1.28
2023-07-25 05:00:00,0.0,0.0,23.74,97.1,1.46
2023-07-25 06:00:00,17.0,63.7,24.15,95.51,2.12
2023-07-25 07:00:00,73.2,260.42,24.99,92.12,2.83
2023-07-25 08:00:00,148.98,487.05,26.14,86.3,3.43
2023-07-25 09:00:00,441.85,687.28,27.3,79.96,3.75
2023-07-25 10:00:00,729.25,833.9,28.17,75.8,3.81
2023-07-25 11:00:00,855.17,916.62,28.92,72.53,3.69
2023-07-25 12:00:00,753.12,932.22,29.3,70.48,3.43
2023-07-25 13:00:00,716.25,870.25,29.45,69.41,3.08
2023-07-25 14:00:00,669.05,740.8,29.55,68.75,2.77
2023-07-25 15:00:00,494.95,555.6,29.29,69.61,2.49
2023-07-25 16:00:00,290.05,334.0,28.89,71.61,2.21
2023-07-25 17:00:00,107.78,117.03,27.95,78.5,1.43
2023-07-25 18:00:00,4.75,4.93,26.2,88.54,0.78
2023-07-25 19:00:00,0.0,0.0,25.51,89.71,0.75
2023-07-25 20:00:00,0.0,0.0,25.11,90.11,0.74
2023-07-25 21:00:00,0.0,0.0,24.75,90.56,0.74
2023-07-25 22:00:00,0.0,0.0,24.38,91.32,0.75
2023-07-25 23:00:00,0.0,0.0,23.99,92.35,0.75
2023-07-26 00:00:00,0.0,0.0,23.64,93.47,0.74
2023-07-26 01:00:00,0.0,0.0,23.31,94.61,0.76
2023-07-26 02:00:00,0.0,0.0,23.01,95.81,0.78
2023-07-26 03:00:00,0.0,0.0,22.79,96.81,0.83
2023-07-26 04:00:00,0.0,0.0,22.58,98.01,0.91
2023-07-26 05:00:00,0.0,0.0,22.36,99.41,1.02
2023-07-26 06:00:00,64.12,65.82,23.65,93.81,2.09
2023-07-26 07:00:00,258.4,264.45,25.9,84.5,2.73
2023-07-26 08:00:00,480.48,488.45,28.09,75.12,3.19
2023-07-26 09:00:00,679.35,687.45,29.46,69.61,3.11
2023-07-26 10:00:00,785.75,837.17,30.8,65.32,2.88
2023-07-26 11:00:00,852.03,921.95,31.8,62.03,2.62
2023-07-26 12:00:00,654.35,902.53,32.37,59.95,2.41
2023-07-26 13:00:00,763.92,837.65,32.7,58.73,2.24
2023-07-26 14:00:00,614.62,702.15,32.75,58.15,2.07
2023-07-26 15:00:00,422.77,519.65,32.39,59.11,1.91
2023-07-26 16:00:00,235.38,302.58,31.55,62.83,1.58
2023-07-26 17:00:00,87.95,101.72,30.59,68.97,1.16
2023-07-26 18:00:00,4.25,4.5,28.61,81.63,0.69
2023-07-26 19:00:00,0.0,0.0,27.77,82.68,0.75
2023-07-26 20:00:00,0.0,0.0,27.1,84.17,0.82
2023-07-26 21:00:00,0.0,0.0,26.53,85.51,0.89
2023-07-26 22:00:00,0.0,0.0,26.05,86.63,0.96
2023-07-26 23:00:00,0.0,0.0,25.61,87.8,1.03
2023-07-27 00:00:00,0.0,0.0,25.23,89.0,1.09
2023-07-27 01:00:00,0.0,0.0,24.9,90.18,1.14
2023-07-27 02:00:00,0.0,0.0,24.57,91.66,1.2
2023-07-27 03:00:00,0.0,0.0,24.28,93.11,1.28
2023-07-27 04:00:00,0.0,0.0,24.01,94.84,1.35
2023-07-27 05:00:00,0.0,0.0,23.77,96.68,1.43
2023-07-27 06:00:00,50.6,60.08,24.75,92.96,2.41
2023-07-27 07:00:00,190.57,247.48,26.81,84.67,2.79
2023-07-27 08:00:00,377.1,469.8,29.11,74.46,3.17
2023-07-27 09:00:00,509.17,672.7,30.4,69.27,2.65
2023-07-27 10:00:00,597.05,823.88,31.2,66.22,1.91
2023-07-27 11:00:00,653.0,905.03,31.62,64.39,1.27
2023-07-27 12:00:00,692.6,878.22,31.91,63.07,0.75
2023-07-27 13:00:00,723.67,811.53,31.94,62.27,0.33
2023-07-27 14:00:00,606.7,670.47,31.9,61.76,0.33
2023-07-27 15:00:00,428.6,491.42,31.69,61.81,0.43
2023-07-27 16:00:00,236.6,281.58,31.31,63.36,0.33
2023-07-27 17:00:00,81.7,94.2,30.27,69.64,0.23
2023-07-27 18:00:00,4.07,4.28,29.51,75.04,0.21
2023-07-27 19:00:00,0.0,0.0,28.92,75.69,0.37
2023-07-27 20:00:00,0.0,0.0,28.23,76.22,0.54
2023-07-27 21:00:00,0.0,0.0,27.57,79.5,0.66
2023-07-27 22:00:00,0.0,0.0,26.83,83.62,0.72
2023-07-27 23:00:00,0.0,0.0,26.13,87.2,0.72
2023-07-28 00:00:00,0.0,0.0,25.6,89.4,0.82
2023-07-28 01:00:00,0.0,0.0,25.22,90.17,1.03
2023-07-28 02:00:00,0.0,0.0,24.88,91.08,1.29
2023-07-28 03:00:00,0.0,0.0,24.6,92.39,1.46
2023-07-28 04:00:00,0.0,0.0,24.34,94.16,1.55
2023-07-28 05:00:00,0.0,0.0,24.21,95.4,1.79
2023-07-28 06:00:00,4.12,57.45,24.75,94.28,2.59
2023-07-28 07:00:00,12.07,240.52,26.04,89.99,3.28
2023-07-28 08:00:00,18.73,460.2,27.55,82.73,3.81
2023-07-28 09:00:00,36.67,660.65,28.6,77.43,3.69
2023-07-28 10:00:00,80.32,811.65,29.17,74.79,3.41
2023-07-28 11:00:00,281.38,894.92,29.5,73.19,3.09
2023-07-28 12:00:00,322.75,901.9,29.62,72.45,2.77
2023-07-28 13:00:00,420.05,839.55,29.28,74.26,2.44
2023-07-28 14:00:00,343.05,710.38,28.74,77.34,2.19
2023-07-28 15:00:00,279.67,526.75,28.17,80.63,1.9
2023-07-28 16:00:00,206.52,311.08,27.53,85.33,1.46
2023-07-28 17:00:00,77.1,105.32,26.73,90.58,1.07
2023-07-28 18:00:00,4.18,4.47,25.95,94.57,0.87
2023-07-28 19:00:00,0.0,0.0,25.62,95.17,1.0
2023-07-28 20:00:00,0.0,0.0,25.36,95.36,1.19
2023-07-28 21:00:00,0.0,0.0,25.1,95.42,1.39
2023-07-28 22:00:00,0.0,0.0,24.85,95.44,1.61
2023-07-28 23:00:00,0.0,0.0,24.62,95.61,1.8
2023-07-29 00:00:00,0.0,0.0,24.42,95.79,1.94
2023-07-29 01:00:00,0.0,0.0,24.17,96.05,2.09
2023-07-29 02:00:00,0.0,0.0,23.89,95.96,2.13
2023-07-29 03:00:00,0.0,0.0,23.57,95.95,2.12
2023-07-29 04:00:00,0.0,0.0,23.34,96.03,2.15
2023-07-29 05:00:00,0.0,0.0,23.19,96.02,2.39
2023-07-29 06:00:00,44.25,60.05,23.38,95.41,2.86
2023-07-29 07:00:00,148.8,246.1,24.08,93.1,3.48
2023-07-29 08:00:00,284.12,468.62,25.04,88.2,4.45
2023-07-29 09:00:00,414.85,670.33,25.83,83.46,5.08
2023-07-29 10:00:00,499.0,823.05,26.32,80.65,5.19
2023-07-29 11:00:00,554.15,907.15,27.08,77.04,5.08
2023-07-29 12:00:00,651.5,921.9,28.1,72.48,4.86
2023-07-29 13:00:00,667.15,859.9,28.41,70.88,4.49
2023-07-29 14:00:00,563.9,729.5,28.38,70.78,4.0
2023-07-29 15:00:00,402.2,543.5,28.05,72.5,3.4
2023-07-29 16:00:00,249.1,323.23,27.57,76.52,2.45
2023-07-29 17:00:00,93.88,111.65,26.68,85.23,1.25
2023-07-29 18:00:00,4.3,4.5,25.48,90.76,0.85
2023-07-29 19:00:00,0.0,0.0,25.1,91.36,0.86
2023-07-29 20:00:00,0.0,0.0,24.83,91.66,0.89
2023-07-29 21:00:00,0.0,0.0,24.6,91.97,0.9
2023-07-29 22:00:00,0.0,0.0,24.38,92.5,0.89
2023-07-29 23:00:00,0.0,0.0,24.13,93.1,0.89
2023-07-30 00:00:00,0.0,0.0,23.89,93.88,0.84
2023-07-30 01:00:00,0.0,0.0,23.64,94.78,0.75
2023-07-30 02:00:00,0.0,0.0,23.39,95.81,0.66
2023-07-30 03:00:00,0.0,0.0,23.18,96.7,0.64
2023-07-30 04:00:00,0.0,0.0,23.01,97.4,0.73
2023-07-30 05:00:00,0.0,0.0,22.85,97.73,0.85
2023-07-30 06:00:00,33.88,64.4,23.65,94.95,1.77
2023-07-30 07:00:00,141.52,266.67,24.97,90.02,2.22
2023-07-30 08:00:00,269.98,494.95,26.79,82.05,2.7
2023-07-30 09:00:00,375.73,693.42,28.43,75.12,2.94
2023-07-30 10:00:00,484.4,840.62,29.48,71.23,2.9
2023-07-30 11:00:00,668.65,922.83,30.34,68.32,2.87
2023-07-30 12:00:00,717.5,938.38,30.91,66.11,2.8
2023-07-30 13:00:00,708.62,875.7,31.13,64.47,2.73
2023-07-30 14:00:00,646.05,745.33,31.08,63.59,2.68
2023-07-30 15:00:00,370.45,559.42,30.66,64.51,2.51
2023-07-30 16:00:00,190.52,337.45,29.93,68.61,1.99
2023-07-30 17:00:00,68.85,118.2,28.83,75.42,1.42
2023-07-30 18:00:00,2.6,4.53,26.99,87.42,0.76
2023-07-30 19:00:00,0.0,0.0,26.38,88.58,0.74
2023-07-30 20:00:00,0.0,0.0,25.98,89.64,0.73
2023-07-30 21:00:00,0.0,0.0,25.62,90.86,0.75
2023-07-30 22:00:00,0.0,0.0,25.3,91.83,0.8
2023-07-30 23:00:00,0.0,0.0,24.97,92.82,0.9
2023-07-31 00:00:00,0.0,0.0,24.67,93.48,1.07
2023-07-31 01:00:00,0.0,0.0,24.38,94.33,1.22
2023-07-31 02:00:00,0.0,0.0,24.15,95.24,1.29
2023-07-31 03:00:00,0.0,0.0,23.96,96.16,1.14
2023-07-31 04:00:00,0.0,0.0,23.83,96.78,0.93
2023-07-31 05:00:00,0.0,0.0,23.71,97.15,0.84
2023-07-31 06:00:00,30.12,63.95,23.91,96.09,1.31
2023-07-31 07:00:00,97.8,265.12,24.35,94.22,2.08
2023-07-31 08:00:00,212.12,491.27,25.08,91.62,2.59
2023-07-31 09:00:00,289.62,689.72,26.14,84.65,3.03
2023-07-31 10:00:00,567.78,837.05,27.5,76.24,3.12
2023-07-31 11:00:00,759.47,918.3,28.44,71.49,2.96
2023-07-31 12:00:00,705.25,929.75,29.34,68.8,2.69
2023-07-31 13:00:00,619.75,866.22,29.8,67.72,2.4
2023-07-31 14:00:00,503.98,736.75,29.92,67.85,2.1
2023-07-31 15:00:00,376.85,552.58,29.58,69.42,1.82
2023-07-31 16:00:00,192.23,333.2,28.88,73.43,1.5
2023-07-31 17:00:00,65.15,116.05,27.99,79.58,1.08
2023-07-31 18:00:00,2.35,4.47,26.57,89.55,0.68
2023-07-31 19:00:00,0.0,0.0,25.86,91.8,0.75
2023-07-31 20:00:00,0.0,0.0,25.37,92.53,0.91
2023-07-31 21:00:00,0.0,0.0,24.99,93.17,1.08
2023-07-31 22:00:00,0.0,0.0,24.7,93.74,1.2
2023-07-31 23:00:00,0.0,0.0,24.43,94.4,1.27
2023-08-01 00:00:00,0.0,0.0,24.18,95.03,1.3
2023-08-01 01:00:00,0.0,0.0,23.94,95.59,1.34
2023-08-01 02:00:00,0.0,0.0,23.71,96.24,1.33
2023-08-01 03:00:00,0.0,0.0,23.51,96.87,1.19
2023-08-01 04:00:00,0.0,0.0,23.32,97.47,1.03
2023-08-01 05:00:00,0.0,0.0,23.12,97.91,0.9
2023-08-01 06:00:00,45.72,64.95,23.88,95.66,1.57
2023-08-01 07:00:00,162.93,265.3,25.12,91.52,1.92
2023-08-01 08:00:00,328.2,486.42,27.03,81.33,2.54
2023-08-01 09:00:00,334.0,683.12,28.61,73.53,2.71
2023-08-01 10:00:00,346.12,828.53,29.43,70.98,2.79
2023-08-01 11:00:00,496.55,909.12,29.68,70.18,2.8
2023-08-01 12:00:00,440.4,883.28,29.93,69.26,2.71
2023-08-01 13:00:00,198.0,819.6,29.97,68.99,2.49
2023-08-01 14:00:00,87.78,687.1,29.86,68.98,2.19
2023-08-01 15:00:00,97.53,499.8,29.37,70.81,1.87
2023-08-01 16:00:00,56.88,287.85,28.69,75.58,1.53
2023-08-01 17:00:00,25.15,95.45,27.73,81.69,1.21
2023-08-01 18:00:00,1.8,3.95,26.25,91.19,0.91
2023-08-01 19:00:00,0.0,0.0,25.76,92.23,1.27
2023-08-01 20:00:00,0.0,0.0,25.48,93.36,1.56
2023-08-01 21:00:00,0.0,0.0,25.19,94.85,1.61
2023-08-01 22:00:00,0.0,0.0,24.96,95.88,1.64
2023-08-01 23:00:00,0.0,0.0,24.73,96.68,1.63
2023-08-02 00:00:00,0.0,0.0,24.56,97.02,1.57
2023-08-02 01:00:00,0.0,0.0,24.43,97.06,1.57
2023-08-02 02:00:00,0.0,0.0,24.35,96.89,1.71
2023-08-02 03:00:00,0.0,0.0,24.38,96.12,2.21
2023-08-02 04:00:00,0.0,0.0,24.26,96.38,2.34
2023-08-02 05:00:00,0.0,0.0,24.13,96.54,2.37
2023-08-02 06:00:00,23.35,56.35,24.25,95.89,2.67
2023-08-02 07:00:00,110.7,238.27,24.69,94.32,2.95
2023-08-02 08:00:00,217.15,457.65,25.23,90.15,3.68
2023-08-02 09:00:00,313.23,662.0,26.04,84.48,4.1
2023-08-02 10:00:00,367.25,814.08,26.93,79.75,4.14
2023-08-02 11:00:00,416.85,899.6,27.81,76.47,3.96
2023-08-02 12:00:00,440.27,915.33,28.5,74.26,3.59
2023-08-02 13:00:00,460.4,852.6,28.91,72.82,3.14
2023-08-02 14:00:00,405.88,723.45,28.87,73.11,2.78
2023-08-02 15:00:00,282.0,538.88,28.41,75.43,2.43
2023-08-02 16:00:00,179.93,321.05,27.84,79.38,2.0
2023-08-02 17:00:00,63.83,108.57,26.92,86.69,1.3
2023-08-02 18:00:00,2.9,4.2,25.73,92.55,0.92
2023-08-02 19:00:00,0.0,0.0,25.37,93.19,1.01
2023-08-02 20:00:00,0.0,0.0,25.13,93.61,1.11
2023-08-02 21:00:00,0.0,0.0,24.92,93.97,1.17
2023-08-02 22:00:00,0.0,0.0,24.66,94.54,1.24
2023-08-02 23:00:00,0.0,0.0,24.42,95.0,1.36
2023-08-03 00:00:00,0.0,0.0,24.21,95.48,1.51
2023-08-03 01:00:00,0.0,0.0,23.99,96.3,1.5
2023-08-03 02:00:00,0.0,0.0,23.81,97.02,1.35
2023-08-03 03:00:00,0.0,0.0,23.75,97.17,1.31
2023-08-03 04:00:00,0.0,0.0,23.86,96.71,1.68
2023-08-03 05:00:00,0.0,0.0,23.91,96.57,2.1
2023-08-03 06:00:00,30.45,60.8,24.24,95.31,2.73
2023-08-03 07:00:00,131.12,258.0,24.88,91.56,3.54
2023-08-03 08:00:00,246.38,487.33,25.71,84.55,4.2
2023-08-03 09:00:00,390.92,686.55,26.91,77.8,4.3
2023-08-03 10:00:00,493.17,837.78,28.12,73.17,4.07
2023-08-03 11:00:00,506.05,922.8,29.33,69.36,3.81
2023-08-03 12:00:00,549.0,954.28,29.86,67.67,3.51
2023-08-03 13:00:00,462.9,892.88,29.92,67.56,3.23
2023-08-03 14:00:00,390.58,762.9,29.65,68.77,2.98
2023-08-03 15:00:00,355.02,573.62,29.34,70.37,2.76
2023-08-03 16:00:00,231.5,348.27,28.82,73.43,2.45
2023-08-03 17:00:00,85.57,124.25,27.77,81.2,1.72
2023-08-03 18:00:00,3.28,4.43,25.99,89.69,1.17
2023-08-03 19:00:00,0.0,0.0,25.45,90.69,1.48
2023-08-03 20:00:00,0.0,0.0,25.13,91.31,1.77
2023-08-03 21:00:00,0.0,0.0,24.82,92.11,1.86
2023-08-03 22:00:00,0.0,0.0,24.45,93.18,1.79
2023-08-03 23:00:00,0.0,0.0,24.11,94.12,1.68
2023-08-04 00:00:00,0.0,0.0,23.8,95.13,1.57
2023-08-04 01:00:00,0.0,0.0,23.51,96.05,1.53
2023-08-04 02:00:00,0.0,0.0,23.35,96.62,1.53
2023-08-04 03:00:00,0.0,0.0,23.3,96.52,1.61
2023-08-04 04:00:00,0.0,0.0,23.29,96.32,1.87
2023-08-04 05:00:00,0.0,0.0,23.24,96.32,2.08
2023-08-04 06:00:00,52.15,58.67,23.81,94.02,2.76
2023-08-04 07:00:00,171.23,254.27,25.3,88.39,3.18
2023-08-04 08:00:00,241.05,474.73,27.09,80.69,3.38
2023-08-04 09:00:00,331.73,678.03,28.78,73.74,3.1
2023-08-04 10:00:00,413.8,834.58,29.98,69.39,2.7
2023-08-04 11:00:00,559.83,924.38,30.66,67.09,2.42
2023-08-04 12:00:00,671.25,936.15,31.34,65.2,2.28
2023-08-04 13:00:00,716.83,872.6,31.62,64.28,2.17
2023-08-04 14:00:00,675.08,738.72,31.6,64.24,2.05
2023-08-04 15:00:00,524.17,548.7,31.12,66.0,1.91
2023-08-04 16:00:00,301.0,324.77,30.34,69.91,1.68
2023-08-04 17:00:00,107.12,111.1,29.25,76.72,1.26
2023-08-04 18:00:00,3.83,4.03,27.5,88.26,0.73
2023-08-04 19:00:00,0.0,0.0,26.77,89.63,0.77
2023-08-04 20:00:00,0.0,0.0,26.27,90.47,0.83
2023-08-04 21:00:00,0.0,0.0,25.85,91.22,0.9
2023-08-04 22:00:00,0.0,0.0,25.5,91.72,0.97
2023-08-04 23:00:00,0.0,0.0,25.14,92.34,1.06
2023-08-05 00:00:00,0.0,0.0,24.81,93.02,1.16
2023-08-05 01:00:00,0.0,0.0,24.5,93.89,1.24
2023-08-05 02:00:00,0.0,0.0,24.22,94.83,1.31
2023-08-05 03:00:00,0.0,0.0,23.96,95.96,1.35
2023-08-05 04:00:00,0.0,0.0,23.75,96.99,1.38
2023-08-05 05:00:00,0.0,0.0,23.62,97.53,1.41
2023-08-05 06:00:00,42.17,61.92,24.32,95.28,2.24
2023-08-05 07:00:00,170.23,261.33,25.7,90.86,2.9
2023-08-05 08:00:00,309.95,490.15,27.52,82.58,3.46
2023-08-05 09:00:00,400.7,693.53,28.83,76.24,3.29
2023-08-05 10:00:00,528.28,843.83,29.49,73.48,2.97
2023-08-05 11:00:00,621.7,926.58,29.92,71.79,2.72
2023-08-05 12:00:00,619.42,859.9,30.18,70.68,2.44
2023-08-05 13:00:00,584.95,797.45,30.11,70.65,2.07
2023-08-05 14:00:00,430.08,666.75,30.0,71.04,1.78
2023-08-05 15:00:00,290.98,483.38,29.75,72.4,1.64
2023-08-05 16:00:00,133.07,273.98,29.14,77.03,1.35
2023-08-05 17:00:00,48.78,87.3,28.08,83.66,1.12
2023-08-05 18:00:00,1.35,3.33,26.68,91.42,0.81
2023-08-05 19:00:00,0.0,0.0,26.16,92.27,0.93
2023-08-05 20:00:00,0.0,0.0,25.82,92.89,1.01
2023-08-05 21:00:00,0.0,0.0,25.55,93.5,1.03
2023-08-05 22:00:00,0.0,0.0,25.29,94.0,1.0
2023-08-05 23:00:00,0.0,0.0,25.04,94.44,1.01
2023-08-06 00:00:00,0.0,0.0,24.8,94.76,1.04
2023-08-06 01:00:00,0.0,0.0,24.61,95.1,1.09
2023-08-06 02:00:00,0.0,0.0,24.45,95.43,1.19
2023-08-06 03:00:00,0.0,0.0,24.3,96.09,1.26
2023-08-06 04:00:00,0.0,0.0,24.19,96.59,1.33
2023-08-06 05:00:00,0.0,0.0,24.08,96.94,1.44
2023-08-06 06:00:00,35.78,47.4,24.45,95.68,2.04
2023-08-06 07:00:00,142.15,205.88,25.19,93.67,2.51
2023-08-06 08:00:00,248.73,400.65,26.14,89.78,2.82
2023-08-06 09:00:00,385.4,599.53,27.0,85.83,3.15
2023-08-06 10:00:00,421.55,761.7,27.68,82.79,3.3
2023-08-06 11:00:00,475.33,854.4,28.44,79.8,3.48
2023-08-06 12:00:00,608.28,798.8,29.05,77.36,3.51
2023-08-06 13:00:00,452.4,729.9,28.99,77.23,3.3
2023-08-06 14:00:00,308.38,593.9,28.73,78.6,3.14
2023-08-06 15:00:00,277.95,418.05,28.3,80.89,2.91
2023-08-06 16:00:00,150.4,230.73,27.69,85.34,2.25
2023-08-06 17:00:00,51.17,74.5,26.7,91.98,1.25
2023-08-06 18:00:00,2.38,2.85,25.52,95.22,0.89
2023-08-06 19:00:00,0.0,0.0,25.17,95.75,0.78
2023-08-06 20:00:00,0.0,0.0,24.9,95.86,0.68
2023-08-06 21:00:00,0.0,0.0,24.69,95.66,0.64
2023-08-06 22:00:00,0.0,0.0,24.62,95.11,0.63
2023-08-06 23:00:00,0.0,0.0,24.51,95.1,0.57
2023-08-07 00:00:00,0.0,0.0,24.42,95.2,0.44
2023-08-07 01:00:00,0.0,0.0,24.42,94.75,0.32
2023-08-07 02:00:00,0.0,0.0,24.44,94.14,0.25
2023-08-07 03:00:00,0.0,0.0,24.29,94.35,0.31
2023-08-07 04:00:00,0.0,0.0,23.93,95.48,0.43
2023-08-07 05:00:00,0.0,0.0,23.65,96.35,0.58
2023-08-07 06:00:00,35.92,52.67,23.97,97.3,0.6
2023-08-07 07:00:00,127.2,231.95,24.82,94.35,1.3
2023-08-07 08:00:00,215.7,449.55,25.69,90.68,1.64
2023-08-07 09:00:00,366.4,649.33,26.58,86.03,1.88
2023-08-07 10:00:00,523.08,801.95,27.51,80.75,2.12
2023-08-07 11:00:00,537.22,886.7,28.27,76.66,2.38
2023-08-07 12:00:00,576.65,799.88,28.81,74.16,2.52
2023-08-07 13:00:00,518.22,731.67,29.15,72.65,2.56
2023-08-07 14:00:00,374.67,596.33,29.21,72.2,2.46
2023-08-07 15:00:00,267.4,413.35,28.96,72.93,2.25
2023-08-07 16:00:00,173.3,229.75,28.47,76.27,1.69
2023-08-07 17:00:00,55.35,70.05,27.62,82.47,1.14
2023-08-07 18:00:00,2.2,2.6,26.25,90.0,0.65
2023-08-07 19:00:00,0.0,0.0,25.88,90.44,0.64
2023-08-07 20:00:00,0.0,0.0,25.55,91.48,0.64
2023-08-07 21:00:00,0.0,0.0,25.21,92.51,0.64
2023-08-07 22:00:00,0.0,0.0,24.84,93.77,0.65
2023-08-07 23:00:00,0.0,0.0,24.52,94.86,0.68
2023-08-08 00:00:00,0.0,0.0,24.26,95.62,0.72
2023-08-08 01:00:00,0.0,0.0,24.02,96.43,0.76
2023-08-08 02:00:00,0.0,0.0,23.78,97.11,0.83
2023-08-08 03:00:00,0.0,0.0,23.62,97.56,0.91
2023-08-08 04:00:00,0.0,0.0,23.54,97.68,1.0
2023-08-08 05:00:00,0.0,0.0,23.44,97.81,1.07
2023-08-08 06:00:00,23.7,52.3,24.16,94.8,1.88
2023-08-08 07:00:00,111.95,232.12,25.42,89.67,2.4
2023-08-08 08:00:00,198.05,456.73,27.0,82.27,2.83
2023-08-08 09:00:00,318.58,665.12,28.4,76.03,3.03
2023-08-08 10:00:00,509.08,822.1,29.41,71.78,3.09
2023-08-08 11:00:00,629.62,911.2,30.06,69.0,3.12
2023-08-08 12:00:00,642.12,952.7,30.34,67.58,3.12
2023-08-08 13:00:00,560.12,889.4,30.54,66.36,3.14
2023-08-08 14:00:00,500.3,757.55,30.38,66.43,3.12
2023-08-08 15:00:00,325.08,568.78,29.98,67.94,2.89
2023-08-08 16:00:00,185.45,342.75,29.15,73.39,2.11
2023-08-08 17:00:00,60.6,116.47,28.02,82.29,1.34
2023-08-08 18:00:00,2.58,3.62,26.75,88.5,0.89
2023-08-08 19:00:00,0.0,0.0,26.35,89.92,0.83
2023-08-08 20:00:00,0.0,0.0,26.03,90.95,0.83
2023-08-08 21:00:00,0.0,0.0,25.63,91.9,0.92
2023-08-08 22:00:00,0.0,0.0,25.3,92.7,1.07
2023-08-08 23:00:00,0.0,0.0,25.01,93.69,1.29
2023-08-09 00:00:00,0.0,0.0,24.77,94.6,1.57
2023-08-09 01:00:00,0.0,0.0,24.58,95.63,1.91
2023-08-09 02:00:00,0.0,0.0,24.44,96.57,2.1
2023-08-09 03:00:00,0.0,0.0,24.36,97.03,2.06
2023-08-09 04:00:00,0.0,0.0,24.37,97.03,1.97
2023-08-09 05:00:00,0.0,0.0,24.37,97.0,1.92
2023-08-09 06:00:00,26.23,65.93,24.67,96.16,2.4
2023-08-09 07:00:00,97.32,275.3,25.31,94.0,3.22
2023-08-09 08:00:00,192.38,504.15,26.14,88.78,3.99
2023-08-09 09:00:00,99.97,704.78,27.26,82.26,4.28
2023-08-09 10:00:00,128.48,853.75,28.4,76.94,4.28
2023-08-09 11:00:00,107.57,936.83,29.45,72.28,4.15
2023-08-09 12:00:00,313.25,945.58,29.65,70.66,3.75
2023-08-09 13:00:00,362.33,880.12,29.25,72.69,3.3
2023-08-09 14:00:00,303.98,746.55,28.73,75.69,2.98
2023-08-09 15:00:00,282.4,556.75,28.03,79.84,2.54
2023-08-09 16:00:00,165.48,332.02,27.29,85.22,1.89
2023-08-09 17:00:00,57.9,110.9,26.41,91.02,1.28
2023-08-09 18:00:00,2.8,3.45,25.48,94.99,0.92
2023-08-09 19:00:00,0.0,0.0,25.09,95.78,0.93
2023-08-09 20:00:00,0.0,0.0,24.8,96.16,0.97
2023-08-09 21:00:00,0.0,0.0,24.57,96.56,1.16
2023-08-09 22:00:00,0.0,0.0,24.48,96.69,1.69
2023-08-09 23:00:00,0.0,0.0,24.44,96.83,2.35
2023-08-10 00:00:00,0.0,0.0,24.39,96.73,2.73
2023-08-10 01:00:00,0.0,0.0,24.26,96.05,3.31
2023-08-10 02:00:00,0.0,0.0,23.89,95.52,3.96
2023-08-10 03:00:00,0.0,0.0,23.41,95.52,4.17
2023-08-10 04:00:00,0.0,0.0,22.95,95.65,3.9
2023-08-10 05:00:00,0.0,0.0,22.63,95.66,3.62
2023-08-10 06:00:00,32.28,70.22,22.68,94.83,3.68
2023-08-10 07:00:00,130.02,288.08,23.25,92.36,3.97
2023-08-10 08:00:00,225.2,520.17,24.26,86.07,4.57
2023-08-10 09:00:00,334.48,721.45,25.6,79.13,4.72
2023-08-10 10:00:00,395.05,869.05,26.77,74.94,4.5
2023-08-10 11:00:00,393.48,951.62,27.72,72.48,4.25
2023-08-10 12:00:00,374.08,938.05,28.43,70.97,3.97
2023-08-10 13:00:00,330.12,870.58,28.98,69.66,3.65
2023-08-10 14:00:00,386.6,733.4,29.16,69.32,3.34
2023-08-10 15:00:00,274.23,538.55,28.92,70.56,3.08
2023-08-10 16:00:00,152.62,310.73,28.29,74.0,2.64
2023-08-10 17:00:00,48.75,98.3,27.3,81.79,1.64
2023-08-10 18:00:00,2.08,3.05,25.71,91.45,0.82
2023-08-10 19:00:00,0.0,0.0,25.24,92.61,0.81
2023-08-10 20:00:00,0.0,0.0,24.91,93.33,0.82
2023-08-10 21:00:00,0.0,0.0,24.57,94.1,0.8
2023-08-10 22:00:00,0.0,0.0,24.18,94.84,0.8
2023-08-10 23:00:00,0.0,0.0,23.82,95.54,0.86
2023-08-11 00:00:00,0.0,0.0,23.54,96.03,0.98
2023-08-11 01:00:00,0.0,0.0,23.28,96.68,1.09
2023-08-11 02:00:00,0.0,0.0,23.05,97.28,1.09
2023-08-11 03:00:00,0.0,0.0,22.84,97.62,1.07
2023-08-11 04:00:00,0.0,0.0,22.64,97.81,1.07
2023-08-11 05:00:00,0.0,0.0,22.4,98.18,1.05
2023-08-11 06:00:00,38.58,57.83,23.2,95.46,1.9
2023-08-11 07:00:00,147.43,252.18,24.29,89.64,3.04
2023-08-11 08:00:00,268.25,478.65,25.42,81.98,3.45
2023-08-11 09:00:00,417.88,680.67,26.36,76.62,3.3
2023-08-11 10:00:00,535.75,831.75,26.86,74.7,3.26
2023-08-11 11:00:00,542.65,920.88,27.27,73.43,3.23
2023-08-11 12:00:00,485.23,841.15,27.51,72.81,2.89
2023-08-11 13:00:00,454.92,764.83,27.59,72.97,2.38
2023-08-11 14:00:00,371.0,634.53,27.68,73.14,1.97
2023-08-11 15:00:00,254.9,437.83,27.58,74.06,1.61
2023-08-11 16:00:00,169.38,243.02,27.28,76.4,1.33
2023-08-11 17:00:00,56.05,72.45,26.56,82.42,0.94
2023-08-11 18:00:00,2.2,2.35,25.09,90.44,0.65
2023-08-11 19:00:00,0.0,0.0,24.55,91.23,0.74
2023-08-11 20:00:00,0.0,0.0,24.24,91.8,0.8
2023-08-11 21:00:00,0.0,0.0,23.98,92.39,0.81
2023-08-11 22:00:00,0.0,0.0,23.72,92.89,0.79
2023-08-11 23:00:00,0.0,0.0,23.51,93.43,0.73
2023-08-12 00:00:00,0.0,0.0,23.35,93.87,0.64
2023-08-12 01:00:00,0.0,0.0,23.15,94.49,0.61
2023-08-12 02:00:00,0.0,0.0,22.97,95.03,0.6
2023-08-12 03:00:00,0.0,0.0,22.82,95.45,0.6
2023-08-12 04:00:00,0.0,0.0,22.67,96.07,0.6
2023-08-12 05:00:00,0.0,0.0,22.63,96.63,0.63
2023-08-12 06:00:00,47.83,49.6,23.14,94.32,1.3
2023-08-12 07:00:00,206.27,222.75,23.97,90.66,1.87
2023-08-12 08:00:00,378.25,437.55,25.38,85.32,2.27
2023-08-12 09:00:00,536.47,651.88,26.71,80.56,2.47
2023-08-12 10:00:00,589.5,809.38,27.79,76.81,2.42
2023-08-12 11:00:00,749.3,899.4,28.58,73.83,2.23
2023-08-12 12:00:00,834.1,906.78,29.11,71.65,2.07
2023-08-12 13:00:00,694.67,848.0,29.2,70.99,1.94
2023-08-12 14:00:00,565.67,715.35,29.33,70.68,1.86
2023-08-12 15:00:00,432.3,525.92,29.25,71.22,1.71
2023-08-12 16:00:00,239.48,303.45,28.95,73.21,1.5
2023-08-12 17:00:00,81.57,96.35,28.15,79.24,1.01
2023-08-12 18:00:00,2.53,2.83,26.67,86.59,0.64
2023-08-12 19:00:00,0.0,0.0,26.44,84.49,0.64
2023-08-12 20:00:00,0.0,0.0,26.26,84.13,0.6
2023-08-12 21:00:00,0.0,0.0,25.82,86.02,0.63
2023-08-12 22:00:00,0.0,0.0,25.3,88.53,0.69
2023-08-12 23:00:00,0.0,0.0,24.7,91.66,0.71
2023-08-13 00:00:00,0.0,0.0,24.28,93.78,0.72
2023-08-13 01:00:00,0.0,0.0,24.02,94.82,0.79
2023-08-13 02:00:00,0.0,0.0,23.83,95.55,0.91
2023-08-13 03:00:00,0.0,0.0,23.66,96.2,1.05
2023-08-13 04:00:00,0.0,0.0,23.51,96.93,1.1
2023-08-13 05:00:00,0.0,0.0,23.37,97.63,1.08
2023-08-13 06:00:00,15.48,62.15,23.88,96.57,1.53
2023-08-13 07:00:00,98.55,266.17,24.71,94.39,1.99
2023-08-13 08:00:00,188.62,496.05,25.77,91.14,2.36
2023-08-13 09:00:00,269.38,699.55,26.92,85.87,2.73
2023-08-13 10:00:00,231.35,849.88,27.49,82.12,2.84
2023-08-13 11:00:00,283.5,932.92,27.66,81.07,3.04
2023-08-13 12:00:00,304.55,938.2,27.73,80.55,3.25
2023-08-13 13:00:00,375.75,869.1,27.74,80.03,3.26
2023-08-13 14:00:00,392.55,728.95,27.76,79.7,3.08
2023-08-13 15:00:00,324.17,536.7,27.61,80.65,2.73
2023-08-13 16:00:00,182.95,315.5,27.21,83.26,2.32
2023-08-13 17:00:00,73.3,113.12,26.37,89.44,1.47
2023-08-13 18:00:00,0.0,0.0,25.26,94.87,1.0
2023-08-13 19:00:00,0.0,0.0,24.85,96.06,1.04
2023-08-13 20:00:00,0.0,0.0,24.59,96.75,1.03
2023-08-13 21:00:00,0.0,0.0,24.45,97.1,1.12
2023-08-13 22:00:00,0.0,0.0,24.39,97.15,1.44
2023-08-13 23:00:00,0.0,0.0,24.37,97.09,1.67
2023-08-14 00:00:00,0.0,0.0,24.35,96.91,1.92
2023-08-14 01:00:00,0.0,0.0,24.33,96.55,2.25
2023-08-14 02:00:00,0.0,0.0,24.3,95.48,2.79
2023-08-14 03:00:00,0.0,0.0,24.08,95.63,3.07
2023-08-14 04:00:00,0.0,0.0,23.87,96.09,3.17
2023-08-14 05:00:00,0.0,0.0,23.72,96.35,3.03
2023-08-14 06:00:00,31.92,78.15,23.74,96.22,2.89
2023-08-14 07:00:00,107.57,307.48,24.1,95.52,3.07
2023-08-14 08:00:00,222.25,542.03,24.51,93.76,3.29
2023-08-14 09:00:00,216.23,742.83,24.74,91.15,3.75
2023-08-14 10:00:00,281.27,888.83,25.06,89.23,3.88
2023-08-14 11:00:00,376.02,968.45,25.39,88.05,3.82
2023-08-14 12:00:00,649.95,971.28,25.69,87.36,3.64
2023-08-14 13:00:00,496.42,900.58,25.91,87.07,3.42
2023-08-14 14:00:00,415.6,759.3,26.03,87.25,3.19
2023-08-14 15:00:00,306.3,561.25,26.02,88.02,2.9
2023-08-14 16:00:00,174.5,329.3,25.79,90.26,2.36
2023-08-14 17:00:00,63.53,110.15,25.15,94.26,1.53
2023-08-14 18:00:00,0.0,0.0,24.21,96.44,1.24
2023-08-14 19:00:00,0.0,0.0,23.94,96.35,1.44
2023-08-14 20:00:00,0.0,0.0,23.73,96.37,1.54
2023-08-14 21:00:00,0.0,0.0,23.55,96.61,1.58
2023-08-14 22:00:00,0.0,0.0,23.35,97.09,1.54
2023-08-14 23:00:00,0.0,0.0,23.16,97.46,1.42
2023-08-15 00:00:00,0.0,0.0,22.98,97.81,1.28
2023-08-15 01:00:00,0.0,0.0,22.76,98.11,1.19
2023-08-15 02:00:00,0.0,0.0,22.59,98.2,1.13
2023-08-15 03:00:00,0.0,0.0,22.46,98.19,1.1
2023-08-15 04:00:00,0.0,0.0,22.33,98.27,1.1
2023-08-15 05:00:00,0.0,0.0,22.23,98.16,1.08
2023-08-15 06:00:00,45.28,62.05,23.26,96.48,1.8
2023-08-15 07:00:00,169.5,265.65,24.63,93.46,2.15
2023-08-15 08:00:00,232.18,498.77,26.27,87.01,2.47
2023-08-15 09:00:00,303.1,700.55,27.51,80.29,2.7
2023-08-15 10:00:00,365.8,851.6,28.48,75.54,3.03
2023-08-15 11:00:00,427.8,933.15,28.69,74.27,3.47
2023-08-15 12:00:00,450.65,903.12,28.37,75.34,3.96
2023-08-15 13:00:00,443.6,839.08,28.08,75.89,4.13
2023-08-15 14:00:00,361.38,702.6,28.0,75.18,3.87
2023-08-15 15:00:00,242.4,504.95,27.76,75.05,3.4
2023-08-15 16:00:00,145.65,283.62,27.22,76.73,2.79
2023-08-15 17:00:00,60.8,93.38,26.13,83.08,1.77
2023-08-15 18:00:00,0.0,0.0,24.36,92.5,0.87
2023-08-15 19:00:00,0.0,0.0,23.76,93.67,0.77
2023-08-15 20:00:00,0.0,0.0,23.36,94.05,0.69
2023-08-15 21:00:00,0.0,0.0,23.1,93.75,0.63
2023-08-15 22:00:00,0.0,0.0,22.96,92.99,0.58
2023-08-15 23:00:00,0.0,0.0,22.88,92.11,0.53
2023-08-16 00:00:00,0.0,0.0,22.81,91.39,0.45
2023-08-16 01:00:00,0.0,0.0,22.91,89.95,0.37
2023-08-16 02:00:00,0.0,0.0,22.77,89.91,0.28
2023-08-16 03:00:00,0.0,0.0,22.67,89.84,0.3
2023-08-16 04:00:00,0.0,0.0,22.54,90.07,0.39
2023-08-16 05:00:00,0.0,0.0,22.21,91.51,0.45
2023-08-16 06:00:00,44.95,54.78,22.79,92.38,0.55
2023-08-16 07:00:00,194.0,245.98,24.24,88.37,0.65
2023-08-16 08:00:00,341.75,473.17,27.52,73.68,0.61
2023-08-16 09:00:00,534.47,676.75,29.15,68.45,0.49
2023-08-16 10:00:00,707.85,832.25,30.18,65.87,0.5
2023-08-16 11:00:00,763.15,918.8,30.99,63.86,0.66
2023-08-16 12:00:00,733.38,928.72,31.51,62.48,0.86
2023-08-16 13:00:00,679.67,857.62,31.68,61.9,1.13
2023-08-16 14:00:00,572.65,716.25,31.65,61.37,1.42
2023-08-16 15:00:00,419.1,519.45,31.31,62.2,1.59
2023-08-16 16:00:00,250.85,292.7,30.91,65.99,1.22
2023-08-16 17:00:00,93.25,97.47,29.69,68.99,1.24
2023-08-16 18:00:00,0.0,0.0,27.55,83.39,0.72
2023-08-16 19:00:00,0.0,0.0,26.98,83.03,0.77
2023-08-16 20:00:00,0.0,0.0,26.55,83.77,0.78
2023-08-16 21:00:00,0.0,0.0,26.11,84.96,0.78
2023-08-16 22:00:00,0.0,0.0,25.68,86.51,0.76
2023-08-16 23:00:00,0.0,0.0,25.31,88.17,0.74
2023-08-17 00:00:00,0.0,0.0,24.98,89.49,0.72
2023-08-17 01:00:00,0.0,0.0,24.67,90.6,0.69
2023-08-17 02:00:00,0.0,0.0,24.37,91.64,0.66
2023-08-17 03:00:00,0.0,0.0,24.06,92.72,0.66
2023-08-17 04:00:00,0.0,0.0,23.75,93.63,0.66
2023-08-17 05:00:00,0.0,0.0,23.46,94.48,0.64
2023-08-17 06:00:00,8.12,57.78,24.27,92.06,1.0
2023-08-17 07:00:00,33.83,253.62,25.38,87.45,1.29
2023-08-17 08:00:00,65.9,484.67,27.86,76.85,1.53
2023-08-17 09:00:00,165.4,694.88,29.36,71.78,1.67
2023-08-17 10:00:00,367.58,851.55,30.26,69.42,1.81
2023-08-17 11:00:00,562.38,936.2,30.69,68.36,1.96
2023-08-17 12:00:00,757.45,941.53,30.83,68.01,2.1
2023-08-17 13:00:00,679.25,873.1,30.66,68.52,2.19
2023-08-17 14:00:00,615.22,735.8,30.05,71.11,2.11
2023-08-17 15:00:00,463.48,541.25,29.31,75.99,1.74
2023-08-17 16:00:00,290.17,314.75,28.43,80.67,1.45
2023-08-17 17:00:00,101.75,105.65,27.39,87.47,1.01
2023-08-17 18:00:00,0.0,0.0,26.28,92.42,0.72
2023-08-17 19:00:00,0.0,0.0,25.85,93.12,0.82
2023-08-17 20:00:00,0.0,0.0,25.5,93.74,0.95
2023-08-17 21:00:00,0.0,0.0,25.2,94.23,1.08
2023-08-17 22:00:00,0.0,0.0,24.94,94.87,1.08
2023-08-17 23:00:00,0.0,0.0,24.66,95.76,0.9
2023-08-18 00:00:00,0.0,0.0,24.37,96.26,0.69
2023-08-18 01:00:00,0.0,0.0,24.12,96.44,0.64
2023-08-18 02:00:00,0.0,0.0,23.82,97.26,0.68
2023-08-18 03:00:00,0.0,0.0,23.66,97.77,0.73
2023-08-18 04:00:00,0.0,0.0,23.57,98.01,0.73
2023-08-18 05:00:00,0.0,0.0,23.44,98.11,0.68
2023-08-18 06:00:00,41.38,67.65,24.22,96.58,0.84
2023-08-18 07:00:00,168.55,284.42,25.85,90.97,0.91
2023-08-18 08:00:00,332.7,519.67,27.47,83.83,1.49
2023-08-18 09:00:00,537.6,720.92,28.46,77.52,1.89
2023-08-18 10:00:00,649.12,870.38,29.1,74.52,1.91
2023-08-18 11:00:00,673.38,951.42,29.26,73.84,2.01
2023-08-18 12:00:00,723.9,943.5,29.13,74.51,2.27
2023-08-18 13:00:00,537.97,878.38,28.58,77.68,2.34
2023-08-18 14:00:00,453.62,739.95,27.75,83.08,2.13
2023-08-18 15:00:00,306.83,547.83,27.09,87.41,2.02
2023-08-18 16:00:00,152.07,322.6,26.49,91.01,2.05
2023-08-18 17:00:00,56.2,109.18,25.88,94.02,1.95
2023-08-18 18:00:00,0.0,0.0,25.27,96.0,1.79
2023-08-18 19:00:00,0.0,0.0,24.97,96.16,1.85
2023-08-18 20:00:00,0.0,0.0,24.63,96.39,1.74
2023-08-18 21:00:00,0.0,0.0,24.33,96.51,1.67
2023-08-18 22:00:00,0.0,0.0,24.09,96.68,1.52
2023-08-18 23:00:00,0.0,0.0,23.88,96.99,1.35
2023-08-19 00:00:00,0.0,0.0,23.8,97.25,1.2
2023-08-19 01:00:00,0.0,0.0,23.75,97.49,0.95
2023-08-19 02:00:00,0.0,0.0,23.72,97.73,0.82
2023-08-19 03:00:00,0.0,0.0,23.69,97.8,0.78
2023-08-19 04:00:00,0.0,0.0,23.62,97.77,0.81
2023-08-19 05:00:00,0.0,0.0,23.52,97.71,0.89
2023-08-19 06:00:00,40.92,62.38,23.73,96.8,1.3
2023-08-19 07:00:00,172.0,266.52,24.12,94.95,1.71
2023-08-19 08:00:00,317.15,495.77,24.38,92.34,2.14
2023-08-19 09:00:00,487.27,697.72,24.69,89.84,2.26
2023-08-19 10:00:00,540.83,846.8,25.36,86.06,2.22
2023-08-19 11:00:00,506.9,929.58,26.43,80.7,2.3
2023-08-19 12:00:00,547.0,957.08,27.41,76.54,2.5
2023-08-19 13:00:00,651.33,883.85,28.02,74.36,2.64
2023-08-19 14:00:00,560.08,741.03,28.07,74.33,2.67
2023-08-19 15:00:00,418.08,537.85,27.8,75.63,2.62
2023-08-19 16:00:00,245.82,306.17,27.18,79.18,2.29
2023-08-19 17:00:00,85.7,98.62,26.1,87.05,1.45
2023-08-19 18:00:00,0.0,0.0,24.72,93.72,0.92
2023-08-19 19:00:00,0.0,0.0,24.25,95.3,0.9
2023-08-19 20:00:00,0.0,0.0,23.91,96.53,0.76
2023-08-19 21:00:00,0.0,0.0,23.63,97.27,0.6
2023-08-19 22:00:00,0.0,0.0,23.54,96.91,0.54
2023-08-19 23:00:00,0.0,0.0,23.51,96.37,0.51
2023-08-20 00:00:00,0.0,0.0,23.35,96.61,0.53
2023-08-20 01:00:00,0.0,0.0,23.16,97.01,0.56
2023-08-20 02:00:00,0.0,0.0,22.94,97.53,0.6
2023-08-20 03:00:00,0.0,0.0,22.6,98.63,0.65
2023-08-20 04:00:00,0.0,0.0,22.28,99.8,0.68
2023-08-20 05:00:00,0.0,0.0,22.04,100.0,0.71
2023-08-20 06:00:00,57.78,59.08,23.41,95.84,1.23
2023-08-20 07:00:00,219.25,249.48,25.46,87.47,1.75
2023-08-20 08:00:00,403.27,478.27,27.43,79.58,1.75
2023-08-20 09:00:00,538.4,689.45,28.76,74.88,1.6
2023-08-20 10:00:00,483.92,840.55,29.69,71.85,1.48
2023-08-20 11:00:00,471.23,925.05,30.18,69.88,1.33
2023-08-20 12:00:00,602.2,938.22,30.38,68.96,1.22
2023-08-20 13:00:00,543.85,869.75,30.35,68.77,1.0
2023-08-20 14:00:00,491.58,728.15,29.99,69.69,0.77
2023-08-20 15:00:00,385.62,530.2,29.59,72.46,0.52
2023-08-20 16:00:00,217.55,296.62,29.1,74.74,0.4
2023-08-20 17:00:00,81.9,94.15,28.24,76.49,0.36
2023-08-20 18:00:00,0.0,0.0,27.55,79.99,0.35
2023-08-20 19:00:00,0.0,0.0,26.85,83.84,0.44
2023-08-20 20:00:00,0.0,0.0,26.19,87.05,0.49
2023-08-20 21:00:00,0.0,0.0,25.7,89.51,0.53
2023-08-20 22:00:00,0.0,0.0,25.26,91.7,0.56
2023-08-20 23:00:00,0.0,0.0,24.83,93.76,0.59
2023-08-21 00:00:00,0.0,0.0,24.44,95.27,0.66
2023-08-21 01:00:00,0.0,0.0,24.1,96.29,0.75
2023-08-21 02:00:00,0.0,0.0,23.86,96.77,0.85
2023-08-21 03:00:00,0.0,0.0,23.66,97.2,0.9
2023-08-21 04:00:00,0.0,0.0,23.54,97.28,0.88
2023-08-21 05:00:00,0.0,0.0,23.44,97.52,0.88
2023-08-21 06:00:00,46.9,61.28,23.98,96.69,1.25
2023-08-21 07:00:00,163.4,266.42,24.78,94.57,1.9
2023-08-21 08:00:00,334.58,502.48,25.93,88.03,2.07
2023-08-21 09:00:00,492.9,703.62,26.91,78.51,2.36
2023-08-21 10:00:00,618.33,855.72,27.79,73.12,2.53
2023-08-21 11:00:00,686.67,941.58,28.58,70.74,2.6
2023-08-21 12:00:00,734.1,950.55,29.09,69.65,2.53
2023-08-21 13:00:00,644.78,882.38,29.16,69.84,2.34
2023-08-21 14:00:00,533.35,745.05,28.97,70.95,2.18
2023-08-21 15:00:00,410.23,552.03,28.57,73.3,1.96
2023-08-21 16:00:00,216.32,322.67,28.06,77.51,1.55
2023-08-21 17:00:00,70.5,106.38,27.18,84.04,1.08
2023-08-21 18:00:00,0.0,0.0,26.04,89.55,0.66
2023-08-21 19:00:00,0.0,0.0,25.91,88.44,0.62
2023-08-21 20:00:00,0.0,0.0,25.87,87.3,0.6
2023-08-21 21:00:00,0.0,0.0,25.74,87.04,0.6
2023-08-21 22:00:00,0.0,0.0,25.52,87.66,0.58
2023-08-21 23:00:00,0.0,0.0,25.26,89.04,0.55
2023-08-22 00:00:00,0.0,0.0,24.99,90.59,0.52
2023-08-22 01:00:00,0.0,0.0,24.72,91.92,0.52
2023-08-22 02:00:00,0.0,0.0,24.44,93.18,0.54
2023-08-22 03:00:00,0.0,0.0,24.19,94.18,0.56
2023-08-22 04:00:00,0.0,0.0,23.94,95.28,0.59
2023-08-22 05:00:00,0.0,0.0,23.68,96.45,0.64
2023-08-22 06:00:00,44.7,66.65,24.23,95.46,1.07
2023-08-22 07:00:00,195.32,278.85,25.39,90.95,1.82
2023-08-22 08:00:00,390.2,512.62,27.3,83.27,2.16
2023-08-22 09:00:00,451.17,715.28,28.95,76.41,2.3
2023-08-22 10:00:00,619.72,864.08,29.91,73.08,2.15
2023-08-22 11:00:00,734.35,947.5,30.55,70.97,2.0
2023-08-22 12:00:00,792.03,956.33,30.92,69.74,1.87
2023-08-22 13:00:00,710.97,885.17,31.23,68.6,1.7
2023-08-22 14:00:00,626.6,744.05,31.35,67.82,1.52
2023-08-22 15:00:00,466.33,548.7,31.19,67.84,1.38
2023-08-22 16:00:00,274.35,317.2,30.69,70.39,1.14
2023-08-22 17:00:00,91.55,101.05,29.94,74.49,0.91
2023-08-22 18:00:00,0.0,0.0,28.43,83.84,0.58
2023-08-22 19:00:00,0.0,0.0,27.96,84.37,0.61
2023-08-22 20:00:00,0.0,0.0,27.51,85.92,0.61
2023-08-22 21:00:00,0.0,0.0,27.11,87.25,0.61
2023-08-22 22:00:00,0.0,0.0,26.63,89.15,0.61
2023-08-22 23:00:00,0.0,0.0,26.17,91.02,0.61
2023-08-23 00:00:00,0.0,0.0,25.73,92.46,0.61
2023-08-23 01:00:00,0.0,0.0,25.39,93.33,0.61
2023-08-23 02:00:00,0.0,0.0,25.17,93.5,0.6
2023-08-23 03:00:00,0.0,0.0,24.99,93.59,0.58
2023-08-23 04:00:00,0.0,0.0,24.77,93.87,0.58
2023-08-23 05:00:00,0.0,0.0,24.56,94.04,0.59
2023-08-23 06:00:00,41.7,66.35,25.11,93.98,0.68
2023-08-23 07:00:00,147.82,281.5,26.88,86.94,1.13
2023-08-23 08:00:00,252.68,517.47,28.39,80.81,1.22
2023-08-23 09:00:00,138.0,723.33,29.12,75.72,1.41
2023-08-23 10:00:00,43.3,874.6,29.8,72.59,1.54
2023-08-23 11:00:00,59.5,958.47,30.25,70.36,1.63
2023-08-23 12:00:00,246.65,974.05,30.57,68.46,1.78
2023-08-23 13:00:00,390.73,906.67,30.65,67.18,1.93
2023-08-23 14:00:00,306.48,769.58,30.56,66.9,1.99
2023-08-23 15:00:00,239.77,574.33,30.28,68.39,1.7
2023-08-23 16:00:00,160.93,339.9,29.97,70.98,1.22
2023-08-23 17:00:00,55.0,109.4,29.15,72.97,0.95
2023-08-23 18:00:00,0.0,0.0,28.97,67.77,0.22
2023-08-23 19:00:00,0.0,0.0,27.83,74.19,0.55
2023-08-23 20:00:00,0.0,0.0,26.25,84.68,0.77
2023-08-23 21:00:00,0.0,0.0,25.5,88.23,0.84
2023-08-23 22:00:00,0.0,0.0,25.05,89.84,0.85
2023-08-23 23:00:00,0.0,0.0,24.69,91.14,0.77
2023-08-24 00:00:00,0.0,0.0,24.42,92.08,0.69
2023-08-24 01:00:00,0.0,0.0,24.2,92.76,0.65
2023-08-24 02:00:00,0.0,0.0,23.93,94.06,0.65
2023-08-24 03:00:00,0.0,0.0,23.68,95.45,0.66
2023-08-24 04:00:00,0.0,0.0,23.41,96.63,0.69
2023-08-24 05:00:00,0.0,0.0,23.16,97.66,0.73
2023-08-24 06:00:00,37.35,60.1,23.92,96.24,1.45
2023-08-24 07:00:00,149.85,258.38,25.14,92.65,2.06
2023-08-24 08:00:00,294.58,489.6,26.66,85.76,2.51
2023-08-24 09:00:00,452.2,694.25,28.0,79.29,2.72
2023-08-24 10:00:00,474.7,840.58,29.12,73.35,2.73
2023-08-24 11:00:00,536.08,932.88,29.99,68.1,2.57
2023-08-24 12:00:00,583.22,979.58,30.43,64.67,2.41
2023-08-24 13:00:00,751.08,910.35,30.53,63.39,2.27
2023-08-24 14:00:00,668.72,771.25,30.35,63.91,2.19
2023-08-24 15:00:00,500.05,574.4,29.96,66.04,2.09
2023-08-24 16:00:00,294.0,341.23,29.29,71.84,1.58
2023-08-24 17:00:00,93.22,110.62,28.1,78.9,1.2
2023-08-24 18:00:00,0.0,0.0,26.47,88.08,0.7
2023-08-24 19:00:00,0.0,0.0,26.06,88.51,0.68
2023-08-24 20:00:00,0.0,0.0,25.69,89.39,0.68
2023-08-24 21:00:00,0.0,0.0,25.23,91.18,0.72
2023-08-24 22:00:00,0.0,0.0,24.79,92.77,0.81
2023-08-24 23:00:00,0.0,0.0,24.37,93.97,0.94
2023-08-25 00:00:00,0.0,0.0,24.03,94.97,0.98
2023-08-25 01:00:00,0.0,0.0,23.71,96.16,0.93
2023-08-25 02:00:00,0.0,0.0,23.45,97.01,0.84
2023-08-25 03:00:00,0.0,0.0,23.32,97.52,0.82
2023-08-25 04:00:00,0.0,0.0,23.2,97.71,0.85
2023-08-25 05:00:00,0.0,0.0,23.05,97.86,0.91
2023-08-25 06:00:00,33.15,67.25,23.57,95.9,1.56
2023-08-25 07:00:00,106.7,284.52,24.74,91.66,1.96
2023-08-25 08:00:00,197.3,520.95,26.77,82.59,2.14
2023-08-25 09:00:00,268.02,726.8,28.56,74.39,2.08
2023-08-25 10:00:00,549.95,874.53,29.7,69.85,1.87
2023-08-25 11:00:00,685.8,954.47,30.46,67.04,1.65
2023-08-25 12:00:00,669.9,962.67,30.87,65.42,1.42
2023-08-25 13:00:00,615.12,892.97,31.01,64.56,1.22
2023-08-25 14:00:00,531.97,749.3,30.88,64.54,1.04
2023-08-25 15:00:00,378.45,552.35,30.6,65.31,0.93
2023-08-25 16:00:00,222.27,318.9,30.23,67.38,0.81
2023-08-25 17:00:00,77.55,98.7,29.58,71.02,0.61
2023-08-25 18:00:00,0.0,0.0,28.38,76.72,0.48
2023-08-25 19:00:00,0.0,0.0,27.84,77.88,0.56
2023-08-25 20:00:00,0.0,0.0,27.21,80.95,0.66
2023-08-25 21:00:00,0.0,0.0,26.55,84.65,0.71
2023-08-25 22:00:00,0.0,0.0,25.88,88.26,0.7
2023-08-25 23:00:00,0.0,0.0,25.34,90.73,0.72
2023-08-26 00:00:00,0.0,0.0,25.02,91.84,0.77
2023-08-26 01:00:00,0.0,0.0,24.75,92.5,0.88
2023-08-26 02:00:00,0.0,0.0,24.5,93.04,1.02
2023-08-26 03:00:00,0.0,0.0,24.23,93.78,1.15
2023-08-26 04:00:00,0.0,0.0,24.01,94.53,1.28
2023-08-26 05:00:00,0.0,0.0,23.82,95.45,1.44
2023-08-26 06:00:00,17.8,65.53,24.35,93.44,2.22
2023-08-26 07:00:00,67.43,277.75,25.65,88.44,2.6
2023-08-26 08:00:00,127.85,510.98,27.47,79.92,2.92
2023-08-26 09:00:00,371.1,715.58,29.05,73.38,3.13
2023-08-26 10:00:00,533.35,863.1,30.01,70.23,3.13
2023-08-26 11:00:00,750.2,944.62,30.55,68.48,3.03
2023-08-26 12:00:00,818.95,941.55,30.86,67.51,2.97
2023-08-26 13:00:00,774.6,870.47,30.89,67.59,2.89
2023-08-26 14:00:00,681.45,733.78,30.68,68.24,2.78
2023-08-26 15:00:00,418.0,542.05,30.14,70.15,2.53
2023-08-26 16:00:00,183.1,314.48,29.32,75.19,1.82
2023-08-26 17:00:00,59.1,95.65,28.24,82.39,1.15
2023-08-26 18:00:00,0.0,0.0,26.74,89.15,0.69
2023-08-26 19:00:00,0.0,0.0,26.49,87.78,0.7
2023-08-26 20:00:00,0.0,0.0,26.33,86.9,0.7
2023-08-26 21:00:00,0.0,0.0,26.04,87.39,0.7
2023-08-26 22:00:00,0.0,0.0,25.47,90.11,0.71
2023-08-26 23:00:00,0.0,0.0,24.93,92.97,0.73
2023-08-27 00:00:00,0.0,0.0,24.66,94.01,0.85
2023-08-27 01:00:00,0.0,0.0,24.43,94.55,1.02
2023-08-27 02:00:00,0.0,0.0,24.23,95.13,1.21
2023-08-27 03:00:00,0.0,0.0,24.03,95.99,1.33
2023-08-27 04:00:00,0.0,0.0,23.83,97.06,1.41
2023-08-27 05:00:00,0.0,0.0,23.66,97.82,1.4
2023-08-27 06:00:00,51.7,66.5,24.16,96.64,1.83
2023-08-27 07:00:00,190.43,278.77,25.12,93.88,2.39
2023-08-27 08:00:00,356.1,513.78,26.16,89.52,2.89
2023-08-27 09:00:00,543.65,717.65,27.28,84.04,2.93
2023-08-27 10:00:00,700.53,867.88,28.7,77.82,2.73
2023-08-27 11:00:00,843.28,946.6,29.89,71.3,2.5
2023-08-27 12:00:00,695.33,939.03,30.6,67.11,2.47
2023-08-27 13:00:00,787.72,869.8,30.89,65.21,2.55
2023-08-27 14:00:00,630.67,729.6,30.88,64.61,2.57
2023-08-27 15:00:00,447.65,533.33,30.48,65.81,2.39
2023-08-27 16:00:00,228.18,300.2,29.72,70.75,1.81
2023-08-27 17:00:00,66.3,86.53,28.26,80.67,1.18
2023-08-27 18:00:00,0.0,0.0,26.59,87.8,0.84
2023-08-27 19:00:00,0.0,0.0,26.17,88.92,0.84
2023-08-27 20:00:00,0.0,0.0,25.87,89.87,0.82
2023-08-27 21:00:00,0.0,0.0,25.63,90.66,0.78
2023-08-27 22:00:00,0.0,0.0,25.48,90.92,0.72
2023-08-27 23:00:00,0.0,0.0,25.49,89.59,0.62
2023-08-28 00:00:00,0.0,0.0,25.53,88.16,0.54
2023-08-28 01:00:00,0.0,0.0,25.08,90.59,0.58
2023-08-28 02:00:00,0.0,0.0,24.59,93.34,0.6
2023-08-28 03:00:00,0.0,0.0,24.4,93.69,0.56
2023-08-28 04:00:00,0.0,0.0,24.45,92.31,0.35
2023-08-28 05:00:00,0.0,0.0,24.24,92.94,0.17
2023-08-28 06:00:00,44.75,61.33,24.37,95.03,0.47
2023-08-28 07:00:00,170.85,263.2,25.79,90.48,0.83
2023-08-28 08:00:00,315.55,496.48,27.77,81.95,1.26
2023-08-28 09:00:00,462.38,701.6,28.45,76.16,1.7
2023-08-28 10:00:00,497.73,852.05,28.98,72.48,1.84
2023-08-28 11:00:00,667.6,931.28,29.37,70.37,1.81
2023-08-28 12:00:00,801.7,966.75,29.64,68.92,1.61
2023-08-28 13:00:00,452.9,894.72,29.75,68.05,1.51
2023-08-28 14:00:00,423.3,752.15,29.61,68.34,1.58
2023-08-28 15:00:00,283.85,552.9,29.26,69.84,1.64
2023-08-28 16:00:00,175.77,317.98,28.63,74.07,1.42
2023-08-28 17:00:00,53.12,93.6,27.65,79.67,1.1
2023-08-28 18:00:00,0.0,0.0,26.21,90.7,0.55
2023-08-28 19:00:00,0.0,0.0,25.77,91.55,0.5
2023-08-28 20:00:00,0.0,0.0,25.52,91.11,0.49
2023-08-28 21:00:00,0.0,0.0,25.33,90.98,0.47
2023-08-28 22:00:00,0.0,0.0,25.07,92.05,0.41
2023-08-28 23:00:00,0.0,0.0,24.87,92.1,0.39
2023-08-29 00:00:00,0.0,0.0,24.72,91.72,0.37
2023-08-29 01:00:00,0.0,0.0,24.52,92.93,0.29
2023-08-29 02:00:00,0.0,0.0,24.27,93.48,0.23
2023-08-29 03:00:00,0.0,0.0,23.98,94.65,0.23
2023-08-29 04:00:00,0.0,0.0,23.68,95.77,0.3
2023-08-29 05:00:00,0.0,0.0,23.45,96.38,0.44
2023-08-29 06:00:00,49.05,66.78,24.05,96.03,0.97
2023-08-29 07:00:00,183.0,277.7,25.64,91.23,1.61
2023-08-29 08:00:00,358.75,512.88,26.99,84.16,2.19
2023-08-29 09:00:00,550.65,717.4,28.51,76.66,2.55
2023-08-29 10:00:00,792.0,867.45,29.51,72.44,2.75
2023-08-29 11:00:00,919.9,948.47,30.13,70.26,2.83
2023-08-29 12:00:00,947.67,973.28,30.47,68.88,2.88
2023-08-29 13:00:00,825.28,899.0,30.7,68.03,2.88
2023-08-29 14:00:00,689.72,754.5,30.63,67.76,2.8
2023-08-29 15:00:00,500.35,552.65,30.37,68.55,2.59
2023-08-29 16:00:00,285.98,315.98,29.77,72.08,2.11
2023-08-29 17:00:00,89.03,92.4,28.54,80.72,1.36
2023-08-29 18:00:00,0.0,0.0,26.63,89.94,0.84
2023-08-29 19:00:00,0.0,0.0,26.08,91.34,0.88
2023-08-29 20:00:00,0.0,0.0,25.7,92.42,0.89
2023-08-29 21:00:00,0.0,0.0,25.38,93.44,0.88
2023-08-29 22:00:00,0.0,0.0,25.15,94.12,0.89
2023-08-29 23:00:00,0.0,0.0,24.92,94.7,0.97
2023-08-30 00:00:00,0.0,0.0,24.75,94.97,1.1
2023-08-30 01:00:00,0.0,0.0,24.55,95.26,1.28
2023-08-30 02:00:00,0.0,0.0,24.34,95.61,1.47
2023-08-30 03:00:00,0.0,0.0,24.15,96.06,1.68
2023-08-30 04:00:00,0.0,0.0,23.94,96.59,1.7
2023-08-30 05:00:00,0.0,0.0,23.71,97.11,1.57
2023-08-30 06:00:00,67.2,67.47,24.07,95.62,1.98
2023-08-30 07:00:00,263.15,272.98,24.98,92.54,2.3
2023-08-30 08:00:00,476.95,500.38,26.12,87.22,2.66
2023-08-30 09:00:00,648.62,698.75,27.1,82.12,2.93
2023-08-30 10:00:00,727.05,843.12,27.98,78.37,2.72
2023-08-30 11:00:00,641.4,923.15,28.68,75.91,2.21
2023-08-30 12:00:00,683.42,923.1,29.01,74.59,1.8
2023-08-30 13:00:00,579.6,847.97,28.88,74.68,1.6
2023-08-30 14:00:00,273.42,702.62,28.53,76.38,1.54
2023-08-30 15:00:00,70.3,501.83,28.11,79.27,1.36
2023-08-30 16:00:00,69.05,273.65,27.64,83.23,0.85
2023-08-30 17:00:00,28.02,74.35,27.15,85.07,0.54
2023-08-30 18:00:00,0.0,0.0,26.9,81.02,0.22
2023-08-30 19:00:00,0.0,0.0,26.58,83.18,0.23
2023-08-30 20:00:00,0.0,0.0,25.86,85.79,0.41
2023-08-30 21:00:00,0.0,0.0,25.45,87.3,0.53
2023-08-30 22:00:00,0.0,0.0,25.06,88.69,0.58
2023-08-30 23:00:00,0.0,0.0,24.77,89.4,0.56
2023-08-31 00:00:00,0.0,0.0,24.46,90.26,0.5
2023-08-31 01:00:00,0.0,0.0,24.32,90.14,0.49
2023-08-31 02:00:00,0.0,0.0,24.08,91.21,0.49
2023-08-31 03:00:00,0.0,0.0,23.77,92.87,0.49
2023-08-31 04:00:00,0.0,0.0,23.64,93.14,0.53
2023-08-31 05:00:00,0.0,0.0,23.44,93.66,0.54
2023-08-31 06:00:00,30.35,60.42,23.83,94.54,0.59
2023-08-31 07:00:00,123.28,259.52,25.04,88.08,1.2
2023-08-31 08:00:00,259.4,493.3,26.85,75.54,1.59
2023-08-31 09:00:00,425.23,704.62,28.3,67.59,2.01
2023-08-31 10:00:00,607.45,859.0,29.47,63.16,2.26
2023-08-31 11:00:00,710.12,939.4,30.33,60.41,2.35
2023-08-31 12:00:00,811.25,970.55,30.82,59.04,2.33
2023-08-31 13:00:00,646.67,895.78,31.08,58.56,2.24
2023-08-31 14:00:00,548.83,750.08,31.0,59.0,2.12
2023-08-31 15:00:00,383.45,546.9,30.56,60.65,1.91
2023-08-31 16:00:00,217.55,309.3,29.84,64.77,1.49
2023-08-31 17:00:00,73.93,86.88,28.78,71.2,1.12
2023-08-31 18:00:00,0.0,0.0,26.88,84.56,0.66
2023-08-31 19:00:00,0.0,0.0,26.1,85.96,0.73
2023-08-31 20:00:00,0.0,0.0,25.51,87.45,0.79
2023-08-31 21:00:00,0.0,0.0,25.01,88.72,0.87
2023-08-31 22:00:00,0.0,0.0,24.55,89.93,0.93
2023-08-31 23:00:00,0.0,0.0,24.13,91.0,1.0
2023-09-01 00:00:00,0.0,0.0,23.75,92.09,1.05
2023-09-01 01:00:00,0.0,0.0,23.43,93.24,1.06
2023-09-01 02:00:00,0.0,0.0,23.18,94.3,1.06
2023-09-01 03:00:00,0.0,0.0,22.98,95.29,1.05
2023-09-01 04:00:00,0.0,0.0,22.79,96.42,1.05
2023-09-01 05:00:00,0.0,0.0,22.6,97.8,1.05
2023-09-01 06:00:00,70.12,70.4,23.48,94.87,1.81
2023-09-01 07:00:00,280.23,281.73,25.64,86.56,2.38
2023-09-01 08:00:00,517.1,519.47,27.99,76.03,2.5
2023-09-01 09:00:00,679.62,730.3,29.52,70.22,2.21
2023-09-01 10:00:00,753.2,880.53,30.56,66.94,1.91
2023-09-01 11:00:00,866.45,959.17,31.21,65.0,1.66
2023-09-01 12:00:00,829.9,947.1,31.49,63.98,1.45
2023-09-01 13:00:00,784.1,870.33,31.55,63.41,1.26
2023-09-01 14:00:00,618.22,722.0,31.49,63.29,1.08
2023-09-01 15:00:00,449.17,517.35,31.27,63.62,0.96
2023-09-01 16:00:00,226.45,282.05,30.77,66.03,0.95
2023-09-01 17:00:00,66.8,75.88,29.85,71.63,0.88
2023-09-01 18:00:00,0.0,0.0,28.01,83.87,0.64
2023-09-01 19:00:00,0.0,0.0,27.17,86.32,0.71
2023-09-01 20:00:00,0.0,0.0,26.56,88.04,0.77
2023-09-01 21:00:00,0.0,0.0,26.06,89.28,0.85
2023-09-01 22:00:00,0.0,0.0,25.67,90.3,0.91
2023-09-01 23:00:00,0.0,0.0,25.34,91.39,0.95
2023-09-02 00:00:00,0.0,0.0,25.07,92.38,1.02
2023-09-02 01:00:00,0.0,0.0,24.85,93.29,1.16
2023-09-02 02:00:00,0.0,0.0,24.65,94.11,1.37
2023-09-02 03:00:00,0.0,0.0,24.42,95.14,1.57
2023-09-02 04:00:00,0.0,0.0,24.19,96.42,1.57
2023-09-02 05:00:00,0.0,0.0,24.05,96.89,1.56
2023-09-02 06:00:00,48.15,64.57,24.41,95.47,2.19
2023-09-02 07:00:00,158.07,269.1,25.36,92.05,2.74
2023-09-02 08:00:00,301.98,510.62,26.58,86.09,3.42
2023-09-02 09:00:00,452.23,718.45,27.7,80.29,3.73
2023-09-02 10:00:00,529.83,871.05,28.81,75.97,3.49
2023-09-02 11:00:00,662.47,951.22,29.66,72.79,2.88
2023-09-02 12:00:00,651.5,921.22,30.02,71.19,2.12
2023-09-02 13:00:00,592.38,847.78,30.15,70.48,1.47
2023-09-02 14:00:00,560.9,702.1,29.89,71.68,1.13
2023-09-02 15:00:00,342.52,492.2,29.18,76.54,0.75
2023-09-02 16:00:00,181.02,264.58,28.46,80.39,0.77
2023-09-02 17:00:00,54.05,70.43,27.54,85.05,0.74
2023-09-02 18:00:00,0.0,0.0,26.29,93.27,0.75
2023-09-02 19:00:00,0.0,0.0,25.68,93.74,1.22
2023-09-02 20:00:00,0.0,0.0,25.32,94.82,1.34
2023-09-02 21:00:00,0.0,0.0,25.11,95.82,1.21
2023-09-02 22:00:00,0.0,0.0,24.92,96.14,1.57
2023-09-02 23:00:00,0.0,0.0,24.69,96.43,1.94
2023-09-03 00:00:00,0.0,0.0,24.47,96.68,2.08
2023-09-03 01:00:00,0.0,0.0,24.26,96.9,2.19
2023-09-03 02:00:00,0.0,0.0,24.05,96.97,2.41
2023-09-03 03:00:00,0.0,0.0,23.83,96.83,2.65
2023-09-03 04:00:00,0.0,0.0,23.6,96.82,2.72
2023-09-03 05:00:00,0.0,0.0,23.43,96.85,2.66
2023-09-03 06:00:00,34.25,64.62,23.59,96.34,2.73
2023-09-03 07:00:00,146.25,272.7,24.38,94.66,3.2
2023-09-03 08:00:00,275.5,508.83,25.51,90.59,3.98
2023-09-03 09:00:00,419.4,714.9,26.76,84.32,4.1
2023-09-03 10:00:00,587.92,865.88,28.01,77.77,3.85
2023-09-03 11:00:00,683.4,940.9,28.78,73.47,3.56
2023-09-03 12:00:00,641.72,956.83,29.14,71.03,3.35
2023-09-03 13:00:00,651.42,878.55,29.2,69.85,3.16
2023-09-03 14:00:00,573.75,728.65,28.97,70.1,2.96
2023-09-03 15:00:00,418.42,523.12,28.5,71.97,2.71
2023-09-03 16:00:00,233.32,286.2,27.78,76.53,2.24
2023-09-03 17:00:00,67.22,75.9,26.72,83.74,1.59
2023-09-03 18:00:00,0.0,0.0,25.2,91.09,1.04
2023-09-03 19:00:00,0.0,0.0,24.7,92.44,1.02
2023-09-03 20:00:00,0.0,0.0,24.38,93.19,0.97
2023-09-03 21:00:00,0.0,0.0,24.07,93.97,0.88
2023-09-03 22:00:00,0.0,0.0,23.85,94.5,0.78
2023-09-03 23:00:00,0.0,0.0,23.61,95.14,0.73
2023-09-04 00:00:00,0.0,0.0,23.42,95.7,0.7
2023-09-04 01:00:00,0.0,0.0,23.23,96.31,0.7
2023-09-04 02:00:00,0.0,0.0,23.05,96.84,0.73
2023-09-04 03:00:00,0.0,0.0,22.92,97.21,0.84
2023-09-04 04:00:00,0.0,0.0,22.86,97.52,1.0
2023-09-04 05:00:00,0.0,0.0,22.87,97.61,1.25
2023-09-04 06:00:00,36.83,67.45,23.46,95.86,2.01
2023-09-04 07:00:00,154.62,283.3,24.75,91.02,2.93
2023-09-04 08:00:00,299.35,522.47,26.31,83.38,3.54
2023-09-04 09:00:00,393.52,729.47,27.73,76.24,3.55
2023-09-04 10:00:00,539.28,878.97,28.77,71.74,3.27
2023-09-04 11:00:00,586.28,956.53,29.55,68.68,2.94
2023-09-04 12:00:00,622.62,938.12,30.17,66.53,2.66
2023-09-04 13:00:00,629.83,859.6,30.56,65.28,2.41
2023-09-04 14:00:00,487.92,708.83,30.73,64.67,2.13
2023-09-04 15:00:00,158.9,503.12,30.53,65.22,1.84
2023-09-04 16:00:00,86.68,270.5,29.96,68.46,1.48
2023-09-04 17:00:00,23.27,68.47,28.87,75.63,1.06
2023-09-04 18:00:00,0.0,0.0,27.22,84.89,0.68
2023-09-04 19:00:00,0.0,0.0,26.83,84.7,0.7
2023-09-04 20:00:00,0.0,0.0,26.35,86.86,0.69
2023-09-04 21:00:00,0.0,0.0,25.79,89.26,0.69
2023-09-04 22:00:00,0.0,0.0,25.28,91.08,0.76
2023-09-04 23:00:00,0.0,0.0,24.87,92.31,0.86
2023-09-05 00:00:00,0.0,0.0,24.48,93.58,0.96
2023-09-05 01:00:00,0.0,0.0,24.21,94.65,1.08
2023-09-05 02:00:00,0.0,0.0,23.99,95.67,1.24
2023-09-05 03:00:00,0.0,0.0,23.83,96.59,1.41
2023-09-05 04:00:00,0.0,0.0,23.73,97.1,1.46
2023-09-05 05:00:00,0.0,0.0,23.67,97.17,1.47
2023-09-05 06:00:00,37.62,58.83,23.98,96.16,1.92
2023-09-05 07:00:00,128.48,253.48,24.79,93.57,2.38
2023-09-05 08:00:00,199.23,486.17,25.82,89.18,2.57
2023-09-05 09:00:00,391.17,698.3,26.95,84.09,2.66
2023-09-05 10:00:00,674.0,850.7,27.89,80.1,2.41
2023-09-05 11:00:00,669.72,930.38,28.51,77.49,2.01
2023-09-05 12:00:00,597.33,934.92,28.78,75.97,1.44
2023-09-05 13:00:00,319.98,861.33,28.79,75.12,1.1
2023-09-05 14:00:00,333.6,715.45,28.45,76.47,1.19
2023-09-05 15:00:00,37.55,510.9,27.9,79.73,1.32
2023-09-05 16:00:00,23.77,281.27,27.28,84.49,1.25
2023-09-05 17:00:00,8.95,71.03,26.33,89.48,0.94
2023-09-05 18:00:00,0.0,0.0,25.44,92.56,0.67
2023-09-05 19:00:00,0.0,0.0,24.92,95.06,0.57
2023-09-05 20:00:00,0.0,0.0,24.62,96.31,0.62
2023-09-05 21:00:00,0.0,0.0,24.4,96.91,0.71
2023-09-05 22:00:00,0.0,0.0,24.14,97.24,0.84
2023-09-05 23:00:00,0.0,0.0,23.89,97.51,0.91
2023-09-06 00:00:00,0.0,0.0,23.62,97.74,0.89
2023-09-06 01:00:00,0.0,0.0,23.43,97.45,0.84
2023-09-06 02:00:00,0.0,0.0,23.3,97.14,0.75
2023-09-06 03:00:00,0.0,0.0,23.18,96.9,0.69
2023-09-06 04:00:00,0.0,0.0,23.03,96.97,0.67
2023-09-06 05:00:00,0.0,0.0,22.92,96.97,0.69
2023-09-06 06:00:00,59.35,72.15,23.49,96.49,1.03
2023-09-06 07:00:00,230.02,291.38,25.04,90.63,1.37
2023-09-06 08:00:00,436.17,530.58,27.07,78.75,1.62
2023-09-06 09:00:00,581.2,736.42,28.25,71.33,2.08
2023-09-06 10:00:00,709.05,886.0,29.37,67.4,2.31
2023-09-06 11:00:00,774.33,964.12,30.18,65.64,2.36
2023-09-06 12:00:00,848.95,971.55,30.6,64.81,2.29
2023-09-06 13:00:00,783.75,894.3,30.71,64.79,2.14
2023-09-06 14:00:00,644.9,747.4,30.53,65.46,1.94
2023-09-06 15:00:00,503.83,543.67,30.23,66.51,1.76
2023-09-06 16:00:00,278.1,304.45,29.65,69.24,1.53
2023-09-06 17:00:00,75.97,79.05,28.47,76.51,1.12
2023-09-06 18:00:00,0.0,0.0,26.62,87.69,0.71
2023-09-06 19:00:00,0.0,0.0,25.93,88.59,0.77
2023-09-06 20:00:00,0.0,0.0,25.52,89.35,0.77
2023-09-06 21:00:00,0.0,0.0,25.24,89.75,0.74
2023-09-06 22:00:00,0.0,0.0,25.01,89.75,0.7
2023-09-06 23:00:00,0.0,0.0,24.77,89.67,0.69
2023-09-07 00:00:00,0.0,0.0,24.55,89.29,0.7
2023-09-07 01:00:00,0.0,0.0,24.29,89.25,0.71
2023-09-07 02:00:00,0.0,0.0,23.93,89.84,0.72
2023-09-07 03:00:00,0.0,0.0,23.5,91.48,0.71
2023-09-07 04:00:00,0.0,0.0,23.1,93.24,0.69
2023-09-07 05:00:00,0.0,0.0,22.71,94.84,0.67
2023-09-07 06:00:00,76.65,77.5,23.59,92.29,1.13
2023-09-07 07:00:00,293.7,295.2,25.44,85.0,1.53
2023-09-07 08:00:00,533.92,534.17,28.31,72.7,1.6
2023-09-07 09:00:00,737.78,742.33,29.82,68.0,1.39
2023-09-07 10:00:00,875.85,890.6,30.74,65.69,1.1
2023-09-07 11:00:00,949.1,967.3,31.4,64.1,0.93
2023-09-07 12:00:00,845.17,944.03,31.88,62.94,0.84
2023-09-07 13:00:00,813.47,866.42,32.07,62.44,0.79
2023-09-07 14:00:00,661.67,716.9,32.12,61.89,0.83
2023-09-07 15:00:00,483.48,511.33,31.9,62.12,0.91
2023-09-07 16:00:00,263.2,279.5,31.28,65.24,0.86
2023-09-07 17:00:00,67.62,68.85,30.72,67.34,0.79
2023-09-07 18:00:00,0.0,0.0,29.16,76.69,0.58
2023-09-07 19:00:00,0.0,0.0,28.68,75.77,0.57
2023-09-07 20:00:00,0.0,0.0,28.55,73.82,0.55
2023-09-07 21:00:00,0.0,0.0,28.08,75.24,0.55
2023-09-07 22:00:00,0.0,0.0,27.33,79.1,0.64
2023-09-07 23:00:00,0.0,0.0,26.59,82.85,0.72
2023-09-08 00:00:00,0.0,0.0,25.83,86.98,0.72
2023-09-08 01:00:00,0.0,0.0,25.26,89.92,0.7
2023-09-08 02:00:00,0.0,0.0,24.88,91.65,0.69
2023-09-08 03:00:00,0.0,0.0,24.53,92.92,0.72
2023-09-08 04:00:00,0.0,0.0,24.24,93.91,0.77
2023-09-08 05:00:00,0.0,0.0,23.98,94.68,0.85
2023-09-08 06:00:00,67.4,69.1,24.58,92.24,1.54
2023-09-08 07:00:00,254.02,282.38,25.84,87.92,2.01
2023-09-08 08:00:00,455.5,521.17,27.96,79.15,2.01
2023-09-08 09:00:00,415.67,727.92,29.53,73.34,1.76
2023-09-08 10:00:00,210.05,881.83,30.39,70.66,1.32
2023-09-08 11:00:00,98.07,958.12,30.71,69.34,0.93
2023-09-08 12:00:00,94.72,945.28,30.73,68.65,0.63
2023-09-08 13:00:00,272.55,868.62,30.64,68.56,0.39
2023-09-08 14:00:00,293.48,721.4,30.39,70.09,0.26
2023-09-08 15:00:00,218.65,518.72,30.27,71.44,0.31
2023-09-08 16:00:00,99.5,283.05,29.85,71.92,0.52
2023-09-08 17:00:00,26.6,67.6,29.1,76.12,0.57
2023-09-08 18:00:00,0.0,0.0,27.94,82.16,0.52
2023-09-08 19:00:00,0.0,0.0,27.43,83.41,0.58
2023-09-08 20:00:00,0.0,0.0,26.92,85.5,0.61
2023-09-08 21:00:00,0.0,0.0,26.24,89.26,0.66
2023-09-08 22:00:00,0.0,0.0,25.59,92.55,0.73
2023-09-08 23:00:00,0.0,0.0,25.18,94.01,0.87
2023-09-09 00:00:00,0.0,0.0,24.86,94.96,1.05
2023-09-09 01:00:00,0.0,0.0,24.64,95.86,1.15
2023-09-09 02:00:00,0.0,0.0,24.47,96.61,1.18
2023-09-09 03:00:00,0.0,0.0,24.36,96.91,1.25
2023-09-09 04:00:00,0.0,0.0,24.27,97.04,1.47
2023-09-09 05:00:00,0.0,0.0,24.23,97.0,1.79
2023-09-09 06:00:00,57.03,68.65,24.41,96.65,2.26
2023-09-09 07:00:00,231.88,284.88,24.92,95.74,2.68
2023-09-09 08:00:00,451.17,525.85,25.54,94.17,3.01
2023-09-09 09:00:00,592.17,733.3,26.16,91.29,3.32
2023-09-09 10:00:00,780.2,882.83,26.92,86.98,3.3
2023-09-09 11:00:00,855.88,962.58,27.37,83.33,2.93
2023-09-09 12:00:00,909.75,958.97,27.36,81.79,2.27
2023-09-09 13:00:00,632.9,880.95,27.34,80.76,1.27
2023-09-09 14:00:00,529.95,732.12,27.55,79.12,0.83
2023-09-09 15:00:00,328.17,529.38,27.54,78.95,1.13
2023-09-09 16:00:00,178.1,290.85,27.24,81.26,0.78
2023-09-09 17:00:00,46.42,69.03,26.96,81.11,0.34
2023-09-09 18:00:00,0.0,0.0,26.33,83.9,0.06
2023-09-09 19:00:00,0.0,0.0,25.97,84.07,0.27
2023-09-09 20:00:00,0.0,0.0,25.63,83.27,0.33
2023-09-09 21:00:00,0.0,0.0,25.29,84.57,0.36
2023-09-09 22:00:00,0.0,0.0,24.97,86.32,0.31
2023-09-09 23:00:00,0.0,0.0,24.76,87.14,0.26
2023-09-10 00:00:00,0.0,0.0,24.63,87.37,0.18
2023-09-10 01:00:00,0.0,0.0,24.4,88.08,0.05
2023-09-10 02:00:00,0.0,0.0,24.15,89.38,0.08
2023-09-10 03:00:00,0.0,0.0,23.94,90.6,0.12
2023-09-10 04:00:00,0.0,0.0,23.71,89.68,0.04
2023-09-10 05:00:00,0.0,0.0,23.27,92.52,0.35
2023-09-10 06:00:00,53.05,78.18,23.43,95.16,0.66
2023-09-10 07:00:00,215.15,306.12,24.78,91.78,1.22
2023-09-10 08:00:00,385.73,541.38,27.08,81.53,1.52
2023-09-10 09:00:00,653.72,741.92,28.46,75.31,1.65
2023-09-10 10:00:00,707.05,886.45,29.25,72.8,1.56
2023-09-10 11:00:00,868.9,959.95,29.67,72.04,1.6
2023-09-10 12:00:00,828.8,965.72,29.84,71.94,1.72
2023-09-10 13:00:00,624.03,885.78,29.8,72.17,1.67
2023-09-10 14:00:00,609.8,734.58,29.59,72.79,1.61
2023-09-10 15:00:00,456.55,525.78,29.22,74.58,1.6
2023-09-10 16:00:00,249.73,285.9,28.69,79.31,1.28
2023-09-10 17:00:00,64.47,68.3,27.63,85.21,0.94
2023-09-10 18:00:00,0.0,0.0,26.53,88.18,0.65
2023-09-10 19:00:00,0.0,0.0,26.53,85.44,0.59
2023-09-10 20:00:00,0.0,0.0,26.48,83.89,0.46
2023-09-10 21:00:00,0.0,0.0,26.48,82.34,0.37
2023-09-10 22:00:00,0.0,0.0,26.16,83.64,0.37
2023-09-10 23:00:00,0.0,0.0,25.84,84.79,0.4
2023-09-11 00:00:00,0.0,0.0,25.33,87.55,0.44
2023-09-11 01:00:00,0.0,0.0,24.99,88.94,0.47
2023-09-11 02:00:00,0.0,0.0,24.78,89.63,0.43
2023-09-11 03:00:00,0.0,0.0,24.57,90.33,0.3
2023-09-11 04:00:00,0.0,0.0,24.2,91.99,0.42
2023-09-11 05:00:00,0.0,0.0,23.66,94.99,0.54
2023-09-11 06:00:00,74.3,75.28,23.94,95.86,0.76
2023-09-11 07:00:00,291.88,298.08,24.7,93.0,1.45
2023-09-11 08:00:00,527.38,536.5,26.08,87.85,1.68
2023-09-11 09:00:00,740.55,741.03,27.48,81.68,1.86
2023-09-11 10:00:00,892.78,893.05,28.37,77.73,1.77
2023-09-11 11:00:00,965.47,968.72,28.82,75.99,1.64
2023-09-11 12:00:00,860.7,932.5,28.95,75.38,1.56
2023-09-11 13:00:00,851.33,855.8,29.03,75.12,1.53
2023-09-11 14:00:00,694.85,698.75,29.04,74.95,1.45
2023-09-11 15:00:00,487.75,490.62,28.89,75.73,1.29
2023-09-11 16:00:00,253.9,255.27,28.59,78.64,0.97
2023-09-11 17:00:00,62.05,62.22,27.92,81.85,0.74
2023-09-11 18:00:00,0.0,0.0,26.61,84.93,0.58
2023-09-11 19:00:00,0.0,0.0,26.1,85.72,0.63
2023-09-11 20:00:00,0.0,0.0,25.57,87.5,0.69
2023-09-11 21:00:00,0.0,0.0,25.0,89.82,0.73
2023-09-11 22:00:00,0.0,0.0,24.47,92.1,0.77
2023-09-11 23:00:00,0.0,0.0,24.09,93.49,0.82
2023-09-12 00:00:00,0.0,0.0,23.81,94.22,0.89
2023-09-12 01:00:00,0.0,0.0,23.6,94.66,0.93
2023-09-12 02:00:00,0.0,0.0,23.41,95.01,0.98
2023-09-12 03:00:00,0.0,0.0,23.25,95.32,1.03
2023-09-12 04:00:00,0.0,0.0,23.13,95.55,1.11
2023-09-12 05:00:00,0.0,0.0,23.04,95.83,1.24
2023-09-12 06:00:00,60.83,65.95,23.67,94.17,1.91
2023-09-12 07:00:00,217.43,266.83,24.65,92.37,2.28
2023-09-12 08:00:00,399.67,500.3,26.56,87.55,2.12
2023-09-12 09:00:00,472.02,704.97,28.94,76.28,2.59
2023-09-12 10:00:00,604.7,857.67,29.98,73.18,2.36
2023-09-12 11:00:00,649.53,934.5,30.54,72.04,2.12
2023-09-12 12:00:00,343.4,924.3,30.92,71.31,1.81
2023-09-12 13:00:00,41.35,840.92,30.88,71.2,1.36
2023-09-12 14:00:00,28.35,688.42,30.73,71.33,0.97
2023-09-12 15:00:00,25.48,478.9,30.47,74.56,0.77
2023-09-12 16:00:00,17.62,243.68,29.98,74.81,0.95
2023-09-12 17:00:00,6.9,52.5,28.71,83.99,0.7
2023-09-12 18:00:00,0.0,0.0,27.47,87.9,0.65
2023-09-12 19:00:00,0.0,0.0,26.93,89.15,0.69
2023-09-12 20:00:00,0.0,0.0,26.51,90.11,0.69
2023-09-12 21:00:00,0.0,0.0,26.33,89.41,0.67
2023-09-12 22:00:00,0.0,0.0,26.47,86.08,0.58
2023-09-12 23:00:00,0.0,0.0,26.7,81.87,0.25
2023-09-13 00:00:00,0.0,0.0,26.32,84.84,0.22
2023-09-13 01:00:00,0.0,0.0,25.11,91.25,0.63
2023-09-13 02:00:00,0.0,0.0,24.48,95.09,0.75
2023-09-13 03:00:00,0.0,0.0,24.26,95.75,0.98
2023-09-13 04:00:00,0.0,0.0,24.13,96.06,1.36
2023-09-13 05:00:00,0.0,0.0,24.03,96.49,1.75
2023-09-13 06:00:00,47.8,58.15,24.35,96.29,2.2
2023-09-13 07:00:00,182.5,243.52,25.35,94.43,2.63
2023-09-13 08:00:00,352.15,479.88,26.87,89.0,3.03
2023-09-13 09:00:00,488.9,681.78,28.4,81.48,3.26
2023-09-13 10:00:00,599.35,842.9,29.49,75.93,3.35
2023-09-13 11:00:00,550.75,923.85,30.06,72.88,3.42
2023-09-13 12:00:00,498.9,919.05,30.37,71.12,3.42
2023-09-13 13:00:00,486.05,838.42,30.33,70.59,3.22
2023-09-13 14:00:00,352.38,686.92,29.99,71.18,2.85
2023-09-13 15:00:00,277.45,480.15,29.52,73.69,2.32
2023-09-13 16:00:00,138.75,250.48,29.02,77.63,1.77
2023-09-13 17:00:00,38.2,54.62,27.94,84.0,1.23
2023-09-13 18:00:00,0.0,0.0,26.31,91.02,0.79
2023-09-13 19:00:00,0.0,0.0,25.83,91.91,0.83
2023-09-13 20:00:00,0.0,0.0,25.44,92.69,0.9
2023-09-13 21:00:00,0.0,0.0,25.11,93.36,1.0
2023-09-13 22:00:00,0.0,0.0,24.79,94.03,1.12
2023-09-13 23:00:00,0.0,0.0,24.49,94.83,1.2
2023-09-14 00:00:00,0.0,0.0,24.2,95.86,1.27
2023-09-14 01:00:00,0.0,0.0,23.95,96.89,1.32
2023-09-14 02:00:00,0.0,0.0,23.73,97.67,1.35
2023-09-14 03:00:00,0.0,0.0,23.59,98.07,1.35
2023-09-14 04:00:00,0.0,0.0,23.52,97.96,1.39
2023-09-14 05:00:00,0.0,0.0,23.43,97.88,1.47
2023-09-14 06:00:00,48.78,72.47,23.88,96.47,2.06
2023-09-14 07:00:00,158.25,290.83,24.85,93.09,2.93
2023-09-14 08:00:00,292.75,533.03,26.04,87.8,3.36
2023-09-14 09:00:00,564.88,736.9,27.59,80.75,3.19
2023-09-14 10:00:00,660.55,885.17,28.7,75.99,2.88
2023-09-14 11:00:00,662.0,961.17,29.41,73.11,2.66
2023-09-14 12:00:00,612.95,967.67,29.87,71.39,2.47
2023-09-14 13:00:00,525.92,886.95,29.98,70.8,2.23
2023-09-14 14:00:00,424.35,735.7,29.91,70.71,1.96
2023-09-14 15:00:00,307.38,528.15,29.71,71.25,1.68
2023-09-14 16:00:00,136.85,285.27,29.22,74.48,1.25
2023-09-14 17:00:00,34.45,62.95,28.49,78.61,0.94
2023-09-14 18:00:00,0.0,0.0,27.1,85.91,0.62
2023-09-14 19:00:00,0.0,0.0,26.59,86.73,0.67
2023-09-14 20:00:00,0.0,0.0,26.11,88.09,0.69
2023-09-14 21:00:00,0.0,0.0,25.62,89.4,0.71
2023-09-14 22:00:00,0.0,0.0,25.15,90.83,0.72
2023-09-14 23:00:00,0.0,0.0,24.73,92.26,0.72
2023-09-15 00:00:00,0.0,0.0,24.39,93.59,0.73
2023-09-15 01:00:00,0.0,0.0,24.11,94.56,0.75
2023-09-15 02:00:00,0.0,0.0,23.86,95.21,0.81
2023-09-15 03:00:00,0.0,0.0,23.59,95.86,0.85
2023-09-15 04:00:00,0.0,0.0,23.41,96.34,0.86
2023-09-15 05:00:00,0.0,0.0,23.21,96.95,0.85
2023-09-15 06:00:00,63.1,73.72,23.82,95.26,1.36
2023-09-15 07:00:00,233.4,289.5,24.95,92.36,1.7
2023-09-15 08:00:00,443.05,526.78,26.98,83.74,1.94
2023-09-15 09:00:00,566.97,733.35,28.46,77.13,1.73
2023-09-15 10:00:00,569.12,877.08,29.42,73.21,1.15
2023-09-15 11:00:00,627.83,948.67,30.13,70.52,0.69
2023-09-15 12:00:00,472.38,942.53,30.51,68.87,0.5
2023-09-15 13:00:00,291.98,859.22,30.42,68.51,0.58
2023-09-15 14:00:00,143.18,705.3,29.94,70.16,0.81
2023-09-15 15:00:00,180.73,496.83,29.67,74.23,0.8
2023-09-15 16:00:00,137.05,260.67,29.11,74.58,0.98
2023-09-15 17:00:00,32.6,54.35,28.04,83.66,0.68
2023-09-15 18:00:00,0.0,0.0,27.21,85.15,0.6
2023-09-15 19:00:00,0.0,0.0,26.97,84.63,0.59
2023-09-15 20:00:00,0.0,0.0,26.72,84.75,0.54
2023-09-15 21:00:00,0.0,0.0,26.4,85.75,0.52
2023-09-15 22:00:00,0.0,0.0,26.01,87.39,0.53
2023-09-15 23:00:00,0.0,0.0,25.78,87.47,0.48
2023-09-16 00:00:00,0.0,0.0,25.7,86.41,0.37
2023-09-16 01:00:00,0.0,0.0,25.54,87.41,0.2
2023-09-16 02:00:00,0.0,0.0,25.22,87.69,0.23
2023-09-16 03:00:00,0.0,0.0,24.72,90.43,0.45
2023-09-16 04:00:00,0.0,0.0,24.11,94.49,0.57
2023-09-16 05:00:00,0.0,0.0,23.76,96.33,0.66
2023-09-16 06:00:00,53.97,69.03,24.1,95.99,1.1
2023-09-16 07:00:00,193.35,277.8,24.84,93.78,2.02
2023-09-16 08:00:00,350.3,513.47,25.97,90.72,2.17
2023-09-16 09:00:00,550.17,720.15,27.18,85.17,2.28
2023-09-16 10:00:00,595.22,873.33,27.93,81.18,2.2
2023-09-16 11:00:00,653.65,946.9,28.48,78.66,2.03
2023-09-16 12:00:00,625.28,934.05,28.75,77.26,1.72
2023-09-16 13:00:00,660.72,849.15,28.76,77.23,1.45
2023-09-16 14:00:00,607.6,692.03,28.53,77.95,1.28
2023-09-16 15:00:00,362.35,483.4,28.19,79.66,1.09
2023-09-16 16:00:00,173.0,249.5,27.85,82.79,0.75
2023-09-16 17:00:00,39.8,51.83,27.26,85.63,0.54
2023-09-16 18:00:00,0.0,0.0,26.62,85.95,0.46
2023-09-16 19:00:00,0.0,0.0,26.19,88.06,0.5
2023-09-16 20:00:00,0.0,0.0,25.66,91.38,0.54
2023-09-16 21:00:00,0.0,0.0,25.21,93.65,0.56
2023-09-16 22:00:00,0.0,0.0,24.96,94.44,0.53
2023-09-16 23:00:00,0.0,0.0,24.75,95.42,0.47
2023-09-17 00:00:00,0.0,0.0,24.49,96.71,0.44
2023-09-17 01:00:00,0.0,0.0,24.27,97.31,0.53
2023-09-17 02:00:00,0.0,0.0,24.1,97.48,0.72
2023-09-17 03:00:00,0.0,0.0,23.98,97.48,0.94
2023-09-17 04:00:00,0.0,0.0,23.88,97.56,1.13
2023-09-17 05:00:00,0.0,0.0,23.82,97.47,1.14
2023-09-17 06:00:00,30.2,67.07,23.92,97.23,1.24
2023-09-17 07:00:00,105.47,278.02,24.28,96.26,1.59
2023-09-17 08:00:00,191.68,514.53,24.73,95.17,1.83
2023-09-17 09:00:00,229.4,718.67,25.19,93.41,2.19
2023-09-17 10:00:00,276.23,864.92,25.4,90.18,2.68
2023-09-17 11:00:00,401.15,938.83,25.42,88.02,2.99
2023-09-17 12:00:00,528.95,916.22,25.47,86.88,3.03
2023-09-17 13:00:00,369.85,826.65,25.51,87.03,2.78
2023-09-17 14:00:00,270.7,666.9,25.54,87.77,2.35
2023-09-17 15:00:00,175.57,455.05,25.51,89.04,1.87
2023-09-17 16:00:00,95.95,225.62,25.38,91.42,1.31
2023-09-17 17:00:00,19.38,44.38,25.01,94.6,0.8
2023-09-17 18:00:00,0.0,0.0,24.27,96.6,0.57
2023-09-17 19:00:00,0.0,0.0,24.02,96.85,0.63
2023-09-17 20:00:00,0.0,0.0,23.75,97.25,0.68
2023-09-17 21:00:00,0.0,0.0,23.6,97.32,0.68
2023-09-17 22:00:00,0.0,0.0,23.49,97.49,0.68
2023-09-17 23:00:00,0.0,0.0,23.35,97.82,0.67
2023-09-18 00:00:00,0.0,0.0,23.19,98.23,0.71
2023-09-18 01:00:00,0.0,0.0,23.12,98.38,0.79
2023-09-18 02:00:00,0.0,0.0,23.22,98.24,0.93
2023-09-18 03:00:00,0.0,0.0,23.32,98.08,1.06
2023-09-18 04:00:00,0.0,0.0,23.4,97.9,1.17
2023-09-18 05:00:00,0.0,0.0,23.43,97.82,1.26
2023-09-18 06:00:00,43.85,60.53,23.75,97.27,1.69
2023-09-18 07:00:00,177.48,251.25,24.46,96.03,2.41
2023-09-18 08:00:00,353.65,482.83,25.26,93.79,2.91
2023-09-18 09:00:00,491.65,680.33,26.28,88.95,3.4
2023-09-18 10:00:00,433.1,832.97,27.34,83.17,3.32
2023-09-18 11:00:00,526.9,905.22,28.15,79.02,3.04
2023-09-18 12:00:00,674.05,955.97,28.66,76.84,2.69
2023-09-18 13:00:00,607.85,872.75,29.05,75.36,2.45
2023-09-18 14:00:00,545.05,716.62,29.11,75.13,2.25
2023-09-18 15:00:00,429.55,505.25,28.85,76.09,2.08
2023-09-18 16:00:00,224.05,263.75,28.3,79.09,1.75
2023-09-18 17:00:00,49.28,53.0,27.2,85.79,1.19
2023-09-18 18:00:00,0.0,0.0,25.53,92.62,0.79
2023-09-18 19:00:00,0.0,0.0,25.16,93.58,0.84
2023-09-18 20:00:00,0.0,0.0,24.84,94.38,0.84
2023-09-18 21:00:00,0.0,0.0,24.54,95.09,0.8
2023-09-18 22:00:00,0.0,0.0,24.28,95.53,0.76
2023-09-18 23:00:00,0.0,0.0,24.02,95.81,0.72
2023-09-19 00:00:00,0.0,0.0,23.81,96.34,0.68
2023-09-19 01:00:00,0.0,0.0,23.57,96.6,0.65
2023-09-19 02:00:00,0.0,0.0,23.32,97.01,0.63
2023-09-19 03:00:00,0.0,0.0,22.98,97.6,0.65
2023-09-19 04:00:00,0.0,0.0,22.59,98.34,0.69
2023-09-19 05:00:00,0.0,0.0,22.27,99.14,0.74
2023-09-19 06:00:00,56.28,71.6,23.22,96.82,1.32
2023-09-19 07:00:00,215.7,276.08,24.94,92.03,2.1
2023-09-19 08:00:00,416.38,516.97,26.96,83.36,2.47
2023-09-19 09:00:00,659.25,722.03,28.37,77.19,2.4
2023-09-19 10:00:00,811.45,864.85,29.37,73.67,2.16
2023-09-19 11:00:00,857.05,945.38,30.12,71.25,1.85
2023-09-19 12:00:00,916.55,968.5,30.61,69.4,1.52
2023-09-19 13:00:00,797.45,887.6,30.78,68.43,1.28
2023-09-19 14:00:00,683.9,736.6,30.78,67.79,1.12
2023-09-19 15:00:00,488.27,527.05,30.52,67.97,1.1
2023-09-19 16:00:00,239.88,284.3,29.94,71.11,1.06
2023-09-19 17:00:00,45.9,58.58,28.97,76.47,0.99
2023-09-19 18:00:00,0.0,0.0,27.03,87.89,0.69
2023-09-19 19:00:00,0.0,0.0,26.23,89.54,0.79
2023-09-19 20:00:00,0.0,0.0,25.65,90.79,0.86
2023-09-19 21:00:00,0.0,0.0,25.21,91.68,0.86
2023-09-19 22:00:00,0.0,0.0,24.84,92.37,0.82
2023-09-19 23:00:00,0.0,0.0,24.55,92.59,0.76
2023-09-20 00:00:00,0.0,0.0,24.37,92.17,0.72
2023-09-20 01:00:00,0.0,0.0,24.31,91.32,0.69
2023-09-20 02:00:00,0.0,0.0,24.29,90.73,0.63
2023-09-20 03:00:00,0.0,0.0,24.21,90.7,0.58
2023-09-20 04:00:00,0.0,0.0,24.1,91.02,0.53
2023-09-20 05:00:00,0.0,0.0,23.84,91.86,0.54
2023-09-20 06:00:00,75.1,77.55,24.13,93.79,0.59
2023-09-20 07:00:00,282.05,297.17,25.27,90.96,1.03
2023-09-20 08:00:00,512.78,539.9,27.52,80.63,1.14
2023-09-20 09:00:00,735.83,747.3,29.39,71.5,1.22
2023-09-20 10:00:00,882.83,893.5,30.34,68.65,1.47
2023-09-20 11:00:00,929.22,965.55,30.89,67.17,1.84
2023-09-20 12:00:00,915.55,966.33,30.96,66.64,2.12
2023-09-20 13:00:00,730.05,881.72,30.72,67.08,2.21
2023-09-20 14:00:00,657.45,728.22,30.3,68.47,2.08
2023-09-20 15:00:00,439.58,518.62,29.77,71.83,1.64
2023-09-20 16:00:00,229.98,277.55,29.28,75.05,1.24
2023-09-20 17:00:00,46.33,55.38,28.21,82.19,0.84
2023-09-20 18:00:00,0.0,0.0,27.17,85.17,0.65
2023-09-20 19:00:00,0.0,0.0,26.76,85.35,0.66
2023-09-20 20:00:00,0.0,0.0,26.44,85.77,0.67
2023-09-20 21:00:00,0.0,0.0,26.2,85.83,0.65
2023-09-20 22:00:00,0.0,0.0,25.93,86.34,0.6
2023-09-20 23:00:00,0.0,0.0,25.51,88.16,0.57
2023-09-21 00:00:00,0.0,0.0,25.07,90.39,0.54
2023-09-21 01:00:00,0.0,0.0,24.68,92.06,0.55
2023-09-21 02:00:00,0.0,0.0,24.31,93.67,0.56
2023-09-21 03:00:00,0.0,0.0,23.94,95.19,0.59
2023-09-21 04:00:00,0.0,0.0,23.63,96.15,0.66
2023-09-21 05:00:00,0.0,0.0,23.39,96.94,0.75
2023-09-21 06:00:00,69.88,77.35,23.78,96.06,1.14
2023-09-21 07:00:00,266.02,303.12,24.73,92.74,1.88
2023-09-21 08:00:00,484.9,543.45,26.35,86.51,2.13
2023-09-21 09:00:00,734.08,748.78,27.96,79.92,2.17
2023-09-21 10:00:00,866.83,891.28,29.12,75.58,1.7
2023-09-21 11:00:00,921.28,960.35,29.87,72.4,1.2
2023-09-21 12:00:00,823.17,942.42,30.2,70.4,0.84
2023-09-21 13:00:00,576.55,856.2,30.43,69.25,0.74
2023-09-21 14:00:00,531.28,699.55,30.34,69.11,0.81
2023-09-21 15:00:00,340.05,498.0,30.02,70.97,0.86
2023-09-21 16:00:00,159.45,261.8,29.66,75.31,0.81
2023-09-21 17:00:00,35.05,50.72,28.47,82.39,0.81
2023-09-21 18:00:00,0.0,0.0,27.16,89.46,0.64
2023-09-21 19:00:00,0.0,0.0,26.74,90.56,0.65
2023-09-21 20:00:00,0.0,0.0,26.52,90.93,0.63
2023-09-21 21:00:00,0.0,0.0,26.34,90.83,0.61
2023-09-21 22:00:00,0.0,0.0,26.21,90.11,0.59
2023-09-21 23:00:00,0.0,0.0,25.98,89.87,0.57
2023-09-22 00:00:00,0.0,0.0,25.65,90.49,0.58
2023-09-22 01:00:00,0.0,0.0,25.16,92.85,0.57
2023-09-22 02:00:00,0.0,0.0,24.72,94.77,0.61
2023-09-22 03:00:00,0.0,0.0,24.4,95.77,0.66
2023-09-22 04:00:00,0.0,0.0,24.16,96.39,0.68
2023-09-22 05:00:00,0.0,0.0,23.93,96.99,0.64
2023-09-22 06:00:00,32.17,79.75,24.31,96.87,0.85
2023-09-22 07:00:00,143.15,307.55,25.19,94.52,1.88
2023-09-22 08:00:00,254.93,548.33,26.32,91.29,2.68
2023-09-22 09:00:00,430.88,750.22,27.48,86.33,3.08
2023-09-22 10:00:00,579.25,894.47,28.54,81.58,2.82
2023-09-22 11:00:00,797.83,960.5,29.36,78.23,2.33
2023-09-22 12:00:00,752.25,937.97,29.64,76.49,1.95
2023-09-22 13:00:00,698.85,848.9,29.72,75.67,1.81
2023-09-22 14:00:00,589.25,689.53,29.55,76.02,1.73
2023-09-22 15:00:00,418.17,475.7,29.18,77.91,1.62
2023-09-22 16:00:00,213.32,239.15,28.47,82.83,1.18
2023-09-22 17:00:00,42.33,43.95,27.49,89.54,0.79
2023-09-22 18:00:00,0.0,0.0,26.46,92.29,0.66
2023-09-22 19:00:00,0.0,0.0,26.07,92.97,0.68
2023-09-22 20:00:00,0.0,0.0,25.66,94.03,0.71
2023-09-22 21:00:00,0.0,0.0,25.3,95.09,0.72
2023-09-22 22:00:00,0.0,0.0,25.0,95.84,0.74
2023-09-22 23:00:00,0.0,0.0,24.73,96.43,0.77
2023-09-23 00:00:00,0.0,0.0,24.44,97.11,0.81
2023-09-23 01:00:00,0.0,0.0,24.15,97.72,0.83
2023-09-23 02:00:00,0.0,0.0,23.87,98.5,0.82
2023-09-23 03:00:00,0.0,0.0,23.64,98.9,0.8
2023-09-23 04:00:00,0.0,0.0,23.48,98.95,0.77
2023-09-23 05:00:00,0.0,0.0,23.35,99.07,0.74
2023-09-23 06:00:00,69.88,71.97,23.95,97.39,0.96
2023-09-23 07:00:00,256.27,280.7,24.97,93.9,1.65
2023-09-23 08:00:00,466.27,523.78,26.16,89.76,1.8
2023-09-23 09:00:00,662.17,730.88,27.47,83.22,2.26
2023-09-23 10:00:00,831.97,881.03,28.43,79.2,2.57
2023-09-23 11:00:00,941.72,952.75,28.91,76.87,2.68
2023-09-23 12:00:00,863.42,946.97,29.0,75.91,2.64
2023-09-23 13:00:00,791.33,860.33,29.09,74.87,2.49
2023-09-23 14:00:00,534.9,701.35,28.96,75.02,2.27
2023-09-23 15:00:00,411.42,488.27,28.63,76.46,1.95
2023-09-23 16:00:00,206.8,245.77,28.1,80.7,1.42
2023-09-23 17:00:00,41.05,44.15,26.99,87.36,1.02
2023-09-23 18:00:00,0.0,0.0,25.65,91.89,0.8
2023-09-23 19:00:00,0.0,0.0,25.22,92.53,0.86
2023-09-23 20:00:00,0.0,0.0,24.85,93.11,0.91
2023-09-23 21:00:00,0.0,0.0,24.53,93.64,0.84
2023-09-23 22:00:00,0.0,0.0,24.22,94.23,0.74
2023-09-23 23:00:00,0.0,0.0,23.99,94.31,0.66
2023-09-24 00:00:00,0.0,0.0,23.76,94.35,0.61
2023-09-24 01:00:00,0.0,0.0,23.63,93.69,0.58
2023-09-24 02:00:00,0.0,0.0,23.64,91.99,0.51
2023-09-24 03:00:00,0.0,0.0,23.68,90.41,0.29
2023-09-24 04:00:00,0.0,0.0,23.43,91.19,0.24
2023-09-24 05:00:00,0.0,0.0,22.77,95.06,0.58
2023-09-24 06:00:00,46.55,72.43,22.99,95.15,1.12
2023-09-24 07:00:00,160.73,289.23,23.8,90.9,2.17
2023-09-24 08:00:00,283.52,529.17,24.85,82.53,2.26
2023-09-24 09:00:00,430.58,735.55,26.42,72.35,2.39
2023-09-24 10:00:00,561.72,882.25,28.17,65.9,2.35
2023-09-24 11:00:00,501.9,956.0,29.54,63.14,2.3
2023-09-24 12:00:00,558.03,946.17,30.21,62.81,2.28
2023-09-24 13:00:00,697.58,856.53,30.4,63.97,2.22
2023-09-24 14:00:00,539.28,701.2,30.24,65.75,2.12
2023-09-24 15:00:00,366.23,490.67,29.87,68.2,1.91
2023-09-24 16:00:00,167.8,247.5,29.29,73.81,1.45
2023-09-24 17:00:00,35.58,44.17,27.98,81.7,1.11
2023-09-24 18:00:00,0.0,0.0,26.32,89.05,0.73
2023-09-24 19:00:00,0.0,0.0,25.86,89.87,0.72
2023-09-24 20:00:00,0.0,0.0,25.48,90.62,0.69
2023-09-24 21:00:00,0.0,0.0,25.17,91.13,0.67
2023-09-24 22:00:00,0.0,0.0,24.81,92.32,0.62
2023-09-24 23:00:00,0.0,0.0,24.33,94.68,0.58
2023-09-25 00:00:00,0.0,0.0,23.93,96.57,0.58
2023-09-25 01:00:00,0.0,0.0,23.62,97.55,0.58
2023-09-25 02:00:00,0.0,0.0,23.46,97.99,0.52
2023-09-25 03:00:00,0.0,0.0,23.43,97.79,0.44
2023-09-25 04:00:00,0.0,0.0,23.44,97.27,0.43
2023-09-25 05:00:00,0.0,0.0,23.36,97.03,0.46
2023-09-25 06:00:00,42.22,77.55,23.7,96.45,0.6
2023-09-25 07:00:00,159.88,304.67,24.67,92.32,1.11
2023-09-25 08:00:00,283.45,544.4,25.81,87.82,1.32
2023-09-25 09:00:00,477.4,747.78,27.07,82.37,1.48
2023-09-25 10:00:00,649.3,890.47,28.08,77.87,1.59
2023-09-25 11:00:00,724.6,959.3,28.93,74.68,1.68
2023-09-25 12:00:00,712.78,965.15,29.51,72.41,1.68
2023-09-25 13:00:00,651.28,879.28,29.85,70.91,1.63
2023-09-25 14:00:00,549.38,723.45,29.98,70.01,1.64
2023-09-25 15:00:00,389.2,512.72,29.83,70.16,1.65
2023-09-25 16:00:00,204.9,269.7,29.25,75.16,1.28
2023-09-25 17:00:00,42.92,48.97,28.26,80.84,1.03
2023-09-25 18:00:00,0.0,0.0,26.64,88.94,0.67
2023-09-25 19:00:00,0.0,0.0,26.12,89.89,0.72
2023-09-25 20:00:00,0.0,0.0,25.68,90.99,0.73
2023-09-25 21:00:00,0.0,0.0,25.31,91.94,0.74
2023-09-25 22:00:00,0.0,0.0,24.96,92.84,0.71
2023-09-25 23:00:00,0.0,0.0,24.62,93.74,0.69
2023-09-26 00:00:00,0.0,0.0,24.32,94.6,0.67
2023-09-26 01:00:00,0.0,0.0,24.05,95.51,0.65
2023-09-26 02:00:00,0.0,0.0,23.8,96.39,0.64
2023-09-26 03:00:00,0.0,0.0,23.55,97.37,0.66
2023-09-26 04:00:00,0.0,0.0,23.34,98.25,0.73
2023-09-26 05:00:00,0.0,0.0,23.2,98.86,0.81
2023-09-26 06:00:00,77.0,78.55,23.95,96.95,1.37
2023-09-26 07:00:00,281.75,296.85,25.45,92.97,2.22
2023-09-26 08:00:00,504.7,537.22,27.35,85.08,2.7
2023-09-26 09:00:00,698.25,742.9,28.99,77.65,2.63
2023-09-26 10:00:00,829.42,886.0,30.12,73.37,2.34
2023-09-26 11:00:00,915.5,957.1,30.88,70.42,2.01
2023-09-26 12:00:00,886.83,965.92,31.39,67.99,1.7
2023-09-26 13:00:00,750.03,879.15,31.6,66.68,1.43
2023-09-26 14:00:00,657.3,721.35,31.54,65.95,1.38
2023-09-26 15:00:00,479.77,509.5,31.21,66.57,1.45
2023-09-26 16:00:00,248.3,265.92,30.57,71.15,1.22
2023-09-26 17:00:00,44.45,46.62,29.39,77.24,1.07
2023-09-26 18:00:00,0.0,0.0,27.63,87.4,0.68
2023-09-26 19:00:00,0.0,0.0,27.12,87.94,0.71
2023-09-26 20:00:00,0.0,0.0,26.74,88.24,0.72
2023-09-26 21:00:00,0.0,0.0,26.48,87.6,0.73
2023-09-26 22:00:00,0.0,0.0,26.3,86.47,0.72
2023-09-26 23:00:00,0.0,0.0,26.11,85.79,0.7
2023-09-27 00:00:00,0.0,0.0,25.82,86.13,0.68
2023-09-27 01:00:00,0.0,0.0,25.43,87.27,0.67
2023-09-27 02:00:00,0.0,0.0,24.99,88.92,0.67
2023-09-27 03:00:00,0.0,0.0,24.49,91.05,0.69
2023-09-27 04:00:00,0.0,0.0,23.96,93.4,0.68
2023-09-27 05:00:00,0.0,0.0,23.52,95.31,0.68
2023-09-27 06:00:00,82.9,83.22,24.22,94.23,1.07
2023-09-27 07:00:00,298.0,300.45,25.84,89.03,1.69
2023-09-27 08:00:00,536.2,542.22,28.68,77.01,1.77
2023-09-27 09:00:00,735.0,747.42,30.32,71.37,1.52
2023-09-27 10:00:00,831.28,892.65,31.43,68.31,1.02
2023-09-27 11:00:00,898.7,964.83,32.23,65.97,0.59
2023-09-27 12:00:00,867.53,956.65,32.78,64.08,0.34
2023-09-27 13:00:00,792.7,872.67,33.06,62.72,0.39
2023-09-27 14:00:00,676.53,715.35,33.05,62.1,0.54
2023-09-27 15:00:00,485.7,503.62,32.74,62.48,0.67
2023-09-27 16:00:00,252.93,257.65,32.37,65.03,0.63
2023-09-27 17:00:00,44.75,45.15,31.41,68.9,0.68
2023-09-27 18:00:00,0.0,0.0,30.27,73.06,0.44
2023-09-27 19:00:00,0.0,0.0,30.06,71.48,0.38
2023-09-27 20:00:00,0.0,0.0,29.39,74.38,0.51
2023-09-27 21:00:00,0.0,0.0,28.27,81.48,0.68
2023-09-27 22:00:00,0.0,0.0,27.17,87.76,0.75
2023-09-27 23:00:00,0.0,0.0,26.46,89.77,0.9
2023-09-28 00:00:00,0.0,0.0,25.92,90.71,1.11
2023-09-28 01:00:00,0.0,0.0,25.49,91.9,1.32
2023-09-28 02:00:00,0.0,0.0,25.15,93.26,1.49
2023-09-28 03:00:00,0.0,0.0,24.77,94.94,1.58
2023-09-28 04:00:00,0.0,0.0,24.46,96.22,1.66
2023-09-28 05:00:00,0.0,0.0,24.26,97.06,1.82
2023-09-28 06:00:00,81.5,85.72,24.64,95.79,2.43
2023-09-28 07:00:00,301.5,316.33,25.8,92.78,2.87
2023-09-28 08:00:00,543.8,556.1,27.74,84.44,3.11
2023-09-28 09:00:00,677.33,759.25,29.29,77.45,3.22
2023-09-28 10:00:00,773.2,902.65,30.19,74.55,3.03
2023-09-28 11:00:00,892.22,969.5,30.84,72.62,2.76
2023-09-28 12:00:00,664.75,926.6,31.23,71.35,2.49
2023-09-28 13:00:00,715.4,834.62,31.2,71.32,2.2
2023-09-28 14:00:00,553.1,675.8,30.96,71.87,1.95
2023-09-28 15:00:00,430.23,463.98,30.54,74.06,1.71
2023-09-28 16:00:00,214.05,229.65,29.96,78.8,1.26
2023-09-28 17:00:00,37.35,38.28,28.83,85.58,0.9
2023-09-28 18:00:00,0.0,0.0,27.53,90.88,0.72
2023-09-28 19:00:00,0.0,0.0,27.02,91.87,0.77
2023-09-28 20:00:00,0.0,0.0,26.66,92.62,0.81
2023-09-28 21:00:00,0.0,0.0,26.27,93.41,0.84
2023-09-28 22:00:00,0.0,0.0,25.9,94.19,0.88
2023-09-28 23:00:00,0.0,0.0,25.63,94.75,0.89
2023-09-29 00:00:00,0.0,0.0,25.37,95.31,0.91
2023-09-29 01:00:00,0.0,0.0,25.19,95.71,0.94
2023-09-29 02:00:00,0.0,0.0,25.06,95.94,1.0
2023-09-29 03:00:00,0.0,0.0,24.92,96.15,1.13
2023-09-29 04:00:00,0.0,0.0,24.8,96.38,1.31
2023-09-29 05:00:00,0.0,0.0,24.69,96.59,1.5
2023-09-29 06:00:00,74.55,78.65,24.89,96.16,1.91
2023-09-29 07:00:00,252.95,299.02,25.54,94.69,2.43
2023-09-29 08:00:00,435.83,537.62,26.39,92.64,2.42
2023-09-29 09:00:00,647.9,739.67,27.5,87.67,2.68
2023-09-29 10:00:00,691.28,884.17,28.34,81.62,2.74
2023-09-29 11:00:00,764.55,958.45,28.74,76.77,2.6
2023-09-29 12:00:00,588.83,948.88,28.93,74.58,2.32
2023-09-29 13:00:00,177.5,860.25,28.94,74.52,2.12
2023-09-29 14:00:00,277.33,701.33,28.76,75.7,1.99
2023-09-29 15:00:00,212.75,486.88,28.44,79.02,1.59
2023-09-29 16:00:00,104.88,244.35,28.02,81.07,1.36
2023-09-29 17:00:00,19.8,38.67,27.03,88.42,0.75
2023-09-29 18:00:00,0.0,0.0,26.42,87.32,0.65
2023-09-29 19:00:00,0.0,0.0,26.65,83.56,0.48
2023-09-29 20:00:00,0.0,0.0,26.83,81.13,0.18
2023-09-29 21:00:00,0.0,0.0,26.15,85.77,0.5
2023-09-29 22:00:00,0.0,0.0,25.29,90.39,0.66
2023-09-29 23:00:00,0.0,0.0,24.7,93.42,0.69
2023-09-30 00:00:00,0.0,0.0,24.32,94.66,0.73
2023-09-30 01:00:00,0.0,0.0,24.02,95.45,0.76
2023-09-30 02:00:00,0.0,0.0,23.78,95.88,0.73
2023-09-30 03:00:00,0.0,0.0,23.53,96.34,0.65
2023-09-30 04:00:00,0.0,0.0,23.35,96.16,0.59
2023-09-30 05:00:00,0.0,0.0,23.23,95.92,0.56
2023-09-30 06:00:00,71.5,75.2,23.64,96.01,0.67
2023-09-30 07:00:00,258.77,288.1,24.99,92.37,1.09
2023-09-30 08:00:00,476.4,525.15,27.49,82.01,1.22
2023-09-30 09:00:00,674.12,728.08,29.26,74.67,1.46
2023-09-30 10:00:00,870.88,872.78,30.24,70.75,1.55
2023-09-30 11:00:00,937.1,942.55,30.87,68.34,1.55
2023-09-30 12:00:00,955.17,958.97,31.27,66.49,1.55
2023-09-30 13:00:00,865.97,870.95,31.36,65.38,1.56
2023-09-30 14:00:00,698.0,713.83,31.35,65.07,1.55
2023-09-30 15:00:00,500.45,503.25,31.07,65.56,1.51
2023-09-30 16:00:00,251.12,258.12,30.65,69.27,1.08
2023-09-30 17:00:00,41.17,41.85,29.44,74.57,1.0
2023-09-30 18:00:00,0.0,0.0,28.01,82.08,0.68
2023-09-30 19:00:00,0.0,0.0,27.79,80.11,0.69
2023-09-30 20:00:00,0.0,0.0,27.59,79.16,0.68
2023-09-30 21:00:00,0.0,0.0,27.38,78.66,0.64
2023-09-30 22:00:00,0.0,0.0,26.94,80.1,0.59
2023-09-30 23:00:00,0.0,0.0,26.4,82.11,0.61
2023-10-01 00:00:00,0.0,0.0,25.73,85.32,0.67
2023-10-01 01:00:00,0.0,0.0,25.04,88.88,0.72
2023-10-01 02:00:00,0.0,0.0,24.49,91.43,0.73
2023-10-01 03:00:00,0.0,0.0,24.13,93.11,0.75
2023-10-01 04:00:00,0.0,0.0,23.71,94.27,0.79
2023-10-01 05:00:00,0.0,0.0,23.33,95.57,0.83
2023-10-01 06:00:00,85.93,86.68,23.99,93.83,1.36
2023-10-01 07:00:00,306.92,312.08,25.71,87.88,1.98
2023-10-01 08:00:00,535.03,553.4,28.37,77.15,2.28
2023-10-01 09:00:00,724.45,755.72,30.11,70.84,2.14
2023-10-01 10:00:00,793.53,897.15,31.25,67.12,1.99
2023-10-01 11:00:00,836.8,963.62,31.96,64.95,1.99
2023-10-01 12:00:00,826.95,946.7,32.29,63.92,2.06
2023-10-01 13:00:00,753.88,857.53,32.16,64.01,2.14
2023-10-01 14:00:00,629.9,699.17,31.86,65.07,2.12
2023-10-01 15:00:00,433.75,486.4,31.43,67.2,1.93
2023-10-01 16:00:00,200.82,243.48,30.78,72.61,1.42
2023-10-01 17:00:00,29.02,37.95,29.4,80.25,1.07
2023-10-01 18:00:00,0.0,0.0,28.13,87.62,0.65
2023-10-01 19:00:00,0.0,0.0,27.76,87.35,0.65
2023-10-01 20:00:00,0.0,0.0,27.46,86.97,0.67
2023-10-01 21:00:00,0.0,0.0,27.22,86.74,0.66
2023-10-01 22:00:00,0.0,0.0,26.89,87.21,0.65
2023-10-01 23:00:00,0.0,0.0,26.42,88.95,0.64
2023-10-02 00:00:00,0.0,0.0,25.91,91.15,0.64
2023-10-02 01:00:00,0.0,0.0,25.41,93.36,0.65
2023-10-02 02:00:00,0.0,0.0,25.01,94.88,0.66
2023-10-02 03:00:00,0.0,0.0,24.7,95.98,0.71
2023-10-02 04:00:00,0.0,0.0,24.43,97.0,0.79
2023-10-02 05:00:00,0.0,0.0,24.27,97.91,0.95
2023-10-02 06:00:00,59.2,83.57,24.75,97.12,1.55
2023-10-02 07:00:00,224.62,310.98,25.76,94.55,2.5
2023-10-02 08:00:00,407.8,549.05,26.63,90.58,3.15
2023-10-02 09:00:00,516.72,752.0,27.45,85.71,3.38
2023-10-02 10:00:00,538.15,891.33,28.19,81.72,3.19
2023-10-02 11:00:00,746.5,957.85,28.88,78.5,2.91
2023-10-02 12:00:00,861.47,940.78,29.55,75.53,2.58
2023-10-02 13:00:00,759.47,851.62,29.91,73.37,2.19
2023-10-02 14:00:00,645.1,692.83,30.02,72.14,1.84
2023-10-02 15:00:00,445.8,479.73,29.93,72.01,1.56
2023-10-02 16:00:00,206.95,238.55,29.45,76.15,1.12
2023-10-02 17:00:00,30.23,36.2,28.68,80.63,0.85
2023-10-02 18:00:00,0.0,0.0,27.53,85.01,0.59
2023-10-02 19:00:00,0.0,0.0,27.15,85.35,0.58
2023-10-02 20:00:00,0.0,0.0,26.73,86.66,0.57
2023-10-02 21:00:00,0.0,0.0,26.43,87.2,0.6
2023-10-02 22:00:00,0.0,0.0,26.09,88.32,0.63
2023-10-02 23:00:00,0.0,0.0,25.62,90.36,0.66
2023-10-03 00:00:00,0.0,0.0,25.17,92.49,0.67
2023-10-03 01:00:00,0.0,0.0,24.81,94.23,0.68
2023-10-03 02:00:00,0.0,0.0,24.53,95.37,0.72
2023-10-03 03:00:00,0.0,0.0,24.3,96.19,0.83
2023-10-03 04:00:00,0.0,0.0,24.2,96.71,1.02
2023-10-03 05:00:00,0.0,0.0,24.16,96.93,1.27
2023-10-03 06:00:00,55.1,82.53,24.41,96.27,1.75
2023-10-03 07:00:00,172.43,308.5,25.11,94.21,2.12
2023-10-03 08:00:00,298.0,546.53,25.83,91.63,2.46
2023-10-03 09:00:00,524.85,747.85,26.51,88.58,2.76
2023-10-03 10:00:00,597.78,887.42,27.43,84.46,3.01
2023-10-03 11:00:00,686.25,953.33,27.95,81.75,3.19
2023-10-03 12:00:00,596.22,930.92,28.03,81.51,3.31
2023-10-03 13:00:00,505.7,841.25,28.04,81.61,3.35
2023-10-03 14:00:00,380.45,683.88,27.75,83.1,3.17
2023-10-03 15:00:00,202.43,470.98,27.26,85.86,2.89
2023-10-03 16:00:00,101.6,232.45,26.7,89.67,2.39
2023-10-03 17:00:00,16.95,34.12,25.97,93.83,1.65
2023-10-03 18:00:00,0.0,0.0,25.29,96.14,1.2
2023-10-03 19:00:00,0.0,0.0,25.09,96.34,1.01
2023-10-03 20:00:00,0.0,0.0,24.95,96.34,0.86
2023-10-03 21:00:00,0.0,0.0,24.84,96.23,0.76
2023-10-03 22:00:00,0.0,0.0,24.69,96.31,0.71
2023-10-03 23:00:00,0.0,0.0,24.51,96.6,0.69
2023-10-04 00:00:00,0.0,0.0,24.31,97.02,0.74
2023-10-04 01:00:00,0.0,0.0,24.12,97.42,0.89
2023-10-04 02:00:00,0.0,0.0,24.01,97.54,1.16
2023-10-04 03:00:00,0.0,0.0,23.88,97.72,1.39
2023-10-04 04:00:00,0.0,0.0,23.89,97.59,1.49
2023-10-04 05:00:00,0.0,0.0,24.05,97.2,1.61
2023-10-04 06:00:00,66.0,84.05,24.39,96.77,1.84
2023-10-04 07:00:00,185.6,309.98,25.0,95.62,2.19
2023-10-04 08:00:00,310.0,546.42,25.55,93.97,2.34
2023-10-04 09:00:00,405.55,748.1,25.98,91.35,2.69
2023-10-04 10:00:00,461.05,886.3,26.28,89.28,2.87
2023-10-04 11:00:00,587.25,951.17,26.39,88.48,2.73
2023-10-04 12:00:00,647.62,921.62,26.48,88.23,2.46
2023-10-04 13:00:00,524.33,830.38,26.59,87.88,2.24
2023-10-04 14:00:00,412.3,668.6,26.61,87.76,2.0
2023-10-04 15:00:00,265.55,449.73,26.48,88.49,1.72
2023-10-04 16:00:00,128.95,215.48,26.1,91.02,1.27
2023-10-04 17:00:00,21.38,30.17,25.44,95.41,0.65
2023-10-04 18:00:00,0.0,0.0,24.71,96.75,0.5
2023-10-04 19:00:00,0.0,0.0,24.5,96.36,0.47
2023-10-04 20:00:00,0.0,0.0,24.56,94.41,0.35
2023-10-04 21:00:00,0.0,0.0,24.55,93.17,0.12
2023-10-04 22:00:00,0.0,0.0,24.06,95.04,0.47
2023-10-04 23:00:00,0.0,0.0,23.66,96.45,0.59
2023-10-05 00:00:00,0.0,0.0,23.41,96.74,0.69
2023-10-05 01:00:00,0.0,0.0,23.2,96.64,0.8
2023-10-05 02:00:00,0.0,0.0,23.02,96.49,0.92
2023-10-05 03:00:00,0.0,0.0,22.82,96.54,0.89
2023-10-05 04:00:00,0.0,0.0,22.62,96.44,0.74
2023-10-05 05:00:00,0.0,0.0,22.51,96.0,0.6
2023-10-05 06:00:00,39.6,47.67,23.11,94.24,0.56
2023-10-05 07:00:00,137.95,182.18,24.36,88.7,0.28
2023-10-05 08:00:00,247.23,360.3,26.44,79.78,0.69
2023-10-05 09:00:00,443.88,533.1,27.84,75.88,1.27
2023-10-05 10:00:00,621.08,646.9,28.95,72.98,1.65
2023-10-05 11:00:00,682.7,707.03,29.73,70.95,1.83
2023-10-05 12:00:00,654.97,668.0,30.22,69.61,1.82
2023-10-05 13:00:00,525.22,580.5,30.39,69.23,1.75
2023-10-05 14:00:00,410.55,437.23,30.24,69.9,1.65
2023-10-05 15:00:00,228.98,267.77,29.9,72.25,1.37
2023-10-05 16:00:00,108.6,127.4,29.35,76.91,0.95
2023-10-05 17:00:00,16.73,20.15,28.43,83.17,0.72
2023-10-05 18:00:00,0.0,0.0,27.65,85.05,0.56
2023-10-05 19:00:00,0.0,0.0,27.19,86.06,0.59
2023-10-05 20:00:00,0.0,0.0,26.65,88.58,0.61
2023-10-05 21:00:00,0.0,0.0,26.2,90.57,0.62
2023-10-05 22:00:00,0.0,0.0,25.86,91.5,0.61
2023-10-05 23:00:00,0.0,0.0,25.63,91.52,0.6
2023-10-06 00:00:00,0.0,0.0,25.52,90.47,0.55
2023-10-06 01:00:00,0.0,0.0,25.41,89.65,0.46
2023-10-06 02:00:00,0.0,0.0,25.31,89.18,0.34
2023-10-06 03:00:00,0.0,0.0,24.99,90.66,0.34
2023-10-06 04:00:00,0.0,0.0,24.62,92.51,0.46
2023-10-06 05:00:00,0.0,0.0,24.21,94.62,0.54
2023-10-06 06:00:00,45.4,47.65,24.38,95.91,0.71
2023-10-06 07:00:00,157.62,181.73,25.18,93.4,1.39
2023-10-06 08:00:00,296.77,352.75,26.63,88.52,1.64
2023-10-06 09:00:00,548.42,549.83,28.26,81.52,1.68
2023-10-06 10:00:00,704.25,704.47,29.4,76.59,1.7
2023-10-06 11:00:00,760.35,760.83,30.03,73.96,1.91
2023-10-06 12:00:00,739.62,740.4,30.28,72.62,2.08
2023-10-06 13:00:00,583.88,626.55,30.35,72.21,2.17
2023-10-06 14:00:00,457.17,492.58,30.13,72.98,2.13
2023-10-06 15:00:00,259.75,312.08,29.79,74.82,2.01
2023-10-06 16:00:00,136.9,146.38,29.16,79.72,1.52
2023-10-06 17:00:00,22.1,22.02,27.93,86.97,1.08
2023-10-06 18:00:00,0.0,0.0,26.53,92.01,0.88
2023-10-06 19:00:00,0.0,0.0,26.04,92.99,0.98
2023-10-06 20:00:00,0.0,0.0,25.67,93.84,1.06
2023-10-06 21:00:00,0.0,0.0,25.36,94.59,1.03
2023-10-06 22:00:00,0.0,0.0,25.14,95.2,0.95
2023-10-06 23:00:00,0.0,0.0,24.94,95.67,0.9
2023-10-07 00:00:00,0.0,0.0,24.74,96.16,0.83
2023-10-07 01:00:00,0.0,0.0,24.55,96.49,0.79
2023-10-07 02:00:00,0.0,0.0,24.36,96.78,0.78
2023-10-07 03:00:00,0.0,0.0,24.15,97.11,0.83
2023-10-07 04:00:00,0.0,0.0,23.95,97.45,0.93
2023-10-07 05:00:00,0.0,0.0,23.74,97.87,1.0
2023-10-07 06:00:00,35.22,56.03,24.02,97.18,1.37
2023-10-07 07:00:00,135.77,219.7,24.91,94.82,1.97
2023-10-07 08:00:00,259.73,435.8,26.38,89.03,2.07
2023-10-07 09:00:00,407.48,637.15,27.93,82.38,2.0
2023-10-07 10:00:00,536.92,783.8,29.07,77.32,1.78
2023-10-07 11:00:00,611.12,855.8,29.65,74.5,1.79
2023-10-07 12:00:00,714.47,912.65,29.8,73.1,1.86
2023-10-07 13:00:00,656.67,821.08,29.72,72.91,1.85
2023-10-07 14:00:00,523.0,661.97,29.4,73.86,1.78
2023-10-07 15:00:00,382.12,449.98,29.06,75.72,1.76
2023-10-07 16:00:00,187.8,214.62,28.45,80.66,1.52
2023-10-07 17:00:00,28.83,29.62,27.29,87.08,1.22
2023-10-07 18:00:00,0.0,0.0,25.94,92.91,0.97
2023-10-07 19:00:00,0.0,0.0,25.54,93.83,1.14
2023-10-07 20:00:00,0.0,0.0,25.21,94.83,1.21
2023-10-07 21:00:00,0.0,0.0,24.91,95.83,1.15
2023-10-07 22:00:00,0.0,0.0,24.66,96.57,1.04
2023-10-07 23:00:00,0.0,0.0,24.46,97.02,0.96
2023-10-08 00:00:00,0.0,0.0,24.32,97.35,0.9
2023-10-08 01:00:00,0.0,0.0,24.24,97.59,0.75
2023-10-08 02:00:00,0.0,0.0,24.21,97.61,0.53
2023-10-08 03:00:00,0.0,0.0,24.28,96.62,0.41
2023-10-08 04:00:00,0.0,0.0,24.11,97.38,0.48
2023-10-08 05:00:00,0.0,0.0,23.99,97.52,0.64
2023-10-08 06:00:00,36.42,78.45,24.15,96.75,1.05
2023-10-08 07:00:00,141.85,299.6,24.88,93.44,2.08
2023-10-08 08:00:00,275.9,534.53,25.9,89.02,2.45
2023-10-08 09:00:00,467.12,733.6,27.16,82.3,2.49
2023-10-08 10:00:00,640.38,871.12,28.32,76.15,2.39
2023-10-08 11:00:00,703.7,934.38,28.99,73.08,2.3
2023-10-08 12:00:00,609.83,906.35,29.31,71.45,2.21
2023-10-08 13:00:00,603.35,810.47,29.36,70.71,2.12
2023-10-08 14:00:00,495.55,639.55,29.21,70.91,2.04
2023-10-08 15:00:00,325.42,425.92,28.82,72.85,1.9
2023-10-08 16:00:00,156.25,195.2,28.22,77.89,1.48
2023-10-08 17:00:00,24.12,26.4,27.07,85.06,1.09
2023-10-08 18:00:00,0.0,0.0,25.8,90.95,0.77
2023-10-08 19:00:00,0.0,0.0,25.48,91.86,0.8
2023-10-08 20:00:00,0.0,0.0,25.23,92.63,0.82
2023-10-08 21:00:00,0.0,0.0,24.96,93.52,0.79
2023-10-08 22:00:00,0.0,0.0,24.66,94.43,0.73
2023-10-08 23:00:00,0.0,0.0,24.38,95.13,0.66
2023-10-09 00:00:00,0.0,0.0,24.11,95.54,0.6
2023-10-09 01:00:00,0.0,0.0,23.9,95.74,0.55
2023-10-09 02:00:00,0.0,0.0,23.71,95.83,0.54
2023-10-09 03:00:00,0.0,0.0,23.45,96.23,0.58
2023-10-09 04:00:00,0.0,0.0,23.17,96.77,0.67
2023-10-09 05:00:00,0.0,0.0,22.96,97.32,0.8
2023-10-09 06:00:00,38.25,61.78,23.44,96.39,1.42
2023-10-09 07:00:00,171.05,240.8,24.5,93.82,2.31
2023-10-09 08:00:00,297.25,445.23,26.11,86.63,2.71
2023-10-09 09:00:00,433.15,640.83,27.71,77.23,2.93
2023-10-09 10:00:00,520.0,783.78,28.99,71.52,2.67
2023-10-09 11:00:00,609.1,837.83,29.92,68.69,2.3
2023-10-09 12:00:00,534.78,750.92,30.47,67.16,2.03
2023-10-09 13:00:00,415.05,646.3,30.6,66.86,1.84
2023-10-09 14:00:00,440.3,521.92,30.38,67.7,1.64
2023-10-09 15:00:00,310.05,321.65,29.93,69.39,1.47
2023-10-09 16:00:00,146.05,150.4,29.4,74.14,1.04
2023-10-09 17:00:00,19.48,21.05,28.23,79.3,0.87
2023-10-09 18:00:00,0.0,0.0,26.94,88.12,0.59
2023-10-09 19:00:00,0.0,0.0,26.42,88.98,0.64
2023-10-09 20:00:00,0.0,0.0,25.91,89.97,0.68
2023-10-09 21:00:00,0.0,0.0,25.41,91.45,0.73
2023-10-09 22:00:00,0.0,0.0,24.95,92.59,0.86
2023-10-09 23:00:00,0.0,0.0,24.56,93.33,1.05
2023-10-10 00:00:00,0.0,0.0,24.2,93.96,1.27
2023-10-10 01:00:00,0.0,0.0,23.86,94.79,1.47
2023-10-10 02:00:00,0.0,0.0,23.56,95.56,1.53
2023-10-10 03:00:00,0.0,0.0,23.29,96.42,1.43
2023-10-10 04:00:00,0.0,0.0,23.03,97.24,1.23
2023-10-10 05:00:00,0.0,0.0,22.79,97.74,1.03
2023-10-10 06:00:00,58.0,59.38,23.17,96.49,1.42
2023-10-10 07:00:00,215.45,236.43,24.4,93.29,1.78
2023-10-10 08:00:00,373.2,440.25,26.85,83.39,1.65
2023-10-10 09:00:00,582.05,651.35,28.92,74.07,1.17
2023-10-10 10:00:00,783.5,801.53,30.23,69.53,0.21
2023-10-10 11:00:00,871.85,875.85,31.33,64.67,0.78
2023-10-10 12:00:00,842.58,843.1,31.66,63.11,1.34
2023-10-10 13:00:00,731.28,741.7,31.64,63.23,1.67
2023-10-10 14:00:00,573.15,575.33,31.25,64.89,1.84
2023-10-10 15:00:00,364.7,366.23,30.6,68.54,1.74
2023-10-10 16:00:00,163.65,171.25,29.82,73.76,1.44
2023-10-10 17:00:00,19.83,22.65,28.28,83.67,1.0
2023-10-10 18:00:00,0.0,0.0,26.88,89.06,0.84
2023-10-10 19:00:00,0.0,0.0,26.4,90.14,0.88
2023-10-10 20:00:00,0.0,0.0,26.02,91.18,0.88
2023-10-10 21:00:00,0.0,0.0,25.7,92.1,0.84
2023-10-10 22:00:00,0.0,0.0,25.38,92.95,0.78
2023-10-10 23:00:00,0.0,0.0,25.07,93.71,0.75
2023-10-11 00:00:00,0.0,0.0,24.77,94.43,0.77
2023-10-11 01:00:00,0.0,0.0,24.49,95.03,0.83
2023-10-11 02:00:00,0.0,0.0,24.25,95.55,0.95
2023-10-11 03:00:00,0.0,0.0,24.07,95.84,1.18
2023-10-11 04:00:00,0.0,0.0,23.97,96.08,1.5
2023-10-11 05:00:00,0.0,0.0,23.91,96.48,1.79
2023-10-11 06:00:00,55.55,63.5,24.14,96.1,2.13
2023-10-11 07:00:00,211.45,254.32,25.07,93.47,2.64
2023-10-11 08:00:00,351.9,471.42,26.44,88.07,3.12
2023-10-11 09:00:00,504.75,674.33,27.87,81.03,3.55
2023-10-11 10:00:00,608.7,821.22,29.02,76.01,3.48
2023-10-11 11:00:00,665.83,886.78,29.77,72.8,3.14
2023-10-11 12:00:00,749.25,916.67,30.23,70.58,2.63
2023-10-11 13:00:00,680.88,814.67,30.53,69.06,2.13
2023-10-11 14:00:00,592.53,645.53,30.55,68.62,1.84
2023-10-11 15:00:00,360.45,423.33,30.09,70.56,1.7
2023-10-11 16:00:00,177.52,193.05,29.41,75.86,1.36
2023-10-11 17:00:00,23.62,23.77,27.89,84.36,1.04
2023-10-11 18:00:00,0.0,0.0,26.27,90.75,0.89
2023-10-11 19:00:00,0.0,0.0,25.74,92.02,0.96
2023-10-11 20:00:00,0.0,0.0,25.31,93.26,0.98
2023-10-11 21:00:00,0.0,0.0,24.97,94.21,0.99
2023-10-11 22:00:00,0.0,0.0,24.68,94.8,1.04
2023-10-11 23:00:00,0.0,0.0,24.42,95.16,1.11
2023-10-12 00:00:00,0.0,0.0,24.19,95.48,1.2
2023-10-12 01:00:00,0.0,0.0,23.97,95.78,1.25
2023-10-12 02:00:00,0.0,0.0,23.76,96.18,1.27
2023-10-12 03:00:00,0.0,0.0,23.58,96.42,1.3
2023-10-12 04:00:00,0.0,0.0,23.4,96.78,1.32
2023-10-12 05:00:00,0.0,0.0,23.23,97.17,1.32
2023-10-12 06:00:00,42.88,60.92,23.45,96.43,1.62
2023-10-12 07:00:00,144.57,237.18,24.31,93.73,2.18
2023-10-12 08:00:00,280.92,461.85,25.64,89.15,2.23
2023-10-12 09:00:00,365.4,661.65,27.04,80.83,2.51
2023-10-12 10:00:00,549.15,808.28,27.7,77.0,2.51
2023-10-12 11:00:00,645.33,866.92,27.93,75.8,2.45
2023-10-12 12:00:00,670.5,853.35,27.99,74.44,2.3
2023-10-12 13:00:00,544.58,756.75,27.88,73.63,2.05
2023-10-12 14:00:00,407.67,583.25,27.61,74.51,1.81
2023-10-12 15:00:00,318.27,373.65,27.41,76.22,1.59
2023-10-12 16:00:00,162.68,171.68,27.02,80.49,1.18
2023-10-12 17:00:00,21.15,21.4,26.0,88.17,0.84
2023-10-12 18:00:00,0.0,0.0,24.98,91.06,0.72
2023-10-12 19:00:00,0.0,0.0,24.77,91.32,0.72
2023-10-12 20:00:00,0.0,0.0,24.74,90.49,0.7
2023-10-12 21:00:00,0.0,0.0,24.76,89.35,0.64
2023-10-12 22:00:00,0.0,0.0,24.65,89.23,0.61
2023-10-12 23:00:00,0.0,0.0,24.24,91.31,0.63
2023-10-13 00:00:00,0.0,0.0,23.75,93.64,0.66
2023-10-13 01:00:00,0.0,0.0,23.36,94.82,0.71
2023-10-13 02:00:00,0.0,0.0,23.04,95.35,0.73
2023-10-13 03:00:00,0.0,0.0,22.82,95.51,0.69
2023-10-13 04:00:00,0.0,0.0,22.6,95.8,0.59
2023-10-13 05:00:00,0.0,0.0,22.44,96.2,0.56
2023-10-13 06:00:00,45.78,61.12,22.8,96.38,0.63
2023-10-13 07:00:00,171.35,244.02,24.13,92.07,1.07
2023-10-13 08:00:00,317.8,467.67,26.32,83.14,0.94
2023-10-13 09:00:00,520.25,657.92,28.33,73.3,0.48
2023-10-13 10:00:00,609.72,802.08,29.91,64.58,0.63
2023-10-13 11:00:00,683.03,868.12,30.62,61.84,1.14
2023-10-13 12:00:00,669.35,856.22,30.96,61.12,1.27
2023-10-13 13:00:00,626.85,760.05,30.9,61.6,1.38
2023-10-13 14:00:00,494.9,595.75,30.6,63.29,1.45
2023-10-13 15:00:00,328.67,390.05,30.21,67.15,1.26
2023-10-13 16:00:00,164.12,177.88,29.57,69.01,1.28
2023-10-13 17:00:00,21.98,22.05,27.99,81.87,0.81
2023-10-13 18:00:00,0.0,0.0,26.9,84.76,0.73
2023-10-13 19:00:00,0.0,0.0,26.49,85.81,0.73
2023-10-13 20:00:00,0.0,0.0,26.16,86.72,0.73
2023-10-13 21:00:00,0.0,0.0,25.92,87.28,0.71
2023-10-13 22:00:00,0.0,0.0,25.69,87.62,0.69
2023-10-13 23:00:00,0.0,0.0,25.41,88.08,0.69
2023-10-14 00:00:00,0.0,0.0,25.04,89.17,0.69
2023-10-14 01:00:00,0.0,0.0,24.54,91.18,0.7
2023-10-14 02:00:00,0.0,0.0,24.07,93.0,0.76
2023-10-14 03:00:00,0.0,0.0,23.72,94.22,0.85
2023-10-14 04:00:00,0.0,0.0,23.49,94.96,0.94
2023-10-14 05:00:00,0.0,0.0,23.26,95.9,0.96
2023-10-14 06:00:00,75.93,76.0,23.63,94.98,1.3
2023-10-14 07:00:00,262.4,263.0,24.84,90.75,1.89
2023-10-14 08:00:00,490.92,492.27,27.15,81.11,1.89
2023-10-14 09:00:00,697.92,698.28,29.06,73.87,1.77
2023-10-14 10:00:00,828.42,842.33,30.28,69.74,1.19
2023-10-14 11:00:00,891.75,908.25,30.95,67.1,0.83
2023-10-14 12:00:00,797.42,869.22,31.51,65.51,1.17
2023-10-14 13:00:00,766.97,772.12,31.65,64.93,1.45
2023-10-14 14:00:00,602.3,606.55,31.48,65.49,1.59
2023-10-14 15:00:00,391.35,392.77,31.06,67.59,1.52
2023-10-14 16:00:00,186.77,187.65,30.58,72.0,1.13
2023-10-14 17:00:00,22.1,22.1,29.18,79.88,0.86
2023-10-14 18:00:00,0.0,0.0,27.84,83.85,0.71
2023-10-14 19:00:00,0.0,0.0,27.16,86.48,0.73
2023-10-14 20:00:00,0.0,0.0,26.5,89.0,0.77
2023-10-14 21:00:00,0.0,0.0,25.96,90.64,0.84
2023-10-14 22:00:00,0.0,0.0,25.54,91.62,0.9
2023-10-14 23:00:00,0.0,0.0,25.23,92.41,0.97
2023-10-15 00:00:00,0.0,0.0,24.89,93.29,1.03
2023-10-15 01:00:00,0.0,0.0,24.57,94.15,1.09
2023-10-15 02:00:00,0.0,0.0,24.3,94.98,1.18
2023-10-15 03:00:00,0.0,0.0,24.06,95.83,1.25
2023-10-15 04:00:00,0.0,0.0,23.82,96.77,1.29
2023-10-15 05:00:00,0.0,0.0,23.6,97.78,1.26
2023-10-15 06:00:00,67.07,70.1,23.93,96.96,1.61
2023-10-15 07:00:00,228.18,267.65,25.19,93.66,2.16
2023-10-15 08:00:00,430.05,499.83,27.29,85.31,2.53
2023-10-15 09:00:00,642.35,700.33,29.03,77.7,2.65
2023-10-15 10:00:00,811.1,843.38,30.15,73.92,2.32
2023-10-15 11:00:00,811.5,899.55,30.8,71.77,1.97
2023-10-15 12:00:00,813.6,817.65,31.04,70.82,1.74
2023-10-15 13:00:00,675.3,720.15,31.16,70.03,1.55
2023-10-15 14:00:00,550.6,559.2,30.8,70.48,1.37
2023-10-15 15:00:00,346.75,348.8,30.35,72.99,1.22
2023-10-15 16:00:00,150.55,157.7,29.6,76.07,1.08
2023-10-15 17:00:00,17.98,19.35,28.2,86.39,0.78
2023-10-15 18:00:00,0.0,0.0,27.07,90.03,0.78
2023-10-15 19:00:00,0.0,0.0,26.57,90.94,0.9
2023-10-15 20:00:00,0.0,0.0,26.13,91.58,1.08
2023-10-15 21:00:00,0.0,0.0,25.79,91.95,1.29
2023-10-15 22:00:00,0.0,0.0,25.46,92.65,1.49
2023-10-15 23:00:00,0.0,0.0,25.1,93.74,1.6
2023-10-16 00:00:00,0.0,0.0,24.74,95.06,1.64
2023-10-16 01:00:00,0.0,0.0,24.4,96.34,1.61
2023-10-16 02:00:00,0.0,0.0,24.06,97.42,1.46
2023-10-16 03:00:00,0.0,0.0,23.82,97.93,1.39
2023-10-16 04:00:00,0.0,0.0,23.65,98.11,1.38
2023-10-16 05:00:00,0.0,0.0,23.44,98.31,1.33
2023-10-16 06:00:00,59.6,64.8,23.75,97.05,1.72
2023-10-16 07:00:00,223.5,253.32,24.91,93.39,2.49
2023-10-16 08:00:00,403.23,475.42,26.32,87.89,3.01
2023-10-16 09:00:00,664.6,679.75,27.7,81.19,3.22
2023-10-16 10:00:00,784.42,822.12,28.64,77.31,3.05
2023-10-16 11:00:00,819.9,892.1,29.22,75.06,2.77
2023-10-16 12:00:00,852.45,871.0,29.52,73.46,2.49
2023-10-16 13:00:00,682.55,773.95,29.59,72.64,2.26
2023-10-16 14:00:00,590.08,605.75,29.51,72.43,1.99
2023-10-16 15:00:00,381.25,390.58,29.35,72.99,1.75
2023-10-16 16:00:00,180.43,183.3,28.89,76.94,1.26
2023-10-16 17:00:00,20.27,20.42,27.74,84.52,0.88
2023-10-16 18:00:00,0.0,0.0,26.51,88.31,0.73
2023-10-16 19:00:00,0.0,0.0,26.21,88.99,0.74
2023-10-16 20:00:00,0.0,0.0,25.84,89.9,0.76
2023-10-16 21:00:00,0.0,0.0,25.47,91.02,0.81
2023-10-16 22:00:00,0.0,0.0,25.12,92.02,0.89
2023-10-16 23:00:00,0.0,0.0,24.79,92.92,1.02
2023-10-17 00:00:00,0.0,0.0,24.49,93.74,1.23
2023-10-17 01:00:00,0.0,0.0,24.25,94.73,1.49
2023-10-17 02:00:00,0.0,0.0,24.07,95.83,1.7
2023-10-17 03:00:00,0.0,0.0,23.98,96.64,1.98
2023-10-17 04:00:00,0.0,0.0,23.95,97.04,2.11
2023-10-17 05:00:00,0.0,0.0,23.89,97.07,2.07
2023-10-17 06:00:00,66.18,65.95,23.97,96.65,2.23
2023-10-17 07:00:00,258.92,261.52,24.59,94.85,2.64
2023-10-17 08:00:00,472.42,476.9,25.48,91.14,3.1
2023-10-17 09:00:00,547.22,675.45,26.73,83.35,3.48
2023-10-17 10:00:00,545.33,823.28,28.05,76.34,3.34
2023-10-17 11:00:00,582.55,888.5,29.02,72.31,2.98
2023-10-17 12:00:00,651.35,881.72,29.6,70.14,2.48
2023-10-17 13:00:00,688.83,787.22,29.8,69.22,1.87
2023-10-17 14:00:00,553.3,624.95,29.69,69.2,1.17
2023-10-17 15:00:00,395.33,412.8,29.44,69.63,0.46
2023-10-17 16:00:00,180.0,187.98,28.92,74.2,0.17
2023-10-17 17:00:00,19.4,20.75,27.86,78.92,0.46
2023-10-17 18:00:00,0.0,0.0,26.88,82.16,0.46
2023-10-17 19:00:00,0.0,0.0,26.25,85.13,0.53
2023-10-17 20:00:00,0.0,0.0,25.8,87.01,0.61
2023-10-17 21:00:00,0.0,0.0,25.39,88.78,0.63
2023-10-17 22:00:00,0.0,0.0,25.05,90.18,0.65
2023-10-17 23:00:00,0.0,0.0,24.65,91.86,0.67
2023-10-18 00:00:00,0.0,0.0,24.25,93.55,0.69
2023-10-18 01:00:00,0.0,0.0,23.94,94.72,0.69
2023-10-18 02:00:00,0.0,0.0,23.7,95.54,0.68
2023-10-18 03:00:00,0.0,0.0,23.54,95.98,0.65
2023-10-18 04:00:00,0.0,0.0,23.37,96.47,0.62
2023-10-18 05:00:00,0.0,0.0,23.23,96.68,0.59
2023-10-18 06:00:00,60.6,72.0,23.62,96.37,0.51
2023-10-18 07:00:00,200.48,282.8,24.71,93.17,0.41
2023-10-18 08:00:00,388.23,515.65,26.93,82.29,0.87
2023-10-18 09:00:00,504.27,710.53,29.06,71.4,1.83
2023-10-18 10:00:00,747.55,850.38,30.36,66.83,2.06
2023-10-18 11:00:00,878.05,916.33,31.31,63.18,2.04
2023-10-18 12:00:00,886.38,905.33,31.94,60.87,1.93
2023-10-18 13:00:00,788.62,810.67,32.24,59.92,1.82
2023-10-18 14:00:00,639.92,647.88,32.18,60.18,1.79
2023-10-18 15:00:00,407.08,433.48,31.78,62.07,1.71
2023-10-18 16:00:00,188.77,199.55,31.2,66.7,1.28
2023-10-18 17:00:00,20.62,21.27,29.55,77.15,0.95
2023-10-18 18:00:00,0.0,0.0,28.32,80.39,0.74
2023-10-18 19:00:00,0.0,0.0,28.22,78.44,0.72
2023-10-18 20:00:00,0.0,0.0,28.17,76.7,0.66
2023-10-18 21:00:00,0.0,0.0,28.01,76.21,0.58
2023-10-18 22:00:00,0.0,0.0,27.78,76.48,0.47
2023-10-18 23:00:00,0.0,0.0,27.6,75.95,0.44
2023-10-19 00:00:00,0.0,0.0,26.94,79.69,0.53
2023-10-19 01:00:00,0.0,0.0,26.02,85.55,0.65
2023-10-19 02:00:00,0.0,0.0,25.17,90.51,0.69
2023-10-19 03:00:00,0.0,0.0,24.61,92.87,0.74
2023-10-19 04:00:00,0.0,0.0,24.2,94.36,0.8
2023-10-19 05:00:00,0.0,0.0,23.88,95.72,0.82
2023-10-19 06:00:00,72.12,76.72,24.31,95.35,1.09
2023-10-19 07:00:00,267.48,290.77,25.78,89.96,1.78
2023-10-19 08:00:00,499.35,525.47,27.84,81.57,1.8
2023-10-19 09:00:00,715.7,725.05,29.62,74.35,1.48
2023-10-19 10:00:00,860.75,862.3,31.01,69.16,0.9
2023-10-19 11:00:00,922.25,923.85,31.93,65.56,0.89
2023-10-19 12:00:00,817.35,895.15,32.41,63.75,1.28
2023-10-19 13:00:00,772.3,800.62,32.49,62.92,1.5
2023-10-19 14:00:00,622.25,637.53,32.36,62.71,1.61
2023-10-19 15:00:00,414.83,425.88,31.81,64.49,1.56
2023-10-19 16:00:00,175.6,192.43,31.14,69.21,1.27
2023-10-19 17:00:00,17.25,20.5,29.6,79.38,0.97
2023-10-19 18:00:00,0.0,0.0,27.98,86.3,0.81
2023-10-19 19:00:00,0.0,0.0,27.33,87.86,0.89
2023-10-19 20:00:00,0.0,0.0,26.79,89.37,0.96
2023-10-19 21:00:00,0.0,0.0,26.29,90.82,1.05
2023-10-19 22:00:00,0.0,0.0,25.84,92.22,1.13
2023-10-19 23:00:00,0.0,0.0,25.42,93.62,1.2
2023-10-20 00:00:00,0.0,0.0,25.08,94.73,1.27
2023-10-20 01:00:00,0.0,0.0,24.77,95.92,1.29
2023-10-20 02:00:00,0.0,0.0,24.48,96.95,1.27
2023-10-20 03:00:00,0.0,0.0,24.21,98.06,1.27
2023-10-20 04:00:00,0.0,0.0,24.01,98.75,1.3
2023-10-20 05:00:00,0.0,0.0,23.87,99.01,1.34
2023-10-20 06:00:00,83.4,83.57,24.34,97.16,1.86
2023-10-20 07:00:00,295.58,296.4,25.79,92.63,2.74
2023-10-20 08:00:00,530.35,531.92,27.75,84.43,3.08
2023-10-20 09:00:00,723.35,730.67,29.56,76.59,2.77
2023-10-20 10:00:00,822.55,868.05,30.63,72.32,2.18
2023-10-20 11:00:00,849.9,930.65,31.44,68.88,1.51
2023-10-20 12:00:00,786.53,914.9,31.85,66.11,0.9
2023-10-20 13:00:00,748.22,818.2,32.18,63.85,0.78
2023-10-20 14:00:00,597.42,655.92,32.14,63.09,1.11
2023-10-20 15:00:00,412.55,438.48,31.71,63.98,1.32
2023-10-20 16:00:00,192.73,199.88,31.2,67.57,1.05
2023-10-20 17:00:00,20.9,21.08,29.91,73.86,0.9
2023-10-20 18:00:00,0.0,0.0,28.47,82.13,0.66
2023-10-20 19:00:00,0.0,0.0,27.93,82.99,0.71
2023-10-20 20:00:00,0.0,0.0,27.4,84.11,0.75
2023-10-20 21:00:00,0.0,0.0,26.82,85.58,0.78
2023-10-20 22:00:00,0.0,0.0,26.07,87.63,0.81
2023-10-20 23:00:00,0.0,0.0,25.41,89.59,0.84
2023-10-21 00:00:00,0.0,0.0,24.87,91.16,0.89
2023-10-21 01:00:00,0.0,0.0,24.42,92.61,0.97
2023-10-21 02:00:00,0.0,0.0,24.05,93.86,1.05
2023-10-21 03:00:00,0.0,0.0,23.72,95.13,1.08
2023-10-21 04:00:00,0.0,0.0,23.4,96.4,1.06
2023-10-21 05:00:00,0.0,0.0,23.06,98.28,1.02
2023-10-21 06:00:00,67.0,81.43,23.56,96.87,1.4
2023-10-21 07:00:00,239.48,303.0,25.25,91.33,1.92
2023-10-21 08:00:00,447.5,536.5,28.05,78.52,1.83
2023-10-21 09:00:00,684.12,732.83,30.24,68.41,1.62
2023-10-21 10:00:00,843.3,869.25,31.37,64.38,1.2
2023-10-21 11:00:00,914.03,927.5,32.09,61.81,1.13
2023-10-21 12:00:00,870.5,883.08,32.45,60.16,1.35
2023-10-21 13:00:00,772.25,783.78,32.5,59.4,1.56
2023-10-21 14:00:00,616.17,617.4,32.32,59.47,1.72
2023-10-21 15:00:00,399.62,400.6,31.86,61.07,1.72
2023-10-21 16:00:00,189.85,190.62,31.26,65.42,1.28
2023-10-21 17:00:00,18.77,18.83,29.72,73.54,1.03
2023-10-21 18:00:00,0.0,0.0,28.22,82.57,0.67
2023-10-21 19:00:00,0.0,0.0,28.05,80.36,0.67
2023-10-21 20:00:00,0.0,0.0,27.9,78.54,0.63
2023-10-21 21:00:00,0.0,0.0,27.89,76.27,0.57
2023-10-21 22:00:00,0.0,0.0,27.54,77.58,0.54
2023-10-21 23:00:00,0.0,0.0,27.08,80.36,0.62
2023-10-22 00:00:00,0.0,0.0,26.45,84.33,0.67
2023-10-22 01:00:00,0.0,0.0,25.85,87.68,0.68
2023-10-22 02:00:00,0.0,0.0,25.37,89.84,0.68
2023-10-22 03:00:00,0.0,0.0,24.93,91.13,0.68
2023-10-22 04:00:00,0.0,0.0,24.51,91.89,0.67
2023-10-22 05:00:00,0.0,0.0,24.19,92.32,0.66
2023-10-22 06:00:00,77.8,77.97,24.55,92.59,0.67
2023-10-22 07:00:00,290.83,291.95,25.85,88.1,0.9
2023-10-22 08:00:00,522.88,525.5,28.83,74.18,0.62
2023-10-22 09:00:00,721.75,726.17,31.03,64.65,0.29
2023-10-22 10:00:00,856.55,862.78,32.35,59.76,1.17
2023-10-22 11:00:00,917.0,924.83,33.06,57.73,1.63
2023-10-22 12:00:00,910.65,919.72,33.43,56.64,1.93
2023-10-22 13:00:00,820.9,825.47,33.51,56.04,2.13
2023-10-22 14:00:00,662.05,662.83,33.28,56.24,2.22
2023-10-22 15:00:00,444.88,446.95,32.82,57.55,2.16
2023-10-22 16:00:00,210.48,212.35,32.04,62.15,1.66
2023-10-22 17:00:00,21.52,21.65,29.99,74.29,1.21
2023-10-22 18:00:00,0.0,0.0,27.96,82.29,0.87
2023-10-22 19:00:00,0.0,0.0,27.45,82.63,0.87
2023-10-22 20:00:00,0.0,0.0,27.07,82.37,0.89
2023-10-22 21:00:00,0.0,0.0,26.82,81.44,0.87
2023-10-22 22:00:00,0.0,0.0,26.42,81.7,0.87
2023-10-22 23:00:00,0.0,0.0,25.74,84.04,0.89
2023-10-23 00:00:00,0.0,0.0,24.99,87.02,0.89
2023-10-23 01:00:00,0.0,0.0,24.34,89.38,0.9
2023-10-23 02:00:00,0.0,0.0,23.83,91.16,0.91
2023-10-23 03:00:00,0.0,0.0,23.41,92.77,0.9
2023-10-23 04:00:00,0.0,0.0,23.02,94.49,0.87
2023-10-23 05:00:00,0.0,0.0,22.67,96.28,0.84
2023-10-23 06:00:00,83.4,84.9,23.25,95.82,1.11
2023-10-23 07:00:00,303.08,311.38,25.12,89.63,1.8
2023-10-23 08:00:00,533.03,545.6,28.18,75.72,1.9
2023-10-23 09:00:00,720.4,739.15,30.44,66.59,1.83
2023-10-23 10:00:00,855.92,874.78,31.89,61.36,1.44
2023-10-23 11:00:00,906.95,933.9,32.76,58.44,1.33
2023-10-23 12:00:00,874.65,912.72,33.2,56.81,1.5
2023-10-23 13:00:00,720.78,815.8,33.28,56.25,1.76
2023-10-23 14:00:00,578.83,652.17,32.9,57.04,1.97
2023-10-23 15:00:00,405.83,437.25,32.3,58.87,1.99
2023-10-23 16:00:00,189.62,200.57,31.37,64.57,1.54
2023-10-23 17:00:00,19.1,19.77,29.52,75.33,1.23
2023-10-23 18:00:00,0.0,0.0,27.73,84.93,0.92
2023-10-23 19:00:00,0.0,0.0,27.07,86.44,1.06
2023-10-23 20:00:00,0.0,0.0,26.55,88.2,1.17
2023-10-23 21:00:00,0.0,0.0,26.14,89.87,1.23
2023-10-23 22:00:00,0.0,0.0,25.79,91.35,1.27
2023-10-23 23:00:00,0.0,0.0,25.5,92.55,1.4
2023-10-24 00:00:00,0.0,0.0,25.27,93.45,1.52
2023-10-24 01:00:00,0.0,0.0,25.04,94.62,1.6
2023-10-24 02:00:00,0.0,0.0,24.83,95.88,1.57
2023-10-24 03:00:00,0.0,0.0,24.64,96.93,1.42
2023-10-24 04:00:00,0.0,0.0,24.52,97.51,1.26
2023-10-24 05:00:00,0.0,0.0,24.39,97.96,1.14
2023-10-24 06:00:00,80.2,84.3,24.69,96.83,1.42
2023-10-24 07:00:00,297.9,309.65,25.75,92.46,2.3
2023-10-24 08:00:00,542.4,544.67,27.21,84.87,2.78
2023-10-24 09:00:00,735.78,739.78,28.93,76.74,2.53
2023-10-24 10:00:00,871.4,875.53,30.47,70.36,1.82
2023-10-24 11:00:00,922.03,935.33,31.57,65.2,1.07
2023-10-24 12:00:00,834.7,902.62,32.25,61.5,0.78
2023-10-24 13:00:00,790.75,808.95,32.52,59.43,1.0
2023-10-24 14:00:00,627.17,646.1,32.45,58.71,1.22
2023-10-24 15:00:00,405.75,431.52,32.12,59.44,1.33
2023-10-24 16:00:00,179.3,195.68,31.54,63.52,1.06
2023-10-24 17:00:00,15.88,19.15,30.27,69.25,0.89
2023-10-24 18:00:00,0.0,0.0,28.41,79.59,0.72
2023-10-24 19:00:00,0.0,0.0,27.43,83.35,0.8
2023-10-24 20:00:00,0.0,0.0,26.49,86.38,0.88
2023-10-24 21:00:00,0.0,0.0,25.82,88.41,1.03
2023-10-24 22:00:00,0.0,0.0,25.36,89.9,1.26
2023-10-24 23:00:00,0.0,0.0,25.03,91.48,1.5
2023-10-25 00:00:00,0.0,0.0,24.82,92.82,1.65
2023-10-25 01:00:00,0.0,0.0,24.6,94.09,1.71
2023-10-25 02:00:00,0.0,0.0,24.39,95.13,1.78
2023-10-25 03:00:00,0.0,0.0,24.18,96.11,1.83
2023-10-25 04:00:00,0.0,0.0,23.9,97.42,1.7
2023-10-25 05:00:00,0.0,0.0,23.63,98.42,1.45
2023-10-25 06:00:00,85.72,85.88,24.0,96.68,1.77
2023-10-25 07:00:00,307.65,308.02,25.67,89.69,2.4
2023-10-25 08:00:00,542.55,542.83,27.84,79.19,2.93
2023-10-25 09:00:00,702.42,738.58,29.53,72.16,2.63
2023-10-25 10:00:00,827.05,873.2,30.68,67.56,2.0
2023-10-25 11:00:00,876.33,933.35,31.27,64.97,1.38
2023-10-25 12:00:00,824.38,893.97,31.64,63.23,0.87
2023-10-25 13:00:00,753.12,798.25,31.98,61.75,0.45
2023-10-25 14:00:00,523.65,635.65,32.15,60.65,0.13
2023-10-25 15:00:00,418.88,420.58,32.08,60.24,0.25
2023-10-25 16:00:00,187.25,189.07,31.63,63.44,0.47
2023-10-25 17:00:00,17.77,17.92,30.55,68.42,0.62
2023-10-25 18:00:00,0.0,0.0,28.96,75.38,0.63
2023-10-25 19:00:00,0.0,0.0,28.19,78.56,0.74
2023-10-25 20:00:00,0.0,0.0,27.49,81.93,0.77
2023-10-25 21:00:00,0.0,0.0,27.07,83.56,0.78
2023-10-25 22:00:00,0.0,0.0,26.64,85.15,0.77
2023-10-25 23:00:00,0.0,0.0,26.15,87.16,0.77
2023-10-26 00:00:00,0.0,0.0,25.64,89.15,0.81
2023-10-26 01:00:00,0.0,0.0,25.2,90.47,0.89
2023-10-26 02:00:00,0.0,0.0,24.84,91.46,1.03
2023-10-26 03:00:00,0.0,0.0,24.5,92.61,1.17
2023-10-26 04:00:00,0.0,0.0,24.18,93.96,1.26
2023-10-26 05:00:00,0.0,0.0,23.91,95.4,1.25
2023-10-26 06:00:00,74.6,75.68,24.21,94.8,1.63
2023-10-26 07:00:00,281.27,290.85,25.65,89.95,2.13
2023-10-26 08:00:00,502.65,521.28,28.19,79.24,2.35
2023-10-26 09:00:00,685.5,716.65,30.18,70.32,2.24
2023-10-26 10:00:00,807.3,853.92,31.4,65.13,1.55
2023-10-26 11:00:00,853.05,915.78,32.27,60.92,0.85
2023-10-26 12:00:00,851.33,896.03,32.81,57.73,0.43
2023-10-26 13:00:00,765.97,798.78,32.98,56.11,0.84
2023-10-26 14:00:00,618.12,638.9,32.74,56.25,1.15
2023-10-26 15:00:00,395.2,423.7,32.25,58.1,1.24
2023-10-26 16:00:00,183.75,190.62,31.68,61.91,1.01
2023-10-26 17:00:00,17.55,18.0,29.99,72.76,0.85
2023-10-26 18:00:00,0.0,0.0,28.39,79.21,0.77
2023-10-26 19:00:00,0.0,0.0,27.8,80.88,0.79
2023-10-26 20:00:00,0.0,0.0,27.3,82.52,0.81
2023-10-26 21:00:00,0.0,0.0,26.8,84.56,0.81
2023-10-26 22:00:00,0.0,0.0,26.32,86.61,0.83
2023-10-26 23:00:00,0.0,0.0,25.89,88.24,0.88
2023-10-27 00:00:00,0.0,0.0,25.5,89.48,0.97
2023-10-27 01:00:00,0.0,0.0,25.16,90.61,1.09
2023-10-27 02:00:00,0.0,0.0,24.84,91.98,1.21
2023-10-27 03:00:00,0.0,0.0,24.57,93.36,1.39
2023-10-27 04:00:00,0.0,0.0,24.28,95.07,1.54
2023-10-27 05:00:00,0.0,0.0,24.01,96.93,1.6
2023-10-27 06:00:00,74.4,75.57,24.36,95.91,2.05
2023-10-27 07:00:00,278.83,290.67,26.02,89.07,2.83
2023-10-27 08:00:00,504.48,522.15,28.07,79.5,3.46
2023-10-27 09:00:00,673.3,716.85,29.6,72.71,3.38
2023-10-27 10:00:00,674.47,852.35,30.64,68.91,3.09
2023-10-27 11:00:00,720.3,915.42,31.35,66.17,2.81
2023-10-27 12:00:00,783.42,907.67,31.69,64.48,2.55
2023-10-27 13:00:00,733.45,812.53,31.7,63.87,2.35
2023-10-27 14:00:00,631.22,647.6,31.53,63.85,2.19
2023-10-27 15:00:00,415.12,432.0,31.13,64.96,2.01
2023-10-27 16:00:00,194.4,197.05,30.29,70.36,1.53
2023-10-27 17:00:00,18.27,18.45,28.76,80.46,1.06
2023-10-27 18:00:00,0.0,0.0,27.14,87.32,0.81
2023-10-27 19:00:00,0.0,0.0,26.62,88.7,0.81
2023-10-27 20:00:00,0.0,0.0,26.15,90.02,0.79
2023-10-27 21:00:00,0.0,0.0,25.71,91.22,0.78
2023-10-27 22:00:00,0.0,0.0,25.33,92.31,0.79
2023-10-27 23:00:00,0.0,0.0,24.99,93.26,0.81
2023-10-28 00:00:00,0.0,0.0,24.66,94.24,0.83
2023-10-28 01:00:00,0.0,0.0,24.39,95.05,0.87
2023-10-28 02:00:00,0.0,0.0,24.13,95.93,0.92
2023-10-28 03:00:00,0.0,0.0,23.9,96.88,1.01
2023-10-28 04:00:00,0.0,0.0,23.68,98.07,1.12
2023-10-28 05:00:00,0.0,0.0,23.52,99.06,1.19
2023-10-28 06:00:00,83.07,83.45,23.96,97.07,1.61
2023-10-28 07:00:00,300.17,300.98,25.45,90.73,2.29
2023-10-28 08:00:00,533.83,534.65,27.52,80.79,2.64
2023-10-28 09:00:00,729.47,730.1,29.24,73.01,2.44
2023-10-28 10:00:00,868.6,869.05,30.41,68.1,1.97
2023-10-28 11:00:00,930.25,930.53,31.18,64.44,1.72
2023-10-28 12:00:00,895.65,910.75,31.53,61.93,1.64
2023-10-28 13:00:00,785.53,812.5,31.64,60.36,1.55
2023-10-28 14:00:00,614.95,645.05,31.49,60.02,1.47
2023-10-28 15:00:00,406.27,426.75,31.11,61.09,1.34
2023-10-28 16:00:00,185.23,189.82,30.51,64.58,1.08
2023-10-28 17:00:00,17.05,17.33,29.06,73.39,0.71
2023-10-28 18:00:00,0.0,0.0,27.58,78.08,0.53
2023-10-28 19:00:00,0.0,0.0,27.04,79.52,0.52
2023-10-28 20:00:00,0.0,0.0,26.56,80.99,0.57
2023-10-28 21:00:00,0.0,0.0,26.2,81.83,0.63
2023-10-28 22:00:00,0.0,0.0,25.88,82.63,0.69
2023-10-28 23:00:00,0.0,0.0,25.59,83.65,0.72
2023-10-29 00:00:00,0.0,0.0,25.31,84.75,0.74
2023-10-29 01:00:00,0.0,0.0,24.97,86.14,0.74
2023-10-29 02:00:00,0.0,0.0,24.54,88.1,0.74
2023-10-29 03:00:00,0.0,0.0,24.19,89.77,0.71
2023-10-29 04:00:00,0.0,0.0,23.84,90.85,0.71
2023-10-29 05:00:00,0.0,0.0,23.49,91.97,0.71
2023-10-29 06:00:00,75.97,76.53,23.87,91.99,0.76
2023-10-29 07:00:00,285.4,286.83,25.53,83.35,1.45
2023-10-29 08:00:00,513.85,515.05,28.02,73.82,1.19
2023-10-29 09:00:00,708.92,709.45,30.57,62.45,0.78
2023-10-29 10:00:00,846.25,847.28,31.9,58.53,0.41
2023-10-29 11:00:00,904.0,906.08,32.75,55.99,0.99
2023-10-29 12:00:00,853.6,877.03,33.15,54.93,1.4
2023-10-29 13:00:00,759.22,778.75,33.16,54.61,1.72
2023-10-29 14:00:00,592.5,614.7,32.98,54.91,1.9
2023-10-29 15:00:00,377.67,401.8,32.5,56.5,1.92
2023-10-29 16:00:00,167.5,175.6,31.65,61.88,1.5
2023-10-29 17:00:00,15.4,15.85,29.78,73.7,1.09
2023-10-29 18:00:00,0.0,0.0,27.97,81.57,0.79
2023-10-29 19:00:00,0.0,0.0,27.53,82.15,0.8
2023-10-29 20:00:00,0.0,0.0,27.34,81.2,0.79
2023-10-29 21:00:00,0.0,0.0,27.45,78.32,0.73
2023-10-29 22:00:00,0.0,0.0,27.43,76.91,0.62
2023-10-29 23:00:00,0.0,0.0,27.3,77.09,0.63
2023-10-30 00:00:00,0.0,0.0,26.76,80.13,0.7
2023-10-30 01:00:00,0.0,0.0,26.05,83.64,0.74
2023-10-30 02:00:00,0.0,0.0,25.39,86.21,0.75
2023-10-30 03:00:00,0.0,0.0,24.82,87.83,0.76
2023-10-30 04:00:00,0.0,0.0,24.36,89.07,0.74
2023-10-30 05:00:00,0.0,0.0,23.99,90.03,0.71
2023-10-30 06:00:00,67.8,70.47,24.22,90.98,0.63
2023-10-30 07:00:00,264.65,278.08,25.73,83.86,1.03
2023-10-30 08:00:00,486.25,505.65,28.59,71.82,0.7
2023-10-30 09:00:00,640.33,701.03,31.37,60.41,0.71
2023-10-30 10:00:00,794.65,838.62,32.7,56.77,1.25
2023-10-30 11:00:00,873.65,902.47,33.53,54.72,1.52
2023-10-30 12:00:00,848.3,887.47,34.04,53.14,1.75
2023-10-30 13:00:00,761.15,794.85,34.14,52.34,1.93
2023-10-30 14:00:00,595.72,634.62,33.86,52.81,2.01
2023-10-30 15:00:00,404.95,420.55,33.32,54.48,1.96
2023-10-30 16:00:00,181.98,186.98,32.55,59.39,1.47
2023-10-30 17:00:00,16.23,16.38,30.54,71.84,1.04
2023-10-30 18:00:00,0.0,0.0,29.0,76.41,0.81
2023-10-30 19:00:00,0.0,0.0,28.6,75.87,0.8
2023-10-30 20:00:00,0.0,0.0,28.11,75.91,0.81
2023-10-30 21:00:00,0.0,0.0,27.44,77.82,0.84
2023-10-30 22:00:00,0.0,0.0,26.6,81.35,0.86
2023-10-30 23:00:00,0.0,0.0,25.74,85.14,0.86
2023-10-31 00:00:00,0.0,0.0,25.05,88.08,0.84
2023-10-31 01:00:00,0.0,0.0,24.51,90.31,0.84
2023-10-31 02:00:00,0.0,0.0,24.04,92.38,0.85
2023-10-31 03:00:00,0.0,0.0,23.66,94.18,0.88
2023-10-31 04:00:00,0.0,0.0,23.38,95.76,0.95
2023-10-31 05:00:00,0.0,0.0,23.22,97.24,1.01
2023-10-31 06:00:00,54.72,67.15,23.72,96.61,1.33
2023-10-31 07:00:00,200.45,272.27,25.25,91.56,2.19
2023-10-31 08:00:00,368.52,498.55,27.02,85.74,2.18
2023-10-31 09:00:00,527.47,690.58,28.95,76.06,2.71
2023-10-31 10:00:00,640.42,825.8,29.85,71.93,2.64
2023-10-31 11:00:00,633.0,889.7,30.27,69.77,2.49
2023-10-31 12:00:00,632.8,846.62,30.57,67.71,2.39
2023-10-31 13:00:00,472.83,758.03,30.76,65.78,2.28
2023-10-31 14:00:00,379.0,593.92,30.64,65.47,2.04
2023-10-31 15:00:00,221.88,384.4,30.14,67.93,1.69
2023-10-31 16:00:00,103.07,164.4,29.43,73.03,1.2
2023-10-31 17:00:00,10.6,14.55,27.98,83.52,0.76
2023-10-31 18:00:00,0.0,0.0,26.82,86.67,0.7
2023-10-31 19:00:00,0.0,0.0,26.31,88.2,0.73
2023-10-31 20:00:00,0.0,0.0,25.83,89.53,0.81
2023-10-31 21:00:00,0.0,0.0,25.44,90.51,0.95
2023-10-31 22:00:00,0.0,0.0,25.15,91.5,1.13
2023-10-31 23:00:00,0.0,0.0,24.93,92.58,1.37
2023-11-01 00:00:00,0.0,0.0,24.76,94.02,1.59
2023-11-01 01:00:00,0.0,0.0,24.59,95.58,1.76
2023-11-01 02:00:00,0.0,0.0,24.41,96.92,1.73
2023-11-01 03:00:00,0.0,0.0,24.22,97.95,1.58
2023-11-01 04:00:00,0.0,0.0,24.07,98.43,1.41
2023-11-01 05:00:00,0.0,0.0,23.93,98.79,1.3
2023-11-01 06:00:00,52.47,60.58,24.12,97.9,1.39
2023-11-01 07:00:00,196.88,252.43,25.1,94.56,2.15
2023-11-01 08:00:00,367.25,469.75,26.06,89.9,2.47
2023-11-01 09:00:00,581.15,662.17,27.21,82.14,2.74
2023-11-01 10:00:00,725.7,799.9,28.58,74.43,2.56
2023-11-01 11:00:00,858.12,864.17,29.73,69.37,2.14
2023-11-01 12:00:00,821.17,852.38,30.42,66.12,1.7
2023-11-01 13:00:00,695.92,759.38,30.75,64.35,1.36
2023-11-01 14:00:00,590.25,600.5,30.73,64.11,1.11
2023-11-01 15:00:00,372.08,387.58,30.44,65.5,1.0
2023-11-01 16:00:00,161.93,165.68,30.02,69.47,0.73
2023-11-01 17:00:00,14.8,14.48,28.82,77.2,0.56
2023-11-01 18:00:00,0.0,0.0,27.69,80.77,0.65
2023-11-01 19:00:00,0.0,0.0,27.02,84.41,0.68
2023-11-01 20:00:00,0.0,0.0,26.51,86.76,0.68
2023-11-01 21:00:00,0.0,0.0,26.14,88.1,0.67
2023-11-01 22:00:00,0.0,0.0,25.72,89.93,0.66
2023-11-01 23:00:00,0.0,0.0,25.26,91.95,0.72
2023-11-02 00:00:00,0.0,0.0,24.87,93.22,0.87
2023-11-02 01:00:00,0.0,0.0,24.63,93.75,1.1
2023-11-02 02:00:00,0.0,0.0,24.42,94.32,1.3
2023-11-02 03:00:00,0.0,0.0,24.18,95.25,1.4
2023-11-02 04:00:00,0.0,0.0,23.9,96.4,1.38
2023-11-02 05:00:00,0.0,0.0,23.62,97.55,1.27
2023-11-02 06:00:00,61.08,63.3,23.83,96.66,1.5
2023-11-02 07:00:00,241.23,255.02,25.04,91.84,2.07
2023-11-02 08:00:00,450.45,472.4,27.21,81.44,2.34
2023-11-02 09:00:00,633.75,661.17,29.02,73.58,2.25
2023-11-02 10:00:00,788.4,796.85,30.16,69.28,1.68
2023-11-02 11:00:00,857.38,861.4,31.0,65.76,1.09
2023-11-02 12:00:00,857.47,863.45,31.59,62.39,0.5
2023-11-02 13:00:00,723.8,763.78,32.05,59.0,0.19
2023-11-02 14:00:00,594.95,599.5,32.14,57.55,0.52
2023-11-02 15:00:00,373.12,385.77,31.88,58.42,0.67
2023-11-02 16:00:00,159.6,163.82,31.52,61.73,0.63
2023-11-02 17:00:00,14.35,14.38,30.23,69.33,0.61
2023-11-02 18:00:00,0.0,0.0,28.91,73.6,0.67
2023-11-02 19:00:00,0.0,0.0,28.08,78.27,0.73
2023-11-02 20:00:00,0.0,0.0,27.31,82.23,0.76
2023-11-02 21:00:00,0.0,0.0,26.78,84.01,0.79
2023-11-02 22:00:00,0.0,0.0,26.35,85.33,0.8
2023-11-02 23:00:00,0.0,0.0,25.86,87.11,0.83
2023-11-03 00:00:00,0.0,0.0,25.38,88.79,0.85
2023-11-03 01:00:00,0.0,0.0,24.97,90.04,0.86
2023-11-03 02:00:00,0.0,0.0,24.63,91.09,0.86
2023-11-03 03:00:00,0.0,0.0,24.3,92.21,0.87
2023-11-03 04:00:00,0.0,0.0,23.98,93.33,0.89
2023-11-03 05:00:00,0.0,0.0,23.67,94.48,0.9
2023-11-03 06:00:00,71.68,71.78,23.93,94.17,1.14
2023-11-03 07:00:00,264.23,264.8,25.52,87.88,2.03
2023-11-03 08:00:00,489.62,491.0,28.15,77.29,1.98
2023-11-03 09:00:00,684.47,685.62,30.71,65.64,1.92
2023-11-03 10:00:00,822.17,825.03,32.11,60.57,1.47
2023-11-03 11:00:00,880.58,887.9,33.05,56.81,1.07
2023-11-03 12:00:00,858.05,864.55,33.7,54.04,0.82
2023-11-03 13:00:00,742.1,766.58,33.96,52.33,0.81
2023-11-03 14:00:00,588.9,604.35,33.82,51.88,0.97
2023-11-03 15:00:00,375.55,391.27,33.37,52.95,1.1
2023-11-03 16:00:00,161.25,165.57,32.84,55.96,0.93
2023-11-03 17:00:00,14.2,14.43,31.1,65.98,0.82
2023-11-03 18:00:00,0.0,0.0,29.45,73.26,0.74
2023-11-03 19:00:00,0.0,0.0,28.68,75.27,0.79
2023-11-03 20:00:00,0.0,0.0,27.77,78.75,0.83
2023-11-03 21:00:00,0.0,0.0,26.75,82.97,0.9
2023-11-03 22:00:00,0.0,0.0,26.04,85.67,0.98
2023-11-03 23:00:00,0.0,0.0,25.55,87.87,1.06
2023-11-04 00:00:00,0.0,0.0,25.18,89.9,1.12
2023-11-04 01:00:00,0.0,0.0,24.9,91.65,1.18
2023-11-04 02:00:00,0.0,0.0,24.63,93.38,1.24
2023-11-04 03:00:00,0.0,0.0,24.4,94.96,1.28
2023-11-04 04:00:00,0.0,0.0,24.16,96.35,1.31
2023-11-04 05:00:00,0.0,0.0,23.91,97.71,1.32
2023-11-04 06:00:00,69.15,69.25,24.21,96.3,1.77
2023-11-04 07:00:00,260.45,260.77,25.68,90.15,2.53
2023-11-04 08:00:00,484.52,484.85,28.13,78.4,2.82
2023-11-04 09:00:00,677.38,677.58,30.12,70.01,2.81
2023-11-04 10:00:00,798.78,812.75,31.5,64.51,2.44
2023-11-04 11:00:00,852.08,876.22,32.41,60.81,2.06
2023-11-04 12:00:00,761.6,838.38,32.98,58.42,1.82
2023-11-04 13:00:00,725.33,739.45,33.09,57.33,1.77
2023-11-04 14:00:00,558.7,574.85,32.9,57.47,1.84
2023-11-04 15:00:00,342.3,364.88,32.4,58.96,1.86
2023-11-04 16:00:00,144.2,151.6,31.51,64.82,1.47
2023-11-04 17:00:00,12.6,13.25,29.64,76.44,1.08
2023-11-04 18:00:00,0.0,0.0,27.86,83.66,0.88
2023-11-04 19:00:00,0.0,0.0,27.29,85.14,0.96
2023-11-04 20:00:00,0.0,0.0,26.8,86.63,1.03
2023-11-04 21:00:00,0.0,0.0,26.34,88.27,1.06
2023-11-04 22:00:00,0.0,0.0,25.9,89.93,1.12
2023-11-04 23:00:00,0.0,0.0,25.55,91.31,1.17
2023-11-05 00:00:00,0.0,0.0,25.26,92.41,1.21
2023-11-05 01:00:00,0.0,0.0,24.99,93.45,1.21
2023-11-05 02:00:00,0.0,0.0,24.72,94.52,1.16
2023-11-05 03:00:00,0.0,0.0,24.44,95.53,1.05
2023-11-05 04:00:00,0.0,0.0,24.15,96.6,0.94
2023-11-05 05:00:00,0.0,0.0,23.86,97.82,0.84
2023-11-05 06:00:00,49.2,59.35,24.2,96.88,1.05
2023-11-05 07:00:00,185.48,250.55,25.69,91.31,1.66
2023-11-05 08:00:00,391.7,471.45,28.21,79.15,1.55
2023-11-05 09:00:00,606.12,662.58,30.46,67.71,1.43
2023-11-05 10:00:00,777.33,800.12,31.71,62.9,1.42
2023-11-05 11:00:00,847.28,858.67,32.44,60.05,1.65
2023-11-05 12:00:00,795.12,801.45,32.93,58.02,1.87
2023-11-05 13:00:00,692.33,703.55,32.96,57.19,2.07
2023-11-05 14:00:00,514.58,541.08,32.71,57.49,2.15
2023-11-05 15:00:00,269.88,336.83,32.13,59.43,2.07
2023-11-05 16:00:00,120.72,139.38,31.15,66.1,1.58
2023-11-05 17:00:00,10.98,12.35,29.52,77.62,1.06
2023-11-05 18:00:00,0.0,0.0,28.36,82.46,0.84
2023-11-05 19:00:00,0.0,0.0,27.93,83.76,0.84
2023-11-05 20:00:00,0.0,0.0,27.51,84.93,0.86
2023-11-05 21:00:00,0.0,0.0,27.05,86.24,0.9
2023-11-05 22:00:00,0.0,0.0,26.56,87.68,0.93
2023-11-05 23:00:00,0.0,0.0,26.15,89.32,0.9
2023-11-06 00:00:00,0.0,0.0,25.8,90.79,0.86
2023-11-06 01:00:00,0.0,0.0,25.49,92.13,0.83
2023-11-06 02:00:00,0.0,0.0,25.18,93.37,0.8
2023-11-06 03:00:00,0.0,0.0,24.92,94.39,0.75
2023-11-06 04:00:00,0.0,0.0,24.69,95.32,0.67
2023-11-06 05:00:00,0.0,0.0,24.53,95.85,0.61
2023-11-06 06:00:00,64.75,65.47,24.71,96.14,0.53
2023-11-06 07:00:00,253.7,256.1,25.75,91.38,0.91
2023-11-06 08:00:00,480.2,482.05,27.21,84.01,0.94
2023-11-06 09:00:00,677.78,682.12,29.12,73.95,1.01
2023-11-06 10:00:00,815.12,816.28,30.35,68.39,1.07
2023-11-06 11:00:00,875.58,875.88,31.18,65.25,1.42
2023-11-06 12:00:00,846.67,853.6,31.75,63.03,1.7
2023-11-06 13:00:00,700.58,754.6,31.96,61.88,1.85
2023-11-06 14:00:00,529.53,593.12,31.83,62.11,1.86
2023-11-06 15:00:00,335.75,381.58,31.43,63.63,1.82
2023-11-06 16:00:00,148.23,160.43,30.6,69.96,1.39
2023-11-06 17:00:00,13.12,13.5,28.96,81.35,0.92
2023-11-06 18:00:00,0.0,0.0,27.77,84.67,0.76
2023-11-06 19:00:00,0.0,0.0,27.65,83.51,0.72
2023-11-06 20:00:00,0.0,0.0,27.95,79.05,0.64
2023-11-06 21:00:00,0.0,0.0,28.14,75.87,0.41
2023-11-06 22:00:00,0.0,0.0,27.4,80.31,0.59
2023-11-06 23:00:00,0.0,0.0,26.24,87.91,0.74
2023-11-07 00:00:00,0.0,0.0,25.58,90.64,0.87
2023-11-07 01:00:00,0.0,0.0,25.12,92.07,1.05
2023-11-07 02:00:00,0.0,0.0,24.75,93.62,1.11
2023-11-07 03:00:00,0.0,0.0,24.42,95.57,1.08
2023-11-07 04:00:00,0.0,0.0,24.15,97.46,1.03
2023-11-07 05:00:00,0.0,0.0,23.95,98.79,0.99
2023-11-07 06:00:00,60.72,63.2,24.34,97.95,1.21
2023-11-07 07:00:00,250.73,264.1,25.84,92.81,2.14
2023-11-07 08:00:00,471.12,489.0,27.48,85.8,2.6
2023-11-07 09:00:00,657.12,679.62,28.77,78.46,2.73
2023-11-07 10:00:00,774.5,814.53,29.56,74.57,2.51
2023-11-07 11:00:00,835.15,876.33,30.03,72.32,2.25
2023-11-07 12:00:00,827.5,864.0,30.29,70.66,2.02
2023-11-07 13:00:00,732.7,770.97,30.32,69.88,1.78
2023-11-07 14:00:00,586.15,610.62,30.13,70.13,1.59
2023-11-07 15:00:00,384.65,404.33,29.86,70.95,1.4
2023-11-07 16:00:00,170.07,176.38,29.38,75.12,1.01
2023-11-07 17:00:00,13.88,14.12,28.37,82.38,0.74
2023-11-07 18:00:00,0.0,0.0,27.33,86.0,0.64
2023-11-07 19:00:00,0.0,0.0,26.81,87.71,0.67
2023-11-07 20:00:00,0.0,0.0,26.33,89.47,0.68
2023-11-07 21:00:00,0.0,0.0,25.91,90.9,0.71
2023-11-07 22:00:00,0.0,0.0,25.51,92.19,0.76
2023-11-07 23:00:00,0.0,0.0,25.19,93.25,0.81
2023-11-08 00:00:00,0.0,0.0,24.92,94.12,0.83
2023-11-08 01:00:00,0.0,0.0,24.72,94.93,0.84
2023-11-08 02:00:00,0.0,0.0,24.53,95.66,0.87
2023-11-08 03:00:00,0.0,0.0,24.38,96.3,0.94
2023-11-08 04:00:00,0.0,0.0,24.17,97.07,1.01
2023-11-08 05:00:00,0.0,0.0,23.98,97.93,1.03
2023-11-08 06:00:00,58.03,64.95,24.28,97.06,1.33
2023-11-08 07:00:00,211.32,271.5,25.42,92.99,2.06
2023-11-08 08:00:00,365.95,496.35,27.1,84.5,2.29
2023-11-08 09:00:00,436.98,685.75,28.59,76.16,2.38
2023-11-08 10:00:00,596.85,818.17,29.79,70.73,2.04
2023-11-08 11:00:00,728.8,875.58,30.83,66.59,1.68
2023-11-08 12:00:00,819.33,862.75,31.45,63.89,1.61
2023-11-08 13:00:00,742.5,768.1,31.69,62.64,1.8
2023-11-08 14:00:00,583.45,607.47,31.57,62.67,1.98
2023-11-08 15:00:00,360.75,400.65,31.14,64.05,2.05
2023-11-08 16:00:00,156.12,172.75,30.26,69.82,1.62
2023-11-08 17:00:00,12.55,13.5,28.53,80.78,1.16
2023-11-08 18:00:00,0.0,0.0,27.17,86.1,1.07
2023-11-08 19:00:00,0.0,0.0,26.66,86.61,1.31
2023-11-08 20:00:00,0.0,0.0,26.25,87.42,1.58
2023-11-08 21:00:00,0.0,0.0,25.83,89.03,1.79
2023-11-08 22:00:00,0.0,0.0,25.46,90.85,1.99
2023-11-08 23:00:00,0.0,0.0,25.12,92.56,2.15
2023-11-09 00:00:00,0.0,0.0,24.76,94.31,2.14
2023-11-09 01:00:00,0.0,0.0,24.45,95.61,2.05
2023-11-09 02:00:00,0.0,0.0,24.25,96.31,1.84
2023-11-09 03:00:00,0.0,0.0,24.11,96.7,1.62
2023-11-09 04:00:00,0.0,0.0,23.97,97.02,1.57
2023-11-09 05:00:00,0.0,0.0,23.84,97.16,1.59
2023-11-09 06:00:00,58.38,64.28,24.02,96.02,2.0
2023-11-09 07:00:00,247.05,271.5,25.33,90.44,2.78
2023-11-09 08:00:00,461.92,495.95,27.43,80.01,3.45
2023-11-09 09:00:00,641.22,685.83,29.28,72.09,3.11
2023-11-09 10:00:00,777.2,818.72,30.53,67.59,2.37
2023-11-09 11:00:00,839.8,877.83,31.39,64.61,1.69
2023-11-09 12:00:00,666.22,842.42,31.85,62.5,1.15
2023-11-09 13:00:00,676.8,748.35,31.96,60.99,0.76
2023-11-09 14:00:00,549.72,587.85,31.87,60.19,0.43
2023-11-09 15:00:00,353.3,383.4,31.67,60.01,0.33
2023-11-09 16:00:00,154.68,162.25,31.16,62.85,0.38
2023-11-09 17:00:00,12.73,13.02,30.17,68.21,0.47
2023-11-09 18:00:00,0.0,0.0,29.2,72.93,0.51
2023-11-09 19:00:00,0.0,0.0,28.61,75.52,0.59
2023-11-09 20:00:00,0.0,0.0,28.1,76.86,0.62
2023-11-09 21:00:00,0.0,0.0,27.69,77.35,0.6
2023-11-09 22:00:00,0.0,0.0,27.33,77.58,0.59
2023-11-09 23:00:00,0.0,0.0,26.77,79.7,0.66
2023-11-10 00:00:00,0.0,0.0,25.95,84.16,0.73
2023-11-10 01:00:00,0.0,0.0,25.2,88.08,0.75
2023-11-10 02:00:00,0.0,0.0,24.68,90.2,0.77
2023-11-10 03:00:00,0.0,0.0,24.3,91.44,0.81
2023-11-10 04:00:00,0.0,0.0,23.96,92.56,0.82
2023-11-10 05:00:00,0.0,0.0,23.68,93.54,0.8
2023-11-10 06:00:00,61.35,62.38,23.97,93.09,0.92
2023-11-10 07:00:00,259.2,264.88,25.46,85.73,1.62
2023-11-10 08:00:00,477.25,484.2,28.24,74.06,1.51
2023-11-10 09:00:00,661.58,672.03,30.53,64.97,1.3
2023-11-10 10:00:00,787.12,805.42,31.69,60.76,0.69
2023-11-10 11:00:00,834.75,866.0,32.47,57.87,0.14
2023-11-10 12:00:00,808.28,839.35,32.95,55.69,0.69
2023-11-10 13:00:00,731.83,746.6,32.89,55.43,1.07
2023-11-10 14:00:00,571.47,589.4,32.63,56.1,1.24
2023-11-10 15:00:00,332.62,383.15,32.21,57.83,1.24
2023-11-10 16:00:00,148.95,162.62,31.77,61.6,0.92
2023-11-10 17:00:00,12.0,12.95,30.32,69.76,0.83
2023-11-10 18:00:00,0.0,0.0,29.18,75.58,0.66
2023-11-10 19:00:00,0.0,0.0,28.82,75.97,0.68
2023-11-10 20:00:00,0.0,0.0,28.35,77.43,0.71
2023-11-10 21:00:00,0.0,0.0,27.76,79.79,0.75
2023-11-10 22:00:00,0.0,0.0,27.09,82.84,0.77
2023-11-10 23:00:00,0.0,0.0,26.39,85.66,0.79
2023-11-11 00:00:00,0.0,0.0,25.76,87.58,0.85
2023-11-11 01:00:00,0.0,0.0,25.33,88.72,0.95
2023-11-11 02:00:00,0.0,0.0,25.0,89.56,1.05
2023-11-11 03:00:00,0.0,0.0,24.68,90.77,1.09
2023-11-11 04:00:00,0.0,0.0,24.41,92.33,1.06
2023-11-11 05:00:00,0.0,0.0,24.14,94.05,0.98
2023-11-11 06:00:00,58.33,58.88,24.34,94.07,1.13
2023-11-11 07:00:00,250.45,255.5,25.48,89.23,1.73
2023-11-11 08:00:00,469.3,478.27,27.71,78.52,1.99
2023-11-11 09:00:00,656.62,668.72,30.13,67.34,1.79
2023-11-11 10:00:00,786.28,800.92,31.66,61.79,0.94
2023-11-11 11:00:00,850.5,860.5,32.59,58.01,0.23
2023-11-11 12:00:00,784.83,833.45,33.22,54.14,0.99
2023-11-11 13:00:00,638.12,741.53,33.34,52.56,1.27
2023-11-11 14:00:00,492.4,581.95,33.19,52.31,1.33
2023-11-11 15:00:00,299.45,372.67,32.77,53.56,1.33
2023-11-11 16:00:00,125.4,154.73,32.21,57.56,1.05
2023-11-11 17:00:00,10.68,12.45,30.31,69.49,0.91
2023-11-11 18:00:00,0.0,0.0,28.5,78.15,0.8
2023-11-11 19:00:00,0.0,0.0,27.6,81.11,0.85
2023-11-11 20:00:00,0.0,0.0,26.83,83.22,0.91
2023-11-11 21:00:00,0.0,0.0,26.14,85.17,0.98
2023-11-11 22:00:00,0.0,0.0,25.54,87.05,1.09
2023-11-11 23:00:00,0.0,0.0,25.08,88.75,1.24
2023-11-12 00:00:00,0.0,0.0,24.74,90.42,1.38
2023-11-12 01:00:00,0.0,0.0,24.51,92.06,1.48
2023-11-12 02:00:00,0.0,0.0,24.37,93.5,1.49
2023-11-12 03:00:00,0.0,0.0,24.2,95.0,1.31
2023-11-12 04:00:00,0.0,0.0,23.9,96.54,1.0
2023-11-12 05:00:00,0.0,0.0,23.57,98.04,0.73
2023-11-12 06:00:00,58.3,60.9,23.87,97.1,0.7
2023-11-12 07:00:00,249.88,264.45,25.34,91.01,0.75
2023-11-12 08:00:00,463.67,487.58,28.41,74.33,0.58
2023-11-12 09:00:00,662.45,678.17,30.72,63.63,0.42
2023-11-12 10:00:00,801.38,812.12,32.05,58.55,1.12
2023-11-12 11:00:00,842.38,875.0,32.84,56.03,1.53
2023-11-12 12:00:00,794.83,847.83,33.38,53.92,1.83
2023-11-12 13:00:00,671.03,754.33,33.58,52.49,2.03
2023-11-12 14:00:00,530.25,596.95,33.42,52.06,2.11
2023-11-12 15:00:00,338.1,388.67,32.99,52.63,2.07
2023-11-12 16:00:00,149.1,164.55,32.09,57.85,1.55
2023-11-12 17:00:00,12.7,12.95,29.95,71.64,1.03
2023-11-12 18:00:00,0.0,0.0,28.37,75.87,0.84
2023-11-12 19:00:00,0.0,0.0,28.06,74.9,0.83
2023-11-12 20:00:00,0.0,0.0,27.82,73.89,0.8
2023-11-12 21:00:00,0.0,0.0,27.54,73.35,0.76
2023-11-12 22:00:00,0.0,0.0,27.18,73.71,0.76
2023-11-12 23:00:00,0.0,0.0,26.63,75.53,0.78
2023-11-13 00:00:00,0.0,0.0,25.86,79.0,0.83
2023-11-13 01:00:00,0.0,0.0,25.01,83.19,0.85
2023-11-13 02:00:00,0.0,0.0,24.26,86.69,0.88
2023-11-13 03:00:00,0.0,0.0,23.64,89.64,0.88
2023-11-13 04:00:00,0.0,0.0,23.17,91.8,0.86
2023-11-13 05:00:00,0.0,0.0,22.81,93.42,0.8
2023-11-13 06:00:00,61.97,62.15,23.13,93.8,0.8
2023-11-13 07:00:00,254.38,255.6,24.92,85.94,1.21
2023-11-13 08:00:00,472.25,474.48,28.0,72.12,1.1
2023-11-13 09:00:00,667.75,669.35,30.7,61.59,1.38
2023-11-13 10:00:00,809.9,810.08,32.29,55.63,1.83
2023-11-13 11:00:00,873.67,874.08,33.29,51.55,2.23
2023-11-13 12:00:00,869.92,872.47,33.89,48.5,2.53
2023-11-13 13:00:00,755.7,778.05,34.09,46.69,2.72
2023-11-13 14:00:00,582.5,618.42,33.91,46.15,2.79
2023-11-13 15:00:00,382.8,407.52,33.24,47.42,2.7
2023-11-13 16:00:00,170.4,176.77,31.95,54.19,2.13
2023-11-13 17:00:00,13.68,13.9,29.11,70.08,1.39
2023-11-13 18:00:00,0.0,0.0,27.02,74.74,1.23
2023-11-13 19:00:00,0.0,0.0,26.25,75.93,1.27
2023-11-13 20:00:00,0.0,0.0,25.54,77.14,1.27
2023-11-13 21:00:00,0.0,0.0,24.89,78.26,1.24
2023-11-13 22:00:00,0.0,0.0,24.25,79.6,1.18
2023-11-13 23:00:00,0.0,0.0,23.62,81.03,1.13
2023-11-14 00:00:00,0.0,0.0,23.01,82.46,1.09
2023-11-14 01:00:00,0.0,0.0,22.38,84.16,1.05
2023-11-14 02:00:00,0.0,0.0,21.77,86.1,1.0
2023-11-14 03:00:00,0.0,0.0,21.18,88.24,0.95
2023-11-14 04:00:00,0.0,0.0,20.59,90.62,0.9
2023-11-14 05:00:00,0.0,0.0,20.03,93.14,0.91
2023-11-14 06:00:00,65.0,65.12,20.19,93.29,1.34
2023-11-14 07:00:00,269.38,269.85,22.01,85.45,2.44
2023-11-14 08:00:00,496.75,497.3,24.77,74.09,2.28
2023-11-14 09:00:00,692.08,692.58,27.78,60.3,2.58
2023-11-14 10:00:00,827.38,827.72,30.21,49.99,2.84
2023-11-14 11:00:00,886.53,886.7,31.87,43.98,3.0
2023-11-14 12:00:00,886.9,886.9,32.8,40.75,3.07
2023-11-14 13:00:00,791.58,791.72,33.22,38.78,3.1
2023-11-14 14:00:00,631.55,631.88,33.1,38.19,3.04
2023-11-14 15:00:00,418.08,418.55,32.42,40.06,2.72
2023-11-14 16:00:00,186.15,186.57,31.18,46.2,1.96
2023-11-14 17:00:00,14.43,14.48,27.98,64.01,1.2
2023-11-14 18:00:00,0.0,0.0,25.95,68.15,1.05
2023-11-14 19:00:00,0.0,0.0,25.57,67.49,1.03
2023-11-14 20:00:00,0.0,0.0,25.5,64.78,1.03
2023-11-14 21:00:00,0.0,0.0,25.62,60.93,0.96
2023-11-14 22:00:00,0.0,0.0,25.5,58.42,0.82
2023-11-14 23:00:00,0.0,0.0,25.48,55.9,0.73
2023-11-15 00:00:00,0.0,0.0,25.02,56.28,0.7
2023-11-15 01:00:00,0.0,0.0,24.26,58.7,0.7
2023-11-15 02:00:00,0.0,0.0,23.21,63.26,0.71
2023-11-15 03:00:00,0.0,0.0,21.96,69.66,0.81
2023-11-15 04:00:00,0.0,0.0,20.72,76.65,0.89
2023-11-15 05:00:00,0.0,0.0,19.6,83.3,0.87
2023-11-15 06:00:00,64.68,64.72,19.57,86.91,0.9
2023-11-15 07:00:00,269.85,270.08,21.86,74.95,1.99
2023-11-15 08:00:00,497.92,498.25,24.39,67.14,1.83
2023-11-15 09:00:00,690.45,690.72,27.32,57.88,1.78
2023-11-15 10:00:00,823.62,823.85,30.16,48.05,1.86
2023-11-15 11:00:00,881.83,882.0,32.03,43.19,2.02
2023-11-15 12:00:00,861.22,862.33,32.83,42.06,2.11
2023-11-15 13:00:00,763.35,765.38,33.19,41.58,2.19
2023-11-15 14:00:00,604.6,606.3,33.13,42.13,2.16
2023-11-15 15:00:00,390.3,391.52,32.65,43.66,2.05
2023-11-15 16:00:00,169.85,170.5,31.72,49.44,1.49
2023-11-15 17:00:00,12.9,12.9,29.12,65.89,1.0
2023-11-15 18:00:00,0.0,0.0,27.48,68.02,0.96
2023-11-15 19:00:00,0.0,0.0,26.75,71.46,0.98
2023-11-15 20:00:00,0.0,0.0,25.84,75.96,1.06
2023-11-15 21:00:00,0.0,0.0,25.17,78.88,1.28
2023-11-15 22:00:00,0.0,0.0,24.69,82.68,1.46
2023-11-15 23:00:00,0.0,0.0,24.31,87.43,1.39
2023-11-16 00:00:00,0.0,0.0,23.94,91.62,1.12
2023-11-16 01:00:00,0.0,0.0,23.59,94.32,0.87
2023-11-16 02:00:00,0.0,0.0,23.26,96.32,0.69
2023-11-16 03:00:00,0.0,0.0,23.05,97.64,0.63
2023-11-16 04:00:00,0.0,0.0,22.91,98.5,0.62
2023-11-16 05:00:00,0.0,0.0,22.74,99.57,0.64
2023-11-16 06:00:00,52.28,55.7,23.14,98.24,0.83
2023-11-16 07:00:00,224.75,252.7,25.1,87.78,1.93
2023-11-16 08:00:00,423.92,472.25,27.35,73.91,2.62
2023-11-16 09:00:00,585.1,658.72,29.72,61.45,3.1
2023-11-16 10:00:00,722.45,786.85,31.53,55.28,3.14
2023-11-16 11:00:00,783.33,834.6,32.68,52.37,2.96
2023-11-16 12:00:00,784.38,794.55,33.36,50.61,2.78
2023-11-16 13:00:00,568.85,695.1,33.6,49.87,2.61
2023-11-16 14:00:00,480.58,530.88,33.47,50.04,2.42
2023-11-16 15:00:00,260.62,325.9,32.97,51.4,2.15
2023-11-16 16:00:00,107.12,131.05,32.06,57.23,1.46
2023-11-16 17:00:00,8.3,10.77,30.18,71.36,0.9
2023-11-16 18:00:00,0.0,0.0,29.14,72.41,0.71
2023-11-16 19:00:00,0.0,0.0,28.79,72.17,0.69
2023-11-16 20:00:00,0.0,0.0,28.02,74.8,0.74
2023-11-16 21:00:00,0.0,0.0,27.01,79.68,0.77
2023-11-16 22:00:00,0.0,0.0,26.16,83.47,0.81
2023-11-16 23:00:00,0.0,0.0,25.53,85.95,0.83
2023-11-17 00:00:00,0.0,0.0,25.04,88.16,0.82
2023-11-17 01:00:00,0.0,0.0,24.64,90.04,0.78
2023-11-17 02:00:00,0.0,0.0,24.34,91.39,0.72
2023-11-17 03:00:00,0.0,0.0,24.14,92.13,0.67
2023-11-17 04:00:00,0.0,0.0,24.05,92.1,0.58
2023-11-17 05:00:00,0.0,0.0,24.04,91.54,0.39
2023-11-17 06:00:00,43.17,43.2,24.18,91.87,0.14
2023-11-17 07:00:00,208.2,210.38,25.57,84.65,0.38
2023-11-17 08:00:00,405.05,409.3,28.34,70.69,0.96
2023-11-17 09:00:00,586.62,599.33,30.03,64.57,1.51
2023-11-17 10:00:00,699.22,729.08,31.22,60.45,1.87
2023-11-17 11:00:00,764.38,787.7,32.22,56.12,2.16
2023-11-17 12:00:00,691.4,740.72,32.99,52.69,2.32
2023-11-17 13:00:00,588.78,648.5,33.34,50.69,2.43
2023-11-17 14:00:00,442.73,495.25,33.24,50.34,2.4
2023-11-17 15:00:00,289.23,314.52,32.79,51.32,2.27
2023-11-17 16:00:00,115.0,121.7,31.76,57.34,1.67
2023-11-17 17:00:00,10.25,10.43,29.6,71.78,1.04
2023-11-17 18:00:00,0.0,0.0,28.28,74.45,0.85
2023-11-17 19:00:00,0.0,0.0,27.91,74.81,0.8
2023-11-17 20:00:00,0.0,0.0,27.56,75.52,0.76
2023-11-17 21:00:00,0.0,0.0,27.14,76.83,0.76
2023-11-17 22:00:00,0.0,0.0,26.62,78.86,0.74
2023-11-17 23:00:00,0.0,0.0,26.07,81.53,0.71
2023-11-18 00:00:00,0.0,0.0,25.56,84.0,0.7
2023-11-18 01:00:00,0.0,0.0,25.15,85.94,0.68
2023-11-18 02:00:00,0.0,0.0,24.74,87.56,0.67
2023-11-18 03:00:00,0.0,0.0,24.39,88.93,0.66
2023-11-18 04:00:00,0.0,0.0,24.12,89.98,0.65
2023-11-18 05:00:00,0.0,0.0,23.9,91.23,0.62
2023-11-18 06:00:00,41.7,41.45,24.02,92.99,0.53
2023-11-18 07:00:00,196.1,199.32,25.49,87.01,0.64
2023-11-18 08:00:00,396.7,401.85,28.0,74.77,0.48
2023-11-18 09:00:00,556.28,576.5,30.06,66.27,0.83
2023-11-18 10:00:00,697.78,720.55,31.39,61.34,1.64
2023-11-18 11:00:00,733.85,790.25,32.34,56.95,2.32
2023-11-18 12:00:00,687.88,801.2,32.89,52.85,2.82
2023-11-18 13:00:00,624.88,717.58,33.03,49.57,3.11
2023-11-18 14:00:00,463.95,557.7,32.75,47.31,3.25
2023-11-18 15:00:00,304.1,355.15,31.98,47.49,3.17
2023-11-18 16:00:00,138.6,147.0,30.22,55.57,2.38
2023-11-18 17:00:00,12.1,11.98,27.36,69.19,1.5
2023-11-18 18:00:00,0.0,0.0,25.59,72.42,1.3
2023-11-18 19:00:00,0.0,0.0,24.97,73.18,1.14
2023-11-18 20:00:00,0.0,0.0,24.66,73.24,0.98
2023-11-18 21:00:00,0.0,0.0,24.61,73.18,0.89
2023-11-18 22:00:00,0.0,0.0,24.64,72.99,0.83
2023-11-18 23:00:00,0.0,0.0,24.59,71.8,0.78
2023-11-19 00:00:00,0.0,0.0,24.38,71.06,0.73
2023-11-19 01:00:00,0.0,0.0,23.8,72.4,0.73
2023-11-19 02:00:00,0.0,0.0,23.13,75.17,0.74
2023-11-19 03:00:00,0.0,0.0,22.48,79.91,0.71
2023-11-19 04:00:00,0.0,0.0,21.9,83.46,0.7
2023-11-19 05:00:00,0.0,0.0,21.45,85.85,0.7
2023-11-19 06:00:00,44.12,46.58,21.43,87.07,0.79
2023-11-19 07:00:00,215.88,232.77,22.8,76.92,1.86
2023-11-19 08:00:00,374.12,445.23,24.52,71.38,1.97
2023-11-19 09:00:00,543.47,639.88,27.47,57.33,2.12
2023-11-19 10:00:00,627.08,776.8,29.78,47.63,2.23
2023-11-19 11:00:00,662.4,835.5,31.1,43.42,2.27
2023-11-19 12:00:00,625.62,814.17,32.0,40.69,2.33
2023-11-19 13:00:00,505.38,718.4,32.35,39.67,2.39
2023-11-19 14:00:00,414.9,557.42,32.22,39.91,2.43
2023-11-19 15:00:00,251.35,353.83,31.64,42.21,2.31
2023-11-19 16:00:00,119.9,144.55,30.46,49.41,1.67
2023-11-19 17:00:00,12.8,11.85,27.96,65.69,1.06
2023-11-19 18:00:00,0.0,0.0,26.6,67.56,0.93
2023-11-19 19:00:00,0.0,0.0,26.27,67.39,0.88
2023-11-19 20:00:00,0.0,0.0,25.99,67.11,0.88
2023-11-19 21:00:00,0.0,0.0,25.73,66.78,0.9
2023-11-19 22:00:00,0.0,0.0,25.33,67.34,0.93
2023-11-19 23:00:00,0.0,0.0,24.59,70.09,0.94
2023-11-20 00:00:00,0.0,0.0,23.67,73.87,0.96
2023-11-20 01:00:00,0.0,0.0,22.82,77.38,0.97
2023-11-20 02:00:00,0.0,0.0,22.16,80.15,0.91
2023-11-20 03:00:00,0.0,0.0,21.56,83.14,0.83
2023-11-20 04:00:00,0.0,0.0,20.94,86.56,0.76
2023-11-20 05:00:00,0.0,0.0,20.46,89.46,0.74
2023-11-20 06:00:00,47.3,47.4,20.58,91.23,0.87
2023-11-20 07:00:00,226.68,232.02,22.27,84.46,1.68
2023-11-20 08:00:00,439.33,454.55,24.76,75.59,1.37
2023-11-20 09:00:00,641.03,647.83,28.03,61.54,0.89
2023-11-20 10:00:00,780.28,781.28,31.09,48.45,0.79
2023-11-20 11:00:00,843.8,844.28,32.49,43.56,1.26
2023-11-20 12:00:00,801.95,841.85,33.2,40.92,1.63
2023-11-20 13:00:00,720.55,748.3,33.5,39.36,1.91
2023-11-20 14:00:00,577.12,587.05,33.36,38.94,2.09
2023-11-20 15:00:00,366.3,380.17,32.71,40.38,2.1
2023-11-20 16:00:00,155.65,160.02,31.55,46.03,1.61
2023-11-20 17:00:00,12.75,12.8,28.53,63.36,1.1
2023-11-20 18:00:00,0.0,0.0,26.39,67.96,1.03
2023-11-20 19:00:00,0.0,0.0,25.78,67.92,1.03
2023-11-20 20:00:00,0.0,0.0,25.63,65.47,1.02
2023-11-20 21:00:00,0.0,0.0,25.68,62.15,0.98
2023-11-20 22:00:00,0.0,0.0,25.56,60.56,0.93
2023-11-20 23:00:00,0.0,0.0,24.96,62.23,0.96
2023-11-21 00:00:00,0.0,0.0,24.02,66.28,1.01
2023-11-21 01:00:00,0.0,0.0,23.1,70.53,1.02
2023-11-21 02:00:00,0.0,0.0,22.41,73.7,0.99
2023-11-21 03:00:00,0.0,0.0,21.92,75.68,0.94
2023-11-21 04:00:00,0.0,0.0,21.59,76.51,0.87
2023-11-21 05:00:00,0.0,0.0,21.36,76.76,0.78
2023-11-21 06:00:00,51.22,51.53,21.31,80.64,0.59
2023-11-21 07:00:00,248.27,251.05,22.89,72.77,1.02
2023-11-21 08:00:00,476.12,479.5,24.92,68.43,1.13
2023-11-21 09:00:00,674.08,676.65,28.44,55.09,1.21
2023-11-21 10:00:00,809.78,811.28,31.52,45.01,1.65
2023-11-21 11:00:00,865.4,872.72,32.85,42.41,2.12
2023-11-21 12:00:00,852.53,854.97,33.56,40.74,2.38
2023-11-21 13:00:00,752.2,759.92,33.86,39.71,2.52
2023-11-21 14:00:00,590.83,597.05,33.73,39.47,2.57
2023-11-21 15:00:00,374.3,384.62,33.03,41.16,2.39
2023-11-21 16:00:00,158.95,162.0,31.82,47.44,1.7
2023-11-21 17:00:00,13.52,13.12,28.88,64.35,1.08
2023-11-21 18:00:00,0.0,0.0,27.06,66.82,1.0
2023-11-21 19:00:00,0.0,0.0,26.62,66.82,0.98
2023-11-21 20:00:00,0.0,0.0,26.53,66.44,0.93
2023-11-21 21:00:00,0.0,0.0,26.7,64.45,0.84
2023-11-21 22:00:00,0.0,0.0,26.83,61.73,0.69
2023-11-21 23:00:00,0.0,0.0,26.89,58.97,0.49
2023-11-22 00:00:00,0.0,0.0,26.41,60.3,0.31
2023-11-22 01:00:00,0.0,0.0,25.66,63.67,0.31
2023-11-22 02:00:00,0.0,0.0,24.7,67.8,0.36
2023-11-22 03:00:00,0.0,0.0,24.0,70.86,0.47
2023-11-22 04:00:00,0.0,0.0,23.41,73.44,0.57
2023-11-22 05:00:00,0.0,0.0,22.84,76.22,0.62
2023-11-22 06:00:00,48.28,48.62,22.57,81.08,0.58
2023-11-22 07:00:00,225.4,237.25,24.01,76.85,0.87
2023-11-22 08:00:00,428.1,457.7,26.17,69.08,1.11
2023-11-22 09:00:00,632.65,653.4,29.37,57.65,1.58
2023-11-22 10:00:00,786.3,786.83,31.31,52.36,1.62
2023-11-22 11:00:00,843.03,846.8,32.53,49.21,1.5
2023-11-22 12:00:00,810.4,820.28,33.36,46.93,1.43
2023-11-22 13:00:00,666.42,726.75,33.72,45.69,1.35
2023-11-22 14:00:00,537.7,570.95,33.62,45.83,1.26
2023-11-22 15:00:00,330.15,364.5,33.19,47.0,1.25
2023-11-22 16:00:00,145.88,152.23,32.41,52.17,1.02
2023-11-22 17:00:00,12.27,12.68,30.05,68.36,0.84
2023-11-22 18:00:00,0.0,0.0,27.88,74.57,1.0
2023-11-22 19:00:00,0.0,0.0,27.04,76.88,1.31
2023-11-22 20:00:00,0.0,0.0,26.53,79.36,1.62
2023-11-22 21:00:00,0.0,0.0,26.09,82.68,1.76
2023-11-22 22:00:00,0.0,0.0,25.7,85.69,1.87
2023-11-22 23:00:00,0.0,0.0,25.36,88.28,2.07
2023-11-23 00:00:00,0.0,0.0,25.01,90.73,2.23
2023-11-23 01:00:00,0.0,0.0,24.72,92.76,2.36
2023-11-23 02:00:00,0.0,0.0,24.48,94.2,2.46
2023-11-23 03:00:00,0.0,0.0,24.39,94.43,2.49
2023-11-23 04:00:00,0.0,0.0,24.26,94.83,2.4
2023-11-23 05:00:00,0.0,0.0,24.11,95.31,2.26
2023-11-23 06:00:00,47.3,47.6,24.28,94.45,2.42
2023-11-23 07:00:00,234.2,235.82,25.29,90.0,2.8
2023-11-23 08:00:00,450.25,450.83,26.88,82.5,3.28
2023-11-23 09:00:00,644.75,648.53,28.78,73.68,3.51
2023-11-23 10:00:00,762.42,782.7,30.52,65.71,3.18
2023-11-23 11:00:00,829.9,843.95,31.86,60.09,2.62
2023-11-23 12:00:00,824.83,837.55,32.51,57.0,2.04
2023-11-23 13:00:00,601.25,746.42,32.67,55.5,1.55
2023-11-23 14:00:00,541.75,589.75,32.46,55.42,1.22
2023-11-23 15:00:00,332.15,384.02,31.97,57.52,1.19
2023-11-23 16:00:00,150.15,163.57,31.06,64.1,1.09
2023-11-23 17:00:00,12.85,13.35,29.27,76.06,0.85
2023-11-23 18:00:00,0.0,0.0,27.76,80.28,1.01
2023-11-23 19:00:00,0.0,0.0,27.12,81.37,1.31
2023-11-23 20:00:00,0.0,0.0,26.63,82.87,1.55
2023-11-23 21:00:00,0.0,0.0,26.23,84.63,1.6
2023-11-23 22:00:00,0.0,0.0,25.83,86.65,1.56
2023-11-23 23:00:00,0.0,0.0,25.47,88.43,1.5
2023-11-24 00:00:00,0.0,0.0,25.13,90.15,1.41
2023-11-24 01:00:00,0.0,0.0,24.8,91.74,1.32
2023-11-24 02:00:00,0.0,0.0,24.47,93.57,1.25
2023-11-24 03:00:00,0.0,0.0,24.2,95.29,1.32
2023-11-24 04:00:00,0.0,0.0,24.0,96.77,1.49
2023-11-24 05:00:00,0.0,0.0,23.84,97.79,1.55
2023-11-24 06:00:00,48.45,48.53,24.13,96.3,1.97
2023-11-24 07:00:00,233.45,234.23,25.8,88.73,2.8
2023-11-24 08:00:00,451.2,452.55,28.35,76.43,3.51
2023-11-24 09:00:00,643.28,644.38,30.49,66.99,3.59
2023-11-24 10:00:00,773.12,777.97,31.77,61.79,3.25
2023-11-24 11:00:00,710.53,835.33,32.47,58.68,2.92
2023-11-24 12:00:00,672.85,807.95,32.7,56.67,2.65
2023-11-24 13:00:00,552.15,718.2,32.71,55.4,2.45
2023-11-24 14:00:00,426.17,557.05,32.49,55.26,2.34
2023-11-24 15:00:00,238.35,358.25,31.8,57.75,2.22
2023-11-24 16:00:00,98.32,146.68,30.7,64.88,1.77
2023-11-24 17:00:00,9.52,12.38,28.88,76.84,1.24
2023-11-24 18:00:00,0.0,0.0,27.74,80.37,1.38
2023-11-24 19:00:00,0.0,0.0,27.28,81.89,1.74
2023-11-24 20:00:00,0.0,0.0,26.88,83.9,2.1
2023-11-24 21:00:00,0.0,0.0,26.52,86.08,2.29
2023-11-24 22:00:00,0.0,0.0,26.15,88.29,2.27
2023-11-24 23:00:00,0.0,0.0,25.81,90.27,2.18
2023-11-25 00:00:00,0.0,0.0,25.47,92.06,2.04
2023-11-25 01:00:00,0.0,0.0,25.14,93.73,1.92
2023-11-25 02:00:00,0.0,0.0,24.91,94.79,1.84
2023-11-25 03:00:00,0.0,0.0,24.7,95.72,1.77
2023-11-25 04:00:00,0.0,0.0,24.59,95.91,1.93
2023-11-25 05:00:00,0.0,0.0,24.48,96.18,2.03
2023-11-25 06:00:00,39.83,41.8,24.63,95.52,2.34
2023-11-25 07:00:00,200.18,217.95,25.91,90.68,3.13
2023-11-25 08:00:00,388.2,425.48,27.89,81.18,3.84
2023-11-25 09:00:00,574.35,612.45,29.72,71.47,3.87
2023-11-25 10:00:00,718.75,745.03,30.89,65.91,3.45
2023-11-25 11:00:00,668.08,804.85,31.64,62.38,3.05
2023-11-25 12:00:00,660.97,803.17,31.96,60.19,2.65
2023-11-25 13:00:00,554.5,710.15,32.02,59.05,2.29
2023-11-25 14:00:00,406.17,556.28,31.92,59.22,2.04
2023-11-25 15:00:00,235.0,352.8,31.38,61.49,1.92
2023-11-25 16:00:00,101.88,145.75,30.54,67.53,1.55
2023-11-25 17:00:00,9.2,12.12,28.94,78.99,1.09
2023-11-25 18:00:00,0.0,0.0,27.69,83.77,0.99
2023-11-25 19:00:00,0.0,0.0,27.28,84.16,1.18
2023-11-25 20:00:00,0.0,0.0,26.9,84.86,1.34
2023-11-25 21:00:00,0.0,0.0,26.5,86.19,1.39
2023-11-25 22:00:00,0.0,0.0,26.13,87.62,1.39
2023-11-25 23:00:00,0.0,0.0,25.76,89.34,1.39
2023-11-26 00:00:00,0.0,0.0,25.42,90.88,1.38
2023-11-26 01:00:00,0.0,0.0,25.1,92.48,1.37
2023-11-26 02:00:00,0.0,0.0,24.83,93.93,1.29
2023-11-26 03:00:00,0.0,0.0,24.58,95.23,1.17
2023-11-26 04:00:00,0.0,0.0,24.35,96.23,1.05
2023-11-26 05:00:00,0.0,0.0,24.16,96.98,0.93
2023-11-26 06:00:00,34.9,40.97,24.35,96.56,1.02
2023-11-26 07:00:00,167.93,215.15,25.36,92.19,1.79
2023-11-26 08:00:00,362.42,427.2,26.49,87.41,1.89
2023-11-26 09:00:00,451.25,613.38,27.99,79.24,2.2
2023-11-26 10:00:00,554.9,747.28,29.08,73.63,2.3
2023-11-26 11:00:00,545.4,811.1,29.65,71.1,2.37
2023-11-26 12:00:00,464.7,773.15,29.95,69.28,2.43
2023-11-26 13:00:00,371.67,687.47,29.98,68.31,2.43
2023-11-26 14:00:00,263.88,538.4,29.96,67.89,2.41
2023-11-26 15:00:00,177.05,346.05,29.79,68.23,2.32
2023-11-26 16:00:00,77.15,143.0,29.08,73.17,1.83
2023-11-26 17:00:00,7.28,12.05,27.58,84.02,1.22
2023-11-26 18:00:00,0.0,0.0,26.4,88.19,1.1
2023-11-26 19:00:00,0.0,0.0,25.99,88.62,1.26
2023-11-26 20:00:00,0.0,0.0,25.54,89.31,1.46
2023-11-26 21:00:00,0.0,0.0,25.11,90.42,1.64
2023-11-26 22:00:00,0.0,0.0,24.71,91.99,1.7
2023-11-26 23:00:00,0.0,0.0,24.4,93.41,1.75
2023-11-27 00:00:00,0.0,0.0,24.11,95.1,1.57
2023-11-27 01:00:00,0.0,0.0,23.85,96.59,1.27
2023-11-27 02:00:00,0.0,0.0,23.61,97.53,0.91
2023-11-27 03:00:00,0.0,0.0,23.43,97.83,0.74
2023-11-27 04:00:00,0.0,0.0,23.31,97.89,0.67
2023-11-27 05:00:00,0.0,0.0,23.19,97.95,0.61
2023-11-27 06:00:00,38.97,41.42,23.48,97.03,0.62
2023-11-27 07:00:00,185.57,218.85,24.94,90.41,1.18
2023-11-27 08:00:00,380.42,444.17,27.23,77.08,1.28
2023-11-27 09:00:00,504.83,633.2,29.49,66.27,1.1
2023-11-27 10:00:00,624.47,766.25,31.02,60.16,1.36
2023-11-27 11:00:00,541.85,829.75,32.09,55.91,1.81
2023-11-27 12:00:00,500.02,820.8,32.72,53.25,2.27
2023-11-27 13:00:00,646.53,732.38,32.93,52.02,2.56
2023-11-27 14:00:00,458.9,578.92,32.81,51.84,2.58
2023-11-27 15:00:00,276.62,377.23,32.34,52.83,2.41
2023-11-27 16:00:00,128.95,161.35,31.39,58.79,1.69
2023-11-27 17:00:00,12.1,13.3,29.45,73.39,0.96
2023-11-27 18:00:00,0.0,0.0,28.34,75.35,0.79
2023-11-27 19:00:00,0.0,0.0,28.19,73.79,0.76
2023-11-27 20:00:00,0.0,0.0,28.03,72.21,0.73
2023-11-27 21:00:00,0.0,0.0,27.74,71.94,0.68
2023-11-27 22:00:00,0.0,0.0,27.13,74.54,0.69
2023-11-27 23:00:00,0.0,0.0,26.29,79.15,0.72
2023-11-28 00:00:00,0.0,0.0,25.48,83.9,0.74
2023-11-28 01:00:00,0.0,0.0,24.81,87.26,0.77
2023-11-28 02:00:00,0.0,0.0,24.21,89.94,0.78
2023-11-28 03:00:00,0.0,0.0,23.78,92.07,0.78
2023-11-28 04:00:00,0.0,0.0,23.45,93.82,0.78
2023-11-28 05:00:00,0.0,0.0,23.19,95.29,0.76
2023-11-28 06:00:00,40.33,41.15,23.47,95.37,0.97
2023-11-28 07:00:00,212.93,220.68,25.24,87.82,1.72
2023-11-28 08:00:00,422.65,435.83,28.16,72.43,1.44
2023-11-28 09:00:00,607.22,621.83,30.38,63.17,0.58
2023-11-28 10:00:00,745.62,758.25,31.88,57.55,1.26
2023-11-28 11:00:00,808.88,821.72,32.73,54.58,1.79
2023-11-28 12:00:00,774.47,817.78,33.16,52.91,2.02
2023-11-28 13:00:00,650.47,732.35,33.29,52.15,2.14
2023-11-28 14:00:00,497.4,581.15,33.06,52.31,2.17
2023-11-28 15:00:00,321.15,376.5,32.54,53.53,2.09
2023-11-28 16:00:00,145.75,158.65,31.62,58.72,1.58
2023-11-28 17:00:00,12.82,13.23,29.64,72.86,0.95
2023-11-28 18:00:00,0.0,0.0,28.35,76.18,0.83
2023-11-28 19:00:00,0.0,0.0,27.95,76.09,0.84
2023-11-28 20:00:00,0.0,0.0,27.49,76.85,0.85
2023-11-28 21:00:00,0.0,0.0,26.94,78.47,0.86
2023-11-28 22:00:00,0.0,0.0,26.36,80.92,0.89
2023-11-28 23:00:00,0.0,0.0,25.76,83.67,0.9
2023-11-29 00:00:00,0.0,0.0,25.25,85.91,0.94
2023-11-29 01:00:00,0.0,0.0,24.8,87.7,0.98
2023-11-29 02:00:00,0.0,0.0,24.33,89.59,1.01
2023-11-29 03:00:00,0.0,0.0,23.92,91.39,1.01
2023-11-29 04:00:00,0.0,0.0,23.55,93.19,0.96
2023-11-29 05:00:00,0.0,0.0,23.21,95.01,0.86
2023-11-29 06:00:00,40.28,39.03,23.41,95.17,1.01
2023-11-29 07:00:00,192.82,213.1,25.0,88.93,1.51
2023-11-29 08:00:00,385.27,425.35,28.09,74.03,1.53
2023-11-29 09:00:00,559.33,611.92,30.39,64.36,1.14
2023-11-29 10:00:00,665.53,746.9,31.78,59.19,0.95
2023-11-29 11:00:00,724.88,810.85,32.69,55.36,1.64
2023-11-29 12:00:00,711.28,817.35,33.05,53.34,2.23
2023-11-29 13:00:00,638.22,727.33,33.07,52.71,2.55
2023-11-29 14:00:00,453.65,576.65,32.7,53.36,2.59
2023-11-29 15:00:00,296.08,374.7,32.03,55.51,2.42
2023-11-29 16:00:00,135.93,158.9,31.04,61.72,1.8
2023-11-29 17:00:00,12.75,13.32,29.21,74.58,1.07
2023-11-29 18:00:00,0.0,0.0,28.07,77.59,0.95
2023-11-29 19:00:00,0.0,0.0,27.55,79.23,0.93
2023-11-29 20:00:00,0.0,0.0,26.96,81.81,0.93
2023-11-29 21:00:00,0.0,0.0,26.41,84.24,0.97
2023-11-29 22:00:00,0.0,0.0,25.93,86.14,1.08
2023-11-29 23:00:00,0.0,0.0,25.51,87.77,1.21
2023-11-30 00:00:00,0.0,0.0,25.14,89.55,1.31
2023-11-30 01:00:00,0.0,0.0,24.76,91.51,1.32
2023-11-30 02:00:00,0.0,0.0,24.31,93.62,1.23
2023-11-30 03:00:00,0.0,0.0,23.68,97.11,1.03
2023-11-30 04:00:00,0.0,0.0,23.25,99.64,0.89
2023-11-30 05:00:00,0.0,0.0,22.96,100.0,0.82
2023-11-30 06:00:00,40.67,41.05,23.33,98.74,0.99
2023-11-30 07:00:00,218.57,220.38,25.31,89.4,1.94
2023-11-30 08:00:00,432.4,434.95,27.9,76.56,2.16
2023-11-30 09:00:00,620.85,622.58,29.95,67.74,1.64
2023-11-30 10:00:00,756.05,757.78,31.51,61.14,0.94
2023-11-30 11:00:00,826.38,828.03,32.74,55.61,1.25
2023-11-30 12:00:00,742.8,813.28,33.42,52.32,1.74
2023-11-30 13:00:00,676.9,727.85,33.7,50.51,2.12
2023-11-30 14:00:00,532.58,579.95,33.61,49.98,2.32
2023-11-30 15:00:00,346.25,381.5,33.13,50.78,2.34
2023-11-30 16:00:00,157.35,165.75,32.11,56.18,1.82
2023-11-30 17:00:00,13.23,13.7,29.81,71.97,0.99
2023-11-30 18:00:00,0.0,0.0,28.49,73.75,0.86
2023-11-30 19:00:00,0.0,0.0,28.29,72.28,0.77
2023-11-30 20:00:00,0.0,0.0,28.1,71.19,0.67
2023-11-30 21:00:00,0.0,0.0,27.93,70.13,0.58
2023-11-30 22:00:00,0.0,0.0,27.45,71.34,0.62
2023-11-30 23:00:00,0.0,0.0,26.5,76.08,0.7
2023-12-01 00:00:00,0.0,0.0,25.74,79.58,0.79
2023-12-01 01:00:00,0.0,0.0,25.0,83.26,0.85
2023-12-01 02:00:00,0.0,0.0,24.37,86.46,0.89
2023-12-01 03:00:00,0.0,0.0,23.78,89.67,0.91
2023-12-01 04:00:00,0.0,0.0,23.25,92.95,0.91
2023-12-01 05:00:00,0.0,0.0,22.82,95.91,0.91
2023-12-01 06:00:00,41.6,41.65,23.02,96.44,1.09
2023-12-01 07:00:00,226.5,227.1,24.87,89.05,1.87
2023-12-01 08:00:00,438.73,440.1,28.11,73.96,1.7
2023-12-01 09:00:00,620.9,622.92,30.73,63.03,1.16
2023-12-01 10:00:00,748.8,751.4,32.5,55.16,0.65
2023-12-01 11:00:00,815.2,818.3,33.71,49.49,1.86
2023-12-01 12:00:00,841.15,844.9,34.33,46.81,2.51
2023-12-01 13:00:00,761.05,763.75,34.53,45.54,2.85
2023-12-01 14:00:00,608.62,612.53,34.29,45.54,2.97
2023-12-01 15:00:00,404.3,408.42,33.55,47.15,2.91
2023-12-01 16:00:00,183.27,185.3,32.2,53.6,2.25
2023-12-01 17:00:00,15.62,15.75,29.6,69.35,1.27
2023-12-01 18:00:00,0.0,0.0,27.85,74.01,1.07
2023-12-01 19:00:00,0.0,0.0,27.15,75.34,1.02
2023-12-01 20:00:00,0.0,0.0,26.49,76.57,0.98
2023-12-01 21:00:00,0.0,0.0,25.91,77.67,0.96
2023-12-01 22:00:00,0.0,0.0,25.39,78.88,0.93
2023-12-01 23:00:00,0.0,0.0,24.82,80.52,0.91
2023-12-02 00:00:00,0.0,0.0,24.22,82.54,0.9
2023-12-02 01:00:00,0.0,0.0,23.64,84.87,0.88
2023-12-02 02:00:00,0.0,0.0,23.14,87.1,0.84
2023-12-02 03:00:00,0.0,0.0,22.73,88.94,0.83
2023-12-02 04:00:00,0.0,0.0,22.38,90.82,0.83
2023-12-02 05:00:00,0.0,0.0,22.13,93.62,0.82
2023-12-02 06:00:00,43.47,43.5,22.6,93.73,0.67
2023-12-02 07:00:00,237.18,237.38,24.5,86.01,0.7
2023-12-02 08:00:00,456.12,456.45,27.76,71.28,0.55
2023-12-02 09:00:00,647.4,647.75,30.31,60.36,0.15
2023-12-02 10:00:00,785.3,785.67,32.32,50.42,0.96
2023-12-02 11:00:00,850.53,850.9,33.48,45.29,1.68
2023-12-02 12:00:00,838.2,848.2,34.12,42.61,2.21
2023-12-02 13:00:00,641.0,765.85,34.35,41.04,2.64
2023-12-02 14:00:00,581.4,614.22,34.13,40.15,2.87
2023-12-02 15:00:00,389.83,413.25,33.38,41.15,2.84
2023-12-02 16:00:00,178.68,187.23,31.9,48.11,2.08
2023-12-02 17:00:00,15.82,16.17,28.79,65.39,1.22
2023-12-02 18:00:00,0.0,0.0,26.84,68.64,1.11
2023-12-02 19:00:00,0.0,0.0,26.23,68.3,1.09
2023-12-02 20:00:00,0.0,0.0,25.87,66.89,1.09
2023-12-02 21:00:00,0.0,0.0,25.62,65.41,1.08
2023-12-02 22:00:00,0.0,0.0,25.22,65.64,1.09
2023-12-02 23:00:00,0.0,0.0,24.59,67.71,1.08
2023-12-03 00:00:00,0.0,0.0,23.8,71.12,1.05
2023-12-03 01:00:00,0.0,0.0,22.91,75.05,1.02
2023-12-03 02:00:00,0.0,0.0,21.97,79.32,1.02
2023-12-03 03:00:00,0.0,0.0,21.16,82.79,1.06
2023-12-03 04:00:00,0.0,0.0,20.54,85.31,1.12
2023-12-03 05:00:00,0.0,0.0,20.06,87.19,1.17
2023-12-03 06:00:00,43.9,44.22,20.19,87.14,1.29
2023-12-03 07:00:00,243.55,245.5,22.03,77.36,2.29
2023-12-03 08:00:00,470.83,472.58,24.29,69.54,1.7
2023-12-03 09:00:00,668.3,668.95,27.48,56.17,1.55
2023-12-03 10:00:00,804.6,808.08,30.56,43.58,1.64
2023-12-03 11:00:00,873.47,874.92,33.15,33.54,2.3
2023-12-03 12:00:00,886.33,887.0,34.18,30.56,2.83
2023-12-03 13:00:00,800.28,801.47,34.45,29.58,3.11
2023-12-03 14:00:00,638.85,647.28,34.17,29.85,3.12
2023-12-03 15:00:00,431.98,439.35,33.33,32.6,2.77
2023-12-03 16:00:00,201.12,204.2,31.91,38.9,1.96
2023-12-03 17:00:00,18.05,18.2,28.48,59.12,1.11
2023-12-03 18:00:00,0.0,0.0,27.15,56.08,1.09
2023-12-03 19:00:00,0.0,0.0,27.1,52.91,1.04
2023-12-03 20:00:00,0.0,0.0,26.86,51.46,1.02
2023-12-03 21:00:00,0.0,0.0,26.38,51.61,1.03
2023-12-03 22:00:00,0.0,0.0,25.91,51.82,1.01
2023-12-03 23:00:00,0.0,0.0,25.56,51.53,0.9
2023-12-04 00:00:00,0.0,0.0,25.29,50.78,0.65
2023-12-04 01:00:00,0.0,0.0,25.12,49.35,0.24
2023-12-04 02:00:00,0.0,0.0,23.67,55.0,0.49
2023-12-04 03:00:00,0.0,0.0,21.86,63.37,0.87
2023-12-04 04:00:00,0.0,0.0,20.28,70.85,1.0
2023-12-04 05:00:00,0.0,0.0,19.24,75.34,1.01
2023-12-04 06:00:00,40.75,40.97,19.02,79.15,0.97
2023-12-04 07:00:00,237.62,241.07,21.88,64.83,2.02
2023-12-04 08:00:00,463.77,469.67,24.07,59.08,1.93
2023-12-04 09:00:00,661.9,668.58,27.54,49.18,1.89
2023-12-04 10:00:00,805.0,807.0,30.89,37.05,2.24
2023-12-04 11:00:00,876.15,876.92,33.17,28.14,2.81
2023-12-04 12:00:00,901.58,902.6,34.01,25.34,3.15
2023-12-04 13:00:00,817.7,818.33,34.17,23.92,3.3
2023-12-04 14:00:00,662.92,663.38,33.75,24.02,3.19
2023-12-04 15:00:00,452.3,453.0,32.77,27.18,2.62
2023-12-04 16:00:00,213.57,214.0,30.95,34.3,1.74
2023-12-04 17:00:00,19.88,19.92,27.4,56.17,1.05
2023-12-04 18:00:00,0.0,0.0,26.35,50.66,1.11
2023-12-04 19:00:00,0.0,0.0,26.22,48.07,1.05
2023-12-04 20:00:00,0.0,0.0,26.1,45.82,1.01
2023-12-04 21:00:00,0.0,0.0,25.78,45.08,0.92
2023-12-04 22:00:00,0.0,0.0,25.91,41.32,0.85
2023-12-04 23:00:00,0.0,0.0,25.56,40.28,0.68
2023-12-05 00:00:00,0.0,0.0,25.29,38.32,0.5
2023-12-05 01:00:00,0.0,0.0,24.48,39.06,0.39
2023-12-05 02:00:00,0.0,0.0,22.79,44.65,0.67
2023-12-05 03:00:00,0.0,0.0,20.87,54.04,0.91
2023-12-05 04:00:00,0.0,0.0,19.47,59.93,1.04
2023-12-05 05:00:00,0.0,0.0,18.33,64.84,1.07
2023-12-05 06:00:00,45.22,45.22,17.98,69.93,0.97
2023-12-05 07:00:00,252.73,252.73,20.62,58.14,1.45
2023-12-05 08:00:00,484.23,484.23,22.7,51.7,1.25
2023-12-05 09:00:00,678.05,678.05,26.19,42.88,0.84
2023-12-05 10:00:00,813.55,813.55,29.28,35.24,0.53
2023-12-05 11:00:00,879.97,879.97,32.76,26.59,1.21
2023-12-05 12:00:00,901.85,901.85,33.94,25.1,1.86
2023-12-05 13:00:00,815.12,815.12,34.16,25.42,2.09
2023-12-05 14:00:00,658.88,659.08,33.93,26.54,2.17
2023-12-05 15:00:00,448.83,449.1,33.18,28.72,2.06
2023-12-05 16:00:00,210.9,211.12,31.94,34.1,1.46
2023-12-05 17:00:00,19.73,19.75,28.88,48.8,0.99
2023-12-05 18:00:00,0.0,0.0,27.42,47.82,0.89
2023-12-05 19:00:00,0.0,0.0,27.28,45.38,0.78
2023-12-05 20:00:00,0.0,0.0,26.98,44.31,0.66
2023-12-05 21:00:00,0.0,0.0,26.54,43.89,0.64
2023-12-05 22:00:00,0.0,0.0,25.9,45.09,0.71
2023-12-05 23:00:00,0.0,0.0,25.26,46.43,0.76
2023-12-06 00:00:00,0.0,0.0,24.63,47.98,0.73
2023-12-06 01:00:00,0.0,0.0,24.1,49.3,0.61
2023-12-06 02:00:00,0.0,0.0,23.54,50.91,0.4
2023-12-06 03:00:00,0.0,0.0,22.88,53.09,0.21
2023-12-06 04:00:00,0.0,0.0,22.29,55.11,0.23
2023-12-06 05:00:00,0.0,0.0,21.63,57.35,0.43
2023-12-06 06:00:00,38.05,38.55,21.04,63.24,0.61
2023-12-06 07:00:00,221.93,231.68,22.51,60.57,0.99
2023-12-06 08:00:00,436.52,456.98,24.38,54.5,1.11
2023-12-06 09:00:00,629.7,658.1,27.75,46.73,0.69
2023-12-06 10:00:00,754.25,794.45,31.62,36.02,0.77
2023-12-06 11:00:00,805.53,858.88,33.52,32.58,1.71
2023-12-06 12:00:00,787.17,858.28,34.15,31.86,2.08
2023-12-06 13:00:00,725.05,771.0,34.33,31.92,2.32
2023-12-06 14:00:00,580.05,616.22,34.07,32.49,2.43
2023-12-06 15:00:00,382.95,410.23,33.25,34.68,2.36
2023-12-06 16:00:00,177.45,183.7,31.73,41.56,1.71
2023-12-06 17:00:00,16.55,16.77,28.59,60.45,1.04
2023-12-06 18:00:00,0.0,0.0,27.04,60.88,1.06
2023-12-06 19:00:00,0.0,0.0,26.43,61.33,1.05
2023-12-06 20:00:00,0.0,0.0,25.83,61.69,1.05
2023-12-06 21:00:00,0.0,0.0,25.2,62.39,1.07
2023-12-06 22:00:00,0.0,0.0,24.45,64.41,1.06
2023-12-06 23:00:00,0.0,0.0,23.59,67.27,1.07
2023-12-07 00:00:00,0.0,0.0,22.68,70.82,1.09
2023-12-07 01:00:00,0.0,0.0,21.79,74.67,1.1
2023-12-07 02:00:00,0.0,0.0,21.01,78.11,1.1
2023-12-07 03:00:00,0.0,0.0,20.48,80.57,1.1
2023-12-07 04:00:00,0.0,0.0,20.04,82.56,1.08
2023-12-07 05:00:00,0.0,0.0,19.67,84.3,1.04
2023-12-07 06:00:00,34.58,34.6,19.86,85.18,1.08
2023-12-07 07:00:00,206.3,206.75,22.12,74.42,2.23
2023-12-07 08:00:00,417.77,418.35,24.64,67.61,1.92
2023-12-07 09:00:00,626.2,626.72,28.5,52.45,1.96
2023-12-07 10:00:00,763.42,764.92,31.69,41.2,2.22
2023-12-07 11:00:00,827.85,830.25,33.13,37.43,2.42
2023-12-07 12:00:00,848.72,854.53,33.88,34.97,2.71
2023-12-07 13:00:00,766.7,769.53,34.15,32.86,3.0
2023-12-07 14:00:00,615.4,616.38,33.9,31.66,3.18
2023-12-07 15:00:00,410.48,411.25,33.12,32.11,3.14
2023-12-07 16:00:00,191.32,191.8,31.48,38.65,2.34
2023-12-07 17:00:00,17.55,17.55,27.56,58.2,1.34
2023-12-07 18:00:00,0.0,0.0,25.33,61.41,1.28
2023-12-07 19:00:00,0.0,0.0,24.62,61.83,1.24
2023-12-07 20:00:00,0.0,0.0,24.23,61.08,1.21
2023-12-07 21:00:00,0.0,0.0,23.99,59.91,1.2
2023-12-07 22:00:00,0.0,0.0,23.61,59.77,1.2
2023-12-07 23:00:00,0.0,0.0,23.01,61.67,1.18
2023-12-08 00:00:00,0.0,0.0,22.22,64.43,1.15
2023-12-08 01:00:00,0.0,0.0,21.36,68.12,1.1
2023-12-08 02:00:00,0.0,0.0,20.38,73.12,1.04
2023-12-08 03:00:00,0.0,0.0,19.7,77.3,1.04
2023-12-08 04:00:00,0.0,0.0,19.29,80.12,1.04
2023-12-08 05:00:00,0.0,0.0,18.81,82.6,1.03
2023-12-08 06:00:00,30.48,30.98,18.87,83.8,1.08
2023-12-08 07:00:00,181.12,195.3,21.04,72.55,2.23
2023-12-08 08:00:00,378.6,406.6,23.52,64.12,1.9
2023-12-08 09:00:00,553.9,597.4,26.68,51.68,2.08
2023-12-08 10:00:00,675.47,730.15,29.41,42.16,2.33
2023-12-08 11:00:00,718.4,795.28,31.11,37.84,2.57
2023-12-08 12:00:00,762.25,828.92,32.18,34.0,2.89
2023-12-08 13:00:00,644.5,747.9,32.47,31.41,3.2
2023-12-08 14:00:00,521.0,599.65,31.96,31.15,3.26
2023-12-08 15:00:00,342.75,400.67,30.67,35.19,2.78
2023-12-08 16:00:00,159.65,180.68,28.73,45.83,1.85
2023-12-08 17:00:00,17.1,16.98,26.25,62.19,1.09
2023-12-08 18:00:00,0.0,0.0,25.31,64.33,0.98
2023-12-08 19:00:00,0.0,0.0,25.14,63.7,0.89
2023-12-08 20:00:00,0.0,0.0,25.05,62.04,0.83
2023-12-08 21:00:00,0.0,0.0,24.98,59.95,0.79
2023-12-08 22:00:00,0.0,0.0,24.87,58.11,0.78
2023-12-08 23:00:00,0.0,0.0,24.62,56.45,0.78
2023-12-09 00:00:00,0.0,0.0,24.05,57.0,0.78
2023-12-09 01:00:00,0.0,0.0,22.75,62.8,0.91
2023-12-09 02:00:00,0.0,0.0,21.25,70.46,1.0
2023-12-09 03:00:00,0.0,0.0,20.36,74.09,1.06
2023-12-09 04:00:00,0.0,0.0,19.84,76.26,1.08
2023-12-09 05:00:00,0.0,0.0,19.34,78.26,1.05
2023-12-09 06:00:00,32.47,32.7,19.25,79.79,1.06
2023-12-09 07:00:00,210.4,214.25,21.46,67.31,2.22
2023-12-09 08:00:00,428.02,429.75,23.63,60.81,1.98
2023-12-09 09:00:00,620.88,621.05,26.9,48.06,2.17
2023-12-09 10:00:00,757.35,757.45,29.92,37.43,2.37
2023-12-09 11:00:00,824.8,824.88,32.35,29.98,2.71
2023-12-09 12:00:00,872.1,872.12,33.45,27.92,2.88
2023-12-09 13:00:00,789.2,789.2,33.89,27.25,3.06
2023-12-09 14:00:00,637.95,638.5,33.7,27.5,3.23
2023-12-09 15:00:00,433.67,434.5,33.0,28.81,3.2
2023-12-09 16:00:00,203.7,204.35,31.05,37.87,2.16
2023-12-09 17:00:00,20.02,20.12,27.34,56.23,1.31
2023-12-09 18:00:00,0.0,0.0,25.57,59.34,1.24
2023-12-09 19:00:00,0.0,0.0,24.84,60.47,1.19
2023-12-09 20:00:00,0.0,0.0,24.31,60.69,1.13
2023-12-09 21:00:00,0.0,0.0,23.94,59.85,1.11
2023-12-09 22:00:00,0.0,0.0,23.48,57.92,1.15
2023-12-09 23:00:00,0.0,0.0,22.47,58.13,1.2
2023-12-10 00:00:00,0.0,0.0,21.11,61.43,1.28
2023-12-10 01:00:00,0.0,0.0,19.93,63.59,1.48
2023-12-10 02:00:00,0.0,0.0,18.9,65.46,1.7
2023-12-10 03:00:00,0.0,0.0,17.75,69.04,1.69
2023-12-10 04:00:00,0.0,0.0,16.67,73.45,1.48
2023-12-10 05:00:00,0.0,0.0,15.76,77.54,1.26
2023-12-10 06:00:00,36.22,36.55,15.57,78.98,1.29
2023-12-10 07:00:00,225.32,236.05,17.59,67.31,2.26
2023-12-10 08:00:00,439.08,465.8,20.34,61.29,1.55
2023-12-10 09:00:00,640.35,663.08,24.82,46.34,1.59
2023-12-10 10:00:00,783.05,803.85,28.75,32.16,2.33
2023-12-10 11:00:00,844.42,874.47,31.94,22.41,2.84
2023-12-10 12:00:00,877.25,897.8,33.22,20.58,2.71
2023-12-10 13:00:00,801.38,813.33,33.59,20.45,2.51
2023-12-10 14:00:00,658.42,660.85,33.42,21.03,2.35
2023-12-10 15:00:00,449.67,451.62,32.64,23.21,2.06
2023-12-10 16:00:00,214.32,215.43,31.22,28.32,1.38
2023-12-10 17:00:00,21.98,22.05,27.65,47.48,0.93
2023-12-10 18:00:00,0.0,0.0,26.05,44.07,1.05
2023-12-10 19:00:00,0.0,0.0,25.4,43.8,1.04
2023-12-10 20:00:00,0.0,0.0,25.01,42.71,1.02
2023-12-10 21:00:00,0.0,0.0,24.68,41.69,0.99
2023-12-10 22:00:00,0.0,0.0,24.19,41.5,0.99
2023-12-10 23:00:00,0.0,0.0,23.47,42.49,1.03
2023-12-11 00:00:00,0.0,0.0,22.44,45.09,1.11
2023-12-11 01:00:00,0.0,0.0,20.98,49.96,1.22
2023-12-11 02:00:00,0.0,0.0,19.2,57.03,1.28
2023-12-11 03:00:00,0.0,0.0,17.6,63.91,1.26
2023-12-11 04:00:00,0.0,0.0,16.56,68.04,1.25
2023-12-11 05:00:00,0.0,0.0,15.84,70.92,1.25
2023-12-11 06:00:00,35.78,36.17,15.88,73.06,1.22
2023-12-11 07:00:00,229.7,236.25,19.41,57.33,2.34
2023-12-11 08:00:00,454.2,466.83,22.07,51.68,1.96
2023-12-11 09:00:00,646.35,665.65,26.09,42.89,1.59
2023-12-11 10:00:00,792.58,807.05,30.29,30.47,1.74
2023-12-11 11:00:00,866.78,877.28,32.57,25.68,2.15
2023-12-11 12:00:00,883.4,892.33,33.4,24.77,2.43
2023-12-11 13:00:00,805.67,809.9,33.72,24.13,2.74
2023-12-11 14:00:00,649.08,658.15,33.52,24.33,2.93
2023-12-11 15:00:00,444.48,451.77,32.78,25.9,2.8
2023-12-11 16:00:00,213.65,215.75,31.13,33.6,1.88
2023-12-11 17:00:00,22.48,22.55,26.85,55.22,1.14
2023-12-11 18:00:00,0.0,0.0,24.41,56.56,1.27
2023-12-11 19:00:00,0.0,0.0,23.22,58.64,1.35
2023-12-11 20:00:00,0.0,0.0,22.2,60.47,1.42
2023-12-11 21:00:00,0.0,0.0,21.31,62.44,1.47
2023-12-11 22:00:00,0.0,0.0,20.46,64.66,1.5
2023-12-11 23:00:00,0.0,0.0,19.66,67.24,1.56
2023-12-12 00:00:00,0.0,0.0,18.88,70.41,1.62
2023-12-12 01:00:00,0.0,0.0,18.11,74.24,1.7
2023-12-12 02:00:00,0.0,0.0,17.37,78.48,1.8
2023-12-12 03:00:00,0.0,0.0,16.71,82.57,2.0
2023-12-12 04:00:00,0.0,0.0,16.17,86.18,2.29
2023-12-12 05:00:00,0.0,0.0,15.62,89.4,2.57
2023-12-12 06:00:00,34.08,34.1,15.4,89.84,3.07
2023-12-12 07:00:00,230.23,230.43,17.03,80.38,3.69
2023-12-12 08:00:00,452.85,453.1,20.43,65.42,3.55
2023-12-12 09:00:00,650.3,650.53,24.78,44.36,4.61
2023-12-12 10:00:00,791.4,791.55,28.09,32.77,5.56
2023-12-12 11:00:00,862.42,862.5,30.26,26.68,5.77
2023-12-12 12:00:00,850.85,850.85,31.36,25.07,5.37
2023-12-12 13:00:00,768.05,768.05,31.81,24.82,4.89
2023-12-12 14:00:00,614.78,614.78,31.67,25.37,4.44
2023-12-12 15:00:00,409.62,410.05,30.85,27.36,3.93
2023-12-12 16:00:00,189.4,189.82,28.84,37.76,2.59
2023-12-12 17:00:00,19.27,19.33,24.58,57.89,1.49
2023-12-12 18:00:00,0.0,0.0,22.25,62.09,1.52
2023-12-12 19:00:00,0.0,0.0,21.33,63.92,1.51
2023-12-12 20:00:00,0.0,0.0,20.53,65.48,1.46
2023-12-12 21:00:00,0.0,0.0,19.83,66.61,1.41
2023-12-12 22:00:00,0.0,0.0,19.15,67.69,1.4
2023-12-12 23:00:00,0.0,0.0,18.42,69.11,1.45
2023-12-13 00:00:00,0.0,0.0,17.69,70.45,1.62
2023-12-13 01:00:00,0.0,0.0,17.02,71.02,2.0
2023-12-13 02:00:00,0.0,0.0,16.29,71.2,2.41
2023-12-13 03:00:00,0.0,0.0,15.37,72.06,2.57
2023-12-13 04:00:00,0.0,0.0,14.44,73.45,2.5
2023-12-13 05:00:00,0.0,0.0,13.68,74.86,2.41
2023-12-13 06:00:00,31.77,31.73,13.42,74.84,2.62
2023-12-13 07:00:00,226.68,226.98,15.02,67.52,3.24
2023-12-13 08:00:00,441.73,442.17,18.04,59.5,2.6
2023-12-13 09:00:00,642.65,643.15,22.62,45.4,2.93
2023-12-13 10:00:00,786.88,787.35,26.74,32.05,4.08
2023-12-13 11:00:00,858.0,858.38,29.75,24.12,4.33
2023-12-13 12:00:00,842.2,842.4,31.0,22.78,3.87
2023-12-13 13:00:00,755.33,755.35,31.43,22.58,3.47
2023-12-13 14:00:00,595.95,596.0,31.33,22.94,3.2
2023-12-13 15:00:00,385.62,385.7,30.61,24.65,2.99
2023-12-13 16:00:00,181.95,182.0,28.82,32.9,2.13
2023-12-13 17:00:00,18.1,18.1,24.35,55.2,1.3
2023-12-13 18:00:00,0.0,0.0,21.96,58.08,1.42
2023-12-13 19:00:00,0.0,0.0,21.02,59.73,1.49
2023-12-13 20:00:00,0.0,0.0,20.23,61.42,1.52
2023-12-13 21:00:00,0.0,0.0,19.54,63.22,1.53
2023-12-13 22:00:00,0.0,0.0,18.92,65.11,1.51
2023-12-13 23:00:00,0.0,0.0,18.34,67.27,1.47
2023-12-14 00:00:00,0.0,0.0,17.78,69.73,1.44
2023-12-14 01:00:00,0.0,0.0,17.23,72.24,1.44
2023-12-14 02:00:00,0.0,0.0,16.69,74.57,1.5
2023-12-14 03:00:00,0.0,0.0,16.2,76.25,1.67
2023-12-14 04:00:00,0.0,0.0,15.76,77.39,1.91
2023-12-14 05:00:00,0.0,0.0,15.31,78.33,2.11
2023-12-14 06:00:00,25.73,25.73,15.19,77.51,2.46
2023-12-14 07:00:00,191.1,191.12,16.75,69.37,3.21
2023-12-14 08:00:00,382.77,382.85,19.59,60.78,2.69
2023-12-14 09:00:00,574.1,574.15,23.89,44.37,3.52
2023-12-14 10:00:00,714.53,714.58,27.31,34.33,4.08
2023-12-14 11:00:00,786.47,786.53,30.21,25.9,4.09
2023-12-14 12:00:00,799.3,799.33,31.47,24.35,3.54
2023-12-14 13:00:00,715.22,715.22,32.02,24.21,3.02
2023-12-14 14:00:00,562.35,562.5,31.93,24.82,2.67
2023-12-14 15:00:00,362.52,362.75,31.32,26.72,2.43
2023-12-14 16:00:00,167.05,167.2,29.69,34.79,1.68
2023-12-14 17:00:00,17.17,17.2,25.7,56.62,1.1
2023-12-14 18:00:00,0.0,0.0,23.55,58.31,1.25
2023-12-14 19:00:00,0.0,0.0,22.61,59.88,1.3
2023-12-14 20:00:00,0.0,0.0,21.88,61.32,1.32
2023-12-14 21:00:00,0.0,0.0,21.28,62.7,1.32
2023-12-14 22:00:00,0.0,0.0,20.74,64.1,1.29
2023-12-14 23:00:00,0.0,0.0,20.17,65.96,1.27
2023-12-15 00:00:00,0.0,0.0,19.54,68.28,1.27
2023-12-15 01:00:00,0.0,0.0,18.88,70.67,1.34
2023-12-15 02:00:00,0.0,0.0,18.29,72.55,1.55
2023-12-15 03:00:00,0.0,0.0,17.78,74.15,1.84
2023-12-15 04:00:00,0.0,0.0,17.29,75.94,2.09
2023-12-15 05:00:00,0.0,0.0,16.8,77.79,2.24
2023-12-15 06:00:00,24.48,24.48,16.61,78.27,2.52
2023-12-15 07:00:00,192.45,192.5,17.91,72.06,3.22
2023-12-15 08:00:00,373.9,374.0,20.25,64.98,2.59
2023-12-15 09:00:00,566.62,566.7,24.15,49.61,3.03
2023-12-15 10:00:00,710.7,710.78,27.44,38.73,3.63
2023-12-15 11:00:00,784.42,784.47,30.37,30.0,4.0
2023-12-15 12:00:00,773.67,773.7,31.84,27.43,4.07
2023-12-15 13:00:00,688.35,688.38,32.33,27.01,4.09
2023-12-15 14:00:00,536.62,536.65,32.14,27.81,4.05
2023-12-15 15:00:00,340.33,340.4,31.39,30.07,3.81
2023-12-15 16:00:00,155.68,155.73,29.37,41.79,2.35
2023-12-15 17:00:00,16.7,16.73,25.53,60.57,1.32
2023-12-15 18:00:00,0.0,0.0,23.67,63.99,1.25
2023-12-15 19:00:00,0.0,0.0,23.04,64.89,1.22
2023-12-15 20:00:00,0.0,0.0,22.5,65.41,1.23
2023-12-15 21:00:00,0.0,0.0,21.9,66.39,1.26
2023-12-15 22:00:00,0.0,0.0,21.27,67.92,1.28
2023-12-15 23:00:00,0.0,0.0,20.57,70.29,1.28
2023-12-16 00:00:00,0.0,0.0,19.82,73.07,1.29
2023-12-16 01:00:00,0.0,0.0,19.13,75.05,1.44
2023-12-16 02:00:00,0.0,0.0,18.47,75.74,1.69
2023-12-16 03:00:00,0.0,0.0,17.85,75.81,1.91
2023-12-16 04:00:00,0.0,0.0,17.26,76.06,2.02
2023-12-16 05:00:00,0.0,0.0,16.74,76.92,2.1
2023-12-16 06:00:00,23.85,23.95,16.67,76.08,2.56
2023-12-16 07:00:00,190.15,191.48,18.16,69.15,3.36
2023-12-16 08:00:00,369.6,371.73,20.92,61.61,2.71
2023-12-16 09:00:00,564.58,566.72,25.15,46.85,3.3
2023-12-16 10:00:00,693.03,717.9,28.62,37.75,3.72
2023-12-16 11:00:00,786.08,794.03,31.58,30.57,4.05
2023-12-16 12:00:00,700.53,789.42,32.91,28.83,3.91
2023-12-16 13:00:00,584.78,707.65,33.44,28.44,3.81
2023-12-16 14:00:00,436.42,557.4,33.37,28.93,3.66
2023-12-16 15:00:00,290.6,359.52,32.49,31.12,3.38
2023-12-16 16:00:00,142.32,157.32,30.52,41.07,2.31
2023-12-16 17:00:00,17.88,17.8,26.52,60.11,1.4
2023-12-16 18:00:00,0.0,0.0,24.37,63.78,1.4
2023-12-16 19:00:00,0.0,0.0,23.55,65.05,1.35
2023-12-16 20:00:00,0.0,0.0,22.95,65.59,1.29
2023-12-16 21:00:00,0.0,0.0,22.5,65.63,1.27
2023-12-16 22:00:00,0.0,0.0,22.15,66.03,1.24
2023-12-16 23:00:00,0.0,0.0,21.74,67.45,1.22
2023-12-17 00:00:00,0.0,0.0,21.28,68.79,1.32
2023-12-17 01:00:00,0.0,0.0,20.75,69.15,1.61
2023-12-17 02:00:00,0.0,0.0,19.96,70.4,1.9
2023-12-17 03:00:00,0.0,0.0,18.95,73.45,1.93
2023-12-17 04:00:00,0.0,0.0,18.17,76.03,1.88
2023-12-17 05:00:00,0.0,0.0,17.58,77.7,1.9
2023-12-17 06:00:00,22.2,22.12,17.55,77.04,2.24
2023-12-17 07:00:00,164.75,166.43,19.51,67.71,3.36
2023-12-17 08:00:00,350.98,366.3,22.41,59.2,3.06
2023-12-17 09:00:00,528.17,560.33,26.4,44.05,3.5
2023-12-17 10:00:00,555.2,705.78,29.79,33.74,4.04
2023-12-17 11:00:00,600.1,782.35,32.17,28.55,4.21
2023-12-17 12:00:00,633.05,800.05,33.22,26.73,4.15
2023-12-17 13:00:00,672.35,721.25,33.6,25.72,4.09
2023-12-17 14:00:00,567.53,573.75,33.37,25.67,3.97
2023-12-17 15:00:00,367.67,376.38,32.48,27.14,3.74
2023-12-17 16:00:00,165.6,167.68,30.44,35.91,2.67
2023-12-17 17:00:00,19.25,18.83,26.33,53.55,1.63
2023-12-17 18:00:00,0.0,0.0,24.19,56.95,1.61
2023-12-17 19:00:00,0.0,0.0,23.36,58.32,1.54
2023-12-17 20:00:00,0.0,0.0,22.73,59.6,1.43
2023-12-17 21:00:00,0.0,0.0,22.35,60.71,1.32
2023-12-17 22:00:00,0.0,0.0,22.06,61.72,1.26
2023-12-17 23:00:00,0.0,0.0,21.4,63.07,1.23
2023-12-18 00:00:00,0.0,0.0,20.41,65.17,1.26
2023-12-18 01:00:00,0.0,0.0,19.68,67.07,1.4
2023-12-18 02:00:00,0.0,0.0,19.11,67.62,1.73
2023-12-18 03:00:00,0.0,0.0,18.47,68.46,2.0
2023-12-18 04:00:00,0.0,0.0,17.61,70.34,2.08
2023-12-18 05:00:00,0.0,0.0,16.73,72.33,2.1
2023-12-18 06:00:00,26.1,26.2,16.31,72.54,2.38
2023-12-18 07:00:00,204.15,205.98,18.07,63.26,3.35
2023-12-18 08:00:00,425.65,429.17,21.01,54.88,2.84
2023-12-18 09:00:00,631.0,633.12,25.35,37.08,3.92
2023-12-18 10:00:00,780.15,781.45,28.77,26.27,5.03
2023-12-18 11:00:00,859.17,859.55,31.21,20.59,5.52
2023-12-18 12:00:00,882.78,882.95,32.44,19.58,5.26
2023-12-18 13:00:00,804.95,804.97,32.9,19.78,4.86
2023-12-18 14:00:00,656.4,656.8,32.75,20.64,4.42
2023-12-18 15:00:00,452.2,452.8,31.9,22.82,3.81
2023-12-18 16:00:00,220.1,220.6,29.83,34.35,2.22
2023-12-18 17:00:00,25.77,25.85,25.6,54.78,1.26
2023-12-18 18:00:00,0.0,0.0,23.53,56.51,1.25
2023-12-18 19:00:00,0.0,0.0,22.86,56.91,1.25
2023-12-18 20:00:00,0.0,0.0,22.41,56.47,1.26
2023-12-18 21:00:00,0.0,0.0,21.97,56.52,1.29
2023-12-18 22:00:00,0.0,0.0,21.08,58.59,1.32
2023-12-18 23:00:00,0.0,0.0,20.1,60.55,1.47
2023-12-19 00:00:00,0.0,0.0,19.35,60.13,1.85
2023-12-19 01:00:00,0.0,0.0,18.31,60.78,2.21
2023-12-19 02:00:00,0.0,0.0,17.27,62.4,2.43
2023-12-19 03:00:00,0.0,0.0,16.38,63.65,2.63
2023-12-19 04:00:00,0.0,0.0,15.48,65.3,2.65
2023-12-19 05:00:00,0.0,0.0,14.77,66.61,2.63
2023-12-19 06:00:00,26.77,27.08,14.58,65.76,2.84
2023-12-19 07:00:00,209.32,213.23,16.44,56.97,3.58
2023-12-19 08:00:00,427.15,439.23,19.75,48.42,3.33
2023-12-19 09:00:00,627.45,639.53,24.43,32.3,4.94
2023-12-19 10:00:00,774.4,784.35,27.74,25.27,5.59
2023-12-19 11:00:00,851.65,858.62,30.1,22.1,5.44
2023-12-19 12:00:00,860.05,863.42,31.66,21.02,5.01
2023-12-19 13:00:00,783.35,783.35,32.4,21.15,4.47
2023-12-19 14:00:00,632.15,632.33,32.45,21.93,3.92
2023-12-19 15:00:00,426.85,427.12,31.83,23.78,3.4
2023-12-19 16:00:00,201.5,201.7,29.98,33.4,2.14
2023-12-19 17:00:00,23.15,23.17,25.6,54.75,1.23
2023-12-19 18:00:00,0.0,0.0,23.51,56.2,1.28
2023-12-19 19:00:00,0.0,0.0,22.86,56.67,1.28
2023-12-19 20:00:00,0.0,0.0,22.44,56.54,1.28
2023-12-19 21:00:00,0.0,0.0,21.95,57.42,1.27
2023-12-19 22:00:00,0.0,0.0,20.93,60.68,1.3
2023-12-19 23:00:00,0.0,0.0,19.8,62.55,1.56
2023-12-20 00:00:00,0.0,0.0,18.83,62.24,2.12
2023-12-20 01:00:00,0.0,0.0,17.9,62.36,2.68
2023-12-20 02:00:00,0.0,0.0,16.94,63.62,2.84
2023-12-20 03:00:00,0.0,0.0,16.07,65.35,2.75
2023-12-20 04:00:00,0.0,0.0,15.4,66.35,2.74
2023-12-20 05:00:00,0.0,0.0,14.82,66.75,2.8
2023-12-20 06:00:00,23.5,23.52,14.61,65.4,3.05
2023-12-20 07:00:00,200.25,200.27,16.3,57.01,3.76
2023-12-20 08:00:00,407.42,407.5,19.47,47.84,3.55
2023-12-20 09:00:00,612.6,612.67,23.95,31.29,5.33
2023-12-20 10:00:00,764.03,764.1,27.23,24.2,5.93
2023-12-20 11:00:00,844.65,844.7,29.54,21.75,5.72
2023-12-20 12:00:00,858.8,858.83,30.99,21.06,5.27
2023-12-20 13:00:00,782.8,782.8,31.72,21.13,4.8
2023-12-20 14:00:00,635.67,635.85,31.79,21.8,4.32
2023-12-20 15:00:00,433.1,433.38,31.2,23.48,3.8
2023-12-20 16:00:00,208.68,208.9,29.23,34.5,2.27
2023-12-20 17:00:00,25.05,25.08,24.92,54.06,1.29
2023-12-20 18:00:00,0.0,0.0,22.89,55.41,1.31
2023-12-20 19:00:00,0.0,0.0,22.21,55.66,1.3
2023-12-20 20:00:00,0.0,0.0,21.43,56.55,1.33
2023-12-20 21:00:00,0.0,0.0,20.37,58.25,1.45
2023-12-20 22:00:00,0.0,0.0,19.37,58.31,1.82
2023-12-20 23:00:00,0.0,0.0,18.38,57.74,2.45
2023-12-21 00:00:00,0.0,0.0,17.31,58.7,2.91
2023-12-21 01:00:00,0.0,0.0,16.22,60.9,2.98
2023-12-21 02:00:00,0.0,0.0,15.29,62.88,2.92
2023-12-21 03:00:00,0.0,0.0,14.42,64.76,2.66
2023-12-21 04:00:00,0.0,0.0,13.74,65.69,2.45
2023-12-21 05:00:00,0.0,0.0,13.17,66.01,2.22
2023-12-21 06:00:00,25.12,25.15,13.24,62.72,2.43
2023-12-21 07:00:00,212.27,212.4,15.49,50.74,3.48
2023-12-21 08:00:00,425.2,425.4,18.74,43.82,2.99
2023-12-21 09:00:00,626.88,627.1,23.57,29.07,4.16
2023-12-21 10:00:00,773.4,773.6,27.13,21.96,4.8
2023-12-21 11:00:00,849.1,849.25,29.52,20.37,4.45
2023-12-21 12:00:00,860.25,860.33,31.12,20.49,3.88
2023-12-21 13:00:00,781.35,781.35,32.02,20.85,3.4
2023-12-21 14:00:00,630.92,632.03,32.19,21.76,2.99
2023-12-21 15:00:00,426.58,428.2,31.68,23.6,2.58
2023-12-21 16:00:00,207.25,208.52,30.09,31.18,1.71
2023-12-21 17:00:00,24.38,24.52,25.79,53.67,1.08
2023-12-21 18:00:00,0.0,0.0,23.42,55.54,1.22
2023-12-21 19:00:00,0.0,0.0,22.6,56.97,1.24
2023-12-21 20:00:00,0.0,0.0,22.07,57.75,1.23
2023-12-21 21:00:00,0.0,0.0,21.61,58.06,1.23
2023-12-21 22:00:00,0.0,0.0,21.07,58.48,1.25
2023-12-21 23:00:00,0.0,0.0,20.19,60.18,1.27
2023-12-22 00:00:00,0.0,0.0,19.05,62.65,1.37
2023-12-22 01:00:00,0.0,0.0,18.13,62.31,1.65
2023-12-22 02:00:00,0.0,0.0,17.1,61.85,1.91
2023-12-22 03:00:00,0.0,0.0,15.94,63.01,1.99
2023-12-22 04:00:00,0.0,0.0,14.93,65.0,1.96
2023-12-22 05:00:00,0.0,0.0,14.11,67.1,1.9
2023-12-22 06:00:00,23.1,23.12,14.0,66.05,2.17
2023-12-22 07:00:00,201.35,201.62,16.15,54.88,3.24
2023-12-22 08:00:00,405.55,406.0,19.37,48.15,2.74
2023-12-22 09:00:00,605.8,606.35,24.12,35.64,3.41
2023-12-22 10:00:00,753.12,753.65,28.06,26.97,4.29
2023-12-22 11:00:00,829.95,830.33,31.17,21.73,4.42
2023-12-22 12:00:00,843.1,843.33,32.77,20.49,4.04
2023-12-22 13:00:00,763.45,763.9,33.42,20.75,3.78
2023-12-22 14:00:00,614.33,615.03,33.37,21.69,3.58
2023-12-22 15:00:00,412.58,413.35,32.72,23.83,3.28
2023-12-22 16:00:00,203.45,203.98,30.71,34.74,2.04
2023-12-22 17:00:00,23.92,23.98,26.17,54.99,1.31
2023-12-22 18:00:00,0.0,0.0,23.96,57.27,1.41
2023-12-22 19:00:00,0.0,0.0,23.14,58.88,1.44
2023-12-22 20:00:00,0.0,0.0,22.5,60.13,1.43
2023-12-22 21:00:00,0.0,0.0,21.97,60.97,1.41
2023-12-22 22:00:00,0.0,0.0,21.42,62.03,1.4
2023-12-22 23:00:00,0.0,0.0,20.72,63.64,1.44
2023-12-23 00:00:00,0.0,0.0,19.96,65.06,1.61
2023-12-23 01:00:00,0.0,0.0,19.25,66.06,1.91
2023-12-23 02:00:00,0.0,0.0,18.47,67.72,2.11
2023-12-23 03:00:00,0.0,0.0,17.64,69.95,2.14
2023-12-23 04:00:00,0.0,0.0,16.92,72.35,2.11
2023-12-23 05:00:00,0.0,0.0,16.35,74.45,2.13
2023-12-23 06:00:00,19.27,19.73,16.28,74.65,2.5
2023-12-23 07:00:00,161.75,167.43,18.14,66.55,3.49
2023-12-23 08:00:00,358.92,374.58,21.15,58.2,3.07
2023-12-23 09:00:00,561.35,564.05,25.56,42.12,4.27
2023-12-23 10:00:00,711.47,712.15,29.02,32.68,5.12
2023-12-23 11:00:00,793.0,793.88,31.85,26.33,5.39
2023-12-23 12:00:00,800.72,801.7,33.46,24.18,5.05
2023-12-23 13:00:00,728.85,729.62,34.22,23.54,4.68
2023-12-23 14:00:00,588.1,588.33,34.26,23.94,4.33
2023-12-23 15:00:00,392.6,395.52,33.54,26.1,3.81
2023-12-23 16:00:00,183.68,184.82,31.26,39.05,2.22
2023-12-23 17:00:00,23.62,23.8,26.87,56.36,1.5
2023-12-23 18:00:00,0.0,0.0,24.59,60.75,1.56
2023-12-23 19:00:00,0.0,0.0,23.56,63.93,1.58
2023-12-23 20:00:00,0.0,0.0,22.68,66.33,1.6
2023-12-23 21:00:00,0.0,0.0,21.88,68.69,1.52
2023-12-23 22:00:00,0.0,0.0,21.17,70.72,1.46
2023-12-23 23:00:00,0.0,0.0,20.46,72.88,1.49
2023-12-24 00:00:00,0.0,0.0,19.76,75.18,1.74
2023-12-24 01:00:00,0.0,0.0,19.08,77.55,2.14
2023-12-24 02:00:00,0.0,0.0,18.27,79.7,2.39
2023-12-24 03:00:00,0.0,0.0,17.33,81.24,2.25
2023-12-24 04:00:00,0.0,0.0,16.47,81.54,2.05
2023-12-24 05:00:00,0.0,0.0,15.79,80.79,2.01
2023-12-24 06:00:00,22.98,22.98,15.66,78.32,2.18
2023-12-24 07:00:00,203.3,203.48,17.74,67.04,3.18
2023-12-24 08:00:00,422.65,422.92,20.88,57.2,2.94
2023-12-24 09:00:00,626.92,627.25,25.49,39.91,4.4
2023-12-24 10:00:00,776.75,777.05,29.02,31.51,5.26
2023-12-24 11:00:00,857.17,857.45,32.07,24.72,5.38
2023-12-24 12:00:00,877.8,878.03,33.67,22.72,4.71
2023-12-24 13:00:00,801.62,801.78,34.37,22.27,4.12
2023-12-24 14:00:00,652.78,654.0,34.36,22.62,3.75
2023-12-24 15:00:00,447.55,449.23,33.63,24.41,3.35
2023-12-24 16:00:00,219.73,220.98,31.49,34.85,2.2
2023-12-24 17:00:00,28.62,28.8,26.7,53.86,1.54
2023-12-24 18:00:00,0.0,0.0,24.25,56.77,1.76
2023-12-24 19:00:00,0.0,0.0,23.29,58.24,1.92
2023-12-24 20:00:00,0.0,0.0,22.34,60.26,1.87
2023-12-24 21:00:00,0.0,0.0,21.45,62.59,1.71
2023-12-24 22:00:00,0.0,0.0,20.68,64.45,1.64
2023-12-24 23:00:00,0.0,0.0,19.98,65.84,1.76
2023-12-25 00:00:00,0.0,0.0,19.23,67.75,1.95
2023-12-25 01:00:00,0.0,0.0,18.49,69.95,2.13
2023-12-25 02:00:00,0.0,0.0,17.63,72.98,2.01
2023-12-25 03:00:00,0.0,0.0,16.61,76.45,1.7
2023-12-25 04:00:00,0.0,0.0,15.7,78.14,1.63
2023-12-25 05:00:00,0.0,0.0,15.17,76.21,1.9
2023-12-25 06:00:00,21.85,21.9,15.28,70.52,2.58
2023-12-25 07:00:00,197.48,197.98,17.1,58.93,3.68
2023-12-25 08:00:00,402.77,403.5,20.28,48.58,3.63
2023-12-25 09:00:00,605.22,605.97,24.42,35.72,4.86
2023-12-25 10:00:00,754.33,754.92,27.67,29.67,5.26
2023-12-25 11:00:00,833.95,834.38,30.41,24.87,5.08
2023-12-25 12:00:00,860.12,860.35,32.28,22.24,4.42
2023-12-25 13:00:00,783.28,783.28,33.05,21.93,3.74
2023-12-25 14:00:00,634.97,635.12,33.11,22.5,3.26
2023-12-25 15:00:00,432.23,432.5,32.48,24.15,2.97
2023-12-25 16:00:00,215.9,216.2,30.65,32.7,1.99
2023-12-25 17:00:00,28.02,28.05,26.04,53.66,1.32
2023-12-25 18:00:00,0.0,0.0,23.63,56.18,1.53
2023-12-25 19:00:00,0.0,0.0,22.54,58.61,1.66
2023-12-25 20:00:00,0.0,0.0,21.61,61.15,1.67
2023-12-25 21:00:00,0.0,0.0,20.8,63.44,1.59
2023-12-25 22:00:00,0.0,0.0,20.08,65.31,1.46
2023-12-25 23:00:00,0.0,0.0,19.43,66.87,1.38
2023-12-26 00:00:00,0.0,0.0,18.75,68.64,1.35
2023-12-26 01:00:00,0.0,0.0,17.96,71.18,1.37
2023-12-26 02:00:00,0.0,0.0,17.17,73.43,1.53
2023-12-26 03:00:00,0.0,0.0,16.45,75.03,1.85
2023-12-26 04:00:00,0.0,0.0,15.73,75.77,2.06
2023-12-26 05:00:00,0.0,0.0,14.94,75.66,2.1
2023-12-26 06:00:00,20.55,20.58,14.72,72.43,2.53
2023-12-26 07:00:00,191.62,191.77,16.77,60.32,3.71
2023-12-26 08:00:00,388.62,388.85,20.01,50.74,3.3
2023-12-26 09:00:00,591.1,591.33,24.66,33.83,4.35
2023-12-26 10:00:00,742.88,743.05,28.25,25.7,4.64
2023-12-26 11:00:00,825.05,825.17,31.29,20.14,4.16
2023-12-26 12:00:00,863.83,863.88,32.69,19.29,3.38
2023-12-26 13:00:00,786.7,786.7,33.22,19.39,2.87
2023-12-26 14:00:00,636.95,638.08,33.16,19.88,2.49
2023-12-26 15:00:00,432.35,434.2,32.51,21.23,2.31
2023-12-26 16:00:00,218.12,219.8,30.74,28.86,1.66
2023-12-26 17:00:00,28.52,28.77,25.97,50.31,1.21
2023-12-26 18:00:00,0.0,0.0,23.33,52.07,1.43
2023-12-26 19:00:00,0.0,0.0,22.18,53.45,1.57
2023-12-26 20:00:00,0.0,0.0,21.27,54.8,1.65
2023-12-26 21:00:00,0.0,0.0,20.48,56.62,1.64
2023-12-26 22:00:00,0.0,0.0,19.74,58.78,1.57
2023-12-26 23:00:00,0.0,0.0,19.04,60.95,1.52
2023-12-27 00:00:00,0.0,0.0,18.28,63.44,1.53
2023-12-27 01:00:00,0.0,0.0,17.48,66.3,1.61
2023-12-27 02:00:00,0.0,0.0,16.73,69.02,1.79
2023-12-27 03:00:00,0.0,0.0,16.02,71.7,1.97
2023-12-27 04:00:00,0.0,0.0,15.3,74.47,2.04
2023-12-27 05:00:00,0.0,0.0,14.6,77.0,1.96
2023-12-27 06:00:00,20.2,20.23,14.49,76.54,2.19
2023-12-27 07:00:00,190.35,190.82,16.63,65.26,3.28
2023-12-27 08:00:00,392.33,393.25,19.66,56.12,2.64
2023-12-27 09:00:00,594.83,596.17,24.32,39.79,3.25
2023-12-27 10:00:00,746.45,747.92,28.15,29.52,3.63
2023-12-27 11:00:00,829.17,830.55,31.36,21.97,3.45
2023-12-27 12:00:00,845.83,846.9,32.63,20.36,3.11
2023-12-27 13:00:00,769.88,770.25,33.07,20.03,2.94
2023-12-27 14:00:00,617.35,620.1,32.92,20.25,2.89
2023-12-27 15:00:00,412.6,416.6,32.13,21.93,2.76
2023-12-27 16:00:00,206.62,209.27,29.99,32.53,1.79
2023-12-27 17:00:00,27.7,27.98,25.33,51.63,1.31
2023-12-27 18:00:00,0.0,0.0,22.99,53.22,1.47
2023-12-27 19:00:00,0.0,0.0,21.94,54.38,1.55
2023-12-27 20:00:00,0.0,0.0,21.09,55.42,1.56
2023-12-27 21:00:00,0.0,0.0,20.39,56.49,1.51
2023-12-27 22:00:00,0.0,0.0,19.74,57.83,1.49
2023-12-27 23:00:00,0.0,0.0,19.07,59.77,1.46
2023-12-28 00:00:00,0.0,0.0,18.35,62.43,1.46
2023-12-28 01:00:00,0.0,0.0,17.61,65.7,1.48
2023-12-28 02:00:00,0.0,0.0,16.92,69.02,1.54
2023-12-28 03:00:00,0.0,0.0,16.31,72.36,1.62
2023-12-28 04:00:00,0.0,0.0,15.88,75.19,1.72
2023-12-28 05:00:00,0.0,0.0,15.52,77.71,1.82
2023-12-28 06:00:00,17.98,18.0,15.56,78.18,2.17
2023-12-28 07:00:00,176.23,176.57,17.46,69.4,3.28
2023-12-28 08:00:00,363.73,364.33,20.18,60.85,2.6
2023-12-28 09:00:00,559.55,560.2,24.35,44.65,3.03
2023-12-28 10:00:00,709.3,709.62,27.81,35.02,3.26
2023-12-28 11:00:00,789.28,789.42,31.13,26.7,3.13
2023-12-28 12:00:00,794.75,794.75,32.47,25.05,2.59
2023-12-28 13:00:00,722.42,722.6,33.01,24.63,2.3
2023-12-28 14:00:00,574.55,574.8,32.97,24.79,2.23
2023-12-28 15:00:00,378.85,379.05,32.39,26.16,2.26
2023-12-28 16:00:00,190.8,191.0,30.51,35.73,1.61
2023-12-28 17:00:00,25.45,25.45,26.39,54.94,1.2
2023-12-28 18:00:00,0.0,0.0,24.28,56.4,1.37
2023-12-28 19:00:00,0.0,0.0,23.34,57.9,1.44
2023-12-28 20:00:00,0.0,0.0,22.58,59.28,1.42
2023-12-28 21:00:00,0.0,0.0,21.96,60.31,1.37
2023-12-28 22:00:00,0.0,0.0,21.41,61.05,1.33
2023-12-28 23:00:00,0.0,0.0,20.91,61.52,1.3
2023-12-29 00:00:00,0.0,0.0,20.29,62.5,1.29
2023-12-29 01:00:00,0.0,0.0,19.45,63.99,1.36
2023-12-29 02:00:00,0.0,0.0,18.52,65.13,1.52
2023-12-29 03:00:00,0.0,0.0,17.74,65.6,1.78
2023-12-29 04:00:00,0.0,0.0,17.04,66.39,1.98
2023-12-29 05:00:00,0.0,0.0,16.28,67.83,2.05
2023-12-29 06:00:00,16.92,16.95,16.0,67.26,2.34
2023-12-29 07:00:00,170.48,170.68,17.62,58.52,3.43
2023-12-29 08:00:00,343.85,344.17,20.08,52.77,2.84
2023-12-29 09:00:00,540.22,540.6,24.21,40.49,3.05
2023-12-29 10:00:00,693.28,693.62,27.9,30.04,3.61
2023-12-29 11:00:00,777.6,777.85,31.18,22.97,3.63
2023-12-29 12:00:00,784.42,784.55,32.83,21.32,3.19
2023-12-29 13:00:00,712.1,712.1,33.37,21.74,2.76
2023-12-29 14:00:00,567.55,567.58,33.31,22.54,2.47
2023-12-29 15:00:00,375.35,375.35,32.55,24.49,2.27
2023-12-29 16:00:00,200.35,200.38,30.55,34.35,1.52
2023-12-29 17:00:00,27.05,27.05,26.18,53.49,1.18
2023-12-29 18:00:00,0.0,0.0,23.97,53.96,1.34
2023-12-29 19:00:00,0.0,0.0,22.99,54.59,1.38
2023-12-29 20:00:00,0.0,0.0,22.28,54.73,1.38
2023-12-29 21:00:00,0.0,0.0,21.79,54.34,1.36
2023-12-29 22:00:00,0.0,0.0,21.5,53.2,1.36
2023-12-29 23:00:00,0.0,0.0,21.26,51.97,1.38
2023-12-30 00:00:00,0.0,0.0,20.72,52.34,1.38
2023-12-30 01:00:00,0.0,0.0,19.63,55.41,1.38
2023-12-30 02:00:00,0.0,0.0,18.33,59.03,1.44
2023-12-30 03:00:00,0.0,0.0,17.27,60.3,1.67
2023-12-30 04:00:00,0.0,0.0,16.32,60.84,1.94
2023-12-30 05:00:00,0.0,0.0,15.38,61.65,2.04
2023-12-30 06:00:00,17.17,17.2,15.03,60.96,2.12
2023-12-30 07:00:00,177.88,178.0,17.29,48.38,3.32
2023-12-30 08:00:00,353.75,353.98,19.98,43.42,2.65
2023-12-30 09:00:00,553.92,554.17,24.22,37.25,2.36
2023-12-30 10:00:00,710.55,710.8,28.88,25.58,3.16
2023-12-30 11:00:00,799.12,799.3,32.36,19.42,2.8
2023-12-30 12:00:00,821.85,821.92,33.6,18.37,2.64
2023-12-30 13:00:00,749.58,749.58,34.0,18.15,2.57
2023-12-30 14:00:00,603.55,603.85,33.86,18.31,2.5
2023-12-30 15:00:00,404.65,405.12,33.06,19.86,2.38
2023-12-30 16:00:00,203.68,204.12,31.03,29.54,1.51
2023-12-30 17:00:00,29.7,29.77,26.62,49.0,1.14
2023-12-30 18:00:00,0.0,0.0,24.6,47.68,1.29
2023-12-30 19:00:00,0.0,0.0,23.69,48.63,1.3
2023-12-30 20:00:00,0.0,0.0,23.05,48.73,1.31
2023-12-30 21:00:00,0.0,0.0,22.65,47.99,1.32
2023-12-30 22:00:00,0.0,0.0,22.34,47.02,1.32
2023-12-30 23:00:00,0.0,0.0,21.97,46.47,1.31
2023-12-31 00:00:00,0.0,0.0,21.41,47.01,1.31
2023-12-31 01:00:00,0.0,0.0,20.44,49.67,1.33
2023-12-31 02:00:00,0.0,0.0,19.08,54.52,1.36
2023-12-31 03:00:00,0.0,0.0,17.69,59.72,1.38
2023-12-31 04:00:00,0.0,0.0,16.65,63.39,1.45
2023-12-31 05:00:00,0.0,0.0,15.87,66.49,1.56
2023-12-31 06:00:00,17.23,17.25,15.72,67.99,1.68
2023-12-31 07:00:00,178.6,178.7,18.37,55.73,3.12
2023-12-31 08:00:00,358.12,358.25,20.84,49.64,2.76
2023-12-31 09:00:00,557.42,557.55,24.8,40.61,2.49
2023-12-31 10:00:00,710.65,710.78,28.75,30.16,2.63
2023-12-31 11:00:00,796.17,796.25,32.4,21.69,2.34
2023-12-31 12:00:00,827.83,827.88,33.73,20.35,2.13
2023-12-31 13:00:00,753.83,753.83,34.15,20.01,2.05
2023-12-31 14:00:00,609.33,609.5,34.03,20.18,1.96
2023-12-31 15:00:00,411.2,411.48,33.29,21.65,1.92
2023-12-31 16:00:00,217.55,217.77,31.39,31.0,1.3
2023-12-31 17:00:00,31.08,31.1,27.08,50.42,1.1
2023-12-31 18:00:00,0.0,0.0,24.9,49.79,1.29
2023-12-31 19:00:00,0.0,0.0,23.78,51.58,1.33
2023-12-31 20:00:00,0.0,0.0,22.99,52.33,1.34
2023-12-31 21:00:00,0.0,0.0,22.53,51.86,1.35
2023-12-31 22:00:00,0.0,0.0,22.39,50.14,1.35
2023-12-31 23:00:00,0.0,0.0,22.33,48.38,1.32
