,ghi_w_m2,ghi_clear_w_m2,temp_c,humidity_pct,wind_speed_ms
2022-01-01 00:00:00,0.0,0.0,20.81,58.78,1.38
2022-01-01 01:00:00,0.0,0.0,20.37,59.06,1.64
2022-01-01 02:00:00,0.0,0.0,20.31,57.54,2.17
2022-01-01 03:00:00,0.0,0.0,19.91,57.49,2.73
2022-01-01 04:00:00,0.0,0.0,19.03,60.38,2.83
2022-01-01 05:00:00,0.0,0.0,18.19,63.43,2.89
2022-01-01 06:00:00,16.52,16.48,17.61,65.82,3.22
2022-01-01 07:00:00,171.07,171.35,18.77,61.66,3.58
2022-01-01 08:00:00,388.92,390.3,22.0,51.61,3.53
2022-01-01 09:00:00,591.95,593.85,26.18,39.78,4.55
2022-01-01 10:00:00,743.15,746.33,30.1,31.13,5.16
2022-01-01 11:00:00,828.47,829.1,32.4,27.33,5.01
2022-01-01 12:00:00,832.05,832.28,33.47,25.74,4.5
2022-01-01 13:00:00,759.38,762.47,34.18,24.63,4.07
2022-01-01 14:00:00,616.97,617.2,34.23,24.34,3.79
2022-01-01 15:00:00,419.23,420.02,33.68,25.0,3.66
2022-01-01 16:00:00,194.6,195.43,32.25,29.77,2.84
2022-01-01 17:00:00,31.25,31.4,28.33,45.73,1.6
2022-01-01 18:00:00,0.0,0.0,26.23,50.05,1.75
2022-01-01 19:00:00,0.0,0.0,25.37,51.6,1.89
2022-01-01 20:00:00,0.0,0.0,24.58,53.6,1.86
2022-01-01 21:00:00,0.0,0.0,23.95,55.62,1.76
2022-01-01 22:00:00,0.0,0.0,23.36,57.74,1.68
2022-01-01 23:00:00,0.0,0.0,22.79,59.97,1.65
2022-01-02 00:00:00,0.0,0.0,22.13,62.77,1.68
2022-01-02 01:00:00,0.0,0.0,21.37,65.73,1.89
2022-01-02 02:00:00,0.0,0.0,20.51,69.17,2.11
2022-01-02 03:00:00,0.0,0.0,19.79,71.77,2.31
2022-01-02 04:00:00,0.0,0.0,19.22,73.81,2.62
2022-01-02 05:00:00,0.0,0.0,18.8,75.43,3.07
2022-01-02 06:00:00,15.35,15.48,18.49,76.66,3.23
2022-01-02 07:00:00,157.15,159.82,19.4,72.12,3.2
2022-01-02 08:00:00,362.92,370.55,21.99,60.07,3.26
2022-01-02 09:00:00,567.75,573.1,25.41,42.55,4.35
2022-01-02 10:00:00,721.75,726.58,28.05,31.57,5.11
2022-01-02 11:00:00,795.7,807.85,29.76,26.09,5.15
2022-01-02 12:00:00,831.83,887.42,30.93,23.95,4.89
2022-01-02 13:00:00,771.7,812.2,31.86,22.6,4.58
2022-01-02 14:00:00,619.7,663.7,32.23,22.03,4.26
2022-01-02 15:00:00,428.45,456.75,31.72,22.64,3.94
2022-01-02 16:00:00,208.05,227.35,30.22,26.54,3.28
2022-01-02 17:00:00,33.4,35.33,26.44,41.14,2.02
2022-01-02 18:00:00,0.0,0.0,24.23,46.17,2.2
2022-01-02 19:00:00,0.0,0.0,23.35,47.27,2.33
2022-01-02 20:00:00,0.0,0.0,22.89,48.17,2.25
2022-01-02 21:00:00,0.0,0.0,22.24,50.53,2.02
2022-01-02 22:00:00,0.0,0.0,21.59,53.92,1.8
2022-01-02 23:00:00,0.0,0.0,21.06,57.52,1.66
2022-01-03 00:00:00,0.0,0.0,20.55,60.46,1.82
2022-01-03 01:00:00,0.0,0.0,20.11,61.43,2.52
2022-01-03 02:00:00,0.0,0.0,19.51,63.53,3.03
2022-01-03 03:00:00,0.0,0.0,18.9,65.92,3.36
2022-01-03 04:00:00,0.0,0.0,18.25,67.94,3.49
2022-01-03 05:00:00,0.0,0.0,17.77,68.42,3.51
2022-01-03 06:00:00,13.82,15.9,17.62,67.6,3.73
2022-01-03 07:00:00,115.68,162.52,18.91,61.88,3.96
2022-01-03 08:00:00,246.62,376.88,21.79,50.55,3.96
2022-01-03 09:00:00,374.75,577.67,25.29,37.39,5.1
2022-01-03 10:00:00,404.5,730.15,28.38,28.83,5.28
2022-01-03 11:00:00,400.65,815.28,30.52,25.25,4.8
2022-01-03 12:00:00,360.12,822.03,31.58,24.93,4.24
2022-01-03 13:00:00,375.62,750.33,31.92,25.57,3.69
2022-01-03 14:00:00,226.2,605.97,31.76,26.6,3.3
2022-01-03 15:00:00,91.22,408.9,31.05,28.39,3.0
2022-01-03 16:00:00,100.68,196.88,29.62,34.25,2.26
2022-01-03 17:00:00,20.77,30.52,26.6,50.55,1.34
2022-01-03 18:00:00,0.0,0.0,24.9,55.24,1.4
2022-01-03 19:00:00,0.0,0.0,24.11,57.13,1.45
2022-01-03 20:00:00,0.0,0.0,23.43,59.94,1.35
2022-01-03 21:00:00,0.0,0.0,22.85,62.77,1.18
2022-01-03 22:00:00,0.0,0.0,22.35,65.35,1.03
2022-01-03 23:00:00,0.0,0.0,21.81,67.14,1.02
2022-01-04 00:00:00,0.0,0.0,21.24,68.55,1.13
2022-01-04 01:00:00,0.0,0.0,20.71,69.55,1.37
2022-01-04 02:00:00,0.0,0.0,20.33,70.1,1.92
2022-01-04 03:00:00,0.0,0.0,19.81,71.83,2.71
2022-01-04 04:00:00,0.0,0.0,19.11,75.69,2.95
2022-01-04 05:00:00,0.0,0.0,18.46,79.62,3.01
2022-01-04 06:00:00,14.3,14.95,18.08,81.89,3.13
2022-01-04 07:00:00,135.62,159.38,19.37,75.46,3.33
2022-01-04 08:00:00,294.88,371.7,22.79,57.43,3.75
2022-01-04 09:00:00,468.67,573.95,26.73,43.18,3.89
2022-01-04 10:00:00,641.65,727.35,29.69,36.48,3.01
2022-01-04 11:00:00,719.8,809.7,31.33,33.43,2.24
2022-01-04 12:00:00,630.3,732.28,32.39,31.51,1.57
2022-01-04 13:00:00,589.35,664.15,32.84,30.66,1.25
2022-01-04 14:00:00,459.33,528.92,32.71,30.67,1.3
2022-01-04 15:00:00,302.25,352.02,32.35,31.13,1.48
2022-01-04 16:00:00,159.77,169.98,31.38,34.44,1.44
2022-01-04 17:00:00,28.42,27.27,28.83,52.05,0.82
2022-01-04 18:00:00,0.0,0.0,27.06,55.86,0.99
2022-01-04 19:00:00,0.0,0.0,26.06,57.91,1.05
2022-01-04 20:00:00,0.0,0.0,25.22,60.27,1.06
2022-01-04 21:00:00,0.0,0.0,24.42,62.77,1.07
2022-01-04 22:00:00,0.0,0.0,23.72,64.82,1.13
2022-01-04 23:00:00,0.0,0.0,23.27,66.31,1.21
2022-01-05 00:00:00,0.0,0.0,22.64,68.35,1.26
2022-01-05 01:00:00,0.0,0.0,22.03,70.31,1.34
2022-01-05 02:00:00,0.0,0.0,21.58,71.45,1.56
2022-01-05 03:00:00,0.0,0.0,21.16,72.06,1.89
2022-01-05 04:00:00,0.0,0.0,20.55,73.52,2.07
2022-01-05 05:00:00,0.0,0.0,19.88,75.96,2.08
2022-01-05 06:00:00,14.1,12.88,19.62,77.12,2.3
2022-01-05 07:00:00,133.43,139.12,20.91,71.02,2.91
2022-01-05 08:00:00,309.4,343.8,23.85,58.09,3.16
2022-01-05 09:00:00,508.52,544.25,27.54,43.49,3.75
2022-01-05 10:00:00,645.97,698.65,30.34,35.72,3.51
2022-01-05 11:00:00,787.53,789.15,32.0,32.57,3.23
2022-01-05 12:00:00,738.9,761.95,33.07,30.6,3.13
2022-01-05 13:00:00,673.0,688.4,33.26,30.09,2.96
2022-01-05 14:00:00,522.9,550.12,32.96,30.56,2.8
2022-01-05 15:00:00,345.95,362.42,32.23,32.06,2.67
2022-01-05 16:00:00,170.25,172.38,31.15,36.14,2.24
2022-01-05 17:00:00,29.62,27.27,28.31,52.79,1.2
2022-01-05 18:00:00,0.0,0.0,26.53,58.17,1.22
2022-01-05 19:00:00,0.0,0.0,25.77,59.7,1.27
2022-01-05 20:00:00,0.0,0.0,25.09,61.21,1.26
2022-01-05 21:00:00,0.0,0.0,24.47,62.59,1.22
2022-01-05 22:00:00,0.0,0.0,23.82,63.94,1.19
2022-01-05 23:00:00,0.0,0.0,23.13,65.46,1.19
2022-01-06 00:00:00,0.0,0.0,22.41,67.25,1.27
2022-01-06 01:00:00,0.0,0.0,21.72,68.64,1.5
2022-01-06 02:00:00,0.0,0.0,21.11,69.73,1.9
2022-01-06 03:00:00,0.0,0.0,20.5,70.97,2.35
2022-01-06 04:00:00,0.0,0.0,19.86,72.65,2.49
2022-01-06 05:00:00,0.0,0.0,19.33,73.93,2.47
2022-01-06 06:00:00,11.62,11.62,19.1,73.99,2.79
2022-01-06 07:00:00,143.02,143.07,20.29,68.18,3.36
2022-01-06 08:00:00,324.88,325.0,23.02,58.24,3.18
2022-01-06 09:00:00,471.65,471.8,27.21,42.44,4.24
2022-01-06 10:00:00,611.72,611.75,30.44,32.72,4.77
2022-01-06 11:00:00,678.7,678.85,32.14,29.08,4.55
2022-01-06 12:00:00,780.28,780.65,33.3,27.02,4.16
2022-01-06 13:00:00,710.9,711.17,33.83,26.08,3.69
2022-01-06 14:00:00,572.97,574.45,33.86,26.02,3.31
2022-01-06 15:00:00,388.9,390.42,33.44,26.78,3.0
2022-01-06 16:00:00,206.23,207.23,32.15,30.78,2.42
2022-01-06 17:00:00,33.17,33.3,28.39,48.98,1.26
2022-01-06 18:00:00,0.0,0.0,26.21,53.4,1.39
2022-01-06 19:00:00,0.0,0.0,25.39,54.71,1.47
2022-01-06 20:00:00,0.0,0.0,24.71,56.16,1.46
2022-01-06 21:00:00,0.0,0.0,24.16,57.47,1.42
2022-01-06 22:00:00,0.0,0.0,23.67,58.53,1.37
2022-01-06 23:00:00,0.0,0.0,23.23,59.58,1.32
2022-01-07 00:00:00,0.0,0.0,22.72,60.77,1.31
2022-01-07 01:00:00,0.0,0.0,22.09,62.21,1.37
2022-01-07 02:00:00,0.0,0.0,21.4,63.69,1.54
2022-01-07 03:00:00,0.0,0.0,20.71,65.6,1.79
2022-01-07 04:00:00,0.0,0.0,20.02,68.33,2.04
2022-01-07 05:00:00,0.0,0.0,19.39,71.58,2.19
2022-01-07 06:00:00,12.38,13.05,19.23,72.92,2.52
2022-01-07 07:00:00,135.05,143.55,20.89,66.23,3.22
2022-01-07 08:00:00,301.85,347.02,24.12,55.2,3.08
2022-01-07 09:00:00,483.77,551.12,28.57,39.14,4.26
2022-01-07 10:00:00,640.72,708.75,31.85,30.64,4.62
2022-01-07 11:00:00,750.55,799.4,33.44,28.3,4.44
2022-01-07 12:00:00,777.35,826.75,34.32,27.3,4.15
2022-01-07 13:00:00,700.55,757.53,34.7,26.93,3.83
2022-01-07 14:00:00,556.9,613.28,34.59,27.1,3.57
2022-01-07 15:00:00,369.15,410.55,33.86,28.31,3.38
2022-01-07 16:00:00,187.27,201.1,32.49,32.06,2.86
2022-01-07 17:00:00,30.85,32.15,28.89,48.0,1.54
2022-01-07 18:00:00,0.0,0.0,26.78,53.49,1.62
2022-01-07 19:00:00,0.0,0.0,25.99,55.07,1.68
2022-01-07 20:00:00,0.0,0.0,25.32,56.62,1.6
2022-01-07 21:00:00,0.0,0.0,24.75,57.97,1.49
2022-01-07 22:00:00,0.0,0.0,24.27,58.91,1.44
2022-01-07 23:00:00,0.0,0.0,23.79,59.59,1.44
2022-01-08 00:00:00,0.0,0.0,23.32,60.17,1.52
2022-01-08 01:00:00,0.0,0.0,22.83,60.53,1.73
2022-01-08 02:00:00,0.0,0.0,22.16,61.37,2.09
2022-01-08 03:00:00,0.0,0.0,21.35,63.56,2.45
2022-01-08 04:00:00,0.0,0.0,20.47,66.98,2.51
2022-01-08 05:00:00,0.0,0.0,19.71,70.1,2.48
2022-01-08 06:00:00,12.6,12.73,19.36,71.14,2.88
2022-01-08 07:00:00,138.07,140.0,20.55,65.49,3.34
2022-01-08 08:00:00,330.0,338.25,23.7,52.58,3.45
2022-01-08 09:00:00,533.08,538.47,27.68,37.02,4.56
2022-01-08 10:00:00,692.6,694.88,31.36,25.79,5.36
2022-01-08 11:00:00,779.03,780.9,33.41,22.19,5.37
2022-01-08 12:00:00,824.65,826.6,34.58,20.77,5.12
2022-01-08 13:00:00,763.47,763.62,35.06,20.48,4.75
2022-01-08 14:00:00,632.3,632.75,34.93,20.97,4.41
2022-01-08 15:00:00,436.45,436.73,34.24,22.13,4.14
2022-01-08 16:00:00,218.02,222.98,32.73,25.58,3.44
2022-01-08 17:00:00,38.42,38.88,28.72,40.56,1.79
2022-01-08 18:00:00,0.0,0.0,26.41,46.33,1.72
2022-01-08 19:00:00,0.0,0.0,25.63,47.61,1.7
2022-01-08 20:00:00,0.0,0.0,25.01,48.99,1.61
2022-01-08 21:00:00,0.0,0.0,24.52,50.3,1.55
2022-01-08 22:00:00,0.0,0.0,24.06,51.28,1.59
2022-01-08 23:00:00,0.0,0.0,23.59,51.44,1.83
2022-01-09 00:00:00,0.0,0.0,23.06,51.2,2.37
2022-01-09 01:00:00,0.0,0.0,22.16,52.33,3.09
2022-01-09 02:00:00,0.0,0.0,20.87,56.1,3.15
2022-01-09 03:00:00,0.0,0.0,19.66,60.11,2.96
2022-01-09 04:00:00,0.0,0.0,18.69,63.36,2.94
2022-01-09 05:00:00,0.0,0.0,17.88,66.23,2.93
2022-01-09 06:00:00,14.23,14.3,17.45,67.06,3.19
2022-01-09 07:00:00,163.57,164.82,18.88,60.48,3.46
2022-01-09 08:00:00,380.95,388.52,22.49,46.87,3.43
2022-01-09 09:00:00,598.7,599.5,27.3,26.97,5.04
2022-01-09 10:00:00,756.45,763.17,31.2,17.86,6.06
2022-01-09 11:00:00,848.05,855.92,33.31,16.46,5.69
2022-01-09 12:00:00,849.25,867.4,34.48,16.36,5.15
2022-01-09 13:00:00,793.12,803.1,34.96,16.82,4.66
2022-01-09 14:00:00,661.85,664.4,34.85,17.84,4.24
2022-01-09 15:00:00,453.98,466.67,34.22,19.29,3.93
2022-01-09 16:00:00,228.05,236.73,32.65,23.87,2.96
2022-01-09 17:00:00,39.92,41.35,28.49,40.78,1.5
2022-01-09 18:00:00,0.0,0.0,26.32,45.51,1.5
2022-01-09 19:00:00,0.0,0.0,25.58,46.63,1.52
2022-01-09 20:00:00,0.0,0.0,25.08,47.56,1.49
2022-01-09 21:00:00,0.0,0.0,24.67,48.73,1.45
2022-01-09 22:00:00,0.0,0.0,24.39,49.43,1.51
2022-01-09 23:00:00,0.0,0.0,23.91,49.68,1.75
2022-01-10 00:00:00,0.0,0.0,23.13,50.73,2.15
2022-01-10 01:00:00,0.0,0.0,22.36,52.79,2.7
2022-01-10 02:00:00,0.0,0.0,21.63,55.19,3.01
2022-01-10 03:00:00,0.0,0.0,20.98,57.25,3.01
2022-01-10 04:00:00,0.0,0.0,20.38,58.74,2.87
2022-01-10 05:00:00,0.0,0.0,19.55,61.37,2.61
2022-01-10 06:00:00,13.5,13.52,19.1,62.0,2.96
2022-01-10 07:00:00,174.73,175.52,20.51,55.41,3.48
2022-01-10 08:00:00,369.0,370.7,23.98,42.45,3.68
2022-01-10 09:00:00,580.95,583.4,28.01,29.56,4.81
2022-01-10 10:00:00,741.88,747.75,31.38,22.97,5.36
2022-01-10 11:00:00,837.17,837.75,33.06,21.16,5.1
2022-01-10 12:00:00,847.58,851.15,33.91,20.51,4.68
2022-01-10 13:00:00,765.53,785.55,34.19,20.52,4.31
2022-01-10 14:00:00,634.65,645.53,34.25,20.87,3.96
2022-01-10 15:00:00,420.05,447.77,33.72,22.0,3.72
2022-01-10 16:00:00,204.75,222.27,32.41,25.04,3.3
2022-01-10 17:00:00,38.3,38.8,28.9,37.96,2.04
2022-01-10 18:00:00,0.0,0.0,27.15,41.16,2.45
2022-01-10 19:00:00,0.0,0.0,26.55,41.05,2.72
2022-01-10 20:00:00,0.0,0.0,25.93,42.49,2.33
2022-01-10 21:00:00,0.0,0.0,25.44,44.83,1.82
2022-01-10 22:00:00,0.0,0.0,24.89,47.77,1.48
2022-01-10 23:00:00,0.0,0.0,23.91,50.57,1.35
2022-01-11 00:00:00,0.0,0.0,23.04,52.81,1.33
2022-01-11 01:00:00,0.0,0.0,22.11,55.13,1.42
2022-01-11 02:00:00,0.0,0.0,21.3,57.22,1.71
2022-01-11 03:00:00,0.0,0.0,20.58,60.07,2.15
2022-01-11 04:00:00,0.0,0.0,19.85,63.95,2.48
2022-01-11 05:00:00,0.0,0.0,19.07,68.38,2.49
2022-01-11 06:00:00,12.7,12.68,18.8,69.89,2.91
2022-01-11 07:00:00,147.75,148.02,20.4,62.73,3.64
2022-01-11 08:00:00,355.02,358.75,23.83,48.85,3.6
2022-01-11 09:00:00,558.83,565.85,28.23,31.76,4.44
2022-01-11 10:00:00,716.2,723.85,31.81,21.98,4.59
2022-01-11 11:00:00,809.17,814.08,33.66,19.46,4.16
2022-01-11 12:00:00,847.05,858.8,34.9,18.37,3.77
2022-01-11 13:00:00,772.3,788.58,35.45,18.1,3.4
2022-01-11 14:00:00,631.28,645.22,35.46,18.38,3.1
2022-01-11 15:00:00,383.55,446.25,34.95,19.18,2.82
2022-01-11 16:00:00,185.98,222.8,33.53,23.62,2.09
2022-01-11 17:00:00,38.65,40.15,29.8,42.99,1.05
2022-01-11 18:00:00,0.0,0.0,27.73,46.39,1.13
2022-01-11 19:00:00,0.0,0.0,26.85,47.74,1.15
2022-01-11 20:00:00,0.0,0.0,26.18,48.82,1.16
2022-01-11 21:00:00,0.0,0.0,25.63,49.78,1.18
2022-01-11 22:00:00,0.0,0.0,25.06,50.89,1.19
2022-01-11 23:00:00,0.0,0.0,24.48,52.61,1.18
2022-01-12 00:00:00,0.0,0.0,23.87,54.87,1.17
2022-01-12 01:00:00,0.0,0.0,22.99,57.23,1.24
2022-01-12 02:00:00,0.0,0.0,22.12,59.68,1.38
2022-01-12 03:00:00,0.0,0.0,21.28,62.71,1.43
2022-01-12 04:00:00,0.0,0.0,20.36,66.47,1.34
2022-01-12 05:00:00,0.0,0.0,19.48,70.17,1.2
2022-01-12 06:00:00,12.05,11.85,19.43,70.72,1.41
2022-01-12 07:00:00,138.43,140.18,21.47,60.36,2.68
2022-01-12 08:00:00,343.95,346.98,24.55,50.59,2.46
2022-01-12 09:00:00,517.22,545.25,29.1,35.69,2.86
2022-01-12 10:00:00,650.72,685.78,32.6,27.29,3.11
2022-01-12 11:00:00,742.38,759.55,34.35,24.37,3.0
2022-01-12 12:00:00,846.15,848.8,35.39,22.68,2.88
2022-01-12 13:00:00,770.12,785.58,35.9,21.68,2.79
2022-01-12 14:00:00,626.3,646.97,35.86,21.21,2.74
2022-01-12 15:00:00,415.92,450.85,35.33,21.34,2.75
2022-01-12 16:00:00,225.93,233.77,34.02,24.05,2.47
2022-01-12 17:00:00,41.9,42.5,30.02,41.92,1.28
2022-01-12 18:00:00,0.0,0.0,27.59,46.59,1.36
2022-01-12 19:00:00,0.0,0.0,26.52,48.16,1.39
2022-01-12 20:00:00,0.0,0.0,25.54,49.91,1.34
2022-01-12 21:00:00,0.0,0.0,24.86,51.23,1.25
2022-01-12 22:00:00,0.0,0.0,24.49,51.34,1.19
2022-01-12 23:00:00,0.0,0.0,24.19,50.9,1.19
2022-01-13 00:00:00,0.0,0.0,23.48,53.1,1.15
2022-01-13 01:00:00,0.0,0.0,22.36,55.58,1.21
2022-01-13 02:00:00,0.0,0.0,21.3,55.87,1.43
2022-01-13 03:00:00,0.0,0.0,20.19,55.97,1.66
2022-01-13 04:00:00,0.0,0.0,19.02,57.13,1.67
2022-01-13 05:00:00,0.0,0.0,17.92,59.16,1.54
2022-01-13 06:00:00,12.82,12.82,17.71,58.65,1.73
2022-01-13 07:00:00,173.93,174.43,19.96,47.12,3.01
2022-01-13 08:00:00,376.7,377.62,23.29,39.07,2.6
2022-01-13 09:00:00,589.75,590.38,27.93,25.07,3.56
2022-01-13 10:00:00,751.75,751.88,32.2,15.29,4.48
2022-01-13 11:00:00,845.22,845.67,34.61,12.39,4.49
2022-01-13 12:00:00,863.25,863.97,35.78,11.74,4.22
2022-01-13 13:00:00,780.28,801.03,36.24,11.62,3.94
2022-01-13 14:00:00,656.92,657.38,36.1,11.81,3.68
2022-01-13 15:00:00,457.58,457.98,35.36,12.57,3.47
2022-01-13 16:00:00,232.2,236.57,33.32,19.28,2.33
2022-01-13 17:00:00,42.58,43.0,28.71,35.08,1.43
2022-01-13 18:00:00,0.0,0.0,26.51,38.24,1.47
2022-01-13 19:00:00,0.0,0.0,25.65,39.5,1.46
2022-01-13 20:00:00,0.0,0.0,24.98,40.53,1.41
2022-01-13 21:00:00,0.0,0.0,24.54,41.26,1.38
2022-01-13 22:00:00,0.0,0.0,24.19,42.17,1.35
2022-01-13 23:00:00,0.0,0.0,23.5,43.78,1.36
2022-01-14 00:00:00,0.0,0.0,22.52,45.33,1.48
2022-01-14 01:00:00,0.0,0.0,21.5,46.18,1.79
2022-01-14 02:00:00,0.0,0.0,20.55,47.5,2.17
2022-01-14 03:00:00,0.0,0.0,19.64,50.04,2.39
2022-01-14 04:00:00,0.0,0.0,18.65,53.25,2.48
2022-01-14 05:00:00,0.0,0.0,17.92,55.31,2.74
2022-01-14 06:00:00,13.52,13.88,17.81,54.8,3.32
2022-01-14 07:00:00,162.82,180.05,19.67,47.58,4.05
2022-01-14 08:00:00,367.98,417.95,23.19,38.04,3.83
2022-01-14 09:00:00,577.17,636.55,27.77,25.27,5.28
2022-01-14 10:00:00,787.62,801.33,31.49,16.3,6.22
2022-01-14 11:00:00,891.6,894.05,33.63,13.1,6.01
2022-01-14 12:00:00,865.15,914.05,34.2,12.32,5.45
2022-01-14 13:00:00,775.05,844.03,34.19,12.29,4.82
2022-01-14 14:00:00,653.97,701.3,34.16,12.45,4.23
2022-01-14 15:00:00,468.48,498.33,33.7,13.13,3.66
2022-01-14 16:00:00,241.9,260.3,32.1,20.61,2.15
2022-01-14 17:00:00,47.45,49.12,28.29,37.21,1.21
2022-01-14 18:00:00,0.0,0.0,26.72,38.24,1.23
2022-01-14 19:00:00,0.0,0.0,26.33,37.91,1.21
2022-01-14 20:00:00,0.0,0.0,26.0,37.69,1.21
2022-01-14 21:00:00,0.0,0.0,25.68,37.84,1.2
2022-01-14 22:00:00,0.0,0.0,25.16,39.07,1.16
2022-01-14 23:00:00,0.0,0.0,23.89,43.68,1.16
2022-01-15 00:00:00,0.0,0.0,22.22,49.37,1.2
2022-01-15 01:00:00,0.0,0.0,20.9,51.71,1.43
2022-01-15 02:00:00,0.0,0.0,19.65,53.48,1.73
2022-01-15 03:00:00,0.0,0.0,18.41,55.68,1.89
2022-01-15 04:00:00,0.0,0.0,17.42,57.99,1.91
2022-01-15 05:00:00,0.0,0.0,16.6,60.95,1.86
2022-01-15 06:00:00,13.45,13.57,16.61,60.45,2.3
2022-01-15 07:00:00,144.75,173.85,18.92,50.42,3.42
2022-01-15 08:00:00,311.67,407.23,22.67,37.97,3.39
2022-01-15 09:00:00,492.33,625.33,27.05,24.26,4.56
2022-01-15 10:00:00,667.83,787.92,30.95,16.16,5.51
2022-01-15 11:00:00,741.08,879.78,33.34,13.49,5.44
2022-01-15 12:00:00,804.78,892.92,34.57,12.73,5.01
2022-01-15 13:00:00,668.47,826.35,35.11,12.51,4.68
2022-01-15 14:00:00,614.95,688.6,35.01,12.76,4.46
2022-01-15 15:00:00,431.95,489.35,34.42,13.56,4.25
2022-01-15 16:00:00,217.65,254.1,32.93,17.11,3.26
2022-01-15 17:00:00,46.75,49.53,28.45,34.2,1.52
2022-01-15 18:00:00,0.0,0.0,26.08,39.74,1.42
2022-01-15 19:00:00,0.0,0.0,25.34,41.26,1.37
2022-01-15 20:00:00,0.0,0.0,24.5,42.69,1.37
2022-01-15 21:00:00,0.0,0.0,23.43,44.61,1.49
2022-01-15 22:00:00,0.0,0.0,22.79,43.87,1.95
2022-01-15 23:00:00,0.0,0.0,22.04,43.29,2.53
2022-01-16 00:00:00,0.0,0.0,21.06,45.13,2.64
2022-01-16 01:00:00,0.0,0.0,20.31,46.91,2.54
2022-01-16 02:00:00,0.0,0.0,19.79,47.89,2.65
2022-01-16 03:00:00,0.0,0.0,19.06,49.61,2.7
2022-01-16 04:00:00,0.0,0.0,18.48,50.56,2.74
2022-01-16 05:00:00,0.0,0.0,17.88,51.68,2.69
2022-01-16 06:00:00,13.7,13.7,17.58,51.67,2.93
2022-01-16 07:00:00,171.77,176.1,19.14,45.61,3.56
2022-01-16 08:00:00,403.05,411.52,22.7,34.47,3.82
2022-01-16 09:00:00,620.0,628.4,26.91,21.52,5.22
2022-01-16 10:00:00,776.78,790.1,30.33,16.28,5.37
2022-01-16 11:00:00,860.92,882.03,32.5,14.34,4.96
2022-01-16 12:00:00,888.9,930.05,33.67,13.08,4.81
2022-01-16 13:00:00,830.95,866.28,34.09,12.32,4.85
2022-01-16 14:00:00,720.17,728.6,33.7,12.37,4.79
2022-01-16 15:00:00,525.95,526.6,32.78,13.03,4.6
2022-01-16 16:00:00,280.65,287.12,31.39,14.96,3.9
2022-01-16 17:00:00,58.35,60.15,27.46,29.26,1.79
2022-01-16 18:00:00,0.0,0.0,24.93,36.82,1.51
2022-01-16 19:00:00,0.0,0.0,24.1,38.56,1.44
2022-01-16 20:00:00,0.0,0.0,23.33,39.8,1.4
2022-01-16 21:00:00,0.0,0.0,22.67,41.14,1.37
2022-01-16 22:00:00,0.0,0.0,22.0,42.31,1.35
2022-01-16 23:00:00,0.0,0.0,21.36,43.29,1.4
2022-01-17 00:00:00,0.0,0.0,20.68,44.01,1.52
2022-01-17 01:00:00,0.0,0.0,19.96,44.84,1.67
2022-01-17 02:00:00,0.0,0.0,19.25,45.99,1.88
2022-01-17 03:00:00,0.0,0.0,18.35,47.82,2.06
2022-01-17 04:00:00,0.0,0.0,17.51,49.56,2.21
2022-01-17 05:00:00,0.0,0.0,16.55,52.27,2.21
2022-01-17 06:00:00,15.2,15.3,16.41,52.08,2.59
2022-01-17 07:00:00,184.5,196.88,18.83,43.12,3.75
2022-01-17 08:00:00,421.5,442.12,22.58,33.66,3.82
2022-01-17 09:00:00,648.72,662.88,26.91,23.84,5.06
2022-01-17 10:00:00,824.47,829.17,30.59,18.42,5.54
2022-01-17 11:00:00,906.4,924.3,32.95,15.56,5.03
2022-01-17 12:00:00,938.8,939.47,34.11,14.63,4.49
2022-01-17 13:00:00,872.35,872.47,34.63,14.34,4.07
2022-01-17 14:00:00,731.67,734.15,34.51,14.51,3.81
2022-01-17 15:00:00,527.85,531.47,33.72,15.44,3.65
2022-01-17 16:00:00,285.9,288.95,31.87,20.62,2.86
2022-01-17 17:00:00,61.9,62.72,27.57,34.15,1.93
2022-01-17 18:00:00,0.0,0.0,24.98,38.99,2.26
2022-01-17 19:00:00,0.0,0.0,23.87,41.02,2.59
2022-01-17 20:00:00,0.0,0.0,23.04,42.61,2.79
2022-01-17 21:00:00,0.0,0.0,22.2,44.03,2.84
2022-01-17 22:00:00,0.0,0.0,21.19,45.95,2.7
2022-01-17 23:00:00,0.0,0.0,20.27,48.01,2.71
2022-01-18 00:00:00,0.0,0.0,19.38,50.72,2.85
2022-01-18 01:00:00,0.0,0.0,18.48,54.07,2.99
2022-01-18 02:00:00,0.0,0.0,17.51,57.77,3.08
2022-01-18 03:00:00,0.0,0.0,16.57,61.06,3.08
2022-01-18 04:00:00,0.0,0.0,15.75,63.48,3.04
2022-01-18 05:00:00,0.0,0.0,15.08,64.74,2.99
2022-01-18 06:00:00,12.98,13.05,14.88,63.75,3.32
2022-01-18 07:00:00,165.43,167.27,16.63,55.6,3.89
2022-01-18 08:00:00,394.12,397.92,20.54,41.7,4.35
2022-01-18 09:00:00,612.08,613.88,25.12,27.0,6.21
2022-01-18 10:00:00,778.0,778.45,28.8,19.25,6.61
2022-01-18 11:00:00,872.62,873.0,31.01,16.83,5.82
2022-01-18 12:00:00,889.95,890.22,32.51,15.74,4.96
2022-01-18 13:00:00,824.95,825.15,33.24,15.52,4.28
2022-01-18 14:00:00,681.75,686.05,33.35,15.69,3.86
2022-01-18 15:00:00,481.12,481.85,32.79,16.41,3.62
2022-01-18 16:00:00,248.25,248.77,31.4,19.27,3.06
2022-01-18 17:00:00,52.8,52.88,26.79,35.59,1.66
2022-01-18 18:00:00,0.0,0.0,24.06,39.83,1.95
2022-01-18 19:00:00,0.0,0.0,23.13,39.87,2.31
2022-01-18 20:00:00,0.0,0.0,22.35,40.37,2.43
2022-01-18 21:00:00,0.0,0.0,21.61,41.45,2.36
2022-01-18 22:00:00,0.0,0.0,21.21,42.22,2.32
2022-01-18 23:00:00,0.0,0.0,20.54,43.78,2.37
2022-01-19 00:00:00,0.0,0.0,19.49,46.7,2.57
2022-01-19 01:00:00,0.0,0.0,18.42,50.21,2.93
2022-01-19 02:00:00,0.0,0.0,17.26,54.08,3.25
2022-01-19 03:00:00,0.0,0.0,16.15,57.88,3.45
2022-01-19 04:00:00,0.0,0.0,15.22,60.73,3.62
2022-01-19 05:00:00,0.0,0.0,14.53,62.08,3.66
2022-01-19 06:00:00,12.12,12.18,14.34,61.42,3.84
2022-01-19 07:00:00,167.45,168.1,16.17,54.55,4.04
2022-01-19 08:00:00,373.35,374.35,20.26,42.21,4.3
2022-01-19 09:00:00,588.15,588.92,24.73,31.46,5.38
2022-01-19 10:00:00,751.55,751.55,28.61,25.06,5.63
2022-01-19 11:00:00,803.47,834.68,30.98,22.13,4.97
2022-01-19 12:00:00,860.7,860.7,32.3,20.25,4.28
2022-01-19 13:00:00,791.9,791.9,32.93,19.08,3.82
2022-01-19 14:00:00,650.28,651.03,32.95,18.57,3.64
2022-01-19 15:00:00,449.38,450.52,32.38,18.84,3.59
2022-01-19 16:00:00,260.5,261.58,30.96,21.69,3.04
2022-01-19 17:00:00,49.9,50.1,26.48,37.79,1.68
2022-01-19 18:00:00,0.0,0.0,23.99,41.85,2.05
2022-01-19 19:00:00,0.0,0.0,23.19,42.39,2.37
2022-01-19 20:00:00,0.0,0.0,22.39,43.94,2.41
2022-01-19 21:00:00,0.0,0.0,21.55,45.9,2.37
2022-01-19 22:00:00,0.0,0.0,20.77,47.5,2.5
2022-01-19 23:00:00,0.0,0.0,20.05,48.69,2.96
2022-01-20 00:00:00,0.0,0.0,19.14,50.99,3.52
2022-01-20 01:00:00,0.0,0.0,17.97,54.48,3.92
2022-01-20 02:00:00,0.0,0.0,16.79,56.87,4.29
2022-01-20 03:00:00,0.0,0.0,15.83,57.38,4.45
2022-01-20 04:00:00,0.0,0.0,15.07,57.02,4.41
2022-01-20 05:00:00,0.0,0.0,14.42,56.98,4.31
2022-01-20 06:00:00,11.32,11.35,14.09,56.37,4.42
2022-01-20 07:00:00,162.98,163.3,15.79,49.4,4.81
2022-01-20 08:00:00,353.02,353.52,19.83,37.56,4.92
2022-01-20 09:00:00,570.88,571.25,24.43,26.55,5.39
2022-01-20 10:00:00,741.35,741.35,28.4,19.35,5.92
2022-01-20 11:00:00,804.99,836.26,30.77,16.86,5.39
2022-01-20 12:00:00,874.9,874.9,32.14,16.19,4.67
2022-01-20 13:00:00,808.65,808.65,32.82,16.33,4.11
2022-01-20 14:00:00,666.35,666.5,32.85,16.76,3.8
2022-01-20 15:00:00,463.45,463.67,32.4,17.44,3.71
2022-01-20 16:00:00,260.65,260.85,31.02,19.71,3.4
2022-01-20 17:00:00,53.35,53.4,26.48,33.75,1.95
2022-01-20 18:00:00,0.0,0.0,23.75,37.85,2.28
2022-01-20 19:00:00,0.0,0.0,22.83,37.6,2.53
2022-01-20 20:00:00,0.0,0.0,21.93,37.75,2.51
2022-01-20 21:00:00,0.0,0.0,21.06,38.37,2.42
2022-01-20 22:00:00,0.0,0.0,20.25,39.26,2.52
2022-01-20 23:00:00,0.0,0.0,19.47,40.0,3.01
2022-01-21 00:00:00,0.0,0.0,18.4,41.77,3.73
2022-01-21 01:00:00,0.0,0.0,17.05,45.12,4.01
2022-01-21 02:00:00,0.0,0.0,15.87,48.27,3.92
2022-01-21 03:00:00,0.0,0.0,14.95,50.64,3.8
2022-01-21 04:00:00,0.0,0.0,14.2,52.69,3.71
2022-01-21 05:00:00,0.0,0.0,13.61,54.17,3.56
2022-01-21 06:00:00,11.5,11.55,13.47,53.98,3.7
2022-01-21 07:00:00,145.38,146.4,15.3,48.08,3.87
2022-01-21 08:00:00,360.35,364.15,19.25,39.04,3.65
2022-01-21 09:00:00,580.75,582.28,24.55,25.3,6.0
2022-01-21 10:00:00,745.03,745.2,28.26,17.96,6.26
2022-01-21 11:00:00,838.3,847.42,30.37,15.41,5.46
2022-01-21 12:00:00,809.38,836.03,31.61,14.35,4.81
2022-01-21 13:00:00,739.7,770.15,32.22,14.01,4.43
2022-01-21 14:00:00,595.03,627.4,32.25,14.18,4.14
2022-01-21 15:00:00,404.9,427.45,31.66,14.86,3.92
2022-01-21 16:00:00,213.68,220.0,30.06,18.66,3.03
2022-01-21 17:00:00,43.8,44.62,25.68,33.23,1.76
2022-01-21 18:00:00,0.0,0.0,23.33,37.0,1.87
2022-01-21 19:00:00,0.0,0.0,22.48,37.87,1.94
2022-01-21 20:00:00,0.0,0.0,21.75,38.95,1.95
2022-01-21 21:00:00,0.0,0.0,21.08,40.08,1.98
2022-01-21 22:00:00,0.0,0.0,20.44,40.84,2.18
2022-01-21 23:00:00,0.0,0.0,19.79,41.55,2.6
2022-01-22 00:00:00,0.0,0.0,18.98,42.38,3.26
2022-01-22 01:00:00,0.0,0.0,17.86,44.12,3.7
2022-01-22 02:00:00,0.0,0.0,16.75,46.48,3.63
2022-01-22 03:00:00,0.0,0.0,15.94,48.15,3.5
2022-01-22 04:00:00,0.0,0.0,15.42,49.08,3.57
2022-01-22 05:00:00,0.0,0.0,15.17,49.8,3.75
2022-01-22 06:00:00,10.15,10.2,15.16,50.32,3.91
2022-01-22 07:00:00,152.12,152.6,16.3,47.66,3.92
2022-01-22 08:00:00,352.7,353.38,19.32,40.78,3.83
2022-01-22 09:00:00,518.15,518.65,23.97,29.4,5.44
2022-01-22 10:00:00,681.12,681.12,28.0,21.85,6.38
2022-01-22 11:00:00,808.17,839.56,30.78,18.49,6.0
2022-01-22 12:00:00,815.3,815.3,32.41,17.2,5.34
2022-01-22 13:00:00,747.55,747.55,33.14,16.71,4.86
2022-01-22 14:00:00,609.3,609.45,33.09,16.87,4.56
2022-01-22 15:00:00,416.35,416.55,32.7,17.46,4.32
2022-01-22 16:00:00,239.1,239.3,31.12,21.2,3.35
2022-01-22 17:00:00,48.95,49.0,26.81,34.86,1.99
2022-01-22 18:00:00,0.0,0.0,24.53,39.06,2.17
2022-01-22 19:00:00,0.0,0.0,23.71,40.29,2.24
2022-01-22 20:00:00,0.0,0.0,22.78,42.6,2.1
2022-01-22 21:00:00,0.0,0.0,21.99,44.77,2.0
2022-01-22 22:00:00,0.0,0.0,21.22,46.36,2.14
2022-01-22 23:00:00,0.0,0.0,20.42,47.7,2.55
2022-01-23 00:00:00,0.0,0.0,19.47,49.52,2.94
2022-01-23 01:00:00,0.0,0.0,18.42,51.2,3.12
2022-01-23 02:00:00,0.0,0.0,17.48,51.44,3.23
2022-01-23 03:00:00,0.0,0.0,16.72,50.48,3.3
2022-01-23 04:00:00,0.0,0.0,16.01,49.27,3.25
2022-01-23 05:00:00,0.0,0.0,15.41,47.79,3.23
2022-01-23 06:00:00,11.0,11.0,15.29,45.16,3.53
2022-01-23 07:00:00,168.6,168.82,17.04,38.53,4.17
2022-01-23 08:00:00,390.58,390.92,20.35,32.19,3.8
2022-01-23 09:00:00,559.45,559.65,24.95,23.14,5.22
2022-01-23 10:00:00,737.75,738.12,28.96,18.67,5.98
2022-01-23 11:00:00,843.65,844.17,31.54,16.2,5.54
2022-01-23 12:00:00,865.97,866.38,33.23,15.24,5.07
2022-01-23 13:00:00,802.8,803.12,34.09,14.92,4.84
2022-01-23 14:00:00,661.12,661.35,34.29,15.12,4.68
2022-01-23 15:00:00,460.35,460.52,33.84,15.98,4.41
2022-01-23 16:00:00,266.17,266.27,32.51,18.47,3.79
2022-01-23 17:00:00,54.9,54.9,27.85,32.83,1.95
2022-01-23 18:00:00,0.0,0.0,24.94,38.85,2.06
2022-01-23 19:00:00,0.0,0.0,23.96,40.27,2.2
2022-01-23 20:00:00,0.0,0.0,23.11,41.8,2.17
2022-01-23 21:00:00,0.0,0.0,22.31,43.25,2.1
2022-01-23 22:00:00,0.0,0.0,21.54,44.16,2.22
2022-01-23 23:00:00,0.0,0.0,20.68,44.66,2.6
2022-01-24 00:00:00,0.0,0.0,19.56,45.49,3.23
2022-01-24 01:00:00,0.0,0.0,18.26,46.97,3.6
2022-01-24 02:00:00,0.0,0.0,17.09,48.27,3.59
2022-01-24 03:00:00,0.0,0.0,16.19,49.13,3.52
2022-01-24 04:00:00,0.0,0.0,15.43,50.06,3.44
2022-01-24 05:00:00,0.0,0.0,14.76,51.26,3.3
2022-01-24 06:00:00,11.35,11.4,14.54,51.37,3.49
2022-01-24 07:00:00,167.55,168.32,16.38,45.77,3.67
2022-01-24 08:00:00,354.17,355.23,20.43,35.8,3.52
2022-01-24 09:00:00,574.58,575.35,25.52,23.34,5.09
2022-01-24 10:00:00,746.95,746.95,29.83,16.78,5.92
2022-01-24 11:00:00,852.88,852.88,32.52,14.71,5.5
2022-01-24 12:00:00,825.68,857.76,33.98,14.19,4.91
2022-01-24 13:00:00,840.53,840.53,34.7,14.22,4.39
2022-01-24 14:00:00,700.05,700.05,34.82,14.65,3.97
2022-01-24 15:00:00,496.7,496.73,34.29,15.55,3.77
2022-01-24 16:00:00,262.12,262.15,32.93,18.13,3.31
2022-01-24 17:00:00,61.75,61.78,28.2,33.31,1.77
2022-01-24 18:00:00,0.0,0.0,25.34,38.46,2.0
2022-01-24 19:00:00,0.0,0.0,24.38,39.83,2.25
2022-01-24 20:00:00,0.0,0.0,23.5,41.7,2.3
2022-01-24 21:00:00,0.0,0.0,22.65,43.62,2.19
2022-01-24 22:00:00,0.0,0.0,21.81,45.54,2.09
2022-01-24 23:00:00,0.0,0.0,20.92,47.89,2.13
2022-01-25 00:00:00,0.0,0.0,19.99,50.5,2.35
2022-01-25 01:00:00,0.0,0.0,19.01,53.45,2.66
2022-01-25 02:00:00,0.0,0.0,18.01,56.05,2.92
2022-01-25 03:00:00,0.0,0.0,17.08,58.05,3.25
2022-01-25 04:00:00,0.0,0.0,16.19,60.34,3.38
2022-01-25 05:00:00,0.0,0.0,15.35,62.72,3.14
2022-01-25 06:00:00,11.68,11.73,15.08,62.4,3.34
2022-01-25 07:00:00,146.85,148.82,17.0,54.02,3.79
2022-01-25 08:00:00,361.8,368.15,21.1,40.39,4.07
2022-01-25 09:00:00,581.47,587.38,25.83,26.02,5.79
2022-01-25 10:00:00,752.8,755.85,29.85,17.13,6.78
2022-01-25 11:00:00,858.53,858.53,32.18,14.46,6.44
2022-01-25 12:00:00,827.67,859.82,33.55,13.46,5.97
2022-01-25 13:00:00,869.4,869.4,34.17,13.17,5.62
2022-01-25 14:00:00,730.03,730.03,34.12,13.4,5.4
2022-01-25 15:00:00,526.92,527.38,33.5,14.11,5.31
2022-01-25 16:00:00,286.25,286.88,32.09,15.81,4.86
2022-01-25 17:00:00,67.7,67.93,27.75,26.28,2.61
2022-01-25 18:00:00,0.0,0.0,24.62,33.94,2.25
2022-01-25 19:00:00,0.0,0.0,23.58,36.36,2.24
2022-01-25 20:00:00,0.0,0.0,22.7,38.02,2.4
2022-01-25 21:00:00,0.0,0.0,21.86,39.54,2.79
2022-01-25 22:00:00,0.0,0.0,20.85,41.47,3.42
2022-01-25 23:00:00,0.0,0.0,19.61,44.0,3.91
2022-01-26 00:00:00,0.0,0.0,18.29,46.86,3.92
2022-01-26 01:00:00,0.0,0.0,17.14,49.47,3.74
2022-01-26 02:00:00,0.0,0.0,16.24,51.51,3.51
2022-01-26 03:00:00,0.0,0.0,15.57,52.78,3.37
2022-01-26 04:00:00,0.0,0.0,14.96,53.99,3.24
2022-01-26 05:00:00,0.0,0.0,14.45,54.7,3.2
2022-01-26 06:00:00,12.73,12.82,14.41,53.15,3.6
2022-01-26 07:00:00,178.05,179.25,16.39,45.39,4.07
2022-01-26 08:00:00,397.33,399.0,20.58,33.42,4.33
2022-01-26 09:00:00,621.35,622.53,25.19,22.69,5.58
2022-01-26 10:00:00,793.65,793.65,29.09,16.47,5.97
2022-01-26 11:00:00,815.02,846.68,31.56,14.49,5.29
2022-01-26 12:00:00,940.25,940.25,32.95,13.88,4.53
2022-01-26 13:00:00,873.9,873.9,33.73,13.63,3.88
2022-01-26 14:00:00,731.38,731.38,33.95,13.72,3.32
2022-01-26 15:00:00,525.25,525.25,33.57,14.29,2.91
2022-01-26 16:00:00,282.6,282.62,32.05,21.06,1.82
2022-01-26 17:00:00,67.97,68.0,27.65,37.39,1.13
2022-01-26 18:00:00,0.0,0.0,25.19,38.93,1.31
2022-01-26 19:00:00,0.0,0.0,23.88,40.75,1.44
2022-01-26 20:00:00,0.0,0.0,22.87,42.16,1.59
2022-01-26 21:00:00,0.0,0.0,21.98,44.16,1.67
2022-01-26 22:00:00,0.0,0.0,21.07,47.01,1.62
2022-01-26 23:00:00,0.0,0.0,20.2,50.18,1.56
2022-01-27 00:00:00,0.0,0.0,19.39,53.24,1.61
2022-01-27 01:00:00,0.0,0.0,18.67,56.4,1.75
2022-01-27 02:00:00,0.0,0.0,17.99,60.14,1.88
2022-01-27 03:00:00,0.0,0.0,17.37,63.97,1.92
2022-01-27 04:00:00,0.0,0.0,16.85,67.27,1.87
2022-01-27 05:00:00,0.0,0.0,16.38,70.45,1.78
2022-01-27 06:00:00,11.75,11.75,16.57,71.33,2.0
2022-01-27 07:00:00,162.48,162.6,18.91,62.4,3.02
2022-01-27 08:00:00,366.23,366.4,22.36,50.36,2.83
2022-01-27 09:00:00,583.45,583.58,26.82,35.17,3.73
2022-01-27 10:00:00,751.08,751.08,30.82,25.07,3.95
2022-01-27 11:00:00,816.83,848.56,33.03,21.29,3.33
2022-01-27 12:00:00,850.22,850.22,34.5,19.08,2.82
2022-01-27 13:00:00,783.33,783.33,35.19,17.87,2.55
2022-01-27 14:00:00,640.85,641.42,35.28,17.27,2.46
2022-01-27 15:00:00,474.77,475.67,34.84,17.32,2.57
2022-01-27 16:00:00,260.08,260.85,33.51,19.84,2.36
2022-01-27 17:00:00,54.92,55.15,28.89,36.31,1.39
2022-01-27 18:00:00,0.0,0.0,26.15,39.16,1.75
2022-01-27 19:00:00,0.0,0.0,25.08,39.77,2.06
2022-01-27 20:00:00,0.0,0.0,24.1,41.2,2.21
2022-01-27 21:00:00,0.0,0.0,23.21,42.93,2.21
2022-01-27 22:00:00,0.0,0.0,22.39,44.82,2.16
2022-01-27 23:00:00,0.0,0.0,21.6,47.02,2.15
2022-01-28 00:00:00,0.0,0.0,20.85,49.67,2.26
2022-01-28 01:00:00,0.0,0.0,20.17,52.72,2.55
2022-01-28 02:00:00,0.0,0.0,19.57,56.03,2.98
2022-01-28 03:00:00,0.0,0.0,18.98,59.42,3.27
2022-01-28 04:00:00,0.0,0.0,18.34,62.62,3.28
2022-01-28 05:00:00,0.0,0.0,17.75,65.18,3.21
2022-01-28 06:00:00,10.65,10.68,17.58,65.85,3.48
2022-01-28 07:00:00,154.62,156.48,19.16,59.82,3.83
2022-01-28 08:00:00,330.08,335.42,22.73,47.65,3.81
2022-01-28 09:00:00,539.95,552.4,27.24,33.61,5.01
2022-01-28 10:00:00,690.62,726.62,31.3,26.36,5.19
2022-01-28 11:00:00,748.47,825.0,33.58,24.34,4.5
2022-01-28 12:00:00,656.22,757.55,34.97,22.76,3.86
2022-01-28 13:00:00,670.3,690.33,35.74,21.52,3.42
2022-01-28 14:00:00,528.72,549.4,35.86,20.85,3.12
2022-01-28 15:00:00,364.88,365.0,35.4,20.91,2.92
2022-01-28 16:00:00,219.15,219.48,33.79,26.4,2.03
2022-01-28 17:00:00,46.65,46.75,29.75,40.12,1.4
2022-01-28 18:00:00,0.0,0.0,27.54,41.75,1.84
2022-01-28 19:00:00,0.0,0.0,26.58,42.31,2.31
2022-01-28 20:00:00,0.0,0.0,25.74,43.5,2.64
2022-01-28 21:00:00,0.0,0.0,25.0,44.58,2.79
2022-01-28 22:00:00,0.0,0.0,24.2,45.89,2.85
2022-01-28 23:00:00,0.0,0.0,23.35,47.63,2.91
2022-01-29 00:00:00,0.0,0.0,22.45,49.95,3.0
2022-01-29 01:00:00,0.0,0.0,21.55,52.57,3.02
2022-01-29 02:00:00,0.0,0.0,20.72,55.17,2.98
2022-01-29 03:00:00,0.0,0.0,20.01,57.51,3.1
2022-01-29 04:00:00,0.0,0.0,19.38,59.26,3.35
2022-01-29 05:00:00,0.0,0.0,18.84,60.46,3.43
2022-01-29 06:00:00,8.27,8.3,18.67,60.13,3.68
2022-01-29 07:00:00,123.53,123.82,19.9,54.92,4.08
2022-01-29 08:00:00,263.83,264.2,22.81,43.46,4.48
2022-01-29 09:00:00,438.98,439.27,26.21,32.62,5.21
2022-01-29 10:00:00,618.33,618.45,29.34,25.53,5.47
2022-01-29 11:00:00,679.62,680.25,32.06,21.51,5.33
2022-01-29 12:00:00,771.47,772.75,33.6,19.83,4.99
2022-01-29 13:00:00,720.3,722.35,34.4,19.18,4.78
2022-01-29 14:00:00,572.33,575.22,34.56,19.34,4.66
2022-01-29 15:00:00,391.33,393.77,34.32,20.03,4.55
2022-01-29 16:00:00,238.55,240.02,32.77,23.59,3.55
2022-01-29 17:00:00,51.45,51.67,28.61,36.06,2.01
2022-01-29 18:00:00,0.0,0.0,26.26,40.85,2.05
2022-01-29 19:00:00,0.0,0.0,25.35,42.51,2.09
2022-01-29 20:00:00,0.0,0.0,24.54,44.39,2.15
2022-01-29 21:00:00,0.0,0.0,23.78,46.21,2.38
2022-01-29 22:00:00,0.0,0.0,23.0,48.44,2.83
2022-01-29 23:00:00,0.0,0.0,22.08,51.33,3.3
2022-01-30 00:00:00,0.0,0.0,20.96,55.02,3.43
2022-01-30 01:00:00,0.0,0.0,19.81,58.64,3.33
2022-01-30 02:00:00,0.0,0.0,18.82,61.26,3.24
2022-01-30 03:00:00,0.0,0.0,17.99,63.0,3.19
2022-01-30 04:00:00,0.0,0.0,17.3,63.89,3.18
2022-01-30 05:00:00,0.0,0.0,16.7,64.16,3.25
2022-01-30 06:00:00,9.77,9.9,16.58,62.33,3.69
2022-01-30 07:00:00,116.9,118.88,18.46,53.97,4.19
2022-01-30 08:00:00,292.88,305.95,22.63,38.51,4.85
2022-01-30 09:00:00,495.38,523.53,27.39,22.51,6.82
2022-01-30 10:00:00,699.58,705.47,30.78,16.56,6.72
2022-01-30 11:00:00,826.97,828.12,33.11,14.47,6.07
2022-01-30 12:00:00,750.22,758.08,34.76,13.33,5.6
2022-01-30 13:00:00,720.42,723.85,35.67,12.74,5.35
2022-01-30 14:00:00,603.85,604.97,35.86,12.71,5.26
2022-01-30 15:00:00,426.3,428.23,35.36,13.25,5.04
2022-01-30 16:00:00,207.55,208.2,33.93,15.3,4.25
2022-01-30 17:00:00,50.22,49.67,29.21,26.82,2.25
2022-01-30 18:00:00,0.0,0.0,26.24,32.24,2.31
2022-01-30 19:00:00,0.0,0.0,25.21,33.27,2.5
2022-01-30 20:00:00,0.0,0.0,24.23,34.78,2.51
2022-01-30 21:00:00,0.0,0.0,23.26,36.66,2.67
2022-01-30 22:00:00,0.0,0.0,22.31,38.32,3.13
2022-01-30 23:00:00,0.0,0.0,21.22,40.57,3.64
2022-01-31 00:00:00,0.0,0.0,20.01,43.23,3.84
2022-01-31 01:00:00,0.0,0.0,18.94,45.38,3.99
2022-01-31 02:00:00,0.0,0.0,18.06,46.79,4.03
2022-01-31 03:00:00,0.0,0.0,17.37,47.35,3.85
2022-01-31 04:00:00,0.0,0.0,16.79,47.64,3.59
2022-01-31 05:00:00,0.0,0.0,16.25,48.3,3.35
2022-01-31 06:00:00,12.27,12.02,16.16,47.84,3.59
2022-01-31 07:00:00,142.35,144.65,18.08,42.09,4.0
2022-01-31 08:00:00,331.58,353.73,22.03,31.71,4.24
2022-01-31 09:00:00,536.97,569.88,26.79,18.57,6.5
2022-01-31 10:00:00,736.33,741.58,30.32,12.69,6.92
2022-01-31 11:00:00,840.05,846.03,32.55,10.85,6.6
2022-01-31 12:00:00,911.08,918.08,34.05,10.08,6.23
2022-01-31 13:00:00,845.22,852.92,34.85,9.83,5.87
2022-01-31 14:00:00,678.5,699.35,34.98,9.92,5.57
2022-01-31 15:00:00,461.67,487.1,34.59,10.31,5.39
2022-01-31 16:00:00,229.38,249.57,33.16,11.73,4.89
2022-01-31 17:00:00,57.8,60.15,28.58,20.55,2.82
2022-01-31 18:00:00,0.0,0.0,25.43,26.25,2.76
2022-01-31 19:00:00,0.0,0.0,24.35,28.17,2.81
2022-01-31 20:00:00,0.0,0.0,23.31,30.73,2.73
2022-01-31 21:00:00,0.0,0.0,22.26,33.58,2.72
2022-01-31 22:00:00,0.0,0.0,21.17,36.83,2.8
2022-01-31 23:00:00,0.0,0.0,20.02,40.75,2.83
2022-02-01 00:00:00,0.0,0.0,18.85,45.19,2.74
2022-02-01 01:00:00,0.0,0.0,17.83,49.25,2.66
2022-02-01 02:00:00,0.0,0.0,16.98,52.71,2.64
2022-02-01 03:00:00,0.0,0.0,16.31,55.1,2.67
2022-02-01 04:00:00,0.0,0.0,15.73,56.95,2.73
2022-02-01 05:00:00,0.0,0.0,15.2,58.31,2.74
2022-02-01 06:00:00,11.93,11.95,15.24,56.91,3.27
2022-02-01 07:00:00,170.62,171.68,17.33,48.88,3.76
2022-02-01 08:00:00,401.23,403.6,21.57,34.48,4.07
2022-02-01 09:00:00,578.2,580.25,26.16,21.86,5.28
2022-02-01 10:00:00,755.88,758.33,30.27,14.36,5.73
2022-02-01 11:00:00,865.78,869.38,32.54,12.25,5.21
2022-02-01 12:00:00,971.17,973.15,33.79,11.47,4.71
2022-02-01 13:00:00,908.2,908.75,34.4,11.19,4.42
2022-02-01 14:00:00,764.6,764.67,34.36,11.32,4.31
2022-02-01 15:00:00,555.85,556.6,33.69,11.87,4.36
2022-02-01 16:00:00,307.77,308.75,32.29,13.33,4.18
2022-02-01 17:00:00,78.82,79.2,27.91,23.68,2.29
2022-02-01 18:00:00,0.0,0.0,24.73,30.1,2.13
2022-02-01 19:00:00,0.0,0.0,23.65,32.08,2.13
2022-02-01 20:00:00,0.0,0.0,22.75,33.84,2.13
2022-02-01 21:00:00,0.0,0.0,21.9,35.35,2.15
2022-02-01 22:00:00,0.0,0.0,21.01,36.88,2.24
2022-02-01 23:00:00,0.0,0.0,19.99,38.92,2.37
2022-02-02 00:00:00,0.0,0.0,18.84,41.5,2.57
2022-02-02 01:00:00,0.0,0.0,17.75,44.04,2.82
2022-02-02 02:00:00,0.0,0.0,16.75,46.59,3.03
2022-02-02 03:00:00,0.0,0.0,15.83,49.06,3.07
2022-02-02 04:00:00,0.0,0.0,15.11,50.95,3.06
2022-02-02 05:00:00,0.0,0.0,14.68,51.56,3.13
2022-02-02 06:00:00,12.35,12.32,14.73,50.58,3.56
2022-02-02 07:00:00,173.43,173.77,16.57,44.56,3.85
2022-02-02 08:00:00,372.02,372.45,20.29,33.98,3.82
2022-02-02 09:00:00,595.38,595.7,25.1,21.63,5.05
2022-02-02 10:00:00,771.28,771.35,29.74,13.85,5.97
2022-02-02 11:00:00,877.78,877.83,32.31,11.63,5.38
2022-02-02 12:00:00,923.85,923.88,33.69,11.05,4.56
2022-02-02 13:00:00,858.12,858.12,34.38,10.94,3.86
2022-02-02 14:00:00,715.33,715.53,34.44,11.1,3.4
2022-02-02 15:00:00,508.15,508.48,33.93,11.56,3.14
2022-02-02 16:00:00,297.8,298.12,32.59,13.66,2.67
2022-02-02 17:00:00,70.93,70.97,27.75,29.67,1.37
2022-02-02 18:00:00,0.0,0.0,24.76,32.8,1.61
2022-02-02 19:00:00,0.0,0.0,23.68,33.18,1.79
2022-02-02 20:00:00,0.0,0.0,22.81,33.69,1.89
2022-02-02 21:00:00,0.0,0.0,22.02,34.59,1.89
2022-02-02 22:00:00,0.0,0.0,21.28,35.68,1.82
2022-02-02 23:00:00,0.0,0.0,20.55,36.58,1.84
2022-02-03 00:00:00,0.0,0.0,19.74,37.14,2.03
2022-02-03 01:00:00,0.0,0.0,18.86,37.97,2.4
2022-02-03 02:00:00,0.0,0.0,17.83,40.11,2.77
2022-02-03 03:00:00,0.0,0.0,16.72,43.53,2.96
2022-02-03 04:00:00,0.0,0.0,15.73,47.7,2.88
2022-02-03 05:00:00,0.0,0.0,14.94,52.08,2.64
2022-02-03 06:00:00,10.8,10.82,14.87,53.76,2.96
2022-02-03 07:00:00,158.25,158.52,16.73,48.26,3.5
2022-02-03 08:00:00,362.1,362.52,20.2,39.86,2.95
2022-02-03 09:00:00,529.53,529.83,25.41,24.61,4.17
2022-02-03 10:00:00,697.0,697.0,30.23,15.09,5.23
2022-02-03 11:00:00,802.45,802.45,32.93,12.24,4.65
2022-02-03 12:00:00,870.78,870.78,34.61,11.36,3.71
2022-02-03 13:00:00,804.6,804.6,35.28,11.3,2.85
2022-02-03 14:00:00,652.5,652.5,35.28,11.48,2.31
2022-02-03 15:00:00,458.02,458.12,34.67,11.99,2.13
2022-02-03 16:00:00,270.65,270.77,33.07,17.15,1.65
2022-02-03 17:00:00,61.85,61.88,28.39,31.82,1.25
2022-02-03 18:00:00,0.0,0.0,25.67,32.32,1.6
2022-02-03 19:00:00,0.0,0.0,24.51,32.46,1.88
2022-02-03 20:00:00,0.0,0.0,23.53,33.19,2.03
2022-02-03 21:00:00,0.0,0.0,22.67,34.52,1.99
2022-02-03 22:00:00,0.0,0.0,21.9,35.99,1.89
2022-02-03 23:00:00,0.0,0.0,21.24,37.4,1.81
2022-02-04 00:00:00,0.0,0.0,20.61,38.99,1.84
2022-02-04 01:00:00,0.0,0.0,19.94,41.09,2.02
2022-02-04 02:00:00,0.0,0.0,19.24,43.9,2.35
2022-02-04 03:00:00,0.0,0.0,18.49,47.65,2.7
2022-02-04 04:00:00,0.0,0.0,17.67,52.38,2.87
2022-02-04 05:00:00,0.0,0.0,16.96,57.19,2.97
2022-02-04 06:00:00,10.8,10.8,16.8,60.13,3.53
2022-02-04 07:00:00,153.75,153.98,18.36,56.48,4.11
2022-02-04 08:00:00,360.45,360.77,21.78,46.52,4.0
2022-02-04 09:00:00,532.25,532.5,26.34,33.44,5.36
2022-02-04 10:00:00,700.78,700.78,30.39,24.37,5.82
2022-02-04 11:00:00,805.42,805.47,33.15,19.82,5.22
2022-02-04 12:00:00,802.58,802.7,34.68,17.61,4.43
2022-02-04 13:00:00,736.85,737.05,35.42,16.39,3.75
2022-02-04 14:00:00,603.72,604.1,35.52,15.85,3.28
2022-02-04 15:00:00,415.67,416.08,34.99,16.06,3.05
2022-02-04 16:00:00,242.2,242.5,33.54,18.9,2.48
2022-02-04 17:00:00,55.22,55.28,28.99,32.9,1.53
2022-02-04 18:00:00,0.0,0.0,26.36,35.31,1.94
2022-02-04 19:00:00,0.0,0.0,25.32,35.77,2.32
2022-02-04 20:00:00,0.0,0.0,24.39,36.86,2.49
2022-02-04 21:00:00,0.0,0.0,23.55,38.07,2.5
2022-02-04 22:00:00,0.0,0.0,22.75,39.5,2.46
2022-02-04 23:00:00,0.0,0.0,22.0,41.28,2.5
2022-02-05 00:00:00,0.0,0.0,21.27,43.27,2.81
2022-02-05 01:00:00,0.0,0.0,20.49,45.77,3.34
2022-02-05 02:00:00,0.0,0.0,19.45,49.72,3.45
2022-02-05 03:00:00,0.0,0.0,18.41,53.8,3.31
2022-02-05 04:00:00,0.0,0.0,17.53,57.02,3.27
2022-02-05 05:00:00,0.0,0.0,16.77,59.78,3.18
2022-02-05 06:00:00,10.23,10.25,16.43,60.62,3.46
2022-02-05 07:00:00,152.88,153.27,17.88,54.79,3.68
2022-02-05 08:00:00,357.3,357.88,21.52,42.55,3.43
2022-02-05 09:00:00,530.12,530.55,26.44,26.59,4.91
2022-02-05 10:00:00,701.83,701.83,30.78,17.87,5.48
2022-02-05 11:00:00,799.55,813.95,33.16,15.55,4.74
2022-02-05 12:00:00,871.65,871.65,34.54,14.67,4.02
2022-02-05 13:00:00,805.6,805.6,35.2,14.52,3.48
2022-02-05 14:00:00,667.2,667.35,35.25,14.69,3.15
2022-02-05 15:00:00,467.45,467.67,34.87,15.08,2.99
2022-02-05 16:00:00,278.2,278.4,33.51,17.77,2.46
2022-02-05 17:00:00,70.07,70.12,28.95,31.97,1.48
2022-02-05 18:00:00,0.0,0.0,26.3,34.45,1.85
2022-02-05 19:00:00,0.0,0.0,25.29,34.84,2.14
2022-02-05 20:00:00,0.0,0.0,24.44,35.7,2.24
2022-02-05 21:00:00,0.0,0.0,23.62,36.97,2.15
2022-02-05 22:00:00,0.0,0.0,22.85,38.55,2.01
2022-02-05 23:00:00,0.0,0.0,22.09,40.35,1.98
2022-02-06 00:00:00,0.0,0.0,21.28,42.57,2.14
2022-02-06 01:00:00,0.0,0.0,20.41,45.35,2.44
2022-02-06 02:00:00,0.0,0.0,19.47,49.04,2.64
2022-02-06 03:00:00,0.0,0.0,18.52,53.38,2.54
2022-02-06 04:00:00,0.0,0.0,17.69,57.43,2.36
2022-02-06 05:00:00,0.0,0.0,17.03,60.73,2.34
2022-02-06 06:00:00,11.35,11.38,16.92,61.44,2.91
2022-02-06 07:00:00,160.05,160.2,18.47,55.6,3.44
2022-02-06 08:00:00,364.3,364.48,21.93,43.77,3.19
2022-02-06 09:00:00,529.52,542.23,26.22,30.3,4.07
2022-02-06 10:00:00,689.03,701.97,30.27,21.32,4.48
2022-02-06 11:00:00,776.22,801.65,32.95,17.47,4.04
2022-02-06 12:00:00,789.0,815.55,34.49,15.99,3.46
2022-02-06 13:00:00,717.97,748.75,35.24,15.43,3.01
2022-02-06 14:00:00,579.42,602.75,35.35,15.41,2.75
2022-02-06 15:00:00,391.25,405.1,34.88,15.92,2.63
2022-02-06 16:00:00,206.52,211.18,33.46,19.98,1.97
2022-02-06 17:00:00,50.45,51.03,29.3,34.64,1.24
2022-02-06 18:00:00,0.0,0.0,26.94,36.14,1.53
2022-02-06 19:00:00,0.0,0.0,25.96,36.35,1.79
2022-02-06 20:00:00,0.0,0.0,25.12,37.05,1.96
2022-02-06 21:00:00,0.0,0.0,24.4,38.02,1.99
2022-02-06 22:00:00,0.0,0.0,23.73,39.32,1.93
2022-02-06 23:00:00,0.0,0.0,23.06,40.92,1.89
2022-02-07 00:00:00,0.0,0.0,22.39,42.65,2.01
2022-02-07 01:00:00,0.0,0.0,21.68,44.63,2.36
2022-02-07 02:00:00,0.0,0.0,20.93,47.23,2.85
2022-02-07 03:00:00,0.0,0.0,20.07,50.68,3.12
2022-02-07 04:00:00,0.0,0.0,19.23,54.12,3.11
2022-02-07 05:00:00,0.0,0.0,18.57,56.51,3.14
2022-02-07 06:00:00,9.23,9.4,18.33,57.1,3.48
2022-02-07 07:00:00,103.7,107.03,19.52,52.84,3.81
2022-02-07 08:00:00,255.6,270.73,22.42,43.36,3.55
2022-02-07 09:00:00,438.23,464.9,26.53,30.02,4.46
2022-02-07 10:00:00,633.38,633.72,30.35,21.66,4.8
2022-02-07 11:00:00,754.42,754.92,33.0,17.51,4.53
2022-02-07 12:00:00,733.22,735.03,34.14,16.03,4.09
2022-02-07 13:00:00,665.72,667.22,34.7,15.41,3.79
2022-02-07 14:00:00,555.28,556.1,34.71,15.41,3.57
2022-02-07 15:00:00,374.5,375.42,34.28,15.98,3.39
2022-02-07 16:00:00,207.52,208.15,32.53,21.4,2.21
2022-02-07 17:00:00,48.92,49.08,28.59,33.48,1.5
2022-02-07 18:00:00,0.0,0.0,26.43,36.19,1.68
2022-02-07 19:00:00,0.0,0.0,25.53,36.99,1.8
2022-02-07 20:00:00,0.0,0.0,24.79,37.82,1.84
2022-02-07 21:00:00,0.0,0.0,24.15,38.68,1.82
2022-02-07 22:00:00,0.0,0.0,23.56,39.59,1.79
2022-02-07 23:00:00,0.0,0.0,22.94,40.58,1.82
2022-02-08 00:00:00,0.0,0.0,22.26,41.91,1.98
2022-02-08 01:00:00,0.0,0.0,21.54,43.83,2.24
2022-02-08 02:00:00,0.0,0.0,20.75,46.45,2.48
2022-02-08 03:00:00,0.0,0.0,19.95,49.41,2.54
2022-02-08 04:00:00,0.0,0.0,19.24,52.43,2.5
2022-02-08 05:00:00,0.0,0.0,18.7,55.07,2.47
2022-02-08 06:00:00,8.25,8.62,18.64,55.83,2.89
2022-02-08 07:00:00,93.65,98.18,19.81,52.29,3.52
2022-02-08 08:00:00,217.3,244.52,22.2,46.29,3.12
2022-02-08 09:00:00,380.17,427.23,26.1,38.23,3.57
2022-02-08 10:00:00,517.15,590.8,29.9,31.93,3.95
2022-02-08 11:00:00,638.42,702.33,32.88,26.33,4.1
2022-02-08 12:00:00,853.85,854.88,34.92,22.46,3.94
2022-02-08 13:00:00,784.92,792.53,35.85,20.35,3.8
2022-02-08 14:00:00,631.9,651.97,35.98,19.34,3.69
2022-02-08 15:00:00,437.25,451.5,35.41,19.26,3.55
2022-02-08 16:00:00,241.88,244.43,34.04,21.47,2.81
2022-02-08 17:00:00,59.97,60.15,29.85,34.6,1.49
2022-02-08 18:00:00,0.0,0.0,27.26,38.19,1.64
2022-02-08 19:00:00,0.0,0.0,26.18,39.24,1.75
2022-02-08 20:00:00,0.0,0.0,25.29,40.27,1.78
2022-02-08 21:00:00,0.0,0.0,24.54,41.56,1.71
2022-02-08 22:00:00,0.0,0.0,23.85,43.21,1.63
2022-02-08 23:00:00,0.0,0.0,23.16,45.08,1.62
2022-02-09 00:00:00,0.0,0.0,22.42,47.12,1.78
2022-02-09 01:00:00,0.0,0.0,21.69,49.55,2.09
2022-02-09 02:00:00,0.0,0.0,20.96,52.7,2.39
2022-02-09 03:00:00,0.0,0.0,20.21,56.6,2.45
2022-02-09 04:00:00,0.0,0.0,19.52,60.48,2.33
2022-02-09 05:00:00,0.0,0.0,18.98,63.8,2.26
2022-02-09 06:00:00,10.82,10.82,19.07,64.49,2.74
2022-02-09 07:00:00,144.75,145.2,20.76,59.02,3.26
2022-02-09 08:00:00,355.45,356.6,24.09,49.23,2.75
2022-02-09 09:00:00,508.0,509.12,28.47,37.53,3.31
2022-02-09 10:00:00,664.58,666.38,32.33,28.68,3.76
2022-02-09 11:00:00,770.22,774.3,34.74,23.5,3.86
2022-02-09 12:00:00,829.97,833.28,36.35,20.55,3.71
2022-02-09 13:00:00,771.88,773.22,37.12,18.98,3.52
2022-02-09 14:00:00,629.5,632.9,37.26,18.27,3.35
2022-02-09 15:00:00,433.15,435.55,36.8,18.33,3.2
2022-02-09 16:00:00,233.65,234.43,35.56,20.3,2.61
2022-02-09 17:00:00,68.6,68.8,31.35,35.08,1.26
2022-02-09 18:00:00,0.0,0.0,28.72,38.71,1.41
2022-02-09 19:00:00,0.0,0.0,27.66,40.05,1.53
2022-02-09 20:00:00,0.0,0.0,26.72,41.9,1.59
2022-02-09 21:00:00,0.0,0.0,25.86,44.08,1.6
2022-02-09 22:00:00,0.0,0.0,25.03,46.35,1.59
2022-02-09 23:00:00,0.0,0.0,24.23,48.5,1.7
2022-02-10 00:00:00,0.0,0.0,23.47,50.58,2.02
2022-02-10 01:00:00,0.0,0.0,22.63,53.31,2.44
2022-02-10 02:00:00,0.0,0.0,21.67,56.7,2.74
2022-02-10 03:00:00,0.0,0.0,20.67,59.91,2.86
2022-02-10 04:00:00,0.0,0.0,19.75,62.48,2.92
2022-02-10 05:00:00,0.0,0.0,18.89,64.58,2.88
2022-02-10 06:00:00,12.4,12.4,18.61,64.0,3.29
2022-02-10 07:00:00,168.9,169.3,20.41,55.61,3.57
2022-02-10 08:00:00,358.23,358.85,24.48,39.58,3.48
2022-02-10 09:00:00,584.65,585.4,29.32,24.94,4.43
2022-02-10 10:00:00,769.17,769.83,33.97,14.49,5.81
2022-02-10 11:00:00,885.28,885.72,36.42,11.47,5.85
2022-02-10 12:00:00,952.67,952.97,37.7,10.42,5.57
2022-02-10 13:00:00,896.78,896.92,38.3,10.03,5.31
2022-02-10 14:00:00,755.72,755.72,38.27,10.01,5.11
2022-02-10 15:00:00,552.33,552.33,37.57,10.35,4.88
2022-02-10 16:00:00,307.12,307.12,36.14,11.83,4.17
2022-02-10 17:00:00,85.25,85.25,31.29,21.81,2.19
2022-02-10 18:00:00,0.0,0.0,28.11,26.53,2.28
2022-02-10 19:00:00,0.0,0.0,27.06,27.88,2.47
2022-02-10 20:00:00,0.0,0.0,26.07,29.75,2.46
2022-02-10 21:00:00,0.0,0.0,25.05,32.26,2.33
2022-02-10 22:00:00,0.0,0.0,23.98,35.34,2.22
2022-02-10 23:00:00,0.0,0.0,22.88,39.05,2.24
2022-02-11 00:00:00,0.0,0.0,21.73,43.26,2.25
2022-02-11 01:00:00,0.0,0.0,20.66,47.42,2.15
2022-02-11 02:00:00,0.0,0.0,19.81,50.86,2.01
2022-02-11 03:00:00,0.0,0.0,19.17,53.5,1.93
2022-02-11 04:00:00,0.0,0.0,18.55,55.85,1.99
2022-02-11 05:00:00,0.0,0.0,17.94,58.37,2.07
2022-02-11 06:00:00,15.1,15.12,18.17,57.88,2.68
2022-02-11 07:00:00,189.0,189.18,20.61,50.14,3.56
2022-02-11 08:00:00,411.17,411.38,24.88,37.76,3.32
2022-02-11 09:00:00,638.78,638.92,29.84,25.04,3.84
2022-02-11 10:00:00,812.25,812.25,34.34,15.38,4.93
2022-02-11 11:00:00,814.38,829.28,36.58,12.34,4.65
2022-02-11 12:00:00,920.0,920.0,37.88,10.89,4.15
2022-02-11 13:00:00,858.38,858.38,38.49,10.13,3.7
2022-02-11 14:00:00,717.2,717.28,38.5,9.79,3.36
2022-02-11 15:00:00,512.42,512.55,37.96,9.84,3.04
2022-02-11 16:00:00,277.67,277.8,36.59,11.68,2.33
2022-02-11 17:00:00,77.68,77.72,31.68,27.01,1.15
2022-02-11 18:00:00,0.0,0.0,28.65,29.34,1.33
2022-02-11 19:00:00,0.0,0.0,27.25,31.6,1.33
2022-02-11 20:00:00,0.0,0.0,26.2,34.24,1.27
2022-02-11 21:00:00,0.0,0.0,25.74,35.59,1.21
2022-02-11 22:00:00,0.0,0.0,25.22,36.91,1.18
2022-02-11 23:00:00,0.0,0.0,23.93,40.66,1.24
2022-02-12 00:00:00,0.0,0.0,22.59,44.58,1.28
2022-02-12 01:00:00,0.0,0.0,21.59,47.48,1.26
2022-02-12 02:00:00,0.0,0.0,20.82,49.76,1.23
2022-02-12 03:00:00,0.0,0.0,20.08,51.82,1.2
2022-02-12 04:00:00,0.0,0.0,19.3,53.98,1.17
2022-02-12 05:00:00,0.0,0.0,18.6,55.99,1.17
2022-02-12 06:00:00,12.0,13.98,18.86,55.85,1.23
2022-02-12 07:00:00,154.98,160.6,21.94,45.19,2.66
2022-02-12 08:00:00,374.27,388.9,25.43,38.0,2.56
2022-02-12 09:00:00,601.95,602.2,30.24,31.2,3.02
2022-02-12 10:00:00,776.33,780.12,33.72,26.13,3.08
2022-02-12 11:00:00,880.25,882.95,35.56,23.57,2.69
2022-02-12 12:00:00,868.3,880.85,36.81,22.02,2.25
2022-02-12 13:00:00,785.8,815.5,37.32,21.47,1.87
2022-02-12 14:00:00,638.2,671.78,37.28,21.65,1.71
2022-02-12 15:00:00,418.92,469.7,36.76,22.47,1.71
2022-02-12 16:00:00,236.48,252.77,35.77,24.18,1.78
2022-02-12 17:00:00,61.1,62.7,33.03,37.15,0.97
2022-02-12 18:00:00,0.0,0.0,30.46,43.68,1.17
2022-02-12 19:00:00,0.0,0.0,29.5,46.72,1.53
2022-02-12 20:00:00,0.0,0.0,28.75,51.01,1.86
2022-02-12 21:00:00,0.0,0.0,28.02,55.64,1.9
2022-02-12 22:00:00,0.0,0.0,27.3,59.54,1.68
2022-02-12 23:00:00,0.0,0.0,26.61,62.8,1.33
2022-02-13 00:00:00,0.0,0.0,26.05,65.71,1.03
2022-02-13 01:00:00,0.0,0.0,25.64,68.44,0.79
2022-02-13 02:00:00,0.0,0.0,25.25,71.2,0.67
2022-02-13 03:00:00,0.0,0.0,24.87,73.47,0.67
2022-02-13 04:00:00,0.0,0.0,24.38,75.63,0.73
2022-02-13 05:00:00,0.0,0.0,23.91,77.25,0.74
2022-02-13 06:00:00,11.1,12.18,24.19,75.34,0.9
2022-02-13 07:00:00,132.15,135.75,26.18,66.5,0.97
2022-02-13 08:00:00,338.05,350.75,30.03,54.24,1.33
2022-02-13 09:00:00,543.4,555.25,32.52,45.51,0.98
2022-02-13 10:00:00,721.35,728.28,34.3,37.89,0.21
2022-02-13 11:00:00,824.83,832.1,35.98,30.79,1.07
2022-02-13 12:00:00,823.9,893.0,37.06,27.25,1.52
2022-02-13 13:00:00,761.78,833.62,37.54,25.79,1.75
2022-02-13 14:00:00,600.3,703.25,37.53,25.49,1.84
2022-02-13 15:00:00,401.55,503.85,36.85,26.42,1.74
2022-02-13 16:00:00,218.25,272.27,35.95,28.0,1.53
2022-02-13 17:00:00,61.4,69.97,33.98,39.02,0.81
2022-02-13 18:00:00,0.0,0.0,31.95,46.54,0.83
2022-02-13 19:00:00,0.0,0.0,30.81,49.63,0.97
2022-02-13 20:00:00,0.0,0.0,29.88,53.88,1.07
2022-02-13 21:00:00,0.0,0.0,29.14,58.12,1.1
2022-02-13 22:00:00,0.0,0.0,28.45,62.04,1.02
2022-02-13 23:00:00,0.0,0.0,27.85,64.98,0.9
2022-02-14 00:00:00,0.0,0.0,27.32,66.82,0.74
2022-02-14 01:00:00,0.0,0.0,26.83,68.56,0.52
2022-02-14 02:00:00,0.0,0.0,26.37,69.96,0.25
2022-02-14 03:00:00,0.0,0.0,25.89,70.48,0.16
2022-02-14 04:00:00,0.0,0.0,25.41,70.03,0.44
2022-02-14 05:00:00,0.0,0.0,24.71,69.97,0.86
2022-02-14 06:00:00,11.9,12.68,24.65,65.82,1.89
2022-02-14 07:00:00,134.93,141.62,26.03,54.6,3.13
2022-02-14 08:00:00,323.55,348.0,29.16,42.06,3.09
2022-02-14 09:00:00,538.75,558.92,32.56,32.88,3.14
2022-02-14 10:00:00,722.12,722.58,34.93,26.03,3.37
2022-02-14 11:00:00,826.1,826.78,36.63,21.87,3.65
2022-02-14 12:00:00,833.62,834.38,37.76,19.55,3.77
2022-02-14 13:00:00,774.83,775.55,38.32,18.55,3.74
2022-02-14 14:00:00,642.53,643.1,38.23,18.58,3.62
2022-02-14 15:00:00,452.33,452.75,37.53,19.19,3.45
2022-02-14 16:00:00,268.3,268.55,36.43,20.48,3.04
2022-02-14 17:00:00,67.22,67.28,33.66,30.23,1.54
2022-02-14 18:00:00,0.0,0.0,31.64,33.53,1.59
2022-02-14 19:00:00,0.0,0.0,30.76,32.95,1.86
2022-02-14 20:00:00,0.0,0.0,29.97,32.94,2.02
2022-02-14 21:00:00,0.0,0.0,29.13,33.61,2.0
2022-02-14 22:00:00,0.0,0.0,28.31,34.43,1.98
2022-02-14 23:00:00,0.0,0.0,27.45,35.12,2.08
2022-02-15 00:00:00,0.0,0.0,26.48,35.94,2.35
2022-02-15 01:00:00,0.0,0.0,25.27,37.71,2.73
2022-02-15 02:00:00,0.0,0.0,23.88,40.56,2.93
2022-02-15 03:00:00,0.0,0.0,22.85,42.14,3.05
2022-02-15 04:00:00,0.0,0.0,22.05,42.28,3.23
2022-02-15 05:00:00,0.0,0.0,21.37,41.74,3.51
2022-02-15 06:00:00,14.32,14.23,21.14,40.27,3.95
2022-02-15 07:00:00,163.77,166.12,22.77,35.11,4.02
2022-02-15 08:00:00,390.12,402.2,26.59,26.0,4.1
2022-02-15 09:00:00,620.1,635.0,31.46,16.25,5.42
2022-02-15 10:00:00,797.7,815.88,34.87,13.3,5.65
2022-02-15 11:00:00,902.9,923.33,36.84,13.07,5.26
2022-02-15 12:00:00,919.33,968.92,38.12,13.18,4.82
2022-02-15 13:00:00,879.03,901.25,38.81,13.41,4.43
2022-02-15 14:00:00,743.85,757.92,38.93,13.9,4.16
2022-02-15 15:00:00,539.05,549.38,38.53,14.66,3.9
2022-02-15 16:00:00,295.5,302.6,37.5,15.91,3.47
2022-02-15 17:00:00,80.05,80.4,33.69,27.13,1.5
2022-02-15 18:00:00,0.0,0.0,30.67,33.01,1.4
2022-02-15 19:00:00,0.0,0.0,29.57,34.24,1.51
2022-02-15 20:00:00,0.0,0.0,28.51,36.08,1.54
2022-02-15 21:00:00,0.0,0.0,27.52,38.55,1.43
2022-02-15 22:00:00,0.0,0.0,26.63,41.21,1.28
2022-02-15 23:00:00,0.0,0.0,25.79,43.64,1.22
2022-02-16 00:00:00,0.0,0.0,24.89,46.02,1.29
2022-02-16 01:00:00,0.0,0.0,24.07,48.42,1.43
2022-02-16 02:00:00,0.0,0.0,23.36,51.24,1.49
2022-02-16 03:00:00,0.0,0.0,22.72,54.4,1.45
2022-02-16 04:00:00,0.0,0.0,22.13,57.93,1.37
2022-02-16 05:00:00,0.0,0.0,21.6,62.0,1.27
2022-02-16 06:00:00,14.85,14.8,22.0,63.53,1.48
2022-02-16 07:00:00,164.15,167.55,24.22,58.35,1.9
2022-02-16 08:00:00,378.3,398.17,28.04,50.94,1.46
2022-02-16 09:00:00,597.35,621.45,32.13,41.34,1.9
2022-02-16 10:00:00,777.83,792.8,34.61,34.56,1.27
2022-02-16 11:00:00,875.17,893.05,36.45,28.92,0.97
2022-02-16 12:00:00,900.6,919.92,37.73,25.02,1.34
2022-02-16 13:00:00,840.03,856.75,38.4,22.68,1.66
2022-02-16 14:00:00,705.67,716.53,38.51,21.21,1.89
2022-02-16 15:00:00,501.2,515.1,38.14,20.48,2.1
2022-02-16 16:00:00,264.3,280.02,37.21,20.72,2.29
2022-02-16 17:00:00,72.68,74.15,34.21,30.98,1.17
2022-02-16 18:00:00,0.0,0.0,31.27,36.5,1.15
2022-02-16 19:00:00,0.0,0.0,30.13,37.07,1.21
2022-02-16 20:00:00,0.0,0.0,29.12,37.88,1.22
2022-02-16 21:00:00,0.0,0.0,28.21,38.59,1.22
2022-02-16 22:00:00,0.0,0.0,27.43,39.19,1.21
2022-02-16 23:00:00,0.0,0.0,26.81,39.69,1.19
2022-02-17 00:00:00,0.0,0.0,26.29,40.11,1.16
2022-02-17 01:00:00,0.0,0.0,25.68,40.94,1.1
2022-02-17 02:00:00,0.0,0.0,24.8,42.68,1.11
2022-02-17 03:00:00,0.0,0.0,23.56,46.79,1.18
2022-02-17 04:00:00,0.0,0.0,22.51,50.91,1.16
2022-02-17 05:00:00,0.0,0.0,21.92,53.89,1.1
2022-02-17 06:00:00,14.35,14.05,22.35,53.88,1.0
2022-02-17 07:00:00,147.25,150.62,24.64,44.88,1.45
2022-02-17 08:00:00,334.73,363.6,28.13,35.31,0.93
2022-02-17 09:00:00,522.67,579.45,32.92,25.03,1.05
2022-02-17 10:00:00,708.83,750.1,35.81,21.14,1.39
2022-02-17 11:00:00,823.55,858.5,37.44,19.59,1.73
2022-02-17 12:00:00,818.2,821.2,38.54,18.73,2.18
2022-02-17 13:00:00,742.75,776.8,39.07,18.4,2.57
2022-02-17 14:00:00,623.4,643.03,39.06,18.51,2.84
2022-02-17 15:00:00,439.73,451.6,38.51,19.03,2.99
2022-02-17 16:00:00,243.25,246.9,37.47,20.16,2.9
2022-02-17 17:00:00,63.35,63.78,34.54,29.95,1.33
2022-02-17 18:00:00,0.0,0.0,31.84,36.97,1.13
2022-02-17 19:00:00,0.0,0.0,30.87,38.5,1.14
2022-02-17 20:00:00,0.0,0.0,30.0,40.35,1.12
2022-02-17 21:00:00,0.0,0.0,29.17,42.19,1.06
2022-02-17 22:00:00,0.0,0.0,28.53,43.51,0.98
2022-02-17 23:00:00,0.0,0.0,28.04,44.34,0.84
2022-02-18 00:00:00,0.0,0.0,27.44,46.46,0.75
2022-02-18 01:00:00,0.0,0.0,26.61,49.87,0.77
2022-02-18 02:00:00,0.0,0.0,25.73,53.65,0.84
2022-02-18 03:00:00,0.0,0.0,24.94,57.81,0.85
2022-02-18 04:00:00,0.0,0.0,24.26,61.88,0.8
2022-02-18 05:00:00,0.0,0.0,23.51,65.41,0.76
2022-02-18 06:00:00,13.48,13.5,23.48,65.15,0.78
2022-02-18 07:00:00,145.9,147.93,25.71,55.96,1.31
2022-02-18 08:00:00,356.1,365.35,30.4,38.08,1.04
2022-02-18 09:00:00,580.25,587.22,34.45,27.28,1.74
2022-02-18 10:00:00,761.28,761.92,36.73,23.21,1.93
2022-02-18 11:00:00,870.42,871.0,38.36,20.44,1.99
2022-02-18 12:00:00,920.65,921.1,39.41,18.48,2.15
2022-02-18 13:00:00,858.58,858.85,39.91,17.18,2.39
2022-02-18 14:00:00,712.0,712.55,39.91,16.33,2.66
2022-02-18 15:00:00,500.9,501.15,39.43,15.98,2.88
2022-02-18 16:00:00,265.45,265.85,38.37,16.31,2.94
2022-02-18 17:00:00,78.15,78.28,34.93,25.28,1.46
2022-02-18 18:00:00,0.0,0.0,31.72,30.62,1.44
2022-02-18 19:00:00,0.0,0.0,30.53,30.93,1.69
2022-02-18 20:00:00,0.0,0.0,29.46,31.62,1.87
2022-02-18 21:00:00,0.0,0.0,28.35,33.0,1.83
2022-02-18 22:00:00,0.0,0.0,27.22,35.17,1.7
2022-02-18 23:00:00,0.0,0.0,26.17,37.36,1.73
2022-02-19 00:00:00,0.0,0.0,25.19,39.43,2.01
2022-02-19 01:00:00,0.0,0.0,24.34,41.25,2.31
2022-02-19 02:00:00,0.0,0.0,23.5,43.69,2.32
2022-02-19 03:00:00,0.0,0.0,22.69,46.57,2.0
2022-02-19 04:00:00,0.0,0.0,21.97,49.75,1.61
2022-02-19 05:00:00,0.0,0.0,21.42,52.96,1.4
2022-02-19 06:00:00,14.3,14.3,21.99,53.28,1.68
2022-02-19 07:00:00,149.7,150.4,24.84,46.81,2.81
2022-02-19 08:00:00,363.1,366.88,29.06,37.81,3.21
2022-02-19 09:00:00,578.38,585.8,33.88,25.03,4.79
2022-02-19 10:00:00,743.1,758.97,36.76,18.42,5.49
2022-02-19 11:00:00,848.47,861.75,38.68,14.69,5.54
2022-02-19 12:00:00,860.65,895.53,39.89,12.68,5.32
2022-02-19 13:00:00,781.0,831.25,40.42,11.75,4.98
2022-02-19 14:00:00,646.67,690.8,40.38,11.6,4.73
2022-02-19 15:00:00,450.17,490.85,39.78,11.93,4.54
2022-02-19 16:00:00,239.9,262.0,38.57,12.77,4.23
2022-02-19 17:00:00,68.62,69.75,34.58,20.25,2.12
2022-02-19 18:00:00,0.0,0.0,31.24,26.07,1.91
2022-02-19 19:00:00,0.0,0.0,30.06,28.22,2.03
2022-02-19 20:00:00,0.0,0.0,28.89,30.89,2.03
2022-02-19 21:00:00,0.0,0.0,27.74,33.55,1.95
2022-02-19 22:00:00,0.0,0.0,26.68,35.84,1.95
2022-02-19 23:00:00,0.0,0.0,25.76,37.94,2.11
2022-02-20 00:00:00,0.0,0.0,24.96,40.57,2.32
2022-02-20 01:00:00,0.0,0.0,24.28,44.26,2.38
2022-02-20 02:00:00,0.0,0.0,23.72,49.15,2.31
2022-02-20 03:00:00,0.0,0.0,23.33,55.8,2.21
2022-02-20 04:00:00,0.0,0.0,23.03,64.55,2.18
2022-02-20 05:00:00,0.0,0.0,22.74,73.05,2.09
2022-02-20 06:00:00,15.12,15.02,23.14,75.35,2.71
2022-02-20 07:00:00,154.48,155.38,25.47,67.12,3.01
2022-02-20 08:00:00,372.02,374.98,29.82,55.97,3.34
2022-02-20 09:00:00,588.03,590.6,33.01,44.11,3.86
2022-02-20 10:00:00,759.38,761.62,35.27,35.16,4.11
2022-02-20 11:00:00,863.4,864.12,36.98,28.68,4.26
2022-02-20 12:00:00,881.4,882.97,38.29,23.83,4.32
2022-02-20 13:00:00,807.05,818.65,39.0,20.26,4.39
2022-02-20 14:00:00,673.17,678.8,39.11,17.58,4.56
2022-02-20 15:00:00,473.12,479.88,38.61,15.85,4.7
2022-02-20 16:00:00,250.27,253.68,37.43,15.3,4.62
2022-02-20 17:00:00,66.93,67.0,34.08,20.09,2.73
2022-02-20 18:00:00,0.0,0.0,30.74,25.77,2.28
2022-02-20 19:00:00,0.0,0.0,29.56,27.29,2.38
2022-02-20 20:00:00,0.0,0.0,28.52,28.92,2.32
2022-02-20 21:00:00,0.0,0.0,27.51,30.64,2.25
2022-02-20 22:00:00,0.0,0.0,26.55,32.46,2.32
2022-02-20 23:00:00,0.0,0.0,25.62,34.38,2.57
2022-02-21 00:00:00,0.0,0.0,24.62,36.77,2.84
2022-02-21 01:00:00,0.0,0.0,23.57,39.42,2.9
2022-02-21 02:00:00,0.0,0.0,22.49,42.53,2.7
2022-02-21 03:00:00,0.0,0.0,21.51,45.53,2.46
2022-02-21 04:00:00,0.0,0.0,20.68,48.07,2.29
2022-02-21 05:00:00,0.0,0.0,20.0,50.11,2.16
2022-02-21 06:00:00,14.9,14.9,20.11,49.21,2.78
2022-02-21 07:00:00,150.65,151.4,22.09,42.96,3.23
2022-02-21 08:00:00,358.1,365.3,25.95,31.63,3.59
2022-02-21 09:00:00,574.5,585.45,30.41,21.59,4.83
2022-02-21 10:00:00,715.08,761.12,33.81,16.42,4.75
2022-02-21 11:00:00,859.22,860.72,35.84,13.96,4.1
2022-02-21 12:00:00,842.55,842.78,37.11,12.45,3.69
2022-02-21 13:00:00,762.88,785.17,37.74,11.65,3.61
2022-02-21 14:00:00,637.12,642.17,37.74,11.37,3.66
2022-02-21 15:00:00,413.12,414.52,37.24,11.46,3.64
2022-02-21 16:00:00,251.7,252.32,35.99,12.38,3.27
2022-02-21 17:00:00,63.6,63.6,32.04,21.66,1.61
2022-02-21 18:00:00,0.0,0.0,29.26,25.46,1.7
2022-02-21 19:00:00,0.0,0.0,28.26,25.85,1.9
2022-02-21 20:00:00,0.0,0.0,27.43,26.37,2.04
2022-02-21 21:00:00,0.0,0.0,26.73,26.86,2.12
2022-02-21 22:00:00,0.0,0.0,26.07,27.59,2.2
2022-02-21 23:00:00,0.0,0.0,25.37,28.85,2.36
2022-02-22 00:00:00,0.0,0.0,24.61,30.68,2.67
2022-02-22 01:00:00,0.0,0.0,23.7,33.31,2.89
2022-02-22 02:00:00,0.0,0.0,22.77,36.32,2.89
2022-02-22 03:00:00,0.0,0.0,21.91,39.36,2.73
2022-02-22 04:00:00,0.0,0.0,21.17,42.08,2.6
2022-02-22 05:00:00,0.0,0.0,20.53,44.58,2.58
2022-02-22 06:00:00,14.2,14.15,20.31,45.82,2.99
2022-02-22 07:00:00,136.5,136.5,21.39,43.33,3.24
2022-02-22 08:00:00,329.38,332.67,24.08,37.56,2.81
2022-02-22 09:00:00,519.4,548.67,28.94,24.35,4.03
2022-02-22 10:00:00,668.97,726.83,33.62,14.94,5.2
2022-02-22 11:00:00,750.28,832.47,36.07,12.23,4.85
2022-02-22 12:00:00,663.47,730.97,37.42,11.32,4.18
2022-02-22 13:00:00,569.22,666.22,38.11,11.01,3.58
2022-02-22 14:00:00,451.1,534.9,38.15,10.98,3.15
2022-02-22 15:00:00,300.17,357.9,37.64,11.26,2.89
2022-02-22 16:00:00,166.62,190.9,36.36,13.22,2.26
2022-02-22 17:00:00,45.62,52.08,32.25,25.65,1.15
2022-02-22 18:00:00,0.0,0.0,29.63,28.25,1.32
2022-02-22 19:00:00,0.0,0.0,28.49,29.75,1.39
2022-02-22 20:00:00,0.0,0.0,27.47,31.68,1.42
2022-02-22 21:00:00,0.0,0.0,26.55,34.0,1.38
2022-02-22 22:00:00,0.0,0.0,25.72,36.48,1.29
2022-02-22 23:00:00,0.0,0.0,24.96,38.96,1.22
2022-02-23 00:00:00,0.0,0.0,24.17,41.31,1.23
2022-02-23 01:00:00,0.0,0.0,23.41,43.39,1.32
2022-02-23 02:00:00,0.0,0.0,22.73,45.55,1.49
2022-02-23 03:00:00,0.0,0.0,22.16,47.74,1.7
2022-02-23 04:00:00,0.0,0.0,21.7,49.84,1.92
2022-02-23 05:00:00,0.0,0.0,21.33,52.07,2.12
2022-02-23 06:00:00,13.82,13.85,21.6,52.9,2.73
2022-02-23 07:00:00,158.48,158.57,23.39,49.12,3.62
2022-02-23 08:00:00,321.58,321.73,26.86,42.91,3.39
2022-02-23 09:00:00,517.8,518.0,31.05,37.35,3.45
2022-02-23 10:00:00,688.1,688.3,33.97,32.74,3.41
2022-02-23 11:00:00,781.72,782.83,35.79,28.55,3.22
2022-02-23 12:00:00,811.45,814.03,37.28,24.71,3.12
2022-02-23 13:00:00,757.45,761.78,37.92,22.12,3.03
2022-02-23 14:00:00,617.83,618.65,37.98,20.49,2.96
2022-02-23 15:00:00,424.67,425.6,37.82,19.37,2.95
2022-02-23 16:00:00,259.9,260.88,36.84,19.27,2.82
2022-02-23 17:00:00,67.6,67.68,33.27,27.98,1.4
2022-02-23 18:00:00,0.0,0.0,30.35,30.57,1.54
2022-02-23 19:00:00,0.0,0.0,29.21,29.1,1.81
2022-02-23 20:00:00,0.0,0.0,28.15,28.61,1.92
2022-02-23 21:00:00,0.0,0.0,27.11,29.39,1.83
2022-02-23 22:00:00,0.0,0.0,26.16,31.13,1.66
2022-02-23 23:00:00,0.0,0.0,25.37,33.39,1.5
2022-02-24 00:00:00,0.0,0.0,24.64,35.87,1.45
2022-02-24 01:00:00,0.0,0.0,23.9,38.65,1.54
2022-02-24 02:00:00,0.0,0.0,23.2,42.08,1.7
2022-02-24 03:00:00,0.0,0.0,22.6,46.28,1.75
2022-02-24 04:00:00,0.0,0.0,22.16,51.02,1.64
2022-02-24 05:00:00,0.0,0.0,21.89,55.74,1.45
2022-02-24 06:00:00,14.25,14.93,22.61,58.08,1.35
2022-02-24 07:00:00,130.5,135.45,25.57,53.17,2.48
2022-02-24 08:00:00,308.48,326.45,29.54,45.9,2.52
2022-02-24 09:00:00,510.1,534.78,33.43,36.96,2.76
2022-02-24 10:00:00,681.03,704.75,35.66,31.41,2.45
2022-02-24 11:00:00,785.33,810.05,37.18,27.88,2.26
2022-02-24 12:00:00,868.8,882.83,38.34,25.46,2.33
2022-02-24 13:00:00,822.67,823.08,38.84,24.26,2.47
2022-02-24 14:00:00,675.8,679.9,38.8,23.89,2.6
2022-02-24 15:00:00,475.55,485.35,38.29,24.1,2.6
2022-02-24 16:00:00,251.07,257.75,37.35,24.87,2.41
2022-02-24 17:00:00,70.65,71.2,35.11,33.34,1.1
2022-02-24 18:00:00,0.0,0.0,33.18,38.87,0.88
2022-02-24 19:00:00,0.0,0.0,32.36,39.32,0.81
2022-02-24 20:00:00,0.0,0.0,31.35,40.68,0.71
2022-02-24 21:00:00,0.0,0.0,30.35,41.81,0.66
2022-02-24 22:00:00,0.0,0.0,29.44,41.95,0.69
2022-02-24 23:00:00,0.0,0.0,28.54,41.72,0.81
2022-02-25 00:00:00,0.0,0.0,27.4,42.29,0.94
2022-02-25 01:00:00,0.0,0.0,25.86,44.25,1.05
2022-02-25 02:00:00,0.0,0.0,24.42,45.32,1.15
2022-02-25 03:00:00,0.0,0.0,23.32,46.11,1.26
2022-02-25 04:00:00,0.0,0.0,22.46,47.38,1.25
2022-02-25 05:00:00,0.0,0.0,21.96,48.99,1.12
2022-02-25 06:00:00,17.4,17.4,22.52,50.56,0.89
2022-02-25 07:00:00,185.68,185.73,25.61,42.74,1.51
2022-02-25 08:00:00,379.45,379.58,29.66,37.27,1.63
2022-02-25 09:00:00,594.1,594.8,33.98,29.96,2.07
2022-02-25 10:00:00,770.8,771.85,36.39,25.82,2.2
2022-02-25 11:00:00,878.1,880.2,38.07,23.37,2.44
2022-02-25 12:00:00,911.85,914.9,39.31,21.66,2.66
2022-02-25 13:00:00,846.5,852.38,39.92,20.49,2.87
2022-02-25 14:00:00,703.55,703.8,40.01,19.65,3.11
2022-02-25 15:00:00,494.3,495.38,39.55,19.13,3.3
2022-02-25 16:00:00,264.23,265.3,38.54,18.82,3.33
2022-02-25 17:00:00,81.95,82.25,35.48,24.06,1.84
2022-02-25 18:00:00,0.0,0.0,32.11,28.27,1.7
2022-02-25 19:00:00,0.0,0.0,30.79,27.42,2.0
2022-02-25 20:00:00,0.0,0.0,29.48,27.48,2.14
2022-02-25 21:00:00,0.0,0.0,28.13,28.69,2.06
2022-02-25 22:00:00,0.0,0.0,26.87,30.76,1.96
2022-02-25 23:00:00,0.0,0.0,25.74,33.16,1.99
2022-02-26 00:00:00,0.0,0.0,24.73,35.76,2.16
2022-02-26 01:00:00,0.0,0.0,23.8,38.76,2.3
2022-02-26 02:00:00,0.0,0.0,22.99,41.87,2.26
2022-02-26 03:00:00,0.0,0.0,22.34,45.0,2.11
2022-02-26 04:00:00,0.0,0.0,21.87,48.18,2.05
2022-02-26 05:00:00,0.0,0.0,21.51,51.92,2.06
2022-02-26 06:00:00,17.95,17.92,22.15,53.26,2.66
2022-02-26 07:00:00,163.02,163.45,24.75,49.44,3.68
2022-02-26 08:00:00,377.48,382.33,29.06,43.1,3.78
2022-02-26 09:00:00,596.55,602.55,33.61,30.56,4.2
2022-02-26 10:00:00,773.35,775.83,36.39,22.24,3.97
2022-02-26 11:00:00,875.53,880.65,38.21,17.21,3.51
2022-02-26 12:00:00,914.03,918.05,39.32,14.11,3.09
2022-02-26 13:00:00,854.05,855.0,39.83,12.25,2.79
2022-02-26 14:00:00,698.97,711.2,39.86,11.18,2.67
2022-02-26 15:00:00,494.62,506.67,39.28,10.82,2.65
2022-02-26 16:00:00,266.62,271.7,38.14,11.17,2.49
2022-02-26 17:00:00,74.12,73.95,34.26,21.29,1.15
2022-02-26 18:00:00,0.0,0.0,31.0,25.67,1.22
2022-02-26 19:00:00,0.0,0.0,29.68,26.81,1.28
2022-02-26 20:00:00,0.0,0.0,28.59,28.29,1.27
2022-02-26 21:00:00,0.0,0.0,27.73,30.01,1.21
2022-02-26 22:00:00,0.0,0.0,27.28,31.3,1.15
2022-02-26 23:00:00,0.0,0.0,26.87,32.64,1.12
2022-02-27 00:00:00,0.0,0.0,26.12,35.17,1.07
2022-02-27 01:00:00,0.0,0.0,25.21,38.53,1.07
2022-02-27 02:00:00,0.0,0.0,24.52,41.83,1.06
2022-02-27 03:00:00,0.0,0.0,24.01,44.82,1.03
2022-02-27 04:00:00,0.0,0.0,23.5,48.4,1.01
2022-02-27 05:00:00,0.0,0.0,22.99,53.58,0.98
2022-02-27 06:00:00,17.42,17.27,23.38,58.56,1.08
2022-02-27 07:00:00,152.85,154.77,26.51,54.16,2.43
2022-02-27 08:00:00,352.73,365.6,30.42,45.83,3.07
2022-02-27 09:00:00,552.9,581.47,33.43,38.53,3.03
2022-02-27 10:00:00,727.4,753.15,35.63,32.98,2.59
2022-02-27 11:00:00,822.85,855.65,37.25,28.77,2.09
2022-02-27 12:00:00,815.05,852.6,38.49,25.72,1.73
2022-02-27 13:00:00,755.05,785.72,39.06,24.07,1.68
2022-02-27 14:00:00,631.67,646.1,39.07,23.59,1.91
2022-02-27 15:00:00,436.3,448.27,38.56,24.0,2.21
2022-02-27 16:00:00,236.62,240.62,37.56,25.39,2.58
2022-02-27 17:00:00,63.35,63.42,35.54,30.59,2.15
2022-02-27 18:00:00,0.0,0.0,33.35,37.84,2.51
2022-02-27 19:00:00,0.0,0.0,32.39,43.24,3.71
2022-02-27 20:00:00,0.0,0.0,31.13,51.15,3.93
2022-02-27 21:00:00,0.0,0.0,30.21,57.32,3.66
2022-02-27 22:00:00,0.0,0.0,29.61,60.54,3.15
2022-02-27 23:00:00,0.0,0.0,29.08,62.75,2.61
2022-02-28 00:00:00,0.0,0.0,28.55,64.83,2.13
2022-02-28 01:00:00,0.0,0.0,28.12,66.79,1.89
2022-02-28 02:00:00,0.0,0.0,27.77,68.63,1.84
2022-02-28 03:00:00,0.0,0.0,27.4,70.72,1.77
2022-02-28 04:00:00,0.0,0.0,26.93,73.37,1.55
2022-02-28 05:00:00,0.0,0.0,26.45,76.28,1.34
2022-02-28 06:00:00,15.45,15.65,26.71,75.8,1.82
2022-02-28 07:00:00,130.57,134.07,28.77,66.0,2.93
2022-02-28 08:00:00,304.5,317.48,31.35,53.98,3.11
2022-02-28 09:00:00,494.8,517.22,33.2,46.59,2.59
2022-02-28 10:00:00,670.65,674.88,34.52,42.29,2.2
2022-02-28 11:00:00,769.35,770.47,35.54,39.46,1.97
2022-02-28 12:00:00,846.95,860.55,36.13,37.61,1.99
2022-02-28 13:00:00,776.28,796.12,36.37,36.34,2.25
2022-02-28 14:00:00,640.97,662.35,36.28,35.77,2.55
2022-02-28 15:00:00,461.1,468.58,35.76,36.24,2.71
2022-02-28 16:00:00,255.62,257.02,34.86,37.93,2.72
2022-02-28 17:00:00,68.53,68.68,33.29,43.67,2.05
2022-02-28 18:00:00,0.0,0.0,31.5,50.98,2.02
2022-02-28 19:00:00,0.0,0.0,30.84,53.57,2.71
2022-02-28 20:00:00,0.0,0.0,30.22,56.82,2.85
2022-02-28 21:00:00,0.0,0.0,29.79,59.19,2.89
2022-02-28 22:00:00,0.0,0.0,29.47,60.97,2.94
2022-02-28 23:00:00,0.0,0.0,29.16,62.59,2.99
2022-03-01 00:00:00,0.0,0.0,28.79,64.53,3.0
2022-03-01 01:00:00,0.0,0.0,28.29,67.16,2.8
2022-03-01 02:00:00,0.0,0.0,27.71,70.44,2.48
2022-03-01 03:00:00,0.0,0.0,27.18,73.73,2.25
2022-03-01 04:00:00,0.0,0.0,26.7,76.75,1.98
2022-03-01 05:00:00,0.0,0.0,26.29,79.18,1.65
2022-03-01 06:00:00,19.7,18.08,26.49,78.27,2.02
2022-03-01 07:00:00,162.18,160.8,28.32,68.79,3.13
2022-03-01 08:00:00,379.7,380.4,30.64,57.36,3.95
2022-03-01 09:00:00,592.35,592.92,32.6,49.33,3.69
2022-03-01 10:00:00,761.65,762.47,33.68,44.94,3.02
2022-03-01 11:00:00,862.05,862.4,34.4,41.98,2.37
2022-03-01 12:00:00,865.97,906.42,34.96,39.57,1.74
2022-03-01 13:00:00,681.55,843.55,35.27,37.83,1.13
2022-03-01 14:00:00,569.33,704.65,35.25,36.88,0.57
2022-03-01 15:00:00,434.17,505.35,35.01,36.5,0.2
2022-03-01 16:00:00,229.57,274.48,34.56,37.09,0.39
2022-03-01 17:00:00,72.5,76.1,33.51,44.57,0.47
2022-03-01 18:00:00,0.0,0.0,32.06,49.69,0.67
2022-03-01 19:00:00,0.0,0.0,30.97,53.32,0.83
2022-03-01 20:00:00,0.0,0.0,30.09,55.58,0.98
2022-03-01 21:00:00,0.0,0.0,29.33,57.17,1.16
2022-03-01 22:00:00,0.0,0.0,28.67,59.27,1.42
2022-03-01 23:00:00,0.0,0.0,28.13,61.75,1.73
2022-03-02 00:00:00,0.0,0.0,27.65,64.77,2.07
2022-03-02 01:00:00,0.0,0.0,27.23,67.95,2.34
2022-03-02 02:00:00,0.0,0.0,26.83,71.13,2.42
2022-03-02 03:00:00,0.0,0.0,26.38,74.45,2.14
2022-03-02 04:00:00,0.0,0.0,25.99,77.45,1.72
2022-03-02 05:00:00,0.0,0.0,25.67,80.12,1.29
2022-03-02 06:00:00,20.27,19.17,25.76,80.84,1.49
2022-03-02 07:00:00,154.8,170.77,27.64,70.23,1.9
2022-03-02 08:00:00,323.58,392.12,30.7,54.2,2.41
2022-03-02 09:00:00,514.6,610.9,33.39,43.67,2.47
2022-03-02 10:00:00,747.8,782.15,35.04,38.46,2.24
2022-03-02 11:00:00,812.28,883.45,36.12,35.5,1.86
2022-03-02 12:00:00,845.9,916.53,36.94,33.4,1.39
2022-03-02 13:00:00,789.95,847.9,37.48,31.92,1.03
2022-03-02 14:00:00,628.75,706.95,37.6,30.91,0.9
2022-03-02 15:00:00,486.67,505.02,37.27,30.65,0.8
2022-03-02 16:00:00,251.07,272.38,36.53,31.35,0.77
2022-03-02 17:00:00,74.32,74.57,35.17,38.39,0.65
2022-03-02 18:00:00,0.0,0.0,33.05,47.99,0.77
2022-03-02 19:00:00,0.0,0.0,32.05,49.37,0.96
2022-03-02 20:00:00,0.0,0.0,31.23,50.76,1.07
2022-03-02 21:00:00,0.0,0.0,30.42,52.53,1.19
2022-03-02 22:00:00,0.0,0.0,29.66,54.47,1.33
2022-03-02 23:00:00,0.0,0.0,28.95,56.81,1.49
2022-03-03 00:00:00,0.0,0.0,28.32,59.42,1.59
2022-03-03 01:00:00,0.0,0.0,27.67,62.49,1.68
2022-03-03 02:00:00,0.0,0.0,27.18,65.37,1.75
2022-03-03 03:00:00,0.0,0.0,26.81,68.1,1.72
2022-03-03 04:00:00,0.0,0.0,26.49,70.5,1.62
2022-03-03 05:00:00,0.0,0.0,26.2,72.64,1.55
2022-03-03 06:00:00,17.8,19.35,26.42,72.49,2.2
2022-03-03 07:00:00,165.18,169.52,27.93,65.2,2.87
2022-03-03 08:00:00,384.08,384.1,30.22,53.6,3.36
2022-03-03 09:00:00,600.83,602.15,32.48,43.56,3.5
2022-03-03 10:00:00,769.45,772.85,34.27,36.57,3.23
2022-03-03 11:00:00,867.25,872.83,35.53,32.1,2.82
2022-03-03 12:00:00,930.35,941.25,36.43,28.89,2.33
2022-03-03 13:00:00,865.1,873.88,36.99,26.72,1.89
2022-03-03 14:00:00,719.22,728.53,37.23,25.41,1.68
2022-03-03 15:00:00,515.42,523.58,37.05,25.05,1.74
2022-03-03 16:00:00,282.83,287.83,36.36,26.09,1.89
2022-03-03 17:00:00,80.07,81.22,34.0,37.45,1.11
2022-03-03 18:00:00,0.0,0.0,31.62,44.21,1.33
2022-03-03 19:00:00,0.0,0.0,30.98,45.88,1.81
2022-03-03 20:00:00,0.0,0.0,30.42,49.06,2.48
2022-03-03 21:00:00,0.0,0.0,29.73,53.95,3.03
2022-03-03 22:00:00,0.0,0.0,29.0,59.44,3.3
2022-03-03 23:00:00,0.0,0.0,28.37,64.23,3.38
2022-03-04 00:00:00,0.0,0.0,27.86,67.75,3.27
2022-03-04 01:00:00,0.0,0.0,27.44,70.19,3.08
2022-03-04 02:00:00,0.0,0.0,26.98,72.56,2.75
2022-03-04 03:00:00,0.0,0.0,26.48,75.07,2.43
2022-03-04 04:00:00,0.0,0.0,26.08,77.26,2.36
2022-03-04 05:00:00,0.0,0.0,25.68,79.3,2.31
2022-03-04 06:00:00,18.88,20.0,25.82,78.52,2.99
2022-03-04 07:00:00,166.05,171.35,28.13,66.27,4.31
2022-03-04 08:00:00,365.05,366.98,30.71,53.85,5.19
2022-03-04 09:00:00,576.5,581.38,32.7,45.08,5.04
2022-03-04 10:00:00,720.6,756.62,34.26,38.9,4.44
2022-03-04 11:00:00,837.0,841.8,35.46,34.68,3.74
2022-03-04 12:00:00,919.08,920.03,36.32,32.09,3.13
2022-03-04 13:00:00,798.97,852.3,36.7,30.79,2.93
2022-03-04 14:00:00,697.97,701.5,36.59,30.62,3.28
2022-03-04 15:00:00,486.15,499.33,35.96,32.0,3.83
2022-03-04 16:00:00,255.45,266.05,34.81,35.29,4.07
2022-03-04 17:00:00,72.0,73.62,33.12,41.51,3.78
2022-03-04 18:00:00,0.0,0.0,31.35,49.77,3.85
2022-03-04 19:00:00,0.0,0.0,30.26,56.44,4.26
2022-03-04 20:00:00,0.0,0.0,29.37,61.81,4.21
2022-03-04 21:00:00,0.0,0.0,28.61,65.93,3.98
2022-03-04 22:00:00,0.0,0.0,27.93,69.31,3.73
2022-03-04 23:00:00,0.0,0.0,27.25,72.57,3.57
2022-03-05 00:00:00,0.0,0.0,26.58,75.98,3.44
2022-03-05 01:00:00,0.0,0.0,25.97,79.37,3.25
2022-03-05 02:00:00,0.0,0.0,25.44,82.97,2.98
2022-03-05 03:00:00,0.0,0.0,25.06,86.19,2.74
2022-03-05 04:00:00,0.0,0.0,24.83,88.73,2.6
2022-03-05 05:00:00,0.0,0.0,24.67,90.63,2.51
2022-03-05 06:00:00,18.6,18.55,24.9,89.94,2.81
2022-03-05 07:00:00,142.18,148.27,26.57,79.41,3.64
2022-03-05 08:00:00,320.0,339.7,28.92,64.67,4.41
2022-03-05 09:00:00,507.85,549.05,30.9,53.49,4.36
2022-03-05 10:00:00,647.65,720.75,32.55,45.85,4.12
2022-03-05 11:00:00,745.78,834.6,33.77,41.26,3.79
2022-03-05 12:00:00,799.6,919.38,34.6,38.56,3.44
2022-03-05 13:00:00,663.38,857.45,35.01,37.43,3.17
2022-03-05 14:00:00,522.38,717.05,34.88,38.03,3.08
2022-03-05 15:00:00,325.9,516.45,33.85,40.79,3.1
2022-03-05 16:00:00,173.93,286.05,32.94,43.58,3.1
2022-03-05 17:00:00,45.28,80.22,31.53,50.27,2.16
2022-03-05 18:00:00,0.0,0.0,30.06,57.05,1.97
2022-03-05 19:00:00,0.0,0.0,29.58,58.51,2.41
2022-03-05 20:00:00,0.0,0.0,29.1,60.7,2.51
2022-03-05 21:00:00,0.0,0.0,28.63,63.08,2.38
2022-03-05 22:00:00,0.0,0.0,28.14,65.48,2.39
2022-03-05 23:00:00,0.0,0.0,27.64,67.86,2.48
2022-03-06 00:00:00,0.0,0.0,27.13,70.17,2.5
2022-03-06 01:00:00,0.0,0.0,26.66,72.27,2.48
2022-03-06 02:00:00,0.0,0.0,26.13,74.52,2.34
2022-03-06 03:00:00,0.0,0.0,25.6,76.74,2.29
2022-03-06 04:00:00,0.0,0.0,25.15,78.64,2.4
2022-03-06 05:00:00,0.0,0.0,24.75,80.43,2.44
2022-03-06 06:00:00,17.4,21.25,24.82,80.06,2.88
2022-03-06 07:00:00,137.38,175.25,27.16,68.24,3.48
2022-03-06 08:00:00,307.95,404.1,31.03,51.15,4.42
2022-03-06 09:00:00,479.77,625.08,33.54,43.49,3.83
2022-03-06 10:00:00,687.95,796.9,35.3,38.93,3.16
2022-03-06 11:00:00,743.85,894.28,36.43,36.19,2.69
2022-03-06 12:00:00,798.53,937.0,36.94,34.71,2.34
2022-03-06 13:00:00,662.62,872.62,37.13,33.82,2.09
2022-03-06 14:00:00,543.33,727.33,37.01,33.55,1.97
2022-03-06 15:00:00,305.48,518.72,36.38,34.46,1.9
2022-03-06 16:00:00,169.12,284.9,35.32,36.76,1.83
2022-03-06 17:00:00,50.2,77.6,33.92,42.82,1.24
2022-03-06 18:00:00,0.0,0.0,32.35,53.27,0.81
2022-03-06 19:00:00,0.0,0.0,31.72,54.46,0.83
2022-03-06 20:00:00,0.0,0.0,31.15,56.2,0.79
2022-03-06 21:00:00,0.0,0.0,30.74,57.44,0.79
2022-03-06 22:00:00,0.0,0.0,30.43,59.22,0.82
2022-03-06 23:00:00,0.0,0.0,30.01,61.05,0.84
2022-03-07 00:00:00,0.0,0.0,29.51,62.34,0.88
2022-03-07 01:00:00,0.0,0.0,29.08,62.72,1.0
2022-03-07 02:00:00,0.0,0.0,28.71,63.61,1.27
2022-03-07 03:00:00,0.0,0.0,28.39,64.99,1.69
2022-03-07 04:00:00,0.0,0.0,27.99,67.6,2.02
2022-03-07 05:00:00,0.0,0.0,27.56,70.95,2.05
2022-03-07 06:00:00,21.15,21.95,27.44,73.12,2.2
2022-03-07 07:00:00,168.2,175.68,28.99,65.34,2.31
2022-03-07 08:00:00,395.48,395.92,31.43,53.38,1.85
2022-03-07 09:00:00,601.53,621.33,33.85,42.91,1.44
2022-03-07 10:00:00,763.5,793.08,36.22,33.28,2.06
2022-03-07 11:00:00,821.25,896.38,37.95,26.94,2.54
2022-03-07 12:00:00,816.17,882.15,39.14,22.74,2.73
2022-03-07 13:00:00,672.67,817.03,39.81,19.77,2.77
2022-03-07 14:00:00,600.7,678.15,40.02,17.52,2.77
2022-03-07 15:00:00,404.33,484.65,39.67,15.96,2.73
2022-03-07 16:00:00,235.98,270.2,38.71,15.3,2.65
2022-03-07 17:00:00,62.0,73.93,35.47,25.62,1.28
2022-03-07 18:00:00,0.0,0.0,32.08,32.23,1.24
2022-03-07 19:00:00,0.0,0.0,30.85,33.22,1.33
2022-03-07 20:00:00,0.0,0.0,29.83,36.36,1.39
2022-03-07 21:00:00,0.0,0.0,28.92,42.39,1.37
2022-03-07 22:00:00,0.0,0.0,28.06,50.63,1.35
2022-03-07 23:00:00,0.0,0.0,27.75,58.17,1.44
2022-03-08 00:00:00,0.0,0.0,27.41,66.15,1.57
2022-03-08 01:00:00,0.0,0.0,26.91,73.53,1.47
2022-03-08 02:00:00,0.0,0.0,26.37,79.29,1.01
2022-03-08 03:00:00,0.0,0.0,25.83,84.03,0.54
2022-03-08 04:00:00,0.0,0.0,25.5,86.49,0.18
2022-03-08 05:00:00,0.0,0.0,24.88,88.5,0.38
2022-03-08 06:00:00,20.12,21.33,25.03,84.19,1.02
2022-03-08 07:00:00,166.32,170.73,27.73,60.98,2.01
2022-03-08 08:00:00,373.92,388.88,30.99,38.48,2.68
2022-03-08 09:00:00,609.42,612.42,33.84,24.09,3.38
2022-03-08 10:00:00,792.92,794.28,36.14,16.27,3.92
2022-03-08 11:00:00,902.5,903.38,37.85,12.43,4.16
2022-03-08 12:00:00,974.45,974.83,39.04,10.5,4.17
2022-03-08 13:00:00,916.12,916.12,39.66,9.52,4.07
2022-03-08 14:00:00,772.17,772.65,39.72,9.15,3.87
2022-03-08 15:00:00,522.9,566.85,39.24,9.23,3.61
2022-03-08 16:00:00,258.0,318.98,38.14,9.79,3.23
2022-03-08 17:00:00,70.62,91.0,34.55,20.02,1.41
2022-03-08 18:00:00,0.0,0.0,31.45,26.64,1.22
2022-03-08 19:00:00,0.0,0.0,31.06,26.6,1.14
2022-03-08 20:00:00,0.0,0.0,31.14,25.73,0.91
2022-03-08 21:00:00,0.0,0.0,31.2,25.79,0.69
2022-03-08 22:00:00,0.0,0.0,30.63,28.14,0.72
2022-03-08 23:00:00,0.0,0.0,29.57,33.08,0.85
2022-03-09 00:00:00,0.0,0.0,28.19,41.52,0.92
2022-03-09 01:00:00,0.0,0.0,26.67,51.63,0.92
2022-03-09 02:00:00,0.0,0.0,25.33,59.75,0.92
2022-03-09 03:00:00,0.0,0.0,24.2,67.26,0.93
2022-03-09 04:00:00,0.0,0.0,23.38,72.75,0.91
2022-03-09 05:00:00,0.0,0.0,22.95,75.33,0.87
2022-03-09 06:00:00,23.62,24.12,23.59,71.3,0.89
2022-03-09 07:00:00,175.23,191.62,26.24,56.65,1.54
2022-03-09 08:00:00,391.75,431.23,30.42,35.63,1.81
2022-03-09 09:00:00,622.72,659.15,33.67,22.94,2.66
2022-03-09 10:00:00,777.7,835.4,36.09,16.64,3.17
2022-03-09 11:00:00,926.08,938.62,37.92,13.11,3.31
2022-03-09 12:00:00,901.12,928.55,39.1,11.12,3.27
2022-03-09 13:00:00,848.45,863.8,39.78,10.0,3.19
2022-03-09 14:00:00,711.15,712.75,39.91,9.51,3.03
2022-03-09 15:00:00,489.75,510.55,39.48,9.46,2.91
2022-03-09 16:00:00,243.93,274.1,38.41,10.09,2.68
2022-03-09 17:00:00,66.88,75.47,34.77,21.55,1.13
2022-03-09 18:00:00,0.0,0.0,32.38,25.78,1.13
2022-03-09 19:00:00,0.0,0.0,32.06,25.91,1.08
2022-03-09 20:00:00,0.0,0.0,32.19,24.98,0.96
2022-03-09 21:00:00,0.0,0.0,32.59,22.96,0.65
2022-03-09 22:00:00,0.0,0.0,32.55,21.57,0.27
2022-03-09 23:00:00,0.0,0.0,31.87,22.37,0.42
2022-03-10 00:00:00,0.0,0.0,30.4,24.34,0.69
2022-03-10 01:00:00,0.0,0.0,28.59,28.93,0.86
2022-03-10 02:00:00,0.0,0.0,26.45,35.84,0.98
2022-03-10 03:00:00,0.0,0.0,24.72,42.06,0.97
2022-03-10 04:00:00,0.0,0.0,23.58,46.89,0.97
2022-03-10 05:00:00,0.0,0.0,22.75,52.12,0.98
2022-03-10 06:00:00,24.4,24.98,23.37,56.09,1.0
2022-03-10 07:00:00,177.65,194.8,26.71,49.13,1.86
2022-03-10 08:00:00,394.3,435.67,30.67,35.07,1.69
2022-03-10 09:00:00,648.38,665.88,34.51,22.07,2.42
2022-03-10 10:00:00,828.97,831.67,37.11,16.75,3.02
2022-03-10 11:00:00,909.05,930.45,38.84,14.06,3.04
2022-03-10 12:00:00,869.12,903.05,39.94,12.36,2.94
2022-03-10 13:00:00,823.9,830.3,40.52,11.33,2.83
2022-03-10 14:00:00,665.25,668.25,40.53,10.85,2.64
2022-03-10 15:00:00,450.67,451.42,40.01,10.88,2.47
2022-03-10 16:00:00,250.6,257.35,38.91,11.74,2.15
2022-03-10 17:00:00,66.75,67.65,35.6,24.06,0.94
2022-03-10 18:00:00,0.0,0.0,32.97,27.97,1.18
2022-03-10 19:00:00,0.0,0.0,31.67,31.0,1.59
2022-03-10 20:00:00,0.0,0.0,30.69,38.75,2.46
2022-03-10 21:00:00,0.0,0.0,29.71,50.4,3.48
2022-03-10 22:00:00,0.0,0.0,28.86,60.6,3.79
2022-03-10 23:00:00,0.0,0.0,28.14,67.3,3.59
2022-03-11 00:00:00,0.0,0.0,27.47,71.8,3.26
2022-03-11 01:00:00,0.0,0.0,26.84,75.74,2.87
2022-03-11 02:00:00,0.0,0.0,26.22,79.6,2.39
2022-03-11 03:00:00,0.0,0.0,25.67,82.73,1.96
2022-03-11 04:00:00,0.0,0.0,25.24,84.57,1.72
2022-03-11 05:00:00,0.0,0.0,24.98,85.08,1.62
2022-03-11 06:00:00,22.62,22.4,25.39,81.95,2.35
2022-03-11 07:00:00,164.82,167.93,27.68,69.43,3.5
2022-03-11 08:00:00,363.38,373.48,30.55,55.41,4.08
2022-03-11 09:00:00,563.97,566.0,33.1,45.03,4.05
2022-03-11 10:00:00,740.58,748.7,35.42,37.25,3.66
2022-03-11 11:00:00,837.65,842.03,37.39,31.16,3.17
2022-03-11 12:00:00,941.05,942.9,38.92,26.27,2.58
2022-03-11 13:00:00,873.0,873.25,39.83,22.93,1.92
2022-03-11 14:00:00,724.6,724.8,40.09,21.07,1.22
2022-03-11 15:00:00,513.22,514.12,39.79,20.4,0.59
2022-03-11 16:00:00,267.17,290.48,39.0,20.67,0.33
2022-03-11 17:00:00,75.62,82.05,37.11,28.14,0.6
2022-03-11 18:00:00,0.0,0.0,34.32,34.51,1.06
2022-03-11 19:00:00,0.0,0.0,33.05,36.97,1.7
2022-03-11 20:00:00,0.0,0.0,32.27,41.04,2.93
2022-03-11 21:00:00,0.0,0.0,31.18,48.2,4.06
2022-03-11 22:00:00,0.0,0.0,29.95,55.57,4.68
2022-03-11 23:00:00,0.0,0.0,29.12,59.98,4.71
2022-03-12 00:00:00,0.0,0.0,28.55,62.87,4.58
2022-03-12 01:00:00,0.0,0.0,28.04,65.62,4.36
2022-03-12 02:00:00,0.0,0.0,27.57,68.52,4.14
2022-03-12 03:00:00,0.0,0.0,27.13,71.44,3.92
2022-03-12 04:00:00,0.0,0.0,26.69,74.04,3.57
2022-03-12 05:00:00,0.0,0.0,26.32,75.72,3.13
2022-03-12 06:00:00,21.3,24.33,26.5,74.08,3.26
2022-03-12 07:00:00,137.7,173.75,28.43,63.28,3.81
2022-03-12 08:00:00,293.9,389.73,31.16,51.21,3.96
2022-03-12 09:00:00,472.77,604.12,33.78,42.25,3.69
2022-03-12 10:00:00,632.83,774.38,35.9,36.26,3.3
2022-03-12 11:00:00,725.88,878.0,37.5,31.95,2.87
2022-03-12 12:00:00,764.88,905.5,38.62,28.76,2.41
2022-03-12 13:00:00,693.6,842.95,39.24,26.59,2.07
2022-03-12 14:00:00,577.72,704.4,39.42,25.4,1.94
2022-03-12 15:00:00,386.62,511.88,39.08,25.19,1.89
2022-03-12 16:00:00,216.2,282.75,38.27,25.92,1.98
2022-03-12 17:00:00,68.07,78.4,36.64,29.96,1.89
2022-03-12 18:00:00,0.0,0.0,34.45,35.98,2.59
2022-03-12 19:00:00,0.0,0.0,33.28,40.18,4.17
2022-03-12 20:00:00,0.0,0.0,31.85,47.73,5.03
2022-03-12 21:00:00,0.0,0.0,30.51,55.65,5.15
2022-03-12 22:00:00,0.0,0.0,29.56,61.42,5.03
2022-03-12 23:00:00,0.0,0.0,28.87,64.84,4.9
2022-03-13 00:00:00,0.0,0.0,28.38,66.72,4.73
2022-03-13 01:00:00,0.0,0.0,27.9,68.7,4.14
2022-03-13 02:00:00,0.0,0.0,27.45,70.96,3.49
2022-03-13 03:00:00,0.0,0.0,27.09,73.07,3.18
2022-03-13 04:00:00,0.0,0.0,26.75,75.45,2.99
2022-03-13 05:00:00,0.0,0.0,26.43,78.06,2.81
2022-03-13 06:00:00,22.48,22.1,26.62,78.2,3.35
2022-03-13 07:00:00,146.93,150.98,28.27,69.6,4.51
2022-03-13 08:00:00,326.2,336.2,30.46,58.42,4.8
2022-03-13 09:00:00,474.7,539.6,32.54,49.94,4.64
2022-03-13 10:00:00,696.55,713.03,34.19,44.12,4.32
2022-03-13 11:00:00,743.3,813.47,35.4,40.22,3.94
2022-03-13 12:00:00,807.08,887.28,36.18,37.66,3.54
2022-03-13 13:00:00,734.53,827.1,36.45,36.38,3.23
2022-03-13 14:00:00,525.8,683.7,36.06,36.57,3.12
2022-03-13 15:00:00,316.85,482.08,35.16,38.2,3.18
2022-03-13 16:00:00,162.18,256.27,34.27,40.41,3.3
2022-03-13 17:00:00,50.3,70.15,33.09,44.02,3.32
2022-03-13 18:00:00,0.0,0.0,31.81,49.04,3.39
2022-03-13 19:00:00,0.0,0.0,30.95,53.45,3.78
2022-03-13 20:00:00,0.0,0.0,30.25,57.84,3.84
2022-03-13 21:00:00,0.0,0.0,29.67,62.08,3.6
2022-03-13 22:00:00,0.0,0.0,29.11,66.02,3.19
2022-03-13 23:00:00,0.0,0.0,28.57,69.78,2.78
2022-03-14 00:00:00,0.0,0.0,28.06,73.11,2.48
2022-03-14 01:00:00,0.0,0.0,27.58,75.99,2.23
2022-03-14 02:00:00,0.0,0.0,27.14,78.54,1.94
2022-03-14 03:00:00,0.0,0.0,26.77,80.65,1.7
2022-03-14 04:00:00,0.0,0.0,26.47,82.37,1.57
2022-03-14 05:00:00,0.0,0.0,26.22,83.91,1.46
2022-03-14 06:00:00,18.08,21.95,26.35,83.37,1.87
2022-03-14 07:00:00,123.5,146.62,27.99,72.93,2.68
2022-03-14 08:00:00,225.12,337.08,29.95,62.23,2.74
2022-03-14 09:00:00,339.0,544.3,31.53,55.15,2.13
2022-03-14 10:00:00,462.33,713.25,32.69,49.58,1.19
2022-03-14 11:00:00,575.92,813.72,33.9,43.32,0.2
2022-03-14 12:00:00,603.85,728.78,35.24,37.46,1.31
2022-03-14 13:00:00,582.5,667.65,36.06,34.31,2.02
2022-03-14 14:00:00,428.02,544.85,36.3,32.88,2.42
2022-03-14 15:00:00,280.95,370.5,36.01,32.69,2.56
2022-03-14 16:00:00,143.05,190.48,35.27,33.69,2.5
2022-03-14 17:00:00,41.05,53.22,33.62,41.29,1.45
2022-03-14 18:00:00,0.0,0.0,31.53,51.37,1.03
2022-03-14 19:00:00,0.0,0.0,30.83,53.92,1.12
2022-03-14 20:00:00,0.0,0.0,30.23,56.53,1.27
2022-03-14 21:00:00,0.0,0.0,29.71,59.67,1.53
2022-03-14 22:00:00,0.0,0.0,29.25,63.55,1.83
2022-03-14 23:00:00,0.0,0.0,28.83,67.47,2.07
2022-03-15 00:00:00,0.0,0.0,28.41,70.9,2.15
2022-03-15 01:00:00,0.0,0.0,28.02,73.6,2.03
2022-03-15 02:00:00,0.0,0.0,27.67,75.52,1.74
2022-03-15 03:00:00,0.0,0.0,27.29,77.29,1.42
2022-03-15 04:00:00,0.0,0.0,26.92,78.69,1.25
2022-03-15 05:00:00,0.0,0.0,26.57,79.96,1.26
2022-03-15 06:00:00,20.45,21.35,26.8,78.54,2.14
2022-03-15 07:00:00,124.05,139.0,28.56,67.56,3.34
2022-03-15 08:00:00,271.9,314.4,30.81,55.93,3.96
2022-03-15 09:00:00,411.6,492.55,32.55,48.97,3.44
2022-03-15 10:00:00,559.38,628.72,33.87,44.46,2.77
2022-03-15 11:00:00,615.45,693.95,35.21,40.31,2.21
2022-03-15 12:00:00,688.62,739.2,36.1,37.05,1.81
2022-03-15 13:00:00,600.4,673.05,36.6,34.54,1.78
2022-03-15 14:00:00,498.95,544.08,36.59,33.2,2.04
2022-03-15 15:00:00,341.27,371.73,36.19,33.17,2.44
2022-03-15 16:00:00,177.48,194.12,35.39,34.75,2.77
2022-03-15 17:00:00,53.0,55.55,33.77,40.75,2.38
2022-03-15 18:00:00,0.0,0.0,31.76,49.44,2.71
2022-03-15 19:00:00,0.0,0.0,30.79,55.96,3.78
2022-03-15 20:00:00,0.0,0.0,29.86,63.08,4.08
2022-03-15 21:00:00,0.0,0.0,29.32,67.44,3.99
2022-03-15 22:00:00,0.0,0.0,28.98,69.64,3.67
2022-03-15 23:00:00,0.0,0.0,28.71,70.72,3.41
2022-03-16 00:00:00,0.0,0.0,28.46,71.55,3.22
2022-03-16 01:00:00,0.0,0.0,28.22,72.31,3.01
2022-03-16 02:00:00,0.0,0.0,27.95,73.17,2.73
2022-03-16 03:00:00,0.0,0.0,27.66,74.32,2.48
2022-03-16 04:00:00,0.0,0.0,27.3,76.08,2.31
2022-03-16 05:00:00,0.0,0.0,26.9,78.31,2.25
2022-03-16 06:00:00,24.45,23.83,26.82,79.16,2.51
2022-03-16 07:00:00,160.07,157.23,28.09,72.1,2.99
2022-03-16 08:00:00,342.05,347.33,30.23,58.04,3.51
2022-03-16 09:00:00,546.67,554.33,32.32,45.07,3.25
2022-03-16 10:00:00,692.83,721.67,33.9,38.55,2.55
2022-03-16 11:00:00,816.45,819.35,34.89,35.73,1.83
2022-03-16 12:00:00,782.0,783.72,35.55,34.01,1.39
2022-03-16 13:00:00,596.67,718.3,36.32,31.89,1.34
2022-03-16 14:00:00,537.05,581.8,36.89,29.96,1.56
2022-03-16 15:00:00,364.12,395.23,36.88,29.35,1.84
2022-03-16 16:00:00,195.32,210.43,36.17,30.3,2.11
2022-03-16 17:00:00,55.22,57.6,34.21,38.89,1.38
2022-03-16 18:00:00,0.0,0.0,31.87,47.19,1.44
2022-03-16 19:00:00,0.0,0.0,31.07,50.95,1.91
2022-03-16 20:00:00,0.0,0.0,30.27,56.93,2.26
2022-03-16 21:00:00,0.0,0.0,29.56,63.08,2.38
2022-03-16 22:00:00,0.0,0.0,28.9,68.41,2.19
2022-03-16 23:00:00,0.0,0.0,28.45,71.74,1.9
2022-03-17 00:00:00,0.0,0.0,28.11,73.31,1.46
2022-03-17 01:00:00,0.0,0.0,27.78,73.91,0.9
2022-03-17 02:00:00,0.0,0.0,27.42,74.13,0.58
2022-03-17 03:00:00,0.0,0.0,27.1,74.3,0.52
2022-03-17 04:00:00,0.0,0.0,26.77,75.28,0.61
2022-03-17 05:00:00,0.0,0.0,26.34,77.64,0.78
2022-03-17 06:00:00,23.1,23.38,26.7,76.81,1.54
2022-03-17 07:00:00,145.88,148.65,28.94,64.08,2.5
2022-03-17 08:00:00,321.8,323.85,31.63,50.42,2.61
2022-03-17 09:00:00,501.02,526.92,33.93,41.53,2.07
2022-03-17 10:00:00,601.03,669.75,35.89,35.28,1.18
2022-03-17 11:00:00,679.88,769.6,37.4,31.11,0.51
2022-03-17 12:00:00,774.5,871.17,38.62,27.88,1.04
2022-03-17 13:00:00,647.53,802.97,39.36,25.86,1.84
2022-03-17 14:00:00,568.6,655.95,39.45,25.32,2.47
2022-03-17 15:00:00,362.65,442.25,38.95,26.04,2.81
2022-03-17 16:00:00,186.1,237.02,37.92,27.91,3.0
2022-03-17 17:00:00,54.78,64.62,36.08,32.96,2.48
2022-03-17 18:00:00,0.0,0.0,33.79,40.72,2.54
2022-03-17 19:00:00,0.0,0.0,32.79,45.27,3.61
2022-03-17 20:00:00,0.0,0.0,31.49,52.44,3.77
2022-03-17 21:00:00,0.0,0.0,30.45,58.86,3.63
2022-03-17 22:00:00,0.0,0.0,29.78,63.08,3.43
2022-03-17 23:00:00,0.0,0.0,29.36,65.6,3.27
2022-03-18 00:00:00,0.0,0.0,29.03,67.3,3.01
2022-03-18 01:00:00,0.0,0.0,28.82,68.24,2.84
2022-03-18 02:00:00,0.0,0.0,28.59,69.23,2.53
2022-03-18 03:00:00,0.0,0.0,28.27,70.66,2.21
2022-03-18 04:00:00,0.0,0.0,27.86,72.42,1.97
2022-03-18 05:00:00,0.0,0.0,27.42,74.34,1.74
2022-03-18 06:00:00,23.33,23.62,27.63,73.27,2.34
2022-03-18 07:00:00,141.32,144.5,29.57,62.72,3.05
2022-03-18 08:00:00,302.25,311.02,32.08,51.36,2.89
2022-03-18 09:00:00,491.02,505.88,34.08,44.27,1.95
2022-03-18 10:00:00,657.5,657.47,35.82,38.44,0.78
2022-03-18 11:00:00,757.65,758.67,37.38,33.09,0.51
2022-03-18 12:00:00,896.67,899.05,38.63,28.95,1.22
2022-03-18 13:00:00,822.65,825.62,39.35,26.2,1.79
2022-03-18 14:00:00,670.25,672.17,39.54,24.67,2.21
2022-03-18 15:00:00,452.02,452.38,39.46,24.0,2.5
2022-03-18 16:00:00,233.65,255.05,38.61,24.72,2.53
2022-03-18 17:00:00,55.67,68.97,36.62,30.83,1.55
2022-03-18 18:00:00,0.0,0.0,33.86,40.16,1.11
2022-03-18 19:00:00,0.0,0.0,32.9,42.01,1.33
2022-03-18 20:00:00,0.0,0.0,31.99,45.1,1.52
2022-03-18 21:00:00,0.0,0.0,31.1,49.64,1.78
2022-03-18 22:00:00,0.0,0.0,30.34,54.88,2.29
2022-03-18 23:00:00,0.0,0.0,29.55,60.88,2.68
2022-03-19 00:00:00,0.0,0.0,28.82,66.58,2.78
2022-03-19 01:00:00,0.0,0.0,28.28,70.65,2.76
2022-03-19 02:00:00,0.0,0.0,27.85,73.5,2.67
2022-03-19 03:00:00,0.0,0.0,27.48,75.66,2.57
2022-03-19 04:00:00,0.0,0.0,27.14,77.51,2.46
2022-03-19 05:00:00,0.0,0.0,26.82,79.29,2.2
2022-03-19 06:00:00,24.05,25.45,27.03,78.59,2.5
2022-03-19 07:00:00,138.95,154.38,29.01,68.09,3.4
2022-03-19 08:00:00,280.67,332.75,31.48,55.85,3.8
2022-03-19 09:00:00,477.23,525.97,33.72,47.12,3.51
2022-03-19 10:00:00,630.85,682.88,35.46,41.06,3.06
2022-03-19 11:00:00,762.8,775.1,36.66,37.03,2.78
2022-03-19 12:00:00,769.3,869.83,37.3,34.59,2.76
2022-03-19 13:00:00,711.15,789.42,37.67,33.01,2.99
2022-03-19 14:00:00,585.47,650.4,37.49,32.71,3.33
2022-03-19 15:00:00,385.9,451.33,36.72,33.88,3.68
2022-03-19 16:00:00,169.3,235.68,35.57,36.55,3.86
2022-03-19 17:00:00,49.28,64.65,34.03,41.35,3.74
2022-03-19 18:00:00,0.0,0.0,32.3,48.38,3.61
2022-03-19 19:00:00,0.0,0.0,31.25,54.06,3.76
2022-03-19 20:00:00,0.0,0.0,30.53,58.52,3.53
2022-03-19 21:00:00,0.0,0.0,30.0,61.64,3.11
2022-03-19 22:00:00,0.0,0.0,29.57,63.95,2.74
2022-03-19 23:00:00,0.0,0.0,29.14,66.13,2.61
2022-03-20 00:00:00,0.0,0.0,28.71,68.37,2.62
2022-03-20 01:00:00,0.0,0.0,28.32,70.52,2.81
2022-03-20 02:00:00,0.0,0.0,27.9,73.25,2.79
2022-03-20 03:00:00,0.0,0.0,27.59,75.05,2.93
2022-03-20 04:00:00,0.0,0.0,27.31,76.64,3.07
2022-03-20 05:00:00,0.0,0.0,27.09,77.82,3.18
2022-03-20 06:00:00,21.65,26.75,26.99,79.19,3.15
2022-03-20 07:00:00,132.3,161.3,27.73,75.82,3.91
2022-03-20 08:00:00,287.92,359.62,28.9,69.1,4.45
2022-03-20 09:00:00,438.2,561.05,29.99,63.36,4.4
2022-03-20 10:00:00,564.05,721.03,30.91,59.23,4.17
2022-03-20 11:00:00,613.83,817.42,31.75,55.77,3.88
2022-03-20 12:00:00,648.08,851.47,32.33,53.42,3.55
2022-03-20 13:00:00,646.6,792.33,32.57,52.34,3.2
2022-03-20 14:00:00,508.1,657.2,32.46,52.61,2.82
2022-03-20 15:00:00,344.42,464.62,32.14,53.78,2.43
2022-03-20 16:00:00,196.02,247.5,31.51,57.83,1.88
2022-03-20 17:00:00,59.88,68.0,30.28,68.88,1.23
2022-03-20 18:00:00,0.0,0.0,28.87,78.46,0.93
2022-03-20 19:00:00,0.0,0.0,28.41,78.5,1.01
2022-03-20 20:00:00,0.0,0.0,28.02,78.49,1.08
2022-03-20 21:00:00,0.0,0.0,27.66,78.74,1.11
2022-03-20 22:00:00,0.0,0.0,27.34,79.23,1.12
2022-03-20 23:00:00,0.0,0.0,27.01,79.88,1.16
2022-03-21 00:00:00,0.0,0.0,26.72,80.63,1.22
2022-03-21 01:00:00,0.0,0.0,26.45,81.84,1.27
2022-03-21 02:00:00,0.0,0.0,26.18,83.41,1.31
2022-03-21 03:00:00,0.0,0.0,25.95,84.83,1.43
2022-03-21 04:00:00,0.0,0.0,25.72,86.2,1.62
2022-03-21 05:00:00,0.0,0.0,25.54,87.35,1.87
2022-03-21 06:00:00,29.77,31.02,25.72,86.72,2.58
2022-03-21 07:00:00,174.27,192.9,26.81,80.87,3.26
2022-03-21 08:00:00,356.75,407.62,28.59,70.64,3.94
2022-03-21 09:00:00,489.05,631.3,30.17,62.58,4.05
2022-03-21 10:00:00,621.83,796.42,31.26,58.15,3.78
2022-03-21 11:00:00,639.08,888.83,31.78,56.2,3.32
2022-03-21 12:00:00,537.12,858.78,32.01,55.43,2.84
2022-03-21 13:00:00,162.2,797.88,31.99,55.61,2.36
2022-03-21 14:00:00,117.35,653.92,31.72,56.67,1.94
2022-03-21 15:00:00,141.35,454.33,31.22,58.84,1.62
2022-03-21 16:00:00,98.35,235.38,30.6,63.96,1.28
2022-03-21 17:00:00,31.55,62.97,29.56,72.96,0.98
2022-03-21 18:00:00,0.0,0.0,28.49,82.6,0.67
2022-03-21 19:00:00,0.0,0.0,28.18,82.27,0.68
2022-03-21 20:00:00,0.0,0.0,28.07,80.38,0.67
2022-03-21 21:00:00,0.0,0.0,27.92,79.74,0.67
2022-03-21 22:00:00,0.0,0.0,27.5,80.99,0.73
2022-03-21 23:00:00,0.0,0.0,27.04,81.63,0.85
2022-03-22 00:00:00,0.0,0.0,26.66,81.45,1.02
2022-03-22 01:00:00,0.0,0.0,26.34,81.49,1.16
2022-03-22 02:00:00,0.0,0.0,26.05,81.94,1.23
2022-03-22 03:00:00,0.0,0.0,25.77,82.97,1.21
2022-03-22 04:00:00,0.0,0.0,25.49,84.24,1.11
2022-03-22 05:00:00,0.0,0.0,25.2,85.84,0.99
2022-03-22 06:00:00,24.85,26.02,25.64,83.92,1.37
2022-03-22 07:00:00,136.07,150.3,27.41,75.49,1.74
2022-03-22 08:00:00,287.58,335.85,30.77,59.35,1.51
2022-03-22 09:00:00,438.85,530.83,32.7,51.82,0.48
2022-03-22 10:00:00,572.67,690.0,34.38,45.95,0.4
2022-03-22 11:00:00,661.53,786.38,35.75,41.37,0.85
2022-03-22 12:00:00,742.4,870.8,36.43,38.79,1.1
2022-03-22 13:00:00,752.75,803.03,36.7,37.23,1.33
2022-03-22 14:00:00,586.22,650.17,36.57,36.75,1.62
2022-03-22 15:00:00,418.67,449.73,36.15,37.21,1.97
2022-03-22 16:00:00,232.4,242.25,35.29,39.4,2.26
2022-03-22 17:00:00,64.65,65.72,33.29,48.96,2.02
2022-03-22 18:00:00,0.0,0.0,31.3,56.83,2.85
2022-03-22 19:00:00,0.0,0.0,30.22,63.13,3.57
2022-03-22 20:00:00,0.0,0.0,29.22,69.63,3.34
2022-03-22 21:00:00,0.0,0.0,28.59,73.57,3.02
2022-03-22 22:00:00,0.0,0.0,28.15,75.93,2.86
2022-03-22 23:00:00,0.0,0.0,27.74,77.86,2.8
2022-03-23 00:00:00,0.0,0.0,27.35,79.7,2.8
2022-03-23 01:00:00,0.0,0.0,26.96,81.63,2.78
2022-03-23 02:00:00,0.0,0.0,26.59,83.67,2.71
2022-03-23 03:00:00,0.0,0.0,26.24,85.6,2.71
2022-03-23 04:00:00,0.0,0.0,25.91,87.36,2.69
2022-03-23 05:00:00,0.0,0.0,25.64,88.77,2.59
2022-03-23 06:00:00,28.73,31.67,25.83,87.79,2.84
2022-03-23 07:00:00,175.15,188.02,27.52,78.15,3.88
2022-03-23 08:00:00,382.17,382.9,29.71,66.77,4.29
2022-03-23 09:00:00,598.65,611.05,31.73,57.67,3.78
2022-03-23 10:00:00,741.2,778.62,33.2,51.7,3.1
2022-03-23 11:00:00,863.85,872.67,34.42,47.26,2.45
2022-03-23 12:00:00,817.97,821.55,35.36,43.9,1.86
2022-03-23 13:00:00,748.72,755.12,35.94,41.42,1.39
2022-03-23 14:00:00,597.33,614.17,36.1,39.88,1.06
2022-03-23 15:00:00,400.98,421.1,35.84,39.32,0.7
2022-03-23 16:00:00,198.73,214.77,35.24,40.01,0.68
2022-03-23 17:00:00,60.9,60.97,33.96,47.59,0.77
2022-03-23 18:00:00,0.0,0.0,31.71,59.62,0.84
2022-03-23 19:00:00,0.0,0.0,30.73,60.24,1.15
2022-03-23 20:00:00,0.0,0.0,29.96,62.26,1.49
2022-03-23 21:00:00,0.0,0.0,29.25,65.81,1.76
2022-03-23 22:00:00,0.0,0.0,28.64,70.06,2.13
2022-03-23 23:00:00,0.0,0.0,28.08,74.45,2.46
2022-03-24 00:00:00,0.0,0.0,27.57,78.39,2.5
2022-03-24 01:00:00,0.0,0.0,27.12,81.39,2.39
2022-03-24 02:00:00,0.0,0.0,26.75,83.58,2.31
2022-03-24 03:00:00,0.0,0.0,26.44,85.32,2.39
2022-03-24 04:00:00,0.0,0.0,26.15,86.84,2.39
2022-03-24 05:00:00,0.0,0.0,25.86,88.46,2.39
2022-03-24 06:00:00,31.35,32.8,26.12,87.34,2.97
2022-03-24 07:00:00,188.62,192.57,28.07,77.36,3.31
2022-03-24 08:00:00,394.1,404.48,31.24,59.93,3.79
2022-03-24 09:00:00,612.72,618.58,33.14,51.5,3.45
2022-03-24 10:00:00,775.75,776.38,34.41,46.94,3.13
2022-03-24 11:00:00,852.97,874.55,35.36,43.83,3.08
2022-03-24 12:00:00,827.0,895.62,36.01,41.89,3.25
2022-03-24 13:00:00,738.4,826.0,35.96,42.05,3.58
2022-03-24 14:00:00,625.0,676.9,35.41,43.9,3.91
2022-03-24 15:00:00,464.62,471.25,34.24,47.76,4.11
2022-03-24 16:00:00,219.62,244.73,32.91,52.92,3.99
2022-03-24 17:00:00,63.05,67.7,31.3,61.02,3.07
2022-03-24 18:00:00,0.0,0.0,29.75,70.62,2.2
2022-03-24 19:00:00,0.0,0.0,29.07,75.06,1.88
2022-03-24 20:00:00,0.0,0.0,28.51,78.57,1.41
2022-03-24 21:00:00,0.0,0.0,28.04,80.97,1.07
2022-03-24 22:00:00,0.0,0.0,27.63,82.39,0.93
2022-03-24 23:00:00,0.0,0.0,27.24,83.4,0.86
2022-03-25 00:00:00,0.0,0.0,26.85,84.66,0.84
2022-03-25 01:00:00,0.0,0.0,26.44,86.22,0.85
2022-03-25 02:00:00,0.0,0.0,26.09,87.79,0.91
2022-03-25 03:00:00,0.0,0.0,25.81,89.25,1.2
2022-03-25 04:00:00,0.0,0.0,25.6,90.62,1.78
2022-03-25 05:00:00,0.0,0.0,25.39,92.1,2.31
2022-03-25 06:00:00,31.3,32.7,25.64,91.19,2.94
2022-03-25 07:00:00,177.23,186.85,27.54,80.33,3.5
2022-03-25 08:00:00,370.88,391.65,30.04,66.17,4.02
2022-03-25 09:00:00,562.03,601.67,31.8,58.11,3.51
2022-03-25 10:00:00,750.97,772.9,33.21,52.03,2.66
2022-03-25 11:00:00,851.38,861.92,34.35,47.46,1.78
2022-03-25 12:00:00,801.0,804.7,35.04,44.29,1.06
2022-03-25 13:00:00,728.05,743.55,35.5,41.92,0.96
2022-03-25 14:00:00,572.38,579.97,35.64,40.59,1.49
2022-03-25 15:00:00,381.0,393.33,35.24,40.88,2.07
2022-03-25 16:00:00,178.43,198.65,34.39,42.98,2.47
2022-03-25 17:00:00,49.7,56.7,32.55,52.93,1.77
2022-03-25 18:00:00,0.0,0.0,30.74,60.94,1.83
2022-03-25 19:00:00,0.0,0.0,29.93,63.6,2.38
2022-03-25 20:00:00,0.0,0.0,29.21,67.33,2.63
2022-03-25 21:00:00,0.0,0.0,28.62,70.74,2.56
2022-03-25 22:00:00,0.0,0.0,28.22,72.94,2.48
2022-03-25 23:00:00,0.0,0.0,27.9,74.5,2.43
2022-03-26 00:00:00,0.0,0.0,27.58,75.94,2.3
2022-03-26 01:00:00,0.0,0.0,27.27,77.46,2.1
2022-03-26 02:00:00,0.0,0.0,26.96,79.05,1.91
2022-03-26 03:00:00,0.0,0.0,26.69,80.52,1.82
2022-03-26 04:00:00,0.0,0.0,26.38,82.26,1.6
2022-03-26 05:00:00,0.0,0.0,26.06,84.2,1.24
2022-03-26 06:00:00,29.33,29.52,26.42,82.63,1.64
2022-03-26 07:00:00,161.93,162.93,28.16,73.29,1.92
2022-03-26 08:00:00,346.77,357.88,31.02,57.33,2.27
2022-03-26 09:00:00,548.25,557.55,32.94,49.23,1.35
2022-03-26 10:00:00,697.4,709.97,34.31,44.26,0.46
2022-03-26 11:00:00,800.4,806.33,35.59,40.01,1.03
2022-03-26 12:00:00,631.58,742.15,36.66,36.23,1.7
2022-03-26 13:00:00,681.78,683.9,37.29,33.37,2.13
2022-03-26 14:00:00,570.1,571.58,37.51,31.54,2.31
2022-03-26 15:00:00,385.77,385.92,37.21,31.14,2.38
2022-03-26 16:00:00,180.75,196.32,36.41,32.51,2.26
2022-03-26 17:00:00,50.17,57.05,34.24,44.57,1.25
2022-03-26 18:00:00,0.0,0.0,31.87,53.38,1.34
2022-03-26 19:00:00,0.0,0.0,31.06,54.63,1.94
2022-03-26 20:00:00,0.0,0.0,30.3,58.25,2.59
2022-03-26 21:00:00,0.0,0.0,29.55,63.31,2.86
2022-03-26 22:00:00,0.0,0.0,28.98,67.74,2.64
2022-03-26 23:00:00,0.0,0.0,28.58,70.88,2.26
2022-03-27 00:00:00,0.0,0.0,28.17,73.85,1.7
2022-03-27 01:00:00,0.0,0.0,27.81,76.07,1.23
2022-03-27 02:00:00,0.0,0.0,27.42,77.93,0.9
2022-03-27 03:00:00,0.0,0.0,27.07,79.32,0.79
2022-03-27 04:00:00,0.0,0.0,26.72,80.91,0.72
2022-03-27 05:00:00,0.0,0.0,26.36,82.65,0.62
2022-03-27 06:00:00,31.1,31.0,26.74,80.9,0.95
2022-03-27 07:00:00,163.82,166.62,28.54,70.84,1.08
2022-03-27 08:00:00,344.88,349.4,31.45,55.47,1.06
2022-03-27 09:00:00,532.17,550.65,33.58,46.95,1.97
2022-03-27 10:00:00,698.8,713.0,35.09,42.32,2.6
2022-03-27 11:00:00,804.85,812.58,36.35,38.32,2.91
2022-03-27 12:00:00,872.7,884.08,37.43,34.41,3.0
2022-03-27 13:00:00,802.15,816.47,38.24,31.08,3.01
2022-03-27 14:00:00,662.17,671.2,38.59,28.85,2.98
2022-03-27 15:00:00,466.3,469.45,38.64,27.21,2.92
2022-03-27 16:00:00,229.93,245.68,37.92,27.15,2.52
2022-03-27 17:00:00,64.28,69.05,35.19,42.24,0.95
2022-03-27 18:00:00,0.0,0.0,33.24,45.28,0.86
2022-03-27 19:00:00,0.0,0.0,32.16,46.98,0.86
2022-03-27 20:00:00,0.0,0.0,30.39,53.26,1.01
2022-03-27 21:00:00,0.0,0.0,28.86,59.31,1.22
2022-03-27 22:00:00,0.0,0.0,28.03,65.07,1.45
2022-03-27 23:00:00,0.0,0.0,27.46,71.66,1.56
2022-03-28 00:00:00,0.0,0.0,26.95,77.21,1.5
2022-03-28 01:00:00,0.0,0.0,26.44,80.73,1.33
2022-03-28 02:00:00,0.0,0.0,25.93,83.78,1.06
2022-03-28 03:00:00,0.0,0.0,25.5,86.68,0.77
2022-03-28 04:00:00,0.0,0.0,25.23,89.0,0.6
2022-03-28 05:00:00,0.0,0.0,25.15,90.25,0.41
2022-03-28 06:00:00,34.3,36.33,25.5,89.12,0.18
2022-03-28 07:00:00,179.18,189.4,28.13,72.99,0.32
2022-03-28 08:00:00,345.6,385.7,31.35,56.54,0.85
2022-03-28 09:00:00,535.85,591.97,33.96,44.06,1.85
2022-03-28 10:00:00,711.1,754.95,36.17,34.9,2.49
2022-03-28 11:00:00,821.6,856.97,37.91,28.6,2.83
2022-03-28 12:00:00,801.9,850.12,39.24,24.06,3.07
2022-03-28 13:00:00,783.35,785.08,39.94,20.93,3.35
2022-03-28 14:00:00,578.9,622.47,40.04,18.81,3.58
2022-03-28 15:00:00,404.52,435.17,39.54,17.47,3.67
2022-03-28 16:00:00,190.38,224.43,38.43,17.4,3.24
2022-03-28 17:00:00,53.22,62.15,34.77,30.48,1.42
2022-03-28 18:00:00,0.0,0.0,31.75,36.56,1.27
2022-03-28 19:00:00,0.0,0.0,30.64,37.86,1.26
2022-03-28 20:00:00,0.0,0.0,29.69,39.47,1.2
2022-03-28 21:00:00,0.0,0.0,28.72,41.65,1.13
2022-03-28 22:00:00,0.0,0.0,27.73,43.83,1.13
2022-03-28 23:00:00,0.0,0.0,26.65,46.69,1.21
2022-03-29 00:00:00,0.0,0.0,25.65,50.12,1.33
2022-03-29 01:00:00,0.0,0.0,24.84,55.17,1.36
2022-03-29 02:00:00,0.0,0.0,24.2,61.51,1.34
2022-03-29 03:00:00,0.0,0.0,23.72,68.49,1.3
2022-03-29 04:00:00,0.0,0.0,23.29,76.37,1.21
2022-03-29 05:00:00,0.0,0.0,22.91,84.22,1.1
2022-03-29 06:00:00,33.58,35.7,23.62,85.39,1.85
2022-03-29 07:00:00,182.38,186.68,25.77,78.24,2.17
2022-03-29 08:00:00,374.38,383.3,29.59,63.25,2.75
2022-03-29 09:00:00,588.15,589.92,32.46,50.54,2.9
2022-03-29 10:00:00,750.03,761.38,34.61,40.79,2.94
2022-03-29 11:00:00,858.2,861.4,36.42,32.85,3.09
2022-03-29 12:00:00,935.78,937.0,38.09,27.57,3.18
2022-03-29 13:00:00,854.2,857.45,38.91,24.59,3.1
2022-03-29 14:00:00,699.45,700.47,39.04,23.19,2.91
2022-03-29 15:00:00,479.27,479.73,38.64,22.93,2.6
2022-03-29 16:00:00,235.77,256.42,37.68,24.17,2.21
2022-03-29 17:00:00,64.75,71.57,34.99,37.71,1.13
2022-03-29 18:00:00,0.0,0.0,32.06,46.61,1.38
2022-03-29 19:00:00,0.0,0.0,31.21,50.46,2.13
2022-03-29 20:00:00,0.0,0.0,30.5,56.94,3.05
2022-03-29 21:00:00,0.0,0.0,29.64,64.03,3.11
2022-03-29 22:00:00,0.0,0.0,29.02,68.39,2.8
2022-03-29 23:00:00,0.0,0.0,28.54,71.06,2.51
2022-03-30 00:00:00,0.0,0.0,28.11,72.98,2.18
2022-03-30 01:00:00,0.0,0.0,27.66,75.08,1.69
2022-03-30 02:00:00,0.0,0.0,27.21,77.36,1.27
2022-03-30 03:00:00,0.0,0.0,26.85,79.53,1.16
2022-03-30 04:00:00,0.0,0.0,26.51,81.82,1.3
2022-03-30 05:00:00,0.0,0.0,26.16,84.39,1.51
2022-03-30 06:00:00,36.25,41.67,26.41,83.87,2.3
2022-03-30 07:00:00,188.27,210.45,28.38,73.29,3.14
2022-03-30 08:00:00,411.35,411.95,30.74,61.68,3.5
2022-03-30 09:00:00,641.12,650.25,32.88,52.4,3.31
2022-03-30 10:00:00,754.22,819.35,34.47,47.03,3.04
2022-03-30 11:00:00,835.7,907.38,35.62,43.38,2.92
2022-03-30 12:00:00,808.2,815.75,36.36,40.72,2.93
2022-03-30 13:00:00,732.92,743.35,36.49,39.47,2.99
2022-03-30 14:00:00,588.15,604.22,36.37,39.19,3.09
2022-03-30 15:00:00,401.17,417.88,35.77,40.22,3.14
2022-03-30 16:00:00,198.77,216.68,34.89,42.23,3.11
2022-03-30 17:00:00,56.05,62.38,33.58,46.82,2.67
2022-03-30 18:00:00,0.0,0.0,32.0,53.75,2.52
2022-03-30 19:00:00,0.0,0.0,31.27,57.32,3.06
2022-03-30 20:00:00,0.0,0.0,30.58,61.08,3.15
2022-03-30 21:00:00,0.0,0.0,30.02,63.94,3.15
2022-03-30 22:00:00,0.0,0.0,29.54,65.96,3.13
2022-03-30 23:00:00,0.0,0.0,29.14,67.52,3.16
2022-03-31 00:00:00,0.0,0.0,28.7,69.46,3.18
2022-03-31 01:00:00,0.0,0.0,28.19,72.03,3.1
2022-03-31 02:00:00,0.0,0.0,27.65,75.23,2.99
2022-03-31 03:00:00,0.0,0.0,27.15,78.75,2.69
2022-03-31 04:00:00,0.0,0.0,26.69,82.39,2.4
2022-03-31 05:00:00,0.0,0.0,26.34,85.4,2.23
2022-03-31 06:00:00,34.33,40.33,26.51,85.59,2.6
2022-03-31 07:00:00,192.77,208.73,28.38,75.88,3.36
2022-03-31 08:00:00,373.4,420.88,30.87,62.51,3.94
2022-03-31 09:00:00,593.85,631.6,32.57,54.12,3.72
2022-03-31 10:00:00,787.88,789.92,33.84,49.07,3.39
2022-03-31 11:00:00,867.5,870.9,34.62,46.1,3.07
2022-03-31 12:00:00,925.7,926.1,35.14,44.13,2.74
2022-03-31 13:00:00,808.22,851.0,35.24,43.48,2.48
2022-03-31 14:00:00,651.53,701.3,34.97,43.92,2.37
2022-03-31 15:00:00,457.42,500.95,34.48,45.23,2.36
2022-03-31 16:00:00,214.68,269.15,33.8,47.46,2.39
2022-03-31 17:00:00,54.65,74.75,32.36,54.94,1.7
2022-03-31 18:00:00,0.0,0.0,30.92,61.07,1.82
2022-03-31 19:00:00,0.0,0.0,30.4,63.31,2.39
2022-03-31 20:00:00,0.0,0.0,29.87,66.48,2.67
2022-03-31 21:00:00,0.0,0.0,29.38,69.75,2.64
2022-03-31 22:00:00,0.0,0.0,28.96,72.45,2.57
2022-03-31 23:00:00,0.0,0.0,28.6,74.63,2.56
2022-04-01 00:00:00,0.0,0.0,28.24,76.73,2.58
2022-04-01 01:00:00,0.0,0.0,27.91,78.62,2.64
2022-04-01 02:00:00,0.0,0.0,27.6,80.4,2.56
2022-04-01 03:00:00,0.0,0.0,27.28,82.29,2.5
2022-04-01 04:00:00,0.0,0.0,26.97,84.3,2.43
2022-04-01 05:00:00,0.0,0.0,26.69,86.18,2.32
2022-04-01 06:00:00,23.88,43.65,26.77,86.01,2.53
2022-04-01 07:00:00,109.78,225.52,27.49,82.68,2.81
2022-04-01 08:00:00,232.35,453.17,28.55,76.94,3.3
2022-04-01 09:00:00,258.3,660.05,29.6,71.33,3.69
2022-04-01 10:00:00,505.73,810.85,30.66,66.3,3.78
2022-04-01 11:00:00,597.92,894.55,31.49,62.97,3.59
2022-04-01 12:00:00,726.95,908.33,31.79,61.6,3.35
2022-04-01 13:00:00,631.72,830.33,31.88,60.88,3.11
2022-04-01 14:00:00,476.02,697.85,31.81,60.81,2.74
2022-04-01 15:00:00,339.17,495.67,31.42,62.21,2.28
2022-04-01 16:00:00,185.68,266.35,30.58,67.35,1.62
2022-04-01 17:00:00,53.55,71.05,29.41,76.55,1.19
2022-04-01 18:00:00,0.0,0.0,28.46,80.95,1.28
2022-04-01 19:00:00,0.0,0.0,28.14,79.7,1.82
2022-04-01 20:00:00,0.0,0.0,27.98,78.45,2.42
2022-04-01 21:00:00,0.0,0.0,27.76,78.43,2.56
2022-04-01 22:00:00,0.0,0.0,27.32,80.46,2.19
2022-04-01 23:00:00,0.0,0.0,26.88,82.98,1.73
2022-04-02 00:00:00,0.0,0.0,26.46,85.43,1.34
2022-04-02 01:00:00,0.0,0.0,26.12,87.23,1.13
2022-04-02 02:00:00,0.0,0.0,25.79,88.88,1.13
2022-04-02 03:00:00,0.0,0.0,25.53,90.36,1.59
2022-04-02 04:00:00,0.0,0.0,25.29,91.72,2.15
2022-04-02 05:00:00,0.0,0.0,25.05,93.13,2.41
2022-04-02 06:00:00,35.5,42.25,25.21,92.14,2.9
2022-04-02 07:00:00,169.05,214.55,26.42,84.77,3.61
2022-04-02 08:00:00,350.02,438.15,28.2,73.67,4.43
2022-04-02 09:00:00,487.75,638.75,29.93,61.71,4.7
2022-04-02 10:00:00,610.42,804.67,31.52,52.44,4.58
2022-04-02 11:00:00,640.42,892.5,32.83,45.94,4.33
2022-04-02 12:00:00,685.53,922.3,33.7,42.13,4.05
2022-04-02 13:00:00,635.6,845.92,34.06,40.41,3.8
2022-04-02 14:00:00,553.12,695.2,33.97,40.21,3.6
2022-04-02 15:00:00,424.2,486.85,33.51,41.33,3.35
2022-04-02 16:00:00,219.93,255.65,32.54,46.48,2.55
2022-04-02 17:00:00,65.5,69.93,30.51,61.46,1.44
2022-04-02 18:00:00,0.0,0.0,28.78,68.81,1.25
2022-04-02 19:00:00,0.0,0.0,28.22,70.07,1.24
2022-04-02 20:00:00,0.0,0.0,27.79,71.01,1.2
2022-04-02 21:00:00,0.0,0.0,27.41,72.09,1.14
2022-04-02 22:00:00,0.0,0.0,27.04,73.11,1.13
2022-04-02 23:00:00,0.0,0.0,26.63,74.19,1.22
2022-04-03 00:00:00,0.0,0.0,26.2,75.46,1.42
2022-04-03 01:00:00,0.0,0.0,25.7,77.93,1.66
2022-04-03 02:00:00,0.0,0.0,25.26,81.1,1.96
2022-04-03 03:00:00,0.0,0.0,24.91,83.86,2.31
2022-04-03 04:00:00,0.0,0.0,24.68,85.4,2.58
2022-04-03 05:00:00,0.0,0.0,24.56,85.64,2.75
2022-04-03 06:00:00,30.8,43.97,25.09,82.54,3.42
2022-04-03 07:00:00,145.62,218.43,27.56,70.55,4.33
2022-04-03 08:00:00,296.0,445.17,30.93,56.05,5.71
2022-04-03 09:00:00,507.17,657.72,33.28,47.48,5.54
2022-04-03 10:00:00,669.3,814.12,35.22,41.65,4.77
2022-04-03 11:00:00,696.78,908.08,36.75,37.23,3.99
2022-04-03 12:00:00,785.62,912.3,37.51,34.6,3.33
2022-04-03 13:00:00,788.53,837.3,37.94,32.82,2.85
2022-04-03 14:00:00,637.8,681.8,37.88,32.15,2.44
2022-04-03 15:00:00,455.75,476.08,37.41,32.35,2.16
2022-04-03 16:00:00,235.57,249.4,36.48,33.85,1.91
2022-04-03 17:00:00,66.97,68.57,34.52,44.79,1.07
2022-04-03 18:00:00,0.0,0.0,32.25,56.04,0.99
2022-04-03 19:00:00,0.0,0.0,31.39,55.56,1.44
2022-04-03 20:00:00,0.0,0.0,30.52,56.58,2.09
2022-04-03 21:00:00,0.0,0.0,29.53,59.75,2.51
2022-04-03 22:00:00,0.0,0.0,28.71,62.63,2.8
2022-04-03 23:00:00,0.0,0.0,28.04,64.95,3.01
2022-04-04 00:00:00,0.0,0.0,27.53,66.53,3.09
2022-04-04 01:00:00,0.0,0.0,27.09,67.67,3.0
2022-04-04 02:00:00,0.0,0.0,26.63,69.14,2.63
2022-04-04 03:00:00,0.0,0.0,26.2,70.87,2.19
2022-04-04 04:00:00,0.0,0.0,25.86,72.24,1.86
2022-04-04 05:00:00,0.0,0.0,25.65,73.23,1.69
2022-04-04 06:00:00,46.53,46.35,26.2,70.15,2.36
2022-04-04 07:00:00,221.93,226.95,27.71,64.27,2.68
2022-04-04 08:00:00,451.33,459.17,30.77,51.03,3.95
2022-04-04 09:00:00,627.62,672.2,33.04,42.51,4.55
2022-04-04 10:00:00,799.25,830.83,34.53,38.36,4.27
2022-04-04 11:00:00,862.4,915.83,35.69,35.8,3.78
2022-04-04 12:00:00,913.4,936.35,36.53,34.06,3.24
2022-04-04 13:00:00,789.75,859.65,36.9,33.22,2.86
2022-04-04 14:00:00,669.62,708.47,36.87,33.11,2.73
2022-04-04 15:00:00,462.65,499.77,36.37,33.89,2.8
2022-04-04 16:00:00,239.48,265.62,35.41,35.99,2.87
2022-04-04 17:00:00,67.38,72.47,33.32,44.61,2.09
2022-04-04 18:00:00,0.0,0.0,31.13,52.37,2.38
2022-04-04 19:00:00,0.0,0.0,30.2,56.25,3.3
2022-04-04 20:00:00,0.0,0.0,29.21,62.33,3.8
2022-04-04 21:00:00,0.0,0.0,28.37,68.16,3.76
2022-04-04 22:00:00,0.0,0.0,27.82,71.9,3.56
2022-04-04 23:00:00,0.0,0.0,27.43,74.06,3.22
2022-04-05 00:00:00,0.0,0.0,27.07,75.42,2.93
2022-04-05 01:00:00,0.0,0.0,26.74,76.44,2.81
2022-04-05 02:00:00,0.0,0.0,26.38,77.69,2.76
2022-04-05 03:00:00,0.0,0.0,26.0,79.34,2.76
2022-04-05 04:00:00,0.0,0.0,25.62,81.45,2.7
2022-04-05 05:00:00,0.0,0.0,25.13,84.54,2.51
2022-04-05 06:00:00,48.8,48.08,25.3,84.71,2.83
2022-04-05 07:00:00,215.0,226.43,27.46,75.18,3.7
2022-04-05 08:00:00,446.48,457.75,30.45,60.37,4.23
2022-04-05 09:00:00,668.7,671.58,33.01,49.34,3.82
2022-04-05 10:00:00,831.5,834.4,34.99,42.79,3.12
2022-04-05 11:00:00,923.5,925.3,36.58,38.11,2.43
2022-04-05 12:00:00,959.35,966.8,37.72,34.82,1.92
2022-04-05 13:00:00,876.85,895.3,38.38,32.75,1.76
2022-04-05 14:00:00,740.55,743.72,38.46,31.94,1.94
2022-04-05 15:00:00,530.12,531.65,38.0,32.14,2.38
2022-04-05 16:00:00,281.23,293.05,36.85,34.11,2.86
2022-04-05 17:00:00,75.68,80.47,34.58,41.76,2.81
2022-04-05 18:00:00,0.0,0.0,31.91,52.19,3.41
2022-04-05 19:00:00,0.0,0.0,30.39,59.98,4.35
2022-04-05 20:00:00,0.0,0.0,29.27,67.43,4.4
2022-04-05 21:00:00,0.0,0.0,28.7,71.72,4.07
2022-04-05 22:00:00,0.0,0.0,28.36,73.74,3.75
2022-04-05 23:00:00,0.0,0.0,28.04,75.07,3.53
2022-04-06 00:00:00,0.0,0.0,27.71,76.27,3.32
2022-04-06 01:00:00,0.0,0.0,27.42,77.34,3.12
2022-04-06 02:00:00,0.0,0.0,27.12,78.62,2.95
2022-04-06 03:00:00,0.0,0.0,26.8,80.23,2.93
2022-04-06 04:00:00,0.0,0.0,26.44,82.52,2.81
2022-04-06 05:00:00,0.0,0.0,26.11,84.79,2.75
2022-04-06 06:00:00,6.2,49.53,26.25,84.69,3.04
2022-04-06 07:00:00,20.12,235.12,27.62,77.77,3.53
2022-04-06 08:00:00,30.75,465.05,29.43,68.2,4.25
2022-04-06 09:00:00,121.82,675.83,30.78,61.8,4.28
2022-04-06 10:00:00,686.45,834.08,31.8,57.3,4.05
2022-04-06 11:00:00,652.67,921.67,33.09,52.55,3.83
2022-04-06 12:00:00,758.62,957.2,33.86,49.54,3.49
2022-04-06 13:00:00,767.6,880.03,34.22,48.05,3.19
2022-04-06 14:00:00,606.55,730.15,34.32,47.33,2.94
2022-04-06 15:00:00,430.35,522.97,33.61,48.87,2.66
2022-04-06 16:00:00,236.55,285.95,32.51,53.64,2.13
2022-04-06 17:00:00,68.28,76.85,30.86,66.01,1.37
2022-04-06 18:00:00,0.0,0.0,29.31,75.02,1.1
2022-04-06 19:00:00,0.0,0.0,28.74,75.88,1.15
2022-04-06 20:00:00,0.0,0.0,28.29,76.6,1.16
2022-04-06 21:00:00,0.0,0.0,27.9,77.16,1.23
2022-04-06 22:00:00,0.0,0.0,27.47,77.69,1.4
2022-04-06 23:00:00,0.0,0.0,27.03,78.5,1.62
2022-04-07 00:00:00,0.0,0.0,26.59,79.78,1.87
2022-04-07 01:00:00,0.0,0.0,26.27,81.23,2.17
2022-04-07 02:00:00,0.0,0.0,25.93,83.34,2.31
2022-04-07 03:00:00,0.0,0.0,25.6,85.73,2.3
2022-04-07 04:00:00,0.0,0.0,25.29,88.08,2.21
2022-04-07 05:00:00,0.0,0.0,25.1,89.76,2.15
2022-04-07 06:00:00,50.85,50.62,25.47,88.44,2.46
2022-04-07 07:00:00,222.93,235.07,27.65,76.15,2.91
2022-04-07 08:00:00,452.58,466.27,30.67,60.56,3.53
2022-04-07 09:00:00,656.45,676.72,32.89,52.09,3.22
2022-04-07 10:00:00,809.4,833.47,34.45,47.3,2.81
2022-04-07 11:00:00,895.88,918.92,35.66,43.98,2.39
2022-04-07 12:00:00,879.62,953.28,36.43,41.81,1.97
2022-04-07 13:00:00,852.33,877.08,36.71,40.74,1.66
2022-04-07 14:00:00,703.28,728.4,36.17,41.44,1.52
2022-04-07 15:00:00,516.7,520.03,35.4,43.1,1.61
2022-04-07 16:00:00,272.6,286.4,34.6,46.22,1.76
2022-04-07 17:00:00,73.97,78.55,32.78,57.57,1.37
2022-04-07 18:00:00,0.0,0.0,31.17,62.9,1.73
2022-04-07 19:00:00,0.0,0.0,30.52,63.72,2.53
2022-04-07 20:00:00,0.0,0.0,29.88,66.04,2.88
2022-04-07 21:00:00,0.0,0.0,29.35,68.42,2.91
2022-04-07 22:00:00,0.0,0.0,28.86,70.43,2.85
2022-04-07 23:00:00,0.0,0.0,28.36,72.43,2.79
2022-04-08 00:00:00,0.0,0.0,27.82,74.77,2.85
2022-04-08 01:00:00,0.0,0.0,27.26,77.46,2.87
2022-04-08 02:00:00,0.0,0.0,26.76,80.04,2.93
2022-04-08 03:00:00,0.0,0.0,26.28,82.88,2.88
2022-04-08 04:00:00,0.0,0.0,25.88,85.63,2.81
2022-04-08 05:00:00,0.0,0.0,25.51,88.34,2.63
2022-04-08 06:00:00,38.62,57.25,25.51,89.25,2.78
2022-04-08 07:00:00,174.23,263.83,26.53,84.31,3.31
2022-04-08 08:00:00,358.58,501.52,28.22,75.2,3.81
2022-04-08 09:00:00,595.38,711.2,30.09,65.12,3.81
2022-04-08 10:00:00,751.08,863.45,31.65,58.35,3.33
2022-04-08 11:00:00,803.9,944.47,32.63,54.7,2.69
2022-04-08 12:00:00,843.58,953.53,33.27,52.37,2.13
2022-04-08 13:00:00,744.55,876.5,33.53,51.22,1.7
2022-04-08 14:00:00,644.38,725.65,33.55,50.87,1.4
2022-04-08 15:00:00,398.02,517.12,33.27,51.52,1.11
2022-04-08 16:00:00,208.73,280.12,32.72,54.33,0.88
2022-04-08 17:00:00,58.42,74.85,31.57,64.29,0.74
2022-04-08 18:00:00,0.0,0.0,29.86,72.64,0.85
2022-04-08 19:00:00,0.0,0.0,29.1,73.38,1.2
2022-04-08 20:00:00,0.0,0.0,28.52,73.41,1.72
2022-04-08 21:00:00,0.0,0.0,28.01,74.34,2.18
2022-04-08 22:00:00,0.0,0.0,27.56,76.11,2.41
2022-04-08 23:00:00,0.0,0.0,27.15,78.06,2.48
2022-04-09 00:00:00,0.0,0.0,26.82,79.76,2.5
2022-04-09 01:00:00,0.0,0.0,26.49,81.6,2.53
2022-04-09 02:00:00,0.0,0.0,26.09,83.88,2.58
2022-04-09 03:00:00,0.0,0.0,25.72,86.24,2.89
2022-04-09 04:00:00,0.0,0.0,25.34,88.95,3.07
2022-04-09 05:00:00,0.0,0.0,25.0,91.5,2.99
2022-04-09 06:00:00,51.28,55.0,25.32,90.39,3.33
2022-04-09 07:00:00,216.32,244.25,27.37,78.85,4.21
2022-04-09 08:00:00,430.08,477.25,30.04,65.17,4.65
2022-04-09 09:00:00,625.05,688.12,32.25,56.61,4.26
2022-04-09 10:00:00,786.85,844.3,33.78,51.85,3.54
2022-04-09 11:00:00,888.12,927.65,34.96,48.17,2.78
2022-04-09 12:00:00,893.9,938.88,35.67,45.62,2.14
2022-04-09 13:00:00,794.78,858.6,35.93,44.23,1.64
2022-04-09 14:00:00,628.47,702.85,35.93,43.52,1.51
2022-04-09 15:00:00,472.3,495.33,35.42,44.21,1.95
2022-04-09 16:00:00,247.77,264.17,34.48,46.81,2.46
2022-04-09 17:00:00,70.95,72.47,32.58,56.46,2.01
2022-04-09 18:00:00,0.0,0.0,30.48,64.56,2.1
2022-04-09 19:00:00,0.0,0.0,29.74,66.93,2.91
2022-04-09 20:00:00,0.0,0.0,29.1,70.46,3.52
2022-04-09 21:00:00,0.0,0.0,28.58,73.69,3.73
2022-04-09 22:00:00,0.0,0.0,28.14,76.13,3.83
2022-04-09 23:00:00,0.0,0.0,27.63,78.57,3.86
2022-04-10 00:00:00,0.0,0.0,27.0,81.87,3.67
2022-04-10 01:00:00,0.0,0.0,26.41,84.77,3.47
2022-04-10 02:00:00,0.0,0.0,25.93,87.3,3.11
2022-04-10 03:00:00,0.0,0.0,25.63,88.92,2.8
2022-04-10 04:00:00,0.0,0.0,25.49,89.7,2.65
2022-04-10 05:00:00,0.0,0.0,25.4,90.02,2.57
2022-04-10 06:00:00,53.55,54.78,25.68,87.94,3.02
2022-04-10 07:00:00,221.88,241.3,26.92,80.34,3.76
2022-04-10 08:00:00,430.5,474.7,28.9,69.11,4.51
2022-04-10 09:00:00,627.28,687.65,31.02,59.57,4.32
2022-04-10 10:00:00,815.12,847.5,33.07,50.99,3.31
2022-04-10 11:00:00,910.9,937.0,34.57,44.92,1.91
2022-04-10 12:00:00,957.33,971.35,35.29,41.82,0.69
2022-04-10 13:00:00,871.6,899.47,35.85,39.37,0.57
2022-04-10 14:00:00,734.2,753.97,36.22,37.49,1.33
2022-04-10 15:00:00,519.3,549.5,35.97,37.4,2.05
2022-04-10 16:00:00,283.2,310.9,35.15,39.35,2.62
2022-04-10 17:00:00,79.57,88.5,33.08,48.76,2.08
2022-04-10 18:00:00,0.0,0.0,30.77,56.58,2.15
2022-04-10 19:00:00,0.0,0.0,30.06,57.9,2.77
2022-04-10 20:00:00,0.0,0.0,29.37,60.4,3.03
2022-04-10 21:00:00,0.0,0.0,28.63,63.89,2.84
2022-04-10 22:00:00,0.0,0.0,28.01,67.11,2.63
2022-04-10 23:00:00,0.0,0.0,27.42,70.23,2.55
2022-04-11 00:00:00,0.0,0.0,26.89,73.46,2.55
2022-04-11 01:00:00,0.0,0.0,26.35,77.11,2.43
2022-04-11 02:00:00,0.0,0.0,25.8,81.11,2.06
2022-04-11 03:00:00,0.0,0.0,25.28,85.07,1.47
2022-04-11 04:00:00,0.0,0.0,24.89,88.26,0.98
2022-04-11 05:00:00,0.0,0.0,24.63,90.27,0.8
2022-04-11 06:00:00,65.45,67.18,25.43,86.37,1.46
2022-04-11 07:00:00,271.58,284.08,27.99,73.3,2.26
2022-04-11 08:00:00,504.35,524.05,30.75,60.63,2.59
2022-04-11 09:00:00,693.6,733.5,33.03,51.61,2.27
2022-04-11 10:00:00,837.85,886.53,34.93,45.3,1.77
2022-04-11 11:00:00,884.2,968.65,36.15,41.41,1.34
2022-04-11 12:00:00,869.33,973.22,37.0,38.8,1.21
2022-04-11 13:00:00,759.78,899.42,37.49,37.02,1.35
2022-04-11 14:00:00,644.35,751.08,37.52,36.34,1.67
2022-04-11 15:00:00,448.58,545.62,37.03,36.76,2.16
2022-04-11 16:00:00,248.88,306.17,36.09,38.49,2.66
2022-04-11 17:00:00,75.9,85.85,34.41,44.13,2.59
2022-04-11 18:00:00,0.0,0.0,32.07,52.84,2.88
2022-04-11 19:00:00,0.0,0.0,30.95,57.6,3.95
2022-04-11 20:00:00,0.0,0.0,29.93,63.21,4.09
2022-04-11 21:00:00,0.0,0.0,29.27,67.08,3.86
2022-04-11 22:00:00,0.0,0.0,28.77,69.73,3.5
2022-04-11 23:00:00,0.0,0.0,28.31,72.05,3.19
2022-04-12 00:00:00,0.0,0.0,27.8,74.72,2.72
2022-04-12 01:00:00,0.0,0.0,27.31,77.53,2.24
2022-04-12 02:00:00,0.0,0.0,26.88,80.04,1.93
2022-04-12 03:00:00,0.0,0.0,26.55,82.24,1.71
2022-04-12 04:00:00,0.0,0.0,26.34,83.99,1.42
2022-04-12 05:00:00,0.0,0.0,26.29,84.5,1.5
2022-04-12 06:00:00,23.38,59.78,26.38,84.5,2.12
2022-04-12 07:00:00,76.3,258.12,26.98,81.13,2.55
2022-04-12 08:00:00,125.43,482.02,27.55,76.87,2.85
2022-04-12 09:00:00,223.2,693.8,28.35,71.69,3.57
2022-04-12 10:00:00,418.4,842.55,29.52,65.43,4.23
2022-04-12 11:00:00,419.3,921.95,30.83,59.35,4.14
2022-04-12 12:00:00,356.52,936.8,31.82,54.74,3.52
2022-04-12 13:00:00,456.45,860.62,32.35,52.28,2.76
2022-04-12 14:00:00,338.62,719.7,32.28,52.07,2.16
2022-04-12 15:00:00,214.75,516.47,31.92,52.89,1.73
2022-04-12 16:00:00,125.88,283.77,31.4,55.15,1.6
2022-04-12 17:00:00,46.28,77.28,30.24,64.5,1.15
2022-04-12 18:00:00,0.0,0.0,28.63,72.19,1.07
2022-04-12 19:00:00,0.0,0.0,28.12,71.95,1.34
2022-04-12 20:00:00,0.0,0.0,27.78,72.18,1.62
2022-04-12 21:00:00,0.0,0.0,27.52,73.07,1.95
2022-04-12 22:00:00,0.0,0.0,27.18,75.26,2.2
2022-04-12 23:00:00,0.0,0.0,26.81,78.18,2.25
2022-04-13 00:00:00,0.0,0.0,26.49,80.85,2.31
2022-04-13 01:00:00,0.0,0.0,26.24,83.12,2.47
2022-04-13 02:00:00,0.0,0.0,26.01,84.84,2.68
2022-04-13 03:00:00,0.0,0.0,25.82,85.86,2.88
2022-04-13 04:00:00,0.0,0.0,25.64,86.26,3.09
2022-04-13 05:00:00,0.0,0.0,25.44,86.65,3.26
2022-04-13 06:00:00,56.67,60.12,25.48,86.16,3.33
2022-04-13 07:00:00,215.1,251.23,26.82,78.27,3.39
2022-04-13 08:00:00,436.52,483.27,29.12,64.05,3.43
2022-04-13 09:00:00,520.35,691.67,31.19,52.6,2.59
2022-04-13 10:00:00,482.33,849.97,32.93,45.73,1.75
2022-04-13 11:00:00,570.5,932.5,34.37,41.23,1.32
2022-04-13 12:00:00,644.5,951.9,35.45,38.2,1.39
2022-04-13 13:00:00,648.33,872.08,36.14,36.4,1.7
2022-04-13 14:00:00,657.83,724.28,36.22,36.04,2.13
2022-04-13 15:00:00,474.98,512.38,35.74,36.93,2.54
2022-04-13 16:00:00,258.67,282.77,34.61,39.73,2.83
2022-04-13 17:00:00,76.62,78.0,32.65,47.88,2.55
2022-04-13 18:00:00,0.0,0.0,30.39,57.67,2.86
2022-04-13 19:00:00,0.0,0.0,29.48,62.13,3.6
2022-04-13 20:00:00,0.0,0.0,28.88,65.69,3.63
2022-04-13 21:00:00,0.0,0.0,28.51,67.95,3.47
2022-04-13 22:00:00,0.0,0.0,28.15,70.02,3.37
2022-04-13 23:00:00,0.0,0.0,27.8,72.08,3.39
2022-04-14 00:00:00,0.0,0.0,27.44,74.3,3.55
2022-04-14 01:00:00,0.0,0.0,27.05,76.63,3.71
2022-04-14 02:00:00,0.0,0.0,26.64,79.08,3.8
2022-04-14 03:00:00,0.0,0.0,26.19,81.69,3.9
2022-04-14 04:00:00,0.0,0.0,25.82,83.89,3.81
2022-04-14 05:00:00,0.0,0.0,25.5,85.5,3.74
2022-04-14 06:00:00,51.62,61.35,25.7,84.08,4.28
2022-04-14 07:00:00,175.93,256.33,27.16,74.24,5.83
2022-04-14 08:00:00,329.4,491.42,28.94,64.5,6.3
2022-04-14 09:00:00,505.67,702.17,30.55,57.31,5.93
2022-04-14 10:00:00,684.4,858.15,32.2,51.42,5.03
2022-04-14 11:00:00,914.9,942.8,33.71,46.65,4.06
2022-04-14 12:00:00,951.72,955.22,34.57,44.03,3.38
2022-04-14 13:00:00,859.7,879.28,34.83,42.97,2.98
2022-04-14 14:00:00,718.62,732.85,34.6,43.18,2.76
2022-04-14 15:00:00,512.83,529.45,34.01,44.5,2.72
2022-04-14 16:00:00,281.75,294.55,33.09,47.19,2.71
2022-04-14 17:00:00,79.7,82.15,31.5,55.43,2.02
2022-04-14 18:00:00,0.0,0.0,29.79,62.87,2.19
2022-04-14 19:00:00,0.0,0.0,29.06,65.28,3.14
2022-04-14 20:00:00,0.0,0.0,28.29,69.53,3.53
2022-04-14 21:00:00,0.0,0.0,27.65,73.57,3.56
2022-04-14 22:00:00,0.0,0.0,27.24,76.19,3.44
2022-04-14 23:00:00,0.0,0.0,26.93,78.06,3.25
2022-04-15 00:00:00,0.0,0.0,26.65,79.63,3.07
2022-04-15 01:00:00,0.0,0.0,26.38,80.98,2.96
2022-04-15 02:00:00,0.0,0.0,26.12,82.42,2.9
2022-04-15 03:00:00,0.0,0.0,25.84,84.05,2.77
2022-04-15 04:00:00,0.0,0.0,25.57,85.8,2.6
2022-04-15 05:00:00,0.0,0.0,25.31,87.6,2.51
2022-04-15 06:00:00,52.47,68.43,25.57,86.73,2.95
2022-04-15 07:00:00,184.9,280.12,27.03,78.67,3.97
2022-04-15 08:00:00,351.15,516.72,28.85,68.78,4.33
2022-04-15 09:00:00,507.77,723.28,30.31,61.76,3.99
2022-04-15 10:00:00,517.2,873.47,31.37,57.31,3.58
2022-04-15 11:00:00,660.03,952.33,31.93,54.85,3.41
2022-04-15 12:00:00,906.85,969.22,32.12,53.54,3.35
2022-04-15 13:00:00,883.25,892.6,32.1,53.05,3.36
2022-04-15 14:00:00,728.85,744.15,31.64,54.06,3.28
2022-04-15 15:00:00,504.2,537.38,31.01,56.06,3.16
2022-04-15 16:00:00,264.17,296.73,30.29,58.89,2.93
2022-04-15 17:00:00,73.57,82.53,29.16,65.65,2.11
2022-04-15 18:00:00,0.0,0.0,27.96,73.2,1.57
2022-04-15 19:00:00,0.0,0.0,27.55,75.03,1.65
2022-04-15 20:00:00,0.0,0.0,27.29,76.05,1.73
2022-04-15 21:00:00,0.0,0.0,27.06,76.83,1.94
2022-04-15 22:00:00,0.0,0.0,26.88,77.26,2.43
2022-04-15 23:00:00,0.0,0.0,26.55,79.21,2.87
2022-04-16 00:00:00,0.0,0.0,26.1,82.56,3.15
2022-04-16 01:00:00,0.0,0.0,25.63,86.23,3.31
2022-04-16 02:00:00,0.0,0.0,25.21,89.56,3.36
2022-04-16 03:00:00,0.0,0.0,24.92,91.46,3.45
2022-04-16 04:00:00,0.0,0.0,24.64,93.02,3.71
2022-04-16 05:00:00,0.0,0.0,24.42,94.01,3.8
2022-04-16 06:00:00,5.03,66.1,24.47,93.51,3.63
2022-04-16 07:00:00,28.52,270.08,25.21,88.13,3.68
2022-04-16 08:00:00,68.0,504.48,26.44,78.35,4.08
2022-04-16 09:00:00,269.17,711.78,28.03,68.46,4.39
2022-04-16 10:00:00,477.98,864.35,29.97,57.79,4.36
2022-04-16 11:00:00,534.38,946.0,31.95,49.17,3.88
2022-04-16 12:00:00,489.0,938.62,33.44,44.02,2.75
2022-04-16 13:00:00,372.7,863.62,34.26,41.55,1.25
2022-04-16 14:00:00,368.73,717.1,34.59,40.46,0.4
2022-04-16 15:00:00,338.17,515.42,34.28,41.13,0.88
2022-04-16 16:00:00,176.8,284.92,33.37,45.12,0.97
2022-04-16 17:00:00,55.38,78.38,31.95,53.85,0.85
2022-04-16 18:00:00,0.0,0.0,30.16,73.22,0.52
2022-04-16 19:00:00,0.0,0.0,29.15,79.75,0.53
2022-04-16 20:00:00,0.0,0.0,28.07,83.87,0.68
2022-04-16 21:00:00,0.0,0.0,27.19,85.83,0.92
2022-04-16 22:00:00,0.0,0.0,26.42,87.72,1.12
2022-04-16 23:00:00,0.0,0.0,25.88,88.97,1.28
2022-04-17 00:00:00,0.0,0.0,25.47,90.08,1.39
2022-04-17 01:00:00,0.0,0.0,25.13,90.99,1.46
2022-04-17 02:00:00,0.0,0.0,24.81,92.09,1.43
2022-04-17 03:00:00,0.0,0.0,24.55,93.3,1.28
2022-04-17 04:00:00,0.0,0.0,24.35,93.98,1.21
2022-04-17 05:00:00,0.0,0.0,24.26,94.13,1.26
2022-04-17 06:00:00,71.85,77.78,24.61,91.92,1.9
2022-04-17 07:00:00,268.88,298.25,25.56,87.31,1.99
2022-04-17 08:00:00,501.75,536.15,27.56,75.74,1.76
2022-04-17 09:00:00,731.62,742.62,29.31,66.32,1.33
2022-04-17 10:00:00,878.53,893.45,30.66,59.97,1.42
2022-04-17 11:00:00,970.92,974.47,31.85,54.63,1.83
2022-04-17 12:00:00,991.95,992.65,32.99,49.41,2.13
2022-04-17 13:00:00,916.12,916.75,33.8,44.71,2.3
2022-04-17 14:00:00,755.5,769.08,34.23,40.99,2.34
2022-04-17 15:00:00,558.97,562.75,33.99,39.26,2.18
2022-04-17 16:00:00,301.83,321.45,33.22,40.29,1.76
2022-04-17 17:00:00,84.72,93.1,31.59,52.09,0.91
2022-04-17 18:00:00,0.0,0.0,29.66,64.43,0.75
2022-04-17 19:00:00,0.0,0.0,28.68,66.93,0.91
2022-04-17 20:00:00,0.0,0.0,27.94,68.18,1.07
2022-04-17 21:00:00,0.0,0.0,27.34,69.66,1.15
2022-04-17 22:00:00,0.0,0.0,26.83,70.86,1.18
2022-04-17 23:00:00,0.0,0.0,26.34,71.4,1.22
2022-04-18 00:00:00,0.0,0.0,25.96,70.74,1.27
2022-04-18 01:00:00,0.0,0.0,25.52,69.64,1.3
2022-04-18 02:00:00,0.0,0.0,25.01,69.08,1.26
2022-04-18 03:00:00,0.0,0.0,24.52,69.39,1.25
2022-04-18 04:00:00,0.0,0.0,24.05,70.98,1.2
2022-04-18 05:00:00,0.0,0.0,23.57,73.97,1.11
2022-04-18 06:00:00,35.45,73.95,24.07,73.56,1.34
2022-04-18 07:00:00,128.55,287.55,25.63,63.84,1.77
2022-04-18 08:00:00,305.5,525.2,28.13,49.67,1.45
2022-04-18 09:00:00,436.25,743.0,30.89,37.44,1.11
2022-04-18 10:00:00,548.4,891.12,32.75,32.52,0.87
2022-04-18 11:00:00,694.28,969.75,33.88,30.3,1.0
2022-04-18 12:00:00,854.85,978.97,34.5,29.45,1.48
2022-04-18 13:00:00,765.62,899.15,34.58,29.72,2.03
2022-04-18 14:00:00,556.45,747.7,34.14,31.06,2.49
2022-04-18 15:00:00,308.05,537.35,33.12,34.05,2.72
2022-04-18 16:00:00,169.12,296.48,31.69,40.34,2.58
2022-04-18 17:00:00,55.65,81.05,29.59,51.59,2.29
2022-04-18 18:00:00,0.0,0.0,27.75,58.78,2.8
2022-04-18 19:00:00,0.0,0.0,26.68,63.12,3.6
2022-04-18 20:00:00,0.0,0.0,25.66,66.79,3.78
2022-04-18 21:00:00,0.0,0.0,24.91,68.23,3.41
2022-04-18 22:00:00,0.0,0.0,24.48,67.15,2.94
2022-04-18 23:00:00,0.0,0.0,24.14,65.85,2.48
2022-04-19 00:00:00,0.0,0.0,23.77,65.52,2.04
2022-04-19 01:00:00,0.0,0.0,23.44,66.83,1.64
2022-04-19 02:00:00,0.0,0.0,23.19,69.13,1.4
2022-04-19 03:00:00,0.0,0.0,22.9,71.95,1.49
2022-04-19 04:00:00,0.0,0.0,22.57,75.14,1.63
2022-04-19 05:00:00,0.0,0.0,22.25,79.11,1.57
2022-04-19 06:00:00,63.6,73.47,22.65,77.83,1.88
2022-04-19 07:00:00,220.77,282.25,24.64,68.59,1.77
2022-04-19 08:00:00,416.8,520.2,28.05,53.59,2.33
2022-04-19 09:00:00,612.78,729.08,31.52,42.1,2.76
2022-04-19 10:00:00,814.8,880.92,33.78,36.44,2.64
2022-04-19 11:00:00,939.62,961.47,35.14,33.24,2.45
2022-04-19 12:00:00,980.47,984.42,35.93,31.35,2.26
2022-04-19 13:00:00,874.55,907.67,36.34,30.26,2.1
2022-04-19 14:00:00,730.55,759.35,36.41,29.79,2.0
2022-04-19 15:00:00,523.4,553.55,36.08,30.03,1.99
2022-04-19 16:00:00,288.85,315.02,35.35,31.47,2.09
2022-04-19 17:00:00,85.6,90.75,33.2,42.99,1.45
2022-04-19 18:00:00,0.0,0.0,30.31,53.61,1.42
2022-04-19 19:00:00,0.0,0.0,29.5,54.76,2.01
2022-04-19 20:00:00,0.0,0.0,28.85,58.28,2.54
2022-04-19 21:00:00,0.0,0.0,28.2,63.27,2.63
2022-04-19 22:00:00,0.0,0.0,27.65,67.72,2.57
2022-04-19 23:00:00,0.0,0.0,27.14,71.59,2.57
2022-04-20 00:00:00,0.0,0.0,26.66,75.29,2.62
2022-04-20 01:00:00,0.0,0.0,26.16,79.2,2.69
2022-04-20 02:00:00,0.0,0.0,25.65,83.09,2.65
2022-04-20 03:00:00,0.0,0.0,25.28,86.08,2.64
2022-04-20 04:00:00,0.0,0.0,24.99,88.39,2.62
2022-04-20 05:00:00,0.0,0.0,24.77,90.14,2.56
2022-04-20 06:00:00,51.22,73.6,25.26,88.07,3.06
2022-04-20 07:00:00,146.0,276.33,27.36,77.35,3.71
2022-04-20 08:00:00,244.4,522.67,29.8,65.15,3.93
2022-04-20 09:00:00,347.38,732.58,31.73,56.42,3.51
2022-04-20 10:00:00,579.92,881.25,33.43,49.55,2.98
2022-04-20 11:00:00,844.88,959.55,34.64,44.37,2.58
2022-04-20 12:00:00,860.65,967.85,35.26,41.23,2.45
2022-04-20 13:00:00,778.15,894.42,35.29,40.2,2.53
2022-04-20 14:00:00,622.17,748.2,34.94,40.54,2.69
2022-04-20 15:00:00,468.55,547.97,34.3,42.08,2.83
2022-04-20 16:00:00,262.23,315.08,33.34,45.06,2.91
2022-04-20 17:00:00,77.28,91.4,31.7,52.84,2.36
2022-04-20 18:00:00,0.0,0.0,29.59,63.8,1.88
2022-04-20 19:00:00,0.0,0.0,28.88,66.74,2.19
2022-04-20 20:00:00,0.0,0.0,28.35,69.63,2.18
2022-04-20 21:00:00,0.0,0.0,27.91,72.15,2.0
2022-04-20 22:00:00,0.0,0.0,27.59,73.95,1.91
2022-04-20 23:00:00,0.0,0.0,27.35,74.94,2.01
2022-04-21 00:00:00,0.0,0.0,27.07,76.06,2.16
2022-04-21 01:00:00,0.0,0.0,26.78,77.28,2.29
2022-04-21 02:00:00,0.0,0.0,26.47,78.71,2.45
2022-04-21 03:00:00,0.0,0.0,26.16,80.39,2.6
2022-04-21 04:00:00,0.0,0.0,25.86,82.23,2.79
2022-04-21 05:00:00,0.0,0.0,25.55,84.32,2.88
2022-04-21 06:00:00,20.33,76.75,25.77,83.69,3.16
2022-04-21 07:00:00,79.05,289.52,27.64,73.2,3.54
2022-04-21 08:00:00,161.15,528.33,30.05,58.35,4.1
2022-04-21 09:00:00,246.05,728.7,31.71,50.77,3.92
2022-04-21 10:00:00,336.08,884.62,33.15,45.49,3.49
2022-04-21 11:00:00,512.03,962.78,34.25,42.18,2.98
2022-04-21 12:00:00,546.6,961.6,35.0,40.44,2.59
2022-04-21 13:00:00,287.77,882.28,35.4,39.68,2.31
2022-04-21 14:00:00,251.68,732.28,35.44,39.68,2.21
2022-04-21 15:00:00,238.27,527.4,34.93,40.82,2.21
2022-04-21 16:00:00,119.85,291.17,33.96,43.46,2.33
2022-04-21 17:00:00,39.45,79.6,32.26,51.8,1.99
2022-04-21 18:00:00,0.0,0.0,29.97,62.0,2.1
2022-04-21 19:00:00,0.0,0.0,28.99,64.91,3.08
2022-04-21 20:00:00,0.0,0.0,27.96,69.92,3.37
2022-04-21 21:00:00,0.0,0.0,27.16,73.92,3.38
2022-04-21 22:00:00,0.0,0.0,26.63,76.36,3.32
2022-04-21 23:00:00,0.0,0.0,26.21,78.06,3.21
2022-04-22 00:00:00,0.0,0.0,25.82,79.42,3.11
2022-04-22 01:00:00,0.0,0.0,25.44,80.94,3.0
2022-04-22 02:00:00,0.0,0.0,25.02,82.99,2.73
2022-04-22 03:00:00,0.0,0.0,24.58,85.54,2.26
2022-04-22 04:00:00,0.0,0.0,24.19,87.83,1.88
2022-04-22 05:00:00,0.0,0.0,23.86,89.78,1.57
2022-04-22 06:00:00,67.3,69.2,24.36,87.38,2.16
2022-04-22 07:00:00,243.27,254.62,26.77,73.21,2.91
2022-04-22 08:00:00,466.62,481.5,29.66,59.51,2.93
2022-04-22 09:00:00,670.78,683.78,32.18,51.12,2.14
2022-04-22 10:00:00,831.12,833.6,34.06,45.49,1.34
2022-04-22 11:00:00,909.53,914.25,35.41,41.56,1.05
2022-04-22 12:00:00,944.38,947.4,36.26,39.08,1.22
2022-04-22 13:00:00,846.97,873.53,36.6,37.92,1.52
2022-04-22 14:00:00,716.72,724.92,36.55,37.67,1.76
2022-04-22 15:00:00,507.1,520.9,36.15,38.16,1.97
2022-04-22 16:00:00,280.1,287.73,35.36,39.85,2.04
2022-04-22 17:00:00,78.8,80.47,33.57,49.58,1.42
2022-04-22 18:00:00,0.0,0.0,31.1,61.53,1.27
2022-04-22 19:00:00,0.0,0.0,30.3,62.07,1.81
2022-04-22 20:00:00,0.0,0.0,29.65,64.28,2.45
2022-04-22 21:00:00,0.0,0.0,28.95,67.94,2.72
2022-04-22 22:00:00,0.0,0.0,28.38,71.21,2.67
2022-04-22 23:00:00,0.0,0.0,27.91,73.7,2.56
2022-04-23 00:00:00,0.0,0.0,27.5,75.84,2.46
2022-04-23 01:00:00,0.0,0.0,27.11,77.94,2.4
2022-04-23 02:00:00,0.0,0.0,26.74,80.12,2.32
2022-04-23 03:00:00,0.0,0.0,26.41,82.2,2.27
2022-04-23 04:00:00,0.0,0.0,26.12,84.08,2.26
2022-04-23 05:00:00,0.0,0.0,25.87,85.85,2.37
2022-04-23 06:00:00,72.65,73.78,26.14,84.71,2.93
2022-04-23 07:00:00,259.88,268.92,27.42,76.88,3.67
2022-04-23 08:00:00,473.5,495.75,29.02,67.86,3.8
2022-04-23 09:00:00,659.45,697.83,30.58,60.45,3.01
2022-04-23 10:00:00,795.62,848.15,32.12,53.59,2.25
2022-04-23 11:00:00,865.1,930.5,33.3,48.64,1.74
2022-04-23 12:00:00,868.85,943.75,34.72,43.82,1.36
2022-04-23 13:00:00,867.1,867.62,36.13,39.3,1.16
2022-04-23 14:00:00,717.53,720.05,36.81,36.77,0.95
2022-04-23 15:00:00,515.17,516.15,36.8,36.0,0.7
2022-04-23 16:00:00,277.65,286.9,36.21,36.81,0.36
2022-04-23 17:00:00,79.35,81.32,35.1,41.7,0.16
2022-04-23 18:00:00,0.0,0.0,32.82,54.84,0.62
2022-04-23 19:00:00,0.0,0.0,31.09,60.21,0.98
2022-04-23 20:00:00,0.0,0.0,30.12,60.79,1.4
2022-04-23 21:00:00,0.0,0.0,29.38,62.32,1.84
2022-04-23 22:00:00,0.0,0.0,28.8,64.69,2.51
2022-04-23 23:00:00,0.0,0.0,28.22,68.2,3.18
2022-04-24 00:00:00,0.0,0.0,27.64,72.11,3.4
2022-04-24 01:00:00,0.0,0.0,27.17,75.16,3.32
2022-04-24 02:00:00,0.0,0.0,26.7,77.77,3.02
2022-04-24 03:00:00,0.0,0.0,26.23,80.17,2.76
2022-04-24 04:00:00,0.0,0.0,25.84,82.12,2.6
2022-04-24 05:00:00,0.0,0.0,25.47,84.03,2.51
2022-04-24 06:00:00,76.1,85.78,25.86,82.4,2.98
2022-04-24 07:00:00,273.0,306.08,28.42,69.68,3.24
2022-04-24 08:00:00,489.33,541.3,31.28,57.62,3.39
2022-04-24 09:00:00,665.92,744.67,33.22,50.88,2.99
2022-04-24 10:00:00,795.42,893.58,34.5,46.85,2.49
2022-04-24 11:00:00,797.5,970.88,35.37,43.73,2.1
2022-04-24 12:00:00,843.22,969.3,36.0,41.1,1.76
2022-04-24 13:00:00,795.3,893.28,36.34,39.2,1.55
2022-04-24 14:00:00,646.97,746.92,36.5,37.81,1.69
2022-04-24 15:00:00,445.45,546.05,36.36,37.32,2.0
2022-04-24 16:00:00,211.0,308.85,35.68,38.5,2.39
2022-04-24 17:00:00,62.53,89.03,33.92,44.96,2.27
2022-04-24 18:00:00,0.0,0.0,31.34,54.63,2.57
2022-04-24 19:00:00,0.0,0.0,30.21,59.57,3.84
2022-04-24 20:00:00,0.0,0.0,28.92,67.48,4.14
2022-04-24 21:00:00,0.0,0.0,28.07,74.04,4.15
2022-04-24 22:00:00,0.0,0.0,27.5,78.92,3.94
2022-04-24 23:00:00,0.0,0.0,27.06,82.37,3.59
2022-04-25 00:00:00,0.0,0.0,26.69,84.72,3.32
2022-04-25 01:00:00,0.0,0.0,26.32,86.68,3.08
2022-04-25 02:00:00,0.0,0.0,25.95,88.57,2.75
2022-04-25 03:00:00,0.0,0.0,25.64,90.13,2.56
2022-04-25 04:00:00,0.0,0.0,25.39,91.4,2.37
2022-04-25 05:00:00,0.0,0.0,25.21,92.3,2.24
2022-04-25 06:00:00,69.35,70.32,25.74,89.26,2.94
2022-04-25 07:00:00,255.7,259.05,27.51,78.57,3.87
2022-04-25 08:00:00,466.05,472.7,29.52,68.24,4.08
2022-04-25 09:00:00,667.85,675.2,31.59,59.42,3.7
2022-04-25 10:00:00,809.67,825.62,33.48,51.86,3.03
2022-04-25 11:00:00,903.1,917.75,35.07,45.6,2.33
2022-04-25 12:00:00,966.95,976.58,36.18,40.86,1.73
2022-04-25 13:00:00,840.92,902.97,36.91,37.33,1.33
2022-04-25 14:00:00,710.28,756.9,37.02,35.51,1.03
2022-04-25 15:00:00,506.55,553.25,36.64,35.1,0.68
2022-04-25 16:00:00,279.62,315.5,35.92,36.09,0.38
2022-04-25 17:00:00,81.9,90.95,34.56,43.25,0.45
2022-04-25 18:00:00,0.0,0.0,32.46,54.8,0.8
2022-04-25 19:00:00,0.0,0.0,31.16,55.59,1.52
2022-04-25 20:00:00,0.0,0.0,29.91,60.71,2.26
2022-04-25 21:00:00,0.0,0.0,28.98,65.26,2.84
2022-04-25 22:00:00,0.0,0.0,28.24,69.85,3.48
2022-04-25 23:00:00,0.0,0.0,27.63,73.75,3.65
2022-04-26 00:00:00,0.0,0.0,27.25,75.93,3.61
2022-04-26 01:00:00,0.0,0.0,26.99,77.45,3.55
2022-04-26 02:00:00,0.0,0.0,26.82,78.51,3.52
2022-04-26 03:00:00,0.0,0.0,26.62,79.74,3.51
2022-04-26 04:00:00,0.0,0.0,26.35,81.32,3.44
2022-04-26 05:00:00,0.0,0.0,26.08,82.84,3.31
2022-04-26 06:00:00,87.78,88.32,26.34,81.61,3.48
2022-04-26 07:00:00,303.45,307.23,28.0,72.48,3.71
2022-04-26 08:00:00,538.05,544.12,30.24,61.34,3.75
2022-04-26 09:00:00,693.35,751.1,32.22,53.47,3.13
2022-04-26 10:00:00,808.55,900.62,33.79,48.11,2.22
2022-04-26 11:00:00,920.72,976.33,34.93,44.1,1.37
2022-04-26 12:00:00,949.53,973.53,35.52,41.42,1.06
2022-04-26 13:00:00,749.2,896.12,35.98,39.28,1.44
2022-04-26 14:00:00,711.65,751.28,35.95,38.54,2.05
2022-04-26 15:00:00,522.7,550.38,35.44,39.27,2.67
2022-04-26 16:00:00,277.55,315.55,34.48,41.76,3.11
2022-04-26 17:00:00,80.55,92.78,32.89,47.52,3.22
2022-04-26 18:00:00,0.0,0.0,30.79,56.6,3.25
2022-04-26 19:00:00,0.0,0.0,29.67,62.33,3.44
2022-04-26 20:00:00,0.0,0.0,28.97,66.29,3.13
2022-04-26 21:00:00,0.0,0.0,28.47,69.07,2.82
2022-04-26 22:00:00,0.0,0.0,28.07,71.16,2.64
2022-04-26 23:00:00,0.0,0.0,27.73,72.82,2.61
2022-04-27 00:00:00,0.0,0.0,27.42,74.54,2.64
2022-04-27 01:00:00,0.0,0.0,27.1,76.66,2.7
2022-04-27 02:00:00,0.0,0.0,26.75,79.21,2.68
2022-04-27 03:00:00,0.0,0.0,26.39,82.07,2.68
2022-04-27 04:00:00,0.0,0.0,26.02,84.97,2.65
2022-04-27 05:00:00,0.0,0.0,25.67,87.72,2.51
2022-04-27 06:00:00,91.82,93.72,25.94,86.96,2.82
2022-04-27 07:00:00,308.8,316.65,27.5,78.65,3.47
2022-04-27 08:00:00,542.67,551.9,29.57,68.0,3.89
2022-04-27 09:00:00,727.7,753.12,31.52,59.01,3.72
2022-04-27 10:00:00,879.17,897.97,33.08,52.7,3.25
2022-04-27 11:00:00,957.17,972.53,34.37,48.19,2.7
2022-04-27 12:00:00,921.47,936.92,35.3,45.01,2.14
2022-04-27 13:00:00,706.65,858.33,35.65,43.29,1.67
2022-04-27 14:00:00,689.4,710.3,35.46,43.07,1.29
2022-04-27 15:00:00,489.83,507.85,34.96,43.8,0.99
2022-04-27 16:00:00,259.12,278.12,34.25,45.83,0.89
2022-04-27 17:00:00,78.2,77.9,33.06,53.53,0.93
2022-04-27 18:00:00,0.0,0.0,30.82,70.12,0.83
2022-04-27 19:00:00,0.0,0.0,29.79,70.39,1.22
2022-04-27 20:00:00,0.0,0.0,29.2,69.68,1.76
2022-04-27 21:00:00,0.0,0.0,28.75,69.86,2.9
2022-04-27 22:00:00,0.0,0.0,27.97,74.79,3.98
2022-04-27 23:00:00,0.0,0.0,27.11,81.44,4.31
2022-04-28 00:00:00,0.0,0.0,26.49,86.25,4.31
2022-04-28 01:00:00,0.0,0.0,25.99,89.74,4.16
2022-04-28 02:00:00,0.0,0.0,25.6,92.22,3.9
2022-04-28 03:00:00,0.0,0.0,25.36,93.07,3.79
2022-04-28 04:00:00,0.0,0.0,25.11,92.35,4.18
2022-04-28 05:00:00,0.0,0.0,24.77,92.2,4.19
2022-04-28 06:00:00,7.93,81.68,24.5,90.36,4.71
2022-04-28 07:00:00,28.3,286.67,24.63,83.87,5.87
2022-04-28 08:00:00,51.67,515.08,25.69,73.27,6.39
2022-04-28 09:00:00,135.98,724.28,27.61,62.36,6.12
2022-04-28 10:00:00,300.58,866.12,29.63,54.86,5.49
2022-04-28 11:00:00,504.42,941.3,31.49,49.85,5.0
2022-04-28 12:00:00,522.08,940.62,32.38,48.06,4.51
2022-04-28 13:00:00,494.67,866.17,32.55,48.2,4.05
2022-04-28 14:00:00,381.25,719.22,31.98,50.32,3.58
2022-04-28 15:00:00,238.38,517.28,31.25,53.09,3.13
2022-04-28 16:00:00,140.6,287.02,30.25,57.74,2.58
2022-04-28 17:00:00,46.08,80.05,28.93,67.1,1.69
2022-04-28 18:00:00,0.0,0.0,27.49,80.98,0.98
2022-04-28 19:00:00,0.0,0.0,26.96,84.59,0.79
2022-04-28 20:00:00,0.0,0.0,26.64,86.29,0.67
2022-04-28 21:00:00,0.0,0.0,26.35,87.36,0.6
2022-04-28 22:00:00,0.0,0.0,26.0,87.89,0.62
2022-04-28 23:00:00,0.0,0.0,25.56,88.28,0.66
2022-04-29 00:00:00,0.0,0.0,25.12,88.6,0.7
2022-04-29 01:00:00,0.0,0.0,24.73,88.77,0.75
2022-04-29 02:00:00,0.0,0.0,24.37,89.06,0.8
2022-04-29 03:00:00,0.0,0.0,24.0,89.62,0.82
2022-04-29 04:00:00,0.0,0.0,23.71,90.24,0.78
2022-04-29 05:00:00,0.0,0.0,23.59,89.89,0.68
2022-04-29 06:00:00,43.17,88.35,24.55,86.16,0.62
2022-04-29 07:00:00,157.85,304.45,25.76,79.94,0.71
2022-04-29 08:00:00,292.15,540.92,28.85,56.13,1.53
2022-04-29 09:00:00,473.88,748.92,31.38,41.24,2.17
2022-04-29 10:00:00,564.9,896.6,33.46,33.42,2.77
2022-04-29 11:00:00,541.67,971.88,34.95,29.62,3.08
2022-04-29 12:00:00,517.22,983.53,35.99,27.34,3.25
2022-04-29 13:00:00,483.67,904.88,36.62,25.98,3.33
2022-04-29 14:00:00,629.35,756.6,36.72,25.8,3.26
2022-04-29 15:00:00,501.73,549.97,36.32,26.67,3.14
2022-04-29 16:00:00,289.48,313.38,35.31,29.76,2.8
2022-04-29 17:00:00,88.4,91.43,32.62,44.19,1.67
2022-04-29 18:00:00,0.0,0.0,29.94,52.03,1.85
2022-04-29 19:00:00,0.0,0.0,29.24,54.71,2.7
2022-04-29 20:00:00,0.0,0.0,28.51,60.58,3.5
2022-04-29 21:00:00,0.0,0.0,27.64,67.96,3.49
2022-04-29 22:00:00,0.0,0.0,27.0,73.73,3.18
2022-04-29 23:00:00,0.0,0.0,26.51,78.04,2.93
2022-04-30 00:00:00,0.0,0.0,26.12,80.97,2.69
2022-04-30 01:00:00,0.0,0.0,25.75,83.01,2.43
2022-04-30 02:00:00,0.0,0.0,25.35,84.88,2.17
2022-04-30 03:00:00,0.0,0.0,24.97,86.53,2.01
2022-04-30 04:00:00,0.0,0.0,24.68,87.68,1.96
2022-04-30 05:00:00,0.0,0.0,24.4,88.73,1.9
2022-04-30 06:00:00,56.22,94.2,24.97,85.6,2.61
2022-04-30 07:00:00,182.73,314.48,27.38,71.45,2.89
2022-04-30 08:00:00,349.33,548.08,30.41,54.83,3.08
2022-04-30 09:00:00,519.1,745.17,32.66,46.07,2.6
2022-04-30 10:00:00,730.1,888.85,34.47,40.59,2.02
2022-04-30 11:00:00,882.0,962.78,35.81,36.93,1.9
2022-04-30 12:00:00,928.65,956.3,36.66,34.58,2.13
2022-04-30 13:00:00,846.88,878.38,36.93,33.58,2.61
2022-04-30 14:00:00,688.38,731.38,36.57,34.13,3.13
2022-04-30 15:00:00,491.92,529.75,35.58,36.4,3.55
2022-04-30 16:00:00,270.77,297.62,34.05,40.8,3.74
2022-04-30 17:00:00,80.18,85.68,32.13,48.41,3.59
2022-04-30 18:00:00,0.0,0.0,30.1,58.27,3.4
2022-04-30 19:00:00,0.0,0.0,28.99,65.09,3.45
2022-04-30 20:00:00,0.0,0.0,28.3,69.69,3.15
2022-04-30 21:00:00,0.0,0.0,27.84,72.63,2.71
2022-04-30 22:00:00,0.0,0.0,27.46,74.83,2.26
2022-04-30 23:00:00,0.0,0.0,27.1,76.75,1.92
2022-05-01 00:00:00,0.0,0.0,26.73,78.61,1.74
2022-05-01 01:00:00,0.0,0.0,26.38,80.44,1.73
2022-05-01 02:00:00,0.0,0.0,26.07,82.4,1.77
2022-05-01 03:00:00,0.0,0.0,25.78,84.43,1.9
2022-05-01 04:00:00,0.0,0.0,25.52,86.21,1.99
2022-05-01 05:00:00,0.0,0.0,25.28,87.78,2.02
2022-05-01 06:00:00,87.32,89.9,25.61,86.32,2.46
2022-05-01 07:00:00,282.88,300.9,27.34,75.77,3.16
2022-05-01 08:00:00,515.0,535.05,29.45,64.31,3.48
2022-05-01 09:00:00,680.28,737.83,31.37,55.58,3.07
2022-05-01 10:00:00,856.1,884.55,32.93,49.71,2.53
2022-05-01 11:00:00,955.9,959.53,34.12,45.63,2.24
2022-05-01 12:00:00,978.95,983.65,35.0,42.7,2.14
2022-05-01 13:00:00,888.58,906.17,35.41,41.11,2.13
2022-05-01 14:00:00,755.72,758.45,35.25,40.9,2.25
2022-05-01 15:00:00,555.42,556.17,34.72,41.77,2.4
2022-05-01 16:00:00,311.6,316.85,33.81,44.2,2.51
2022-05-01 17:00:00,88.5,91.68,31.96,53.73,2.04
2022-05-01 18:00:00,0.0,0.0,29.47,65.42,1.93
2022-05-01 19:00:00,0.0,0.0,28.62,68.11,2.53
2022-05-01 20:00:00,0.0,0.0,27.89,71.8,2.56
2022-05-01 21:00:00,0.0,0.0,27.33,74.6,2.42
2022-05-01 22:00:00,0.0,0.0,26.91,76.46,2.4
2022-05-01 23:00:00,0.0,0.0,26.55,78.02,2.52
2022-05-02 00:00:00,0.0,0.0,26.17,79.93,2.65
2022-05-02 01:00:00,0.0,0.0,25.77,82.26,2.65
2022-05-02 02:00:00,0.0,0.0,25.39,84.63,2.52
2022-05-02 03:00:00,0.0,0.0,25.09,86.75,2.36
2022-05-02 04:00:00,0.0,0.0,24.89,88.42,2.21
2022-05-02 05:00:00,0.0,0.0,24.79,89.55,2.15
2022-05-02 06:00:00,91.28,98.75,25.22,87.86,2.57
2022-05-02 07:00:00,300.23,320.9,26.92,78.97,3.27
2022-05-02 08:00:00,532.2,555.22,28.94,68.56,4.07
2022-05-02 09:00:00,716.55,754.7,30.71,60.5,4.05
2022-05-02 10:00:00,838.7,898.22,32.24,54.62,3.6
2022-05-02 11:00:00,933.7,972.0,33.37,50.69,3.15
2022-05-02 12:00:00,886.2,935.08,34.01,48.4,2.97
2022-05-02 13:00:00,725.0,858.33,34.03,47.9,2.86
2022-05-02 14:00:00,689.38,711.78,33.79,48.37,2.79
2022-05-02 15:00:00,491.7,511.45,33.34,49.53,2.75
2022-05-02 16:00:00,265.98,282.62,32.54,52.19,2.69
2022-05-02 17:00:00,76.85,79.7,30.96,60.99,2.1
2022-05-02 18:00:00,0.0,0.0,29.14,69.4,2.14
2022-05-02 19:00:00,0.0,0.0,28.59,70.78,2.95
2022-05-02 20:00:00,0.0,0.0,28.01,73.59,3.34
2022-05-02 21:00:00,0.0,0.0,27.49,76.5,3.63
2022-05-02 22:00:00,0.0,0.0,26.97,79.58,3.78
2022-05-02 23:00:00,0.0,0.0,26.5,82.51,3.77
2022-05-03 00:00:00,0.0,0.0,26.11,85.06,3.59
2022-05-03 01:00:00,0.0,0.0,25.81,87.04,3.3
2022-05-03 02:00:00,0.0,0.0,25.59,88.32,3.17
2022-05-03 03:00:00,0.0,0.0,25.39,89.27,3.05
2022-05-03 04:00:00,0.0,0.0,25.24,89.78,3.05
2022-05-03 05:00:00,0.0,0.0,25.1,90.16,3.11
2022-05-03 06:00:00,64.38,84.47,25.35,88.77,3.39
2022-05-03 07:00:00,212.07,286.08,26.51,82.56,3.88
2022-05-03 08:00:00,380.95,512.6,28.05,73.29,4.64
2022-05-03 09:00:00,485.73,711.42,29.39,64.51,4.83
2022-05-03 10:00:00,529.67,855.72,30.46,58.76,4.78
2022-05-03 11:00:00,587.55,932.08,31.12,56.34,4.61
2022-05-03 12:00:00,864.75,947.45,31.21,57.19,4.36
2022-05-03 13:00:00,829.33,866.3,30.74,61.11,4.02
2022-05-03 14:00:00,711.78,715.35,30.05,66.55,3.58
2022-05-03 15:00:00,503.1,510.95,29.47,71.93,2.96
2022-05-03 16:00:00,276.17,283.62,28.85,76.52,2.26
2022-05-03 17:00:00,78.53,81.43,27.84,81.17,1.82
2022-05-03 18:00:00,0.0,0.0,26.53,88.36,1.3
2022-05-03 19:00:00,0.0,0.0,26.08,88.29,1.49
2022-05-03 20:00:00,0.0,0.0,25.76,87.95,1.65
2022-05-03 21:00:00,0.0,0.0,25.44,87.99,1.74
2022-05-03 22:00:00,0.0,0.0,25.05,88.65,1.8
2022-05-03 23:00:00,0.0,0.0,24.71,89.34,1.82
2022-05-04 00:00:00,0.0,0.0,24.34,90.48,1.77
2022-05-04 01:00:00,0.0,0.0,24.01,91.67,1.69
2022-05-04 02:00:00,0.0,0.0,23.73,92.88,1.54
2022-05-04 03:00:00,0.0,0.0,23.54,93.84,1.36
2022-05-04 04:00:00,0.0,0.0,23.34,94.9,1.14
2022-05-04 05:00:00,0.0,0.0,23.1,95.83,1.04
2022-05-04 06:00:00,65.47,94.03,23.74,92.12,2.01
2022-05-04 07:00:00,202.35,308.1,25.19,86.56,2.38
2022-05-04 08:00:00,352.2,540.42,28.24,68.81,3.45
2022-05-04 09:00:00,642.65,739.72,30.32,59.79,3.85
2022-05-04 10:00:00,749.42,880.58,31.67,56.05,3.67
2022-05-04 11:00:00,895.95,951.72,32.55,54.49,3.34
2022-05-04 12:00:00,820.2,932.12,33.04,54.17,3.07
2022-05-04 13:00:00,772.72,850.33,33.09,54.72,2.78
2022-05-04 14:00:00,644.62,704.15,32.9,55.65,2.48
2022-05-04 15:00:00,454.9,510.23,32.42,57.41,2.17
2022-05-04 16:00:00,249.25,283.95,31.56,61.45,1.98
2022-05-04 17:00:00,72.3,80.03,30.0,71.45,1.68
2022-05-04 18:00:00,0.0,0.0,27.94,83.1,1.4
2022-05-04 19:00:00,0.0,0.0,27.3,83.37,1.77
2022-05-04 20:00:00,0.0,0.0,26.94,83.8,2.05
2022-05-04 21:00:00,0.0,0.0,26.67,84.34,2.39
2022-05-04 22:00:00,0.0,0.0,26.41,85.25,2.68
2022-05-04 23:00:00,0.0,0.0,26.07,87.04,2.72
2022-05-05 00:00:00,0.0,0.0,25.73,89.0,2.61
2022-05-05 01:00:00,0.0,0.0,25.44,90.74,2.46
2022-05-05 02:00:00,0.0,0.0,25.19,92.06,2.3
2022-05-05 03:00:00,0.0,0.0,24.96,93.36,2.04
2022-05-05 04:00:00,0.0,0.0,24.78,94.33,1.76
2022-05-05 05:00:00,0.0,0.0,24.62,95.06,1.56
2022-05-05 06:00:00,44.25,80.65,24.91,93.48,1.95
2022-05-05 07:00:00,148.77,273.98,25.62,90.48,2.09
2022-05-05 08:00:00,279.08,504.65,26.85,85.72,2.11
2022-05-05 09:00:00,343.65,710.05,28.64,75.11,2.99
2022-05-05 10:00:00,499.33,861.12,29.7,70.38,3.07
2022-05-05 11:00:00,639.1,937.85,30.49,67.55,2.9
2022-05-05 12:00:00,622.95,937.12,30.95,66.02,2.49
2022-05-05 13:00:00,478.4,865.33,31.2,65.53,1.98
2022-05-05 14:00:00,432.65,724.33,31.16,66.14,1.57
2022-05-05 15:00:00,398.23,526.7,30.83,67.84,1.42
2022-05-05 16:00:00,220.77,299.83,30.26,72.77,1.1
2022-05-05 17:00:00,68.45,86.95,29.29,78.81,0.97
2022-05-05 18:00:00,0.0,0.0,27.86,88.2,0.7
2022-05-05 19:00:00,0.0,0.0,27.31,88.96,0.84
2022-05-05 20:00:00,0.0,0.0,26.96,89.29,0.97
2022-05-05 21:00:00,0.0,0.0,26.71,89.55,1.05
2022-05-05 22:00:00,0.0,0.0,26.45,90.23,1.02
2022-05-05 23:00:00,0.0,0.0,26.22,91.12,0.92
2022-05-06 00:00:00,0.0,0.0,26.03,91.96,0.8
2022-05-06 01:00:00,0.0,0.0,25.85,92.56,0.77
2022-05-06 02:00:00,0.0,0.0,25.6,92.79,0.95
2022-05-06 03:00:00,0.0,0.0,25.31,92.71,1.31
2022-05-06 04:00:00,0.0,0.0,25.05,93.16,1.54
2022-05-06 05:00:00,0.0,0.0,24.87,93.74,1.74
2022-05-06 06:00:00,77.9,89.7,25.21,92.1,2.64
2022-05-06 07:00:00,249.52,291.2,26.01,88.73,3.14
2022-05-06 08:00:00,449.77,512.97,27.49,81.23,3.43
2022-05-06 09:00:00,591.12,704.35,28.8,73.45,3.69
2022-05-06 10:00:00,581.22,841.1,29.81,66.89,3.75
2022-05-06 11:00:00,632.33,908.78,30.6,62.27,3.64
2022-05-06 12:00:00,656.35,903.6,31.21,59.38,3.26
2022-05-06 13:00:00,617.97,819.65,31.63,57.61,2.89
2022-05-06 14:00:00,520.67,664.03,31.74,57.03,2.66
2022-05-06 15:00:00,325.38,455.35,31.3,58.29,2.58
2022-05-06 16:00:00,177.68,241.48,30.4,63.09,2.36
2022-05-06 17:00:00,56.55,67.78,28.87,73.39,1.83
2022-05-06 18:00:00,0.0,0.0,27.44,79.3,1.74
2022-05-06 19:00:00,0.0,0.0,26.95,80.15,2.0
2022-05-06 20:00:00,0.0,0.0,26.54,81.08,2.22
2022-05-06 21:00:00,0.0,0.0,26.12,82.61,2.48
2022-05-06 22:00:00,0.0,0.0,25.71,84.75,2.82
2022-05-06 23:00:00,0.0,0.0,25.3,87.4,3.05
2022-05-07 00:00:00,0.0,0.0,24.98,89.61,3.03
2022-05-07 01:00:00,0.0,0.0,24.71,91.43,2.82
2022-05-07 02:00:00,0.0,0.0,24.47,93.2,2.62
2022-05-07 03:00:00,0.0,0.0,24.33,94.34,2.32
2022-05-07 04:00:00,0.0,0.0,24.28,94.81,2.09
2022-05-07 05:00:00,0.0,0.0,24.31,94.74,2.1
2022-05-07 06:00:00,37.28,84.53,24.73,92.89,2.55
2022-05-07 07:00:00,142.6,282.75,25.67,87.81,2.94
2022-05-07 08:00:00,227.27,511.0,26.75,81.53,3.27
2022-05-07 09:00:00,328.3,716.3,27.62,77.02,3.0
2022-05-07 10:00:00,382.77,862.45,28.32,74.38,2.39
2022-05-07 11:00:00,468.88,935.65,28.93,72.13,1.77
2022-05-07 12:00:00,568.1,910.3,29.18,71.28,1.32
2022-05-07 13:00:00,414.9,834.3,29.31,70.19,1.0
2022-05-07 14:00:00,308.05,692.38,29.37,69.57,0.97
2022-05-07 15:00:00,247.05,498.23,29.1,70.44,1.1
2022-05-07 16:00:00,145.25,277.65,28.56,73.25,1.02
2022-05-07 17:00:00,46.45,79.57,27.95,78.16,0.61
2022-05-07 18:00:00,0.0,0.0,27.27,83.58,0.35
2022-05-07 19:00:00,0.0,0.0,26.9,85.11,0.35
2022-05-07 20:00:00,0.0,0.0,26.51,87.13,0.42
2022-05-07 21:00:00,0.0,0.0,26.17,87.02,0.51
2022-05-07 22:00:00,0.0,0.0,25.86,87.78,0.57
2022-05-07 23:00:00,0.0,0.0,25.46,89.47,0.64
2022-05-08 00:00:00,0.0,0.0,25.03,91.14,0.73
2022-05-08 01:00:00,0.0,0.0,24.75,91.73,0.95
2022-05-08 02:00:00,0.0,0.0,24.53,92.14,1.31
2022-05-08 03:00:00,0.0,0.0,24.35,92.72,1.66
2022-05-08 04:00:00,0.0,0.0,24.09,94.04,1.65
2022-05-08 05:00:00,0.0,0.0,23.81,95.44,1.48
2022-05-08 06:00:00,89.35,95.22,24.39,92.67,2.16
2022-05-08 07:00:00,285.27,302.77,25.96,85.14,2.46
2022-05-08 08:00:00,522.8,529.08,28.22,73.25,2.77
2022-05-08 09:00:00,699.12,727.3,29.99,64.47,2.61
2022-05-08 10:00:00,850.78,867.85,31.62,57.35,1.95
2022-05-08 11:00:00,928.45,939.53,33.04,51.7,1.58
2022-05-08 12:00:00,932.85,942.88,33.87,48.48,1.63
2022-05-08 13:00:00,724.58,864.65,34.17,47.4,1.77
2022-05-08 14:00:00,711.35,718.55,34.17,47.52,1.94
2022-05-08 15:00:00,482.08,519.92,33.75,48.9,2.09
2022-05-08 16:00:00,247.02,291.55,32.85,53.0,2.09
2022-05-08 17:00:00,62.83,85.55,30.9,66.2,1.6
2022-05-08 18:00:00,0.0,0.0,28.83,73.91,1.65
2022-05-08 19:00:00,0.0,0.0,28.17,75.13,2.16
2022-05-08 20:00:00,0.0,0.0,27.68,77.03,2.48
2022-05-08 21:00:00,0.0,0.0,27.2,79.65,2.44
2022-05-08 22:00:00,0.0,0.0,26.76,82.28,2.24
2022-05-08 23:00:00,0.0,0.0,26.37,84.53,2.08
2022-05-09 00:00:00,0.0,0.0,26.02,86.52,2.0
2022-05-09 01:00:00,0.0,0.0,25.71,88.14,1.97
2022-05-09 02:00:00,0.0,0.0,25.43,89.45,2.0
2022-05-09 03:00:00,0.0,0.0,25.18,90.5,2.13
2022-05-09 04:00:00,0.0,0.0,24.95,91.39,2.26
2022-05-09 05:00:00,0.0,0.0,24.71,92.29,2.3
2022-05-09 06:00:00,44.6,93.82,24.99,90.91,2.71
2022-05-09 07:00:00,140.98,297.48,26.53,83.25,3.05
2022-05-09 08:00:00,275.6,525.4,28.82,71.56,3.88
2022-05-09 09:00:00,398.48,722.62,30.44,65.38,3.74
2022-05-09 10:00:00,572.8,861.85,31.68,61.38,3.35
2022-05-09 11:00:00,674.08,933.7,32.6,58.47,2.99
2022-05-09 12:00:00,523.92,903.83,33.24,56.31,2.62
2022-05-09 13:00:00,562.85,825.3,33.49,55.37,2.36
2022-05-09 14:00:00,349.35,682.08,33.23,56.1,2.21
2022-05-09 15:00:00,202.62,486.67,32.53,58.49,2.14
2022-05-09 16:00:00,35.7,266.98,31.62,62.75,2.15
2022-05-09 17:00:00,10.73,75.97,30.06,72.55,1.84
2022-05-09 18:00:00,0.0,0.0,28.52,79.76,1.91
2022-05-09 19:00:00,0.0,0.0,27.95,81.43,2.38
2022-05-09 20:00:00,0.0,0.0,27.54,83.41,2.63
2022-05-09 21:00:00,0.0,0.0,27.15,85.51,2.78
2022-05-09 22:00:00,0.0,0.0,26.74,87.82,2.78
2022-05-09 23:00:00,0.0,0.0,26.34,90.01,2.73
2022-05-10 00:00:00,0.0,0.0,25.98,91.88,2.71
2022-05-10 01:00:00,0.0,0.0,25.67,93.53,2.66
2022-05-10 02:00:00,0.0,0.0,25.42,94.82,2.62
2022-05-10 03:00:00,0.0,0.0,25.27,95.32,2.57
2022-05-10 04:00:00,0.0,0.0,25.16,95.63,2.48
2022-05-10 05:00:00,0.0,0.0,25.09,95.71,2.37
2022-05-10 06:00:00,47.8,82.15,25.3,94.69,2.47
2022-05-10 07:00:00,154.1,269.4,25.85,92.38,2.55
2022-05-10 08:00:00,278.2,488.1,26.74,87.9,2.59
2022-05-10 09:00:00,470.8,676.72,27.87,81.07,2.95
2022-05-10 10:00:00,705.72,824.72,28.78,75.7,2.92
2022-05-10 11:00:00,825.95,903.42,29.53,71.52,2.71
2022-05-10 12:00:00,913.03,950.95,30.15,68.31,2.37
2022-05-10 13:00:00,840.45,874.03,30.44,66.83,2.09
2022-05-10 14:00:00,695.42,729.38,30.26,67.67,1.89
2022-05-10 15:00:00,465.42,528.95,29.7,69.98,1.92
2022-05-10 16:00:00,253.98,298.65,29.1,73.29,2.0
2022-05-10 17:00:00,73.88,88.12,27.99,81.47,1.55
2022-05-10 18:00:00,0.0,0.0,26.78,87.04,1.45
2022-05-10 19:00:00,0.0,0.0,26.34,88.38,1.65
2022-05-10 20:00:00,0.0,0.0,26.01,89.74,1.61
2022-05-10 21:00:00,0.0,0.0,25.71,91.06,1.53
2022-05-10 22:00:00,0.0,0.0,25.46,91.94,1.6
2022-05-10 23:00:00,0.0,0.0,25.23,92.84,1.76
2022-05-11 00:00:00,0.0,0.0,25.0,93.79,1.85
2022-05-11 01:00:00,0.0,0.0,24.79,94.73,1.86
2022-05-11 02:00:00,0.0,0.0,24.55,95.61,1.68
2022-05-11 03:00:00,0.0,0.0,24.3,96.48,1.41
2022-05-11 04:00:00,0.0,0.0,24.06,97.18,1.26
2022-05-11 05:00:00,0.0,0.0,23.89,97.53,1.19
2022-05-11 06:00:00,86.97,92.8,24.79,93.1,2.12
2022-05-11 07:00:00,283.85,292.5,26.47,84.4,2.61
2022-05-11 08:00:00,513.03,518.58,28.72,70.1,3.08
2022-05-11 09:00:00,710.58,715.58,30.43,61.3,2.9
2022-05-11 10:00:00,838.97,857.22,31.67,56.57,2.51
2022-05-11 11:00:00,917.08,929.88,32.65,53.46,2.09
2022-05-11 12:00:00,940.62,952.15,33.37,51.55,1.72
2022-05-11 13:00:00,830.97,874.78,33.75,50.58,1.48
2022-05-11 14:00:00,710.38,729.95,33.7,50.82,1.44
2022-05-11 15:00:00,511.75,533.17,33.36,51.99,1.57
2022-05-11 16:00:00,269.9,304.15,32.61,55.05,1.75
2022-05-11 17:00:00,76.6,91.03,30.99,66.25,1.41
2022-05-11 18:00:00,0.0,0.0,28.72,78.6,1.12
2022-05-11 19:00:00,0.0,0.0,27.91,79.21,1.39
2022-05-11 20:00:00,0.0,0.0,27.36,80.35,1.54
2022-05-11 21:00:00,0.0,0.0,26.98,81.62,1.58
2022-05-11 22:00:00,0.0,0.0,26.56,83.27,1.54
2022-05-11 23:00:00,0.0,0.0,26.15,84.92,1.49
2022-05-12 00:00:00,0.0,0.0,25.75,86.48,1.49
2022-05-12 01:00:00,0.0,0.0,25.39,87.91,1.56
2022-05-12 02:00:00,0.0,0.0,25.05,89.49,1.7
2022-05-12 03:00:00,0.0,0.0,24.73,91.27,1.82
2022-05-12 04:00:00,0.0,0.0,24.41,93.47,1.82
2022-05-12 05:00:00,0.0,0.0,24.14,95.57,1.61
2022-05-12 06:00:00,77.97,99.3,24.78,93.61,2.22
2022-05-12 07:00:00,228.55,310.15,26.13,88.18,2.48
2022-05-12 08:00:00,392.77,538.17,27.8,80.21,2.87
2022-05-12 09:00:00,618.38,731.92,29.19,73.47,3.02
2022-05-12 10:00:00,838.05,872.85,30.03,69.66,2.99
2022-05-12 11:00:00,907.2,944.1,30.36,68.14,2.86
2022-05-12 12:00:00,872.35,926.15,30.49,67.29,2.82
2022-05-12 13:00:00,676.1,851.3,30.64,66.43,2.87
2022-05-12 14:00:00,661.9,709.62,30.57,66.8,2.75
2022-05-12 15:00:00,492.27,516.95,30.12,68.88,2.59
2022-05-12 16:00:00,271.6,293.83,29.4,73.63,2.26
2022-05-12 17:00:00,81.72,87.6,28.17,83.53,1.48
2022-05-12 18:00:00,0.0,0.0,26.99,90.03,1.18
2022-05-12 19:00:00,0.0,0.0,26.56,91.51,1.21
2022-05-12 20:00:00,0.0,0.0,26.27,92.28,1.25
2022-05-12 21:00:00,0.0,0.0,26.05,92.62,1.31
2022-05-12 22:00:00,0.0,0.0,25.84,92.8,1.41
2022-05-12 23:00:00,0.0,0.0,25.63,92.79,1.58
2022-05-13 00:00:00,0.0,0.0,25.43,92.79,1.78
2022-05-13 01:00:00,0.0,0.0,25.35,92.4,2.01
2022-05-13 02:00:00,0.0,0.0,25.23,92.55,2.05
2022-05-13 03:00:00,0.0,0.0,25.08,92.88,1.98
2022-05-13 04:00:00,0.0,0.0,24.91,93.38,1.85
2022-05-13 05:00:00,0.0,0.0,24.77,93.84,1.73
2022-05-13 06:00:00,93.82,95.38,25.09,92.23,2.19
2022-05-13 07:00:00,274.35,297.52,26.2,86.98,2.38
2022-05-13 08:00:00,480.88,523.67,28.17,76.08,2.98
2022-05-13 09:00:00,659.42,719.72,29.95,66.88,2.97
2022-05-13 10:00:00,800.2,860.53,31.34,61.15,2.69
2022-05-13 11:00:00,896.15,933.3,32.27,57.97,2.42
2022-05-13 12:00:00,918.85,953.95,32.89,56.1,2.09
2022-05-13 13:00:00,864.92,875.22,33.02,55.5,1.75
2022-05-13 14:00:00,716.78,727.8,32.84,56.09,1.49
2022-05-13 15:00:00,355.6,526.7,32.42,57.54,1.35
2022-05-13 16:00:00,176.98,295.05,31.78,61.94,1.13
2022-05-13 17:00:00,59.5,86.53,30.89,69.0,0.96
2022-05-13 18:00:00,0.0,0.0,29.1,78.17,0.75
2022-05-13 19:00:00,0.0,0.0,28.33,79.79,0.94
2022-05-13 20:00:00,0.0,0.0,27.83,80.39,1.18
2022-05-13 21:00:00,0.0,0.0,27.43,80.88,1.45
2022-05-13 22:00:00,0.0,0.0,27.09,81.59,1.73
2022-05-13 23:00:00,0.0,0.0,26.79,82.53,2.03
2022-05-14 00:00:00,0.0,0.0,26.51,83.62,2.28
2022-05-14 01:00:00,0.0,0.0,26.15,85.5,2.33
2022-05-14 02:00:00,0.0,0.0,25.75,87.84,2.16
2022-05-14 03:00:00,0.0,0.0,25.31,90.71,1.71
2022-05-14 04:00:00,0.0,0.0,24.99,93.17,1.39
2022-05-14 05:00:00,0.0,0.0,24.76,94.74,1.2
2022-05-14 06:00:00,55.75,95.75,25.47,91.64,1.85
2022-05-14 07:00:00,169.43,297.85,26.99,84.25,2.25
2022-05-14 08:00:00,299.83,520.1,29.02,73.63,3.07
2022-05-14 09:00:00,354.02,710.62,30.53,67.11,3.17
2022-05-14 10:00:00,532.95,846.33,31.67,62.76,2.98
2022-05-14 11:00:00,843.65,911.75,32.6,59.36,2.74
2022-05-14 12:00:00,872.42,880.28,33.18,57.23,2.36
2022-05-14 13:00:00,789.38,801.38,33.42,56.05,1.84
2022-05-14 14:00:00,630.38,654.9,33.31,56.0,1.47
2022-05-14 15:00:00,453.92,459.05,32.98,57.01,1.31
2022-05-14 16:00:00,232.15,245.0,32.3,60.26,1.32
2022-05-14 17:00:00,67.03,72.1,30.97,69.93,1.22
2022-05-14 18:00:00,0.0,0.0,28.97,80.07,1.21
2022-05-14 19:00:00,0.0,0.0,28.25,81.07,2.06
2022-05-14 20:00:00,0.0,0.0,27.65,84.14,2.9
2022-05-14 21:00:00,0.0,0.0,27.05,87.93,3.04
2022-05-14 22:00:00,0.0,0.0,26.64,90.22,2.96
2022-05-14 23:00:00,0.0,0.0,26.32,91.5,2.77
2022-05-15 00:00:00,0.0,0.0,26.02,92.44,2.55
2022-05-15 01:00:00,0.0,0.0,25.71,93.29,2.29
2022-05-15 02:00:00,0.0,0.0,25.45,93.99,2.05
2022-05-15 03:00:00,0.0,0.0,25.19,94.82,1.8
2022-05-15 04:00:00,0.0,0.0,24.97,95.43,1.61
2022-05-15 05:00:00,0.0,0.0,24.8,95.95,1.46
2022-05-15 06:00:00,84.62,85.47,25.42,92.78,2.17
2022-05-15 07:00:00,259.05,267.25,26.91,85.13,2.68
2022-05-15 08:00:00,468.88,484.1,28.85,73.83,3.17
2022-05-15 09:00:00,663.7,677.75,30.37,66.54,2.97
2022-05-15 10:00:00,721.78,817.47,31.28,63.0,2.57
2022-05-15 11:00:00,789.42,890.05,31.94,60.81,2.13
2022-05-15 12:00:00,897.22,910.83,32.58,58.74,1.77
2022-05-15 13:00:00,807.97,832.47,32.79,57.69,1.58
2022-05-15 14:00:00,638.7,685.8,32.96,56.63,1.58
2022-05-15 15:00:00,479.83,484.3,32.76,56.68,1.65
2022-05-15 16:00:00,238.23,267.95,32.19,58.26,1.75
2022-05-15 17:00:00,62.95,79.25,30.88,66.79,1.31
2022-05-15 18:00:00,0.0,0.0,28.81,78.77,0.92
2022-05-15 19:00:00,0.0,0.0,28.13,79.59,1.06
2022-05-15 20:00:00,0.0,0.0,27.67,80.8,1.12
2022-05-15 21:00:00,0.0,0.0,27.29,82.07,1.17
2022-05-15 22:00:00,0.0,0.0,26.99,82.97,1.24
2022-05-15 23:00:00,0.0,0.0,26.72,83.78,1.34
2022-05-16 00:00:00,0.0,0.0,26.44,84.64,1.44
2022-05-16 01:00:00,0.0,0.0,26.2,85.48,1.55
2022-05-16 02:00:00,0.0,0.0,26.0,86.45,1.68
2022-05-16 03:00:00,0.0,0.0,25.82,87.7,1.75
2022-05-16 04:00:00,0.0,0.0,25.48,89.74,1.66
2022-05-16 05:00:00,0.0,0.0,25.15,91.74,1.54
2022-05-16 06:00:00,60.83,82.88,25.57,90.14,2.17
2022-05-16 07:00:00,180.8,264.83,27.14,82.61,2.45
2022-05-16 08:00:00,351.48,482.58,29.53,69.78,2.92
2022-05-16 09:00:00,550.28,678.83,31.13,62.92,2.56
2022-05-16 10:00:00,753.6,819.65,32.15,59.04,2.01
2022-05-16 11:00:00,857.3,892.55,33.03,56.04,1.41
2022-05-16 12:00:00,803.58,832.88,33.63,53.76,0.94
2022-05-16 13:00:00,708.25,758.05,33.92,52.32,1.11
2022-05-16 14:00:00,531.3,604.12,33.78,52.04,1.5
2022-05-16 15:00:00,357.52,412.38,33.28,52.95,1.63
2022-05-16 16:00:00,195.77,212.35,32.73,54.95,1.57
2022-05-16 17:00:00,62.95,64.53,31.59,62.6,1.17
2022-05-16 18:00:00,0.0,0.0,29.56,76.37,0.79
2022-05-16 19:00:00,0.0,0.0,28.73,77.19,0.9
2022-05-16 20:00:00,0.0,0.0,28.11,78.31,0.96
2022-05-16 21:00:00,0.0,0.0,27.56,79.24,1.07
2022-05-16 22:00:00,0.0,0.0,27.11,80.0,1.26
2022-05-16 23:00:00,0.0,0.0,26.77,80.78,1.5
2022-05-17 00:00:00,0.0,0.0,26.48,81.98,1.73
2022-05-17 01:00:00,0.0,0.0,26.16,83.95,1.78
2022-05-17 02:00:00,0.0,0.0,25.8,86.37,1.65
2022-05-17 03:00:00,0.0,0.0,25.43,88.76,1.42
2022-05-17 04:00:00,0.0,0.0,25.12,90.69,1.24
2022-05-17 05:00:00,0.0,0.0,24.81,92.48,1.14
2022-05-17 06:00:00,78.4,78.43,25.46,89.56,1.98
2022-05-17 07:00:00,234.8,241.48,27.15,81.77,2.19
2022-05-17 08:00:00,442.0,452.3,29.9,67.92,2.85
2022-05-17 09:00:00,638.0,646.1,31.67,61.02,2.52
2022-05-17 10:00:00,785.17,790.33,32.79,57.23,2.06
2022-05-17 11:00:00,860.4,863.88,33.39,55.15,1.82
2022-05-17 12:00:00,857.6,862.92,33.98,53.28,1.82
2022-05-17 13:00:00,762.8,774.03,34.08,52.71,1.97
2022-05-17 14:00:00,623.05,629.5,34.0,52.68,2.17
2022-05-17 15:00:00,434.83,437.73,33.49,54.03,2.27
2022-05-17 16:00:00,211.93,234.12,32.61,57.51,2.2
2022-05-17 17:00:00,60.7,71.75,31.14,67.11,1.62
2022-05-17 18:00:00,0.0,0.0,29.42,74.58,1.55
2022-05-17 19:00:00,0.0,0.0,28.82,76.16,2.1
2022-05-17 20:00:00,0.0,0.0,28.31,78.44,2.46
2022-05-17 21:00:00,0.0,0.0,27.84,81.06,2.63
2022-05-17 22:00:00,0.0,0.0,27.42,83.45,2.7
2022-05-17 23:00:00,0.0,0.0,27.04,85.73,2.72
2022-05-18 00:00:00,0.0,0.0,26.68,87.9,2.68
2022-05-18 01:00:00,0.0,0.0,26.36,89.7,2.58
2022-05-18 02:00:00,0.0,0.0,26.09,91.1,2.47
2022-05-18 03:00:00,0.0,0.0,25.87,92.11,2.23
2022-05-18 04:00:00,0.0,0.0,25.68,92.85,1.99
2022-05-18 05:00:00,0.0,0.0,25.51,93.51,1.87
2022-05-18 06:00:00,73.2,82.53,25.97,91.15,2.45
2022-05-18 07:00:00,202.95,254.5,27.17,84.76,3.11
2022-05-18 08:00:00,371.77,467.15,28.85,75.64,3.91
2022-05-18 09:00:00,531.95,659.08,30.18,68.94,4.01
2022-05-18 10:00:00,658.88,800.8,31.04,64.85,3.87
2022-05-18 11:00:00,731.28,878.1,31.77,61.66,3.73
2022-05-18 12:00:00,770.3,906.42,32.35,59.05,3.52
2022-05-18 13:00:00,689.72,829.38,32.49,57.87,3.22
2022-05-18 14:00:00,571.15,680.25,32.45,57.46,2.92
2022-05-18 15:00:00,417.0,482.88,32.11,58.23,2.63
2022-05-18 16:00:00,221.05,262.33,31.39,61.16,2.24
2022-05-18 17:00:00,71.43,78.57,30.14,69.95,1.47
2022-05-18 18:00:00,0.0,0.0,28.69,76.93,1.23
2022-05-18 19:00:00,0.0,0.0,28.09,78.62,1.44
2022-05-18 20:00:00,0.0,0.0,27.63,80.15,1.6
2022-05-18 21:00:00,0.0,0.0,27.26,81.38,1.84
2022-05-18 22:00:00,0.0,0.0,26.92,82.49,2.21
2022-05-18 23:00:00,0.0,0.0,26.54,83.94,2.53
2022-05-19 00:00:00,0.0,0.0,26.07,86.11,2.63
2022-05-19 01:00:00,0.0,0.0,25.62,88.59,2.38
2022-05-19 02:00:00,0.0,0.0,25.2,91.26,1.76
2022-05-19 03:00:00,0.0,0.0,24.84,93.52,1.18
2022-05-19 04:00:00,0.0,0.0,24.61,94.84,0.94
2022-05-19 05:00:00,0.0,0.0,24.48,95.42,1.03
2022-05-19 06:00:00,85.68,89.3,25.35,91.07,2.22
2022-05-19 07:00:00,256.23,275.77,27.32,80.14,3.24
2022-05-19 08:00:00,468.58,496.27,29.5,68.32,4.07
2022-05-19 09:00:00,619.7,691.72,31.24,60.64,4.16
2022-05-19 10:00:00,805.62,835.2,32.64,55.46,3.9
2022-05-19 11:00:00,898.2,909.8,34.03,50.84,3.34
2022-05-19 12:00:00,706.83,906.7,34.86,48.01,2.74
2022-05-19 13:00:00,801.9,829.38,35.26,46.41,2.26
2022-05-19 14:00:00,645.55,684.08,35.26,45.51,1.95
2022-05-19 15:00:00,470.05,487.77,34.8,46.05,1.99
2022-05-19 16:00:00,238.77,267.7,33.91,47.98,2.21
2022-05-19 17:00:00,68.2,80.95,32.13,57.47,1.83
2022-05-19 18:00:00,0.0,0.0,29.78,68.12,1.7
2022-05-19 19:00:00,0.0,0.0,28.89,70.51,2.18
2022-05-19 20:00:00,0.0,0.0,28.25,73.63,2.32
2022-05-19 21:00:00,0.0,0.0,27.67,76.96,2.33
2022-05-19 22:00:00,0.0,0.0,27.2,79.61,2.37
2022-05-19 23:00:00,0.0,0.0,26.82,81.7,2.46
2022-05-20 00:00:00,0.0,0.0,26.42,84.11,2.51
2022-05-20 01:00:00,0.0,0.0,26.0,86.88,2.42
2022-05-20 02:00:00,0.0,0.0,25.55,89.92,2.21
2022-05-20 03:00:00,0.0,0.0,25.15,92.59,1.92
2022-05-20 04:00:00,0.0,0.0,24.83,94.71,1.62
2022-05-20 05:00:00,0.0,0.0,24.6,95.99,1.34
2022-05-20 06:00:00,87.22,93.22,25.43,92.03,2.16
2022-05-20 07:00:00,272.65,286.52,27.34,81.69,2.92
2022-05-20 08:00:00,505.67,507.42,29.59,70.16,3.14
2022-05-20 09:00:00,697.35,702.38,31.38,63.1,2.9
2022-05-20 10:00:00,832.65,842.3,32.76,57.96,2.7
2022-05-20 11:00:00,883.25,914.95,33.55,54.32,2.69
2022-05-20 12:00:00,710.92,929.9,33.82,52.43,2.66
2022-05-20 13:00:00,782.42,853.47,33.58,52.41,2.55
2022-05-20 14:00:00,651.4,710.08,33.05,53.68,2.38
2022-05-20 15:00:00,440.7,515.33,32.32,56.19,2.23
2022-05-20 16:00:00,242.62,292.23,31.45,61.17,1.99
2022-05-20 17:00:00,74.7,90.0,30.09,70.35,1.62
2022-05-20 18:00:00,0.0,0.0,28.42,82.39,1.16
2022-05-20 19:00:00,0.0,0.0,27.81,83.81,1.33
2022-05-20 20:00:00,0.0,0.0,27.38,85.05,1.48
2022-05-20 21:00:00,0.0,0.0,26.99,86.71,1.58
2022-05-20 22:00:00,0.0,0.0,26.6,88.9,1.6
2022-05-20 23:00:00,0.0,0.0,26.17,91.52,1.62
2022-05-21 00:00:00,0.0,0.0,25.83,93.08,1.6
2022-05-21 01:00:00,0.0,0.0,25.55,94.32,1.52
2022-05-21 02:00:00,0.0,0.0,25.31,95.67,1.34
2022-05-21 03:00:00,0.0,0.0,25.15,96.42,1.24
2022-05-21 04:00:00,0.0,0.0,25.01,96.63,1.36
2022-05-21 05:00:00,0.0,0.0,24.91,96.63,1.54
2022-05-21 06:00:00,48.03,101.93,25.09,95.85,1.93
2022-05-21 07:00:00,127.4,309.52,25.5,94.34,2.3
2022-05-21 08:00:00,229.7,533.78,25.95,92.42,2.44
2022-05-21 09:00:00,448.27,724.9,26.45,89.85,2.57
2022-05-21 10:00:00,519.65,861.22,26.94,87.44,2.61
2022-05-21 11:00:00,571.22,930.03,27.42,84.99,2.82
2022-05-21 12:00:00,605.25,877.0,27.69,83.24,3.05
2022-05-21 13:00:00,540.72,799.17,27.81,81.87,3.1
2022-05-21 14:00:00,408.4,655.03,27.78,81.18,3.06
2022-05-21 15:00:00,270.67,462.58,27.59,81.85,2.88
2022-05-21 16:00:00,164.3,250.6,27.14,85.3,2.39
2022-05-21 17:00:00,52.97,74.28,26.33,91.05,1.63
2022-05-21 18:00:00,0.0,0.0,25.5,94.59,1.36
2022-05-21 19:00:00,0.0,0.0,25.16,95.45,1.45
2022-05-21 20:00:00,0.0,0.0,24.82,96.38,1.3
2022-05-21 21:00:00,0.0,0.0,24.46,97.15,0.99
2022-05-21 22:00:00,0.0,0.0,24.14,97.38,1.04
2022-05-21 23:00:00,0.0,0.0,23.98,96.64,1.66
2022-05-22 00:00:00,0.0,0.0,23.73,96.04,2.13
2022-05-22 01:00:00,0.0,0.0,23.4,95.8,1.98
2022-05-22 02:00:00,0.0,0.0,23.06,96.14,1.58
2022-05-22 03:00:00,0.0,0.0,22.82,96.31,1.4
2022-05-22 04:00:00,0.0,0.0,22.68,96.25,1.37
2022-05-22 05:00:00,0.0,0.0,22.57,96.36,1.32
2022-05-22 06:00:00,62.55,83.0,23.18,93.24,1.97
2022-05-22 07:00:00,194.0,264.4,24.93,85.13,2.62
2022-05-22 08:00:00,362.8,483.0,26.98,76.26,3.05
2022-05-22 09:00:00,471.4,674.78,28.5,70.42,3.01
2022-05-22 10:00:00,612.1,812.35,29.58,66.44,2.98
2022-05-22 11:00:00,681.1,887.35,30.16,63.57,2.94
2022-05-22 12:00:00,714.83,902.15,30.49,61.15,2.79
2022-05-22 13:00:00,627.47,830.08,30.45,59.35,2.63
2022-05-22 14:00:00,483.25,689.67,30.07,58.72,2.51
2022-05-22 15:00:00,336.27,496.77,29.43,59.92,2.34
2022-05-22 16:00:00,188.98,277.25,28.47,64.8,1.85
2022-05-22 17:00:00,61.92,83.85,27.36,73.04,1.23
2022-05-22 18:00:00,0.0,0.0,26.23,83.43,0.72
2022-05-22 19:00:00,0.0,0.0,25.69,86.19,0.66
2022-05-22 20:00:00,0.0,0.0,25.28,87.45,0.71
2022-05-22 21:00:00,0.0,0.0,24.93,88.59,0.75
2022-05-22 22:00:00,0.0,0.0,24.65,89.53,0.79
2022-05-22 23:00:00,0.0,0.0,24.36,90.59,0.77
2022-05-23 00:00:00,0.0,0.0,24.12,91.31,0.72
2022-05-23 01:00:00,0.0,0.0,23.95,91.65,0.64
2022-05-23 02:00:00,0.0,0.0,23.9,91.67,0.56
2022-05-23 03:00:00,0.0,0.0,23.82,91.78,0.51
2022-05-23 04:00:00,0.0,0.0,23.68,92.31,0.5
2022-05-23 05:00:00,0.0,0.0,23.51,93.24,0.49
2022-05-23 06:00:00,70.5,84.32,24.06,90.7,0.88
2022-05-23 07:00:00,175.65,263.67,25.15,84.21,1.35
2022-05-23 08:00:00,311.05,488.58,27.11,74.56,1.24
2022-05-23 09:00:00,401.4,681.97,28.61,67.31,1.02
2022-05-23 10:00:00,472.23,822.78,29.64,62.74,1.1
2022-05-23 11:00:00,530.42,895.62,30.26,60.02,1.09
2022-05-23 12:00:00,473.4,926.8,30.44,59.05,1.0
2022-05-23 13:00:00,351.4,849.6,30.45,59.02,0.96
2022-05-23 14:00:00,258.55,703.15,30.22,59.52,1.02
2022-05-23 15:00:00,190.85,504.88,29.56,62.08,1.12
2022-05-23 16:00:00,113.78,282.15,28.79,65.79,1.08
2022-05-23 17:00:00,41.17,85.65,27.84,73.02,0.74
2022-05-23 18:00:00,0.0,0.0,26.92,79.08,0.52
2022-05-23 19:00:00,0.0,0.0,26.47,81.17,0.3
2022-05-23 20:00:00,0.0,0.0,25.94,84.58,0.33
2022-05-23 21:00:00,0.0,0.0,25.35,88.06,0.46
2022-05-23 22:00:00,0.0,0.0,24.93,89.97,0.6
2022-05-23 23:00:00,0.0,0.0,24.59,92.01,0.68
2022-05-24 00:00:00,0.0,0.0,24.26,93.5,0.72
2022-05-24 01:00:00,0.0,0.0,24.02,94.63,0.72
2022-05-24 02:00:00,0.0,0.0,23.79,95.5,0.74
2022-05-24 03:00:00,0.0,0.0,23.53,96.6,0.86
2022-05-24 04:00:00,0.0,0.0,23.41,97.13,1.02
2022-05-24 05:00:00,0.0,0.0,23.34,97.44,1.13
2022-05-24 06:00:00,77.6,99.62,24.24,93.06,2.06
2022-05-24 07:00:00,230.0,300.55,25.91,83.82,2.63
2022-05-24 08:00:00,426.88,522.88,27.78,73.01,3.26
2022-05-24 09:00:00,585.75,718.08,29.21,65.99,3.34
2022-05-24 10:00:00,705.4,855.92,30.3,60.99,3.18
2022-05-24 11:00:00,761.0,926.7,31.2,57.21,3.09
2022-05-24 12:00:00,772.75,928.78,31.85,54.5,3.08
2022-05-24 13:00:00,662.33,855.92,32.12,53.21,3.06
2022-05-24 14:00:00,582.72,715.8,31.94,53.34,3.03
2022-05-24 15:00:00,421.5,527.58,31.43,54.42,3.0
2022-05-24 16:00:00,240.8,307.5,30.55,57.41,2.82
2022-05-24 17:00:00,79.38,99.68,29.01,67.4,1.87
2022-05-24 18:00:00,0.0,0.0,27.09,77.38,1.34
2022-05-24 19:00:00,0.0,0.0,26.42,79.09,1.51
2022-05-24 20:00:00,0.0,0.0,25.98,80.38,1.68
2022-05-24 21:00:00,0.0,0.0,25.57,82.15,1.69
2022-05-24 22:00:00,0.0,0.0,25.17,84.18,1.61
2022-05-24 23:00:00,0.0,0.0,24.75,86.34,1.54
2022-05-25 00:00:00,0.0,0.0,24.36,88.44,1.5
2022-05-25 01:00:00,0.0,0.0,23.99,90.65,1.5
2022-05-25 02:00:00,0.0,0.0,23.66,93.03,1.54
2022-05-25 03:00:00,0.0,0.0,23.47,94.66,1.78
2022-05-25 04:00:00,0.0,0.0,23.36,95.49,2.01
2022-05-25 05:00:00,0.0,0.0,23.3,95.57,2.04
2022-05-25 06:00:00,79.28,110.22,23.88,92.56,2.7
2022-05-25 07:00:00,222.02,323.6,25.25,85.3,3.49
2022-05-25 08:00:00,360.88,547.95,26.9,76.34,3.92
2022-05-25 09:00:00,612.2,740.85,28.56,68.47,3.61
2022-05-25 10:00:00,825.88,878.5,29.95,62.43,3.24
2022-05-25 11:00:00,915.6,949.55,30.89,58.47,2.92
2022-05-25 12:00:00,826.8,918.22,31.61,55.58,2.69
2022-05-25 13:00:00,785.1,841.62,31.98,53.82,2.45
2022-05-25 14:00:00,647.53,697.9,32.05,53.21,2.22
2022-05-25 15:00:00,471.9,503.6,31.8,53.68,2.0
2022-05-25 16:00:00,224.15,282.67,31.2,55.68,1.78
2022-05-25 17:00:00,61.7,89.35,29.83,64.79,1.28
2022-05-25 18:00:00,0.0,0.0,27.7,79.18,0.83
2022-05-25 19:00:00,0.0,0.0,26.92,79.8,0.94
2022-05-25 20:00:00,0.0,0.0,26.4,80.74,1.0
2022-05-25 21:00:00,0.0,0.0,25.97,81.73,1.06
2022-05-25 22:00:00,0.0,0.0,25.55,82.7,1.13
2022-05-25 23:00:00,0.0,0.0,25.18,83.48,1.27
2022-05-26 00:00:00,0.0,0.0,24.83,84.18,1.52
2022-05-26 01:00:00,0.0,0.0,24.51,85.17,1.87
2022-05-26 02:00:00,0.0,0.0,24.15,86.99,2.14
2022-05-26 03:00:00,0.0,0.0,23.8,89.17,2.28
2022-05-26 04:00:00,0.0,0.0,23.5,91.22,2.34
2022-05-26 05:00:00,0.0,0.0,23.27,92.94,2.33
2022-05-26 06:00:00,94.95,97.05,23.79,90.88,2.74
2022-05-26 07:00:00,286.23,292.95,25.81,80.51,3.01
2022-05-26 08:00:00,514.22,515.1,28.41,67.12,3.49
2022-05-26 09:00:00,706.2,709.17,30.28,60.18,3.27
2022-05-26 10:00:00,824.0,850.22,31.63,56.28,2.64
2022-05-26 11:00:00,869.7,921.4,32.65,53.64,2.03
2022-05-26 12:00:00,863.4,891.33,33.25,52.1,1.63
2022-05-26 13:00:00,739.38,816.7,33.42,51.66,1.45
2022-05-26 14:00:00,616.45,675.4,33.25,51.81,1.53
2022-05-26 15:00:00,406.55,484.42,32.66,53.45,1.74
2022-05-26 16:00:00,217.38,269.98,31.34,60.06,1.72
2022-05-26 17:00:00,69.57,85.55,29.79,69.51,1.66
2022-05-26 18:00:00,0.0,0.0,28.05,77.62,1.63
2022-05-26 19:00:00,0.0,0.0,27.34,79.06,2.26
2022-05-26 20:00:00,0.0,0.0,26.82,81.38,2.6
2022-05-26 21:00:00,0.0,0.0,26.36,84.1,2.63
2022-05-26 22:00:00,0.0,0.0,25.97,86.45,2.68
2022-05-26 23:00:00,0.0,0.0,25.63,88.53,2.66
2022-05-27 00:00:00,0.0,0.0,25.29,90.39,2.66
2022-05-27 01:00:00,0.0,0.0,24.96,91.99,2.62
2022-05-27 02:00:00,0.0,0.0,24.65,93.32,2.57
2022-05-27 03:00:00,0.0,0.0,24.37,94.22,2.6
2022-05-27 04:00:00,0.0,0.0,24.13,94.6,2.56
2022-05-27 05:00:00,0.0,0.0,23.91,94.83,2.36
2022-05-27 06:00:00,82.47,87.8,24.11,93.13,2.39
2022-05-27 07:00:00,226.88,270.7,24.81,87.23,2.57
2022-05-27 08:00:00,413.85,488.48,25.89,79.44,2.82
2022-05-27 09:00:00,612.6,682.0,27.51,71.01,3.06
2022-05-27 10:00:00,747.1,824.38,29.13,66.07,2.97
2022-05-27 11:00:00,802.12,906.58,30.28,63.16,2.86
2022-05-27 12:00:00,847.22,927.08,31.25,60.55,2.75
2022-05-27 13:00:00,769.42,855.25,31.96,58.56,2.42
2022-05-27 14:00:00,668.67,715.97,32.3,57.33,2.01
2022-05-27 15:00:00,489.02,525.67,32.11,57.5,1.63
2022-05-27 16:00:00,279.88,303.5,31.4,60.19,1.22
2022-05-27 17:00:00,92.15,98.72,30.43,66.48,0.88
2022-05-27 18:00:00,0.0,0.0,28.74,77.24,0.62
2022-05-27 19:00:00,0.0,0.0,28.02,78.78,0.69
2022-05-27 20:00:00,0.0,0.0,27.42,80.84,0.78
2022-05-27 21:00:00,0.0,0.0,26.82,82.71,0.85
2022-05-27 22:00:00,0.0,0.0,26.29,84.25,0.88
2022-05-27 23:00:00,0.0,0.0,25.83,86.35,0.89
2022-05-28 00:00:00,0.0,0.0,25.45,87.35,0.93
2022-05-28 01:00:00,0.0,0.0,25.11,88.34,1.0
2022-05-28 02:00:00,0.0,0.0,24.79,89.55,1.07
2022-05-28 03:00:00,0.0,0.0,24.48,90.96,1.12
2022-05-28 04:00:00,0.0,0.0,24.23,92.19,1.2
2022-05-28 05:00:00,0.0,0.0,24.0,93.65,1.28
2022-05-28 06:00:00,96.4,101.82,24.51,91.57,2.13
2022-05-28 07:00:00,292.75,303.25,25.93,84.42,2.51
2022-05-28 08:00:00,505.2,527.3,28.34,72.01,3.08
2022-05-28 09:00:00,699.35,721.3,30.55,62.57,3.2
2022-05-28 10:00:00,844.85,860.05,32.1,57.07,2.9
2022-05-28 11:00:00,932.12,934.05,33.15,53.57,2.56
2022-05-28 12:00:00,941.7,946.55,33.96,50.81,2.24
2022-05-28 13:00:00,820.53,874.25,34.34,49.16,1.99
2022-05-28 14:00:00,703.75,736.42,34.28,48.68,1.86
2022-05-28 15:00:00,508.75,545.4,33.81,49.45,1.87
2022-05-28 16:00:00,294.15,321.12,32.91,52.5,1.94
2022-05-28 17:00:00,99.5,107.88,31.0,64.62,1.51
2022-05-28 18:00:00,0.0,0.0,29.07,72.49,1.55
2022-05-28 19:00:00,0.0,0.0,28.33,73.33,2.29
2022-05-28 20:00:00,0.0,0.0,27.65,76.05,2.68
2022-05-28 21:00:00,0.0,0.0,27.06,78.97,2.7
2022-05-28 22:00:00,0.0,0.0,26.62,81.27,2.6
2022-05-28 23:00:00,0.0,0.0,26.19,83.65,2.37
2022-05-29 00:00:00,0.0,0.0,25.81,85.87,2.14
2022-05-29 01:00:00,0.0,0.0,25.47,87.75,1.99
2022-05-29 02:00:00,0.0,0.0,25.16,89.55,1.88
2022-05-29 03:00:00,0.0,0.0,24.91,91.05,1.92
2022-05-29 04:00:00,0.0,0.0,24.68,92.4,2.02
2022-05-29 05:00:00,0.0,0.0,24.5,93.31,2.11
2022-05-29 06:00:00,105.35,108.0,24.95,90.95,2.71
2022-05-29 07:00:00,308.6,316.62,26.3,83.22,3.26
2022-05-29 08:00:00,534.85,541.25,28.15,72.76,4.08
2022-05-29 09:00:00,609.78,732.33,29.84,64.8,4.21
2022-05-29 10:00:00,477.73,870.47,30.91,60.71,4.03
2022-05-29 11:00:00,654.38,942.6,31.61,58.32,3.82
2022-05-29 12:00:00,689.7,945.9,32.09,56.58,3.61
2022-05-29 13:00:00,620.58,874.97,32.15,55.95,3.33
2022-05-29 14:00:00,532.15,735.78,32.1,55.78,3.05
2022-05-29 15:00:00,426.15,541.28,31.85,56.39,2.79
2022-05-29 16:00:00,259.1,315.3,31.29,58.84,2.44
2022-05-29 17:00:00,96.43,104.53,29.89,69.73,1.45
2022-05-29 18:00:00,0.0,0.0,27.87,78.42,1.15
2022-05-29 19:00:00,0.0,0.0,27.2,79.54,1.28
2022-05-29 20:00:00,0.0,0.0,26.73,80.8,1.35
2022-05-29 21:00:00,0.0,0.0,26.31,82.27,1.39
2022-05-29 22:00:00,0.0,0.0,25.91,83.93,1.36
2022-05-29 23:00:00,0.0,0.0,25.54,85.48,1.33
2022-05-30 00:00:00,0.0,0.0,25.22,86.98,1.32
2022-05-30 01:00:00,0.0,0.0,24.88,88.81,1.33
2022-05-30 02:00:00,0.0,0.0,24.56,90.91,1.33
2022-05-30 03:00:00,0.0,0.0,24.26,93.08,1.39
2022-05-30 04:00:00,0.0,0.0,23.98,95.21,1.4
2022-05-30 05:00:00,0.0,0.0,23.77,96.73,1.34
2022-05-30 06:00:00,82.3,104.22,24.69,92.54,2.25
2022-05-30 07:00:00,243.62,309.1,26.45,83.59,2.58
2022-05-30 08:00:00,445.5,534.1,28.58,72.5,2.85
2022-05-30 09:00:00,559.78,726.35,30.3,64.31,2.69
2022-05-30 10:00:00,658.67,862.5,31.49,60.01,2.4
2022-05-30 11:00:00,742.62,932.65,32.29,57.36,2.06
2022-05-30 12:00:00,696.88,921.17,32.72,55.85,1.75
2022-05-30 13:00:00,712.4,847.05,32.8,55.32,1.46
2022-05-30 14:00:00,589.17,707.88,32.61,55.59,1.31
2022-05-30 15:00:00,424.83,514.17,31.97,57.58,1.27
2022-05-30 16:00:00,242.7,293.88,31.19,62.51,1.13
2022-05-30 17:00:00,86.6,97.18,30.01,70.26,1.06
2022-05-30 18:00:00,0.0,0.0,28.32,79.98,0.92
2022-05-30 19:00:00,0.0,0.0,27.69,79.44,1.27
2022-05-30 20:00:00,0.0,0.0,27.3,79.46,1.62
2022-05-30 21:00:00,0.0,0.0,26.96,80.4,1.78
2022-05-30 22:00:00,0.0,0.0,26.63,81.96,1.72
2022-05-30 23:00:00,0.0,0.0,26.3,83.61,1.59
2022-05-31 00:00:00,0.0,0.0,25.99,85.12,1.46
2022-05-31 01:00:00,0.0,0.0,25.71,86.5,1.32
2022-05-31 02:00:00,0.0,0.0,25.43,87.92,1.17
2022-05-31 03:00:00,0.0,0.0,25.17,89.29,1.03
2022-05-31 04:00:00,0.0,0.0,24.94,90.7,0.92
2022-05-31 05:00:00,0.0,0.0,24.68,92.32,0.87
2022-05-31 06:00:00,86.57,102.47,25.29,89.81,1.64
2022-05-31 07:00:00,254.0,306.5,26.8,81.97,2.3
2022-05-31 08:00:00,436.1,529.53,28.89,71.21,2.93
2022-05-31 09:00:00,639.17,720.8,30.34,64.83,2.8
2022-05-31 10:00:00,764.92,858.72,31.24,61.44,2.5
2022-05-31 11:00:00,861.38,929.95,31.92,59.06,2.09
2022-05-31 12:00:00,815.95,911.03,32.2,58.03,1.91
2022-05-31 13:00:00,791.0,838.72,32.28,57.76,1.86
2022-05-31 14:00:00,641.97,701.25,31.68,59.59,1.9
2022-05-31 15:00:00,435.9,506.88,31.05,61.85,1.85
2022-05-31 16:00:00,240.68,286.48,30.25,66.26,1.66
2022-05-31 17:00:00,79.9,92.93,29.02,75.1,1.3
2022-05-31 18:00:00,0.0,0.0,27.32,85.4,0.94
2022-05-31 19:00:00,0.0,0.0,26.66,86.32,1.12
2022-05-31 20:00:00,0.0,0.0,26.28,86.71,1.34
2022-05-31 21:00:00,0.0,0.0,26.0,87.16,1.52
2022-05-31 22:00:00,0.0,0.0,25.71,88.02,1.6
2022-05-31 23:00:00,0.0,0.0,25.46,88.83,1.63
2022-06-01 00:00:00,0.0,0.0,25.23,89.76,1.66
2022-06-01 01:00:00,0.0,0.0,25.04,90.63,1.68
2022-06-01 02:00:00,0.0,0.0,24.83,91.8,1.58
2022-06-01 03:00:00,0.0,0.0,24.62,92.94,1.5
2022-06-01 04:00:00,0.0,0.0,24.4,94.09,1.4
2022-06-01 05:00:00,0.0,0.0,24.23,94.91,1.31
2022-06-01 06:00:00,76.85,98.03,24.68,92.92,1.85
2022-06-01 07:00:00,217.05,300.33,25.56,89.18,1.93
2022-06-01 08:00:00,375.98,521.83,27.29,79.35,2.53
2022-06-01 09:00:00,551.03,712.35,28.79,71.46,2.69
2022-06-01 10:00:00,732.08,847.55,29.84,66.29,2.57
2022-06-01 11:00:00,811.72,920.72,30.67,62.09,2.46
2022-06-01 12:00:00,842.6,942.05,31.26,59.08,2.23
2022-06-01 13:00:00,812.75,869.65,31.55,57.33,1.96
2022-06-01 14:00:00,627.55,731.35,31.44,57.18,1.75
2022-06-01 15:00:00,484.5,539.88,31.16,57.76,1.72
2022-06-01 16:00:00,275.17,315.62,30.62,60.37,1.7
2022-06-01 17:00:00,95.57,107.07,29.4,69.62,1.27
2022-06-01 18:00:00,0.0,0.0,27.53,79.16,0.97
2022-06-01 19:00:00,0.0,0.0,26.9,79.46,1.15
2022-06-01 20:00:00,0.0,0.0,26.5,79.85,1.34
2022-06-01 21:00:00,0.0,0.0,26.16,80.43,1.54
2022-06-01 22:00:00,0.0,0.0,25.86,81.27,1.77
2022-06-01 23:00:00,0.0,0.0,25.59,82.36,1.97
2022-06-02 00:00:00,0.0,0.0,25.28,84.23,2.04
2022-06-02 01:00:00,0.0,0.0,24.94,86.6,1.97
2022-06-02 02:00:00,0.0,0.0,24.64,88.99,1.83
2022-06-02 03:00:00,0.0,0.0,24.38,90.96,1.73
2022-06-02 04:00:00,0.0,0.0,24.17,92.39,1.69
2022-06-02 05:00:00,0.0,0.0,24.0,93.42,1.72
2022-06-02 06:00:00,108.28,108.8,24.57,90.62,2.44
2022-06-02 07:00:00,312.42,317.58,26.16,82.84,2.83
2022-06-02 08:00:00,529.62,539.55,28.55,70.68,3.53
2022-06-02 09:00:00,725.5,728.6,30.49,62.12,3.42
2022-06-02 10:00:00,844.8,865.03,32.13,56.37,3.04
2022-06-02 11:00:00,916.9,936.28,33.28,52.71,2.63
2022-06-02 12:00:00,938.83,947.8,33.83,50.91,2.35
2022-06-02 13:00:00,835.78,877.62,34.17,49.86,2.24
2022-06-02 14:00:00,725.3,741.25,34.09,49.99,2.19
2022-06-02 15:00:00,534.88,551.95,33.6,51.27,2.23
2022-06-02 16:00:00,315.98,328.75,32.42,56.5,2.02
2022-06-02 17:00:00,111.7,115.28,30.69,67.69,1.52
2022-06-02 18:00:00,0.0,0.0,28.81,74.08,1.44
2022-06-02 19:00:00,0.0,0.0,28.19,75.41,1.67
2022-06-02 20:00:00,0.0,0.0,27.7,77.14,1.73
2022-06-02 21:00:00,0.0,0.0,27.21,79.17,1.67
2022-06-02 22:00:00,0.0,0.0,26.82,80.68,1.68
2022-06-02 23:00:00,0.0,0.0,26.48,81.8,1.81
2022-06-03 00:00:00,0.0,0.0,26.17,83.05,2.01
2022-06-03 01:00:00,0.0,0.0,25.85,84.83,2.1
2022-06-03 02:00:00,0.0,0.0,25.53,87.01,2.04
2022-06-03 03:00:00,0.0,0.0,25.18,89.53,1.81
2022-06-03 04:00:00,0.0,0.0,24.82,91.99,1.48
2022-06-03 05:00:00,0.0,0.0,24.51,93.85,1.27
2022-06-03 06:00:00,52.35,105.82,25.14,91.7,1.87
2022-06-03 07:00:00,134.95,313.58,26.38,86.24,2.01
2022-06-03 08:00:00,222.02,534.4,28.49,75.0,2.25
2022-06-03 09:00:00,329.12,723.75,30.14,66.95,2.19
2022-06-03 10:00:00,467.12,860.25,31.15,62.75,2.09
2022-06-03 11:00:00,564.47,931.1,31.59,61.02,2.07
2022-06-03 12:00:00,523.97,903.83,31.59,60.93,2.33
2022-06-03 13:00:00,447.35,833.7,31.4,61.48,2.48
2022-06-03 14:00:00,387.62,698.15,30.96,63.23,2.55
2022-06-03 15:00:00,307.12,511.7,30.23,66.43,2.49
2022-06-03 16:00:00,182.25,296.92,29.39,71.28,2.35
2022-06-03 17:00:00,73.1,100.1,28.19,78.76,1.9
2022-06-03 18:00:00,0.0,0.0,27.12,83.66,1.8
2022-06-03 19:00:00,0.0,0.0,26.66,85.57,1.98
2022-06-03 20:00:00,0.0,0.0,26.25,87.5,1.91
2022-06-03 21:00:00,0.0,0.0,25.84,89.53,1.61
2022-06-03 22:00:00,0.0,0.0,25.41,91.67,1.23
2022-06-03 23:00:00,0.0,0.0,25.08,93.18,1.04
2022-06-04 00:00:00,0.0,0.0,24.79,94.46,0.94
2022-06-04 01:00:00,0.0,0.0,24.52,95.49,0.91
2022-06-04 02:00:00,0.0,0.0,24.2,96.89,0.88
2022-06-04 03:00:00,0.0,0.0,23.91,98.11,0.85
2022-06-04 04:00:00,0.0,0.0,23.66,99.08,0.82
2022-06-04 05:00:00,0.0,0.0,23.47,99.6,0.81
2022-06-04 06:00:00,84.72,106.6,24.53,94.77,1.5
2022-06-04 07:00:00,234.65,316.67,26.1,86.85,2.16
2022-06-04 08:00:00,400.83,542.35,28.27,74.32,2.66
2022-06-04 09:00:00,542.1,732.47,29.96,65.28,2.96
2022-06-04 10:00:00,725.08,868.9,31.11,59.61,3.12
2022-06-04 11:00:00,834.62,938.22,31.91,55.45,3.09
2022-06-04 12:00:00,863.85,925.33,32.45,52.44,2.91
2022-06-04 13:00:00,797.7,851.53,32.8,50.39,2.7
2022-06-04 14:00:00,705.5,711.8,32.82,49.75,2.55
2022-06-04 15:00:00,517.12,519.25,32.36,50.6,2.44
2022-06-04 16:00:00,294.9,296.42,31.46,53.75,2.24
2022-06-04 17:00:00,105.4,106.03,29.92,64.11,1.58
2022-06-04 18:00:00,0.0,0.0,27.7,75.08,1.26
2022-06-04 19:00:00,0.0,0.0,26.95,76.56,1.48
2022-06-04 20:00:00,0.0,0.0,26.45,78.2,1.5
2022-06-04 21:00:00,0.0,0.0,26.01,80.06,1.36
2022-06-04 22:00:00,0.0,0.0,25.61,81.71,1.22
2022-06-04 23:00:00,0.0,0.0,25.28,82.82,1.17
2022-06-05 00:00:00,0.0,0.0,25.03,83.57,1.21
2022-06-05 01:00:00,0.0,0.0,24.73,84.82,1.28
2022-06-05 02:00:00,0.0,0.0,24.43,86.58,1.3
2022-06-05 03:00:00,0.0,0.0,24.1,89.14,1.32
2022-06-05 04:00:00,0.0,0.0,23.8,91.83,1.37
2022-06-05 05:00:00,0.0,0.0,23.53,94.43,1.42
2022-06-05 06:00:00,90.65,91.4,24.28,92.09,2.25
2022-06-05 07:00:00,272.62,276.58,26.06,84.25,2.5
2022-06-05 08:00:00,483.65,491.92,28.86,69.38,3.09
2022-06-05 09:00:00,670.58,683.08,30.8,60.73,3.01
2022-06-05 10:00:00,802.8,822.17,31.9,56.75,2.84
2022-06-05 11:00:00,853.97,895.75,32.53,54.33,2.75
2022-06-05 12:00:00,790.62,901.58,32.82,52.98,2.66
2022-06-05 13:00:00,749.42,830.12,32.72,52.93,2.55
2022-06-05 14:00:00,616.62,691.8,32.37,53.84,2.46
2022-06-05 15:00:00,440.45,500.95,31.65,56.03,2.43
2022-06-05 16:00:00,227.2,282.55,30.64,60.53,2.41
2022-06-05 17:00:00,73.55,94.68,29.12,70.49,1.91
2022-06-05 18:00:00,0.0,0.0,27.44,78.76,1.72
2022-06-05 19:00:00,0.0,0.0,26.83,80.32,2.03
2022-06-05 20:00:00,0.0,0.0,26.39,81.79,2.12
2022-06-05 21:00:00,0.0,0.0,26.03,83.07,2.1
2022-06-05 22:00:00,0.0,0.0,25.75,84.08,2.12
2022-06-05 23:00:00,0.0,0.0,25.49,85.09,2.19
2022-06-06 00:00:00,0.0,0.0,25.22,86.27,2.25
2022-06-06 01:00:00,0.0,0.0,24.95,87.73,2.24
2022-06-06 02:00:00,0.0,0.0,24.68,89.28,2.14
2022-06-06 03:00:00,0.0,0.0,24.43,90.69,2.07
2022-06-06 04:00:00,0.0,0.0,24.21,91.93,2.02
2022-06-06 05:00:00,0.0,0.0,24.01,93.08,1.97
2022-06-06 06:00:00,45.75,92.18,24.31,91.73,2.36
2022-06-06 07:00:00,139.35,288.52,25.35,86.7,2.84
2022-06-06 08:00:00,295.83,509.6,26.73,79.45,3.43
2022-06-06 09:00:00,546.85,703.2,27.93,74.07,3.4
2022-06-06 10:00:00,751.42,839.08,28.66,71.49,3.07
2022-06-06 11:00:00,810.22,911.45,29.0,70.57,2.75
2022-06-06 12:00:00,849.03,932.25,29.07,70.6,2.48
2022-06-06 13:00:00,724.58,861.25,28.98,71.08,2.25
2022-06-06 14:00:00,637.95,725.67,28.67,72.46,2.04
2022-06-06 15:00:00,422.5,538.05,28.07,76.17,1.92
2022-06-06 16:00:00,237.43,318.23,27.29,81.84,1.57
2022-06-06 17:00:00,86.62,112.62,26.36,87.16,1.35
2022-06-06 18:00:00,0.0,0.0,25.36,92.0,1.07
2022-06-06 19:00:00,0.0,0.0,24.92,92.47,1.22
2022-06-06 20:00:00,0.0,0.0,24.58,92.54,1.42
2022-06-06 21:00:00,0.0,0.0,24.24,92.97,1.59
2022-06-06 22:00:00,0.0,0.0,23.94,93.62,1.62
2022-06-06 23:00:00,0.0,0.0,23.61,94.72,1.43
2022-06-07 00:00:00,0.0,0.0,23.34,95.68,1.1
2022-06-07 01:00:00,0.0,0.0,23.06,96.49,0.82
2022-06-07 02:00:00,0.0,0.0,22.79,96.98,0.62
2022-06-07 03:00:00,0.0,0.0,22.68,96.5,0.53
2022-06-07 04:00:00,0.0,0.0,22.79,95.21,0.36
2022-06-07 05:00:00,0.0,0.0,22.61,95.56,0.31
2022-06-07 06:00:00,73.65,102.88,23.32,94.49,0.76
2022-06-07 07:00:00,205.27,308.05,24.95,85.0,1.06
2022-06-07 08:00:00,351.58,527.78,26.85,72.25,1.04
2022-06-07 09:00:00,479.08,719.95,28.19,63.81,0.84
2022-06-07 10:00:00,597.42,854.12,29.03,59.67,0.67
2022-06-07 11:00:00,774.58,925.55,29.82,56.97,0.8
2022-06-07 12:00:00,843.05,943.95,30.46,55.03,1.0
2022-06-07 13:00:00,775.5,873.5,30.89,53.58,1.13
2022-06-07 14:00:00,672.6,737.97,31.03,52.84,1.25
2022-06-07 15:00:00,500.33,549.33,30.88,53.09,1.14
2022-06-07 16:00:00,272.15,326.67,30.41,54.6,0.94
2022-06-07 17:00:00,97.4,116.2,29.64,59.42,0.73
2022-06-07 18:00:00,0.0,0.0,28.33,66.97,0.61
2022-06-07 19:00:00,0.0,0.0,27.71,67.99,0.57
2022-06-07 20:00:00,0.0,0.0,27.49,66.98,0.5
2022-06-07 21:00:00,0.0,0.0,27.19,68.15,0.4
2022-06-07 22:00:00,0.0,0.0,26.68,69.83,0.45
2022-06-07 23:00:00,0.0,0.0,26.05,72.32,0.65
2022-06-08 00:00:00,0.0,0.0,25.12,78.0,0.74
2022-06-08 01:00:00,0.0,0.0,24.51,82.64,0.76
2022-06-08 02:00:00,0.0,0.0,24.18,84.27,0.8
2022-06-08 03:00:00,0.0,0.0,23.93,85.39,0.8
2022-06-08 04:00:00,0.0,0.0,23.71,86.6,0.77
2022-06-08 05:00:00,0.0,0.0,23.47,87.84,0.75
2022-06-08 06:00:00,66.1,92.25,24.27,83.96,1.24
2022-06-08 07:00:00,191.05,289.0,25.41,77.47,1.49
2022-06-08 08:00:00,346.05,508.08,27.67,68.69,0.99
2022-06-08 09:00:00,540.03,694.58,29.86,58.52,0.7
2022-06-08 10:00:00,771.45,834.47,30.92,54.91,0.62
2022-06-08 11:00:00,858.5,909.67,31.86,51.85,0.5
2022-06-08 12:00:00,906.25,945.15,32.59,49.33,0.25
2022-06-08 13:00:00,819.53,875.83,33.17,46.77,0.29
2022-06-08 14:00:00,565.25,742.62,33.31,45.91,0.75
2022-06-08 15:00:00,380.62,554.5,32.95,47.23,1.27
2022-06-08 16:00:00,229.68,330.45,32.15,51.73,1.59
2022-06-08 17:00:00,101.07,120.0,30.49,62.37,1.51
2022-06-08 18:00:00,0.0,0.0,27.62,74.88,1.23
2022-06-08 19:00:00,0.0,0.0,26.74,75.29,1.59
2022-06-08 20:00:00,0.0,0.0,26.24,76.57,1.83
2022-06-08 21:00:00,0.0,0.0,25.75,78.95,1.81
2022-06-08 22:00:00,0.0,0.0,25.28,81.58,1.66
2022-06-08 23:00:00,0.0,0.0,24.87,83.67,1.56
2022-06-09 00:00:00,0.0,0.0,24.51,85.44,1.49
2022-06-09 01:00:00,0.0,0.0,24.13,87.3,1.4
2022-06-09 02:00:00,0.0,0.0,23.8,89.01,1.32
2022-06-09 03:00:00,0.0,0.0,23.51,90.45,1.31
2022-06-09 04:00:00,0.0,0.0,23.18,92.11,1.32
2022-06-09 05:00:00,0.0,0.0,22.83,93.92,1.35
2022-06-09 06:00:00,104.75,105.72,23.75,90.1,2.37
2022-06-09 07:00:00,306.05,308.4,25.58,82.99,2.3
2022-06-09 08:00:00,532.17,534.9,29.04,65.06,3.08
2022-06-09 09:00:00,722.22,723.9,30.97,57.92,2.94
2022-06-09 10:00:00,857.95,859.42,32.32,54.0,2.68
2022-06-09 11:00:00,915.17,926.92,33.33,51.51,2.43
2022-06-09 12:00:00,873.0,904.47,34.0,50.09,2.23
2022-06-09 13:00:00,770.03,832.08,34.28,49.6,2.06
2022-06-09 14:00:00,633.47,692.85,34.12,50.14,1.94
2022-06-09 15:00:00,469.7,501.2,33.58,51.66,1.85
2022-06-09 16:00:00,271.17,290.05,32.69,54.75,1.79
2022-06-09 17:00:00,89.62,93.53,31.14,64.69,1.4
2022-06-09 18:00:00,2.88,2.95,28.9,76.11,1.13
2022-06-09 19:00:00,0.0,0.0,28.02,76.97,1.49
2022-06-09 20:00:00,0.0,0.0,27.43,78.57,1.77
2022-06-09 21:00:00,0.0,0.0,26.9,80.74,1.86
2022-06-09 22:00:00,0.0,0.0,26.46,82.65,1.87
2022-06-09 23:00:00,0.0,0.0,26.07,84.28,1.92
2022-06-10 00:00:00,0.0,0.0,25.75,85.66,2.06
2022-06-10 01:00:00,0.0,0.0,25.44,87.17,2.16
2022-06-10 02:00:00,0.0,0.0,25.11,89.1,2.21
2022-06-10 03:00:00,0.0,0.0,24.82,91.04,2.23
2022-06-10 04:00:00,0.0,0.0,24.53,92.96,2.19
2022-06-10 05:00:00,0.0,0.0,24.29,94.5,2.12
2022-06-10 06:00:00,23.88,86.7,24.59,93.37,2.44
2022-06-10 07:00:00,78.95,271.67,25.5,89.79,2.57
2022-06-10 08:00:00,192.88,483.55,27.2,80.69,3.2
2022-06-10 09:00:00,289.33,671.75,28.64,73.21,3.5
2022-06-10 10:00:00,378.35,807.33,29.54,68.8,3.38
2022-06-10 11:00:00,647.85,873.12,29.99,66.75,3.13
2022-06-10 12:00:00,895.1,907.47,30.29,65.43,2.94
2022-06-10 13:00:00,828.58,836.83,30.29,65.07,2.8
2022-06-10 14:00:00,695.12,702.5,30.1,65.58,2.76
2022-06-10 15:00:00,507.4,516.0,29.68,67.24,2.6
2022-06-10 16:00:00,291.3,298.75,28.96,71.54,2.23
2022-06-10 17:00:00,96.32,97.15,27.81,80.63,1.45
2022-06-10 18:00:00,3.03,3.05,26.53,86.86,1.18
2022-06-10 19:00:00,0.0,0.0,26.08,88.27,1.33
2022-06-10 20:00:00,0.0,0.0,25.72,89.5,1.43
2022-06-10 21:00:00,0.0,0.0,25.4,90.77,1.45
2022-06-10 22:00:00,0.0,0.0,25.08,92.19,1.38
2022-06-10 23:00:00,0.0,0.0,24.8,93.43,1.37
2022-06-11 00:00:00,0.0,0.0,24.53,94.7,1.38
2022-06-11 01:00:00,0.0,0.0,24.24,96.07,1.26
2022-06-11 02:00:00,0.0,0.0,24.0,97.22,1.12
2022-06-11 03:00:00,0.0,0.0,23.84,97.69,1.02
2022-06-11 04:00:00,0.0,0.0,23.69,98.08,0.94
2022-06-11 05:00:00,0.0,0.0,23.55,98.43,0.89
2022-06-11 06:00:00,88.45,90.15,24.43,94.08,1.56
2022-06-11 07:00:00,260.5,278.23,25.69,87.85,2.19
2022-06-11 08:00:00,444.75,493.48,27.3,79.4,2.6
2022-06-11 09:00:00,566.33,681.38,28.59,73.09,2.6
2022-06-11 10:00:00,654.03,817.97,29.55,68.5,2.66
2022-06-11 11:00:00,449.83,893.92,30.26,65.19,2.75
2022-06-11 12:00:00,460.27,893.15,30.55,63.5,2.78
2022-06-11 13:00:00,447.85,824.15,30.53,62.86,2.71
2022-06-11 14:00:00,390.45,688.35,30.4,62.86,2.51
2022-06-11 15:00:00,265.55,504.17,29.81,64.87,2.22
2022-06-11 16:00:00,135.18,293.5,29.03,69.0,1.93
2022-06-11 17:00:00,40.25,94.9,27.85,77.27,1.26
2022-06-11 18:00:00,2.1,3.1,26.73,85.8,0.87
2022-06-11 19:00:00,0.0,0.0,26.11,90.29,0.86
2022-06-11 20:00:00,0.0,0.0,25.62,92.3,1.07
2022-06-11 21:00:00,0.0,0.0,25.23,93.52,1.44
2022-06-11 22:00:00,0.0,0.0,24.95,94.8,1.84
2022-06-11 23:00:00,0.0,0.0,24.62,95.15,2.29
2022-06-12 00:00:00,0.0,0.0,24.17,94.66,2.61
2022-06-12 01:00:00,0.0,0.0,23.68,94.1,2.4
2022-06-12 02:00:00,0.0,0.0,23.22,94.43,1.99
2022-06-12 03:00:00,0.0,0.0,22.97,95.31,1.79
2022-06-12 04:00:00,0.0,0.0,22.83,96.3,1.5
2022-06-12 05:00:00,0.0,0.0,22.8,96.99,1.31
2022-06-12 06:00:00,53.55,87.07,23.56,94.54,2.08
2022-06-12 07:00:00,163.93,275.35,24.77,90.58,2.64
2022-06-12 08:00:00,296.7,491.17,26.28,81.18,3.18
2022-06-12 09:00:00,490.48,679.78,27.9,70.81,3.17
2022-06-12 10:00:00,630.38,811.72,29.25,64.89,2.81
2022-06-12 11:00:00,664.33,887.4,30.16,62.14,2.3
2022-06-12 12:00:00,715.45,908.53,30.63,60.68,1.88
2022-06-12 13:00:00,677.72,837.8,30.75,60.08,1.77
2022-06-12 14:00:00,548.72,701.65,30.55,60.46,1.86
2022-06-12 15:00:00,419.73,513.38,29.93,63.22,1.79
2022-06-12 16:00:00,241.27,295.38,29.28,67.4,1.53
2022-06-12 17:00:00,85.32,96.15,28.37,74.02,1.13
2022-06-12 18:00:00,3.1,3.15,26.92,86.1,0.63
2022-06-12 19:00:00,0.0,0.0,26.44,86.71,0.63
2022-06-12 20:00:00,0.0,0.0,26.18,86.85,0.63
2022-06-12 21:00:00,0.0,0.0,25.97,86.25,0.63
2022-06-12 22:00:00,0.0,0.0,25.77,85.35,0.64
2022-06-12 23:00:00,0.0,0.0,25.52,85.83,0.61
2022-06-13 00:00:00,0.0,0.0,25.18,86.7,0.61
2022-06-13 01:00:00,0.0,0.0,24.78,87.8,0.63
2022-06-13 02:00:00,0.0,0.0,24.31,88.94,0.65
2022-06-13 03:00:00,0.0,0.0,23.84,90.15,0.66
2022-06-13 04:00:00,0.0,0.0,23.35,91.61,0.67
2022-06-13 05:00:00,0.0,0.0,23.01,93.04,0.67
2022-06-13 06:00:00,67.18,81.95,24.05,88.88,1.38
2022-06-13 07:00:00,192.2,257.95,25.4,82.66,1.74
2022-06-13 08:00:00,355.1,472.92,28.04,69.2,1.91
2022-06-13 09:00:00,608.2,666.92,29.72,62.53,1.64
2022-06-13 10:00:00,725.4,809.72,30.74,59.31,1.25
2022-06-13 11:00:00,754.12,888.72,31.47,57.11,0.9
2022-06-13 12:00:00,824.88,901.4,31.92,55.31,0.41
2022-06-13 13:00:00,679.53,837.75,32.43,52.24,0.34
2022-06-13 14:00:00,517.42,701.03,32.67,50.1,0.82
2022-06-13 15:00:00,353.98,514.55,32.41,50.65,0.95
2022-06-13 16:00:00,231.32,298.0,31.77,54.61,0.9
2022-06-13 17:00:00,86.12,97.7,30.96,58.69,0.88
2022-06-13 18:00:00,3.22,3.22,28.91,72.63,0.69
2022-06-13 19:00:00,0.0,0.0,27.81,74.92,0.8
2022-06-13 20:00:00,0.0,0.0,27.02,77.82,0.82
2022-06-13 21:00:00,0.0,0.0,26.53,79.83,0.82
2022-06-13 22:00:00,0.0,0.0,26.18,81.37,0.8
2022-06-13 23:00:00,0.0,0.0,25.81,82.54,0.85
2022-06-14 00:00:00,0.0,0.0,25.44,82.79,1.05
2022-06-14 01:00:00,0.0,0.0,25.14,82.67,1.33
2022-06-14 02:00:00,0.0,0.0,24.86,83.34,1.47
2022-06-14 03:00:00,0.0,0.0,24.5,85.26,1.36
2022-06-14 04:00:00,0.0,0.0,24.2,86.91,1.31
2022-06-14 05:00:00,0.0,0.0,23.97,87.96,1.52
2022-06-14 06:00:00,20.33,77.62,24.42,86.25,2.35
2022-06-14 07:00:00,77.53,253.65,25.89,80.18,2.63
2022-06-14 08:00:00,155.27,460.92,28.49,68.45,3.36
2022-06-14 09:00:00,440.73,648.97,30.51,60.78,3.43
2022-06-14 10:00:00,588.65,786.38,31.49,57.67,3.06
2022-06-14 11:00:00,764.67,864.4,31.98,55.96,2.67
2022-06-14 12:00:00,863.6,900.67,32.09,55.28,2.27
2022-06-14 13:00:00,795.72,833.42,31.95,55.6,1.91
2022-06-14 14:00:00,677.12,699.53,31.44,57.24,1.69
2022-06-14 15:00:00,466.62,513.42,30.69,60.47,1.71
2022-06-14 16:00:00,273.33,298.3,29.86,66.34,1.56
2022-06-14 17:00:00,95.32,98.35,28.6,74.94,1.35
2022-06-14 18:00:00,3.4,3.4,27.17,80.77,1.25
2022-06-14 19:00:00,0.0,0.0,26.57,81.88,1.64
2022-06-14 20:00:00,0.0,0.0,26.17,82.86,2.08
2022-06-14 21:00:00,0.0,0.0,25.85,84.18,2.34
2022-06-14 22:00:00,0.0,0.0,25.54,85.95,2.24
2022-06-14 23:00:00,0.0,0.0,25.24,87.86,2.06
2022-06-15 00:00:00,0.0,0.0,24.95,89.74,1.85
2022-06-15 01:00:00,0.0,0.0,24.61,91.89,1.56
2022-06-15 02:00:00,0.0,0.0,24.31,93.83,1.4
2022-06-15 03:00:00,0.0,0.0,24.05,95.42,1.21
2022-06-15 04:00:00,0.0,0.0,23.78,96.8,0.93
2022-06-15 05:00:00,0.0,0.0,23.63,97.52,0.82
2022-06-15 06:00:00,60.67,84.3,24.55,93.5,1.61
2022-06-15 07:00:00,173.65,269.1,25.9,86.74,2.03
2022-06-15 08:00:00,307.15,482.73,27.72,76.86,2.53
2022-06-15 09:00:00,407.02,675.85,29.23,69.33,2.7
2022-06-15 10:00:00,322.17,817.8,30.26,65.03,2.56
2022-06-15 11:00:00,456.85,895.15,30.8,62.72,2.27
2022-06-15 12:00:00,502.45,922.62,30.91,61.38,2.1
2022-06-15 13:00:00,438.6,855.78,30.69,61.78,2.11
2022-06-15 14:00:00,306.15,724.95,30.03,65.03,1.98
2022-06-15 15:00:00,291.12,544.3,29.29,68.95,1.71
2022-06-15 16:00:00,158.57,327.85,28.48,75.55,1.08
2022-06-15 17:00:00,52.35,112.43,27.64,79.9,0.86
2022-06-15 18:00:00,2.65,3.6,26.78,88.87,0.46
2022-06-15 19:00:00,0.0,0.0,26.26,92.55,0.36
2022-06-15 20:00:00,0.0,0.0,26.0,91.03,0.41
2022-06-15 21:00:00,0.0,0.0,25.78,90.19,0.28
2022-06-15 22:00:00,0.0,0.0,25.4,92.97,0.09
2022-06-15 23:00:00,0.0,0.0,25.05,94.94,0.17
2022-06-16 00:00:00,0.0,0.0,24.75,95.88,0.26
2022-06-16 01:00:00,0.0,0.0,24.55,96.56,0.36
2022-06-16 02:00:00,0.0,0.0,24.41,96.8,0.72
2022-06-16 03:00:00,0.0,0.0,24.29,97.01,1.16
2022-06-16 04:00:00,0.0,0.0,24.13,96.94,1.37
2022-06-16 05:00:00,0.0,0.0,23.96,97.02,1.41
2022-06-16 06:00:00,20.67,96.55,24.05,95.7,1.92
2022-06-16 07:00:00,69.72,298.88,24.34,94.1,2.48
2022-06-16 08:00:00,190.68,513.08,24.82,91.82,2.92
2022-06-16 09:00:00,219.25,694.4,25.6,87.94,3.24
2022-06-16 10:00:00,465.35,832.03,26.83,81.01,3.54
2022-06-16 11:00:00,638.15,899.28,27.91,74.46,3.54
2022-06-16 12:00:00,591.62,905.22,28.59,70.65,3.2
2022-06-16 13:00:00,564.95,835.4,28.89,68.84,2.71
2022-06-16 14:00:00,453.23,700.9,28.9,68.3,2.18
2022-06-16 15:00:00,298.95,508.02,28.59,69.24,1.81
2022-06-16 16:00:00,159.05,291.0,28.02,72.05,1.58
2022-06-16 17:00:00,58.2,96.38,27.11,78.56,1.16
2022-06-16 18:00:00,2.45,3.45,25.63,88.75,0.76
2022-06-16 19:00:00,0.0,0.0,24.91,90.36,0.91
2022-06-16 20:00:00,0.0,0.0,24.47,90.19,1.3
2022-06-16 21:00:00,0.0,0.0,24.09,90.13,1.91
2022-06-16 22:00:00,0.0,0.0,23.68,91.5,2.33
2022-06-16 23:00:00,0.0,0.0,23.29,93.44,2.3
2022-06-17 00:00:00,0.0,0.0,22.98,94.99,2.03
2022-06-17 01:00:00,0.0,0.0,22.71,96.15,1.64
2022-06-17 02:00:00,0.0,0.0,22.49,96.77,1.41
2022-06-17 03:00:00,0.0,0.0,22.29,97.48,1.27
2022-06-17 04:00:00,0.0,0.0,22.19,97.68,1.31
2022-06-17 05:00:00,0.0,0.0,22.21,97.54,1.46
2022-06-17 06:00:00,81.35,84.47,23.17,93.99,2.43
2022-06-17 07:00:00,250.75,267.48,24.69,88.25,3.03
2022-06-17 08:00:00,467.98,486.23,26.4,80.27,3.39
2022-06-17 09:00:00,641.42,678.83,27.92,72.46,3.61
2022-06-17 10:00:00,755.25,821.55,29.08,65.81,3.61
2022-06-17 11:00:00,838.95,898.0,29.81,61.54,3.39
2022-06-17 12:00:00,841.85,916.47,30.29,59.01,3.09
2022-06-17 13:00:00,614.05,849.78,30.48,57.81,2.69
2022-06-17 14:00:00,534.17,717.88,30.31,57.96,2.22
2022-06-17 15:00:00,405.95,534.38,29.88,59.29,1.71
2022-06-17 16:00:00,251.23,318.05,29.26,61.87,1.28
2022-06-17 17:00:00,79.95,108.65,28.42,68.25,0.84
2022-06-17 18:00:00,2.8,3.75,27.08,76.94,0.6
2022-06-17 19:00:00,0.0,0.0,26.4,79.18,0.63
2022-06-17 20:00:00,0.0,0.0,26.02,80.83,0.63
2022-06-17 21:00:00,0.0,0.0,25.74,81.99,0.6
2022-06-17 22:00:00,0.0,0.0,25.59,82.3,0.54
2022-06-17 23:00:00,0.0,0.0,25.32,83.31,0.5
2022-06-18 00:00:00,0.0,0.0,24.87,85.81,0.5
2022-06-18 01:00:00,0.0,0.0,24.32,89.25,0.51
2022-06-18 02:00:00,0.0,0.0,23.85,92.06,0.51
2022-06-18 03:00:00,0.0,0.0,23.5,93.82,0.58
2022-06-18 04:00:00,0.0,0.0,23.2,95.18,0.7
2022-06-18 05:00:00,0.0,0.0,22.98,96.1,0.77
2022-06-18 06:00:00,30.2,80.6,23.67,93.45,1.58
2022-06-18 07:00:00,86.12,265.33,24.73,89.55,2.13
2022-06-18 08:00:00,185.9,482.1,26.06,82.64,2.66
2022-06-18 09:00:00,245.4,674.03,27.23,75.88,2.94
2022-06-18 10:00:00,388.15,816.58,28.08,70.81,3.0
2022-06-18 11:00:00,466.12,894.33,28.67,67.51,2.94
2022-06-18 12:00:00,581.47,889.78,28.49,67.9,2.86
2022-06-18 13:00:00,626.22,824.88,27.88,70.86,2.82
2022-06-18 14:00:00,525.42,688.5,27.32,73.62,2.77
2022-06-18 15:00:00,379.42,505.48,26.72,76.5,2.6
2022-06-18 16:00:00,225.0,294.75,26.1,80.7,2.15
2022-06-18 17:00:00,82.9,99.25,25.28,86.64,1.44
2022-06-18 18:00:00,3.42,3.7,24.3,92.37,0.88
2022-06-18 19:00:00,0.0,0.0,23.92,93.25,0.82
2022-06-18 20:00:00,0.0,0.0,23.65,93.49,0.8
2022-06-18 21:00:00,0.0,0.0,23.4,93.6,0.79
2022-06-18 22:00:00,0.0,0.0,23.15,93.82,0.82
2022-06-18 23:00:00,0.0,0.0,22.92,93.93,0.92
2022-06-19 00:00:00,0.0,0.0,22.71,94.16,1.09
2022-06-19 01:00:00,0.0,0.0,22.5,94.74,1.27
2022-06-19 02:00:00,0.0,0.0,22.32,95.63,1.37
2022-06-19 03:00:00,0.0,0.0,22.18,96.39,1.32
2022-06-19 04:00:00,0.0,0.0,22.08,97.06,1.21
2022-06-19 05:00:00,0.0,0.0,21.98,97.57,1.14
2022-06-19 06:00:00,59.1,82.72,22.86,94.11,1.99
2022-06-19 07:00:00,169.12,269.17,24.2,88.42,2.31
2022-06-19 08:00:00,301.65,481.02,25.96,79.13,2.65
2022-06-19 09:00:00,521.17,666.6,27.39,72.48,2.48
2022-06-19 10:00:00,637.3,796.78,28.33,69.08,1.96
2022-06-19 11:00:00,702.88,869.5,28.91,66.72,1.39
2022-06-19 12:00:00,668.4,922.95,29.39,64.43,0.98
2022-06-19 13:00:00,630.38,857.08,29.68,62.63,0.93
2022-06-19 14:00:00,556.22,727.95,29.86,61.43,1.02
2022-06-19 15:00:00,444.4,547.0,29.6,62.38,1.09
2022-06-19 16:00:00,272.05,331.95,29.09,65.26,1.05
2022-06-19 17:00:00,98.38,117.6,28.32,71.1,0.85
2022-06-19 18:00:00,3.65,4.12,26.62,83.2,0.63
2022-06-19 19:00:00,0.0,0.0,25.76,85.13,0.81
2022-06-19 20:00:00,0.0,0.0,25.25,85.96,1.03
2022-06-19 21:00:00,0.0,0.0,24.9,86.41,1.24
2022-06-19 22:00:00,0.0,0.0,24.54,87.34,1.38
2022-06-19 23:00:00,0.0,0.0,24.26,88.16,1.49
2022-06-20 00:00:00,0.0,0.0,24.01,88.97,1.57
2022-06-20 01:00:00,0.0,0.0,23.72,90.05,1.56
2022-06-20 02:00:00,0.0,0.0,23.43,91.33,1.49
2022-06-20 03:00:00,0.0,0.0,23.14,92.59,1.46
2022-06-20 04:00:00,0.0,0.0,22.82,93.9,1.39
2022-06-20 05:00:00,0.0,0.0,22.55,94.86,1.35
2022-06-20 06:00:00,84.38,85.0,23.28,91.51,2.17
2022-06-20 07:00:00,265.65,273.65,25.4,81.12,2.57
2022-06-20 08:00:00,486.38,490.67,27.82,70.63,2.75
2022-06-20 09:00:00,672.88,682.0,29.51,65.19,2.3
2022-06-20 10:00:00,814.3,823.4,30.62,61.86,1.89
2022-06-20 11:00:00,888.3,899.42,31.42,59.72,1.64
2022-06-20 12:00:00,840.72,919.5,31.93,58.41,1.5
2022-06-20 13:00:00,819.58,854.03,32.0,58.07,1.54
2022-06-20 14:00:00,670.17,721.2,31.75,58.45,1.58
2022-06-20 15:00:00,529.65,534.88,31.15,60.77,1.61
2022-06-20 16:00:00,295.5,314.92,30.45,66.46,1.39
2022-06-20 17:00:00,99.32,106.93,29.24,73.3,1.28
2022-06-20 18:00:00,3.62,4.07,27.42,85.24,0.91
2022-06-20 19:00:00,0.0,0.0,26.69,86.04,1.1
2022-06-20 20:00:00,0.0,0.0,26.14,86.77,1.32
2022-06-20 21:00:00,0.0,0.0,25.68,87.61,1.54
2022-06-20 22:00:00,0.0,0.0,25.31,88.52,1.68
2022-06-20 23:00:00,0.0,0.0,24.94,89.57,1.73
2022-06-21 00:00:00,0.0,0.0,24.59,90.67,1.75
2022-06-21 01:00:00,0.0,0.0,24.24,92.03,1.75
2022-06-21 02:00:00,0.0,0.0,23.95,93.35,1.86
2022-06-21 03:00:00,0.0,0.0,23.7,94.59,2.06
2022-06-21 04:00:00,0.0,0.0,23.45,95.8,2.23
2022-06-21 05:00:00,0.0,0.0,23.29,96.23,2.3
2022-06-21 06:00:00,42.85,87.18,23.71,94.31,2.66
2022-06-21 07:00:00,116.53,285.98,24.94,88.42,3.11
2022-06-21 08:00:00,207.12,505.55,26.91,77.96,3.52
2022-06-21 09:00:00,222.65,696.7,28.59,70.3,3.1
2022-06-21 10:00:00,354.02,836.92,29.6,66.58,2.39
2022-06-21 11:00:00,582.25,911.05,30.05,64.9,1.86
2022-06-21 12:00:00,747.28,891.67,30.25,64.03,1.43
2022-06-21 13:00:00,672.12,825.25,30.21,63.86,1.18
2022-06-21 14:00:00,536.25,693.6,30.12,63.86,1.05
2022-06-21 15:00:00,368.55,505.42,29.81,65.17,1.11
2022-06-21 16:00:00,223.25,293.12,29.27,70.57,0.98
2022-06-21 17:00:00,83.07,100.03,28.27,75.61,0.98
2022-06-21 18:00:00,3.8,4.0,26.69,87.47,0.69
2022-06-21 19:00:00,0.0,0.0,26.01,87.99,0.83
2022-06-21 20:00:00,0.0,0.0,25.53,88.48,0.97
2022-06-21 21:00:00,0.0,0.0,25.14,89.03,1.06
2022-06-21 22:00:00,0.0,0.0,24.8,90.04,1.09
2022-06-21 23:00:00,0.0,0.0,24.51,91.19,1.1
2022-06-22 00:00:00,0.0,0.0,24.22,92.39,1.11
2022-06-22 01:00:00,0.0,0.0,23.95,93.65,1.09
2022-06-22 02:00:00,0.0,0.0,23.72,94.81,1.06
2022-06-22 03:00:00,0.0,0.0,23.51,95.73,1.05
2022-06-22 04:00:00,0.0,0.0,23.37,96.33,1.08
2022-06-22 05:00:00,0.0,0.0,23.23,96.84,1.18
2022-06-22 06:00:00,36.88,90.43,23.72,95.11,1.95
2022-06-22 07:00:00,122.12,292.38,24.49,92.83,2.38
2022-06-22 08:00:00,220.05,510.27,25.73,86.71,2.61
2022-06-22 09:00:00,322.88,698.47,26.59,81.51,2.77
2022-06-22 10:00:00,447.67,835.17,27.37,76.85,2.69
2022-06-22 11:00:00,528.05,909.35,28.11,72.25,2.29
2022-06-22 12:00:00,596.12,921.88,28.68,69.13,1.66
2022-06-22 13:00:00,406.48,859.88,28.89,66.68,1.13
2022-06-22 14:00:00,334.0,732.75,28.75,66.06,0.82
2022-06-22 15:00:00,343.0,551.58,28.4,67.0,0.8
2022-06-22 16:00:00,244.02,336.1,27.91,69.81,0.82
2022-06-22 17:00:00,84.47,119.62,27.26,74.24,0.73
2022-06-22 18:00:00,3.58,4.4,25.99,84.4,0.57
2022-06-22 19:00:00,0.0,0.0,25.23,87.42,0.65
2022-06-22 20:00:00,0.0,0.0,24.67,89.03,0.71
2022-06-22 21:00:00,0.0,0.0,24.22,90.11,0.76
2022-06-22 22:00:00,0.0,0.0,23.85,90.93,0.76
2022-06-22 23:00:00,0.0,0.0,23.56,91.86,0.76
2022-06-23 00:00:00,0.0,0.0,23.29,92.71,0.78
2022-06-23 01:00:00,0.0,0.0,23.08,93.34,0.83
2022-06-23 02:00:00,0.0,0.0,22.84,94.29,0.88
2022-06-23 03:00:00,0.0,0.0,22.58,95.45,0.89
2022-06-23 04:00:00,0.0,0.0,22.36,96.66,0.9
2022-06-23 05:00:00,0.0,0.0,22.17,97.83,0.93
2022-06-23 06:00:00,97.07,97.85,23.24,93.6,1.84
2022-06-23 07:00:00,302.65,307.02,25.11,84.36,2.37
2022-06-23 08:00:00,520.92,529.33,27.2,74.28,2.81
2022-06-23 09:00:00,711.88,718.7,28.62,68.42,2.64
2022-06-23 10:00:00,755.33,856.42,29.63,64.79,2.44
2022-06-23 11:00:00,874.78,931.83,30.41,62.17,2.28
2022-06-23 12:00:00,891.35,938.85,30.89,60.6,2.15
2022-06-23 13:00:00,738.7,873.9,31.07,59.81,2.03
2022-06-23 14:00:00,634.55,744.17,30.94,60.09,1.9
2022-06-23 15:00:00,480.62,561.15,30.42,61.82,1.72
2022-06-23 16:00:00,295.5,343.2,29.77,65.93,1.41
2022-06-23 17:00:00,109.53,125.03,28.69,72.77,1.14
2022-06-23 18:00:00,4.18,4.62,27.09,84.05,0.72
2022-06-23 19:00:00,0.0,0.0,26.36,84.74,0.81
2022-06-23 20:00:00,0.0,0.0,25.82,85.8,0.87
2022-06-23 21:00:00,0.0,0.0,25.37,86.85,0.9
2022-06-23 22:00:00,0.0,0.0,24.95,88.16,0.89
2022-06-23 23:00:00,0.0,0.0,24.56,89.39,0.89
2022-06-24 00:00:00,0.0,0.0,24.24,90.24,0.95
2022-06-24 01:00:00,0.0,0.0,23.99,90.89,1.07
2022-06-24 02:00:00,0.0,0.0,23.74,91.77,1.18
2022-06-24 03:00:00,0.0,0.0,23.51,92.62,1.29
2022-06-24 04:00:00,0.0,0.0,23.31,93.6,1.36
2022-06-24 05:00:00,0.0,0.0,23.14,94.66,1.37
2022-06-24 06:00:00,74.25,80.28,23.68,92.42,2.06
2022-06-24 07:00:00,216.5,259.12,24.81,87.75,2.21
2022-06-24 08:00:00,413.62,474.42,26.59,79.2,2.7
2022-06-24 09:00:00,609.05,661.03,28.07,72.91,2.78
2022-06-24 10:00:00,741.0,808.9,29.29,68.62,2.63
2022-06-24 11:00:00,780.1,886.55,30.03,66.05,2.32
2022-06-24 12:00:00,793.38,890.4,30.36,65.12,1.93
2022-06-24 13:00:00,702.75,830.4,30.27,65.42,1.6
2022-06-24 14:00:00,590.6,702.12,29.91,66.86,1.49
2022-06-24 15:00:00,422.55,512.7,29.34,69.85,1.46
2022-06-24 16:00:00,195.7,297.2,28.66,75.66,1.26
2022-06-24 17:00:00,69.6,100.97,27.55,82.04,1.14
2022-06-24 18:00:00,2.85,4.15,26.04,89.5,0.89
2022-06-24 19:00:00,0.0,0.0,25.47,90.19,1.02
2022-06-24 20:00:00,0.0,0.0,25.08,91.04,1.07
2022-06-24 21:00:00,0.0,0.0,24.73,92.16,1.0
2022-06-24 22:00:00,0.0,0.0,24.48,92.95,0.89
2022-06-24 23:00:00,0.0,0.0,24.25,93.7,0.82
2022-06-25 00:00:00,0.0,0.0,24.07,94.2,0.78
2022-06-25 01:00:00,0.0,0.0,23.89,94.6,0.78
2022-06-25 02:00:00,0.0,0.0,23.67,95.02,0.83
2022-06-25 03:00:00,0.0,0.0,23.49,95.28,0.98
2022-06-25 04:00:00,0.0,0.0,23.37,95.27,1.22
2022-06-25 05:00:00,0.0,0.0,23.24,95.54,1.43
2022-06-25 06:00:00,43.1,75.97,23.93,93.14,2.15
2022-06-25 07:00:00,105.28,262.38,24.87,90.36,2.35
2022-06-25 08:00:00,195.73,480.5,26.8,80.22,2.4
2022-06-25 09:00:00,384.73,673.83,28.43,70.49,2.42
2022-06-25 10:00:00,478.67,820.62,29.53,65.19,2.29
2022-06-25 11:00:00,613.72,898.5,30.21,62.41,2.25
2022-06-25 12:00:00,600.22,885.33,30.55,61.07,2.33
2022-06-25 13:00:00,620.6,824.25,30.49,61.22,2.41
2022-06-25 14:00:00,544.03,690.5,30.01,62.94,2.44
2022-06-25 15:00:00,451.0,508.42,29.24,66.13,2.39
2022-06-25 16:00:00,268.83,298.48,28.31,72.19,1.91
2022-06-25 17:00:00,99.95,103.43,27.12,81.33,1.33
2022-06-25 18:00:00,4.38,4.3,25.9,87.8,0.94
2022-06-25 19:00:00,0.0,0.0,25.42,89.27,0.93
2022-06-25 20:00:00,0.0,0.0,25.1,90.14,0.93
2022-06-25 21:00:00,0.0,0.0,24.8,91.0,0.94
2022-06-25 22:00:00,0.0,0.0,24.52,91.84,0.94
2022-06-25 23:00:00,0.0,0.0,24.25,92.7,0.94
2022-06-26 00:00:00,0.0,0.0,24.0,93.69,0.94
2022-06-26 01:00:00,0.0,0.0,23.74,94.82,0.91
2022-06-26 02:00:00,0.0,0.0,23.52,95.86,0.88
2022-06-26 03:00:00,0.0,0.0,23.32,96.92,0.9
2022-06-26 04:00:00,0.0,0.0,23.18,97.61,0.97
2022-06-26 05:00:00,0.0,0.0,23.07,97.97,1.01
2022-06-26 06:00:00,78.95,79.22,23.73,95.37,1.68
2022-06-26 07:00:00,252.82,254.45,24.62,91.62,2.36
2022-06-26 08:00:00,464.48,468.35,25.87,85.36,2.87
2022-06-26 09:00:00,603.08,657.5,27.22,78.16,2.95
2022-06-26 10:00:00,731.72,799.65,28.38,72.82,2.72
2022-06-26 11:00:00,789.03,881.1,29.51,68.22,2.4
2022-06-26 12:00:00,768.75,890.85,30.45,64.6,2.05
2022-06-26 13:00:00,727.8,820.8,30.94,62.46,1.7
2022-06-26 14:00:00,566.03,685.35,31.03,61.69,1.43
2022-06-26 15:00:00,448.7,509.95,30.77,62.1,1.39
2022-06-26 16:00:00,261.83,299.17,30.22,64.37,1.4
2022-06-26 17:00:00,95.18,103.38,29.22,71.24,1.07
2022-06-26 18:00:00,4.28,4.4,27.5,82.83,0.67
2022-06-26 19:00:00,0.0,0.0,26.88,83.9,0.7
2022-06-26 20:00:00,0.0,0.0,26.45,85.01,0.71
2022-06-26 21:00:00,0.0,0.0,26.03,86.16,0.71
2022-06-26 22:00:00,0.0,0.0,25.64,87.23,0.72
2022-06-26 23:00:00,0.0,0.0,25.24,88.18,0.8
2022-06-27 00:00:00,0.0,0.0,24.86,89.21,0.92
2022-06-27 01:00:00,0.0,0.0,24.56,89.82,1.01
2022-06-27 02:00:00,0.0,0.0,24.29,90.76,1.03
2022-06-27 03:00:00,0.0,0.0,23.99,92.16,0.96
2022-06-27 04:00:00,0.0,0.0,23.69,93.59,0.83
2022-06-27 05:00:00,0.0,0.0,23.4,95.18,0.72
2022-06-27 06:00:00,64.32,68.62,24.15,92.75,1.29
2022-06-27 07:00:00,207.82,242.25,25.56,86.61,1.45
2022-06-27 08:00:00,358.17,444.9,27.26,78.77,1.52
2022-06-27 09:00:00,561.33,638.75,28.34,73.77,1.09
2022-06-27 10:00:00,715.97,788.2,29.13,69.99,0.31
2022-06-27 11:00:00,771.47,870.03,30.01,64.67,0.84
2022-06-27 12:00:00,837.88,929.75,30.24,62.16,1.57
2022-06-27 13:00:00,698.88,865.3,30.11,61.54,1.98
2022-06-27 14:00:00,600.0,735.3,29.89,61.78,2.13
2022-06-27 15:00:00,479.17,551.9,29.48,63.59,2.0
2022-06-27 16:00:00,292.77,334.5,29.04,66.43,1.66
2022-06-27 17:00:00,106.5,120.22,28.29,72.69,1.08
2022-06-27 18:00:00,4.53,4.8,26.99,81.86,0.61
2022-06-27 19:00:00,0.0,0.0,26.93,78.15,0.57
2022-06-27 20:00:00,0.0,0.0,26.78,77.39,0.49
2022-06-27 21:00:00,0.0,0.0,26.49,77.7,0.5
2022-06-27 22:00:00,0.0,0.0,26.34,77.13,0.47
2022-06-27 23:00:00,0.0,0.0,25.92,78.96,0.45
2022-06-28 00:00:00,0.0,0.0,25.24,82.46,0.48
2022-06-28 01:00:00,0.0,0.0,24.64,85.13,0.52
2022-06-28 02:00:00,0.0,0.0,24.15,87.96,0.51
2022-06-28 03:00:00,0.0,0.0,23.7,90.49,0.51
2022-06-28 04:00:00,0.0,0.0,23.33,92.39,0.52
2022-06-28 05:00:00,0.0,0.0,23.06,93.73,0.51
2022-06-28 06:00:00,75.1,83.32,23.98,91.08,0.88
2022-06-28 07:00:00,239.25,274.35,25.64,83.71,1.5
2022-06-28 08:00:00,432.45,488.08,27.53,76.13,1.93
2022-06-28 09:00:00,558.85,678.15,29.1,70.07,2.15
2022-06-28 10:00:00,681.65,818.92,30.34,65.44,2.13
2022-06-28 11:00:00,798.65,896.78,31.29,61.82,1.77
2022-06-28 12:00:00,799.65,919.75,31.87,59.36,1.39
2022-06-28 13:00:00,715.4,855.58,32.09,57.88,1.11
2022-06-28 14:00:00,604.85,724.95,32.0,57.4,1.03
2022-06-28 15:00:00,458.73,539.97,31.51,58.51,1.14
2022-06-28 16:00:00,277.3,319.9,30.83,62.62,1.08
2022-06-28 17:00:00,103.1,112.05,29.69,69.04,0.99
2022-06-28 18:00:00,4.5,4.72,27.95,81.73,0.69
2022-06-28 19:00:00,0.0,0.0,27.22,82.94,0.79
2022-06-28 20:00:00,0.0,0.0,26.74,83.7,0.87
2022-06-28 21:00:00,0.0,0.0,26.28,84.71,0.92
2022-06-28 22:00:00,0.0,0.0,25.8,85.95,0.96
2022-06-28 23:00:00,0.0,0.0,25.37,87.14,1.01
2022-06-29 00:00:00,0.0,0.0,24.94,88.32,1.08
2022-06-29 01:00:00,0.0,0.0,24.58,89.49,1.15
2022-06-29 02:00:00,0.0,0.0,24.21,90.91,1.13
2022-06-29 03:00:00,0.0,0.0,23.86,92.26,1.1
2022-06-29 04:00:00,0.0,0.0,23.58,93.46,1.07
2022-06-29 05:00:00,0.0,0.0,23.33,94.63,1.08
2022-06-29 06:00:00,76.25,82.55,24.19,91.49,1.95
2022-06-29 07:00:00,250.85,284.48,25.48,87.18,2.13
2022-06-29 08:00:00,455.15,506.25,27.9,74.98,2.7
2022-06-29 09:00:00,598.03,697.62,29.43,67.89,2.78
2022-06-29 10:00:00,765.8,839.08,30.15,65.42,2.48
2022-06-29 11:00:00,827.28,913.33,30.62,63.81,2.26
2022-06-29 12:00:00,759.85,888.7,30.79,62.89,2.05
2022-06-29 13:00:00,591.85,822.17,30.77,62.65,1.88
2022-06-29 14:00:00,482.3,689.72,30.46,63.64,1.67
2022-06-29 15:00:00,156.73,510.65,29.85,66.48,1.52
2022-06-29 16:00:00,65.4,298.2,29.07,73.07,1.11
2022-06-29 17:00:00,23.62,100.93,28.01,77.82,0.99
2022-06-29 18:00:00,1.15,4.5,26.72,88.85,0.58
2022-06-29 19:00:00,0.0,0.0,26.06,90.62,0.6
2022-06-29 20:00:00,0.0,0.0,25.48,91.61,0.73
2022-06-29 21:00:00,0.0,0.0,24.97,92.36,0.89
2022-06-29 22:00:00,0.0,0.0,24.59,93.13,1.0
2022-06-29 23:00:00,0.0,0.0,24.28,93.89,1.14
2022-06-30 00:00:00,0.0,0.0,24.01,95.0,1.21
2022-06-30 01:00:00,0.0,0.0,23.78,96.13,1.24
2022-06-30 02:00:00,0.0,0.0,23.61,97.15,1.25
2022-06-30 03:00:00,0.0,0.0,23.58,97.39,1.32
2022-06-30 04:00:00,0.0,0.0,23.58,97.31,1.4
2022-06-30 05:00:00,0.0,0.0,23.57,97.09,1.5
2022-06-30 06:00:00,42.25,81.0,24.03,95.65,1.91
2022-06-30 07:00:00,147.1,281.05,24.8,93.06,2.35
2022-06-30 08:00:00,290.1,501.9,25.79,87.48,2.31
2022-06-30 09:00:00,264.45,701.8,26.61,78.03,2.07
2022-06-30 10:00:00,274.33,845.6,27.15,71.58,1.83
2022-06-30 11:00:00,384.88,924.62,27.59,67.43,1.54
2022-06-30 12:00:00,456.85,931.38,28.11,64.2,1.04
2022-06-30 13:00:00,369.42,866.5,28.66,61.37,0.43
2022-06-30 14:00:00,349.12,736.83,29.01,59.64,0.2
2022-06-30 15:00:00,269.27,554.03,28.91,59.72,0.43
2022-06-30 16:00:00,204.2,336.77,28.42,62.98,0.62
2022-06-30 17:00:00,74.72,120.53,27.6,67.93,0.74
2022-06-30 18:00:00,4.45,4.97,25.94,82.92,0.59
2022-06-30 19:00:00,0.0,0.0,25.07,86.3,0.76
2022-06-30 20:00:00,0.0,0.0,24.49,88.38,0.9
2022-06-30 21:00:00,0.0,0.0,24.03,90.59,0.92
2022-06-30 22:00:00,0.0,0.0,23.7,92.26,0.83
2022-06-30 23:00:00,0.0,0.0,23.4,93.41,0.75
2022-07-01 00:00:00,0.0,0.0,23.09,94.32,0.69
2022-07-01 01:00:00,0.0,0.0,22.78,95.14,0.63
2022-07-01 02:00:00,0.0,0.0,22.47,95.72,0.58
2022-07-01 03:00:00,0.0,0.0,22.2,96.26,0.57
2022-07-01 04:00:00,0.0,0.0,21.97,97.31,0.61
2022-07-01 05:00:00,0.0,0.0,21.73,97.87,0.67
2022-07-01 06:00:00,31.33,86.4,22.65,94.46,1.6
2022-07-01 07:00:00,118.38,294.88,24.46,85.28,1.94
2022-07-01 08:00:00,204.75,517.1,26.69,73.29,1.88
2022-07-01 09:00:00,309.92,710.0,28.55,65.01,1.39
2022-07-01 10:00:00,328.95,850.65,29.94,59.89,0.9
2022-07-01 11:00:00,243.15,927.0,30.87,56.89,0.56
2022-07-01 12:00:00,434.3,931.92,31.42,55.09,0.51
2022-07-01 13:00:00,476.98,868.42,31.66,54.17,0.65
2022-07-01 14:00:00,426.88,739.7,31.56,54.14,0.87
2022-07-01 15:00:00,365.8,557.42,31.1,55.28,1.11
2022-07-01 16:00:00,264.73,338.5,30.3,58.31,1.36
2022-07-01 17:00:00,100.07,121.7,29.09,66.11,1.16
2022-07-01 18:00:00,4.85,5.05,27.38,77.78,0.83
2022-07-01 19:00:00,0.0,0.0,26.53,80.61,0.89
2022-07-01 20:00:00,0.0,0.0,26.0,81.43,0.99
2022-07-01 21:00:00,0.0,0.0,25.45,82.83,1.03
2022-07-01 22:00:00,0.0,0.0,24.99,84.06,1.05
2022-07-01 23:00:00,0.0,0.0,24.6,85.17,1.06
2022-07-02 00:00:00,0.0,0.0,24.22,86.3,1.15
2022-07-02 01:00:00,0.0,0.0,23.86,87.58,1.36
2022-07-02 02:00:00,0.0,0.0,23.54,89.27,1.69
2022-07-02 03:00:00,0.0,0.0,23.33,91.24,2.11
2022-07-02 04:00:00,0.0,0.0,23.16,93.49,2.32
2022-07-02 05:00:00,0.0,0.0,23.07,95.04,2.38
2022-07-02 06:00:00,35.62,83.12,23.64,93.8,2.78
2022-07-02 07:00:00,134.62,285.88,25.03,88.38,3.11
2022-07-02 08:00:00,261.08,504.42,26.83,79.21,3.35
2022-07-02 09:00:00,380.67,693.78,28.34,71.58,3.23
2022-07-02 10:00:00,390.98,832.75,29.44,66.22,2.93
2022-07-02 11:00:00,487.52,908.85,30.13,62.7,2.8
2022-07-02 12:00:00,530.2,901.9,29.77,64.31,2.94
2022-07-02 13:00:00,492.0,837.4,29.38,67.0,3.16
2022-07-02 14:00:00,403.67,708.7,28.79,70.09,3.26
2022-07-02 15:00:00,379.52,526.3,28.07,73.77,3.21
2022-07-02 16:00:00,222.9,312.05,27.3,78.12,3.04
2022-07-02 17:00:00,75.47,108.0,26.29,84.45,2.42
2022-07-02 18:00:00,3.75,4.75,25.18,89.75,2.03
2022-07-02 19:00:00,0.0,0.0,24.63,91.53,2.21
2022-07-02 20:00:00,0.0,0.0,24.25,92.75,2.17
2022-07-02 21:00:00,0.0,0.0,23.97,93.37,2.09
2022-07-02 22:00:00,0.0,0.0,23.73,93.98,1.93
2022-07-02 23:00:00,0.0,0.0,23.53,94.6,1.78
2022-07-03 00:00:00,0.0,0.0,23.36,95.03,1.74
2022-07-03 01:00:00,0.0,0.0,23.27,95.17,1.68
2022-07-03 02:00:00,0.0,0.0,23.18,95.45,1.64
2022-07-03 03:00:00,0.0,0.0,23.14,95.52,1.78
2022-07-03 04:00:00,0.0,0.0,23.08,95.79,2.1
2022-07-03 05:00:00,0.0,0.0,23.05,95.96,2.27
2022-07-03 06:00:00,62.55,77.72,23.34,95.07,2.55
2022-07-03 07:00:00,204.57,279.4,23.9,92.72,2.9
2022-07-03 08:00:00,361.1,499.4,24.48,88.48,3.15
2022-07-03 09:00:00,475.73,690.15,25.13,83.51,3.27
2022-07-03 10:00:00,534.58,828.53,25.89,79.16,3.19
2022-07-03 11:00:00,639.25,907.12,26.62,75.7,2.96
2022-07-03 12:00:00,704.85,933.38,27.17,73.28,2.63
2022-07-03 13:00:00,590.67,867.65,27.41,72.22,2.35
2022-07-03 14:00:00,578.85,736.1,27.39,72.22,2.12
2022-07-03 15:00:00,438.62,550.28,27.15,73.53,1.91
2022-07-03 16:00:00,242.38,329.8,26.72,76.61,1.63
2022-07-03 17:00:00,83.93,114.8,25.9,82.99,1.22
2022-07-03 18:00:00,4.32,4.88,24.59,90.68,0.82
2022-07-03 19:00:00,0.0,0.0,24.13,91.21,0.88
2022-07-03 20:00:00,0.0,0.0,23.79,91.86,0.88
2022-07-03 21:00:00,0.0,0.0,23.5,92.61,0.79
2022-07-03 22:00:00,0.0,0.0,23.25,93.04,0.68
2022-07-03 23:00:00,0.0,0.0,23.02,93.22,0.63
2022-07-04 00:00:00,0.0,0.0,22.75,93.75,0.64
2022-07-04 01:00:00,0.0,0.0,22.48,94.39,0.65
2022-07-04 02:00:00,0.0,0.0,22.25,95.06,0.67
2022-07-04 03:00:00,0.0,0.0,22.02,96.04,0.67
2022-07-04 04:00:00,0.0,0.0,21.78,97.22,0.71
2022-07-04 05:00:00,0.0,0.0,21.52,98.72,0.77
2022-07-04 06:00:00,79.2,80.38,22.89,93.32,1.75
2022-07-04 07:00:00,276.83,283.23,25.13,83.61,2.49
2022-07-04 08:00:00,493.12,505.9,27.51,73.13,3.21
2022-07-04 09:00:00,685.17,698.53,29.0,67.25,3.34
2022-07-04 10:00:00,823.67,840.05,30.24,62.95,3.2
2022-07-04 11:00:00,873.25,918.65,31.22,59.69,2.93
2022-07-04 12:00:00,731.78,908.22,31.86,57.51,2.56
2022-07-04 13:00:00,651.53,848.22,32.22,56.01,2.17
2022-07-04 14:00:00,604.3,722.62,32.11,55.96,1.84
2022-07-04 15:00:00,451.38,540.38,31.64,57.11,1.6
2022-07-04 16:00:00,247.52,324.38,31.04,59.37,1.5
2022-07-04 17:00:00,90.78,114.65,29.7,68.16,1.23
2022-07-04 18:00:00,4.57,5.15,27.57,81.18,0.89
2022-07-04 19:00:00,0.0,0.0,26.62,82.13,1.18
2022-07-04 20:00:00,0.0,0.0,25.97,83.2,1.47
2022-07-04 21:00:00,0.0,0.0,25.35,85.34,1.59
2022-07-04 22:00:00,0.0,0.0,24.81,87.85,1.6
2022-07-04 23:00:00,0.0,0.0,24.41,89.76,1.68
2022-07-05 00:00:00,0.0,0.0,24.05,91.58,1.77
2022-07-05 01:00:00,0.0,0.0,23.7,93.54,1.76
2022-07-05 02:00:00,0.0,0.0,23.4,95.27,1.71
2022-07-05 03:00:00,0.0,0.0,23.17,96.32,1.69
2022-07-05 04:00:00,0.0,0.0,23.03,96.75,1.7
2022-07-05 05:00:00,0.0,0.0,22.91,96.91,1.7
2022-07-05 06:00:00,51.53,74.65,23.71,93.23,2.58
2022-07-05 07:00:00,167.32,267.75,25.34,85.72,3.15
2022-07-05 08:00:00,285.77,485.95,27.34,75.65,3.64
2022-07-05 09:00:00,366.6,678.97,28.74,69.77,3.34
2022-07-05 10:00:00,491.2,822.58,29.63,66.57,2.74
2022-07-05 11:00:00,673.25,906.3,30.34,64.02,2.32
2022-07-05 12:00:00,871.38,934.55,30.82,62.1,2.13
2022-07-05 13:00:00,786.47,873.05,31.0,60.96,2.06
2022-07-05 14:00:00,697.67,745.6,30.89,60.86,2.01
2022-07-05 15:00:00,482.33,564.42,30.58,61.58,1.89
2022-07-05 16:00:00,310.95,347.85,29.95,64.47,1.76
2022-07-05 17:00:00,110.7,128.4,28.63,73.43,1.39
2022-07-05 18:00:00,4.82,5.53,26.81,85.03,1.0
2022-07-05 19:00:00,0.0,0.0,26.03,86.45,1.31
2022-07-05 20:00:00,0.0,0.0,25.45,88.14,1.6
2022-07-05 21:00:00,0.0,0.0,24.97,90.25,1.57
2022-07-05 22:00:00,0.0,0.0,24.59,92.13,1.34
2022-07-05 23:00:00,0.0,0.0,24.27,93.37,1.15
2022-07-06 00:00:00,0.0,0.0,23.96,94.28,1.01
2022-07-06 01:00:00,0.0,0.0,23.7,94.97,0.88
2022-07-06 02:00:00,0.0,0.0,23.47,95.77,0.78
2022-07-06 03:00:00,0.0,0.0,23.22,96.79,0.77
2022-07-06 04:00:00,0.0,0.0,23.02,97.5,0.83
2022-07-06 05:00:00,0.0,0.0,22.96,97.45,1.03
2022-07-06 06:00:00,48.9,86.8,23.73,94.74,2.1
2022-07-06 07:00:00,161.93,297.52,24.87,90.55,2.66
2022-07-06 08:00:00,295.3,519.7,26.33,83.17,3.19
2022-07-06 09:00:00,411.15,710.55,27.65,76.43,3.39
2022-07-06 10:00:00,553.97,851.17,28.25,73.34,3.22
2022-07-06 11:00:00,606.78,928.35,28.74,70.01,2.94
2022-07-06 12:00:00,730.15,922.55,28.78,69.09,2.76
2022-07-06 13:00:00,683.9,860.47,28.59,69.98,2.68
2022-07-06 14:00:00,614.8,731.28,28.36,70.97,2.63
2022-07-06 15:00:00,440.88,546.75,28.07,72.12,2.5
2022-07-06 16:00:00,283.88,330.92,27.57,74.49,2.19
2022-07-06 17:00:00,104.65,118.35,26.63,81.68,1.41
2022-07-06 18:00:00,4.97,5.22,25.18,90.59,0.78
2022-07-06 19:00:00,0.0,0.0,24.68,91.92,0.75
2022-07-06 20:00:00,0.0,0.0,24.35,92.64,0.73
2022-07-06 21:00:00,0.0,0.0,24.06,93.22,0.72
2022-07-06 22:00:00,0.0,0.0,23.77,93.76,0.74
2022-07-06 23:00:00,0.0,0.0,23.47,94.59,0.74
2022-07-07 00:00:00,0.0,0.0,23.14,95.72,0.75
2022-07-07 01:00:00,0.0,0.0,22.84,97.03,0.75
2022-07-07 02:00:00,0.0,0.0,22.54,98.45,0.77
2022-07-07 03:00:00,0.0,0.0,22.24,99.79,0.79
2022-07-07 04:00:00,0.0,0.0,22.0,100.0,0.82
2022-07-07 05:00:00,0.0,0.0,21.82,100.0,0.88
2022-07-07 06:00:00,83.57,84.2,23.42,93.92,1.91
2022-07-07 07:00:00,290.2,291.33,25.71,83.36,2.49
2022-07-07 08:00:00,510.0,510.17,28.19,71.54,2.8
2022-07-07 09:00:00,700.3,701.35,29.88,64.99,2.67
2022-07-07 10:00:00,826.12,844.47,31.18,60.3,2.45
2022-07-07 11:00:00,850.9,920.8,32.19,56.64,2.13
2022-07-07 12:00:00,822.58,929.97,32.91,54.13,1.72
2022-07-07 13:00:00,792.62,865.47,33.3,52.67,1.29
2022-07-07 14:00:00,667.0,733.9,33.32,52.25,0.88
2022-07-07 15:00:00,501.65,548.25,32.97,52.77,0.57
2022-07-07 16:00:00,299.0,329.0,32.28,55.09,0.63
2022-07-07 17:00:00,108.53,116.22,31.32,60.04,0.72
2022-07-07 18:00:00,5.15,5.32,29.71,72.97,0.54
2022-07-07 19:00:00,0.0,0.0,28.97,74.28,0.6
2022-07-07 20:00:00,0.0,0.0,28.42,75.92,0.62
2022-07-07 21:00:00,0.0,0.0,27.84,77.64,0.65
2022-07-07 22:00:00,0.0,0.0,27.16,79.64,0.68
2022-07-07 23:00:00,0.0,0.0,26.46,81.79,0.7
2022-07-08 00:00:00,0.0,0.0,25.7,83.84,0.77
2022-07-08 01:00:00,0.0,0.0,25.22,85.29,0.91
2022-07-08 02:00:00,0.0,0.0,25.02,85.84,1.13
2022-07-08 03:00:00,0.0,0.0,24.89,86.31,1.47
2022-07-08 04:00:00,0.0,0.0,24.64,87.94,1.76
2022-07-08 05:00:00,0.0,0.0,24.37,90.12,1.87
2022-07-08 06:00:00,69.8,75.18,24.74,89.79,2.41
2022-07-08 07:00:00,239.8,273.08,26.12,84.19,2.68
2022-07-08 08:00:00,427.9,494.05,28.16,74.35,3.26
2022-07-08 09:00:00,492.0,689.28,29.79,68.0,3.38
2022-07-08 10:00:00,542.62,831.3,31.17,63.33,3.05
2022-07-08 11:00:00,634.72,912.08,32.25,59.35,2.48
2022-07-08 12:00:00,654.55,898.6,32.87,56.8,1.96
2022-07-08 13:00:00,632.58,839.08,33.04,55.6,1.57
2022-07-08 14:00:00,564.15,710.88,32.87,55.38,1.38
2022-07-08 15:00:00,474.7,527.12,32.44,56.5,1.45
2022-07-08 16:00:00,252.93,312.88,31.52,61.68,1.48
2022-07-08 17:00:00,85.5,109.5,29.87,71.27,1.4
2022-07-08 18:00:00,4.03,5.05,28.04,80.8,1.21
2022-07-08 19:00:00,0.0,0.0,27.25,82.64,1.59
2022-07-08 20:00:00,0.0,0.0,26.66,85.11,1.86
2022-07-08 21:00:00,0.0,0.0,26.17,87.4,1.94
2022-07-08 22:00:00,0.0,0.0,25.76,89.51,1.85
2022-07-08 23:00:00,0.0,0.0,25.41,91.21,1.74
2022-07-09 00:00:00,0.0,0.0,25.1,92.61,1.69
2022-07-09 01:00:00,0.0,0.0,24.85,93.72,1.73
2022-07-09 02:00:00,0.0,0.0,24.68,94.62,1.93
2022-07-09 03:00:00,0.0,0.0,24.56,95.32,2.16
2022-07-09 04:00:00,0.0,0.0,24.44,96.08,2.31
2022-07-09 05:00:00,0.0,0.0,24.35,96.38,2.48
2022-07-09 06:00:00,51.65,74.15,24.49,95.9,2.99
2022-07-09 07:00:00,147.43,275.67,24.8,95.15,3.45
2022-07-09 08:00:00,250.15,496.33,25.08,93.21,4.04
2022-07-09 09:00:00,387.2,688.95,25.39,90.21,4.24
2022-07-09 10:00:00,496.25,830.78,25.97,86.27,4.02
2022-07-09 11:00:00,597.78,907.15,26.7,81.4,3.75
2022-07-09 12:00:00,682.62,914.7,27.58,75.83,3.45
2022-07-09 13:00:00,672.65,853.65,28.04,72.58,3.08
2022-07-09 14:00:00,692.4,725.33,28.13,71.31,2.74
2022-07-09 15:00:00,527.3,543.72,27.94,71.46,2.44
2022-07-09 16:00:00,299.7,325.77,27.47,74.25,1.95
2022-07-09 17:00:00,101.72,113.65,26.65,81.06,1.28
2022-07-09 18:00:00,4.55,5.15,25.34,89.7,0.81
2022-07-09 19:00:00,0.0,0.0,24.86,90.71,0.88
2022-07-09 20:00:00,0.0,0.0,24.51,91.46,0.9
2022-07-09 21:00:00,0.0,0.0,24.2,92.18,0.91
2022-07-09 22:00:00,0.0,0.0,23.94,92.96,0.88
2022-07-09 23:00:00,0.0,0.0,23.73,93.64,0.87
2022-07-10 00:00:00,0.0,0.0,23.53,94.52,0.86
2022-07-10 01:00:00,0.0,0.0,23.36,95.29,0.89
2022-07-10 02:00:00,0.0,0.0,23.2,96.01,0.99
2022-07-10 03:00:00,0.0,0.0,23.12,96.53,1.27
2022-07-10 04:00:00,0.0,0.0,23.14,96.6,1.85
2022-07-10 05:00:00,0.0,0.0,23.17,96.6,2.4
2022-07-10 06:00:00,57.33,72.5,23.67,95.27,3.16
2022-07-10 07:00:00,212.2,266.42,24.52,91.27,4.1
2022-07-10 08:00:00,412.92,483.45,25.64,82.94,4.75
2022-07-10 09:00:00,430.62,674.72,27.39,74.04,4.79
2022-07-10 10:00:00,546.15,816.15,28.92,67.23,4.65
2022-07-10 11:00:00,489.3,895.0,30.05,62.46,4.42
2022-07-10 12:00:00,529.53,923.88,30.79,59.68,4.15
2022-07-10 13:00:00,605.88,865.9,31.12,58.61,3.85
2022-07-10 14:00:00,561.78,735.85,31.03,58.88,3.49
2022-07-10 15:00:00,382.7,552.72,30.64,60.18,3.08
2022-07-10 16:00:00,226.88,332.83,29.86,64.29,2.44
2022-07-10 17:00:00,92.07,117.82,28.64,73.08,1.58
2022-07-10 18:00:00,5.18,5.38,26.79,84.64,0.9
2022-07-10 19:00:00,0.0,0.0,26.17,86.19,0.93
2022-07-10 20:00:00,0.0,0.0,25.75,87.29,0.99
2022-07-10 21:00:00,0.0,0.0,25.31,88.49,1.09
2022-07-10 22:00:00,0.0,0.0,24.84,89.77,1.19
2022-07-10 23:00:00,0.0,0.0,24.42,91.06,1.32
2022-07-11 00:00:00,0.0,0.0,24.06,92.26,1.42
2022-07-11 01:00:00,0.0,0.0,23.74,93.46,1.49
2022-07-11 02:00:00,0.0,0.0,23.44,94.7,1.52
2022-07-11 03:00:00,0.0,0.0,23.2,95.85,1.59
2022-07-11 04:00:00,0.0,0.0,23.02,96.52,1.65
2022-07-11 05:00:00,0.0,0.0,22.94,96.46,1.79
2022-07-11 06:00:00,57.7,68.0,23.62,93.32,2.61
2022-07-11 07:00:00,212.8,255.5,25.19,85.91,3.49
2022-07-11 08:00:00,422.4,475.17,27.25,75.62,4.07
2022-07-11 09:00:00,504.3,674.53,28.79,68.81,3.85
2022-07-11 10:00:00,647.42,822.22,29.89,64.52,3.55
2022-07-11 11:00:00,699.45,903.67,30.68,61.78,3.29
2022-07-11 12:00:00,839.0,932.42,31.1,60.39,3.06
2022-07-11 13:00:00,762.4,869.2,31.26,59.59,2.84
2022-07-11 14:00:00,693.08,739.8,31.21,59.31,2.68
2022-07-11 15:00:00,532.42,556.55,30.89,60.03,2.43
2022-07-11 16:00:00,325.95,339.08,30.15,63.24,2.05
2022-07-11 17:00:00,118.15,122.72,28.94,71.7,1.43
2022-07-11 18:00:00,5.32,5.47,27.02,83.23,0.89
2022-07-11 19:00:00,0.0,0.0,26.26,84.27,0.98
2022-07-11 20:00:00,0.0,0.0,25.77,85.16,1.1
2022-07-11 21:00:00,0.0,0.0,25.34,86.31,1.16
2022-07-11 22:00:00,0.0,0.0,24.95,87.68,1.2
2022-07-11 23:00:00,0.0,0.0,24.6,88.86,1.24
2022-07-12 00:00:00,0.0,0.0,24.23,90.31,1.3
2022-07-12 01:00:00,0.0,0.0,23.89,91.89,1.35
2022-07-12 02:00:00,0.0,0.0,23.58,93.56,1.46
2022-07-12 03:00:00,0.0,0.0,23.32,95.1,1.62
2022-07-12 04:00:00,0.0,0.0,23.1,96.25,1.74
2022-07-12 05:00:00,0.0,0.0,22.98,96.55,1.82
2022-07-12 06:00:00,76.07,78.75,23.69,93.63,2.68
2022-07-12 07:00:00,273.4,285.7,25.27,86.45,3.16
2022-07-12 08:00:00,482.5,508.62,27.27,76.72,3.32
2022-07-12 09:00:00,603.88,704.4,28.86,70.13,2.95
2022-07-12 10:00:00,736.83,848.3,29.99,66.24,2.48
2022-07-12 11:00:00,841.85,927.08,30.86,63.48,1.99
2022-07-12 12:00:00,640.25,909.47,31.41,61.64,1.57
2022-07-12 13:00:00,620.28,846.22,31.7,60.63,1.3
2022-07-12 14:00:00,533.05,715.25,31.73,60.06,1.17
2022-07-12 15:00:00,428.45,531.7,31.46,60.29,1.21
2022-07-12 16:00:00,266.35,317.12,30.77,62.6,1.32
2022-07-12 17:00:00,95.95,111.6,29.65,70.1,1.1
2022-07-12 18:00:00,4.7,5.15,27.79,81.5,0.81
2022-07-12 19:00:00,0.0,0.0,26.83,84.37,0.87
2022-07-12 20:00:00,0.0,0.0,26.18,85.25,1.03
2022-07-12 21:00:00,0.0,0.0,25.67,86.46,1.12
2022-07-12 22:00:00,0.0,0.0,25.23,87.9,1.08
2022-07-12 23:00:00,0.0,0.0,24.86,89.2,0.99
2022-07-13 00:00:00,0.0,0.0,24.64,89.89,0.96
2022-07-13 01:00:00,0.0,0.0,24.44,90.37,0.91
2022-07-13 02:00:00,0.0,0.0,24.22,90.82,0.95
2022-07-13 03:00:00,0.0,0.0,24.02,91.23,1.09
2022-07-13 04:00:00,0.0,0.0,23.83,91.77,1.39
2022-07-13 05:00:00,0.0,0.0,23.62,92.8,1.7
2022-07-13 06:00:00,57.92,72.03,24.06,91.41,2.41
2022-07-13 07:00:00,171.27,269.23,25.72,83.87,2.84
2022-07-13 08:00:00,311.6,486.92,27.77,74.66,3.14
2022-07-13 09:00:00,405.5,676.85,29.11,69.77,2.7
2022-07-13 10:00:00,522.5,818.47,29.7,67.58,2.06
2022-07-13 11:00:00,514.67,896.25,30.06,66.06,1.37
2022-07-13 12:00:00,436.4,905.47,30.11,65.52,0.66
2022-07-13 13:00:00,391.83,841.15,30.02,65.47,0.72
2022-07-13 14:00:00,237.32,708.28,29.73,66.47,1.12
2022-07-13 15:00:00,286.45,521.33,29.38,67.94,0.9
2022-07-13 16:00:00,190.02,302.4,29.02,69.94,0.06
2022-07-13 17:00:00,75.45,104.25,28.29,75.85,0.73
2022-07-13 18:00:00,4.53,5.0,26.74,84.6,0.62
2022-07-13 19:00:00,0.0,0.0,26.5,83.11,0.62
2022-07-13 20:00:00,0.0,0.0,26.75,79.25,0.45
2022-07-13 21:00:00,0.0,0.0,26.82,78.14,0.18
2022-07-13 22:00:00,0.0,0.0,26.34,82.69,0.3
2022-07-13 23:00:00,0.0,0.0,25.62,83.84,0.47
2022-07-14 00:00:00,0.0,0.0,25.01,86.59,0.62
2022-07-14 01:00:00,0.0,0.0,24.38,89.76,0.64
2022-07-14 02:00:00,0.0,0.0,23.9,91.82,0.67
2022-07-14 03:00:00,0.0,0.0,23.63,92.87,0.79
2022-07-14 04:00:00,0.0,0.0,23.39,93.77,1.04
2022-07-14 05:00:00,0.0,0.0,23.2,94.85,1.52
2022-07-14 06:00:00,51.78,59.35,23.98,92.51,2.68
2022-07-14 07:00:00,185.32,226.65,25.65,86.16,2.95
2022-07-14 08:00:00,370.02,440.55,27.68,76.5,3.15
2022-07-14 09:00:00,448.23,638.08,28.82,71.22,2.78
2022-07-14 10:00:00,529.17,790.95,29.61,67.74,2.4
2022-07-14 11:00:00,632.92,874.85,29.98,65.69,2.12
2022-07-14 12:00:00,750.97,911.03,30.31,63.86,1.99
2022-07-14 13:00:00,661.17,847.8,30.52,62.51,1.86
2022-07-14 14:00:00,556.95,717.22,30.43,62.22,1.6
2022-07-14 15:00:00,441.05,531.12,30.19,62.66,1.42
2022-07-14 16:00:00,280.7,314.7,29.71,64.54,1.27
2022-07-14 17:00:00,101.9,109.88,28.82,70.93,0.89
2022-07-14 18:00:00,5.05,5.22,27.36,80.15,0.62
2022-07-14 19:00:00,0.0,0.0,26.73,80.68,0.7
2022-07-14 20:00:00,0.0,0.0,26.14,82.61,0.74
2022-07-14 21:00:00,0.0,0.0,25.58,84.38,0.78
2022-07-14 22:00:00,0.0,0.0,25.1,86.06,0.85
2022-07-14 23:00:00,0.0,0.0,24.71,86.96,0.98
2022-07-15 00:00:00,0.0,0.0,24.41,87.35,1.25
2022-07-15 01:00:00,0.0,0.0,24.2,87.78,1.67
2022-07-15 02:00:00,0.0,0.0,24.02,88.75,2.15
2022-07-15 03:00:00,0.0,0.0,23.69,91.16,2.27
2022-07-15 04:00:00,0.0,0.0,23.29,94.12,2.04
2022-07-15 05:00:00,0.0,0.0,22.89,96.81,1.61
2022-07-15 06:00:00,65.65,68.12,23.85,92.46,2.33
2022-07-15 07:00:00,241.77,260.27,25.93,82.43,3.18
2022-07-15 08:00:00,436.25,480.75,27.86,73.53,3.76
2022-07-15 09:00:00,576.5,681.38,29.15,68.07,3.74
2022-07-15 10:00:00,651.92,828.2,30.25,63.91,3.64
2022-07-15 11:00:00,717.25,910.03,31.12,60.57,3.52
2022-07-15 12:00:00,744.58,922.12,31.79,57.67,3.39
2022-07-15 13:00:00,643.65,858.5,32.07,56.1,3.25
2022-07-15 14:00:00,604.47,727.75,31.92,55.86,3.05
2022-07-15 15:00:00,484.65,541.1,31.52,56.62,2.83
2022-07-15 16:00:00,274.02,321.8,30.68,60.03,2.48
2022-07-15 17:00:00,96.07,112.72,29.3,69.81,1.64
2022-07-15 18:00:00,4.43,5.25,27.24,79.68,1.1
2022-07-15 19:00:00,0.0,0.0,26.49,81.36,1.17
2022-07-15 20:00:00,0.0,0.0,26.02,82.65,1.22
2022-07-15 21:00:00,0.0,0.0,25.61,83.62,1.29
2022-07-15 22:00:00,0.0,0.0,25.26,84.56,1.35
2022-07-15 23:00:00,0.0,0.0,24.99,85.42,1.37
2022-07-16 00:00:00,0.0,0.0,24.79,86.16,1.49
2022-07-16 01:00:00,0.0,0.0,24.6,87.24,1.75
2022-07-16 02:00:00,0.0,0.0,24.36,89.03,2.06
2022-07-16 03:00:00,0.0,0.0,24.07,91.53,2.14
2022-07-16 04:00:00,0.0,0.0,23.81,93.85,2.06
2022-07-16 05:00:00,0.0,0.0,23.66,95.12,2.18
2022-07-16 06:00:00,27.27,68.43,23.95,94.68,2.61
2022-07-16 07:00:00,97.38,263.65,24.91,91.73,3.11
2022-07-16 08:00:00,187.48,483.1,26.35,85.17,3.69
2022-07-16 09:00:00,324.33,676.83,27.65,78.37,3.68
2022-07-16 10:00:00,374.25,819.9,28.58,73.91,3.36
2022-07-16 11:00:00,332.98,899.4,29.31,70.59,3.05
2022-07-16 12:00:00,217.95,876.35,29.89,67.64,2.78
2022-07-16 13:00:00,117.78,808.92,30.16,65.5,2.48
2022-07-16 14:00:00,133.75,672.4,30.01,64.71,2.2
2022-07-16 15:00:00,83.95,490.2,29.57,65.64,2.07
2022-07-16 16:00:00,62.62,282.2,28.71,69.77,1.95
2022-07-16 17:00:00,26.92,95.43,27.42,78.47,1.44
2022-07-16 18:00:00,2.03,4.7,25.94,88.21,0.98
2022-07-16 19:00:00,0.0,0.0,25.38,90.38,0.98
2022-07-16 20:00:00,0.0,0.0,24.99,91.43,1.01
2022-07-16 21:00:00,0.0,0.0,24.67,92.17,1.06
2022-07-16 22:00:00,0.0,0.0,24.38,92.87,1.11
2022-07-16 23:00:00,0.0,0.0,24.11,93.68,1.13
2022-07-17 00:00:00,0.0,0.0,23.87,94.52,1.13
2022-07-17 01:00:00,0.0,0.0,23.68,95.36,1.15
2022-07-17 02:00:00,0.0,0.0,23.55,95.94,1.29
2022-07-17 03:00:00,0.0,0.0,23.54,95.86,1.83
2022-07-17 04:00:00,0.0,0.0,23.58,95.19,2.61
2022-07-17 05:00:00,0.0,0.0,23.41,95.78,2.75
2022-07-17 06:00:00,31.67,60.03,23.58,94.76,3.25
2022-07-17 07:00:00,116.28,241.5,24.07,91.34,3.99
2022-07-17 08:00:00,212.9,459.52,24.92,84.81,4.67
2022-07-17 09:00:00,288.38,657.6,26.25,77.59,4.79
2022-07-17 10:00:00,368.23,806.15,27.66,71.7,4.59
2022-07-17 11:00:00,525.05,889.5,28.7,67.72,4.25
2022-07-17 12:00:00,667.05,933.9,29.45,64.92,3.91
2022-07-17 13:00:00,666.78,872.8,29.79,63.17,3.6
2022-07-17 14:00:00,549.75,744.38,29.67,62.91,3.33
2022-07-17 15:00:00,450.23,561.3,29.14,64.91,2.94
2022-07-17 16:00:00,264.98,342.3,28.24,70.81,2.16
2022-07-17 17:00:00,97.25,122.7,27.19,78.73,1.48
2022-07-17 18:00:00,4.75,5.43,25.84,87.87,0.83
2022-07-17 19:00:00,0.0,0.0,25.4,89.17,0.79
2022-07-17 20:00:00,0.0,0.0,25.09,89.91,0.8
2022-07-17 21:00:00,0.0,0.0,24.79,90.58,0.85
2022-07-17 22:00:00,0.0,0.0,24.46,91.43,0.93
2022-07-17 23:00:00,0.0,0.0,24.17,92.28,1.04
2022-07-18 00:00:00,0.0,0.0,23.89,93.31,1.2
2022-07-18 01:00:00,0.0,0.0,23.64,94.55,1.4
2022-07-18 02:00:00,0.0,0.0,23.39,96.01,1.51
2022-07-18 03:00:00,0.0,0.0,23.25,96.93,1.7
2022-07-18 04:00:00,0.0,0.0,23.19,97.03,1.89
2022-07-18 05:00:00,0.0,0.0,23.12,96.82,2.11
2022-07-18 06:00:00,38.92,64.53,23.45,95.51,2.73
2022-07-18 07:00:00,139.48,258.45,24.06,91.23,3.86
2022-07-18 08:00:00,228.18,481.02,25.23,83.12,4.41
2022-07-18 09:00:00,336.9,678.35,26.8,74.46,4.36
2022-07-18 10:00:00,351.95,825.2,28.11,68.57,4.19
2022-07-18 11:00:00,331.45,907.35,29.19,63.83,4.05
2022-07-18 12:00:00,463.05,920.17,29.95,60.3,3.88
2022-07-18 13:00:00,432.5,856.97,30.4,58.0,3.69
2022-07-18 14:00:00,309.73,726.1,30.49,57.06,3.49
2022-07-18 15:00:00,225.48,540.17,30.2,57.56,3.29
2022-07-18 16:00:00,150.6,319.2,29.53,59.74,2.96
2022-07-18 17:00:00,69.53,110.4,27.97,69.63,1.9
2022-07-18 18:00:00,4.32,5.07,25.99,79.23,1.4
2022-07-18 19:00:00,0.0,0.0,25.23,80.74,1.64
2022-07-18 20:00:00,0.0,0.0,24.82,81.65,1.87
2022-07-18 21:00:00,0.0,0.0,24.51,82.66,1.99
2022-07-18 22:00:00,0.0,0.0,24.23,84.13,1.99
2022-07-18 23:00:00,0.0,0.0,23.96,85.69,1.99
2022-07-19 00:00:00,0.0,0.0,23.71,87.21,1.99
2022-07-19 01:00:00,0.0,0.0,23.43,89.12,1.87
2022-07-19 02:00:00,0.0,0.0,23.21,90.78,1.86
2022-07-19 03:00:00,0.0,0.0,23.1,91.88,1.98
2022-07-19 04:00:00,0.0,0.0,22.97,92.9,2.07
2022-07-19 05:00:00,0.0,0.0,22.86,93.38,2.17
2022-07-19 06:00:00,45.97,59.6,23.18,91.36,2.73
2022-07-19 07:00:00,169.0,242.23,24.09,83.45,3.9
2022-07-19 08:00:00,326.02,464.88,25.21,75.29,4.41
2022-07-19 09:00:00,481.58,665.47,26.23,70.33,4.42
2022-07-19 10:00:00,719.3,819.0,27.08,67.24,4.32
2022-07-19 11:00:00,786.05,905.17,27.59,65.56,4.17
2022-07-19 12:00:00,897.5,940.45,27.94,64.47,4.02
2022-07-19 13:00:00,728.8,880.97,28.16,63.88,3.85
2022-07-19 14:00:00,610.28,753.4,28.21,63.89,3.63
2022-07-19 15:00:00,433.65,570.4,28.02,64.99,3.24
2022-07-19 16:00:00,247.5,350.83,27.56,67.77,2.65
2022-07-19 17:00:00,94.57,128.1,26.6,75.89,1.59
2022-07-19 18:00:00,4.6,5.5,25.02,85.99,0.87
2022-07-19 19:00:00,0.0,0.0,24.44,87.76,0.82
2022-07-19 20:00:00,0.0,0.0,24.02,88.8,0.8
2022-07-19 21:00:00,0.0,0.0,23.68,89.82,0.81
2022-07-19 22:00:00,0.0,0.0,23.41,90.91,0.84
2022-07-19 23:00:00,0.0,0.0,23.09,91.98,0.9
2022-07-20 00:00:00,0.0,0.0,22.76,93.21,0.95
2022-07-20 01:00:00,0.0,0.0,22.41,94.64,0.97
2022-07-20 02:00:00,0.0,0.0,22.06,96.18,0.98
2022-07-20 03:00:00,0.0,0.0,21.72,97.84,0.95
2022-07-20 04:00:00,0.0,0.0,21.48,98.77,0.94
2022-07-20 05:00:00,0.0,0.0,21.36,99.0,0.99
2022-07-20 06:00:00,69.68,73.4,22.59,94.92,2.06
2022-07-20 07:00:00,250.1,281.45,24.14,87.76,3.03
2022-07-20 08:00:00,436.2,507.38,26.14,76.13,3.6
2022-07-20 09:00:00,615.03,705.05,27.77,67.92,3.44
2022-07-20 10:00:00,766.17,851.4,29.06,63.04,3.17
2022-07-20 11:00:00,883.6,933.25,30.06,59.87,2.96
2022-07-20 12:00:00,952.7,957.65,30.79,57.54,2.82
2022-07-20 13:00:00,821.83,897.0,31.17,55.98,2.72
2022-07-20 14:00:00,728.78,769.47,31.29,54.94,2.6
2022-07-20 15:00:00,538.15,586.53,31.02,55.28,2.47
2022-07-20 16:00:00,344.83,365.62,30.22,57.82,2.22
2022-07-20 17:00:00,130.45,137.52,28.9,66.28,1.55
2022-07-20 18:00:00,5.6,5.72,26.77,78.11,1.0
2022-07-20 19:00:00,0.0,0.0,26.02,78.97,1.17
2022-07-20 20:00:00,0.0,0.0,25.5,80.06,1.32
2022-07-20 21:00:00,0.0,0.0,24.98,81.84,1.38
2022-07-20 22:00:00,0.0,0.0,24.49,83.73,1.32
2022-07-20 23:00:00,0.0,0.0,24.02,85.59,1.26
2022-07-21 00:00:00,0.0,0.0,23.62,87.14,1.27
2022-07-21 01:00:00,0.0,0.0,23.24,88.83,1.33
2022-07-21 02:00:00,0.0,0.0,22.86,90.86,1.42
2022-07-21 03:00:00,0.0,0.0,22.5,93.04,1.49
2022-07-21 04:00:00,0.0,0.0,22.19,94.85,1.57
2022-07-21 05:00:00,0.0,0.0,21.99,95.71,1.73
2022-07-21 06:00:00,71.97,73.72,22.78,91.18,2.61
2022-07-21 07:00:00,270.15,281.8,24.53,81.16,3.23
2022-07-21 08:00:00,486.67,509.1,26.62,70.91,3.51
2022-07-21 09:00:00,659.67,709.15,28.32,64.28,3.15
2022-07-21 10:00:00,765.92,856.97,29.53,60.37,2.63
2022-07-21 11:00:00,871.3,938.9,30.48,57.63,2.25
2022-07-21 12:00:00,923.58,955.88,31.02,55.97,1.99
2022-07-21 13:00:00,763.0,892.67,31.12,55.37,1.75
2022-07-21 14:00:00,729.55,763.05,31.2,54.88,1.53
2022-07-21 15:00:00,568.15,577.7,31.23,54.66,1.36
2022-07-21 16:00:00,347.23,355.12,30.77,56.03,1.15
2022-07-21 17:00:00,126.82,130.15,29.91,61.43,0.77
2022-07-21 18:00:00,5.32,5.47,28.64,69.91,0.53
2022-07-21 19:00:00,0.0,0.0,28.02,71.36,0.54
2022-07-21 20:00:00,0.0,0.0,27.52,73.13,0.58
2022-07-21 21:00:00,0.0,0.0,26.87,76.14,0.61
2022-07-21 22:00:00,0.0,0.0,26.19,79.21,0.62
2022-07-21 23:00:00,0.0,0.0,25.59,81.62,0.61
2022-07-22 00:00:00,0.0,0.0,25.09,83.4,0.61
2022-07-22 01:00:00,0.0,0.0,24.67,84.62,0.63
2022-07-22 02:00:00,0.0,0.0,24.31,85.77,0.65
2022-07-22 03:00:00,0.0,0.0,23.98,86.85,0.69
2022-07-22 04:00:00,0.0,0.0,23.7,88.04,0.79
2022-07-22 05:00:00,0.0,0.0,23.48,88.66,0.92
2022-07-22 06:00:00,59.08,71.45,24.12,85.26,1.9
2022-07-22 07:00:00,232.25,282.2,25.88,76.66,2.16
2022-07-22 08:00:00,436.65,510.2,28.19,66.3,2.27
2022-07-22 09:00:00,628.6,710.2,29.86,61.0,2.13
2022-07-22 10:00:00,678.85,856.83,30.79,58.92,2.01
2022-07-22 11:00:00,742.92,936.97,31.38,57.72,1.93
2022-07-22 12:00:00,622.17,909.78,31.6,57.54,1.79
2022-07-22 13:00:00,553.65,847.83,31.51,58.24,1.68
2022-07-22 14:00:00,325.73,718.58,30.95,60.49,1.64
2022-07-22 15:00:00,233.82,534.42,29.98,65.15,1.58
2022-07-22 16:00:00,164.9,317.0,29.01,72.92,1.22
2022-07-22 17:00:00,62.83,109.43,27.89,78.44,1.19
2022-07-22 18:00:00,3.62,4.9,26.69,88.16,0.76
2022-07-22 19:00:00,0.0,0.0,26.06,91.19,0.69
2022-07-22 20:00:00,0.0,0.0,25.64,92.49,0.7
2022-07-22 21:00:00,0.0,0.0,25.33,93.18,0.8
2022-07-22 22:00:00,0.0,0.0,25.06,93.6,1.02
2022-07-22 23:00:00,0.0,0.0,24.86,93.68,1.44
2022-07-23 00:00:00,0.0,0.0,24.7,93.74,2.09
2022-07-23 01:00:00,0.0,0.0,24.5,94.33,2.36
2022-07-23 02:00:00,0.0,0.0,24.24,95.19,2.18
2022-07-23 03:00:00,0.0,0.0,23.98,95.9,1.7
2022-07-23 04:00:00,0.0,0.0,23.79,96.4,1.14
2022-07-23 05:00:00,0.0,0.0,23.78,96.14,0.94
2022-07-23 06:00:00,12.93,63.85,24.28,93.95,1.52
2022-07-23 07:00:00,61.88,256.95,24.9,91.33,1.69
2022-07-23 08:00:00,120.1,481.23,25.85,86.08,1.25
2022-07-23 09:00:00,210.85,680.92,26.57,81.66,0.33
2022-07-23 10:00:00,291.27,831.42,26.95,79.66,0.83
2022-07-23 11:00:00,359.3,914.83,27.07,79.29,1.84
2022-07-23 12:00:00,262.55,925.22,26.92,80.35,2.56
2022-07-23 13:00:00,357.02,863.72,26.77,80.56,3.29
2022-07-23 14:00:00,336.5,734.72,26.51,79.62,3.74
2022-07-23 15:00:00,176.12,550.85,26.31,78.45,3.74
2022-07-23 16:00:00,136.6,331.05,25.9,78.94,3.4
2022-07-23 17:00:00,53.0,114.97,25.04,83.35,2.66
2022-07-23 18:00:00,3.78,5.0,23.72,91.46,1.57
2022-07-23 19:00:00,0.0,0.0,23.26,93.73,1.52
2022-07-23 20:00:00,0.0,0.0,23.0,95.08,1.46
2022-07-23 21:00:00,0.0,0.0,22.87,96.16,1.44
2022-07-23 22:00:00,0.0,0.0,22.81,96.87,1.45
2022-07-23 23:00:00,0.0,0.0,22.8,97.2,1.48
2022-07-24 00:00:00,0.0,0.0,22.78,97.25,1.54
2022-07-24 01:00:00,0.0,0.0,22.67,97.31,1.59
2022-07-24 02:00:00,0.0,0.0,22.52,97.32,1.6
2022-07-24 03:00:00,0.0,0.0,22.48,97.04,1.84
2022-07-24 04:00:00,0.0,0.0,22.4,96.93,2.15
2022-07-24 05:00:00,0.0,0.0,22.34,96.97,2.34
2022-07-24 06:00:00,38.9,56.7,22.66,96.41,2.61
2022-07-24 07:00:00,137.35,236.68,23.38,94.6,3.19
2022-07-24 08:00:00,258.67,460.45,24.18,90.57,3.75
2022-07-24 09:00:00,410.9,663.05,25.25,84.54,3.87
2022-07-24 10:00:00,586.12,815.58,26.48,78.41,3.81
2022-07-24 11:00:00,600.5,901.65,27.52,74.06,3.65
2022-07-24 12:00:00,549.5,907.0,28.12,71.78,3.34
2022-07-24 13:00:00,582.78,848.12,28.57,70.23,3.07
2022-07-24 14:00:00,546.88,717.55,28.93,69.1,2.8
2022-07-24 15:00:00,444.9,532.1,28.87,69.4,2.47
2022-07-24 16:00:00,257.48,314.48,28.5,71.79,1.97
2022-07-24 17:00:00,89.72,108.68,27.51,78.33,1.22
2022-07-24 18:00:00,3.95,4.68,26.04,86.33,0.71
2022-07-24 19:00:00,0.0,0.0,25.66,85.08,0.73
2022-07-24 20:00:00,0.0,0.0,25.29,85.66,0.73
2022-07-24 21:00:00,0.0,0.0,24.83,87.12,0.75
2022-07-24 22:00:00,0.0,0.0,24.34,88.96,0.76
2022-07-24 23:00:00,0.0,0.0,23.9,90.64,0.73
2022-07-25 00:00:00,0.0,0.0,23.5,91.72,0.71
2022-07-25 01:00:00,0.0,0.0,23.17,92.64,0.68
2022-07-25 02:00:00,0.0,0.0,22.77,93.92,0.68
2022-07-25 03:00:00,0.0,0.0,22.4,95.43,0.7
2022-07-25 04:00:00,0.0,0.0,22.09,96.7,0.74
2022-07-25 05:00:00,0.0,0.0,21.92,97.69,0.77
2022-07-25 06:00:00,53.35,64.6,22.98,94.82,1.58
2022-07-25 07:00:00,208.9,261.6,24.56,88.89,2.05
2022-07-25 08:00:00,418.42,487.5,26.47,80.79,2.16
2022-07-25 09:00:00,614.65,689.55,28.04,74.27,1.66
2022-07-25 10:00:00,692.45,840.9,29.09,70.6,1.23
2022-07-25 11:00:00,818.92,924.8,29.86,68.17,1.07
2022-07-25 12:00:00,881.3,935.38,30.35,66.78,1.04
2022-07-25 13:00:00,824.95,873.83,30.72,65.61,1.02
2022-07-25 14:00:00,669.08,744.5,30.75,65.18,1.03
2022-07-25 15:00:00,403.48,559.78,30.6,65.11,1.04
2022-07-25 16:00:00,193.62,339.1,30.18,68.43,0.81
2022-07-25 17:00:00,78.22,120.3,29.64,68.96,0.76
2022-07-25 18:00:00,4.28,5.03,28.32,78.15,0.49
2022-07-25 19:00:00,0.0,0.0,27.73,77.73,0.55
2022-07-25 20:00:00,0.0,0.0,27.25,78.61,0.62
2022-07-25 21:00:00,0.0,0.0,26.71,80.59,0.65
2022-07-25 22:00:00,0.0,0.0,26.13,83.17,0.68
2022-07-25 23:00:00,0.0,0.0,25.48,86.71,0.69
2022-07-26 00:00:00,0.0,0.0,24.88,90.27,0.69
2022-07-26 01:00:00,0.0,0.0,24.42,91.97,0.74
2022-07-26 02:00:00,0.0,0.0,24.01,93.03,0.79
2022-07-26 03:00:00,0.0,0.0,23.72,93.92,0.82
2022-07-26 04:00:00,0.0,0.0,23.52,94.58,0.9
2022-07-26 05:00:00,0.0,0.0,23.36,95.03,1.02
2022-07-26 06:00:00,6.45,54.33,23.9,92.91,1.64
2022-07-26 07:00:00,16.58,226.27,24.63,90.33,2.15
2022-07-26 08:00:00,26.73,444.62,25.8,87.42,2.2
2022-07-26 09:00:00,35.35,648.7,27.34,80.27,2.63
2022-07-26 10:00:00,52.15,807.22,28.54,75.2,2.66
2022-07-26 11:00:00,158.25,898.55,29.59,71.16,2.36
2022-07-26 12:00:00,306.42,865.45,30.14,69.16,2.01
2022-07-26 13:00:00,484.42,818.05,30.28,68.64,1.78
2022-07-26 14:00:00,364.05,695.78,29.9,69.76,1.5
2022-07-26 15:00:00,226.65,517.92,29.2,74.65,1.1
2022-07-26 16:00:00,139.93,308.08,28.29,77.77,1.05
2022-07-26 17:00:00,54.67,106.2,27.17,83.57,0.88
2022-07-26 18:00:00,3.4,4.62,26.1,92.18,0.55
2022-07-26 19:00:00,0.0,0.0,25.61,93.56,0.58
2022-07-26 20:00:00,0.0,0.0,25.25,94.23,0.67
2022-07-26 21:00:00,0.0,0.0,24.94,94.75,0.74
2022-07-26 22:00:00,0.0,0.0,24.66,95.24,0.79
2022-07-26 23:00:00,0.0,0.0,24.32,95.78,0.89
2022-07-27 00:00:00,0.0,0.0,24.03,96.23,1.04
2022-07-27 01:00:00,0.0,0.0,23.78,96.66,1.17
2022-07-27 02:00:00,0.0,0.0,23.6,97.14,1.31
2022-07-27 03:00:00,0.0,0.0,23.47,97.35,1.51
2022-07-27 04:00:00,0.0,0.0,23.41,97.33,1.73
2022-07-27 05:00:00,0.0,0.0,23.35,97.22,1.95
2022-07-27 06:00:00,37.8,62.53,23.66,96.31,2.42
2022-07-27 07:00:00,134.25,256.0,24.33,94.52,2.79
2022-07-27 08:00:00,265.48,479.7,25.31,88.59,3.26
2022-07-27 09:00:00,385.02,677.78,26.39,77.93,3.79
2022-07-27 10:00:00,369.77,822.97,27.3,71.06,3.75
2022-07-27 11:00:00,378.8,907.3,27.9,68.53,3.57
2022-07-27 12:00:00,499.15,925.12,28.33,67.65,3.3
2022-07-27 13:00:00,503.12,863.67,28.62,67.32,2.97
2022-07-27 14:00:00,414.85,732.42,28.56,68.12,2.61
2022-07-27 15:00:00,300.98,542.7,28.24,69.87,2.25
2022-07-27 16:00:00,185.43,319.48,27.75,74.23,1.74
2022-07-27 17:00:00,75.12,111.25,26.94,79.47,1.39
2022-07-27 18:00:00,4.15,4.78,25.11,88.74,0.81
2022-07-27 19:00:00,0.0,0.0,24.61,89.32,0.81
2022-07-27 20:00:00,0.0,0.0,24.36,89.84,0.8
2022-07-27 21:00:00,0.0,0.0,24.12,90.57,0.8
2022-07-27 22:00:00,0.0,0.0,23.96,91.31,0.8
2022-07-27 23:00:00,0.0,0.0,23.68,92.32,0.84
2022-07-28 00:00:00,0.0,0.0,23.35,93.55,0.92
2022-07-28 01:00:00,0.0,0.0,23.23,94.31,1.1
2022-07-28 02:00:00,0.0,0.0,23.08,95.2,1.25
2022-07-28 03:00:00,0.0,0.0,22.84,96.36,1.28
2022-07-28 04:00:00,0.0,0.0,22.52,97.51,1.15
2022-07-28 05:00:00,0.0,0.0,22.25,98.25,1.1
2022-07-28 06:00:00,56.45,61.25,23.1,95.61,1.91
2022-07-28 07:00:00,224.8,251.75,24.57,90.31,2.5
2022-07-28 08:00:00,431.92,477.17,26.29,82.03,3.23
2022-07-28 09:00:00,531.1,679.1,27.64,75.38,3.29
2022-07-28 10:00:00,551.4,829.78,28.51,71.89,3.2
2022-07-28 11:00:00,512.85,911.15,29.21,69.5,3.16
2022-07-28 12:00:00,455.67,897.0,29.59,68.14,3.11
2022-07-28 13:00:00,392.0,824.58,29.77,67.32,3.02
2022-07-28 14:00:00,287.98,689.25,29.67,67.46,2.8
2022-07-28 15:00:00,271.3,499.2,28.97,70.89,2.34
2022-07-28 16:00:00,159.93,285.4,28.25,75.87,1.84
2022-07-28 17:00:00,59.6,93.35,27.24,81.46,1.43
2022-07-28 18:00:00,2.92,4.1,25.72,90.32,0.86
2022-07-28 19:00:00,0.0,0.0,25.21,91.65,0.86
2022-07-28 20:00:00,0.0,0.0,24.89,92.85,0.81
2022-07-28 21:00:00,0.0,0.0,24.65,93.91,0.71
2022-07-28 22:00:00,0.0,0.0,24.43,94.68,0.66
2022-07-28 23:00:00,0.0,0.0,24.11,95.38,0.72
2022-07-29 00:00:00,0.0,0.0,23.87,95.81,0.83
2022-07-29 01:00:00,0.0,0.0,23.68,96.22,0.89
2022-07-29 02:00:00,0.0,0.0,23.56,96.46,0.89
2022-07-29 03:00:00,0.0,0.0,23.46,96.66,0.95
2022-07-29 04:00:00,0.0,0.0,23.37,96.72,0.97
2022-07-29 05:00:00,0.0,0.0,23.33,96.82,1.09
2022-07-29 06:00:00,52.6,52.97,23.57,95.3,1.77
2022-07-29 07:00:00,206.15,216.4,23.8,93.9,2.33
2022-07-29 08:00:00,406.08,427.1,23.97,90.94,3.19
2022-07-29 09:00:00,557.83,624.5,24.46,86.86,3.59
2022-07-29 10:00:00,562.78,776.58,25.22,83.1,3.59
2022-07-29 11:00:00,643.53,865.03,26.35,78.91,3.48
2022-07-29 12:00:00,686.45,895.0,27.34,75.21,3.24
2022-07-29 13:00:00,604.55,832.4,27.48,74.3,2.91
2022-07-29 14:00:00,479.27,700.25,27.11,75.77,2.58
2022-07-29 15:00:00,377.27,511.42,26.87,77.43,2.3
2022-07-29 16:00:00,231.02,298.77,26.53,80.13,1.86
2022-07-29 17:00:00,84.3,101.9,25.65,86.71,1.1
2022-07-29 18:00:00,3.95,4.3,24.42,93.21,0.59
2022-07-29 19:00:00,0.0,0.0,24.12,92.57,0.57
2022-07-29 20:00:00,0.0,0.0,24.02,92.15,0.53
2022-07-29 21:00:00,0.0,0.0,23.82,92.56,0.53
2022-07-29 22:00:00,0.0,0.0,23.53,93.28,0.55
2022-07-29 23:00:00,0.0,0.0,23.22,94.51,0.56
2022-07-30 00:00:00,0.0,0.0,22.95,95.9,0.56
2022-07-30 01:00:00,0.0,0.0,22.74,96.63,0.6
2022-07-30 02:00:00,0.0,0.0,22.54,97.02,0.67
2022-07-30 03:00:00,0.0,0.0,22.32,97.38,0.75
2022-07-30 04:00:00,0.0,0.0,22.2,97.57,0.81
2022-07-30 05:00:00,0.0,0.0,22.1,97.79,0.85
2022-07-30 06:00:00,48.78,59.2,22.83,96.18,1.49
2022-07-30 07:00:00,184.65,248.12,23.78,93.75,1.99
2022-07-30 08:00:00,350.08,474.6,25.14,88.67,2.49
2022-07-30 09:00:00,465.3,680.75,26.29,83.12,2.71
2022-07-30 10:00:00,566.53,836.1,27.09,79.02,2.61
2022-07-30 11:00:00,667.0,925.22,27.73,75.82,2.45
2022-07-30 12:00:00,669.25,938.1,28.17,73.72,2.24
2022-07-30 13:00:00,597.05,872.67,28.39,72.64,1.99
2022-07-30 14:00:00,474.4,742.5,28.37,72.6,1.8
2022-07-30 15:00:00,345.65,555.03,28.04,74.52,1.69
2022-07-30 16:00:00,229.75,332.02,27.45,79.26,1.34
2022-07-30 17:00:00,87.45,115.53,26.43,85.99,1.0
2022-07-30 18:00:00,4.28,4.57,25.17,91.12,0.75
2022-07-30 19:00:00,0.0,0.0,24.74,91.88,0.79
2022-07-30 20:00:00,0.0,0.0,24.43,92.7,0.8
2022-07-30 21:00:00,0.0,0.0,24.16,93.44,0.8
2022-07-30 22:00:00,0.0,0.0,23.88,94.15,0.8
2022-07-30 23:00:00,0.0,0.0,23.59,94.8,0.85
2022-07-31 00:00:00,0.0,0.0,23.3,95.38,0.93
2022-07-31 01:00:00,0.0,0.0,23.0,96.08,1.03
2022-07-31 02:00:00,0.0,0.0,22.74,96.55,1.15
2022-07-31 03:00:00,0.0,0.0,22.48,97.14,1.26
2022-07-31 04:00:00,0.0,0.0,22.28,97.59,1.3
2022-07-31 05:00:00,0.0,0.0,22.1,97.82,1.21
2022-07-31 06:00:00,53.0,64.22,22.71,96.05,1.83
2022-07-31 07:00:00,174.48,263.9,23.79,93.02,2.0
2022-07-31 08:00:00,288.73,490.12,25.9,83.12,2.07
2022-07-31 09:00:00,434.4,691.47,27.65,75.29,2.11
2022-07-31 10:00:00,425.77,840.6,28.7,71.48,2.04
2022-07-31 11:00:00,190.73,923.55,29.25,69.69,1.91
2022-07-31 12:00:00,93.43,934.12,29.44,69.32,1.72
2022-07-31 13:00:00,84.2,870.15,29.24,70.19,1.48
2022-07-31 14:00:00,178.05,738.28,28.96,71.73,1.23
2022-07-31 15:00:00,209.0,550.1,28.64,75.24,0.87
2022-07-31 16:00:00,188.93,328.25,28.4,74.78,0.66
2022-07-31 17:00:00,66.4,112.28,27.37,80.29,0.39
2022-07-31 18:00:00,3.28,4.45,26.87,81.09,0.29
2022-07-31 19:00:00,0.0,0.0,26.61,79.97,0.26
2022-07-31 20:00:00,0.0,0.0,26.35,79.75,0.23
2022-07-31 21:00:00,0.0,0.0,26.18,79.84,0.22
2022-07-31 22:00:00,0.0,0.0,25.85,81.09,0.32
2022-07-31 23:00:00,0.0,0.0,25.23,84.63,0.5
2022-08-01 00:00:00,0.0,0.0,24.52,88.84,0.66
2022-08-01 01:00:00,0.0,0.0,23.89,92.09,0.77
2022-08-01 02:00:00,0.0,0.0,23.47,93.54,0.92
2022-08-01 03:00:00,0.0,0.0,23.15,94.42,1.15
2022-08-01 04:00:00,0.0,0.0,22.93,95.3,1.49
2022-08-01 05:00:00,0.0,0.0,22.78,96.19,1.95
2022-08-01 06:00:00,49.62,66.6,23.21,95.33,2.69
2022-08-01 07:00:00,187.45,271.2,24.49,91.41,3.5
2022-08-01 08:00:00,375.65,501.4,26.26,83.96,4.1
2022-08-01 09:00:00,593.78,703.65,27.93,77.06,3.79
2022-08-01 10:00:00,766.62,853.78,29.15,71.87,3.25
2022-08-01 11:00:00,790.45,935.08,30.04,67.33,2.83
2022-08-01 12:00:00,738.65,929.65,30.55,64.19,2.52
2022-08-01 13:00:00,493.17,863.45,30.76,62.23,2.28
2022-08-01 14:00:00,510.92,728.17,30.7,61.42,2.1
2022-08-01 15:00:00,377.5,536.5,30.38,61.82,1.92
2022-08-01 16:00:00,202.75,315.33,29.79,64.67,1.58
2022-08-01 17:00:00,76.0,108.9,28.84,69.12,1.2
2022-08-01 18:00:00,3.22,4.3,26.8,82.07,0.75
2022-08-01 19:00:00,0.0,0.0,26.0,83.96,0.8
2022-08-01 20:00:00,0.0,0.0,25.41,86.58,0.85
2022-08-01 21:00:00,0.0,0.0,24.86,88.36,0.96
2022-08-01 22:00:00,0.0,0.0,24.34,90.03,1.13
2022-08-01 23:00:00,0.0,0.0,23.91,91.6,1.35
2022-08-02 00:00:00,0.0,0.0,23.53,93.52,1.57
2022-08-02 01:00:00,0.0,0.0,23.28,95.02,1.77
2022-08-02 02:00:00,0.0,0.0,23.03,96.06,1.88
2022-08-02 03:00:00,0.0,0.0,22.84,96.69,2.15
2022-08-02 04:00:00,0.0,0.0,22.75,96.75,2.45
2022-08-02 05:00:00,0.0,0.0,22.6,96.72,2.52
2022-08-02 06:00:00,43.2,65.3,22.96,95.3,3.1
2022-08-02 07:00:00,152.23,268.6,23.8,90.01,3.95
2022-08-02 08:00:00,278.6,497.48,24.95,82.45,4.28
2022-08-02 09:00:00,348.17,703.1,26.29,76.33,4.1
2022-08-02 10:00:00,366.38,852.65,27.58,72.01,3.73
2022-08-02 11:00:00,353.15,936.22,28.75,68.34,3.36
2022-08-02 12:00:00,378.02,946.3,29.44,66.19,3.1
2022-08-02 13:00:00,371.1,882.9,29.74,65.26,2.86
2022-08-02 14:00:00,308.7,750.55,29.74,64.99,2.62
2022-08-02 15:00:00,260.17,561.65,29.52,65.56,2.35
2022-08-02 16:00:00,157.12,336.6,28.79,69.01,1.92
2022-08-02 17:00:00,54.83,115.9,27.81,75.54,1.29
2022-08-02 18:00:00,2.8,4.28,26.11,87.34,0.71
2022-08-02 19:00:00,0.0,0.0,25.59,89.03,0.68
2022-08-02 20:00:00,0.0,0.0,25.24,90.08,0.69
2022-08-02 21:00:00,0.0,0.0,24.85,91.2,0.72
2022-08-02 22:00:00,0.0,0.0,24.43,92.14,0.79
2022-08-02 23:00:00,0.0,0.0,24.03,93.02,0.89
2022-08-03 00:00:00,0.0,0.0,23.72,93.74,0.98
2022-08-03 01:00:00,0.0,0.0,23.5,94.46,1.08
2022-08-03 02:00:00,0.0,0.0,23.3,95.3,1.14
2022-08-03 03:00:00,0.0,0.0,23.11,96.25,1.14
2022-08-03 04:00:00,0.0,0.0,22.93,97.0,1.11
2022-08-03 05:00:00,0.0,0.0,22.78,97.54,1.09
2022-08-03 06:00:00,51.0,65.0,23.39,95.36,1.92
2022-08-03 07:00:00,183.55,267.25,24.49,91.45,2.43
2022-08-03 08:00:00,342.75,497.73,26.03,84.01,2.79
2022-08-03 09:00:00,425.42,700.53,27.46,77.05,2.82
2022-08-03 10:00:00,475.15,853.25,28.4,72.79,2.65
2022-08-03 11:00:00,459.98,936.75,28.9,70.61,2.46
2022-08-03 12:00:00,528.5,863.8,29.45,68.95,2.25
2022-08-03 13:00:00,510.33,806.92,29.78,67.59,1.96
2022-08-03 14:00:00,482.95,676.25,29.76,67.41,1.6
2022-08-03 15:00:00,385.48,481.05,29.49,68.44,1.25
2022-08-03 16:00:00,247.15,284.58,28.98,72.2,0.9
2022-08-03 17:00:00,78.45,92.75,28.3,74.73,0.7
2022-08-03 18:00:00,3.08,3.72,27.07,84.6,0.48
2022-08-03 19:00:00,0.0,0.0,26.4,86.83,0.58
2022-08-03 20:00:00,0.0,0.0,25.77,89.86,0.62
2022-08-03 21:00:00,0.0,0.0,25.22,91.73,0.68
2022-08-03 22:00:00,0.0,0.0,24.73,92.75,0.76
2022-08-03 23:00:00,0.0,0.0,24.29,93.59,0.84
2022-08-04 00:00:00,0.0,0.0,23.93,94.2,0.96
2022-08-04 01:00:00,0.0,0.0,23.64,94.78,1.13
2022-08-04 02:00:00,0.0,0.0,23.39,95.43,1.34
2022-08-04 03:00:00,0.0,0.0,23.15,96.28,1.59
2022-08-04 04:00:00,0.0,0.0,22.97,97.04,1.73
2022-08-04 05:00:00,0.0,0.0,22.87,97.18,1.73
2022-08-04 06:00:00,52.95,58.65,23.4,95.59,2.39
2022-08-04 07:00:00,194.9,246.88,24.51,91.47,2.88
2022-08-04 08:00:00,371.23,473.8,25.99,83.79,3.28
2022-08-04 09:00:00,385.95,681.97,27.39,76.97,3.22
2022-08-04 10:00:00,417.88,833.75,28.41,72.89,2.91
2022-08-04 11:00:00,445.7,917.38,29.18,70.18,2.56
2022-08-04 12:00:00,544.38,947.28,29.78,68.11,2.21
2022-08-04 13:00:00,445.8,883.17,30.08,66.61,1.91
2022-08-04 14:00:00,476.92,751.1,30.09,65.95,1.72
2022-08-04 15:00:00,408.85,559.65,29.95,65.95,1.54
2022-08-04 16:00:00,231.93,338.12,29.44,68.24,1.28
2022-08-04 17:00:00,74.1,115.6,28.53,74.16,0.87
2022-08-04 18:00:00,2.65,4.03,27.27,83.05,0.52
2022-08-04 19:00:00,0.0,0.0,26.91,81.82,0.5
2022-08-04 20:00:00,0.0,0.0,26.43,83.32,0.49
2022-08-04 21:00:00,0.0,0.0,25.92,85.59,0.5
2022-08-04 22:00:00,0.0,0.0,25.48,87.58,0.48
2022-08-04 23:00:00,0.0,0.0,24.92,90.52,0.49
2022-08-05 00:00:00,0.0,0.0,24.34,93.4,0.51
2022-08-05 01:00:00,0.0,0.0,23.91,94.98,0.57
2022-08-05 02:00:00,0.0,0.0,23.56,96.0,0.65
2022-08-05 03:00:00,0.0,0.0,23.31,96.74,0.72
2022-08-05 04:00:00,0.0,0.0,23.09,97.28,0.76
2022-08-05 05:00:00,0.0,0.0,22.88,98.01,0.73
2022-08-05 06:00:00,52.28,62.28,23.8,95.2,1.39
2022-08-05 07:00:00,200.07,259.02,25.1,89.42,1.68
2022-08-05 08:00:00,367.0,482.48,26.62,80.74,1.93
2022-08-05 09:00:00,472.77,681.95,27.81,74.7,1.91
2022-08-05 10:00:00,595.95,824.17,28.69,70.96,1.75
2022-08-05 11:00:00,634.42,905.72,29.4,68.08,1.76
2022-08-05 12:00:00,749.9,966.22,29.94,66.05,1.9
2022-08-05 13:00:00,579.12,904.65,30.29,64.5,2.04
2022-08-05 14:00:00,477.38,773.97,30.37,63.77,2.06
2022-08-05 15:00:00,325.95,587.05,30.18,64.11,1.95
2022-08-05 16:00:00,191.3,362.42,29.41,67.86,1.64
2022-08-05 17:00:00,70.2,131.88,28.37,74.6,1.29
2022-08-05 18:00:00,3.05,4.28,26.46,86.64,0.87
2022-08-05 19:00:00,0.0,0.0,25.62,88.04,1.06
2022-08-05 20:00:00,0.0,0.0,25.0,89.48,1.25
2022-08-05 21:00:00,0.0,0.0,24.46,91.1,1.34
2022-08-05 22:00:00,0.0,0.0,24.0,92.57,1.36
2022-08-05 23:00:00,0.0,0.0,23.61,93.73,1.35
2022-08-06 00:00:00,0.0,0.0,23.34,94.46,1.42
2022-08-06 01:00:00,0.0,0.0,23.11,95.2,1.5
2022-08-06 02:00:00,0.0,0.0,22.91,95.88,1.56
2022-08-06 03:00:00,0.0,0.0,22.77,96.46,1.6
2022-08-06 04:00:00,0.0,0.0,22.68,96.9,1.59
2022-08-06 05:00:00,0.0,0.0,22.63,97.21,1.55
2022-08-06 06:00:00,70.57,71.88,23.39,95.26,2.32
2022-08-06 07:00:00,266.38,289.02,24.78,90.79,2.74
2022-08-06 08:00:00,495.27,520.2,26.51,82.81,2.81
2022-08-06 09:00:00,669.88,720.1,28.01,75.6,2.52
2022-08-06 10:00:00,840.42,867.03,29.22,70.53,2.23
2022-08-06 11:00:00,923.15,949.28,29.96,67.56,1.95
2022-08-06 12:00:00,957.83,976.5,30.38,65.65,1.69
2022-08-06 13:00:00,825.4,913.67,30.63,64.28,1.44
2022-08-06 14:00:00,710.83,782.35,30.68,63.36,1.19
2022-08-06 15:00:00,533.97,593.67,30.5,63.31,1.03
2022-08-06 16:00:00,326.77,367.2,30.08,64.92,0.94
2022-08-06 17:00:00,123.55,133.43,29.31,70.12,0.78
2022-08-06 18:00:00,4.1,4.22,27.6,81.22,0.61
2022-08-06 19:00:00,0.0,0.0,26.67,83.77,0.71
2022-08-06 20:00:00,0.0,0.0,25.93,86.73,0.77
2022-08-06 21:00:00,0.0,0.0,25.42,88.09,0.87
2022-08-06 22:00:00,0.0,0.0,25.02,89.09,0.95
2022-08-06 23:00:00,0.0,0.0,24.66,90.19,0.98
2022-08-07 00:00:00,0.0,0.0,24.31,91.38,1.0
2022-08-07 01:00:00,0.0,0.0,23.99,92.48,1.03
2022-08-07 02:00:00,0.0,0.0,23.68,93.71,1.08
2022-08-07 03:00:00,0.0,0.0,23.4,94.86,1.11
2022-08-07 04:00:00,0.0,0.0,23.03,96.53,1.1
2022-08-07 05:00:00,0.0,0.0,22.72,98.06,1.03
2022-08-07 06:00:00,65.03,68.03,23.81,93.55,1.86
2022-08-07 07:00:00,248.9,275.98,25.79,83.45,2.25
2022-08-07 08:00:00,446.88,505.52,27.83,73.75,2.44
2022-08-07 09:00:00,706.92,709.62,29.32,68.47,2.2
2022-08-07 10:00:00,859.55,859.78,30.44,64.97,1.81
2022-08-07 11:00:00,939.33,943.53,31.27,62.4,1.46
2022-08-07 12:00:00,765.0,949.65,31.79,60.56,1.17
2022-08-07 13:00:00,685.38,886.53,32.01,59.19,0.9
2022-08-07 14:00:00,542.42,752.53,31.91,58.44,0.66
2022-08-07 15:00:00,466.55,562.62,31.56,58.45,0.4
2022-08-07 16:00:00,295.83,337.38,31.1,59.62,0.3
2022-08-07 17:00:00,106.45,115.9,30.12,65.18,0.31
2022-08-07 18:00:00,3.58,3.78,28.88,72.82,0.39
2022-08-07 19:00:00,0.0,0.0,27.92,78.2,0.53
2022-08-07 20:00:00,0.0,0.0,27.1,79.01,0.66
2022-08-07 21:00:00,0.0,0.0,26.33,81.62,0.78
2022-08-07 22:00:00,0.0,0.0,25.65,84.17,0.84
2022-08-07 23:00:00,0.0,0.0,25.03,86.81,0.89
2022-08-08 00:00:00,0.0,0.0,24.53,88.43,0.95
2022-08-08 01:00:00,0.0,0.0,24.13,89.8,1.05
2022-08-08 02:00:00,0.0,0.0,23.77,91.27,1.18
2022-08-08 03:00:00,0.0,0.0,23.49,92.83,1.29
2022-08-08 04:00:00,0.0,0.0,23.28,94.21,1.42
2022-08-08 05:00:00,0.0,0.0,23.11,95.28,1.54
2022-08-08 06:00:00,67.57,67.9,24.02,91.59,2.46
2022-08-08 07:00:00,274.1,276.6,25.96,82.19,3.04
2022-08-08 08:00:00,502.0,507.05,28.02,73.23,3.22
2022-08-08 09:00:00,669.0,708.88,29.51,67.93,2.92
2022-08-08 10:00:00,804.9,857.92,30.37,65.08,2.49
2022-08-08 11:00:00,795.03,939.75,30.95,63.23,2.1
2022-08-08 12:00:00,703.88,915.03,31.09,62.61,1.69
2022-08-08 13:00:00,633.6,848.45,31.27,61.9,1.28
2022-08-08 14:00:00,555.42,715.35,31.17,61.71,0.8
2022-08-08 15:00:00,425.55,529.38,30.68,63.13,0.36
2022-08-08 16:00:00,242.32,308.62,29.92,67.02,0.43
2022-08-08 17:00:00,83.12,100.05,28.89,73.46,0.61
2022-08-08 18:00:00,3.25,3.33,27.58,82.32,0.51
2022-08-08 19:00:00,0.0,0.0,27.01,83.27,0.42
2022-08-08 20:00:00,0.0,0.0,26.7,83.32,0.34
2022-08-08 21:00:00,0.0,0.0,26.29,84.62,0.46
2022-08-08 22:00:00,0.0,0.0,25.66,88.08,0.55
2022-08-08 23:00:00,0.0,0.0,25.19,90.35,0.54
2022-08-09 00:00:00,0.0,0.0,24.8,91.82,0.54
2022-08-09 01:00:00,0.0,0.0,24.53,92.87,0.53
2022-08-09 02:00:00,0.0,0.0,24.33,93.74,0.52
2022-08-09 03:00:00,0.0,0.0,24.16,94.59,0.52
2022-08-09 04:00:00,0.0,0.0,23.96,95.49,0.59
2022-08-09 05:00:00,0.0,0.0,23.76,96.22,0.81
2022-08-09 06:00:00,57.7,57.1,24.29,94.31,1.95
2022-08-09 07:00:00,232.5,244.12,25.26,90.56,2.82
2022-08-09 08:00:00,462.4,470.95,26.5,84.25,3.3
2022-08-09 09:00:00,599.42,676.45,27.54,79.07,3.33
2022-08-09 10:00:00,705.35,835.6,28.36,75.4,2.95
2022-08-09 11:00:00,681.45,918.5,28.88,73.16,2.3
2022-08-09 12:00:00,618.0,882.42,29.19,70.78,1.53
2022-08-09 13:00:00,592.05,813.35,29.24,69.22,0.96
2022-08-09 14:00:00,473.6,665.95,29.07,68.75,0.8
2022-08-09 15:00:00,310.67,474.2,28.56,70.48,0.81
2022-08-09 16:00:00,206.0,270.67,28.06,75.44,0.59
2022-08-09 17:00:00,66.75,83.32,27.37,76.93,0.47
2022-08-09 18:00:00,2.62,2.83,26.58,81.42,0.03
2022-08-09 19:00:00,0.0,0.0,25.88,84.56,0.45
2022-08-09 20:00:00,0.0,0.0,24.98,90.34,0.6
2022-08-09 21:00:00,0.0,0.0,24.47,92.0,0.72
2022-08-09 22:00:00,0.0,0.0,24.13,92.81,0.82
2022-08-09 23:00:00,0.0,0.0,23.85,93.72,0.85
2022-08-10 00:00:00,0.0,0.0,23.61,94.61,0.85
2022-08-10 01:00:00,0.0,0.0,23.38,95.55,0.86
2022-08-10 02:00:00,0.0,0.0,23.2,96.34,0.91
2022-08-10 03:00:00,0.0,0.0,23.05,97.0,0.93
2022-08-10 04:00:00,0.0,0.0,22.92,97.52,0.93
2022-08-10 05:00:00,0.0,0.0,22.85,97.69,1.06
2022-08-10 06:00:00,47.62,50.42,23.4,95.78,1.87
2022-08-10 07:00:00,191.35,222.5,24.51,92.14,2.64
2022-08-10 08:00:00,343.02,428.7,26.04,85.58,3.07
2022-08-10 09:00:00,483.75,630.38,27.49,78.72,2.97
2022-08-10 10:00:00,606.62,783.88,28.76,73.25,2.81
2022-08-10 11:00:00,656.92,871.28,29.7,69.83,2.69
2022-08-10 12:00:00,582.95,914.85,30.2,67.98,2.57
2022-08-10 13:00:00,483.92,849.28,30.41,67.1,2.47
2022-08-10 14:00:00,444.88,714.03,30.45,66.97,2.38
2022-08-10 15:00:00,329.75,522.92,30.1,68.77,2.13
2022-08-10 16:00:00,184.52,301.7,29.5,73.63,1.51
2022-08-10 17:00:00,69.93,97.78,28.73,76.7,1.21
2022-08-10 18:00:00,2.53,3.03,27.39,85.74,0.61
2022-08-10 19:00:00,0.0,0.0,27.13,84.09,0.61
2022-08-10 20:00:00,0.0,0.0,26.69,85.29,0.62
2022-08-10 21:00:00,0.0,0.0,26.17,87.46,0.63
2022-08-10 22:00:00,0.0,0.0,25.62,90.48,0.64
2022-08-10 23:00:00,0.0,0.0,25.14,92.98,0.66
2022-08-11 00:00:00,0.0,0.0,24.75,94.57,0.73
2022-08-11 01:00:00,0.0,0.0,24.43,95.58,0.88
2022-08-11 02:00:00,0.0,0.0,24.21,96.2,1.07
2022-08-11 03:00:00,0.0,0.0,24.05,96.76,1.32
2022-08-11 04:00:00,0.0,0.0,23.99,96.93,1.73
2022-08-11 05:00:00,0.0,0.0,23.92,97.13,2.16
2022-08-11 06:00:00,51.78,62.05,24.18,96.29,2.75
2022-08-11 07:00:00,174.9,264.83,24.79,94.34,3.15
2022-08-11 08:00:00,331.67,498.0,25.54,89.58,3.34
2022-08-11 09:00:00,441.6,701.62,26.48,84.38,3.39
2022-08-11 10:00:00,617.35,853.22,27.65,79.41,3.38
2022-08-11 11:00:00,800.47,939.3,28.97,74.69,3.27
2022-08-11 12:00:00,869.65,919.88,29.52,72.47,3.0
2022-08-11 13:00:00,626.33,855.58,29.55,72.13,2.73
2022-08-11 14:00:00,559.25,727.12,29.47,72.67,2.51
2022-08-11 15:00:00,366.52,538.05,29.22,74.43,2.28
2022-08-11 16:00:00,189.88,313.98,28.57,79.62,1.65
2022-08-11 17:00:00,59.67,100.25,27.56,85.96,1.19
2022-08-11 18:00:00,2.2,2.95,26.38,91.61,0.73
2022-08-11 19:00:00,0.0,0.0,25.97,92.27,0.74
2022-08-11 20:00:00,0.0,0.0,25.62,93.09,0.77
2022-08-11 21:00:00,0.0,0.0,25.35,93.64,0.77
2022-08-11 22:00:00,0.0,0.0,25.1,94.32,0.75
2022-08-11 23:00:00,0.0,0.0,24.91,94.91,0.75
2022-08-12 00:00:00,0.0,0.0,24.73,95.41,0.82
2022-08-12 01:00:00,0.0,0.0,24.53,95.89,0.9
2022-08-12 02:00:00,0.0,0.0,24.3,96.41,1.03
2022-08-12 03:00:00,0.0,0.0,24.09,96.74,1.23
2022-08-12 04:00:00,0.0,0.0,23.91,97.03,1.51
2022-08-12 05:00:00,0.0,0.0,23.79,97.13,1.86
2022-08-12 06:00:00,36.83,56.7,23.92,96.7,2.37
2022-08-12 07:00:00,151.68,246.82,24.38,95.8,2.77
2022-08-12 08:00:00,282.58,471.58,25.11,93.89,2.84
2022-08-12 09:00:00,334.35,672.22,25.97,90.61,3.1
2022-08-12 10:00:00,447.05,818.47,26.7,87.52,2.95
2022-08-12 11:00:00,545.62,892.25,27.05,85.8,2.93
2022-08-12 12:00:00,709.05,945.4,27.07,85.52,3.12
2022-08-12 13:00:00,689.67,876.67,26.96,86.47,3.17
2022-08-12 14:00:00,528.45,743.1,26.81,88.11,2.87
2022-08-12 15:00:00,331.08,554.25,26.58,90.26,2.43
2022-08-12 16:00:00,191.18,327.83,26.28,92.46,2.06
2022-08-12 17:00:00,61.9,106.3,25.68,94.93,1.68
2022-08-12 18:00:00,1.62,2.95,24.99,96.25,1.63
2022-08-12 19:00:00,0.0,0.0,24.76,96.35,1.77
2022-08-12 20:00:00,0.0,0.0,24.6,96.55,1.86
2022-08-12 21:00:00,0.0,0.0,24.49,96.7,1.92
2022-08-12 22:00:00,0.0,0.0,24.38,96.71,2.02
2022-08-12 23:00:00,0.0,0.0,24.25,96.65,2.11
2022-08-13 00:00:00,0.0,0.0,24.05,96.84,2.11
2022-08-13 01:00:00,0.0,0.0,23.89,96.91,2.14
2022-08-13 02:00:00,0.0,0.0,23.73,97.1,2.04
2022-08-13 03:00:00,0.0,0.0,23.6,97.21,1.95
2022-08-13 04:00:00,0.0,0.0,23.48,97.35,1.88
2022-08-13 05:00:00,0.0,0.0,23.36,97.44,1.8
2022-08-13 06:00:00,47.92,62.1,23.75,96.61,2.18
2022-08-13 07:00:00,189.3,268.2,24.64,94.71,2.37
2022-08-13 08:00:00,376.23,504.9,26.04,88.2,2.42
2022-08-13 09:00:00,560.28,707.12,27.33,80.44,2.36
2022-08-13 10:00:00,633.22,858.1,28.29,75.85,2.12
2022-08-13 11:00:00,689.58,941.58,28.76,73.93,1.84
2022-08-13 12:00:00,634.75,926.55,29.01,72.96,1.62
2022-08-13 13:00:00,576.75,857.15,29.09,72.61,1.35
2022-08-13 14:00:00,491.62,721.1,28.81,73.52,1.07
2022-08-13 15:00:00,398.75,529.45,28.39,76.88,0.57
2022-08-13 16:00:00,256.33,305.85,27.95,78.76,0.32
2022-08-13 17:00:00,99.32,106.25,27.41,79.52,0.06
2022-08-13 18:00:00,0.0,0.0,26.44,85.44,0.44
2022-08-13 19:00:00,0.0,0.0,25.4,92.07,0.6
2022-08-13 20:00:00,0.0,0.0,24.86,93.6,0.75
2022-08-13 21:00:00,0.0,0.0,24.56,94.11,0.87
2022-08-13 22:00:00,0.0,0.0,24.31,94.63,0.98
2022-08-13 23:00:00,0.0,0.0,24.07,95.04,1.17
2022-08-14 00:00:00,0.0,0.0,23.86,95.29,1.52
2022-08-14 01:00:00,0.0,0.0,23.69,95.34,2.07
2022-08-14 02:00:00,0.0,0.0,23.52,95.72,2.4
2022-08-14 03:00:00,0.0,0.0,23.35,96.18,2.36
2022-08-14 04:00:00,0.0,0.0,23.16,96.75,1.88
2022-08-14 05:00:00,0.0,0.0,22.93,97.65,1.22
2022-08-14 06:00:00,36.0,62.7,23.44,95.82,1.56
2022-08-14 07:00:00,115.72,267.0,24.33,92.17,2.28
2022-08-14 08:00:00,166.5,497.52,25.23,88.7,2.63
2022-08-14 09:00:00,133.85,700.8,26.1,85.4,2.44
2022-08-14 10:00:00,262.55,850.88,26.74,83.34,2.13
2022-08-14 11:00:00,473.4,932.7,27.27,81.52,1.93
2022-08-14 12:00:00,591.95,935.28,27.56,79.98,1.91
2022-08-14 13:00:00,500.48,854.65,27.49,79.97,2.1
2022-08-14 14:00:00,388.85,703.4,27.33,80.59,2.4
2022-08-14 15:00:00,352.4,496.62,27.17,81.98,2.43
2022-08-14 16:00:00,191.93,273.52,26.97,84.03,2.16
2022-08-14 17:00:00,61.47,90.12,26.11,90.8,1.27
2022-08-14 18:00:00,0.0,0.0,24.81,95.51,0.99
2022-08-14 19:00:00,0.0,0.0,24.44,96.33,1.1
2022-08-14 20:00:00,0.0,0.0,24.23,96.9,1.19
2022-08-14 21:00:00,0.0,0.0,24.14,97.07,1.21
2022-08-14 22:00:00,0.0,0.0,24.03,97.26,1.26
2022-08-14 23:00:00,0.0,0.0,23.94,97.13,1.47
2022-08-15 00:00:00,0.0,0.0,23.8,96.98,1.67
2022-08-15 01:00:00,0.0,0.0,23.68,96.61,1.9
2022-08-15 02:00:00,0.0,0.0,23.54,96.65,1.98
2022-08-15 03:00:00,0.0,0.0,23.38,96.87,1.91
2022-08-15 04:00:00,0.0,0.0,23.32,96.66,2.07
2022-08-15 05:00:00,0.0,0.0,23.23,96.62,2.23
2022-08-15 06:00:00,35.0,56.5,23.31,96.36,2.51
2022-08-15 07:00:00,148.57,247.65,23.69,95.46,2.73
2022-08-15 08:00:00,298.4,477.38,24.22,93.5,3.11
2022-08-15 09:00:00,386.98,685.47,24.9,90.37,3.49
2022-08-15 10:00:00,444.38,840.25,26.04,85.36,3.41
2022-08-15 11:00:00,407.27,926.65,27.28,79.94,3.05
2022-08-15 12:00:00,375.8,935.88,28.29,76.02,2.58
2022-08-15 13:00:00,299.67,869.53,28.74,74.23,2.1
2022-08-15 14:00:00,257.5,734.03,28.8,73.65,1.61
2022-08-15 15:00:00,195.52,541.58,28.53,74.03,1.31
2022-08-15 16:00:00,122.3,314.62,27.89,77.01,1.34
2022-08-15 17:00:00,47.5,105.4,26.68,85.11,1.28
2022-08-15 18:00:00,0.0,0.0,25.23,92.88,1.1
2022-08-15 19:00:00,0.0,0.0,24.74,93.8,1.62
2022-08-15 20:00:00,0.0,0.0,24.43,94.8,2.18
2022-08-15 21:00:00,0.0,0.0,24.17,95.98,2.54
2022-08-15 22:00:00,0.0,0.0,23.99,96.36,2.72
2022-08-15 23:00:00,0.0,0.0,23.79,96.38,2.76
2022-08-16 00:00:00,0.0,0.0,23.56,96.54,2.68
2022-08-16 01:00:00,0.0,0.0,23.34,96.64,2.65
2022-08-16 02:00:00,0.0,0.0,23.1,96.63,2.68
2022-08-16 03:00:00,0.0,0.0,22.84,96.39,3.01
2022-08-16 04:00:00,0.0,0.0,22.5,96.08,3.4
2022-08-16 05:00:00,0.0,0.0,22.13,96.0,3.59
2022-08-16 06:00:00,12.75,65.4,21.95,95.71,3.78
2022-08-16 07:00:00,110.6,277.02,22.21,94.36,4.11
2022-08-16 08:00:00,206.27,510.1,22.73,91.46,4.73
2022-08-16 09:00:00,296.25,713.6,23.54,86.21,5.28
2022-08-16 10:00:00,334.48,861.9,24.43,81.63,5.5
2022-08-16 11:00:00,387.0,943.25,25.14,79.31,5.4
2022-08-16 12:00:00,478.05,947.95,25.69,78.19,5.15
2022-08-16 13:00:00,493.02,875.62,26.02,77.68,4.92
2022-08-16 14:00:00,463.42,734.03,26.09,77.88,4.62
2022-08-16 15:00:00,359.38,538.35,25.9,79.3,4.03
2022-08-16 16:00:00,246.65,310.58,25.58,82.48,3.06
2022-08-16 17:00:00,85.55,102.22,24.8,88.35,1.81
2022-08-16 18:00:00,0.0,0.0,23.6,93.59,1.12
2022-08-16 19:00:00,0.0,0.0,23.24,94.66,1.06
2022-08-16 20:00:00,0.0,0.0,23.02,95.21,1.09
2022-08-16 21:00:00,0.0,0.0,22.82,95.74,1.1
2022-08-16 22:00:00,0.0,0.0,22.66,96.07,1.1
2022-08-16 23:00:00,0.0,0.0,22.45,96.69,1.05
2022-08-17 00:00:00,0.0,0.0,22.21,97.41,0.95
2022-08-17 01:00:00,0.0,0.0,21.93,98.45,0.88
2022-08-17 02:00:00,0.0,0.0,21.64,99.4,0.82
2022-08-17 03:00:00,0.0,0.0,21.47,99.73,0.8
2022-08-17 04:00:00,0.0,0.0,21.47,99.39,0.85
2022-08-17 05:00:00,0.0,0.0,21.47,99.16,0.95
2022-08-17 06:00:00,51.78,58.08,22.41,96.09,1.74
2022-08-17 07:00:00,207.77,259.33,23.75,90.9,2.67
2022-08-17 08:00:00,398.6,497.8,25.17,84.18,3.32
2022-08-17 09:00:00,576.33,707.17,26.48,78.23,3.41
2022-08-17 10:00:00,733.85,860.0,27.58,74.25,3.35
2022-08-17 11:00:00,842.55,941.47,28.45,71.38,3.22
2022-08-17 12:00:00,895.67,958.65,28.95,69.64,2.99
2022-08-17 13:00:00,822.0,890.97,29.21,68.58,2.74
2022-08-17 14:00:00,702.97,753.08,29.22,68.22,2.52
2022-08-17 15:00:00,532.83,558.0,28.83,69.2,2.21
2022-08-17 16:00:00,314.75,327.75,28.17,73.74,1.61
2022-08-17 17:00:00,108.93,111.47,27.31,79.02,1.18
2022-08-17 18:00:00,0.0,0.0,25.68,87.7,0.67
2022-08-17 19:00:00,0.0,0.0,25.29,87.05,0.69
2022-08-17 20:00:00,0.0,0.0,24.94,86.96,0.71
2022-08-17 21:00:00,0.0,0.0,24.48,88.2,0.73
2022-08-17 22:00:00,0.0,0.0,24.0,90.41,0.73
2022-08-17 23:00:00,0.0,0.0,23.67,92.13,0.74
2022-08-18 00:00:00,0.0,0.0,23.38,93.23,0.76
2022-08-18 01:00:00,0.0,0.0,23.15,93.94,0.79
2022-08-18 02:00:00,0.0,0.0,22.92,94.63,0.86
2022-08-18 03:00:00,0.0,0.0,22.71,95.24,0.95
2022-08-18 04:00:00,0.0,0.0,22.48,95.99,1.1
2022-08-18 05:00:00,0.0,0.0,22.37,96.68,1.32
2022-08-18 06:00:00,57.28,68.72,23.1,94.14,2.31
2022-08-18 07:00:00,225.2,285.5,24.58,88.44,2.7
2022-08-18 08:00:00,439.27,521.75,26.33,81.52,2.99
2022-08-18 09:00:00,680.28,729.83,27.78,76.7,2.99
2022-08-18 10:00:00,847.92,880.8,28.89,73.13,2.85
2022-08-18 11:00:00,952.8,962.12,29.73,70.45,2.74
2022-08-18 12:00:00,947.62,954.97,30.33,68.47,2.68
2022-08-18 13:00:00,864.8,888.47,30.61,67.18,2.64
2022-08-18 14:00:00,751.08,755.5,30.72,66.44,2.51
2022-08-18 15:00:00,515.88,558.42,30.53,66.71,2.24
2022-08-18 16:00:00,291.2,327.92,29.95,69.84,1.82
2022-08-18 17:00:00,105.65,112.5,28.76,77.42,1.19
2022-08-18 18:00:00,0.0,0.0,26.88,85.85,0.75
2022-08-18 19:00:00,0.0,0.0,26.56,84.35,0.76
2022-08-18 20:00:00,0.0,0.0,26.37,83.31,0.75
2022-08-18 21:00:00,0.0,0.0,26.15,83.94,0.7
2022-08-18 22:00:00,0.0,0.0,25.84,85.17,0.68
2022-08-18 23:00:00,0.0,0.0,25.31,87.96,0.67
2022-08-19 00:00:00,0.0,0.0,24.67,90.63,0.67
2022-08-19 01:00:00,0.0,0.0,24.18,92.36,0.68
2022-08-19 02:00:00,0.0,0.0,23.83,93.62,0.7
2022-08-19 03:00:00,0.0,0.0,23.55,94.58,0.79
2022-08-19 04:00:00,0.0,0.0,23.27,95.24,0.95
2022-08-19 05:00:00,0.0,0.0,23.03,95.68,1.15
2022-08-19 06:00:00,5.3,63.8,23.38,94.69,1.83
2022-08-19 07:00:00,13.4,266.67,24.17,92.89,2.35
2022-08-19 08:00:00,18.5,493.98,25.71,86.95,2.45
2022-08-19 09:00:00,46.5,694.92,26.91,80.4,2.8
2022-08-19 10:00:00,247.25,844.75,27.37,78.11,2.93
2022-08-19 11:00:00,424.92,926.05,27.53,78.34,2.98
2022-08-19 12:00:00,532.12,951.78,27.53,79.34,2.91
2022-08-19 13:00:00,595.45,881.5,27.47,80.37,2.69
2022-08-19 14:00:00,614.5,741.03,27.37,81.11,2.39
2022-08-19 15:00:00,442.6,536.15,27.03,83.24,1.97
2022-08-19 16:00:00,240.55,304.33,26.48,87.28,1.4
2022-08-19 17:00:00,84.2,99.07,25.64,92.18,0.92
2022-08-19 18:00:00,0.0,0.0,24.55,94.73,0.7
2022-08-19 19:00:00,0.0,0.0,24.2,94.94,0.7
2022-08-19 20:00:00,0.0,0.0,23.91,95.26,0.71
2022-08-19 21:00:00,0.0,0.0,23.66,95.81,0.72
2022-08-19 22:00:00,0.0,0.0,23.45,96.28,0.74
2022-08-19 23:00:00,0.0,0.0,23.23,96.71,0.74
2022-08-20 00:00:00,0.0,0.0,23.07,96.96,0.7
2022-08-20 01:00:00,0.0,0.0,22.89,97.09,0.65
2022-08-20 02:00:00,0.0,0.0,22.72,97.35,0.64
2022-08-20 03:00:00,0.0,0.0,22.57,97.49,0.67
2022-08-20 04:00:00,0.0,0.0,22.39,97.53,0.71
2022-08-20 05:00:00,0.0,0.0,22.21,97.44,0.73
2022-08-20 06:00:00,28.9,65.12,22.69,96.46,0.98
2022-08-20 07:00:00,120.55,271.3,23.86,88.43,1.07
2022-08-20 08:00:00,201.73,503.48,25.83,74.22,0.69
2022-08-20 09:00:00,368.45,705.65,26.94,68.55,1.73
2022-08-20 10:00:00,546.42,857.88,27.97,65.87,2.39
2022-08-20 11:00:00,610.62,942.55,29.02,64.66,2.64
2022-08-20 12:00:00,578.78,946.97,29.76,64.19,2.72
2022-08-20 13:00:00,609.62,880.22,30.08,64.29,2.87
2022-08-20 14:00:00,532.45,738.47,29.95,65.5,3.06
2022-08-20 15:00:00,398.0,535.5,29.41,67.71,3.17
2022-08-20 16:00:00,225.15,304.33,28.47,71.98,2.93
2022-08-20 17:00:00,79.03,96.88,27.08,81.28,2.01
2022-08-20 18:00:00,0.0,0.0,25.37,89.35,1.42
2022-08-20 19:00:00,0.0,0.0,24.73,91.45,1.42
2022-08-20 20:00:00,0.0,0.0,24.28,92.88,1.4
2022-08-20 21:00:00,0.0,0.0,23.92,93.88,1.31
2022-08-20 22:00:00,0.0,0.0,23.52,94.73,1.22
2022-08-20 23:00:00,0.0,0.0,23.21,95.22,1.2
2022-08-21 00:00:00,0.0,0.0,22.91,96.12,1.2
2022-08-21 01:00:00,0.0,0.0,22.7,96.85,1.33
2022-08-21 02:00:00,0.0,0.0,22.51,97.71,1.4
2022-08-21 03:00:00,0.0,0.0,22.38,97.94,1.38
2022-08-21 04:00:00,0.0,0.0,22.3,98.03,1.36
2022-08-21 05:00:00,0.0,0.0,22.26,97.9,1.36
2022-08-21 06:00:00,39.8,62.97,22.85,96.36,2.01
2022-08-21 07:00:00,151.98,268.8,23.78,93.93,2.54
2022-08-21 08:00:00,328.02,501.62,25.03,88.93,2.81
2022-08-21 09:00:00,539.3,704.0,26.6,81.88,2.84
2022-08-21 10:00:00,675.28,857.3,27.98,76.02,2.68
2022-08-21 11:00:00,593.53,939.25,28.96,72.58,2.49
2022-08-21 12:00:00,619.05,966.45,29.26,71.4,2.36
2022-08-21 13:00:00,584.92,896.75,29.78,70.11,2.33
2022-08-21 14:00:00,528.45,756.3,30.01,69.46,2.24
2022-08-21 15:00:00,462.42,561.62,29.77,70.54,1.97
2022-08-21 16:00:00,257.67,330.42,29.22,73.71,1.58
2022-08-21 17:00:00,88.85,109.0,28.29,79.83,1.09
2022-08-21 18:00:00,0.0,0.0,26.55,89.14,0.67
2022-08-21 19:00:00,0.0,0.0,26.1,88.73,0.7
2022-08-21 20:00:00,0.0,0.0,25.88,87.7,0.7
2022-08-21 21:00:00,0.0,0.0,25.65,87.39,0.7
2022-08-21 22:00:00,0.0,0.0,25.13,89.36,0.72
2022-08-21 23:00:00,0.0,0.0,24.53,91.81,0.73
2022-08-22 00:00:00,0.0,0.0,23.96,94.05,0.73
2022-08-22 01:00:00,0.0,0.0,23.51,95.55,0.78
2022-08-22 02:00:00,0.0,0.0,23.19,96.56,0.87
2022-08-22 03:00:00,0.0,0.0,22.91,97.48,0.97
2022-08-22 04:00:00,0.0,0.0,22.73,98.0,1.07
2022-08-22 05:00:00,0.0,0.0,22.59,98.16,1.21
2022-08-22 06:00:00,67.72,74.22,23.39,95.05,2.17
2022-08-22 07:00:00,246.2,298.15,25.02,89.97,2.44
2022-08-22 08:00:00,438.4,534.28,27.55,79.04,2.87
2022-08-22 09:00:00,700.95,739.08,28.96,73.87,2.91
2022-08-22 10:00:00,840.08,888.35,29.84,70.41,2.65
2022-08-22 11:00:00,920.5,968.85,30.32,68.51,2.43
2022-08-22 12:00:00,894.15,952.92,30.83,66.96,2.34
2022-08-22 13:00:00,685.03,882.47,30.99,66.18,2.31
2022-08-22 14:00:00,591.7,742.5,30.69,67.17,2.14
2022-08-22 15:00:00,402.4,545.17,30.03,71.6,1.64
2022-08-22 16:00:00,178.12,314.35,29.25,75.7,1.2
2022-08-22 17:00:00,64.18,99.47,28.31,81.47,0.83
2022-08-22 18:00:00,0.0,0.0,27.64,83.55,0.51
2022-08-22 19:00:00,0.0,0.0,27.45,81.33,0.49
2022-08-22 20:00:00,0.0,0.0,27.07,82.28,0.49
2022-08-22 21:00:00,0.0,0.0,26.69,83.59,0.52
2022-08-22 22:00:00,0.0,0.0,26.25,85.48,0.6
2022-08-22 23:00:00,0.0,0.0,25.55,89.49,0.65
2022-08-23 00:00:00,0.0,0.0,24.95,92.55,0.67
2022-08-23 01:00:00,0.0,0.0,24.49,94.21,0.77
2022-08-23 02:00:00,0.0,0.0,24.19,94.96,0.93
2022-08-23 03:00:00,0.0,0.0,23.96,95.47,1.05
2022-08-23 04:00:00,0.0,0.0,23.71,96.4,0.95
2022-08-23 05:00:00,0.0,0.0,23.59,96.41,0.68
2022-08-23 06:00:00,16.6,62.8,24.09,95.5,0.65
2022-08-23 07:00:00,64.6,268.4,24.83,93.19,1.09
2022-08-23 08:00:00,130.38,502.6,26.04,89.58,1.33
2022-08-23 09:00:00,347.17,709.1,26.99,85.4,1.59
2022-08-23 10:00:00,396.75,858.92,27.35,82.07,2.04
2022-08-23 11:00:00,382.2,942.47,27.83,80.51,2.26
2022-08-23 12:00:00,381.65,949.85,28.2,78.82,2.23
2022-08-23 13:00:00,325.38,881.17,28.14,78.95,2.06
2022-08-23 14:00:00,226.3,744.8,27.73,81.49,1.98
2022-08-23 15:00:00,168.48,551.75,27.24,84.92,1.96
2022-08-23 16:00:00,105.4,321.65,26.65,89.58,1.83
2022-08-23 17:00:00,39.67,102.0,25.89,93.47,1.72
2022-08-23 18:00:00,0.0,0.0,25.14,95.56,1.96
2022-08-23 19:00:00,0.0,0.0,24.8,95.63,2.42
2022-08-23 20:00:00,0.0,0.0,24.48,96.0,2.71
2022-08-23 21:00:00,0.0,0.0,24.19,96.49,2.74
2022-08-23 22:00:00,0.0,0.0,23.94,96.75,2.65
2022-08-23 23:00:00,0.0,0.0,23.77,96.36,2.64
2022-08-24 00:00:00,0.0,0.0,23.42,96.67,2.27
2022-08-24 01:00:00,0.0,0.0,23.16,96.9,2.33
2022-08-24 02:00:00,0.0,0.0,23.02,96.77,2.54
2022-08-24 03:00:00,0.0,0.0,22.92,96.3,2.98
2022-08-24 04:00:00,0.0,0.0,22.72,96.1,3.53
2022-08-24 05:00:00,0.0,0.0,22.48,96.15,3.59
2022-08-24 06:00:00,32.72,60.95,22.51,95.82,3.71
2022-08-24 07:00:00,116.32,266.58,23.16,93.64,4.13
2022-08-24 08:00:00,184.05,502.4,24.14,88.4,4.8
2022-08-24 09:00:00,287.73,708.53,25.2,82.41,5.1
2022-08-24 10:00:00,400.35,859.95,25.96,78.77,5.13
2022-08-24 11:00:00,530.17,942.33,26.51,76.73,4.96
2022-08-24 12:00:00,568.58,875.0,26.86,75.31,4.65
2022-08-24 13:00:00,547.92,797.8,27.1,74.44,4.29
2022-08-24 14:00:00,494.52,650.85,27.36,73.72,3.98
2022-08-24 15:00:00,355.4,453.6,27.25,74.32,3.63
2022-08-24 16:00:00,211.35,248.07,26.81,77.0,3.05
2022-08-24 17:00:00,62.85,69.35,25.77,85.21,1.79
2022-08-24 18:00:00,0.0,0.0,24.29,92.85,0.95
2022-08-24 19:00:00,0.0,0.0,23.84,94.02,0.84
2022-08-24 20:00:00,0.0,0.0,23.49,94.39,0.75
2022-08-24 21:00:00,0.0,0.0,23.16,94.33,0.7
2022-08-24 22:00:00,0.0,0.0,22.79,94.79,0.7
2022-08-24 23:00:00,0.0,0.0,22.48,95.52,0.72
2022-08-25 00:00:00,0.0,0.0,22.23,96.1,0.75
2022-08-25 01:00:00,0.0,0.0,22.01,96.8,0.79
2022-08-25 02:00:00,0.0,0.0,21.82,97.53,0.78
2022-08-25 03:00:00,0.0,0.0,21.69,98.08,0.76
2022-08-25 04:00:00,0.0,0.0,21.61,98.48,0.73
2022-08-25 05:00:00,0.0,0.0,21.5,98.77,0.78
2022-08-25 06:00:00,44.22,51.58,22.46,95.62,1.58
2022-08-25 07:00:00,172.93,231.5,24.04,90.37,2.21
2022-08-25 08:00:00,301.95,450.17,25.86,83.2,2.57
2022-08-25 09:00:00,396.25,677.9,27.24,77.09,2.57
2022-08-25 10:00:00,522.55,839.05,28.01,73.93,2.32
2022-08-25 11:00:00,645.95,926.0,28.41,72.38,2.11
2022-08-25 12:00:00,725.88,936.2,28.97,70.25,2.11
2022-08-25 13:00:00,729.12,868.0,29.3,68.59,2.09
2022-08-25 14:00:00,592.47,716.35,29.37,67.77,2.0
2022-08-25 15:00:00,369.27,513.42,29.14,68.72,1.85
2022-08-25 16:00:00,195.18,283.98,28.56,73.66,1.4
2022-08-25 17:00:00,65.8,85.72,27.45,80.77,1.06
2022-08-25 18:00:00,0.0,0.0,25.93,88.17,0.69
2022-08-25 19:00:00,0.0,0.0,25.45,88.45,0.71
2022-08-25 20:00:00,0.0,0.0,25.05,89.17,0.73
2022-08-25 21:00:00,0.0,0.0,24.8,89.25,0.72
2022-08-25 22:00:00,0.0,0.0,24.63,88.71,0.71
2022-08-25 23:00:00,0.0,0.0,24.4,88.53,0.7
2022-08-26 00:00:00,0.0,0.0,24.05,89.3,0.69
2022-08-26 01:00:00,0.0,0.0,23.68,90.99,0.68
2022-08-26 02:00:00,0.0,0.0,23.35,92.67,0.64
2022-08-26 03:00:00,0.0,0.0,23.08,94.07,0.63
2022-08-26 04:00:00,0.0,0.0,22.86,95.22,0.63
2022-08-26 05:00:00,0.0,0.0,22.64,95.77,0.66
2022-08-26 06:00:00,52.28,64.65,23.45,93.11,1.2
2022-08-26 07:00:00,180.27,269.33,24.73,88.73,1.71
2022-08-26 08:00:00,356.2,507.83,26.82,80.38,2.04
2022-08-26 09:00:00,496.9,713.55,27.98,76.49,2.3
2022-08-26 10:00:00,631.42,868.7,28.61,74.94,2.51
2022-08-26 11:00:00,592.58,949.83,29.04,73.5,2.74
2022-08-26 12:00:00,617.0,945.9,29.41,71.67,2.9
2022-08-26 13:00:00,647.72,876.1,29.36,71.56,2.85
2022-08-26 14:00:00,542.08,731.42,28.94,74.11,2.72
2022-08-26 15:00:00,322.9,537.28,28.31,78.24,2.35
2022-08-26 16:00:00,161.93,305.9,27.51,83.44,1.82
2022-08-26 17:00:00,50.6,89.62,26.46,89.94,1.2
2022-08-26 18:00:00,0.0,0.0,25.35,93.93,0.84
2022-08-26 19:00:00,0.0,0.0,24.97,94.6,0.78
2022-08-26 20:00:00,0.0,0.0,24.67,95.05,0.79
2022-08-26 21:00:00,0.0,0.0,24.42,95.3,0.8
2022-08-26 22:00:00,0.0,0.0,24.19,95.59,0.83
2022-08-26 23:00:00,0.0,0.0,23.98,95.86,0.98
2022-08-27 00:00:00,0.0,0.0,23.81,95.92,1.26
2022-08-27 01:00:00,0.0,0.0,23.65,95.98,1.49
2022-08-27 02:00:00,0.0,0.0,23.44,96.23,1.59
2022-08-27 03:00:00,0.0,0.0,23.17,96.92,1.54
2022-08-27 04:00:00,0.0,0.0,22.98,97.39,1.48
2022-08-27 05:00:00,0.0,0.0,22.81,97.65,1.42
2022-08-27 06:00:00,26.05,68.43,23.26,96.28,1.92
2022-08-27 07:00:00,116.32,285.7,24.19,94.06,2.26
2022-08-27 08:00:00,208.95,524.05,25.91,85.61,2.28
2022-08-27 09:00:00,345.98,731.47,27.06,75.93,2.2
2022-08-27 10:00:00,261.3,882.5,27.65,72.16,2.06
2022-08-27 11:00:00,372.9,963.62,28.06,70.78,1.98
2022-08-27 12:00:00,557.0,964.47,28.23,70.38,2.13
2022-08-27 13:00:00,577.95,895.62,28.1,70.74,2.41
2022-08-27 14:00:00,504.17,753.0,27.77,71.87,2.6
2022-08-27 15:00:00,395.75,554.78,27.3,74.12,2.56
2022-08-27 16:00:00,211.38,321.08,26.66,78.53,2.2
2022-08-27 17:00:00,66.78,97.7,25.71,85.36,1.58
2022-08-27 18:00:00,0.0,0.0,24.34,93.04,1.02
2022-08-27 19:00:00,0.0,0.0,23.87,94.76,1.07
2022-08-27 20:00:00,0.0,0.0,23.55,96.17,1.07
2022-08-27 21:00:00,0.0,0.0,23.44,96.8,1.15
2022-08-27 22:00:00,0.0,0.0,23.41,96.92,1.54
2022-08-27 23:00:00,0.0,0.0,23.39,96.67,2.37
2022-08-28 00:00:00,0.0,0.0,23.22,96.75,2.92
2022-08-28 01:00:00,0.0,0.0,22.97,96.63,3.13
2022-08-28 02:00:00,0.0,0.0,22.7,96.69,3.06
2022-08-28 03:00:00,0.0,0.0,22.49,96.57,2.99
2022-08-28 04:00:00,0.0,0.0,22.34,96.58,2.83
2022-08-28 05:00:00,0.0,0.0,22.31,95.65,3.54
2022-08-28 06:00:00,34.42,73.53,22.38,95.6,3.93
2022-08-28 07:00:00,123.65,296.02,23.11,94.02,4.32
2022-08-28 08:00:00,210.12,532.3,24.37,88.08,5.07
2022-08-28 09:00:00,315.5,735.47,25.79,80.06,5.6
2022-08-28 10:00:00,407.62,883.47,26.67,76.06,5.52
2022-08-28 11:00:00,599.62,963.45,27.06,74.53,5.19
2022-08-28 12:00:00,603.35,954.97,27.15,74.6,4.67
2022-08-28 13:00:00,508.58,885.47,27.15,75.32,4.13
2022-08-28 14:00:00,503.15,743.47,27.2,76.14,3.63
2022-08-28 15:00:00,365.83,542.62,27.18,77.6,3.04
2022-08-28 16:00:00,205.12,310.08,26.86,81.06,2.28
2022-08-28 17:00:00,69.22,91.25,26.02,88.3,1.24
2022-08-28 18:00:00,0.0,0.0,24.57,94.2,0.72
2022-08-28 19:00:00,0.0,0.0,24.18,95.01,0.73
2022-08-28 20:00:00,0.0,0.0,23.92,95.59,0.77
2022-08-28 21:00:00,0.0,0.0,23.71,96.13,0.81
2022-08-28 22:00:00,0.0,0.0,23.51,96.72,0.89
2022-08-28 23:00:00,0.0,0.0,23.4,97.01,1.06
2022-08-29 00:00:00,0.0,0.0,23.36,97.14,1.39
2022-08-29 01:00:00,0.0,0.0,23.32,97.16,1.79
2022-08-29 02:00:00,0.0,0.0,23.29,97.09,2.15
2022-08-29 03:00:00,0.0,0.0,23.22,97.01,2.3
2022-08-29 04:00:00,0.0,0.0,23.08,96.81,2.48
2022-08-29 05:00:00,0.0,0.0,22.79,96.77,2.47
2022-08-29 06:00:00,39.58,60.1,22.71,96.33,2.61
2022-08-29 07:00:00,153.93,260.1,23.06,94.94,2.88
2022-08-29 08:00:00,293.4,495.25,23.49,92.3,3.15
2022-08-29 09:00:00,420.23,700.35,24.11,88.47,3.35
2022-08-29 10:00:00,530.15,852.4,24.88,84.32,3.26
2022-08-29 11:00:00,593.35,932.72,25.55,80.92,3.03
2022-08-29 12:00:00,596.6,932.0,25.99,78.9,2.78
2022-08-29 13:00:00,552.33,856.88,26.29,77.63,2.5
2022-08-29 14:00:00,492.3,711.08,26.67,76.26,2.21
2022-08-29 15:00:00,382.88,511.88,26.91,75.35,1.9
2022-08-29 16:00:00,222.32,283.77,26.82,75.89,1.57
2022-08-29 17:00:00,70.65,80.6,26.0,82.0,0.98
2022-08-29 18:00:00,0.0,0.0,24.49,90.06,0.61
2022-08-29 19:00:00,0.0,0.0,23.95,90.27,0.65
2022-08-29 20:00:00,0.0,0.0,23.59,91.22,0.66
2022-08-29 21:00:00,0.0,0.0,23.37,91.59,0.66
2022-08-29 22:00:00,0.0,0.0,23.17,91.93,0.65
2022-08-29 23:00:00,0.0,0.0,22.94,92.85,0.64
2022-08-30 00:00:00,0.0,0.0,22.61,94.33,0.64
2022-08-30 01:00:00,0.0,0.0,22.23,95.56,0.66
2022-08-30 02:00:00,0.0,0.0,21.86,96.58,0.68
2022-08-30 03:00:00,0.0,0.0,21.58,97.67,0.66
2022-08-30 04:00:00,0.0,0.0,21.51,97.71,0.64
2022-08-30 05:00:00,0.0,0.0,21.54,97.46,0.61
2022-08-30 06:00:00,28.1,65.2,22.43,94.89,0.91
2022-08-30 07:00:00,128.07,275.1,23.79,89.85,1.19
2022-08-30 08:00:00,228.1,503.8,25.49,81.94,1.56
2022-08-30 09:00:00,352.12,709.12,26.34,79.14,2.02
2022-08-30 10:00:00,468.45,862.35,26.93,78.11,2.36
2022-08-30 11:00:00,456.95,939.05,27.36,76.95,2.61
2022-08-30 12:00:00,469.73,945.08,27.66,74.34,2.72
2022-08-30 13:00:00,416.2,875.1,27.79,72.28,2.65
2022-08-30 14:00:00,267.3,734.33,27.69,72.81,2.53
2022-08-30 15:00:00,213.15,537.75,27.37,75.4,2.19
2022-08-30 16:00:00,113.82,307.48,26.75,80.41,1.68
2022-08-30 17:00:00,34.03,87.03,25.63,87.36,1.19
2022-08-30 18:00:00,0.0,0.0,24.31,92.04,0.81
2022-08-30 19:00:00,0.0,0.0,24.04,92.34,0.73
2022-08-30 20:00:00,0.0,0.0,23.96,91.53,0.7
2022-08-30 21:00:00,0.0,0.0,23.87,90.75,0.7
2022-08-30 22:00:00,0.0,0.0,23.57,92.02,0.72
2022-08-30 23:00:00,0.0,0.0,23.22,93.98,0.81
2022-08-31 00:00:00,0.0,0.0,23.02,95.05,1.08
2022-08-31 01:00:00,0.0,0.0,22.93,95.61,1.52
2022-08-31 02:00:00,0.0,0.0,22.86,96.3,1.74
2022-08-31 03:00:00,0.0,0.0,22.81,96.86,1.75
2022-08-31 04:00:00,0.0,0.0,22.8,97.22,1.69
2022-08-31 05:00:00,0.0,0.0,22.79,97.38,1.62
2022-08-31 06:00:00,34.33,70.15,23.28,96.71,2.03
2022-08-31 07:00:00,115.47,289.08,24.21,95.06,2.54
2022-08-31 08:00:00,224.35,524.78,25.47,91.87,2.34
2022-08-31 09:00:00,319.6,729.55,26.45,87.86,2.07
2022-08-31 10:00:00,448.92,878.17,27.08,84.06,2.04
2022-08-31 11:00:00,628.25,957.9,27.54,79.38,2.19
2022-08-31 12:00:00,665.2,934.33,27.85,76.63,2.13
2022-08-31 13:00:00,487.85,865.28,27.94,76.21,2.08
2022-08-31 14:00:00,422.65,721.7,27.59,78.05,1.97
2022-08-31 15:00:00,293.45,527.7,27.19,81.27,1.67
2022-08-31 16:00:00,158.98,301.25,26.7,85.79,1.17
2022-08-31 17:00:00,47.75,86.7,25.9,91.59,0.75
2022-08-31 18:00:00,0.0,0.0,25.04,94.37,0.57
2022-08-31 19:00:00,0.0,0.0,24.8,95.47,0.56
2022-08-31 20:00:00,0.0,0.0,24.59,96.36,0.59
2022-08-31 21:00:00,0.0,0.0,24.43,96.84,0.69
2022-08-31 22:00:00,0.0,0.0,24.32,97.0,0.98
2022-08-31 23:00:00,0.0,0.0,24.18,97.11,1.4
2022-09-01 00:00:00,0.0,0.0,23.97,96.93,1.91
2022-09-01 01:00:00,0.0,0.0,23.67,96.81,2.39
2022-09-01 02:00:00,0.0,0.0,23.34,96.85,2.48
2022-09-01 03:00:00,0.0,0.0,23.14,96.64,2.56
2022-09-01 04:00:00,0.0,0.0,23.05,96.43,2.83
2022-09-01 05:00:00,0.0,0.0,22.87,96.87,2.89
2022-09-01 06:00:00,33.6,73.88,22.99,96.3,3.18
2022-09-01 07:00:00,128.62,301.77,23.53,94.93,3.84
2022-09-01 08:00:00,258.23,541.8,24.16,91.92,5.64
2022-09-01 09:00:00,284.02,745.4,25.05,87.63,6.69
2022-09-01 10:00:00,502.62,892.22,25.75,83.43,7.28
2022-09-01 11:00:00,638.55,969.9,25.95,82.18,7.28
2022-09-01 12:00:00,673.4,948.92,26.13,80.89,6.75
2022-09-01 13:00:00,621.65,874.2,26.49,79.17,5.71
2022-09-01 14:00:00,478.85,728.72,26.61,78.57,4.72
2022-09-01 15:00:00,322.88,524.8,26.53,79.2,4.0
2022-09-01 16:00:00,173.68,284.98,26.23,81.56,3.36
2022-09-01 17:00:00,62.9,77.7,25.39,87.77,2.2
2022-09-01 18:00:00,0.0,0.0,23.95,94.22,1.2
2022-09-01 19:00:00,0.0,0.0,23.46,95.49,0.97
2022-09-01 20:00:00,0.0,0.0,23.2,95.8,0.85
2022-09-01 21:00:00,0.0,0.0,22.95,96.09,0.81
2022-09-01 22:00:00,0.0,0.0,22.72,96.45,0.77
2022-09-01 23:00:00,0.0,0.0,22.6,96.63,0.74
2022-09-02 00:00:00,0.0,0.0,22.41,97.27,0.7
2022-09-02 01:00:00,0.0,0.0,22.21,97.97,0.68
2022-09-02 02:00:00,0.0,0.0,22.11,98.24,0.67
2022-09-02 03:00:00,0.0,0.0,22.05,98.37,0.67
2022-09-02 04:00:00,0.0,0.0,22.15,98.15,0.81
2022-09-02 05:00:00,0.0,0.0,22.18,97.91,1.08
2022-09-02 06:00:00,46.38,67.28,22.56,96.75,1.96
2022-09-02 07:00:00,177.45,279.85,23.14,94.97,2.78
2022-09-02 08:00:00,336.92,516.7,23.71,91.33,3.36
2022-09-02 09:00:00,451.27,723.08,24.55,85.68,3.67
2022-09-02 10:00:00,527.65,874.28,25.62,80.44,3.43
2022-09-02 11:00:00,606.12,956.35,26.59,77.19,2.92
2022-09-02 12:00:00,628.95,912.25,27.12,75.77,2.48
2022-09-02 13:00:00,541.97,836.88,27.16,75.97,2.14
2022-09-02 14:00:00,395.92,687.28,27.02,76.94,1.81
2022-09-02 15:00:00,270.12,485.42,26.66,79.46,1.54
2022-09-02 16:00:00,135.93,257.08,26.18,83.76,1.15
2022-09-02 17:00:00,36.78,66.05,25.33,89.96,0.8
2022-09-02 18:00:00,0.0,0.0,24.27,92.06,0.71
2022-09-02 19:00:00,0.0,0.0,23.94,92.32,0.75
2022-09-02 20:00:00,0.0,0.0,23.68,92.75,0.78
2022-09-02 21:00:00,0.0,0.0,23.47,93.14,0.8
2022-09-02 22:00:00,0.0,0.0,23.28,93.55,0.8
2022-09-02 23:00:00,0.0,0.0,23.12,93.92,0.83
2022-09-03 00:00:00,0.0,0.0,22.92,94.33,0.84
2022-09-03 01:00:00,0.0,0.0,22.67,94.75,0.79
2022-09-03 02:00:00,0.0,0.0,22.39,95.07,0.71
2022-09-03 03:00:00,0.0,0.0,22.25,94.66,0.68
2022-09-03 04:00:00,0.0,0.0,21.98,95.99,0.6
2022-09-03 05:00:00,0.0,0.0,21.65,98.07,0.59
2022-09-03 06:00:00,44.67,63.15,22.13,97.54,0.65
2022-09-03 07:00:00,164.93,273.15,23.11,93.64,1.24
2022-09-03 08:00:00,313.42,512.9,24.17,90.09,1.19
2022-09-03 09:00:00,490.17,721.88,25.71,83.19,1.32
2022-09-03 10:00:00,610.58,876.0,27.13,75.57,1.55
2022-09-03 11:00:00,565.45,959.33,28.39,68.98,1.71
2022-09-03 12:00:00,714.25,947.9,29.22,65.01,1.7
2022-09-03 13:00:00,683.12,869.67,29.75,62.84,1.6
2022-09-03 14:00:00,567.45,722.4,29.91,62.0,1.49
2022-09-03 15:00:00,388.98,518.62,29.68,62.57,1.49
2022-09-03 16:00:00,201.23,284.92,29.01,65.98,1.38
2022-09-03 17:00:00,57.8,75.05,27.8,73.57,1.04
2022-09-03 18:00:00,0.0,0.0,26.08,85.57,0.64
2022-09-03 19:00:00,0.0,0.0,25.49,86.56,0.68
2022-09-03 20:00:00,0.0,0.0,25.03,87.98,0.67
2022-09-03 21:00:00,0.0,0.0,24.54,89.47,0.67
2022-09-03 22:00:00,0.0,0.0,23.93,91.19,0.73
2022-09-03 23:00:00,0.0,0.0,23.33,92.7,0.81
2022-09-04 00:00:00,0.0,0.0,22.78,93.97,0.94
2022-09-04 01:00:00,0.0,0.0,22.32,95.0,1.1
2022-09-04 02:00:00,0.0,0.0,21.96,95.84,1.2
2022-09-04 03:00:00,0.0,0.0,21.71,96.53,1.15
2022-09-04 04:00:00,0.0,0.0,21.52,97.14,1.01
2022-09-04 05:00:00,0.0,0.0,21.37,97.53,0.85
2022-09-04 06:00:00,74.0,76.57,21.9,95.85,1.3
2022-09-04 07:00:00,283.42,303.33,23.09,93.38,1.26
2022-09-04 08:00:00,509.7,544.78,26.09,78.78,0.85
2022-09-04 09:00:00,718.33,750.05,28.17,70.79,0.5
2022-09-04 10:00:00,777.75,897.38,29.24,67.54,0.61
2022-09-04 11:00:00,679.42,974.65,29.87,65.71,0.93
2022-09-04 12:00:00,747.95,950.03,30.15,64.64,1.27
2022-09-04 13:00:00,726.12,872.7,30.43,64.24,1.54
2022-09-04 14:00:00,524.95,727.38,30.26,65.15,1.76
2022-09-04 15:00:00,395.17,529.3,29.92,67.16,1.77
2022-09-04 16:00:00,208.6,295.55,29.35,71.08,1.52
2022-09-04 17:00:00,57.3,78.45,28.29,78.04,1.06
2022-09-04 18:00:00,0.0,0.0,26.77,86.37,0.66
2022-09-04 19:00:00,0.0,0.0,26.49,85.51,0.68
2022-09-04 20:00:00,0.0,0.0,26.14,86.15,0.68
2022-09-04 21:00:00,0.0,0.0,25.76,86.65,0.68
2022-09-04 22:00:00,0.0,0.0,25.41,87.04,0.67
2022-09-04 23:00:00,0.0,0.0,25.06,88.1,0.63
2022-09-05 00:00:00,0.0,0.0,24.63,89.63,0.61
2022-09-05 01:00:00,0.0,0.0,24.15,91.42,0.62
2022-09-05 02:00:00,0.0,0.0,23.67,93.15,0.66
2022-09-05 03:00:00,0.0,0.0,23.24,94.81,0.69
2022-09-05 04:00:00,0.0,0.0,22.85,96.19,0.75
2022-09-05 05:00:00,0.0,0.0,22.54,97.2,0.85
2022-09-05 06:00:00,55.15,70.38,23.27,96.17,1.55
2022-09-05 07:00:00,190.95,286.58,24.72,92.88,2.13
2022-09-05 08:00:00,360.73,526.17,26.83,84.76,2.71
2022-09-05 09:00:00,478.27,733.12,28.57,77.12,3.14
2022-09-05 10:00:00,585.5,882.3,29.56,73.27,3.36
2022-09-05 11:00:00,645.58,957.2,30.07,71.26,3.35
2022-09-05 12:00:00,727.5,953.67,30.32,70.01,3.23
2022-09-05 13:00:00,824.05,873.8,30.43,69.35,3.02
2022-09-05 14:00:00,656.95,724.17,30.32,69.53,2.71
2022-09-05 15:00:00,467.92,518.75,30.02,70.64,2.34
2022-09-05 16:00:00,248.7,282.98,29.4,75.63,1.66
2022-09-05 17:00:00,64.85,71.47,28.37,81.15,1.24
2022-09-05 18:00:00,0.0,0.0,26.82,89.24,0.67
2022-09-05 19:00:00,0.0,0.0,26.46,89.46,0.66
2022-09-05 20:00:00,0.0,0.0,26.01,91.04,0.68
2022-09-05 21:00:00,0.0,0.0,25.53,92.82,0.75
2022-09-05 22:00:00,0.0,0.0,25.14,94.19,0.89
2022-09-05 23:00:00,0.0,0.0,24.81,95.14,1.1
2022-09-06 00:00:00,0.0,0.0,24.53,96.0,1.4
2022-09-06 01:00:00,0.0,0.0,24.33,96.4,1.74
2022-09-06 02:00:00,0.0,0.0,24.11,96.78,2.0
2022-09-06 03:00:00,0.0,0.0,23.89,96.85,2.24
2022-09-06 04:00:00,0.0,0.0,23.61,96.76,2.47
2022-09-06 05:00:00,0.0,0.0,23.17,96.68,2.63
2022-09-06 06:00:00,58.1,69.75,23.11,95.91,3.07
2022-09-06 07:00:00,214.62,288.83,23.86,91.9,3.92
2022-09-06 08:00:00,406.17,528.62,25.27,83.44,4.45
2022-09-06 09:00:00,536.62,741.08,26.62,77.09,4.33
2022-09-06 10:00:00,580.92,890.05,27.68,74.08,3.96
2022-09-06 11:00:00,717.65,965.62,28.54,72.13,3.48
2022-09-06 12:00:00,830.72,957.3,29.26,70.7,2.98
2022-09-06 13:00:00,648.67,878.8,29.56,70.06,2.52
2022-09-06 14:00:00,665.72,730.3,29.41,70.52,2.09
2022-09-06 15:00:00,429.02,525.1,28.97,72.5,1.72
2022-09-06 16:00:00,228.68,288.1,28.53,77.21,1.16
2022-09-06 17:00:00,62.12,72.03,27.65,81.32,0.9
2022-09-06 18:00:00,0.0,0.0,26.42,87.13,0.6
2022-09-06 19:00:00,0.0,0.0,26.02,86.74,0.63
2022-09-06 20:00:00,0.0,0.0,25.63,87.78,0.64
2022-09-06 21:00:00,0.0,0.0,25.21,89.15,0.65
2022-09-06 22:00:00,0.0,0.0,24.78,90.57,0.66
2022-09-06 23:00:00,0.0,0.0,24.35,92.08,0.67
2022-09-07 00:00:00,0.0,0.0,23.94,93.37,0.68
2022-09-07 01:00:00,0.0,0.0,23.57,94.51,0.7
2022-09-07 02:00:00,0.0,0.0,23.28,95.5,0.71
2022-09-07 03:00:00,0.0,0.0,23.1,96.32,0.74
2022-09-07 04:00:00,0.0,0.0,22.91,97.07,0.79
2022-09-07 05:00:00,0.0,0.0,22.76,97.68,0.86
2022-09-07 06:00:00,64.28,72.32,23.43,96.62,1.52
2022-09-07 07:00:00,227.95,291.55,24.57,93.79,2.11
2022-09-07 08:00:00,406.77,530.67,25.97,88.19,2.34
2022-09-07 09:00:00,527.25,738.47,27.33,81.32,2.23
2022-09-07 10:00:00,643.35,884.5,28.26,77.05,1.78
2022-09-07 11:00:00,666.75,960.05,28.87,74.02,1.27
2022-09-07 12:00:00,761.42,945.45,29.21,71.19,1.0
2022-09-07 13:00:00,580.25,865.3,29.32,69.57,1.1
2022-09-07 14:00:00,402.4,712.55,29.25,69.27,1.35
2022-09-07 15:00:00,35.6,509.12,29.03,69.74,1.43
2022-09-07 16:00:00,136.95,272.15,28.5,73.86,1.17
2022-09-07 17:00:00,38.58,64.4,27.65,79.13,0.93
2022-09-07 18:00:00,0.0,0.0,26.14,85.31,0.67
2022-09-07 19:00:00,0.0,0.0,25.7,85.72,0.69
2022-09-07 20:00:00,0.0,0.0,25.27,86.81,0.69
2022-09-07 21:00:00,0.0,0.0,24.91,87.52,0.69
2022-09-07 22:00:00,0.0,0.0,24.52,88.37,0.68
2022-09-07 23:00:00,0.0,0.0,24.02,90.13,0.68
2022-09-08 00:00:00,0.0,0.0,23.5,92.08,0.67
2022-09-08 01:00:00,0.0,0.0,22.99,93.97,0.68
2022-09-08 02:00:00,0.0,0.0,22.55,95.45,0.73
2022-09-08 03:00:00,0.0,0.0,22.22,96.56,0.84
2022-09-08 04:00:00,0.0,0.0,22.01,97.42,1.01
2022-09-08 05:00:00,0.0,0.0,21.88,97.7,1.19
2022-09-08 06:00:00,31.52,64.0,22.4,96.54,1.95
2022-09-08 07:00:00,137.05,268.1,23.82,93.2,2.44
2022-09-08 08:00:00,255.85,503.17,25.87,84.85,3.01
2022-09-08 09:00:00,422.3,712.7,27.7,76.66,2.79
2022-09-08 10:00:00,603.62,859.25,28.84,72.67,2.13
2022-09-08 11:00:00,852.17,936.88,29.47,70.04,1.5
2022-09-08 12:00:00,649.65,953.6,29.84,67.84,1.07
2022-09-08 13:00:00,659.08,873.15,30.0,66.22,0.78
2022-09-08 14:00:00,619.12,721.38,29.95,65.38,0.78
2022-09-08 15:00:00,416.3,514.3,29.58,66.39,0.9
2022-09-08 16:00:00,215.93,278.0,28.93,69.96,0.93
2022-09-08 17:00:00,56.35,66.75,28.06,74.88,0.83
2022-09-08 18:00:00,0.0,0.0,26.67,85.3,0.54
2022-09-08 19:00:00,0.0,0.0,26.21,86.04,0.57
2022-09-08 20:00:00,0.0,0.0,25.78,87.56,0.58
2022-09-08 21:00:00,0.0,0.0,25.31,89.06,0.6
2022-09-08 22:00:00,0.0,0.0,24.81,90.97,0.6
2022-09-08 23:00:00,0.0,0.0,24.36,92.86,0.63
2022-09-09 00:00:00,0.0,0.0,24.01,93.83,0.74
2022-09-09 01:00:00,0.0,0.0,23.69,94.42,0.95
2022-09-09 02:00:00,0.0,0.0,23.4,95.06,1.19
2022-09-09 03:00:00,0.0,0.0,23.18,95.73,1.45
2022-09-09 04:00:00,0.0,0.0,23.03,96.45,1.66
2022-09-09 05:00:00,0.0,0.0,22.95,96.95,1.73
2022-09-09 06:00:00,32.1,67.03,23.17,96.6,2.08
2022-09-09 07:00:00,142.93,281.52,23.88,94.84,2.61
2022-09-09 08:00:00,263.0,520.72,24.78,91.18,3.11
2022-09-09 09:00:00,317.8,730.45,25.87,86.23,3.19
2022-09-09 10:00:00,400.42,881.65,26.71,82.48,2.95
2022-09-09 11:00:00,439.6,958.95,27.22,80.53,2.66
2022-09-09 12:00:00,412.58,957.85,27.33,80.26,2.38
2022-09-09 13:00:00,391.52,880.58,27.19,81.43,2.16
2022-09-09 14:00:00,391.85,733.4,26.99,83.11,1.99
2022-09-09 15:00:00,243.7,529.67,26.71,85.22,1.77
2022-09-09 16:00:00,110.75,292.38,26.32,88.33,1.39
2022-09-09 17:00:00,29.7,70.3,25.6,92.49,0.97
2022-09-09 18:00:00,0.0,0.0,24.6,95.02,0.7
2022-09-09 19:00:00,0.0,0.0,24.29,95.25,0.74
2022-09-09 20:00:00,0.0,0.0,24.05,95.42,0.77
2022-09-09 21:00:00,0.0,0.0,23.83,95.78,0.77
2022-09-09 22:00:00,0.0,0.0,23.63,96.08,0.81
2022-09-09 23:00:00,0.0,0.0,23.45,96.45,0.92
2022-09-10 00:00:00,0.0,0.0,23.39,96.94,1.19
2022-09-10 01:00:00,0.0,0.0,23.32,96.95,1.62
2022-09-10 02:00:00,0.0,0.0,23.14,96.89,1.91
2022-09-10 03:00:00,0.0,0.0,22.85,96.98,1.95
2022-09-10 04:00:00,0.0,0.0,22.49,97.19,1.75
2022-09-10 05:00:00,0.0,0.0,22.17,97.44,1.67
2022-09-10 06:00:00,27.2,76.25,22.54,96.62,2.46
2022-09-10 07:00:00,120.45,302.27,23.72,94.06,3.63
2022-09-10 08:00:00,229.8,539.47,25.26,87.39,4.67
2022-09-10 09:00:00,374.85,741.08,26.81,78.66,4.68
2022-09-10 10:00:00,498.23,884.65,27.87,73.82,4.02
2022-09-10 11:00:00,605.22,957.42,28.08,72.74,3.28
2022-09-10 12:00:00,627.97,931.67,27.67,74.2,2.72
2022-09-10 13:00:00,629.6,849.4,27.3,76.37,2.26
2022-09-10 14:00:00,529.15,687.6,27.13,77.88,1.91
2022-09-10 15:00:00,345.42,482.8,26.89,79.95,1.52
2022-09-10 16:00:00,197.55,249.98,26.51,83.23,1.12
2022-09-10 17:00:00,50.03,55.42,25.73,88.74,0.75
2022-09-10 18:00:00,0.0,0.0,24.8,91.14,0.62
2022-09-10 19:00:00,0.0,0.0,24.48,91.43,0.66
2022-09-10 20:00:00,0.0,0.0,24.19,91.9,0.69
2022-09-10 21:00:00,0.0,0.0,23.87,92.83,0.74
2022-09-10 22:00:00,0.0,0.0,23.55,93.73,0.81
2022-09-10 23:00:00,0.0,0.0,23.28,94.31,0.87
2022-09-11 00:00:00,0.0,0.0,23.03,95.15,0.86
2022-09-11 01:00:00,0.0,0.0,22.84,95.81,0.79
2022-09-11 02:00:00,0.0,0.0,22.64,96.38,0.72
2022-09-11 03:00:00,0.0,0.0,22.45,96.98,0.69
2022-09-11 04:00:00,0.0,0.0,22.31,97.41,0.67
2022-09-11 05:00:00,0.0,0.0,22.15,97.85,0.68
2022-09-11 06:00:00,16.73,56.1,22.72,96.69,1.16
2022-09-11 07:00:00,75.88,235.88,23.92,93.61,1.8
2022-09-11 08:00:00,163.75,454.58,25.85,86.47,2.16
2022-09-11 09:00:00,347.33,649.47,27.64,79.06,2.17
2022-09-11 10:00:00,552.38,791.4,28.89,74.35,2.03
2022-09-11 11:00:00,677.83,859.97,29.82,71.13,2.02
2022-09-11 12:00:00,762.33,936.25,30.52,68.48,2.1
2022-09-11 13:00:00,647.72,856.12,30.94,66.14,2.13
2022-09-11 14:00:00,500.48,705.1,30.95,65.05,2.02
2022-09-11 15:00:00,375.33,503.98,30.57,65.42,1.8
2022-09-11 16:00:00,197.35,267.65,29.81,69.7,1.36
2022-09-11 17:00:00,53.65,62.05,28.8,75.09,1.05
2022-09-11 18:00:00,0.0,0.0,27.07,84.8,0.65
2022-09-11 19:00:00,0.0,0.0,26.51,84.95,0.7
2022-09-11 20:00:00,0.0,0.0,26.11,85.09,0.72
2022-09-11 21:00:00,0.0,0.0,25.77,85.36,0.72
2022-09-11 22:00:00,0.0,0.0,25.36,86.7,0.71
2022-09-11 23:00:00,0.0,0.0,24.82,89.35,0.69
2022-09-12 00:00:00,0.0,0.0,24.31,91.8,0.69
2022-09-12 01:00:00,0.0,0.0,23.89,93.24,0.74
2022-09-12 02:00:00,0.0,0.0,23.52,94.16,0.84
2022-09-12 03:00:00,0.0,0.0,23.26,94.82,0.93
2022-09-12 04:00:00,0.0,0.0,23.02,95.56,1.03
2022-09-12 05:00:00,0.0,0.0,22.79,96.2,1.08
2022-09-12 06:00:00,23.8,66.47,23.23,95.13,1.6
2022-09-12 07:00:00,67.45,275.95,24.23,92.99,1.99
2022-09-12 08:00:00,41.6,513.1,26.31,85.06,1.95
2022-09-12 09:00:00,30.95,722.47,27.8,78.6,2.06
2022-09-12 10:00:00,52.33,871.03,28.3,75.33,2.19
2022-09-12 11:00:00,96.9,940.92,28.12,75.18,2.43
2022-09-12 12:00:00,208.45,936.15,28.08,76.2,2.75
2022-09-12 13:00:00,292.1,844.35,27.93,77.13,3.03
2022-09-12 14:00:00,251.27,697.3,27.73,78.45,3.19
2022-09-12 15:00:00,212.5,492.55,27.28,80.95,3.0
2022-09-12 16:00:00,103.55,261.55,26.57,85.42,2.51
2022-09-12 17:00:00,26.1,58.15,25.58,91.41,1.62
2022-09-12 18:00:00,0.0,0.0,24.26,95.91,0.94
2022-09-12 19:00:00,0.0,0.0,23.78,96.32,0.83
2022-09-12 20:00:00,0.0,0.0,23.42,96.25,0.71
2022-09-12 21:00:00,0.0,0.0,23.17,95.98,0.66
2022-09-12 22:00:00,0.0,0.0,23.01,95.64,0.64
2022-09-12 23:00:00,0.0,0.0,22.96,95.52,0.59
2022-09-13 00:00:00,0.0,0.0,22.95,95.36,0.5
2022-09-13 01:00:00,0.0,0.0,22.91,95.7,0.44
2022-09-13 02:00:00,0.0,0.0,22.76,96.58,0.45
2022-09-13 03:00:00,0.0,0.0,22.54,97.45,0.47
2022-09-13 04:00:00,0.0,0.0,22.35,97.6,0.53
2022-09-13 05:00:00,0.0,0.0,22.14,97.48,0.59
2022-09-13 06:00:00,35.7,75.2,22.44,97.27,0.7
2022-09-13 07:00:00,137.95,300.77,23.18,93.85,0.82
2022-09-13 08:00:00,246.15,541.2,24.09,88.55,0.51
2022-09-13 09:00:00,356.1,745.65,24.81,85.3,1.33
2022-09-13 10:00:00,498.12,891.4,25.48,83.01,1.54
2022-09-13 11:00:00,573.8,964.4,26.2,80.59,1.49
2022-09-13 12:00:00,554.62,951.53,26.7,79.02,1.47
2022-09-13 13:00:00,539.03,867.97,27.09,78.06,1.59
2022-09-13 14:00:00,432.83,709.58,27.16,78.39,1.68
2022-09-13 15:00:00,325.7,499.4,27.0,80.12,1.62
2022-09-13 16:00:00,172.23,259.23,26.64,84.16,1.17
2022-09-13 17:00:00,49.9,56.83,25.92,88.59,0.89
2022-09-13 18:00:00,0.0,0.0,24.86,92.81,0.59
2022-09-13 19:00:00,0.0,0.0,24.56,92.73,0.61
2022-09-13 20:00:00,0.0,0.0,24.33,92.58,0.62
2022-09-13 21:00:00,0.0,0.0,24.17,92.22,0.63
2022-09-13 22:00:00,0.0,0.0,24.02,92.07,0.61
2022-09-13 23:00:00,0.0,0.0,23.86,92.08,0.57
2022-09-14 00:00:00,0.0,0.0,23.64,92.56,0.53
2022-09-14 01:00:00,0.0,0.0,23.32,93.7,0.49
2022-09-14 02:00:00,0.0,0.0,23.01,94.82,0.5
2022-09-14 03:00:00,0.0,0.0,22.65,96.29,0.57
2022-09-14 04:00:00,0.0,0.0,22.29,97.58,0.6
2022-09-14 05:00:00,0.0,0.0,21.98,98.37,0.64
2022-09-14 06:00:00,70.05,71.82,22.91,96.65,0.93
2022-09-14 07:00:00,265.92,286.95,24.81,90.86,1.65
2022-09-14 08:00:00,492.05,526.1,26.66,83.75,1.9
2022-09-14 09:00:00,630.72,732.55,28.13,77.46,1.83
2022-09-14 10:00:00,633.9,880.47,29.18,73.33,1.83
2022-09-14 11:00:00,790.65,953.67,29.81,71.22,1.83
2022-09-14 12:00:00,780.67,951.75,30.53,69.01,1.82
2022-09-14 13:00:00,742.55,868.92,30.95,67.24,1.73
2022-09-14 14:00:00,621.1,715.03,30.96,66.3,1.5
2022-09-14 15:00:00,466.35,505.5,30.66,66.84,1.26
2022-09-14 16:00:00,245.8,266.98,30.38,69.59,0.86
2022-09-14 17:00:00,56.17,58.25,29.32,74.0,0.77
2022-09-14 18:00:00,0.0,0.0,28.06,79.25,0.61
2022-09-14 19:00:00,0.0,0.0,27.38,80.08,0.64
2022-09-14 20:00:00,0.0,0.0,26.85,81.16,0.65
2022-09-14 21:00:00,0.0,0.0,26.48,82.13,0.68
2022-09-14 22:00:00,0.0,0.0,25.87,84.89,0.72
2022-09-14 23:00:00,0.0,0.0,25.11,88.6,0.74
2022-09-15 00:00:00,0.0,0.0,24.44,91.86,0.74
2022-09-15 01:00:00,0.0,0.0,24.0,93.59,0.76
2022-09-15 02:00:00,0.0,0.0,23.67,94.83,0.78
2022-09-15 03:00:00,0.0,0.0,23.4,95.73,0.8
2022-09-15 04:00:00,0.0,0.0,23.18,96.38,0.78
2022-09-15 05:00:00,0.0,0.0,22.97,97.08,0.8
2022-09-15 06:00:00,48.97,73.93,23.68,95.78,1.34
2022-09-15 07:00:00,198.88,294.75,24.97,92.62,1.84
2022-09-15 08:00:00,347.73,532.25,27.16,83.63,1.89
2022-09-15 09:00:00,444.33,735.7,28.89,75.97,1.75
2022-09-15 10:00:00,153.35,880.83,29.54,73.28,1.35
2022-09-15 11:00:00,105.72,953.25,29.71,72.38,1.04
2022-09-15 12:00:00,78.9,891.85,29.83,72.06,1.02
2022-09-15 13:00:00,61.62,814.4,29.63,72.95,1.11
2022-09-15 14:00:00,60.4,666.33,29.34,75.17,1.13
2022-09-15 15:00:00,57.08,464.95,29.02,79.35,0.99
2022-09-15 16:00:00,105.4,239.98,28.6,80.19,1.15
2022-09-15 17:00:00,30.62,49.83,27.47,87.7,0.82
2022-09-15 18:00:00,0.0,0.0,26.32,90.13,0.7
2022-09-15 19:00:00,0.0,0.0,25.95,90.2,0.71
2022-09-15 20:00:00,0.0,0.0,25.65,90.16,0.72
2022-09-15 21:00:00,0.0,0.0,25.48,89.37,0.72
2022-09-15 22:00:00,0.0,0.0,25.37,88.74,0.68
2022-09-15 23:00:00,0.0,0.0,25.25,88.37,0.58
2022-09-16 00:00:00,0.0,0.0,25.0,89.03,0.44
2022-09-16 01:00:00,0.0,0.0,24.85,89.21,0.4
2022-09-16 02:00:00,0.0,0.0,24.48,90.79,0.34
2022-09-16 03:00:00,0.0,0.0,24.0,92.59,0.21
2022-09-16 04:00:00,0.0,0.0,23.21,96.64,0.68
2022-09-16 05:00:00,0.0,0.0,22.95,97.89,0.77
2022-09-16 06:00:00,17.48,69.18,23.58,97.13,0.97
2022-09-16 07:00:00,123.65,284.23,24.75,94.58,1.67
2022-09-16 08:00:00,270.12,523.85,26.33,89.11,2.23
2022-09-16 09:00:00,270.17,730.88,27.7,82.09,2.77
2022-09-16 10:00:00,356.7,877.62,28.72,77.03,2.98
2022-09-16 11:00:00,459.17,951.45,29.49,73.22,2.85
2022-09-16 12:00:00,319.92,922.9,30.01,70.59,2.49
2022-09-16 13:00:00,317.05,838.7,30.22,69.9,2.19
2022-09-16 14:00:00,253.45,683.72,29.66,72.93,2.01
2022-09-16 15:00:00,214.12,476.52,28.93,77.07,1.91
2022-09-16 16:00:00,108.75,245.05,28.07,82.74,1.79
2022-09-16 17:00:00,17.58,49.45,26.96,88.71,1.7
2022-09-16 18:00:00,0.0,0.0,25.74,93.93,1.85
2022-09-16 19:00:00,0.0,0.0,25.27,95.01,2.61
2022-09-16 20:00:00,0.0,0.0,24.93,95.64,3.11
2022-09-16 21:00:00,0.0,0.0,24.63,96.01,3.26
2022-09-16 22:00:00,0.0,0.0,24.31,96.55,2.97
2022-09-16 23:00:00,0.0,0.0,24.04,96.76,2.57
2022-09-17 00:00:00,0.0,0.0,23.75,97.03,1.99
2022-09-17 01:00:00,0.0,0.0,23.54,96.93,2.14
2022-09-17 02:00:00,0.0,0.0,23.3,97.13,1.87
2022-09-17 03:00:00,0.0,0.0,23.22,96.88,2.0
2022-09-17 04:00:00,0.0,0.0,23.14,96.88,2.22
2022-09-17 05:00:00,0.0,0.0,23.1,96.42,2.66
2022-09-17 06:00:00,44.22,68.6,23.12,96.0,2.82
2022-09-17 07:00:00,148.0,281.5,23.48,94.66,3.22
2022-09-17 08:00:00,287.2,517.78,24.18,90.68,3.59
2022-09-17 09:00:00,371.17,722.03,25.36,84.64,3.77
2022-09-17 10:00:00,431.62,866.72,26.88,78.84,3.67
2022-09-17 11:00:00,527.72,940.53,28.42,73.82,3.38
2022-09-17 12:00:00,758.65,969.83,29.14,71.35,3.02
2022-09-17 13:00:00,633.6,886.47,29.41,70.38,2.69
2022-09-17 14:00:00,522.6,731.88,29.37,70.5,2.38
2022-09-17 15:00:00,378.88,523.4,29.07,71.98,2.02
2022-09-17 16:00:00,216.3,282.27,28.5,76.4,1.44
2022-09-17 17:00:00,55.12,59.58,27.53,82.68,1.01
2022-09-17 18:00:00,0.0,0.0,25.99,89.25,0.68
2022-09-17 19:00:00,0.0,0.0,25.51,89.44,0.72
2022-09-17 20:00:00,0.0,0.0,25.08,90.53,0.74
2022-09-17 21:00:00,0.0,0.0,24.65,92.12,0.77
2022-09-17 22:00:00,0.0,0.0,24.27,93.26,0.79
2022-09-17 23:00:00,0.0,0.0,23.94,94.14,0.77
2022-09-18 00:00:00,0.0,0.0,23.77,94.63,0.68
2022-09-18 01:00:00,0.0,0.0,23.76,94.57,0.6
2022-09-18 02:00:00,0.0,0.0,23.75,93.74,0.57
2022-09-18 03:00:00,0.0,0.0,23.68,93.5,0.53
2022-09-18 04:00:00,0.0,0.0,23.62,93.53,0.49
2022-09-18 05:00:00,0.0,0.0,23.51,93.96,0.43
2022-09-18 06:00:00,51.4,79.25,23.85,94.61,0.48
2022-09-18 07:00:00,171.07,304.0,25.4,90.64,0.79
2022-09-18 08:00:00,331.92,544.7,26.5,85.19,1.32
2022-09-18 09:00:00,504.8,746.3,27.0,83.52,1.71
2022-09-18 10:00:00,641.7,888.08,27.79,81.0,2.1
2022-09-18 11:00:00,716.53,958.97,28.58,77.99,2.46
2022-09-18 12:00:00,705.25,945.58,29.29,74.5,2.71
2022-09-18 13:00:00,467.1,861.55,29.33,73.71,2.84
2022-09-18 14:00:00,363.58,706.12,28.92,76.19,2.9
2022-09-18 15:00:00,93.9,501.12,28.41,79.32,2.89
2022-09-18 16:00:00,49.5,263.25,27.62,84.25,2.6
2022-09-18 17:00:00,10.15,53.03,26.56,90.89,1.85
2022-09-18 18:00:00,0.0,0.0,25.31,95.19,1.44
2022-09-18 19:00:00,0.0,0.0,24.86,95.62,1.58
2022-09-18 20:00:00,0.0,0.0,24.43,96.14,1.41
2022-09-18 21:00:00,0.0,0.0,24.06,96.78,1.02
2022-09-18 22:00:00,0.0,0.0,23.91,96.88,0.67
2022-09-18 23:00:00,0.0,0.0,23.85,96.94,0.71
2022-09-19 00:00:00,0.0,0.0,23.75,96.92,0.95
2022-09-19 01:00:00,0.0,0.0,23.61,96.93,1.08
2022-09-19 02:00:00,0.0,0.0,23.45,97.14,1.18
2022-09-19 03:00:00,0.0,0.0,23.31,97.25,1.21
2022-09-19 04:00:00,0.0,0.0,23.15,97.5,1.2
2022-09-19 05:00:00,0.0,0.0,22.98,97.6,1.11
2022-09-19 06:00:00,49.47,73.72,23.17,97.32,1.24
2022-09-19 07:00:00,194.43,301.48,23.87,95.63,1.86
2022-09-19 08:00:00,362.73,540.42,24.88,92.99,1.88
2022-09-19 09:00:00,565.0,747.78,26.03,88.39,2.08
2022-09-19 10:00:00,635.5,893.5,26.86,82.77,2.25
2022-09-19 11:00:00,634.85,966.78,27.5,78.34,2.3
2022-09-19 12:00:00,635.45,934.17,28.05,74.88,2.29
2022-09-19 13:00:00,591.35,850.12,28.32,73.32,2.23
2022-09-19 14:00:00,457.7,694.4,28.22,73.52,2.15
2022-09-19 15:00:00,341.02,483.5,27.85,75.4,1.98
2022-09-19 16:00:00,165.25,248.57,27.24,80.09,1.51
2022-09-19 17:00:00,36.33,49.33,26.2,86.3,1.06
2022-09-19 18:00:00,0.0,0.0,24.96,91.98,0.66
2022-09-19 19:00:00,0.0,0.0,24.59,92.76,0.68
2022-09-19 20:00:00,0.0,0.0,24.24,93.53,0.75
2022-09-19 21:00:00,0.0,0.0,23.82,94.21,0.91
2022-09-19 22:00:00,0.0,0.0,23.47,94.71,1.17
2022-09-19 23:00:00,0.0,0.0,23.23,95.23,1.47
2022-09-20 00:00:00,0.0,0.0,23.0,96.0,1.66
2022-09-20 01:00:00,0.0,0.0,22.84,96.71,1.79
2022-09-20 02:00:00,0.0,0.0,22.71,97.26,1.79
2022-09-20 03:00:00,0.0,0.0,22.53,97.68,1.55
2022-09-20 04:00:00,0.0,0.0,22.44,97.72,1.45
2022-09-20 05:00:00,0.0,0.0,22.42,97.6,1.52
2022-09-20 06:00:00,8.9,82.22,22.84,96.74,2.08
2022-09-20 07:00:00,112.68,311.3,23.74,95.15,2.64
2022-09-20 08:00:00,233.65,547.6,24.8,91.9,3.15
2022-09-20 09:00:00,307.62,748.3,25.6,86.93,3.58
2022-09-20 10:00:00,361.0,890.72,26.17,82.47,3.69
2022-09-20 11:00:00,486.2,960.53,26.9,78.54,3.72
2022-09-20 12:00:00,476.95,912.17,27.74,74.82,3.74
2022-09-20 13:00:00,487.6,832.9,28.0,73.27,3.61
2022-09-20 14:00:00,430.92,680.95,27.82,73.93,3.39
2022-09-20 15:00:00,250.82,474.05,27.4,76.45,3.0
2022-09-20 16:00:00,135.35,241.98,26.8,81.33,2.37
2022-09-20 17:00:00,30.98,45.88,25.76,88.92,1.52
2022-09-20 18:00:00,0.0,0.0,24.55,93.37,1.25
2022-09-20 19:00:00,0.0,0.0,24.2,94.08,1.45
2022-09-20 20:00:00,0.0,0.0,23.93,94.69,1.67
2022-09-20 21:00:00,0.0,0.0,23.66,95.4,1.77
2022-09-20 22:00:00,0.0,0.0,23.42,96.11,1.8
2022-09-20 23:00:00,0.0,0.0,23.19,96.78,1.75
2022-09-21 00:00:00,0.0,0.0,22.98,97.24,1.66
2022-09-21 01:00:00,0.0,0.0,22.8,97.52,1.56
2022-09-21 02:00:00,0.0,0.0,22.68,97.64,1.48
2022-09-21 03:00:00,0.0,0.0,22.58,97.78,1.45
2022-09-21 04:00:00,0.0,0.0,22.49,97.84,1.4
2022-09-21 05:00:00,0.0,0.0,22.45,97.68,1.54
2022-09-21 06:00:00,56.42,73.9,22.78,97.07,1.79
2022-09-21 07:00:00,173.25,293.35,23.52,95.28,2.23
2022-09-21 08:00:00,325.95,539.03,24.18,92.06,2.65
2022-09-21 09:00:00,454.88,744.0,25.03,87.78,2.77
2022-09-21 10:00:00,541.0,887.8,25.97,83.49,2.72
2022-09-21 11:00:00,523.15,956.7,27.0,79.34,2.54
2022-09-21 12:00:00,703.05,939.35,27.84,75.94,2.31
2022-09-21 13:00:00,640.08,848.83,28.43,73.58,2.1
2022-09-21 14:00:00,499.35,686.33,28.55,72.34,1.91
2022-09-21 15:00:00,337.15,470.58,28.38,72.39,1.62
2022-09-21 16:00:00,174.62,241.45,27.92,75.6,1.14
2022-09-21 17:00:00,33.25,44.97,27.13,80.85,0.78
2022-09-21 18:00:00,0.0,0.0,26.02,83.11,0.6
2022-09-21 19:00:00,0.0,0.0,25.78,82.57,0.54
2022-09-21 20:00:00,0.0,0.0,25.66,81.79,0.51
2022-09-21 21:00:00,0.0,0.0,25.44,82.23,0.47
2022-09-21 22:00:00,0.0,0.0,25.23,83.37,0.35
2022-09-21 23:00:00,0.0,0.0,24.96,83.55,0.19
2022-09-22 00:00:00,0.0,0.0,24.67,83.43,0.24
2022-09-22 01:00:00,0.0,0.0,24.19,85.65,0.33
2022-09-22 02:00:00,0.0,0.0,23.88,86.85,0.36
2022-09-22 03:00:00,0.0,0.0,23.68,87.48,0.3
2022-09-22 04:00:00,0.0,0.0,23.54,87.97,0.21
2022-09-22 05:00:00,0.0,0.0,23.4,88.42,0.24
2022-09-22 06:00:00,56.55,72.6,23.56,91.11,0.29
2022-09-22 07:00:00,174.07,284.4,24.72,88.0,0.39
2022-09-22 08:00:00,306.6,526.8,27.32,74.73,0.23
2022-09-22 09:00:00,475.1,734.47,28.99,67.31,0.45
2022-09-22 10:00:00,706.78,879.78,29.89,64.73,0.69
2022-09-22 11:00:00,860.97,951.17,30.36,63.95,0.93
2022-09-22 12:00:00,881.28,941.2,30.49,63.82,1.19
2022-09-22 13:00:00,724.78,854.12,30.24,64.26,1.52
2022-09-22 14:00:00,594.85,694.92,29.75,65.99,1.68
2022-09-22 15:00:00,302.65,480.85,29.18,70.92,1.41
2022-09-22 16:00:00,145.27,240.62,28.56,73.12,1.37
2022-09-22 17:00:00,30.6,44.25,27.25,82.31,0.96
2022-09-22 18:00:00,0.0,0.0,26.05,87.74,0.69
2022-09-22 19:00:00,0.0,0.0,25.81,87.25,0.67
2022-09-22 20:00:00,0.0,0.0,25.77,84.9,0.66
2022-09-22 21:00:00,0.0,0.0,25.76,82.66,0.55
2022-09-22 22:00:00,0.0,0.0,25.62,82.41,0.43
2022-09-22 23:00:00,0.0,0.0,25.28,83.6,0.5
2022-09-23 00:00:00,0.0,0.0,24.93,84.8,0.51
2022-09-23 01:00:00,0.0,0.0,24.67,85.29,0.41
2022-09-23 02:00:00,0.0,0.0,24.37,86.48,0.38
2022-09-23 03:00:00,0.0,0.0,23.96,88.49,0.49
2022-09-23 04:00:00,0.0,0.0,23.36,92.32,0.59
2022-09-23 05:00:00,0.0,0.0,23.02,94.83,0.63
2022-09-23 06:00:00,70.75,75.05,23.35,94.47,0.84
2022-09-23 07:00:00,269.55,297.55,24.13,89.88,1.65
2022-09-23 08:00:00,492.15,538.42,25.21,87.14,1.55
2022-09-23 09:00:00,703.9,743.12,26.82,80.33,1.66
2022-09-23 10:00:00,787.7,889.22,27.7,77.33,1.67
2022-09-23 11:00:00,783.75,960.45,28.14,76.46,1.66
2022-09-23 12:00:00,800.67,947.28,28.32,76.74,1.62
2022-09-23 13:00:00,691.3,862.78,28.34,77.44,1.63
2022-09-23 14:00:00,603.9,708.0,28.19,78.45,1.64
2022-09-23 15:00:00,396.77,500.67,27.92,80.34,1.49
2022-09-23 16:00:00,187.75,262.75,27.52,84.17,1.1
2022-09-23 17:00:00,36.83,48.45,26.64,89.22,0.78
2022-09-23 18:00:00,0.0,0.0,25.66,91.75,0.6
2022-09-23 19:00:00,0.0,0.0,25.24,92.77,0.62
2022-09-23 20:00:00,0.0,0.0,24.95,93.45,0.63
2022-09-23 21:00:00,0.0,0.0,24.7,93.93,0.63
2022-09-23 22:00:00,0.0,0.0,24.44,94.58,0.63
2022-09-23 23:00:00,0.0,0.0,24.14,95.48,0.64
2022-09-24 00:00:00,0.0,0.0,23.84,96.37,0.66
2022-09-24 01:00:00,0.0,0.0,23.6,96.92,0.71
2022-09-24 02:00:00,0.0,0.0,23.38,97.31,0.74
2022-09-24 03:00:00,0.0,0.0,23.14,97.74,0.7
2022-09-24 04:00:00,0.0,0.0,22.93,97.84,0.63
2022-09-24 05:00:00,0.0,0.0,22.75,97.82,0.61
2022-09-24 06:00:00,58.9,79.47,23.29,97.29,0.67
2022-09-24 07:00:00,181.25,303.05,24.48,94.15,1.34
2022-09-24 08:00:00,306.2,545.53,25.9,88.89,1.55
2022-09-24 09:00:00,340.45,750.33,27.17,82.63,1.47
2022-09-24 10:00:00,479.98,893.58,28.21,76.44,1.38
2022-09-24 11:00:00,687.38,963.05,29.0,71.53,1.45
2022-09-24 12:00:00,856.03,948.88,29.52,67.33,1.6
2022-09-24 13:00:00,755.97,863.47,29.68,65.14,1.67
2022-09-24 14:00:00,655.3,706.35,29.64,64.76,1.68
2022-09-24 15:00:00,465.58,494.38,29.25,66.61,1.62
2022-09-24 16:00:00,226.7,253.43,28.8,71.06,1.26
2022-09-24 17:00:00,39.28,45.2,27.25,78.24,1.14
2022-09-24 18:00:00,0.0,0.0,25.58,88.01,0.71
2022-09-24 19:00:00,0.0,0.0,25.13,88.75,0.69
2022-09-24 20:00:00,0.0,0.0,24.74,89.54,0.68
2022-09-24 21:00:00,0.0,0.0,24.37,90.28,0.67
2022-09-24 22:00:00,0.0,0.0,24.04,90.87,0.66
2022-09-24 23:00:00,0.0,0.0,23.74,91.26,0.65
2022-09-25 00:00:00,0.0,0.0,23.49,91.14,0.64
2022-09-25 01:00:00,0.0,0.0,23.29,91.28,0.61
2022-09-25 02:00:00,0.0,0.0,23.14,91.59,0.58
2022-09-25 03:00:00,0.0,0.0,22.99,92.35,0.56
2022-09-25 04:00:00,0.0,0.0,22.73,92.47,0.56
2022-09-25 05:00:00,0.0,0.0,22.43,92.8,0.6
2022-09-25 06:00:00,69.85,76.53,22.83,93.7,0.74
2022-09-25 07:00:00,264.0,300.48,24.1,90.22,1.45
2022-09-25 08:00:00,481.55,542.55,26.32,80.69,1.92
2022-09-25 09:00:00,672.05,748.92,28.1,73.49,2.09
2022-09-25 10:00:00,726.22,893.0,29.16,70.28,2.06
2022-09-25 11:00:00,760.38,963.25,29.72,68.85,1.9
2022-09-25 12:00:00,725.6,947.3,29.9,68.44,1.67
2022-09-25 13:00:00,677.03,859.55,29.88,68.55,1.44
2022-09-25 14:00:00,603.58,702.97,29.77,68.96,1.2
2022-09-25 15:00:00,445.67,491.45,29.45,70.24,1.0
2022-09-25 16:00:00,233.55,252.15,29.19,73.23,0.73
2022-09-25 17:00:00,43.17,44.0,28.37,75.93,0.57
2022-09-25 18:00:00,0.0,0.0,27.42,78.86,0.5
2022-09-25 19:00:00,0.0,0.0,26.89,80.83,0.53
2022-09-25 20:00:00,0.0,0.0,26.34,83.37,0.57
2022-09-25 21:00:00,0.0,0.0,25.58,87.86,0.61
2022-09-25 22:00:00,0.0,0.0,24.79,92.19,0.69
2022-09-25 23:00:00,0.0,0.0,24.26,93.6,1.0
2022-09-26 00:00:00,0.0,0.0,23.88,93.98,1.44
2022-09-26 01:00:00,0.0,0.0,23.55,94.73,1.69
2022-09-26 02:00:00,0.0,0.0,23.27,95.86,1.68
2022-09-26 03:00:00,0.0,0.0,23.18,96.16,2.19
2022-09-26 04:00:00,0.0,0.0,23.13,96.39,2.93
2022-09-26 05:00:00,0.0,0.0,23.09,96.64,3.06
2022-09-26 06:00:00,26.12,74.05,23.18,96.5,2.97
2022-09-26 07:00:00,117.07,289.17,23.63,95.86,3.05
2022-09-26 08:00:00,243.0,525.33,24.23,94.84,3.04
2022-09-26 09:00:00,351.17,727.4,24.83,92.68,3.44
2022-09-26 10:00:00,595.97,866.67,25.23,89.07,3.7
2022-09-26 11:00:00,602.9,940.72,25.26,85.0,3.5
2022-09-26 12:00:00,343.58,925.42,25.12,83.92,3.08
2022-09-26 13:00:00,270.9,841.28,24.9,84.41,2.71
2022-09-26 14:00:00,242.62,685.95,24.59,86.32,2.4
2022-09-26 15:00:00,177.82,475.0,24.3,88.33,2.31
2022-09-26 16:00:00,76.5,239.93,24.0,90.71,2.2
2022-09-26 17:00:00,15.1,41.05,23.42,93.96,1.73
2022-09-26 18:00:00,0.0,0.0,22.75,96.2,1.32
2022-09-26 19:00:00,0.0,0.0,22.55,96.29,1.27
2022-09-26 20:00:00,0.0,0.0,22.4,96.43,1.13
2022-09-26 21:00:00,0.0,0.0,22.26,96.53,0.95
2022-09-26 22:00:00,0.0,0.0,22.04,96.63,0.9
2022-09-26 23:00:00,0.0,0.0,21.68,96.89,1.0
2022-09-27 00:00:00,0.0,0.0,21.46,97.21,1.03
2022-09-27 01:00:00,0.0,0.0,21.3,97.5,0.97
2022-09-27 02:00:00,0.0,0.0,21.14,97.88,0.9
2022-09-27 03:00:00,0.0,0.0,21.0,98.1,0.88
2022-09-27 04:00:00,0.0,0.0,20.9,98.23,0.88
2022-09-27 05:00:00,0.0,0.0,20.8,98.31,0.86
2022-09-27 06:00:00,29.08,78.18,21.44,96.72,1.36
2022-09-27 07:00:00,126.5,301.7,22.76,93.14,1.85
2022-09-27 08:00:00,274.05,540.53,24.88,85.04,1.86
2022-09-27 09:00:00,122.4,743.33,26.97,76.51,1.49
2022-09-27 10:00:00,297.12,886.9,28.52,71.45,1.7
2022-09-27 11:00:00,387.38,957.58,29.46,68.53,2.02
2022-09-27 12:00:00,430.65,947.3,29.97,67.11,2.09
2022-09-27 13:00:00,448.7,860.7,30.13,66.81,2.15
2022-09-27 14:00:00,411.42,703.25,29.89,67.59,2.25
2022-09-27 15:00:00,333.55,490.1,29.43,69.51,2.23
2022-09-27 16:00:00,163.07,245.98,28.67,75.03,1.75
2022-09-27 17:00:00,34.5,40.88,27.33,82.45,1.3
2022-09-27 18:00:00,0.0,0.0,25.59,90.75,0.77
2022-09-27 19:00:00,0.0,0.0,25.1,91.63,0.76
2022-09-27 20:00:00,0.0,0.0,24.76,91.93,0.72
2022-09-27 21:00:00,0.0,0.0,24.56,91.6,0.69
2022-09-27 22:00:00,0.0,0.0,24.39,90.92,0.68
2022-09-27 23:00:00,0.0,0.0,24.17,91.12,0.67
2022-09-28 00:00:00,0.0,0.0,23.9,92.15,0.64
2022-09-28 01:00:00,0.0,0.0,23.57,93.63,0.62
2022-09-28 02:00:00,0.0,0.0,23.25,94.92,0.62
2022-09-28 03:00:00,0.0,0.0,22.95,95.86,0.65
2022-09-28 04:00:00,0.0,0.0,22.71,96.42,0.7
2022-09-28 05:00:00,0.0,0.0,22.49,96.94,0.76
2022-09-28 06:00:00,37.7,74.85,22.95,95.76,1.28
2022-09-28 07:00:00,107.32,294.55,24.21,91.91,2.03
2022-09-28 08:00:00,168.12,532.17,26.12,83.77,2.25
2022-09-28 09:00:00,181.43,732.67,27.56,77.21,2.34
2022-09-28 10:00:00,272.67,874.5,28.21,74.53,2.52
2022-09-28 11:00:00,446.25,941.2,28.57,72.83,2.69
2022-09-28 12:00:00,564.62,934.33,28.87,70.88,2.74
2022-09-28 13:00:00,533.35,840.42,29.09,69.53,2.71
2022-09-28 14:00:00,458.95,677.1,28.77,71.41,2.47
2022-09-28 15:00:00,273.05,458.23,28.34,74.41,2.11
2022-09-28 16:00:00,137.68,220.15,27.75,78.71,1.66
2022-09-28 17:00:00,23.85,34.72,26.53,86.68,1.2
2022-09-28 18:00:00,0.0,0.0,24.96,93.55,0.9
2022-09-28 19:00:00,0.0,0.0,24.5,94.55,1.0
2022-09-28 20:00:00,0.0,0.0,24.12,95.45,1.01
2022-09-28 21:00:00,0.0,0.0,23.78,96.19,1.03
2022-09-28 22:00:00,0.0,0.0,23.47,96.88,1.13
2022-09-28 23:00:00,0.0,0.0,23.19,97.47,1.33
2022-09-29 00:00:00,0.0,0.0,22.97,97.89,1.51
2022-09-29 01:00:00,0.0,0.0,22.79,97.91,1.6
2022-09-29 02:00:00,0.0,0.0,22.6,98.05,1.6
2022-09-29 03:00:00,0.0,0.0,22.32,98.44,1.42
2022-09-29 04:00:00,0.0,0.0,22.03,98.79,1.25
2022-09-29 05:00:00,0.0,0.0,21.8,99.03,1.09
2022-09-29 06:00:00,40.67,72.43,22.52,96.9,1.53
2022-09-29 07:00:00,154.48,286.52,24.02,92.29,2.36
2022-09-29 08:00:00,290.33,523.6,25.72,84.77,2.83
2022-09-29 09:00:00,347.15,727.47,27.33,77.29,3.01
2022-09-29 10:00:00,428.27,870.78,28.38,72.91,3.0
2022-09-29 11:00:00,515.6,939.88,28.95,70.67,2.92
2022-09-29 12:00:00,514.42,943.45,29.25,69.49,2.82
2022-09-29 13:00:00,471.67,850.92,29.58,68.38,2.7
2022-09-29 14:00:00,436.12,688.28,29.59,68.04,2.5
2022-09-29 15:00:00,330.85,473.75,29.25,69.64,2.27
2022-09-29 16:00:00,167.15,235.12,28.33,76.21,1.64
2022-09-29 17:00:00,33.17,38.2,26.98,84.19,1.21
2022-09-29 18:00:00,0.0,0.0,25.6,91.15,0.83
2022-09-29 19:00:00,0.0,0.0,25.16,92.17,0.87
2022-09-29 20:00:00,0.0,0.0,24.78,93.15,0.87
2022-09-29 21:00:00,0.0,0.0,24.47,93.92,0.87
2022-09-29 22:00:00,0.0,0.0,24.18,94.59,0.87
2022-09-29 23:00:00,0.0,0.0,23.92,95.1,0.93
2022-09-30 00:00:00,0.0,0.0,23.7,95.46,1.04
2022-09-30 01:00:00,0.0,0.0,23.48,95.75,1.21
2022-09-30 02:00:00,0.0,0.0,23.25,96.16,1.35
2022-09-30 03:00:00,0.0,0.0,23.05,96.47,1.49
2022-09-30 04:00:00,0.0,0.0,22.89,96.81,1.61
2022-09-30 05:00:00,0.0,0.0,22.76,97.0,1.66
2022-09-30 06:00:00,66.4,80.8,23.04,95.94,2.12
2022-09-30 07:00:00,220.25,304.52,24.07,92.79,2.63
2022-09-30 08:00:00,394.0,541.83,25.67,86.15,2.84
2022-09-30 09:00:00,528.05,742.17,27.26,79.11,2.91
2022-09-30 10:00:00,502.33,881.35,28.25,75.17,2.47
2022-09-30 11:00:00,386.2,950.45,29.1,71.95,1.86
2022-09-30 12:00:00,135.73,933.1,29.63,69.6,1.38
2022-09-30 13:00:00,81.25,842.33,29.94,67.67,1.01
2022-09-30 14:00:00,103.75,682.92,30.06,66.24,0.82
2022-09-30 15:00:00,194.32,467.7,29.62,67.77,0.71
2022-09-30 16:00:00,105.97,229.6,29.2,71.16,0.54
2022-09-30 17:00:00,23.75,36.2,28.28,76.3,0.48
2022-09-30 18:00:00,0.0,0.0,27.51,78.92,0.39
2022-09-30 19:00:00,0.0,0.0,27.12,79.45,0.37
2022-09-30 20:00:00,0.0,0.0,26.71,80.91,0.37
2022-09-30 21:00:00,0.0,0.0,26.27,82.8,0.36
2022-09-30 22:00:00,0.0,0.0,25.9,83.7,0.36
2022-09-30 23:00:00,0.0,0.0,25.56,84.53,0.36
2022-10-01 00:00:00,0.0,0.0,25.13,86.73,0.35
2022-10-01 01:00:00,0.0,0.0,24.73,88.58,0.35
2022-10-01 02:00:00,0.0,0.0,24.35,90.44,0.36
2022-10-01 03:00:00,0.0,0.0,24.05,91.52,0.39
2022-10-01 04:00:00,0.0,0.0,23.76,93.15,0.4
2022-10-01 05:00:00,0.0,0.0,23.51,94.34,0.43
2022-10-01 06:00:00,48.55,79.12,23.72,94.22,0.61
2022-10-01 07:00:00,174.27,298.8,24.84,88.71,1.16
2022-10-01 08:00:00,326.1,535.85,26.06,84.22,1.4
2022-10-01 09:00:00,418.08,734.9,27.05,80.04,1.75
2022-10-01 10:00:00,423.92,877.2,27.7,77.0,2.1
2022-10-01 11:00:00,538.55,947.25,28.12,74.75,2.29
2022-10-01 12:00:00,621.9,936.83,28.57,72.52,2.27
2022-10-01 13:00:00,654.17,848.83,28.48,72.8,2.15
2022-10-01 14:00:00,487.8,689.72,28.02,75.61,2.06
2022-10-01 15:00:00,346.55,477.15,27.34,80.2,1.87
2022-10-01 16:00:00,163.95,239.43,26.54,86.05,1.39
2022-10-01 17:00:00,29.4,36.83,25.64,91.74,0.83
2022-10-01 18:00:00,0.0,0.0,24.79,95.46,0.59
2022-10-01 19:00:00,0.0,0.0,24.44,96.44,0.64
2022-10-01 20:00:00,0.0,0.0,24.2,96.63,0.76
2022-10-01 21:00:00,0.0,0.0,23.99,96.71,0.99
2022-10-01 22:00:00,0.0,0.0,23.82,96.88,1.35
2022-10-01 23:00:00,0.0,0.0,23.71,96.97,1.76
2022-10-02 00:00:00,0.0,0.0,23.56,97.09,1.9
2022-10-02 01:00:00,0.0,0.0,23.42,97.15,1.8
2022-10-02 02:00:00,0.0,0.0,23.24,97.46,1.57
2022-10-02 03:00:00,0.0,0.0,23.06,97.62,1.39
2022-10-02 04:00:00,0.0,0.0,22.83,97.94,1.29
2022-10-02 05:00:00,0.0,0.0,22.72,97.88,1.34
2022-10-02 06:00:00,50.47,83.28,23.04,97.17,1.81
2022-10-02 07:00:00,151.0,311.3,23.96,95.03,2.51
2022-10-02 08:00:00,294.38,551.65,25.16,89.94,3.31
2022-10-02 09:00:00,377.08,751.53,26.65,81.21,3.54
2022-10-02 10:00:00,578.22,890.58,27.8,74.84,3.34
2022-10-02 11:00:00,692.72,953.97,28.68,71.08,3.03
2022-10-02 12:00:00,616.72,950.53,29.33,68.33,2.66
2022-10-02 13:00:00,674.38,853.7,29.64,66.86,2.29
2022-10-02 14:00:00,511.85,686.28,29.58,66.76,1.97
2022-10-02 15:00:00,343.65,463.27,29.23,67.8,1.73
2022-10-02 16:00:00,160.48,220.07,28.59,72.36,1.33
2022-10-02 17:00:00,28.75,32.83,27.52,79.16,1.01
2022-10-02 18:00:00,0.0,0.0,25.95,86.74,0.68
2022-10-02 19:00:00,0.0,0.0,25.57,86.61,0.69
2022-10-02 20:00:00,0.0,0.0,25.37,85.42,0.68
2022-10-02 21:00:00,0.0,0.0,25.34,83.36,0.6
2022-10-02 22:00:00,0.0,0.0,25.26,82.14,0.48
2022-10-02 23:00:00,0.0,0.0,25.13,81.62,0.46
2022-10-03 00:00:00,0.0,0.0,24.62,84.14,0.52
2022-10-03 01:00:00,0.0,0.0,24.08,86.91,0.6
2022-10-03 02:00:00,0.0,0.0,23.69,88.72,0.64
2022-10-03 03:00:00,0.0,0.0,23.53,88.93,0.61
2022-10-03 04:00:00,0.0,0.0,23.47,88.51,0.51
2022-10-03 05:00:00,0.0,0.0,23.2,89.61,0.54
2022-10-03 06:00:00,68.43,69.0,23.3,92.67,0.77
2022-10-03 07:00:00,269.25,273.5,24.44,88.76,1.51
2022-10-03 08:00:00,495.0,497.58,26.71,79.79,1.87
2022-10-03 09:00:00,716.12,720.97,28.62,72.34,1.95
2022-10-03 10:00:00,864.72,867.25,29.51,70.31,1.81
2022-10-03 11:00:00,934.97,939.15,30.03,69.32,1.7
2022-10-03 12:00:00,943.25,945.97,30.16,68.96,1.59
2022-10-03 13:00:00,733.4,850.67,30.16,69.12,1.48
2022-10-03 14:00:00,665.22,687.78,29.9,70.11,1.38
2022-10-03 15:00:00,443.27,474.0,29.48,72.72,1.27
2022-10-03 16:00:00,208.75,232.77,28.86,77.44,0.99
2022-10-03 17:00:00,30.9,34.25,27.76,85.43,0.67
2022-10-03 18:00:00,0.0,0.0,26.76,87.42,0.63
2022-10-03 19:00:00,0.0,0.0,26.15,89.89,0.64
2022-10-03 20:00:00,0.0,0.0,25.62,91.7,0.71
2022-10-03 21:00:00,0.0,0.0,25.18,92.72,0.82
2022-10-03 22:00:00,0.0,0.0,24.81,93.49,0.9
2022-10-03 23:00:00,0.0,0.0,24.5,94.1,0.94
2022-10-04 00:00:00,0.0,0.0,24.21,94.81,0.95
2022-10-04 01:00:00,0.0,0.0,23.94,95.37,1.02
2022-10-04 02:00:00,0.0,0.0,23.7,95.87,1.15
2022-10-04 03:00:00,0.0,0.0,23.49,96.26,1.32
2022-10-04 04:00:00,0.0,0.0,23.33,96.55,1.56
2022-10-04 05:00:00,0.0,0.0,23.19,96.9,1.76
2022-10-04 06:00:00,84.43,84.8,23.39,96.16,2.19
2022-10-04 07:00:00,304.75,305.45,24.3,93.71,2.59
2022-10-04 08:00:00,543.55,543.8,25.86,87.3,2.89
2022-10-04 09:00:00,746.92,747.12,27.52,78.94,3.28
2022-10-04 10:00:00,886.65,888.08,28.61,74.83,3.21
2022-10-04 11:00:00,952.38,956.1,29.0,73.81,2.89
2022-10-04 12:00:00,887.3,931.2,29.13,73.81,2.55
2022-10-04 13:00:00,711.7,838.25,29.27,73.74,2.24
2022-10-04 14:00:00,547.88,676.3,29.2,74.43,1.99
2022-10-04 15:00:00,415.38,459.55,28.85,76.92,1.62
2022-10-04 16:00:00,195.5,219.88,28.4,80.84,1.19
2022-10-04 17:00:00,29.7,31.77,27.35,88.13,0.76
2022-10-04 18:00:00,0.0,0.0,26.17,90.77,0.7
2022-10-04 19:00:00,0.0,0.0,25.66,91.95,0.75
2022-10-04 20:00:00,0.0,0.0,25.21,92.84,0.78
2022-10-04 21:00:00,0.0,0.0,24.86,93.44,0.79
2022-10-04 22:00:00,0.0,0.0,24.59,93.86,0.75
2022-10-04 23:00:00,0.0,0.0,24.35,94.22,0.71
2022-10-05 00:00:00,0.0,0.0,24.2,94.3,0.67
2022-10-05 01:00:00,0.0,0.0,24.02,94.7,0.66
2022-10-05 02:00:00,0.0,0.0,23.84,95.24,0.63
2022-10-05 03:00:00,0.0,0.0,23.63,95.91,0.63
2022-10-05 04:00:00,0.0,0.0,23.43,96.62,0.67
2022-10-05 05:00:00,0.0,0.0,23.3,97.08,0.76
2022-10-05 06:00:00,64.8,79.12,23.58,96.91,1.05
2022-10-05 07:00:00,227.5,300.12,24.6,93.96,2.14
2022-10-05 08:00:00,429.25,540.25,25.86,89.94,2.5
2022-10-05 09:00:00,659.05,742.62,27.54,82.25,2.7
2022-10-05 10:00:00,812.75,883.58,28.9,76.57,2.54
2022-10-05 11:00:00,881.38,950.65,29.72,73.47,2.2
2022-10-05 12:00:00,769.92,935.0,30.18,71.3,1.82
2022-10-05 13:00:00,758.38,841.88,30.37,69.44,1.46
2022-10-05 14:00:00,639.67,680.4,30.23,68.57,1.05
2022-10-05 15:00:00,437.02,464.65,29.8,69.38,0.69
2022-10-05 16:00:00,214.0,223.38,29.51,71.69,0.3
2022-10-05 17:00:00,30.9,31.35,28.5,73.1,0.21
2022-10-05 18:00:00,0.0,0.0,27.75,75.06,0.3
2022-10-05 19:00:00,0.0,0.0,27.11,76.53,0.42
2022-10-05 20:00:00,0.0,0.0,26.46,79.96,0.5
2022-10-05 21:00:00,0.0,0.0,26.1,81.15,0.59
2022-10-05 22:00:00,0.0,0.0,25.63,83.41,0.63
2022-10-05 23:00:00,0.0,0.0,25.21,85.39,0.64
2022-10-06 00:00:00,0.0,0.0,24.95,85.98,0.61
2022-10-06 01:00:00,0.0,0.0,24.76,86.01,0.48
2022-10-06 02:00:00,0.0,0.0,24.85,84.39,0.25
2022-10-06 03:00:00,0.0,0.0,24.46,86.72,0.24
2022-10-06 04:00:00,0.0,0.0,23.83,89.17,0.41
2022-10-06 05:00:00,0.0,0.0,23.25,91.86,0.5
2022-10-06 06:00:00,67.43,75.72,23.37,93.67,0.5
2022-10-06 07:00:00,253.35,292.08,24.43,90.62,0.81
2022-10-06 08:00:00,466.7,528.38,26.62,82.22,1.61
2022-10-06 09:00:00,609.92,734.75,28.16,76.3,1.95
2022-10-06 10:00:00,694.78,875.78,29.13,73.13,1.88
2022-10-06 11:00:00,704.58,942.28,29.68,70.94,1.55
2022-10-06 12:00:00,730.1,907.15,29.92,69.28,1.16
2022-10-06 13:00:00,677.08,812.6,29.98,68.34,0.8
2022-10-06 14:00:00,548.85,647.35,29.97,67.29,0.4
2022-10-06 15:00:00,388.35,433.33,29.79,66.53,0.17
2022-10-06 16:00:00,165.38,200.8,29.34,69.25,0.34
2022-10-06 17:00:00,21.92,28.2,28.56,72.75,0.44
2022-10-06 18:00:00,0.0,0.0,27.6,76.98,0.41
2022-10-06 19:00:00,0.0,0.0,26.99,79.94,0.46
2022-10-06 20:00:00,0.0,0.0,26.45,82.69,0.55
2022-10-06 21:00:00,0.0,0.0,26.0,84.47,0.58
2022-10-06 22:00:00,0.0,0.0,25.63,86.16,0.57
2022-10-06 23:00:00,0.0,0.0,25.15,88.57,0.59
2022-10-07 00:00:00,0.0,0.0,24.79,89.92,0.57
2022-10-07 01:00:00,0.0,0.0,24.62,89.2,0.52
2022-10-07 02:00:00,0.0,0.0,24.56,87.22,0.4
2022-10-07 03:00:00,0.0,0.0,24.26,88.77,0.21
2022-10-07 04:00:00,0.0,0.0,23.66,94.17,0.49
2022-10-07 05:00:00,0.0,0.0,23.31,96.03,0.63
2022-10-07 06:00:00,47.62,75.1,23.35,96.19,0.83
2022-10-07 07:00:00,181.82,292.25,23.95,93.92,1.64
2022-10-07 08:00:00,335.12,529.08,24.52,92.97,1.83
2022-10-07 09:00:00,444.12,732.03,25.97,85.42,1.61
2022-10-07 10:00:00,591.78,872.72,27.21,77.12,1.26
2022-10-07 11:00:00,646.25,938.8,28.18,71.91,1.35
2022-10-07 12:00:00,631.47,938.38,28.76,69.86,1.7
2022-10-07 13:00:00,704.5,844.17,28.97,69.52,1.86
2022-10-07 14:00:00,590.85,680.62,28.92,70.09,1.92
2022-10-07 15:00:00,400.95,463.98,28.55,72.08,1.8
2022-10-07 16:00:00,188.8,223.02,27.84,77.56,1.35
2022-10-07 17:00:00,24.92,29.95,26.62,85.98,0.95
2022-10-07 18:00:00,0.0,0.0,25.41,91.55,0.66
2022-10-07 19:00:00,0.0,0.0,24.97,92.77,0.62
2022-10-07 20:00:00,0.0,0.0,24.62,93.83,0.6
2022-10-07 21:00:00,0.0,0.0,24.31,94.85,0.56
2022-10-07 22:00:00,0.0,0.0,24.04,95.72,0.51
2022-10-07 23:00:00,0.0,0.0,23.8,96.49,0.47
2022-10-08 00:00:00,0.0,0.0,23.61,96.94,0.48
2022-10-08 01:00:00,0.0,0.0,23.45,97.34,0.59
2022-10-08 02:00:00,0.0,0.0,23.34,97.45,0.81
2022-10-08 03:00:00,0.0,0.0,23.25,97.51,1.02
2022-10-08 04:00:00,0.0,0.0,23.12,97.62,1.1
2022-10-08 05:00:00,0.0,0.0,23.08,97.65,1.07
2022-10-08 06:00:00,53.6,76.6,23.21,97.53,1.07
2022-10-08 07:00:00,213.88,293.02,23.93,95.24,1.47
2022-10-08 08:00:00,420.0,530.67,24.85,91.21,1.54
2022-10-08 09:00:00,510.9,735.15,25.28,87.27,1.87
2022-10-08 10:00:00,773.9,877.22,25.63,84.66,1.96
2022-10-08 11:00:00,847.38,945.53,26.2,81.52,1.8
2022-10-08 12:00:00,876.38,937.35,26.94,77.97,1.52
2022-10-08 13:00:00,672.55,844.55,27.64,74.57,1.29
2022-10-08 14:00:00,499.08,683.6,28.04,72.53,1.11
2022-10-08 15:00:00,287.45,468.12,27.86,72.95,0.97
2022-10-08 16:00:00,140.05,226.27,27.45,75.8,0.75
2022-10-08 17:00:00,22.9,29.23,26.74,80.12,0.5
2022-10-08 18:00:00,0.0,0.0,25.8,82.11,0.5
2022-10-08 19:00:00,0.0,0.0,25.31,83.81,0.59
2022-10-08 20:00:00,0.0,0.0,24.66,86.66,0.64
2022-10-08 21:00:00,0.0,0.0,24.0,88.76,0.72
2022-10-08 22:00:00,0.0,0.0,23.44,90.5,0.76
2022-10-08 23:00:00,0.0,0.0,23.04,91.58,0.77
2022-10-09 00:00:00,0.0,0.0,22.81,92.17,0.73
2022-10-09 01:00:00,0.0,0.0,22.57,93.37,0.69
2022-10-09 02:00:00,0.0,0.0,22.21,95.3,0.65
2022-10-09 03:00:00,0.0,0.0,21.9,96.59,0.64
2022-10-09 04:00:00,0.0,0.0,21.71,97.26,0.62
2022-10-09 05:00:00,0.0,0.0,21.57,97.59,0.62
2022-10-09 06:00:00,68.32,77.47,22.18,96.54,0.71
2022-10-09 07:00:00,264.62,288.67,23.63,92.61,0.88
2022-10-09 08:00:00,512.65,529.47,26.53,78.99,0.79
2022-10-09 09:00:00,657.45,730.38,28.56,70.79,1.09
2022-10-09 10:00:00,721.42,869.33,29.66,67.88,1.3
2022-10-09 11:00:00,800.35,933.5,30.41,65.87,1.5
2022-10-09 12:00:00,790.47,909.7,30.83,64.53,1.67
2022-10-09 13:00:00,716.08,815.42,31.0,63.82,1.77
2022-10-09 14:00:00,593.72,652.55,30.88,63.98,1.76
2022-10-09 15:00:00,407.6,438.67,30.52,65.33,1.7
2022-10-09 16:00:00,193.55,204.75,29.94,70.13,1.28
2022-10-09 17:00:00,26.55,26.95,28.46,77.63,1.0
2022-10-09 18:00:00,0.0,0.0,26.94,83.4,0.73
2022-10-09 19:00:00,0.0,0.0,26.57,83.72,0.72
2022-10-09 20:00:00,0.0,0.0,26.09,84.52,0.75
2022-10-09 21:00:00,0.0,0.0,25.62,85.66,0.74
2022-10-09 22:00:00,0.0,0.0,25.15,87.4,0.73
2022-10-09 23:00:00,0.0,0.0,24.65,89.52,0.72
2022-10-10 00:00:00,0.0,0.0,24.19,91.39,0.7
2022-10-10 01:00:00,0.0,0.0,23.86,92.83,0.67
2022-10-10 02:00:00,0.0,0.0,23.61,93.6,0.66
2022-10-10 03:00:00,0.0,0.0,23.38,94.23,0.64
2022-10-10 04:00:00,0.0,0.0,23.17,94.85,0.64
2022-10-10 05:00:00,0.0,0.0,22.94,95.49,0.64
2022-10-10 06:00:00,79.88,81.45,23.4,95.38,0.73
2022-10-10 07:00:00,299.2,305.42,24.74,90.02,1.37
2022-10-10 08:00:00,538.25,545.35,26.98,81.12,1.08
2022-10-10 09:00:00,733.0,746.75,29.08,71.07,0.73
2022-10-10 10:00:00,864.2,884.92,30.02,67.8,0.55
2022-10-10 11:00:00,881.88,949.55,30.7,65.56,1.11
2022-10-10 12:00:00,657.1,922.75,30.95,64.31,1.53
2022-10-10 13:00:00,588.75,829.92,30.83,64.25,1.76
2022-10-10 14:00:00,539.72,667.62,30.49,65.31,1.86
2022-10-10 15:00:00,356.15,457.48,29.93,68.24,1.84
2022-10-10 16:00:00,156.05,218.62,28.94,74.52,1.63
2022-10-10 17:00:00,19.62,27.55,27.21,84.01,1.31
2022-10-10 18:00:00,0.0,0.0,25.72,89.45,1.18
2022-10-10 19:00:00,0.0,0.0,25.21,90.75,1.27
2022-10-10 20:00:00,0.0,0.0,24.86,92.03,1.23
2022-10-10 21:00:00,0.0,0.0,24.56,93.11,1.19
2022-10-10 22:00:00,0.0,0.0,24.29,93.96,1.21
2022-10-10 23:00:00,0.0,0.0,24.03,94.78,1.22
2022-10-11 00:00:00,0.0,0.0,23.74,95.69,1.22
2022-10-11 01:00:00,0.0,0.0,23.39,96.74,1.14
2022-10-11 02:00:00,0.0,0.0,22.98,97.78,1.04
2022-10-11 03:00:00,0.0,0.0,22.65,98.31,0.98
2022-10-11 04:00:00,0.0,0.0,22.36,98.85,1.02
2022-10-11 05:00:00,0.0,0.0,22.04,99.41,1.11
2022-10-11 06:00:00,59.03,80.15,22.51,97.3,1.67
2022-10-11 07:00:00,212.65,304.05,24.08,91.7,2.53
2022-10-11 08:00:00,394.85,542.35,26.04,81.35,2.77
2022-10-11 09:00:00,551.97,744.0,27.96,70.82,2.79
2022-10-11 10:00:00,674.88,884.6,29.51,64.56,2.8
2022-10-11 11:00:00,822.55,947.97,30.6,61.76,2.74
2022-10-11 12:00:00,781.72,910.33,31.25,60.52,2.59
2022-10-11 13:00:00,746.47,816.0,31.5,60.15,2.43
2022-10-11 14:00:00,615.85,652.55,31.37,60.79,2.27
2022-10-11 15:00:00,412.58,436.27,30.87,62.99,2.04
2022-10-11 16:00:00,191.2,200.8,30.14,68.13,1.52
2022-10-11 17:00:00,25.02,25.6,28.46,77.54,1.09
2022-10-11 18:00:00,0.0,0.0,26.58,85.67,0.77
2022-10-11 19:00:00,0.0,0.0,26.03,87.1,0.76
2022-10-11 20:00:00,0.0,0.0,25.55,88.53,0.74
2022-10-11 21:00:00,0.0,0.0,25.12,89.92,0.72
2022-10-11 22:00:00,0.0,0.0,24.71,91.34,0.71
2022-10-11 23:00:00,0.0,0.0,24.36,92.57,0.71
2022-10-12 00:00:00,0.0,0.0,24.01,93.59,0.72
2022-10-12 01:00:00,0.0,0.0,23.72,94.37,0.7
2022-10-12 02:00:00,0.0,0.0,23.45,94.91,0.69
2022-10-12 03:00:00,0.0,0.0,23.19,95.48,0.69
2022-10-12 04:00:00,0.0,0.0,22.96,96.05,0.68
2022-10-12 05:00:00,0.0,0.0,22.72,96.95,0.67
2022-10-12 06:00:00,63.3,72.18,23.18,96.37,0.85
2022-10-12 07:00:00,230.43,275.65,24.53,92.16,1.33
2022-10-12 08:00:00,457.73,510.88,27.08,80.23,1.3
2022-10-12 09:00:00,665.38,710.53,28.9,72.08,0.76
2022-10-12 10:00:00,814.58,852.3,30.24,66.79,0.94
2022-10-12 11:00:00,871.55,917.53,31.02,63.81,1.51
2022-10-12 12:00:00,836.7,881.3,31.41,62.34,1.74
2022-10-12 13:00:00,717.33,782.28,31.54,61.79,1.83
2022-10-12 14:00:00,568.25,612.78,31.4,62.18,1.81
2022-10-12 15:00:00,355.42,394.98,30.95,64.29,1.61
2022-10-12 16:00:00,169.7,178.12,30.38,68.76,1.2
2022-10-12 17:00:00,21.88,22.12,28.84,78.8,0.9
2022-10-12 18:00:00,0.0,0.0,27.7,81.15,0.73
2022-10-12 19:00:00,0.0,0.0,27.68,78.01,0.66
2022-10-12 20:00:00,0.0,0.0,27.71,75.11,0.53
2022-10-12 21:00:00,0.0,0.0,27.39,75.26,0.52
2022-10-12 22:00:00,0.0,0.0,26.49,80.3,0.66
2022-10-12 23:00:00,0.0,0.0,25.66,84.59,0.75
2022-10-13 00:00:00,0.0,0.0,25.01,87.67,0.76
2022-10-13 01:00:00,0.0,0.0,24.58,89.45,0.74
2022-10-13 02:00:00,0.0,0.0,24.26,90.8,0.71
2022-10-13 03:00:00,0.0,0.0,24.01,91.81,0.69
2022-10-13 04:00:00,0.0,0.0,23.73,92.91,0.67
2022-10-13 05:00:00,0.0,0.0,23.48,93.73,0.66
2022-10-13 06:00:00,53.38,72.8,23.76,93.88,0.76
2022-10-13 07:00:00,202.68,287.5,24.7,89.26,1.31
2022-10-13 08:00:00,362.6,523.65,26.49,82.47,1.14
2022-10-13 09:00:00,432.05,730.58,28.59,73.43,0.81
2022-10-13 10:00:00,542.6,873.55,29.76,69.32,0.76
2022-10-13 11:00:00,798.33,938.67,30.15,68.18,1.01
2022-10-13 12:00:00,902.05,923.6,30.12,68.21,1.23
2022-10-13 13:00:00,768.88,832.03,29.93,69.02,1.41
2022-10-13 14:00:00,563.15,669.85,29.51,71.63,1.42
2022-10-13 15:00:00,270.95,453.65,28.99,76.56,1.24
2022-10-13 16:00:00,113.97,215.62,28.07,79.11,1.45
2022-10-13 17:00:00,15.57,25.52,26.74,88.74,0.99
2022-10-13 18:00:00,0.0,0.0,25.77,92.25,0.95
2022-10-13 19:00:00,0.0,0.0,25.38,93.36,1.05
2022-10-13 20:00:00,0.0,0.0,25.06,94.38,1.12
2022-10-13 21:00:00,0.0,0.0,24.79,95.13,1.12
2022-10-13 22:00:00,0.0,0.0,24.54,95.72,1.02
2022-10-13 23:00:00,0.0,0.0,24.3,96.35,0.93
2022-10-14 00:00:00,0.0,0.0,24.07,96.98,0.85
2022-10-14 01:00:00,0.0,0.0,23.87,97.39,0.78
2022-10-14 02:00:00,0.0,0.0,23.69,97.7,0.78
2022-10-14 03:00:00,0.0,0.0,23.52,98.06,0.87
2022-10-14 04:00:00,0.0,0.0,23.38,98.29,0.94
2022-10-14 05:00:00,0.0,0.0,23.22,98.45,0.96
2022-10-14 06:00:00,72.22,83.72,23.62,97.04,1.63
2022-10-14 07:00:00,254.93,309.0,24.4,94.69,2.4
2022-10-14 08:00:00,471.75,544.38,25.39,91.19,2.73
2022-10-14 09:00:00,651.88,744.25,26.56,84.85,3.03
2022-10-14 10:00:00,705.9,880.25,27.5,79.65,2.99
2022-10-14 11:00:00,740.28,941.65,28.09,76.75,2.82
2022-10-14 12:00:00,728.42,896.62,28.29,75.51,2.63
2022-10-14 13:00:00,549.33,802.2,28.24,75.44,2.45
2022-10-14 14:00:00,414.8,639.62,28.07,76.33,2.21
2022-10-14 15:00:00,278.83,427.08,27.73,78.82,1.85
2022-10-14 16:00:00,122.82,194.38,27.23,83.29,1.24
2022-10-14 17:00:00,17.6,22.65,26.37,88.5,0.77
2022-10-14 18:00:00,0.0,0.0,25.66,89.27,0.43
2022-10-14 19:00:00,0.0,0.0,25.48,89.05,0.17
2022-10-14 20:00:00,0.0,0.0,25.06,93.07,0.15
2022-10-14 21:00:00,0.0,0.0,24.64,95.89,0.34
2022-10-14 22:00:00,0.0,0.0,24.33,96.89,0.63
2022-10-14 23:00:00,0.0,0.0,24.09,97.21,0.81
2022-10-15 00:00:00,0.0,0.0,23.86,97.56,0.83
2022-10-15 01:00:00,0.0,0.0,23.78,97.68,0.87
2022-10-15 02:00:00,0.0,0.0,23.71,97.62,0.87
2022-10-15 03:00:00,0.0,0.0,23.49,97.64,0.78
2022-10-15 04:00:00,0.0,0.0,23.19,97.65,0.88
2022-10-15 05:00:00,0.0,0.0,22.93,97.54,1.18
2022-10-15 06:00:00,24.8,69.6,23.04,96.94,1.79
2022-10-15 07:00:00,84.95,270.6,23.61,95.63,2.51
2022-10-15 08:00:00,142.98,497.52,24.51,92.92,2.97
2022-10-15 09:00:00,258.73,694.67,25.94,86.39,3.38
2022-10-15 10:00:00,430.83,830.78,27.47,78.28,3.21
2022-10-15 11:00:00,523.53,899.25,28.36,73.78,2.89
2022-10-15 12:00:00,575.42,881.5,28.86,71.74,2.66
2022-10-15 13:00:00,540.88,784.72,28.99,71.12,2.53
2022-10-15 14:00:00,474.95,620.78,28.71,71.74,2.36
2022-10-15 15:00:00,325.45,406.25,28.21,73.77,2.1
2022-10-15 16:00:00,162.25,184.95,27.5,78.95,1.52
2022-10-15 17:00:00,20.67,21.45,26.28,86.28,1.03
2022-10-15 18:00:00,0.0,0.0,24.98,92.27,0.73
2022-10-15 19:00:00,0.0,0.0,24.51,93.13,0.76
2022-10-15 20:00:00,0.0,0.0,24.06,93.7,0.81
2022-10-15 21:00:00,0.0,0.0,23.57,94.44,0.91
2022-10-15 22:00:00,0.0,0.0,23.18,94.98,1.06
2022-10-15 23:00:00,0.0,0.0,22.85,95.41,1.17
2022-10-16 00:00:00,0.0,0.0,22.52,96.01,1.23
2022-10-16 01:00:00,0.0,0.0,22.19,96.78,1.18
2022-10-16 02:00:00,0.0,0.0,21.86,97.62,1.08
2022-10-16 03:00:00,0.0,0.0,21.5,98.67,0.97
2022-10-16 04:00:00,0.0,0.0,21.2,99.45,0.89
2022-10-16 05:00:00,0.0,0.0,20.93,100.0,0.85
2022-10-16 06:00:00,69.88,70.88,21.61,98.17,1.06
2022-10-16 07:00:00,267.02,271.15,23.37,93.55,1.76
2022-10-16 08:00:00,497.75,504.45,25.8,82.59,1.84
2022-10-16 09:00:00,711.88,712.05,28.14,69.37,1.77
2022-10-16 10:00:00,853.15,854.9,29.69,63.69,1.21
2022-10-16 11:00:00,917.1,920.05,30.68,61.15,1.15
2022-10-16 12:00:00,851.78,912.6,31.25,59.76,1.42
2022-10-16 13:00:00,813.55,816.0,31.44,59.3,1.69
2022-10-16 14:00:00,640.12,647.15,31.31,59.77,1.85
2022-10-16 15:00:00,410.6,426.77,30.83,61.87,1.89
2022-10-16 16:00:00,189.4,192.7,30.2,66.32,1.5
2022-10-16 17:00:00,21.62,21.65,28.32,77.15,1.16
2022-10-16 18:00:00,0.0,0.0,26.5,85.12,0.83
2022-10-16 19:00:00,0.0,0.0,26.08,85.95,0.82
2022-10-16 20:00:00,0.0,0.0,25.83,86.17,0.79
2022-10-16 21:00:00,0.0,0.0,25.69,85.03,0.77
2022-10-16 22:00:00,0.0,0.0,25.72,82.23,0.75
2022-10-16 23:00:00,0.0,0.0,25.62,80.13,0.69
2022-10-17 00:00:00,0.0,0.0,25.35,79.45,0.59
2022-10-17 01:00:00,0.0,0.0,25.01,79.55,0.55
2022-10-17 02:00:00,0.0,0.0,24.43,81.97,0.54
2022-10-17 03:00:00,0.0,0.0,23.72,85.42,0.57
2022-10-17 04:00:00,0.0,0.0,23.09,88.52,0.6
2022-10-17 05:00:00,0.0,0.0,22.61,90.6,0.66
2022-10-17 06:00:00,72.03,72.15,22.74,92.94,0.62
2022-10-17 07:00:00,264.77,265.12,24.25,87.23,1.1
2022-10-17 08:00:00,495.92,496.27,27.04,75.1,1.13
2022-10-17 09:00:00,697.35,697.55,29.28,66.99,1.53
2022-10-17 10:00:00,838.55,838.75,30.64,62.94,2.03
2022-10-17 11:00:00,901.0,901.2,31.45,60.81,2.34
2022-10-17 12:00:00,857.75,857.97,31.83,59.44,2.53
2022-10-17 13:00:00,758.67,758.92,31.95,58.79,2.62
2022-10-17 14:00:00,584.8,588.35,31.76,59.3,2.57
2022-10-17 15:00:00,370.15,370.52,31.35,60.72,2.36
2022-10-17 16:00:00,173.05,173.32,30.48,66.21,1.79
2022-10-17 17:00:00,19.05,19.08,28.49,79.13,1.14
2022-10-17 18:00:00,0.0,0.0,26.82,82.92,0.88
2022-10-17 19:00:00,0.0,0.0,26.61,81.5,0.86
2022-10-17 20:00:00,0.0,0.0,26.5,79.64,0.84
2022-10-17 21:00:00,0.0,0.0,26.37,78.05,0.79
2022-10-17 22:00:00,0.0,0.0,26.02,78.33,0.69
2022-10-17 23:00:00,0.0,0.0,25.59,79.29,0.65
2022-10-18 00:00:00,0.0,0.0,25.03,81.3,0.63
2022-10-18 01:00:00,0.0,0.0,24.23,85.3,0.62
2022-10-18 02:00:00,0.0,0.0,23.61,87.98,0.67
2022-10-18 03:00:00,0.0,0.0,22.97,90.99,0.68
2022-10-18 04:00:00,0.0,0.0,22.46,93.0,0.66
2022-10-18 05:00:00,0.0,0.0,22.09,94.22,0.64
2022-10-18 06:00:00,69.1,71.9,22.49,94.43,0.63
2022-10-18 07:00:00,266.5,278.8,24.07,88.54,1.04
2022-10-18 08:00:00,506.05,515.35,26.69,77.7,1.1
2022-10-18 09:00:00,716.7,720.12,28.9,69.13,1.31
2022-10-18 10:00:00,863.33,867.65,30.44,63.4,1.29
2022-10-18 11:00:00,892.62,931.7,31.42,59.8,1.26
2022-10-18 12:00:00,836.03,889.55,32.0,57.52,1.36
2022-10-18 13:00:00,751.47,791.95,32.18,56.56,1.49
2022-10-18 14:00:00,600.22,624.67,32.02,56.9,1.54
2022-10-18 15:00:00,402.33,402.77,31.58,58.83,1.46
2022-10-18 16:00:00,191.48,191.95,31.04,61.81,1.11
2022-10-18 17:00:00,19.48,19.52,29.37,71.83,0.86
2022-10-18 18:00:00,0.0,0.0,28.18,73.21,0.7
2022-10-18 19:00:00,0.0,0.0,27.67,74.19,0.65
2022-10-18 20:00:00,0.0,0.0,27.2,75.81,0.67
2022-10-18 21:00:00,0.0,0.0,26.55,79.25,0.7
2022-10-18 22:00:00,0.0,0.0,25.89,83.1,0.73
2022-10-18 23:00:00,0.0,0.0,25.25,86.61,0.74
2022-10-19 00:00:00,0.0,0.0,24.72,89.26,0.73
2022-10-19 01:00:00,0.0,0.0,24.27,91.41,0.7
2022-10-19 02:00:00,0.0,0.0,23.93,92.86,0.67
2022-10-19 03:00:00,0.0,0.0,23.61,94.21,0.66
2022-10-19 04:00:00,0.0,0.0,23.29,95.29,0.64
2022-10-19 05:00:00,0.0,0.0,22.98,96.47,0.64
2022-10-19 06:00:00,70.95,73.12,23.27,96.32,0.77
2022-10-19 07:00:00,245.93,282.25,24.69,91.11,1.37
2022-10-19 08:00:00,462.45,516.72,26.98,81.56,1.56
2022-10-19 09:00:00,670.83,718.95,28.75,74.22,1.41
2022-10-19 10:00:00,842.75,858.7,29.91,68.89,0.98
2022-10-19 11:00:00,908.05,927.38,30.55,65.66,0.53
2022-10-19 12:00:00,907.75,912.4,30.8,63.16,0.17
2022-10-19 13:00:00,792.22,815.42,30.81,61.77,0.21
2022-10-19 14:00:00,649.3,651.08,30.62,61.91,0.26
2022-10-19 15:00:00,430.95,431.75,30.37,62.81,0.3
2022-10-19 16:00:00,200.15,200.52,30.01,65.15,0.35
2022-10-19 17:00:00,20.8,20.83,29.08,68.98,0.35
2022-10-19 18:00:00,0.0,0.0,28.22,69.73,0.4
2022-10-19 19:00:00,0.0,0.0,27.43,72.72,0.55
2022-10-19 20:00:00,0.0,0.0,26.73,75.05,0.73
2022-10-19 21:00:00,0.0,0.0,25.81,80.07,0.82
2022-10-19 22:00:00,0.0,0.0,24.94,84.92,0.85
2022-10-19 23:00:00,0.0,0.0,24.25,87.9,0.86
2022-10-20 00:00:00,0.0,0.0,23.76,89.79,0.86
2022-10-20 01:00:00,0.0,0.0,23.43,91.3,0.85
2022-10-20 02:00:00,0.0,0.0,23.2,92.53,0.82
2022-10-20 03:00:00,0.0,0.0,22.96,93.46,0.77
2022-10-20 04:00:00,0.0,0.0,22.68,94.38,0.75
2022-10-20 05:00:00,0.0,0.0,22.4,95.36,0.71
2022-10-20 06:00:00,78.12,79.65,22.81,95.22,0.87
2022-10-20 07:00:00,293.8,298.1,24.15,91.07,1.49
2022-10-20 08:00:00,533.6,534.97,26.62,81.15,1.58
2022-10-20 09:00:00,733.97,734.17,28.96,70.53,1.57
2022-10-20 10:00:00,874.2,875.55,30.28,65.17,0.96
2022-10-20 11:00:00,931.67,939.12,31.12,61.28,0.96
2022-10-20 12:00:00,919.2,921.88,31.58,58.9,1.34
2022-10-20 13:00:00,772.05,823.5,31.7,57.78,1.5
2022-10-20 14:00:00,646.62,657.22,31.54,57.7,1.56
2022-10-20 15:00:00,435.25,436.7,31.09,59.36,1.47
2022-10-20 16:00:00,203.1,203.9,30.61,62.43,1.1
2022-10-20 17:00:00,20.88,20.92,28.88,72.57,0.91
2022-10-20 18:00:00,0.0,0.0,27.59,74.73,0.78
2022-10-20 19:00:00,0.0,0.0,27.23,73.83,0.77
2022-10-20 20:00:00,0.0,0.0,26.85,73.69,0.76
2022-10-20 21:00:00,0.0,0.0,26.45,73.97,0.71
2022-10-20 22:00:00,0.0,0.0,26.0,74.64,0.68
2022-10-20 23:00:00,0.0,0.0,25.5,75.81,0.72
2022-10-21 00:00:00,0.0,0.0,24.86,78.05,0.8
2022-10-21 01:00:00,0.0,0.0,24.12,81.16,0.84
2022-10-21 02:00:00,0.0,0.0,23.42,84.12,0.86
2022-10-21 03:00:00,0.0,0.0,22.8,86.65,0.85
2022-10-21 04:00:00,0.0,0.0,22.25,88.91,0.81
2022-10-21 05:00:00,0.0,0.0,21.81,90.66,0.77
2022-10-21 06:00:00,76.55,81.72,22.11,92.55,0.7
2022-10-21 07:00:00,275.6,305.73,23.81,85.46,1.19
2022-10-21 08:00:00,492.48,541.78,26.22,77.32,1.04
2022-10-21 09:00:00,675.58,739.2,29.31,63.72,1.13
2022-10-21 10:00:00,852.92,880.85,30.7,59.21,1.28
2022-10-21 11:00:00,921.42,942.1,31.62,56.35,1.57
2022-10-21 12:00:00,896.0,909.12,32.18,54.45,1.78
2022-10-21 13:00:00,808.5,809.15,32.38,53.38,1.93
2022-10-21 14:00:00,638.72,639.1,32.19,53.61,1.97
2022-10-21 15:00:00,416.95,417.35,31.77,54.93,1.86
2022-10-21 16:00:00,195.85,196.27,31.14,58.32,1.42
2022-10-21 17:00:00,19.45,19.48,28.85,72.87,1.01
2022-10-21 18:00:00,0.0,0.0,27.05,76.3,0.91
2022-10-21 19:00:00,0.0,0.0,26.57,76.06,0.92
2022-10-21 20:00:00,0.0,0.0,26.19,75.72,0.92
2022-10-21 21:00:00,0.0,0.0,26.03,74.26,0.9
2022-10-21 22:00:00,0.0,0.0,25.94,73.06,0.83
2022-10-21 23:00:00,0.0,0.0,25.78,72.94,0.74
2022-10-22 00:00:00,0.0,0.0,25.45,74.28,0.65
2022-10-22 01:00:00,0.0,0.0,25.05,76.43,0.59
2022-10-22 02:00:00,0.0,0.0,24.55,79.38,0.56
2022-10-22 03:00:00,0.0,0.0,23.95,83.39,0.61
2022-10-22 04:00:00,0.0,0.0,23.27,87.62,0.69
2022-10-22 05:00:00,0.0,0.0,22.74,90.41,0.72
2022-10-22 06:00:00,66.8,69.0,23.09,90.85,0.79
2022-10-22 07:00:00,258.38,268.38,24.72,81.08,1.52
2022-10-22 08:00:00,483.45,501.38,27.25,71.88,1.46
2022-10-22 09:00:00,692.08,700.22,29.55,64.61,1.64
2022-10-22 10:00:00,836.22,837.62,30.96,61.46,1.79
2022-10-22 11:00:00,897.72,900.45,31.78,59.58,2.05
2022-10-22 12:00:00,870.4,880.2,32.2,58.23,2.31
2022-10-22 13:00:00,784.62,784.97,32.29,57.79,2.43
2022-10-22 14:00:00,612.6,616.83,32.05,58.51,2.39
2022-10-22 15:00:00,398.17,399.7,31.71,59.77,2.26
2022-10-22 16:00:00,172.27,176.35,30.83,65.54,1.77
2022-10-22 17:00:00,17.67,17.95,28.82,78.17,1.23
2022-10-22 18:00:00,0.0,0.0,27.09,84.58,0.92
2022-10-22 19:00:00,0.0,0.0,26.61,85.65,0.93
2022-10-22 20:00:00,0.0,0.0,26.18,86.73,0.92
2022-10-22 21:00:00,0.0,0.0,25.77,87.67,0.89
2022-10-22 22:00:00,0.0,0.0,25.28,88.95,0.88
2022-10-22 23:00:00,0.0,0.0,24.83,90.19,0.87
2022-10-23 00:00:00,0.0,0.0,24.39,91.62,0.85
2022-10-23 01:00:00,0.0,0.0,23.99,92.95,0.8
2022-10-23 02:00:00,0.0,0.0,23.63,94.14,0.72
2022-10-23 03:00:00,0.0,0.0,23.36,94.85,0.66
2022-10-23 04:00:00,0.0,0.0,23.21,94.85,0.64
2022-10-23 05:00:00,0.0,0.0,23.05,95.44,0.62
2022-10-23 06:00:00,78.22,78.47,23.36,95.75,0.66
2022-10-23 07:00:00,286.9,287.85,24.67,91.19,0.98
2022-10-23 08:00:00,520.25,521.35,27.28,78.18,1.14
2022-10-23 09:00:00,713.7,718.53,29.09,70.65,1.48
2022-10-23 10:00:00,850.08,856.1,30.27,66.09,1.96
2022-10-23 11:00:00,914.38,918.78,31.14,62.38,2.34
2022-10-23 12:00:00,905.72,913.5,31.7,59.73,2.56
2022-10-23 13:00:00,811.15,818.65,31.93,58.21,2.69
2022-10-23 14:00:00,658.9,659.15,31.83,58.01,2.63
2022-10-23 15:00:00,442.33,443.8,31.52,58.52,2.46
2022-10-23 16:00:00,205.38,207.25,30.59,64.29,1.89
2022-10-23 17:00:00,20.0,20.08,28.52,77.43,1.21
2022-10-23 18:00:00,0.0,0.0,26.78,81.98,0.92
2022-10-23 19:00:00,0.0,0.0,26.42,82.09,0.89
2022-10-23 20:00:00,0.0,0.0,26.04,82.44,0.87
2022-10-23 21:00:00,0.0,0.0,25.5,83.32,0.87
2022-10-23 22:00:00,0.0,0.0,24.82,84.69,0.89
2022-10-23 23:00:00,0.0,0.0,24.14,86.6,0.91
2022-10-24 00:00:00,0.0,0.0,23.5,88.41,0.94
2022-10-24 01:00:00,0.0,0.0,22.88,90.37,1.0
2022-10-24 02:00:00,0.0,0.0,22.36,92.01,1.08
2022-10-24 03:00:00,0.0,0.0,21.91,93.72,1.12
2022-10-24 04:00:00,0.0,0.0,21.52,95.5,1.08
2022-10-24 05:00:00,0.0,0.0,21.14,97.6,0.99
2022-10-24 06:00:00,76.18,79.12,21.57,96.58,1.33
2022-10-24 07:00:00,286.67,299.38,23.35,90.5,1.71
2022-10-24 08:00:00,518.95,534.15,26.03,79.47,1.61
2022-10-24 09:00:00,726.67,731.42,28.84,65.9,2.25
2022-10-24 10:00:00,866.65,867.55,30.85,57.0,2.56
2022-10-24 11:00:00,925.78,927.97,31.91,53.78,2.63
2022-10-24 12:00:00,907.17,908.72,32.53,52.06,2.67
2022-10-24 13:00:00,810.3,811.45,32.76,51.44,2.67
2022-10-24 14:00:00,644.2,645.9,32.63,51.88,2.61
2022-10-24 15:00:00,427.42,429.12,32.07,54.03,2.39
2022-10-24 16:00:00,192.57,193.1,31.29,58.27,1.85
2022-10-24 17:00:00,18.62,18.67,28.95,73.75,1.18
2022-10-24 18:00:00,0.0,0.0,27.16,78.76,0.92
2022-10-24 19:00:00,0.0,0.0,26.89,78.41,0.9
2022-10-24 20:00:00,0.0,0.0,26.55,78.42,0.89
2022-10-24 21:00:00,0.0,0.0,26.07,79.63,0.88
2022-10-24 22:00:00,0.0,0.0,25.45,81.83,0.87
2022-10-24 23:00:00,0.0,0.0,24.81,84.31,0.86
2022-10-25 00:00:00,0.0,0.0,24.18,86.88,0.86
2022-10-25 01:00:00,0.0,0.0,23.61,89.16,0.85
2022-10-25 02:00:00,0.0,0.0,23.16,91.13,0.83
2022-10-25 03:00:00,0.0,0.0,22.79,92.72,0.79
2022-10-25 04:00:00,0.0,0.0,22.45,94.06,0.72
2022-10-25 05:00:00,0.0,0.0,22.15,94.76,0.67
2022-10-25 06:00:00,74.6,79.12,22.59,94.42,0.74
2022-10-25 07:00:00,285.08,298.7,24.31,87.98,1.21
2022-10-25 08:00:00,529.22,533.35,27.01,76.53,1.21
2022-10-25 09:00:00,728.35,730.15,29.49,66.41,1.7
2022-10-25 10:00:00,867.28,867.4,31.1,60.79,2.0
2022-10-25 11:00:00,920.83,925.15,32.12,57.53,2.2
2022-10-25 12:00:00,870.08,882.08,32.62,56.3,2.31
2022-10-25 13:00:00,769.05,780.8,32.68,56.59,2.36
2022-10-25 14:00:00,582.83,615.62,32.43,57.93,2.34
2022-10-25 15:00:00,323.35,402.62,31.79,60.91,2.22
2022-10-25 16:00:00,141.82,177.12,30.8,67.9,1.75
2022-10-25 17:00:00,13.3,16.9,28.91,79.67,1.24
2022-10-25 18:00:00,0.0,0.0,27.27,86.65,0.99
2022-10-25 19:00:00,0.0,0.0,26.67,88.14,1.12
2022-10-25 20:00:00,0.0,0.0,26.2,89.63,1.21
2022-10-25 21:00:00,0.0,0.0,25.84,91.17,1.23
2022-10-25 22:00:00,0.0,0.0,25.56,92.58,1.21
2022-10-25 23:00:00,0.0,0.0,25.33,93.81,1.12
2022-10-26 00:00:00,0.0,0.0,25.1,94.89,0.98
2022-10-26 01:00:00,0.0,0.0,24.89,95.83,0.85
2022-10-26 02:00:00,0.0,0.0,24.69,96.51,0.76
2022-10-26 03:00:00,0.0,0.0,24.53,96.83,0.74
2022-10-26 04:00:00,0.0,0.0,24.31,97.26,0.8
2022-10-26 05:00:00,0.0,0.0,24.1,97.7,0.89
2022-10-26 06:00:00,69.3,71.3,24.41,96.72,1.31
2022-10-26 07:00:00,268.8,277.5,25.68,91.94,2.12
2022-10-26 08:00:00,504.92,505.15,27.52,82.01,2.35
2022-10-26 09:00:00,688.53,700.33,29.12,74.59,2.26
2022-10-26 10:00:00,824.83,839.8,30.27,70.47,2.13
2022-10-26 11:00:00,896.25,901.75,31.08,67.57,2.14
2022-10-26 12:00:00,878.45,882.08,31.55,65.36,2.21
2022-10-26 13:00:00,786.55,787.35,31.7,63.99,2.18
2022-10-26 14:00:00,624.45,625.62,31.67,63.39,2.14
2022-10-26 15:00:00,410.62,411.4,31.37,64.07,2.02
2022-10-26 16:00:00,187.93,188.55,30.65,68.68,1.52
2022-10-26 17:00:00,17.77,17.83,28.99,79.1,1.06
2022-10-26 18:00:00,0.0,0.0,27.57,84.37,0.78
2022-10-26 19:00:00,0.0,0.0,27.25,83.5,0.78
2022-10-26 20:00:00,0.0,0.0,27.11,82.0,0.76
2022-10-26 21:00:00,0.0,0.0,26.98,80.95,0.71
2022-10-26 22:00:00,0.0,0.0,26.64,80.92,0.65
2022-10-26 23:00:00,0.0,0.0,26.09,82.5,0.61
2022-10-27 00:00:00,0.0,0.0,25.52,84.63,0.62
2022-10-27 01:00:00,0.0,0.0,24.95,86.92,0.67
2022-10-27 02:00:00,0.0,0.0,24.33,89.77,0.69
2022-10-27 03:00:00,0.0,0.0,23.74,92.31,0.71
2022-10-27 04:00:00,0.0,0.0,23.24,94.49,0.7
2022-10-27 05:00:00,0.0,0.0,22.84,96.29,0.7
2022-10-27 06:00:00,79.9,80.53,23.18,96.21,0.79
2022-10-27 07:00:00,303.23,304.92,24.89,89.7,1.33
2022-10-27 08:00:00,537.28,537.75,27.64,76.62,1.45
2022-10-27 09:00:00,727.72,732.78,29.78,67.8,1.74
2022-10-27 10:00:00,860.42,866.78,31.23,62.21,2.04
2022-10-27 11:00:00,916.8,925.58,32.15,58.49,2.31
2022-10-27 12:00:00,821.92,886.08,32.72,55.95,2.56
2022-10-27 13:00:00,765.85,786.72,32.93,54.85,2.69
2022-10-27 14:00:00,580.1,622.25,32.81,55.06,2.67
2022-10-27 15:00:00,361.4,404.42,32.21,57.2,2.42
2022-10-27 16:00:00,165.55,177.15,31.25,63.12,1.83
2022-10-27 17:00:00,15.8,16.5,29.03,77.01,1.21
2022-10-27 18:00:00,0.0,0.0,27.17,82.25,1.0
2022-10-27 19:00:00,0.0,0.0,26.56,83.44,1.02
2022-10-27 20:00:00,0.0,0.0,25.98,84.64,1.05
2022-10-27 21:00:00,0.0,0.0,25.42,85.98,1.05
2022-10-27 22:00:00,0.0,0.0,24.87,87.55,1.05
2022-10-27 23:00:00,0.0,0.0,24.33,89.21,1.04
2022-10-28 00:00:00,0.0,0.0,23.77,91.09,1.0
2022-10-28 01:00:00,0.0,0.0,23.25,92.79,0.98
2022-10-28 02:00:00,0.0,0.0,22.74,94.41,0.96
2022-10-28 03:00:00,0.0,0.0,22.26,95.8,0.94
2022-10-28 04:00:00,0.0,0.0,21.77,97.27,0.91
2022-10-28 05:00:00,0.0,0.0,21.28,98.93,0.86
2022-10-28 06:00:00,76.85,76.97,21.52,97.37,1.23
2022-10-28 07:00:00,294.35,294.67,23.03,90.89,1.88
2022-10-28 08:00:00,531.45,531.67,25.38,80.87,1.74
2022-10-28 09:00:00,730.17,730.85,28.33,64.06,2.05
2022-10-28 10:00:00,864.97,865.62,30.52,53.71,2.34
2022-10-28 11:00:00,924.5,925.17,31.61,50.54,2.21
2022-10-28 12:00:00,862.75,863.15,32.27,48.55,2.13
2022-10-28 13:00:00,744.15,762.83,32.48,47.55,2.13
2022-10-28 14:00:00,586.92,593.72,32.34,47.81,2.13
2022-10-28 15:00:00,368.9,377.02,31.73,50.15,1.96
2022-10-28 16:00:00,157.55,158.95,30.88,52.85,1.6
2022-10-28 17:00:00,14.95,14.88,28.17,70.44,1.07
2022-10-28 18:00:00,0.0,0.0,26.0,75.31,1.0
2022-10-28 19:00:00,0.0,0.0,25.1,76.5,1.04
2022-10-28 20:00:00,0.0,0.0,24.25,77.59,1.06
2022-10-28 21:00:00,0.0,0.0,23.48,78.57,1.08
2022-10-28 22:00:00,0.0,0.0,22.79,79.48,1.08
2022-10-28 23:00:00,0.0,0.0,22.13,80.64,1.07
2022-10-29 00:00:00,0.0,0.0,21.46,82.29,1.07
2022-10-29 01:00:00,0.0,0.0,20.79,84.22,1.1
2022-10-29 02:00:00,0.0,0.0,20.18,86.36,1.14
2022-10-29 03:00:00,0.0,0.0,19.65,88.42,1.17
2022-10-29 04:00:00,0.0,0.0,19.19,90.45,1.16
2022-10-29 05:00:00,0.0,0.0,18.79,92.34,1.1
2022-10-29 06:00:00,67.45,67.6,19.12,91.79,1.3
2022-10-29 07:00:00,258.67,259.25,20.88,84.0,2.19
2022-10-29 08:00:00,487.73,488.12,23.14,80.09,1.62
2022-10-29 09:00:00,689.03,689.42,26.67,67.0,1.84
2022-10-29 10:00:00,826.97,827.33,29.7,50.73,2.82
2022-10-29 11:00:00,889.03,889.3,31.11,45.65,2.81
2022-10-29 12:00:00,906.22,906.38,31.84,42.92,2.68
2022-10-29 13:00:00,805.58,805.58,32.02,42.28,2.46
2022-10-29 14:00:00,633.42,633.45,31.82,43.1,2.19
2022-10-29 15:00:00,412.73,412.75,31.29,45.88,1.83
2022-10-29 16:00:00,184.6,184.62,30.72,47.77,1.39
2022-10-29 17:00:00,16.42,16.42,28.24,65.23,0.93
2022-10-29 18:00:00,0.0,0.0,26.44,67.18,0.98
2022-10-29 19:00:00,0.0,0.0,25.45,70.52,1.01
2022-10-29 20:00:00,0.0,0.0,24.67,72.85,1.03
2022-10-29 21:00:00,0.0,0.0,24.17,73.56,1.02
2022-10-29 22:00:00,0.0,0.0,23.73,74.07,1.01
2022-10-29 23:00:00,0.0,0.0,23.14,75.89,1.0
2022-10-30 00:00:00,0.0,0.0,22.4,78.8,0.97
2022-10-30 01:00:00,0.0,0.0,21.68,81.69,0.97
2022-10-30 02:00:00,0.0,0.0,21.03,83.97,1.02
2022-10-30 03:00:00,0.0,0.0,20.48,85.6,1.15
2022-10-30 04:00:00,0.0,0.0,20.05,86.98,1.28
2022-10-30 05:00:00,0.0,0.0,19.69,88.84,1.29
2022-10-30 06:00:00,74.5,74.57,20.11,89.0,1.4
2022-10-30 07:00:00,286.3,286.55,22.2,80.32,2.18
2022-10-30 08:00:00,520.6,520.85,24.66,75.04,1.82
2022-10-30 09:00:00,719.8,720.0,27.82,64.38,2.24
2022-10-30 10:00:00,855.45,855.58,30.16,56.65,2.54
2022-10-30 11:00:00,915.55,915.62,31.36,53.61,2.62
2022-10-30 12:00:00,901.4,901.42,32.02,51.91,2.72
2022-10-30 13:00:00,803.85,803.85,32.23,51.21,2.79
2022-10-30 14:00:00,535.62,609.06,32.11,51.36,2.76
2022-10-30 15:00:00,381.22,398.6,31.59,52.88,2.59
2022-10-30 16:00:00,166.83,173.13,30.57,59.22,1.94
2022-10-30 17:00:00,17.02,17.02,28.12,75.0,1.18
2022-10-30 18:00:00,0.0,0.0,26.23,79.55,0.97
2022-10-30 19:00:00,0.0,0.0,25.64,80.93,0.96
2022-10-30 20:00:00,0.0,0.0,25.03,82.65,0.96
2022-10-30 21:00:00,0.0,0.0,24.44,84.53,0.97
2022-10-30 22:00:00,0.0,0.0,23.87,86.41,0.96
2022-10-30 23:00:00,0.0,0.0,23.34,88.27,0.96
2022-10-31 00:00:00,0.0,0.0,22.88,90.11,0.95
2022-10-31 01:00:00,0.0,0.0,22.49,91.73,0.97
2022-10-31 02:00:00,0.0,0.0,22.11,93.32,1.06
2022-10-31 03:00:00,0.0,0.0,21.71,94.84,1.18
2022-10-31 04:00:00,0.0,0.0,21.33,96.34,1.29
2022-10-31 05:00:00,0.0,0.0,20.96,98.04,1.35
2022-10-31 06:00:00,78.97,79.03,21.2,96.8,1.71
2022-10-31 07:00:00,300.55,300.73,22.79,90.11,2.16
2022-10-31 08:00:00,535.28,535.53,25.31,78.33,2.11
2022-10-31 09:00:00,733.17,733.47,28.07,63.79,2.53
2022-10-31 10:00:00,868.22,868.55,29.92,56.23,2.69
2022-10-31 11:00:00,929.7,930.05,31.05,52.32,2.74
2022-10-31 12:00:00,891.25,897.15,31.76,49.91,2.77
2022-10-31 13:00:00,785.25,797.62,32.06,49.06,2.72
2022-10-31 14:00:00,615.88,629.3,31.96,49.05,2.59
2022-10-31 15:00:00,395.15,411.12,31.39,51.33,2.37
2022-10-31 16:00:00,172.95,176.7,30.39,57.38,1.83
2022-10-31 17:00:00,14.95,15.12,27.8,73.49,1.21
2022-10-31 18:00:00,0.0,0.0,25.79,78.49,1.03
2022-10-31 19:00:00,0.0,0.0,25.19,79.5,1.03
2022-10-31 20:00:00,0.0,0.0,24.61,80.69,1.02
2022-10-31 21:00:00,0.0,0.0,23.99,82.25,1.02
2022-10-31 22:00:00,0.0,0.0,23.35,84.05,1.04
2022-10-31 23:00:00,0.0,0.0,22.72,86.0,1.09
2022-11-01 00:00:00,0.0,0.0,22.13,87.75,1.16
2022-11-01 01:00:00,0.0,0.0,21.58,89.55,1.25
2022-11-01 02:00:00,0.0,0.0,21.08,91.11,1.32
2022-11-01 03:00:00,0.0,0.0,20.59,92.72,1.36
2022-11-01 04:00:00,0.0,0.0,20.1,94.52,1.35
2022-11-01 05:00:00,0.0,0.0,19.7,96.19,1.32
2022-11-01 06:00:00,61.9,63.88,19.87,95.59,1.78
2022-11-01 07:00:00,229.65,260.67,21.39,89.87,2.34
2022-11-01 08:00:00,429.4,487.77,23.79,83.76,1.81
2022-11-01 09:00:00,666.28,685.17,27.24,66.87,2.51
2022-11-01 10:00:00,820.2,824.9,29.74,54.25,3.0
2022-11-01 11:00:00,881.28,885.45,31.13,49.22,3.1
2022-11-01 12:00:00,862.5,876.75,31.81,46.87,3.26
2022-11-01 13:00:00,766.65,773.95,32.07,45.85,3.31
2022-11-01 14:00:00,574.08,601.03,31.87,46.23,3.18
2022-11-01 15:00:00,347.15,382.02,31.17,49.32,2.85
2022-11-01 16:00:00,153.15,161.45,29.85,56.94,2.24
2022-11-01 17:00:00,14.27,14.23,26.96,74.48,1.36
2022-11-01 18:00:00,0.0,0.0,25.0,79.25,1.2
2022-11-01 19:00:00,0.0,0.0,24.4,80.83,1.22
2022-11-01 20:00:00,0.0,0.0,23.85,82.26,1.21
2022-11-01 21:00:00,0.0,0.0,23.3,83.73,1.2
2022-11-01 22:00:00,0.0,0.0,22.82,85.09,1.22
2022-11-01 23:00:00,0.0,0.0,22.3,86.5,1.24
2022-11-02 00:00:00,0.0,0.0,21.74,88.23,1.27
2022-11-02 01:00:00,0.0,0.0,21.22,89.91,1.33
2022-11-02 02:00:00,0.0,0.0,20.76,91.36,1.45
2022-11-02 03:00:00,0.0,0.0,20.35,92.9,1.55
2022-11-02 04:00:00,0.0,0.0,19.9,94.94,1.54
2022-11-02 05:00:00,0.0,0.0,19.46,97.35,1.41
2022-11-02 06:00:00,62.75,63.95,19.72,96.48,1.76
2022-11-02 07:00:00,256.42,266.0,21.48,89.62,2.26
2022-11-02 08:00:00,474.75,493.7,24.06,82.12,1.83
2022-11-02 09:00:00,663.2,693.3,27.42,65.44,2.72
2022-11-02 10:00:00,805.05,828.53,29.85,53.21,3.41
2022-11-02 11:00:00,854.2,888.35,31.18,48.3,3.51
2022-11-02 12:00:00,809.62,900.55,31.93,46.11,3.52
2022-11-02 13:00:00,743.62,803.5,32.2,45.54,3.45
2022-11-02 14:00:00,620.83,638.78,32.06,46.01,3.26
2022-11-02 15:00:00,411.17,423.05,31.41,48.87,2.82
2022-11-02 16:00:00,184.1,187.32,30.26,55.73,2.06
2022-11-02 17:00:00,15.55,15.75,27.64,72.72,1.25
2022-11-02 18:00:00,0.0,0.0,25.7,78.05,1.06
2022-11-02 19:00:00,0.0,0.0,25.11,79.43,1.03
2022-11-02 20:00:00,0.0,0.0,24.62,80.41,1.0
2022-11-02 21:00:00,0.0,0.0,24.25,80.82,0.96
2022-11-02 22:00:00,0.0,0.0,23.86,80.54,0.92
2022-11-02 23:00:00,0.0,0.0,23.45,80.5,0.85
2022-11-03 00:00:00,0.0,0.0,22.87,82.03,0.8
2022-11-03 01:00:00,0.0,0.0,22.1,85.38,0.77
2022-11-03 02:00:00,0.0,0.0,21.37,88.44,0.78
2022-11-03 03:00:00,0.0,0.0,20.73,90.7,0.84
2022-11-03 04:00:00,0.0,0.0,20.23,92.16,0.87
2022-11-03 05:00:00,0.0,0.0,19.83,93.15,0.88
2022-11-03 06:00:00,70.65,71.88,20.36,92.43,1.02
2022-11-03 07:00:00,274.6,286.98,22.24,83.45,1.97
2022-11-03 08:00:00,495.23,520.62,24.34,78.44,1.6
2022-11-03 09:00:00,696.7,713.42,27.4,65.62,1.58
2022-11-03 10:00:00,854.15,854.45,30.25,52.69,1.93
2022-11-03 11:00:00,903.28,908.17,31.48,49.01,1.99
2022-11-03 12:00:00,835.38,841.0,32.02,47.58,2.04
2022-11-03 13:00:00,706.25,736.85,32.22,47.2,2.1
2022-11-03 14:00:00,538.55,566.67,32.08,47.61,2.1
2022-11-03 15:00:00,323.67,354.73,31.5,49.73,2.07
2022-11-03 16:00:00,141.57,149.0,30.43,55.75,1.66
2022-11-03 17:00:00,13.95,13.07,27.73,72.57,1.12
2022-11-03 18:00:00,0.0,0.0,25.77,77.35,0.99
2022-11-03 19:00:00,0.0,0.0,25.37,77.24,0.97
2022-11-03 20:00:00,0.0,0.0,25.31,74.88,0.94
2022-11-03 21:00:00,0.0,0.0,25.47,71.08,0.89
2022-11-03 22:00:00,0.0,0.0,25.58,67.67,0.78
2022-11-03 23:00:00,0.0,0.0,25.26,67.9,0.65
2022-11-04 00:00:00,0.0,0.0,24.96,68.33,0.63
2022-11-04 01:00:00,0.0,0.0,24.13,73.6,0.71
2022-11-04 02:00:00,0.0,0.0,23.03,81.26,0.76
2022-11-04 03:00:00,0.0,0.0,22.25,84.97,0.76
2022-11-04 04:00:00,0.0,0.0,21.66,86.24,0.77
2022-11-04 05:00:00,0.0,0.0,21.38,86.92,0.72
2022-11-04 06:00:00,57.22,57.75,21.66,88.46,0.66
2022-11-04 07:00:00,241.12,246.55,22.82,79.61,1.06
2022-11-04 08:00:00,436.15,459.77,23.52,76.75,0.97
2022-11-04 09:00:00,622.42,656.4,25.23,71.06,0.68
2022-11-04 10:00:00,724.15,793.65,27.21,63.33,0.48
2022-11-04 11:00:00,740.25,853.42,29.29,54.79,0.26
2022-11-04 12:00:00,620.8,785.25,30.14,52.92,0.35
2022-11-04 13:00:00,552.67,693.3,30.66,52.39,0.41
2022-11-04 14:00:00,416.52,532.4,30.92,52.6,0.65
2022-11-04 15:00:00,257.27,331.27,30.69,54.74,0.93
2022-11-04 16:00:00,113.85,129.6,30.14,59.31,0.97
2022-11-04 17:00:00,12.23,11.65,28.13,74.68,0.81
2022-11-04 18:00:00,0.0,0.0,26.64,77.34,0.85
2022-11-04 19:00:00,0.0,0.0,26.11,79.48,0.84
2022-11-04 20:00:00,0.0,0.0,25.9,79.22,0.81
2022-11-04 21:00:00,0.0,0.0,25.84,77.6,0.71
2022-11-04 22:00:00,0.0,0.0,25.56,77.57,0.62
2022-11-04 23:00:00,0.0,0.0,24.98,80.77,0.61
2022-11-05 00:00:00,0.0,0.0,24.39,84.61,0.64
2022-11-05 01:00:00,0.0,0.0,24.02,86.3,0.63
2022-11-05 02:00:00,0.0,0.0,23.82,86.74,0.53
2022-11-05 03:00:00,0.0,0.0,23.54,87.89,0.47
2022-11-05 04:00:00,0.0,0.0,23.09,90.21,0.53
2022-11-05 05:00:00,0.0,0.0,22.71,92.0,0.58
2022-11-05 06:00:00,53.75,53.88,22.8,93.76,0.62
2022-11-05 07:00:00,231.3,233.77,24.12,88.15,1.23
2022-11-05 08:00:00,421.38,440.35,26.4,79.96,1.19
2022-11-05 09:00:00,616.2,636.08,28.62,71.55,1.12
2022-11-05 10:00:00,763.2,773.85,30.01,66.38,1.01
2022-11-05 11:00:00,793.7,831.45,30.82,63.6,1.31
2022-11-05 12:00:00,701.95,828.83,31.2,62.0,1.74
2022-11-05 13:00:00,643.15,736.35,31.32,61.04,2.09
2022-11-05 14:00:00,505.92,570.58,31.13,61.6,2.2
2022-11-05 15:00:00,323.1,363.3,30.55,63.77,2.01
2022-11-05 16:00:00,143.35,151.88,29.72,69.61,1.46
2022-11-05 17:00:00,13.02,13.18,28.31,80.79,0.91
2022-11-05 18:00:00,0.0,0.0,27.36,82.67,0.73
2022-11-05 19:00:00,0.0,0.0,27.23,80.69,0.69
2022-11-05 20:00:00,0.0,0.0,27.13,78.4,0.62
2022-11-05 21:00:00,0.0,0.0,27.2,75.29,0.49
2022-11-05 22:00:00,0.0,0.0,26.88,76.91,0.43
2022-11-05 23:00:00,0.0,0.0,26.39,78.69,0.48
2022-11-06 00:00:00,0.0,0.0,25.92,80.68,0.42
2022-11-06 01:00:00,0.0,0.0,25.4,83.6,0.34
2022-11-06 02:00:00,0.0,0.0,24.9,86.14,0.4
2022-11-06 03:00:00,0.0,0.0,24.24,89.92,0.55
2022-11-06 04:00:00,0.0,0.0,23.56,93.16,0.62
2022-11-06 05:00:00,0.0,0.0,23.04,94.59,0.69
2022-11-06 06:00:00,58.2,61.6,23.14,94.02,0.95
2022-11-06 07:00:00,230.68,258.83,24.2,88.06,1.84
2022-11-06 08:00:00,444.02,486.62,25.79,80.1,1.85
2022-11-06 09:00:00,660.12,686.3,27.26,72.43,1.96
2022-11-06 10:00:00,816.42,821.88,28.23,67.25,2.11
2022-11-06 11:00:00,881.25,881.5,28.92,63.34,2.28
2022-11-06 12:00:00,831.0,854.92,29.48,60.35,2.37
2022-11-06 13:00:00,741.42,754.25,29.76,58.48,2.37
2022-11-06 14:00:00,572.53,587.9,29.73,58.78,2.19
2022-11-06 15:00:00,358.77,376.17,29.54,60.14,1.88
2022-11-06 16:00:00,158.73,161.0,28.79,64.41,1.51
2022-11-06 17:00:00,13.52,13.6,27.0,79.26,0.86
2022-11-06 18:00:00,0.0,0.0,25.81,79.72,0.88
2022-11-06 19:00:00,0.0,0.0,25.27,80.1,0.94
2022-11-06 20:00:00,0.0,0.0,24.63,81.28,0.98
2022-11-06 21:00:00,0.0,0.0,23.96,82.25,1.0
2022-11-06 22:00:00,0.0,0.0,23.27,83.25,0.99
2022-11-06 23:00:00,0.0,0.0,22.62,84.38,0.99
2022-11-07 00:00:00,0.0,0.0,21.94,85.93,0.98
2022-11-07 01:00:00,0.0,0.0,21.25,87.59,1.03
2022-11-07 02:00:00,0.0,0.0,20.63,88.9,1.14
2022-11-07 03:00:00,0.0,0.0,20.08,90.03,1.25
2022-11-07 04:00:00,0.0,0.0,19.63,90.89,1.32
2022-11-07 05:00:00,0.0,0.0,19.21,91.8,1.35
2022-11-07 06:00:00,60.53,65.43,19.41,90.43,1.67
2022-11-07 07:00:00,236.73,275.2,21.06,82.72,2.45
2022-11-07 08:00:00,440.8,506.23,23.49,76.17,1.97
2022-11-07 09:00:00,623.3,702.97,26.71,62.93,2.38
2022-11-07 10:00:00,754.25,837.33,29.46,51.82,2.84
2022-11-07 11:00:00,814.42,898.28,30.87,47.62,2.93
2022-11-07 12:00:00,815.75,896.5,31.64,44.82,3.03
2022-11-07 13:00:00,730.3,801.05,31.86,43.03,3.13
2022-11-07 14:00:00,603.7,635.92,31.68,42.53,3.11
2022-11-07 15:00:00,396.23,418.8,30.88,45.06,2.79
2022-11-07 16:00:00,176.02,182.98,29.59,51.38,2.12
2022-11-07 17:00:00,14.77,14.85,26.44,69.72,1.28
2022-11-07 18:00:00,0.0,0.0,24.16,74.39,1.12
2022-11-07 19:00:00,0.0,0.0,23.47,74.67,1.11
2022-11-07 20:00:00,0.0,0.0,22.95,73.95,1.1
2022-11-07 21:00:00,0.0,0.0,22.44,73.27,1.11
2022-11-07 22:00:00,0.0,0.0,21.8,73.83,1.1
2022-11-07 23:00:00,0.0,0.0,20.97,76.06,1.06
2022-11-08 00:00:00,0.0,0.0,20.07,78.95,1.05
2022-11-08 01:00:00,0.0,0.0,19.27,81.1,1.12
2022-11-08 02:00:00,0.0,0.0,18.63,82.4,1.23
2022-11-08 03:00:00,0.0,0.0,18.34,83.37,1.27
2022-11-08 04:00:00,0.0,0.0,18.0,84.8,1.2
2022-11-08 05:00:00,0.0,0.0,17.73,86.06,1.09
2022-11-08 06:00:00,69.15,69.97,18.2,85.34,1.14
2022-11-08 07:00:00,284.05,287.48,20.17,72.65,2.05
2022-11-08 08:00:00,518.45,522.12,22.21,70.2,1.64
2022-11-08 09:00:00,712.5,715.55,25.38,60.89,1.56
2022-11-08 10:00:00,846.08,848.35,28.17,50.25,1.91
2022-11-08 11:00:00,906.22,907.83,30.02,43.78,2.16
2022-11-08 12:00:00,906.3,907.28,31.08,41.17,2.25
2022-11-08 13:00:00,809.78,810.05,31.59,40.26,2.24
2022-11-08 14:00:00,644.2,644.35,31.55,40.35,2.13
2022-11-08 15:00:00,425.3,426.08,30.98,42.8,1.84
2022-11-08 16:00:00,189.85,190.6,30.24,46.37,1.31
2022-11-08 17:00:00,15.27,15.32,27.96,62.5,0.91
2022-11-08 18:00:00,0.0,0.0,26.73,62.48,0.9
2022-11-08 19:00:00,0.0,0.0,26.31,62.49,0.89
2022-11-08 20:00:00,0.0,0.0,25.92,62.15,0.88
2022-11-08 21:00:00,0.0,0.0,25.43,62.89,0.89
2022-11-08 22:00:00,0.0,0.0,24.84,65.34,0.92
2022-11-08 23:00:00,0.0,0.0,24.11,69.56,0.94
2022-11-09 00:00:00,0.0,0.0,23.28,74.52,0.94
2022-11-09 01:00:00,0.0,0.0,22.55,78.09,0.95
2022-11-09 02:00:00,0.0,0.0,21.96,79.74,1.01
2022-11-09 03:00:00,0.0,0.0,21.39,80.64,1.1
2022-11-09 04:00:00,0.0,0.0,20.83,81.57,1.17
2022-11-09 05:00:00,0.0,0.0,20.41,82.58,1.2
2022-11-09 06:00:00,72.15,72.28,20.44,82.29,1.34
2022-11-09 07:00:00,288.7,289.1,21.89,71.54,2.33
2022-11-09 08:00:00,516.47,516.8,23.83,68.49,2.01
2022-11-09 09:00:00,715.05,715.42,27.15,57.68,1.87
2022-11-09 10:00:00,848.58,848.95,30.43,45.57,1.88
2022-11-09 11:00:00,907.22,907.55,31.83,43.24,1.8
2022-11-09 12:00:00,883.65,883.9,32.5,42.83,1.75
2022-11-09 13:00:00,788.47,788.6,32.75,43.11,1.66
2022-11-09 14:00:00,625.6,626.03,32.62,44.09,1.5
2022-11-09 15:00:00,415.5,416.4,32.18,45.9,1.27
2022-11-09 16:00:00,186.9,187.5,31.78,48.26,0.85
2022-11-09 17:00:00,14.82,14.88,30.04,59.54,0.6
2022-11-09 18:00:00,0.0,0.0,29.09,56.05,0.51
2022-11-09 19:00:00,0.0,0.0,28.9,54.24,0.37
2022-11-09 20:00:00,0.0,0.0,28.65,53.7,0.2
2022-11-09 21:00:00,0.0,0.0,28.0,55.32,0.24
2022-11-09 22:00:00,0.0,0.0,27.11,58.74,0.46
2022-11-09 23:00:00,0.0,0.0,25.98,63.54,0.7
2022-11-10 00:00:00,0.0,0.0,24.84,69.39,0.87
2022-11-10 01:00:00,0.0,0.0,23.83,74.09,0.94
2022-11-10 02:00:00,0.0,0.0,23.1,77.0,0.94
2022-11-10 03:00:00,0.0,0.0,22.51,78.93,0.92
2022-11-10 04:00:00,0.0,0.0,21.92,80.87,0.89
2022-11-10 05:00:00,0.0,0.0,21.35,82.79,0.86
2022-11-10 06:00:00,72.45,72.68,21.38,85.78,0.77
2022-11-10 07:00:00,291.05,292.23,23.1,74.75,1.25
2022-11-10 08:00:00,519.62,521.72,25.08,69.73,0.88
2022-11-10 09:00:00,709.72,712.58,28.64,57.29,0.98
2022-11-10 10:00:00,839.5,842.92,31.1,49.82,1.1
2022-11-10 11:00:00,896.75,900.55,32.06,48.1,1.08
2022-11-10 12:00:00,876.05,877.1,32.67,47.06,1.06
2022-11-10 13:00:00,758.9,779.75,32.94,46.69,1.08
2022-11-10 14:00:00,565.47,615.95,32.84,47.25,1.14
2022-11-10 15:00:00,352.17,402.1,32.35,49.1,1.15
2022-11-10 16:00:00,158.95,171.93,31.84,51.88,0.88
2022-11-10 17:00:00,13.1,13.4,30.19,63.39,0.65
2022-11-10 18:00:00,0.0,0.0,29.18,62.45,0.61
2022-11-10 19:00:00,0.0,0.0,28.56,64.23,0.64
2022-11-10 20:00:00,0.0,0.0,27.88,66.36,0.75
2022-11-10 21:00:00,0.0,0.0,26.83,71.79,0.85
2022-11-10 22:00:00,0.0,0.0,25.73,77.69,0.89
2022-11-10 23:00:00,0.0,0.0,24.76,82.64,0.9
2022-11-11 00:00:00,0.0,0.0,24.08,85.61,0.96
2022-11-11 01:00:00,0.0,0.0,23.56,87.88,0.98
2022-11-11 02:00:00,0.0,0.0,23.14,89.9,0.95
2022-11-11 03:00:00,0.0,0.0,22.75,91.65,0.86
2022-11-11 04:00:00,0.0,0.0,22.34,93.25,0.81
2022-11-11 05:00:00,0.0,0.0,21.93,95.44,0.84
2022-11-11 06:00:00,54.35,56.65,22.3,95.84,1.3
2022-11-11 07:00:00,228.32,248.77,23.98,91.17,2.22
2022-11-11 08:00:00,437.8,465.62,26.51,80.06,2.11
2022-11-11 09:00:00,613.33,656.45,28.74,69.49,2.09
2022-11-11 10:00:00,684.45,794.0,30.0,64.01,1.77
2022-11-11 11:00:00,728.2,853.08,30.85,60.64,1.46
2022-11-11 12:00:00,675.42,830.03,31.34,58.65,1.26
2022-11-11 13:00:00,585.0,735.72,31.36,58.03,1.16
2022-11-11 14:00:00,449.4,579.28,31.17,58.3,1.16
2022-11-11 15:00:00,267.33,374.23,30.45,60.77,1.18
2022-11-11 16:00:00,113.0,156.0,29.83,65.89,0.87
2022-11-11 17:00:00,10.15,12.15,28.59,73.78,0.75
2022-11-11 18:00:00,0.0,0.0,27.16,83.6,0.62
2022-11-11 19:00:00,0.0,0.0,26.36,86.29,0.7
2022-11-11 20:00:00,0.0,0.0,25.71,88.23,0.8
2022-11-11 21:00:00,0.0,0.0,25.21,89.95,0.88
2022-11-11 22:00:00,0.0,0.0,24.87,91.44,0.94
2022-11-11 23:00:00,0.0,0.0,24.56,92.93,0.98
2022-11-12 00:00:00,0.0,0.0,24.31,94.12,1.02
2022-11-12 01:00:00,0.0,0.0,24.08,95.17,1.02
2022-11-12 02:00:00,0.0,0.0,23.84,96.04,0.99
2022-11-12 03:00:00,0.0,0.0,23.6,96.6,0.96
2022-11-12 04:00:00,0.0,0.0,23.38,97.1,0.93
2022-11-12 05:00:00,0.0,0.0,23.12,97.69,0.89
2022-11-12 06:00:00,60.25,61.35,23.4,96.81,1.0
2022-11-12 07:00:00,253.43,257.12,24.8,91.12,1.85
2022-11-12 08:00:00,473.45,476.35,26.7,81.28,1.98
2022-11-12 09:00:00,668.1,668.88,28.44,72.46,1.71
2022-11-12 10:00:00,772.6,794.7,29.42,68.02,1.37
2022-11-12 11:00:00,806.42,852.2,30.08,65.15,1.28
2022-11-12 12:00:00,746.83,820.45,30.32,63.01,1.4
2022-11-12 13:00:00,609.58,726.25,30.35,61.92,1.56
2022-11-12 14:00:00,409.55,566.45,30.31,61.23,1.67
2022-11-12 15:00:00,263.8,363.92,29.98,62.32,1.72
2022-11-12 16:00:00,114.7,150.2,29.28,67.47,1.34
2022-11-12 17:00:00,10.23,11.95,27.79,78.04,0.97
2022-11-12 18:00:00,0.0,0.0,26.46,84.79,0.76
2022-11-12 19:00:00,0.0,0.0,26.05,85.32,0.8
2022-11-12 20:00:00,0.0,0.0,25.69,85.73,0.82
2022-11-12 21:00:00,0.0,0.0,25.25,86.66,0.83
2022-11-12 22:00:00,0.0,0.0,24.79,87.86,0.84
2022-11-12 23:00:00,0.0,0.0,24.33,89.2,0.86
2022-11-13 00:00:00,0.0,0.0,23.86,90.59,0.9
2022-11-13 01:00:00,0.0,0.0,23.44,91.78,0.97
2022-11-13 02:00:00,0.0,0.0,23.09,93.23,1.0
2022-11-13 03:00:00,0.0,0.0,22.83,94.53,0.99
2022-11-13 04:00:00,0.0,0.0,22.54,95.89,0.91
2022-11-13 05:00:00,0.0,0.0,22.28,97.28,0.81
2022-11-13 06:00:00,58.62,60.1,22.65,96.89,0.89
2022-11-13 07:00:00,258.6,265.73,24.37,90.17,1.34
2022-11-13 08:00:00,489.12,495.2,27.47,73.94,0.29
2022-11-13 09:00:00,680.25,684.12,29.56,64.17,1.28
2022-11-13 10:00:00,816.0,816.7,30.62,60.44,1.91
2022-11-13 11:00:00,874.4,874.67,31.32,58.05,2.24
2022-11-13 12:00:00,777.7,826.53,31.83,55.72,2.47
2022-11-13 13:00:00,574.8,733.2,32.05,54.03,2.55
2022-11-13 14:00:00,454.62,573.47,31.97,53.58,2.5
2022-11-13 15:00:00,273.9,367.42,31.56,54.6,2.33
2022-11-13 16:00:00,124.07,157.88,30.66,60.57,1.72
2022-11-13 17:00:00,11.1,12.43,28.56,75.55,1.07
2022-11-13 18:00:00,0.0,0.0,27.0,79.97,0.88
2022-11-13 19:00:00,0.0,0.0,26.5,80.98,0.88
2022-11-13 20:00:00,0.0,0.0,25.96,82.17,0.9
2022-11-13 21:00:00,0.0,0.0,25.44,83.13,0.91
2022-11-13 22:00:00,0.0,0.0,24.89,84.19,0.89
2022-11-13 23:00:00,0.0,0.0,24.2,86.05,0.9
2022-11-14 00:00:00,0.0,0.0,23.43,88.68,0.89
2022-11-14 01:00:00,0.0,0.0,22.7,91.22,0.87
2022-11-14 02:00:00,0.0,0.0,22.08,93.16,0.83
2022-11-14 03:00:00,0.0,0.0,21.54,95.17,0.79
2022-11-14 04:00:00,0.0,0.0,21.06,97.47,0.76
2022-11-14 05:00:00,0.0,0.0,20.63,100.0,0.74
2022-11-14 06:00:00,56.17,56.53,20.99,99.11,0.86
2022-11-14 07:00:00,246.32,253.27,23.04,90.3,1.66
2022-11-14 08:00:00,458.12,474.38,25.8,76.73,1.84
2022-11-14 09:00:00,639.25,668.03,28.5,63.45,2.41
2022-11-14 10:00:00,736.03,803.22,30.41,54.89,2.95
2022-11-14 11:00:00,784.4,867.95,31.61,50.18,3.29
2022-11-14 12:00:00,797.72,884.25,32.38,47.14,3.54
2022-11-14 13:00:00,713.22,791.78,32.64,45.46,3.65
2022-11-14 14:00:00,570.9,632.47,32.43,45.17,3.59
2022-11-14 15:00:00,382.73,419.77,31.67,47.51,3.29
2022-11-14 16:00:00,171.48,184.77,30.1,57.15,2.41
2022-11-14 17:00:00,13.98,14.38,27.07,73.97,1.45
2022-11-14 18:00:00,0.0,0.0,24.94,78.35,1.35
2022-11-14 19:00:00,0.0,0.0,24.08,79.58,1.4
2022-11-14 20:00:00,0.0,0.0,23.26,80.7,1.4
2022-11-14 21:00:00,0.0,0.0,22.47,81.75,1.37
2022-11-14 22:00:00,0.0,0.0,21.74,82.75,1.33
2022-11-14 23:00:00,0.0,0.0,21.0,84.1,1.29
2022-11-15 00:00:00,0.0,0.0,20.29,85.58,1.29
2022-11-15 01:00:00,0.0,0.0,19.59,87.39,1.3
2022-11-15 02:00:00,0.0,0.0,18.94,89.16,1.32
2022-11-15 03:00:00,0.0,0.0,18.33,90.82,1.38
2022-11-15 04:00:00,0.0,0.0,17.75,92.43,1.42
2022-11-15 05:00:00,0.0,0.0,17.19,94.01,1.45
2022-11-15 06:00:00,63.5,66.22,17.3,93.17,1.9
2022-11-15 07:00:00,281.38,288.85,19.18,84.89,2.77
2022-11-15 08:00:00,518.72,520.8,21.91,77.63,2.22
2022-11-15 09:00:00,717.0,717.47,25.87,61.75,2.65
2022-11-15 10:00:00,854.88,855.3,29.07,45.2,3.74
2022-11-15 11:00:00,915.22,915.55,31.01,36.62,4.07
2022-11-15 12:00:00,908.53,908.72,31.83,34.62,3.99
2022-11-15 13:00:00,810.1,810.1,32.05,34.26,3.77
2022-11-15 14:00:00,641.05,641.2,31.76,35.18,3.51
2022-11-15 15:00:00,419.8,420.05,30.85,39.2,3.11
2022-11-15 16:00:00,185.07,185.32,29.12,49.38,2.34
2022-11-15 17:00:00,14.45,14.45,25.37,69.41,1.43
2022-11-15 18:00:00,0.0,0.0,23.04,72.57,1.4
2022-11-15 19:00:00,0.0,0.0,22.23,74.06,1.38
2022-11-15 20:00:00,0.0,0.0,21.53,75.33,1.33
2022-11-15 21:00:00,0.0,0.0,20.91,76.44,1.27
2022-11-15 22:00:00,0.0,0.0,20.31,77.67,1.22
2022-11-15 23:00:00,0.0,0.0,19.65,79.43,1.2
2022-11-16 00:00:00,0.0,0.0,18.91,81.69,1.23
2022-11-16 01:00:00,0.0,0.0,18.22,83.81,1.27
2022-11-16 02:00:00,0.0,0.0,17.57,86.01,1.29
2022-11-16 03:00:00,0.0,0.0,16.96,88.23,1.31
2022-11-16 04:00:00,0.0,0.0,16.38,90.37,1.3
2022-11-16 05:00:00,0.0,0.0,15.86,92.05,1.27
2022-11-16 06:00:00,66.85,66.88,16.13,91.19,1.5
2022-11-16 07:00:00,281.52,281.65,18.43,80.67,2.51
2022-11-16 08:00:00,514.22,514.4,21.19,74.59,1.83
2022-11-16 09:00:00,708.05,708.25,25.09,58.23,2.39
2022-11-16 10:00:00,841.6,841.8,28.25,45.12,3.08
2022-11-16 11:00:00,902.4,902.58,30.39,36.72,3.39
2022-11-16 12:00:00,912.5,912.65,31.15,35.69,3.23
2022-11-16 13:00:00,817.38,817.5,31.41,35.82,3.01
2022-11-16 14:00:00,653.92,654.08,31.22,36.71,2.83
2022-11-16 15:00:00,437.73,437.88,30.54,39.34,2.57
2022-11-16 16:00:00,197.82,197.9,29.32,46.14,1.91
2022-11-16 17:00:00,15.7,15.7,25.87,65.84,1.23
2022-11-16 18:00:00,0.0,0.0,23.41,70.76,1.2
2022-11-16 19:00:00,0.0,0.0,22.5,72.5,1.27
2022-11-16 20:00:00,0.0,0.0,21.69,73.78,1.37
2022-11-16 21:00:00,0.0,0.0,20.94,74.47,1.52
2022-11-16 22:00:00,0.0,0.0,20.18,74.84,1.7
2022-11-16 23:00:00,0.0,0.0,19.4,75.38,1.84
2022-11-17 00:00:00,0.0,0.0,18.59,76.54,1.95
2022-11-17 01:00:00,0.0,0.0,17.8,78.16,2.03
2022-11-17 02:00:00,0.0,0.0,17.07,80.11,2.05
2022-11-17 03:00:00,0.0,0.0,16.4,82.56,1.91
2022-11-17 04:00:00,0.0,0.0,15.83,84.92,1.72
2022-11-17 05:00:00,0.0,0.0,15.38,86.9,1.56
2022-11-17 06:00:00,65.43,65.47,15.65,85.89,1.72
2022-11-17 07:00:00,282.4,282.55,17.8,75.58,2.58
2022-11-17 08:00:00,511.98,512.17,20.71,70.17,2.21
2022-11-17 09:00:00,692.0,704.12,24.73,58.27,2.13
2022-11-17 10:00:00,812.58,834.65,28.12,48.11,2.39
2022-11-17 11:00:00,867.28,893.15,30.79,42.42,2.71
2022-11-17 12:00:00,858.65,880.97,31.59,42.31,2.54
2022-11-17 13:00:00,785.12,785.62,31.85,42.92,2.35
2022-11-17 14:00:00,621.47,621.8,31.73,43.93,2.19
2022-11-17 15:00:00,406.05,406.35,31.16,45.92,1.97
2022-11-17 16:00:00,179.32,179.5,30.18,51.15,1.42
2022-11-17 17:00:00,13.45,13.45,27.72,67.59,0.96
2022-11-17 18:00:00,0.0,0.0,26.02,69.12,0.99
2022-11-17 19:00:00,0.0,0.0,25.26,70.7,1.02
2022-11-17 20:00:00,0.0,0.0,24.58,71.88,1.04
2022-11-17 21:00:00,0.0,0.0,23.99,72.94,1.05
2022-11-17 22:00:00,0.0,0.0,23.5,73.54,1.06
2022-11-17 23:00:00,0.0,0.0,23.04,74.12,1.05
2022-11-18 00:00:00,0.0,0.0,22.5,75.34,1.01
2022-11-18 01:00:00,0.0,0.0,21.84,77.53,0.96
2022-11-18 02:00:00,0.0,0.0,21.16,80.18,0.91
2022-11-18 03:00:00,0.0,0.0,20.42,83.59,0.88
2022-11-18 04:00:00,0.0,0.0,19.63,87.48,0.88
2022-11-18 05:00:00,0.0,0.0,19.0,89.98,0.92
2022-11-18 06:00:00,56.45,56.65,19.15,90.27,1.08
2022-11-18 07:00:00,265.77,267.33,21.17,79.91,2.22
2022-11-18 08:00:00,494.9,496.7,23.65,71.94,2.08
2022-11-18 09:00:00,687.28,688.8,26.51,61.89,2.18
2022-11-18 10:00:00,820.33,821.45,29.28,51.86,2.43
2022-11-18 11:00:00,882.38,882.58,30.84,47.69,2.49
2022-11-18 12:00:00,830.5,830.92,31.67,45.64,2.45
2022-11-18 13:00:00,731.22,738.33,31.96,44.86,2.4
2022-11-18 14:00:00,563.17,579.55,31.85,44.85,2.28
2022-11-18 15:00:00,361.92,373.08,31.29,46.19,2.02
2022-11-18 16:00:00,154.48,156.45,30.3,51.53,1.4
2022-11-18 17:00:00,12.35,12.35,27.92,66.01,0.95
2022-11-18 18:00:00,0.0,0.0,26.55,65.73,0.96
2022-11-18 19:00:00,0.0,0.0,25.65,68.66,0.99
2022-11-18 20:00:00,0.0,0.0,24.87,71.06,1.02
2022-11-18 21:00:00,0.0,0.0,24.25,72.68,1.03
2022-11-18 22:00:00,0.0,0.0,23.73,73.91,1.03
2022-11-18 23:00:00,0.0,0.0,23.26,75.13,1.02
2022-11-19 00:00:00,0.0,0.0,22.79,76.82,0.99
2022-11-19 01:00:00,0.0,0.0,22.2,79.66,0.95
2022-11-19 02:00:00,0.0,0.0,21.69,82.47,0.92
2022-11-19 03:00:00,0.0,0.0,21.43,84.21,0.93
2022-11-19 04:00:00,0.0,0.0,20.9,85.5,0.95
2022-11-19 05:00:00,0.0,0.0,20.3,87.19,0.96
2022-11-19 06:00:00,47.15,49.08,20.25,87.8,1.07
2022-11-19 07:00:00,220.35,232.05,22.07,76.87,2.26
2022-11-19 08:00:00,431.1,451.88,24.12,71.47,2.08
2022-11-19 09:00:00,618.62,631.55,27.14,60.5,2.1
2022-11-19 10:00:00,749.7,759.17,29.92,50.79,2.29
2022-11-19 11:00:00,824.38,824.58,31.4,47.73,2.55
2022-11-19 12:00:00,755.0,768.67,32.12,47.04,2.78
2022-11-19 13:00:00,522.05,683.12,32.38,46.86,2.96
2022-11-19 14:00:00,411.4,522.03,32.23,47.49,3.01
2022-11-19 15:00:00,256.2,327.65,31.5,50.47,2.69
2022-11-19 16:00:00,120.4,135.85,30.21,58.89,1.86
2022-11-19 17:00:00,10.95,11.23,27.71,74.7,1.09
2022-11-19 18:00:00,0.0,0.0,26.14,78.14,0.98
2022-11-19 19:00:00,0.0,0.0,25.56,79.55,0.98
2022-11-19 20:00:00,0.0,0.0,25.12,80.14,0.96
2022-11-19 21:00:00,0.0,0.0,24.81,79.91,0.95
2022-11-19 22:00:00,0.0,0.0,24.59,79.28,0.94
2022-11-19 23:00:00,0.0,0.0,24.16,80.17,0.93
2022-11-20 00:00:00,0.0,0.0,23.39,83.49,0.93
2022-11-20 01:00:00,0.0,0.0,22.58,86.83,0.95
2022-11-20 02:00:00,0.0,0.0,21.86,89.6,1.03
2022-11-20 03:00:00,0.0,0.0,21.27,91.77,1.1
2022-11-20 04:00:00,0.0,0.0,20.75,93.76,1.09
2022-11-20 05:00:00,0.0,0.0,20.28,95.54,0.97
2022-11-20 06:00:00,45.42,45.65,20.38,95.76,0.95
2022-11-20 07:00:00,212.68,221.85,21.87,89.12,1.38
2022-11-20 08:00:00,421.88,435.55,24.28,78.62,0.94
2022-11-20 09:00:00,572.62,623.9,27.45,63.74,1.24
2022-11-20 10:00:00,754.12,766.0,30.22,51.52,1.79
2022-11-20 11:00:00,783.2,825.5,31.6,46.68,2.32
2022-11-20 12:00:00,746.9,807.7,32.31,44.27,2.73
2022-11-20 13:00:00,650.35,717.7,32.57,42.85,3.01
2022-11-20 14:00:00,492.05,554.75,32.32,42.91,3.1
2022-11-20 15:00:00,306.23,354.2,31.59,45.35,2.83
2022-11-20 16:00:00,134.32,146.65,30.22,53.06,2.03
2022-11-20 17:00:00,11.77,11.68,27.43,71.08,1.16
2022-11-20 18:00:00,0.0,0.0,25.76,74.19,1.02
2022-11-20 19:00:00,0.0,0.0,25.3,74.94,1.0
2022-11-20 20:00:00,0.0,0.0,24.89,75.23,0.99
2022-11-20 21:00:00,0.0,0.0,24.48,75.07,1.0
2022-11-20 22:00:00,0.0,0.0,23.98,75.52,0.98
2022-11-20 23:00:00,0.0,0.0,23.27,77.38,0.95
2022-11-21 00:00:00,0.0,0.0,22.25,81.47,0.94
2022-11-21 01:00:00,0.0,0.0,21.23,85.51,0.96
2022-11-21 02:00:00,0.0,0.0,20.48,87.63,1.08
2022-11-21 03:00:00,0.0,0.0,19.83,89.04,1.19
2022-11-21 04:00:00,0.0,0.0,19.22,90.38,1.22
2022-11-21 05:00:00,0.0,0.0,18.68,91.6,1.19
2022-11-21 06:00:00,45.47,45.7,18.8,91.24,1.33
2022-11-21 07:00:00,226.98,231.25,20.8,81.27,2.47
2022-11-21 08:00:00,415.2,441.0,23.09,75.65,2.02
2022-11-21 09:00:00,604.12,632.28,26.61,59.65,2.5
2022-11-21 10:00:00,721.7,771.03,29.56,45.42,3.13
2022-11-21 11:00:00,748.55,834.15,31.17,39.45,3.56
2022-11-21 12:00:00,817.28,884.83,31.99,36.86,3.8
2022-11-21 13:00:00,757.97,790.88,32.21,36.34,3.84
2022-11-21 14:00:00,614.7,630.12,31.93,36.94,3.72
2022-11-21 15:00:00,407.12,418.02,31.01,40.38,3.31
2022-11-21 16:00:00,182.48,185.35,29.25,51.26,2.24
2022-11-21 17:00:00,14.62,14.68,26.0,69.93,1.29
2022-11-21 18:00:00,0.0,0.0,23.88,73.58,1.2
2022-11-21 19:00:00,0.0,0.0,23.11,75.29,1.15
2022-11-21 20:00:00,0.0,0.0,22.47,76.68,1.13
2022-11-21 21:00:00,0.0,0.0,21.93,78.06,1.1
2022-11-21 22:00:00,0.0,0.0,21.31,79.5,1.08
2022-11-21 23:00:00,0.0,0.0,20.77,81.07,1.06
2022-11-22 00:00:00,0.0,0.0,20.44,82.9,0.99
2022-11-22 01:00:00,0.0,0.0,19.99,85.13,0.95
2022-11-22 02:00:00,0.0,0.0,19.45,88.06,0.93
2022-11-22 03:00:00,0.0,0.0,19.01,90.91,0.91
2022-11-22 04:00:00,0.0,0.0,18.64,93.77,0.91
2022-11-22 05:00:00,0.0,0.0,18.38,96.89,0.92
2022-11-22 06:00:00,49.28,49.72,18.84,96.85,1.11
2022-11-22 07:00:00,237.32,242.0,20.8,89.46,2.0
2022-11-22 08:00:00,451.9,459.75,23.35,79.31,1.72
2022-11-22 09:00:00,643.08,647.97,26.47,64.13,2.22
2022-11-22 10:00:00,781.95,783.47,29.29,50.19,2.73
2022-11-22 11:00:00,840.9,841.78,30.95,44.09,2.92
2022-11-22 12:00:00,861.1,877.0,31.74,41.59,2.98
2022-11-22 13:00:00,780.67,786.75,31.82,41.0,2.9
2022-11-22 14:00:00,627.03,629.35,31.38,42.5,2.73
2022-11-22 15:00:00,420.35,422.25,30.77,45.52,2.38
2022-11-22 16:00:00,188.4,189.35,29.31,54.51,1.8
2022-11-22 17:00:00,14.93,14.95,26.52,71.67,1.1
2022-11-22 18:00:00,0.0,0.0,24.62,73.52,1.1
2022-11-22 19:00:00,0.0,0.0,23.71,75.74,1.14
2022-11-22 20:00:00,0.0,0.0,22.91,78.14,1.19
2022-11-22 21:00:00,0.0,0.0,22.25,80.24,1.25
2022-11-22 22:00:00,0.0,0.0,21.6,82.25,1.31
2022-11-22 23:00:00,0.0,0.0,21.01,84.15,1.38
2022-11-23 00:00:00,0.0,0.0,20.46,86.08,1.4
2022-11-23 01:00:00,0.0,0.0,19.91,88.2,1.43
2022-11-23 02:00:00,0.0,0.0,19.35,90.3,1.42
2022-11-23 03:00:00,0.0,0.0,18.77,92.52,1.36
2022-11-23 04:00:00,0.0,0.0,18.2,94.76,1.23
2022-11-23 05:00:00,0.0,0.0,17.61,97.77,1.1
2022-11-23 06:00:00,59.65,59.88,17.74,97.42,1.23
2022-11-23 07:00:00,274.67,275.62,19.76,87.89,2.17
2022-11-23 08:00:00,503.23,504.55,22.51,77.5,1.86
2022-11-23 09:00:00,697.5,698.95,26.02,61.29,2.38
2022-11-23 10:00:00,829.38,830.85,29.25,48.6,2.86
2022-11-23 11:00:00,889.15,890.22,31.01,44.35,3.07
2022-11-23 12:00:00,865.3,868.88,32.01,42.82,3.04
2022-11-23 13:00:00,768.17,775.12,32.45,42.12,2.98
2022-11-23 14:00:00,570.17,617.97,32.42,42.51,2.89
2022-11-23 15:00:00,380.98,407.62,31.84,44.39,2.75
2022-11-23 16:00:00,169.23,178.12,30.48,52.21,2.04
2022-11-23 17:00:00,14.1,14.35,27.24,70.52,1.24
2022-11-23 18:00:00,0.0,0.0,25.04,74.36,1.16
2022-11-23 19:00:00,0.0,0.0,24.16,76.06,1.22
2022-11-23 20:00:00,0.0,0.0,23.29,77.67,1.31
2022-11-23 21:00:00,0.0,0.0,22.44,78.91,1.43
2022-11-23 22:00:00,0.0,0.0,21.63,79.86,1.59
2022-11-23 23:00:00,0.0,0.0,20.85,81.0,1.74
2022-11-24 00:00:00,0.0,0.0,20.08,82.55,1.85
2022-11-24 01:00:00,0.0,0.0,19.35,84.23,1.86
2022-11-24 02:00:00,0.0,0.0,18.62,85.92,1.72
2022-11-24 03:00:00,0.0,0.0,17.94,87.52,1.57
2022-11-24 04:00:00,0.0,0.0,17.27,89.17,1.45
2022-11-24 05:00:00,0.0,0.0,16.58,91.38,1.27
2022-11-24 06:00:00,52.7,53.62,16.46,92.03,1.39
2022-11-24 07:00:00,258.8,267.77,18.21,84.08,2.16
2022-11-24 08:00:00,493.02,501.23,21.13,74.91,1.84
2022-11-24 09:00:00,699.03,699.55,25.08,56.56,1.84
2022-11-24 10:00:00,830.72,833.25,27.98,47.69,1.89
2022-11-24 11:00:00,859.6,898.4,30.88,36.04,2.34
2022-11-24 12:00:00,877.95,888.4,32.03,33.03,2.52
2022-11-24 13:00:00,782.22,794.8,32.35,32.5,2.63
2022-11-24 14:00:00,625.42,631.8,32.15,33.1,2.7
2022-11-24 15:00:00,408.85,416.7,31.3,36.1,2.62
2022-11-24 16:00:00,179.57,181.77,29.63,44.22,2.02
2022-11-24 17:00:00,14.4,14.4,25.65,65.48,1.24
2022-11-24 18:00:00,0.0,0.0,23.33,68.12,1.28
2022-11-24 19:00:00,0.0,0.0,22.42,69.78,1.32
2022-11-24 20:00:00,0.0,0.0,21.63,71.32,1.32
2022-11-24 21:00:00,0.0,0.0,20.91,72.84,1.32
2022-11-24 22:00:00,0.0,0.0,20.19,74.88,1.33
2022-11-24 23:00:00,0.0,0.0,19.45,77.35,1.35
2022-11-25 00:00:00,0.0,0.0,18.7,80.09,1.37
2022-11-25 01:00:00,0.0,0.0,17.97,83.04,1.33
2022-11-25 02:00:00,0.0,0.0,17.28,85.93,1.22
2022-11-25 03:00:00,0.0,0.0,16.64,88.67,1.07
2022-11-25 04:00:00,0.0,0.0,16.03,91.35,0.96
2022-11-25 05:00:00,0.0,0.0,15.44,94.2,0.92
2022-11-25 06:00:00,46.95,47.58,15.47,95.42,1.34
2022-11-25 07:00:00,230.57,236.5,17.16,88.14,2.35
2022-11-25 08:00:00,451.6,460.17,19.9,78.68,2.08
2022-11-25 09:00:00,642.47,654.6,23.84,57.54,2.38
2022-11-25 10:00:00,774.55,790.67,26.64,48.77,2.51
2022-11-25 11:00:00,848.75,857.28,29.29,38.13,2.68
2022-11-25 12:00:00,888.38,890.5,30.78,33.95,2.68
2022-11-25 13:00:00,797.88,799.62,31.29,33.43,2.64
2022-11-25 14:00:00,629.7,637.2,31.19,34.02,2.6
2022-11-25 15:00:00,418.5,423.85,30.44,36.98,2.4
2022-11-25 16:00:00,188.05,189.73,28.99,44.87,1.75
2022-11-25 17:00:00,15.0,15.02,25.56,65.29,1.11
2022-11-25 18:00:00,0.0,0.0,23.64,67.47,1.12
2022-11-25 19:00:00,0.0,0.0,23.07,67.88,1.12
2022-11-25 20:00:00,0.0,0.0,22.8,66.99,1.12
2022-11-25 21:00:00,0.0,0.0,22.65,65.84,1.09
2022-11-25 22:00:00,0.0,0.0,22.22,66.52,1.07
2022-11-25 23:00:00,0.0,0.0,21.43,69.54,1.07
2022-11-26 00:00:00,0.0,0.0,20.39,74.64,1.05
2022-11-26 01:00:00,0.0,0.0,19.35,79.44,1.04
2022-11-26 02:00:00,0.0,0.0,18.54,82.36,1.12
2022-11-26 03:00:00,0.0,0.0,17.93,84.04,1.22
2022-11-26 04:00:00,0.0,0.0,17.4,85.56,1.26
2022-11-26 05:00:00,0.0,0.0,16.97,86.99,1.21
2022-11-26 06:00:00,45.83,46.42,17.19,87.2,1.2
2022-11-26 07:00:00,232.85,242.45,19.69,74.59,2.3
2022-11-26 08:00:00,448.8,468.05,22.17,69.03,1.85
2022-11-26 09:00:00,629.0,656.62,25.8,56.59,2.02
2022-11-26 10:00:00,775.67,790.22,28.9,46.66,2.33
2022-11-26 11:00:00,840.45,853.92,30.98,40.92,2.45
2022-11-26 12:00:00,861.95,868.25,31.81,39.63,2.3
2022-11-26 13:00:00,767.5,776.7,32.11,39.26,2.09
2022-11-26 14:00:00,602.1,617.75,31.91,39.72,1.91
2022-11-26 15:00:00,395.58,406.65,31.31,41.61,1.71
2022-11-26 16:00:00,174.65,177.45,30.33,46.51,1.26
2022-11-26 17:00:00,14.43,14.48,27.84,60.53,0.93
2022-11-26 18:00:00,0.0,0.0,26.36,60.94,0.91
2022-11-26 19:00:00,0.0,0.0,25.93,60.63,0.85
2022-11-26 20:00:00,0.0,0.0,25.55,60.69,0.77
2022-11-26 21:00:00,0.0,0.0,25.26,60.24,0.67
2022-11-26 22:00:00,0.0,0.0,25.07,59.19,0.62
2022-11-26 23:00:00,0.0,0.0,24.59,59.97,0.62
2022-11-27 00:00:00,0.0,0.0,24.05,61.43,0.66
2022-11-27 01:00:00,0.0,0.0,23.61,62.34,0.7
2022-11-27 02:00:00,0.0,0.0,22.92,65.3,0.69
2022-11-27 03:00:00,0.0,0.0,22.07,69.39,0.71
2022-11-27 04:00:00,0.0,0.0,20.96,75.49,0.75
2022-11-27 05:00:00,0.0,0.0,19.79,81.31,0.8
2022-11-27 06:00:00,42.22,42.38,19.35,82.69,0.97
2022-11-27 07:00:00,231.7,234.0,20.98,69.04,2.15
2022-11-27 08:00:00,446.6,451.4,23.02,63.12,1.86
2022-11-27 09:00:00,632.62,640.03,26.1,53.8,1.41
2022-11-27 10:00:00,761.8,771.65,29.2,44.16,1.04
2022-11-27 11:00:00,821.28,832.65,30.95,39.94,1.09
2022-11-27 12:00:00,826.35,831.95,31.8,38.55,1.24
2022-11-27 13:00:00,739.83,742.67,32.14,38.04,1.35
2022-11-27 14:00:00,570.72,588.22,32.0,38.48,1.43
2022-11-27 15:00:00,361.48,383.98,31.52,39.7,1.42
2022-11-27 16:00:00,160.18,164.55,30.65,44.18,1.08
2022-11-27 17:00:00,13.8,13.88,28.01,59.71,0.91
2022-11-27 18:00:00,0.0,0.0,26.01,63.75,1.01
2022-11-27 19:00:00,0.0,0.0,25.05,66.51,1.03
2022-11-27 20:00:00,0.0,0.0,24.43,67.58,1.03
2022-11-27 21:00:00,0.0,0.0,24.03,67.62,1.03
2022-11-27 22:00:00,0.0,0.0,23.68,67.65,1.01
2022-11-27 23:00:00,0.0,0.0,23.37,67.52,1.01
2022-11-28 00:00:00,0.0,0.0,23.13,67.36,1.0
2022-11-28 01:00:00,0.0,0.0,22.83,67.92,0.99
2022-11-28 02:00:00,0.0,0.0,22.4,69.62,0.96
2022-11-28 03:00:00,0.0,0.0,21.83,71.89,0.92
2022-11-28 04:00:00,0.0,0.0,20.96,75.4,0.91
2022-11-28 05:00:00,0.0,0.0,19.9,79.86,0.94
2022-11-28 06:00:00,41.7,41.78,19.46,84.27,0.94
2022-11-28 07:00:00,208.1,208.68,21.48,72.68,1.93
2022-11-28 08:00:00,418.15,419.15,23.51,67.64,1.49
2022-11-28 09:00:00,610.1,611.6,26.94,56.08,1.02
2022-11-28 10:00:00,754.97,756.38,30.31,44.21,0.97
2022-11-28 11:00:00,794.8,821.83,31.68,40.85,0.99
2022-11-28 12:00:00,678.47,816.15,32.33,39.47,1.07
2022-11-28 13:00:00,632.47,726.7,32.58,38.88,0.99
2022-11-28 14:00:00,479.05,570.97,32.48,38.91,0.82
2022-11-28 15:00:00,318.7,367.4,31.98,40.12,0.85
2022-11-28 16:00:00,141.9,154.2,31.33,43.41,0.78
2022-11-28 17:00:00,13.0,12.98,29.29,54.84,0.75
2022-11-28 18:00:00,0.0,0.0,27.72,57.42,0.85
2022-11-28 19:00:00,0.0,0.0,26.69,60.9,0.91
2022-11-28 20:00:00,0.0,0.0,25.85,63.56,0.94
2022-11-28 21:00:00,0.0,0.0,25.27,64.98,0.93
2022-11-28 22:00:00,0.0,0.0,24.79,66.26,0.89
2022-11-28 23:00:00,0.0,0.0,24.32,67.71,0.85
2022-11-29 00:00:00,0.0,0.0,23.9,69.04,0.79
2022-11-29 01:00:00,0.0,0.0,23.41,71.07,0.68
2022-11-29 02:00:00,0.0,0.0,22.93,73.08,0.58
2022-11-29 03:00:00,0.0,0.0,22.56,75.23,0.47
2022-11-29 04:00:00,0.0,0.0,22.11,76.8,0.36
2022-11-29 05:00:00,0.0,0.0,21.83,77.38,0.31
2022-11-29 06:00:00,38.67,38.83,21.68,80.94,0.24
2022-11-29 07:00:00,205.6,206.55,22.55,78.95,0.43
2022-11-29 08:00:00,421.1,422.73,24.94,69.71,0.07
2022-11-29 09:00:00,612.85,614.67,29.01,54.39,0.34
2022-11-29 10:00:00,744.55,746.3,30.73,49.63,0.66
2022-11-29 11:00:00,790.58,808.15,31.76,47.03,1.18
2022-11-29 12:00:00,760.78,809.4,32.37,45.48,1.52
2022-11-29 13:00:00,648.65,719.72,32.59,44.65,1.78
2022-11-29 14:00:00,518.53,565.5,32.45,44.79,1.96
2022-11-29 15:00:00,321.83,364.65,31.93,45.92,1.98
2022-11-29 16:00:00,144.57,154.55,30.86,51.96,1.48
2022-11-29 17:00:00,12.8,13.2,28.42,68.44,0.96
2022-11-29 18:00:00,0.0,0.0,27.03,72.11,0.87
2022-11-29 19:00:00,0.0,0.0,26.5,72.62,0.86
2022-11-29 20:00:00,0.0,0.0,25.94,73.33,0.86
2022-11-29 21:00:00,0.0,0.0,25.38,74.29,0.85
2022-11-29 22:00:00,0.0,0.0,24.82,75.21,0.85
2022-11-29 23:00:00,0.0,0.0,24.25,76.03,0.86
2022-11-30 00:00:00,0.0,0.0,23.56,77.81,0.86
2022-11-30 01:00:00,0.0,0.0,22.9,80.77,0.83
2022-11-30 02:00:00,0.0,0.0,22.23,83.45,0.86
2022-11-30 03:00:00,0.0,0.0,21.61,85.56,0.89
2022-11-30 04:00:00,0.0,0.0,21.03,87.3,0.92
2022-11-30 05:00:00,0.0,0.0,20.52,88.97,0.94
2022-11-30 06:00:00,35.0,37.75,20.56,89.19,1.11
2022-11-30 07:00:00,166.62,213.65,22.11,81.17,2.07
2022-11-30 08:00:00,328.33,433.67,24.6,72.41,1.74
2022-11-30 09:00:00,454.52,623.7,27.8,59.74,1.73
2022-11-30 10:00:00,569.5,754.7,29.83,53.77,1.76
2022-11-30 11:00:00,661.08,815.53,31.11,50.11,1.83
2022-11-30 12:00:00,714.55,818.47,31.82,47.66,1.97
2022-11-30 13:00:00,637.88,733.35,32.09,46.27,2.08
2022-11-30 14:00:00,506.0,583.85,31.98,45.81,2.15
2022-11-30 15:00:00,330.75,383.3,31.51,46.58,2.17
2022-11-30 16:00:00,152.2,165.88,30.4,52.55,1.67
2022-11-30 17:00:00,14.07,14.18,27.75,68.42,1.12
2022-11-30 18:00:00,0.0,0.0,25.86,71.98,1.06
2022-11-30 19:00:00,0.0,0.0,25.08,72.61,1.09
2022-11-30 20:00:00,0.0,0.0,24.43,72.94,1.08
2022-11-30 21:00:00,0.0,0.0,23.94,72.6,1.07
2022-11-30 22:00:00,0.0,0.0,23.63,71.37,1.04
2022-11-30 23:00:00,0.0,0.0,23.41,69.56,1.02
2022-12-01 00:00:00,0.0,0.0,23.13,67.99,1.02
2022-12-01 01:00:00,0.0,0.0,22.74,67.69,1.0
2022-12-01 02:00:00,0.0,0.0,22.28,68.12,0.95
2022-12-01 03:00:00,0.0,0.0,21.66,69.7,0.9
2022-12-01 04:00:00,0.0,0.0,20.79,73.02,0.91
2022-12-01 05:00:00,0.0,0.0,19.74,77.81,0.94
2022-12-01 06:00:00,43.2,43.35,19.21,83.3,0.87
2022-12-01 07:00:00,232.93,233.82,21.38,71.42,1.81
2022-12-01 08:00:00,452.95,454.35,23.44,66.06,1.7
2022-12-01 09:00:00,643.33,644.92,27.15,53.82,1.33
2022-12-01 10:00:00,776.6,778.28,30.81,40.96,1.29
2022-12-01 11:00:00,835.12,840.45,32.08,37.92,1.43
2022-12-01 12:00:00,843.4,855.4,32.72,36.48,1.54
2022-12-01 13:00:00,692.55,765.17,32.99,35.77,1.62
2022-12-01 14:00:00,580.62,609.42,32.85,35.85,1.63
2022-12-01 15:00:00,374.6,402.15,32.14,37.6,1.63
2022-12-01 16:00:00,169.5,176.5,31.06,42.45,1.28
2022-12-01 17:00:00,15.1,15.4,28.14,58.6,0.99
2022-12-01 18:00:00,0.0,0.0,26.32,61.13,1.04
2022-12-01 19:00:00,0.0,0.0,25.59,61.92,1.06
2022-12-01 20:00:00,0.0,0.0,25.04,62.24,1.06
2022-12-01 21:00:00,0.0,0.0,24.78,61.41,1.02
2022-12-01 22:00:00,0.0,0.0,24.7,59.88,0.97
2022-12-01 23:00:00,0.0,0.0,24.56,59.03,0.93
2022-12-02 00:00:00,0.0,0.0,24.17,59.61,0.93
2022-12-02 01:00:00,0.0,0.0,23.4,62.18,0.94
2022-12-02 02:00:00,0.0,0.0,22.3,66.61,0.94
2022-12-02 03:00:00,0.0,0.0,21.08,72.64,0.94
2022-12-02 04:00:00,0.0,0.0,20.0,79.01,0.95
2022-12-02 05:00:00,0.0,0.0,19.37,83.46,0.91
2022-12-02 06:00:00,38.1,38.4,19.46,87.2,0.78
2022-12-02 07:00:00,207.62,209.9,21.98,79.51,1.32
2022-12-02 08:00:00,416.77,421.33,24.75,72.27,1.74
2022-12-02 09:00:00,599.6,605.7,28.08,63.68,2.27
2022-12-02 10:00:00,736.38,738.72,30.45,52.16,1.58
2022-12-02 11:00:00,794.35,802.08,32.03,44.22,0.85
2022-12-02 12:00:00,810.95,821.28,32.79,40.87,0.69
2022-12-02 13:00:00,719.38,734.22,33.05,39.34,0.8
2022-12-02 14:00:00,573.78,581.12,32.91,39.03,0.92
2022-12-02 15:00:00,360.3,379.2,32.43,39.83,1.03
2022-12-02 16:00:00,154.93,163.5,31.69,43.52,0.86
2022-12-02 17:00:00,14.3,14.35,29.64,55.99,0.71
2022-12-02 18:00:00,0.0,0.0,28.21,59.11,0.73
2022-12-02 19:00:00,0.0,0.0,27.56,61.01,0.76
2022-12-02 20:00:00,0.0,0.0,26.75,64.46,0.81
2022-12-02 21:00:00,0.0,0.0,25.81,68.98,0.87
2022-12-02 22:00:00,0.0,0.0,24.81,74.23,0.93
2022-12-02 23:00:00,0.0,0.0,23.98,78.86,0.98
2022-12-03 00:00:00,0.0,0.0,23.4,82.17,1.06
2022-12-03 01:00:00,0.0,0.0,23.02,84.72,1.15
2022-12-03 02:00:00,0.0,0.0,22.74,86.78,1.21
2022-12-03 03:00:00,0.0,0.0,22.63,88.16,1.28
2022-12-03 04:00:00,0.0,0.0,22.51,89.41,1.39
2022-12-03 05:00:00,0.0,0.0,22.38,90.29,1.53
2022-12-03 06:00:00,34.0,33.62,22.49,89.98,1.89
2022-12-03 07:00:00,174.7,199.68,23.65,84.48,2.79
2022-12-03 08:00:00,353.4,405.92,25.45,76.04,2.68
2022-12-03 09:00:00,500.4,590.25,27.84,64.51,2.49
2022-12-03 10:00:00,626.1,724.35,29.69,55.18,2.01
2022-12-03 11:00:00,732.95,788.75,30.8,49.66,1.73
2022-12-03 12:00:00,674.88,777.67,31.54,46.86,1.69
2022-12-03 13:00:00,610.6,689.62,31.97,45.8,1.8
2022-12-03 14:00:00,421.35,540.17,31.9,46.09,1.88
2022-12-03 15:00:00,268.23,345.58,31.3,48.26,1.85
2022-12-03 16:00:00,119.95,145.35,30.26,55.26,1.34
2022-12-03 17:00:00,13.05,13.32,28.22,71.34,0.89
2022-12-03 18:00:00,0.0,0.0,26.83,76.24,0.87
2022-12-03 19:00:00,0.0,0.0,26.1,77.07,1.14
2022-12-03 20:00:00,0.0,0.0,25.33,78.05,1.55
2022-12-03 21:00:00,0.0,0.0,24.6,80.19,1.88
2022-12-03 22:00:00,0.0,0.0,23.97,82.85,1.99
2022-12-03 23:00:00,0.0,0.0,23.43,85.31,1.85
2022-12-04 00:00:00,0.0,0.0,23.02,86.81,1.7
2022-12-04 01:00:00,0.0,0.0,22.64,87.9,1.59
2022-12-04 02:00:00,0.0,0.0,22.32,88.43,1.56
2022-12-04 03:00:00,0.0,0.0,22.0,88.86,1.58
2022-12-04 04:00:00,0.0,0.0,21.69,89.36,1.57
2022-12-04 05:00:00,0.0,0.0,21.41,89.82,1.49
2022-12-04 06:00:00,30.88,31.95,21.41,89.18,1.65
2022-12-04 07:00:00,173.93,186.4,22.58,83.19,2.36
2022-12-04 08:00:00,380.7,389.8,24.6,77.59,1.9
2022-12-04 09:00:00,567.55,569.58,28.54,57.07,2.96
2022-12-04 10:00:00,712.6,714.55,30.76,47.69,3.22
2022-12-04 11:00:00,778.28,780.97,32.18,41.92,3.33
2022-12-04 12:00:00,788.25,825.05,33.09,38.15,3.43
2022-12-04 13:00:00,635.78,739.47,33.45,36.15,3.48
2022-12-04 14:00:00,491.42,587.17,33.24,35.71,3.41
2022-12-04 15:00:00,346.65,386.88,32.44,37.96,3.17
2022-12-04 16:00:00,160.65,170.65,30.81,47.71,2.22
2022-12-04 17:00:00,15.15,15.3,27.52,66.35,1.3
2022-12-04 18:00:00,0.0,0.0,25.68,69.48,1.22
2022-12-04 19:00:00,0.0,0.0,25.0,71.11,1.18
2022-12-04 20:00:00,0.0,0.0,24.51,72.38,1.11
2022-12-04 21:00:00,0.0,0.0,23.94,73.56,1.1
2022-12-04 22:00:00,0.0,0.0,23.35,75.35,1.08
2022-12-04 23:00:00,0.0,0.0,22.75,77.84,1.03
2022-12-05 00:00:00,0.0,0.0,22.35,80.9,0.92
2022-12-05 01:00:00,0.0,0.0,21.95,83.94,0.82
2022-12-05 02:00:00,0.0,0.0,21.52,87.0,0.75
2022-12-05 03:00:00,0.0,0.0,21.22,89.6,0.72
2022-12-05 04:00:00,0.0,0.0,20.78,92.47,0.71
2022-12-05 05:00:00,0.0,0.0,20.49,94.78,0.68
2022-12-05 06:00:00,32.53,33.25,20.73,94.55,0.77
2022-12-05 07:00:00,174.18,201.57,22.56,86.71,1.61
2022-12-05 08:00:00,362.02,414.2,25.13,73.65,1.67
2022-12-05 09:00:00,505.6,604.6,27.49,63.86,1.75
2022-12-05 10:00:00,568.2,745.53,29.88,53.61,2.3
2022-12-05 11:00:00,629.1,811.42,31.59,48.42,2.8
2022-12-05 12:00:00,621.03,790.6,32.74,45.42,3.18
2022-12-05 13:00:00,611.7,708.75,33.33,43.87,3.38
2022-12-05 14:00:00,468.52,554.78,33.38,43.85,3.38
2022-12-05 15:00:00,295.95,357.42,32.84,45.75,3.12
2022-12-05 16:00:00,137.95,151.07,31.5,53.82,2.14
2022-12-05 17:00:00,15.12,13.8,28.66,71.5,1.1
2022-12-05 18:00:00,0.0,0.0,26.89,76.14,0.96
2022-12-05 19:00:00,0.0,0.0,26.31,77.9,0.9
2022-12-05 20:00:00,0.0,0.0,25.89,78.88,0.87
2022-12-05 21:00:00,0.0,0.0,25.64,78.89,0.84
2022-12-05 22:00:00,0.0,0.0,25.56,77.87,0.79
2022-12-05 23:00:00,0.0,0.0,25.55,76.44,0.67
2022-12-06 00:00:00,0.0,0.0,25.56,74.91,0.53
2022-12-06 01:00:00,0.0,0.0,25.33,75.16,0.38
2022-12-06 02:00:00,0.0,0.0,24.7,77.39,0.34
2022-12-06 03:00:00,0.0,0.0,23.74,81.16,0.52
2022-12-06 04:00:00,0.0,0.0,22.54,86.83,0.71
2022-12-06 05:00:00,0.0,0.0,21.43,92.61,0.78
2022-12-06 06:00:00,30.1,30.12,21.31,94.46,0.94
2022-12-06 07:00:00,188.07,190.1,23.21,86.57,2.0
2022-12-06 08:00:00,394.08,399.17,25.81,75.74,1.83
2022-12-06 09:00:00,588.78,597.05,28.93,59.98,2.16
2022-12-06 10:00:00,723.65,734.38,30.97,49.48,2.58
2022-12-06 11:00:00,797.67,802.3,32.2,42.89,2.77
2022-12-06 12:00:00,844.5,846.0,33.02,37.8,2.91
2022-12-06 13:00:00,754.92,759.9,33.32,34.28,3.01
2022-12-06 14:00:00,604.08,604.28,33.01,32.77,3.01
2022-12-06 15:00:00,398.15,399.5,32.12,33.66,2.89
2022-12-06 16:00:00,180.95,182.18,30.27,41.96,2.14
2022-12-06 17:00:00,16.25,16.33,26.33,61.16,1.39
2022-12-06 18:00:00,0.0,0.0,24.04,64.0,1.4
2022-12-06 19:00:00,0.0,0.0,23.09,65.15,1.38
2022-12-06 20:00:00,0.0,0.0,22.33,66.21,1.31
2022-12-06 21:00:00,0.0,0.0,21.73,66.7,1.25
2022-12-06 22:00:00,0.0,0.0,21.15,67.47,1.21
2022-12-06 23:00:00,0.0,0.0,20.47,69.09,1.18
2022-12-07 00:00:00,0.0,0.0,19.7,71.55,1.15
2022-12-07 01:00:00,0.0,0.0,18.91,74.33,1.11
2022-12-07 02:00:00,0.0,0.0,18.17,77.07,1.09
2022-12-07 03:00:00,0.0,0.0,17.47,79.9,1.07
2022-12-07 04:00:00,0.0,0.0,16.84,82.59,1.08
2022-12-07 05:00:00,0.0,0.0,16.28,85.03,1.09
2022-12-07 06:00:00,34.5,34.53,16.35,86.22,1.13
2022-12-07 07:00:00,220.27,220.4,18.69,75.45,2.3
2022-12-07 08:00:00,438.17,438.38,21.14,69.19,1.81
2022-12-07 09:00:00,629.12,629.45,24.7,55.01,1.78
2022-12-07 10:00:00,765.42,765.95,27.8,43.81,2.08
2022-12-07 11:00:00,826.62,828.97,30.46,35.45,2.4
2022-12-07 12:00:00,792.3,796.08,31.58,33.73,2.23
2022-12-07 13:00:00,701.4,706.5,32.1,33.32,1.98
2022-12-07 14:00:00,550.58,550.78,32.12,33.91,1.76
2022-12-07 15:00:00,349.23,349.42,31.62,36.7,1.48
2022-12-07 16:00:00,150.93,151.02,30.66,40.97,1.08
2022-12-07 17:00:00,13.8,13.82,28.53,55.42,0.7
2022-12-07 18:00:00,0.0,0.0,27.83,50.26,0.71
2022-12-07 19:00:00,0.0,0.0,27.19,51.92,0.63
2022-12-07 20:00:00,0.0,0.0,26.48,54.35,0.66
2022-12-07 21:00:00,0.0,0.0,25.76,56.69,0.75
2022-12-07 22:00:00,0.0,0.0,24.87,60.17,0.84
2022-12-07 23:00:00,0.0,0.0,23.87,64.67,0.91
2022-12-08 00:00:00,0.0,0.0,22.78,70.07,0.94
2022-12-08 01:00:00,0.0,0.0,21.75,75.22,0.97
2022-12-08 02:00:00,0.0,0.0,20.96,78.34,1.05
2022-12-08 03:00:00,0.0,0.0,20.42,80.33,1.2
2022-12-08 04:00:00,0.0,0.0,20.03,82.36,1.34
2022-12-08 05:00:00,0.0,0.0,19.73,84.74,1.42
2022-12-08 06:00:00,26.75,26.73,19.83,86.22,1.58
2022-12-08 07:00:00,168.48,168.98,21.5,79.44,2.67
2022-12-08 08:00:00,369.5,370.55,23.59,74.22,2.26
2022-12-08 09:00:00,567.1,568.4,26.91,60.53,2.52
2022-12-08 10:00:00,701.7,702.9,29.88,49.72,2.87
2022-12-08 11:00:00,765.7,766.67,31.59,45.67,2.87
2022-12-08 12:00:00,759.33,759.58,32.55,43.79,2.78
2022-12-08 13:00:00,674.7,674.9,32.97,42.86,2.74
2022-12-08 14:00:00,525.33,525.5,32.87,42.99,2.72
2022-12-08 15:00:00,332.3,332.4,32.22,45.2,2.55
2022-12-08 16:00:00,141.7,141.73,30.72,54.26,1.78
2022-12-08 17:00:00,13.4,13.4,27.82,70.95,1.12
2022-12-08 18:00:00,0.0,0.0,26.15,73.2,1.15
2022-12-08 19:00:00,0.0,0.0,25.34,74.58,1.19
2022-12-08 20:00:00,0.0,0.0,24.58,75.85,1.22
2022-12-08 21:00:00,0.0,0.0,23.84,77.15,1.29
2022-12-08 22:00:00,0.0,0.0,23.11,78.67,1.38
2022-12-08 23:00:00,0.0,0.0,22.45,80.2,1.59
2022-12-09 00:00:00,0.0,0.0,21.86,82.11,1.86
2022-12-09 01:00:00,0.0,0.0,21.32,84.72,2.19
2022-12-09 02:00:00,0.0,0.0,20.8,88.02,2.37
2022-12-09 03:00:00,0.0,0.0,20.31,91.12,2.38
2022-12-09 04:00:00,0.0,0.0,19.85,93.57,2.37
2022-12-09 05:00:00,0.0,0.0,19.4,95.22,2.26
2022-12-09 06:00:00,25.92,25.92,19.27,94.42,2.4
2022-12-09 07:00:00,167.2,167.27,20.45,87.23,2.8
2022-12-09 08:00:00,368.35,368.52,23.1,72.73,2.67
2022-12-09 09:00:00,568.88,569.35,26.37,55.8,3.3
2022-12-09 10:00:00,707.15,709.08,29.35,44.64,3.65
2022-12-09 11:00:00,777.58,781.2,31.36,38.8,3.84
2022-12-09 12:00:00,809.2,814.5,32.12,37.33,3.64
2022-12-09 13:00:00,724.7,731.67,32.18,36.97,3.43
2022-12-09 14:00:00,573.75,582.95,31.79,37.54,3.21
2022-12-09 15:00:00,377.6,383.42,30.97,40.68,2.78
2022-12-09 16:00:00,167.65,168.32,29.31,50.18,1.89
2022-12-09 17:00:00,16.5,16.5,26.31,66.6,1.19
2022-12-09 18:00:00,0.0,0.0,24.65,68.2,1.24
2022-12-09 19:00:00,0.0,0.0,23.82,68.82,1.3
2022-12-09 20:00:00,0.0,0.0,23.07,69.38,1.32
2022-12-09 21:00:00,0.0,0.0,22.45,70.27,1.31
2022-12-09 22:00:00,0.0,0.0,21.86,71.4,1.3
2022-12-09 23:00:00,0.0,0.0,21.23,72.88,1.3
2022-12-10 00:00:00,0.0,0.0,20.52,74.73,1.31
2022-12-10 01:00:00,0.0,0.0,19.76,76.93,1.37
2022-12-10 02:00:00,0.0,0.0,19.09,79.03,1.44
2022-12-10 03:00:00,0.0,0.0,18.46,81.38,1.51
2022-12-10 04:00:00,0.0,0.0,17.78,84.24,1.55
2022-12-10 05:00:00,0.0,0.0,17.13,87.16,1.56
2022-12-10 06:00:00,31.2,31.23,17.03,87.84,1.9
2022-12-10 07:00:00,199.68,199.77,18.73,80.07,2.85
2022-12-10 08:00:00,421.7,421.88,21.45,70.86,2.29
2022-12-10 09:00:00,612.2,612.42,25.32,52.14,2.93
2022-12-10 10:00:00,750.97,751.15,28.31,41.66,3.31
2022-12-10 11:00:00,821.4,821.53,30.92,31.47,3.68
2022-12-10 12:00:00,842.3,842.38,32.06,28.61,3.62
2022-12-10 13:00:00,759.15,759.15,32.39,28.09,3.49
2022-12-10 14:00:00,606.0,606.7,32.13,28.79,3.3
2022-12-10 15:00:00,401.65,402.67,31.22,31.87,2.94
2022-12-10 16:00:00,182.77,183.55,29.26,43.68,1.89
2022-12-10 17:00:00,17.77,17.85,25.61,62.64,1.22
2022-12-10 18:00:00,0.0,0.0,23.66,64.09,1.28
2022-12-10 19:00:00,0.0,0.0,22.88,65.26,1.28
2022-12-10 20:00:00,0.0,0.0,22.27,65.94,1.25
2022-12-10 21:00:00,0.0,0.0,21.79,66.28,1.21
2022-12-10 22:00:00,0.0,0.0,21.36,67.23,1.19
2022-12-10 23:00:00,0.0,0.0,20.73,69.33,1.18
2022-12-11 00:00:00,0.0,0.0,19.95,71.82,1.24
2022-12-11 01:00:00,0.0,0.0,19.37,73.07,1.44
2022-12-11 02:00:00,0.0,0.0,18.87,73.6,1.73
2022-12-11 03:00:00,0.0,0.0,18.6,73.6,2.0
2022-12-11 04:00:00,0.0,0.0,18.04,75.25,2.02
2022-12-11 05:00:00,0.0,0.0,17.35,78.08,1.9
2022-12-11 06:00:00,30.67,30.75,16.96,79.51,2.02
2022-12-11 07:00:00,215.12,215.65,18.02,73.28,2.65
2022-12-11 08:00:00,424.92,425.45,20.04,68.01,2.22
2022-12-11 09:00:00,616.12,620.85,23.45,53.53,2.66
2022-12-11 10:00:00,752.55,759.15,26.37,43.76,3.14
2022-12-11 11:00:00,822.2,827.5,29.08,32.77,3.53
2022-12-11 12:00:00,819.72,824.2,30.77,27.36,3.61
2022-12-11 13:00:00,735.47,738.2,31.4,25.82,3.38
2022-12-11 14:00:00,573.28,584.08,31.3,26.09,3.12
2022-12-11 15:00:00,366.05,380.62,30.5,29.07,2.84
2022-12-11 16:00:00,160.55,165.18,28.34,42.32,1.9
2022-12-11 17:00:00,16.4,16.3,24.63,62.64,1.25
2022-12-11 18:00:00,0.0,0.0,22.8,65.34,1.28
2022-12-11 19:00:00,0.0,0.0,22.02,67.56,1.26
2022-12-11 20:00:00,0.0,0.0,21.35,69.17,1.23
2022-12-11 21:00:00,0.0,0.0,20.71,70.6,1.19
2022-12-11 22:00:00,0.0,0.0,20.2,71.98,1.16
2022-12-11 23:00:00,0.0,0.0,19.67,73.45,1.15
2022-12-12 00:00:00,0.0,0.0,19.11,75.03,1.12
2022-12-12 01:00:00,0.0,0.0,18.54,77.05,1.12
2022-12-12 02:00:00,0.0,0.0,18.18,78.94,1.16
2022-12-12 03:00:00,0.0,0.0,17.92,80.0,1.28
2022-12-12 04:00:00,0.0,0.0,17.46,81.18,1.4
2022-12-12 05:00:00,0.0,0.0,16.97,82.72,1.48
2022-12-12 06:00:00,25.25,25.62,17.01,82.32,1.7
2022-12-12 07:00:00,170.2,174.6,18.47,73.87,2.73
2022-12-12 08:00:00,357.02,371.95,20.15,69.51,2.16
2022-12-12 09:00:00,550.83,560.7,22.99,58.65,2.21
2022-12-12 10:00:00,695.7,700.78,25.82,48.01,2.6
2022-12-12 11:00:00,767.72,774.85,28.77,37.33,3.06
2022-12-12 12:00:00,794.15,796.83,30.83,30.9,3.3
2022-12-12 13:00:00,714.15,714.25,31.51,30.11,3.06
2022-12-12 14:00:00,562.47,562.8,31.49,30.84,2.64
2022-12-12 15:00:00,362.27,362.7,30.66,35.15,1.95
2022-12-12 16:00:00,163.6,163.93,29.03,47.35,1.12
2022-12-12 17:00:00,16.17,16.23,27.14,56.79,0.84
2022-12-12 18:00:00,0.0,0.0,26.57,51.53,0.86
2022-12-12 19:00:00,0.0,0.0,26.02,51.95,0.74
2022-12-12 20:00:00,0.0,0.0,25.57,51.42,0.64
2022-12-12 21:00:00,0.0,0.0,24.88,53.18,0.51
2022-12-12 22:00:00,0.0,0.0,24.53,53.07,0.45
2022-12-12 23:00:00,0.0,0.0,24.12,52.64,0.32
2022-12-13 00:00:00,0.0,0.0,23.51,53.55,0.19
2022-12-13 01:00:00,0.0,0.0,22.43,56.9,0.5
2022-12-13 02:00:00,0.0,0.0,20.96,62.81,0.77
2022-12-13 03:00:00,0.0,0.0,19.75,70.07,0.9
2022-12-13 04:00:00,0.0,0.0,18.89,74.25,0.99
2022-12-13 05:00:00,0.0,0.0,18.22,77.17,1.0
2022-12-13 06:00:00,24.1,24.1,18.0,80.13,0.97
2022-12-13 07:00:00,182.45,182.6,20.27,69.28,1.81
2022-12-13 08:00:00,352.02,352.2,22.26,63.54,1.79
2022-12-13 09:00:00,534.4,534.58,25.45,53.9,1.88
2022-12-13 10:00:00,669.85,669.97,28.55,43.98,2.09
2022-12-13 11:00:00,740.88,740.95,30.4,39.61,2.35
2022-12-13 12:00:00,791.92,791.95,31.14,38.6,2.59
2022-12-13 13:00:00,721.75,721.85,31.38,38.18,2.77
2022-12-13 14:00:00,578.62,578.83,31.23,38.47,2.83
2022-12-13 15:00:00,375.38,375.6,30.62,40.36,2.67
2022-12-13 16:00:00,170.2,170.38,29.14,49.67,1.77
2022-12-13 17:00:00,17.25,17.25,25.88,67.56,1.09
2022-12-13 18:00:00,0.0,0.0,24.01,69.01,1.13
2022-12-13 19:00:00,0.0,0.0,23.29,69.32,1.14
2022-12-13 20:00:00,0.0,0.0,22.75,68.76,1.14
2022-12-13 21:00:00,0.0,0.0,22.49,66.98,1.15
2022-12-13 22:00:00,0.0,0.0,22.31,65.24,1.16
2022-12-13 23:00:00,0.0,0.0,22.04,64.86,1.11
2022-12-14 00:00:00,0.0,0.0,21.43,66.55,1.07
2022-12-14 01:00:00,0.0,0.0,20.37,70.67,1.05
2022-12-14 02:00:00,0.0,0.0,19.16,75.59,1.07
2022-12-14 03:00:00,0.0,0.0,18.23,78.77,1.14
2022-12-14 04:00:00,0.0,0.0,17.63,80.97,1.21
2022-12-14 05:00:00,0.0,0.0,17.22,82.75,1.21
2022-12-14 06:00:00,25.5,25.65,17.26,83.64,1.17
2022-12-14 07:00:00,186.38,188.38,19.16,73.01,2.12
2022-12-14 08:00:00,391.67,397.85,20.79,68.35,1.77
2022-12-14 09:00:00,585.17,590.4,23.56,59.0,1.55
2022-12-14 10:00:00,722.83,726.38,26.04,51.46,1.63
2022-12-14 11:00:00,794.15,796.03,28.61,42.9,1.84
2022-12-14 12:00:00,845.88,845.88,30.99,35.45,2.25
2022-12-14 13:00:00,766.65,766.65,31.95,32.9,2.66
2022-12-14 14:00:00,617.42,617.42,32.01,31.9,2.91
2022-12-14 15:00:00,412.85,412.85,31.34,33.06,2.91
2022-12-14 16:00:00,191.23,191.23,29.62,41.86,2.07
2022-12-14 17:00:00,19.92,19.92,25.54,63.1,1.24
2022-12-14 18:00:00,0.0,0.0,23.33,65.16,1.29
2022-12-14 19:00:00,0.0,0.0,22.54,65.81,1.29
2022-12-14 20:00:00,0.0,0.0,22.06,65.12,1.27
2022-12-14 21:00:00,0.0,0.0,21.96,62.42,1.27
2022-12-14 22:00:00,0.0,0.0,21.91,59.54,1.23
2022-12-14 23:00:00,0.0,0.0,21.63,58.22,1.19
2022-12-15 00:00:00,0.0,0.0,20.93,59.41,1.17
2022-12-15 01:00:00,0.0,0.0,19.62,64.26,1.22
2022-12-15 02:00:00,0.0,0.0,18.03,71.02,1.23
2022-12-15 03:00:00,0.0,0.0,17.0,74.65,1.3
2022-12-15 04:00:00,0.0,0.0,16.39,76.36,1.39
2022-12-15 05:00:00,0.0,0.0,15.89,77.83,1.39
2022-12-15 06:00:00,25.83,25.95,15.97,78.19,1.37
2022-12-15 07:00:00,190.52,195.18,18.34,65.47,2.43
2022-12-15 08:00:00,397.92,410.02,20.15,60.8,2.15
2022-12-15 09:00:00,586.67,602.9,22.84,56.67,1.71
2022-12-15 10:00:00,722.33,741.2,26.28,45.13,1.98
2022-12-15 11:00:00,789.6,810.4,29.45,35.33,2.14
2022-12-15 12:00:00,841.62,862.38,31.58,28.39,2.37
2022-12-15 13:00:00,754.92,777.03,32.05,27.12,2.35
2022-12-15 14:00:00,591.85,623.28,31.8,27.53,2.3
2022-12-15 15:00:00,388.12,417.33,30.98,30.31,1.94
2022-12-15 16:00:00,179.38,189.18,29.33,40.16,1.39
2022-12-15 17:00:00,19.62,19.83,26.1,57.88,0.98
2022-12-15 18:00:00,0.0,0.0,24.55,55.32,1.1
2022-12-15 19:00:00,0.0,0.0,23.9,56.3,1.1
2022-12-15 20:00:00,0.0,0.0,23.6,56.7,1.07
2022-12-15 21:00:00,0.0,0.0,23.25,57.08,1.09
2022-12-15 22:00:00,0.0,0.0,22.88,57.04,1.12
2022-12-15 23:00:00,0.0,0.0,22.47,57.12,1.14
2022-12-16 00:00:00,0.0,0.0,21.91,57.32,1.16
2022-12-16 01:00:00,0.0,0.0,21.0,57.65,1.2
2022-12-16 02:00:00,0.0,0.0,19.98,60.02,1.21
2022-12-16 03:00:00,0.0,0.0,18.76,64.24,1.21
2022-12-16 04:00:00,0.0,0.0,17.51,69.65,1.19
2022-12-16 05:00:00,0.0,0.0,16.56,74.17,1.18
2022-12-16 06:00:00,24.27,24.3,16.43,75.92,1.18
2022-12-16 07:00:00,179.5,181.02,19.27,61.2,2.26
2022-12-16 08:00:00,383.45,397.55,21.22,55.41,2.15
2022-12-16 09:00:00,569.75,585.97,24.24,49.37,1.68
2022-12-16 10:00:00,704.33,722.33,27.46,40.12,1.59
2022-12-16 11:00:00,785.83,794.6,31.06,28.96,1.63
2022-12-16 12:00:00,855.85,858.47,32.54,26.96,1.61
2022-12-16 13:00:00,782.2,782.4,32.99,26.89,1.5
2022-12-16 14:00:00,632.03,632.22,32.9,27.23,1.6
2022-12-16 15:00:00,424.6,431.92,32.17,29.22,1.72
2022-12-16 16:00:00,197.98,204.45,30.57,36.49,1.21
2022-12-16 17:00:00,21.9,22.42,27.98,55.45,0.86
2022-12-16 18:00:00,0.0,0.0,26.96,51.41,0.98
2022-12-16 19:00:00,0.0,0.0,26.12,52.21,1.0
2022-12-16 20:00:00,0.0,0.0,25.15,54.06,1.06
2022-12-16 21:00:00,0.0,0.0,24.13,56.69,1.12
2022-12-16 22:00:00,0.0,0.0,23.33,58.92,1.16
2022-12-16 23:00:00,0.0,0.0,22.75,59.86,1.17
2022-12-17 00:00:00,0.0,0.0,22.18,60.75,1.16
2022-12-17 01:00:00,0.0,0.0,21.38,63.45,1.14
2022-12-17 02:00:00,0.0,0.0,20.42,67.56,1.12
2022-12-17 03:00:00,0.0,0.0,19.54,71.62,1.11
2022-12-17 04:00:00,0.0,0.0,18.69,75.7,1.08
2022-12-17 05:00:00,0.0,0.0,18.01,78.96,1.08
2022-12-17 06:00:00,26.12,25.8,18.03,80.58,1.11
2022-12-17 07:00:00,168.57,200.0,20.64,66.98,2.37
2022-12-17 08:00:00,326.1,413.58,22.88,61.49,2.14
2022-12-17 09:00:00,479.05,604.33,26.45,50.12,2.0
2022-12-17 10:00:00,609.9,742.8,29.95,38.19,2.16
2022-12-17 11:00:00,650.05,812.7,32.2,32.33,2.49
2022-12-17 12:00:00,671.92,822.3,33.14,30.51,2.85
2022-12-17 13:00:00,629.33,741.67,33.45,29.86,3.17
2022-12-17 14:00:00,461.73,594.17,33.26,30.14,3.31
2022-12-17 15:00:00,287.83,395.73,32.43,32.18,3.22
2022-12-17 16:00:00,144.98,179.88,30.43,43.03,2.11
2022-12-17 17:00:00,19.38,19.5,26.79,61.46,1.36
2022-12-17 18:00:00,0.0,0.0,24.94,64.21,1.41
2022-12-17 19:00:00,0.0,0.0,24.07,66.17,1.43
2022-12-17 20:00:00,0.0,0.0,23.2,68.39,1.42
2022-12-17 21:00:00,0.0,0.0,22.44,70.53,1.39
2022-12-17 22:00:00,0.0,0.0,21.65,73.11,1.33
2022-12-17 23:00:00,0.0,0.0,20.99,75.69,1.28
2022-12-18 00:00:00,0.0,0.0,20.41,78.04,1.26
2022-12-18 01:00:00,0.0,0.0,19.68,80.6,1.25
2022-12-18 02:00:00,0.0,0.0,18.97,83.24,1.23
2022-12-18 03:00:00,0.0,0.0,18.05,86.14,1.2
2022-12-18 04:00:00,0.0,0.0,17.36,88.73,1.21
2022-12-18 05:00:00,0.0,0.0,16.88,90.44,1.22
2022-12-18 06:00:00,21.12,21.25,17.17,88.94,1.46
2022-12-18 07:00:00,166.4,170.48,19.08,79.23,2.5
2022-12-18 08:00:00,371.9,390.17,21.57,70.67,2.06
2022-12-18 09:00:00,557.53,582.97,25.5,52.42,2.68
2022-12-18 10:00:00,694.97,726.88,28.78,39.56,3.46
2022-12-18 11:00:00,759.95,804.67,31.34,30.23,4.12
2022-12-18 12:00:00,828.38,846.65,32.44,27.73,4.28
2022-12-18 13:00:00,768.7,770.88,32.86,26.87,4.29
2022-12-18 14:00:00,626.53,626.78,32.69,27.28,4.22
2022-12-18 15:00:00,426.67,427.42,31.86,29.59,3.91
2022-12-18 16:00:00,204.5,205.25,29.76,41.42,2.53
2022-12-18 17:00:00,23.67,23.77,25.75,60.3,1.54
2022-12-18 18:00:00,0.0,0.0,23.63,64.6,1.52
2022-12-18 19:00:00,0.0,0.0,22.77,66.61,1.5
2022-12-18 20:00:00,0.0,0.0,22.03,68.16,1.44
2022-12-18 21:00:00,0.0,0.0,21.33,69.53,1.4
2022-12-18 22:00:00,0.0,0.0,20.63,71.13,1.37
2022-12-18 23:00:00,0.0,0.0,19.88,73.86,1.38
2022-12-19 00:00:00,0.0,0.0,19.23,77.21,1.44
2022-12-19 01:00:00,0.0,0.0,18.57,81.16,1.51
2022-12-19 02:00:00,0.0,0.0,17.82,85.84,1.53
2022-12-19 03:00:00,0.0,0.0,16.84,91.84,1.49
2022-12-19 04:00:00,0.0,0.0,16.03,97.61,1.5
2022-12-19 05:00:00,0.0,0.0,15.44,100.0,1.54
2022-12-19 06:00:00,25.58,25.67,15.51,98.34,1.99
2022-12-19 07:00:00,202.2,204.35,17.61,85.55,3.08
2022-12-19 08:00:00,415.5,426.0,20.75,71.4,2.68
2022-12-19 09:00:00,612.38,623.12,24.85,51.76,3.46
2022-12-19 10:00:00,761.5,764.2,28.67,36.06,4.32
2022-12-19 11:00:00,790.55,840.1,30.96,28.71,4.35
2022-12-19 12:00:00,857.03,868.05,31.9,26.56,4.14
2022-12-19 13:00:00,778.7,788.55,32.18,25.75,4.08
2022-12-19 14:00:00,637.53,639.42,31.89,26.19,4.03
2022-12-19 15:00:00,433.0,435.55,31.07,27.99,3.81
2022-12-19 16:00:00,208.23,210.0,29.06,38.78,2.52
2022-12-19 17:00:00,24.42,24.6,25.06,58.78,1.45
2022-12-19 18:00:00,0.0,0.0,23.3,61.73,1.47
2022-12-19 19:00:00,0.0,0.0,22.79,62.86,1.45
2022-12-19 20:00:00,0.0,0.0,22.2,64.61,1.32
2022-12-19 21:00:00,0.0,0.0,21.75,66.12,1.19
2022-12-19 22:00:00,0.0,0.0,21.31,67.23,1.13
2022-12-19 23:00:00,0.0,0.0,20.58,69.44,1.13
2022-12-20 00:00:00,0.0,0.0,19.64,72.18,1.19
2022-12-20 01:00:00,0.0,0.0,18.32,75.7,1.26
2022-12-20 02:00:00,0.0,0.0,17.4,79.47,1.28
2022-12-20 03:00:00,0.0,0.0,16.72,82.73,1.31
2022-12-20 04:00:00,0.0,0.0,16.27,85.32,1.36
2022-12-20 05:00:00,0.0,0.0,15.82,87.94,1.4
2022-12-20 06:00:00,25.25,25.6,15.69,88.91,1.63
2022-12-20 07:00:00,187.12,208.62,17.91,78.42,2.85
2022-12-20 08:00:00,369.4,432.38,20.87,67.94,2.31
2022-12-20 09:00:00,541.67,630.25,24.97,49.01,2.83
2022-12-20 10:00:00,721.6,772.83,28.39,36.46,3.52
2022-12-20 11:00:00,711.0,846.17,30.32,29.16,4.06
2022-12-20 12:00:00,645.95,845.28,30.79,28.69,3.92
2022-12-20 13:00:00,547.45,769.42,30.65,29.47,3.75
2022-12-20 14:00:00,448.6,622.5,29.97,32.01,3.49
2022-12-20 15:00:00,295.17,422.08,28.56,40.89,2.59
2022-12-20 16:00:00,133.5,197.4,26.35,55.85,1.73
2022-12-20 17:00:00,18.23,22.85,24.12,62.56,1.56
2022-12-20 18:00:00,0.0,0.0,22.95,63.93,1.63
2022-12-20 19:00:00,0.0,0.0,22.36,64.1,1.78
2022-12-20 20:00:00,0.0,0.0,21.84,63.78,2.03
2022-12-20 21:00:00,0.0,0.0,21.22,65.52,2.07
2022-12-20 22:00:00,0.0,0.0,20.24,70.72,1.83
2022-12-20 23:00:00,0.0,0.0,19.27,75.58,1.77
2022-12-21 00:00:00,0.0,0.0,18.51,79.67,1.7
2022-12-21 01:00:00,0.0,0.0,17.76,83.57,1.59
2022-12-21 02:00:00,0.0,0.0,16.91,87.28,1.49
2022-12-21 03:00:00,0.0,0.0,16.28,89.32,1.51
2022-12-21 04:00:00,0.0,0.0,15.87,89.41,1.68
2022-12-21 05:00:00,0.0,0.0,15.55,88.59,1.97
2022-12-21 06:00:00,23.65,23.17,15.61,85.97,2.63
2022-12-21 07:00:00,190.38,195.05,17.39,76.09,3.61
2022-12-21 08:00:00,402.67,415.27,20.49,63.58,3.38
2022-12-21 09:00:00,605.83,614.5,24.67,43.98,4.74
2022-12-21 10:00:00,739.47,760.95,27.93,32.53,5.65
2022-12-21 11:00:00,817.38,837.72,30.01,27.29,5.95
2022-12-21 12:00:00,840.45,840.75,31.04,25.78,5.78
2022-12-21 13:00:00,749.17,763.08,31.48,25.49,5.47
2022-12-21 14:00:00,604.72,616.42,31.34,25.99,5.05
2022-12-21 15:00:00,403.75,416.23,30.61,27.74,4.56
2022-12-21 16:00:00,191.73,194.65,28.7,37.46,3.04
2022-12-21 17:00:00,23.02,23.23,24.52,57.0,1.75
2022-12-21 18:00:00,0.0,0.0,22.26,62.34,1.73
2022-12-21 19:00:00,0.0,0.0,21.37,64.45,1.76
2022-12-21 20:00:00,0.0,0.0,20.57,66.32,1.8
2022-12-21 21:00:00,0.0,0.0,19.79,68.59,1.82
2022-12-21 22:00:00,0.0,0.0,18.98,71.78,1.79
2022-12-21 23:00:00,0.0,0.0,18.19,75.56,1.75
2022-12-22 00:00:00,0.0,0.0,17.46,79.42,1.77
2022-12-22 01:00:00,0.0,0.0,16.85,82.69,1.84
2022-12-22 02:00:00,0.0,0.0,16.34,85.05,2.02
2022-12-22 03:00:00,0.0,0.0,15.86,86.38,2.27
2022-12-22 04:00:00,0.0,0.0,15.4,87.27,2.52
2022-12-22 05:00:00,0.0,0.0,14.87,88.38,2.57
2022-12-22 06:00:00,21.48,21.5,14.57,88.46,2.81
2022-12-22 07:00:00,188.68,188.88,16.03,80.59,3.29
2022-12-22 08:00:00,389.77,390.1,19.22,67.07,3.14
2022-12-22 09:00:00,588.5,588.85,23.54,46.61,4.56
2022-12-22 10:00:00,733.9,734.17,26.9,35.46,5.51
2022-12-22 11:00:00,793.08,815.53,29.27,28.88,5.76
2022-12-22 12:00:00,787.9,824.55,30.48,26.8,5.35
2022-12-22 13:00:00,674.8,751.85,30.96,26.16,4.86
2022-12-22 14:00:00,528.58,602.92,30.85,26.48,4.45
2022-12-22 15:00:00,360.95,404.23,30.05,28.31,4.02
2022-12-22 16:00:00,173.62,186.77,28.03,39.04,2.7
2022-12-22 17:00:00,22.15,22.33,23.97,57.24,1.71
2022-12-22 18:00:00,0.0,0.0,21.86,62.03,1.74
2022-12-22 19:00:00,0.0,0.0,21.01,64.08,1.77
2022-12-22 20:00:00,0.0,0.0,20.24,65.71,1.77
2022-12-22 21:00:00,0.0,0.0,19.51,67.37,1.74
2022-12-22 22:00:00,0.0,0.0,18.82,69.15,1.71
2022-12-22 23:00:00,0.0,0.0,18.12,71.39,1.68
2022-12-23 00:00:00,0.0,0.0,17.4,74.2,1.7
2022-12-23 01:00:00,0.0,0.0,16.7,77.28,1.8
2022-12-23 02:00:00,0.0,0.0,16.04,80.23,1.97
2022-12-23 03:00:00,0.0,0.0,15.57,82.23,2.25
2022-12-23 04:00:00,0.0,0.0,15.17,83.56,2.49
2022-12-23 05:00:00,0.0,0.0,14.81,84.69,2.61
2022-12-23 06:00:00,19.65,19.5,14.57,85.58,2.84
2022-12-23 07:00:00,165.43,170.98,15.99,78.96,3.29
2022-12-23 08:00:00,355.7,379.08,19.17,65.98,3.13
2022-12-23 09:00:00,544.28,576.5,23.38,45.12,4.54
2022-12-23 10:00:00,662.22,724.15,26.73,33.02,5.4
2022-12-23 11:00:00,785.88,802.7,28.98,27.35,5.28
2022-12-23 12:00:00,842.17,848.72,29.99,26.08,4.79
2022-12-23 13:00:00,766.55,773.5,30.27,25.9,4.34
2022-12-23 14:00:00,549.9,628.85,30.01,26.47,4.0
2022-12-23 15:00:00,389.25,429.15,29.26,28.18,3.71
2022-12-23 16:00:00,193.27,205.27,27.49,37.83,2.6
2022-12-23 17:00:00,24.67,25.33,23.71,56.83,1.56
2022-12-23 18:00:00,0.0,0.0,21.66,60.78,1.59
2022-12-23 19:00:00,0.0,0.0,20.85,61.92,1.63
2022-12-23 20:00:00,0.0,0.0,20.0,63.47,1.6
2022-12-23 21:00:00,0.0,0.0,19.12,65.27,1.57
2022-12-23 22:00:00,0.0,0.0,18.45,67.08,1.57
2022-12-23 23:00:00,0.0,0.0,17.75,69.23,1.62
2022-12-24 00:00:00,0.0,0.0,17.03,71.85,1.73
2022-12-24 01:00:00,0.0,0.0,16.59,73.78,1.98
2022-12-24 02:00:00,0.0,0.0,16.19,75.74,2.34
2022-12-24 03:00:00,0.0,0.0,15.61,78.42,2.64
2022-12-24 04:00:00,0.0,0.0,14.95,81.55,2.71
2022-12-24 05:00:00,0.0,0.0,14.36,84.26,2.71
2022-12-24 06:00:00,20.73,20.83,14.14,84.94,3.02
2022-12-24 07:00:00,177.07,185.35,15.75,76.98,3.6
2022-12-24 08:00:00,381.98,404.1,19.11,62.37,3.56
2022-12-24 09:00:00,587.0,605.15,23.31,41.55,5.07
2022-12-24 10:00:00,726.8,754.55,26.58,29.75,5.75
2022-12-24 11:00:00,800.65,835.33,28.59,25.55,5.44
2022-12-24 12:00:00,791.72,817.08,29.64,24.4,4.93
2022-12-24 13:00:00,736.3,743.28,30.03,24.21,4.45
2022-12-24 14:00:00,585.4,602.2,29.89,24.69,4.03
2022-12-24 15:00:00,382.95,406.02,29.14,26.37,3.65
2022-12-24 16:00:00,180.15,190.18,27.18,37.42,2.4
2022-12-24 17:00:00,24.3,24.0,23.04,56.73,1.48
2022-12-24 18:00:00,0.0,0.0,20.89,60.19,1.51
2022-12-24 19:00:00,0.0,0.0,20.04,61.52,1.5
2022-12-24 20:00:00,0.0,0.0,19.31,62.71,1.47
2022-12-24 21:00:00,0.0,0.0,18.68,63.91,1.44
2022-12-24 22:00:00,0.0,0.0,18.06,65.43,1.43
2022-12-24 23:00:00,0.0,0.0,17.39,67.44,1.46
2022-12-25 00:00:00,0.0,0.0,16.73,69.63,1.55
2022-12-25 01:00:00,0.0,0.0,16.13,71.61,1.72
2022-12-25 02:00:00,0.0,0.0,15.54,73.98,1.86
2022-12-25 03:00:00,0.0,0.0,14.95,76.84,1.94
2022-12-25 04:00:00,0.0,0.0,14.35,79.8,2.03
2022-12-25 05:00:00,0.0,0.0,13.82,82.23,2.15
2022-12-25 06:00:00,19.98,19.9,13.77,82.23,2.56
2022-12-25 07:00:00,167.02,180.25,15.66,73.9,3.43
2022-12-25 08:00:00,352.0,395.77,18.83,63.49,3.05
2022-12-25 09:00:00,530.85,593.83,23.11,46.21,4.28
2022-12-25 10:00:00,680.28,740.4,26.6,34.68,5.04
2022-12-25 11:00:00,756.58,819.08,29.08,27.97,4.87
2022-12-25 12:00:00,799.62,813.2,30.14,26.62,4.33
2022-12-25 13:00:00,732.65,736.95,30.54,26.36,3.91
2022-12-25 14:00:00,572.31,598.93,30.39,26.86,3.64
2022-12-25 15:00:00,391.08,392.8,29.64,28.68,3.34
2022-12-25 16:00:00,181.85,183.3,27.68,40.1,2.12
2022-12-25 17:00:00,23.7,23.7,23.69,59.51,1.39
2022-12-25 18:00:00,0.0,0.0,21.61,62.86,1.53
2022-12-25 19:00:00,0.0,0.0,20.75,64.58,1.66
2022-12-25 20:00:00,0.0,0.0,20.03,66.21,1.72
2022-12-25 21:00:00,0.0,0.0,19.35,68.17,1.72
2022-12-25 22:00:00,0.0,0.0,18.68,70.39,1.7
2022-12-25 23:00:00,0.0,0.0,18.02,73.1,1.69
2022-12-26 00:00:00,0.0,0.0,17.32,76.44,1.68
2022-12-26 01:00:00,0.0,0.0,16.6,79.97,1.68
2022-12-26 02:00:00,0.0,0.0,15.91,83.53,1.71
2022-12-26 03:00:00,0.0,0.0,15.28,86.7,1.8
2022-12-26 04:00:00,0.0,0.0,14.69,89.8,1.91
2022-12-26 05:00:00,0.0,0.0,14.12,92.64,1.97
2022-12-26 06:00:00,19.52,19.55,13.99,92.69,2.41
2022-12-26 07:00:00,186.35,186.77,15.57,84.13,3.09
2022-12-26 08:00:00,387.88,388.58,18.74,69.82,2.83
2022-12-26 09:00:00,590.53,591.33,22.76,51.13,3.82
2022-12-26 10:00:00,741.6,742.3,26.24,39.74,4.35
2022-12-26 11:00:00,824.83,825.33,29.13,31.27,4.36
2022-12-26 12:00:00,846.4,846.65,30.47,29.07,3.84
2022-12-26 13:00:00,771.88,771.88,31.08,28.3,3.41
2022-12-26 14:00:00,625.05,625.22,31.08,28.35,3.14
2022-12-26 15:00:00,424.77,425.05,30.44,29.98,2.78
2022-12-26 16:00:00,213.12,213.32,28.72,40.52,1.63
2022-12-26 17:00:00,27.67,27.7,24.91,60.33,1.12
2022-12-26 18:00:00,0.0,0.0,22.87,61.17,1.28
2022-12-26 19:00:00,0.0,0.0,21.83,63.27,1.38
2022-12-26 20:00:00,0.0,0.0,20.96,65.24,1.45
2022-12-26 21:00:00,0.0,0.0,20.21,67.07,1.49
2022-12-26 22:00:00,0.0,0.0,19.52,68.94,1.53
2022-12-26 23:00:00,0.0,0.0,18.89,70.87,1.55
2022-12-27 00:00:00,0.0,0.0,18.28,73.0,1.59
2022-12-27 01:00:00,0.0,0.0,17.69,75.49,1.65
2022-12-27 02:00:00,0.0,0.0,17.11,78.3,1.76
2022-12-27 03:00:00,0.0,0.0,16.57,81.21,1.88
2022-12-27 04:00:00,0.0,0.0,16.05,84.25,2.0
2022-12-27 05:00:00,0.0,0.0,15.55,87.31,2.08
2022-12-27 06:00:00,19.17,19.17,15.4,88.75,2.53
2022-12-27 07:00:00,184.38,184.43,16.81,82.32,3.19
2022-12-27 08:00:00,390.92,391.02,19.74,70.16,2.78
2022-12-27 09:00:00,590.95,591.05,23.9,51.04,3.72
2022-12-27 10:00:00,740.25,740.35,27.37,40.26,4.13
2022-12-27 11:00:00,821.28,821.35,30.26,31.72,4.1
2022-12-27 12:00:00,819.6,819.62,31.49,29.95,3.62
2022-12-27 13:00:00,745.15,745.15,32.05,29.42,3.3
2022-12-27 14:00:00,599.47,600.0,32.06,29.66,3.12
2022-12-27 15:00:00,401.1,401.9,31.43,31.35,2.98
2022-12-27 16:00:00,198.2,198.85,29.61,41.26,2.01
2022-12-27 17:00:00,25.73,25.83,25.59,60.62,1.35
2022-12-27 18:00:00,0.0,0.0,23.55,62.79,1.55
2022-12-27 19:00:00,0.0,0.0,22.68,63.96,1.73
2022-12-27 20:00:00,0.0,0.0,21.94,65.21,1.81
2022-12-27 21:00:00,0.0,0.0,21.25,66.72,1.76
2022-12-27 22:00:00,0.0,0.0,20.57,68.44,1.68
2022-12-27 23:00:00,0.0,0.0,19.89,70.47,1.64
2022-12-28 00:00:00,0.0,0.0,19.15,73.13,1.66
2022-12-28 01:00:00,0.0,0.0,18.41,75.97,1.81
2022-12-28 02:00:00,0.0,0.0,17.67,78.85,1.99
2022-12-28 03:00:00,0.0,0.0,16.9,81.87,2.04
2022-12-28 04:00:00,0.0,0.0,16.19,84.8,1.98
2022-12-28 05:00:00,0.0,0.0,15.58,87.49,1.95
2022-12-28 06:00:00,17.58,17.62,15.43,87.93,2.44
2022-12-28 07:00:00,175.57,176.2,16.87,80.6,3.26
2022-12-28 08:00:00,364.88,365.85,19.79,67.68,3.12
2022-12-28 09:00:00,562.53,563.6,23.57,50.76,4.18
2022-12-28 10:00:00,713.72,714.62,26.66,41.21,4.63
2022-12-28 11:00:00,797.83,798.45,29.25,33.96,4.7
2022-12-28 12:00:00,837.35,837.67,30.98,29.88,4.47
2022-12-28 13:00:00,765.8,765.8,31.63,28.76,4.17
2022-12-28 14:00:00,623.1,623.12,31.61,28.84,3.92
2022-12-28 15:00:00,425.88,425.92,31.08,30.21,3.71
2022-12-28 16:00:00,210.98,211.0,29.11,41.29,2.4
2022-12-28 17:00:00,29.58,29.58,24.97,59.84,1.52
2022-12-28 18:00:00,0.0,0.0,22.81,63.87,1.63
2022-12-28 19:00:00,0.0,0.0,21.92,65.85,1.72
2022-12-28 20:00:00,0.0,0.0,21.13,67.72,1.72
2022-12-28 21:00:00,0.0,0.0,20.37,69.8,1.63
2022-12-28 22:00:00,0.0,0.0,19.63,71.9,1.57
2022-12-28 23:00:00,0.0,0.0,18.89,74.42,1.58
2022-12-29 00:00:00,0.0,0.0,18.15,77.11,1.67
2022-12-29 01:00:00,0.0,0.0,17.42,80.0,1.81
2022-12-29 02:00:00,0.0,0.0,16.71,82.57,1.92
2022-12-29 03:00:00,0.0,0.0,16.02,84.88,1.92
2022-12-29 04:00:00,0.0,0.0,15.36,87.21,1.77
2022-12-29 05:00:00,0.0,0.0,14.8,88.94,1.56
2022-12-29 06:00:00,19.1,19.1,14.79,88.21,1.65
2022-12-29 07:00:00,185.8,185.95,16.64,78.4,2.67
2022-12-29 08:00:00,402.45,402.73,19.32,68.68,2.29
2022-12-29 09:00:00,607.38,607.65,23.34,49.86,3.18
2022-12-29 10:00:00,760.0,760.2,26.54,40.54,3.76
2022-12-29 11:00:00,843.0,843.1,29.68,30.97,4.24
2022-12-29 12:00:00,808.22,808.22,31.29,28.04,3.96
2022-12-29 13:00:00,735.1,735.4,31.93,27.35,3.61
2022-12-29 14:00:00,591.28,591.85,31.89,27.73,3.44
2022-12-29 15:00:00,395.38,396.0,31.04,30.39,3.11
2022-12-29 16:00:00,192.12,192.52,28.77,45.75,1.78
2022-12-29 17:00:00,27.02,27.1,25.07,60.11,1.39
2022-12-29 18:00:00,0.0,0.0,23.08,62.76,1.54
2022-12-29 19:00:00,0.0,0.0,22.15,64.52,1.64
2022-12-29 20:00:00,0.0,0.0,21.33,66.26,1.66
2022-12-29 21:00:00,0.0,0.0,20.58,67.79,1.65
2022-12-29 22:00:00,0.0,0.0,19.85,69.35,1.62
2022-12-29 23:00:00,0.0,0.0,19.11,71.1,1.67
2022-12-30 00:00:00,0.0,0.0,18.34,72.93,1.85
2022-12-30 01:00:00,0.0,0.0,17.56,74.75,2.18
2022-12-30 02:00:00,0.0,0.0,16.81,76.05,2.64
2022-12-30 03:00:00,0.0,0.0,16.09,76.58,3.17
2022-12-30 04:00:00,0.0,0.0,15.33,77.86,3.41
2022-12-30 05:00:00,0.0,0.0,14.59,79.68,3.17
2022-12-30 06:00:00,17.33,17.35,14.37,79.03,3.16
2022-12-30 07:00:00,178.32,178.57,15.82,70.8,3.71
2022-12-30 08:00:00,379.02,379.35,18.58,60.29,3.55
2022-12-30 09:00:00,582.1,582.3,22.76,41.1,5.27
2022-12-30 10:00:00,735.2,735.75,26.06,31.13,5.84
2022-12-30 11:00:00,817.55,820.12,28.63,25.96,5.47
2022-12-30 12:00:00,836.53,841.12,30.38,23.93,4.78
2022-12-30 13:00:00,766.78,767.72,31.11,23.81,4.15
2022-12-30 14:00:00,618.8,622.47,31.07,24.59,3.79
2022-12-30 15:00:00,416.92,421.25,30.26,26.59,3.66
2022-12-30 16:00:00,208.12,210.07,28.03,37.06,2.76
2022-12-30 17:00:00,28.92,29.05,23.85,52.3,2.15
2022-12-30 18:00:00,0.0,0.0,21.73,55.64,2.42
2022-12-30 19:00:00,0.0,0.0,20.86,55.98,2.47
2022-12-30 20:00:00,0.0,0.0,19.88,56.72,2.32
2022-12-30 21:00:00,0.0,0.0,18.83,57.94,2.25
2022-12-30 22:00:00,0.0,0.0,17.9,59.48,2.35
2022-12-30 23:00:00,0.0,0.0,16.97,61.5,2.52
2022-12-31 00:00:00,0.0,0.0,15.98,63.88,2.57
2022-12-31 01:00:00,0.0,0.0,15.05,66.0,2.54
2022-12-31 02:00:00,0.0,0.0,14.23,67.98,2.48
2022-12-31 03:00:00,0.0,0.0,13.51,70.2,2.44
2022-12-31 04:00:00,0.0,0.0,12.9,72.65,2.46
2022-12-31 05:00:00,0.0,0.0,12.36,75.3,2.48
2022-12-31 06:00:00,17.33,17.33,12.25,76.11,2.79
2022-12-31 07:00:00,182.32,182.52,13.89,69.11,3.45
2022-12-31 08:00:00,377.23,377.48,16.96,59.82,2.98
2022-12-31 09:00:00,578.62,578.78,21.7,40.0,4.28
2022-12-31 10:00:00,720.83,729.65,25.01,29.08,5.12
2022-12-31 11:00:00,799.67,815.55,26.86,24.52,4.97
2022-12-31 12:00:00,805.05,835.5,27.65,23.61,4.45
2022-12-31 13:00:00,655.45,762.8,27.94,24.29,4.05
2022-12-31 14:00:00,517.47,615.47,28.0,25.32,3.84
2022-12-31 15:00:00,348.33,412.62,27.55,27.76,3.51
2022-12-31 16:00:00,166.07,190.38,25.72,40.54,2.2
2022-12-31 17:00:00,27.35,28.83,22.07,56.57,1.54
2022-12-31 18:00:00,0.0,0.0,20.15,59.66,1.68
2022-12-31 19:00:00,0.0,0.0,19.49,60.16,1.82
2022-12-31 20:00:00,0.0,0.0,18.92,60.69,1.97
2022-12-31 21:00:00,0.0,0.0,18.25,61.93,2.08
2022-12-31 22:00:00,0.0,0.0,17.39,64.08,2.15
2022-12-31 23:00:00,0.0,0.0,16.47,66.97,2.16
