,ghi_w_m2,ghi_clear_w_m2,temp_c,humidity_pct,wind_speed_ms
2020-01-01 00:00:00,0.0,0.0,17.44,58.42,1.97
2020-01-01 01:00:00,0.0,0.0,16.7,59.62,2.51
2020-01-01 02:00:00,0.0,0.0,15.7,61.76,2.95
2020-01-01 03:00:00,0.0,0.0,14.57,64.51,3.08
2020-01-01 04:00:00,0.0,0.0,13.53,67.21,3.12
2020-01-01 05:00:00,0.0,0.0,12.65,69.71,3.18
2020-01-01 06:00:00,14.23,14.32,12.22,70.44,3.49
2020-01-01 07:00:00,149.62,150.75,13.95,62.27,3.82
2020-01-01 08:00:00,352.12,354.02,17.9,48.87,3.68
2020-01-01 09:00:00,497.42,498.8,22.91,30.74,5.2
2020-01-01 10:00:00,643.15,643.2,26.86,21.35,6.1
2020-01-01 11:00:00,726.9,728.58,29.71,16.7,6.19
2020-01-01 12:00:00,909.47,910.33,31.07,15.72,5.67
2020-01-01 13:00:00,839.05,839.05,31.63,15.55,5.18
2020-01-01 14:00:00,694.78,695.6,31.5,16.02,4.76
2020-01-01 15:00:00,491.88,493.23,30.69,17.32,4.49
2020-01-01 16:00:00,253.85,255.05,28.97,21.5,3.8
2020-01-01 17:00:00,41.1,41.33,24.31,38.62,2.0
2020-01-01 18:00:00,0.0,0.0,21.64,46.1,1.87
2020-01-01 19:00:00,0.0,0.0,20.67,49.03,1.74
2020-01-01 20:00:00,0.0,0.0,19.87,51.62,1.6
2020-01-01 21:00:00,0.0,0.0,19.13,53.91,1.54
2020-01-01 22:00:00,0.0,0.0,18.32,56.09,1.62
2020-01-01 23:00:00,0.0,0.0,17.52,58.02,1.9
2020-01-02 00:00:00,0.0,0.0,16.68,60.17,2.41
2020-01-02 01:00:00,0.0,0.0,15.72,62.98,3.01
2020-01-02 02:00:00,0.0,0.0,14.56,66.42,3.22
2020-01-02 03:00:00,0.0,0.0,13.58,68.96,3.32
2020-01-02 04:00:00,0.0,0.0,12.82,70.79,3.55
2020-01-02 05:00:00,0.0,0.0,12.19,71.94,3.88
2020-01-02 06:00:00,19.6,19.62,12.04,69.23,4.32
2020-01-02 07:00:00,204.3,204.43,14.04,57.41,4.8
2020-01-02 08:00:00,428.52,428.67,18.06,37.67,6.73
2020-01-02 09:00:00,638.42,638.53,21.48,28.09,7.26
2020-01-02 10:00:00,794.0,794.08,24.37,23.47,6.89
2020-01-02 11:00:00,879.55,879.55,26.69,20.84,6.51
2020-01-02 12:00:00,897.85,898.03,28.46,19.31,6.02
2020-01-02 13:00:00,825.05,825.38,29.43,18.7,5.53
2020-01-02 14:00:00,678.85,679.3,29.52,19.05,5.22
2020-01-02 15:00:00,473.52,474.0,28.77,20.41,5.02
2020-01-02 16:00:00,236.7,237.02,27.14,23.73,4.55
2020-01-02 17:00:00,38.0,38.03,23.22,37.51,2.57
2020-01-02 18:00:00,0.0,0.0,20.63,46.63,2.25
2020-01-02 19:00:00,0.0,0.0,19.64,50.25,2.13
2020-01-02 20:00:00,0.0,0.0,18.77,53.22,2.07
2020-01-02 21:00:00,0.0,0.0,17.97,55.74,2.23
2020-01-02 22:00:00,0.0,0.0,17.17,58.3,2.65
2020-01-02 23:00:00,0.0,0.0,16.17,61.52,3.25
2020-01-03 00:00:00,0.0,0.0,14.91,65.09,3.5
2020-01-03 01:00:00,0.0,0.0,13.82,66.71,3.51
2020-01-03 02:00:00,0.0,0.0,12.99,66.69,3.5
2020-01-03 03:00:00,0.0,0.0,12.35,66.36,3.43
2020-01-03 04:00:00,0.0,0.0,11.88,66.06,3.36
2020-01-03 05:00:00,0.0,0.0,11.5,65.76,3.35
2020-01-03 06:00:00,18.38,18.5,11.41,64.66,3.68
2020-01-03 07:00:00,199.02,200.18,13.15,56.77,4.18
2020-01-03 08:00:00,417.17,418.67,17.04,38.55,5.48
2020-01-03 09:00:00,632.15,633.2,20.53,27.62,6.24
2020-01-03 10:00:00,792.17,792.17,23.28,23.34,6.13
2020-01-03 11:00:00,881.33,881.8,25.51,21.08,5.81
2020-01-03 12:00:00,919.42,919.67,27.22,19.79,5.38
2020-01-03 13:00:00,844.17,844.17,28.09,19.29,5.04
2020-01-03 14:00:00,696.65,696.97,28.22,19.5,4.81
2020-01-03 15:00:00,487.1,487.6,27.64,20.64,4.56
2020-01-03 16:00:00,244.12,244.55,26.17,24.19,3.94
2020-01-03 17:00:00,40.03,40.1,22.19,40.88,1.95
2020-01-03 18:00:00,0.0,0.0,19.81,49.29,1.79
2020-01-03 19:00:00,0.0,0.0,19.01,51.93,1.79
2020-01-03 20:00:00,0.0,0.0,18.31,54.14,1.76
2020-01-03 21:00:00,0.0,0.0,17.68,55.79,1.82
2020-01-03 22:00:00,0.0,0.0,17.14,56.91,2.08
2020-01-03 23:00:00,0.0,0.0,16.59,57.83,2.58
2020-01-04 00:00:00,0.0,0.0,15.91,58.7,3.14
2020-01-04 01:00:00,0.0,0.0,15.08,59.47,3.31
2020-01-04 02:00:00,0.0,0.0,14.39,59.16,3.31
2020-01-04 03:00:00,0.0,0.0,13.89,58.1,3.31
2020-01-04 04:00:00,0.0,0.0,13.51,57.3,3.3
2020-01-04 05:00:00,0.0,0.0,13.21,57.19,3.29
2020-01-04 06:00:00,15.32,15.35,13.12,57.25,3.4
2020-01-04 07:00:00,165.52,165.88,14.09,53.78,3.78
2020-01-04 08:00:00,365.55,366.02,16.5,46.84,3.79
2020-01-04 09:00:00,516.42,516.58,20.26,33.9,5.17
2020-01-04 10:00:00,678.47,679.28,23.14,28.81,5.22
2020-01-04 11:00:00,709.35,784.53,25.58,26.03,4.78
2020-01-04 12:00:00,705.7,749.3,27.91,23.81,4.28
2020-01-04 13:00:00,653.05,679.97,29.32,22.46,3.77
2020-01-04 14:00:00,530.28,539.53,29.72,22.42,3.51
2020-01-04 15:00:00,360.88,368.98,29.05,24.08,3.39
2020-01-04 16:00:00,165.98,169.75,27.27,31.21,2.7
2020-01-04 17:00:00,27.6,27.9,23.49,47.46,1.85
2020-01-04 18:00:00,0.0,0.0,21.54,52.73,2.09
2020-01-04 19:00:00,0.0,0.0,20.74,54.91,2.2
2020-01-04 20:00:00,0.0,0.0,20.02,57.3,2.07
2020-01-04 21:00:00,0.0,0.0,19.43,58.88,1.95
2020-01-04 22:00:00,0.0,0.0,18.9,59.84,1.95
2020-01-04 23:00:00,0.0,0.0,18.38,60.53,2.09
2020-01-05 00:00:00,0.0,0.0,17.8,61.59,2.37
2020-01-05 01:00:00,0.0,0.0,17.16,62.56,2.8
2020-01-05 02:00:00,0.0,0.0,16.37,64.23,2.98
2020-01-05 03:00:00,0.0,0.0,15.73,65.58,2.89
2020-01-05 04:00:00,0.0,0.0,15.29,66.55,2.8
2020-01-05 05:00:00,0.0,0.0,14.93,67.85,2.71
2020-01-05 06:00:00,13.4,13.4,14.93,67.44,2.91
2020-01-05 07:00:00,158.77,159.05,16.12,62.61,3.1
2020-01-05 08:00:00,367.67,368.27,18.75,52.97,3.12
2020-01-05 09:00:00,511.92,512.65,21.92,42.4,3.42
2020-01-05 10:00:00,668.8,669.7,24.97,34.65,3.49
2020-01-05 11:00:00,759.03,759.9,27.81,28.73,3.26
2020-01-05 12:00:00,747.45,748.3,30.14,25.26,2.68
2020-01-05 13:00:00,677.05,677.85,31.17,24.28,2.28
2020-01-05 14:00:00,537.28,538.38,31.38,24.36,2.2
2020-01-05 15:00:00,352.52,353.45,30.86,25.55,2.18
2020-01-05 16:00:00,182.18,182.68,29.24,33.05,1.66
2020-01-05 17:00:00,28.55,28.6,25.31,52.04,1.2
2020-01-05 18:00:00,0.0,0.0,23.21,55.46,1.41
2020-01-05 19:00:00,0.0,0.0,22.3,57.48,1.54
2020-01-05 20:00:00,0.0,0.0,21.57,59.65,1.55
2020-01-05 21:00:00,0.0,0.0,20.95,61.64,1.49
2020-01-05 22:00:00,0.0,0.0,20.4,63.35,1.4
2020-01-05 23:00:00,0.0,0.0,19.92,64.82,1.32
2020-01-06 00:00:00,0.0,0.0,19.47,66.13,1.25
2020-01-06 01:00:00,0.0,0.0,18.98,67.65,1.22
2020-01-06 02:00:00,0.0,0.0,18.45,69.24,1.24
2020-01-06 03:00:00,0.0,0.0,17.95,70.69,1.36
2020-01-06 04:00:00,0.0,0.0,17.51,71.77,1.56
2020-01-06 05:00:00,0.0,0.0,17.07,72.87,1.76
2020-01-06 06:00:00,12.7,12.57,16.99,72.56,2.14
2020-01-06 07:00:00,124.7,125.55,18.56,65.03,3.27
2020-01-06 08:00:00,304.12,309.2,21.1,56.08,3.0
2020-01-06 09:00:00,506.08,512.0,24.69,43.02,3.67
2020-01-06 10:00:00,667.03,668.67,28.18,32.97,3.97
2020-01-06 11:00:00,777.8,778.8,30.43,28.57,3.66
2020-01-06 12:00:00,749.75,752.38,31.86,26.51,3.37
2020-01-06 13:00:00,668.85,676.1,32.52,25.67,3.17
2020-01-06 14:00:00,528.35,534.53,32.56,25.75,3.04
2020-01-06 15:00:00,330.33,345.65,31.71,27.41,2.92
2020-01-06 16:00:00,158.6,162.57,29.87,35.42,2.1
2020-01-06 17:00:00,27.23,27.3,26.22,51.13,1.44
2020-01-06 18:00:00,0.0,0.0,24.26,55.06,1.58
2020-01-06 19:00:00,0.0,0.0,23.44,56.47,1.63
2020-01-06 20:00:00,0.0,0.0,22.75,58.16,1.55
2020-01-06 21:00:00,0.0,0.0,22.21,59.88,1.4
2020-01-06 22:00:00,0.0,0.0,21.8,61.34,1.28
2020-01-06 23:00:00,0.0,0.0,21.41,62.43,1.22
2020-01-07 00:00:00,0.0,0.0,20.98,63.51,1.2
2020-01-07 01:00:00,0.0,0.0,20.48,64.67,1.23
2020-01-07 02:00:00,0.0,0.0,19.99,65.75,1.34
2020-01-07 03:00:00,0.0,0.0,19.52,66.94,1.5
2020-01-07 04:00:00,0.0,0.0,19.13,68.04,1.76
2020-01-07 05:00:00,0.0,0.0,18.75,69.49,1.99
2020-01-07 06:00:00,11.15,11.07,18.56,70.14,2.18
2020-01-07 07:00:00,108.97,109.15,19.75,63.93,2.88
2020-01-07 08:00:00,268.7,271.45,21.96,57.26,2.37
2020-01-07 09:00:00,450.6,455.52,25.6,44.16,2.96
2020-01-07 10:00:00,606.12,606.8,29.19,33.94,3.25
2020-01-07 11:00:00,698.42,699.22,31.65,29.7,2.85
2020-01-07 12:00:00,643.8,652.62,33.0,28.34,2.49
2020-01-07 13:00:00,569.25,589.28,33.69,27.79,2.34
2020-01-07 14:00:00,447.75,460.48,33.74,27.91,2.39
2020-01-07 15:00:00,285.33,292.8,33.14,29.14,2.54
2020-01-07 16:00:00,135.43,137.43,31.4,36.67,2.02
2020-01-07 17:00:00,23.98,24.08,27.79,51.48,1.56
2020-01-07 18:00:00,0.0,0.0,25.8,55.65,1.82
2020-01-07 19:00:00,0.0,0.0,24.84,58.27,1.88
2020-01-07 20:00:00,0.0,0.0,24.05,60.9,1.71
2020-01-07 21:00:00,0.0,0.0,23.44,63.13,1.51
2020-01-07 22:00:00,0.0,0.0,22.94,64.94,1.36
2020-01-07 23:00:00,0.0,0.0,22.49,66.5,1.26
2020-01-08 00:00:00,0.0,0.0,22.1,67.73,1.22
2020-01-08 01:00:00,0.0,0.0,21.76,68.65,1.26
2020-01-08 02:00:00,0.0,0.0,21.45,69.11,1.42
2020-01-08 03:00:00,0.0,0.0,21.13,69.61,1.64
2020-01-08 04:00:00,0.0,0.0,20.74,70.93,1.81
2020-01-08 05:00:00,0.0,0.0,20.34,72.99,1.84
2020-01-08 06:00:00,9.32,9.35,20.29,74.12,2.01
2020-01-08 07:00:00,111.7,112.43,21.38,69.86,2.78
2020-01-08 08:00:00,235.7,237.45,23.34,64.34,2.33
2020-01-08 09:00:00,399.42,401.98,26.87,51.1,2.67
2020-01-08 10:00:00,546.67,547.45,30.78,38.31,2.93
2020-01-08 11:00:00,626.25,627.65,32.92,33.35,2.44
2020-01-08 12:00:00,701.92,703.5,33.99,31.12,2.02
2020-01-08 13:00:00,640.75,642.03,34.48,29.93,1.92
2020-01-08 14:00:00,507.92,510.4,34.43,29.62,2.07
2020-01-08 15:00:00,336.83,339.4,33.66,31.31,2.16
2020-01-08 16:00:00,172.6,173.82,31.65,43.05,1.51
2020-01-08 17:00:00,28.77,28.88,28.6,54.16,1.47
2020-01-08 18:00:00,0.0,0.0,26.91,57.42,1.81
2020-01-08 19:00:00,0.0,0.0,26.0,59.94,2.08
2020-01-08 20:00:00,0.0,0.0,25.22,62.46,2.15
2020-01-08 21:00:00,0.0,0.0,24.57,64.58,2.03
2020-01-08 22:00:00,0.0,0.0,23.97,66.56,1.84
2020-01-08 23:00:00,0.0,0.0,23.41,68.43,1.64
2020-01-09 00:00:00,0.0,0.0,22.89,70.3,1.49
2020-01-09 01:00:00,0.0,0.0,22.37,72.23,1.41
2020-01-09 02:00:00,0.0,0.0,21.86,74.13,1.43
2020-01-09 03:00:00,0.0,0.0,21.4,75.82,1.54
2020-01-09 04:00:00,0.0,0.0,20.96,77.73,1.72
2020-01-09 05:00:00,0.0,0.0,20.56,79.78,1.87
2020-01-09 06:00:00,8.62,9.6,20.5,80.51,2.27
2020-01-09 07:00:00,89.85,94.57,21.75,75.16,3.01
2020-01-09 08:00:00,214.02,236.05,24.26,65.1,2.7
2020-01-09 09:00:00,371.7,408.38,28.41,46.92,3.61
2020-01-09 10:00:00,515.2,560.3,32.07,35.15,4.06
2020-01-09 11:00:00,614.05,657.97,33.94,31.09,3.92
2020-01-09 12:00:00,794.9,831.12,35.1,28.8,3.77
2020-01-09 13:00:00,734.67,763.3,35.64,27.76,3.64
2020-01-09 14:00:00,606.35,622.83,35.53,27.81,3.49
2020-01-09 15:00:00,414.4,414.9,34.69,29.36,3.2
2020-01-09 16:00:00,205.88,207.35,32.96,36.69,2.29
2020-01-09 17:00:00,36.47,36.6,29.66,50.2,1.71
2020-01-09 18:00:00,0.0,0.0,27.92,54.15,2.11
2020-01-09 19:00:00,0.0,0.0,27.11,56.2,2.44
2020-01-09 20:00:00,0.0,0.0,26.42,58.66,2.42
2020-01-09 21:00:00,0.0,0.0,25.86,60.89,2.28
2020-01-09 22:00:00,0.0,0.0,25.27,63.31,2.15
2020-01-09 23:00:00,0.0,0.0,24.66,65.75,2.0
2020-01-10 00:00:00,0.0,0.0,24.06,68.3,1.83
2020-01-10 01:00:00,0.0,0.0,23.44,71.03,1.71
2020-01-10 02:00:00,0.0,0.0,22.93,73.39,1.67
2020-01-10 03:00:00,0.0,0.0,22.46,75.63,1.67
2020-01-10 04:00:00,0.0,0.0,21.91,78.28,1.61
2020-01-10 05:00:00,0.0,0.0,21.29,81.27,1.45
2020-01-10 06:00:00,13.25,12.9,20.93,82.63,1.55
2020-01-10 07:00:00,128.65,139.65,22.06,75.56,2.25
2020-01-10 08:00:00,286.12,340.02,23.96,66.59,1.85
2020-01-10 09:00:00,452.23,542.85,26.85,54.48,2.11
2020-01-10 10:00:00,640.6,700.17,29.86,47.51,2.6
2020-01-10 11:00:00,706.42,788.78,32.1,42.83,2.61
2020-01-10 12:00:00,705.58,768.7,33.52,38.87,2.58
2020-01-10 13:00:00,665.45,701.58,34.25,36.12,2.74
2020-01-10 14:00:00,539.78,562.95,34.31,34.99,2.96
2020-01-10 15:00:00,363.8,374.08,33.71,35.92,3.01
2020-01-10 16:00:00,180.35,181.1,32.27,42.24,2.19
2020-01-10 17:00:00,32.45,32.53,29.36,58.62,1.19
2020-01-10 18:00:00,0.0,0.0,27.8,64.48,1.18
2020-01-10 19:00:00,0.0,0.0,27.18,67.66,1.14
2020-01-10 20:00:00,0.0,0.0,26.68,70.26,1.05
2020-01-10 21:00:00,0.0,0.0,26.27,72.28,0.94
2020-01-10 22:00:00,0.0,0.0,25.92,73.69,0.84
2020-01-10 23:00:00,0.0,0.0,25.63,74.35,0.78
2020-01-11 00:00:00,0.0,0.0,25.42,74.87,0.71
2020-01-11 01:00:00,0.0,0.0,25.2,75.67,0.5
2020-01-11 02:00:00,0.0,0.0,24.73,77.75,0.14
2020-01-11 03:00:00,0.0,0.0,23.94,80.79,0.28
2020-01-11 04:00:00,0.0,0.0,23.05,84.04,0.53
2020-01-11 05:00:00,0.0,0.0,22.32,85.79,0.7
2020-01-11 06:00:00,9.93,9.82,22.13,84.84,0.96
2020-01-11 07:00:00,99.47,99.62,23.52,75.24,1.94
2020-01-11 08:00:00,253.4,254.73,26.04,65.71,1.43
2020-01-11 09:00:00,402.58,408.3,29.4,54.99,0.58
2020-01-11 10:00:00,511.05,530.0,31.67,46.86,0.5
2020-01-11 11:00:00,591.58,617.58,33.17,41.54,0.87
2020-01-11 12:00:00,726.1,756.5,34.33,37.94,1.3
2020-01-11 13:00:00,667.53,689.95,34.75,36.27,1.65
2020-01-11 14:00:00,555.38,556.65,34.62,36.05,1.93
2020-01-11 15:00:00,342.15,342.58,33.94,37.19,2.09
2020-01-11 16:00:00,199.73,200.25,32.9,40.35,1.98
2020-01-11 17:00:00,34.92,34.92,30.43,55.7,1.05
2020-01-11 18:00:00,0.0,0.0,28.68,61.57,1.04
2020-01-11 19:00:00,0.0,0.0,27.9,63.63,1.05
2020-01-11 20:00:00,0.0,0.0,27.33,65.39,1.0
2020-01-11 21:00:00,0.0,0.0,26.97,66.01,0.94
2020-01-11 22:00:00,0.0,0.0,26.82,65.29,0.84
2020-01-11 23:00:00,0.0,0.0,26.76,64.08,0.75
2020-01-12 00:00:00,0.0,0.0,26.42,64.76,0.68
2020-01-12 01:00:00,0.0,0.0,25.93,66.99,0.6
2020-01-12 02:00:00,0.0,0.0,25.49,69.3,0.36
2020-01-12 03:00:00,0.0,0.0,24.82,72.46,0.23
2020-01-12 04:00:00,0.0,0.0,23.65,76.99,0.64
2020-01-12 05:00:00,0.0,0.0,22.8,79.79,0.88
2020-01-12 06:00:00,11.9,12.0,22.59,76.98,1.47
2020-01-12 07:00:00,132.25,137.15,23.78,65.56,2.45
2020-01-12 08:00:00,320.17,336.52,26.57,55.12,1.96
2020-01-12 09:00:00,514.1,516.65,30.03,45.51,1.55
2020-01-12 10:00:00,680.67,681.1,32.33,39.3,1.54
2020-01-12 11:00:00,768.78,769.03,33.94,35.01,1.76
2020-01-12 12:00:00,746.85,747.0,35.16,31.88,2.1
2020-01-12 13:00:00,684.25,684.28,35.75,29.89,2.47
2020-01-12 14:00:00,558.45,559.7,35.69,29.02,2.78
2020-01-12 15:00:00,377.95,379.62,34.97,29.43,3.05
2020-01-12 16:00:00,211.5,212.9,33.37,33.8,2.77
2020-01-12 17:00:00,36.12,36.4,30.15,45.99,2.01
2020-01-12 18:00:00,0.0,0.0,28.26,50.12,2.18
2020-01-12 19:00:00,0.0,0.0,27.16,51.96,2.05
2020-01-12 20:00:00,0.0,0.0,25.9,55.09,1.6
2020-01-12 21:00:00,0.0,0.0,25.05,57.19,1.3
2020-01-12 22:00:00,0.0,0.0,24.58,58.08,1.13
2020-01-12 23:00:00,0.0,0.0,24.25,58.37,1.07
2020-01-13 00:00:00,0.0,0.0,23.65,59.67,1.08
2020-01-13 01:00:00,0.0,0.0,22.88,61.07,1.23
2020-01-13 02:00:00,0.0,0.0,22.19,61.78,1.56
2020-01-13 03:00:00,0.0,0.0,21.52,63.32,1.84
2020-01-13 04:00:00,0.0,0.0,20.81,66.04,1.94
2020-01-13 05:00:00,0.0,0.0,20.23,68.69,2.09
2020-01-13 06:00:00,11.5,11.5,19.93,69.56,2.52
2020-01-13 07:00:00,147.1,147.18,20.76,65.51,3.1
2020-01-13 08:00:00,315.25,315.35,23.32,53.55,3.48
2020-01-13 09:00:00,517.88,518.03,26.63,38.96,4.41
2020-01-13 10:00:00,678.55,678.67,29.51,30.54,5.03
2020-01-13 11:00:00,774.53,774.62,32.04,25.19,5.38
2020-01-13 12:00:00,802.22,802.3,33.83,22.61,5.28
2020-01-13 13:00:00,739.78,739.83,34.62,22.04,4.91
2020-01-13 14:00:00,596.65,596.65,34.65,22.53,4.5
2020-01-13 15:00:00,411.67,412.27,33.98,24.0,4.12
2020-01-13 16:00:00,201.73,202.38,32.44,28.18,3.35
2020-01-13 17:00:00,40.03,40.2,28.55,43.48,1.79
2020-01-13 18:00:00,0.0,0.0,26.36,49.1,1.79
2020-01-13 19:00:00,0.0,0.0,25.63,50.77,1.78
2020-01-13 20:00:00,0.0,0.0,25.18,52.63,1.63
2020-01-13 21:00:00,0.0,0.0,24.74,54.74,1.53
2020-01-13 22:00:00,0.0,0.0,24.11,56.72,1.56
2020-01-13 23:00:00,0.0,0.0,23.23,58.74,1.81
2020-01-14 00:00:00,0.0,0.0,22.34,61.04,2.24
2020-01-14 01:00:00,0.0,0.0,21.36,63.54,2.78
2020-01-14 02:00:00,0.0,0.0,20.36,65.44,3.19
2020-01-14 03:00:00,0.0,0.0,19.44,66.65,3.37
2020-01-14 04:00:00,0.0,0.0,18.61,67.95,3.35
2020-01-14 05:00:00,0.0,0.0,17.86,69.5,3.13
2020-01-14 06:00:00,12.32,12.32,17.52,69.0,3.25
2020-01-14 07:00:00,162.15,162.23,18.86,61.87,3.55
2020-01-14 08:00:00,350.8,350.9,22.29,43.57,4.18
2020-01-14 09:00:00,561.4,561.47,25.92,28.26,5.3
2020-01-14 10:00:00,724.92,724.92,29.18,22.99,5.76
2020-01-14 11:00:00,823.17,823.17,31.4,21.67,5.31
2020-01-14 12:00:00,834.42,834.42,32.9,20.84,4.7
2020-01-14 13:00:00,771.08,771.08,33.71,20.41,4.15
2020-01-14 14:00:00,638.05,638.6,33.81,20.67,3.67
2020-01-14 15:00:00,445.33,446.2,33.24,21.86,3.23
2020-01-14 16:00:00,226.82,227.55,31.51,28.74,2.23
2020-01-14 17:00:00,46.2,46.35,27.49,45.7,1.4
2020-01-14 18:00:00,0.0,0.0,25.28,50.25,1.49
2020-01-14 19:00:00,0.0,0.0,24.29,52.41,1.51
2020-01-14 20:00:00,0.0,0.0,23.49,54.38,1.45
2020-01-14 21:00:00,0.0,0.0,22.88,55.75,1.37
2020-01-14 22:00:00,0.0,0.0,22.4,56.4,1.34
2020-01-14 23:00:00,0.0,0.0,21.86,57.12,1.38
2020-01-15 00:00:00,0.0,0.0,21.2,57.57,1.57
2020-01-15 01:00:00,0.0,0.0,20.61,57.33,2.02
2020-01-15 02:00:00,0.0,0.0,19.93,57.76,2.51
2020-01-15 03:00:00,0.0,0.0,18.93,59.75,2.58
2020-01-15 04:00:00,0.0,0.0,17.89,61.48,2.39
2020-01-15 05:00:00,0.0,0.0,17.05,62.01,2.37
2020-01-15 06:00:00,14.23,14.23,16.82,60.15,2.82
2020-01-15 07:00:00,182.8,183.5,18.45,52.15,3.61
2020-01-15 08:00:00,413.58,414.45,21.6,44.04,3.16
2020-01-15 09:00:00,631.85,632.4,26.32,28.25,4.68
2020-01-15 10:00:00,796.17,796.17,30.14,19.79,5.66
2020-01-15 11:00:00,881.58,888.65,32.8,16.62,5.74
2020-01-15 12:00:00,885.15,898.9,34.2,16.09,5.56
2020-01-15 13:00:00,812.97,833.8,34.62,16.45,5.36
2020-01-15 14:00:00,644.9,694.72,34.37,17.4,5.08
2020-01-15 15:00:00,470.48,495.23,33.75,18.79,4.63
2020-01-15 16:00:00,245.38,260.73,31.99,24.27,3.18
2020-01-15 17:00:00,49.33,50.58,27.64,41.41,1.56
2020-01-15 18:00:00,0.0,0.0,25.54,46.99,1.43
2020-01-15 19:00:00,0.0,0.0,25.0,48.71,1.34
2020-01-15 20:00:00,0.0,0.0,24.76,49.04,1.31
2020-01-15 21:00:00,0.0,0.0,24.35,49.8,1.31
2020-01-15 22:00:00,0.0,0.0,23.55,52.02,1.33
2020-01-15 23:00:00,0.0,0.0,22.62,54.55,1.42
2020-01-16 00:00:00,0.0,0.0,21.83,56.43,1.69
2020-01-16 01:00:00,0.0,0.0,21.19,58.54,2.05
2020-01-16 02:00:00,0.0,0.0,20.43,61.92,2.34
2020-01-16 03:00:00,0.0,0.0,19.51,66.62,2.39
2020-01-16 04:00:00,0.0,0.0,18.69,70.53,2.34
2020-01-16 05:00:00,0.0,0.0,18.05,72.88,2.4
2020-01-16 06:00:00,12.52,12.52,17.9,72.41,2.97
2020-01-16 07:00:00,164.9,164.95,19.42,64.56,3.83
2020-01-16 08:00:00,370.5,370.58,22.68,51.83,3.95
2020-01-16 09:00:00,524.12,534.92,27.23,33.46,5.62
2020-01-16 10:00:00,741.67,742.0,30.72,24.53,6.3
2020-01-16 11:00:00,834.55,835.17,33.49,20.04,6.23
2020-01-16 12:00:00,855.8,871.5,34.89,18.86,5.8
2020-01-16 13:00:00,766.17,806.7,35.5,18.59,5.37
2020-01-16 14:00:00,648.25,668.47,35.39,19.03,5.03
2020-01-16 15:00:00,462.65,471.2,34.6,20.22,4.72
2020-01-16 16:00:00,238.8,242.68,32.91,23.93,3.96
2020-01-16 17:00:00,47.2,47.38,28.4,39.21,2.09
2020-01-16 18:00:00,0.0,0.0,25.62,46.91,2.0
2020-01-16 19:00:00,0.0,0.0,24.47,49.87,1.94
2020-01-16 20:00:00,0.0,0.0,23.5,52.53,1.82
2020-01-16 21:00:00,0.0,0.0,22.7,54.35,1.76
2020-01-16 22:00:00,0.0,0.0,22.0,55.64,1.8
2020-01-16 23:00:00,0.0,0.0,21.3,57.25,1.84
2020-01-17 00:00:00,0.0,0.0,20.54,59.84,1.85
2020-01-17 01:00:00,0.0,0.0,19.71,63.52,1.83
2020-01-17 02:00:00,0.0,0.0,18.89,67.93,1.83
2020-01-17 03:00:00,0.0,0.0,18.23,71.93,2.06
2020-01-17 04:00:00,0.0,0.0,17.7,74.92,2.49
2020-01-17 05:00:00,0.0,0.0,17.1,77.76,2.63
2020-01-17 06:00:00,12.2,12.2,16.9,78.15,3.0
2020-01-17 07:00:00,156.2,156.23,18.57,69.57,3.54
2020-01-17 08:00:00,364.55,364.6,22.04,55.22,3.29
2020-01-17 09:00:00,576.38,576.4,26.76,34.19,4.9
2020-01-17 10:00:00,739.62,739.62,30.55,22.75,5.93
2020-01-17 11:00:00,776.61,797.25,32.83,19.06,5.69
2020-01-17 12:00:00,872.12,872.12,34.1,17.85,5.36
2020-01-17 13:00:00,811.0,811.0,34.52,17.68,5.13
2020-01-17 14:00:00,673.8,674.33,34.28,18.17,4.98
2020-01-17 15:00:00,476.77,477.6,33.47,19.34,4.87
2020-01-17 16:00:00,248.6,249.38,31.78,22.97,4.28
2020-01-17 17:00:00,49.5,49.38,27.48,36.9,2.38
2020-01-17 18:00:00,0.0,0.0,24.81,44.71,2.09
2020-01-17 19:00:00,0.0,0.0,23.76,47.86,1.88
2020-01-17 20:00:00,0.0,0.0,22.93,50.46,1.68
2020-01-17 21:00:00,0.0,0.0,22.22,52.28,1.6
2020-01-17 22:00:00,0.0,0.0,21.51,54.09,1.61
2020-01-17 23:00:00,0.0,0.0,20.77,56.27,1.74
2020-01-18 00:00:00,0.0,0.0,20.09,58.27,2.09
2020-01-18 01:00:00,0.0,0.0,19.39,60.35,2.58
2020-01-18 02:00:00,0.0,0.0,18.51,63.08,2.96
2020-01-18 03:00:00,0.0,0.0,17.58,65.69,3.16
2020-01-18 04:00:00,0.0,0.0,16.73,67.92,3.15
2020-01-18 05:00:00,0.0,0.0,15.98,69.62,3.03
2020-01-18 06:00:00,12.18,12.18,15.81,68.57,3.34
2020-01-18 07:00:00,150.9,152.15,17.43,60.62,3.75
2020-01-18 08:00:00,362.0,364.05,20.96,49.05,3.42
2020-01-18 09:00:00,581.28,582.7,26.4,29.21,4.77
2020-01-18 10:00:00,748.08,748.25,30.75,18.05,5.62
2020-01-18 11:00:00,809.1,847.95,32.81,16.31,4.83
2020-01-18 12:00:00,858.95,868.65,33.86,16.03,4.18
2020-01-18 13:00:00,799.22,804.9,34.2,16.3,3.93
2020-01-18 14:00:00,662.4,663.5,33.92,16.9,3.93
2020-01-18 15:00:00,462.83,468.73,33.1,18.03,3.96
2020-01-18 16:00:00,229.5,232.15,31.45,21.14,3.66
2020-01-18 17:00:00,48.65,49.05,27.09,35.23,2.17
2020-01-18 18:00:00,0.0,0.0,24.5,41.0,2.31
2020-01-18 19:00:00,0.0,0.0,23.56,42.81,2.36
2020-01-18 20:00:00,0.0,0.0,22.67,45.38,2.14
2020-01-18 21:00:00,0.0,0.0,21.9,48.1,1.89
2020-01-18 22:00:00,0.0,0.0,21.15,50.98,1.72
2020-01-18 23:00:00,0.0,0.0,20.38,53.69,1.69
2020-01-19 00:00:00,0.0,0.0,19.54,56.32,1.79
2020-01-19 01:00:00,0.0,0.0,18.67,59.22,1.93
2020-01-19 02:00:00,0.0,0.0,17.75,62.11,2.07
2020-01-19 03:00:00,0.0,0.0,16.9,64.65,2.19
2020-01-19 04:00:00,0.0,0.0,16.19,66.62,2.34
2020-01-19 05:00:00,0.0,0.0,15.59,68.73,2.43
2020-01-19 06:00:00,11.43,11.43,15.49,68.76,3.01
2020-01-19 07:00:00,152.57,152.6,17.13,61.58,3.66
2020-01-19 08:00:00,336.38,336.42,20.42,50.09,3.53
2020-01-19 09:00:00,537.3,537.35,24.24,35.6,4.87
2020-01-19 10:00:00,691.45,691.5,27.23,27.52,5.29
2020-01-19 11:00:00,781.42,781.47,29.7,22.72,4.72
2020-01-19 12:00:00,752.1,752.17,31.39,20.71,3.9
2020-01-19 13:00:00,680.28,680.35,32.18,19.94,3.3
2020-01-19 14:00:00,550.1,550.4,32.29,19.96,2.93
2020-01-19 15:00:00,367.35,367.7,31.69,21.11,2.87
2020-01-19 16:00:00,199.95,200.18,29.69,29.62,2.13
2020-01-19 17:00:00,39.15,39.12,25.87,43.05,1.92
2020-01-19 18:00:00,0.0,0.0,23.92,47.6,2.39
2020-01-19 19:00:00,0.0,0.0,22.89,50.81,2.55
2020-01-19 20:00:00,0.0,0.0,22.06,53.9,2.34
2020-01-19 21:00:00,0.0,0.0,21.42,56.07,2.09
2020-01-19 22:00:00,0.0,0.0,20.87,57.53,1.87
2020-01-19 23:00:00,0.0,0.0,20.34,59.35,1.67
2020-01-20 00:00:00,0.0,0.0,19.85,60.93,1.61
2020-01-20 01:00:00,0.0,0.0,19.35,62.67,1.6
2020-01-20 02:00:00,0.0,0.0,18.83,65.13,1.52
2020-01-20 03:00:00,0.0,0.0,18.32,67.69,1.44
2020-01-20 04:00:00,0.0,0.0,17.9,69.43,1.52
2020-01-20 05:00:00,0.0,0.0,17.74,70.23,1.69
2020-01-20 06:00:00,9.23,9.23,17.71,70.87,1.89
2020-01-20 07:00:00,123.97,124.2,19.31,63.07,3.21
2020-01-20 08:00:00,298.8,299.27,21.69,56.32,2.37
2020-01-20 09:00:00,455.33,455.9,25.82,41.12,2.87
2020-01-20 10:00:00,606.8,607.35,30.01,28.5,3.32
2020-01-20 11:00:00,655.3,714.9,32.28,24.51,2.59
2020-01-20 12:00:00,753.25,812.17,33.68,22.87,2.11
2020-01-20 13:00:00,641.67,746.38,33.75,22.82,1.95
2020-01-20 14:00:00,593.15,605.95,33.61,23.2,1.71
2020-01-20 15:00:00,398.73,411.95,33.11,24.26,1.69
2020-01-20 16:00:00,207.73,209.68,31.93,29.82,1.45
2020-01-20 17:00:00,42.25,42.2,28.2,47.03,1.13
2020-01-20 18:00:00,0.0,0.0,25.93,49.78,1.41
2020-01-20 19:00:00,0.0,0.0,24.92,51.56,1.54
2020-01-20 20:00:00,0.0,0.0,24.04,53.88,1.62
2020-01-20 21:00:00,0.0,0.0,23.29,56.17,1.63
2020-01-20 22:00:00,0.0,0.0,22.81,58.04,1.49
2020-01-20 23:00:00,0.0,0.0,22.46,59.63,1.31
2020-01-21 00:00:00,0.0,0.0,22.18,60.81,1.17
2020-01-21 01:00:00,0.0,0.0,21.93,61.48,1.12
2020-01-21 02:00:00,0.0,0.0,21.65,62.04,1.14
2020-01-21 03:00:00,0.0,0.0,21.25,62.96,1.19
2020-01-21 04:00:00,0.0,0.0,20.45,64.98,1.26
2020-01-21 05:00:00,0.0,0.0,19.92,66.86,1.38
2020-01-21 06:00:00,9.68,9.68,20.02,66.83,1.75
2020-01-21 07:00:00,137.23,137.55,22.2,57.78,3.43
2020-01-21 08:00:00,331.15,332.08,24.72,52.03,3.08
2020-01-21 09:00:00,470.05,471.1,28.77,39.67,3.55
2020-01-21 10:00:00,622.03,622.38,32.16,30.39,3.62
2020-01-21 11:00:00,708.92,709.33,34.02,26.53,3.37
2020-01-21 12:00:00,722.78,723.47,34.9,24.91,3.3
2020-01-21 13:00:00,662.17,662.62,34.85,24.73,3.23
2020-01-21 14:00:00,531.08,531.28,34.68,24.94,3.31
2020-01-21 15:00:00,357.12,357.23,34.14,26.04,3.42
2020-01-21 16:00:00,193.05,193.07,32.48,32.35,2.6
2020-01-21 17:00:00,39.58,39.55,28.86,47.84,1.56
2020-01-21 18:00:00,0.0,0.0,26.99,53.17,1.6
2020-01-21 19:00:00,0.0,0.0,26.38,54.89,1.67
2020-01-21 20:00:00,0.0,0.0,25.81,56.59,1.62
2020-01-21 21:00:00,0.0,0.0,25.4,58.0,1.56
2020-01-21 22:00:00,0.0,0.0,25.03,59.12,1.54
2020-01-21 23:00:00,0.0,0.0,24.56,60.67,1.48
2020-01-22 00:00:00,0.0,0.0,24.02,62.9,1.38
2020-01-22 01:00:00,0.0,0.0,23.5,64.98,1.37
2020-01-22 02:00:00,0.0,0.0,22.92,67.0,1.51
2020-01-22 03:00:00,0.0,0.0,22.36,69.08,1.79
2020-01-22 04:00:00,0.0,0.0,21.82,71.55,2.06
2020-01-22 05:00:00,0.0,0.0,21.31,74.17,2.12
2020-01-22 06:00:00,9.15,8.93,21.07,75.45,2.22
2020-01-22 07:00:00,103.0,103.9,22.32,69.65,2.95
2020-01-22 08:00:00,277.95,281.58,24.71,61.03,2.52
2020-01-22 09:00:00,457.3,461.95,29.0,40.76,3.52
2020-01-22 10:00:00,484.23,625.83,33.07,26.27,4.5
2020-01-22 11:00:00,565.15,725.67,35.14,22.61,4.38
2020-01-22 12:00:00,576.53,729.58,36.26,21.47,4.13
2020-01-22 13:00:00,501.35,680.9,36.78,21.18,4.03
2020-01-22 14:00:00,427.62,551.0,36.71,21.4,4.12
2020-01-22 15:00:00,286.4,371.02,35.86,22.44,4.02
2020-01-22 16:00:00,153.23,182.32,34.03,27.68,3.03
2020-01-22 17:00:00,39.38,38.42,30.24,40.97,2.1
2020-01-22 18:00:00,0.0,0.0,28.16,45.81,2.53
2020-01-22 19:00:00,0.0,0.0,27.41,46.85,3.22
2020-01-22 20:00:00,0.0,0.0,26.62,48.61,3.26
2020-01-22 21:00:00,0.0,0.0,25.67,51.35,2.79
2020-01-22 22:00:00,0.0,0.0,24.74,54.28,2.42
2020-01-22 23:00:00,0.0,0.0,24.07,56.5,2.37
2020-01-23 00:00:00,0.0,0.0,23.44,58.93,2.51
2020-01-23 01:00:00,0.0,0.0,22.76,62.62,2.57
2020-01-23 02:00:00,0.0,0.0,22.06,66.98,2.53
2020-01-23 03:00:00,0.0,0.0,21.24,72.1,2.25
2020-01-23 04:00:00,0.0,0.0,20.25,77.52,1.93
2020-01-23 05:00:00,0.0,0.0,19.5,81.18,1.95
2020-01-23 06:00:00,11.0,10.9,19.29,81.53,2.58
2020-01-23 07:00:00,135.4,137.45,20.69,73.39,3.34
2020-01-23 08:00:00,343.35,351.33,24.0,55.22,3.59
2020-01-23 09:00:00,560.92,571.47,27.87,37.08,4.73
2020-01-23 10:00:00,737.08,744.67,31.54,25.26,5.12
2020-01-23 11:00:00,837.15,839.7,34.35,19.54,4.9
2020-01-23 12:00:00,796.95,799.53,35.72,17.66,4.67
2020-01-23 13:00:00,717.83,719.75,36.3,16.83,4.56
2020-01-23 14:00:00,581.75,591.47,36.24,16.66,4.53
2020-01-23 15:00:00,378.88,380.4,35.47,17.46,4.62
2020-01-23 16:00:00,194.48,199.52,33.31,22.53,3.85
2020-01-23 17:00:00,43.3,42.08,29.2,33.74,3.25
2020-01-23 18:00:00,0.0,0.0,26.6,40.35,3.8
2020-01-23 19:00:00,0.0,0.0,25.16,43.99,4.0
2020-01-23 20:00:00,0.0,0.0,24.14,46.06,3.8
2020-01-23 21:00:00,0.0,0.0,23.29,47.33,3.59
2020-01-23 22:00:00,0.0,0.0,22.37,49.33,3.24
2020-01-23 23:00:00,0.0,0.0,21.45,52.05,2.97
2020-01-24 00:00:00,0.0,0.0,20.56,55.29,2.8
2020-01-24 01:00:00,0.0,0.0,19.76,58.34,2.9
2020-01-24 02:00:00,0.0,0.0,18.97,61.47,3.13
2020-01-24 03:00:00,0.0,0.0,18.09,65.12,3.13
2020-01-24 04:00:00,0.0,0.0,17.26,67.92,3.16
2020-01-24 05:00:00,0.0,0.0,16.54,69.44,3.13
2020-01-24 06:00:00,10.25,10.23,16.21,68.45,3.48
2020-01-24 07:00:00,116.0,121.62,17.52,60.88,3.83
2020-01-24 08:00:00,294.92,324.48,20.72,48.74,3.34
2020-01-24 09:00:00,458.48,536.88,25.69,28.55,4.94
2020-01-24 10:00:00,704.75,704.75,29.63,18.85,5.78
2020-01-24 11:00:00,814.4,815.83,32.84,13.59,5.85
2020-01-24 12:00:00,867.08,870.12,34.64,11.67,5.71
2020-01-24 13:00:00,803.2,810.47,35.48,10.91,5.58
2020-01-24 14:00:00,668.15,668.35,35.53,10.92,5.45
2020-01-24 15:00:00,468.95,471.6,35.03,11.62,5.25
2020-01-24 16:00:00,253.3,254.65,32.89,16.48,3.8
2020-01-24 17:00:00,54.62,55.12,28.07,30.18,2.35
2020-01-24 18:00:00,0.0,0.0,25.69,36.8,2.57
2020-01-24 19:00:00,0.0,0.0,24.52,41.08,2.83
2020-01-24 20:00:00,0.0,0.0,23.13,46.15,2.79
2020-01-24 21:00:00,0.0,0.0,21.77,51.13,2.65
2020-01-24 22:00:00,0.0,0.0,20.61,55.23,2.58
2020-01-24 23:00:00,0.0,0.0,19.51,59.39,2.49
2020-01-25 00:00:00,0.0,0.0,18.47,63.51,2.35
2020-01-25 01:00:00,0.0,0.0,17.56,67.39,2.22
2020-01-25 02:00:00,0.0,0.0,16.74,70.81,2.11
2020-01-25 03:00:00,0.0,0.0,16.02,72.93,2.13
2020-01-25 04:00:00,0.0,0.0,15.36,73.84,2.2
2020-01-25 05:00:00,0.0,0.0,14.73,74.1,2.27
2020-01-25 06:00:00,13.52,13.52,14.65,72.05,2.87
2020-01-25 07:00:00,188.9,188.95,16.52,62.42,3.65
2020-01-25 08:00:00,417.2,417.27,20.24,47.78,3.47
2020-01-25 09:00:00,649.12,649.17,25.23,27.43,5.22
2020-01-25 10:00:00,827.33,827.38,29.2,17.64,6.13
2020-01-25 11:00:00,930.03,930.05,32.35,12.24,6.27
2020-01-25 12:00:00,934.65,934.65,34.06,10.63,6.17
2020-01-25 13:00:00,867.78,868.53,34.84,10.05,6.24
2020-01-25 14:00:00,722.0,723.38,34.85,10.09,6.31
2020-01-25 15:00:00,512.88,514.53,34.15,10.78,6.12
2020-01-25 16:00:00,271.33,272.6,32.38,13.74,4.93
2020-01-25 17:00:00,63.95,64.22,27.32,26.06,2.72
2020-01-25 18:00:00,0.0,0.0,24.17,33.8,2.68
2020-01-25 19:00:00,0.0,0.0,22.91,37.3,2.86
2020-01-25 20:00:00,0.0,0.0,21.75,40.42,2.81
2020-01-25 21:00:00,0.0,0.0,20.73,43.04,2.64
2020-01-25 22:00:00,0.0,0.0,19.75,45.87,2.46
2020-01-25 23:00:00,0.0,0.0,18.74,49.72,2.26
2020-01-26 00:00:00,0.0,0.0,17.68,54.85,1.99
2020-01-26 01:00:00,0.0,0.0,16.64,60.75,1.7
2020-01-26 02:00:00,0.0,0.0,15.74,66.01,1.51
2020-01-26 03:00:00,0.0,0.0,14.94,70.71,1.44
2020-01-26 04:00:00,0.0,0.0,14.22,74.97,1.43
2020-01-26 05:00:00,0.0,0.0,13.57,78.35,1.41
2020-01-26 06:00:00,12.57,12.6,13.63,77.49,1.86
2020-01-26 07:00:00,179.43,180.18,15.61,67.08,2.79
2020-01-26 08:00:00,382.2,383.23,19.05,52.71,2.42
2020-01-26 09:00:00,607.22,607.97,23.95,30.92,3.44
2020-01-26 10:00:00,782.47,782.47,28.29,20.06,3.91
2020-01-26 11:00:00,790.45,811.45,32.09,13.72,3.45
2020-01-26 12:00:00,891.55,891.55,33.83,12.19,2.53
2020-01-26 13:00:00,822.38,822.38,34.52,11.69,2.2
2020-01-26 14:00:00,676.25,677.0,34.54,11.6,2.4
2020-01-26 15:00:00,468.88,470.02,33.98,12.08,2.78
2020-01-26 16:00:00,271.92,272.98,31.98,17.46,2.36
2020-01-26 17:00:00,58.42,58.62,26.84,33.17,1.71
2020-01-26 18:00:00,0.0,0.0,24.01,37.96,1.98
2020-01-26 19:00:00,0.0,0.0,22.77,40.77,2.08
2020-01-26 20:00:00,0.0,0.0,21.7,43.68,1.99
2020-01-26 21:00:00,0.0,0.0,20.78,46.1,1.84
2020-01-26 22:00:00,0.0,0.0,19.97,47.99,1.75
2020-01-26 23:00:00,0.0,0.0,19.19,50.08,1.7
2020-01-27 00:00:00,0.0,0.0,18.32,53.17,1.65
2020-01-27 01:00:00,0.0,0.0,17.47,56.53,1.69
2020-01-27 02:00:00,0.0,0.0,16.71,59.88,1.72
2020-01-27 03:00:00,0.0,0.0,16.02,63.44,1.71
2020-01-27 04:00:00,0.0,0.0,15.41,66.17,1.79
2020-01-27 05:00:00,0.0,0.0,14.86,67.91,1.91
2020-01-27 06:00:00,11.15,11.02,15.0,66.48,2.37
2020-01-27 07:00:00,132.55,134.4,17.16,56.97,3.6
2020-01-27 08:00:00,347.75,352.6,20.33,47.87,2.88
2020-01-27 09:00:00,534.3,537.3,25.32,32.13,3.34
2020-01-27 10:00:00,712.7,715.33,29.96,20.44,4.15
2020-01-27 11:00:00,801.38,835.47,33.35,14.53,3.87
2020-01-27 12:00:00,859.62,867.28,34.89,13.21,3.14
2020-01-27 13:00:00,793.6,797.58,35.54,12.76,2.81
2020-01-27 14:00:00,638.47,638.62,35.48,12.78,2.76
2020-01-27 15:00:00,424.83,425.6,34.69,13.55,2.73
2020-01-27 16:00:00,263.2,264.15,32.38,22.93,1.64
2020-01-27 17:00:00,55.17,55.25,27.54,37.62,1.4
2020-01-27 18:00:00,0.0,0.0,25.05,40.49,1.67
2020-01-27 19:00:00,0.0,0.0,23.97,42.35,1.9
2020-01-27 20:00:00,0.0,0.0,22.98,45.06,1.93
2020-01-27 21:00:00,0.0,0.0,22.0,48.33,1.8
2020-01-27 22:00:00,0.0,0.0,21.13,51.1,1.66
2020-01-27 23:00:00,0.0,0.0,20.35,53.41,1.57
2020-01-28 00:00:00,0.0,0.0,19.64,55.44,1.6
2020-01-28 01:00:00,0.0,0.0,18.93,57.49,1.76
2020-01-28 02:00:00,0.0,0.0,18.21,60.05,2.03
2020-01-28 03:00:00,0.0,0.0,17.56,62.48,2.46
2020-01-28 04:00:00,0.0,0.0,16.94,64.49,2.86
2020-01-28 05:00:00,0.0,0.0,16.16,67.45,2.62
2020-01-28 06:00:00,10.02,9.9,15.97,67.7,2.79
2020-01-28 07:00:00,105.15,118.75,17.66,59.84,3.37
2020-01-28 08:00:00,249.6,314.67,20.6,50.38,2.44
2020-01-28 09:00:00,395.0,520.58,25.0,33.62,3.01
2020-01-28 10:00:00,525.08,688.22,28.91,22.4,3.93
2020-01-28 11:00:00,645.22,776.08,32.39,15.31,3.9
2020-01-28 12:00:00,677.58,758.9,34.02,13.87,3.34
2020-01-28 13:00:00,658.92,695.53,34.64,13.55,2.94
2020-01-28 14:00:00,508.27,573.38,34.53,13.89,2.84
2020-01-28 15:00:00,338.55,385.6,33.8,14.94,2.8
2020-01-28 16:00:00,172.23,187.88,31.53,23.71,1.83
2020-01-28 17:00:00,46.35,41.7,27.29,36.57,1.59
2020-01-28 18:00:00,0.0,0.0,24.91,39.97,1.8
2020-01-28 19:00:00,0.0,0.0,23.61,42.65,1.83
2020-01-28 20:00:00,0.0,0.0,22.89,44.58,1.79
2020-01-28 21:00:00,0.0,0.0,22.32,46.51,1.65
2020-01-28 22:00:00,0.0,0.0,21.83,49.18,1.43
2020-01-28 23:00:00,0.0,0.0,21.39,51.3,1.34
2020-01-29 00:00:00,0.0,0.0,20.67,53.38,1.39
2020-01-29 01:00:00,0.0,0.0,20.13,55.69,1.45
2020-01-29 02:00:00,0.0,0.0,19.58,58.36,1.53
2020-01-29 03:00:00,0.0,0.0,18.94,61.59,1.64
2020-01-29 04:00:00,0.0,0.0,18.1,65.77,1.68
2020-01-29 05:00:00,0.0,0.0,17.43,69.21,1.75
2020-01-29 06:00:00,9.35,9.2,17.38,69.01,2.22
2020-01-29 07:00:00,110.72,111.1,19.0,60.21,3.42
2020-01-29 08:00:00,299.52,300.48,21.75,49.93,3.03
2020-01-29 09:00:00,474.77,475.67,26.14,32.6,3.73
2020-01-29 10:00:00,642.4,643.6,30.2,20.59,4.59
2020-01-29 11:00:00,737.0,752.0,33.54,13.6,5.15
2020-01-29 12:00:00,876.4,879.88,35.23,12.01,5.11
2020-01-29 13:00:00,810.4,810.65,35.98,11.57,5.02
2020-01-29 14:00:00,662.42,665.75,35.95,11.76,4.89
2020-01-29 15:00:00,445.9,446.05,35.09,12.64,4.62
2020-01-29 16:00:00,262.45,263.17,33.09,17.2,3.37
2020-01-29 17:00:00,53.72,53.95,28.12,31.51,1.97
2020-01-29 18:00:00,0.0,0.0,25.33,37.26,2.03
2020-01-29 19:00:00,0.0,0.0,24.21,39.62,2.07
2020-01-29 20:00:00,0.0,0.0,23.35,41.31,2.05
2020-01-29 21:00:00,0.0,0.0,22.57,42.92,2.08
2020-01-29 22:00:00,0.0,0.0,21.69,45.41,2.13
2020-01-29 23:00:00,0.0,0.0,20.63,49.16,2.25
2020-01-30 00:00:00,0.0,0.0,19.6,53.42,2.45
2020-01-30 01:00:00,0.0,0.0,18.54,58.01,2.57
2020-01-30 02:00:00,0.0,0.0,17.48,62.09,2.56
2020-01-30 03:00:00,0.0,0.0,16.55,64.6,2.54
2020-01-30 04:00:00,0.0,0.0,15.6,65.9,2.41
2020-01-30 05:00:00,0.0,0.0,14.8,65.65,2.29
2020-01-30 06:00:00,10.75,10.77,14.72,61.78,2.78
2020-01-30 07:00:00,155.23,156.48,16.88,50.04,3.79
2020-01-30 08:00:00,376.55,378.52,20.77,38.6,3.46
2020-01-30 09:00:00,542.53,543.03,26.39,22.97,4.7
2020-01-30 10:00:00,725.15,725.15,31.26,13.16,6.03
2020-01-30 11:00:00,832.03,832.28,34.67,8.84,6.08
2020-01-30 12:00:00,934.83,935.53,36.38,7.8,5.38
2020-01-30 13:00:00,868.35,868.85,37.1,7.44,4.95
2020-01-30 14:00:00,722.25,723.7,37.04,7.58,4.79
2020-01-30 15:00:00,512.03,513.88,36.25,8.44,4.64
2020-01-30 16:00:00,270.1,271.48,33.71,14.02,3.22
2020-01-30 17:00:00,66.82,67.22,28.34,26.65,2.24
2020-01-30 18:00:00,0.0,0.0,25.42,32.54,2.32
2020-01-30 19:00:00,0.0,0.0,24.34,35.78,2.28
2020-01-30 20:00:00,0.0,0.0,23.27,38.58,2.07
2020-01-30 21:00:00,0.0,0.0,22.15,41.08,1.95
2020-01-30 22:00:00,0.0,0.0,21.09,43.64,1.92
2020-01-30 23:00:00,0.0,0.0,20.12,46.99,1.88
2020-01-31 00:00:00,0.0,0.0,19.11,51.59,1.84
2020-01-31 01:00:00,0.0,0.0,18.16,56.55,1.85
2020-01-31 02:00:00,0.0,0.0,17.32,61.14,1.84
2020-01-31 03:00:00,0.0,0.0,16.56,65.09,1.83
2020-01-31 04:00:00,0.0,0.0,15.88,68.43,1.8
2020-01-31 05:00:00,0.0,0.0,15.28,71.23,1.75
2020-01-31 06:00:00,11.75,11.75,15.43,70.5,2.11
2020-01-31 07:00:00,166.52,166.7,17.63,60.77,3.23
2020-01-31 08:00:00,362.05,362.3,21.09,48.89,2.74
2020-01-31 09:00:00,580.85,581.03,26.04,31.33,3.64
2020-01-31 10:00:00,747.08,747.08,30.45,21.39,4.26
2020-01-31 11:00:00,853.62,853.72,33.93,15.79,4.7
2020-01-31 12:00:00,891.65,891.85,35.64,14.1,4.6
2020-01-31 13:00:00,825.05,825.38,36.4,13.3,4.47
2020-01-31 14:00:00,680.83,682.53,36.41,13.05,4.39
2020-01-31 15:00:00,473.17,487.77,35.74,13.37,4.32
2020-01-31 16:00:00,248.52,254.38,33.91,16.77,3.45
2020-01-31 17:00:00,62.7,63.05,29.05,28.54,2.36
2020-01-31 18:00:00,0.0,0.0,26.37,32.58,2.81
2020-01-31 19:00:00,0.0,0.0,25.22,33.87,3.12
2020-01-31 20:00:00,0.0,0.0,24.11,35.48,2.99
2020-01-31 21:00:00,0.0,0.0,23.1,37.5,2.67
2020-01-31 22:00:00,0.0,0.0,22.03,40.43,2.35
2020-01-31 23:00:00,0.0,0.0,20.97,43.89,2.12
2020-02-01 00:00:00,0.0,0.0,19.99,47.75,2.0
2020-02-01 01:00:00,0.0,0.0,19.06,51.42,2.01
2020-02-01 02:00:00,0.0,0.0,18.23,54.59,2.09
2020-02-01 03:00:00,0.0,0.0,17.51,57.35,2.2
2020-02-01 04:00:00,0.0,0.0,16.97,59.28,2.3
2020-02-01 05:00:00,0.0,0.0,16.47,60.97,2.31
2020-02-01 06:00:00,11.5,11.23,16.59,59.71,2.78
2020-02-01 07:00:00,137.15,139.52,18.66,51.4,3.64
2020-02-01 08:00:00,336.9,350.45,22.22,41.94,3.1
2020-02-01 09:00:00,545.88,564.45,27.46,25.65,4.44
2020-02-01 10:00:00,725.0,732.92,31.89,16.4,5.52
2020-02-01 11:00:00,821.38,833.62,34.76,13.12,5.49
2020-02-01 12:00:00,869.88,896.28,36.06,12.57,5.09
2020-02-01 13:00:00,825.92,834.25,36.63,12.38,4.86
2020-02-01 14:00:00,685.7,695.62,36.54,12.59,4.8
2020-02-01 15:00:00,483.35,489.45,35.73,13.29,4.85
2020-02-01 16:00:00,255.57,258.4,33.91,15.67,4.51
2020-02-01 17:00:00,65.38,65.85,29.27,26.02,2.83
2020-02-01 18:00:00,0.0,0.0,26.08,32.26,2.78
2020-02-01 19:00:00,0.0,0.0,24.69,34.25,2.7
2020-02-01 20:00:00,0.0,0.0,23.5,36.53,2.41
2020-02-01 21:00:00,0.0,0.0,22.53,38.46,2.23
2020-02-01 22:00:00,0.0,0.0,21.64,40.41,2.13
2020-02-01 23:00:00,0.0,0.0,20.69,43.27,1.98
2020-02-02 00:00:00,0.0,0.0,19.66,47.34,1.81
2020-02-02 01:00:00,0.0,0.0,18.69,51.96,1.82
2020-02-02 02:00:00,0.0,0.0,17.83,56.31,2.06
2020-02-02 03:00:00,0.0,0.0,17.02,60.26,2.27
2020-02-02 04:00:00,0.0,0.0,16.26,63.62,2.29
2020-02-02 05:00:00,0.0,0.0,15.58,66.03,2.25
2020-02-02 06:00:00,13.27,13.27,15.67,64.81,2.79
2020-02-02 07:00:00,180.85,181.0,17.88,55.74,3.51
2020-02-02 08:00:00,418.6,418.83,21.85,43.29,3.0
2020-02-02 09:00:00,648.72,648.88,27.36,24.03,4.67
2020-02-02 10:00:00,825.8,825.8,31.76,13.72,5.88
2020-02-02 11:00:00,765.68,776.8,33.83,11.17,5.82
2020-02-02 12:00:00,779.34,792.3,34.88,10.56,5.64
2020-02-02 13:00:00,868.95,868.95,35.15,10.59,5.45
2020-02-02 14:00:00,730.8,731.38,34.77,11.06,5.22
2020-02-02 15:00:00,529.03,530.15,33.87,11.9,4.93
2020-02-02 16:00:00,290.08,291.25,32.28,13.8,4.36
2020-02-02 17:00:00,74.2,74.6,27.67,25.66,2.1
2020-02-02 18:00:00,0.0,0.0,24.42,33.36,1.77
2020-02-02 19:00:00,0.0,0.0,23.41,36.02,1.6
2020-02-02 20:00:00,0.0,0.0,22.74,37.7,1.48
2020-02-02 21:00:00,0.0,0.0,22.13,38.66,1.46
2020-02-02 22:00:00,0.0,0.0,21.12,40.54,1.5
2020-02-02 23:00:00,0.0,0.0,19.93,42.65,1.69
2020-02-03 00:00:00,0.0,0.0,18.9,43.78,2.15
2020-02-03 01:00:00,0.0,0.0,17.81,45.14,2.68
2020-02-03 02:00:00,0.0,0.0,16.63,47.12,2.92
2020-02-03 03:00:00,0.0,0.0,15.57,48.99,2.86
2020-02-03 04:00:00,0.0,0.0,14.75,50.43,2.81
2020-02-03 05:00:00,0.0,0.0,14.09,51.67,2.86
2020-02-03 06:00:00,13.15,13.15,14.04,50.68,3.41
2020-02-03 07:00:00,181.6,181.75,16.16,43.46,3.96
2020-02-03 08:00:00,410.7,410.9,20.0,35.37,3.32
2020-02-03 09:00:00,647.67,647.9,25.56,23.01,4.04
2020-02-03 10:00:00,827.0,827.17,30.65,12.26,5.78
2020-02-03 11:00:00,934.03,934.03,32.82,9.97,5.56
2020-02-03 12:00:00,944.35,944.45,33.62,9.76,4.99
2020-02-03 13:00:00,884.92,885.12,33.83,9.85,4.53
2020-02-03 14:00:00,745.95,746.25,33.43,10.31,4.17
2020-02-03 15:00:00,541.95,542.33,32.6,11.29,3.83
2020-02-03 16:00:00,298.77,299.15,30.88,16.22,2.65
2020-02-03 17:00:00,77.55,77.68,26.71,30.49,1.58
2020-02-03 18:00:00,0.0,0.0,24.26,34.97,1.66
2020-02-03 19:00:00,0.0,0.0,23.38,36.62,1.68
2020-02-03 20:00:00,0.0,0.0,22.62,38.14,1.67
2020-02-03 21:00:00,0.0,0.0,21.89,39.47,1.71
2020-02-03 22:00:00,0.0,0.0,21.15,40.41,1.89
2020-02-03 23:00:00,0.0,0.0,20.21,42.26,2.1
2020-02-04 00:00:00,0.0,0.0,19.22,45.2,2.21
2020-02-04 01:00:00,0.0,0.0,18.33,48.68,2.14
2020-02-04 02:00:00,0.0,0.0,17.48,51.82,2.01
2020-02-04 03:00:00,0.0,0.0,16.71,54.0,1.99
2020-02-04 04:00:00,0.0,0.0,15.98,55.72,2.01
2020-02-04 05:00:00,0.0,0.0,15.29,57.07,2.06
2020-02-04 06:00:00,12.9,12.93,15.49,55.03,2.61
2020-02-04 07:00:00,175.62,176.77,17.8,45.9,3.67
2020-02-04 08:00:00,398.12,400.65,21.46,36.83,3.19
2020-02-04 09:00:00,631.12,636.55,26.47,23.02,3.85
2020-02-04 10:00:00,813.97,814.05,31.0,14.39,4.45
2020-02-04 11:00:00,918.55,918.75,33.43,11.64,4.37
2020-02-04 12:00:00,910.67,910.78,34.36,11.28,4.08
2020-02-04 13:00:00,846.2,846.2,34.62,11.33,3.86
2020-02-04 14:00:00,706.03,706.62,34.34,11.62,3.74
2020-02-04 15:00:00,499.52,500.65,33.55,12.32,3.67
2020-02-04 16:00:00,300.2,301.48,31.94,15.16,3.15
2020-02-04 17:00:00,68.7,69.07,27.43,27.82,1.92
2020-02-04 18:00:00,0.0,0.0,24.61,32.43,2.07
2020-02-04 19:00:00,0.0,0.0,23.55,34.36,2.05
2020-02-04 20:00:00,0.0,0.0,22.64,36.73,1.86
2020-02-04 21:00:00,0.0,0.0,21.91,38.96,1.69
2020-02-04 22:00:00,0.0,0.0,21.18,41.11,1.61
2020-02-04 23:00:00,0.0,0.0,20.35,43.25,1.64
2020-02-05 00:00:00,0.0,0.0,19.52,45.3,1.8
2020-02-05 01:00:00,0.0,0.0,18.71,47.62,2.03
2020-02-05 02:00:00,0.0,0.0,17.88,50.93,2.15
2020-02-05 03:00:00,0.0,0.0,17.06,54.78,2.1
2020-02-05 04:00:00,0.0,0.0,16.36,58.23,2.0
2020-02-05 05:00:00,0.0,0.0,15.72,61.13,1.9
2020-02-05 06:00:00,11.95,11.98,15.71,61.22,2.44
2020-02-05 07:00:00,170.62,170.75,17.52,54.29,3.32
2020-02-05 08:00:00,357.45,357.62,21.01,43.96,2.98
2020-02-05 09:00:00,582.75,582.9,26.08,27.49,3.97
2020-02-05 10:00:00,761.3,761.35,30.73,17.09,5.07
2020-02-05 11:00:00,866.47,866.47,33.44,13.42,5.17
2020-02-05 12:00:00,889.08,889.1,34.73,12.42,4.73
2020-02-05 13:00:00,826.67,826.67,35.16,12.14,4.29
2020-02-05 14:00:00,680.28,680.28,34.97,12.26,4.03
2020-02-05 15:00:00,482.17,482.17,34.18,12.89,3.99
2020-02-05 16:00:00,279.7,279.73,32.68,14.86,3.8
2020-02-05 17:00:00,66.72,66.72,28.22,26.3,2.25
2020-02-05 18:00:00,0.0,0.0,25.33,32.08,2.42
2020-02-05 19:00:00,0.0,0.0,24.34,33.85,2.55
2020-02-05 20:00:00,0.0,0.0,23.51,35.76,2.39
2020-02-05 21:00:00,0.0,0.0,22.8,37.73,2.19
2020-02-05 22:00:00,0.0,0.0,22.0,40.2,2.02
2020-02-05 23:00:00,0.0,0.0,21.04,43.05,1.95
2020-02-06 00:00:00,0.0,0.0,20.16,46.11,1.91
2020-02-06 01:00:00,0.0,0.0,19.55,48.7,1.95
2020-02-06 02:00:00,0.0,0.0,19.04,50.76,2.15
2020-02-06 03:00:00,0.0,0.0,18.52,52.73,2.49
2020-02-06 04:00:00,0.0,0.0,17.8,55.65,2.67
2020-02-06 05:00:00,0.0,0.0,16.97,59.42,2.57
2020-02-06 06:00:00,11.32,11.45,16.81,60.33,3.03
2020-02-06 07:00:00,157.98,159.3,18.58,53.86,3.71
2020-02-06 08:00:00,346.4,348.27,22.28,41.88,3.45
2020-02-06 09:00:00,566.28,567.7,27.2,26.69,4.46
2020-02-06 10:00:00,740.58,740.58,31.76,16.96,4.93
2020-02-06 11:00:00,772.66,784.7,34.15,14.19,4.62
2020-02-06 12:00:00,891.25,891.25,35.36,13.29,4.09
2020-02-06 13:00:00,827.92,827.92,35.88,12.9,3.61
2020-02-06 14:00:00,690.85,691.22,35.81,12.83,3.32
2020-02-06 15:00:00,489.75,490.35,35.14,13.2,3.28
2020-02-06 16:00:00,286.52,287.08,33.62,15.07,3.25
2020-02-06 17:00:00,69.93,70.1,29.06,25.81,2.24
2020-02-06 18:00:00,0.0,0.0,26.11,30.13,2.67
2020-02-06 19:00:00,0.0,0.0,24.98,31.34,2.84
2020-02-06 20:00:00,0.0,0.0,23.95,33.19,2.53
2020-02-06 21:00:00,0.0,0.0,23.0,35.49,2.05
2020-02-06 22:00:00,0.0,0.0,22.35,37.31,1.74
2020-02-06 23:00:00,0.0,0.0,21.71,38.66,1.61
2020-02-07 00:00:00,0.0,0.0,20.93,39.63,1.67
2020-02-07 01:00:00,0.0,0.0,20.1,40.15,1.91
2020-02-07 02:00:00,0.0,0.0,19.3,40.85,2.27
2020-02-07 03:00:00,0.0,0.0,18.41,42.36,2.58
2020-02-07 04:00:00,0.0,0.0,17.41,45.14,2.63
2020-02-07 05:00:00,0.0,0.0,16.59,48.33,2.67
2020-02-07 06:00:00,12.62,12.65,16.54,49.11,3.39
2020-02-07 07:00:00,171.68,172.2,18.49,43.97,4.08
2020-02-07 08:00:00,393.05,393.85,22.27,36.19,3.55
2020-02-07 09:00:00,626.05,626.65,27.9,21.56,4.9
2020-02-07 10:00:00,805.62,805.62,32.58,12.66,6.07
2020-02-07 11:00:00,774.44,786.73,34.51,11.1,5.95
2020-02-07 12:00:00,945.83,945.83,35.52,10.65,5.84
2020-02-07 13:00:00,884.72,884.72,35.79,10.73,5.63
2020-02-07 14:00:00,742.42,742.62,35.5,11.11,5.33
2020-02-07 15:00:00,534.78,535.1,34.74,11.79,5.0
2020-02-07 16:00:00,290.05,290.35,33.36,13.2,4.49
2020-02-07 17:00:00,80.15,80.28,29.02,23.15,2.23
2020-02-07 18:00:00,0.0,0.0,25.61,30.64,1.84
2020-02-07 19:00:00,0.0,0.0,24.6,32.97,1.7
2020-02-07 20:00:00,0.0,0.0,23.88,34.92,1.55
2020-02-07 21:00:00,0.0,0.0,23.34,35.86,1.5
2020-02-07 22:00:00,0.0,0.0,22.64,37.0,1.51
2020-02-07 23:00:00,0.0,0.0,21.73,38.61,1.6
2020-02-08 00:00:00,0.0,0.0,20.79,40.04,1.83
2020-02-08 01:00:00,0.0,0.0,19.96,41.18,2.3
2020-02-08 02:00:00,0.0,0.0,19.09,42.96,2.92
2020-02-08 03:00:00,0.0,0.0,18.06,45.6,3.22
2020-02-08 04:00:00,0.0,0.0,16.95,48.69,3.06
2020-02-08 05:00:00,0.0,0.0,16.0,51.31,2.91
2020-02-08 06:00:00,12.75,12.8,15.8,50.94,3.46
2020-02-08 07:00:00,173.35,173.9,17.83,43.88,3.9
2020-02-08 08:00:00,382.77,383.45,21.94,34.32,3.34
2020-02-08 09:00:00,610.6,611.0,27.76,19.94,4.74
2020-02-08 10:00:00,799.17,799.17,32.55,11.74,6.24
2020-02-08 11:00:00,776.23,788.77,35.19,9.34,6.3
2020-02-08 12:00:00,790.42,804.94,36.31,9.17,5.81
2020-02-08 13:00:00,873.08,873.08,36.76,9.39,5.34
2020-02-08 14:00:00,733.03,733.17,36.69,9.83,4.98
2020-02-08 15:00:00,528.47,528.75,36.03,10.62,4.65
2020-02-08 16:00:00,288.48,288.77,34.6,12.44,4.04
2020-02-08 17:00:00,79.5,79.62,29.9,23.44,2.18
2020-02-08 18:00:00,0.0,0.0,26.71,29.27,2.33
2020-02-08 19:00:00,0.0,0.0,25.76,30.7,2.55
2020-02-08 20:00:00,0.0,0.0,25.49,31.55,2.52
2020-02-08 21:00:00,0.0,0.0,25.22,33.0,2.32
2020-02-08 22:00:00,0.0,0.0,24.55,35.57,2.07
2020-02-08 23:00:00,0.0,0.0,23.57,39.02,1.91
2020-02-09 00:00:00,0.0,0.0,22.44,43.1,1.87
2020-02-09 01:00:00,0.0,0.0,21.52,46.8,2.06
2020-02-09 02:00:00,0.0,0.0,20.58,50.82,2.36
2020-02-09 03:00:00,0.0,0.0,19.49,55.64,2.41
2020-02-09 04:00:00,0.0,0.0,18.52,59.73,2.31
2020-02-09 05:00:00,0.0,0.0,17.76,62.31,2.28
2020-02-09 06:00:00,12.52,12.68,17.66,61.65,2.84
2020-02-09 07:00:00,174.6,176.4,19.35,54.5,3.31
2020-02-09 08:00:00,375.2,377.55,22.96,42.21,3.07
2020-02-09 09:00:00,596.78,598.47,27.74,25.97,4.58
2020-02-09 10:00:00,768.17,768.17,31.86,17.79,5.3
2020-02-09 11:00:00,873.08,873.08,34.83,14.05,4.82
2020-02-09 12:00:00,792.28,807.06,36.46,12.86,3.95
2020-02-09 13:00:00,787.67,787.67,37.23,12.42,3.18
2020-02-09 14:00:00,646.47,646.5,37.34,12.41,2.62
2020-02-09 15:00:00,444.8,444.83,36.9,12.83,2.37
2020-02-09 16:00:00,265.38,265.38,35.56,15.12,2.22
2020-02-09 17:00:00,62.75,62.75,30.91,28.86,1.5
2020-02-09 18:00:00,0.0,0.0,28.12,32.93,1.95
2020-02-09 19:00:00,0.0,0.0,27.03,36.05,2.15
2020-02-09 20:00:00,0.0,0.0,25.97,40.0,2.02
2020-02-09 21:00:00,0.0,0.0,25.05,44.06,1.8
2020-02-09 22:00:00,0.0,0.0,24.32,47.64,1.64
2020-02-09 23:00:00,0.0,0.0,23.98,50.26,1.53
2020-02-10 00:00:00,0.0,0.0,23.8,52.35,1.48
2020-02-10 01:00:00,0.0,0.0,23.35,54.92,1.52
2020-02-10 02:00:00,0.0,0.0,22.68,58.14,1.63
2020-02-10 03:00:00,0.0,0.0,21.92,61.72,1.74
2020-02-10 04:00:00,0.0,0.0,21.37,65.01,1.85
2020-02-10 05:00:00,0.0,0.0,20.87,68.48,1.97
2020-02-10 06:00:00,10.43,10.38,20.95,69.53,2.45
2020-02-10 07:00:00,119.57,120.07,22.77,63.11,3.27
2020-02-10 08:00:00,286.05,287.33,26.12,53.11,2.72
2020-02-10 09:00:00,486.5,487.08,30.21,41.65,2.71
2020-02-10 10:00:00,673.42,683.85,33.31,32.9,2.61
2020-02-10 11:00:00,756.72,783.92,35.03,28.73,2.33
2020-02-10 12:00:00,656.9,721.95,35.66,26.83,1.99
2020-02-10 13:00:00,645.9,649.58,35.83,25.81,1.47
2020-02-10 14:00:00,528.35,541.25,35.91,24.96,1.11
2020-02-10 15:00:00,345.52,364.6,35.66,24.68,1.32
2020-02-10 16:00:00,181.27,186.88,34.76,27.02,1.4
2020-02-10 17:00:00,46.12,45.83,31.77,41.08,0.94
2020-02-10 18:00:00,0.0,0.0,29.58,44.12,1.24
2020-02-10 19:00:00,0.0,0.0,28.43,45.49,1.42
2020-02-10 20:00:00,0.0,0.0,27.41,47.32,1.4
2020-02-10 21:00:00,0.0,0.0,26.46,49.38,1.23
2020-02-10 22:00:00,0.0,0.0,25.57,51.42,1.1
2020-02-10 23:00:00,0.0,0.0,24.71,53.15,1.22
2020-02-11 00:00:00,0.0,0.0,23.89,54.74,1.6
2020-02-11 01:00:00,0.0,0.0,23.16,56.74,1.86
2020-02-11 02:00:00,0.0,0.0,22.49,58.9,2.02
2020-02-11 03:00:00,0.0,0.0,21.9,60.88,2.16
2020-02-11 04:00:00,0.0,0.0,21.36,62.5,2.35
2020-02-11 05:00:00,0.0,0.0,20.9,63.49,2.72
2020-02-11 06:00:00,7.68,7.6,20.64,63.05,3.42
2020-02-11 07:00:00,78.7,80.93,21.47,57.47,4.11
2020-02-11 08:00:00,191.48,203.55,23.92,43.68,4.86
2020-02-11 09:00:00,341.25,362.02,26.89,32.85,5.89
2020-02-11 10:00:00,507.23,514.67,29.76,25.48,6.35
2020-02-11 11:00:00,567.78,617.83,32.2,20.27,6.43
2020-02-11 12:00:00,533.1,629.67,33.28,18.19,6.23
2020-02-11 13:00:00,569.3,576.05,33.44,17.67,6.01
2020-02-11 14:00:00,444.0,459.08,32.84,18.22,5.73
2020-02-11 15:00:00,273.02,302.75,32.19,19.16,5.42
2020-02-11 16:00:00,154.0,159.8,30.95,22.05,4.26
2020-02-11 17:00:00,41.4,41.15,28.21,31.03,2.31
2020-02-11 18:00:00,0.0,0.0,26.16,37.58,1.79
2020-02-11 19:00:00,0.0,0.0,25.43,39.9,1.68
2020-02-11 20:00:00,0.0,0.0,24.93,41.09,1.83
2020-02-11 21:00:00,0.0,0.0,24.46,41.97,2.28
2020-02-11 22:00:00,0.0,0.0,23.92,42.78,3.18
2020-02-11 23:00:00,0.0,0.0,23.01,43.79,3.88
2020-02-12 00:00:00,0.0,0.0,21.98,43.42,4.03
2020-02-12 01:00:00,0.0,0.0,21.07,41.44,3.98
2020-02-12 02:00:00,0.0,0.0,20.2,39.69,3.87
2020-02-12 03:00:00,0.0,0.0,19.41,38.57,3.98
2020-02-12 04:00:00,0.0,0.0,18.79,37.98,4.21
2020-02-12 05:00:00,0.0,0.0,18.31,38.02,4.33
2020-02-12 06:00:00,8.62,8.2,18.18,37.9,4.59
2020-02-12 07:00:00,87.72,89.05,19.37,35.27,4.99
2020-02-12 08:00:00,214.5,222.1,22.36,27.47,6.01
2020-02-12 09:00:00,376.6,390.77,26.04,18.96,7.64
2020-02-12 10:00:00,528.42,546.4,29.07,15.15,7.52
2020-02-12 11:00:00,580.92,650.85,31.59,13.07,7.1
2020-02-12 12:00:00,651.03,702.05,33.38,12.51,6.53
2020-02-12 13:00:00,573.12,638.58,34.27,13.01,5.93
2020-02-12 14:00:00,462.3,513.72,34.31,13.99,5.41
2020-02-12 15:00:00,294.33,329.5,33.59,15.47,4.81
2020-02-12 16:00:00,150.18,158.85,32.06,18.92,3.71
2020-02-12 17:00:00,43.4,43.45,28.26,28.57,2.39
2020-02-12 18:00:00,0.0,0.0,25.81,33.35,2.5
2020-02-12 19:00:00,0.0,0.0,24.88,35.27,2.59
2020-02-12 20:00:00,0.0,0.0,24.07,37.58,2.42
2020-02-12 21:00:00,0.0,0.0,23.29,40.35,2.21
2020-02-12 22:00:00,0.0,0.0,22.52,43.56,2.07
2020-02-12 23:00:00,0.0,0.0,21.69,47.28,2.0
2020-02-13 00:00:00,0.0,0.0,20.86,51.08,2.02
2020-02-13 01:00:00,0.0,0.0,20.06,54.58,2.07
2020-02-13 02:00:00,0.0,0.0,19.32,57.48,2.09
2020-02-13 03:00:00,0.0,0.0,18.64,59.82,2.16
2020-02-13 04:00:00,0.0,0.0,18.04,61.44,2.34
2020-02-13 05:00:00,0.0,0.0,17.5,62.34,2.55
2020-02-13 06:00:00,7.4,7.5,17.4,60.55,3.13
2020-02-13 07:00:00,73.8,79.88,18.79,52.66,3.79
2020-02-13 08:00:00,169.88,197.82,21.98,37.55,4.07
2020-02-13 09:00:00,310.33,353.33,25.34,24.72,4.9
2020-02-13 10:00:00,477.35,488.67,28.25,19.45,4.91
2020-02-13 11:00:00,620.1,623.7,31.16,16.79,4.39
2020-02-13 12:00:00,612.75,616.65,33.13,15.63,3.8
2020-02-13 13:00:00,566.53,566.85,33.92,15.41,3.61
2020-02-13 14:00:00,442.7,451.02,33.92,15.79,3.76
2020-02-13 15:00:00,333.2,335.75,33.15,16.91,3.96
2020-02-13 16:00:00,171.75,172.5,31.29,20.94,3.5
2020-02-13 17:00:00,44.67,44.7,27.64,30.55,2.66
2020-02-13 18:00:00,0.0,0.0,25.41,35.41,2.89
2020-02-13 19:00:00,0.0,0.0,24.51,36.99,2.79
2020-02-13 20:00:00,0.0,0.0,23.74,38.82,2.41
2020-02-13 21:00:00,0.0,0.0,23.1,40.75,2.14
2020-02-13 22:00:00,0.0,0.0,22.41,42.9,2.04
2020-02-13 23:00:00,0.0,0.0,21.66,45.02,2.19
2020-02-14 00:00:00,0.0,0.0,20.91,46.98,2.51
2020-02-14 01:00:00,0.0,0.0,19.97,49.21,2.72
2020-02-14 02:00:00,0.0,0.0,19.1,50.84,2.86
2020-02-14 03:00:00,0.0,0.0,18.36,51.81,3.01
2020-02-14 04:00:00,0.0,0.0,17.68,53.07,2.97
2020-02-14 05:00:00,0.0,0.0,17.01,54.98,2.78
2020-02-14 06:00:00,9.32,9.15,16.76,55.56,3.06
2020-02-14 07:00:00,94.07,95.4,17.87,51.51,3.44
2020-02-14 08:00:00,222.02,233.73,20.59,43.3,3.23
2020-02-14 09:00:00,375.62,405.98,25.05,27.0,4.38
2020-02-14 10:00:00,526.1,558.58,28.71,18.83,4.85
2020-02-14 11:00:00,617.67,658.95,31.78,15.1,4.45
2020-02-14 12:00:00,728.22,754.03,33.79,14.08,3.84
2020-02-14 13:00:00,674.78,691.28,34.61,14.02,3.62
2020-02-14 14:00:00,548.2,554.85,34.63,14.39,3.72
2020-02-14 15:00:00,353.15,371.83,33.79,15.53,3.85
2020-02-14 16:00:00,192.25,198.7,32.2,18.69,3.54
2020-02-14 17:00:00,51.38,52.35,28.23,29.52,2.16
2020-02-14 18:00:00,0.0,0.0,25.69,35.15,2.14
2020-02-14 19:00:00,0.0,0.0,24.71,37.48,1.97
2020-02-14 20:00:00,0.0,0.0,23.8,40.14,1.65
2020-02-14 21:00:00,0.0,0.0,23.23,41.61,1.45
2020-02-14 22:00:00,0.0,0.0,22.72,42.28,1.42
2020-02-14 23:00:00,0.0,0.0,21.99,42.94,1.51
2020-02-15 00:00:00,0.0,0.0,21.15,43.48,1.8
2020-02-15 01:00:00,0.0,0.0,20.24,43.91,2.33
2020-02-15 02:00:00,0.0,0.0,19.18,44.55,2.89
2020-02-15 03:00:00,0.0,0.0,18.03,45.36,3.14
2020-02-15 04:00:00,0.0,0.0,16.93,46.67,3.05
2020-02-15 05:00:00,0.0,0.0,16.0,48.08,2.86
2020-02-15 06:00:00,11.57,11.62,15.78,47.04,3.25
2020-02-15 07:00:00,152.93,153.27,17.55,40.32,3.74
2020-02-15 08:00:00,345.92,346.48,21.21,32.11,3.27
2020-02-15 09:00:00,523.03,523.45,27.11,19.0,4.31
2020-02-15 10:00:00,705.85,705.85,32.33,10.69,5.64
2020-02-15 11:00:00,809.97,810.22,35.41,8.47,5.31
2020-02-15 12:00:00,913.38,913.85,36.75,8.88,4.77
2020-02-15 13:00:00,852.62,860.42,37.3,9.26,4.55
2020-02-15 14:00:00,710.65,710.85,37.22,9.52,4.5
2020-02-15 15:00:00,499.27,500.88,36.49,10.08,4.44
2020-02-15 16:00:00,299.23,300.62,34.95,11.62,4.14
2020-02-15 17:00:00,77.88,78.22,30.12,21.82,2.16
2020-02-15 18:00:00,0.0,0.0,26.44,28.33,2.02
2020-02-15 19:00:00,0.0,0.0,25.28,30.51,1.93
2020-02-15 20:00:00,0.0,0.0,24.39,32.56,1.77
2020-02-15 21:00:00,0.0,0.0,23.7,34.0,1.67
2020-02-15 22:00:00,0.0,0.0,23.05,35.08,1.63
2020-02-15 23:00:00,0.0,0.0,22.25,36.34,1.66
2020-02-16 00:00:00,0.0,0.0,21.35,37.64,1.81
2020-02-16 01:00:00,0.0,0.0,20.46,38.75,2.13
2020-02-16 02:00:00,0.0,0.0,19.48,40.4,2.44
2020-02-16 03:00:00,0.0,0.0,18.38,43.13,2.49
2020-02-16 04:00:00,0.0,0.0,17.36,46.64,2.33
2020-02-16 05:00:00,0.0,0.0,16.52,50.49,2.16
2020-02-16 06:00:00,15.43,15.43,16.64,51.22,2.66
2020-02-16 07:00:00,193.43,193.6,18.86,44.99,3.33
2020-02-16 08:00:00,399.75,399.95,22.84,35.52,2.76
2020-02-16 09:00:00,632.97,633.12,28.44,20.28,3.87
2020-02-16 10:00:00,816.42,816.42,33.48,11.4,4.78
2020-02-16 11:00:00,790.85,805.42,36.39,8.65,4.65
2020-02-16 12:00:00,955.0,955.0,37.8,8.15,4.36
2020-02-16 13:00:00,888.75,888.75,38.39,8.14,4.3
2020-02-16 14:00:00,743.3,743.53,38.31,8.33,4.36
2020-02-16 15:00:00,531.38,531.7,37.49,8.88,4.39
2020-02-16 16:00:00,287.27,287.58,35.85,10.31,4.06
2020-02-16 17:00:00,88.93,89.03,30.79,20.43,2.09
2020-02-16 18:00:00,0.0,0.0,27.0,26.61,1.98
2020-02-16 19:00:00,0.0,0.0,25.68,28.78,1.94
2020-02-16 20:00:00,0.0,0.0,24.68,30.87,1.8
2020-02-16 21:00:00,0.0,0.0,23.86,32.7,1.67
2020-02-16 22:00:00,0.0,0.0,23.15,34.46,1.59
2020-02-16 23:00:00,0.0,0.0,22.36,36.74,1.52
2020-02-17 00:00:00,0.0,0.0,21.4,39.75,1.49
2020-02-17 01:00:00,0.0,0.0,20.39,42.94,1.55
2020-02-17 02:00:00,0.0,0.0,19.5,45.79,1.68
2020-02-17 03:00:00,0.0,0.0,18.69,48.74,1.77
2020-02-17 04:00:00,0.0,0.0,17.96,51.97,1.76
2020-02-17 05:00:00,0.0,0.0,17.36,54.97,1.72
2020-02-17 06:00:00,15.07,15.1,17.83,54.41,2.05
2020-02-17 07:00:00,183.2,183.45,20.68,45.66,3.33
2020-02-17 08:00:00,386.23,386.48,24.56,36.1,2.82
2020-02-17 09:00:00,610.95,610.95,29.52,23.75,3.67
2020-02-17 10:00:00,800.1,800.17,34.2,14.5,4.63
2020-02-17 11:00:00,907.33,907.47,36.74,11.7,4.23
2020-02-17 12:00:00,887.9,888.2,38.03,10.87,3.42
2020-02-17 13:00:00,828.7,828.97,38.51,10.6,2.75
2020-02-17 14:00:00,669.75,669.97,38.08,10.77,2.28
2020-02-17 15:00:00,473.23,473.6,37.22,11.38,1.85
2020-02-17 16:00:00,284.85,285.15,35.48,18.42,0.92
2020-02-17 17:00:00,72.0,72.1,32.88,26.94,0.74
2020-02-17 18:00:00,0.0,0.0,31.21,26.61,0.77
2020-02-17 19:00:00,0.0,0.0,30.0,29.06,0.69
2020-02-17 20:00:00,0.0,0.0,28.89,32.39,0.65
2020-02-17 21:00:00,0.0,0.0,27.85,35.52,0.71
2020-02-17 22:00:00,0.0,0.0,27.04,37.43,0.78
2020-02-17 23:00:00,0.0,0.0,26.4,39.32,0.83
2020-02-18 00:00:00,0.0,0.0,25.71,41.18,0.9
2020-02-18 01:00:00,0.0,0.0,24.94,44.04,0.96
2020-02-18 02:00:00,0.0,0.0,24.13,47.42,1.02
2020-02-18 03:00:00,0.0,0.0,23.13,51.14,1.06
2020-02-18 04:00:00,0.0,0.0,21.93,55.2,1.11
2020-02-18 05:00:00,0.0,0.0,21.06,57.45,1.29
2020-02-18 06:00:00,13.38,13.65,21.25,55.83,1.75
2020-02-18 07:00:00,139.65,141.62,23.35,47.46,3.24
2020-02-18 08:00:00,381.92,386.48,26.07,40.84,2.55
2020-02-18 09:00:00,547.78,550.03,30.7,30.39,2.11
2020-02-18 10:00:00,709.47,709.55,34.48,22.9,1.83
2020-02-18 11:00:00,817.9,818.05,36.37,19.21,1.74
2020-02-18 12:00:00,841.88,842.03,37.5,17.08,1.93
2020-02-18 13:00:00,768.83,768.97,38.1,15.95,2.14
2020-02-18 14:00:00,632.3,632.7,38.15,15.54,2.3
2020-02-18 15:00:00,480.45,480.85,37.82,15.55,2.49
2020-02-18 16:00:00,265.45,265.73,36.71,16.57,2.57
2020-02-18 17:00:00,66.35,66.43,32.55,29.27,1.31
2020-02-18 18:00:00,0.0,0.0,29.41,34.76,1.43
2020-02-18 19:00:00,0.0,0.0,28.07,37.72,1.5
2020-02-18 20:00:00,0.0,0.0,26.8,42.0,1.48
2020-02-18 21:00:00,0.0,0.0,25.65,47.23,1.39
2020-02-18 22:00:00,0.0,0.0,24.67,52.41,1.27
2020-02-18 23:00:00,0.0,0.0,23.87,56.72,1.16
2020-02-19 00:00:00,0.0,0.0,23.28,59.84,1.06
2020-02-19 01:00:00,0.0,0.0,22.82,62.05,1.0
2020-02-19 02:00:00,0.0,0.0,22.39,63.19,0.99
2020-02-19 03:00:00,0.0,0.0,21.68,64.15,1.0
2020-02-19 04:00:00,0.0,0.0,20.85,64.26,1.1
2020-02-19 05:00:00,0.0,0.0,20.15,62.46,1.3
2020-02-19 06:00:00,12.85,12.9,20.29,57.13,1.93
2020-02-19 07:00:00,131.75,134.2,22.15,47.03,3.25
2020-02-19 08:00:00,329.77,345.35,25.11,38.23,2.66
2020-02-19 09:00:00,505.38,547.05,29.48,27.14,2.78
2020-02-19 10:00:00,666.8,722.62,33.75,17.25,3.29
2020-02-19 11:00:00,757.0,828.3,36.01,13.15,3.35
2020-02-19 12:00:00,838.38,839.3,37.5,11.27,3.23
2020-02-19 13:00:00,774.38,777.67,38.18,10.5,3.08
2020-02-19 14:00:00,631.17,634.72,38.23,10.34,3.03
2020-02-19 15:00:00,481.48,484.7,37.64,10.73,3.08
2020-02-19 16:00:00,264.85,266.92,36.25,12.33,2.85
2020-02-19 17:00:00,65.85,66.32,31.71,24.28,1.51
2020-02-19 18:00:00,0.0,0.0,28.66,28.54,1.71
2020-02-19 19:00:00,0.0,0.0,27.53,30.72,1.82
2020-02-19 20:00:00,0.0,0.0,26.45,33.76,1.77
2020-02-19 21:00:00,0.0,0.0,25.48,36.84,1.64
2020-02-19 22:00:00,0.0,0.0,24.63,39.52,1.53
2020-02-19 23:00:00,0.0,0.0,23.83,41.82,1.52
2020-02-20 00:00:00,0.0,0.0,23.11,43.82,1.62
2020-02-20 01:00:00,0.0,0.0,22.46,46.24,1.67
2020-02-20 02:00:00,0.0,0.0,21.85,49.42,1.57
2020-02-20 03:00:00,0.0,0.0,21.32,52.78,1.47
2020-02-20 04:00:00,0.0,0.0,20.85,56.0,1.42
2020-02-20 05:00:00,0.0,0.0,20.41,59.08,1.44
2020-02-20 06:00:00,13.55,13.55,20.87,59.25,1.83
2020-02-20 07:00:00,160.15,160.2,23.29,52.47,3.39
2020-02-20 08:00:00,339.95,340.05,26.52,44.52,3.03
2020-02-20 09:00:00,551.92,552.0,31.37,31.74,3.91
2020-02-20 10:00:00,721.22,721.22,34.6,24.28,4.12
2020-02-20 11:00:00,828.3,828.3,36.47,20.68,3.69
2020-02-20 12:00:00,804.88,804.88,37.9,18.03,3.05
2020-02-20 13:00:00,743.67,743.67,38.51,16.51,2.53
2020-02-20 14:00:00,602.35,603.55,38.47,15.86,2.46
2020-02-20 15:00:00,393.17,394.9,37.9,15.9,2.56
2020-02-20 16:00:00,240.1,240.98,36.67,17.1,2.58
2020-02-20 17:00:00,60.95,60.9,32.65,28.26,1.48
2020-02-20 18:00:00,0.0,0.0,29.76,32.47,1.79
2020-02-20 19:00:00,0.0,0.0,28.68,33.76,2.12
2020-02-20 20:00:00,0.0,0.0,27.67,35.54,2.22
2020-02-20 21:00:00,0.0,0.0,26.67,37.61,2.07
2020-02-20 22:00:00,0.0,0.0,25.77,39.57,1.84
2020-02-20 23:00:00,0.0,0.0,25.25,41.05,1.72
2020-02-21 00:00:00,0.0,0.0,24.81,42.31,1.89
2020-02-21 01:00:00,0.0,0.0,24.13,44.71,2.27
2020-02-21 02:00:00,0.0,0.0,23.37,48.21,2.59
2020-02-21 03:00:00,0.0,0.0,22.46,52.44,2.52
2020-02-21 04:00:00,0.0,0.0,21.57,56.47,2.25
2020-02-21 05:00:00,0.0,0.0,20.82,59.88,2.06
2020-02-21 06:00:00,13.7,13.65,20.78,60.21,2.76
2020-02-21 07:00:00,154.02,154.5,22.45,54.07,3.36
2020-02-21 08:00:00,350.42,351.38,26.18,39.08,3.44
2020-02-21 09:00:00,569.85,570.88,30.54,25.68,4.68
2020-02-21 10:00:00,748.05,748.83,34.83,17.07,5.45
2020-02-21 11:00:00,855.22,855.33,37.21,14.64,4.94
2020-02-21 12:00:00,844.2,844.28,38.82,13.4,4.19
2020-02-21 13:00:00,781.58,781.62,39.58,12.83,3.82
2020-02-21 14:00:00,634.83,634.83,39.63,12.83,3.79
2020-02-21 15:00:00,441.12,441.17,38.96,13.47,3.7
2020-02-21 16:00:00,252.95,253.0,37.55,15.16,3.39
2020-02-21 17:00:00,62.85,62.88,33.43,25.05,1.93
2020-02-21 18:00:00,0.0,0.0,30.42,30.93,2.07
2020-02-21 19:00:00,0.0,0.0,29.22,33.82,2.08
2020-02-21 20:00:00,0.0,0.0,28.08,37.28,1.79
2020-02-21 21:00:00,0.0,0.0,27.13,40.56,1.46
2020-02-21 22:00:00,0.0,0.0,26.49,43.12,1.16
2020-02-21 23:00:00,0.0,0.0,25.91,44.79,1.11
2020-02-22 00:00:00,0.0,0.0,25.06,46.09,1.28
2020-02-22 01:00:00,0.0,0.0,24.36,46.74,1.73
2020-02-22 02:00:00,0.0,0.0,23.63,48.44,2.12
2020-02-22 03:00:00,0.0,0.0,22.76,51.01,2.24
2020-02-22 04:00:00,0.0,0.0,21.97,53.36,2.37
2020-02-22 05:00:00,0.0,0.0,21.3,55.8,2.56
2020-02-22 06:00:00,13.3,13.25,21.2,56.99,3.24
2020-02-22 07:00:00,150.12,150.2,22.94,51.86,3.64
2020-02-22 08:00:00,323.7,324.12,26.95,38.98,3.73
2020-02-22 09:00:00,529.83,530.92,31.72,25.49,5.08
2020-02-22 10:00:00,698.35,700.1,35.56,18.49,5.36
2020-02-22 11:00:00,799.33,805.25,37.62,16.53,4.56
2020-02-22 12:00:00,769.95,780.88,38.65,15.9,3.82
2020-02-22 13:00:00,710.42,717.35,39.14,15.76,3.58
2020-02-22 14:00:00,568.65,569.15,39.0,16.14,3.68
2020-02-22 15:00:00,380.35,391.75,38.22,17.18,3.84
2020-02-22 16:00:00,205.12,205.88,36.78,19.4,3.6
2020-02-22 17:00:00,54.08,53.65,33.27,28.56,1.95
2020-02-22 18:00:00,0.0,0.0,30.87,34.29,1.77
2020-02-22 19:00:00,0.0,0.0,30.02,36.77,1.67
2020-02-22 20:00:00,0.0,0.0,29.14,39.41,1.5
2020-02-22 21:00:00,0.0,0.0,28.33,41.47,1.42
2020-02-22 22:00:00,0.0,0.0,27.57,43.26,1.43
2020-02-22 23:00:00,0.0,0.0,26.76,45.54,1.45
2020-02-23 00:00:00,0.0,0.0,25.9,48.47,1.52
2020-02-23 01:00:00,0.0,0.0,25.11,51.38,1.83
2020-02-23 02:00:00,0.0,0.0,24.33,54.24,2.23
2020-02-23 03:00:00,0.0,0.0,23.5,56.96,2.52
2020-02-23 04:00:00,0.0,0.0,22.71,59.25,2.56
2020-02-23 05:00:00,0.0,0.0,22.02,60.87,2.6
2020-02-23 06:00:00,13.18,13.15,21.85,60.41,3.24
2020-02-23 07:00:00,153.5,153.55,23.28,54.27,3.68
2020-02-23 08:00:00,322.73,322.83,26.79,39.34,4.14
2020-02-23 09:00:00,534.45,534.6,31.09,24.02,5.87
2020-02-23 10:00:00,713.88,714.05,34.92,15.51,6.8
2020-02-23 11:00:00,835.45,835.6,37.32,12.92,6.67
2020-02-23 12:00:00,869.3,869.4,38.74,12.04,6.55
2020-02-23 13:00:00,813.83,813.88,39.19,11.95,6.61
2020-02-23 14:00:00,682.92,683.08,38.8,12.37,6.69
2020-02-23 15:00:00,489.08,489.38,37.79,13.21,6.6
2020-02-23 16:00:00,290.33,290.65,36.39,14.52,5.98
2020-02-23 17:00:00,78.38,78.45,33.2,20.1,3.32
2020-02-23 18:00:00,0.0,0.0,29.86,27.95,2.1
2020-02-23 19:00:00,0.0,0.0,28.62,31.13,1.85
2020-02-23 20:00:00,0.0,0.0,27.53,33.36,1.8
2020-02-23 21:00:00,0.0,0.0,26.43,35.32,1.89
2020-02-23 22:00:00,0.0,0.0,25.33,37.12,2.13
2020-02-23 23:00:00,0.0,0.0,24.09,39.28,2.4
2020-02-24 00:00:00,0.0,0.0,22.95,41.21,2.62
2020-02-24 01:00:00,0.0,0.0,22.05,42.08,2.94
2020-02-24 02:00:00,0.0,0.0,21.34,42.24,3.3
2020-02-24 03:00:00,0.0,0.0,20.73,42.3,3.37
2020-02-24 04:00:00,0.0,0.0,20.16,42.62,3.33
2020-02-24 05:00:00,0.0,0.0,19.64,42.93,3.38
2020-02-24 06:00:00,15.95,16.4,19.71,41.47,3.85
2020-02-24 07:00:00,154.0,158.25,21.59,35.98,4.22
2020-02-24 08:00:00,370.75,381.92,25.43,26.16,4.85
2020-02-24 09:00:00,550.8,591.05,29.88,16.56,7.38
2020-02-24 10:00:00,757.38,765.9,33.45,12.04,7.94
2020-02-24 11:00:00,846.95,868.3,36.01,9.93,7.48
2020-02-24 12:00:00,825.6,858.12,37.71,8.89,6.89
2020-02-24 13:00:00,773.0,794.4,38.66,8.25,6.4
2020-02-24 14:00:00,643.17,645.2,38.71,8.08,6.05
2020-02-24 15:00:00,439.65,440.8,37.89,8.54,5.57
2020-02-24 16:00:00,237.68,240.93,36.24,10.48,4.45
2020-02-24 17:00:00,65.32,63.12,32.46,17.86,2.44
2020-02-24 18:00:00,0.0,0.0,29.53,24.11,2.0
2020-02-24 19:00:00,0.0,0.0,28.08,28.37,1.72
2020-02-24 20:00:00,0.0,0.0,26.65,32.81,1.48
2020-02-24 21:00:00,0.0,0.0,25.55,36.38,1.4
2020-02-24 22:00:00,0.0,0.0,24.64,39.33,1.39
2020-02-24 23:00:00,0.0,0.0,23.58,42.51,1.46
2020-02-25 00:00:00,0.0,0.0,22.71,44.33,1.8
2020-02-25 01:00:00,0.0,0.0,21.92,46.14,2.26
2020-02-25 02:00:00,0.0,0.0,21.3,47.28,2.88
2020-02-25 03:00:00,0.0,0.0,20.72,47.96,3.53
2020-02-25 04:00:00,0.0,0.0,20.15,48.21,4.01
2020-02-25 05:00:00,0.0,0.0,19.71,47.72,4.38
2020-02-25 06:00:00,14.55,14.68,19.83,45.41,4.9
2020-02-25 07:00:00,165.65,166.9,21.93,38.31,4.86
2020-02-25 08:00:00,333.27,334.9,26.17,25.13,6.34
2020-02-25 09:00:00,545.3,546.55,30.19,17.56,7.52
2020-02-25 10:00:00,718.7,718.7,33.59,13.81,7.54
2020-02-25 11:00:00,807.3,823.93,35.85,12.14,6.8
2020-02-25 12:00:00,907.12,907.12,37.24,11.34,6.02
2020-02-25 13:00:00,839.58,839.58,37.96,10.98,5.41
2020-02-25 14:00:00,701.95,702.0,38.04,10.98,4.98
2020-02-25 15:00:00,499.6,499.73,37.47,11.41,4.59
2020-02-25 16:00:00,295.65,295.77,36.11,12.72,4.14
2020-02-25 17:00:00,78.75,78.78,32.04,20.87,2.21
2020-02-25 18:00:00,0.0,0.0,28.67,27.14,2.09
2020-02-25 19:00:00,0.0,0.0,27.49,29.49,2.13
2020-02-25 20:00:00,0.0,0.0,26.39,32.17,1.92
2020-02-25 21:00:00,0.0,0.0,25.44,34.48,1.67
2020-02-25 22:00:00,0.0,0.0,24.66,36.27,1.54
2020-02-25 23:00:00,0.0,0.0,23.88,37.83,1.56
2020-02-26 00:00:00,0.0,0.0,23.04,39.43,1.78
2020-02-26 01:00:00,0.0,0.0,22.12,41.67,2.13
2020-02-26 02:00:00,0.0,0.0,21.09,44.38,2.37
2020-02-26 03:00:00,0.0,0.0,20.02,47.08,2.24
2020-02-26 04:00:00,0.0,0.0,19.08,49.22,1.99
2020-02-26 05:00:00,0.0,0.0,18.38,50.63,1.9
2020-02-26 06:00:00,17.02,17.02,18.67,48.58,2.71
2020-02-26 07:00:00,162.02,164.93,20.92,41.38,3.29
2020-02-26 08:00:00,369.5,385.08,25.21,30.0,3.33
2020-02-26 09:00:00,578.38,605.92,30.36,18.84,4.7
2020-02-26 10:00:00,741.88,778.62,34.56,13.76,5.12
2020-02-26 11:00:00,834.47,878.83,36.65,12.56,4.31
2020-02-26 12:00:00,812.62,839.15,37.79,12.25,3.47
2020-02-26 13:00:00,746.88,770.6,38.44,12.26,2.85
2020-02-26 14:00:00,606.67,630.8,38.52,12.43,2.54
2020-02-26 15:00:00,420.65,437.67,37.99,12.9,2.49
2020-02-26 16:00:00,232.1,238.35,36.76,13.99,2.55
2020-02-26 17:00:00,62.22,63.17,32.84,24.03,1.42
2020-02-26 18:00:00,0.0,0.0,29.6,28.69,1.56
2020-02-26 19:00:00,0.0,0.0,28.41,30.48,1.67
2020-02-26 20:00:00,0.0,0.0,27.32,32.99,1.56
2020-02-26 21:00:00,0.0,0.0,26.39,35.54,1.41
2020-02-26 22:00:00,0.0,0.0,25.59,37.55,1.35
2020-02-26 23:00:00,0.0,0.0,24.83,39.29,1.36
2020-02-27 00:00:00,0.0,0.0,24.11,41.15,1.42
2020-02-27 01:00:00,0.0,0.0,23.46,43.81,1.43
2020-02-27 02:00:00,0.0,0.0,22.9,47.33,1.35
2020-02-27 03:00:00,0.0,0.0,22.4,51.46,1.19
2020-02-27 04:00:00,0.0,0.0,22.03,55.45,1.03
2020-02-27 05:00:00,0.0,0.0,21.82,59.27,0.88
2020-02-27 06:00:00,15.12,15.12,22.18,61.65,0.67
2020-02-27 07:00:00,152.23,152.23,24.23,56.18,0.83
2020-02-27 08:00:00,327.58,327.58,27.82,48.74,1.52
2020-02-27 09:00:00,533.08,533.08,32.32,37.43,2.42
2020-02-27 10:00:00,704.55,704.55,35.0,29.21,1.94
2020-02-27 11:00:00,807.22,807.22,36.86,23.81,1.5
2020-02-27 12:00:00,834.6,834.6,37.79,20.74,1.51
2020-02-27 13:00:00,771.33,771.33,38.36,18.64,1.72
2020-02-27 14:00:00,629.67,629.8,38.45,17.4,1.92
2020-02-27 15:00:00,436.8,437.02,38.24,16.72,2.15
2020-02-27 16:00:00,228.75,228.95,37.18,17.44,2.09
2020-02-27 17:00:00,64.12,64.15,33.71,28.68,1.09
2020-02-27 18:00:00,0.0,0.0,30.93,31.96,1.37
2020-02-27 19:00:00,0.0,0.0,29.78,33.56,1.7
2020-02-27 20:00:00,0.0,0.0,28.79,36.64,1.95
2020-02-27 21:00:00,0.0,0.0,27.94,40.19,2.04
2020-02-27 22:00:00,0.0,0.0,27.14,43.7,1.92
2020-02-27 23:00:00,0.0,0.0,26.4,46.91,1.67
2020-02-28 00:00:00,0.0,0.0,25.75,49.53,1.49
2020-02-28 01:00:00,0.0,0.0,25.19,51.29,1.45
2020-02-28 02:00:00,0.0,0.0,24.68,52.1,1.62
2020-02-28 03:00:00,0.0,0.0,24.13,52.39,1.92
2020-02-28 04:00:00,0.0,0.0,23.47,52.08,2.22
2020-02-28 05:00:00,0.0,0.0,22.7,51.06,2.44
2020-02-28 06:00:00,14.55,14.6,22.4,47.84,2.92
2020-02-28 07:00:00,120.2,124.9,23.56,41.03,3.37
2020-02-28 08:00:00,281.48,299.85,26.23,33.52,3.07
2020-02-28 09:00:00,454.83,496.08,30.45,22.7,3.95
2020-02-28 10:00:00,603.12,660.5,34.51,15.27,4.83
2020-02-28 11:00:00,715.03,762.58,36.96,13.08,4.68
2020-02-28 12:00:00,767.3,816.25,38.39,12.67,4.44
2020-02-28 13:00:00,729.62,755.08,38.93,12.66,4.38
2020-02-28 14:00:00,608.62,614.6,38.78,12.91,4.42
2020-02-28 15:00:00,413.02,420.02,37.96,13.58,4.34
2020-02-28 16:00:00,221.75,225.3,36.59,14.96,3.93
2020-02-28 17:00:00,59.35,60.22,32.85,23.1,1.88
2020-02-28 18:00:00,0.0,0.0,29.73,29.64,1.49
2020-02-28 19:00:00,0.0,0.0,28.69,31.98,1.34
2020-02-28 20:00:00,0.0,0.0,28.04,33.48,1.23
2020-02-28 21:00:00,0.0,0.0,27.7,33.83,1.22
2020-02-28 22:00:00,0.0,0.0,27.31,34.08,1.25
2020-02-28 23:00:00,0.0,0.0,26.63,35.06,1.26
2020-02-29 00:00:00,0.0,0.0,25.61,36.92,1.27
2020-02-29 01:00:00,0.0,0.0,24.56,38.67,1.34
2020-02-29 02:00:00,0.0,0.0,23.64,40.04,1.52
2020-02-29 03:00:00,0.0,0.0,22.81,41.25,1.77
2020-02-29 04:00:00,0.0,0.0,21.97,42.77,1.87
2020-02-29 05:00:00,0.0,0.0,21.18,44.35,1.82
2020-02-29 06:00:00,15.5,15.52,21.29,43.26,2.28
2020-02-29 07:00:00,151.95,152.12,23.05,37.54,3.14
2020-02-29 08:00:00,328.92,329.15,26.06,31.74,2.68
2020-02-29 09:00:00,540.08,540.2,30.62,21.62,3.68
2020-02-29 10:00:00,728.35,728.35,34.86,14.38,5.1
2020-02-29 11:00:00,835.6,835.6,37.42,11.9,5.51
2020-02-29 12:00:00,828.79,845.86,38.96,11.02,5.62
2020-02-29 13:00:00,814.0,814.0,39.57,10.74,5.59
2020-02-29 14:00:00,670.88,671.62,39.51,10.79,5.46
2020-02-29 15:00:00,470.58,471.65,38.82,11.19,5.17
2020-02-29 16:00:00,276.65,277.58,37.47,12.24,4.47
2020-02-29 17:00:00,71.6,71.8,33.3,20.25,1.98
2020-02-29 18:00:00,0.0,0.0,29.93,27.0,1.52
2020-02-29 19:00:00,0.0,0.0,29.07,28.9,1.42
2020-02-29 20:00:00,0.0,0.0,28.56,29.79,1.35
2020-02-29 21:00:00,0.0,0.0,28.07,30.49,1.3
2020-02-29 22:00:00,0.0,0.0,27.35,31.93,1.28
2020-02-29 23:00:00,0.0,0.0,26.23,34.1,1.3
2020-03-01 00:00:00,0.0,0.0,25.2,35.1,1.46
2020-03-01 01:00:00,0.0,0.0,24.3,35.72,1.68
2020-03-01 02:00:00,0.0,0.0,23.41,36.74,1.82
2020-03-01 03:00:00,0.0,0.0,22.45,38.3,1.82
2020-03-01 04:00:00,0.0,0.0,21.24,41.05,1.66
2020-03-01 05:00:00,0.0,0.0,20.3,44.05,1.47
2020-03-01 06:00:00,18.38,18.42,20.42,44.22,1.89
2020-03-01 07:00:00,184.45,185.2,22.39,39.46,2.39
2020-03-01 08:00:00,379.15,380.35,26.36,30.76,2.19
2020-03-01 09:00:00,600.05,601.1,31.08,20.88,2.77
2020-03-01 10:00:00,783.78,784.4,35.58,14.15,3.49
2020-03-01 11:00:00,896.88,896.92,38.43,11.54,3.77
2020-03-01 12:00:00,944.08,944.12,39.69,10.88,3.76
2020-03-01 13:00:00,879.08,879.1,40.2,10.66,3.74
2020-03-01 14:00:00,727.17,727.17,40.11,10.79,3.67
2020-03-01 15:00:00,472.62,516.83,39.37,11.35,3.59
2020-03-01 16:00:00,228.75,274.02,38.03,12.56,3.35
2020-03-01 17:00:00,64.2,76.05,34.14,21.38,1.6
2020-03-01 18:00:00,0.0,0.0,30.89,27.18,1.39
2020-03-01 19:00:00,0.0,0.0,29.91,29.04,1.31
2020-03-01 20:00:00,0.0,0.0,29.36,30.35,1.22
2020-03-01 21:00:00,0.0,0.0,29.43,30.28,1.13
2020-03-01 22:00:00,0.0,0.0,28.92,31.86,1.13
2020-03-01 23:00:00,0.0,0.0,27.7,35.97,1.18
2020-03-02 00:00:00,0.0,0.0,26.67,40.44,1.22
2020-03-02 01:00:00,0.0,0.0,25.85,46.45,1.17
2020-03-02 02:00:00,0.0,0.0,25.49,52.41,0.98
2020-03-02 03:00:00,0.0,0.0,25.36,57.0,0.77
2020-03-02 04:00:00,0.0,0.0,25.25,60.0,0.62
2020-03-02 05:00:00,0.0,0.0,25.0,61.78,0.46
2020-03-02 06:00:00,18.85,19.25,25.05,61.95,0.34
2020-03-02 07:00:00,152.5,161.85,26.98,55.13,1.34
2020-03-02 08:00:00,355.33,382.73,29.82,45.57,2.41
2020-03-02 09:00:00,549.88,601.58,32.99,35.53,2.58
2020-03-02 10:00:00,741.17,774.58,35.86,26.43,2.13
2020-03-02 11:00:00,834.08,873.08,37.81,20.47,1.7
2020-03-02 12:00:00,828.47,851.75,39.05,16.85,1.61
2020-03-02 13:00:00,754.35,787.8,39.71,14.68,1.85
2020-03-02 14:00:00,610.35,644.83,39.84,13.51,2.15
2020-03-02 15:00:00,413.48,446.8,39.38,13.29,2.37
2020-03-02 16:00:00,229.62,239.35,38.37,14.1,2.33
2020-03-02 17:00:00,64.72,64.6,35.14,24.9,1.02
2020-03-02 18:00:00,0.0,0.0,32.8,29.12,1.03
2020-03-02 19:00:00,0.0,0.0,32.19,30.52,1.01
2020-03-02 20:00:00,0.0,0.0,30.9,35.08,1.09
2020-03-02 21:00:00,0.0,0.0,29.85,41.35,1.32
2020-03-02 22:00:00,0.0,0.0,29.31,49.22,1.88
2020-03-02 23:00:00,0.0,0.0,28.88,58.45,2.49
2020-03-03 00:00:00,0.0,0.0,28.35,66.4,2.65
2020-03-03 01:00:00,0.0,0.0,27.9,71.71,2.6
2020-03-03 02:00:00,0.0,0.0,27.47,75.56,2.34
2020-03-03 03:00:00,0.0,0.0,26.99,78.81,1.97
2020-03-03 04:00:00,0.0,0.0,26.47,81.79,1.57
2020-03-03 05:00:00,0.0,0.0,25.79,85.54,1.12
2020-03-03 06:00:00,17.73,18.58,26.01,84.7,1.5
2020-03-03 07:00:00,151.3,154.52,28.4,70.55,2.37
2020-03-03 08:00:00,351.62,351.77,31.47,55.24,2.78
2020-03-03 09:00:00,560.83,561.33,33.78,46.49,2.54
2020-03-03 10:00:00,742.47,750.3,35.71,39.77,2.1
2020-03-03 11:00:00,848.42,850.38,37.33,34.05,1.6
2020-03-03 12:00:00,867.72,869.17,38.56,29.61,1.45
2020-03-03 13:00:00,761.8,808.45,39.3,26.54,1.67
2020-03-03 14:00:00,622.08,668.42,39.46,24.84,1.99
2020-03-03 15:00:00,417.88,470.15,38.93,24.48,2.12
2020-03-03 16:00:00,188.23,247.32,37.97,25.34,2.04
2020-03-03 17:00:00,48.4,68.62,35.9,33.05,1.15
2020-03-03 18:00:00,0.0,0.0,33.48,40.07,1.19
2020-03-03 19:00:00,0.0,0.0,32.42,42.99,1.55
2020-03-03 20:00:00,0.0,0.0,31.48,47.83,1.98
2020-03-03 21:00:00,0.0,0.0,30.59,53.7,2.34
2020-03-03 22:00:00,0.0,0.0,29.69,60.05,2.43
2020-03-03 23:00:00,0.0,0.0,28.86,65.93,2.31
2020-03-04 00:00:00,0.0,0.0,28.26,70.1,2.15
2020-03-04 01:00:00,0.0,0.0,27.76,73.34,1.84
2020-03-04 02:00:00,0.0,0.0,27.27,76.43,1.34
2020-03-04 03:00:00,0.0,0.0,26.81,79.42,0.94
2020-03-04 04:00:00,0.0,0.0,26.4,82.17,0.68
2020-03-04 05:00:00,0.0,0.0,26.09,84.5,0.56
2020-03-04 06:00:00,19.15,18.83,26.36,83.7,0.91
2020-03-04 07:00:00,152.75,154.1,28.26,72.75,1.81
2020-03-04 08:00:00,339.4,354.1,30.78,59.24,2.06
2020-03-04 09:00:00,561.5,564.85,33.15,48.41,1.4
2020-03-04 10:00:00,663.17,733.83,35.34,39.47,0.81
2020-03-04 11:00:00,687.7,835.03,37.21,32.91,1.49
2020-03-04 12:00:00,648.7,820.08,38.37,29.5,2.11
2020-03-04 13:00:00,712.95,755.42,38.95,27.74,2.49
2020-03-04 14:00:00,536.15,614.33,38.98,27.13,2.7
2020-03-04 15:00:00,356.08,420.15,38.52,27.34,2.71
2020-03-04 16:00:00,187.98,222.23,37.59,28.46,2.55
2020-03-04 17:00:00,50.97,59.33,35.82,34.27,1.42
2020-03-04 18:00:00,0.0,0.0,33.64,42.66,0.92
2020-03-04 19:00:00,0.0,0.0,32.77,44.6,1.02
2020-03-04 20:00:00,0.0,0.0,31.83,47.03,1.16
2020-03-04 21:00:00,0.0,0.0,30.88,50.47,1.31
2020-03-04 22:00:00,0.0,0.0,30.05,54.73,1.54
2020-03-04 23:00:00,0.0,0.0,29.4,59.32,1.96
2020-03-05 00:00:00,0.0,0.0,28.73,64.05,2.14
2020-03-05 01:00:00,0.0,0.0,28.13,68.09,2.01
2020-03-05 02:00:00,0.0,0.0,27.61,71.34,1.66
2020-03-05 03:00:00,0.0,0.0,27.16,74.11,1.23
2020-03-05 04:00:00,0.0,0.0,26.77,76.52,0.77
2020-03-05 05:00:00,0.0,0.0,26.57,77.57,0.46
2020-03-05 06:00:00,18.35,17.9,26.77,75.7,0.6
2020-03-05 07:00:00,145.85,145.05,28.7,64.03,0.84
2020-03-05 08:00:00,329.25,337.7,31.28,52.33,1.5
2020-03-05 09:00:00,539.42,547.42,33.5,44.03,1.5
2020-03-05 10:00:00,718.55,718.55,35.7,35.69,1.4
2020-03-05 11:00:00,818.97,818.97,37.68,28.38,1.92
2020-03-05 12:00:00,902.88,902.88,39.12,23.16,2.6
2020-03-05 13:00:00,838.78,838.78,39.88,19.6,3.14
2020-03-05 14:00:00,685.47,693.5,39.99,17.11,3.45
2020-03-05 15:00:00,480.85,491.08,39.6,15.55,3.54
2020-03-05 16:00:00,255.12,261.4,38.54,15.05,3.35
2020-03-05 17:00:00,72.28,71.55,35.33,21.99,1.56
2020-03-05 18:00:00,0.0,0.0,32.04,28.82,1.17
2020-03-05 19:00:00,0.0,0.0,31.34,30.42,0.99
2020-03-05 20:00:00,0.0,0.0,31.5,30.64,0.67
2020-03-05 21:00:00,0.0,0.0,31.27,32.29,0.42
2020-03-05 22:00:00,0.0,0.0,29.29,41.07,1.0
2020-03-05 23:00:00,0.0,0.0,27.34,51.52,1.17
2020-03-06 00:00:00,0.0,0.0,26.44,60.75,1.22
2020-03-06 01:00:00,0.0,0.0,25.9,69.07,1.19
2020-03-06 02:00:00,0.0,0.0,25.5,74.97,1.1
2020-03-06 03:00:00,0.0,0.0,25.16,78.3,1.01
2020-03-06 04:00:00,0.0,0.0,24.89,79.19,0.96
2020-03-06 05:00:00,0.0,0.0,24.74,77.94,0.97
2020-03-06 06:00:00,18.83,21.08,25.43,71.63,1.56
2020-03-06 07:00:00,158.73,170.57,27.77,59.38,2.69
2020-03-06 08:00:00,391.48,397.7,31.02,49.01,3.35
2020-03-06 09:00:00,607.85,618.85,33.89,40.27,3.3
2020-03-06 10:00:00,791.9,792.97,35.98,33.27,2.29
2020-03-06 11:00:00,880.6,895.47,37.52,28.03,1.07
2020-03-06 12:00:00,898.7,914.92,38.84,24.05,0.44
2020-03-06 13:00:00,856.2,857.97,39.69,21.7,1.02
2020-03-06 14:00:00,716.78,717.72,39.88,20.93,1.57
2020-03-06 15:00:00,504.1,517.62,39.38,21.42,2.05
2020-03-06 16:00:00,270.35,284.62,38.31,23.2,2.67
2020-03-06 17:00:00,73.72,79.05,36.13,29.15,2.98
2020-03-06 18:00:00,0.0,0.0,33.69,36.96,3.88
2020-03-06 19:00:00,0.0,0.0,32.29,44.15,5.06
2020-03-06 20:00:00,0.0,0.0,30.86,51.68,4.91
2020-03-06 21:00:00,0.0,0.0,29.94,55.82,4.13
2020-03-06 22:00:00,0.0,0.0,29.29,58.07,3.33
2020-03-06 23:00:00,0.0,0.0,28.62,60.11,2.89
2020-03-07 00:00:00,0.0,0.0,27.82,62.93,2.63
2020-03-07 01:00:00,0.0,0.0,27.04,66.13,2.48
2020-03-07 02:00:00,0.0,0.0,26.31,69.88,2.29
2020-03-07 03:00:00,0.0,0.0,25.71,73.92,2.17
2020-03-07 04:00:00,0.0,0.0,25.21,78.22,2.07
2020-03-07 05:00:00,0.0,0.0,24.81,82.51,1.88
2020-03-07 06:00:00,22.35,24.85,25.12,82.98,2.49
2020-03-07 07:00:00,189.07,204.93,27.97,67.44,3.56
2020-03-07 08:00:00,420.83,448.55,31.51,50.47,4.03
2020-03-07 09:00:00,651.38,672.33,34.31,39.51,3.52
2020-03-07 10:00:00,843.62,843.62,36.47,33.19,2.66
2020-03-07 11:00:00,940.22,942.8,37.99,29.43,1.87
2020-03-07 12:00:00,947.2,952.42,39.12,26.63,1.41
2020-03-07 13:00:00,866.2,887.92,39.73,24.86,1.41
2020-03-07 14:00:00,716.08,747.88,39.84,24.0,1.64
2020-03-07 15:00:00,458.8,545.28,39.39,23.87,1.9
2020-03-07 16:00:00,223.95,305.9,38.44,24.48,2.31
2020-03-07 17:00:00,58.65,86.28,36.65,28.22,2.22
2020-03-07 18:00:00,0.0,0.0,34.81,33.64,2.61
2020-03-07 19:00:00,0.0,0.0,33.7,37.8,3.72
2020-03-07 20:00:00,0.0,0.0,32.28,44.39,3.75
2020-03-07 21:00:00,0.0,0.0,31.0,50.83,3.44
2020-03-07 22:00:00,0.0,0.0,30.02,55.8,3.18
2020-03-07 23:00:00,0.0,0.0,29.23,59.35,2.84
2020-03-08 00:00:00,0.0,0.0,28.56,62.03,2.53
2020-03-08 01:00:00,0.0,0.0,27.92,64.84,2.36
2020-03-08 02:00:00,0.0,0.0,27.32,67.99,2.37
2020-03-08 03:00:00,0.0,0.0,26.77,71.59,2.48
2020-03-08 04:00:00,0.0,0.0,26.25,75.72,2.51
2020-03-08 05:00:00,0.0,0.0,25.74,79.83,2.34
2020-03-08 06:00:00,22.98,24.8,25.9,80.12,2.86
2020-03-08 07:00:00,190.95,205.12,28.38,67.02,4.12
2020-03-08 08:00:00,436.85,447.75,31.64,52.31,4.43
2020-03-08 09:00:00,657.5,668.92,34.43,42.15,3.8
2020-03-08 10:00:00,831.1,838.12,36.57,35.49,2.82
2020-03-08 11:00:00,936.42,936.45,38.11,30.94,1.78
2020-03-08 12:00:00,957.65,958.47,39.24,27.73,0.86
2020-03-08 13:00:00,857.33,891.1,39.77,25.95,0.68
2020-03-08 14:00:00,615.17,750.97,39.65,25.44,1.04
2020-03-08 15:00:00,408.17,549.28,39.08,25.68,1.37
2020-03-08 16:00:00,213.65,309.5,38.19,26.47,1.63
2020-03-08 17:00:00,65.28,87.07,36.74,31.51,1.2
2020-03-08 18:00:00,0.0,0.0,34.62,40.63,0.87
2020-03-08 19:00:00,0.0,0.0,33.73,42.04,1.06
2020-03-08 20:00:00,0.0,0.0,32.54,45.1,1.12
2020-03-08 21:00:00,0.0,0.0,31.5,48.54,1.12
2020-03-08 22:00:00,0.0,0.0,30.66,51.95,1.13
2020-03-08 23:00:00,0.0,0.0,29.95,55.24,1.1
2020-03-09 00:00:00,0.0,0.0,29.3,58.55,1.08
2020-03-09 01:00:00,0.0,0.0,28.7,62.01,1.14
2020-03-09 02:00:00,0.0,0.0,28.2,65.36,1.28
2020-03-09 03:00:00,0.0,0.0,27.84,68.44,1.56
2020-03-09 04:00:00,0.0,0.0,27.52,71.56,1.88
2020-03-09 05:00:00,0.0,0.0,27.14,75.12,2.04
2020-03-09 06:00:00,21.1,23.98,27.37,75.79,2.68
2020-03-09 07:00:00,157.82,193.88,30.0,61.96,3.5
2020-03-09 08:00:00,339.95,427.35,33.15,47.75,3.39
2020-03-09 09:00:00,551.22,643.12,35.66,39.5,2.31
2020-03-09 10:00:00,730.12,808.15,37.53,34.12,1.42
2020-03-09 11:00:00,772.7,903.05,39.0,29.98,1.26
2020-03-09 12:00:00,863.35,920.47,39.97,27.43,1.63
2020-03-09 13:00:00,723.97,854.6,40.36,26.21,2.09
2020-03-09 14:00:00,577.17,712.33,40.25,25.71,2.4
2020-03-09 15:00:00,425.02,509.6,39.71,25.73,2.42
2020-03-09 16:00:00,212.68,275.8,38.72,26.77,2.23
2020-03-09 17:00:00,57.35,75.22,37.17,30.93,1.59
2020-03-09 18:00:00,0.0,0.0,34.8,39.11,1.44
2020-03-09 19:00:00,0.0,0.0,34.01,40.5,2.79
2020-03-09 20:00:00,0.0,0.0,33.1,45.14,3.82
2020-03-09 21:00:00,0.0,0.0,32.08,50.75,4.22
2020-03-09 22:00:00,0.0,0.0,31.25,55.27,4.41
2020-03-09 23:00:00,0.0,0.0,30.51,58.9,4.47
2020-03-10 00:00:00,0.0,0.0,29.8,62.24,4.32
2020-03-10 01:00:00,0.0,0.0,29.08,65.69,3.99
2020-03-10 02:00:00,0.0,0.0,28.45,69.02,3.57
2020-03-10 03:00:00,0.0,0.0,27.96,71.75,3.12
2020-03-10 04:00:00,0.0,0.0,27.6,73.91,2.58
2020-03-10 05:00:00,0.0,0.0,27.31,75.64,2.02
2020-03-10 06:00:00,20.3,23.25,27.53,75.07,2.34
2020-03-10 07:00:00,159.5,179.68,29.06,68.16,3.62
2020-03-10 08:00:00,375.5,405.9,31.06,59.29,4.04
2020-03-10 09:00:00,584.8,620.28,32.54,52.81,3.87
2020-03-10 10:00:00,725.85,785.12,33.54,48.47,3.56
2020-03-10 11:00:00,802.3,879.72,34.71,44.22,3.36
2020-03-10 12:00:00,820.03,900.2,35.79,40.37,3.22
2020-03-10 13:00:00,815.97,839.75,36.16,37.74,2.83
2020-03-10 14:00:00,653.95,695.83,35.99,36.14,2.24
2020-03-10 15:00:00,451.02,489.77,35.71,35.45,1.97
2020-03-10 16:00:00,239.18,255.6,35.3,35.89,1.93
2020-03-10 17:00:00,62.92,68.68,33.84,44.86,1.13
2020-03-10 18:00:00,0.0,0.0,31.91,55.47,0.97
2020-03-10 19:00:00,0.0,0.0,31.32,54.44,1.27
2020-03-10 20:00:00,0.0,0.0,30.82,53.24,1.62
2020-03-10 21:00:00,0.0,0.0,30.25,53.26,1.92
2020-03-10 22:00:00,0.0,0.0,29.65,54.0,2.23
2020-03-10 23:00:00,0.0,0.0,29.04,55.18,2.47
2020-03-11 00:00:00,0.0,0.0,28.43,56.4,2.63
2020-03-11 01:00:00,0.0,0.0,27.92,57.11,2.74
2020-03-11 02:00:00,0.0,0.0,27.41,57.95,2.56
2020-03-11 03:00:00,0.0,0.0,26.77,59.63,2.21
2020-03-11 04:00:00,0.0,0.0,26.11,61.58,2.03
2020-03-11 05:00:00,0.0,0.0,25.29,64.49,1.83
2020-03-11 06:00:00,19.52,24.33,25.28,63.66,2.37
2020-03-11 07:00:00,129.43,187.8,27.03,54.77,3.06
2020-03-11 08:00:00,288.77,420.65,29.78,40.37,3.34
2020-03-11 09:00:00,474.55,645.35,32.51,27.16,2.83
2020-03-11 10:00:00,714.08,815.1,34.83,19.09,2.02
2020-03-11 11:00:00,671.33,909.95,36.56,15.07,1.48
2020-03-11 12:00:00,694.05,962.6,37.49,13.16,1.05
2020-03-11 13:00:00,711.5,895.62,37.62,12.44,0.64
2020-03-11 14:00:00,666.1,749.33,37.18,12.56,0.4
2020-03-11 15:00:00,514.67,540.17,36.73,13.21,0.74
2020-03-11 16:00:00,268.35,289.15,36.01,16.26,0.94
2020-03-11 17:00:00,78.15,81.62,33.58,30.84,0.86
2020-03-11 18:00:00,0.0,0.0,31.3,33.21,1.29
2020-03-11 19:00:00,0.0,0.0,30.02,36.79,1.55
2020-03-11 20:00:00,0.0,0.0,29.04,42.94,1.8
2020-03-11 21:00:00,0.0,0.0,28.34,50.88,2.13
2020-03-11 22:00:00,0.0,0.0,27.48,59.81,2.38
2020-03-11 23:00:00,0.0,0.0,26.55,68.59,2.33
2020-03-12 00:00:00,0.0,0.0,25.7,76.9,2.08
2020-03-12 01:00:00,0.0,0.0,24.95,83.42,1.72
2020-03-12 02:00:00,0.0,0.0,24.34,88.42,1.44
2020-03-12 03:00:00,0.0,0.0,23.93,91.97,1.31
2020-03-12 04:00:00,0.0,0.0,23.76,93.36,1.34
2020-03-12 05:00:00,0.0,0.0,23.57,94.17,1.36
2020-03-12 06:00:00,25.98,27.33,24.0,90.17,2.11
2020-03-12 07:00:00,192.7,204.88,26.34,73.44,2.88
2020-03-12 08:00:00,443.2,447.55,30.45,47.62,3.54
2020-03-12 09:00:00,666.38,669.15,34.16,31.55,3.2
2020-03-12 10:00:00,846.33,846.72,36.99,22.02,2.07
2020-03-12 11:00:00,940.9,941.65,38.58,17.69,1.14
2020-03-12 12:00:00,990.65,993.1,39.67,15.13,0.57
2020-03-12 13:00:00,862.85,927.35,40.4,13.63,0.75
2020-03-12 14:00:00,689.55,785.0,40.64,12.98,1.24
2020-03-12 15:00:00,457.48,579.05,40.3,12.91,1.61
2020-03-12 16:00:00,258.38,333.75,39.32,13.61,1.8
2020-03-12 17:00:00,85.65,98.15,36.27,25.28,0.89
2020-03-12 18:00:00,0.0,0.0,33.73,28.91,0.96
2020-03-12 19:00:00,0.0,0.0,31.92,32.26,1.17
2020-03-12 20:00:00,0.0,0.0,29.95,34.37,1.5
2020-03-12 21:00:00,0.0,0.0,28.76,35.44,1.98
2020-03-12 22:00:00,0.0,0.0,27.77,39.49,2.31
2020-03-12 23:00:00,0.0,0.0,26.81,45.91,2.31
2020-03-13 00:00:00,0.0,0.0,25.95,52.77,2.06
2020-03-13 01:00:00,0.0,0.0,25.18,58.93,1.74
2020-03-13 02:00:00,0.0,0.0,24.46,64.77,1.38
2020-03-13 03:00:00,0.0,0.0,23.79,70.88,1.15
2020-03-13 04:00:00,0.0,0.0,23.25,76.5,1.03
2020-03-13 05:00:00,0.0,0.0,22.82,81.23,0.92
2020-03-13 06:00:00,26.12,30.25,23.62,79.46,1.63
2020-03-13 07:00:00,204.12,221.6,26.65,65.94,2.74
2020-03-13 08:00:00,459.98,460.55,30.74,49.66,3.57
2020-03-13 09:00:00,678.88,679.53,34.43,37.15,3.68
2020-03-13 10:00:00,845.47,845.7,36.75,30.93,3.13
2020-03-13 11:00:00,940.58,940.85,38.41,26.97,2.44
2020-03-13 12:00:00,861.33,927.65,39.55,24.31,1.81
2020-03-13 13:00:00,856.92,860.58,40.17,22.77,1.33
2020-03-13 14:00:00,659.55,716.88,40.26,22.21,0.94
2020-03-13 15:00:00,432.58,509.85,39.91,22.3,0.76
2020-03-13 16:00:00,203.8,266.52,39.13,23.09,1.03
2020-03-13 17:00:00,54.58,73.25,37.29,29.16,1.1
2020-03-13 18:00:00,0.0,0.0,34.52,38.4,1.29
2020-03-13 19:00:00,0.0,0.0,33.48,41.33,2.31
2020-03-13 20:00:00,0.0,0.0,32.42,47.86,3.04
2020-03-13 21:00:00,0.0,0.0,31.61,54.88,3.61
2020-03-13 22:00:00,0.0,0.0,30.86,60.86,3.73
2020-03-13 23:00:00,0.0,0.0,30.22,64.76,3.47
2020-03-14 00:00:00,0.0,0.0,29.75,66.86,3.01
2020-03-14 01:00:00,0.0,0.0,29.32,68.58,2.59
2020-03-14 02:00:00,0.0,0.0,28.83,70.83,2.27
2020-03-14 03:00:00,0.0,0.0,28.38,73.15,2.14
2020-03-14 04:00:00,0.0,0.0,27.96,75.6,2.0
2020-03-14 05:00:00,0.0,0.0,27.48,78.95,1.68
2020-03-14 06:00:00,23.75,26.23,27.65,79.5,2.2
2020-03-14 07:00:00,149.62,188.7,29.52,69.61,2.77
2020-03-14 08:00:00,319.02,411.35,31.36,61.04,2.66
2020-03-14 09:00:00,484.17,619.7,32.28,58.15,2.11
2020-03-14 10:00:00,658.75,778.65,33.06,56.54,2.05
2020-03-14 11:00:00,705.8,867.45,33.41,56.1,2.43
2020-03-14 12:00:00,657.95,798.83,33.28,57.0,2.7
2020-03-14 13:00:00,683.05,729.47,33.05,57.72,2.74
2020-03-14 14:00:00,527.38,593.72,32.76,58.36,2.66
2020-03-14 15:00:00,360.98,411.27,32.23,59.74,2.37
2020-03-14 16:00:00,199.27,221.8,31.53,64.48,1.75
2020-03-14 17:00:00,50.15,59.72,30.45,70.06,1.46
2020-03-14 18:00:00,0.0,0.0,29.2,83.15,1.0
2020-03-14 19:00:00,0.0,0.0,28.56,82.98,1.4
2020-03-14 20:00:00,0.0,0.0,28.0,83.1,2.03
2020-03-14 21:00:00,0.0,0.0,27.47,84.8,2.62
2020-03-14 22:00:00,0.0,0.0,27.01,87.06,2.78
2020-03-14 23:00:00,0.0,0.0,26.63,89.1,2.49
2020-03-15 00:00:00,0.0,0.0,26.32,90.76,2.0
2020-03-15 01:00:00,0.0,0.0,26.08,92.05,1.79
2020-03-15 02:00:00,0.0,0.0,25.89,93.13,1.77
2020-03-15 03:00:00,0.0,0.0,25.72,94.21,1.51
2020-03-15 04:00:00,0.0,0.0,25.55,94.99,0.98
2020-03-15 05:00:00,0.0,0.0,25.35,95.87,0.68
2020-03-15 06:00:00,22.4,22.83,25.76,93.63,1.04
2020-03-15 07:00:00,150.2,152.77,27.58,79.54,1.44
2020-03-15 08:00:00,328.25,334.3,30.02,65.05,1.28
2020-03-15 09:00:00,523.17,531.17,32.28,56.59,1.01
2020-03-15 10:00:00,665.72,689.78,33.92,51.13,1.3
2020-03-15 11:00:00,725.17,792.08,35.15,46.7,1.68
2020-03-15 12:00:00,767.97,883.83,36.09,43.13,1.99
2020-03-15 13:00:00,712.4,815.5,36.52,40.68,2.23
2020-03-15 14:00:00,591.8,669.97,36.29,40.08,2.4
2020-03-15 15:00:00,393.42,466.33,35.64,40.8,2.58
2020-03-15 16:00:00,217.43,254.02,34.65,43.14,2.75
2020-03-15 17:00:00,54.33,69.32,32.77,52.43,2.18
2020-03-15 18:00:00,0.0,0.0,30.85,61.62,2.28
2020-03-15 19:00:00,0.0,0.0,30.05,65.59,2.72
2020-03-15 20:00:00,0.0,0.0,29.25,70.34,2.49
2020-03-15 21:00:00,0.0,0.0,28.62,73.94,2.12
2020-03-15 22:00:00,0.0,0.0,28.17,76.13,1.91
2020-03-15 23:00:00,0.0,0.0,27.78,77.59,1.85
2020-03-16 00:00:00,0.0,0.0,27.43,78.62,1.93
2020-03-16 01:00:00,0.0,0.0,27.08,79.72,2.02
2020-03-16 02:00:00,0.0,0.0,26.69,81.2,1.98
2020-03-16 03:00:00,0.0,0.0,26.3,82.88,1.81
2020-03-16 04:00:00,0.0,0.0,25.84,85.07,1.52
2020-03-16 05:00:00,0.0,0.0,25.42,87.25,1.23
2020-03-16 06:00:00,27.23,28.1,25.77,85.66,1.84
2020-03-16 07:00:00,173.35,190.57,28.06,73.37,2.46
2020-03-16 08:00:00,355.65,407.92,31.45,57.16,3.08
2020-03-16 09:00:00,559.0,632.8,33.65,49.31,2.43
2020-03-16 10:00:00,756.22,799.33,35.27,44.31,1.63
2020-03-16 11:00:00,793.62,888.17,36.47,40.53,1.37
2020-03-16 12:00:00,867.47,961.4,37.35,37.32,1.65
2020-03-16 13:00:00,838.92,896.62,37.81,35.12,2.07
2020-03-16 14:00:00,684.3,749.12,37.76,34.38,2.49
2020-03-16 15:00:00,503.9,544.92,37.21,34.89,2.65
2020-03-16 16:00:00,260.6,305.77,36.22,36.89,2.67
2020-03-16 17:00:00,70.97,88.35,34.3,45.73,1.89
2020-03-16 18:00:00,0.0,0.0,32.18,55.4,1.71
2020-03-16 19:00:00,0.0,0.0,31.39,57.71,2.18
2020-03-16 20:00:00,0.0,0.0,30.67,61.09,2.34
2020-03-16 21:00:00,0.0,0.0,30.26,63.69,2.5
2020-03-16 22:00:00,0.0,0.0,29.83,66.32,2.53
2020-03-16 23:00:00,0.0,0.0,29.44,68.67,2.54
2020-03-17 00:00:00,0.0,0.0,29.03,71.12,2.55
2020-03-17 01:00:00,0.0,0.0,28.64,73.53,2.56
2020-03-17 02:00:00,0.0,0.0,28.29,75.81,2.57
2020-03-17 03:00:00,0.0,0.0,27.96,77.8,2.53
2020-03-17 04:00:00,0.0,0.0,27.64,79.67,2.4
2020-03-17 05:00:00,0.0,0.0,27.32,81.83,2.14
2020-03-17 06:00:00,31.98,33.78,27.38,81.9,2.43
2020-03-17 07:00:00,195.15,228.55,28.76,74.61,2.91
2020-03-17 08:00:00,408.6,471.8,31.14,62.23,3.51
2020-03-17 09:00:00,603.22,692.1,32.97,54.32,3.29
2020-03-17 10:00:00,803.55,866.12,34.23,49.81,2.75
2020-03-17 11:00:00,903.67,959.95,35.14,46.66,2.4
2020-03-17 12:00:00,866.53,924.03,35.91,43.99,2.49
2020-03-17 13:00:00,798.72,857.33,36.42,41.71,2.88
2020-03-17 14:00:00,700.7,721.2,36.42,40.63,3.3
2020-03-17 15:00:00,457.12,510.9,35.82,41.37,3.44
2020-03-17 16:00:00,237.62,278.55,34.83,43.98,3.4
2020-03-17 17:00:00,70.32,78.28,33.07,51.84,2.62
2020-03-17 18:00:00,0.0,0.0,31.02,62.31,2.15
2020-03-17 19:00:00,0.0,0.0,30.29,66.32,2.41
2020-03-17 20:00:00,0.0,0.0,29.7,69.66,2.42
2020-03-17 21:00:00,0.0,0.0,29.28,71.9,2.47
2020-03-17 22:00:00,0.0,0.0,28.9,73.82,2.59
2020-03-17 23:00:00,0.0,0.0,28.5,75.81,2.77
2020-03-18 00:00:00,0.0,0.0,28.08,78.1,2.92
2020-03-18 01:00:00,0.0,0.0,27.6,80.74,3.01
2020-03-18 02:00:00,0.0,0.0,27.15,83.12,2.97
2020-03-18 03:00:00,0.0,0.0,26.77,84.99,2.74
2020-03-18 04:00:00,0.0,0.0,26.42,86.5,2.38
2020-03-18 05:00:00,0.0,0.0,26.08,87.97,1.98
2020-03-18 06:00:00,28.65,29.7,26.37,86.16,2.37
2020-03-18 07:00:00,176.7,189.85,28.38,75.28,3.06
2020-03-18 08:00:00,373.62,407.6,31.5,59.79,3.82
2020-03-18 09:00:00,563.45,615.15,33.52,51.75,3.46
2020-03-18 10:00:00,734.33,778.17,34.94,46.71,2.95
2020-03-18 11:00:00,782.85,870.35,36.18,42.48,2.39
2020-03-18 12:00:00,807.53,929.5,37.1,39.28,1.79
2020-03-18 13:00:00,747.95,863.03,37.59,37.2,1.32
2020-03-18 14:00:00,581.08,712.85,37.71,36.07,1.19
2020-03-18 15:00:00,404.92,513.2,37.46,35.7,1.46
2020-03-18 16:00:00,208.88,281.0,36.69,36.7,1.9
2020-03-18 17:00:00,58.7,79.88,34.57,47.02,1.52
2020-03-18 18:00:00,0.0,0.0,32.08,55.99,1.78
2020-03-18 19:00:00,0.0,0.0,31.33,57.49,2.82
2020-03-18 20:00:00,0.0,0.0,30.46,61.96,3.39
2020-03-18 21:00:00,0.0,0.0,29.63,66.71,3.31
2020-03-18 22:00:00,0.0,0.0,29.07,69.99,3.22
2020-03-18 23:00:00,0.0,0.0,28.65,72.33,3.27
2020-03-19 00:00:00,0.0,0.0,28.26,74.44,3.38
2020-03-19 01:00:00,0.0,0.0,27.91,76.31,3.41
2020-03-19 02:00:00,0.0,0.0,27.58,78.05,3.37
2020-03-19 03:00:00,0.0,0.0,27.31,79.42,3.26
2020-03-19 04:00:00,0.0,0.0,27.07,80.65,3.14
2020-03-19 05:00:00,0.0,0.0,26.84,81.75,3.04
2020-03-19 06:00:00,30.23,31.98,27.14,80.25,3.44
2020-03-19 07:00:00,176.07,206.85,29.22,69.85,4.08
2020-03-19 08:00:00,375.77,439.98,31.53,58.8,4.6
2020-03-19 09:00:00,558.0,657.05,32.99,52.82,4.46
2020-03-19 10:00:00,744.5,822.08,34.23,48.53,3.98
2020-03-19 11:00:00,806.0,915.38,35.3,44.8,3.34
2020-03-19 12:00:00,788.08,859.62,36.07,42.06,2.65
2020-03-19 13:00:00,738.9,799.33,36.44,40.33,2.04
2020-03-19 14:00:00,563.53,663.4,36.38,39.46,1.55
2020-03-19 15:00:00,368.38,460.33,35.91,39.97,1.25
2020-03-19 16:00:00,220.32,253.45,35.06,43.13,1.23
2020-03-19 17:00:00,64.12,68.85,33.35,54.03,1.14
2020-03-19 18:00:00,0.0,0.0,31.55,59.37,1.66
2020-03-19 19:00:00,0.0,0.0,30.86,59.99,2.81
2020-03-19 20:00:00,0.0,0.0,29.96,64.59,3.35
2020-03-19 21:00:00,0.0,0.0,29.17,69.49,3.41
2020-03-19 22:00:00,0.0,0.0,28.63,72.82,3.61
2020-03-19 23:00:00,0.0,0.0,28.23,75.13,3.86
2020-03-20 00:00:00,0.0,0.0,27.87,76.96,3.86
2020-03-20 01:00:00,0.0,0.0,27.52,78.67,3.67
2020-03-20 02:00:00,0.0,0.0,27.16,80.43,3.56
2020-03-20 03:00:00,0.0,0.0,26.76,82.26,3.51
2020-03-20 04:00:00,0.0,0.0,26.42,83.85,3.41
2020-03-20 05:00:00,0.0,0.0,26.11,85.1,3.41
2020-03-20 06:00:00,4.18,30.77,26.23,84.19,3.82
2020-03-20 07:00:00,33.2,193.05,27.91,75.01,4.43
2020-03-20 08:00:00,77.57,411.45,30.26,63.57,4.98
2020-03-20 09:00:00,299.38,618.4,32.21,55.88,4.74
2020-03-20 10:00:00,367.95,777.92,33.62,51.23,3.99
2020-03-20 11:00:00,512.1,864.22,34.21,49.02,3.1
2020-03-20 12:00:00,656.97,910.62,34.38,47.86,2.3
2020-03-20 13:00:00,606.38,836.38,34.38,47.16,1.61
2020-03-20 14:00:00,516.5,688.78,34.36,46.57,1.12
2020-03-20 15:00:00,380.8,485.5,34.17,46.93,0.99
2020-03-20 16:00:00,208.48,260.65,33.61,49.82,1.2
2020-03-20 17:00:00,67.2,71.15,32.03,61.42,1.03
2020-03-20 18:00:00,0.0,0.0,30.36,67.94,1.18
2020-03-20 19:00:00,0.0,0.0,29.81,67.99,1.5
2020-03-20 20:00:00,0.0,0.0,29.32,69.0,1.71
2020-03-20 21:00:00,0.0,0.0,28.92,70.3,1.91
2020-03-20 22:00:00,0.0,0.0,28.6,71.55,2.09
2020-03-20 23:00:00,0.0,0.0,28.23,73.2,2.16
2020-03-21 00:00:00,0.0,0.0,27.81,75.23,2.05
2020-03-21 01:00:00,0.0,0.0,27.43,77.0,1.96
2020-03-21 02:00:00,0.0,0.0,27.09,78.74,1.93
2020-03-21 03:00:00,0.0,0.0,26.77,80.57,1.97
2020-03-21 04:00:00,0.0,0.0,26.48,82.39,2.13
2020-03-21 05:00:00,0.0,0.0,26.27,84.09,2.41
2020-03-21 06:00:00,29.65,30.67,26.35,84.15,3.01
2020-03-21 07:00:00,177.7,188.05,27.65,75.88,3.9
2020-03-21 08:00:00,363.4,393.75,29.86,63.71,4.39
2020-03-21 09:00:00,555.38,613.2,32.23,54.24,3.84
2020-03-21 10:00:00,731.3,772.78,34.01,48.34,2.86
2020-03-21 11:00:00,803.75,864.53,35.49,43.74,1.76
2020-03-21 12:00:00,875.83,939.3,36.07,41.4,0.67
2020-03-21 13:00:00,812.53,865.2,36.41,39.74,0.56
2020-03-21 14:00:00,656.25,720.75,36.28,39.43,1.16
2020-03-21 15:00:00,479.0,525.33,35.7,40.45,1.48
2020-03-21 16:00:00,250.9,287.35,34.79,43.67,1.45
2020-03-21 17:00:00,73.4,81.15,33.16,54.59,1.07
2020-03-21 18:00:00,0.0,0.0,31.25,63.85,1.19
2020-03-21 19:00:00,0.0,0.0,30.41,64.53,1.95
2020-03-21 20:00:00,0.0,0.0,29.62,67.72,2.87
2020-03-21 21:00:00,0.0,0.0,28.85,72.04,3.17
2020-03-21 22:00:00,0.0,0.0,28.3,75.07,3.03
2020-03-21 23:00:00,0.0,0.0,27.93,76.79,2.95
2020-03-22 00:00:00,0.0,0.0,27.59,78.19,2.97
2020-03-22 01:00:00,0.0,0.0,27.28,79.48,2.98
2020-03-22 02:00:00,0.0,0.0,26.99,80.82,2.96
2020-03-22 03:00:00,0.0,0.0,26.7,82.12,2.85
2020-03-22 04:00:00,0.0,0.0,26.41,83.52,2.64
2020-03-22 05:00:00,0.0,0.0,26.03,85.65,2.26
2020-03-22 06:00:00,34.33,34.97,26.25,84.8,2.55
2020-03-22 07:00:00,202.93,211.75,28.37,73.22,3.25
2020-03-22 08:00:00,401.98,429.65,31.18,59.37,3.91
2020-03-22 09:00:00,578.0,638.15,33.23,51.51,3.59
2020-03-22 10:00:00,777.8,797.9,34.67,46.44,2.99
2020-03-22 11:00:00,830.72,886.67,35.59,43.08,2.42
2020-03-22 12:00:00,881.95,905.15,36.21,40.77,1.93
2020-03-22 13:00:00,818.8,836.92,36.61,38.98,1.71
2020-03-22 14:00:00,685.55,693.6,36.79,37.81,1.98
2020-03-22 15:00:00,485.38,495.6,36.4,37.96,2.55
2020-03-22 16:00:00,264.15,277.08,35.41,40.28,3.19
2020-03-22 17:00:00,73.1,76.3,33.45,47.78,3.37
2020-03-22 18:00:00,0.0,0.0,31.23,57.59,4.07
2020-03-22 19:00:00,0.0,0.0,29.99,64.66,4.52
2020-03-22 20:00:00,0.0,0.0,29.26,69.26,4.41
2020-03-22 21:00:00,0.0,0.0,28.84,71.94,3.99
2020-03-22 22:00:00,0.0,0.0,28.52,73.78,3.51
2020-03-22 23:00:00,0.0,0.0,28.22,75.29,3.27
2020-03-23 00:00:00,0.0,0.0,27.93,76.61,3.2
2020-03-23 01:00:00,0.0,0.0,27.63,78.05,3.19
2020-03-23 02:00:00,0.0,0.0,27.32,79.63,3.25
2020-03-23 03:00:00,0.0,0.0,27.04,81.07,3.34
2020-03-23 04:00:00,0.0,0.0,26.76,82.61,3.35
2020-03-23 05:00:00,0.0,0.0,26.44,84.36,3.09
2020-03-23 06:00:00,35.38,35.3,26.5,84.21,3.07
2020-03-23 07:00:00,204.98,209.52,27.85,77.21,3.93
2020-03-23 08:00:00,403.6,424.0,29.98,66.13,4.51
2020-03-23 09:00:00,597.28,633.0,31.84,57.24,4.33
2020-03-23 10:00:00,747.4,792.15,33.11,51.42,4.16
2020-03-23 11:00:00,868.8,887.05,34.0,47.56,4.08
2020-03-23 12:00:00,927.15,955.85,34.53,45.13,4.03
2020-03-23 13:00:00,798.45,888.12,34.44,44.61,3.93
2020-03-23 14:00:00,660.5,742.67,33.47,47.0,3.88
2020-03-23 15:00:00,477.4,534.95,32.38,51.09,3.71
2020-03-23 16:00:00,254.55,293.55,31.26,57.8,3.07
2020-03-23 17:00:00,72.5,81.78,29.63,70.68,2.02
2020-03-23 18:00:00,0.0,0.0,28.21,80.89,1.6
2020-03-23 19:00:00,0.0,0.0,27.68,83.04,1.66
2020-03-23 20:00:00,0.0,0.0,27.25,85.05,1.65
2020-03-23 21:00:00,0.0,0.0,26.86,87.03,1.57
2020-03-23 22:00:00,0.0,0.0,26.5,88.45,1.58
2020-03-23 23:00:00,0.0,0.0,26.16,89.42,1.72
2020-03-24 00:00:00,0.0,0.0,25.83,90.3,1.87
2020-03-24 01:00:00,0.0,0.0,25.52,91.22,1.94
2020-03-24 02:00:00,0.0,0.0,25.26,92.04,1.92
2020-03-24 03:00:00,0.0,0.0,25.08,92.54,1.85
2020-03-24 04:00:00,0.0,0.0,24.93,92.6,1.82
2020-03-24 05:00:00,0.0,0.0,24.75,93.75,1.52
2020-03-24 06:00:00,5.4,37.53,24.95,92.5,1.76
2020-03-24 07:00:00,40.75,221.18,25.66,87.91,2.39
2020-03-24 08:00:00,101.25,452.65,26.55,81.86,2.78
2020-03-24 09:00:00,131.27,675.95,27.43,76.93,2.82
2020-03-24 10:00:00,321.3,840.17,28.31,72.78,2.76
2020-03-24 11:00:00,315.45,928.25,29.08,68.67,2.68
2020-03-24 12:00:00,416.73,935.6,29.44,65.99,2.6
2020-03-24 13:00:00,345.67,866.22,29.38,64.84,2.46
2020-03-24 14:00:00,265.3,724.3,29.4,63.81,2.22
2020-03-24 15:00:00,212.8,521.35,29.2,63.88,1.93
2020-03-24 16:00:00,137.18,287.85,28.79,65.52,1.57
2020-03-24 17:00:00,42.03,79.4,27.76,73.5,1.11
2020-03-24 18:00:00,0.0,0.0,26.54,83.95,0.93
2020-03-24 19:00:00,0.0,0.0,26.06,83.7,1.24
2020-03-24 20:00:00,0.0,0.0,25.73,83.89,1.48
2020-03-24 21:00:00,0.0,0.0,25.44,84.5,1.57
2020-03-24 22:00:00,0.0,0.0,25.15,85.27,1.55
2020-03-24 23:00:00,0.0,0.0,24.88,85.8,1.54
2020-03-25 00:00:00,0.0,0.0,24.63,86.57,1.51
2020-03-25 01:00:00,0.0,0.0,24.36,87.91,1.38
2020-03-25 02:00:00,0.0,0.0,24.09,89.61,1.25
2020-03-25 03:00:00,0.0,0.0,23.83,91.26,1.16
2020-03-25 04:00:00,0.0,0.0,23.61,92.65,1.07
2020-03-25 05:00:00,0.0,0.0,23.39,94.05,1.02
2020-03-25 06:00:00,28.58,41.0,23.86,92.27,1.74
2020-03-25 07:00:00,129.93,240.95,25.53,82.99,2.25
2020-03-25 08:00:00,258.95,481.75,28.08,67.93,2.41
2020-03-25 09:00:00,398.23,697.35,30.28,56.89,2.2
2020-03-25 10:00:00,674.42,852.45,31.99,49.65,1.85
2020-03-25 11:00:00,820.7,942.0,33.28,44.79,1.43
2020-03-25 12:00:00,925.47,958.7,34.11,41.83,0.82
2020-03-25 13:00:00,877.95,891.92,34.57,40.17,0.17
2020-03-25 14:00:00,745.35,749.35,34.75,39.09,0.63
2020-03-25 15:00:00,534.7,546.53,34.48,39.21,1.22
2020-03-25 16:00:00,287.2,307.98,33.68,41.03,1.73
2020-03-25 17:00:00,83.25,87.53,31.89,51.53,1.5
2020-03-25 18:00:00,0.0,0.0,29.57,64.18,1.37
2020-03-25 19:00:00,0.0,0.0,28.78,64.57,1.9
2020-03-25 20:00:00,0.0,0.0,28.1,66.77,2.48
2020-03-25 21:00:00,0.0,0.0,27.38,70.62,2.72
2020-03-25 22:00:00,0.0,0.0,26.73,74.36,2.67
2020-03-25 23:00:00,0.0,0.0,26.23,77.28,2.59
2020-03-26 00:00:00,0.0,0.0,25.81,79.75,2.47
2020-03-26 01:00:00,0.0,0.0,25.4,82.19,2.22
2020-03-26 02:00:00,0.0,0.0,25.02,84.53,1.93
2020-03-26 03:00:00,0.0,0.0,24.66,86.79,1.61
2020-03-26 04:00:00,0.0,0.0,24.35,88.79,1.32
2020-03-26 05:00:00,0.0,0.0,24.13,90.01,1.17
2020-03-26 06:00:00,40.4,42.9,24.72,87.09,1.92
2020-03-26 07:00:00,228.98,243.02,27.34,72.73,2.56
2020-03-26 08:00:00,474.35,482.73,30.5,57.95,2.74
2020-03-26 09:00:00,685.6,701.03,32.6,50.01,2.16
2020-03-26 10:00:00,834.88,864.47,34.07,45.05,1.43
2020-03-26 11:00:00,928.78,955.33,35.11,41.71,0.7
2020-03-26 12:00:00,964.65,974.78,35.83,39.36,0.6
2020-03-26 13:00:00,854.7,907.8,35.93,38.21,1.22
2020-03-26 14:00:00,737.0,765.72,35.43,38.57,1.87
2020-03-26 15:00:00,506.6,564.55,34.61,40.04,2.31
2020-03-26 16:00:00,254.55,325.8,33.57,43.42,2.66
2020-03-26 17:00:00,76.62,96.1,31.86,51.83,2.67
2020-03-26 18:00:00,0.0,0.0,30.0,59.54,2.97
2020-03-26 19:00:00,0.0,0.0,29.09,63.91,3.3
2020-03-26 20:00:00,0.0,0.0,28.34,68.5,3.21
2020-03-26 21:00:00,0.0,0.0,27.78,72.25,3.0
2020-03-26 22:00:00,0.0,0.0,27.37,74.89,2.77
2020-03-26 23:00:00,0.0,0.0,27.04,76.64,2.7
2020-03-27 00:00:00,0.0,0.0,26.68,77.77,2.88
2020-03-27 01:00:00,0.0,0.0,26.27,79.16,3.26
2020-03-27 02:00:00,0.0,0.0,25.78,81.45,3.71
2020-03-27 03:00:00,0.0,0.0,25.3,83.8,4.0
2020-03-27 04:00:00,0.0,0.0,24.83,85.5,4.14
2020-03-27 05:00:00,0.0,0.0,24.48,85.88,3.89
2020-03-27 06:00:00,42.2,48.3,24.47,84.96,3.51
2020-03-27 07:00:00,209.23,261.73,25.43,79.76,3.28
2020-03-27 08:00:00,409.05,506.02,27.64,67.9,2.6
2020-03-27 09:00:00,610.97,723.12,30.57,52.61,1.37
2020-03-27 10:00:00,867.97,883.65,33.36,41.62,1.28
2020-03-27 11:00:00,883.05,969.9,35.03,37.26,2.02
2020-03-27 12:00:00,878.7,980.28,35.94,35.03,2.27
2020-03-27 13:00:00,807.3,908.8,36.26,33.66,2.27
2020-03-27 14:00:00,643.25,762.17,36.03,33.44,2.15
2020-03-27 15:00:00,451.12,555.85,35.42,34.43,1.96
2020-03-27 16:00:00,245.57,313.9,34.46,39.41,1.38
2020-03-27 17:00:00,79.9,89.6,32.57,54.56,0.9
2020-03-27 18:00:00,0.0,0.0,30.82,61.06,0.93
2020-03-27 19:00:00,0.0,0.0,30.03,62.34,1.08
2020-03-27 20:00:00,0.0,0.0,29.34,63.95,1.2
2020-03-27 21:00:00,0.0,0.0,28.7,66.11,1.3
2020-03-27 22:00:00,0.0,0.0,28.0,68.87,1.42
2020-03-27 23:00:00,0.0,0.0,27.22,72.37,1.56
2020-03-28 00:00:00,0.0,0.0,26.52,76.22,1.7
2020-03-28 01:00:00,0.0,0.0,25.97,80.1,1.79
2020-03-28 02:00:00,0.0,0.0,25.48,83.78,1.64
2020-03-28 03:00:00,0.0,0.0,25.01,86.99,1.26
2020-03-28 04:00:00,0.0,0.0,24.61,89.42,0.92
2020-03-28 05:00:00,0.0,0.0,24.31,90.98,0.72
2020-03-28 06:00:00,44.85,46.58,24.95,87.74,1.34
2020-03-28 07:00:00,225.65,253.0,27.68,73.04,2.14
2020-03-28 08:00:00,455.9,497.67,30.67,60.14,2.38
2020-03-28 09:00:00,681.25,714.65,32.83,52.43,1.83
2020-03-28 10:00:00,877.92,879.0,34.5,46.89,1.23
2020-03-28 11:00:00,963.75,964.08,35.87,41.95,0.95
2020-03-28 12:00:00,964.85,971.67,36.93,37.8,1.27
2020-03-28 13:00:00,856.75,904.45,37.6,34.84,1.78
2020-03-28 14:00:00,743.05,759.53,37.74,33.52,2.21
2020-03-28 15:00:00,518.45,555.05,37.29,33.74,2.51
2020-03-28 16:00:00,262.62,315.08,36.29,35.72,2.64
2020-03-28 17:00:00,72.72,90.22,34.11,45.72,1.87
2020-03-28 18:00:00,0.0,0.0,31.54,56.11,1.81
2020-03-28 19:00:00,0.0,0.0,30.69,59.02,2.48
2020-03-28 20:00:00,0.0,0.0,29.86,63.46,2.69
2020-03-28 21:00:00,0.0,0.0,29.14,67.45,2.62
2020-03-28 22:00:00,0.0,0.0,28.59,70.15,2.64
2020-03-28 23:00:00,0.0,0.0,28.15,72.14,2.8
2020-03-29 00:00:00,0.0,0.0,27.74,74.24,2.95
2020-03-29 01:00:00,0.0,0.0,27.37,76.33,3.09
2020-03-29 02:00:00,0.0,0.0,26.97,78.77,3.04
2020-03-29 03:00:00,0.0,0.0,26.55,81.46,2.84
2020-03-29 04:00:00,0.0,0.0,26.15,83.93,2.59
2020-03-29 05:00:00,0.0,0.0,25.79,86.16,2.46
2020-03-29 06:00:00,49.88,50.38,26.09,85.15,2.88
2020-03-29 07:00:00,251.07,267.52,28.06,75.29,3.5
2020-03-29 08:00:00,490.17,513.35,30.39,64.14,4.03
2020-03-29 09:00:00,690.6,728.38,32.32,56.16,3.81
2020-03-29 10:00:00,847.15,886.47,33.73,50.98,3.42
2020-03-29 11:00:00,934.12,970.5,34.75,47.32,3.1
2020-03-29 12:00:00,893.67,957.8,35.06,45.65,2.8
2020-03-29 13:00:00,839.17,878.42,34.93,45.46,2.63
2020-03-29 14:00:00,677.62,729.62,34.64,46.22,2.44
2020-03-29 15:00:00,470.77,518.42,34.13,48.02,2.24
2020-03-29 16:00:00,253.88,280.77,33.21,53.73,1.7
2020-03-29 17:00:00,70.6,77.18,31.65,65.69,1.18
2020-03-29 18:00:00,0.0,0.0,30.15,74.73,0.96
2020-03-29 19:00:00,0.0,0.0,29.48,76.74,1.0
2020-03-29 20:00:00,0.0,0.0,28.91,77.95,1.09
2020-03-29 21:00:00,0.0,0.0,28.44,78.65,1.22
2020-03-29 22:00:00,0.0,0.0,28.04,79.05,1.34
2020-03-29 23:00:00,0.0,0.0,27.67,79.38,1.47
2020-03-30 00:00:00,0.0,0.0,27.3,79.89,1.63
2020-03-30 01:00:00,0.0,0.0,26.94,80.55,1.8
2020-03-30 02:00:00,0.0,0.0,26.61,81.45,2.02
2020-03-30 03:00:00,0.0,0.0,26.26,82.91,2.21
2020-03-30 04:00:00,0.0,0.0,25.89,84.96,2.23
2020-03-30 05:00:00,0.0,0.0,25.56,87.08,2.18
2020-03-30 06:00:00,44.78,43.6,25.83,86.34,2.63
2020-03-30 07:00:00,197.0,227.88,27.69,77.8,2.94
2020-03-30 08:00:00,396.85,454.98,30.97,61.22,3.91
2020-03-30 09:00:00,563.6,660.28,33.07,52.89,3.5
2020-03-30 10:00:00,750.15,818.0,34.7,47.46,2.82
2020-03-30 11:00:00,813.92,895.2,35.86,43.46,2.16
2020-03-30 12:00:00,841.7,952.47,36.63,40.52,1.87
2020-03-30 13:00:00,744.28,887.78,37.15,38.48,2.16
2020-03-30 14:00:00,555.47,744.55,37.22,37.66,2.68
2020-03-30 15:00:00,379.35,543.0,36.72,38.45,3.11
2020-03-30 16:00:00,222.4,305.65,35.57,41.46,3.37
2020-03-30 17:00:00,62.72,85.18,33.44,50.07,2.98
2020-03-30 18:00:00,0.0,0.0,31.27,59.74,3.37
2020-03-30 19:00:00,0.0,0.0,30.23,66.12,4.08
2020-03-30 20:00:00,0.0,0.0,29.47,71.2,3.89
2020-03-30 21:00:00,0.0,0.0,28.95,74.31,3.51
2020-03-30 22:00:00,0.0,0.0,28.49,76.69,3.16
2020-03-30 23:00:00,0.0,0.0,28.09,78.56,2.94
2020-03-31 00:00:00,0.0,0.0,27.68,80.5,2.88
2020-03-31 01:00:00,0.0,0.0,27.31,82.47,2.81
2020-03-31 02:00:00,0.0,0.0,27.01,84.03,2.73
2020-03-31 03:00:00,0.0,0.0,26.75,85.31,2.69
2020-03-31 04:00:00,0.0,0.0,26.5,86.54,2.66
2020-03-31 05:00:00,0.0,0.0,26.31,87.55,2.6
2020-03-31 06:00:00,39.45,41.83,26.5,86.68,2.91
2020-03-31 07:00:00,216.93,220.18,27.53,81.19,3.69
2020-03-31 08:00:00,434.3,437.48,29.07,72.94,4.17
2020-03-31 09:00:00,614.47,646.0,30.78,64.6,3.9
2020-03-31 10:00:00,736.1,803.5,32.2,58.37,3.31
2020-03-31 11:00:00,783.08,893.75,33.25,54.02,2.88
2020-03-31 12:00:00,806.28,890.17,33.83,51.46,2.67
2020-03-31 13:00:00,720.38,808.12,33.8,50.89,2.5
2020-03-31 14:00:00,548.53,670.0,33.5,51.36,2.42
2020-03-31 15:00:00,378.4,469.95,33.02,52.65,2.46
2020-03-31 16:00:00,208.62,247.7,32.31,55.44,2.52
2020-03-31 17:00:00,58.12,65.5,30.86,62.77,2.17
2020-03-31 18:00:00,0.0,0.0,29.51,68.23,2.67
2020-03-31 19:00:00,0.0,0.0,28.87,70.77,3.49
2020-03-31 20:00:00,0.0,0.0,28.19,74.02,3.69
2020-03-31 21:00:00,0.0,0.0,27.62,76.4,3.55
2020-03-31 22:00:00,0.0,0.0,27.18,77.97,3.19
2020-03-31 23:00:00,0.0,0.0,26.82,79.14,2.83
2020-04-01 00:00:00,0.0,0.0,26.53,79.83,2.58
2020-04-01 01:00:00,0.0,0.0,26.3,80.46,2.39
2020-04-01 02:00:00,0.0,0.0,26.11,81.14,2.2
2020-04-01 03:00:00,0.0,0.0,25.95,82.17,2.12
2020-04-01 04:00:00,0.0,0.0,25.74,84.01,1.97
2020-04-01 05:00:00,0.0,0.0,25.52,86.15,1.84
2020-04-01 06:00:00,32.62,39.38,25.67,86.45,2.11
2020-04-01 07:00:00,157.35,200.52,27.36,76.35,2.61
2020-04-01 08:00:00,334.8,410.52,29.8,61.78,3.11
2020-04-01 09:00:00,543.45,606.97,31.98,52.23,2.84
2020-04-01 10:00:00,692.08,756.0,33.75,46.5,2.19
2020-04-01 11:00:00,788.72,848.05,35.2,42.78,1.39
2020-04-01 12:00:00,775.5,816.5,36.25,40.18,0.76
2020-04-01 13:00:00,682.08,765.65,36.87,38.37,1.03
2020-04-01 14:00:00,520.65,625.33,36.96,37.61,1.6
2020-04-01 15:00:00,327.42,436.75,36.45,38.27,2.28
2020-04-01 16:00:00,200.85,237.27,35.52,40.68,2.89
2020-04-01 17:00:00,56.58,64.45,33.56,48.2,3.01
2020-04-01 18:00:00,0.0,0.0,31.25,57.37,3.64
2020-04-01 19:00:00,0.0,0.0,29.91,64.08,4.38
2020-04-01 20:00:00,0.0,0.0,28.85,70.21,4.49
2020-04-01 21:00:00,0.0,0.0,28.23,74.2,4.48
2020-04-01 22:00:00,0.0,0.0,27.88,76.58,4.37
2020-04-01 23:00:00,0.0,0.0,27.6,78.24,4.19
2020-04-02 00:00:00,0.0,0.0,27.34,79.7,4.05
2020-04-02 01:00:00,0.0,0.0,27.05,81.37,3.94
2020-04-02 02:00:00,0.0,0.0,26.77,83.04,3.76
2020-04-02 03:00:00,0.0,0.0,26.47,84.92,3.35
2020-04-02 04:00:00,0.0,0.0,26.21,86.3,3.08
2020-04-02 05:00:00,0.0,0.0,25.99,87.37,2.79
2020-04-02 06:00:00,42.05,46.33,26.14,86.37,2.9
2020-04-02 07:00:00,200.2,236.15,27.43,78.8,3.62
2020-04-02 08:00:00,375.55,462.98,29.23,69.67,3.91
2020-04-02 09:00:00,585.35,670.62,30.83,62.76,3.72
2020-04-02 10:00:00,743.45,832.5,31.94,58.35,3.4
2020-04-02 11:00:00,816.38,922.0,32.81,55.15,3.08
2020-04-02 12:00:00,803.6,932.33,33.35,53.07,2.74
2020-04-02 13:00:00,674.47,850.33,33.45,52.33,2.43
2020-04-02 14:00:00,629.5,711.88,33.38,52.2,2.17
2020-04-02 15:00:00,366.35,501.9,32.99,53.21,2.03
2020-04-02 16:00:00,198.9,269.73,32.36,56.0,1.91
2020-04-02 17:00:00,66.8,74.47,31.03,65.52,1.37
2020-04-02 18:00:00,0.0,0.0,29.56,72.72,1.26
2020-04-02 19:00:00,0.0,0.0,29.08,73.12,1.52
2020-04-02 20:00:00,0.0,0.0,28.67,73.82,1.64
2020-04-02 21:00:00,0.0,0.0,28.27,74.93,1.61
2020-04-02 22:00:00,0.0,0.0,27.87,76.27,1.5
2020-04-02 23:00:00,0.0,0.0,27.49,77.43,1.41
2020-04-03 00:00:00,0.0,0.0,27.11,78.5,1.36
2020-04-03 01:00:00,0.0,0.0,26.73,79.5,1.4
2020-04-03 02:00:00,0.0,0.0,26.35,80.67,1.5
2020-04-03 03:00:00,0.0,0.0,25.99,82.2,1.61
2020-04-03 04:00:00,0.0,0.0,25.66,84.03,1.74
2020-04-03 05:00:00,0.0,0.0,25.33,86.36,1.83
2020-04-03 06:00:00,43.65,48.03,25.72,85.32,2.63
2020-04-03 07:00:00,215.3,236.12,27.57,77.02,3.07
2020-04-03 08:00:00,454.35,472.6,30.76,61.58,3.63
2020-04-03 09:00:00,660.9,687.92,33.2,51.92,3.0
2020-04-03 10:00:00,845.65,849.85,35.15,45.25,2.34
2020-04-03 11:00:00,930.58,940.5,36.74,40.23,1.84
2020-04-03 12:00:00,934.12,978.9,37.96,36.49,1.63
2020-04-03 13:00:00,713.1,906.3,38.68,34.13,1.86
2020-04-03 14:00:00,540.15,759.58,38.79,33.34,2.38
2020-04-03 15:00:00,362.23,553.42,38.29,33.8,2.85
2020-04-03 16:00:00,197.55,311.75,37.15,36.02,3.32
2020-04-03 17:00:00,62.97,88.35,34.79,43.77,3.27
2020-04-03 18:00:00,0.0,0.0,32.3,53.71,3.93
2020-04-03 19:00:00,0.0,0.0,30.81,61.41,4.58
2020-04-03 20:00:00,0.0,0.0,29.92,66.45,4.5
2020-04-03 21:00:00,0.0,0.0,29.43,68.96,4.23
2020-04-03 22:00:00,0.0,0.0,29.0,70.99,3.82
2020-04-03 23:00:00,0.0,0.0,28.51,73.3,3.47
2020-04-04 00:00:00,0.0,0.0,27.99,75.72,3.37
2020-04-04 01:00:00,0.0,0.0,27.43,78.59,3.35
2020-04-04 02:00:00,0.0,0.0,26.88,81.58,3.4
2020-04-04 03:00:00,0.0,0.0,26.38,84.35,3.44
2020-04-04 04:00:00,0.0,0.0,25.95,86.65,3.4
2020-04-04 05:00:00,0.0,0.0,25.55,88.68,3.28
2020-04-04 06:00:00,43.17,53.25,25.78,87.16,3.77
2020-04-04 07:00:00,218.73,259.65,27.67,76.28,5.02
2020-04-04 08:00:00,450.55,499.92,30.31,63.6,5.15
2020-04-04 09:00:00,590.33,713.65,32.74,53.93,4.51
2020-04-04 10:00:00,827.65,871.8,34.78,46.79,3.72
2020-04-04 11:00:00,890.83,956.3,36.44,41.39,3.13
2020-04-04 12:00:00,890.92,962.83,37.53,37.69,2.99
2020-04-04 13:00:00,858.47,890.33,38.26,35.19,3.34
2020-04-04 14:00:00,689.9,742.33,38.36,34.24,3.88
2020-04-04 15:00:00,440.67,530.78,37.73,35.01,4.22
2020-04-04 16:00:00,247.43,296.6,36.43,37.82,4.3
2020-04-04 17:00:00,70.2,81.12,34.39,44.11,3.85
2020-04-04 18:00:00,0.0,0.0,31.99,53.57,3.87
2020-04-04 19:00:00,0.0,0.0,30.59,61.36,4.56
2020-04-04 20:00:00,0.0,0.0,29.53,68.7,4.63
2020-04-04 21:00:00,0.0,0.0,28.85,73.5,4.58
2020-04-04 22:00:00,0.0,0.0,28.25,76.49,4.52
2020-04-04 23:00:00,0.0,0.0,27.62,78.64,4.49
2020-04-05 00:00:00,0.0,0.0,27.06,80.44,4.4
2020-04-05 01:00:00,0.0,0.0,26.62,82.62,3.9
2020-04-05 02:00:00,0.0,0.0,26.3,84.38,3.4
2020-04-05 03:00:00,0.0,0.0,26.02,85.99,2.98
2020-04-05 04:00:00,0.0,0.0,25.76,87.48,2.66
2020-04-05 05:00:00,0.0,0.0,25.51,89.06,2.3
2020-04-05 06:00:00,39.5,54.2,25.79,87.83,2.7
2020-04-05 07:00:00,183.12,260.58,27.56,77.93,3.77
2020-04-05 08:00:00,381.95,501.77,30.38,64.03,3.87
2020-04-05 09:00:00,614.08,716.6,33.12,53.19,3.12
2020-04-05 10:00:00,650.85,875.25,35.35,45.87,2.02
2020-04-05 11:00:00,711.65,962.42,37.24,40.04,1.15
2020-04-05 12:00:00,689.42,990.0,38.66,35.53,1.27
2020-04-05 13:00:00,733.45,914.45,39.29,33.21,1.81
2020-04-05 14:00:00,547.2,769.5,39.29,32.54,2.17
2020-04-05 15:00:00,383.6,558.67,38.77,33.0,2.38
2020-04-05 16:00:00,229.35,317.38,37.83,34.86,2.26
2020-04-05 17:00:00,64.97,88.5,35.81,45.63,1.27
2020-04-05 18:00:00,0.0,0.0,33.4,57.05,0.88
2020-04-05 19:00:00,0.0,0.0,32.58,59.66,0.87
2020-04-05 20:00:00,0.0,0.0,31.78,62.23,0.86
2020-04-05 21:00:00,0.0,0.0,30.8,64.5,0.99
2020-04-05 22:00:00,0.0,0.0,29.83,66.23,1.34
2020-04-05 23:00:00,0.0,0.0,29.03,68.08,2.0
2020-04-06 00:00:00,0.0,0.0,28.39,70.23,2.53
2020-04-06 01:00:00,0.0,0.0,27.85,72.55,2.76
2020-04-06 02:00:00,0.0,0.0,27.35,75.1,2.89
2020-04-06 03:00:00,0.0,0.0,26.89,77.77,3.0
2020-04-06 04:00:00,0.0,0.0,26.47,80.41,3.07
2020-04-06 05:00:00,0.0,0.0,26.04,83.03,3.17
2020-04-06 06:00:00,55.8,56.33,26.28,82.29,3.73
2020-04-06 07:00:00,246.3,264.12,28.42,70.68,4.9
2020-04-06 08:00:00,482.67,504.6,31.32,57.48,5.08
2020-04-06 09:00:00,665.83,716.75,33.97,48.14,4.58
2020-04-06 10:00:00,841.1,872.65,35.94,42.36,3.74
2020-04-06 11:00:00,947.1,955.38,37.46,37.99,2.96
2020-04-06 12:00:00,900.62,937.4,38.4,35.1,2.5
2020-04-06 13:00:00,847.92,863.58,38.97,33.24,2.46
2020-04-06 14:00:00,713.33,717.0,38.85,32.85,2.75
2020-04-06 15:00:00,515.85,522.4,38.23,33.66,3.2
2020-04-06 16:00:00,278.25,293.45,37.06,36.1,3.7
2020-04-06 17:00:00,77.68,83.38,35.12,41.95,3.9
2020-04-06 18:00:00,0.0,0.0,32.71,51.21,4.29
2020-04-06 19:00:00,0.0,0.0,31.28,58.32,4.71
2020-04-06 20:00:00,0.0,0.0,30.41,63.09,4.42
2020-04-06 21:00:00,0.0,0.0,29.88,66.11,4.02
2020-04-06 22:00:00,0.0,0.0,29.48,68.8,3.88
2020-04-06 23:00:00,0.0,0.0,28.95,72.55,3.65
2020-04-07 00:00:00,0.0,0.0,28.4,76.63,3.61
2020-04-07 01:00:00,0.0,0.0,27.95,79.84,3.68
2020-04-07 02:00:00,0.0,0.0,27.5,82.82,3.69
2020-04-07 03:00:00,0.0,0.0,27.04,85.52,3.5
2020-04-07 04:00:00,0.0,0.0,26.65,87.64,3.16
2020-04-07 05:00:00,0.0,0.0,26.34,89.38,2.76
2020-04-07 06:00:00,54.55,61.58,26.52,88.35,2.97
2020-04-07 07:00:00,239.8,275.88,27.8,80.85,3.88
2020-04-07 08:00:00,468.55,513.22,29.65,70.64,4.21
2020-04-07 09:00:00,589.58,717.53,31.0,63.66,3.82
2020-04-07 10:00:00,653.7,869.9,32.11,58.73,3.32
2020-04-07 11:00:00,837.5,951.17,33.07,54.9,2.94
2020-04-07 12:00:00,937.05,979.25,33.58,52.86,2.67
2020-04-07 13:00:00,911.38,911.72,34.1,51.01,2.49
2020-04-07 14:00:00,749.15,767.85,34.3,49.98,2.33
2020-04-07 15:00:00,551.83,562.1,34.26,49.5,2.43
2020-04-07 16:00:00,288.75,320.05,33.53,51.29,2.54
2020-04-07 17:00:00,78.55,92.18,31.62,63.12,1.65
2020-04-07 18:00:00,0.0,0.0,29.9,71.74,1.56
2020-04-07 19:00:00,0.0,0.0,29.42,72.21,1.81
2020-04-07 20:00:00,0.0,0.0,29.02,73.4,1.9
2020-04-07 21:00:00,0.0,0.0,28.66,74.54,2.05
2020-04-07 22:00:00,0.0,0.0,28.28,76.12,2.19
2020-04-07 23:00:00,0.0,0.0,27.86,78.26,2.27
2020-04-08 00:00:00,0.0,0.0,27.44,80.58,2.34
2020-04-08 01:00:00,0.0,0.0,27.06,82.81,2.43
2020-04-08 02:00:00,0.0,0.0,26.71,84.88,2.5
2020-04-08 03:00:00,0.0,0.0,26.38,86.8,2.53
2020-04-08 04:00:00,0.0,0.0,26.12,88.17,2.58
2020-04-08 05:00:00,0.0,0.0,25.89,89.27,2.69
2020-04-08 06:00:00,49.75,59.88,26.03,88.21,3.1
2020-04-08 07:00:00,231.02,270.27,26.92,83.41,3.45
2020-04-08 08:00:00,429.3,506.23,28.36,75.78,3.83
2020-04-08 09:00:00,635.6,718.7,29.73,69.15,4.04
2020-04-08 10:00:00,795.4,875.5,31.04,62.94,3.92
2020-04-08 11:00:00,806.12,960.28,32.23,57.58,3.44
2020-04-08 12:00:00,642.22,977.88,32.9,54.42,2.7
2020-04-08 13:00:00,479.58,901.4,33.19,53.11,1.81
2020-04-08 14:00:00,324.1,755.67,33.07,53.25,0.98
2020-04-08 15:00:00,48.6,547.33,32.61,55.21,0.4
2020-04-08 16:00:00,28.7,302.67,31.93,59.15,0.41
2020-04-08 17:00:00,11.38,81.95,30.71,68.99,0.65
2020-04-08 18:00:00,0.0,0.0,29.0,83.03,0.74
2020-04-08 19:00:00,0.0,0.0,28.13,85.26,0.97
2020-04-08 20:00:00,0.0,0.0,27.54,86.43,1.2
2020-04-08 21:00:00,0.0,0.0,27.08,87.26,1.51
2020-04-08 22:00:00,0.0,0.0,26.75,87.42,1.98
2020-04-08 23:00:00,0.0,0.0,26.46,87.86,2.34
2020-04-09 00:00:00,0.0,0.0,26.14,88.92,2.42
2020-04-09 01:00:00,0.0,0.0,25.81,90.15,2.36
2020-04-09 02:00:00,0.0,0.0,25.49,91.41,2.12
2020-04-09 03:00:00,0.0,0.0,25.18,92.76,1.83
2020-04-09 04:00:00,0.0,0.0,24.93,93.74,1.62
2020-04-09 05:00:00,0.0,0.0,24.72,94.28,1.53
2020-04-09 06:00:00,44.2,62.08,25.07,92.11,2.02
2020-04-09 07:00:00,180.3,273.75,26.0,87.1,2.49
2020-04-09 08:00:00,358.9,513.5,27.66,76.19,2.17
2020-04-09 09:00:00,604.33,723.33,29.72,58.56,2.08
2020-04-09 10:00:00,839.35,886.42,31.21,49.35,2.14
2020-04-09 11:00:00,942.53,968.5,32.55,42.61,2.43
2020-04-09 12:00:00,976.6,979.9,33.75,36.48,2.91
2020-04-09 13:00:00,909.83,911.08,34.14,33.51,3.08
2020-04-09 14:00:00,761.08,762.75,33.9,33.64,2.8
2020-04-09 15:00:00,554.47,555.6,33.33,37.29,2.07
2020-04-09 16:00:00,308.77,316.17,32.74,39.66,1.57
2020-04-09 17:00:00,88.55,90.78,30.66,57.33,1.01
2020-04-09 18:00:00,0.0,0.0,28.59,64.47,1.02
2020-04-09 19:00:00,0.0,0.0,27.72,65.42,1.19
2020-04-09 20:00:00,0.0,0.0,26.97,66.76,1.42
2020-04-09 21:00:00,0.0,0.0,26.37,69.37,1.7
2020-04-09 22:00:00,0.0,0.0,25.93,73.6,1.9
2020-04-09 23:00:00,0.0,0.0,25.53,78.46,1.95
2020-04-10 00:00:00,0.0,0.0,25.26,82.02,1.93
2020-04-10 01:00:00,0.0,0.0,24.97,85.09,1.68
2020-04-10 02:00:00,0.0,0.0,24.73,87.44,1.42
2020-04-10 03:00:00,0.0,0.0,24.47,89.78,1.11
2020-04-10 04:00:00,0.0,0.0,24.3,91.77,0.88
2020-04-10 05:00:00,0.0,0.0,24.16,93.34,0.82
2020-04-10 06:00:00,13.32,60.65,24.46,92.37,1.46
2020-04-10 07:00:00,41.65,271.35,25.39,87.9,1.71
2020-04-10 08:00:00,65.95,511.8,27.07,78.74,1.62
2020-04-10 09:00:00,126.82,724.88,28.46,71.55,1.87
2020-04-10 10:00:00,219.95,878.45,29.47,67.47,2.1
2020-04-10 11:00:00,292.7,960.5,30.14,65.14,2.17
2020-04-10 12:00:00,384.55,980.92,30.52,63.79,2.03
2020-04-10 13:00:00,505.3,905.47,30.7,62.95,1.87
2020-04-10 14:00:00,356.6,759.38,30.6,62.95,1.8
2020-04-10 15:00:00,242.6,556.4,30.31,63.9,1.57
2020-04-10 16:00:00,132.65,316.58,29.9,66.39,1.17
2020-04-10 17:00:00,48.08,89.65,29.03,74.75,0.63
2020-04-10 18:00:00,0.0,0.0,28.1,79.08,0.54
2020-04-10 19:00:00,0.0,0.0,27.65,80.59,0.6
2020-04-10 20:00:00,0.0,0.0,27.36,80.98,0.62
2020-04-10 21:00:00,0.0,0.0,27.09,81.86,0.65
2020-04-10 22:00:00,0.0,0.0,26.76,83.39,0.67
2020-04-10 23:00:00,0.0,0.0,26.43,84.8,0.68
2020-04-11 00:00:00,0.0,0.0,26.06,86.45,0.67
2020-04-11 01:00:00,0.0,0.0,25.69,87.88,0.65
2020-04-11 02:00:00,0.0,0.0,25.36,88.92,0.65
2020-04-11 03:00:00,0.0,0.0,25.06,89.82,0.62
2020-04-11 04:00:00,0.0,0.0,24.79,90.47,0.61
2020-04-11 05:00:00,0.0,0.0,24.49,90.99,0.71
2020-04-11 06:00:00,58.92,65.15,24.82,88.53,1.45
2020-04-11 07:00:00,241.25,275.33,26.33,79.95,2.2
2020-04-11 08:00:00,466.38,514.95,28.86,65.17,2.81
2020-04-11 09:00:00,628.3,726.72,30.49,56.65,2.73
2020-04-11 10:00:00,762.03,877.97,31.4,52.27,2.47
2020-04-11 11:00:00,822.38,958.55,31.86,50.14,2.22
2020-04-11 12:00:00,877.88,932.5,31.84,50.06,2.03
2020-04-11 13:00:00,824.15,865.33,31.83,50.51,2.02
2020-04-11 14:00:00,668.47,733.72,31.66,51.71,2.07
2020-04-11 15:00:00,457.25,528.97,31.13,55.9,1.97
2020-04-11 16:00:00,251.25,296.75,30.41,61.42,1.91
2020-04-11 17:00:00,73.7,83.43,28.79,73.6,1.42
2020-04-11 18:00:00,0.0,0.0,27.17,81.68,1.31
2020-04-11 19:00:00,0.0,0.0,26.55,84.18,1.41
2020-04-11 20:00:00,0.0,0.0,26.22,85.8,1.45
2020-04-11 21:00:00,0.0,0.0,25.9,87.44,1.41
2020-04-11 22:00:00,0.0,0.0,25.59,88.85,1.35
2020-04-11 23:00:00,0.0,0.0,25.32,90.08,1.28
2020-04-12 00:00:00,0.0,0.0,25.06,91.16,1.22
2020-04-12 01:00:00,0.0,0.0,24.89,92.19,1.11
2020-04-12 02:00:00,0.0,0.0,24.69,93.26,1.01
2020-04-12 03:00:00,0.0,0.0,24.41,94.1,1.0
2020-04-12 04:00:00,0.0,0.0,24.12,94.83,0.99
2020-04-12 05:00:00,0.0,0.0,23.93,95.2,0.95
2020-04-12 06:00:00,59.38,60.97,24.68,91.9,1.46
2020-04-12 07:00:00,256.48,264.42,26.08,85.43,1.82
2020-04-12 08:00:00,495.58,503.25,29.17,68.51,1.67
2020-04-12 09:00:00,709.67,710.62,31.49,57.28,1.28
2020-04-12 10:00:00,853.22,868.47,32.97,51.92,1.25
2020-04-12 11:00:00,946.9,948.53,34.13,47.98,1.66
2020-04-12 12:00:00,911.72,913.17,35.05,44.88,2.05
2020-04-12 13:00:00,838.75,838.85,35.52,42.92,2.37
2020-04-12 14:00:00,690.9,691.22,35.6,42.03,2.64
2020-04-12 15:00:00,459.58,485.9,35.22,42.24,2.77
2020-04-12 16:00:00,232.95,260.35,34.29,44.44,2.58
2020-04-12 17:00:00,60.4,70.28,32.19,58.28,1.42
2020-04-12 18:00:00,0.0,0.0,29.92,69.51,1.04
2020-04-12 19:00:00,0.0,0.0,29.21,71.2,1.05
2020-04-12 20:00:00,0.0,0.0,28.64,72.81,1.02
2020-04-12 21:00:00,0.0,0.0,27.98,75.04,0.99
2020-04-12 22:00:00,0.0,0.0,27.32,77.22,1.02
2020-04-12 23:00:00,0.0,0.0,26.72,79.2,1.06
2020-04-13 00:00:00,0.0,0.0,26.19,81.11,1.09
2020-04-13 01:00:00,0.0,0.0,25.74,82.82,1.08
2020-04-13 02:00:00,0.0,0.0,25.31,84.29,1.05
2020-04-13 03:00:00,0.0,0.0,24.9,85.62,1.04
2020-04-13 04:00:00,0.0,0.0,24.49,86.95,1.05
2020-04-13 05:00:00,0.0,0.0,24.1,88.31,1.12
2020-04-13 06:00:00,65.05,64.32,24.85,85.39,1.99
2020-04-13 07:00:00,260.7,272.05,26.63,78.01,2.47
2020-04-13 08:00:00,495.98,514.75,30.19,61.54,2.59
2020-04-13 09:00:00,713.05,728.97,32.58,52.8,2.5
2020-04-13 10:00:00,885.22,886.72,34.33,46.76,2.45
2020-04-13 11:00:00,965.78,967.2,35.75,41.68,2.67
2020-04-13 12:00:00,962.35,962.62,36.78,37.75,3.01
2020-04-13 13:00:00,883.88,886.45,37.36,35.16,3.25
2020-04-13 14:00:00,728.58,730.4,37.47,33.87,3.25
2020-04-13 15:00:00,515.42,515.92,37.05,33.95,3.1
2020-04-13 16:00:00,258.33,282.15,36.0,36.08,2.78
2020-04-13 17:00:00,66.72,77.07,33.36,50.85,1.63
2020-04-13 18:00:00,0.0,0.0,31.11,58.1,1.95
2020-04-13 19:00:00,0.0,0.0,30.26,60.83,3.06
2020-04-13 20:00:00,0.0,0.0,29.42,66.51,3.65
2020-04-13 21:00:00,0.0,0.0,28.78,70.49,3.72
2020-04-13 22:00:00,0.0,0.0,28.36,72.41,3.42
2020-04-13 23:00:00,0.0,0.0,27.96,74.1,3.02
2020-04-14 00:00:00,0.0,0.0,27.55,75.68,2.72
2020-04-14 01:00:00,0.0,0.0,27.1,77.69,2.55
2020-04-14 02:00:00,0.0,0.0,26.66,80.27,2.45
2020-04-14 03:00:00,0.0,0.0,26.23,83.3,2.41
2020-04-14 04:00:00,0.0,0.0,25.79,86.88,2.42
2020-04-14 05:00:00,0.0,0.0,25.41,90.19,2.35
2020-04-14 06:00:00,65.38,67.3,25.71,89.69,2.74
2020-04-14 07:00:00,264.33,278.5,27.65,78.55,3.46
2020-04-14 08:00:00,493.52,518.65,30.05,65.65,3.85
2020-04-14 09:00:00,720.28,729.03,32.18,55.76,3.59
2020-04-14 10:00:00,869.83,882.65,33.92,48.81,3.05
2020-04-14 11:00:00,955.62,957.65,35.27,44.16,2.54
2020-04-14 12:00:00,858.65,919.3,36.26,41.08,2.28
2020-04-14 13:00:00,713.42,836.75,36.77,39.17,2.21
2020-04-14 14:00:00,547.28,683.12,36.64,38.53,2.19
2020-04-14 15:00:00,354.12,475.7,35.93,39.22,2.21
2020-04-14 16:00:00,172.27,247.88,34.89,41.47,2.26
2020-04-14 17:00:00,48.25,66.75,33.08,51.84,1.6
2020-04-14 18:00:00,0.0,0.0,30.82,61.61,1.51
2020-04-14 19:00:00,0.0,0.0,30.01,63.39,2.01
2020-04-14 20:00:00,0.0,0.0,29.44,65.8,2.33
2020-04-14 21:00:00,0.0,0.0,28.93,68.49,2.28
2020-04-14 22:00:00,0.0,0.0,28.51,70.73,2.12
2020-04-14 23:00:00,0.0,0.0,28.12,72.58,1.98
2020-04-15 00:00:00,0.0,0.0,27.75,74.06,1.92
2020-04-15 01:00:00,0.0,0.0,27.33,75.54,1.89
2020-04-15 02:00:00,0.0,0.0,26.79,77.53,1.83
2020-04-15 03:00:00,0.0,0.0,26.34,79.42,1.84
2020-04-15 04:00:00,0.0,0.0,25.96,81.38,1.89
2020-04-15 05:00:00,0.0,0.0,25.6,83.66,1.94
2020-04-15 06:00:00,58.58,66.43,26.03,82.3,2.68
2020-04-15 07:00:00,250.32,271.83,28.13,72.48,3.01
2020-04-15 08:00:00,480.7,509.38,31.17,57.99,3.29
2020-04-15 09:00:00,713.92,715.42,33.12,50.55,2.65
2020-04-15 10:00:00,859.58,870.7,34.56,46.2,1.96
2020-04-15 11:00:00,926.35,950.72,35.86,42.34,1.44
2020-04-15 12:00:00,929.58,941.08,36.75,39.4,1.16
2020-04-15 13:00:00,827.47,860.8,37.3,37.24,0.97
2020-04-15 14:00:00,696.85,711.28,37.47,35.95,0.72
2020-04-15 15:00:00,497.75,501.23,37.22,35.69,0.35
2020-04-15 16:00:00,261.85,274.42,36.5,36.69,0.06
2020-04-15 17:00:00,69.65,75.03,35.25,42.52,0.26
2020-04-15 18:00:00,0.0,0.0,33.67,51.45,0.37
2020-04-15 19:00:00,0.0,0.0,32.56,57.09,0.61
2020-04-15 20:00:00,0.0,0.0,31.48,63.0,0.8
2020-04-15 21:00:00,0.0,0.0,30.47,65.99,1.01
2020-04-15 22:00:00,0.0,0.0,29.51,66.87,1.29
2020-04-15 23:00:00,0.0,0.0,28.82,67.79,1.59
2020-04-16 00:00:00,0.0,0.0,28.32,69.25,1.74
2020-04-16 01:00:00,0.0,0.0,27.88,71.37,1.76
2020-04-16 02:00:00,0.0,0.0,27.44,73.97,1.66
2020-04-16 03:00:00,0.0,0.0,27.27,75.41,1.78
2020-04-16 04:00:00,0.0,0.0,27.01,76.69,1.9
2020-04-16 05:00:00,0.0,0.0,26.56,77.71,1.62
2020-04-16 06:00:00,61.1,65.57,27.02,72.97,1.95
2020-04-16 07:00:00,230.68,263.58,29.03,59.08,2.03
2020-04-16 08:00:00,444.48,497.65,32.23,41.46,1.84
2020-04-16 09:00:00,643.78,705.62,34.85,33.91,1.73
2020-04-16 10:00:00,800.75,858.55,36.73,31.29,1.32
2020-04-16 11:00:00,880.28,941.05,38.18,29.27,1.24
2020-04-16 12:00:00,938.62,943.9,39.28,27.66,1.44
2020-04-16 13:00:00,837.6,857.62,39.85,26.56,1.72
2020-04-16 14:00:00,679.28,705.53,39.95,25.88,1.97
2020-04-16 15:00:00,446.92,483.92,39.31,26.29,2.11
2020-04-16 16:00:00,233.23,259.4,38.21,28.6,2.0
2020-04-16 17:00:00,56.03,67.55,35.72,42.69,1.1
2020-04-16 18:00:00,0.0,0.0,33.13,52.89,0.97
2020-04-16 19:00:00,0.0,0.0,32.02,55.46,1.08
2020-04-16 20:00:00,0.0,0.0,30.93,58.8,1.25
2020-04-16 21:00:00,0.0,0.0,30.03,62.56,1.48
2020-04-16 22:00:00,0.0,0.0,29.36,66.44,1.78
2020-04-16 23:00:00,0.0,0.0,28.91,69.34,2.23
2020-04-17 00:00:00,0.0,0.0,28.45,71.92,2.65
2020-04-17 01:00:00,0.0,0.0,27.92,74.9,2.82
2020-04-17 02:00:00,0.0,0.0,27.37,78.3,2.76
2020-04-17 03:00:00,0.0,0.0,26.85,81.62,2.64
2020-04-17 04:00:00,0.0,0.0,26.46,84.37,2.51
2020-04-17 05:00:00,0.0,0.0,26.13,86.82,2.33
2020-04-17 06:00:00,34.53,53.62,26.41,86.27,2.54
2020-04-17 07:00:00,146.62,213.38,28.53,74.9,2.79
2020-04-17 08:00:00,282.75,420.27,31.71,59.24,3.32
2020-04-17 09:00:00,451.5,620.88,34.2,49.62,3.33
2020-04-17 10:00:00,634.5,778.83,35.95,44.16,3.1
2020-04-17 11:00:00,694.92,872.55,37.36,40.1,2.89
2020-04-17 12:00:00,751.83,870.28,38.35,37.26,2.84
2020-04-17 13:00:00,631.75,781.62,38.93,35.36,2.93
2020-04-17 14:00:00,483.52,625.53,39.0,34.35,3.1
2020-04-17 15:00:00,313.83,430.2,38.49,34.7,3.26
2020-04-17 16:00:00,165.12,224.8,37.34,36.72,3.44
2020-04-17 17:00:00,49.83,61.75,35.34,42.91,3.16
2020-04-17 18:00:00,0.0,0.0,32.95,52.16,3.45
2020-04-17 19:00:00,0.0,0.0,31.59,58.97,4.28
2020-04-17 20:00:00,0.0,0.0,30.63,64.66,4.45
2020-04-17 21:00:00,0.0,0.0,30.03,68.31,4.32
2020-04-17 22:00:00,0.0,0.0,29.46,71.59,4.16
2020-04-17 23:00:00,0.0,0.0,28.79,75.45,4.03
2020-04-18 00:00:00,0.0,0.0,28.2,79.1,3.99
2020-04-18 01:00:00,0.0,0.0,27.66,82.48,3.71
2020-04-18 02:00:00,0.0,0.0,27.17,85.55,3.33
2020-04-18 03:00:00,0.0,0.0,26.82,87.56,3.06
2020-04-18 04:00:00,0.0,0.0,26.52,89.12,2.88
2020-04-18 05:00:00,0.0,0.0,26.25,90.56,2.84
2020-04-18 06:00:00,47.12,64.57,26.41,89.86,3.31
2020-04-18 07:00:00,183.27,257.48,27.53,83.4,4.46
2020-04-18 08:00:00,342.85,490.27,29.07,74.86,5.05
2020-04-18 09:00:00,536.85,701.0,30.61,66.78,5.0
2020-04-18 10:00:00,701.75,857.1,32.02,60.11,4.77
2020-04-18 11:00:00,774.22,935.85,33.14,55.02,4.53
2020-04-18 12:00:00,802.12,893.67,33.64,52.06,4.28
2020-04-18 13:00:00,714.5,806.47,33.95,50.04,4.05
2020-04-18 14:00:00,605.17,653.17,33.96,49.11,3.88
2020-04-18 15:00:00,380.27,439.42,33.63,49.38,3.69
2020-04-18 16:00:00,217.32,237.65,32.96,51.13,3.4
2020-04-18 17:00:00,59.67,64.07,31.54,58.28,2.29
2020-04-18 18:00:00,0.0,0.0,29.73,67.47,1.77
2020-04-18 19:00:00,0.0,0.0,29.25,69.37,2.14
2020-04-18 20:00:00,0.0,0.0,28.96,70.98,2.62
2020-04-18 21:00:00,0.0,0.0,28.6,73.21,2.96
2020-04-18 22:00:00,0.0,0.0,28.2,75.73,3.02
2020-04-18 23:00:00,0.0,0.0,27.77,78.14,2.94
2020-04-19 00:00:00,0.0,0.0,27.35,80.3,2.88
2020-04-19 01:00:00,0.0,0.0,26.9,82.63,2.77
2020-04-19 02:00:00,0.0,0.0,26.43,85.19,2.73
2020-04-19 03:00:00,0.0,0.0,25.99,87.67,2.73
2020-04-19 04:00:00,0.0,0.0,25.61,89.73,2.8
2020-04-19 05:00:00,0.0,0.0,25.29,91.36,2.86
2020-04-19 06:00:00,55.85,64.4,25.53,90.12,3.32
2020-04-19 07:00:00,217.85,255.77,27.13,81.01,4.28
2020-04-19 08:00:00,388.98,477.08,29.45,68.08,5.2
2020-04-19 09:00:00,607.5,688.78,31.2,60.01,4.94
2020-04-19 10:00:00,768.83,847.42,32.8,53.42,4.43
2020-04-19 11:00:00,843.28,933.25,34.07,48.06,4.04
2020-04-19 12:00:00,833.62,889.0,35.0,44.36,3.79
2020-04-19 13:00:00,724.72,814.17,35.37,42.44,3.58
2020-04-19 14:00:00,604.4,667.8,35.08,42.46,3.42
2020-04-19 15:00:00,404.92,468.88,34.47,43.61,3.35
2020-04-19 16:00:00,210.85,249.68,33.51,46.56,3.21
2020-04-19 17:00:00,60.0,67.82,31.81,55.2,2.47
2020-04-19 18:00:00,0.0,0.0,30.08,63.23,2.73
2020-04-19 19:00:00,0.0,0.0,29.28,67.86,3.43
2020-04-19 20:00:00,0.0,0.0,28.61,72.22,3.6
2020-04-19 21:00:00,0.0,0.0,28.09,75.14,3.71
2020-04-19 22:00:00,0.0,0.0,27.62,77.23,3.89
2020-04-19 23:00:00,0.0,0.0,27.14,79.1,4.06
2020-04-20 00:00:00,0.0,0.0,26.62,81.41,3.7
2020-04-20 01:00:00,0.0,0.0,26.07,84.38,3.01
2020-04-20 02:00:00,0.0,0.0,25.61,86.87,3.02
2020-04-20 03:00:00,0.0,0.0,25.25,89.06,3.26
2020-04-20 04:00:00,0.0,0.0,25.04,90.75,3.46
2020-04-20 05:00:00,0.0,0.0,24.89,92.07,3.32
2020-04-20 06:00:00,66.72,68.82,25.12,91.25,3.18
2020-04-20 07:00:00,223.68,261.52,26.24,84.55,4.24
2020-04-20 08:00:00,420.9,495.85,27.74,75.21,4.99
2020-04-20 09:00:00,551.83,707.15,29.45,65.23,5.16
2020-04-20 10:00:00,704.75,869.33,31.06,56.48,4.85
2020-04-20 11:00:00,754.22,951.22,32.52,49.79,4.3
2020-04-20 12:00:00,869.9,980.3,33.38,45.76,3.69
2020-04-20 13:00:00,821.05,902.75,33.86,43.43,3.17
2020-04-20 14:00:00,648.03,748.9,33.88,42.76,2.69
2020-04-20 15:00:00,490.45,541.0,33.54,43.44,2.32
2020-04-20 16:00:00,262.3,301.62,33.05,45.42,1.96
2020-04-20 17:00:00,76.12,85.05,31.57,56.74,1.07
2020-04-20 18:00:00,0.0,0.0,29.74,68.71,0.69
2020-04-20 19:00:00,0.0,0.0,29.05,71.36,0.65
2020-04-20 20:00:00,0.0,0.0,28.45,74.31,0.59
2020-04-20 21:00:00,0.0,0.0,27.89,76.74,0.59
2020-04-20 22:00:00,0.0,0.0,27.36,78.52,0.69
2020-04-20 23:00:00,0.0,0.0,26.79,80.36,0.88
2020-04-21 00:00:00,0.0,0.0,26.22,82.28,1.15
2020-04-21 01:00:00,0.0,0.0,25.76,83.99,1.44
2020-04-21 02:00:00,0.0,0.0,25.31,86.09,1.69
2020-04-21 03:00:00,0.0,0.0,24.94,87.99,1.91
2020-04-21 04:00:00,0.0,0.0,24.58,89.82,2.05
2020-04-21 05:00:00,0.0,0.0,24.26,91.33,2.17
2020-04-21 06:00:00,17.1,78.8,24.63,89.22,2.76
2020-04-21 07:00:00,49.05,294.5,27.16,74.06,3.35
2020-04-21 08:00:00,73.43,531.95,30.15,59.29,3.87
2020-04-21 09:00:00,353.02,738.12,32.07,52.19,3.55
2020-04-21 10:00:00,493.42,888.17,33.4,47.89,3.1
2020-04-21 11:00:00,667.97,966.25,34.08,45.32,2.75
2020-04-21 12:00:00,824.97,951.85,34.63,43.17,2.54
2020-04-21 13:00:00,748.58,874.83,34.86,41.74,2.42
2020-04-21 14:00:00,612.88,726.0,34.65,41.49,2.21
2020-04-21 15:00:00,402.85,521.83,34.31,41.83,1.96
2020-04-21 16:00:00,218.55,288.0,33.78,43.16,1.62
2020-04-21 17:00:00,66.1,80.88,32.53,51.75,0.95
2020-04-21 18:00:00,0.0,0.0,30.82,62.9,0.67
2020-04-21 19:00:00,0.0,0.0,30.13,64.08,0.72
2020-04-21 20:00:00,0.0,0.0,29.44,66.25,0.73
2020-04-21 21:00:00,0.0,0.0,28.8,68.41,0.73
2020-04-21 22:00:00,0.0,0.0,28.25,70.27,0.71
2020-04-21 23:00:00,0.0,0.0,27.78,71.69,0.69
2020-04-22 00:00:00,0.0,0.0,27.32,73.05,0.68
2020-04-22 01:00:00,0.0,0.0,26.77,74.92,0.7
2020-04-22 02:00:00,0.0,0.0,26.2,76.95,0.74
2020-04-22 03:00:00,0.0,0.0,25.7,78.36,0.85
2020-04-22 04:00:00,0.0,0.0,25.35,79.32,1.08
2020-04-22 05:00:00,0.0,0.0,25.14,80.12,1.48
2020-04-22 06:00:00,79.72,79.6,25.83,77.34,2.91
2020-04-22 07:00:00,262.55,288.55,28.02,67.18,3.65
2020-04-22 08:00:00,494.02,521.88,31.23,53.5,4.4
2020-04-22 09:00:00,659.12,728.65,33.42,46.54,4.24
2020-04-22 10:00:00,839.85,883.53,34.76,43.08,3.68
2020-04-22 11:00:00,895.97,958.75,35.56,41.08,3.2
2020-04-22 12:00:00,873.67,913.03,35.73,40.5,2.79
2020-04-22 13:00:00,805.5,838.33,35.92,40.0,2.53
2020-04-22 14:00:00,630.5,685.28,35.95,39.91,2.43
2020-04-22 15:00:00,462.58,484.65,35.42,41.14,2.52
2020-04-22 16:00:00,242.15,259.95,34.48,43.83,2.63
2020-04-22 17:00:00,71.72,72.68,32.72,52.79,1.93
2020-04-22 18:00:00,0.0,0.0,30.59,62.06,1.87
2020-04-22 19:00:00,0.0,0.0,29.77,64.97,2.53
2020-04-22 20:00:00,0.0,0.0,29.01,68.82,2.99
2020-04-22 21:00:00,0.0,0.0,28.28,73.31,3.12
2020-04-22 22:00:00,0.0,0.0,27.61,77.81,2.9
2020-04-22 23:00:00,0.0,0.0,26.99,82.24,2.51
2020-04-23 00:00:00,0.0,0.0,26.51,85.71,2.23
2020-04-23 01:00:00,0.0,0.0,26.15,88.15,2.04
2020-04-23 02:00:00,0.0,0.0,25.85,90.12,1.88
2020-04-23 03:00:00,0.0,0.0,25.58,91.85,1.78
2020-04-23 04:00:00,0.0,0.0,25.32,93.59,1.71
2020-04-23 05:00:00,0.0,0.0,25.11,94.94,1.67
2020-04-23 06:00:00,44.22,72.05,25.37,94.11,2.27
2020-04-23 07:00:00,154.02,269.83,26.32,90.78,2.6
2020-04-23 08:00:00,287.52,498.0,28.08,80.53,3.27
2020-04-23 09:00:00,461.73,699.95,29.71,72.04,3.45
2020-04-23 10:00:00,631.67,847.1,31.12,65.74,3.29
2020-04-23 11:00:00,644.75,923.55,32.19,61.23,3.01
2020-04-23 12:00:00,726.9,920.08,32.94,58.18,2.67
2020-04-23 13:00:00,627.35,840.83,33.25,56.56,2.36
2020-04-23 14:00:00,433.52,689.83,32.88,57.29,2.04
2020-04-23 15:00:00,277.55,486.5,32.23,59.52,1.92
2020-04-23 16:00:00,139.57,260.48,31.24,65.94,1.61
2020-04-23 17:00:00,44.33,71.05,29.92,74.73,1.41
2020-04-23 18:00:00,0.0,0.0,28.52,82.97,1.26
2020-04-23 19:00:00,0.0,0.0,27.92,83.48,1.58
2020-04-23 20:00:00,0.0,0.0,27.51,84.05,1.79
2020-04-23 21:00:00,0.0,0.0,27.18,84.65,1.9
2020-04-23 22:00:00,0.0,0.0,26.91,85.13,2.01
2020-04-23 23:00:00,0.0,0.0,26.62,85.86,2.1
2020-04-24 00:00:00,0.0,0.0,26.31,86.99,2.12
2020-04-24 01:00:00,0.0,0.0,26.01,88.29,2.07
2020-04-24 02:00:00,0.0,0.0,25.73,89.69,2.02
2020-04-24 03:00:00,0.0,0.0,25.49,91.08,1.9
2020-04-24 04:00:00,0.0,0.0,25.27,92.35,1.78
2020-04-24 05:00:00,0.0,0.0,25.09,93.39,1.67
2020-04-24 06:00:00,74.8,76.88,25.42,92.05,2.21
2020-04-24 07:00:00,261.98,276.52,26.74,84.62,2.59
2020-04-24 08:00:00,497.33,507.92,28.62,73.24,3.21
2020-04-24 09:00:00,693.38,711.25,30.18,65.6,3.47
2020-04-24 10:00:00,731.12,864.88,31.34,61.08,3.23
2020-04-24 11:00:00,902.85,939.47,31.93,58.81,2.88
2020-04-24 12:00:00,945.65,965.17,32.21,57.58,2.57
2020-04-24 13:00:00,840.9,890.42,32.36,56.78,2.27
2020-04-24 14:00:00,704.3,738.5,32.17,57.17,2.0
2020-04-24 15:00:00,508.15,533.33,31.74,58.76,1.81
2020-04-24 16:00:00,275.67,296.75,31.07,63.71,1.46
2020-04-24 17:00:00,79.78,84.1,29.92,73.07,1.14
2020-04-24 18:00:00,0.0,0.0,28.59,80.09,0.96
2020-04-24 19:00:00,0.0,0.0,28.14,80.42,1.12
2020-04-24 20:00:00,0.0,0.0,27.81,80.99,1.21
2020-04-24 21:00:00,0.0,0.0,27.57,81.42,1.3
2020-04-24 22:00:00,0.0,0.0,27.33,81.96,1.4
2020-04-24 23:00:00,0.0,0.0,27.11,82.48,1.54
2020-04-25 00:00:00,0.0,0.0,26.87,83.3,1.75
2020-04-25 01:00:00,0.0,0.0,26.6,84.59,1.99
2020-04-25 02:00:00,0.0,0.0,26.36,86.0,2.21
2020-04-25 03:00:00,0.0,0.0,26.09,87.87,2.25
2020-04-25 04:00:00,0.0,0.0,25.92,88.78,2.38
2020-04-25 05:00:00,0.0,0.0,25.73,89.77,2.48
2020-04-25 06:00:00,62.47,83.95,25.79,89.63,2.81
2020-04-25 07:00:00,223.48,298.35,26.44,86.81,3.1
2020-04-25 08:00:00,435.73,531.85,27.74,79.39,3.67
2020-04-25 09:00:00,655.33,729.42,29.15,70.83,4.16
2020-04-25 10:00:00,834.45,877.65,30.26,65.74,4.01
2020-04-25 11:00:00,925.47,959.62,31.01,62.6,3.82
2020-04-25 12:00:00,901.42,917.65,31.49,60.66,3.73
2020-04-25 13:00:00,817.75,841.45,31.73,59.52,3.65
2020-04-25 14:00:00,697.1,700.85,31.72,59.48,3.52
2020-04-25 15:00:00,486.9,493.08,31.44,60.35,3.31
2020-04-25 16:00:00,246.82,267.17,30.83,63.23,2.88
2020-04-25 17:00:00,68.95,75.88,29.44,72.67,1.78
2020-04-25 18:00:00,0.0,0.0,28.14,79.06,1.63
2020-04-25 19:00:00,0.0,0.0,27.92,79.05,2.36
2020-04-25 20:00:00,0.0,0.0,27.57,80.66,2.8
2020-04-25 21:00:00,0.0,0.0,27.19,82.3,3.12
2020-04-25 22:00:00,0.0,0.0,26.72,84.53,3.11
2020-04-25 23:00:00,0.0,0.0,26.3,86.42,2.94
2020-04-26 00:00:00,0.0,0.0,25.88,88.55,2.62
2020-04-26 01:00:00,0.0,0.0,25.57,90.26,2.5
2020-04-26 02:00:00,0.0,0.0,25.28,91.56,2.7
2020-04-26 03:00:00,0.0,0.0,24.97,92.73,2.93
2020-04-26 04:00:00,0.0,0.0,24.68,93.61,3.02
2020-04-26 05:00:00,0.0,0.0,24.51,93.77,3.04
2020-04-26 06:00:00,7.55,81.35,24.75,92.26,3.25
2020-04-26 07:00:00,23.2,290.1,25.95,86.28,3.38
2020-04-26 08:00:00,37.85,524.6,28.08,72.89,4.17
2020-04-26 09:00:00,122.93,727.75,30.0,62.11,4.18
2020-04-26 10:00:00,490.25,884.45,31.29,56.5,3.8
2020-04-26 11:00:00,718.25,953.75,32.09,53.0,3.4
2020-04-26 12:00:00,849.78,951.58,32.53,51.1,3.11
2020-04-26 13:00:00,780.45,867.22,32.61,50.41,3.03
2020-04-26 14:00:00,600.45,705.83,32.45,50.8,3.13
2020-04-26 15:00:00,443.45,506.7,31.95,52.63,3.12
2020-04-26 16:00:00,241.77,281.52,31.15,57.32,2.63
2020-04-26 17:00:00,68.72,78.28,29.54,68.99,1.68
2020-04-26 18:00:00,0.0,0.0,27.94,75.9,1.6
2020-04-26 19:00:00,0.0,0.0,27.46,77.13,2.0
2020-04-26 20:00:00,0.0,0.0,27.06,78.7,2.34
2020-04-26 21:00:00,0.0,0.0,26.66,80.61,2.5
2020-04-26 22:00:00,0.0,0.0,26.32,82.27,2.62
2020-04-26 23:00:00,0.0,0.0,25.99,83.88,2.75
2020-04-27 00:00:00,0.0,0.0,25.68,85.32,2.87
2020-04-27 01:00:00,0.0,0.0,25.37,86.82,3.0
2020-04-27 02:00:00,0.0,0.0,25.07,88.51,3.09
2020-04-27 03:00:00,0.0,0.0,24.8,90.29,3.07
2020-04-27 04:00:00,0.0,0.0,24.6,91.71,3.02
2020-04-27 05:00:00,0.0,0.0,24.51,92.32,2.86
2020-04-27 06:00:00,79.0,86.07,24.79,90.94,2.95
2020-04-27 07:00:00,272.0,296.7,25.94,84.35,3.25
2020-04-27 08:00:00,496.98,542.7,27.54,75.15,3.61
2020-04-27 09:00:00,725.28,752.62,28.98,67.94,3.51
2020-04-27 10:00:00,904.6,904.6,30.23,62.68,3.4
2020-04-27 11:00:00,825.28,934.26,30.94,59.66,3.34
2020-04-27 12:00:00,824.88,933.8,31.54,57.4,3.19
2020-04-27 13:00:00,921.45,921.45,32.03,55.59,2.78
2020-04-27 14:00:00,769.22,770.75,32.26,54.46,2.31
2020-04-27 15:00:00,562.62,566.22,32.07,54.55,2.03
2020-04-27 16:00:00,321.45,326.08,31.58,56.06,1.94
2020-04-27 17:00:00,94.05,96.68,30.25,65.33,1.29
2020-04-27 18:00:00,0.0,0.0,28.19,77.35,0.86
2020-04-27 19:00:00,0.0,0.0,27.54,78.23,0.95
2020-04-27 20:00:00,0.0,0.0,27.06,79.15,1.0
2020-04-27 21:00:00,0.0,0.0,26.65,79.86,1.04
2020-04-27 22:00:00,0.0,0.0,26.25,80.81,1.09
2020-04-27 23:00:00,0.0,0.0,25.89,81.67,1.14
2020-04-28 00:00:00,0.0,0.0,25.54,82.57,1.18
2020-04-28 01:00:00,0.0,0.0,25.19,83.72,1.24
2020-04-28 02:00:00,0.0,0.0,24.87,85.19,1.33
2020-04-28 03:00:00,0.0,0.0,24.57,86.98,1.46
2020-04-28 04:00:00,0.0,0.0,24.32,89.24,1.63
2020-04-28 05:00:00,0.0,0.0,24.11,92.08,1.8
2020-04-28 06:00:00,93.38,99.22,25.04,89.25,2.81
2020-04-28 07:00:00,301.6,325.08,27.45,77.41,3.6
2020-04-28 08:00:00,542.72,562.9,30.22,64.24,3.71
2020-04-28 09:00:00,761.88,763.85,32.05,56.99,3.24
2020-04-28 10:00:00,889.7,910.97,33.44,52.5,2.8
2020-04-28 11:00:00,971.83,985.4,34.49,49.15,2.55
2020-04-28 12:00:00,950.88,980.05,35.03,47.16,2.47
2020-04-28 13:00:00,860.15,901.25,35.23,46.25,2.48
2020-04-28 14:00:00,737.35,754.85,35.02,46.38,2.57
2020-04-28 15:00:00,548.55,551.2,34.34,47.83,2.66
2020-04-28 16:00:00,300.05,316.23,33.37,50.92,2.62
2020-04-28 17:00:00,86.18,93.4,31.63,60.78,1.8
2020-04-28 18:00:00,0.0,0.0,29.61,69.58,1.54
2020-04-28 19:00:00,0.0,0.0,28.87,71.76,1.81
2020-04-28 20:00:00,0.0,0.0,28.27,74.22,1.87
2020-04-28 21:00:00,0.0,0.0,27.76,76.37,1.89
2020-04-28 22:00:00,0.0,0.0,27.39,77.79,2.02
2020-04-28 23:00:00,0.0,0.0,27.08,78.89,2.34
2020-04-29 00:00:00,0.0,0.0,26.69,80.86,2.64
2020-04-29 01:00:00,0.0,0.0,26.16,84.03,2.8
2020-04-29 02:00:00,0.0,0.0,25.63,87.62,2.79
2020-04-29 03:00:00,0.0,0.0,25.17,90.87,2.63
2020-04-29 04:00:00,0.0,0.0,24.84,92.95,2.45
2020-04-29 05:00:00,0.0,0.0,24.65,93.8,2.31
2020-04-29 06:00:00,83.57,86.82,25.23,90.51,2.85
2020-04-29 07:00:00,283.5,295.9,27.56,76.35,3.75
2020-04-29 08:00:00,521.28,529.85,30.07,63.88,4.05
2020-04-29 09:00:00,686.65,733.78,31.98,56.68,3.76
2020-04-29 10:00:00,835.92,881.55,33.29,52.73,3.34
2020-04-29 11:00:00,953.53,959.0,33.74,51.58,2.93
2020-04-29 12:00:00,942.38,951.08,33.94,51.26,2.61
2020-04-29 13:00:00,835.53,874.85,34.49,50.07,2.38
2020-04-29 14:00:00,719.05,727.47,34.45,50.17,2.21
2020-04-29 15:00:00,519.9,521.33,33.88,51.86,2.27
2020-04-29 16:00:00,280.73,292.05,32.91,55.6,2.36
2020-04-29 17:00:00,81.3,83.65,31.25,65.27,1.8
2020-04-29 18:00:00,0.0,0.0,29.7,71.55,1.92
2020-04-29 19:00:00,0.0,0.0,29.0,73.46,2.52
2020-04-29 20:00:00,0.0,0.0,28.38,76.15,2.55
2020-04-29 21:00:00,0.0,0.0,27.95,78.29,2.34
2020-04-29 22:00:00,0.0,0.0,27.62,80.0,2.17
2020-04-29 23:00:00,0.0,0.0,27.31,81.48,2.19
2020-04-30 00:00:00,0.0,0.0,27.04,82.7,2.32
2020-04-30 01:00:00,0.0,0.0,26.73,84.13,2.42
2020-04-30 02:00:00,0.0,0.0,26.42,85.59,2.45
2020-04-30 03:00:00,0.0,0.0,26.11,86.96,2.53
2020-04-30 04:00:00,0.0,0.0,25.79,88.35,2.6
2020-04-30 05:00:00,0.0,0.0,25.46,89.79,2.67
2020-04-30 06:00:00,71.35,85.1,25.59,88.91,3.07
2020-04-30 07:00:00,231.55,292.38,27.14,80.03,3.66
2020-04-30 08:00:00,411.33,526.7,29.45,67.69,4.47
2020-04-30 09:00:00,643.58,723.4,31.21,60.24,4.54
2020-04-30 10:00:00,790.97,871.2,32.29,56.72,4.29
2020-04-30 11:00:00,896.08,947.7,32.97,54.82,4.0
2020-04-30 12:00:00,893.42,957.88,33.6,53.13,3.76
2020-04-30 13:00:00,829.25,875.17,33.62,53.06,3.34
2020-04-30 14:00:00,662.92,724.12,33.39,53.55,3.01
2020-04-30 15:00:00,457.8,522.55,32.66,55.78,2.7
2020-04-30 16:00:00,249.93,287.38,31.88,59.4,2.35
2020-04-30 17:00:00,75.2,81.28,30.38,70.06,1.44
2020-04-30 18:00:00,0.0,0.0,28.94,76.52,1.33
2020-04-30 19:00:00,0.0,0.0,28.51,77.06,1.74
2020-04-30 20:00:00,0.0,0.0,28.25,77.33,2.35
2020-04-30 21:00:00,0.0,0.0,27.98,78.37,2.84
2020-04-30 22:00:00,0.0,0.0,27.57,80.57,2.9
2020-04-30 23:00:00,0.0,0.0,27.1,83.29,2.71
2020-05-01 00:00:00,0.0,0.0,26.62,86.29,2.45
2020-05-01 01:00:00,0.0,0.0,26.17,89.19,2.28
2020-05-01 02:00:00,0.0,0.0,25.79,91.65,2.25
2020-05-01 03:00:00,0.0,0.0,25.49,93.43,2.4
2020-05-01 04:00:00,0.0,0.0,25.32,94.03,2.58
2020-05-01 05:00:00,0.0,0.0,25.17,94.09,2.77
2020-05-01 06:00:00,85.62,87.38,25.44,91.83,3.36
2020-05-01 07:00:00,279.83,294.55,26.69,82.88,3.93
2020-05-01 08:00:00,523.85,527.28,28.89,69.45,4.29
2020-05-01 09:00:00,707.2,732.15,31.04,59.81,4.16
2020-05-01 10:00:00,874.92,879.78,32.81,53.27,3.85
2020-05-01 11:00:00,955.25,957.75,34.19,48.55,3.51
2020-05-01 12:00:00,979.45,980.5,35.09,45.48,3.28
2020-05-01 13:00:00,901.7,901.92,35.57,43.74,3.19
2020-05-01 14:00:00,744.47,754.55,35.55,43.44,3.14
2020-05-01 15:00:00,534.53,551.17,35.08,44.38,3.04
2020-05-01 16:00:00,299.5,314.6,34.09,47.27,2.83
2020-05-01 17:00:00,87.65,92.3,32.25,57.23,1.89
2020-05-01 18:00:00,0.0,0.0,30.04,67.38,1.48
2020-05-01 19:00:00,0.0,0.0,29.3,69.42,1.8
2020-05-01 20:00:00,0.0,0.0,28.79,71.56,2.03
2020-05-01 21:00:00,0.0,0.0,28.36,73.69,2.12
2020-05-01 22:00:00,0.0,0.0,27.96,75.51,2.16
2020-05-01 23:00:00,0.0,0.0,27.58,76.98,2.26
2020-05-02 00:00:00,0.0,0.0,27.19,78.45,2.45
2020-05-02 01:00:00,0.0,0.0,26.72,80.63,2.66
2020-05-02 02:00:00,0.0,0.0,26.22,83.32,2.76
2020-05-02 03:00:00,0.0,0.0,25.74,86.23,2.72
2020-05-02 04:00:00,0.0,0.0,25.39,88.53,2.55
2020-05-02 05:00:00,0.0,0.0,25.14,90.28,2.27
2020-05-02 06:00:00,90.55,93.62,25.66,88.01,2.59
2020-05-02 07:00:00,298.35,306.62,27.8,75.42,3.24
2020-05-02 08:00:00,533.83,539.7,30.2,63.45,3.59
2020-05-02 09:00:00,738.85,740.33,32.25,55.2,3.41
2020-05-02 10:00:00,885.1,886.97,33.69,50.14,2.99
2020-05-02 11:00:00,899.72,962.85,34.7,47.0,2.55
2020-05-02 12:00:00,926.3,970.22,35.13,45.61,2.12
2020-05-02 13:00:00,841.0,891.67,35.23,45.13,1.78
2020-05-02 14:00:00,690.15,743.05,34.99,45.45,1.49
2020-05-02 15:00:00,515.12,538.1,34.48,46.61,1.43
2020-05-02 16:00:00,280.02,300.85,33.81,49.33,1.52
2020-05-02 17:00:00,80.57,86.15,32.32,59.94,1.18
2020-05-02 18:00:00,0.0,0.0,30.44,66.59,1.26
2020-05-02 19:00:00,0.0,0.0,29.84,66.26,1.78
2020-05-02 20:00:00,0.0,0.0,29.38,66.85,2.25
2020-05-02 21:00:00,0.0,0.0,28.9,68.51,2.5
2020-05-02 22:00:00,0.0,0.0,28.43,70.49,2.66
2020-05-02 23:00:00,0.0,0.0,27.98,72.58,2.9
2020-05-03 00:00:00,0.0,0.0,27.54,75.02,3.13
2020-05-03 01:00:00,0.0,0.0,27.09,77.94,3.43
2020-05-03 02:00:00,0.0,0.0,26.63,81.19,3.68
2020-05-03 03:00:00,0.0,0.0,26.26,84.29,3.68
2020-05-03 04:00:00,0.0,0.0,25.92,87.18,3.41
2020-05-03 05:00:00,0.0,0.0,25.56,89.92,2.86
2020-05-03 06:00:00,63.9,99.7,25.97,88.42,2.98
2020-05-03 07:00:00,210.3,320.4,27.82,79.36,3.51
2020-05-03 08:00:00,387.38,555.33,30.08,67.9,4.11
2020-05-03 09:00:00,386.77,756.8,31.8,60.0,4.15
2020-05-03 10:00:00,693.7,900.12,33.19,54.54,3.9
2020-05-03 11:00:00,789.65,974.42,34.1,50.84,3.57
2020-05-03 12:00:00,848.38,952.22,34.62,48.42,3.24
2020-05-03 13:00:00,718.47,873.38,34.78,47.16,2.93
2020-05-03 14:00:00,635.28,725.35,34.48,47.48,2.71
2020-05-03 15:00:00,414.7,521.33,33.79,49.27,2.63
2020-05-03 16:00:00,229.9,286.77,32.87,53.13,2.48
2020-05-03 17:00:00,66.3,78.93,31.33,62.38,1.91
2020-05-03 18:00:00,0.0,0.0,29.82,68.95,1.97
2020-05-03 19:00:00,0.0,0.0,29.23,70.96,2.49
2020-05-03 20:00:00,0.0,0.0,28.68,73.81,2.82
2020-05-03 21:00:00,0.0,0.0,28.14,77.1,2.96
2020-05-03 22:00:00,0.0,0.0,27.71,79.77,3.07
2020-05-03 23:00:00,0.0,0.0,27.32,81.97,3.16
2020-05-04 00:00:00,0.0,0.0,26.9,84.15,3.0
2020-05-04 01:00:00,0.0,0.0,26.48,86.34,2.71
2020-05-04 02:00:00,0.0,0.0,26.13,87.94,2.49
2020-05-04 03:00:00,0.0,0.0,25.82,89.42,2.38
2020-05-04 04:00:00,0.0,0.0,25.58,90.53,2.26
2020-05-04 05:00:00,0.0,0.0,25.34,91.67,2.09
2020-05-04 06:00:00,86.97,93.68,25.73,89.81,2.64
2020-05-04 07:00:00,274.85,306.45,27.21,81.96,3.43
2020-05-04 08:00:00,488.33,540.45,29.38,69.17,4.22
2020-05-04 09:00:00,688.47,741.92,31.67,58.7,4.03
2020-05-04 10:00:00,845.35,887.33,33.81,50.94,3.46
2020-05-04 11:00:00,947.33,962.8,35.36,45.69,3.15
2020-05-04 12:00:00,970.15,972.72,36.37,42.26,3.1
2020-05-04 13:00:00,881.58,896.55,36.83,40.5,3.15
2020-05-04 14:00:00,716.5,752.25,36.78,40.06,3.22
2020-05-04 15:00:00,546.9,551.83,36.01,41.51,3.24
2020-05-04 16:00:00,290.3,316.3,34.79,44.77,3.18
2020-05-04 17:00:00,83.53,94.12,32.65,55.23,2.35
2020-05-04 18:00:00,0.0,0.0,30.0,67.97,1.99
2020-05-04 19:00:00,0.0,0.0,29.04,71.47,2.55
2020-05-04 20:00:00,0.0,0.0,28.33,75.18,2.73
2020-05-04 21:00:00,0.0,0.0,27.78,78.31,2.65
2020-05-04 22:00:00,0.0,0.0,27.33,80.72,2.59
2020-05-04 23:00:00,0.0,0.0,26.88,82.93,2.55
2020-05-05 00:00:00,0.0,0.0,26.44,85.15,2.54
2020-05-05 01:00:00,0.0,0.0,25.97,87.71,2.54
2020-05-05 02:00:00,0.0,0.0,25.53,90.58,2.45
2020-05-05 03:00:00,0.0,0.0,25.14,93.35,2.25
2020-05-05 04:00:00,0.0,0.0,24.9,94.89,1.93
2020-05-05 05:00:00,0.0,0.0,24.74,95.6,1.67
2020-05-05 06:00:00,77.05,100.1,25.53,91.3,2.52
2020-05-05 07:00:00,255.62,317.1,27.59,78.73,3.31
2020-05-05 08:00:00,475.8,549.6,30.11,65.49,3.19
2020-05-05 09:00:00,720.12,748.45,32.2,56.64,2.42
2020-05-05 10:00:00,822.78,890.47,34.02,50.15,1.8
2020-05-05 11:00:00,896.83,962.47,35.35,45.66,1.69
2020-05-05 12:00:00,914.42,957.35,36.2,42.5,1.72
2020-05-05 13:00:00,768.2,877.12,36.71,40.31,1.71
2020-05-05 14:00:00,689.92,728.28,36.76,39.31,1.67
2020-05-05 15:00:00,494.35,524.7,36.28,39.84,1.62
2020-05-05 16:00:00,265.05,292.62,35.47,42.06,1.42
2020-05-05 17:00:00,78.85,84.9,34.25,48.39,0.89
2020-05-05 18:00:00,0.0,0.0,32.74,62.92,0.42
2020-05-05 19:00:00,0.0,0.0,32.51,60.34,0.12
2020-05-05 20:00:00,0.0,0.0,31.71,63.2,0.33
2020-05-05 21:00:00,0.0,0.0,30.35,70.95,0.64
2020-05-05 22:00:00,0.0,0.0,29.05,75.96,0.78
2020-05-05 23:00:00,0.0,0.0,28.21,77.9,0.96
2020-05-06 00:00:00,0.0,0.0,27.61,79.67,1.13
2020-05-06 01:00:00,0.0,0.0,27.13,82.08,1.21
2020-05-06 02:00:00,0.0,0.0,26.74,84.49,1.21
2020-05-06 03:00:00,0.0,0.0,26.46,86.21,1.22
2020-05-06 04:00:00,0.0,0.0,26.19,87.76,1.28
2020-05-06 05:00:00,0.0,0.0,25.94,89.23,1.42
2020-05-06 06:00:00,68.78,90.53,26.43,87.35,2.38
2020-05-06 07:00:00,217.45,291.33,28.42,77.33,2.74
2020-05-06 08:00:00,417.73,520.45,31.5,61.02,2.98
2020-05-06 09:00:00,622.25,721.28,33.8,51.8,2.59
2020-05-06 10:00:00,838.72,868.28,35.46,46.17,2.05
2020-05-06 11:00:00,932.53,940.72,36.72,42.11,1.67
2020-05-06 12:00:00,907.08,920.95,37.53,39.4,1.87
2020-05-06 13:00:00,836.6,846.28,37.94,37.65,2.21
2020-05-06 14:00:00,698.5,702.08,37.92,36.88,2.41
2020-05-06 15:00:00,501.27,501.7,37.4,37.21,2.56
2020-05-06 16:00:00,265.08,281.75,36.42,39.25,2.49
2020-05-06 17:00:00,78.05,82.28,34.27,50.84,1.65
2020-05-06 18:00:00,0.0,0.0,31.6,61.67,1.69
2020-05-06 19:00:00,0.0,0.0,30.64,63.95,2.7
2020-05-06 20:00:00,0.0,0.0,29.77,68.76,3.29
2020-05-06 21:00:00,0.0,0.0,29.08,73.03,3.32
2020-05-06 22:00:00,0.0,0.0,28.61,75.9,3.22
2020-05-06 23:00:00,0.0,0.0,28.2,78.15,3.03
2020-05-07 00:00:00,0.0,0.0,27.78,80.38,2.8
2020-05-07 01:00:00,0.0,0.0,27.32,82.82,2.57
2020-05-07 02:00:00,0.0,0.0,26.9,85.19,2.35
2020-05-07 03:00:00,0.0,0.0,26.5,87.53,2.23
2020-05-07 04:00:00,0.0,0.0,26.12,89.86,2.06
2020-05-07 05:00:00,0.0,0.0,25.77,92.15,1.79
2020-05-07 06:00:00,84.15,90.3,26.37,89.83,2.46
2020-05-07 07:00:00,266.1,291.95,28.25,80.3,2.94
2020-05-07 08:00:00,485.67,522.8,31.01,64.13,3.24
2020-05-07 09:00:00,672.17,722.9,33.42,51.3,2.98
2020-05-07 10:00:00,859.9,868.78,35.23,43.36,2.63
2020-05-07 11:00:00,939.22,940.0,36.59,39.18,2.33
2020-05-07 12:00:00,947.53,948.17,37.51,36.94,2.05
2020-05-07 13:00:00,847.08,872.2,37.96,35.97,1.92
2020-05-07 14:00:00,684.17,728.8,37.95,35.94,2.0
2020-05-07 15:00:00,478.25,529.67,37.48,36.73,2.13
2020-05-07 16:00:00,271.15,300.4,36.52,38.47,2.32
2020-05-07 17:00:00,80.1,88.7,34.35,48.64,1.85
2020-05-07 18:00:00,0.0,0.0,31.59,60.24,1.98
2020-05-07 19:00:00,0.0,0.0,30.5,62.77,2.94
2020-05-07 20:00:00,0.0,0.0,29.58,67.27,3.2
2020-05-07 21:00:00,0.0,0.0,28.91,70.79,3.13
2020-05-07 22:00:00,0.0,0.0,28.4,73.34,3.06
2020-05-07 23:00:00,0.0,0.0,27.97,75.39,3.03
2020-05-08 00:00:00,0.0,0.0,27.52,77.49,2.98
2020-05-08 01:00:00,0.0,0.0,27.08,79.65,2.94
2020-05-08 02:00:00,0.0,0.0,26.67,81.88,2.88
2020-05-08 03:00:00,0.0,0.0,26.28,84.29,2.8
2020-05-08 04:00:00,0.0,0.0,25.93,86.63,2.68
2020-05-08 05:00:00,0.0,0.0,25.6,88.95,2.52
2020-05-08 06:00:00,104.35,107.1,26.21,86.48,2.87
2020-05-08 07:00:00,321.4,329.15,28.89,72.92,3.34
2020-05-08 08:00:00,560.7,561.03,31.68,59.77,3.5
2020-05-08 09:00:00,760.6,760.85,33.81,51.01,3.15
2020-05-08 10:00:00,870.83,905.22,35.48,45.3,2.71
2020-05-08 11:00:00,961.3,975.95,36.69,41.51,2.32
2020-05-08 12:00:00,927.97,930.55,37.29,39.38,2.05
2020-05-08 13:00:00,842.05,846.75,37.63,38.03,1.99
2020-05-08 14:00:00,662.95,694.12,37.38,37.98,2.05
2020-05-08 15:00:00,458.3,492.52,36.67,39.12,2.2
2020-05-08 16:00:00,249.95,267.05,35.52,41.76,2.37
2020-05-08 17:00:00,71.15,76.85,33.68,50.59,1.97
2020-05-08 18:00:00,0.0,0.0,31.4,61.23,1.97
2020-05-08 19:00:00,0.0,0.0,30.39,63.98,2.81
2020-05-08 20:00:00,0.0,0.0,29.53,68.17,3.11
2020-05-08 21:00:00,0.0,0.0,28.9,71.63,3.07
2020-05-08 22:00:00,0.0,0.0,28.46,74.1,2.94
2020-05-08 23:00:00,0.0,0.0,28.06,76.31,2.81
2020-05-09 00:00:00,0.0,0.0,27.68,78.4,2.68
2020-05-09 01:00:00,0.0,0.0,27.29,80.69,2.53
2020-05-09 02:00:00,0.0,0.0,26.89,83.2,2.34
2020-05-09 03:00:00,0.0,0.0,26.51,85.86,2.09
2020-05-09 04:00:00,0.0,0.0,26.19,88.08,1.84
2020-05-09 05:00:00,0.0,0.0,25.94,89.9,1.66
2020-05-09 06:00:00,67.78,90.05,26.39,88.25,2.25
2020-05-09 07:00:00,212.3,294.65,27.7,82.6,2.87
2020-05-09 08:00:00,395.52,525.95,29.31,73.65,3.39
2020-05-09 09:00:00,637.85,722.2,30.91,65.56,3.2
2020-05-09 10:00:00,731.15,866.8,31.96,60.7,2.84
2020-05-09 11:00:00,680.83,939.28,32.35,58.81,2.56
2020-05-09 12:00:00,589.9,868.35,32.63,57.73,2.38
2020-05-09 13:00:00,487.38,785.12,32.65,57.53,2.22
2020-05-09 14:00:00,476.75,638.55,32.46,58.12,2.12
2020-05-09 15:00:00,405.7,443.65,32.14,59.22,1.97
2020-05-09 16:00:00,212.7,232.9,31.54,62.8,1.71
2020-05-09 17:00:00,65.35,67.72,30.37,71.75,1.32
2020-05-09 18:00:00,0.0,0.0,28.78,82.47,0.96
2020-05-09 19:00:00,0.0,0.0,28.25,82.34,1.16
2020-05-09 20:00:00,0.0,0.0,27.91,81.91,1.44
2020-05-09 21:00:00,0.0,0.0,27.66,81.56,1.81
2020-05-09 22:00:00,0.0,0.0,27.4,81.83,2.29
2020-05-09 23:00:00,0.0,0.0,27.12,82.91,2.64
2020-05-10 00:00:00,0.0,0.0,26.8,84.75,2.8
2020-05-10 01:00:00,0.0,0.0,26.52,86.53,2.77
2020-05-10 02:00:00,0.0,0.0,26.28,88.01,2.62
2020-05-10 03:00:00,0.0,0.0,26.11,88.94,2.44
2020-05-10 04:00:00,0.0,0.0,26.0,89.5,2.25
2020-05-10 05:00:00,0.0,0.0,25.88,89.88,2.21
2020-05-10 06:00:00,81.53,82.7,26.08,88.78,2.64
2020-05-10 07:00:00,262.38,266.08,27.48,80.92,3.51
2020-05-10 08:00:00,485.95,486.52,29.68,68.78,4.23
2020-05-10 09:00:00,673.67,680.9,31.6,59.65,3.9
2020-05-10 10:00:00,798.05,823.0,33.2,52.78,3.25
2020-05-10 11:00:00,896.28,896.58,34.43,47.68,2.58
2020-05-10 12:00:00,894.03,898.08,35.37,44.03,1.97
2020-05-10 13:00:00,749.85,818.75,35.81,42.0,1.42
2020-05-10 14:00:00,627.72,673.0,35.82,41.31,1.2
2020-05-10 15:00:00,419.48,476.62,35.46,41.71,1.43
2020-05-10 16:00:00,202.73,257.92,34.59,43.99,1.89
2020-05-10 17:00:00,59.85,74.88,32.7,54.43,1.73
2020-05-10 18:00:00,0.0,0.0,30.24,64.99,1.94
2020-05-10 19:00:00,0.0,0.0,29.32,67.43,3.07
2020-05-10 20:00:00,0.0,0.0,28.36,72.91,3.37
2020-05-10 21:00:00,0.0,0.0,27.64,77.34,3.39
2020-05-10 22:00:00,0.0,0.0,27.12,80.62,3.44
2020-05-10 23:00:00,0.0,0.0,26.62,83.76,3.53
2020-05-11 00:00:00,0.0,0.0,26.14,87.04,3.4
2020-05-11 01:00:00,0.0,0.0,25.72,89.99,3.03
2020-05-11 02:00:00,0.0,0.0,25.44,92.2,2.65
2020-05-11 03:00:00,0.0,0.0,25.38,93.07,2.49
2020-05-11 04:00:00,0.0,0.0,25.35,93.67,2.37
2020-05-11 05:00:00,0.0,0.0,25.3,94.31,2.21
2020-05-11 06:00:00,54.67,89.32,25.43,94.14,2.23
2020-05-11 07:00:00,165.23,287.77,25.93,92.2,2.3
2020-05-11 08:00:00,300.65,515.75,26.67,87.81,2.71
2020-05-11 09:00:00,383.15,718.17,27.35,82.97,3.04
2020-05-11 10:00:00,506.77,867.12,27.88,79.37,3.21
2020-05-11 11:00:00,571.55,941.85,28.38,76.32,3.22
2020-05-11 12:00:00,637.92,899.7,28.95,73.56,2.87
2020-05-11 13:00:00,657.4,822.45,29.47,71.01,2.48
2020-05-11 14:00:00,598.33,682.8,29.57,69.73,2.3
2020-05-11 15:00:00,354.27,490.45,29.42,69.75,2.28
2020-05-11 16:00:00,198.0,271.88,29.01,71.74,2.2
2020-05-11 17:00:00,66.88,79.5,27.99,79.53,1.6
2020-05-11 18:00:00,0.0,0.0,26.55,87.84,1.21
2020-05-11 19:00:00,0.0,0.0,26.04,88.32,1.42
2020-05-11 20:00:00,0.0,0.0,25.67,88.87,1.6
2020-05-11 21:00:00,0.0,0.0,25.34,89.92,1.74
2020-05-11 22:00:00,0.0,0.0,25.04,91.12,1.9
2020-05-11 23:00:00,0.0,0.0,24.77,92.52,2.01
2020-05-12 00:00:00,0.0,0.0,24.48,94.09,1.94
2020-05-12 01:00:00,0.0,0.0,24.23,95.35,1.67
2020-05-12 02:00:00,0.0,0.0,23.96,96.33,1.34
2020-05-12 03:00:00,0.0,0.0,23.71,97.02,1.08
2020-05-12 04:00:00,0.0,0.0,23.48,97.57,0.9
2020-05-12 05:00:00,0.0,0.0,23.22,98.48,0.79
2020-05-12 06:00:00,100.93,102.0,24.24,93.37,1.49
2020-05-12 07:00:00,300.05,314.9,26.4,81.07,2.0
2020-05-12 08:00:00,529.53,547.03,28.77,68.47,1.99
2020-05-12 09:00:00,742.67,749.78,30.88,58.9,2.02
2020-05-12 10:00:00,880.95,893.65,32.57,52.58,2.22
2020-05-12 11:00:00,948.0,967.15,33.88,47.94,2.42
2020-05-12 12:00:00,969.45,970.7,34.77,44.76,2.55
2020-05-12 13:00:00,859.42,900.58,35.16,43.32,2.59
2020-05-12 14:00:00,727.95,757.58,35.08,43.28,2.58
2020-05-12 15:00:00,527.08,559.75,34.57,44.28,2.52
2020-05-12 16:00:00,294.45,327.65,33.52,47.1,2.43
2020-05-12 17:00:00,88.18,103.25,31.61,58.14,1.66
2020-05-12 18:00:00,0.0,0.0,29.25,70.67,1.18
2020-05-12 19:00:00,0.0,0.0,28.47,72.05,1.42
2020-05-12 20:00:00,0.0,0.0,27.92,73.27,1.67
2020-05-12 21:00:00,0.0,0.0,27.46,74.37,1.86
2020-05-12 22:00:00,0.0,0.0,27.05,75.36,1.92
2020-05-12 23:00:00,0.0,0.0,26.68,76.19,1.95
2020-05-13 00:00:00,0.0,0.0,26.31,77.24,2.01
2020-05-13 01:00:00,0.0,0.0,25.95,78.58,2.09
2020-05-13 02:00:00,0.0,0.0,25.57,80.4,2.18
2020-05-13 03:00:00,0.0,0.0,25.17,82.86,2.25
2020-05-13 04:00:00,0.0,0.0,24.75,85.82,2.24
2020-05-13 05:00:00,0.0,0.0,24.34,88.96,2.2
2020-05-13 06:00:00,112.68,116.95,24.73,88.25,2.68
2020-05-13 07:00:00,328.25,340.12,26.71,78.26,3.18
2020-05-13 08:00:00,554.62,570.67,29.37,65.07,3.61
2020-05-13 09:00:00,755.7,765.1,31.56,56.01,3.23
2020-05-13 10:00:00,826.8,904.03,33.21,50.16,2.87
2020-05-13 11:00:00,936.1,975.03,34.49,45.99,2.79
2020-05-13 12:00:00,905.0,947.85,35.38,43.11,2.84
2020-05-13 13:00:00,786.22,871.83,35.83,41.66,2.92
2020-05-13 14:00:00,630.38,727.38,35.7,41.72,2.95
2020-05-13 15:00:00,327.12,531.2,35.04,42.97,2.88
2020-05-13 16:00:00,178.32,302.45,33.97,45.87,2.7
2020-05-13 17:00:00,57.2,90.5,32.2,55.1,1.87
2020-05-13 18:00:00,0.0,0.0,29.8,68.32,1.29
2020-05-13 19:00:00,0.0,0.0,28.9,70.56,1.48
2020-05-13 20:00:00,0.0,0.0,28.24,72.65,1.54
2020-05-13 21:00:00,0.0,0.0,27.7,74.75,1.55
2020-05-13 22:00:00,0.0,0.0,27.23,76.49,1.54
2020-05-13 23:00:00,0.0,0.0,26.79,78.14,1.55
2020-05-14 00:00:00,0.0,0.0,26.41,79.63,1.57
2020-05-14 01:00:00,0.0,0.0,26.08,81.06,1.61
2020-05-14 02:00:00,0.0,0.0,25.74,82.72,1.7
2020-05-14 03:00:00,0.0,0.0,25.41,84.75,1.83
2020-05-14 04:00:00,0.0,0.0,25.06,87.46,1.93
2020-05-14 05:00:00,0.0,0.0,24.71,90.6,1.93
2020-05-14 06:00:00,102.43,104.07,25.35,88.71,2.66
2020-05-14 07:00:00,305.38,315.0,27.57,77.49,3.36
2020-05-14 08:00:00,538.9,540.4,29.91,65.87,3.36
2020-05-14 09:00:00,733.33,734.28,32.04,56.89,2.8
2020-05-14 10:00:00,878.22,878.45,33.69,50.88,2.11
2020-05-14 11:00:00,947.17,947.5,34.95,46.7,1.68
2020-05-14 12:00:00,961.1,961.53,35.92,43.7,1.64
2020-05-14 13:00:00,889.58,890.33,36.41,41.9,1.85
2020-05-14 14:00:00,744.2,746.4,36.41,41.38,2.05
2020-05-14 15:00:00,547.83,551.35,36.0,41.89,2.23
2020-05-14 16:00:00,294.55,323.23,35.09,44.37,2.28
2020-05-14 17:00:00,84.45,101.8,33.25,54.8,1.63
2020-05-14 18:00:00,0.0,0.0,30.84,66.45,1.36
2020-05-14 19:00:00,0.0,0.0,29.96,67.46,1.87
2020-05-14 20:00:00,0.0,0.0,29.34,69.17,2.47
2020-05-14 21:00:00,0.0,0.0,28.79,71.52,2.9
2020-05-14 22:00:00,0.0,0.0,28.3,73.91,3.09
2020-05-14 23:00:00,0.0,0.0,27.93,75.83,3.23
2020-05-15 00:00:00,0.0,0.0,27.57,77.91,3.28
2020-05-15 01:00:00,0.0,0.0,27.2,80.27,3.25
2020-05-15 02:00:00,0.0,0.0,26.83,82.94,3.13
2020-05-15 03:00:00,0.0,0.0,26.44,85.96,2.96
2020-05-15 04:00:00,0.0,0.0,26.01,89.41,2.75
2020-05-15 05:00:00,0.0,0.0,25.65,91.75,2.6
2020-05-15 06:00:00,64.18,113.47,25.85,91.29,2.88
2020-05-15 07:00:00,204.55,333.2,26.89,86.44,3.09
2020-05-15 08:00:00,371.9,561.38,28.25,78.93,3.39
2020-05-15 09:00:00,563.9,754.28,29.57,72.19,3.49
2020-05-15 10:00:00,748.95,891.8,30.61,67.54,3.41
2020-05-15 11:00:00,867.45,961.38,31.27,64.78,3.18
2020-05-15 12:00:00,864.05,919.75,31.6,63.46,2.88
2020-05-15 13:00:00,736.95,842.58,31.73,62.82,2.65
2020-05-15 14:00:00,574.1,698.05,31.61,62.98,2.45
2020-05-15 15:00:00,395.6,500.9,31.16,64.83,2.31
2020-05-15 16:00:00,210.48,277.25,30.44,70.16,1.84
2020-05-15 17:00:00,66.6,82.4,29.25,79.38,1.35
2020-05-15 18:00:00,0.0,0.0,27.95,86.41,1.03
2020-05-15 19:00:00,0.0,0.0,27.51,87.3,1.05
2020-05-15 20:00:00,0.0,0.0,27.2,88.04,1.02
2020-05-15 21:00:00,0.0,0.0,26.92,88.56,1.02
2020-05-15 22:00:00,0.0,0.0,26.64,88.84,1.1
2020-05-15 23:00:00,0.0,0.0,26.37,88.92,1.26
2020-05-16 00:00:00,0.0,0.0,26.1,89.15,1.47
2020-05-16 01:00:00,0.0,0.0,25.85,89.59,1.71
2020-05-16 02:00:00,0.0,0.0,25.6,90.4,1.96
2020-05-16 03:00:00,0.0,0.0,25.35,91.65,2.0
2020-05-16 04:00:00,0.0,0.0,25.11,93.03,1.94
2020-05-16 05:00:00,0.0,0.0,24.9,94.32,1.83
2020-05-16 06:00:00,89.7,94.75,25.17,93.49,2.22
2020-05-16 07:00:00,269.27,291.92,26.04,90.46,2.29
2020-05-16 08:00:00,490.1,516.9,27.86,81.04,2.95
2020-05-16 09:00:00,701.8,711.22,29.56,72.39,3.44
2020-05-16 10:00:00,832.33,851.5,30.89,66.38,3.57
2020-05-16 11:00:00,919.85,924.2,31.62,62.88,3.51
2020-05-16 12:00:00,936.9,951.95,32.03,60.91,3.3
2020-05-16 13:00:00,875.95,878.22,32.1,60.36,2.97
2020-05-16 14:00:00,732.75,735.8,31.95,60.74,2.67
2020-05-16 15:00:00,519.3,540.17,31.3,63.38,2.41
2020-05-16 16:00:00,275.9,311.12,30.35,69.88,1.99
2020-05-16 17:00:00,79.65,96.22,28.97,79.77,1.55
2020-05-16 18:00:00,0.0,0.0,27.67,85.79,1.38
2020-05-16 19:00:00,0.0,0.0,27.2,87.41,1.48
2020-05-16 20:00:00,0.0,0.0,26.82,89.12,1.49
2020-05-16 21:00:00,0.0,0.0,26.5,90.47,1.55
2020-05-16 22:00:00,0.0,0.0,26.2,91.56,1.59
2020-05-16 23:00:00,0.0,0.0,25.93,92.23,1.75
2020-05-17 00:00:00,0.0,0.0,25.68,92.61,2.13
2020-05-17 01:00:00,0.0,0.0,25.45,93.19,2.61
2020-05-17 02:00:00,0.0,0.0,25.18,94.42,2.87
2020-05-17 03:00:00,0.0,0.0,24.94,95.67,2.9
2020-05-17 04:00:00,0.0,0.0,24.8,96.18,2.78
2020-05-17 05:00:00,0.0,0.0,24.71,96.28,2.67
2020-05-17 06:00:00,86.43,105.97,24.95,95.53,2.79
2020-05-17 07:00:00,269.65,317.8,25.79,93.37,2.8
2020-05-17 08:00:00,463.17,543.62,27.42,85.07,2.93
2020-05-17 09:00:00,583.47,736.65,29.0,73.8,2.99
2020-05-17 10:00:00,687.92,874.78,30.2,66.42,2.66
2020-05-17 11:00:00,587.03,945.5,31.07,62.34,2.49
2020-05-17 12:00:00,587.78,923.97,31.44,60.63,2.36
2020-05-17 13:00:00,546.47,847.65,31.53,60.34,2.16
2020-05-17 14:00:00,385.5,704.17,31.37,61.11,1.88
2020-05-17 15:00:00,241.02,508.75,31.05,62.32,1.63
2020-05-17 16:00:00,137.43,285.9,30.4,66.93,1.37
2020-05-17 17:00:00,47.78,85.72,29.38,72.72,1.34
2020-05-17 18:00:00,0.0,0.0,27.6,84.45,1.08
2020-05-17 19:00:00,0.0,0.0,26.8,84.19,1.6
2020-05-17 20:00:00,0.0,0.0,26.21,84.69,2.16
2020-05-17 21:00:00,0.0,0.0,25.68,86.42,2.55
2020-05-17 22:00:00,0.0,0.0,25.23,88.36,2.66
2020-05-17 23:00:00,0.0,0.0,24.84,90.19,2.54
2020-05-18 00:00:00,0.0,0.0,24.49,91.87,2.3
2020-05-18 01:00:00,0.0,0.0,24.17,93.4,2.08
2020-05-18 02:00:00,0.0,0.0,23.92,94.58,1.9
2020-05-18 03:00:00,0.0,0.0,23.71,95.53,1.67
2020-05-18 04:00:00,0.0,0.0,23.55,96.21,1.39
2020-05-18 05:00:00,0.0,0.0,23.42,96.8,1.19
2020-05-18 06:00:00,94.9,106.43,24.25,93.12,1.97
2020-05-18 07:00:00,276.05,316.33,26.06,85.98,2.52
2020-05-18 08:00:00,476.6,542.08,28.2,77.14,3.34
2020-05-18 09:00:00,720.03,734.5,29.65,70.63,3.41
2020-05-18 10:00:00,844.85,871.7,30.73,65.78,3.21
2020-05-18 11:00:00,863.92,940.4,31.52,62.34,2.93
2020-05-18 12:00:00,816.1,841.78,32.12,59.89,2.65
2020-05-18 13:00:00,650.62,775.9,32.23,58.96,2.33
2020-05-18 14:00:00,614.85,655.92,31.87,59.76,2.0
2020-05-18 15:00:00,417.38,465.25,31.29,63.39,1.6
2020-05-18 16:00:00,216.6,263.25,30.57,67.98,1.46
2020-05-18 17:00:00,64.38,79.03,29.27,77.29,1.16
2020-05-18 18:00:00,0.0,0.0,27.83,81.69,1.15
2020-05-18 19:00:00,0.0,0.0,27.28,81.42,1.58
2020-05-18 20:00:00,0.0,0.0,26.87,82.03,1.94
2020-05-18 21:00:00,0.0,0.0,26.32,84.58,2.04
2020-05-18 22:00:00,0.0,0.0,25.83,87.6,1.92
2020-05-18 23:00:00,0.0,0.0,25.4,90.52,1.71
2020-05-19 00:00:00,0.0,0.0,25.06,92.68,1.59
2020-05-19 01:00:00,0.0,0.0,24.81,94.08,1.73
2020-05-19 02:00:00,0.0,0.0,24.58,95.36,1.94
2020-05-19 03:00:00,0.0,0.0,24.38,96.3,2.02
2020-05-19 04:00:00,0.0,0.0,24.21,96.78,2.04
2020-05-19 05:00:00,0.0,0.0,23.98,97.59,2.03
2020-05-19 06:00:00,94.45,100.9,24.86,93.27,2.89
2020-05-19 07:00:00,281.02,304.6,26.76,83.15,3.79
2020-05-19 08:00:00,497.15,529.62,28.96,71.21,4.51
2020-05-19 09:00:00,708.15,723.17,30.68,63.66,4.2
2020-05-19 10:00:00,817.65,863.28,32.07,58.16,3.71
2020-05-19 11:00:00,902.67,932.53,33.2,53.77,3.29
2020-05-19 12:00:00,888.75,909.2,33.94,50.84,2.93
2020-05-19 13:00:00,790.97,830.3,34.28,49.35,2.63
2020-05-19 14:00:00,637.35,683.83,34.28,49.08,2.38
2020-05-19 15:00:00,449.1,491.83,33.87,49.84,2.29
2020-05-19 16:00:00,238.5,270.62,32.96,53.94,2.14
2020-05-19 17:00:00,75.45,80.03,31.22,65.06,1.73
2020-05-19 18:00:00,0.0,0.0,28.91,74.02,1.61
2020-05-19 19:00:00,0.0,0.0,28.21,74.33,2.31
2020-05-19 20:00:00,0.0,0.0,27.63,76.01,2.94
2020-05-19 21:00:00,0.0,0.0,27.03,78.71,3.27
2020-05-19 22:00:00,0.0,0.0,26.49,81.57,3.43
2020-05-19 23:00:00,0.0,0.0,25.95,84.85,3.5
2020-05-20 00:00:00,0.0,0.0,25.49,87.78,3.47
2020-05-20 01:00:00,0.0,0.0,25.11,89.89,3.33
2020-05-20 02:00:00,0.0,0.0,24.77,91.6,3.15
2020-05-20 03:00:00,0.0,0.0,24.54,92.41,2.89
2020-05-20 04:00:00,0.0,0.0,24.25,93.78,2.38
2020-05-20 05:00:00,0.0,0.0,24.0,94.95,2.03
2020-05-20 06:00:00,85.03,93.9,24.64,92.26,2.66
2020-05-20 07:00:00,255.88,288.95,26.45,82.91,3.62
2020-05-20 08:00:00,484.2,514.12,28.66,71.45,4.27
2020-05-20 09:00:00,659.35,711.22,30.39,64.02,4.05
2020-05-20 10:00:00,788.25,854.3,31.84,59.33,3.56
2020-05-20 11:00:00,864.47,928.17,33.05,55.79,3.04
2020-05-20 12:00:00,869.9,936.12,33.71,53.72,2.53
2020-05-20 13:00:00,784.15,860.03,33.89,52.85,2.13
2020-05-20 14:00:00,662.08,716.17,33.81,52.72,1.86
2020-05-20 15:00:00,455.58,519.25,33.39,53.62,1.67
2020-05-20 16:00:00,255.0,293.12,32.57,57.04,1.62
2020-05-20 17:00:00,86.8,90.45,31.15,66.07,1.45
2020-05-20 18:00:00,0.0,0.0,28.98,76.44,1.23
2020-05-20 19:00:00,0.0,0.0,28.24,75.82,1.75
2020-05-20 20:00:00,0.0,0.0,27.81,75.96,2.27
2020-05-20 21:00:00,0.0,0.0,27.38,77.38,2.61
2020-05-20 22:00:00,0.0,0.0,26.87,79.87,2.72
2020-05-20 23:00:00,0.0,0.0,26.41,82.58,2.79
2020-05-21 00:00:00,0.0,0.0,25.95,85.6,2.77
2020-05-21 01:00:00,0.0,0.0,25.57,88.4,2.66
2020-05-21 02:00:00,0.0,0.0,25.21,90.91,2.48
2020-05-21 03:00:00,0.0,0.0,24.9,92.75,2.23
2020-05-21 04:00:00,0.0,0.0,24.66,93.91,2.14
2020-05-21 05:00:00,0.0,0.0,24.45,94.84,2.11
2020-05-21 06:00:00,100.88,103.03,25.18,91.48,2.87
2020-05-21 07:00:00,301.9,308.98,27.08,81.73,3.91
2020-05-21 08:00:00,527.75,535.17,29.12,71.71,4.71
2020-05-21 09:00:00,724.38,728.9,30.83,64.58,4.55
2020-05-21 10:00:00,801.0,870.4,31.98,60.44,4.07
2020-05-21 11:00:00,911.03,943.22,33.01,57.18,3.63
2020-05-21 12:00:00,918.42,939.88,33.54,55.23,3.18
2020-05-21 13:00:00,783.75,864.2,33.68,54.19,2.75
2020-05-21 14:00:00,676.1,721.28,33.69,53.59,2.32
2020-05-21 15:00:00,508.02,525.1,33.45,53.73,1.88
2020-05-21 16:00:00,256.65,299.12,32.78,56.64,1.35
2020-05-21 17:00:00,74.85,93.7,31.91,61.55,1.05
2020-05-21 18:00:00,0.0,0.0,29.65,77.22,0.78
2020-05-21 19:00:00,0.0,0.0,28.66,77.05,1.15
2020-05-21 20:00:00,0.0,0.0,28.07,76.76,1.62
2020-05-21 21:00:00,0.0,0.0,27.68,77.14,2.18
2020-05-21 22:00:00,0.0,0.0,27.31,78.57,2.69
2020-05-21 23:00:00,0.0,0.0,26.9,80.98,3.03
2020-05-22 00:00:00,0.0,0.0,26.5,83.74,3.22
2020-05-22 01:00:00,0.0,0.0,26.1,86.56,3.23
2020-05-22 02:00:00,0.0,0.0,25.7,89.31,3.11
2020-05-22 03:00:00,0.0,0.0,25.35,91.58,2.8
2020-05-22 04:00:00,0.0,0.0,25.13,92.83,2.41
2020-05-22 05:00:00,0.0,0.0,24.9,93.97,1.98
2020-05-22 06:00:00,88.88,99.5,25.45,91.36,2.47
2020-05-22 07:00:00,268.35,297.77,26.96,83.45,3.33
2020-05-22 08:00:00,496.8,518.55,28.93,73.57,3.87
2020-05-22 09:00:00,650.88,709.97,30.8,65.86,3.68
2020-05-22 10:00:00,724.12,847.17,32.2,60.82,3.2
2020-05-22 11:00:00,816.08,917.0,33.23,56.97,2.7
2020-05-22 12:00:00,828.53,890.12,33.81,54.23,2.23
2020-05-22 13:00:00,747.28,814.1,34.03,52.5,1.99
2020-05-22 14:00:00,623.9,670.75,33.79,52.19,2.01
2020-05-22 15:00:00,443.12,475.45,33.28,52.82,2.15
2020-05-22 16:00:00,218.77,266.08,32.4,55.77,2.19
2020-05-22 17:00:00,62.53,82.18,30.76,66.68,1.68
2020-05-22 18:00:00,0.0,0.0,28.89,74.67,1.58
2020-05-22 19:00:00,0.0,0.0,28.28,75.05,2.26
2020-05-22 20:00:00,0.0,0.0,27.78,76.61,2.91
2020-05-22 21:00:00,0.0,0.0,27.24,79.15,3.25
2020-05-22 22:00:00,0.0,0.0,26.73,81.88,3.26
2020-05-22 23:00:00,0.0,0.0,26.29,84.13,3.17
2020-05-23 00:00:00,0.0,0.0,25.92,86.09,3.02
2020-05-23 01:00:00,0.0,0.0,25.54,88.25,2.83
2020-05-23 02:00:00,0.0,0.0,25.13,90.51,2.48
2020-05-23 03:00:00,0.0,0.0,24.7,92.87,2.01
2020-05-23 04:00:00,0.0,0.0,24.35,94.55,1.73
2020-05-23 05:00:00,0.0,0.0,24.16,95.26,1.76
2020-05-23 06:00:00,87.12,97.2,24.86,92.05,2.57
2020-05-23 07:00:00,238.93,295.2,26.41,84.42,3.34
2020-05-23 08:00:00,444.02,523.78,28.33,75.03,4.05
2020-05-23 09:00:00,603.4,722.8,30.2,66.96,3.97
2020-05-23 10:00:00,696.3,861.15,31.99,60.46,3.5
2020-05-23 11:00:00,767.95,933.78,33.34,55.76,2.91
2020-05-23 12:00:00,702.5,932.15,34.19,52.75,2.29
2020-05-23 13:00:00,696.6,854.92,34.6,50.94,1.71
2020-05-23 14:00:00,653.3,710.17,34.67,49.97,1.39
2020-05-23 15:00:00,462.77,512.67,34.29,50.13,1.5
2020-05-23 16:00:00,250.15,287.45,33.49,52.02,1.74
2020-05-23 17:00:00,80.65,89.4,31.79,62.15,1.51
2020-05-23 18:00:00,0.0,0.0,29.23,74.82,1.24
2020-05-23 19:00:00,0.0,0.0,28.31,74.46,1.73
2020-05-23 20:00:00,0.0,0.0,27.73,74.92,2.27
2020-05-23 21:00:00,0.0,0.0,27.17,76.49,2.59
2020-05-23 22:00:00,0.0,0.0,26.6,78.84,2.57
2020-05-23 23:00:00,0.0,0.0,26.07,81.19,2.44
2020-05-24 00:00:00,0.0,0.0,25.61,83.49,2.33
2020-05-24 01:00:00,0.0,0.0,25.25,85.55,2.29
2020-05-24 02:00:00,0.0,0.0,24.89,87.98,2.1
2020-05-24 03:00:00,0.0,0.0,24.6,90.01,2.0
2020-05-24 04:00:00,0.0,0.0,24.45,90.84,2.18
2020-05-24 05:00:00,0.0,0.0,24.2,92.66,2.04
2020-05-24 06:00:00,96.45,100.2,24.84,90.36,2.59
2020-05-24 07:00:00,294.12,301.88,26.92,79.36,3.12
2020-05-24 08:00:00,521.0,525.8,29.56,65.9,3.75
2020-05-24 09:00:00,706.78,718.8,31.57,58.05,3.49
2020-05-24 10:00:00,814.58,858.8,33.05,53.35,2.93
2020-05-24 11:00:00,930.9,932.62,34.11,50.23,2.35
2020-05-24 12:00:00,921.92,940.12,34.74,48.38,1.77
2020-05-24 13:00:00,789.92,867.85,34.99,47.51,1.22
2020-05-24 14:00:00,706.08,729.0,34.92,47.29,0.83
2020-05-24 15:00:00,482.02,536.72,34.5,47.99,0.89
2020-05-24 16:00:00,257.17,312.2,33.77,50.19,1.15
2020-05-24 17:00:00,83.8,101.32,32.42,57.82,1.12
2020-05-24 18:00:00,0.0,0.0,30.18,73.85,0.87
2020-05-24 19:00:00,0.0,0.0,29.07,75.33,1.06
2020-05-24 20:00:00,0.0,0.0,28.35,75.56,1.29
2020-05-24 21:00:00,0.0,0.0,27.7,76.49,1.49
2020-05-24 22:00:00,0.0,0.0,27.15,78.09,1.67
2020-05-24 23:00:00,0.0,0.0,26.67,80.2,1.77
2020-05-25 00:00:00,0.0,0.0,26.23,82.57,1.83
2020-05-25 01:00:00,0.0,0.0,25.81,85.22,1.83
2020-05-25 02:00:00,0.0,0.0,25.41,87.96,1.83
2020-05-25 03:00:00,0.0,0.0,25.06,90.65,1.72
2020-05-25 04:00:00,0.0,0.0,24.78,93.11,1.62
2020-05-25 05:00:00,0.0,0.0,24.54,95.01,1.53
2020-05-25 06:00:00,27.92,104.53,25.06,93.34,2.18
2020-05-25 07:00:00,99.4,310.75,26.5,87.33,2.29
2020-05-25 08:00:00,174.8,531.42,28.77,74.87,2.62
2020-05-25 09:00:00,253.43,720.03,30.51,66.58,2.46
2020-05-25 10:00:00,372.05,855.03,31.42,62.93,2.22
2020-05-25 11:00:00,342.2,924.0,32.06,60.53,2.15
2020-05-25 12:00:00,454.3,920.22,32.49,58.97,2.15
2020-05-25 13:00:00,548.45,845.08,32.65,58.25,2.16
2020-05-25 14:00:00,530.67,708.35,32.46,58.69,2.23
2020-05-25 15:00:00,393.2,516.97,31.94,60.36,2.25
2020-05-25 16:00:00,226.75,296.98,31.02,65.23,2.02
2020-05-25 17:00:00,72.62,95.35,29.68,73.22,1.7
2020-05-25 18:00:00,0.0,0.0,27.97,84.26,1.29
2020-05-25 19:00:00,0.0,0.0,27.12,86.18,1.62
2020-05-25 20:00:00,0.0,0.0,26.59,87.81,2.06
2020-05-25 21:00:00,0.0,0.0,26.17,89.87,2.32
2020-05-25 22:00:00,0.0,0.0,25.83,91.61,2.33
2020-05-25 23:00:00,0.0,0.0,25.54,92.89,2.22
2020-05-26 00:00:00,0.0,0.0,25.31,93.74,2.12
2020-05-26 01:00:00,0.0,0.0,25.07,94.61,2.0
2020-05-26 02:00:00,0.0,0.0,24.87,95.22,1.84
2020-05-26 03:00:00,0.0,0.0,24.65,95.92,1.57
2020-05-26 04:00:00,0.0,0.0,24.44,96.47,1.34
2020-05-26 05:00:00,0.0,0.0,24.26,96.92,1.18
2020-05-26 06:00:00,88.65,104.0,24.99,93.56,1.94
2020-05-26 07:00:00,257.7,307.17,26.63,84.72,2.31
2020-05-26 08:00:00,445.5,528.4,28.64,72.85,2.56
2020-05-26 09:00:00,677.88,718.17,30.32,63.75,2.39
2020-05-26 10:00:00,754.22,854.53,31.59,58.78,2.1
2020-05-26 11:00:00,860.38,924.8,32.38,56.28,1.82
2020-05-26 12:00:00,832.28,943.65,32.7,55.46,1.77
2020-05-26 13:00:00,770.4,871.03,32.68,55.78,1.84
2020-05-26 14:00:00,668.17,733.15,32.36,56.96,1.93
2020-05-26 15:00:00,496.02,542.22,31.71,59.52,1.89
2020-05-26 16:00:00,292.08,318.75,30.85,63.77,1.75
2020-05-26 17:00:00,100.45,106.35,29.7,71.89,1.32
2020-05-26 18:00:00,0.0,0.0,28.09,84.49,0.83
2020-05-26 19:00:00,0.0,0.0,27.4,86.65,0.85
2020-05-26 20:00:00,0.0,0.0,26.96,87.11,0.93
2020-05-26 21:00:00,0.0,0.0,26.57,87.59,0.99
2020-05-26 22:00:00,0.0,0.0,26.23,88.07,1.02
2020-05-26 23:00:00,0.0,0.0,25.89,88.71,1.07
2020-05-27 00:00:00,0.0,0.0,25.57,89.44,1.07
2020-05-27 01:00:00,0.0,0.0,25.27,90.38,1.07
2020-05-27 02:00:00,0.0,0.0,25.06,91.39,1.06
2020-05-27 03:00:00,0.0,0.0,24.88,92.58,1.09
2020-05-27 04:00:00,0.0,0.0,24.66,93.91,1.15
2020-05-27 05:00:00,0.0,0.0,24.37,95.37,1.23
2020-05-27 06:00:00,60.72,110.8,24.99,93.28,2.14
2020-05-27 07:00:00,177.52,320.55,26.68,85.3,2.52
2020-05-27 08:00:00,322.8,540.8,28.96,73.19,2.63
2020-05-27 09:00:00,428.35,728.65,30.63,66.11,1.94
2020-05-27 10:00:00,459.1,863.38,31.86,60.83,1.1
2020-05-27 11:00:00,597.62,933.33,32.74,56.17,1.03
2020-05-27 12:00:00,593.22,936.7,33.19,53.55,1.54
2020-05-27 13:00:00,616.17,867.22,33.24,52.56,2.09
2020-05-27 14:00:00,446.62,728.78,33.0,52.74,2.45
2020-05-27 15:00:00,360.5,537.88,32.48,54.19,2.52
2020-05-27 16:00:00,221.82,315.52,31.76,56.57,2.32
2020-05-27 17:00:00,85.6,105.1,30.61,64.12,1.49
2020-05-27 18:00:00,0.0,0.0,28.86,77.58,0.79
2020-05-27 19:00:00,0.0,0.0,28.38,79.72,0.63
2020-05-27 20:00:00,0.0,0.0,28.13,79.39,0.64
2020-05-27 21:00:00,0.0,0.0,27.85,79.38,0.64
2020-05-27 22:00:00,0.0,0.0,27.68,78.55,0.6
2020-05-27 23:00:00,0.0,0.0,27.56,77.3,0.52
2020-05-28 00:00:00,0.0,0.0,27.21,78.28,0.48
2020-05-28 01:00:00,0.0,0.0,26.72,80.56,0.56
2020-05-28 02:00:00,0.0,0.0,26.14,83.6,0.61
2020-05-28 03:00:00,0.0,0.0,25.69,85.79,0.62
2020-05-28 04:00:00,0.0,0.0,25.43,86.99,0.59
2020-05-28 05:00:00,0.0,0.0,25.28,87.5,0.55
2020-05-28 06:00:00,58.62,95.5,26.08,84.23,0.68
2020-05-28 07:00:00,190.73,291.23,27.37,77.05,0.74
2020-05-28 08:00:00,326.0,510.67,29.73,66.27,1.34
2020-05-28 09:00:00,483.98,701.22,31.04,61.55,1.92
2020-05-28 10:00:00,744.0,838.75,31.99,58.47,2.45
2020-05-28 11:00:00,844.12,908.97,32.69,55.92,2.75
2020-05-28 12:00:00,860.92,927.75,33.0,54.25,2.89
2020-05-28 13:00:00,774.5,853.15,32.95,53.84,2.77
2020-05-28 14:00:00,602.97,711.67,32.72,54.06,2.54
2020-05-28 15:00:00,457.5,511.98,32.33,55.05,2.22
2020-05-28 16:00:00,248.0,284.88,31.7,57.92,1.86
2020-05-28 17:00:00,90.0,90.75,30.45,66.71,1.31
2020-05-28 18:00:00,0.0,0.0,28.68,78.23,0.9
2020-05-28 19:00:00,0.0,0.0,28.03,78.91,1.05
2020-05-28 20:00:00,0.0,0.0,27.56,79.8,1.21
2020-05-28 21:00:00,0.0,0.0,27.15,80.69,1.39
2020-05-28 22:00:00,0.0,0.0,26.75,81.89,1.54
2020-05-28 23:00:00,0.0,0.0,26.36,83.42,1.55
2020-05-29 00:00:00,0.0,0.0,25.97,85.11,1.47
2020-05-29 01:00:00,0.0,0.0,25.66,86.48,1.37
2020-05-29 02:00:00,0.0,0.0,25.41,87.59,1.24
2020-05-29 03:00:00,0.0,0.0,25.19,88.72,1.11
2020-05-29 04:00:00,0.0,0.0,24.95,89.91,0.96
2020-05-29 05:00:00,0.0,0.0,24.69,91.29,0.8
2020-05-29 06:00:00,76.38,91.35,25.47,87.58,1.42
2020-05-29 07:00:00,223.88,280.33,27.11,79.34,1.44
2020-05-29 08:00:00,417.73,513.35,29.76,65.14,1.4
2020-05-29 09:00:00,577.92,713.97,31.58,57.87,1.15
2020-05-29 10:00:00,692.03,859.25,32.93,53.19,1.19
2020-05-29 11:00:00,709.83,934.33,34.0,49.65,1.36
2020-05-29 12:00:00,682.28,937.08,34.92,46.52,1.56
2020-05-29 13:00:00,690.45,864.47,35.3,44.86,1.81
2020-05-29 14:00:00,496.7,725.1,35.16,44.85,2.06
2020-05-29 15:00:00,393.52,532.53,34.65,45.86,2.17
2020-05-29 16:00:00,221.52,309.4,33.66,50.08,1.94
2020-05-29 17:00:00,83.72,102.32,32.07,59.8,1.45
2020-05-29 18:00:00,0.0,0.0,29.87,73.3,1.01
2020-05-29 19:00:00,0.0,0.0,29.08,74.57,1.27
2020-05-29 20:00:00,0.0,0.0,28.46,76.06,1.75
2020-05-29 21:00:00,0.0,0.0,27.85,78.6,2.43
2020-05-29 22:00:00,0.0,0.0,27.23,82.65,2.92
2020-05-29 23:00:00,0.0,0.0,26.69,86.72,2.99
2020-05-30 00:00:00,0.0,0.0,26.27,89.58,2.92
2020-05-30 01:00:00,0.0,0.0,25.91,91.66,2.82
2020-05-30 02:00:00,0.0,0.0,25.6,93.34,2.71
2020-05-30 03:00:00,0.0,0.0,25.35,94.5,2.63
2020-05-30 04:00:00,0.0,0.0,25.17,95.3,2.55
2020-05-30 05:00:00,0.0,0.0,25.04,95.75,2.43
2020-05-30 06:00:00,97.65,103.5,25.31,94.81,2.68
2020-05-30 07:00:00,276.75,313.0,26.0,92.2,2.99
2020-05-30 08:00:00,486.58,538.45,26.92,86.62,3.73
2020-05-30 09:00:00,659.05,733.9,27.98,79.76,4.11
2020-05-30 10:00:00,797.08,874.17,29.08,72.27,4.13
2020-05-30 11:00:00,860.8,947.65,30.17,66.16,3.6
2020-05-30 12:00:00,829.12,933.28,31.08,62.13,2.89
2020-05-30 13:00:00,719.95,857.28,31.55,59.7,2.62
2020-05-30 14:00:00,575.0,717.85,31.6,58.6,2.68
2020-05-30 15:00:00,414.62,524.8,31.3,58.95,2.77
2020-05-30 16:00:00,221.38,302.67,30.44,62.4,2.64
2020-05-30 17:00:00,80.4,99.12,28.94,72.82,1.79
2020-05-30 18:00:00,0.0,0.0,27.22,84.05,1.19
2020-05-30 19:00:00,0.0,0.0,26.55,86.09,1.29
2020-05-30 20:00:00,0.0,0.0,26.04,87.52,1.34
2020-05-30 21:00:00,0.0,0.0,25.58,89.2,1.24
2020-05-30 22:00:00,0.0,0.0,25.23,90.3,1.2
2020-05-30 23:00:00,0.0,0.0,25.0,90.63,1.25
2020-05-31 00:00:00,0.0,0.0,24.83,90.86,1.36
2020-05-31 01:00:00,0.0,0.0,24.82,90.53,1.65
2020-05-31 02:00:00,0.0,0.0,24.81,90.42,1.94
2020-05-31 03:00:00,0.0,0.0,24.76,91.01,2.06
2020-05-31 04:00:00,0.0,0.0,24.64,92.16,1.96
2020-05-31 05:00:00,0.0,0.0,24.51,93.47,1.89
2020-05-31 06:00:00,59.28,101.53,24.75,93.3,2.33
2020-05-31 07:00:00,169.52,304.25,25.4,91.41,2.72
2020-05-31 08:00:00,272.75,525.45,26.43,86.21,3.17
2020-05-31 09:00:00,360.75,716.62,27.72,79.15,3.42
2020-05-31 10:00:00,578.22,856.85,29.19,71.14,3.23
2020-05-31 11:00:00,688.95,929.53,30.54,63.92,2.83
2020-05-31 12:00:00,661.9,927.3,31.29,59.95,2.46
2020-05-31 13:00:00,677.03,855.22,31.45,58.74,2.23
2020-05-31 14:00:00,542.45,717.85,31.28,59.05,2.12
2020-05-31 15:00:00,438.05,524.42,30.85,60.75,1.92
2020-05-31 16:00:00,254.35,302.92,30.27,65.48,1.39
2020-05-31 17:00:00,93.03,101.2,29.43,71.68,1.06
2020-05-31 18:00:00,0.0,0.0,28.04,81.95,0.63
2020-05-31 19:00:00,0.0,0.0,27.59,81.83,0.64
2020-05-31 20:00:00,0.0,0.0,27.07,83.1,0.64
2020-05-31 21:00:00,0.0,0.0,26.59,84.44,0.69
2020-05-31 22:00:00,0.0,0.0,26.17,85.32,0.79
2020-05-31 23:00:00,0.0,0.0,25.78,85.87,0.95
2020-06-01 00:00:00,0.0,0.0,25.45,86.27,1.17
2020-06-01 01:00:00,0.0,0.0,25.23,86.83,1.44
2020-06-01 02:00:00,0.0,0.0,25.01,88.11,1.72
2020-06-01 03:00:00,0.0,0.0,24.8,89.92,1.91
2020-06-01 04:00:00,0.0,0.0,24.62,91.83,1.98
2020-06-01 05:00:00,0.0,0.0,24.54,93.16,1.92
2020-06-01 06:00:00,90.6,93.22,24.94,92.14,2.26
2020-06-01 07:00:00,262.33,281.65,25.94,87.95,2.36
2020-06-01 08:00:00,468.95,509.85,27.66,78.03,2.77
2020-06-01 09:00:00,675.78,706.8,29.44,69.26,2.84
2020-06-01 10:00:00,765.3,849.72,30.64,64.73,2.53
2020-06-01 11:00:00,849.55,923.97,31.47,62.01,2.15
2020-06-01 12:00:00,749.0,884.35,32.03,60.1,1.78
2020-06-01 13:00:00,786.67,818.95,32.3,59.08,1.4
2020-06-01 14:00:00,658.5,685.12,32.32,58.69,1.03
2020-06-01 15:00:00,464.55,497.23,32.17,59.01,0.8
2020-06-01 16:00:00,257.58,280.65,31.52,62.8,0.75
2020-06-01 17:00:00,85.88,91.12,30.51,68.1,0.87
2020-06-01 18:00:00,0.0,0.0,28.76,82.16,0.67
2020-06-01 19:00:00,0.0,0.0,27.97,82.76,0.9
2020-06-01 20:00:00,0.0,0.0,27.49,82.4,1.16
2020-06-01 21:00:00,0.0,0.0,27.1,82.47,1.4
2020-06-01 22:00:00,0.0,0.0,26.8,82.8,1.63
2020-06-01 23:00:00,0.0,0.0,26.5,83.71,1.9
2020-06-02 00:00:00,0.0,0.0,26.14,85.58,2.13
2020-06-02 01:00:00,0.0,0.0,25.79,87.99,2.23
2020-06-02 02:00:00,0.0,0.0,25.42,90.63,2.19
2020-06-02 03:00:00,0.0,0.0,25.11,92.71,2.1
2020-06-02 04:00:00,0.0,0.0,24.87,94.31,2.04
2020-06-02 05:00:00,0.0,0.0,24.7,95.3,1.98
2020-06-02 06:00:00,74.12,81.8,25.01,94.08,2.31
2020-06-02 07:00:00,220.75,258.12,25.96,89.53,2.78
2020-06-02 08:00:00,405.77,473.23,27.57,80.29,3.67
2020-06-02 09:00:00,566.15,666.7,29.28,71.9,4.13
2020-06-02 10:00:00,663.45,809.58,30.45,67.28,4.07
2020-06-02 11:00:00,718.9,886.4,31.24,64.5,3.88
2020-06-02 12:00:00,672.85,880.15,31.66,62.98,3.56
2020-06-02 13:00:00,604.88,810.42,31.71,62.59,3.22
2020-06-02 14:00:00,503.62,676.0,31.52,63.1,2.95
2020-06-02 15:00:00,350.05,490.45,31.07,64.75,2.79
2020-06-02 16:00:00,191.98,278.7,30.28,68.17,2.7
2020-06-02 17:00:00,66.72,91.6,28.85,76.98,2.07
2020-06-02 18:00:00,0.0,0.0,27.43,84.17,1.97
2020-06-02 19:00:00,0.0,0.0,26.84,86.39,2.53
2020-06-02 20:00:00,0.0,0.0,26.39,88.76,2.73
2020-06-02 21:00:00,0.0,0.0,26.08,90.22,2.77
2020-06-02 22:00:00,0.0,0.0,25.84,91.58,2.69
2020-06-02 23:00:00,0.0,0.0,25.61,92.82,2.53
2020-06-03 00:00:00,0.0,0.0,25.48,93.05,2.56
2020-06-03 01:00:00,0.0,0.0,25.31,93.31,2.56
2020-06-03 02:00:00,0.0,0.0,25.14,93.59,2.42
2020-06-03 03:00:00,0.0,0.0,24.88,94.69,2.12
2020-06-03 04:00:00,0.0,0.0,24.65,95.4,1.89
2020-06-03 05:00:00,0.0,0.0,24.45,95.91,1.75
2020-06-03 06:00:00,91.8,94.18,25.13,92.63,2.43
2020-06-03 07:00:00,278.9,286.65,26.75,84.29,2.96
2020-06-03 08:00:00,508.88,509.95,28.71,74.16,3.14
2020-06-03 09:00:00,704.97,708.8,30.39,67.1,2.86
2020-06-03 10:00:00,848.78,855.5,31.63,62.67,2.59
2020-06-03 11:00:00,906.5,931.92,32.68,59.28,2.42
2020-06-03 12:00:00,885.33,887.85,33.3,57.18,2.29
2020-06-03 13:00:00,815.03,820.72,33.53,56.19,2.21
2020-06-03 14:00:00,670.5,684.15,33.23,56.65,2.15
2020-06-03 15:00:00,444.75,500.92,32.75,57.8,2.17
2020-06-03 16:00:00,252.9,283.4,31.95,61.95,1.93
2020-06-03 17:00:00,86.6,92.45,30.56,71.51,1.36
2020-06-03 18:00:00,0.0,0.0,29.07,78.18,1.14
2020-06-03 19:00:00,0.0,0.0,28.5,78.74,1.39
2020-06-03 20:00:00,0.0,0.0,28.06,79.61,1.6
2020-06-03 21:00:00,0.0,0.0,27.68,80.83,1.77
2020-06-03 22:00:00,0.0,0.0,27.23,82.62,1.89
2020-06-03 23:00:00,0.0,0.0,26.84,84.23,2.14
2020-06-04 00:00:00,0.0,0.0,26.42,86.29,2.34
2020-06-04 01:00:00,0.0,0.0,26.01,88.44,2.42
2020-06-04 02:00:00,0.0,0.0,25.67,90.3,2.37
2020-06-04 03:00:00,0.0,0.0,25.43,91.46,2.26
2020-06-04 04:00:00,0.0,0.0,25.2,92.24,2.09
2020-06-04 05:00:00,0.0,0.0,24.96,92.81,1.94
2020-06-04 06:00:00,86.15,89.85,25.55,89.84,2.64
2020-06-04 07:00:00,254.62,276.02,27.4,79.84,3.07
2020-06-04 08:00:00,454.95,500.7,29.59,68.22,3.59
2020-06-04 09:00:00,613.97,693.17,30.79,63.52,3.41
2020-06-04 10:00:00,681.25,833.28,31.62,61.04,3.13
2020-06-04 11:00:00,731.9,907.9,31.93,60.22,2.79
2020-06-04 12:00:00,816.08,922.12,32.36,59.2,2.69
2020-06-04 13:00:00,719.9,847.15,32.12,60.04,2.57
2020-06-04 14:00:00,636.75,706.72,31.77,61.46,2.57
2020-06-04 15:00:00,419.08,512.95,31.23,63.84,2.63
2020-06-04 16:00:00,231.73,290.6,30.4,68.86,2.35
2020-06-04 17:00:00,84.05,97.22,29.16,77.75,1.72
2020-06-04 18:00:00,0.0,0.0,27.89,83.45,1.58
2020-06-04 19:00:00,0.0,0.0,27.4,85.15,1.8
2020-06-04 20:00:00,0.0,0.0,27.03,86.81,1.95
2020-06-04 21:00:00,0.0,0.0,26.73,88.16,2.18
2020-06-04 22:00:00,0.0,0.0,26.44,89.43,2.46
2020-06-04 23:00:00,0.0,0.0,26.06,91.38,2.27
2020-06-05 00:00:00,0.0,0.0,25.65,93.64,1.86
2020-06-05 01:00:00,0.0,0.0,25.36,94.94,1.79
2020-06-05 02:00:00,0.0,0.0,25.15,95.66,1.92
2020-06-05 03:00:00,0.0,0.0,24.97,96.25,1.97
2020-06-05 04:00:00,0.0,0.0,24.8,96.5,1.86
2020-06-05 05:00:00,0.0,0.0,24.65,96.72,1.7
2020-06-05 06:00:00,91.6,91.75,25.15,94.43,2.26
2020-06-05 07:00:00,278.42,280.1,26.18,89.64,2.67
2020-06-05 08:00:00,500.5,502.5,27.53,82.04,3.24
2020-06-05 09:00:00,694.12,695.42,28.82,74.31,3.64
2020-06-05 10:00:00,821.15,838.78,29.81,68.97,3.79
2020-06-05 11:00:00,884.53,914.6,30.54,65.63,3.62
2020-06-05 12:00:00,904.33,914.67,31.16,63.2,3.22
2020-06-05 13:00:00,778.38,844.55,31.53,62.05,2.77
2020-06-05 14:00:00,636.2,710.5,31.63,61.67,2.61
2020-06-05 15:00:00,302.45,522.65,31.28,62.99,2.61
2020-06-05 16:00:00,176.25,304.17,30.52,67.05,2.56
2020-06-05 17:00:00,65.03,103.43,29.0,78.34,1.77
2020-06-05 18:00:00,0.0,0.0,27.22,87.52,1.2
2020-06-05 19:00:00,0.0,0.0,26.6,89.72,1.07
2020-06-05 20:00:00,0.0,0.0,26.2,90.78,1.06
2020-06-05 21:00:00,0.0,0.0,25.82,91.42,1.17
2020-06-05 22:00:00,0.0,0.0,25.45,91.91,1.3
2020-06-05 23:00:00,0.0,0.0,25.14,92.21,1.41
2020-06-06 00:00:00,0.0,0.0,24.84,92.68,1.51
2020-06-06 01:00:00,0.0,0.0,24.56,93.44,1.56
2020-06-06 02:00:00,0.0,0.0,24.31,94.48,1.53
2020-06-06 03:00:00,0.0,0.0,24.09,95.64,1.51
2020-06-06 04:00:00,0.0,0.0,23.9,96.55,1.51
2020-06-06 05:00:00,0.0,0.0,23.73,97.19,1.46
2020-06-06 06:00:00,76.68,97.22,24.54,93.84,2.23
2020-06-06 07:00:00,223.32,295.38,26.32,85.81,2.64
2020-06-06 08:00:00,386.6,512.8,28.47,74.93,2.97
2020-06-06 09:00:00,554.22,707.42,29.82,68.87,2.76
2020-06-06 10:00:00,653.75,847.7,30.42,66.06,2.47
2020-06-06 11:00:00,673.97,918.95,30.93,63.95,2.19
2020-06-06 12:00:00,628.92,887.62,31.34,62.16,1.94
2020-06-06 13:00:00,519.25,815.0,31.59,61.09,1.72
2020-06-06 14:00:00,538.4,670.33,31.64,60.48,1.67
2020-06-06 15:00:00,400.45,479.25,31.59,60.19,1.73
2020-06-06 16:00:00,224.75,265.52,30.93,63.55,1.62
2020-06-06 17:00:00,83.78,89.9,29.65,72.72,1.24
2020-06-06 18:00:00,0.0,0.0,28.11,82.91,0.91
2020-06-06 19:00:00,0.0,0.0,27.54,83.04,1.13
2020-06-06 20:00:00,0.0,0.0,27.06,83.54,1.42
2020-06-06 21:00:00,0.0,0.0,26.64,84.78,1.7
2020-06-06 22:00:00,0.0,0.0,26.28,86.35,1.96
2020-06-06 23:00:00,0.0,0.0,25.96,87.84,2.18
2020-06-07 00:00:00,0.0,0.0,25.64,89.51,2.3
2020-06-07 01:00:00,0.0,0.0,25.26,91.91,2.09
2020-06-07 02:00:00,0.0,0.0,24.89,94.35,1.6
2020-06-07 03:00:00,0.0,0.0,24.59,96.08,1.2
2020-06-07 04:00:00,0.0,0.0,24.43,96.52,1.13
2020-06-07 05:00:00,0.0,0.0,24.32,96.46,1.29
2020-06-07 06:00:00,29.2,81.97,24.92,93.93,2.07
2020-06-07 07:00:00,114.1,258.38,25.84,90.41,2.43
2020-06-07 08:00:00,232.0,471.8,27.31,82.76,2.9
2020-06-07 09:00:00,306.65,663.15,28.64,75.91,3.14
2020-06-07 10:00:00,542.53,805.15,29.57,71.5,3.03
2020-06-07 11:00:00,547.38,886.95,30.16,69.05,2.87
2020-06-07 12:00:00,493.1,912.3,30.44,68.0,2.67
2020-06-07 13:00:00,545.12,848.92,30.29,68.32,2.43
2020-06-07 14:00:00,402.98,716.4,29.89,69.93,2.39
2020-06-07 15:00:00,331.05,529.9,29.38,72.55,2.31
2020-06-07 16:00:00,178.73,311.85,28.82,77.44,1.5
2020-06-07 17:00:00,70.15,109.2,28.16,79.15,0.96
2020-06-07 18:00:00,0.0,0.0,27.11,89.83,0.47
2020-06-07 19:00:00,0.0,0.0,26.46,91.23,0.55
2020-06-07 20:00:00,0.0,0.0,26.11,91.3,0.59
2020-06-07 21:00:00,0.0,0.0,25.71,92.41,0.66
2020-06-07 22:00:00,0.0,0.0,25.37,93.0,0.77
2020-06-07 23:00:00,0.0,0.0,25.04,93.58,0.86
2020-06-08 00:00:00,0.0,0.0,24.75,94.0,0.94
2020-06-08 01:00:00,0.0,0.0,24.47,94.56,0.98
2020-06-08 02:00:00,0.0,0.0,24.2,95.28,1.01
2020-06-08 03:00:00,0.0,0.0,23.94,96.04,1.05
2020-06-08 04:00:00,0.0,0.0,23.71,96.74,1.09
2020-06-08 05:00:00,0.0,0.0,23.5,97.4,1.09
2020-06-08 06:00:00,110.55,111.25,24.15,94.88,1.81
2020-06-08 07:00:00,317.5,318.27,25.49,89.16,2.07
2020-06-08 08:00:00,543.62,543.8,27.99,75.4,2.34
2020-06-08 09:00:00,714.3,740.08,29.86,66.06,2.2
2020-06-08 10:00:00,858.25,882.65,31.13,61.34,1.88
2020-06-08 11:00:00,907.95,957.67,31.95,58.64,1.57
2020-06-08 12:00:00,841.85,964.47,32.58,56.77,1.25
2020-06-08 13:00:00,876.47,893.6,32.84,55.8,1.09
2020-06-08 14:00:00,752.78,756.12,32.6,56.17,1.12
2020-06-08 15:00:00,561.0,563.9,32.25,57.24,1.23
2020-06-08 16:00:00,335.15,336.85,31.56,61.11,1.23
2020-06-08 17:00:00,114.55,115.03,30.55,66.42,1.23
2020-06-08 18:00:00,3.28,3.28,28.33,81.24,0.86
2020-06-08 19:00:00,0.0,0.0,27.24,81.29,1.19
2020-06-08 20:00:00,0.0,0.0,26.47,81.19,1.6
2020-06-08 21:00:00,0.0,0.0,25.76,82.04,2.01
2020-06-08 22:00:00,0.0,0.0,25.22,83.62,2.4
2020-06-08 23:00:00,0.0,0.0,24.75,86.07,2.67
2020-06-09 00:00:00,0.0,0.0,24.35,88.87,2.81
2020-06-09 01:00:00,0.0,0.0,24.04,91.38,2.87
2020-06-09 02:00:00,0.0,0.0,23.84,93.14,2.83
2020-06-09 03:00:00,0.0,0.0,23.67,94.47,2.65
2020-06-09 04:00:00,0.0,0.0,23.54,95.45,2.32
2020-06-09 05:00:00,0.0,0.0,23.47,95.8,2.11
2020-06-09 06:00:00,23.0,95.82,23.86,94.27,2.46
2020-06-09 07:00:00,51.53,296.05,24.59,91.8,2.57
2020-06-09 08:00:00,67.3,515.5,25.78,86.6,3.08
2020-06-09 09:00:00,33.28,705.25,26.85,80.87,3.68
2020-06-09 10:00:00,32.95,842.47,27.62,76.45,4.01
2020-06-09 11:00:00,50.33,916.55,28.14,73.46,3.92
2020-06-09 12:00:00,79.47,938.55,28.59,71.55,3.27
2020-06-09 13:00:00,175.12,867.03,28.62,71.83,2.37
2020-06-09 14:00:00,111.25,729.3,28.29,73.57,1.96
2020-06-09 15:00:00,80.53,538.75,27.85,76.12,1.97
2020-06-09 16:00:00,75.3,317.67,27.33,80.57,1.4
2020-06-09 17:00:00,25.0,103.8,26.73,84.8,0.74
2020-06-09 18:00:00,1.17,3.17,26.13,88.34,0.24
2020-06-09 19:00:00,0.0,0.0,25.5,90.48,0.65
2020-06-09 20:00:00,0.0,0.0,24.81,93.02,0.89
2020-06-09 21:00:00,0.0,0.0,24.47,93.35,0.85
2020-06-09 22:00:00,0.0,0.0,24.27,93.82,0.82
2020-06-09 23:00:00,0.0,0.0,24.05,94.29,0.89
2020-06-10 00:00:00,0.0,0.0,23.84,94.64,0.95
2020-06-10 01:00:00,0.0,0.0,23.63,95.22,0.98
2020-06-10 02:00:00,0.0,0.0,23.43,95.87,1.0
2020-06-10 03:00:00,0.0,0.0,23.23,96.69,1.02
2020-06-10 04:00:00,0.0,0.0,23.04,97.62,1.1
2020-06-10 05:00:00,0.0,0.0,22.91,98.35,1.21
2020-06-10 06:00:00,46.15,102.97,23.7,95.03,2.09
2020-06-10 07:00:00,126.78,309.17,25.14,89.14,2.77
2020-06-10 08:00:00,227.68,529.38,27.13,78.82,3.58
2020-06-10 09:00:00,388.23,725.62,28.75,68.2,4.01
2020-06-10 10:00:00,509.33,858.53,30.02,60.41,4.11
2020-06-10 11:00:00,621.28,929.53,31.03,54.65,3.99
2020-06-10 12:00:00,644.12,931.58,31.6,50.51,3.78
2020-06-10 13:00:00,594.15,862.45,31.61,48.44,3.61
2020-06-10 14:00:00,473.05,728.9,31.11,48.45,3.44
2020-06-10 15:00:00,396.92,540.85,30.23,50.55,3.19
2020-06-10 16:00:00,231.65,321.3,29.02,55.38,2.87
2020-06-10 17:00:00,79.15,107.18,27.07,67.37,2.03
2020-06-10 18:00:00,3.1,3.25,24.79,79.3,1.45
2020-06-10 19:00:00,0.0,0.0,23.96,82.33,1.56
2020-06-10 20:00:00,0.0,0.0,23.53,84.8,1.7
2020-06-10 21:00:00,0.0,0.0,23.28,87.49,1.85
2020-06-10 22:00:00,0.0,0.0,23.2,90.26,1.95
2020-06-10 23:00:00,0.0,0.0,23.18,92.96,2.04
2020-06-11 00:00:00,0.0,0.0,23.15,95.31,2.2
2020-06-11 01:00:00,0.0,0.0,23.04,97.08,2.18
2020-06-11 02:00:00,0.0,0.0,22.84,98.34,1.86
2020-06-11 03:00:00,0.0,0.0,22.75,98.59,1.71
2020-06-11 04:00:00,0.0,0.0,22.61,98.87,1.51
2020-06-11 05:00:00,0.0,0.0,22.38,99.46,1.35
2020-06-11 06:00:00,88.72,92.62,23.51,94.55,2.24
2020-06-11 07:00:00,262.8,283.73,25.31,84.58,2.85
2020-06-11 08:00:00,466.62,502.48,27.43,70.96,3.21
2020-06-11 09:00:00,663.22,694.42,29.21,61.39,3.28
2020-06-11 10:00:00,809.9,837.17,30.62,55.55,3.3
2020-06-11 11:00:00,873.17,911.8,31.7,51.94,3.16
2020-06-11 12:00:00,895.4,918.65,32.44,49.97,2.91
2020-06-11 13:00:00,757.42,840.1,32.78,49.24,2.68
2020-06-11 14:00:00,639.12,694.95,32.68,49.64,2.49
2020-06-11 15:00:00,390.33,500.0,32.12,51.35,2.38
2020-06-11 16:00:00,209.98,282.05,31.23,54.8,2.28
2020-06-11 17:00:00,76.85,91.68,29.69,65.01,1.73
2020-06-11 18:00:00,2.3,3.15,27.44,76.33,1.35
2020-06-11 19:00:00,0.0,0.0,26.6,77.94,1.69
2020-06-11 20:00:00,0.0,0.0,26.1,79.81,1.95
2020-06-11 21:00:00,0.0,0.0,25.64,82.19,2.04
2020-06-11 22:00:00,0.0,0.0,25.19,84.82,1.97
2020-06-11 23:00:00,0.0,0.0,24.78,87.23,1.87
2020-06-12 00:00:00,0.0,0.0,24.42,89.27,1.86
2020-06-12 01:00:00,0.0,0.0,24.1,91.16,1.93
2020-06-12 02:00:00,0.0,0.0,23.79,93.1,1.97
2020-06-12 03:00:00,0.0,0.0,23.49,94.94,1.93
2020-06-12 04:00:00,0.0,0.0,23.28,95.95,1.84
2020-06-12 05:00:00,0.0,0.0,23.16,96.19,1.83
2020-06-12 06:00:00,13.45,82.2,24.0,91.96,2.66
2020-06-12 07:00:00,56.4,269.05,25.72,83.78,3.43
2020-06-12 08:00:00,97.62,487.77,27.64,74.94,3.56
2020-06-12 09:00:00,177.12,679.45,29.08,68.39,3.12
2020-06-12 10:00:00,426.2,819.62,29.82,65.15,2.62
2020-06-12 11:00:00,647.92,893.88,30.01,64.16,2.27
2020-06-12 12:00:00,738.53,924.67,30.22,63.56,2.08
2020-06-12 13:00:00,625.9,848.9,29.95,64.47,1.95
2020-06-12 14:00:00,546.58,705.28,29.54,66.21,1.88
2020-06-12 15:00:00,432.9,510.3,29.02,68.63,1.78
2020-06-12 16:00:00,237.27,292.33,28.45,72.43,1.44
2020-06-12 17:00:00,81.68,96.55,27.71,77.97,0.94
2020-06-12 18:00:00,2.65,3.3,26.6,87.56,0.53
2020-06-12 19:00:00,0.0,0.0,26.06,88.49,0.56
2020-06-12 20:00:00,0.0,0.0,25.61,89.67,0.6
2020-06-12 21:00:00,0.0,0.0,25.19,90.39,0.72
2020-06-12 22:00:00,0.0,0.0,24.86,90.72,0.85
2020-06-12 23:00:00,0.0,0.0,24.57,91.0,1.03
2020-06-13 00:00:00,0.0,0.0,24.34,91.17,1.32
2020-06-13 01:00:00,0.0,0.0,24.15,91.5,1.72
2020-06-13 02:00:00,0.0,0.0,23.98,92.16,2.08
2020-06-13 03:00:00,0.0,0.0,23.73,93.63,2.21
2020-06-13 04:00:00,0.0,0.0,23.49,95.09,2.13
2020-06-13 05:00:00,0.0,0.0,23.35,95.67,1.96
2020-06-13 06:00:00,86.88,95.4,23.88,93.2,2.46
2020-06-13 07:00:00,264.77,294.42,25.03,88.28,2.8
2020-06-13 08:00:00,468.6,514.28,26.69,79.81,3.45
2020-06-13 09:00:00,606.78,704.6,27.88,73.86,3.43
2020-06-13 10:00:00,617.12,843.9,28.56,70.94,2.98
2020-06-13 11:00:00,638.28,916.03,28.87,69.91,2.55
2020-06-13 12:00:00,637.62,879.2,29.14,69.05,2.27
2020-06-13 13:00:00,640.3,811.8,29.41,68.06,2.04
2020-06-13 14:00:00,524.47,674.25,29.36,68.43,1.93
2020-06-13 15:00:00,382.12,484.9,29.03,70.39,1.71
2020-06-13 16:00:00,241.55,273.77,28.52,75.46,1.15
2020-06-13 17:00:00,85.32,89.47,27.69,82.05,0.87
2020-06-13 18:00:00,3.12,3.12,26.61,88.03,0.62
2020-06-13 19:00:00,0.0,0.0,26.27,87.75,0.65
2020-06-13 20:00:00,0.0,0.0,26.05,88.03,0.62
2020-06-13 21:00:00,0.0,0.0,25.76,89.23,0.61
2020-06-13 22:00:00,0.0,0.0,25.37,90.87,0.64
2020-06-13 23:00:00,0.0,0.0,25.03,91.95,0.75
2020-06-14 00:00:00,0.0,0.0,24.78,92.3,0.98
2020-06-14 01:00:00,0.0,0.0,24.57,92.63,1.25
2020-06-14 02:00:00,0.0,0.0,24.37,93.27,1.51
2020-06-14 03:00:00,0.0,0.0,24.15,94.3,1.61
2020-06-14 04:00:00,0.0,0.0,23.89,95.44,1.54
2020-06-14 05:00:00,0.0,0.0,23.74,95.92,1.57
2020-06-14 06:00:00,74.07,85.05,24.18,93.77,2.2
2020-06-14 07:00:00,193.32,274.12,25.0,89.91,2.44
2020-06-14 08:00:00,348.4,488.08,26.41,81.99,2.74
2020-06-14 09:00:00,308.02,684.0,27.84,75.35,2.78
2020-06-14 10:00:00,634.6,826.05,28.97,71.28,2.44
2020-06-14 11:00:00,717.5,901.33,29.87,68.3,1.92
2020-06-14 12:00:00,800.95,928.72,30.57,65.89,1.4
2020-06-14 13:00:00,756.42,860.45,31.19,63.8,1.12
2020-06-14 14:00:00,603.65,722.6,31.35,62.82,1.21
2020-06-14 15:00:00,438.4,538.95,31.09,63.37,1.36
2020-06-14 16:00:00,244.48,320.25,30.5,66.8,1.0
2020-06-14 17:00:00,81.2,106.25,29.88,70.21,0.55
2020-06-14 18:00:00,2.62,3.62,29.0,76.84,0.31
2020-06-14 19:00:00,0.0,0.0,28.08,80.26,0.58
2020-06-14 20:00:00,0.0,0.0,27.08,84.69,0.77
2020-06-14 21:00:00,0.0,0.0,26.45,86.42,1.06
2020-06-14 22:00:00,0.0,0.0,26.07,86.98,1.3
2020-06-14 23:00:00,0.0,0.0,25.68,88.67,1.36
2020-06-15 00:00:00,0.0,0.0,25.27,90.97,1.3
2020-06-15 01:00:00,0.0,0.0,24.93,92.95,1.21
2020-06-15 02:00:00,0.0,0.0,24.65,94.39,1.23
2020-06-15 03:00:00,0.0,0.0,24.41,95.65,1.33
2020-06-15 04:00:00,0.0,0.0,24.19,96.73,1.48
2020-06-15 05:00:00,0.0,0.0,24.07,96.98,1.68
2020-06-15 06:00:00,84.53,87.32,24.7,94.09,2.48
2020-06-15 07:00:00,259.77,274.8,25.88,88.55,2.97
2020-06-15 08:00:00,457.02,494.12,27.66,79.17,3.47
2020-06-15 09:00:00,514.38,695.03,29.2,72.12,3.37
2020-06-15 10:00:00,627.25,842.88,30.31,67.78,2.96
2020-06-15 11:00:00,736.33,919.62,31.09,64.69,2.51
2020-06-15 12:00:00,791.38,902.67,31.33,63.44,2.03
2020-06-15 13:00:00,738.6,838.9,31.32,63.11,1.54
2020-06-15 14:00:00,648.7,712.03,31.23,63.21,1.18
2020-06-15 15:00:00,492.35,530.05,30.98,63.96,0.95
2020-06-15 16:00:00,297.88,317.6,30.55,67.37,0.66
2020-06-15 17:00:00,105.12,108.88,30.07,69.74,0.39
2020-06-15 18:00:00,3.85,3.85,29.26,74.05,0.17
2020-06-15 19:00:00,0.0,0.0,28.83,73.28,0.17
2020-06-15 20:00:00,0.0,0.0,28.41,74.47,0.3
2020-06-15 21:00:00,0.0,0.0,27.93,76.14,0.37
2020-06-15 22:00:00,0.0,0.0,27.43,77.54,0.41
2020-06-15 23:00:00,0.0,0.0,26.93,78.63,0.47
2020-06-16 00:00:00,0.0,0.0,26.36,80.63,0.54
2020-06-16 01:00:00,0.0,0.0,25.56,84.5,0.63
2020-06-16 02:00:00,0.0,0.0,24.93,88.19,0.72
2020-06-16 03:00:00,0.0,0.0,24.69,90.37,0.77
2020-06-16 04:00:00,0.0,0.0,24.58,90.97,1.02
2020-06-16 05:00:00,0.0,0.0,24.41,91.5,1.35
2020-06-16 06:00:00,84.43,86.05,24.86,89.54,2.06
2020-06-16 07:00:00,251.48,269.27,25.83,86.14,2.06
2020-06-16 08:00:00,461.25,485.83,27.96,76.53,2.37
2020-06-16 09:00:00,658.97,679.65,29.52,70.19,2.44
2020-06-16 10:00:00,732.22,823.3,30.42,66.82,2.18
2020-06-16 11:00:00,865.7,898.53,30.99,64.61,1.85
2020-06-16 12:00:00,799.25,864.35,31.34,63.12,1.58
2020-06-16 13:00:00,726.6,789.7,31.4,62.73,1.37
2020-06-16 14:00:00,603.53,657.72,31.23,63.02,1.17
2020-06-16 15:00:00,433.27,470.77,30.88,64.4,1.08
2020-06-16 16:00:00,226.75,265.38,30.26,69.55,0.95
2020-06-16 17:00:00,78.32,85.75,29.26,77.21,0.83
2020-06-16 18:00:00,3.2,3.35,27.81,83.87,0.72
2020-06-16 19:00:00,0.0,0.0,27.27,84.94,0.79
2020-06-16 20:00:00,0.0,0.0,26.86,86.21,0.84
2020-06-16 21:00:00,0.0,0.0,26.5,87.41,0.92
2020-06-16 22:00:00,0.0,0.0,26.19,88.48,1.04
2020-06-16 23:00:00,0.0,0.0,25.95,89.3,1.27
2020-06-17 00:00:00,0.0,0.0,25.76,90.12,1.62
2020-06-17 01:00:00,0.0,0.0,25.55,91.16,1.96
2020-06-17 02:00:00,0.0,0.0,25.34,92.33,2.2
2020-06-17 03:00:00,0.0,0.0,25.13,93.48,2.34
2020-06-17 04:00:00,0.0,0.0,24.92,94.51,2.41
2020-06-17 05:00:00,0.0,0.0,24.75,95.18,2.38
2020-06-17 06:00:00,71.55,82.55,25.02,94.02,2.68
2020-06-17 07:00:00,210.82,263.73,25.86,90.73,2.97
2020-06-17 08:00:00,421.05,480.77,27.32,83.36,3.86
2020-06-17 09:00:00,640.55,674.2,28.74,75.81,4.21
2020-06-17 10:00:00,784.03,818.72,29.87,70.69,4.07
2020-06-17 11:00:00,868.4,895.5,30.69,67.43,3.87
2020-06-17 12:00:00,791.67,853.03,31.26,65.18,3.73
2020-06-17 13:00:00,782.0,785.67,31.46,64.23,3.57
2020-06-17 14:00:00,610.28,652.17,31.08,65.2,3.3
2020-06-17 15:00:00,405.33,470.9,30.31,67.78,2.92
2020-06-17 16:00:00,227.82,264.88,29.13,73.81,2.28
2020-06-17 17:00:00,82.68,88.07,27.82,82.04,1.59
2020-06-17 18:00:00,3.33,3.42,26.79,87.62,1.29
2020-06-17 19:00:00,0.0,0.0,26.28,89.5,1.3
2020-06-17 20:00:00,0.0,0.0,25.86,89.86,1.3
2020-06-17 21:00:00,0.0,0.0,25.47,90.01,1.18
2020-06-17 22:00:00,0.0,0.0,25.02,91.29,0.92
2020-06-17 23:00:00,0.0,0.0,24.73,92.27,0.81
2020-06-18 00:00:00,0.0,0.0,24.5,93.16,0.82
2020-06-18 01:00:00,0.0,0.0,24.36,94.1,0.96
2020-06-18 02:00:00,0.0,0.0,24.39,94.58,1.44
2020-06-18 03:00:00,0.0,0.0,24.46,95.02,2.25
2020-06-18 04:00:00,0.0,0.0,24.45,95.74,2.87
2020-06-18 05:00:00,0.0,0.0,24.38,96.15,2.95
2020-06-18 06:00:00,68.35,75.97,24.61,95.29,2.69
2020-06-18 07:00:00,202.1,248.55,25.3,92.34,2.89
2020-06-18 08:00:00,328.33,445.75,26.1,86.79,3.42
2020-06-18 09:00:00,460.7,642.15,27.06,80.19,3.42
2020-06-18 10:00:00,535.08,780.58,27.96,74.31,3.18
2020-06-18 11:00:00,678.67,852.38,28.72,69.38,3.01
2020-06-18 12:00:00,704.28,897.85,29.36,65.37,2.91
2020-06-18 13:00:00,560.08,819.47,29.84,62.57,2.86
2020-06-18 14:00:00,442.3,673.75,30.07,61.23,2.81
2020-06-18 15:00:00,344.1,483.48,29.96,61.38,2.69
2020-06-18 16:00:00,214.1,273.77,29.42,63.93,2.38
2020-06-18 17:00:00,71.55,89.2,28.19,73.94,1.48
2020-06-18 18:00:00,3.03,3.65,26.53,84.05,1.0
2020-06-18 19:00:00,0.0,0.0,25.9,85.41,1.14
2020-06-18 20:00:00,0.0,0.0,25.44,86.76,1.29
2020-06-18 21:00:00,0.0,0.0,25.09,87.83,1.51
2020-06-18 22:00:00,0.0,0.0,24.78,88.93,1.78
2020-06-18 23:00:00,0.0,0.0,24.44,90.44,1.89
2020-06-19 00:00:00,0.0,0.0,24.13,92.16,1.77
2020-06-19 01:00:00,0.0,0.0,23.77,94.26,1.46
2020-06-19 02:00:00,0.0,0.0,23.45,96.19,1.15
2020-06-19 03:00:00,0.0,0.0,23.24,97.22,0.94
2020-06-19 04:00:00,0.0,0.0,23.11,97.68,0.87
2020-06-19 05:00:00,0.0,0.0,23.03,97.8,0.9
2020-06-19 06:00:00,68.35,78.72,23.86,94.86,1.76
2020-06-19 07:00:00,197.48,254.15,24.79,91.18,2.19
2020-06-19 08:00:00,342.95,468.4,25.76,86.38,2.5
2020-06-19 09:00:00,547.33,669.78,26.49,82.31,2.51
2020-06-19 10:00:00,751.22,816.3,27.03,79.21,2.35
2020-06-19 11:00:00,747.05,896.47,27.3,76.79,2.1
2020-06-19 12:00:00,791.12,913.65,27.5,73.75,1.87
2020-06-19 13:00:00,670.8,846.5,27.55,70.86,1.81
2020-06-19 14:00:00,585.38,712.92,27.54,69.29,1.83
2020-06-19 15:00:00,397.17,528.65,27.43,68.99,1.81
2020-06-19 16:00:00,238.57,313.1,27.16,70.31,1.67
2020-06-19 17:00:00,87.9,107.3,26.43,75.9,1.18
2020-06-19 18:00:00,3.6,4.0,24.87,87.18,0.66
2020-06-19 19:00:00,0.0,0.0,24.32,87.08,0.69
2020-06-19 20:00:00,0.0,0.0,24.09,86.32,0.69
2020-06-19 21:00:00,0.0,0.0,23.91,85.53,0.67
2020-06-19 22:00:00,0.0,0.0,23.69,85.44,0.66
2020-06-19 23:00:00,0.0,0.0,23.32,86.51,0.68
2020-06-20 00:00:00,0.0,0.0,22.94,87.64,0.71
2020-06-20 01:00:00,0.0,0.0,22.67,88.38,0.72
2020-06-20 02:00:00,0.0,0.0,22.47,88.94,0.7
2020-06-20 03:00:00,0.0,0.0,22.38,89.39,0.64
2020-06-20 04:00:00,0.0,0.0,22.37,89.65,0.47
2020-06-20 05:00:00,0.0,0.0,22.2,91.01,0.46
2020-06-20 06:00:00,1.75,89.25,22.51,91.63,0.89
2020-06-20 07:00:00,19.8,287.95,23.48,86.03,1.6
2020-06-20 08:00:00,97.25,506.98,25.9,74.51,1.51
2020-06-20 09:00:00,69.12,696.6,28.22,64.29,1.19
2020-06-20 10:00:00,108.53,837.55,29.95,57.07,0.88
2020-06-20 11:00:00,285.23,913.35,31.2,52.96,0.39
2020-06-20 12:00:00,343.23,906.05,32.32,49.77,0.3
2020-06-20 13:00:00,359.27,838.22,33.03,47.75,0.87
2020-06-20 14:00:00,316.9,704.58,33.04,47.75,1.27
2020-06-20 15:00:00,291.4,518.97,32.42,49.46,1.46
2020-06-20 16:00:00,221.55,299.45,31.53,53.43,1.29
2020-06-20 17:00:00,84.22,101.97,30.24,61.01,1.05
2020-06-20 18:00:00,3.85,4.07,28.44,74.86,0.67
2020-06-20 19:00:00,0.0,0.0,27.66,75.28,0.73
2020-06-20 20:00:00,0.0,0.0,26.85,76.95,0.81
2020-06-20 21:00:00,0.0,0.0,26.02,78.27,0.96
2020-06-20 22:00:00,0.0,0.0,25.39,79.38,1.15
2020-06-20 23:00:00,0.0,0.0,24.9,80.82,1.35
2020-06-21 00:00:00,0.0,0.0,24.61,82.45,1.63
2020-06-21 01:00:00,0.0,0.0,24.4,84.48,1.94
2020-06-21 02:00:00,0.0,0.0,24.14,87.09,2.06
2020-06-21 03:00:00,0.0,0.0,23.93,89.35,2.09
2020-06-21 04:00:00,0.0,0.0,23.72,91.24,2.1
2020-06-21 05:00:00,0.0,0.0,23.51,92.74,2.04
2020-06-21 06:00:00,74.55,85.7,23.96,90.85,2.48
2020-06-21 07:00:00,221.23,277.35,25.8,81.56,2.97
2020-06-21 08:00:00,410.17,495.08,28.39,68.45,3.66
2020-06-21 09:00:00,657.65,688.4,30.44,60.27,3.35
2020-06-21 10:00:00,828.8,831.5,31.96,55.56,2.8
2020-06-21 11:00:00,897.2,906.38,33.0,52.93,2.29
2020-06-21 12:00:00,898.72,909.33,33.7,51.28,1.97
2020-06-21 13:00:00,715.7,837.95,34.01,50.39,1.92
2020-06-21 14:00:00,546.03,701.5,33.9,50.37,2.01
2020-06-21 15:00:00,407.77,514.88,33.21,51.97,2.2
2020-06-21 16:00:00,234.9,299.3,32.18,55.87,2.24
2020-06-21 17:00:00,85.4,101.85,30.41,66.76,1.77
2020-06-21 18:00:00,3.6,4.05,28.37,75.1,1.7
2020-06-21 19:00:00,0.0,0.0,27.68,76.67,2.3
2020-06-21 20:00:00,0.0,0.0,27.13,78.8,2.59
2020-06-21 21:00:00,0.0,0.0,26.63,81.14,2.58
2020-06-21 22:00:00,0.0,0.0,26.21,83.25,2.51
2020-06-21 23:00:00,0.0,0.0,25.83,85.12,2.51
2020-06-22 00:00:00,0.0,0.0,25.45,87.06,2.54
2020-06-22 01:00:00,0.0,0.0,25.07,89.06,2.57
2020-06-22 02:00:00,0.0,0.0,24.73,90.9,2.57
2020-06-22 03:00:00,0.0,0.0,24.4,92.55,2.57
2020-06-22 04:00:00,0.0,0.0,24.11,93.87,2.6
2020-06-22 05:00:00,0.0,0.0,23.87,94.73,2.66
2020-06-22 06:00:00,74.93,81.82,24.28,92.52,3.2
2020-06-22 07:00:00,202.52,268.33,25.44,85.75,4.31
2020-06-22 08:00:00,335.6,484.73,27.11,76.66,4.71
2020-06-22 09:00:00,409.83,676.7,28.65,69.72,4.49
2020-06-22 10:00:00,447.25,822.4,30.1,64.22,4.11
2020-06-22 11:00:00,644.85,895.22,31.12,60.55,3.71
2020-06-22 12:00:00,676.58,874.4,31.75,58.14,3.36
2020-06-22 13:00:00,579.7,805.12,32.11,56.66,3.08
2020-06-22 14:00:00,595.47,672.25,32.09,56.35,2.84
2020-06-22 15:00:00,465.73,489.75,31.74,57.06,2.68
2020-06-22 16:00:00,257.42,280.85,30.93,59.92,2.45
2020-06-22 17:00:00,91.7,95.6,29.52,69.71,1.64
2020-06-22 18:00:00,3.97,4.03,27.63,79.18,1.21
2020-06-22 19:00:00,0.0,0.0,26.94,80.54,1.42
2020-06-22 20:00:00,0.0,0.0,26.52,81.31,1.62
2020-06-22 21:00:00,0.0,0.0,26.16,82.37,1.71
2020-06-22 22:00:00,0.0,0.0,25.85,83.54,1.76
2020-06-22 23:00:00,0.0,0.0,25.48,85.18,1.77
2020-06-23 00:00:00,0.0,0.0,25.08,87.03,1.75
2020-06-23 01:00:00,0.0,0.0,24.67,89.13,1.71
2020-06-23 02:00:00,0.0,0.0,24.35,91.08,1.69
2020-06-23 03:00:00,0.0,0.0,24.09,92.76,1.68
2020-06-23 04:00:00,0.0,0.0,23.86,94.18,1.58
2020-06-23 05:00:00,0.0,0.0,23.7,95.01,1.53
2020-06-23 06:00:00,71.7,82.65,24.43,91.79,2.34
2020-06-23 07:00:00,212.7,272.62,26.01,84.1,3.07
2020-06-23 08:00:00,393.23,492.35,28.04,73.77,3.32
2020-06-23 09:00:00,550.83,688.58,29.76,66.39,2.94
2020-06-23 10:00:00,740.9,834.45,31.07,61.63,2.58
2020-06-23 11:00:00,838.97,912.22,32.09,58.26,2.22
2020-06-23 12:00:00,884.5,918.25,32.79,55.92,1.82
2020-06-23 13:00:00,718.9,850.85,33.08,54.45,1.37
2020-06-23 14:00:00,576.28,718.08,32.92,54.13,1.02
2020-06-23 15:00:00,485.02,531.67,32.48,54.74,0.88
2020-06-23 16:00:00,292.15,314.6,31.73,57.08,1.03
2020-06-23 17:00:00,101.7,108.5,30.68,64.33,0.93
2020-06-23 18:00:00,3.88,4.32,29.06,75.42,0.68
2020-06-23 19:00:00,0.0,0.0,28.12,80.69,0.64
2020-06-23 20:00:00,0.0,0.0,27.57,82.08,0.67
2020-06-23 21:00:00,0.0,0.0,26.99,83.18,0.68
2020-06-23 22:00:00,0.0,0.0,26.44,85.02,0.69
2020-06-23 23:00:00,0.0,0.0,25.91,86.87,0.74
2020-06-24 00:00:00,0.0,0.0,25.42,88.27,0.83
2020-06-24 01:00:00,0.0,0.0,24.97,89.37,0.95
2020-06-24 02:00:00,0.0,0.0,24.6,90.26,1.08
2020-06-24 03:00:00,0.0,0.0,24.31,91.01,1.2
2020-06-24 04:00:00,0.0,0.0,24.05,91.84,1.32
2020-06-24 05:00:00,0.0,0.0,23.82,92.78,1.53
2020-06-24 06:00:00,64.3,86.45,24.33,91.15,2.45
2020-06-24 07:00:00,192.35,285.7,25.84,85.36,2.69
2020-06-24 08:00:00,346.35,507.05,28.58,71.31,2.97
2020-06-24 09:00:00,567.95,699.95,30.56,63.41,2.54
2020-06-24 10:00:00,789.8,841.38,32.0,58.44,2.16
2020-06-24 11:00:00,750.25,917.97,33.08,54.59,1.88
2020-06-24 12:00:00,753.58,909.0,33.85,51.76,1.72
2020-06-24 13:00:00,805.1,842.17,34.16,50.23,1.69
2020-06-24 14:00:00,683.85,707.45,34.06,49.91,1.75
2020-06-24 15:00:00,509.65,521.42,33.55,51.01,1.9
2020-06-24 16:00:00,294.0,306.75,32.69,53.54,1.97
2020-06-24 17:00:00,102.47,105.25,31.18,62.38,1.46
2020-06-24 18:00:00,4.25,4.28,28.84,75.82,0.95
2020-06-24 19:00:00,0.0,0.0,27.93,76.93,1.11
2020-06-24 20:00:00,0.0,0.0,27.34,78.22,1.3
2020-06-24 21:00:00,0.0,0.0,26.82,80.06,1.4
2020-06-24 22:00:00,0.0,0.0,26.35,82.18,1.4
2020-06-24 23:00:00,0.0,0.0,25.94,84.07,1.39
2020-06-25 00:00:00,0.0,0.0,25.55,85.7,1.4
2020-06-25 01:00:00,0.0,0.0,25.15,87.71,1.39
2020-06-25 02:00:00,0.0,0.0,24.78,89.88,1.38
2020-06-25 03:00:00,0.0,0.0,24.43,92.19,1.44
2020-06-25 04:00:00,0.0,0.0,24.15,94.24,1.57
2020-06-25 05:00:00,0.0,0.0,23.96,95.8,1.7
2020-06-25 06:00:00,72.18,80.55,24.83,92.0,2.58
2020-06-25 07:00:00,226.45,269.48,26.65,82.95,3.44
2020-06-25 08:00:00,422.08,487.92,28.55,73.25,3.85
2020-06-25 09:00:00,573.25,683.05,29.95,66.97,3.62
2020-06-25 10:00:00,635.45,826.7,30.83,63.24,3.35
2020-06-25 11:00:00,724.9,905.22,31.4,60.85,3.1
2020-06-25 12:00:00,777.95,903.17,31.59,59.77,2.83
2020-06-25 13:00:00,656.9,836.47,31.41,59.98,2.53
2020-06-25 14:00:00,571.33,702.2,31.37,60.0,2.34
2020-06-25 15:00:00,456.17,520.38,31.01,61.18,2.13
2020-06-25 16:00:00,260.1,306.15,30.38,64.55,1.8
2020-06-25 17:00:00,93.43,103.43,29.15,73.73,1.22
2020-06-25 18:00:00,4.32,4.35,27.48,82.43,0.87
2020-06-25 19:00:00,0.0,0.0,26.88,83.4,0.99
2020-06-25 20:00:00,0.0,0.0,26.56,83.92,1.12
2020-06-25 21:00:00,0.0,0.0,26.29,84.63,1.21
2020-06-25 22:00:00,0.0,0.0,26.0,85.64,1.26
2020-06-25 23:00:00,0.0,0.0,25.77,86.42,1.34
2020-06-26 00:00:00,0.0,0.0,25.53,87.33,1.5
2020-06-26 01:00:00,0.0,0.0,25.35,88.08,1.77
2020-06-26 02:00:00,0.0,0.0,25.13,89.31,1.97
2020-06-26 03:00:00,0.0,0.0,24.9,90.78,2.16
2020-06-26 04:00:00,0.0,0.0,24.66,92.44,2.25
2020-06-26 05:00:00,0.0,0.0,24.49,93.66,2.32
2020-06-26 06:00:00,17.05,79.12,24.71,92.97,2.64
2020-06-26 07:00:00,35.55,270.83,25.38,90.42,2.92
2020-06-26 08:00:00,21.7,484.9,26.3,86.01,3.5
2020-06-26 09:00:00,56.88,671.95,27.21,80.71,3.63
2020-06-26 10:00:00,153.52,813.8,28.07,76.24,3.45
2020-06-26 11:00:00,229.45,888.2,28.7,72.86,3.22
2020-06-26 12:00:00,407.42,856.03,29.18,70.28,3.06
2020-06-26 13:00:00,502.55,787.53,29.44,68.59,2.89
2020-06-26 14:00:00,510.23,646.8,29.45,68.13,2.67
2020-06-26 15:00:00,403.17,467.88,29.22,68.91,2.36
2020-06-26 16:00:00,260.1,272.67,28.67,73.12,1.7
2020-06-26 17:00:00,86.8,89.2,27.61,82.21,1.04
2020-06-26 18:00:00,3.85,4.0,26.38,86.77,0.83
2020-06-26 19:00:00,0.0,0.0,25.94,87.61,0.89
2020-06-26 20:00:00,0.0,0.0,25.64,88.28,0.92
2020-06-26 21:00:00,0.0,0.0,25.34,89.12,0.95
2020-06-26 22:00:00,0.0,0.0,25.07,89.93,0.99
2020-06-26 23:00:00,0.0,0.0,24.8,90.76,1.09
2020-06-27 00:00:00,0.0,0.0,24.59,91.75,1.3
2020-06-27 01:00:00,0.0,0.0,24.43,92.83,1.61
2020-06-27 02:00:00,0.0,0.0,24.26,94.21,1.86
2020-06-27 03:00:00,0.0,0.0,24.08,95.54,1.97
2020-06-27 04:00:00,0.0,0.0,23.96,96.15,1.91
2020-06-27 05:00:00,0.0,0.0,23.89,96.24,1.93
2020-06-27 06:00:00,55.6,69.45,24.39,93.81,2.5
2020-06-27 07:00:00,149.2,239.57,25.4,89.09,3.01
2020-06-27 08:00:00,246.73,446.5,26.77,81.52,3.71
2020-06-27 09:00:00,300.05,635.75,27.99,74.65,3.81
2020-06-27 10:00:00,482.8,782.88,28.94,69.92,3.71
2020-06-27 11:00:00,632.17,865.47,29.81,66.35,3.59
2020-06-27 12:00:00,645.8,908.8,30.3,64.25,3.44
2020-06-27 13:00:00,611.75,841.72,30.33,63.85,3.3
2020-06-27 14:00:00,497.67,706.88,30.11,64.45,3.14
2020-06-27 15:00:00,375.55,520.78,29.63,66.25,2.9
2020-06-27 16:00:00,205.73,302.38,28.7,71.69,2.32
2020-06-27 17:00:00,76.72,101.1,27.4,81.57,1.51
2020-06-27 18:00:00,4.07,4.47,26.28,87.67,1.25
2020-06-27 19:00:00,0.0,0.0,25.77,89.13,1.32
2020-06-27 20:00:00,0.0,0.0,25.4,90.35,1.31
2020-06-27 21:00:00,0.0,0.0,25.1,91.49,1.32
2020-06-27 22:00:00,0.0,0.0,24.88,92.02,1.41
2020-06-27 23:00:00,0.0,0.0,24.65,92.81,1.46
2020-06-28 00:00:00,0.0,0.0,24.42,93.63,1.45
2020-06-28 01:00:00,0.0,0.0,24.22,94.3,1.42
2020-06-28 02:00:00,0.0,0.0,24.13,94.37,1.51
2020-06-28 03:00:00,0.0,0.0,24.05,94.63,1.68
2020-06-28 04:00:00,0.0,0.0,23.9,95.25,1.86
2020-06-28 05:00:00,0.0,0.0,23.77,95.83,2.05
2020-06-28 06:00:00,63.33,69.93,24.17,94.65,2.63
2020-06-28 07:00:00,216.6,247.4,25.13,91.04,2.98
2020-06-28 08:00:00,363.17,447.58,26.32,84.6,3.32
2020-06-28 09:00:00,466.15,637.4,27.54,77.48,3.58
2020-06-28 10:00:00,496.98,790.35,28.47,72.96,3.49
2020-06-28 11:00:00,596.33,866.83,29.03,70.36,3.23
2020-06-28 12:00:00,413.1,858.03,29.13,69.81,2.94
2020-06-28 13:00:00,133.62,789.8,29.23,69.65,2.75
2020-06-28 14:00:00,323.73,660.45,28.93,71.03,2.41
2020-06-28 15:00:00,253.57,483.42,28.53,73.6,1.96
2020-06-28 16:00:00,142.05,278.7,28.0,78.64,1.31
2020-06-28 17:00:00,55.47,94.0,27.19,84.91,0.97
2020-06-28 18:00:00,2.83,4.38,26.1,90.8,0.72
2020-06-28 19:00:00,0.0,0.0,25.69,91.37,0.77
2020-06-28 20:00:00,0.0,0.0,25.39,91.9,0.8
2020-06-28 21:00:00,0.0,0.0,25.12,92.33,0.83
2020-06-28 22:00:00,0.0,0.0,24.86,92.71,0.84
2020-06-28 23:00:00,0.0,0.0,24.58,93.21,0.83
2020-06-29 00:00:00,0.0,0.0,24.31,93.72,0.85
2020-06-29 01:00:00,0.0,0.0,24.09,93.91,0.91
2020-06-29 02:00:00,0.0,0.0,23.89,94.01,1.13
2020-06-29 03:00:00,0.0,0.0,23.75,93.95,1.65
2020-06-29 04:00:00,0.0,0.0,23.57,94.66,2.34
2020-06-29 05:00:00,0.0,0.0,23.31,95.97,2.5
2020-06-29 06:00:00,60.8,75.47,23.81,93.86,2.95
2020-06-29 07:00:00,198.35,263.25,25.22,88.22,3.27
2020-06-29 08:00:00,376.73,485.3,27.22,79.42,3.53
2020-06-29 09:00:00,442.12,684.15,28.9,72.35,3.44
2020-06-29 10:00:00,571.85,832.22,30.06,67.6,3.15
2020-06-29 11:00:00,669.33,912.4,30.88,63.53,2.89
2020-06-29 12:00:00,700.0,885.92,31.35,60.67,2.68
2020-06-29 13:00:00,643.33,821.75,31.58,58.95,2.52
2020-06-29 14:00:00,549.83,690.0,31.47,58.28,2.37
2020-06-29 15:00:00,433.58,505.52,31.03,59.22,2.2
2020-06-29 16:00:00,266.15,293.42,30.37,61.75,1.92
2020-06-29 17:00:00,97.8,101.82,29.13,70.32,1.36
2020-06-29 18:00:00,4.47,4.53,27.08,83.41,0.87
2020-06-29 19:00:00,0.0,0.0,26.3,84.23,1.01
2020-06-29 20:00:00,0.0,0.0,25.81,84.78,1.2
2020-06-29 21:00:00,0.0,0.0,25.4,85.47,1.41
2020-06-29 22:00:00,0.0,0.0,25.09,86.19,1.65
2020-06-29 23:00:00,0.0,0.0,24.81,87.22,1.87
2020-06-30 00:00:00,0.0,0.0,24.51,88.64,2.07
2020-06-30 01:00:00,0.0,0.0,24.22,90.18,2.23
2020-06-30 02:00:00,0.0,0.0,23.93,92.0,2.27
2020-06-30 03:00:00,0.0,0.0,23.72,93.56,2.24
2020-06-30 04:00:00,0.0,0.0,23.56,94.71,2.14
2020-06-30 05:00:00,0.0,0.0,23.45,95.32,2.01
2020-06-30 06:00:00,52.0,75.93,23.81,93.86,2.37
2020-06-30 07:00:00,166.12,262.65,24.62,90.16,2.97
2020-06-30 08:00:00,336.27,486.23,25.7,83.96,3.48
2020-06-30 09:00:00,402.33,678.8,26.8,77.98,3.33
2020-06-30 10:00:00,585.58,821.95,27.78,73.02,3.0
2020-06-30 11:00:00,589.42,898.53,28.8,68.21,2.78
2020-06-30 12:00:00,613.3,917.92,29.72,64.26,2.59
2020-06-30 13:00:00,779.5,849.85,30.21,62.03,2.19
2020-06-30 14:00:00,615.6,715.78,30.19,61.57,1.65
2020-06-30 15:00:00,452.15,528.08,29.84,62.44,1.21
2020-06-30 16:00:00,257.67,310.12,29.29,64.87,0.81
2020-06-30 17:00:00,92.6,107.38,28.65,69.38,0.46
2020-06-30 18:00:00,4.35,4.78,27.82,74.48,0.26
2020-06-30 19:00:00,0.0,0.0,27.43,75.22,0.18
2020-06-30 20:00:00,0.0,0.0,26.95,79.22,0.16
2020-06-30 21:00:00,0.0,0.0,26.48,80.43,0.25
2020-06-30 22:00:00,0.0,0.0,25.88,86.05,0.39
2020-06-30 23:00:00,0.0,0.0,25.28,88.99,0.51
2020-07-01 00:00:00,0.0,0.0,24.7,92.53,0.59
2020-07-01 01:00:00,0.0,0.0,24.31,94.04,0.64
2020-07-01 02:00:00,0.0,0.0,23.97,94.93,0.75
2020-07-01 03:00:00,0.0,0.0,23.63,95.49,0.98
2020-07-01 04:00:00,0.0,0.0,23.36,95.93,1.24
2020-07-01 05:00:00,0.0,0.0,23.19,96.39,1.53
2020-07-01 06:00:00,5.97,76.1,23.42,95.96,2.09
2020-07-01 07:00:00,28.1,272.02,23.97,94.66,2.46
2020-07-01 08:00:00,62.88,494.42,24.81,91.78,2.84
2020-07-01 09:00:00,311.25,689.47,25.7,87.25,3.22
2020-07-01 10:00:00,506.8,833.35,26.45,83.08,3.03
2020-07-01 11:00:00,621.88,912.15,27.02,80.18,2.45
2020-07-01 12:00:00,704.65,921.72,27.49,77.95,1.74
2020-07-01 13:00:00,652.35,856.78,28.04,75.38,1.09
2020-07-01 14:00:00,555.53,725.7,28.54,72.48,0.53
2020-07-01 15:00:00,393.42,535.22,28.65,71.12,0.27
2020-07-01 16:00:00,249.68,316.2,28.41,72.58,0.24
2020-07-01 17:00:00,98.38,111.62,27.88,75.98,0.64
2020-07-01 18:00:00,4.82,4.9,26.27,87.92,0.6
2020-07-01 19:00:00,0.0,0.0,25.39,91.05,0.82
2020-07-01 20:00:00,0.0,0.0,24.91,91.53,1.2
2020-07-01 21:00:00,0.0,0.0,24.54,92.21,1.56
2020-07-01 22:00:00,0.0,0.0,24.26,93.24,1.78
2020-07-01 23:00:00,0.0,0.0,24.02,94.12,1.88
2020-07-02 00:00:00,0.0,0.0,23.82,94.86,1.84
2020-07-02 01:00:00,0.0,0.0,23.61,95.61,1.78
2020-07-02 02:00:00,0.0,0.0,23.45,96.1,1.81
2020-07-02 03:00:00,0.0,0.0,23.32,96.31,1.83
2020-07-02 04:00:00,0.0,0.0,23.17,96.49,1.89
2020-07-02 05:00:00,0.0,0.0,22.99,96.84,1.9
2020-07-02 06:00:00,73.03,79.22,23.77,93.37,2.69
2020-07-02 07:00:00,248.7,276.73,25.51,85.46,3.24
2020-07-02 08:00:00,445.12,501.75,27.36,77.4,3.2
2020-07-02 09:00:00,650.6,697.5,28.86,71.86,2.81
2020-07-02 10:00:00,620.1,840.85,30.05,67.82,2.51
2020-07-02 11:00:00,744.47,919.3,30.94,64.94,2.3
2020-07-02 12:00:00,824.1,926.22,31.5,63.03,2.1
2020-07-02 13:00:00,814.45,863.1,31.73,62.03,1.95
2020-07-02 14:00:00,673.03,732.3,31.69,61.67,1.84
2020-07-02 15:00:00,506.05,548.15,31.33,62.58,1.77
2020-07-02 16:00:00,302.45,330.67,30.7,65.52,1.59
2020-07-02 17:00:00,107.07,118.72,29.61,72.84,1.14
2020-07-02 18:00:00,4.55,5.12,27.85,85.43,0.72
2020-07-02 19:00:00,0.0,0.0,27.05,87.68,0.75
2020-07-02 20:00:00,0.0,0.0,26.47,88.98,0.82
2020-07-02 21:00:00,0.0,0.0,26.03,90.23,0.87
2020-07-02 22:00:00,0.0,0.0,25.64,91.37,0.89
2020-07-02 23:00:00,0.0,0.0,25.36,92.2,0.92
2020-07-03 00:00:00,0.0,0.0,25.08,92.83,0.98
2020-07-03 01:00:00,0.0,0.0,24.79,93.4,1.09
2020-07-03 02:00:00,0.0,0.0,24.53,93.86,1.26
2020-07-03 03:00:00,0.0,0.0,24.27,94.56,1.44
2020-07-03 04:00:00,0.0,0.0,24.05,95.25,1.56
2020-07-03 05:00:00,0.0,0.0,23.82,96.23,1.67
2020-07-03 06:00:00,76.9,79.88,24.32,94.76,2.33
2020-07-03 07:00:00,255.12,277.1,25.45,90.73,2.69
2020-07-03 08:00:00,459.7,497.4,27.12,82.19,3.38
2020-07-03 09:00:00,631.6,691.55,28.66,74.84,3.7
2020-07-03 10:00:00,728.1,836.25,29.71,70.89,3.62
2020-07-03 11:00:00,805.47,914.28,30.42,68.35,3.35
2020-07-03 12:00:00,794.28,893.47,30.84,66.76,3.05
2020-07-03 13:00:00,779.03,827.55,30.96,66.17,2.71
2020-07-03 14:00:00,604.0,696.05,30.79,66.82,2.42
2020-07-03 15:00:00,416.4,512.83,30.34,69.13,2.08
2020-07-03 16:00:00,238.7,300.0,29.71,74.14,1.62
2020-07-03 17:00:00,91.57,104.88,28.56,81.76,1.21
2020-07-03 18:00:00,4.72,4.88,27.12,89.15,0.87
2020-07-03 19:00:00,0.0,0.0,26.56,89.81,0.94
2020-07-03 20:00:00,0.0,0.0,26.18,90.44,0.99
2020-07-03 21:00:00,0.0,0.0,25.86,91.09,1.03
2020-07-03 22:00:00,0.0,0.0,25.56,91.65,1.14
2020-07-03 23:00:00,0.0,0.0,25.3,92.15,1.31
2020-07-04 00:00:00,0.0,0.0,25.05,92.72,1.54
2020-07-04 01:00:00,0.0,0.0,24.81,93.36,1.87
2020-07-04 02:00:00,0.0,0.0,24.63,93.88,2.38
2020-07-04 03:00:00,0.0,0.0,24.44,94.62,2.95
2020-07-04 04:00:00,0.0,0.0,24.25,95.26,3.4
2020-07-04 05:00:00,0.0,0.0,24.06,95.82,3.46
2020-07-04 06:00:00,27.65,69.57,24.24,95.18,3.34
2020-07-04 07:00:00,107.97,250.3,25.0,93.03,3.13
2020-07-04 08:00:00,216.98,462.62,26.3,87.72,2.88
2020-07-04 09:00:00,387.67,651.7,27.64,80.75,2.96
2020-07-04 10:00:00,535.97,796.08,28.57,76.27,3.0
2020-07-04 11:00:00,548.58,878.83,29.16,73.1,2.88
2020-07-04 12:00:00,584.65,902.1,29.62,70.22,2.66
2020-07-04 13:00:00,611.2,837.62,29.81,68.43,2.31
2020-07-04 14:00:00,499.65,708.12,29.55,68.77,1.88
2020-07-04 15:00:00,344.45,516.42,28.92,71.92,1.43
2020-07-04 16:00:00,233.9,310.08,28.11,77.55,0.96
2020-07-04 17:00:00,85.72,106.93,27.12,80.14,0.83
2020-07-04 18:00:00,4.7,4.88,25.98,90.08,0.46
2020-07-04 19:00:00,0.0,0.0,25.38,92.92,0.48
2020-07-04 20:00:00,0.0,0.0,24.91,93.4,0.71
2020-07-04 21:00:00,0.0,0.0,24.51,93.74,0.93
2020-07-04 22:00:00,0.0,0.0,24.22,94.14,1.12
2020-07-04 23:00:00,0.0,0.0,24.0,94.72,1.27
2020-07-05 00:00:00,0.0,0.0,23.88,95.19,1.45
2020-07-05 01:00:00,0.0,0.0,23.79,95.87,1.67
2020-07-05 02:00:00,0.0,0.0,23.75,96.44,1.83
2020-07-05 03:00:00,0.0,0.0,23.7,96.73,1.84
2020-07-05 04:00:00,0.0,0.0,23.61,96.9,1.81
2020-07-05 05:00:00,0.0,0.0,23.45,97.07,1.8
2020-07-05 06:00:00,51.12,75.8,23.77,95.78,2.25
2020-07-05 07:00:00,162.07,272.8,24.55,92.51,2.78
2020-07-05 08:00:00,293.8,492.62,25.86,84.16,3.28
2020-07-05 09:00:00,397.8,685.7,27.53,73.4,3.25
2020-07-05 10:00:00,431.52,828.85,28.86,66.93,2.9
2020-07-05 11:00:00,534.22,907.12,29.83,63.21,2.53
2020-07-05 12:00:00,663.55,909.25,30.46,60.95,2.18
2020-07-05 13:00:00,649.55,843.8,30.74,59.73,1.84
2020-07-05 14:00:00,492.75,712.67,30.71,59.41,1.55
2020-07-05 15:00:00,357.67,528.65,30.35,59.98,1.29
2020-07-05 16:00:00,206.38,315.15,29.83,62.05,1.05
2020-07-05 17:00:00,85.25,113.35,29.01,67.47,0.79
2020-07-05 18:00:00,4.62,5.07,27.7,77.74,0.59
2020-07-05 19:00:00,0.0,0.0,26.83,82.33,0.62
2020-07-05 20:00:00,0.0,0.0,26.15,84.75,0.66
2020-07-05 21:00:00,0.0,0.0,25.53,86.63,0.71
2020-07-05 22:00:00,0.0,0.0,25.03,88.06,0.75
2020-07-05 23:00:00,0.0,0.0,24.55,89.21,0.85
2020-07-06 00:00:00,0.0,0.0,24.16,90.22,0.96
2020-07-06 01:00:00,0.0,0.0,23.83,91.13,1.06
2020-07-06 02:00:00,0.0,0.0,23.55,92.33,1.13
2020-07-06 03:00:00,0.0,0.0,23.28,93.78,1.13
2020-07-06 04:00:00,0.0,0.0,23.04,95.16,1.12
2020-07-06 05:00:00,0.0,0.0,22.85,96.29,1.11
2020-07-06 06:00:00,74.43,74.75,23.48,93.7,1.87
2020-07-06 07:00:00,268.73,269.9,24.81,87.65,2.16
2020-07-06 08:00:00,492.2,493.7,26.52,79.04,2.61
2020-07-06 09:00:00,678.38,688.12,27.96,72.19,2.5
2020-07-06 10:00:00,765.5,831.5,28.99,67.78,2.11
2020-07-06 11:00:00,866.9,911.45,29.83,64.61,1.85
2020-07-06 12:00:00,835.72,891.17,30.39,62.34,1.68
2020-07-06 13:00:00,715.0,830.8,30.75,60.96,1.48
2020-07-06 14:00:00,661.9,705.65,30.82,60.32,1.17
2020-07-06 15:00:00,487.38,527.8,30.5,60.92,0.78
2020-07-06 16:00:00,290.35,321.33,30.01,63.13,0.48
2020-07-06 17:00:00,110.53,116.2,29.44,66.61,0.58
2020-07-06 18:00:00,5.25,5.25,27.86,78.07,0.57
2020-07-06 19:00:00,0.0,0.0,26.69,82.01,0.73
2020-07-06 20:00:00,0.0,0.0,25.93,84.7,0.8
2020-07-06 21:00:00,0.0,0.0,25.38,86.03,0.9
2020-07-06 22:00:00,0.0,0.0,24.98,86.97,1.01
2020-07-06 23:00:00,0.0,0.0,24.69,87.41,1.21
2020-07-07 00:00:00,0.0,0.0,24.42,87.9,1.46
2020-07-07 01:00:00,0.0,0.0,24.2,88.77,1.72
2020-07-07 02:00:00,0.0,0.0,24.01,89.87,1.92
2020-07-07 03:00:00,0.0,0.0,23.76,91.53,2.0
2020-07-07 04:00:00,0.0,0.0,23.51,92.98,2.06
2020-07-07 05:00:00,0.0,0.0,23.28,94.08,2.07
2020-07-07 06:00:00,73.88,75.62,24.02,90.79,2.82
2020-07-07 07:00:00,259.88,269.05,25.98,81.65,3.16
2020-07-07 08:00:00,485.85,488.02,28.47,70.22,3.61
2020-07-07 09:00:00,671.03,684.2,30.34,63.33,3.5
2020-07-07 10:00:00,817.88,829.5,31.42,60.23,3.08
2020-07-07 11:00:00,834.62,914.97,32.12,58.47,2.61
2020-07-07 12:00:00,853.88,887.65,32.74,56.83,2.14
2020-07-07 13:00:00,785.2,830.08,33.06,55.99,1.72
2020-07-07 14:00:00,671.1,706.53,32.91,56.38,1.45
2020-07-07 15:00:00,522.2,528.35,32.22,58.44,1.47
2020-07-07 16:00:00,294.98,318.85,31.32,63.58,1.56
2020-07-07 17:00:00,104.75,115.18,29.83,72.18,1.54
2020-07-07 18:00:00,4.18,5.32,27.96,79.5,1.52
2020-07-07 19:00:00,0.0,0.0,27.29,80.19,2.3
2020-07-07 20:00:00,0.0,0.0,26.62,83.09,2.82
2020-07-07 21:00:00,0.0,0.0,26.03,85.97,3.15
2020-07-07 22:00:00,0.0,0.0,25.57,87.92,3.2
2020-07-07 23:00:00,0.0,0.0,25.11,89.67,2.92
2020-07-08 00:00:00,0.0,0.0,24.66,91.4,2.61
2020-07-08 01:00:00,0.0,0.0,24.29,92.86,2.32
2020-07-08 02:00:00,0.0,0.0,23.91,94.71,1.95
2020-07-08 03:00:00,0.0,0.0,23.66,95.92,1.63
2020-07-08 04:00:00,0.0,0.0,23.34,97.23,1.31
2020-07-08 05:00:00,0.0,0.0,22.92,99.16,1.04
2020-07-08 06:00:00,67.15,74.93,24.16,93.16,2.07
2020-07-08 07:00:00,221.62,269.25,26.01,84.59,3.16
2020-07-08 08:00:00,382.7,489.05,28.07,74.97,3.59
2020-07-08 09:00:00,506.35,683.0,29.74,67.36,3.26
2020-07-08 10:00:00,540.88,830.3,31.04,61.93,2.89
2020-07-08 11:00:00,688.92,908.0,31.94,58.53,2.67
2020-07-08 12:00:00,713.88,910.45,32.43,56.79,2.56
2020-07-08 13:00:00,695.58,848.08,32.53,56.37,2.45
2020-07-08 14:00:00,546.85,719.03,32.24,57.05,2.33
2020-07-08 15:00:00,442.67,534.65,31.74,58.51,2.31
2020-07-08 16:00:00,259.17,320.05,30.83,61.79,2.29
2020-07-08 17:00:00,101.62,114.97,29.36,70.78,1.77
2020-07-08 18:00:00,5.07,5.28,27.48,79.55,1.39
2020-07-08 19:00:00,0.0,0.0,26.78,81.42,1.58
2020-07-08 20:00:00,0.0,0.0,26.33,83.11,1.59
2020-07-08 21:00:00,0.0,0.0,25.92,84.77,1.52
2020-07-08 22:00:00,0.0,0.0,25.59,85.8,1.61
2020-07-08 23:00:00,0.0,0.0,25.29,86.65,1.87
2020-07-09 00:00:00,0.0,0.0,24.96,88.09,2.1
2020-07-09 01:00:00,0.0,0.0,24.59,90.3,2.1
2020-07-09 02:00:00,0.0,0.0,24.22,92.58,2.04
2020-07-09 03:00:00,0.0,0.0,24.01,94.07,2.08
2020-07-09 04:00:00,0.0,0.0,23.9,95.03,2.09
2020-07-09 05:00:00,0.0,0.0,23.87,95.39,2.02
2020-07-09 06:00:00,47.92,74.35,24.28,94.2,2.39
2020-07-09 07:00:00,144.55,268.88,25.0,91.59,2.83
2020-07-09 08:00:00,265.83,489.0,25.59,88.39,3.36
2020-07-09 09:00:00,413.3,682.58,26.07,85.23,3.6
2020-07-09 10:00:00,507.73,825.92,26.64,81.86,3.53
2020-07-09 11:00:00,547.75,905.72,27.38,78.0,3.25
2020-07-09 12:00:00,581.97,911.7,28.16,73.83,2.89
2020-07-09 13:00:00,572.42,840.08,28.65,70.87,2.49
2020-07-09 14:00:00,463.65,710.38,28.72,69.84,2.12
2020-07-09 15:00:00,334.02,530.67,28.56,70.08,1.83
2020-07-09 16:00:00,196.35,313.85,28.08,72.49,1.58
2020-07-09 17:00:00,73.25,112.25,27.18,79.52,1.11
2020-07-09 18:00:00,3.67,5.18,25.7,89.8,0.68
2020-07-09 19:00:00,0.0,0.0,25.08,92.05,0.67
2020-07-09 20:00:00,0.0,0.0,24.71,93.1,0.73
2020-07-09 21:00:00,0.0,0.0,24.37,93.97,0.79
2020-07-09 22:00:00,0.0,0.0,24.08,94.96,0.85
2020-07-09 23:00:00,0.0,0.0,23.86,95.81,0.94
2020-07-10 00:00:00,0.0,0.0,23.69,96.63,0.98
2020-07-10 01:00:00,0.0,0.0,23.54,97.45,0.95
2020-07-10 02:00:00,0.0,0.0,23.44,97.79,0.85
2020-07-10 03:00:00,0.0,0.0,23.38,97.81,0.86
2020-07-10 04:00:00,0.0,0.0,23.34,97.67,0.84
2020-07-10 05:00:00,0.0,0.0,23.29,97.67,0.87
2020-07-10 06:00:00,58.75,68.15,23.91,96.14,1.41
2020-07-10 07:00:00,198.57,249.52,24.53,93.49,2.41
2020-07-10 08:00:00,385.4,465.52,25.17,89.73,3.34
2020-07-10 09:00:00,323.73,664.8,26.09,83.59,3.85
2020-07-10 10:00:00,367.62,810.95,27.04,77.93,3.98
2020-07-10 11:00:00,415.75,892.05,27.64,74.83,4.07
2020-07-10 12:00:00,507.7,895.97,27.91,73.62,4.05
2020-07-10 13:00:00,520.67,824.28,27.95,73.57,3.92
2020-07-10 14:00:00,435.98,688.0,27.93,74.04,3.69
2020-07-10 15:00:00,274.67,502.58,27.92,74.51,3.39
2020-07-10 16:00:00,180.7,293.48,27.58,76.88,2.74
2020-07-10 17:00:00,67.45,103.05,26.74,84.43,1.52
2020-07-10 18:00:00,3.35,5.0,25.16,92.81,0.81
2020-07-10 19:00:00,0.0,0.0,24.62,93.95,0.87
2020-07-10 20:00:00,0.0,0.0,24.3,94.54,0.97
2020-07-10 21:00:00,0.0,0.0,24.03,95.18,1.08
2020-07-10 22:00:00,0.0,0.0,23.78,95.68,1.18
2020-07-10 23:00:00,0.0,0.0,23.52,96.3,1.23
2020-07-11 00:00:00,0.0,0.0,23.27,96.89,1.28
2020-07-11 01:00:00,0.0,0.0,23.06,97.3,1.27
2020-07-11 02:00:00,0.0,0.0,22.93,97.48,1.26
2020-07-11 03:00:00,0.0,0.0,22.8,97.69,1.2
2020-07-11 04:00:00,0.0,0.0,22.75,97.69,1.14
2020-07-11 05:00:00,0.0,0.0,22.75,97.76,1.09
2020-07-11 06:00:00,45.65,68.38,23.49,95.43,1.76
2020-07-11 07:00:00,168.6,257.7,24.52,92.15,2.44
2020-07-11 08:00:00,309.55,477.27,25.64,87.32,3.37
2020-07-11 09:00:00,487.58,676.15,26.48,82.26,3.82
2020-07-11 10:00:00,513.08,825.88,27.1,78.43,3.79
2020-07-11 11:00:00,618.58,910.0,27.59,75.38,3.53
2020-07-11 12:00:00,692.25,921.2,27.85,73.58,3.22
2020-07-11 13:00:00,603.08,856.35,28.12,72.18,2.95
2020-07-11 14:00:00,521.15,731.5,28.1,71.69,2.72
2020-07-11 15:00:00,379.5,548.17,27.6,73.54,2.43
2020-07-11 16:00:00,206.15,331.95,26.85,78.72,1.94
2020-07-11 17:00:00,74.93,118.9,25.88,85.47,1.44
2020-07-11 18:00:00,4.6,5.43,24.58,92.07,0.97
2020-07-11 19:00:00,0.0,0.0,24.09,93.14,1.02
2020-07-11 20:00:00,0.0,0.0,23.78,93.62,1.06
2020-07-11 21:00:00,0.0,0.0,23.47,94.29,1.01
2020-07-11 22:00:00,0.0,0.0,23.29,94.97,0.96
2020-07-11 23:00:00,0.0,0.0,23.14,95.53,0.93
2020-07-12 00:00:00,0.0,0.0,22.94,96.2,0.92
2020-07-12 01:00:00,0.0,0.0,22.74,96.88,0.88
2020-07-12 02:00:00,0.0,0.0,22.49,97.47,0.84
2020-07-12 03:00:00,0.0,0.0,22.26,97.9,0.8
2020-07-12 04:00:00,0.0,0.0,22.06,98.1,0.82
2020-07-12 05:00:00,0.0,0.0,21.9,98.19,0.89
2020-07-12 06:00:00,57.1,73.1,22.82,95.84,1.83
2020-07-12 07:00:00,187.05,272.42,24.03,90.99,2.47
2020-07-12 08:00:00,354.8,496.12,25.6,82.52,2.84
2020-07-12 09:00:00,542.22,694.7,27.24,73.85,2.64
2020-07-12 10:00:00,694.75,838.85,28.48,68.43,2.29
2020-07-12 11:00:00,720.03,922.78,29.4,65.08,1.95
2020-07-12 12:00:00,651.47,932.7,29.91,63.2,1.54
2020-07-12 13:00:00,620.65,871.05,30.18,62.0,1.19
2020-07-12 14:00:00,488.17,742.85,30.2,61.45,0.91
2020-07-12 15:00:00,433.95,556.67,29.98,61.47,0.7
2020-07-12 16:00:00,268.38,339.35,29.51,62.77,0.54
2020-07-12 17:00:00,103.8,123.8,28.76,68.02,0.39
2020-07-12 18:00:00,5.32,5.47,27.77,76.18,0.25
2020-07-12 19:00:00,0.0,0.0,27.38,75.88,0.04
2020-07-12 20:00:00,0.0,0.0,26.77,76.24,0.37
2020-07-12 21:00:00,0.0,0.0,25.84,80.29,0.62
2020-07-12 22:00:00,0.0,0.0,25.0,85.1,0.73
2020-07-12 23:00:00,0.0,0.0,24.36,87.87,0.8
2020-07-13 00:00:00,0.0,0.0,23.98,88.74,0.91
2020-07-13 01:00:00,0.0,0.0,23.73,88.93,1.06
2020-07-13 02:00:00,0.0,0.0,23.46,89.55,1.17
2020-07-13 03:00:00,0.0,0.0,23.23,90.48,1.2
2020-07-13 04:00:00,0.0,0.0,23.02,91.72,1.21
2020-07-13 05:00:00,0.0,0.0,22.83,93.04,1.18
2020-07-13 06:00:00,36.17,70.8,23.22,91.19,1.73
2020-07-13 07:00:00,118.62,263.73,24.09,87.79,1.8
2020-07-13 08:00:00,211.48,481.77,25.48,80.58,2.24
2020-07-13 09:00:00,296.02,680.53,26.57,75.78,2.62
2020-07-13 10:00:00,372.27,829.1,27.81,71.23,2.64
2020-07-13 11:00:00,484.35,914.78,28.88,67.23,2.31
2020-07-13 12:00:00,514.85,899.15,28.96,66.42,2.09
2020-07-13 13:00:00,399.23,840.2,28.74,66.97,2.1
2020-07-13 14:00:00,329.75,710.35,28.52,67.85,2.11
2020-07-13 15:00:00,315.85,527.25,28.14,69.71,1.93
2020-07-13 16:00:00,221.57,311.25,27.47,74.75,1.39
2020-07-13 17:00:00,78.03,107.57,26.44,81.57,1.09
2020-07-13 18:00:00,4.55,5.05,25.16,89.61,0.77
2020-07-13 19:00:00,0.0,0.0,24.62,90.44,0.92
2020-07-13 20:00:00,0.0,0.0,24.24,90.88,1.17
2020-07-13 21:00:00,0.0,0.0,23.92,91.59,1.39
2020-07-13 22:00:00,0.0,0.0,23.69,92.23,1.61
2020-07-13 23:00:00,0.0,0.0,23.47,92.98,1.92
2020-07-14 00:00:00,0.0,0.0,23.22,94.29,2.16
2020-07-14 01:00:00,0.0,0.0,23.0,95.67,2.31
2020-07-14 02:00:00,0.0,0.0,22.94,95.88,2.5
2020-07-14 03:00:00,0.0,0.0,22.84,96.4,2.5
2020-07-14 04:00:00,0.0,0.0,22.72,96.72,2.32
2020-07-14 05:00:00,0.0,0.0,22.67,96.53,2.34
2020-07-14 06:00:00,48.53,69.88,23.04,95.16,2.86
2020-07-14 07:00:00,167.88,267.55,23.71,92.13,3.59
2020-07-14 08:00:00,291.08,491.12,24.75,85.52,4.35
2020-07-14 09:00:00,355.6,688.1,26.31,77.52,4.48
2020-07-14 10:00:00,379.25,833.92,27.83,71.83,4.23
2020-07-14 11:00:00,377.6,914.75,28.94,68.07,3.84
2020-07-14 12:00:00,444.15,920.8,29.53,66.12,3.52
2020-07-14 13:00:00,467.9,851.8,29.72,65.51,3.31
2020-07-14 14:00:00,423.17,716.55,29.69,65.43,3.13
2020-07-14 15:00:00,331.85,527.22,29.21,67.56,2.86
2020-07-14 16:00:00,190.1,308.12,28.58,71.07,2.57
2020-07-14 17:00:00,70.45,104.3,27.44,79.6,1.7
2020-07-14 18:00:00,4.43,4.88,25.73,89.55,1.01
2020-07-14 19:00:00,0.0,0.0,25.05,91.49,1.03
2020-07-14 20:00:00,0.0,0.0,24.65,92.41,1.08
2020-07-14 21:00:00,0.0,0.0,24.32,93.12,1.13
2020-07-14 22:00:00,0.0,0.0,24.03,93.67,1.2
2020-07-14 23:00:00,0.0,0.0,23.78,94.22,1.31
2020-07-15 00:00:00,0.0,0.0,23.52,94.91,1.5
2020-07-15 01:00:00,0.0,0.0,23.27,95.83,1.65
2020-07-15 02:00:00,0.0,0.0,23.13,96.45,1.72
2020-07-15 03:00:00,0.0,0.0,23.05,96.75,1.58
2020-07-15 04:00:00,0.0,0.0,22.99,96.91,1.52
2020-07-15 05:00:00,0.0,0.0,22.92,96.51,1.83
2020-07-15 06:00:00,33.2,65.55,23.07,95.74,2.47
2020-07-15 07:00:00,105.93,255.7,23.46,94.62,2.89
2020-07-15 08:00:00,190.0,480.4,23.87,91.51,3.48
2020-07-15 09:00:00,333.02,678.33,24.35,87.83,3.83
2020-07-15 10:00:00,526.05,825.45,25.16,83.88,3.93
2020-07-15 11:00:00,588.05,909.0,26.15,79.77,3.94
2020-07-15 12:00:00,526.7,859.75,27.13,75.85,3.76
2020-07-15 13:00:00,529.72,799.12,27.73,73.19,3.43
2020-07-15 14:00:00,429.83,672.85,28.08,71.73,3.09
2020-07-15 15:00:00,329.17,494.52,27.85,72.1,2.76
2020-07-15 16:00:00,194.5,288.3,27.3,74.72,2.37
2020-07-15 17:00:00,61.1,99.05,26.31,81.78,1.65
2020-07-15 18:00:00,4.03,4.82,24.54,91.09,1.05
2020-07-15 19:00:00,0.0,0.0,23.9,92.54,1.15
2020-07-15 20:00:00,0.0,0.0,23.61,93.37,1.23
2020-07-15 21:00:00,0.0,0.0,23.45,94.0,1.31
2020-07-15 22:00:00,0.0,0.0,23.32,94.31,1.53
2020-07-15 23:00:00,0.0,0.0,23.14,94.75,1.84
2020-07-16 00:00:00,0.0,0.0,22.94,95.5,2.09
2020-07-16 01:00:00,0.0,0.0,22.78,96.04,2.32
2020-07-16 02:00:00,0.0,0.0,22.68,96.19,2.5
2020-07-16 03:00:00,0.0,0.0,22.66,95.91,2.64
2020-07-16 04:00:00,0.0,0.0,22.58,96.03,2.65
2020-07-16 05:00:00,0.0,0.0,22.5,96.09,2.79
2020-07-16 06:00:00,40.35,70.82,22.65,95.62,3.03
2020-07-16 07:00:00,141.23,270.5,23.19,94.09,3.11
2020-07-16 08:00:00,257.02,494.12,24.14,89.41,3.68
2020-07-16 09:00:00,427.35,690.2,25.57,82.23,4.22
2020-07-16 10:00:00,503.12,835.78,26.94,76.51,4.32
2020-07-16 11:00:00,532.92,915.97,27.97,72.82,4.09
2020-07-16 12:00:00,491.95,920.6,28.45,70.98,3.82
2020-07-16 13:00:00,374.92,852.9,28.59,70.32,3.73
2020-07-16 14:00:00,292.38,719.88,28.38,71.48,3.65
2020-07-16 15:00:00,220.68,533.33,27.66,75.5,3.34
2020-07-16 16:00:00,138.93,317.7,26.96,80.66,2.81
2020-07-16 17:00:00,52.08,112.3,26.04,88.06,1.78
2020-07-16 18:00:00,3.5,5.22,24.85,94.11,1.09
2020-07-16 19:00:00,0.0,0.0,24.35,95.28,1.08
2020-07-16 20:00:00,0.0,0.0,23.96,95.8,1.13
2020-07-16 21:00:00,0.0,0.0,23.61,96.21,1.23
2020-07-16 22:00:00,0.0,0.0,23.32,96.59,1.34
2020-07-16 23:00:00,0.0,0.0,23.09,96.9,1.52
2020-07-17 00:00:00,0.0,0.0,22.88,97.29,1.74
2020-07-17 01:00:00,0.0,0.0,22.64,97.52,1.8
2020-07-17 02:00:00,0.0,0.0,22.38,97.65,1.73
2020-07-17 03:00:00,0.0,0.0,22.19,97.5,1.7
2020-07-17 04:00:00,0.0,0.0,21.96,97.76,1.51
2020-07-17 05:00:00,0.0,0.0,21.71,98.13,0.98
2020-07-17 06:00:00,52.3,74.72,22.73,95.43,1.36
2020-07-17 07:00:00,202.38,281.05,23.68,92.39,1.97
2020-07-17 08:00:00,367.75,500.7,24.64,88.26,2.5
2020-07-17 09:00:00,490.85,695.33,25.55,83.24,2.87
2020-07-17 10:00:00,608.05,844.22,26.26,79.47,2.85
2020-07-17 11:00:00,602.55,927.55,26.87,76.84,2.63
2020-07-17 12:00:00,671.12,939.47,27.4,74.65,2.32
2020-07-17 13:00:00,570.08,879.17,27.91,72.87,2.0
2020-07-17 14:00:00,492.73,749.67,28.29,71.56,1.82
2020-07-17 15:00:00,418.38,566.95,28.17,72.01,1.77
2020-07-17 16:00:00,239.98,348.88,27.76,74.58,1.75
2020-07-17 17:00:00,87.55,129.35,26.86,80.85,1.34
2020-07-17 18:00:00,4.28,5.57,25.05,91.06,0.84
2020-07-17 19:00:00,0.0,0.0,24.4,92.72,0.95
2020-07-17 20:00:00,0.0,0.0,24.1,93.46,1.13
2020-07-17 21:00:00,0.0,0.0,23.93,94.21,1.33
2020-07-17 22:00:00,0.0,0.0,23.77,95.09,1.55
2020-07-17 23:00:00,0.0,0.0,23.7,95.69,1.85
2020-07-18 00:00:00,0.0,0.0,23.62,96.17,1.98
2020-07-18 01:00:00,0.0,0.0,23.56,96.22,2.11
2020-07-18 02:00:00,0.0,0.0,23.49,96.18,2.38
2020-07-18 03:00:00,0.0,0.0,23.38,96.09,2.69
2020-07-18 04:00:00,0.0,0.0,23.22,96.11,2.72
2020-07-18 05:00:00,0.0,0.0,22.99,96.15,2.73
2020-07-18 06:00:00,52.97,79.2,23.12,95.34,2.94
2020-07-18 07:00:00,188.5,291.95,23.82,91.88,3.62
2020-07-18 08:00:00,336.1,518.58,24.96,85.25,4.19
2020-07-18 09:00:00,614.22,714.05,26.58,77.44,4.35
2020-07-18 10:00:00,647.6,858.1,27.85,72.27,4.19
2020-07-18 11:00:00,746.9,939.5,28.8,68.93,3.94
2020-07-18 12:00:00,738.4,947.62,29.45,66.64,3.68
2020-07-18 13:00:00,661.42,883.83,29.76,65.47,3.43
2020-07-18 14:00:00,544.47,753.67,29.78,65.14,3.11
2020-07-18 15:00:00,413.52,569.62,29.57,65.65,2.81
2020-07-18 16:00:00,246.02,350.8,28.96,68.6,2.39
2020-07-18 17:00:00,99.78,129.45,27.81,76.49,1.61
2020-07-18 18:00:00,5.25,5.6,25.74,88.42,0.9
2020-07-18 19:00:00,0.0,0.0,25.04,90.06,0.9
2020-07-18 20:00:00,0.0,0.0,24.69,91.06,0.9
2020-07-18 21:00:00,0.0,0.0,24.34,92.11,0.89
2020-07-18 22:00:00,0.0,0.0,23.97,93.05,0.88
2020-07-18 23:00:00,0.0,0.0,23.64,93.87,0.93
2020-07-19 00:00:00,0.0,0.0,23.36,94.78,1.0
2020-07-19 01:00:00,0.0,0.0,23.15,95.64,1.04
2020-07-19 02:00:00,0.0,0.0,23.02,96.26,1.08
2020-07-19 03:00:00,0.0,0.0,22.93,96.67,1.17
2020-07-19 04:00:00,0.0,0.0,22.88,96.86,1.29
2020-07-19 05:00:00,0.0,0.0,22.8,97.06,1.34
2020-07-19 06:00:00,40.28,75.75,23.47,94.53,2.18
2020-07-19 07:00:00,152.93,288.25,24.72,89.9,2.58
2020-07-19 08:00:00,290.2,513.97,26.35,81.76,3.0
2020-07-19 09:00:00,433.65,709.17,27.74,75.14,3.23
2020-07-19 10:00:00,544.97,853.58,28.83,70.7,3.21
2020-07-19 11:00:00,787.3,932.9,29.49,67.75,3.01
2020-07-19 12:00:00,798.47,940.42,29.86,65.84,2.68
2020-07-19 13:00:00,782.97,877.75,29.95,65.02,2.29
2020-07-19 14:00:00,569.05,747.47,29.77,65.18,1.91
2020-07-19 15:00:00,321.2,565.35,29.18,67.53,1.58
2020-07-19 16:00:00,165.1,347.15,28.4,72.83,1.12
2020-07-19 17:00:00,62.55,127.45,27.42,77.73,0.91
2020-07-19 18:00:00,2.9,5.5,26.18,87.86,0.46
2020-07-19 19:00:00,0.0,0.0,25.63,88.47,0.45
2020-07-19 20:00:00,0.0,0.0,25.2,89.43,0.51
2020-07-19 21:00:00,0.0,0.0,24.72,90.95,0.6
2020-07-19 22:00:00,0.0,0.0,24.25,92.62,0.65
2020-07-19 23:00:00,0.0,0.0,23.84,93.95,0.67
2020-07-20 00:00:00,0.0,0.0,23.57,94.8,0.69
2020-07-20 01:00:00,0.0,0.0,23.36,95.39,0.75
2020-07-20 02:00:00,0.0,0.0,23.18,95.87,0.81
2020-07-20 03:00:00,0.0,0.0,23.01,96.37,0.83
2020-07-20 04:00:00,0.0,0.0,22.88,96.81,0.82
2020-07-20 05:00:00,0.0,0.0,22.82,97.03,0.81
2020-07-20 06:00:00,41.22,73.32,23.48,94.84,1.3
2020-07-20 07:00:00,147.5,281.62,24.28,91.87,1.8
2020-07-20 08:00:00,278.27,506.75,25.29,87.88,2.04
2020-07-20 09:00:00,441.45,702.6,26.19,83.41,2.34
2020-07-20 10:00:00,465.95,847.62,27.04,78.91,2.51
2020-07-20 11:00:00,541.47,928.72,27.63,75.9,2.54
2020-07-20 12:00:00,544.7,938.7,28.2,73.54,2.56
2020-07-20 13:00:00,575.33,874.47,28.53,72.07,2.51
2020-07-20 14:00:00,464.48,744.65,28.82,70.72,2.42
2020-07-20 15:00:00,402.15,559.97,28.66,71.35,2.22
2020-07-20 16:00:00,202.0,340.38,28.07,75.56,1.73
2020-07-20 17:00:00,78.72,122.97,27.24,81.63,1.28
2020-07-20 18:00:00,3.55,5.38,25.66,90.68,0.74
2020-07-20 19:00:00,0.0,0.0,25.03,91.89,0.79
2020-07-20 20:00:00,0.0,0.0,24.67,92.89,0.85
2020-07-20 21:00:00,0.0,0.0,24.39,93.79,0.92
2020-07-20 22:00:00,0.0,0.0,24.14,94.56,1.01
2020-07-20 23:00:00,0.0,0.0,23.91,95.32,1.05
2020-07-21 00:00:00,0.0,0.0,23.71,96.0,1.09
2020-07-21 01:00:00,0.0,0.0,23.54,96.4,1.13
2020-07-21 02:00:00,0.0,0.0,23.38,96.71,1.27
2020-07-21 03:00:00,0.0,0.0,23.22,96.97,1.43
2020-07-21 04:00:00,0.0,0.0,23.06,97.26,1.46
2020-07-21 05:00:00,0.0,0.0,22.85,97.63,1.35
2020-07-21 06:00:00,54.95,73.4,23.41,95.94,1.86
2020-07-21 07:00:00,192.38,280.2,24.64,91.77,2.47
2020-07-21 08:00:00,364.33,506.98,26.45,83.0,3.11
2020-07-21 09:00:00,538.9,705.58,28.21,74.59,3.06
2020-07-21 10:00:00,525.0,855.4,29.47,69.74,2.82
2020-07-21 11:00:00,635.42,936.97,30.3,66.57,2.62
2020-07-21 12:00:00,736.45,943.03,30.78,64.44,2.47
2020-07-21 13:00:00,797.05,879.25,30.94,63.39,2.29
2020-07-21 14:00:00,708.95,747.47,30.87,63.19,2.06
2020-07-21 15:00:00,510.98,560.03,30.48,63.99,1.74
2020-07-21 16:00:00,271.35,338.55,29.88,66.61,1.32
2020-07-21 17:00:00,96.25,123.72,29.07,71.69,0.8
2020-07-21 18:00:00,3.85,5.38,28.0,78.38,0.47
2020-07-21 19:00:00,0.0,0.0,27.28,80.57,0.57
2020-07-21 20:00:00,0.0,0.0,26.51,84.36,0.65
2020-07-21 21:00:00,0.0,0.0,25.72,87.87,0.7
2020-07-21 22:00:00,0.0,0.0,25.05,89.99,0.87
2020-07-21 23:00:00,0.0,0.0,24.47,90.75,1.11
2020-07-22 00:00:00,0.0,0.0,24.05,91.48,1.25
2020-07-22 01:00:00,0.0,0.0,23.71,92.53,1.29
2020-07-22 02:00:00,0.0,0.0,23.4,93.65,1.25
2020-07-22 03:00:00,0.0,0.0,23.15,94.63,1.26
2020-07-22 04:00:00,0.0,0.0,22.88,95.81,1.18
2020-07-22 05:00:00,0.0,0.0,22.59,97.02,1.0
2020-07-22 06:00:00,55.03,73.3,23.19,94.98,1.42
2020-07-22 07:00:00,185.3,281.12,24.48,89.89,1.7
2020-07-22 08:00:00,322.4,506.88,27.04,77.79,2.22
2020-07-22 09:00:00,505.75,703.62,28.89,70.35,2.22
2020-07-22 10:00:00,566.38,850.17,29.98,66.38,2.06
2020-07-22 11:00:00,809.08,933.33,30.79,62.67,1.77
2020-07-22 12:00:00,817.7,929.72,31.32,59.74,1.45
2020-07-22 13:00:00,662.97,868.3,31.55,57.84,1.25
2020-07-22 14:00:00,537.95,739.95,31.43,57.15,1.22
2020-07-22 15:00:00,422.8,556.15,31.02,57.23,1.32
2020-07-22 16:00:00,223.98,337.62,30.15,60.81,1.25
2020-07-22 17:00:00,83.5,121.7,29.17,65.43,1.18
2020-07-22 18:00:00,3.9,5.25,26.93,81.88,0.78
2020-07-22 19:00:00,0.0,0.0,25.94,83.87,0.91
2020-07-22 20:00:00,0.0,0.0,25.27,85.33,1.06
2020-07-22 21:00:00,0.0,0.0,24.67,87.17,1.14
2020-07-22 22:00:00,0.0,0.0,24.17,89.17,1.16
2020-07-22 23:00:00,0.0,0.0,23.84,90.41,1.15
2020-07-23 00:00:00,0.0,0.0,23.6,91.26,1.15
2020-07-23 01:00:00,0.0,0.0,23.43,91.89,1.17
2020-07-23 02:00:00,0.0,0.0,23.22,92.6,1.19
2020-07-23 03:00:00,0.0,0.0,22.92,93.62,1.2
2020-07-23 04:00:00,0.0,0.0,22.56,94.84,1.2
2020-07-23 05:00:00,0.0,0.0,22.32,95.54,1.29
2020-07-23 06:00:00,54.22,69.85,23.13,92.09,2.28
2020-07-23 07:00:00,205.55,274.77,25.11,83.62,2.55
2020-07-23 08:00:00,400.38,499.67,27.62,72.24,2.83
2020-07-23 09:00:00,431.77,698.92,29.08,67.15,2.3
2020-07-23 10:00:00,566.65,845.33,29.97,64.22,1.83
2020-07-23 11:00:00,680.65,928.22,30.57,62.44,1.54
2020-07-23 12:00:00,623.75,907.2,30.89,61.57,1.12
2020-07-23 13:00:00,626.95,843.88,31.02,61.21,0.74
2020-07-23 14:00:00,524.5,714.83,30.75,61.56,0.56
2020-07-23 15:00:00,203.07,531.53,30.25,63.33,0.71
2020-07-23 16:00:00,125.05,315.83,29.76,68.3,0.71
2020-07-23 17:00:00,59.35,110.07,28.88,70.78,0.89
2020-07-23 18:00:00,3.33,4.88,27.26,85.78,0.62
2020-07-23 19:00:00,0.0,0.0,26.42,88.03,0.75
2020-07-23 20:00:00,0.0,0.0,25.84,88.76,0.89
2020-07-23 21:00:00,0.0,0.0,25.38,89.66,0.98
2020-07-23 22:00:00,0.0,0.0,25.0,90.83,0.98
2020-07-23 23:00:00,0.0,0.0,24.7,91.78,0.96
2020-07-24 00:00:00,0.0,0.0,24.41,92.77,0.97
2020-07-24 01:00:00,0.0,0.0,24.18,93.57,0.99
2020-07-24 02:00:00,0.0,0.0,23.98,94.44,1.05
2020-07-24 03:00:00,0.0,0.0,23.81,95.21,1.19
2020-07-24 04:00:00,0.0,0.0,23.64,96.01,1.37
2020-07-24 05:00:00,0.0,0.0,23.54,96.46,1.56
2020-07-24 06:00:00,50.55,65.55,23.79,95.64,2.04
2020-07-24 07:00:00,199.5,266.2,24.32,93.98,2.51
2020-07-24 08:00:00,368.2,489.92,25.01,90.51,2.83
2020-07-24 09:00:00,421.15,689.92,25.96,85.1,3.11
2020-07-24 10:00:00,586.6,841.0,27.19,79.01,3.12
2020-07-24 11:00:00,668.67,920.6,28.1,75.07,2.95
2020-07-24 12:00:00,698.58,929.25,28.75,72.16,2.68
2020-07-24 13:00:00,616.72,865.75,28.78,71.5,2.4
2020-07-24 14:00:00,563.9,730.75,28.49,73.04,2.29
2020-07-24 15:00:00,448.5,545.72,28.26,74.53,2.34
2020-07-24 16:00:00,253.52,325.88,27.63,78.58,2.02
2020-07-24 17:00:00,93.28,115.6,26.54,87.12,1.22
2020-07-24 18:00:00,3.97,4.97,25.4,92.44,0.88
2020-07-24 19:00:00,0.0,0.0,25.01,93.29,0.96
2020-07-24 20:00:00,0.0,0.0,24.72,93.72,1.14
2020-07-24 21:00:00,0.0,0.0,24.45,94.23,1.31
2020-07-24 22:00:00,0.0,0.0,24.2,94.94,1.4
2020-07-24 23:00:00,0.0,0.0,23.89,95.91,1.39
2020-07-25 00:00:00,0.0,0.0,23.56,96.93,1.33
2020-07-25 01:00:00,0.0,0.0,23.4,97.36,1.43
2020-07-25 02:00:00,0.0,0.0,23.38,96.92,1.7
2020-07-25 03:00:00,0.0,0.0,23.33,96.84,1.85
2020-07-25 04:00:00,0.0,0.0,23.25,96.95,1.94
2020-07-25 05:00:00,0.0,0.0,23.2,96.6,2.36
2020-07-25 06:00:00,46.55,69.62,23.41,95.58,2.87
2020-07-25 07:00:00,170.3,275.7,24.01,93.12,3.64
2020-07-25 08:00:00,331.1,503.5,24.78,87.7,4.57
2020-07-25 09:00:00,457.62,701.85,25.95,80.82,4.81
2020-07-25 10:00:00,554.17,848.85,27.22,75.11,4.74
2020-07-25 11:00:00,558.65,930.83,28.46,70.19,4.49
2020-07-25 12:00:00,507.83,926.83,29.42,66.58,4.2
2020-07-25 13:00:00,566.25,862.95,29.76,64.91,3.9
2020-07-25 14:00:00,459.9,730.1,29.65,64.8,3.57
2020-07-25 15:00:00,417.33,546.67,29.09,66.95,3.15
2020-07-25 16:00:00,275.02,328.0,28.41,70.98,2.53
2020-07-25 17:00:00,104.12,115.78,27.21,80.7,1.49
2020-07-25 18:00:00,4.75,4.88,25.76,88.36,1.01
2020-07-25 19:00:00,0.0,0.0,25.27,89.47,1.13
2020-07-25 20:00:00,0.0,0.0,24.92,90.18,1.32
2020-07-25 21:00:00,0.0,0.0,24.6,90.77,1.64
2020-07-25 22:00:00,0.0,0.0,24.25,91.67,1.96
2020-07-25 23:00:00,0.0,0.0,23.83,93.04,2.19
2020-07-26 00:00:00,0.0,0.0,23.46,93.95,2.36
2020-07-26 01:00:00,0.0,0.0,23.2,94.19,2.48
2020-07-26 02:00:00,0.0,0.0,22.95,94.88,2.39
2020-07-26 03:00:00,0.0,0.0,22.71,95.99,2.05
2020-07-26 04:00:00,0.0,0.0,22.49,96.77,1.66
2020-07-26 05:00:00,0.0,0.0,22.33,97.04,1.55
2020-07-26 06:00:00,38.35,64.62,22.8,95.44,2.17
2020-07-26 07:00:00,153.48,266.38,23.64,92.19,2.87
2020-07-26 08:00:00,290.48,493.1,24.87,84.5,3.77
2020-07-26 09:00:00,386.58,692.92,26.6,74.6,4.18
2020-07-26 10:00:00,530.6,840.92,28.02,68.65,4.29
2020-07-26 11:00:00,568.83,923.65,28.98,65.35,4.15
2020-07-26 12:00:00,490.73,933.9,29.66,63.32,3.82
2020-07-26 13:00:00,501.42,867.78,30.09,62.13,3.41
2020-07-26 14:00:00,502.7,736.53,30.14,61.81,2.97
2020-07-26 15:00:00,332.6,550.55,29.73,62.81,2.54
2020-07-26 16:00:00,181.6,330.38,29.03,65.86,2.1
2020-07-26 17:00:00,70.4,117.15,27.73,74.92,1.43
2020-07-26 18:00:00,3.47,4.82,25.86,86.3,0.9
2020-07-26 19:00:00,0.0,0.0,25.08,87.61,1.04
2020-07-26 20:00:00,0.0,0.0,24.55,88.72,1.24
2020-07-26 21:00:00,0.0,0.0,24.09,90.05,1.46
2020-07-26 22:00:00,0.0,0.0,23.68,91.78,1.72
2020-07-26 23:00:00,0.0,0.0,23.36,93.44,2.05
2020-07-27 00:00:00,0.0,0.0,23.03,95.33,2.15
2020-07-27 01:00:00,0.0,0.0,22.79,96.3,2.04
2020-07-27 02:00:00,0.0,0.0,22.66,96.41,2.0
2020-07-27 03:00:00,0.0,0.0,22.53,96.5,1.96
2020-07-27 04:00:00,0.0,0.0,22.36,96.66,1.9
2020-07-27 05:00:00,0.0,0.0,22.15,96.76,1.93
2020-07-27 06:00:00,49.62,69.03,22.68,94.47,2.71
2020-07-27 07:00:00,180.98,274.55,23.99,86.85,3.73
2020-07-27 08:00:00,338.27,502.0,25.94,75.94,4.05
2020-07-27 09:00:00,544.3,703.78,27.61,69.99,3.55
2020-07-27 10:00:00,444.02,855.05,28.98,66.1,3.02
2020-07-27 11:00:00,474.4,937.03,30.04,63.01,2.59
2020-07-27 12:00:00,622.38,933.42,30.63,61.25,2.22
2020-07-27 13:00:00,592.97,868.28,30.89,60.36,1.93
2020-07-27 14:00:00,511.15,735.42,30.89,60.22,1.62
2020-07-27 15:00:00,350.0,548.92,30.33,61.81,1.28
2020-07-27 16:00:00,211.8,329.38,29.68,65.44,0.98
2020-07-27 17:00:00,83.0,116.82,29.03,69.53,0.79
2020-07-27 18:00:00,3.85,4.78,27.78,78.7,0.55
2020-07-27 19:00:00,0.0,0.0,27.15,81.14,0.59
2020-07-27 20:00:00,0.0,0.0,26.59,83.78,0.62
2020-07-27 21:00:00,0.0,0.0,26.08,86.61,0.63
2020-07-27 22:00:00,0.0,0.0,25.65,88.52,0.66
2020-07-27 23:00:00,0.0,0.0,25.24,90.32,0.69
2020-07-28 00:00:00,0.0,0.0,24.79,91.87,0.77
2020-07-28 01:00:00,0.0,0.0,24.34,93.34,0.89
2020-07-28 02:00:00,0.0,0.0,23.94,94.56,1.08
2020-07-28 03:00:00,0.0,0.0,23.62,95.63,1.38
2020-07-28 04:00:00,0.0,0.0,23.44,96.37,1.82
2020-07-28 05:00:00,0.0,0.0,23.34,96.78,2.18
2020-07-28 06:00:00,33.08,63.17,23.66,95.75,2.76
2020-07-28 07:00:00,148.02,260.17,24.35,93.67,3.29
2020-07-28 08:00:00,291.83,487.23,25.28,88.51,3.8
2020-07-28 09:00:00,412.3,687.5,26.57,80.48,4.32
2020-07-28 10:00:00,568.8,837.38,27.8,74.3,4.38
2020-07-28 11:00:00,490.25,919.9,28.45,71.5,3.96
2020-07-28 12:00:00,629.12,926.6,28.96,69.47,3.46
2020-07-28 13:00:00,569.67,862.95,29.09,68.82,3.06
2020-07-28 14:00:00,470.17,729.5,29.0,68.99,2.7
2020-07-28 15:00:00,358.98,541.1,28.83,69.77,2.37
2020-07-28 16:00:00,200.18,316.6,28.32,73.78,1.78
2020-07-28 17:00:00,82.05,110.38,27.44,80.03,1.25
2020-07-28 18:00:00,4.12,4.53,25.94,89.28,0.66
2020-07-28 19:00:00,0.0,0.0,25.61,88.82,0.64
2020-07-28 20:00:00,0.0,0.0,25.54,86.95,0.6
2020-07-28 21:00:00,0.0,0.0,25.43,85.58,0.5
2020-07-28 22:00:00,0.0,0.0,25.11,85.99,0.38
2020-07-28 23:00:00,0.0,0.0,24.81,86.5,0.38
2020-07-29 00:00:00,0.0,0.0,24.29,88.82,0.49
2020-07-29 01:00:00,0.0,0.0,23.57,92.34,0.62
2020-07-29 02:00:00,0.0,0.0,22.95,95.34,0.67
2020-07-29 03:00:00,0.0,0.0,22.65,96.64,0.78
2020-07-29 04:00:00,0.0,0.0,22.53,97.15,0.94
2020-07-29 05:00:00,0.0,0.0,22.46,97.61,1.1
2020-07-29 06:00:00,55.47,64.88,23.38,95.09,2.04
2020-07-29 07:00:00,210.52,265.1,24.86,89.57,2.42
2020-07-29 08:00:00,400.65,494.27,26.64,80.77,2.64
2020-07-29 09:00:00,499.8,694.65,28.1,73.61,2.65
2020-07-29 10:00:00,562.7,843.58,29.37,67.97,2.61
2020-07-29 11:00:00,691.15,926.53,30.37,63.98,2.59
2020-07-29 12:00:00,830.47,928.9,30.95,61.42,2.58
2020-07-29 13:00:00,571.25,865.9,31.18,60.12,2.53
2020-07-29 14:00:00,507.88,734.42,30.92,60.88,2.47
2020-07-29 15:00:00,386.75,547.28,30.49,62.56,2.39
2020-07-29 16:00:00,250.85,326.38,29.72,65.72,2.15
2020-07-29 17:00:00,95.85,113.75,28.56,72.94,1.54
2020-07-29 18:00:00,4.2,4.47,26.61,84.26,0.91
2020-07-29 19:00:00,0.0,0.0,25.86,85.52,0.97
2020-07-29 20:00:00,0.0,0.0,25.31,86.59,1.05
2020-07-29 21:00:00,0.0,0.0,24.83,87.82,1.11
2020-07-29 22:00:00,0.0,0.0,24.41,89.16,1.16
2020-07-29 23:00:00,0.0,0.0,24.03,90.51,1.22
2020-07-30 00:00:00,0.0,0.0,23.68,92.03,1.32
2020-07-30 01:00:00,0.0,0.0,23.36,93.79,1.46
2020-07-30 02:00:00,0.0,0.0,23.09,95.55,1.58
2020-07-30 03:00:00,0.0,0.0,22.9,96.72,1.64
2020-07-30 04:00:00,0.0,0.0,22.8,97.17,1.64
2020-07-30 05:00:00,0.0,0.0,22.74,97.18,1.65
2020-07-30 06:00:00,62.42,66.3,23.46,94.61,2.49
2020-07-30 07:00:00,231.02,269.25,24.86,88.73,3.16
2020-07-30 08:00:00,418.95,498.88,26.58,80.1,3.3
2020-07-30 09:00:00,544.75,700.3,28.1,73.18,3.03
2020-07-30 10:00:00,668.47,854.4,29.22,68.82,2.73
2020-07-30 11:00:00,780.17,938.0,30.16,65.77,2.5
2020-07-30 12:00:00,836.6,899.4,30.84,63.62,2.32
2020-07-30 13:00:00,668.65,836.88,31.19,62.41,2.1
2020-07-30 14:00:00,600.17,705.28,31.28,61.86,1.85
2020-07-30 15:00:00,450.92,518.72,31.09,62.21,1.57
2020-07-30 16:00:00,273.12,301.23,30.65,63.79,1.24
2020-07-30 17:00:00,97.97,102.45,29.83,69.52,0.83
2020-07-30 18:00:00,4.05,4.12,28.52,76.1,0.59
2020-07-30 19:00:00,0.0,0.0,27.93,77.23,0.6
2020-07-30 20:00:00,0.0,0.0,27.27,80.35,0.65
2020-07-30 21:00:00,0.0,0.0,26.42,84.91,0.69
2020-07-30 22:00:00,0.0,0.0,25.69,88.38,0.75
2020-07-30 23:00:00,0.0,0.0,25.19,89.4,0.89
2020-07-31 00:00:00,0.0,0.0,24.78,89.97,1.08
2020-07-31 01:00:00,0.0,0.0,24.44,90.55,1.27
2020-07-31 02:00:00,0.0,0.0,24.14,91.34,1.44
2020-07-31 03:00:00,0.0,0.0,23.85,92.41,1.53
2020-07-31 04:00:00,0.0,0.0,23.61,93.51,1.55
2020-07-31 05:00:00,0.0,0.0,23.41,94.57,1.51
2020-07-31 06:00:00,11.85,59.72,23.88,93.04,2.1
2020-07-31 07:00:00,29.35,250.0,25.09,88.4,2.17
2020-07-31 08:00:00,44.4,473.6,26.64,80.85,2.42
2020-07-31 09:00:00,45.0,675.1,27.56,76.85,2.6
2020-07-31 10:00:00,102.7,825.17,28.1,75.29,2.77
2020-07-31 11:00:00,152.6,912.62,28.47,74.59,2.9
2020-07-31 12:00:00,302.17,922.45,28.83,73.64,2.77
2020-07-31 13:00:00,323.0,855.85,28.91,73.86,2.34
2020-07-31 14:00:00,322.12,719.53,28.73,75.18,1.88
2020-07-31 15:00:00,274.2,530.35,28.11,80.35,1.23
2020-07-31 16:00:00,177.77,311.33,27.54,83.49,1.1
2020-07-31 17:00:00,61.47,103.95,26.63,89.2,0.85
2020-07-31 18:00:00,3.25,4.28,25.58,93.9,0.61
2020-07-31 19:00:00,0.0,0.0,25.17,94.67,0.61
2020-07-31 20:00:00,0.0,0.0,24.91,95.07,0.62
2020-07-31 21:00:00,0.0,0.0,24.65,95.53,0.65
2020-07-31 22:00:00,0.0,0.0,24.41,96.05,0.71
2020-07-31 23:00:00,0.0,0.0,24.19,96.57,0.74
2020-08-01 00:00:00,0.0,0.0,23.99,97.06,0.73
2020-08-01 01:00:00,0.0,0.0,23.79,97.44,0.73
2020-08-01 02:00:00,0.0,0.0,23.62,97.56,0.76
2020-08-01 03:00:00,0.0,0.0,23.42,97.79,0.85
2020-08-01 04:00:00,0.0,0.0,23.22,97.91,0.98
2020-08-01 05:00:00,0.0,0.0,23.05,98.02,1.15
2020-08-01 06:00:00,18.08,56.05,23.72,96.54,1.96
2020-08-01 07:00:00,84.32,238.77,24.93,93.32,2.66
2020-08-01 08:00:00,150.55,469.15,26.58,85.25,3.3
2020-08-01 09:00:00,285.48,675.78,28.15,74.61,3.48
2020-08-01 10:00:00,522.08,829.08,29.21,68.14,3.41
2020-08-01 11:00:00,526.88,915.38,29.97,64.67,3.27
2020-08-01 12:00:00,568.3,927.45,30.56,62.11,3.05
2020-08-01 13:00:00,508.77,865.1,30.84,60.51,2.82
2020-08-01 14:00:00,407.2,733.65,30.84,60.13,2.61
2020-08-01 15:00:00,341.48,544.53,30.51,60.76,2.41
2020-08-01 16:00:00,185.57,314.8,29.94,62.86,2.17
2020-08-01 17:00:00,74.9,106.6,28.64,70.92,1.46
2020-08-01 18:00:00,3.42,4.05,26.57,84.26,0.84
2020-08-01 19:00:00,0.0,0.0,25.76,85.72,0.91
2020-08-01 20:00:00,0.0,0.0,25.15,87.02,0.99
2020-08-01 21:00:00,0.0,0.0,24.62,88.19,1.1
2020-08-01 22:00:00,0.0,0.0,24.21,89.1,1.25
2020-08-01 23:00:00,0.0,0.0,23.86,90.17,1.44
2020-08-02 00:00:00,0.0,0.0,23.55,91.52,1.58
2020-08-02 01:00:00,0.0,0.0,23.27,93.11,1.7
2020-08-02 02:00:00,0.0,0.0,23.05,94.59,1.86
2020-08-02 03:00:00,0.0,0.0,22.96,95.44,1.99
2020-08-02 04:00:00,0.0,0.0,22.83,96.23,1.96
2020-08-02 05:00:00,0.0,0.0,22.79,96.34,2.13
2020-08-02 06:00:00,50.88,61.2,23.49,93.48,3.09
2020-08-02 07:00:00,167.7,257.95,24.81,87.22,3.81
2020-08-02 08:00:00,293.75,486.95,26.17,79.47,4.22
2020-08-02 09:00:00,407.05,690.47,27.69,72.52,4.23
2020-08-02 10:00:00,616.15,848.2,29.15,66.68,4.02
2020-08-02 11:00:00,595.6,933.2,30.24,62.63,3.77
2020-08-02 12:00:00,626.92,903.6,31.07,59.47,3.53
2020-08-02 13:00:00,571.15,838.97,31.56,57.11,3.35
2020-08-02 14:00:00,498.23,704.38,31.59,55.99,3.18
2020-08-02 15:00:00,378.62,504.2,31.42,55.77,2.93
2020-08-02 16:00:00,259.45,295.65,30.68,58.67,2.41
2020-08-02 17:00:00,88.45,95.62,29.16,69.24,1.5
2020-08-02 18:00:00,3.72,3.78,27.11,79.37,1.01
2020-08-02 19:00:00,0.0,0.0,26.49,80.17,1.17
2020-08-02 20:00:00,0.0,0.0,26.01,81.18,1.36
2020-08-02 21:00:00,0.0,0.0,25.63,81.88,1.69
2020-08-02 22:00:00,0.0,0.0,25.31,82.42,2.23
2020-08-02 23:00:00,0.0,0.0,24.95,83.72,2.65
2020-08-03 00:00:00,0.0,0.0,24.51,85.81,2.68
2020-08-03 01:00:00,0.0,0.0,24.14,87.64,2.73
2020-08-03 02:00:00,0.0,0.0,23.78,89.53,2.84
2020-08-03 03:00:00,0.0,0.0,23.44,91.37,2.84
2020-08-03 04:00:00,0.0,0.0,23.13,92.78,2.83
2020-08-03 05:00:00,0.0,0.0,22.87,93.58,2.69
2020-08-03 06:00:00,22.92,55.72,23.16,91.3,2.99
2020-08-03 07:00:00,112.9,239.57,24.09,84.48,3.92
2020-08-03 08:00:00,218.4,465.52,25.37,77.43,4.36
2020-08-03 09:00:00,433.33,669.97,27.04,70.55,4.41
2020-08-03 10:00:00,639.95,823.55,28.65,64.49,4.28
2020-08-03 11:00:00,703.17,907.92,29.7,60.5,4.09
2020-08-03 12:00:00,727.85,916.78,30.31,57.82,3.98
2020-08-03 13:00:00,715.75,847.08,30.59,56.17,3.93
2020-08-03 14:00:00,551.6,706.9,30.55,55.29,3.9
2020-08-03 15:00:00,364.6,499.5,30.18,55.53,3.8
2020-08-03 16:00:00,226.77,293.6,29.37,59.01,3.19
2020-08-03 17:00:00,80.05,95.8,27.85,68.86,1.97
2020-08-03 18:00:00,3.22,3.72,26.04,76.28,1.44
2020-08-03 19:00:00,0.0,0.0,25.38,78.47,1.45
2020-08-03 20:00:00,0.0,0.0,24.88,80.26,1.46
2020-08-03 21:00:00,0.0,0.0,24.48,81.74,1.54
2020-08-03 22:00:00,0.0,0.0,24.15,82.81,1.76
2020-08-03 23:00:00,0.0,0.0,23.84,83.9,2.1
2020-08-04 00:00:00,0.0,0.0,23.46,85.96,2.33
2020-08-04 01:00:00,0.0,0.0,23.07,88.31,2.35
2020-08-04 02:00:00,0.0,0.0,22.7,90.59,2.36
2020-08-04 03:00:00,0.0,0.0,22.45,91.68,2.45
2020-08-04 04:00:00,0.0,0.0,22.24,92.11,2.48
2020-08-04 05:00:00,0.0,0.0,21.95,93.19,2.37
2020-08-04 06:00:00,49.9,56.97,22.62,89.61,3.13
2020-08-04 07:00:00,214.68,245.57,24.46,79.28,4.11
2020-08-04 08:00:00,380.45,464.83,26.52,68.81,4.59
2020-08-04 09:00:00,605.55,671.25,28.35,61.82,4.43
2020-08-04 10:00:00,780.75,827.45,29.86,57.16,4.12
2020-08-04 11:00:00,897.72,915.65,31.06,53.3,3.9
2020-08-04 12:00:00,925.47,954.12,31.87,50.5,3.8
2020-08-04 13:00:00,809.05,890.75,32.31,48.75,3.73
2020-08-04 14:00:00,704.42,758.08,32.41,47.8,3.59
2020-08-04 15:00:00,556.9,568.47,32.07,47.64,3.37
2020-08-04 16:00:00,334.33,342.67,30.99,51.56,2.66
2020-08-04 17:00:00,117.22,120.03,29.09,65.1,1.5
2020-08-04 18:00:00,4.1,4.12,26.73,73.22,1.16
2020-08-04 19:00:00,0.0,0.0,25.82,74.39,1.38
2020-08-04 20:00:00,0.0,0.0,25.13,75.81,1.7
2020-08-04 21:00:00,0.0,0.0,24.54,77.46,2.21
2020-08-04 22:00:00,0.0,0.0,23.99,79.72,2.8
2020-08-04 23:00:00,0.0,0.0,23.42,82.7,3.08
2020-08-05 00:00:00,0.0,0.0,22.93,85.09,3.09
2020-08-05 01:00:00,0.0,0.0,22.51,87.2,2.96
2020-08-05 02:00:00,0.0,0.0,22.21,88.66,2.92
2020-08-05 03:00:00,0.0,0.0,21.94,90.07,2.78
2020-08-05 04:00:00,0.0,0.0,21.64,91.45,2.57
2020-08-05 05:00:00,0.0,0.0,21.3,92.96,2.47
2020-08-05 06:00:00,72.8,72.88,21.85,89.97,3.03
2020-08-05 07:00:00,276.45,276.6,23.8,79.61,3.35
2020-08-05 08:00:00,509.08,509.2,26.2,67.45,3.9
2020-08-05 09:00:00,714.45,714.5,28.39,59.09,3.89
2020-08-05 10:00:00,869.7,869.7,30.15,53.82,3.65
2020-08-05 11:00:00,949.6,953.15,31.37,50.26,3.45
2020-08-05 12:00:00,977.5,984.58,32.16,47.78,3.36
2020-08-05 13:00:00,909.83,920.35,32.56,46.02,3.34
2020-08-05 14:00:00,773.67,787.33,32.53,45.01,3.3
2020-08-05 15:00:00,598.35,599.08,32.18,44.55,3.18
2020-08-05 16:00:00,368.58,369.38,31.26,46.76,2.74
2020-08-05 17:00:00,135.27,135.62,29.18,60.17,1.64
2020-08-05 18:00:00,4.32,4.35,26.42,68.51,1.39
2020-08-05 19:00:00,0.0,0.0,25.54,68.11,1.88
2020-08-05 20:00:00,0.0,0.0,24.94,68.55,2.51
2020-08-05 21:00:00,0.0,0.0,24.19,71.17,3.04
2020-08-05 22:00:00,0.0,0.0,23.53,74.23,3.33
2020-08-05 23:00:00,0.0,0.0,23.03,77.16,3.4
2020-08-06 00:00:00,0.0,0.0,22.71,79.32,3.25
2020-08-06 01:00:00,0.0,0.0,22.43,81.33,3.02
2020-08-06 02:00:00,0.0,0.0,21.99,84.33,2.57
2020-08-06 03:00:00,0.0,0.0,21.58,87.12,2.26
2020-08-06 04:00:00,0.0,0.0,21.24,89.33,2.11
2020-08-06 05:00:00,0.0,0.0,21.03,90.77,2.13
2020-08-06 06:00:00,67.5,73.3,21.68,88.06,2.64
2020-08-06 07:00:00,263.12,289.8,24.1,75.12,3.67
2020-08-06 08:00:00,494.45,521.2,26.45,63.63,4.43
2020-08-06 09:00:00,614.85,723.35,28.3,56.57,4.42
2020-08-06 10:00:00,809.12,872.65,29.8,52.45,4.09
2020-08-06 11:00:00,940.55,955.58,30.81,50.2,3.73
2020-08-06 12:00:00,921.62,924.33,31.3,49.43,3.4
2020-08-06 13:00:00,815.45,859.47,31.7,48.74,3.13
2020-08-06 14:00:00,532.35,727.45,31.94,48.38,2.75
2020-08-06 15:00:00,326.58,546.4,31.61,49.39,2.32
2020-08-06 16:00:00,173.23,319.6,30.84,53.02,1.86
2020-08-06 17:00:00,72.95,108.88,29.52,63.05,1.29
2020-08-06 18:00:00,3.08,3.78,27.22,73.58,0.94
2020-08-06 19:00:00,0.0,0.0,26.54,73.44,1.25
2020-08-06 20:00:00,0.0,0.0,26.04,73.6,1.76
2020-08-06 21:00:00,0.0,0.0,25.52,75.47,2.5
2020-08-06 22:00:00,0.0,0.0,24.88,79.4,3.01
2020-08-06 23:00:00,0.0,0.0,24.31,82.73,3.18
2020-08-07 00:00:00,0.0,0.0,23.91,84.52,3.2
2020-08-07 01:00:00,0.0,0.0,23.62,85.75,3.13
2020-08-07 02:00:00,0.0,0.0,23.36,86.81,2.97
2020-08-07 03:00:00,0.0,0.0,23.07,88.3,2.59
2020-08-07 04:00:00,0.0,0.0,22.87,88.92,2.43
2020-08-07 05:00:00,0.0,0.0,22.62,89.63,2.46
2020-08-07 06:00:00,43.08,65.6,22.7,88.43,2.99
2020-08-07 07:00:00,180.95,278.88,23.41,81.98,3.96
2020-08-07 08:00:00,343.9,513.22,24.54,74.65,4.32
2020-08-07 09:00:00,409.9,716.83,25.9,68.88,4.31
2020-08-07 10:00:00,512.6,864.7,27.28,64.4,4.13
2020-08-07 11:00:00,477.02,947.08,28.23,61.58,3.89
2020-08-07 12:00:00,496.05,956.4,28.61,60.38,3.64
2020-08-07 13:00:00,574.9,891.5,28.76,59.93,3.47
2020-08-07 14:00:00,504.4,756.08,28.78,59.89,3.31
2020-08-07 15:00:00,287.8,569.1,28.54,60.79,3.03
2020-08-07 16:00:00,145.62,342.45,28.11,63.08,2.52
2020-08-07 17:00:00,53.62,116.53,27.21,71.11,1.48
2020-08-07 18:00:00,2.17,3.67,25.48,79.65,1.0
2020-08-07 19:00:00,0.0,0.0,24.8,81.09,1.14
2020-08-07 20:00:00,0.0,0.0,24.39,82.03,1.34
2020-08-07 21:00:00,0.0,0.0,24.09,83.1,1.5
2020-08-07 22:00:00,0.0,0.0,23.94,84.04,1.7
2020-08-07 23:00:00,0.0,0.0,23.73,85.3,1.94
2020-08-08 00:00:00,0.0,0.0,23.47,86.99,2.07
2020-08-08 01:00:00,0.0,0.0,23.18,88.93,2.12
2020-08-08 02:00:00,0.0,0.0,22.85,91.05,2.02
2020-08-08 03:00:00,0.0,0.0,22.52,93.2,1.97
2020-08-08 04:00:00,0.0,0.0,22.32,94.43,2.07
2020-08-08 05:00:00,0.0,0.0,22.14,95.34,2.17
2020-08-08 06:00:00,51.67,64.55,22.78,91.8,2.89
2020-08-08 07:00:00,181.12,269.2,24.26,83.08,3.95
2020-08-08 08:00:00,245.75,502.45,25.91,74.58,4.38
2020-08-08 09:00:00,319.1,707.7,27.32,68.47,4.35
2020-08-08 10:00:00,367.48,862.67,28.62,63.62,4.16
2020-08-08 11:00:00,416.7,945.03,29.86,59.37,4.02
2020-08-08 12:00:00,412.4,921.22,30.79,56.23,3.95
2020-08-08 13:00:00,346.23,854.7,31.26,54.31,3.87
2020-08-08 14:00:00,391.75,720.65,31.05,54.34,3.77
2020-08-08 15:00:00,263.62,529.65,30.3,56.49,3.79
2020-08-08 16:00:00,164.43,302.5,29.36,59.74,3.83
2020-08-08 17:00:00,64.12,98.88,27.93,65.69,3.33
2020-08-08 18:00:00,2.62,3.2,26.06,74.25,2.56
2020-08-08 19:00:00,0.0,0.0,25.19,78.58,2.46
2020-08-08 20:00:00,0.0,0.0,24.54,82.37,2.06
2020-08-08 21:00:00,0.0,0.0,24.01,85.44,1.78
2020-08-08 22:00:00,0.0,0.0,23.53,88.12,1.69
2020-08-08 23:00:00,0.0,0.0,23.12,90.61,1.71
2020-08-09 00:00:00,0.0,0.0,22.71,93.04,1.69
2020-08-09 01:00:00,0.0,0.0,22.33,95.34,1.64
2020-08-09 02:00:00,0.0,0.0,22.01,97.13,1.54
2020-08-09 03:00:00,0.0,0.0,21.81,97.86,1.51
2020-08-09 04:00:00,0.0,0.0,21.7,97.89,1.61
2020-08-09 05:00:00,0.0,0.0,21.63,97.58,1.84
2020-08-09 06:00:00,62.42,62.62,22.61,91.58,2.8
2020-08-09 07:00:00,253.4,258.95,24.56,78.83,3.8
2020-08-09 08:00:00,475.08,491.25,26.59,68.95,3.89
2020-08-09 09:00:00,622.55,697.03,28.47,62.05,3.56
2020-08-09 10:00:00,719.85,850.15,30.13,56.79,3.23
2020-08-09 11:00:00,833.17,935.72,31.45,52.89,3.03
2020-08-09 12:00:00,835.03,906.7,32.43,49.91,2.96
2020-08-09 13:00:00,715.83,840.72,33.03,47.88,2.91
2020-08-09 14:00:00,596.83,705.95,33.3,46.59,2.71
2020-08-09 15:00:00,430.12,516.42,33.11,46.45,2.34
2020-08-09 16:00:00,229.12,296.92,32.31,48.48,1.86
2020-08-09 17:00:00,79.7,96.65,30.85,57.25,1.14
2020-08-09 18:00:00,2.6,3.05,28.53,70.66,0.74
2020-08-09 19:00:00,0.0,0.0,27.53,72.01,0.84
2020-08-09 20:00:00,0.0,0.0,26.66,73.29,1.02
2020-08-09 21:00:00,0.0,0.0,26.05,74.12,1.32
2020-08-09 22:00:00,0.0,0.0,25.56,75.69,1.72
2020-08-09 23:00:00,0.0,0.0,25.06,78.49,2.23
2020-08-10 00:00:00,0.0,0.0,24.55,82.14,2.6
2020-08-10 01:00:00,0.0,0.0,24.11,85.33,2.72
2020-08-10 02:00:00,0.0,0.0,23.75,87.58,2.66
2020-08-10 03:00:00,0.0,0.0,23.47,89.07,2.58
2020-08-10 04:00:00,0.0,0.0,23.23,90.22,2.54
2020-08-10 05:00:00,0.0,0.0,23.0,91.1,2.59
2020-08-10 06:00:00,59.12,60.45,23.62,87.77,3.24
2020-08-10 07:00:00,249.2,261.27,25.85,76.48,3.98
2020-08-10 08:00:00,478.85,495.75,28.01,67.05,4.5
2020-08-10 09:00:00,611.85,701.78,29.52,61.42,4.47
2020-08-10 10:00:00,791.65,853.92,31.11,55.95,4.37
2020-08-10 11:00:00,903.12,937.92,32.33,52.11,4.16
2020-08-10 12:00:00,885.33,932.9,33.16,49.58,3.91
2020-08-10 13:00:00,766.08,865.42,33.38,48.66,3.52
2020-08-10 14:00:00,585.15,728.8,33.29,48.57,3.09
2020-08-10 15:00:00,354.45,535.75,32.52,50.48,2.56
2020-08-10 16:00:00,188.4,311.5,31.74,54.03,1.93
2020-08-10 17:00:00,63.38,101.45,30.27,63.88,1.17
2020-08-10 18:00:00,2.33,3.05,28.4,73.71,0.86
2020-08-10 19:00:00,0.0,0.0,27.59,74.62,1.19
2020-08-10 20:00:00,0.0,0.0,26.97,75.72,1.66
2020-08-10 21:00:00,0.0,0.0,26.45,77.67,2.02
2020-08-10 22:00:00,0.0,0.0,25.98,79.95,2.23
2020-08-10 23:00:00,0.0,0.0,25.59,81.63,2.55
2020-08-11 00:00:00,0.0,0.0,25.31,82.55,3.02
2020-08-11 01:00:00,0.0,0.0,24.97,84.31,3.03
2020-08-11 02:00:00,0.0,0.0,24.51,86.92,2.99
2020-08-11 03:00:00,0.0,0.0,24.05,88.87,3.12
2020-08-11 04:00:00,0.0,0.0,23.52,88.86,3.78
2020-08-11 05:00:00,0.0,0.0,22.92,88.85,4.07
2020-08-11 06:00:00,27.7,60.12,22.45,88.31,4.27
2020-08-11 07:00:00,105.3,255.75,22.53,84.92,4.57
2020-08-11 08:00:00,207.27,482.12,23.12,80.27,4.78
2020-08-11 09:00:00,341.85,682.8,24.05,75.23,4.91
2020-08-11 10:00:00,405.52,836.17,25.13,70.96,4.85
2020-08-11 11:00:00,485.83,921.45,26.34,67.15,4.71
2020-08-11 12:00:00,532.92,931.65,27.43,63.91,4.59
2020-08-11 13:00:00,411.1,864.62,28.23,61.49,4.44
2020-08-11 14:00:00,322.35,728.2,28.49,60.79,4.12
2020-08-11 15:00:00,258.12,535.72,28.29,61.82,3.7
2020-08-11 16:00:00,135.77,311.52,27.6,65.17,2.94
2020-08-11 17:00:00,51.97,100.62,26.49,73.26,1.48
2020-08-11 18:00:00,1.92,2.95,25.33,81.13,0.75
2020-08-11 19:00:00,0.0,0.0,24.94,83.09,0.7
2020-08-11 20:00:00,0.0,0.0,24.63,84.4,0.79
2020-08-11 21:00:00,0.0,0.0,24.33,85.45,0.98
2020-08-11 22:00:00,0.0,0.0,24.1,86.22,1.33
2020-08-11 23:00:00,0.0,0.0,23.89,87.33,1.85
2020-08-12 00:00:00,0.0,0.0,23.66,88.76,2.21
2020-08-12 01:00:00,0.0,0.0,23.47,90.0,2.34
2020-08-12 02:00:00,0.0,0.0,23.33,90.86,2.45
2020-08-12 03:00:00,0.0,0.0,23.24,91.43,2.52
2020-08-12 04:00:00,0.0,0.0,23.14,91.88,2.55
2020-08-12 05:00:00,0.0,0.0,23.0,92.21,2.64
2020-08-12 06:00:00,50.85,63.12,23.28,89.93,3.01
2020-08-12 07:00:00,189.0,267.7,24.47,80.5,3.6
2020-08-12 08:00:00,361.33,501.83,25.94,71.48,3.78
2020-08-12 09:00:00,547.97,706.88,27.51,65.31,3.53
2020-08-12 10:00:00,630.85,859.55,29.07,60.61,3.12
2020-08-12 11:00:00,726.08,943.78,30.51,56.37,2.7
2020-08-12 12:00:00,627.83,955.6,31.77,52.44,2.36
2020-08-12 13:00:00,578.65,891.42,32.86,49.11,2.04
2020-08-12 14:00:00,486.88,757.0,33.28,47.04,1.74
2020-08-12 15:00:00,378.35,562.22,33.08,46.44,1.56
2020-08-12 16:00:00,255.93,333.58,32.38,47.62,1.49
2020-08-12 17:00:00,100.75,120.25,30.81,56.02,1.12
2020-08-12 18:00:00,0.0,0.0,28.13,70.88,0.83
2020-08-12 19:00:00,0.0,0.0,27.08,72.2,1.05
2020-08-12 20:00:00,0.0,0.0,26.29,74.74,1.27
2020-08-12 21:00:00,0.0,0.0,25.65,78.06,1.46
2020-08-12 22:00:00,0.0,0.0,25.03,81.85,1.56
2020-08-12 23:00:00,0.0,0.0,24.45,85.27,1.48
2020-08-13 00:00:00,0.0,0.0,23.93,88.13,1.3
2020-08-13 01:00:00,0.0,0.0,23.43,90.67,1.0
2020-08-13 02:00:00,0.0,0.0,23.02,92.7,0.85
2020-08-13 03:00:00,0.0,0.0,22.6,94.92,0.77
2020-08-13 04:00:00,0.0,0.0,22.24,97.06,0.75
2020-08-13 05:00:00,0.0,0.0,21.92,98.88,0.75
2020-08-13 06:00:00,70.22,70.32,23.34,91.41,1.6
2020-08-13 07:00:00,286.77,287.02,26.14,75.9,2.03
2020-08-13 08:00:00,522.4,522.72,28.6,64.5,1.68
2020-08-13 09:00:00,728.12,728.42,30.46,57.54,1.12
2020-08-13 10:00:00,881.42,881.6,32.04,52.44,0.72
2020-08-13 11:00:00,968.12,968.12,33.38,48.4,0.34
2020-08-13 12:00:00,903.58,972.8,34.42,45.07,0.28
2020-08-13 13:00:00,893.35,904.9,35.03,42.74,0.63
2020-08-13 14:00:00,709.53,767.3,35.13,41.62,0.94
2020-08-13 15:00:00,485.7,572.25,34.79,41.85,1.19
2020-08-13 16:00:00,276.48,340.0,33.96,43.62,1.42
2020-08-13 17:00:00,99.4,118.78,32.45,50.45,1.22
2020-08-13 18:00:00,0.0,0.0,29.68,66.22,0.85
2020-08-13 19:00:00,0.0,0.0,28.66,68.1,0.99
2020-08-13 20:00:00,0.0,0.0,27.89,70.72,1.01
2020-08-13 21:00:00,0.0,0.0,27.3,73.55,0.86
2020-08-13 22:00:00,0.0,0.0,26.88,75.49,0.68
2020-08-13 23:00:00,0.0,0.0,26.88,74.71,0.5
2020-08-14 00:00:00,0.0,0.0,26.81,74.71,0.34
2020-08-14 01:00:00,0.0,0.0,26.13,78.96,0.51
2020-08-14 02:00:00,0.0,0.0,25.48,81.6,0.62
2020-08-14 03:00:00,0.0,0.0,25.12,82.38,0.79
2020-08-14 04:00:00,0.0,0.0,24.82,83.96,0.93
2020-08-14 05:00:00,0.0,0.0,24.58,85.8,0.94
2020-08-14 06:00:00,24.02,60.38,24.98,83.99,1.57
2020-08-14 07:00:00,67.4,261.3,26.35,76.8,1.81
2020-08-14 08:00:00,44.67,491.35,27.88,69.19,1.94
2020-08-14 09:00:00,174.52,694.12,28.82,65.08,1.83
2020-08-14 10:00:00,293.98,843.25,29.35,63.21,1.64
2020-08-14 11:00:00,489.8,921.22,30.05,61.26,1.56
2020-08-14 12:00:00,419.95,921.25,30.94,58.99,1.6
2020-08-14 13:00:00,102.72,843.35,31.16,58.51,1.58
2020-08-14 14:00:00,102.57,697.97,31.03,59.47,1.64
2020-08-14 15:00:00,56.88,499.12,30.6,61.64,1.77
2020-08-14 16:00:00,43.22,277.85,29.83,66.01,1.7
2020-08-14 17:00:00,18.08,91.05,28.56,75.25,1.19
2020-08-14 18:00:00,0.0,0.0,27.12,84.3,0.81
2020-08-14 19:00:00,0.0,0.0,26.46,86.74,0.91
2020-08-14 20:00:00,0.0,0.0,25.88,89.06,1.05
2020-08-14 21:00:00,0.0,0.0,25.34,91.41,1.26
2020-08-14 22:00:00,0.0,0.0,24.85,93.64,1.53
2020-08-14 23:00:00,0.0,0.0,24.48,95.13,1.78
2020-08-15 00:00:00,0.0,0.0,24.21,96.06,1.95
2020-08-15 01:00:00,0.0,0.0,24.03,96.59,1.81
2020-08-15 02:00:00,0.0,0.0,23.94,96.74,1.81
2020-08-15 03:00:00,0.0,0.0,23.88,96.65,2.1
2020-08-15 04:00:00,0.0,0.0,23.81,96.5,2.43
2020-08-15 05:00:00,0.0,0.0,23.61,96.12,3.01
2020-08-15 06:00:00,23.77,62.08,23.32,95.59,3.8
2020-08-15 07:00:00,84.65,268.35,23.22,93.12,4.71
2020-08-15 08:00:00,150.27,504.0,23.92,86.93,5.45
2020-08-15 09:00:00,183.7,709.85,25.72,76.6,6.24
2020-08-15 10:00:00,373.65,861.85,27.38,69.2,6.55
2020-08-15 11:00:00,525.03,944.28,28.5,65.17,6.43
2020-08-15 12:00:00,563.65,952.55,28.79,64.46,6.21
2020-08-15 13:00:00,483.98,883.33,28.38,66.7,5.94
2020-08-15 14:00:00,436.85,744.88,27.85,70.09,5.66
2020-08-15 15:00:00,305.65,551.62,27.56,72.88,5.2
2020-08-15 16:00:00,201.85,321.42,27.41,75.09,4.41
2020-08-15 17:00:00,84.68,110.1,26.67,80.59,2.92
2020-08-15 18:00:00,0.0,0.0,25.32,88.33,1.77
2020-08-15 19:00:00,0.0,0.0,24.84,90.96,1.53
2020-08-15 20:00:00,0.0,0.0,24.5,92.64,1.4
2020-08-15 21:00:00,0.0,0.0,24.26,93.73,1.45
2020-08-15 22:00:00,0.0,0.0,24.11,94.28,1.76
2020-08-15 23:00:00,0.0,0.0,23.94,94.85,2.12
2020-08-16 00:00:00,0.0,0.0,23.72,95.74,2.25
2020-08-16 01:00:00,0.0,0.0,23.42,96.58,2.17
2020-08-16 02:00:00,0.0,0.0,23.1,96.96,2.08
2020-08-16 03:00:00,0.0,0.0,22.72,97.4,1.95
2020-08-16 04:00:00,0.0,0.0,22.42,97.29,2.1
2020-08-16 05:00:00,0.0,0.0,22.09,96.85,2.3
2020-08-16 06:00:00,52.03,65.5,22.51,94.52,2.88
2020-08-16 07:00:00,206.43,277.02,23.89,85.71,4.08
2020-08-16 08:00:00,405.1,514.15,26.17,72.35,4.43
2020-08-16 09:00:00,605.67,719.55,28.23,63.36,4.37
2020-08-16 10:00:00,771.75,872.25,29.94,57.51,4.13
2020-08-16 11:00:00,872.03,954.15,31.32,53.21,3.76
2020-08-16 12:00:00,798.75,964.25,32.34,50.06,3.25
2020-08-16 13:00:00,507.0,895.85,32.93,48.23,2.71
2020-08-16 14:00:00,446.17,763.95,33.09,47.59,2.23
2020-08-16 15:00:00,290.25,569.4,32.77,48.11,1.88
2020-08-16 16:00:00,183.15,335.02,31.98,50.37,1.52
2020-08-16 17:00:00,79.7,115.55,30.8,57.24,0.94
2020-08-16 18:00:00,0.0,0.0,29.12,67.71,0.55
2020-08-16 19:00:00,0.0,0.0,28.92,63.72,0.46
2020-08-16 20:00:00,0.0,0.0,28.54,64.61,0.27
2020-08-16 21:00:00,0.0,0.0,27.81,68.37,0.16
2020-08-16 22:00:00,0.0,0.0,26.96,71.25,0.31
2020-08-16 23:00:00,0.0,0.0,26.01,75.88,0.54
2020-08-17 00:00:00,0.0,0.0,24.95,81.32,0.65
2020-08-17 01:00:00,0.0,0.0,24.15,84.92,0.69
2020-08-17 02:00:00,0.0,0.0,23.58,87.59,0.76
2020-08-17 03:00:00,0.0,0.0,23.12,90.51,0.81
2020-08-17 04:00:00,0.0,0.0,22.74,93.28,0.81
2020-08-17 05:00:00,0.0,0.0,22.42,95.63,0.8
2020-08-17 06:00:00,61.72,64.3,23.61,90.75,1.71
2020-08-17 07:00:00,258.88,267.67,26.02,79.41,2.37
2020-08-17 08:00:00,489.23,498.7,28.28,70.26,2.6
2020-08-17 09:00:00,702.7,705.0,30.1,63.3,2.27
2020-08-17 10:00:00,844.55,856.97,31.53,58.2,1.67
2020-08-17 11:00:00,930.45,939.92,32.61,54.9,1.08
2020-08-17 12:00:00,839.45,959.28,33.51,52.14,0.58
2020-08-17 13:00:00,754.9,893.75,33.96,50.54,0.31
2020-08-17 14:00:00,604.22,758.17,34.07,49.5,0.41
2020-08-17 15:00:00,486.8,562.58,33.8,49.38,0.64
2020-08-17 16:00:00,296.85,331.2,33.12,51.05,0.72
2020-08-17 17:00:00,108.07,112.82,32.09,56.46,0.59
2020-08-17 18:00:00,0.0,0.0,30.28,67.99,0.53
2020-08-17 19:00:00,0.0,0.0,29.23,72.66,0.56
2020-08-17 20:00:00,0.0,0.0,28.38,76.02,0.56
2020-08-17 21:00:00,0.0,0.0,27.57,78.7,0.56
2020-08-17 22:00:00,0.0,0.0,26.9,80.65,0.57
2020-08-17 23:00:00,0.0,0.0,26.25,83.32,0.62
2020-08-18 00:00:00,0.0,0.0,25.55,86.42,0.7
2020-08-18 01:00:00,0.0,0.0,24.99,88.81,0.83
2020-08-18 02:00:00,0.0,0.0,24.57,90.9,1.0
2020-08-18 03:00:00,0.0,0.0,24.23,92.88,1.21
2020-08-18 04:00:00,0.0,0.0,23.98,94.52,1.48
2020-08-18 05:00:00,0.0,0.0,23.79,95.67,1.71
2020-08-18 06:00:00,8.73,66.88,24.08,95.19,2.29
2020-08-18 07:00:00,22.25,282.23,24.91,92.86,2.58
2020-08-18 08:00:00,31.62,515.6,26.26,85.0,3.02
2020-08-18 09:00:00,41.2,720.25,27.78,75.88,3.13
2020-08-18 10:00:00,102.05,869.1,29.0,69.93,2.89
2020-08-18 11:00:00,288.98,952.47,29.77,67.04,2.55
2020-08-18 12:00:00,374.67,959.6,30.25,65.23,2.2
2020-08-18 13:00:00,426.73,891.17,30.54,64.0,1.85
2020-08-18 14:00:00,403.48,747.85,30.67,63.49,1.52
2020-08-18 15:00:00,347.2,552.22,30.46,64.26,1.32
2020-08-18 16:00:00,247.8,322.8,29.92,67.12,1.12
2020-08-18 17:00:00,97.07,108.9,29.12,73.12,0.79
2020-08-18 18:00:00,0.0,0.0,27.93,80.86,0.5
2020-08-18 19:00:00,0.0,0.0,27.78,77.69,0.48
2020-08-18 20:00:00,0.0,0.0,27.37,78.94,0.48
2020-08-18 21:00:00,0.0,0.0,26.78,81.94,0.55
2020-08-18 22:00:00,0.0,0.0,26.31,83.76,0.64
2020-08-18 23:00:00,0.0,0.0,25.73,86.81,0.68
2020-08-19 00:00:00,0.0,0.0,25.24,89.67,0.66
2020-08-19 01:00:00,0.0,0.0,24.83,91.35,0.67
2020-08-19 02:00:00,0.0,0.0,24.46,92.51,0.72
2020-08-19 03:00:00,0.0,0.0,24.14,93.21,0.84
2020-08-19 04:00:00,0.0,0.0,23.84,93.86,1.05
2020-08-19 05:00:00,0.0,0.0,23.56,94.62,1.3
2020-08-19 06:00:00,67.85,68.97,24.02,93.52,2.21
2020-08-19 07:00:00,275.33,285.48,25.54,88.3,2.82
2020-08-19 08:00:00,506.52,521.58,28.03,75.59,3.55
2020-08-19 09:00:00,563.2,726.38,29.74,67.38,3.61
2020-08-19 10:00:00,604.65,875.9,30.58,64.05,3.42
2020-08-19 11:00:00,650.55,958.88,31.23,61.62,3.11
2020-08-19 12:00:00,683.78,966.6,31.54,60.19,2.73
2020-08-19 13:00:00,575.83,900.92,31.37,60.5,2.31
2020-08-19 14:00:00,444.0,765.97,31.09,61.9,1.82
2020-08-19 15:00:00,378.1,567.97,30.75,63.32,1.28
2020-08-19 16:00:00,238.75,336.38,30.27,65.91,0.79
2020-08-19 17:00:00,87.62,114.03,29.69,70.26,0.59
2020-08-19 18:00:00,0.0,0.0,28.54,76.94,0.51
2020-08-19 19:00:00,0.0,0.0,27.82,79.32,0.59
2020-08-19 20:00:00,0.0,0.0,27.11,83.56,0.59
2020-08-19 21:00:00,0.0,0.0,26.6,86.17,0.66
2020-08-19 22:00:00,0.0,0.0,26.12,87.44,0.82
2020-08-19 23:00:00,0.0,0.0,25.65,88.77,1.04
2020-08-20 00:00:00,0.0,0.0,25.25,90.32,1.37
2020-08-20 01:00:00,0.0,0.0,24.91,91.94,1.76
2020-08-20 02:00:00,0.0,0.0,24.67,93.31,2.11
2020-08-20 03:00:00,0.0,0.0,24.44,94.9,1.81
2020-08-20 04:00:00,0.0,0.0,24.31,96.17,1.13
2020-08-20 05:00:00,0.0,0.0,24.28,96.55,1.18
2020-08-20 06:00:00,65.88,73.85,24.55,95.49,1.89
2020-08-20 07:00:00,269.02,298.25,25.04,93.52,2.45
2020-08-20 08:00:00,506.33,535.58,25.52,89.18,3.07
2020-08-20 09:00:00,689.88,738.53,26.09,84.06,3.37
2020-08-20 10:00:00,834.85,886.65,26.79,79.58,3.36
2020-08-20 11:00:00,903.45,967.35,27.71,75.68,3.21
2020-08-20 12:00:00,856.97,973.83,28.36,73.31,2.94
2020-08-20 13:00:00,728.28,906.38,28.27,74.48,2.77
2020-08-20 14:00:00,626.53,764.58,28.04,76.68,2.72
2020-08-20 15:00:00,472.17,568.6,27.85,78.87,2.43
2020-08-20 16:00:00,263.83,336.1,27.53,81.82,1.86
2020-08-20 17:00:00,91.07,111.82,26.78,88.8,1.0
2020-08-20 18:00:00,0.0,0.0,25.81,93.85,0.71
2020-08-20 19:00:00,0.0,0.0,25.51,94.5,0.79
2020-08-20 20:00:00,0.0,0.0,25.29,95.14,0.82
2020-08-20 21:00:00,0.0,0.0,25.15,95.54,0.82
2020-08-20 22:00:00,0.0,0.0,25.03,95.79,0.86
2020-08-20 23:00:00,0.0,0.0,24.87,96.02,0.91
2020-08-21 00:00:00,0.0,0.0,24.67,96.51,0.95
2020-08-21 01:00:00,0.0,0.0,24.45,96.98,1.01
2020-08-21 02:00:00,0.0,0.0,24.24,97.51,1.04
2020-08-21 03:00:00,0.0,0.0,24.03,97.97,1.0
2020-08-21 04:00:00,0.0,0.0,23.84,98.22,0.89
2020-08-21 05:00:00,0.0,0.0,23.66,98.37,0.78
2020-08-21 06:00:00,49.1,62.17,24.27,96.67,1.04
2020-08-21 07:00:00,195.82,267.58,25.34,92.44,1.57
2020-08-21 08:00:00,365.08,499.45,26.86,85.25,1.64
2020-08-21 09:00:00,583.88,705.5,28.51,76.06,1.35
2020-08-21 10:00:00,633.45,858.6,29.49,70.91,1.04
2020-08-21 11:00:00,709.53,945.42,30.06,68.19,0.58
2020-08-21 12:00:00,735.15,952.88,30.48,65.94,0.11
2020-08-21 13:00:00,613.65,882.3,30.68,64.68,0.65
2020-08-21 14:00:00,542.0,740.45,30.57,64.57,1.12
2020-08-21 15:00:00,304.4,540.9,30.18,65.92,1.39
2020-08-21 16:00:00,152.7,310.73,29.42,71.19,1.32
2020-08-21 17:00:00,54.8,97.25,28.04,79.25,1.16
2020-08-21 18:00:00,0.0,0.0,26.43,88.91,1.01
2020-08-21 19:00:00,0.0,0.0,25.71,90.96,1.32
2020-08-21 20:00:00,0.0,0.0,25.11,93.17,1.47
2020-08-21 21:00:00,0.0,0.0,24.65,94.81,1.41
2020-08-21 22:00:00,0.0,0.0,24.31,95.8,1.32
2020-08-21 23:00:00,0.0,0.0,24.02,96.4,1.31
2020-08-22 00:00:00,0.0,0.0,23.75,96.91,1.34
2020-08-22 01:00:00,0.0,0.0,23.52,97.24,1.27
2020-08-22 02:00:00,0.0,0.0,23.34,97.44,1.09
2020-08-22 03:00:00,0.0,0.0,23.25,97.25,0.93
2020-08-22 04:00:00,0.0,0.0,23.14,97.27,0.84
2020-08-22 05:00:00,0.0,0.0,22.95,97.84,0.81
2020-08-22 06:00:00,36.67,64.57,23.47,96.38,1.3
2020-08-22 07:00:00,148.18,278.27,24.6,93.2,1.46
2020-08-22 08:00:00,284.38,516.03,26.25,86.72,1.28
2020-08-22 09:00:00,414.55,723.28,27.7,78.59,1.35
2020-08-22 10:00:00,666.55,870.22,28.9,72.1,1.35
2020-08-22 11:00:00,817.95,957.42,29.74,67.84,1.1
2020-08-22 12:00:00,870.55,965.03,30.26,65.39,0.96
2020-08-22 13:00:00,666.53,895.47,30.65,63.39,1.16
2020-08-22 14:00:00,607.88,755.25,30.72,62.18,1.55
2020-08-22 15:00:00,478.2,558.0,30.33,62.81,1.75
2020-08-22 16:00:00,287.0,325.3,29.75,64.73,1.74
2020-08-22 17:00:00,99.62,104.32,28.65,71.98,1.26
2020-08-22 18:00:00,0.0,0.0,26.82,84.12,0.76
2020-08-22 19:00:00,0.0,0.0,26.22,85.02,0.81
2020-08-22 20:00:00,0.0,0.0,25.78,86.02,0.89
2020-08-22 21:00:00,0.0,0.0,25.37,87.24,1.05
2020-08-22 22:00:00,0.0,0.0,24.99,88.57,1.36
2020-08-22 23:00:00,0.0,0.0,24.67,90.17,1.92
2020-08-23 00:00:00,0.0,0.0,24.26,92.64,2.48
2020-08-23 01:00:00,0.0,0.0,23.81,94.94,2.76
2020-08-23 02:00:00,0.0,0.0,23.48,95.91,2.69
2020-08-23 03:00:00,0.0,0.0,23.18,96.45,2.49
2020-08-23 04:00:00,0.0,0.0,22.91,96.94,2.23
2020-08-23 05:00:00,0.0,0.0,22.75,96.97,2.15
2020-08-23 06:00:00,44.88,68.53,23.11,95.87,2.59
2020-08-23 07:00:00,170.8,285.67,24.22,91.41,3.67
2020-08-23 08:00:00,331.08,523.33,26.06,80.94,4.39
2020-08-23 09:00:00,470.3,729.55,28.1,70.58,4.24
2020-08-23 10:00:00,685.4,881.2,29.35,65.24,3.92
2020-08-23 11:00:00,832.45,964.12,30.22,61.91,3.75
2020-08-23 12:00:00,813.85,952.55,30.69,59.81,3.63
2020-08-23 13:00:00,722.97,881.1,30.74,58.88,3.43
2020-08-23 14:00:00,602.67,743.97,30.62,58.6,3.17
2020-08-23 15:00:00,416.65,547.45,30.49,58.7,2.98
2020-08-23 16:00:00,238.93,316.23,29.99,60.99,2.64
2020-08-23 17:00:00,86.0,99.43,28.57,71.37,1.58
2020-08-23 18:00:00,0.0,0.0,26.28,80.96,1.11
2020-08-23 19:00:00,0.0,0.0,25.59,82.44,1.23
2020-08-23 20:00:00,0.0,0.0,25.21,83.31,1.4
2020-08-23 21:00:00,0.0,0.0,24.95,83.9,1.62
2020-08-23 22:00:00,0.0,0.0,24.68,84.81,1.82
2020-08-23 23:00:00,0.0,0.0,24.27,86.88,1.81
2020-08-24 00:00:00,0.0,0.0,23.91,88.88,1.75
2020-08-24 01:00:00,0.0,0.0,23.59,90.84,1.62
2020-08-24 02:00:00,0.0,0.0,23.29,92.65,1.43
2020-08-24 03:00:00,0.0,0.0,23.08,94.01,1.38
2020-08-24 04:00:00,0.0,0.0,22.95,94.85,1.43
2020-08-24 05:00:00,0.0,0.0,22.87,95.3,1.55
2020-08-24 06:00:00,54.62,62.38,23.26,93.23,2.22
2020-08-24 07:00:00,210.95,265.2,24.14,88.72,3.04
2020-08-24 08:00:00,368.02,489.85,25.22,82.57,3.7
2020-08-24 09:00:00,572.5,698.97,26.3,77.31,3.65
2020-08-24 10:00:00,662.12,860.25,27.18,73.39,3.35
2020-08-24 11:00:00,606.03,941.62,28.0,69.79,3.08
2020-08-24 12:00:00,654.97,945.22,28.47,67.43,2.67
2020-08-24 13:00:00,637.5,875.6,28.46,66.66,2.15
2020-08-24 14:00:00,483.08,735.9,28.15,67.18,1.69
2020-08-24 15:00:00,321.6,538.22,27.75,68.58,1.27
2020-08-24 16:00:00,176.68,307.3,27.32,70.72,0.87
2020-08-24 17:00:00,53.05,93.35,26.76,75.36,0.5
2020-08-24 18:00:00,0.0,0.0,25.84,80.86,0.34
2020-08-24 19:00:00,0.0,0.0,25.42,81.68,0.39
2020-08-24 20:00:00,0.0,0.0,25.0,83.58,0.48
2020-08-24 21:00:00,0.0,0.0,24.41,86.97,0.54
2020-08-24 22:00:00,0.0,0.0,23.93,88.81,0.63
2020-08-24 23:00:00,0.0,0.0,23.59,89.52,0.75
2020-08-25 00:00:00,0.0,0.0,23.34,90.18,0.86
2020-08-25 01:00:00,0.0,0.0,23.19,90.72,1.03
2020-08-25 02:00:00,0.0,0.0,23.01,91.86,1.2
2020-08-25 03:00:00,0.0,0.0,22.82,93.14,1.32
2020-08-25 04:00:00,0.0,0.0,22.63,94.6,1.37
2020-08-25 05:00:00,0.0,0.0,22.49,95.56,1.46
2020-08-25 06:00:00,37.5,64.9,22.72,95.19,1.96
2020-08-25 07:00:00,152.27,280.1,23.44,93.3,2.38
2020-08-25 08:00:00,284.1,519.12,24.66,87.7,2.98
2020-08-25 09:00:00,479.1,725.85,26.14,80.09,3.32
2020-08-25 10:00:00,603.83,876.03,27.61,72.17,3.32
2020-08-25 11:00:00,617.72,955.55,28.65,66.29,3.17
2020-08-25 12:00:00,670.22,959.67,29.43,61.78,3.02
2020-08-25 13:00:00,616.15,882.22,30.0,58.45,2.88
2020-08-25 14:00:00,517.33,742.58,30.34,56.36,2.72
2020-08-25 15:00:00,397.12,545.95,30.25,55.77,2.51
2020-08-25 16:00:00,221.23,314.02,29.59,59.34,1.95
2020-08-25 17:00:00,72.12,96.28,28.14,71.16,1.11
2020-08-25 18:00:00,0.0,0.0,26.26,80.27,0.72
2020-08-25 19:00:00,0.0,0.0,25.71,81.48,0.71
2020-08-25 20:00:00,0.0,0.0,25.24,82.83,0.71
2020-08-25 21:00:00,0.0,0.0,24.84,84.46,0.79
2020-08-25 22:00:00,0.0,0.0,24.4,86.38,0.87
2020-08-25 23:00:00,0.0,0.0,23.96,88.26,0.93
2020-08-26 00:00:00,0.0,0.0,23.54,90.26,0.93
2020-08-26 01:00:00,0.0,0.0,23.19,92.08,0.91
2020-08-26 02:00:00,0.0,0.0,22.89,93.72,0.89
2020-08-26 03:00:00,0.0,0.0,22.59,95.2,0.86
2020-08-26 04:00:00,0.0,0.0,22.39,96.39,0.85
2020-08-26 05:00:00,0.0,0.0,22.23,97.43,0.88
2020-08-26 06:00:00,57.5,68.07,23.11,95.14,1.69
2020-08-26 07:00:00,217.62,280.4,24.84,88.11,2.25
2020-08-26 08:00:00,429.15,516.03,27.04,76.34,2.61
2020-08-26 09:00:00,578.6,723.22,28.79,67.68,2.63
2020-08-26 10:00:00,613.5,879.03,30.05,62.59,2.49
2020-08-26 11:00:00,632.15,960.1,30.97,59.14,2.34
2020-08-26 12:00:00,677.0,929.05,31.61,56.7,2.22
2020-08-26 13:00:00,672.78,860.75,31.93,55.2,2.15
2020-08-26 14:00:00,547.15,712.15,31.95,54.45,2.05
2020-08-26 15:00:00,415.6,516.12,31.6,54.92,1.88
2020-08-26 16:00:00,236.8,290.9,30.94,57.27,1.53
2020-08-26 17:00:00,75.0,86.68,29.84,64.47,0.95
2020-08-26 18:00:00,0.0,0.0,28.55,72.59,0.57
2020-08-26 19:00:00,0.0,0.0,28.07,72.63,0.53
2020-08-26 20:00:00,0.0,0.0,27.54,74.37,0.57
2020-08-26 21:00:00,0.0,0.0,26.95,76.67,0.59
2020-08-26 22:00:00,0.0,0.0,26.54,78.1,0.52
2020-08-26 23:00:00,0.0,0.0,26.37,77.58,0.38
2020-08-27 00:00:00,0.0,0.0,26.13,78.51,0.14
2020-08-27 01:00:00,0.0,0.0,25.66,82.44,0.15
2020-08-27 02:00:00,0.0,0.0,24.93,86.28,0.42
2020-08-27 03:00:00,0.0,0.0,24.31,89.13,0.54
2020-08-27 04:00:00,0.0,0.0,23.81,92.3,0.6
2020-08-27 05:00:00,0.0,0.0,23.38,94.42,0.67
2020-08-27 06:00:00,16.3,69.45,24.03,92.99,1.25
2020-08-27 07:00:00,58.38,288.33,25.41,86.84,1.99
2020-08-27 08:00:00,82.68,527.15,27.0,78.95,2.26
2020-08-27 09:00:00,168.93,731.92,28.49,72.13,2.27
2020-08-27 10:00:00,149.15,882.22,29.13,69.09,2.1
2020-08-27 11:00:00,200.68,963.9,29.8,66.2,1.96
2020-08-27 12:00:00,429.62,935.6,29.59,66.81,1.86
2020-08-27 13:00:00,360.1,862.03,29.29,68.85,1.78
2020-08-27 14:00:00,381.55,718.9,28.98,71.04,1.7
2020-08-27 15:00:00,253.48,519.8,28.47,74.49,1.62
2020-08-27 16:00:00,152.62,290.45,27.95,78.93,1.48
2020-08-27 17:00:00,47.15,82.62,26.96,84.76,1.18
2020-08-27 18:00:00,0.0,0.0,25.76,92.52,0.85
2020-08-27 19:00:00,0.0,0.0,25.28,93.53,1.01
2020-08-27 20:00:00,0.0,0.0,24.96,94.24,1.16
2020-08-27 21:00:00,0.0,0.0,24.73,94.93,1.26
2020-08-27 22:00:00,0.0,0.0,24.5,95.69,1.37
2020-08-27 23:00:00,0.0,0.0,24.29,96.27,1.49
2020-08-28 00:00:00,0.0,0.0,24.09,96.76,1.63
2020-08-28 01:00:00,0.0,0.0,23.98,96.61,1.93
2020-08-28 02:00:00,0.0,0.0,23.93,96.74,1.86
2020-08-28 03:00:00,0.0,0.0,23.89,97.16,1.48
2020-08-28 04:00:00,0.0,0.0,23.83,97.13,1.53
2020-08-28 05:00:00,0.0,0.0,23.69,96.98,1.94
2020-08-28 06:00:00,33.78,65.22,23.69,96.53,2.94
2020-08-28 07:00:00,151.9,275.83,23.88,95.23,4.18
2020-08-28 08:00:00,302.27,515.4,24.08,93.53,4.96
2020-08-28 09:00:00,411.67,717.58,24.42,90.86,4.84
2020-08-28 10:00:00,605.88,871.9,25.02,87.3,4.73
2020-08-28 11:00:00,665.78,955.62,25.47,84.8,4.53
2020-08-28 12:00:00,595.7,964.17,25.8,83.33,4.32
2020-08-28 13:00:00,561.45,891.97,26.12,82.16,4.22
2020-08-28 14:00:00,388.65,749.6,26.54,80.1,4.17
2020-08-28 15:00:00,279.27,550.42,26.78,78.61,3.92
2020-08-28 16:00:00,155.82,317.27,26.58,80.14,3.17
2020-08-28 17:00:00,52.9,92.93,25.73,86.55,1.85
2020-08-28 18:00:00,0.0,0.0,24.52,92.05,1.28
2020-08-28 19:00:00,0.0,0.0,24.18,92.8,1.31
2020-08-28 20:00:00,0.0,0.0,23.87,93.5,1.3
2020-08-28 21:00:00,0.0,0.0,23.53,94.19,1.26
2020-08-28 22:00:00,0.0,0.0,23.25,94.77,1.28
2020-08-28 23:00:00,0.0,0.0,23.09,95.16,1.41
2020-08-29 00:00:00,0.0,0.0,23.01,95.45,1.6
2020-08-29 01:00:00,0.0,0.0,22.91,95.92,1.82
2020-08-29 02:00:00,0.0,0.0,22.76,96.7,2.03
2020-08-29 03:00:00,0.0,0.0,22.63,97.06,2.1
2020-08-29 04:00:00,0.0,0.0,22.52,97.21,2.26
2020-08-29 05:00:00,0.0,0.0,22.43,97.1,2.5
2020-08-29 06:00:00,55.88,65.9,22.72,95.68,3.37
2020-08-29 07:00:00,203.0,272.27,23.56,91.94,4.14
2020-08-29 08:00:00,387.58,508.4,25.09,83.42,4.59
2020-08-29 09:00:00,512.6,716.33,26.86,74.76,4.66
2020-08-29 10:00:00,595.08,873.58,28.24,69.02,4.49
2020-08-29 11:00:00,568.65,956.4,29.14,65.39,4.27
2020-08-29 12:00:00,612.55,961.9,29.71,63.32,4.12
2020-08-29 13:00:00,549.7,885.0,30.06,61.89,3.98
2020-08-29 14:00:00,471.85,745.92,30.17,61.21,3.81
2020-08-29 15:00:00,338.23,547.83,29.91,61.93,3.49
2020-08-29 16:00:00,184.9,313.17,29.21,65.21,2.89
2020-08-29 17:00:00,58.38,89.97,27.83,76.31,1.51
2020-08-29 18:00:00,0.0,0.0,25.97,85.64,0.9
2020-08-29 19:00:00,0.0,0.0,25.45,87.13,0.86
2020-08-29 20:00:00,0.0,0.0,25.05,88.31,0.81
2020-08-29 21:00:00,0.0,0.0,24.74,89.42,0.79
2020-08-29 22:00:00,0.0,0.0,24.52,90.32,0.79
2020-08-29 23:00:00,0.0,0.0,24.27,91.1,0.86
2020-08-30 00:00:00,0.0,0.0,24.01,91.64,0.99
2020-08-30 01:00:00,0.0,0.0,23.78,92.23,1.15
2020-08-30 02:00:00,0.0,0.0,23.57,92.83,1.39
2020-08-30 03:00:00,0.0,0.0,23.43,93.45,1.74
2020-08-30 04:00:00,0.0,0.0,23.29,94.33,2.11
2020-08-30 05:00:00,0.0,0.0,23.13,95.4,2.36
2020-08-30 06:00:00,46.6,70.7,23.54,93.55,2.94
2020-08-30 07:00:00,171.05,289.62,24.73,87.22,3.67
2020-08-30 08:00:00,317.85,530.33,26.02,79.43,4.17
2020-08-30 09:00:00,430.73,740.2,27.29,73.49,4.25
2020-08-30 10:00:00,596.5,884.97,28.5,68.58,4.08
2020-08-30 11:00:00,656.97,967.47,29.45,64.98,3.78
2020-08-30 12:00:00,600.62,947.78,29.81,63.29,3.41
2020-08-30 13:00:00,445.77,872.03,29.74,63.12,2.98
2020-08-30 14:00:00,415.0,726.88,29.41,64.22,2.52
2020-08-30 15:00:00,315.08,519.22,29.03,67.08,1.86
2020-08-30 16:00:00,163.68,288.52,28.82,70.24,1.34
2020-08-30 17:00:00,56.38,80.45,28.02,75.98,0.9
2020-08-30 18:00:00,0.0,0.0,26.53,84.48,0.67
2020-08-30 19:00:00,0.0,0.0,25.91,86.03,0.76
2020-08-30 20:00:00,0.0,0.0,25.5,87.33,0.85
2020-08-30 21:00:00,0.0,0.0,25.13,88.84,0.99
2020-08-30 22:00:00,0.0,0.0,24.75,90.49,1.16
2020-08-30 23:00:00,0.0,0.0,24.42,92.26,1.32
2020-08-31 00:00:00,0.0,0.0,24.13,94.04,1.42
2020-08-31 01:00:00,0.0,0.0,23.93,95.24,1.54
2020-08-31 02:00:00,0.0,0.0,23.76,96.23,1.69
2020-08-31 03:00:00,0.0,0.0,23.66,96.75,1.68
2020-08-31 04:00:00,0.0,0.0,23.57,96.98,1.61
2020-08-31 05:00:00,0.0,0.0,23.48,97.05,1.64
2020-08-31 06:00:00,41.83,65.95,23.67,96.47,1.96
2020-08-31 07:00:00,144.57,270.15,24.12,94.53,2.51
2020-08-31 08:00:00,277.7,507.45,24.42,90.63,3.2
2020-08-31 09:00:00,418.73,714.58,24.94,85.5,3.53
2020-08-31 10:00:00,572.85,866.85,25.59,80.82,3.5
2020-08-31 11:00:00,632.97,948.5,25.98,78.55,3.21
2020-08-31 12:00:00,719.75,951.05,26.25,77.66,2.92
2020-08-31 13:00:00,683.38,874.47,26.45,77.32,2.57
2020-08-31 14:00:00,608.17,726.22,26.55,77.45,2.19
2020-08-31 15:00:00,410.67,521.58,26.48,78.66,1.79
2020-08-31 16:00:00,220.48,288.0,26.28,81.63,1.24
2020-08-31 17:00:00,68.3,79.88,25.69,86.83,0.71
2020-08-31 18:00:00,0.0,0.0,25.23,87.01,0.43
2020-08-31 19:00:00,0.0,0.0,25.08,86.82,0.25
2020-08-31 20:00:00,0.0,0.0,24.83,87.73,0.08
2020-08-31 21:00:00,0.0,0.0,24.66,87.92,0.06
2020-08-31 22:00:00,0.0,0.0,24.44,88.22,0.14
2020-08-31 23:00:00,0.0,0.0,24.11,90.25,0.16
2020-09-01 00:00:00,0.0,0.0,23.79,92.58,0.16
2020-09-01 01:00:00,0.0,0.0,23.5,92.8,0.1
2020-09-01 02:00:00,0.0,0.0,23.23,94.03,0.07
2020-09-01 03:00:00,0.0,0.0,23.08,94.82,0.14
2020-09-01 04:00:00,0.0,0.0,23.0,95.24,0.23
2020-09-01 05:00:00,0.0,0.0,22.82,95.98,0.32
2020-09-01 06:00:00,16.55,74.72,23.21,95.91,0.47
2020-09-01 07:00:00,69.6,302.0,24.33,90.87,1.02
2020-09-01 08:00:00,137.27,540.72,25.7,85.27,1.44
2020-09-01 09:00:00,179.9,746.08,27.35,77.74,1.88
2020-09-01 10:00:00,319.55,894.38,28.87,70.57,2.25
2020-09-01 11:00:00,419.7,972.55,29.86,66.3,2.5
2020-09-01 12:00:00,593.7,975.62,30.49,63.46,2.72
2020-09-01 13:00:00,556.15,901.4,30.73,61.91,2.84
2020-09-01 14:00:00,453.8,756.28,30.5,62.17,2.81
2020-09-01 15:00:00,298.67,556.03,30.09,63.42,2.7
2020-09-01 16:00:00,161.85,319.33,29.29,66.9,2.33
2020-09-01 17:00:00,49.08,89.1,27.98,76.82,1.41
2020-09-01 18:00:00,0.0,0.0,26.25,85.89,0.89
2020-09-01 19:00:00,0.0,0.0,25.7,87.5,0.9
2020-09-01 20:00:00,0.0,0.0,25.26,88.94,0.93
2020-09-01 21:00:00,0.0,0.0,24.81,90.56,0.98
2020-09-01 22:00:00,0.0,0.0,24.43,92.19,1.1
2020-09-01 23:00:00,0.0,0.0,24.14,93.57,1.33
2020-09-02 00:00:00,0.0,0.0,23.92,94.91,1.61
2020-09-02 01:00:00,0.0,0.0,23.74,95.93,1.7
2020-09-02 02:00:00,0.0,0.0,23.59,96.4,1.79
2020-09-02 03:00:00,0.0,0.0,23.51,96.55,1.92
2020-09-02 04:00:00,0.0,0.0,23.38,96.75,1.91
2020-09-02 05:00:00,0.0,0.0,23.26,96.78,1.91
2020-09-02 06:00:00,34.25,73.88,23.28,96.1,2.12
2020-09-02 07:00:00,114.65,299.33,23.56,94.6,2.37
2020-09-02 08:00:00,233.4,540.72,24.0,91.48,2.52
2020-09-02 09:00:00,294.35,747.65,24.58,87.6,2.8
2020-09-02 10:00:00,422.15,897.05,25.21,84.36,2.99
2020-09-02 11:00:00,578.5,975.53,25.64,82.53,3.08
2020-09-02 12:00:00,650.03,978.72,25.84,81.97,3.08
2020-09-02 13:00:00,673.62,902.67,25.84,82.48,2.95
2020-09-02 14:00:00,569.62,759.33,25.76,83.5,2.74
2020-09-02 15:00:00,389.0,558.25,25.64,85.01,2.44
2020-09-02 16:00:00,228.95,322.9,25.4,87.66,1.94
2020-09-02 17:00:00,67.97,89.93,24.75,93.14,1.1
2020-09-02 18:00:00,0.0,0.0,23.89,95.8,0.75
2020-09-02 19:00:00,0.0,0.0,23.71,95.93,0.73
2020-09-02 20:00:00,0.0,0.0,23.56,96.05,0.72
2020-09-02 21:00:00,0.0,0.0,23.43,96.14,0.71
2020-09-02 22:00:00,0.0,0.0,23.3,96.22,0.68
2020-09-02 23:00:00,0.0,0.0,23.15,96.41,0.68
2020-09-03 00:00:00,0.0,0.0,22.97,96.8,0.71
2020-09-03 01:00:00,0.0,0.0,22.79,97.09,0.73
2020-09-03 02:00:00,0.0,0.0,22.64,97.37,0.74
2020-09-03 03:00:00,0.0,0.0,22.45,97.8,0.77
2020-09-03 04:00:00,0.0,0.0,22.23,98.15,0.84
2020-09-03 05:00:00,0.0,0.0,22.08,98.43,0.94
2020-09-03 06:00:00,60.97,79.55,22.92,96.64,1.71
2020-09-03 07:00:00,234.15,309.5,24.17,93.58,2.16
2020-09-03 08:00:00,431.17,547.8,25.69,87.19,2.32
2020-09-03 09:00:00,523.62,753.5,26.71,81.45,2.39
2020-09-03 10:00:00,572.58,899.78,27.46,77.22,2.41
2020-09-03 11:00:00,655.65,977.03,27.92,74.76,2.42
2020-09-03 12:00:00,688.7,966.97,28.18,73.83,2.45
2020-09-03 13:00:00,555.53,891.42,28.45,72.96,2.53
2020-09-03 14:00:00,438.8,746.28,28.81,71.71,2.59
2020-09-03 15:00:00,315.23,544.53,28.87,71.29,2.55
2020-09-03 16:00:00,175.52,307.67,28.42,73.68,2.18
2020-09-03 17:00:00,59.92,83.55,27.3,82.03,1.29
2020-09-03 18:00:00,0.0,0.0,25.52,90.55,0.76
2020-09-03 19:00:00,0.0,0.0,25.13,90.97,0.75
2020-09-03 20:00:00,0.0,0.0,24.88,91.11,0.74
2020-09-03 21:00:00,0.0,0.0,24.61,91.33,0.73
2020-09-03 22:00:00,0.0,0.0,24.34,91.98,0.71
2020-09-03 23:00:00,0.0,0.0,24.05,92.9,0.69
2020-09-04 00:00:00,0.0,0.0,23.81,93.9,0.68
2020-09-04 01:00:00,0.0,0.0,23.61,94.85,0.7
2020-09-04 02:00:00,0.0,0.0,23.42,95.54,0.81
2020-09-04 03:00:00,0.0,0.0,23.26,96.03,0.97
2020-09-04 04:00:00,0.0,0.0,23.12,96.55,1.2
2020-09-04 05:00:00,0.0,0.0,23.08,96.66,1.47
2020-09-04 06:00:00,26.62,77.1,23.56,95.47,2.29
2020-09-04 07:00:00,111.03,305.42,24.64,92.16,3.03
2020-09-04 08:00:00,194.25,544.62,25.94,85.49,3.55
2020-09-04 09:00:00,446.48,745.92,27.33,77.78,3.74
2020-09-04 10:00:00,565.92,895.0,28.72,71.63,3.71
2020-09-04 11:00:00,634.75,968.45,29.63,67.76,3.53
2020-09-04 12:00:00,708.15,935.58,30.15,65.7,3.25
2020-09-04 13:00:00,700.58,852.8,30.29,65.01,2.93
2020-09-04 14:00:00,614.0,705.33,30.33,64.72,2.61
2020-09-04 15:00:00,439.25,506.65,30.23,64.85,2.26
2020-09-04 16:00:00,238.5,278.73,29.72,67.91,1.66
2020-09-04 17:00:00,65.97,73.43,28.7,76.3,0.98
2020-09-04 18:00:00,0.0,0.0,27.52,79.74,0.66
2020-09-04 19:00:00,0.0,0.0,27.32,78.35,0.61
2020-09-04 20:00:00,0.0,0.0,27.09,78.54,0.56
2020-09-04 21:00:00,0.0,0.0,26.91,78.55,0.46
2020-09-04 22:00:00,0.0,0.0,26.84,77.65,0.31
2020-09-04 23:00:00,0.0,0.0,26.33,81.6,0.21
2020-09-05 00:00:00,0.0,0.0,25.83,82.72,0.26
2020-09-05 01:00:00,0.0,0.0,25.14,87.84,0.34
2020-09-05 02:00:00,0.0,0.0,24.66,90.19,0.37
2020-09-05 03:00:00,0.0,0.0,24.3,91.05,0.39
2020-09-05 04:00:00,0.0,0.0,24.02,92.39,0.43
2020-09-05 05:00:00,0.0,0.0,23.78,93.7,0.44
2020-09-05 06:00:00,15.48,72.65,23.87,95.4,0.47
2020-09-05 07:00:00,45.47,294.7,24.55,92.56,0.79
2020-09-05 08:00:00,71.05,534.5,25.7,88.75,0.95
2020-09-05 09:00:00,92.72,739.58,26.18,84.48,1.44
2020-09-05 10:00:00,83.97,886.92,26.45,83.43,1.83
2020-09-05 11:00:00,75.78,964.53,26.68,82.24,2.13
2020-09-05 12:00:00,101.85,965.58,26.56,83.05,2.43
2020-09-05 13:00:00,119.28,890.95,26.21,85.3,2.74
2020-09-05 14:00:00,226.48,745.3,25.96,87.26,2.99
2020-09-05 15:00:00,210.85,541.62,25.79,88.82,3.02
2020-09-05 16:00:00,68.45,305.42,25.55,91.19,2.56
2020-09-05 17:00:00,6.8,80.12,24.96,94.73,1.68
2020-09-05 18:00:00,0.0,0.0,24.19,96.14,1.37
2020-09-05 19:00:00,0.0,0.0,23.84,95.66,1.32
2020-09-05 20:00:00,0.0,0.0,23.55,96.11,1.14
2020-09-05 21:00:00,0.0,0.0,23.34,96.45,1.18
2020-09-05 22:00:00,0.0,0.0,23.16,96.41,1.36
2020-09-05 23:00:00,0.0,0.0,22.98,96.37,1.57
2020-09-06 00:00:00,0.0,0.0,22.77,96.46,1.66
2020-09-06 01:00:00,0.0,0.0,22.56,96.54,1.64
2020-09-06 02:00:00,0.0,0.0,22.38,96.81,1.53
2020-09-06 03:00:00,0.0,0.0,22.23,97.29,1.39
2020-09-06 04:00:00,0.0,0.0,22.11,97.67,1.17
2020-09-06 05:00:00,0.0,0.0,22.03,97.84,1.03
2020-09-06 06:00:00,43.25,75.3,22.5,96.74,1.46
2020-09-06 07:00:00,158.25,302.15,23.36,94.83,2.03
2020-09-06 08:00:00,302.95,541.05,24.53,90.77,2.67
2020-09-06 09:00:00,439.85,747.38,25.49,85.39,3.34
2020-09-06 10:00:00,581.1,895.95,26.19,79.42,3.66
2020-09-06 11:00:00,708.47,974.0,26.73,74.88,3.91
2020-09-06 12:00:00,676.8,958.05,27.15,72.64,4.05
2020-09-06 13:00:00,560.05,881.97,27.36,72.02,4.09
2020-09-06 14:00:00,432.7,734.25,27.35,72.44,4.0
2020-09-06 15:00:00,182.5,528.88,27.25,73.52,3.77
2020-09-06 16:00:00,103.85,291.23,26.78,76.9,3.14
2020-09-06 17:00:00,27.65,71.82,25.74,85.7,1.77
2020-09-06 18:00:00,0.0,0.0,24.19,93.06,1.05
2020-09-06 19:00:00,0.0,0.0,23.76,94.28,1.1
2020-09-06 20:00:00,0.0,0.0,23.47,95.07,1.17
2020-09-06 21:00:00,0.0,0.0,23.22,95.79,1.24
2020-09-06 22:00:00,0.0,0.0,23.0,96.46,1.29
2020-09-06 23:00:00,0.0,0.0,22.87,96.9,1.43
2020-09-07 00:00:00,0.0,0.0,22.79,97.21,1.76
2020-09-07 01:00:00,0.0,0.0,22.73,97.23,1.97
2020-09-07 02:00:00,0.0,0.0,22.57,97.42,1.85
2020-09-07 03:00:00,0.0,0.0,22.52,96.81,1.92
2020-09-07 04:00:00,0.0,0.0,22.31,97.09,1.56
2020-09-07 05:00:00,0.0,0.0,22.07,97.61,1.13
2020-09-07 06:00:00,30.58,69.93,22.5,96.62,1.45
2020-09-07 07:00:00,117.4,290.85,23.54,93.21,2.08
2020-09-07 08:00:00,203.57,532.28,25.02,85.43,2.83
2020-09-07 09:00:00,376.35,740.53,26.76,75.28,3.43
2020-09-07 10:00:00,513.28,887.7,28.04,69.56,3.46
2020-09-07 11:00:00,433.38,965.28,28.65,67.8,3.3
2020-09-07 12:00:00,590.05,961.72,28.92,67.3,3.11
2020-09-07 13:00:00,531.35,881.6,29.02,67.43,2.89
2020-09-07 14:00:00,520.78,734.5,28.83,68.88,2.52
2020-09-07 15:00:00,239.02,527.97,28.52,71.11,2.11
2020-09-07 16:00:00,129.35,289.7,27.94,76.32,1.43
2020-09-07 17:00:00,33.65,70.28,26.94,82.92,1.03
2020-09-07 18:00:00,0.0,0.0,25.66,90.19,0.59
2020-09-07 19:00:00,0.0,0.0,25.29,91.01,0.56
2020-09-07 20:00:00,0.0,0.0,25.05,91.21,0.55
2020-09-07 21:00:00,0.0,0.0,24.84,91.12,0.56
2020-09-07 22:00:00,0.0,0.0,24.53,92.13,0.57
2020-09-07 23:00:00,0.0,0.0,24.12,94.14,0.58
2020-09-08 00:00:00,0.0,0.0,23.82,95.44,0.64
2020-09-08 01:00:00,0.0,0.0,23.61,96.24,0.72
2020-09-08 02:00:00,0.0,0.0,23.43,96.78,0.78
2020-09-08 03:00:00,0.0,0.0,23.3,97.2,0.88
2020-09-08 04:00:00,0.0,0.0,23.2,97.42,0.99
2020-09-08 05:00:00,0.0,0.0,23.12,97.65,1.11
2020-09-08 06:00:00,31.2,75.05,23.49,96.83,1.66
2020-09-08 07:00:00,114.75,302.58,24.35,94.83,2.4
2020-09-08 08:00:00,222.88,543.58,25.4,90.83,2.7
2020-09-08 09:00:00,321.83,747.58,26.43,85.8,2.89
2020-09-08 10:00:00,364.1,893.78,27.27,81.52,2.89
2020-09-08 11:00:00,512.6,968.38,28.03,77.93,2.89
2020-09-08 12:00:00,575.97,899.25,28.78,74.86,2.9
2020-09-08 13:00:00,541.3,818.4,29.29,72.74,2.83
2020-09-08 14:00:00,446.92,669.22,29.48,71.76,2.62
2020-09-08 15:00:00,323.92,455.98,29.35,72.07,2.3
2020-09-08 16:00:00,188.57,240.57,28.89,74.21,1.82
2020-09-08 17:00:00,49.25,54.78,27.84,82.0,1.04
2020-09-08 18:00:00,0.0,0.0,26.12,87.7,0.72
2020-09-08 19:00:00,0.0,0.0,25.77,86.87,0.74
2020-09-08 20:00:00,0.0,0.0,25.62,85.86,0.71
2020-09-08 21:00:00,0.0,0.0,25.49,85.19,0.63
2020-09-08 22:00:00,0.0,0.0,25.09,86.57,0.52
2020-09-08 23:00:00,0.0,0.0,25.0,86.42,0.51
2020-09-09 00:00:00,0.0,0.0,24.73,87.63,0.52
2020-09-09 01:00:00,0.0,0.0,24.38,89.44,0.54
2020-09-09 02:00:00,0.0,0.0,23.97,91.49,0.56
2020-09-09 03:00:00,0.0,0.0,23.55,93.51,0.59
2020-09-09 04:00:00,0.0,0.0,23.23,94.93,0.63
2020-09-09 05:00:00,0.0,0.0,23.0,96.09,0.62
2020-09-09 06:00:00,43.72,63.97,23.64,95.5,0.79
2020-09-09 07:00:00,145.25,269.17,24.95,91.21,1.19
2020-09-09 08:00:00,85.35,514.62,27.01,82.1,1.54
2020-09-09 09:00:00,36.2,723.85,28.22,76.61,1.73
2020-09-09 10:00:00,64.88,873.8,29.08,73.01,1.56
2020-09-09 11:00:00,137.5,952.15,29.96,69.72,1.3
2020-09-09 12:00:00,293.6,952.22,30.42,67.07,1.39
2020-09-09 13:00:00,377.98,871.97,30.41,65.51,1.8
2020-09-09 14:00:00,286.88,717.12,29.89,66.94,2.06
2020-09-09 15:00:00,222.8,508.6,28.93,71.95,1.99
2020-09-09 16:00:00,119.38,270.45,27.9,78.6,1.71
2020-09-09 17:00:00,32.22,62.55,26.63,85.91,1.34
2020-09-09 18:00:00,0.0,0.0,25.33,91.51,0.9
2020-09-09 19:00:00,0.0,0.0,24.87,92.64,0.84
2020-09-09 20:00:00,0.0,0.0,24.53,93.25,0.8
2020-09-09 21:00:00,0.0,0.0,24.24,93.52,0.73
2020-09-09 22:00:00,0.0,0.0,24.15,92.61,0.65
2020-09-09 23:00:00,0.0,0.0,23.94,93.29,0.61
2020-09-10 00:00:00,0.0,0.0,23.56,95.61,0.63
2020-09-10 01:00:00,0.0,0.0,23.47,96.35,0.77
2020-09-10 02:00:00,0.0,0.0,23.38,96.56,1.04
2020-09-10 03:00:00,0.0,0.0,23.26,96.81,1.18
2020-09-10 04:00:00,0.0,0.0,23.16,96.88,1.32
2020-09-10 05:00:00,0.0,0.0,23.06,96.85,1.41
2020-09-10 06:00:00,55.83,70.88,23.21,96.35,1.59
2020-09-10 07:00:00,201.8,285.55,23.8,94.58,2.05
2020-09-10 08:00:00,386.73,526.47,24.53,92.71,2.21
2020-09-10 09:00:00,556.92,732.12,25.34,88.95,2.53
2020-09-10 10:00:00,620.95,883.78,26.13,84.82,2.59
2020-09-10 11:00:00,639.7,959.5,27.01,80.47,2.48
2020-09-10 12:00:00,731.75,969.78,27.88,76.6,2.3
2020-09-10 13:00:00,656.0,892.3,28.51,73.9,1.89
2020-09-10 14:00:00,514.03,739.8,28.84,72.39,1.26
2020-09-10 15:00:00,399.52,532.75,28.97,71.57,0.53
2020-09-10 16:00:00,226.07,292.7,28.7,72.59,0.24
2020-09-10 17:00:00,61.55,69.38,27.74,80.06,0.58
2020-09-10 18:00:00,0.0,0.0,26.14,88.91,0.63
2020-09-10 19:00:00,0.0,0.0,25.48,90.95,0.73
2020-09-10 20:00:00,0.0,0.0,24.94,91.85,0.85
2020-09-10 21:00:00,0.0,0.0,24.45,92.58,0.93
2020-09-10 22:00:00,0.0,0.0,23.98,93.35,0.97
2020-09-10 23:00:00,0.0,0.0,23.68,93.95,1.01
2020-09-11 00:00:00,0.0,0.0,23.37,94.57,0.98
2020-09-11 01:00:00,0.0,0.0,23.06,95.43,0.86
2020-09-11 02:00:00,0.0,0.0,22.7,96.25,0.77
2020-09-11 03:00:00,0.0,0.0,22.29,97.05,0.71
2020-09-11 04:00:00,0.0,0.0,22.05,97.74,0.67
2020-09-11 05:00:00,0.0,0.0,21.86,98.34,0.72
2020-09-11 06:00:00,48.17,76.38,22.66,95.54,1.49
2020-09-11 07:00:00,176.35,302.52,24.36,89.11,2.06
2020-09-11 08:00:00,326.73,542.45,26.57,79.5,2.21
2020-09-11 09:00:00,433.85,748.65,27.96,73.82,2.03
2020-09-11 10:00:00,579.1,894.72,28.61,71.47,1.93
2020-09-11 11:00:00,630.15,967.92,29.28,69.28,1.85
2020-09-11 12:00:00,724.2,964.75,29.81,67.42,1.72
2020-09-11 13:00:00,733.47,880.15,30.16,66.02,1.54
2020-09-11 14:00:00,576.25,728.12,30.19,65.26,1.32
2020-09-11 15:00:00,402.42,520.53,30.01,65.48,1.16
2020-09-11 16:00:00,217.55,282.1,29.61,69.48,0.87
2020-09-11 17:00:00,58.55,65.62,28.76,72.81,0.76
2020-09-11 18:00:00,0.0,0.0,27.71,78.52,0.55
2020-09-11 19:00:00,0.0,0.0,27.34,78.05,0.54
2020-09-11 20:00:00,0.0,0.0,27.0,77.94,0.51
2020-09-11 21:00:00,0.0,0.0,26.57,79.39,0.46
2020-09-11 22:00:00,0.0,0.0,26.19,80.74,0.51
2020-09-11 23:00:00,0.0,0.0,25.63,83.63,0.62
2020-09-12 00:00:00,0.0,0.0,24.94,88.13,0.64
2020-09-12 01:00:00,0.0,0.0,24.33,91.46,0.65
2020-09-12 02:00:00,0.0,0.0,23.9,92.88,0.71
2020-09-12 03:00:00,0.0,0.0,23.66,93.61,0.69
2020-09-12 04:00:00,0.0,0.0,23.7,93.29,0.57
2020-09-12 05:00:00,0.0,0.0,23.71,93.14,0.41
2020-09-12 06:00:00,42.4,75.47,24.06,91.92,0.52
2020-09-12 07:00:00,156.98,299.12,25.66,84.49,0.8
2020-09-12 08:00:00,294.77,540.78,27.19,77.2,0.75
2020-09-12 09:00:00,524.3,748.0,28.42,72.98,0.48
2020-09-12 10:00:00,732.33,899.28,29.48,68.83,0.45
2020-09-12 11:00:00,793.92,976.3,30.57,64.43,0.69
2020-09-12 12:00:00,631.53,903.92,31.21,61.48,0.85
2020-09-12 13:00:00,631.45,823.05,31.37,60.68,0.87
2020-09-12 14:00:00,582.33,671.67,31.14,61.87,0.84
2020-09-12 15:00:00,451.1,466.08,30.63,64.58,0.73
2020-09-12 16:00:00,240.05,245.93,30.32,67.37,0.62
2020-09-12 17:00:00,51.53,52.8,29.21,74.68,0.57
2020-09-12 18:00:00,0.0,0.0,27.81,82.71,0.59
2020-09-12 19:00:00,0.0,0.0,26.87,86.39,0.7
2020-09-12 20:00:00,0.0,0.0,26.05,88.72,0.81
2020-09-12 21:00:00,0.0,0.0,25.43,90.36,0.89
2020-09-12 22:00:00,0.0,0.0,24.88,92.01,0.97
2020-09-12 23:00:00,0.0,0.0,24.42,93.75,1.04
2020-09-13 00:00:00,0.0,0.0,24.06,95.17,1.15
2020-09-13 01:00:00,0.0,0.0,23.74,96.55,1.22
2020-09-13 02:00:00,0.0,0.0,23.45,97.68,1.2
2020-09-13 03:00:00,0.0,0.0,23.2,98.25,1.11
2020-09-13 04:00:00,0.0,0.0,22.99,98.49,1.07
2020-09-13 05:00:00,0.0,0.0,22.85,98.44,1.11
2020-09-13 06:00:00,16.23,66.22,23.46,95.42,1.85
2020-09-13 07:00:00,63.65,276.1,24.67,90.55,2.28
2020-09-13 08:00:00,117.72,518.58,26.44,82.29,2.58
2020-09-13 09:00:00,381.27,728.8,27.63,77.28,2.68
2020-09-13 10:00:00,494.8,879.15,28.46,74.0,2.65
2020-09-13 11:00:00,615.85,957.75,28.88,72.3,2.58
2020-09-13 12:00:00,753.15,965.3,29.14,71.54,2.57
2020-09-13 13:00:00,758.97,881.8,29.5,70.1,2.59
2020-09-13 14:00:00,627.45,729.9,29.64,68.54,2.61
2020-09-13 15:00:00,500.52,520.95,29.52,68.33,2.52
2020-09-13 16:00:00,266.62,280.08,28.95,71.07,2.19
2020-09-13 17:00:00,61.65,62.72,27.55,81.58,1.25
2020-09-13 18:00:00,0.0,0.0,25.75,89.37,0.83
2020-09-13 19:00:00,0.0,0.0,25.28,90.55,0.82
2020-09-13 20:00:00,0.0,0.0,24.82,91.77,0.81
2020-09-13 21:00:00,0.0,0.0,24.36,92.94,0.77
2020-09-13 22:00:00,0.0,0.0,23.99,94.15,0.75
2020-09-13 23:00:00,0.0,0.0,23.66,95.19,0.76
2020-09-14 00:00:00,0.0,0.0,23.31,96.3,0.8
2020-09-14 01:00:00,0.0,0.0,22.97,97.51,0.84
2020-09-14 02:00:00,0.0,0.0,22.75,98.44,0.93
2020-09-14 03:00:00,0.0,0.0,22.58,99.06,1.0
2020-09-14 04:00:00,0.0,0.0,22.48,99.13,1.06
2020-09-14 05:00:00,0.0,0.0,22.35,99.21,1.1
2020-09-14 06:00:00,35.38,77.57,23.14,96.33,1.77
2020-09-14 07:00:00,167.95,304.65,24.61,90.82,2.49
2020-09-14 08:00:00,344.17,544.4,26.41,82.02,2.76
2020-09-14 09:00:00,455.12,750.75,28.11,74.34,2.48
2020-09-14 10:00:00,628.58,897.05,29.3,69.44,2.25
2020-09-14 11:00:00,839.33,965.78,30.11,65.82,2.17
2020-09-14 12:00:00,818.65,957.7,30.63,63.15,2.15
2020-09-14 13:00:00,654.4,873.0,30.77,61.82,2.13
2020-09-14 14:00:00,565.67,718.55,30.71,61.78,2.1
2020-09-14 15:00:00,427.62,508.67,30.34,62.94,1.96
2020-09-14 16:00:00,223.0,268.4,29.6,66.51,1.61
2020-09-14 17:00:00,51.1,57.38,28.43,73.73,1.09
2020-09-14 18:00:00,0.0,0.0,26.92,84.09,0.62
2020-09-14 19:00:00,0.0,0.0,26.64,82.09,0.64
2020-09-14 20:00:00,0.0,0.0,26.38,81.01,0.64
2020-09-14 21:00:00,0.0,0.0,26.08,81.07,0.63
2020-09-14 22:00:00,0.0,0.0,25.66,82.5,0.64
2020-09-14 23:00:00,0.0,0.0,25.13,85.46,0.66
2020-09-15 00:00:00,0.0,0.0,24.62,88.64,0.67
2020-09-15 01:00:00,0.0,0.0,24.16,90.99,0.66
2020-09-15 02:00:00,0.0,0.0,23.75,92.62,0.64
2020-09-15 03:00:00,0.0,0.0,23.44,93.65,0.64
2020-09-15 04:00:00,0.0,0.0,23.26,94.31,0.61
2020-09-15 05:00:00,0.0,0.0,23.18,94.64,0.57
2020-09-15 06:00:00,56.88,75.28,23.83,93.53,0.64
2020-09-15 07:00:00,173.2,297.7,25.04,88.57,0.87
2020-09-15 08:00:00,313.92,541.3,27.46,77.97,1.12
2020-09-15 09:00:00,269.7,746.67,29.2,71.19,1.29
2020-09-15 10:00:00,163.5,893.22,30.11,68.08,1.35
2020-09-15 11:00:00,503.15,963.88,30.78,66.1,1.34
2020-09-15 12:00:00,734.58,944.17,31.31,64.74,1.36
2020-09-15 13:00:00,757.35,859.17,31.59,64.03,1.44
2020-09-15 14:00:00,579.83,698.15,31.68,63.49,1.52
2020-09-15 15:00:00,419.5,488.88,31.37,64.22,1.54
2020-09-15 16:00:00,227.25,255.57,30.7,68.72,1.22
2020-09-15 17:00:00,53.8,54.1,29.66,74.25,0.99
2020-09-15 18:00:00,0.0,0.0,28.22,82.66,0.62
2020-09-15 19:00:00,0.0,0.0,28.03,80.01,0.63
2020-09-15 20:00:00,0.0,0.0,27.82,78.39,0.57
2020-09-15 21:00:00,0.0,0.0,27.47,78.78,0.45
2020-09-15 22:00:00,0.0,0.0,27.37,77.41,0.36
2020-09-15 23:00:00,0.0,0.0,26.84,80.1,0.45
2020-09-16 00:00:00,0.0,0.0,25.94,85.95,0.61
2020-09-16 01:00:00,0.0,0.0,25.14,90.75,0.66
2020-09-16 02:00:00,0.0,0.0,24.69,92.84,0.66
2020-09-16 03:00:00,0.0,0.0,24.42,93.95,0.64
2020-09-16 04:00:00,0.0,0.0,24.27,94.62,0.59
2020-09-16 05:00:00,0.0,0.0,24.09,95.21,0.56
2020-09-16 06:00:00,35.47,69.1,24.37,95.18,0.61
2020-09-16 07:00:00,120.95,280.35,25.35,90.69,1.0
2020-09-16 08:00:00,207.5,521.85,26.86,85.0,0.96
2020-09-16 09:00:00,311.3,739.67,27.99,78.45,0.89
2020-09-16 10:00:00,543.08,889.47,28.55,75.23,0.98
2020-09-16 11:00:00,671.12,965.75,28.83,74.29,1.06
2020-09-16 12:00:00,724.72,962.72,28.85,73.87,1.13
2020-09-16 13:00:00,537.92,880.25,28.5,75.84,1.35
2020-09-16 14:00:00,504.38,728.5,27.93,79.55,1.46
2020-09-16 15:00:00,300.23,519.8,27.33,83.77,1.52
2020-09-16 16:00:00,159.0,278.67,26.69,88.75,1.36
2020-09-16 17:00:00,39.8,57.83,25.99,92.75,1.12
2020-09-16 18:00:00,0.0,0.0,25.33,96.25,0.72
2020-09-16 19:00:00,0.0,0.0,25.12,96.85,0.64
2020-09-16 20:00:00,0.0,0.0,25.0,96.7,0.52
2020-09-16 21:00:00,0.0,0.0,24.84,96.48,0.28
2020-09-16 22:00:00,0.0,0.0,24.56,97.51,0.08
2020-09-16 23:00:00,0.0,0.0,24.4,97.71,0.1
2020-09-17 00:00:00,0.0,0.0,24.29,97.54,0.31
2020-09-17 01:00:00,0.0,0.0,24.18,97.62,0.54
2020-09-17 02:00:00,0.0,0.0,24.07,97.57,0.81
2020-09-17 03:00:00,0.0,0.0,23.92,97.45,1.13
2020-09-17 04:00:00,0.0,0.0,23.77,97.31,1.46
2020-09-17 05:00:00,0.0,0.0,23.61,97.13,1.84
2020-09-17 06:00:00,32.15,79.43,23.51,96.69,2.43
2020-09-17 07:00:00,138.82,307.9,23.61,95.66,3.17
2020-09-17 08:00:00,248.43,547.6,23.86,94.0,3.78
2020-09-17 09:00:00,435.5,752.72,24.4,90.69,4.34
2020-09-17 10:00:00,491.0,895.2,25.31,86.18,4.54
2020-09-17 11:00:00,647.7,968.53,26.51,80.9,4.5
2020-09-17 12:00:00,558.85,885.33,27.42,77.26,4.26
2020-09-17 13:00:00,510.92,806.78,27.84,76.17,3.81
2020-09-17 14:00:00,460.88,654.15,27.9,76.98,3.35
2020-09-17 15:00:00,353.17,452.8,27.72,79.34,2.74
2020-09-17 16:00:00,202.05,236.52,27.28,83.91,1.91
2020-09-17 17:00:00,41.58,46.4,26.39,89.99,1.15
2020-09-17 18:00:00,0.0,0.0,25.17,93.29,0.87
2020-09-17 19:00:00,0.0,0.0,24.74,93.85,0.87
2020-09-17 20:00:00,0.0,0.0,24.37,94.23,0.91
2020-09-17 21:00:00,0.0,0.0,24.02,94.57,0.96
2020-09-17 22:00:00,0.0,0.0,23.68,94.89,1.03
2020-09-17 23:00:00,0.0,0.0,23.39,95.45,1.1
2020-09-18 00:00:00,0.0,0.0,23.13,96.2,1.16
2020-09-18 01:00:00,0.0,0.0,22.91,97.06,1.23
2020-09-18 02:00:00,0.0,0.0,22.72,98.0,1.33
2020-09-18 03:00:00,0.0,0.0,22.67,98.2,1.44
2020-09-18 04:00:00,0.0,0.0,22.7,98.02,1.49
2020-09-18 05:00:00,0.0,0.0,22.77,97.78,1.7
2020-09-18 06:00:00,55.62,61.3,23.33,96.61,2.35
2020-09-18 07:00:00,206.7,257.52,24.49,93.63,3.07
2020-09-18 08:00:00,345.6,477.65,25.81,87.31,3.36
2020-09-18 09:00:00,424.05,682.12,27.22,80.18,3.26
2020-09-18 10:00:00,574.88,839.5,28.45,75.27,2.91
2020-09-18 11:00:00,594.8,911.62,29.19,72.66,2.46
2020-09-18 12:00:00,671.95,890.1,29.75,70.92,1.97
2020-09-18 13:00:00,600.78,794.85,30.18,69.46,1.44
2020-09-18 14:00:00,420.17,631.47,30.4,68.3,1.02
2020-09-18 15:00:00,304.4,423.88,30.25,68.09,0.81
2020-09-18 16:00:00,176.55,213.7,29.74,70.23,0.73
2020-09-18 17:00:00,37.47,41.17,28.93,74.52,0.54
2020-09-18 18:00:00,0.0,0.0,27.85,79.36,0.39
2020-09-18 19:00:00,0.0,0.0,27.4,80.59,0.46
2020-09-18 20:00:00,0.0,0.0,26.75,84.68,0.57
2020-09-18 21:00:00,0.0,0.0,25.91,90.17,0.61
2020-09-18 22:00:00,0.0,0.0,25.4,92.81,0.73
2020-09-18 23:00:00,0.0,0.0,25.03,93.42,0.97
2020-09-19 00:00:00,0.0,0.0,24.7,93.7,1.28
2020-09-19 01:00:00,0.0,0.0,24.41,93.93,1.61
2020-09-19 02:00:00,0.0,0.0,24.1,94.69,1.81
2020-09-19 03:00:00,0.0,0.0,23.8,95.64,1.89
2020-09-19 04:00:00,0.0,0.0,23.58,96.55,1.97
2020-09-19 05:00:00,0.0,0.0,23.47,96.84,1.92
2020-09-19 06:00:00,25.88,72.25,23.66,96.32,1.84
2020-09-19 07:00:00,111.25,292.88,24.41,94.07,1.86
2020-09-19 08:00:00,230.35,536.65,25.6,90.19,1.7
2020-09-19 09:00:00,445.12,744.9,26.97,83.94,1.9
2020-09-19 10:00:00,741.8,893.33,28.07,78.49,1.95
2020-09-19 11:00:00,935.55,965.12,28.85,75.26,1.78
2020-09-19 12:00:00,956.95,962.47,29.45,72.83,1.55
2020-09-19 13:00:00,853.7,879.95,29.81,71.06,1.43
2020-09-19 14:00:00,658.35,726.17,30.21,69.51,1.45
2020-09-19 15:00:00,463.45,516.47,30.1,69.35,1.35
2020-09-19 16:00:00,224.9,273.17,29.66,73.11,0.88
2020-09-19 17:00:00,45.8,54.25,28.95,76.18,0.66
2020-09-19 18:00:00,0.0,0.0,28.34,74.08,0.34
2020-09-19 19:00:00,0.0,0.0,27.9,76.09,0.33
2020-09-19 20:00:00,0.0,0.0,26.91,81.08,0.57
2020-09-19 21:00:00,0.0,0.0,25.89,87.5,0.73
2020-09-19 22:00:00,0.0,0.0,25.16,91.88,0.76
2020-09-19 23:00:00,0.0,0.0,24.78,93.15,0.87
2020-09-20 00:00:00,0.0,0.0,24.49,93.9,1.0
2020-09-20 01:00:00,0.0,0.0,24.22,94.64,1.15
2020-09-20 02:00:00,0.0,0.0,23.99,95.34,1.26
2020-09-20 03:00:00,0.0,0.0,23.8,95.99,1.33
2020-09-20 04:00:00,0.0,0.0,23.61,96.68,1.38
2020-09-20 05:00:00,0.0,0.0,23.45,97.12,1.35
2020-09-20 06:00:00,24.62,76.75,23.68,96.33,1.62
2020-09-20 07:00:00,92.22,305.88,24.45,93.89,1.98
2020-09-20 08:00:00,187.48,547.3,25.82,89.28,1.91
2020-09-20 09:00:00,337.58,752.53,27.04,83.85,2.06
2020-09-20 10:00:00,286.92,898.45,28.04,79.72,2.18
2020-09-20 11:00:00,244.77,969.33,28.5,77.88,2.16
2020-09-20 12:00:00,370.17,958.7,28.56,77.58,2.12
2020-09-20 13:00:00,408.9,869.4,28.44,78.14,2.13
2020-09-20 14:00:00,367.25,709.75,28.29,78.94,2.12
2020-09-20 15:00:00,298.7,494.3,27.89,81.29,1.91
2020-09-20 16:00:00,115.03,250.18,27.28,85.19,1.47
2020-09-20 17:00:00,28.23,47.4,26.3,90.78,0.99
2020-09-20 18:00:00,0.0,0.0,25.08,94.06,0.76
2020-09-20 19:00:00,0.0,0.0,24.59,94.79,0.75
2020-09-20 20:00:00,0.0,0.0,24.22,95.22,0.71
2020-09-20 21:00:00,0.0,0.0,23.91,95.48,0.67
2020-09-20 22:00:00,0.0,0.0,23.62,95.77,0.65
2020-09-20 23:00:00,0.0,0.0,23.31,96.51,0.64
2020-09-21 00:00:00,0.0,0.0,22.99,97.49,0.63
2020-09-21 01:00:00,0.0,0.0,22.71,98.42,0.64
2020-09-21 02:00:00,0.0,0.0,22.53,98.78,0.68
2020-09-21 03:00:00,0.0,0.0,22.42,98.85,0.75
2020-09-21 04:00:00,0.0,0.0,22.41,98.76,0.83
2020-09-21 05:00:00,0.0,0.0,22.43,98.68,0.9
2020-09-21 06:00:00,54.72,74.05,23.01,97.5,1.24
2020-09-21 07:00:00,198.77,289.27,24.07,94.73,2.03
2020-09-21 08:00:00,376.55,529.65,25.38,89.89,2.27
2020-09-21 09:00:00,484.98,736.75,26.86,82.52,2.31
2020-09-21 10:00:00,648.4,888.67,28.17,75.6,2.22
2020-09-21 11:00:00,765.62,957.33,28.97,71.73,2.0
2020-09-21 12:00:00,790.03,939.22,29.44,69.13,1.76
2020-09-21 13:00:00,678.97,850.15,29.64,67.57,1.53
2020-09-21 14:00:00,512.12,691.92,29.58,66.67,1.35
2020-09-21 15:00:00,354.42,473.5,29.35,66.85,1.18
2020-09-21 16:00:00,184.23,237.05,28.87,70.34,0.89
2020-09-21 17:00:00,43.22,45.35,28.14,75.04,0.7
2020-09-21 18:00:00,0.0,0.0,27.1,78.74,0.52
2020-09-21 19:00:00,0.0,0.0,26.84,77.84,0.46
2020-09-21 20:00:00,0.0,0.0,26.71,76.44,0.4
2020-09-21 21:00:00,0.0,0.0,26.56,75.13,0.38
2020-09-21 22:00:00,0.0,0.0,26.2,76.19,0.36
2020-09-21 23:00:00,0.0,0.0,25.81,77.66,0.35
2020-09-22 00:00:00,0.0,0.0,25.26,80.33,0.4
2020-09-22 01:00:00,0.0,0.0,24.54,84.83,0.49
2020-09-22 02:00:00,0.0,0.0,24.09,86.92,0.6
2020-09-22 03:00:00,0.0,0.0,23.62,89.15,0.64
2020-09-22 04:00:00,0.0,0.0,23.24,90.63,0.65
2020-09-22 05:00:00,0.0,0.0,22.89,91.77,0.66
2020-09-22 06:00:00,72.95,73.7,23.37,92.45,0.78
2020-09-22 07:00:00,275.27,287.02,24.52,87.64,1.37
2020-09-22 08:00:00,500.12,525.75,26.67,78.7,1.64
2020-09-22 09:00:00,678.12,735.35,28.72,68.63,1.76
2020-09-22 10:00:00,779.42,881.1,29.92,64.91,1.65
2020-09-22 11:00:00,894.67,952.55,30.79,62.76,1.51
2020-09-22 12:00:00,936.22,959.75,31.27,61.45,1.36
2020-09-22 13:00:00,771.9,872.83,31.26,61.26,1.28
2020-09-22 14:00:00,622.47,715.17,30.87,62.42,1.31
2020-09-22 15:00:00,419.65,501.58,30.27,65.02,1.33
2020-09-22 16:00:00,202.12,258.73,29.52,70.84,1.04
2020-09-22 17:00:00,36.53,48.03,28.33,77.39,0.96
2020-09-22 18:00:00,0.0,0.0,26.98,86.77,0.62
2020-09-22 19:00:00,0.0,0.0,26.62,86.01,0.66
2020-09-22 20:00:00,0.0,0.0,26.41,84.41,0.66
2020-09-22 21:00:00,0.0,0.0,26.27,82.76,0.65
2020-09-22 22:00:00,0.0,0.0,25.95,82.98,0.62
2020-09-22 23:00:00,0.0,0.0,25.49,84.71,0.62
2020-09-23 00:00:00,0.0,0.0,24.87,88.18,0.62
2020-09-23 01:00:00,0.0,0.0,24.28,91.92,0.66
2020-09-23 02:00:00,0.0,0.0,23.83,94.41,0.72
2020-09-23 03:00:00,0.0,0.0,23.58,95.46,0.8
2020-09-23 04:00:00,0.0,0.0,23.41,96.08,0.77
2020-09-23 05:00:00,0.0,0.0,23.23,96.67,0.69
2020-09-23 06:00:00,75.32,83.7,23.51,96.39,0.81
2020-09-23 07:00:00,285.52,311.6,24.2,93.62,1.36
2020-09-23 08:00:00,524.03,551.75,25.38,89.12,1.39
2020-09-23 09:00:00,632.3,752.45,26.91,81.68,1.83
2020-09-23 10:00:00,616.33,894.15,28.02,76.14,2.2
2020-09-23 11:00:00,808.72,962.88,29.05,72.45,2.25
2020-09-23 12:00:00,820.55,953.67,29.79,69.8,2.18
2020-09-23 13:00:00,638.7,867.12,30.18,68.41,2.22
2020-09-23 14:00:00,619.65,709.38,30.04,68.66,2.31
2020-09-23 15:00:00,389.15,495.8,29.47,71.55,2.16
2020-09-23 16:00:00,196.9,254.35,28.85,76.92,1.6
2020-09-23 17:00:00,39.83,45.78,27.65,83.78,1.1
2020-09-23 18:00:00,0.0,0.0,26.27,89.59,0.73
2020-09-23 19:00:00,0.0,0.0,25.9,90.54,0.76
2020-09-23 20:00:00,0.0,0.0,25.56,91.6,0.82
2020-09-23 21:00:00,0.0,0.0,25.22,92.6,0.87
2020-09-23 22:00:00,0.0,0.0,24.88,93.62,0.94
2020-09-23 23:00:00,0.0,0.0,24.49,94.82,1.05
2020-09-24 00:00:00,0.0,0.0,24.08,96.17,1.1
2020-09-24 01:00:00,0.0,0.0,23.64,97.66,1.09
2020-09-24 02:00:00,0.0,0.0,23.24,98.58,1.03
2020-09-24 03:00:00,0.0,0.0,23.01,99.01,1.05
2020-09-24 04:00:00,0.0,0.0,22.86,99.09,1.13
2020-09-24 05:00:00,0.0,0.0,22.74,98.94,1.24
2020-09-24 06:00:00,62.78,70.18,23.44,96.9,1.94
2020-09-24 07:00:00,200.02,272.6,25.0,92.35,2.62
2020-09-24 08:00:00,328.77,508.75,26.84,83.85,2.74
2020-09-24 09:00:00,573.0,719.12,28.53,74.86,2.8
2020-09-24 10:00:00,720.78,862.35,29.42,70.92,2.81
2020-09-24 11:00:00,779.97,932.55,29.7,69.66,2.72
2020-09-24 12:00:00,789.85,912.78,29.99,68.75,2.61
2020-09-24 13:00:00,703.7,838.85,30.2,67.91,2.43
2020-09-24 14:00:00,573.88,684.9,30.16,67.82,2.23
2020-09-24 15:00:00,354.55,472.2,29.87,69.09,1.98
2020-09-24 16:00:00,176.23,239.52,29.22,74.0,1.45
2020-09-24 17:00:00,36.53,42.3,28.01,82.87,0.95
2020-09-24 18:00:00,0.0,0.0,26.69,89.31,0.63
2020-09-24 19:00:00,0.0,0.0,26.37,89.34,0.63
2020-09-24 20:00:00,0.0,0.0,26.07,89.47,0.64
2020-09-24 21:00:00,0.0,0.0,25.78,89.85,0.64
2020-09-24 22:00:00,0.0,0.0,25.44,91.23,0.64
2020-09-24 23:00:00,0.0,0.0,25.11,92.78,0.66
2020-09-25 00:00:00,0.0,0.0,24.75,94.4,0.66
2020-09-25 01:00:00,0.0,0.0,24.38,95.7,0.65
2020-09-25 02:00:00,0.0,0.0,24.01,96.46,0.62
2020-09-25 03:00:00,0.0,0.0,23.71,96.87,0.65
2020-09-25 04:00:00,0.0,0.0,23.49,97.22,0.69
2020-09-25 05:00:00,0.0,0.0,23.37,97.54,0.72
2020-09-25 06:00:00,12.8,65.12,23.78,96.71,1.08
2020-09-25 07:00:00,31.9,261.8,24.57,94.22,1.76
2020-09-25 08:00:00,67.03,517.08,25.95,88.09,1.73
2020-09-25 09:00:00,186.9,731.33,27.22,80.36,1.57
2020-09-25 10:00:00,586.12,881.35,28.19,73.12,1.58
2020-09-25 11:00:00,842.28,947.1,28.9,69.37,1.61
2020-09-25 12:00:00,745.55,911.35,29.41,67.45,1.69
2020-09-25 13:00:00,644.62,816.95,29.62,66.34,1.66
2020-09-25 14:00:00,525.6,660.72,29.64,66.09,1.54
2020-09-25 15:00:00,317.4,446.05,29.4,66.83,1.49
2020-09-25 16:00:00,172.93,221.0,28.94,70.93,1.13
2020-09-25 17:00:00,32.03,36.7,27.89,77.19,0.89
2020-09-25 18:00:00,0.0,0.0,26.96,79.73,0.56
2020-09-25 19:00:00,0.0,0.0,26.94,76.51,0.36
2020-09-25 20:00:00,0.0,0.0,26.68,76.51,0.24
2020-09-25 21:00:00,0.0,0.0,26.07,80.5,0.29
2020-09-25 22:00:00,0.0,0.0,25.47,81.98,0.37
2020-09-25 23:00:00,0.0,0.0,24.88,83.8,0.43
2020-09-26 00:00:00,0.0,0.0,24.38,85.79,0.45
2020-09-26 01:00:00,0.0,0.0,24.01,87.19,0.44
2020-09-26 02:00:00,0.0,0.0,23.7,88.37,0.43
2020-09-26 03:00:00,0.0,0.0,23.42,89.6,0.43
2020-09-26 04:00:00,0.0,0.0,23.17,90.61,0.44
2020-09-26 05:00:00,0.0,0.0,22.9,91.7,0.47
2020-09-26 06:00:00,70.45,72.68,23.16,93.07,0.67
2020-09-26 07:00:00,262.52,283.05,24.97,86.26,1.35
2020-09-26 08:00:00,488.95,519.15,26.92,77.2,1.78
2020-09-26 09:00:00,629.45,722.55,28.24,71.67,1.96
2020-09-26 10:00:00,772.12,876.38,29.08,68.92,2.0
2020-09-26 11:00:00,798.8,937.8,29.73,66.74,1.96
2020-09-26 12:00:00,727.2,799.28,30.11,65.26,1.88
2020-09-26 13:00:00,608.0,711.4,30.13,64.69,1.75
2020-09-26 14:00:00,519.3,559.5,29.92,65.08,1.6
2020-09-26 15:00:00,295.52,363.17,29.55,66.2,1.44
2020-09-26 16:00:00,147.62,176.75,28.88,70.96,1.17
2020-09-26 17:00:00,25.95,30.12,27.86,77.56,0.94
2020-09-26 18:00:00,0.0,0.0,26.28,87.78,0.63
2020-09-26 19:00:00,0.0,0.0,25.71,89.01,0.71
2020-09-26 20:00:00,0.0,0.0,25.24,89.88,0.8
2020-09-26 21:00:00,0.0,0.0,24.85,90.72,0.84
2020-09-26 22:00:00,0.0,0.0,24.44,91.69,0.85
2020-09-26 23:00:00,0.0,0.0,24.08,92.66,0.83
2020-09-27 00:00:00,0.0,0.0,23.71,93.72,0.79
2020-09-27 01:00:00,0.0,0.0,23.31,94.68,0.76
2020-09-27 02:00:00,0.0,0.0,22.96,95.51,0.71
2020-09-27 03:00:00,0.0,0.0,22.67,96.23,0.7
2020-09-27 04:00:00,0.0,0.0,22.39,97.03,0.69
2020-09-27 05:00:00,0.0,0.0,22.13,97.74,0.68
2020-09-27 06:00:00,64.55,66.28,22.74,96.84,1.08
2020-09-27 07:00:00,260.7,268.05,24.3,92.58,1.65
2020-09-27 08:00:00,457.0,494.4,26.53,82.71,2.05
2020-09-27 09:00:00,606.38,702.6,28.18,74.38,1.98
2020-09-27 10:00:00,547.53,856.67,29.17,70.25,1.83
2020-09-27 11:00:00,740.12,935.33,29.76,67.85,1.78
2020-09-27 12:00:00,647.62,864.17,29.95,66.75,1.81
2020-09-27 13:00:00,656.45,775.97,30.02,66.43,1.9
2020-09-27 14:00:00,508.33,617.92,29.89,66.74,1.97
2020-09-27 15:00:00,316.08,408.6,29.46,68.66,1.94
2020-09-27 16:00:00,161.15,200.65,28.72,74.39,1.52
2020-09-27 17:00:00,27.1,32.95,27.34,82.23,1.15
2020-09-27 18:00:00,0.0,0.0,25.67,89.9,0.81
2020-09-27 19:00:00,0.0,0.0,25.14,91.0,0.83
2020-09-27 20:00:00,0.0,0.0,24.74,91.86,0.82
2020-09-27 21:00:00,0.0,0.0,24.39,92.57,0.8
2020-09-27 22:00:00,0.0,0.0,24.08,93.08,0.78
2020-09-27 23:00:00,0.0,0.0,23.78,93.48,0.77
2020-09-28 00:00:00,0.0,0.0,23.5,93.86,0.78
2020-09-28 01:00:00,0.0,0.0,23.27,94.2,0.77
2020-09-28 02:00:00,0.0,0.0,23.06,94.45,0.77
2020-09-28 03:00:00,0.0,0.0,22.83,94.75,0.76
2020-09-28 04:00:00,0.0,0.0,22.58,95.24,0.77
2020-09-28 05:00:00,0.0,0.0,22.37,95.63,0.77
2020-09-28 06:00:00,72.12,72.62,22.95,94.54,1.03
2020-09-28 07:00:00,273.85,275.27,24.31,89.33,1.78
2020-09-28 08:00:00,480.1,480.85,26.6,79.58,1.89
2020-09-28 09:00:00,638.9,694.2,28.34,71.89,1.84
2020-09-28 10:00:00,769.97,846.83,29.33,68.31,1.61
2020-09-28 11:00:00,840.78,917.5,30.06,65.56,1.32
2020-09-28 12:00:00,756.97,870.17,30.61,63.5,0.99
2020-09-28 13:00:00,719.08,777.53,30.95,62.12,0.63
2020-09-28 14:00:00,579.4,614.95,30.97,61.43,0.35
2020-09-28 15:00:00,352.12,404.2,30.74,61.59,0.47
2020-09-28 16:00:00,179.55,193.68,30.23,64.91,0.64
2020-09-28 17:00:00,30.42,31.1,29.26,71.07,0.71
2020-09-28 18:00:00,0.0,0.0,27.7,80.5,0.64
2020-09-28 19:00:00,0.0,0.0,26.98,82.02,0.71
2020-09-28 20:00:00,0.0,0.0,26.47,83.53,0.74
2020-09-28 21:00:00,0.0,0.0,26.09,84.45,0.74
2020-09-28 22:00:00,0.0,0.0,25.82,84.84,0.73
2020-09-28 23:00:00,0.0,0.0,25.63,84.79,0.7
2020-09-29 00:00:00,0.0,0.0,25.4,84.98,0.65
2020-09-29 01:00:00,0.0,0.0,25.06,86.13,0.61
2020-09-29 02:00:00,0.0,0.0,24.68,87.66,0.6
2020-09-29 03:00:00,0.0,0.0,24.32,89.1,0.56
2020-09-29 04:00:00,0.0,0.0,24.26,88.46,0.47
2020-09-29 05:00:00,0.0,0.0,24.16,88.62,0.31
2020-09-29 06:00:00,36.25,59.9,24.26,90.83,0.33
2020-09-29 07:00:00,135.8,243.1,25.3,85.66,0.54
2020-09-29 08:00:00,247.9,466.17,27.73,75.32,0.38
2020-09-29 09:00:00,366.98,667.85,29.48,69.18,0.35
2020-09-29 10:00:00,572.1,805.58,30.41,65.67,0.8
2020-09-29 11:00:00,643.08,877.7,30.68,64.54,1.04
2020-09-29 12:00:00,719.05,933.0,30.89,64.1,1.16
2020-09-29 13:00:00,695.75,840.6,30.86,64.34,1.2
2020-09-29 14:00:00,532.38,677.92,30.75,64.75,1.22
2020-09-29 15:00:00,367.85,461.38,30.32,66.38,1.03
2020-09-29 16:00:00,172.27,223.9,29.82,70.7,0.61
2020-09-29 17:00:00,29.77,36.1,28.96,75.26,0.47
2020-09-29 18:00:00,0.0,0.0,28.29,76.66,0.3
2020-09-29 19:00:00,0.0,0.0,27.8,78.76,0.37
2020-09-29 20:00:00,0.0,0.0,27.07,83.16,0.47
2020-09-29 21:00:00,0.0,0.0,26.48,86.76,0.54
2020-09-29 22:00:00,0.0,0.0,25.89,90.17,0.55
2020-09-29 23:00:00,0.0,0.0,25.38,92.27,0.61
2020-09-30 00:00:00,0.0,0.0,24.91,93.18,0.8
2020-09-30 01:00:00,0.0,0.0,24.55,93.46,1.11
2020-09-30 02:00:00,0.0,0.0,24.29,94.05,1.4
2020-09-30 03:00:00,0.0,0.0,24.05,95.26,1.36
2020-09-30 04:00:00,0.0,0.0,23.88,96.06,1.14
2020-09-30 05:00:00,0.0,0.0,23.64,96.78,0.79
2020-09-30 06:00:00,9.5,75.45,23.68,97.02,0.6
2020-09-30 07:00:00,43.45,290.73,24.28,94.57,0.81
2020-09-30 08:00:00,98.18,526.53,25.4,90.51,0.97
2020-09-30 09:00:00,230.9,727.33,26.69,85.08,1.53
2020-09-30 10:00:00,570.28,868.62,27.64,80.62,1.87
2020-09-30 11:00:00,748.55,936.05,28.37,77.17,2.08
2020-09-30 12:00:00,715.8,917.72,28.64,75.55,2.23
2020-09-30 13:00:00,576.28,832.15,28.55,75.89,2.29
2020-09-30 14:00:00,400.12,669.9,28.2,77.54,2.26
2020-09-30 15:00:00,311.65,447.77,27.74,80.23,2.08
2020-09-30 16:00:00,154.15,218.7,27.1,85.08,1.64
2020-09-30 17:00:00,25.9,33.12,26.09,91.8,1.03
2020-09-30 18:00:00,0.0,0.0,25.06,95.85,0.74
2020-09-30 19:00:00,0.0,0.0,24.74,96.66,0.76
2020-09-30 20:00:00,0.0,0.0,24.46,97.26,0.77
2020-09-30 21:00:00,0.0,0.0,24.23,97.52,0.8
2020-09-30 22:00:00,0.0,0.0,24.01,97.66,0.81
2020-09-30 23:00:00,0.0,0.0,23.8,97.8,0.84
2020-10-01 00:00:00,0.0,0.0,23.59,97.95,0.85
2020-10-01 01:00:00,0.0,0.0,23.38,98.03,0.85
2020-10-01 02:00:00,0.0,0.0,23.24,97.83,0.85
2020-10-01 03:00:00,0.0,0.0,23.11,97.76,0.85
2020-10-01 04:00:00,0.0,0.0,22.97,97.77,0.87
2020-10-01 05:00:00,0.0,0.0,22.83,97.85,0.9
2020-10-01 06:00:00,28.08,70.97,23.17,97.22,1.28
2020-10-01 07:00:00,102.3,280.45,24.14,94.96,2.1
2020-10-01 08:00:00,195.12,514.47,25.57,89.79,2.49
2020-10-01 09:00:00,378.05,716.0,26.92,82.7,2.85
2020-10-01 10:00:00,533.38,858.6,27.86,76.88,3.02
2020-10-01 11:00:00,622.35,928.1,28.45,73.42,3.1
2020-10-01 12:00:00,643.0,923.17,28.66,72.22,3.09
2020-10-01 13:00:00,600.88,831.35,28.7,71.89,3.03
2020-10-01 14:00:00,476.55,670.7,28.59,72.27,2.89
2020-10-01 15:00:00,302.23,457.02,28.2,74.61,2.53
2020-10-01 16:00:00,141.68,220.7,27.53,79.88,1.88
2020-10-01 17:00:00,26.85,33.25,26.43,87.27,1.24
2020-10-01 18:00:00,0.0,0.0,25.21,92.02,0.9
2020-10-01 19:00:00,0.0,0.0,24.84,92.94,0.93
2020-10-01 20:00:00,0.0,0.0,24.51,93.7,0.95
2020-10-01 21:00:00,0.0,0.0,24.24,94.33,0.97
2020-10-01 22:00:00,0.0,0.0,24.05,94.85,1.0
2020-10-01 23:00:00,0.0,0.0,23.85,95.55,1.03
2020-10-02 00:00:00,0.0,0.0,23.73,96.13,1.1
2020-10-02 01:00:00,0.0,0.0,23.69,96.58,1.25
2020-10-02 02:00:00,0.0,0.0,23.65,96.94,1.41
2020-10-02 03:00:00,0.0,0.0,23.65,96.89,1.59
2020-10-02 04:00:00,0.0,0.0,23.65,96.76,1.86
2020-10-02 05:00:00,0.0,0.0,23.63,96.76,2.0
2020-10-02 06:00:00,51.22,80.6,23.84,95.98,2.36
2020-10-02 07:00:00,166.57,307.58,24.55,93.67,2.87
2020-10-02 08:00:00,305.75,546.97,25.53,88.63,3.14
2020-10-02 09:00:00,399.45,746.03,26.72,81.83,3.27
2020-10-02 10:00:00,488.25,884.38,27.86,76.51,3.12
2020-10-02 11:00:00,528.33,949.67,28.78,73.06,2.93
2020-10-02 12:00:00,451.55,881.5,29.45,70.67,2.73
2020-10-02 13:00:00,449.52,787.53,29.88,69.08,2.58
2020-10-02 14:00:00,402.62,625.33,29.92,68.7,2.38
2020-10-02 15:00:00,320.67,407.15,29.63,69.83,2.12
2020-10-02 16:00:00,167.3,194.48,28.93,75.06,1.54
2020-10-02 17:00:00,26.38,28.45,27.78,82.1,1.09
2020-10-02 18:00:00,0.0,0.0,26.25,89.46,0.67
2020-10-02 19:00:00,0.0,0.0,25.9,89.4,0.67
2020-10-02 20:00:00,0.0,0.0,25.67,88.82,0.67
2020-10-02 21:00:00,0.0,0.0,25.49,88.2,0.66
2020-10-02 22:00:00,0.0,0.0,25.3,87.81,0.62
2020-10-02 23:00:00,0.0,0.0,25.02,88.03,0.55
2020-10-03 00:00:00,0.0,0.0,24.9,87.42,0.5
2020-10-03 01:00:00,0.0,0.0,24.62,87.93,0.45
2020-10-03 02:00:00,0.0,0.0,24.2,89.42,0.39
2020-10-03 03:00:00,0.0,0.0,23.74,91.33,0.43
2020-10-03 04:00:00,0.0,0.0,23.16,94.06,0.52
2020-10-03 05:00:00,0.0,0.0,22.66,96.67,0.6
2020-10-03 06:00:00,65.4,67.4,23.15,96.4,0.82
2020-10-03 07:00:00,244.07,272.55,25.03,89.67,1.53
2020-10-03 08:00:00,442.58,504.25,26.99,81.12,1.92
2020-10-03 09:00:00,524.1,707.33,28.24,75.25,1.75
2020-10-03 10:00:00,613.83,844.05,28.96,72.19,1.42
2020-10-03 11:00:00,764.22,908.9,29.38,70.43,1.31
2020-10-03 12:00:00,772.38,919.25,29.6,69.44,1.37
2020-10-03 13:00:00,671.15,825.83,29.63,69.04,1.45
2020-10-03 14:00:00,532.78,661.9,29.49,69.63,1.47
2020-10-03 15:00:00,355.2,449.45,29.2,71.53,1.39
2020-10-03 16:00:00,159.6,216.88,28.74,75.76,1.09
2020-10-03 17:00:00,24.48,31.67,27.74,82.97,0.82
2020-10-03 18:00:00,0.0,0.0,26.33,88.32,0.66
2020-10-03 19:00:00,0.0,0.0,25.83,89.77,0.67
2020-10-03 20:00:00,0.0,0.0,25.41,91.1,0.7
2020-10-03 21:00:00,0.0,0.0,25.08,92.16,0.74
2020-10-03 22:00:00,0.0,0.0,24.77,93.24,0.8
2020-10-03 23:00:00,0.0,0.0,24.51,94.11,0.87
2020-10-04 00:00:00,0.0,0.0,24.26,95.0,0.96
2020-10-04 01:00:00,0.0,0.0,24.09,95.75,1.08
2020-10-04 02:00:00,0.0,0.0,23.98,96.39,1.25
2020-10-04 03:00:00,0.0,0.0,23.9,96.85,1.3
2020-10-04 04:00:00,0.0,0.0,23.8,97.34,1.19
2020-10-04 05:00:00,0.0,0.0,23.68,97.65,1.08
2020-10-04 06:00:00,37.15,77.05,23.89,97.25,1.31
2020-10-04 07:00:00,126.65,293.48,24.74,94.71,1.95
2020-10-04 08:00:00,235.3,531.62,25.8,90.99,2.29
2020-10-04 09:00:00,312.27,731.05,26.92,85.49,2.89
2020-10-04 10:00:00,407.5,871.15,27.99,79.74,3.42
2020-10-04 11:00:00,524.62,936.7,28.47,77.03,3.46
2020-10-04 12:00:00,527.08,917.28,28.63,76.19,3.28
2020-10-04 13:00:00,70.35,825.6,28.67,75.81,3.14
2020-10-04 14:00:00,99.47,664.67,28.87,74.97,3.12
2020-10-04 15:00:00,54.78,451.15,28.47,76.51,2.88
2020-10-04 16:00:00,38.97,215.48,27.61,81.72,2.34
2020-10-04 17:00:00,10.55,30.12,26.41,89.17,1.63
2020-10-04 18:00:00,0.0,0.0,25.1,94.24,1.29
2020-10-04 19:00:00,0.0,0.0,24.67,95.36,1.35
2020-10-04 20:00:00,0.0,0.0,24.3,96.39,1.21
2020-10-04 21:00:00,0.0,0.0,24.04,96.96,1.0
2020-10-04 22:00:00,0.0,0.0,23.81,97.26,0.78
2020-10-04 23:00:00,0.0,0.0,23.64,97.37,0.61
2020-10-05 00:00:00,0.0,0.0,23.5,97.25,0.54
2020-10-05 01:00:00,0.0,0.0,23.35,97.45,0.55
2020-10-05 02:00:00,0.0,0.0,23.18,97.9,0.59
2020-10-05 03:00:00,0.0,0.0,23.38,96.54,0.45
2020-10-05 04:00:00,0.0,0.0,23.48,95.52,0.14
2020-10-05 05:00:00,0.0,0.0,23.53,95.29,0.38
2020-10-05 06:00:00,52.28,70.55,23.58,95.7,0.99
2020-10-05 07:00:00,188.57,273.2,24.01,94.99,1.79
2020-10-05 08:00:00,346.9,506.85,24.53,93.25,2.06
2020-10-05 09:00:00,588.7,713.08,25.44,89.55,1.96
2020-10-05 10:00:00,636.5,855.53,26.49,84.42,1.95
2020-10-05 11:00:00,752.25,923.88,27.85,78.07,2.03
2020-10-05 12:00:00,729.83,895.08,29.11,71.85,2.15
2020-10-05 13:00:00,612.08,810.72,29.67,68.63,2.09
2020-10-05 14:00:00,532.67,655.12,29.6,67.98,1.84
2020-10-05 15:00:00,355.92,443.1,29.24,69.1,1.46
2020-10-05 16:00:00,176.52,211.68,28.85,72.34,0.99
2020-10-05 17:00:00,29.7,30.15,27.84,78.62,0.66
2020-10-05 18:00:00,0.0,0.0,26.49,82.79,0.66
2020-10-05 19:00:00,0.0,0.0,25.78,86.54,0.7
2020-10-05 20:00:00,0.0,0.0,25.27,89.27,0.71
2020-10-05 21:00:00,0.0,0.0,24.83,91.28,0.75
2020-10-05 22:00:00,0.0,0.0,24.51,92.54,0.82
2020-10-05 23:00:00,0.0,0.0,24.24,93.45,0.9
2020-10-06 00:00:00,0.0,0.0,23.97,94.18,0.97
2020-10-06 01:00:00,0.0,0.0,23.7,95.08,1.01
2020-10-06 02:00:00,0.0,0.0,23.44,95.85,1.01
2020-10-06 03:00:00,0.0,0.0,23.17,96.58,1.0
2020-10-06 04:00:00,0.0,0.0,22.99,97.13,0.98
2020-10-06 05:00:00,0.0,0.0,22.8,97.89,0.94
2020-10-06 06:00:00,48.08,78.05,23.3,96.54,1.27
2020-10-06 07:00:00,175.05,298.77,24.55,92.54,1.82
2020-10-06 08:00:00,331.2,537.42,26.44,85.22,1.38
2020-10-06 09:00:00,543.05,740.62,28.83,72.15,0.92
2020-10-06 10:00:00,701.7,882.42,30.24,66.63,0.11
2020-10-06 11:00:00,789.88,947.9,31.23,62.71,0.64
2020-10-06 12:00:00,836.5,906.1,31.56,61.69,0.98
2020-10-06 13:00:00,785.0,816.05,31.38,62.38,1.21
2020-10-06 14:00:00,656.62,657.05,31.0,64.2,1.29
2020-10-06 15:00:00,443.85,444.5,30.53,66.97,1.28
2020-10-06 16:00:00,201.32,214.73,29.85,72.54,1.07
2020-10-06 17:00:00,27.2,29.77,28.46,83.48,0.76
2020-10-06 18:00:00,0.0,0.0,27.05,88.13,0.76
2020-10-06 19:00:00,0.0,0.0,26.39,89.55,0.89
2020-10-06 20:00:00,0.0,0.0,25.85,90.79,1.05
2020-10-06 21:00:00,0.0,0.0,25.38,91.86,1.27
2020-10-06 22:00:00,0.0,0.0,24.98,92.85,1.57
2020-10-06 23:00:00,0.0,0.0,24.61,93.99,1.85
2020-10-07 00:00:00,0.0,0.0,24.26,95.32,2.02
2020-10-07 01:00:00,0.0,0.0,24.02,96.19,2.01
2020-10-07 02:00:00,0.0,0.0,23.86,96.5,1.97
2020-10-07 03:00:00,0.0,0.0,23.78,96.43,2.0
2020-10-07 04:00:00,0.0,0.0,23.68,96.49,1.97
2020-10-07 05:00:00,0.0,0.0,23.57,96.64,1.89
2020-10-07 06:00:00,51.33,77.93,23.66,96.12,2.05
2020-10-07 07:00:00,194.02,299.15,24.37,93.71,2.57
2020-10-07 08:00:00,387.27,535.45,25.56,88.92,3.06
2020-10-07 09:00:00,561.53,734.92,27.11,81.33,3.36
2020-10-07 10:00:00,654.6,878.2,28.33,76.19,3.39
2020-10-07 11:00:00,797.05,945.12,29.11,73.18,3.34
2020-10-07 12:00:00,861.35,954.5,29.45,71.27,3.22
2020-10-07 13:00:00,747.25,861.7,29.49,70.33,3.09
2020-10-07 14:00:00,479.12,700.5,29.23,70.6,2.93
2020-10-07 15:00:00,305.55,484.3,28.81,72.55,2.67
2020-10-07 16:00:00,149.98,240.0,27.95,79.18,1.92
2020-10-07 17:00:00,28.85,32.47,26.62,88.0,1.23
2020-10-07 18:00:00,0.0,0.0,25.51,91.69,1.06
2020-10-07 19:00:00,0.0,0.0,25.14,92.89,1.06
2020-10-07 20:00:00,0.0,0.0,24.79,93.97,1.04
2020-10-07 21:00:00,0.0,0.0,24.49,94.69,0.98
2020-10-07 22:00:00,0.0,0.0,24.19,95.37,0.92
2020-10-07 23:00:00,0.0,0.0,23.95,95.77,0.85
2020-10-08 00:00:00,0.0,0.0,23.71,96.03,0.79
2020-10-08 01:00:00,0.0,0.0,23.48,96.28,0.72
2020-10-08 02:00:00,0.0,0.0,23.28,96.42,0.67
2020-10-08 03:00:00,0.0,0.0,23.05,96.86,0.66
2020-10-08 04:00:00,0.0,0.0,22.82,97.5,0.66
2020-10-08 05:00:00,0.0,0.0,22.58,98.35,0.69
2020-10-08 06:00:00,81.6,86.85,23.04,96.95,1.01
2020-10-08 07:00:00,288.42,315.6,24.24,92.43,1.73
2020-10-08 08:00:00,511.33,554.03,26.06,83.79,1.99
2020-10-08 09:00:00,672.88,757.53,27.6,76.13,2.15
2020-10-08 10:00:00,788.62,896.67,28.48,72.23,1.97
2020-10-08 11:00:00,878.83,960.62,29.07,69.9,1.61
2020-10-08 12:00:00,799.42,899.5,29.37,68.55,1.12
2020-10-08 13:00:00,615.45,802.92,29.46,67.73,0.75
2020-10-08 14:00:00,528.22,637.55,29.43,67.51,0.78
2020-10-08 15:00:00,370.8,421.85,29.11,68.92,1.0
2020-10-08 16:00:00,179.3,197.68,28.61,73.81,0.89
2020-10-08 17:00:00,23.95,25.75,27.43,81.6,0.74
2020-10-08 18:00:00,0.0,0.0,26.28,83.79,0.7
2020-10-08 19:00:00,0.0,0.0,25.89,84.3,0.72
2020-10-08 20:00:00,0.0,0.0,25.59,84.34,0.71
2020-10-08 21:00:00,0.0,0.0,25.4,83.3,0.64
2020-10-08 22:00:00,0.0,0.0,25.15,83.19,0.55
2020-10-08 23:00:00,0.0,0.0,24.66,84.77,0.61
2020-10-09 00:00:00,0.0,0.0,23.9,88.3,0.75
2020-10-09 01:00:00,0.0,0.0,23.11,91.83,0.78
2020-10-09 02:00:00,0.0,0.0,22.56,93.88,0.77
2020-10-09 03:00:00,0.0,0.0,22.17,95.23,0.77
2020-10-09 04:00:00,0.0,0.0,21.85,96.34,0.74
2020-10-09 05:00:00,0.0,0.0,21.59,97.4,0.67
2020-10-09 06:00:00,44.75,74.03,22.21,96.66,0.74
2020-10-09 07:00:00,111.35,281.62,23.68,92.63,1.14
2020-10-09 08:00:00,69.22,521.65,26.21,81.68,0.89
2020-10-09 09:00:00,126.25,722.92,27.95,72.9,1.13
2020-10-09 10:00:00,360.52,867.3,28.87,67.44,1.73
2020-10-09 11:00:00,429.77,933.38,29.47,63.37,2.21
2020-10-09 12:00:00,601.3,919.28,29.82,60.48,2.47
2020-10-09 13:00:00,475.17,825.9,29.87,59.36,2.54
2020-10-09 14:00:00,571.88,659.03,29.67,59.94,2.54
2020-10-09 15:00:00,289.52,442.17,29.23,61.85,2.49
2020-10-09 16:00:00,148.6,206.43,28.34,67.33,2.13
2020-10-09 17:00:00,25.85,26.73,26.73,79.23,1.43
2020-10-09 18:00:00,0.0,0.0,25.09,87.02,1.08
2020-10-09 19:00:00,0.0,0.0,24.59,88.71,1.11
2020-10-09 20:00:00,0.0,0.0,24.13,90.24,1.09
2020-10-09 21:00:00,0.0,0.0,23.74,91.49,1.09
2020-10-09 22:00:00,0.0,0.0,23.36,92.45,1.2
2020-10-09 23:00:00,0.0,0.0,22.96,93.39,1.48
2020-10-10 00:00:00,0.0,0.0,22.55,94.25,1.89
2020-10-10 01:00:00,0.0,0.0,22.07,95.2,2.24
2020-10-10 02:00:00,0.0,0.0,21.55,95.97,2.37
2020-10-10 03:00:00,0.0,0.0,21.06,96.43,2.36
2020-10-10 04:00:00,0.0,0.0,20.68,96.61,2.28
2020-10-10 05:00:00,0.0,0.0,20.39,96.85,2.01
2020-10-10 06:00:00,58.42,78.47,20.68,95.5,2.08
2020-10-10 07:00:00,207.07,294.5,22.35,88.79,2.86
2020-10-10 08:00:00,394.7,531.62,24.81,78.45,3.98
2020-10-10 09:00:00,557.38,731.67,27.0,71.49,4.74
2020-10-10 10:00:00,690.47,870.72,28.25,69.49,4.95
2020-10-10 11:00:00,689.05,934.53,28.69,68.36,4.93
2020-10-10 12:00:00,685.92,928.5,28.47,68.74,4.82
2020-10-10 13:00:00,574.55,835.47,27.75,71.36,4.46
2020-10-10 14:00:00,396.45,673.35,27.07,74.55,3.91
2020-10-10 15:00:00,257.2,458.2,26.47,77.81,3.19
2020-10-10 16:00:00,128.48,217.93,25.79,82.94,2.18
2020-10-10 17:00:00,20.95,27.48,24.9,89.83,1.22
2020-10-10 18:00:00,0.0,0.0,24.05,93.14,0.91
2020-10-10 19:00:00,0.0,0.0,23.74,93.14,0.94
2020-10-10 20:00:00,0.0,0.0,23.41,93.28,0.99
2020-10-10 21:00:00,0.0,0.0,23.09,93.41,1.06
2020-10-10 22:00:00,0.0,0.0,22.78,93.71,1.16
2020-10-10 23:00:00,0.0,0.0,22.5,94.22,1.28
2020-10-11 00:00:00,0.0,0.0,22.23,94.98,1.36
2020-10-11 01:00:00,0.0,0.0,21.99,95.73,1.46
2020-10-11 02:00:00,0.0,0.0,21.79,96.47,1.5
2020-10-11 03:00:00,0.0,0.0,21.64,97.0,1.49
2020-10-11 04:00:00,0.0,0.0,21.54,97.25,1.41
2020-10-11 05:00:00,0.0,0.0,21.44,97.46,1.32
2020-10-11 06:00:00,53.62,83.0,21.8,96.35,1.83
2020-10-11 07:00:00,197.0,307.6,23.02,93.07,2.4
2020-10-11 08:00:00,349.15,547.1,25.19,85.16,2.73
2020-10-11 09:00:00,538.97,744.85,27.39,76.84,2.96
2020-10-11 10:00:00,677.47,881.97,28.44,73.12,3.13
2020-10-11 11:00:00,722.1,942.88,28.74,72.02,3.09
2020-10-11 12:00:00,644.42,841.17,28.86,71.5,2.91
2020-10-11 13:00:00,581.5,744.4,28.76,71.21,2.71
2020-10-11 14:00:00,480.25,577.97,28.37,72.55,2.49
2020-10-11 15:00:00,337.65,375.98,27.61,77.26,1.99
2020-10-11 16:00:00,165.3,174.35,26.77,83.01,1.49
2020-10-11 17:00:00,20.35,21.85,25.64,90.29,0.95
2020-10-11 18:00:00,0.0,0.0,24.73,92.75,0.81
2020-10-11 19:00:00,0.0,0.0,24.44,93.1,0.78
2020-10-11 20:00:00,0.0,0.0,24.23,93.26,0.73
2020-10-11 21:00:00,0.0,0.0,23.96,93.69,0.7
2020-10-11 22:00:00,0.0,0.0,23.65,94.1,0.69
2020-10-11 23:00:00,0.0,0.0,23.32,94.58,0.69
2020-10-12 00:00:00,0.0,0.0,22.95,95.33,0.7
2020-10-12 01:00:00,0.0,0.0,22.52,96.41,0.72
2020-10-12 02:00:00,0.0,0.0,22.12,97.57,0.75
2020-10-12 03:00:00,0.0,0.0,21.71,98.82,0.77
2020-10-12 04:00:00,0.0,0.0,21.33,99.79,0.8
2020-10-12 05:00:00,0.0,0.0,20.99,100.0,0.81
2020-10-12 06:00:00,84.18,84.55,21.75,97.71,1.17
2020-10-12 07:00:00,307.42,308.75,23.76,91.35,1.84
2020-10-12 08:00:00,548.67,550.3,26.43,80.82,2.13
2020-10-12 09:00:00,749.45,751.0,28.54,71.45,1.92
2020-10-12 10:00:00,872.9,888.25,30.01,65.75,1.78
2020-10-12 11:00:00,932.45,951.4,30.99,62.24,1.76
2020-10-12 12:00:00,895.9,938.65,31.52,60.1,1.68
2020-10-12 13:00:00,753.35,842.72,31.7,58.81,1.54
2020-10-12 14:00:00,623.78,675.85,31.54,58.44,1.42
2020-10-12 15:00:00,439.0,454.15,31.02,59.15,1.34
2020-10-12 16:00:00,201.93,210.3,30.44,62.87,1.08
2020-10-12 17:00:00,24.98,25.4,29.29,70.18,0.79
2020-10-12 18:00:00,0.0,0.0,27.95,74.91,0.66
2020-10-12 19:00:00,0.0,0.0,27.39,76.27,0.68
2020-10-12 20:00:00,0.0,0.0,26.69,79.45,0.72
2020-10-12 21:00:00,0.0,0.0,25.83,84.42,0.75
2020-10-12 22:00:00,0.0,0.0,25.03,88.1,0.79
2020-10-12 23:00:00,0.0,0.0,24.46,89.89,0.87
2020-10-13 00:00:00,0.0,0.0,23.99,91.3,0.94
2020-10-13 01:00:00,0.0,0.0,23.58,92.65,0.99
2020-10-13 02:00:00,0.0,0.0,23.17,94.1,1.0
2020-10-13 03:00:00,0.0,0.0,22.86,95.24,0.99
2020-10-13 04:00:00,0.0,0.0,22.56,96.36,0.98
2020-10-13 05:00:00,0.0,0.0,22.26,97.49,0.99
2020-10-13 06:00:00,72.15,76.5,22.71,96.08,1.56
2020-10-13 07:00:00,260.9,290.92,24.24,91.14,2.07
2020-10-13 08:00:00,479.27,527.85,27.07,76.92,2.22
2020-10-13 09:00:00,692.6,730.88,29.16,68.49,1.84
2020-10-13 10:00:00,867.58,876.33,30.36,65.19,1.16
2020-10-13 11:00:00,921.45,933.95,31.22,62.62,0.59
2020-10-13 12:00:00,909.03,922.65,31.95,60.25,0.37
2020-10-13 13:00:00,777.28,823.53,32.33,58.63,0.58
2020-10-13 14:00:00,643.03,652.53,32.29,57.86,0.8
2020-10-13 15:00:00,421.52,426.35,31.93,57.86,0.88
2020-10-13 16:00:00,205.2,207.32,31.41,61.0,0.66
2020-10-13 17:00:00,23.3,23.38,30.53,65.24,0.56
2020-10-13 18:00:00,0.0,0.0,28.99,71.72,0.55
2020-10-13 19:00:00,0.0,0.0,28.17,74.99,0.67
2020-10-13 20:00:00,0.0,0.0,27.32,78.91,0.76
2020-10-13 21:00:00,0.0,0.0,26.47,82.98,0.81
2020-10-13 22:00:00,0.0,0.0,25.74,86.31,0.83
2020-10-13 23:00:00,0.0,0.0,25.14,88.64,0.87
2020-10-14 00:00:00,0.0,0.0,24.68,90.25,0.94
2020-10-14 01:00:00,0.0,0.0,24.32,91.45,1.01
2020-10-14 02:00:00,0.0,0.0,24.04,92.55,1.09
2020-10-14 03:00:00,0.0,0.0,23.84,93.51,1.16
2020-10-14 04:00:00,0.0,0.0,23.61,94.4,1.23
2020-10-14 05:00:00,0.0,0.0,23.35,95.49,1.25
2020-10-14 06:00:00,68.18,71.2,23.63,94.65,1.67
2020-10-14 07:00:00,259.8,283.77,24.82,90.63,2.17
2020-10-14 08:00:00,428.85,508.65,26.81,81.69,2.38
2020-10-14 09:00:00,584.42,709.15,28.39,74.13,2.32
2020-10-14 10:00:00,758.22,847.92,29.22,71.16,1.81
2020-10-14 11:00:00,769.0,912.47,29.61,69.9,1.23
2020-10-14 12:00:00,750.65,893.92,29.86,68.99,0.77
2020-10-14 13:00:00,692.88,794.08,29.87,68.9,0.7
2020-10-14 14:00:00,550.22,625.75,29.62,70.02,0.88
2020-10-14 15:00:00,368.65,408.25,29.22,72.84,0.94
2020-10-14 16:00:00,177.25,185.02,28.74,76.97,0.89
2020-10-14 17:00:00,21.1,21.65,27.59,85.59,0.65
2020-10-14 18:00:00,0.0,0.0,26.71,86.67,0.67
2020-10-14 19:00:00,0.0,0.0,26.38,87.31,0.69
2020-10-14 20:00:00,0.0,0.0,26.07,88.1,0.7
2020-10-14 21:00:00,0.0,0.0,25.76,88.92,0.71
2020-10-14 22:00:00,0.0,0.0,25.43,89.8,0.7
2020-10-14 23:00:00,0.0,0.0,25.06,90.88,0.7
2020-10-15 00:00:00,0.0,0.0,24.61,92.48,0.7
2020-10-15 01:00:00,0.0,0.0,24.19,93.95,0.72
2020-10-15 02:00:00,0.0,0.0,23.81,95.15,0.79
2020-10-15 03:00:00,0.0,0.0,23.44,96.16,0.91
2020-10-15 04:00:00,0.0,0.0,23.2,96.87,1.07
2020-10-15 05:00:00,0.0,0.0,23.0,97.4,1.18
2020-10-15 06:00:00,47.4,69.68,23.26,96.49,1.63
2020-10-15 07:00:00,169.38,277.12,24.34,93.3,2.2
2020-10-15 08:00:00,290.0,501.77,26.28,84.67,2.28
2020-10-15 09:00:00,420.1,704.42,28.25,73.89,2.31
2020-10-15 10:00:00,755.62,847.05,29.57,67.45,2.1
2020-10-15 11:00:00,814.85,912.35,30.43,63.61,1.98
2020-10-15 12:00:00,851.88,910.1,31.02,60.82,1.94
2020-10-15 13:00:00,722.08,812.3,31.23,59.3,1.92
2020-10-15 14:00:00,589.62,647.4,31.03,59.95,1.8
2020-10-15 15:00:00,337.98,429.27,30.49,63.25,1.47
2020-10-15 16:00:00,160.45,197.02,30.09,66.33,1.02
2020-10-15 17:00:00,18.92,22.2,28.79,73.8,0.8
2020-10-15 18:00:00,0.0,0.0,27.76,76.18,0.64
2020-10-15 19:00:00,0.0,0.0,27.12,78.61,0.69
2020-10-15 20:00:00,0.0,0.0,26.48,81.4,0.71
2020-10-15 21:00:00,0.0,0.0,25.89,83.79,0.72
2020-10-15 22:00:00,0.0,0.0,25.3,86.23,0.7
2020-10-15 23:00:00,0.0,0.0,24.73,88.48,0.7
2020-10-16 00:00:00,0.0,0.0,24.21,90.4,0.69
2020-10-16 01:00:00,0.0,0.0,23.74,92.08,0.68
2020-10-16 02:00:00,0.0,0.0,23.36,93.5,0.66
2020-10-16 03:00:00,0.0,0.0,23.07,94.55,0.63
2020-10-16 04:00:00,0.0,0.0,22.77,95.52,0.64
2020-10-16 05:00:00,0.0,0.0,22.5,96.46,0.66
2020-10-16 06:00:00,69.12,73.9,22.94,95.66,1.01
2020-10-16 07:00:00,240.5,285.27,24.11,91.9,1.68
2020-10-16 08:00:00,438.3,524.1,26.17,83.33,1.89
2020-10-16 09:00:00,669.38,725.53,27.98,75.84,1.73
2020-10-16 10:00:00,797.1,868.9,29.35,71.16,1.19
2020-10-16 11:00:00,811.9,933.53,30.15,68.63,0.77
2020-10-16 12:00:00,762.72,897.6,30.65,67.13,0.85
2020-10-16 13:00:00,698.08,806.47,30.63,66.99,1.16
2020-10-16 14:00:00,478.33,645.08,30.38,67.81,1.43
2020-10-16 15:00:00,276.52,432.67,29.93,70.24,1.44
2020-10-16 16:00:00,131.88,197.98,29.25,75.53,1.12
2020-10-16 17:00:00,18.92,22.25,28.06,84.69,0.78
2020-10-16 18:00:00,0.0,0.0,27.06,86.53,0.69
2020-10-16 19:00:00,0.0,0.0,26.78,86.22,0.69
2020-10-16 20:00:00,0.0,0.0,26.52,86.19,0.69
2020-10-16 21:00:00,0.0,0.0,26.21,86.88,0.68
2020-10-16 22:00:00,0.0,0.0,25.83,88.15,0.67
2020-10-16 23:00:00,0.0,0.0,25.47,89.06,0.68
2020-10-17 00:00:00,0.0,0.0,25.12,89.85,0.67
2020-10-17 01:00:00,0.0,0.0,24.8,90.67,0.67
2020-10-17 02:00:00,0.0,0.0,24.52,91.14,0.65
2020-10-17 03:00:00,0.0,0.0,24.25,91.77,0.64
2020-10-17 04:00:00,0.0,0.0,23.83,92.96,0.66
2020-10-17 05:00:00,0.0,0.0,23.34,94.91,0.67
2020-10-17 06:00:00,75.97,81.5,23.68,95.23,0.91
2020-10-17 07:00:00,287.67,305.48,25.0,91.1,1.8
2020-10-17 08:00:00,530.42,542.45,27.35,81.13,2.05
2020-10-17 09:00:00,740.28,740.75,29.42,72.29,2.03
2020-10-17 10:00:00,863.4,878.67,30.65,67.69,1.96
2020-10-17 11:00:00,923.3,939.58,31.34,65.12,2.04
2020-10-17 12:00:00,872.2,891.2,31.69,63.58,2.07
2020-10-17 13:00:00,708.62,789.8,31.6,63.35,2.03
2020-10-17 14:00:00,502.58,623.95,30.98,64.91,1.91
2020-10-17 15:00:00,231.43,409.2,30.32,68.98,1.59
2020-10-17 16:00:00,93.57,185.75,29.51,73.27,1.44
2020-10-17 17:00:00,12.93,20.35,28.08,83.32,1.01
2020-10-17 18:00:00,0.0,0.0,26.73,88.67,0.84
2020-10-17 19:00:00,0.0,0.0,26.12,89.85,0.91
2020-10-17 20:00:00,0.0,0.0,25.66,90.97,0.97
2020-10-17 21:00:00,0.0,0.0,25.29,92.05,0.98
2020-10-17 22:00:00,0.0,0.0,24.96,93.13,0.94
2020-10-17 23:00:00,0.0,0.0,24.65,94.1,0.9
2020-10-18 00:00:00,0.0,0.0,24.36,95.02,0.85
2020-10-18 01:00:00,0.0,0.0,24.09,95.74,0.79
2020-10-18 02:00:00,0.0,0.0,23.85,96.29,0.74
2020-10-18 03:00:00,0.0,0.0,23.62,96.81,0.74
2020-10-18 04:00:00,0.0,0.0,23.39,97.36,0.78
2020-10-18 05:00:00,0.0,0.0,23.17,97.88,0.85
2020-10-18 06:00:00,73.25,75.57,23.43,97.18,1.26
2020-10-18 07:00:00,274.38,289.5,24.52,93.73,2.11
2020-10-18 08:00:00,503.5,527.25,26.13,87.71,2.42
2020-10-18 09:00:00,630.08,726.65,27.69,80.13,2.69
2020-10-18 10:00:00,691.0,863.5,28.85,74.72,2.61
2020-10-18 11:00:00,694.92,927.1,29.58,71.53,2.38
2020-10-18 12:00:00,738.92,863.28,29.96,69.63,2.13
2020-10-18 13:00:00,711.72,771.47,30.1,68.62,1.89
2020-10-18 14:00:00,557.2,609.95,29.88,68.64,1.61
2020-10-18 15:00:00,369.02,400.42,29.54,70.29,1.33
2020-10-18 16:00:00,163.8,180.77,29.06,74.79,0.85
2020-10-18 17:00:00,15.57,19.65,28.1,81.11,0.62
2020-10-18 18:00:00,0.0,0.0,27.38,82.21,0.51
2020-10-18 19:00:00,0.0,0.0,27.09,81.55,0.51
2020-10-18 20:00:00,0.0,0.0,26.75,81.38,0.51
2020-10-18 21:00:00,0.0,0.0,26.42,81.88,0.5
2020-10-18 22:00:00,0.0,0.0,26.05,83.1,0.49
2020-10-18 23:00:00,0.0,0.0,25.6,84.99,0.5
2020-10-19 00:00:00,0.0,0.0,25.1,87.25,0.52
2020-10-19 01:00:00,0.0,0.0,24.63,89.27,0.53
2020-10-19 02:00:00,0.0,0.0,24.23,90.67,0.51
2020-10-19 03:00:00,0.0,0.0,23.91,91.46,0.49
2020-10-19 04:00:00,0.0,0.0,23.63,92.4,0.44
2020-10-19 05:00:00,0.0,0.0,23.53,92.6,0.41
2020-10-19 06:00:00,73.5,79.72,23.71,93.7,0.41
2020-10-19 07:00:00,276.73,302.45,25.11,88.19,0.53
2020-10-19 08:00:00,512.92,540.53,27.41,78.36,0.8
2020-10-19 09:00:00,738.3,742.47,28.79,72.84,1.22
2020-10-19 10:00:00,836.12,879.5,29.74,69.45,1.27
2020-10-19 11:00:00,918.62,941.42,30.42,66.91,1.23
2020-10-19 12:00:00,910.5,912.72,30.88,64.98,1.16
2020-10-19 13:00:00,751.92,815.62,31.15,63.46,1.07
2020-10-19 14:00:00,627.1,654.47,31.07,63.09,1.02
2020-10-19 15:00:00,420.8,439.25,30.66,64.18,0.98
2020-10-19 16:00:00,197.57,201.45,30.17,68.04,0.78
2020-10-19 17:00:00,20.95,21.15,28.93,75.22,0.68
2020-10-19 18:00:00,0.0,0.0,28.09,76.68,0.56
2020-10-19 19:00:00,0.0,0.0,27.78,76.6,0.48
2020-10-19 20:00:00,0.0,0.0,27.56,75.65,0.4
2020-10-19 21:00:00,0.0,0.0,27.14,76.56,0.35
2020-10-19 22:00:00,0.0,0.0,26.67,78.12,0.46
2020-10-19 23:00:00,0.0,0.0,25.86,83.13,0.56
2020-10-20 00:00:00,0.0,0.0,25.19,87.18,0.62
2020-10-20 01:00:00,0.0,0.0,24.59,90.31,0.62
2020-10-20 02:00:00,0.0,0.0,24.13,92.12,0.61
2020-10-20 03:00:00,0.0,0.0,23.8,93.11,0.61
2020-10-20 04:00:00,0.0,0.0,23.44,93.88,0.63
2020-10-20 05:00:00,0.0,0.0,23.1,94.39,0.64
2020-10-20 06:00:00,78.15,84.38,23.51,94.0,0.87
2020-10-20 07:00:00,275.25,312.08,25.0,87.91,1.5
2020-10-20 08:00:00,491.6,550.05,27.35,77.93,1.35
2020-10-20 09:00:00,658.42,746.08,29.29,70.1,0.67
2020-10-20 10:00:00,752.9,883.65,30.48,65.3,0.4
2020-10-20 11:00:00,807.4,946.78,31.2,62.31,0.76
2020-10-20 12:00:00,772.78,916.17,31.66,60.25,0.9
2020-10-20 13:00:00,640.85,819.92,31.71,59.23,0.96
2020-10-20 14:00:00,533.15,654.35,31.47,59.03,1.01
2020-10-20 15:00:00,364.62,437.77,31.09,60.17,0.87
2020-10-20 16:00:00,176.77,200.32,31.0,61.28,0.53
2020-10-20 17:00:00,19.8,20.73,30.09,63.64,0.41
2020-10-20 18:00:00,0.0,0.0,29.4,69.0,0.15
2020-10-20 19:00:00,0.0,0.0,28.75,72.85,0.28
2020-10-20 20:00:00,0.0,0.0,28.02,74.16,0.46
2020-10-20 21:00:00,0.0,0.0,27.24,77.64,0.57
2020-10-20 22:00:00,0.0,0.0,26.49,80.95,0.63
2020-10-20 23:00:00,0.0,0.0,25.8,83.44,0.67
2020-10-21 00:00:00,0.0,0.0,25.16,85.43,0.7
2020-10-21 01:00:00,0.0,0.0,24.63,86.86,0.71
2020-10-21 02:00:00,0.0,0.0,24.23,87.74,0.71
2020-10-21 03:00:00,0.0,0.0,23.88,88.49,0.7
2020-10-21 04:00:00,0.0,0.0,23.55,89.41,0.69
2020-10-21 05:00:00,0.0,0.0,23.16,90.7,0.69
2020-10-21 06:00:00,83.3,83.75,23.46,91.72,0.73
2020-10-21 07:00:00,309.95,311.23,24.98,85.22,1.21
2020-10-21 08:00:00,550.0,550.25,27.7,73.84,1.06
2020-10-21 09:00:00,751.25,751.53,30.18,64.05,0.44
2020-10-21 10:00:00,891.6,891.65,31.57,59.62,1.31
2020-10-21 11:00:00,948.67,950.33,32.36,57.06,1.84
2020-10-21 12:00:00,937.0,939.5,32.8,55.18,2.06
2020-10-21 13:00:00,843.08,845.8,32.9,54.07,2.1
2020-10-21 14:00:00,654.1,677.78,32.72,53.94,2.01
2020-10-21 15:00:00,446.27,458.83,32.21,55.24,1.79
2020-10-21 16:00:00,209.7,214.82,31.57,59.35,1.24
2020-10-21 17:00:00,21.55,22.1,29.62,71.11,0.96
2020-10-21 18:00:00,0.0,0.0,28.09,76.19,0.79
2020-10-21 19:00:00,0.0,0.0,27.89,74.58,0.75
2020-10-21 20:00:00,0.0,0.0,27.79,72.64,0.65
2020-10-21 21:00:00,0.0,0.0,27.74,70.55,0.57
2020-10-21 22:00:00,0.0,0.0,27.23,71.68,0.57
2020-10-21 23:00:00,0.0,0.0,26.43,74.78,0.64
2020-10-22 00:00:00,0.0,0.0,25.71,77.46,0.74
2020-10-22 01:00:00,0.0,0.0,24.93,80.8,0.77
2020-10-22 02:00:00,0.0,0.0,24.34,83.16,0.75
2020-10-22 03:00:00,0.0,0.0,23.88,84.65,0.72
2020-10-22 04:00:00,0.0,0.0,23.52,85.44,0.68
2020-10-22 05:00:00,0.0,0.0,23.23,86.01,0.6
2020-10-22 06:00:00,91.28,91.47,23.47,87.65,0.48
2020-10-22 07:00:00,322.8,323.4,24.98,81.5,0.61
2020-10-22 08:00:00,563.03,563.8,28.11,68.33,0.75
2020-10-22 09:00:00,762.12,762.95,30.52,59.65,1.38
2020-10-22 10:00:00,899.85,900.08,31.83,56.26,1.77
2020-10-22 11:00:00,957.65,957.9,32.78,53.65,2.14
2020-10-22 12:00:00,931.55,931.85,33.36,51.79,2.43
2020-10-22 13:00:00,833.88,834.58,33.58,50.78,2.61
2020-10-22 14:00:00,666.28,666.4,33.42,50.96,2.64
2020-10-22 15:00:00,446.38,448.8,32.92,52.45,2.49
2020-10-22 16:00:00,209.18,211.73,31.99,58.11,1.87
2020-10-22 17:00:00,20.5,20.67,29.59,73.07,1.22
2020-10-22 18:00:00,0.0,0.0,27.42,78.79,0.98
2020-10-22 19:00:00,0.0,0.0,26.79,80.45,0.98
2020-10-22 20:00:00,0.0,0.0,26.21,82.11,0.96
2020-10-22 21:00:00,0.0,0.0,25.65,83.77,0.93
2020-10-22 22:00:00,0.0,0.0,25.13,85.32,0.9
2020-10-22 23:00:00,0.0,0.0,24.63,86.87,0.86
2020-10-23 00:00:00,0.0,0.0,24.17,88.05,0.81
2020-10-23 01:00:00,0.0,0.0,23.69,89.53,0.77
2020-10-23 02:00:00,0.0,0.0,23.2,91.2,0.75
2020-10-23 03:00:00,0.0,0.0,22.67,93.38,0.72
2020-10-23 04:00:00,0.0,0.0,22.13,96.11,0.73
2020-10-23 05:00:00,0.0,0.0,21.67,98.78,0.74
2020-10-23 06:00:00,86.97,87.18,22.21,97.28,1.04
2020-10-23 07:00:00,316.65,317.23,24.23,89.52,1.71
2020-10-23 08:00:00,554.3,554.83,27.16,76.72,1.77
2020-10-23 09:00:00,752.55,753.42,29.86,64.64,1.99
2020-10-23 10:00:00,890.03,891.15,31.47,57.91,2.1
2020-10-23 11:00:00,951.15,952.5,32.56,53.23,2.23
2020-10-23 12:00:00,915.67,917.45,33.23,49.86,2.4
2020-10-23 13:00:00,813.35,814.45,33.46,48.06,2.52
2020-10-23 14:00:00,644.28,645.15,33.33,47.35,2.54
2020-10-23 15:00:00,422.12,422.77,32.74,48.55,2.39
2020-10-23 16:00:00,194.57,195.6,31.72,53.87,1.8
2020-10-23 17:00:00,18.88,18.95,28.93,70.2,1.19
2020-10-23 18:00:00,0.0,0.0,26.62,75.05,1.04
2020-10-23 19:00:00,0.0,0.0,25.89,76.77,1.05
2020-10-23 20:00:00,0.0,0.0,25.23,78.23,1.04
2020-10-23 21:00:00,0.0,0.0,24.56,79.65,1.01
2020-10-23 22:00:00,0.0,0.0,23.87,81.05,1.0
2020-10-23 23:00:00,0.0,0.0,23.15,82.5,0.97
2020-10-24 00:00:00,0.0,0.0,22.42,84.11,0.95
2020-10-24 01:00:00,0.0,0.0,21.69,86.02,0.92
2020-10-24 02:00:00,0.0,0.0,20.98,88.11,0.9
2020-10-24 03:00:00,0.0,0.0,20.34,90.13,0.91
2020-10-24 04:00:00,0.0,0.0,19.79,91.91,0.93
2020-10-24 05:00:00,0.0,0.0,19.34,93.24,0.93
2020-10-24 06:00:00,79.2,80.18,19.8,92.03,1.14
2020-10-24 07:00:00,296.7,304.15,21.85,82.43,1.99
2020-10-24 08:00:00,527.92,541.03,24.45,74.82,1.54
2020-10-24 09:00:00,731.05,739.03,27.68,62.29,1.42
2020-10-24 10:00:00,876.58,884.38,30.88,48.63,1.78
2020-10-24 11:00:00,939.55,941.47,32.51,43.46,2.02
2020-10-24 12:00:00,877.92,882.12,33.3,41.72,2.08
2020-10-24 13:00:00,780.47,783.55,33.56,40.96,2.19
2020-10-24 14:00:00,608.38,613.58,33.38,41.69,2.22
2020-10-24 15:00:00,386.35,386.88,32.78,44.02,2.12
2020-10-24 16:00:00,183.77,184.8,31.85,48.69,1.68
2020-10-24 17:00:00,16.88,16.98,28.9,66.45,1.12
2020-10-24 18:00:00,0.0,0.0,26.69,71.01,1.03
2020-10-24 19:00:00,0.0,0.0,26.1,72.37,1.02
2020-10-24 20:00:00,0.0,0.0,25.61,73.64,0.99
2020-10-24 21:00:00,0.0,0.0,25.13,75.13,0.96
2020-10-24 22:00:00,0.0,0.0,24.55,77.06,0.93
2020-10-24 23:00:00,0.0,0.0,23.92,79.52,0.89
2020-10-25 00:00:00,0.0,0.0,23.27,82.33,0.85
2020-10-25 01:00:00,0.0,0.0,22.63,84.86,0.85
2020-10-25 02:00:00,0.0,0.0,22.02,87.21,0.86
2020-10-25 03:00:00,0.0,0.0,21.51,89.28,0.9
2020-10-25 04:00:00,0.0,0.0,21.09,91.11,0.91
2020-10-25 05:00:00,0.0,0.0,20.74,92.76,0.86
2020-10-25 06:00:00,71.3,71.35,21.12,92.06,1.06
2020-10-25 07:00:00,281.12,281.3,22.73,84.93,1.68
2020-10-25 08:00:00,514.58,514.8,25.35,75.27,1.29
2020-10-25 09:00:00,716.78,716.97,28.39,63.21,1.53
2020-10-25 10:00:00,852.7,852.9,30.46,56.03,1.53
2020-10-25 11:00:00,907.15,912.9,31.83,51.11,1.56
2020-10-25 12:00:00,820.22,821.08,32.63,48.08,1.74
2020-10-25 13:00:00,709.5,714.72,32.87,46.61,1.98
2020-10-25 14:00:00,540.67,547.7,32.75,46.3,2.16
2020-10-25 15:00:00,328.17,328.3,32.19,48.06,2.17
2020-10-25 16:00:00,149.57,149.95,31.11,54.56,1.72
2020-10-25 17:00:00,13.88,13.85,28.43,70.43,1.21
2020-10-25 18:00:00,0.0,0.0,26.18,75.63,1.13
2020-10-25 19:00:00,0.0,0.0,25.42,77.16,1.2
2020-10-25 20:00:00,0.0,0.0,24.8,78.56,1.21
2020-10-25 21:00:00,0.0,0.0,24.21,80.16,1.16
2020-10-25 22:00:00,0.0,0.0,23.67,81.71,1.1
2020-10-25 23:00:00,0.0,0.0,23.15,83.4,1.04
2020-10-26 00:00:00,0.0,0.0,22.66,85.19,0.98
2020-10-26 01:00:00,0.0,0.0,22.17,87.26,0.92
2020-10-26 02:00:00,0.0,0.0,21.71,89.18,0.89
2020-10-26 03:00:00,0.0,0.0,21.27,91.13,0.86
2020-10-26 04:00:00,0.0,0.0,20.88,92.8,0.82
2020-10-26 05:00:00,0.0,0.0,20.54,94.36,0.77
2020-10-26 06:00:00,52.9,55.08,20.94,93.95,0.86
2020-10-26 07:00:00,214.27,228.52,22.63,86.67,1.4
2020-10-26 08:00:00,373.58,430.0,25.13,77.61,1.13
2020-10-26 09:00:00,585.42,622.47,28.29,63.14,1.37
2020-10-26 10:00:00,750.05,760.97,30.1,56.55,1.07
2020-10-26 11:00:00,818.75,822.42,31.36,52.07,0.97
2020-10-26 12:00:00,805.5,810.85,32.33,48.75,1.17
2020-10-26 13:00:00,691.78,708.22,32.75,46.98,1.46
2020-10-26 14:00:00,541.8,543.67,32.7,46.8,1.74
2020-10-26 15:00:00,333.45,336.0,32.21,48.26,1.86
2020-10-26 16:00:00,138.1,138.82,31.29,54.24,1.46
2020-10-26 17:00:00,13.82,13.85,28.88,70.16,1.03
2020-10-26 18:00:00,0.0,0.0,26.89,75.47,0.96
2020-10-26 19:00:00,0.0,0.0,26.25,77.01,1.0
2020-10-26 20:00:00,0.0,0.0,25.68,78.47,1.02
2020-10-26 21:00:00,0.0,0.0,25.21,79.83,1.0
2020-10-26 22:00:00,0.0,0.0,24.81,81.09,0.97
2020-10-26 23:00:00,0.0,0.0,24.39,82.25,0.97
2020-10-27 00:00:00,0.0,0.0,23.91,83.29,1.02
2020-10-27 01:00:00,0.0,0.0,23.28,84.72,1.12
2020-10-27 02:00:00,0.0,0.0,22.63,86.38,1.22
2020-10-27 03:00:00,0.0,0.0,22.1,88.14,1.27
2020-10-27 04:00:00,0.0,0.0,21.58,90.08,1.2
2020-10-27 05:00:00,0.0,0.0,21.06,92.04,1.09
2020-10-27 06:00:00,61.33,61.38,21.15,91.66,1.36
2020-10-27 07:00:00,234.68,234.85,22.47,85.82,1.91
2020-10-27 08:00:00,449.35,449.55,24.76,77.25,1.62
2020-10-27 09:00:00,641.33,641.5,28.0,61.21,2.07
2020-10-27 10:00:00,784.45,784.65,30.49,50.33,2.69
2020-10-27 11:00:00,847.25,847.4,31.77,46.25,2.98
2020-10-27 12:00:00,845.97,846.17,32.6,43.78,3.21
2020-10-27 13:00:00,750.9,751.15,32.86,42.86,3.3
2020-10-27 14:00:00,584.5,584.7,32.63,43.43,3.13
2020-10-27 15:00:00,368.48,368.88,31.98,45.78,2.73
2020-10-27 16:00:00,170.2,170.38,30.78,52.89,1.87
2020-10-27 17:00:00,15.95,15.95,28.29,68.71,1.1
2020-10-27 18:00:00,0.0,0.0,26.58,70.79,0.96
2020-10-27 19:00:00,0.0,0.0,26.18,70.69,0.95
2020-10-27 20:00:00,0.0,0.0,25.72,71.21,0.95
2020-10-27 21:00:00,0.0,0.0,25.15,72.56,0.95
2020-10-27 22:00:00,0.0,0.0,24.51,74.41,0.95
2020-10-27 23:00:00,0.0,0.0,23.8,76.66,0.95
2020-10-28 00:00:00,0.0,0.0,23.05,79.0,0.96
2020-10-28 01:00:00,0.0,0.0,22.34,80.86,1.04
2020-10-28 02:00:00,0.0,0.0,21.72,82.08,1.21
2020-10-28 03:00:00,0.0,0.0,21.2,83.05,1.53
2020-10-28 04:00:00,0.0,0.0,20.72,84.52,1.86
2020-10-28 05:00:00,0.0,0.0,20.18,87.16,1.92
2020-10-28 06:00:00,68.82,68.9,20.14,88.23,2.02
2020-10-28 07:00:00,261.65,261.95,21.63,83.05,2.04
2020-10-28 08:00:00,488.42,488.85,24.37,73.34,1.35
2020-10-28 09:00:00,688.7,689.15,27.73,57.57,1.94
2020-10-28 10:00:00,837.38,837.4,30.45,46.37,2.45
2020-10-28 11:00:00,895.47,895.47,31.85,42.42,2.51
2020-10-28 12:00:00,875.85,875.85,32.77,39.67,2.53
2020-10-28 13:00:00,778.25,778.25,33.13,38.63,2.45
2020-10-28 14:00:00,609.4,609.65,33.05,38.76,2.25
2020-10-28 15:00:00,394.25,394.75,32.46,40.51,1.94
2020-10-28 16:00:00,175.48,175.8,31.62,44.88,1.33
2020-10-28 17:00:00,16.27,16.27,29.07,60.51,0.91
2020-10-28 18:00:00,0.0,0.0,27.5,59.86,0.94
2020-10-28 19:00:00,0.0,0.0,26.9,60.45,0.91
2020-10-28 20:00:00,0.0,0.0,26.34,61.15,0.9
2020-10-28 21:00:00,0.0,0.0,25.88,61.39,0.87
2020-10-28 22:00:00,0.0,0.0,25.34,62.42,0.8
2020-10-28 23:00:00,0.0,0.0,24.78,63.66,0.72
2020-10-29 00:00:00,0.0,0.0,24.24,65.0,0.68
2020-10-29 01:00:00,0.0,0.0,23.51,67.72,0.63
2020-10-29 02:00:00,0.0,0.0,22.84,70.27,0.62
2020-10-29 03:00:00,0.0,0.0,22.21,72.89,0.66
2020-10-29 04:00:00,0.0,0.0,21.49,76.0,0.69
2020-10-29 05:00:00,0.0,0.0,20.92,77.91,0.68
2020-10-29 06:00:00,77.78,77.82,20.93,80.91,0.57
2020-10-29 07:00:00,294.2,294.35,22.53,72.95,0.71
2020-10-29 08:00:00,527.9,528.15,25.66,62.4,0.52
2020-10-29 09:00:00,728.5,728.72,28.93,51.84,0.83
2020-10-29 10:00:00,869.53,869.53,30.86,45.81,0.97
2020-10-29 11:00:00,925.7,925.88,32.23,42.41,1.22
2020-10-29 12:00:00,892.15,893.4,33.06,41.0,1.5
2020-10-29 13:00:00,792.22,795.3,33.39,40.52,1.77
2020-10-29 14:00:00,620.22,622.58,33.28,40.87,1.94
2020-10-29 15:00:00,398.3,400.17,32.73,42.4,2.02
2020-10-29 16:00:00,181.9,182.95,31.66,48.54,1.61
2020-10-29 17:00:00,16.05,16.05,28.95,65.72,1.06
2020-10-29 18:00:00,0.0,0.0,26.69,71.11,0.98
2020-10-29 19:00:00,0.0,0.0,25.99,73.1,0.98
2020-10-29 20:00:00,0.0,0.0,25.4,74.78,0.97
2020-10-29 21:00:00,0.0,0.0,24.87,76.2,0.95
2020-10-29 22:00:00,0.0,0.0,24.41,77.1,0.91
2020-10-29 23:00:00,0.0,0.0,23.99,77.73,0.88
2020-10-30 00:00:00,0.0,0.0,23.53,78.63,0.85
2020-10-30 01:00:00,0.0,0.0,22.96,80.56,0.81
2020-10-30 02:00:00,0.0,0.0,22.31,83.14,0.79
2020-10-30 03:00:00,0.0,0.0,21.68,85.72,0.78
2020-10-30 04:00:00,0.0,0.0,21.18,87.79,0.82
2020-10-30 05:00:00,0.0,0.0,20.8,89.27,0.85
2020-10-30 06:00:00,77.2,77.4,21.18,89.14,1.0
2020-10-30 07:00:00,295.45,296.25,23.13,80.54,1.74
2020-10-30 08:00:00,533.25,534.55,25.94,70.11,1.39
2020-10-30 09:00:00,733.72,733.72,29.35,55.76,1.84
2020-10-30 10:00:00,865.4,865.5,31.49,48.47,2.2
2020-10-30 11:00:00,924.7,924.9,32.8,44.66,2.32
2020-10-30 12:00:00,901.05,902.97,33.63,42.56,2.43
2020-10-30 13:00:00,801.53,805.53,33.95,41.77,2.53
2020-10-30 14:00:00,638.53,640.72,33.85,41.98,2.6
2020-10-30 15:00:00,419.8,421.95,33.22,43.66,2.55
2020-10-30 16:00:00,188.1,189.57,31.95,50.41,1.99
2020-10-30 17:00:00,16.58,16.65,29.16,67.38,1.2
2020-10-30 18:00:00,0.0,0.0,27.02,72.0,1.07
2020-10-30 19:00:00,0.0,0.0,26.34,73.72,1.06
2020-10-30 20:00:00,0.0,0.0,25.7,75.52,1.03
2020-10-30 21:00:00,0.0,0.0,25.08,77.44,0.97
2020-10-30 22:00:00,0.0,0.0,24.51,79.14,0.91
2020-10-30 23:00:00,0.0,0.0,23.99,80.68,0.87
2020-10-31 00:00:00,0.0,0.0,23.53,81.89,0.83
2020-10-31 01:00:00,0.0,0.0,23.08,82.94,0.81
2020-10-31 02:00:00,0.0,0.0,22.56,84.72,0.77
2020-10-31 03:00:00,0.0,0.0,21.97,87.28,0.74
2020-10-31 04:00:00,0.0,0.0,21.49,89.17,0.74
2020-10-31 05:00:00,0.0,0.0,21.1,90.5,0.74
2020-10-31 06:00:00,78.65,78.85,21.49,89.75,0.97
2020-10-31 07:00:00,299.4,299.98,23.41,81.22,1.58
2020-10-31 08:00:00,537.3,537.9,26.43,70.13,1.15
2020-10-31 09:00:00,734.72,737.42,30.09,54.14,1.44
2020-10-31 10:00:00,872.72,872.72,31.96,47.26,1.67
2020-10-31 11:00:00,929.97,930.05,33.14,43.38,1.89
2020-10-31 12:00:00,925.62,925.8,33.88,40.96,2.14
2020-10-31 13:00:00,829.25,829.25,34.18,40.06,2.39
2020-10-31 14:00:00,664.08,664.08,34.03,40.22,2.56
2020-10-31 15:00:00,442.95,442.98,33.37,42.04,2.6
2020-10-31 16:00:00,202.23,202.25,32.05,48.6,2.08
2020-10-31 17:00:00,17.77,17.77,29.2,66.93,1.15
2020-10-31 18:00:00,0.0,0.0,27.03,71.45,1.03
2020-10-31 19:00:00,0.0,0.0,26.53,72.29,1.0
2020-10-31 20:00:00,0.0,0.0,26.15,72.73,0.97
2020-10-31 21:00:00,0.0,0.0,25.76,73.46,0.93
2020-10-31 22:00:00,0.0,0.0,25.38,74.17,0.91
2020-10-31 23:00:00,0.0,0.0,24.96,74.98,0.9
2020-11-01 00:00:00,0.0,0.0,24.37,76.81,0.86
2020-11-01 01:00:00,0.0,0.0,23.55,79.94,0.83
2020-11-01 02:00:00,0.0,0.0,22.7,83.12,0.82
2020-11-01 03:00:00,0.0,0.0,21.99,85.48,0.88
2020-11-01 04:00:00,0.0,0.0,21.39,87.29,0.93
2020-11-01 05:00:00,0.0,0.0,20.85,89.06,0.93
2020-11-01 06:00:00,79.6,79.82,21.18,88.38,1.15
2020-11-01 07:00:00,304.38,305.25,23.24,79.26,1.81
2020-11-01 08:00:00,537.88,539.0,26.19,68.68,1.47
2020-11-01 09:00:00,739.78,740.78,29.9,53.07,1.81
2020-11-01 10:00:00,876.15,876.33,31.93,46.45,2.15
2020-11-01 11:00:00,933.45,934.35,33.12,42.78,2.43
2020-11-01 12:00:00,896.58,896.75,33.98,40.17,2.74
2020-11-01 13:00:00,792.62,792.8,34.3,38.76,3.01
2020-11-01 14:00:00,622.03,622.35,34.11,38.68,3.15
2020-11-01 15:00:00,403.42,404.42,33.41,40.24,3.01
2020-11-01 16:00:00,173.32,173.7,31.96,47.86,2.19
2020-11-01 17:00:00,15.1,15.1,28.93,65.98,1.2
2020-11-01 18:00:00,0.0,0.0,26.82,70.03,1.06
2020-11-01 19:00:00,0.0,0.0,26.16,71.17,1.03
2020-11-01 20:00:00,0.0,0.0,25.56,71.92,1.0
2020-11-01 21:00:00,0.0,0.0,24.99,72.55,0.98
2020-11-01 22:00:00,0.0,0.0,24.42,73.27,0.97
2020-11-01 23:00:00,0.0,0.0,23.72,74.9,0.95
2020-11-02 00:00:00,0.0,0.0,22.88,77.52,0.95
2020-11-02 01:00:00,0.0,0.0,22.04,80.42,1.01
2020-11-02 02:00:00,0.0,0.0,21.36,82.95,1.14
2020-11-02 03:00:00,0.0,0.0,20.82,85.44,1.32
2020-11-02 04:00:00,0.0,0.0,20.39,87.96,1.45
2020-11-02 05:00:00,0.0,0.0,20.01,90.44,1.42
2020-11-02 06:00:00,69.75,71.28,20.19,90.38,1.87
2020-11-02 07:00:00,263.3,285.38,21.74,84.4,2.41
2020-11-02 08:00:00,469.6,519.75,24.63,72.74,2.35
2020-11-02 09:00:00,689.78,719.72,27.71,60.26,2.54
2020-11-02 10:00:00,833.28,856.67,30.63,49.74,3.18
2020-11-02 11:00:00,889.85,915.42,32.34,45.22,3.55
2020-11-02 12:00:00,827.0,849.45,33.42,43.0,3.66
2020-11-02 13:00:00,707.33,752.12,33.79,42.5,3.58
2020-11-02 14:00:00,571.62,585.08,33.62,43.05,3.42
2020-11-02 15:00:00,366.1,371.85,32.96,45.0,3.19
2020-11-02 16:00:00,154.52,155.07,31.55,52.58,2.37
2020-11-02 17:00:00,13.82,13.85,28.83,68.8,1.26
2020-11-02 18:00:00,0.0,0.0,27.01,73.42,1.07
2020-11-02 19:00:00,0.0,0.0,26.44,75.23,1.0
2020-11-02 20:00:00,0.0,0.0,25.94,76.81,0.95
2020-11-02 21:00:00,0.0,0.0,25.65,78.46,0.89
2020-11-02 22:00:00,0.0,0.0,25.29,80.02,0.86
2020-11-02 23:00:00,0.0,0.0,24.83,81.62,0.89
2020-11-03 00:00:00,0.0,0.0,24.35,83.13,1.01
2020-11-03 01:00:00,0.0,0.0,24.03,84.44,1.27
2020-11-03 02:00:00,0.0,0.0,23.66,86.31,1.64
2020-11-03 03:00:00,0.0,0.0,23.15,89.45,1.7
2020-11-03 04:00:00,0.0,0.0,22.72,92.35,1.49
2020-11-03 05:00:00,0.0,0.0,22.32,94.91,1.2
2020-11-03 06:00:00,62.55,63.03,22.57,93.94,1.53
2020-11-03 07:00:00,249.55,258.2,24.14,86.95,2.11
2020-11-03 08:00:00,471.25,485.1,27.2,71.77,2.45
2020-11-03 09:00:00,671.35,682.97,30.14,57.15,3.26
2020-11-03 10:00:00,807.75,816.67,32.17,48.38,3.89
2020-11-03 11:00:00,866.88,868.95,33.48,43.66,4.28
2020-11-03 12:00:00,848.1,848.5,34.27,41.3,4.44
2020-11-03 13:00:00,746.25,746.45,34.56,40.61,4.38
2020-11-03 14:00:00,581.45,581.45,34.35,41.47,4.18
2020-11-03 15:00:00,375.6,375.88,33.6,43.98,3.8
2020-11-03 16:00:00,167.7,168.05,32.17,51.73,2.73
2020-11-03 17:00:00,13.85,13.82,29.41,68.53,1.32
2020-11-03 18:00:00,0.0,0.0,27.58,74.17,1.06
2020-11-03 19:00:00,0.0,0.0,27.02,76.45,0.96
2020-11-03 20:00:00,0.0,0.0,26.55,78.2,0.87
2020-11-03 21:00:00,0.0,0.0,26.07,79.89,0.85
2020-11-03 22:00:00,0.0,0.0,25.57,81.82,0.83
2020-11-03 23:00:00,0.0,0.0,25.1,83.77,0.85
2020-11-04 00:00:00,0.0,0.0,24.62,85.72,0.93
2020-11-04 01:00:00,0.0,0.0,24.12,88.13,1.09
2020-11-04 02:00:00,0.0,0.0,23.57,91.12,1.25
2020-11-04 03:00:00,0.0,0.0,23.08,93.95,1.41
2020-11-04 04:00:00,0.0,0.0,22.63,96.38,1.45
2020-11-04 05:00:00,0.0,0.0,22.2,98.38,1.35
2020-11-04 06:00:00,67.85,67.9,22.46,96.26,1.77
2020-11-04 07:00:00,276.9,277.1,24.29,86.28,2.38
2020-11-04 08:00:00,509.88,510.12,27.19,70.12,2.83
2020-11-04 09:00:00,705.83,707.38,29.94,55.51,3.58
2020-11-04 10:00:00,830.72,847.65,31.77,48.71,3.67
2020-11-04 11:00:00,904.0,906.15,33.15,45.03,3.52
2020-11-04 12:00:00,827.47,840.95,34.09,43.29,3.32
2020-11-04 13:00:00,711.28,741.08,34.43,43.15,3.11
2020-11-04 14:00:00,549.42,577.83,34.26,44.12,3.0
2020-11-04 15:00:00,347.8,369.15,33.59,46.69,2.85
2020-11-04 16:00:00,148.52,153.32,32.3,54.14,2.17
2020-11-04 17:00:00,13.1,12.98,29.88,69.72,1.2
2020-11-04 18:00:00,0.0,0.0,28.31,74.7,1.07
2020-11-04 19:00:00,0.0,0.0,27.83,76.85,1.08
2020-11-04 20:00:00,0.0,0.0,27.39,79.23,0.99
2020-11-04 21:00:00,0.0,0.0,26.99,81.66,0.83
2020-11-04 22:00:00,0.0,0.0,26.61,83.64,0.69
2020-11-04 23:00:00,0.0,0.0,26.28,85.09,0.64
2020-11-05 00:00:00,0.0,0.0,26.08,86.48,0.6
2020-11-05 01:00:00,0.0,0.0,25.84,88.04,0.55
2020-11-05 02:00:00,0.0,0.0,25.51,89.3,0.54
2020-11-05 03:00:00,0.0,0.0,25.08,90.66,0.56
2020-11-05 04:00:00,0.0,0.0,24.66,92.03,0.61
2020-11-05 05:00:00,0.0,0.0,24.29,93.32,0.7
2020-11-05 06:00:00,53.42,59.1,24.33,93.26,1.0
2020-11-05 07:00:00,210.85,245.43,25.16,89.24,1.87
2020-11-05 08:00:00,402.83,465.3,26.51,83.54,1.69
2020-11-05 09:00:00,605.9,658.22,28.24,74.73,1.79
2020-11-05 10:00:00,764.75,792.8,30.3,61.43,2.43
2020-11-05 11:00:00,839.08,855.08,31.99,50.48,3.1
2020-11-05 12:00:00,769.3,815.03,33.08,45.29,3.64
2020-11-05 13:00:00,684.17,719.3,33.58,42.85,3.98
2020-11-05 14:00:00,516.5,557.42,33.42,42.82,4.05
2020-11-05 15:00:00,322.02,350.7,32.5,45.83,3.79
2020-11-05 16:00:00,136.57,143.75,30.95,54.28,2.78
2020-11-05 17:00:00,12.05,12.38,28.64,68.17,1.56
2020-11-05 18:00:00,0.0,0.0,27.19,74.54,1.32
2020-11-05 19:00:00,0.0,0.0,26.63,77.14,1.26
2020-11-05 20:00:00,0.0,0.0,26.18,79.08,1.18
2020-11-05 21:00:00,0.0,0.0,25.76,80.86,1.08
2020-11-05 22:00:00,0.0,0.0,25.32,82.56,0.99
2020-11-05 23:00:00,0.0,0.0,24.89,84.22,0.93
2020-11-06 00:00:00,0.0,0.0,24.46,86.02,0.91
2020-11-06 01:00:00,0.0,0.0,24.05,87.86,0.92
2020-11-06 02:00:00,0.0,0.0,23.7,89.93,1.0
2020-11-06 03:00:00,0.0,0.0,23.46,91.51,1.1
2020-11-06 04:00:00,0.0,0.0,23.26,92.77,1.19
2020-11-06 05:00:00,0.0,0.0,23.02,93.85,1.12
2020-11-06 06:00:00,55.85,59.3,23.08,93.36,1.46
2020-11-06 07:00:00,237.1,253.1,24.1,88.12,2.19
2020-11-06 08:00:00,471.88,472.33,26.26,74.44,2.29
2020-11-06 09:00:00,677.72,677.95,28.62,60.63,2.57
2020-11-06 10:00:00,816.0,816.0,30.6,50.79,2.96
2020-11-06 11:00:00,877.25,877.38,32.0,44.75,3.25
2020-11-06 12:00:00,852.03,852.25,33.01,40.96,3.4
2020-11-06 13:00:00,750.25,750.62,33.47,39.33,3.46
2020-11-06 14:00:00,590.05,590.72,33.5,39.12,3.49
2020-11-06 15:00:00,373.83,374.25,32.78,41.13,3.4
2020-11-06 16:00:00,161.73,161.88,31.18,49.66,2.56
2020-11-06 17:00:00,13.18,13.18,28.14,67.0,1.4
2020-11-06 18:00:00,0.0,0.0,26.13,72.89,1.29
2020-11-06 19:00:00,0.0,0.0,25.34,75.27,1.3
2020-11-06 20:00:00,0.0,0.0,24.64,77.2,1.24
2020-11-06 21:00:00,0.0,0.0,24.02,78.73,1.14
2020-11-06 22:00:00,0.0,0.0,23.46,79.85,1.04
2020-11-06 23:00:00,0.0,0.0,22.95,80.82,1.0
2020-11-07 00:00:00,0.0,0.0,22.43,82.22,1.02
2020-11-07 01:00:00,0.0,0.0,21.93,83.91,1.12
2020-11-07 02:00:00,0.0,0.0,21.49,85.81,1.33
2020-11-07 03:00:00,0.0,0.0,21.07,88.1,1.54
2020-11-07 04:00:00,0.0,0.0,20.6,90.7,1.55
2020-11-07 05:00:00,0.0,0.0,20.1,93.19,1.34
2020-11-07 06:00:00,60.95,61.58,20.23,92.49,1.62
2020-11-07 07:00:00,256.08,262.5,21.9,84.65,2.04
2020-11-07 08:00:00,486.27,497.77,24.94,70.69,1.82
2020-11-07 09:00:00,690.75,698.78,28.69,52.99,2.65
2020-11-07 10:00:00,820.08,844.53,31.46,42.45,3.06
2020-11-07 11:00:00,879.55,906.8,32.81,38.99,3.07
2020-11-07 12:00:00,784.58,847.88,33.44,37.12,3.12
2020-11-07 13:00:00,622.38,756.47,33.64,36.23,3.18
2020-11-07 14:00:00,462.67,590.35,33.37,36.42,3.18
2020-11-07 15:00:00,266.05,376.52,32.55,38.2,3.01
2020-11-07 16:00:00,114.28,153.75,31.01,45.75,2.2
2020-11-07 17:00:00,11.57,13.0,27.97,63.09,1.23
2020-11-07 18:00:00,0.0,0.0,25.95,67.58,1.13
2020-11-07 19:00:00,0.0,0.0,25.23,69.12,1.1
2020-11-07 20:00:00,0.0,0.0,24.61,70.34,1.07
2020-11-07 21:00:00,0.0,0.0,24.08,71.48,1.03
2020-11-07 22:00:00,0.0,0.0,23.63,72.74,0.98
2020-11-07 23:00:00,0.0,0.0,23.16,74.26,0.96
2020-11-08 00:00:00,0.0,0.0,22.66,75.71,1.0
2020-11-08 01:00:00,0.0,0.0,22.16,76.65,1.14
2020-11-08 02:00:00,0.0,0.0,21.79,77.41,1.43
2020-11-08 03:00:00,0.0,0.0,21.59,77.75,1.98
2020-11-08 04:00:00,0.0,0.0,20.97,81.55,1.92
2020-11-08 05:00:00,0.0,0.0,20.41,85.44,1.69
2020-11-08 06:00:00,58.42,58.78,20.43,86.32,1.79
2020-11-08 07:00:00,243.93,251.75,21.84,80.42,2.19
2020-11-08 08:00:00,453.98,472.45,24.61,69.74,2.0
2020-11-08 09:00:00,657.03,674.45,27.8,58.27,2.11
2020-11-08 10:00:00,801.55,806.58,30.08,52.0,2.22
2020-11-08 11:00:00,835.33,863.9,31.34,49.28,2.32
2020-11-08 12:00:00,721.67,870.42,32.05,47.78,2.43
2020-11-08 13:00:00,615.12,772.08,32.22,47.32,2.48
2020-11-08 14:00:00,503.7,606.47,31.97,47.83,2.42
2020-11-08 15:00:00,335.25,391.7,31.42,49.18,2.24
2020-11-08 16:00:00,147.25,165.15,30.47,54.69,1.63
2020-11-08 17:00:00,12.38,13.27,28.64,68.98,0.88
2020-11-08 18:00:00,0.0,0.0,27.39,71.92,0.8
2020-11-08 19:00:00,0.0,0.0,26.99,71.84,0.8
2020-11-08 20:00:00,0.0,0.0,26.52,72.32,0.8
2020-11-08 21:00:00,0.0,0.0,26.07,73.54,0.8
2020-11-08 22:00:00,0.0,0.0,25.66,75.06,0.79
2020-11-08 23:00:00,0.0,0.0,25.32,76.47,0.75
2020-11-09 00:00:00,0.0,0.0,25.11,76.95,0.69
2020-11-09 01:00:00,0.0,0.0,25.0,76.68,0.49
2020-11-09 02:00:00,0.0,0.0,24.74,77.46,0.28
2020-11-09 03:00:00,0.0,0.0,23.6,83.17,0.55
2020-11-09 04:00:00,0.0,0.0,22.7,86.13,0.67
2020-11-09 05:00:00,0.0,0.0,22.08,86.47,0.84
2020-11-09 06:00:00,59.0,59.42,22.09,84.63,1.26
2020-11-09 07:00:00,256.35,260.73,23.72,75.11,1.95
2020-11-09 08:00:00,480.95,486.17,26.91,63.62,1.54
2020-11-09 09:00:00,677.92,681.47,29.52,54.95,1.55
2020-11-09 10:00:00,818.03,818.25,31.35,48.73,1.68
2020-11-09 11:00:00,873.05,873.97,32.61,44.6,1.86
2020-11-09 12:00:00,846.83,848.62,33.3,42.21,2.02
2020-11-09 13:00:00,750.33,753.08,33.59,41.01,2.12
2020-11-09 14:00:00,589.15,591.42,33.45,40.91,2.18
2020-11-09 15:00:00,376.12,379.15,32.93,41.8,2.21
2020-11-09 16:00:00,164.38,165.5,31.71,47.14,1.83
2020-11-09 17:00:00,13.07,13.12,29.14,64.23,1.05
2020-11-09 18:00:00,0.0,0.0,27.27,68.86,1.03
2020-11-09 19:00:00,0.0,0.0,26.59,69.97,1.12
2020-11-09 20:00:00,0.0,0.0,25.95,71.21,1.19
2020-11-09 21:00:00,0.0,0.0,25.3,72.7,1.2
2020-11-09 22:00:00,0.0,0.0,24.59,74.25,1.18
2020-11-09 23:00:00,0.0,0.0,23.92,75.29,1.19
2020-11-10 00:00:00,0.0,0.0,23.25,75.81,1.26
2020-11-10 01:00:00,0.0,0.0,22.57,75.68,1.45
2020-11-10 02:00:00,0.0,0.0,21.87,75.29,1.79
2020-11-10 03:00:00,0.0,0.0,21.12,75.81,2.11
2020-11-10 04:00:00,0.0,0.0,20.34,77.83,2.2
2020-11-10 05:00:00,0.0,0.0,19.63,81.01,2.07
2020-11-10 06:00:00,64.38,64.4,19.39,82.62,2.23
2020-11-10 07:00:00,268.85,268.95,20.75,77.98,2.36
2020-11-10 08:00:00,497.55,497.75,23.88,67.67,2.21
2020-11-10 09:00:00,690.9,691.17,27.84,53.81,3.29
2020-11-10 10:00:00,825.05,825.4,30.98,44.35,3.78
2020-11-10 11:00:00,858.3,884.47,32.55,41.15,3.56
2020-11-10 12:00:00,868.6,870.55,33.46,39.61,3.24
2020-11-10 13:00:00,756.3,775.7,33.83,39.15,2.95
2020-11-10 14:00:00,515.9,618.85,33.69,39.71,2.73
2020-11-10 15:00:00,356.6,406.5,33.08,41.22,2.55
2020-11-10 16:00:00,152.3,174.9,31.83,46.44,2.12
2020-11-10 17:00:00,13.32,14.0,29.04,63.83,1.16
2020-11-10 18:00:00,0.0,0.0,27.08,68.81,1.13
2020-11-10 19:00:00,0.0,0.0,26.53,70.09,1.17
2020-11-10 20:00:00,0.0,0.0,25.93,71.68,1.15
2020-11-10 21:00:00,0.0,0.0,25.32,73.17,1.11
2020-11-10 22:00:00,0.0,0.0,24.69,74.24,1.11
2020-11-10 23:00:00,0.0,0.0,24.05,74.81,1.16
2020-11-11 00:00:00,0.0,0.0,23.46,74.15,1.37
2020-11-11 01:00:00,0.0,0.0,22.86,72.85,1.78
2020-11-11 02:00:00,0.0,0.0,22.13,73.06,2.27
2020-11-11 03:00:00,0.0,0.0,21.22,76.11,2.46
2020-11-11 04:00:00,0.0,0.0,20.4,79.86,2.4
2020-11-11 05:00:00,0.0,0.0,19.74,83.58,2.21
2020-11-11 06:00:00,69.75,70.15,19.58,85.36,2.42
2020-11-11 07:00:00,293.7,295.48,21.22,79.68,2.63
2020-11-11 08:00:00,528.75,530.5,24.8,65.13,2.64
2020-11-11 09:00:00,725.78,727.6,28.45,51.27,3.17
2020-11-11 10:00:00,860.85,862.83,31.16,42.81,3.42
2020-11-11 11:00:00,907.0,919.75,32.58,39.76,3.25
2020-11-11 12:00:00,862.0,896.78,33.44,38.3,3.1
2020-11-11 13:00:00,767.62,802.62,33.8,37.8,3.01
2020-11-11 14:00:00,628.9,638.05,33.64,38.18,2.93
2020-11-11 15:00:00,414.17,421.17,33.02,39.31,2.91
2020-11-11 16:00:00,182.7,183.62,31.64,44.23,2.56
2020-11-11 17:00:00,14.62,14.7,28.52,61.18,1.45
2020-11-11 18:00:00,0.0,0.0,26.31,66.57,1.44
2020-11-11 19:00:00,0.0,0.0,25.49,67.64,1.55
2020-11-11 20:00:00,0.0,0.0,24.74,68.56,1.52
2020-11-11 21:00:00,0.0,0.0,24.02,69.39,1.41
2020-11-11 22:00:00,0.0,0.0,23.39,69.99,1.33
2020-11-11 23:00:00,0.0,0.0,22.8,70.47,1.31
2020-11-12 00:00:00,0.0,0.0,22.21,70.89,1.4
2020-11-12 01:00:00,0.0,0.0,21.63,71.53,1.58
2020-11-12 02:00:00,0.0,0.0,21.05,72.71,1.9
2020-11-12 03:00:00,0.0,0.0,20.46,74.93,2.33
2020-11-12 04:00:00,0.0,0.0,19.8,78.76,2.48
2020-11-12 05:00:00,0.0,0.0,19.28,82.73,2.42
2020-11-12 06:00:00,62.83,65.05,19.25,84.7,2.54
2020-11-12 07:00:00,264.83,278.42,20.69,80.62,2.58
2020-11-12 08:00:00,486.75,508.48,23.65,71.07,2.34
2020-11-12 09:00:00,686.53,706.72,27.74,56.14,3.22
2020-11-12 10:00:00,827.75,841.3,31.12,46.06,3.73
2020-11-12 11:00:00,876.65,900.92,32.64,43.53,3.73
2020-11-12 12:00:00,882.05,900.45,33.4,42.4,3.73
2020-11-12 13:00:00,788.65,802.15,33.57,42.03,3.74
2020-11-12 14:00:00,614.67,637.08,33.22,42.6,3.69
2020-11-12 15:00:00,406.0,421.75,32.26,45.06,3.54
2020-11-12 16:00:00,182.52,185.85,30.88,50.96,2.94
2020-11-12 17:00:00,14.8,14.8,28.64,63.55,1.86
2020-11-12 18:00:00,0.0,0.0,26.79,70.27,1.7
2020-11-12 19:00:00,0.0,0.0,26.04,72.29,1.84
2020-11-12 20:00:00,0.0,0.0,25.34,74.09,1.89
2020-11-12 21:00:00,0.0,0.0,24.62,75.69,1.93
2020-11-12 22:00:00,0.0,0.0,23.88,77.01,2.12
2020-11-12 23:00:00,0.0,0.0,23.15,78.35,2.52
2020-11-13 00:00:00,0.0,0.0,22.28,80.59,2.9
2020-11-13 01:00:00,0.0,0.0,21.34,83.28,3.07
2020-11-13 02:00:00,0.0,0.0,20.48,85.69,3.18
2020-11-13 03:00:00,0.0,0.0,19.76,87.6,3.24
2020-11-13 04:00:00,0.0,0.0,19.22,88.99,3.27
2020-11-13 05:00:00,0.0,0.0,18.83,89.78,3.26
2020-11-13 06:00:00,70.12,71.07,18.78,88.95,3.3
2020-11-13 07:00:00,290.38,298.83,20.63,79.41,3.31
2020-11-13 08:00:00,520.0,534.1,24.18,64.18,3.21
2020-11-13 09:00:00,721.2,731.53,28.01,47.21,4.18
2020-11-13 10:00:00,843.0,867.45,30.75,36.63,4.75
2020-11-13 11:00:00,918.72,928.25,32.1,33.27,4.7
2020-11-13 12:00:00,883.65,907.97,32.78,32.5,4.52
2020-11-13 13:00:00,783.55,811.28,33.02,32.79,4.34
2020-11-13 14:00:00,609.92,645.67,32.91,33.63,4.16
2020-11-13 15:00:00,406.9,427.2,32.31,35.69,3.91
2020-11-13 16:00:00,180.57,187.7,30.89,42.24,3.09
2020-11-13 17:00:00,14.4,14.7,27.64,60.44,1.55
2020-11-13 18:00:00,0.0,0.0,25.65,67.47,1.36
2020-11-13 19:00:00,0.0,0.0,25.11,69.67,1.33
2020-11-13 20:00:00,0.0,0.0,24.57,71.48,1.27
2020-11-13 21:00:00,0.0,0.0,23.98,72.7,1.3
2020-11-13 22:00:00,0.0,0.0,23.39,73.3,1.51
2020-11-13 23:00:00,0.0,0.0,22.75,74.35,1.97
2020-11-14 00:00:00,0.0,0.0,22.0,77.03,2.39
2020-11-14 01:00:00,0.0,0.0,21.12,81.2,2.41
2020-11-14 02:00:00,0.0,0.0,20.35,85.13,2.29
2020-11-14 03:00:00,0.0,0.0,19.75,88.28,2.17
2020-11-14 04:00:00,0.0,0.0,19.32,90.42,2.14
2020-11-14 05:00:00,0.0,0.0,18.97,92.17,2.21
2020-11-14 06:00:00,69.97,70.18,18.99,91.83,2.52
2020-11-14 07:00:00,287.27,287.73,20.52,84.21,2.68
2020-11-14 08:00:00,520.45,520.83,23.76,68.14,2.83
2020-11-14 09:00:00,714.67,714.85,27.38,52.49,3.5
2020-11-14 10:00:00,849.1,849.1,30.68,40.31,3.93
2020-11-14 11:00:00,906.2,906.2,32.39,36.31,3.88
2020-11-14 12:00:00,883.35,883.38,33.46,34.1,3.79
2020-11-14 13:00:00,783.22,783.25,33.85,33.18,3.71
2020-11-14 14:00:00,615.47,616.15,33.7,33.26,3.64
2020-11-14 15:00:00,400.2,401.2,33.02,34.74,3.48
2020-11-14 16:00:00,176.7,177.65,31.49,41.56,2.7
2020-11-14 17:00:00,13.57,13.57,28.18,59.96,1.4
2020-11-14 18:00:00,0.0,0.0,26.1,66.45,1.3
2020-11-14 19:00:00,0.0,0.0,25.38,69.16,1.27
2020-11-14 20:00:00,0.0,0.0,24.82,71.48,1.22
2020-11-14 21:00:00,0.0,0.0,24.34,73.41,1.16
2020-11-14 22:00:00,0.0,0.0,23.85,75.05,1.14
2020-11-14 23:00:00,0.0,0.0,23.36,76.38,1.23
2020-11-15 00:00:00,0.0,0.0,22.92,77.37,1.47
2020-11-15 01:00:00,0.0,0.0,22.45,78.58,1.9
2020-11-15 02:00:00,0.0,0.0,21.79,81.24,2.06
2020-11-15 03:00:00,0.0,0.0,21.1,84.55,2.03
2020-11-15 04:00:00,0.0,0.0,20.45,88.14,1.87
2020-11-15 05:00:00,0.0,0.0,19.8,91.8,1.65
2020-11-15 06:00:00,61.9,62.2,19.71,92.72,1.8
2020-11-15 07:00:00,275.25,276.38,21.35,85.08,2.1
2020-11-15 08:00:00,503.85,504.52,24.65,69.0,2.17
2020-11-15 09:00:00,698.1,698.1,27.87,55.46,2.85
2020-11-15 10:00:00,829.6,829.92,30.86,43.86,3.6
2020-11-15 11:00:00,889.47,890.05,32.73,37.93,4.03
2020-11-15 12:00:00,838.42,839.35,33.81,35.01,4.26
2020-11-15 13:00:00,741.12,742.8,34.23,33.71,4.37
2020-11-15 14:00:00,577.8,579.92,34.03,33.86,4.34
2020-11-15 15:00:00,365.88,367.67,33.22,35.89,4.09
2020-11-15 16:00:00,155.18,155.98,31.59,43.22,3.07
2020-11-15 17:00:00,12.05,12.1,28.36,60.38,1.59
2020-11-15 18:00:00,0.0,0.0,26.34,67.33,1.45
2020-11-15 19:00:00,0.0,0.0,25.54,70.03,1.49
2020-11-15 20:00:00,0.0,0.0,24.81,72.24,1.51
2020-11-15 21:00:00,0.0,0.0,24.1,74.19,1.53
2020-11-15 22:00:00,0.0,0.0,23.39,76.11,1.54
2020-11-15 23:00:00,0.0,0.0,22.67,78.45,1.58
2020-11-16 00:00:00,0.0,0.0,21.93,81.37,1.67
2020-11-16 01:00:00,0.0,0.0,21.21,84.69,1.76
2020-11-16 02:00:00,0.0,0.0,20.5,88.37,1.76
2020-11-16 03:00:00,0.0,0.0,19.89,91.49,1.69
2020-11-16 04:00:00,0.0,0.0,19.42,93.74,1.58
2020-11-16 05:00:00,0.0,0.0,19.07,95.23,1.45
2020-11-16 06:00:00,55.67,55.7,19.23,93.72,1.79
2020-11-16 07:00:00,241.12,241.2,20.72,85.7,2.25
2020-11-16 08:00:00,465.15,465.23,23.29,74.12,1.9
2020-11-16 09:00:00,658.8,658.85,26.9,55.82,2.92
2020-11-16 10:00:00,795.65,795.65,30.22,40.36,3.89
2020-11-16 11:00:00,855.58,855.58,32.27,33.67,4.31
2020-11-16 12:00:00,790.72,790.72,33.48,31.21,4.49
2020-11-16 13:00:00,690.95,690.97,33.81,30.91,4.45
2020-11-16 14:00:00,519.22,519.38,33.48,32.14,4.24
2020-11-16 15:00:00,319.7,319.98,32.73,34.62,3.89
2020-11-16 16:00:00,145.45,145.65,31.02,43.42,2.73
2020-11-16 17:00:00,10.85,10.82,27.75,59.65,1.56
2020-11-16 18:00:00,0.0,0.0,25.69,65.48,1.49
2020-11-16 19:00:00,0.0,0.0,24.95,67.53,1.51
2020-11-16 20:00:00,0.0,0.0,24.31,69.18,1.47
2020-11-16 21:00:00,0.0,0.0,23.69,70.81,1.39
2020-11-16 22:00:00,0.0,0.0,23.1,72.43,1.36
2020-11-16 23:00:00,0.0,0.0,22.52,73.96,1.44
2020-11-17 00:00:00,0.0,0.0,21.95,75.77,1.72
2020-11-17 01:00:00,0.0,0.0,21.37,78.34,2.13
2020-11-17 02:00:00,0.0,0.0,20.63,82.21,2.29
2020-11-17 03:00:00,0.0,0.0,19.88,86.16,2.21
2020-11-17 04:00:00,0.0,0.0,19.23,89.51,2.11
2020-11-17 05:00:00,0.0,0.0,18.68,92.18,2.03
2020-11-17 06:00:00,42.97,43.0,18.61,91.91,2.3
2020-11-17 07:00:00,215.12,215.32,20.28,82.75,2.63
2020-11-17 08:00:00,379.52,379.88,23.53,67.41,2.51
2020-11-17 09:00:00,582.45,582.92,27.0,52.85,2.84
2020-11-17 10:00:00,701.28,701.78,30.47,39.05,3.8
2020-11-17 11:00:00,738.33,777.47,32.36,33.94,4.04
2020-11-17 12:00:00,847.35,862.53,33.27,32.47,3.94
2020-11-17 13:00:00,764.38,764.75,33.51,32.25,3.73
2020-11-17 14:00:00,594.9,595.83,33.16,33.11,3.51
2020-11-17 15:00:00,377.4,384.35,32.36,35.48,3.25
2020-11-17 16:00:00,157.88,161.2,30.83,43.5,2.41
2020-11-17 17:00:00,13.02,12.85,27.85,60.3,1.34
2020-11-17 18:00:00,0.0,0.0,26.02,65.59,1.27
2020-11-17 19:00:00,0.0,0.0,25.33,67.4,1.29
2020-11-17 20:00:00,0.0,0.0,24.76,68.55,1.3
2020-11-17 21:00:00,0.0,0.0,24.34,69.44,1.31
2020-11-17 22:00:00,0.0,0.0,23.82,70.85,1.27
2020-11-17 23:00:00,0.0,0.0,23.3,72.54,1.27
2020-11-18 00:00:00,0.0,0.0,22.74,74.47,1.32
2020-11-18 01:00:00,0.0,0.0,22.2,76.24,1.51
2020-11-18 02:00:00,0.0,0.0,21.59,78.39,1.77
2020-11-18 03:00:00,0.0,0.0,20.93,80.92,1.86
2020-11-18 04:00:00,0.0,0.0,20.26,83.42,1.77
2020-11-18 05:00:00,0.0,0.0,19.71,85.4,1.74
2020-11-18 06:00:00,50.72,50.8,19.63,85.17,2.18
2020-11-18 07:00:00,227.8,229.07,21.08,78.15,2.71
2020-11-18 08:00:00,453.77,458.33,24.04,65.99,2.51
2020-11-18 09:00:00,648.88,650.65,27.69,49.38,3.37
2020-11-18 10:00:00,783.92,784.0,30.79,38.72,3.74
2020-11-18 11:00:00,842.7,842.88,32.54,34.72,3.62
2020-11-18 12:00:00,845.12,845.38,33.44,33.22,3.31
2020-11-18 13:00:00,750.05,750.28,33.68,32.81,2.96
2020-11-18 14:00:00,584.3,584.5,33.51,33.29,2.71
2020-11-18 15:00:00,366.8,366.95,32.84,35.15,2.5
2020-11-18 16:00:00,159.18,159.25,31.56,41.77,1.84
2020-11-18 17:00:00,12.38,12.38,28.39,59.61,1.11
2020-11-18 18:00:00,0.0,0.0,26.3,63.8,1.18
2020-11-18 19:00:00,0.0,0.0,25.34,65.51,1.27
2020-11-18 20:00:00,0.0,0.0,24.47,67.25,1.34
2020-11-18 21:00:00,0.0,0.0,23.65,68.84,1.36
2020-11-18 22:00:00,0.0,0.0,22.81,70.32,1.36
2020-11-18 23:00:00,0.0,0.0,21.95,71.5,1.43
2020-11-19 00:00:00,0.0,0.0,21.09,73.07,1.6
2020-11-19 01:00:00,0.0,0.0,20.24,75.77,1.84
2020-11-19 02:00:00,0.0,0.0,19.41,79.33,1.99
2020-11-19 03:00:00,0.0,0.0,18.61,83.23,1.9
2020-11-19 04:00:00,0.0,0.0,17.93,86.81,1.57
2020-11-19 05:00:00,0.0,0.0,17.35,90.02,1.24
2020-11-19 06:00:00,55.7,55.85,17.42,90.09,1.37
2020-11-19 07:00:00,248.43,249.57,19.21,81.28,1.95
2020-11-19 08:00:00,488.4,490.02,22.11,70.33,1.4
2020-11-19 09:00:00,687.58,688.33,26.52,48.36,2.47
2020-11-19 10:00:00,818.95,826.2,30.26,33.07,3.43
2020-11-19 11:00:00,857.53,882.8,31.94,28.83,3.37
2020-11-19 12:00:00,862.97,868.67,32.87,27.23,3.19
2020-11-19 13:00:00,765.35,772.25,33.18,26.95,3.08
2020-11-19 14:00:00,575.4,606.53,32.93,27.38,3.06
2020-11-19 15:00:00,359.42,389.2,32.02,29.15,3.07
2020-11-19 16:00:00,154.07,163.88,30.22,36.49,2.51
2020-11-19 17:00:00,13.35,12.95,26.45,54.05,1.55
2020-11-19 18:00:00,0.0,0.0,24.2,58.92,1.6
2020-11-19 19:00:00,0.0,0.0,23.32,60.51,1.63
2020-11-19 20:00:00,0.0,0.0,22.52,61.93,1.52
2020-11-19 21:00:00,0.0,0.0,21.8,63.26,1.39
2020-11-19 22:00:00,0.0,0.0,21.11,64.65,1.28
2020-11-19 23:00:00,0.0,0.0,20.4,66.19,1.25
2020-11-20 00:00:00,0.0,0.0,19.63,67.96,1.35
2020-11-20 01:00:00,0.0,0.0,18.95,69.59,1.62
2020-11-20 02:00:00,0.0,0.0,18.31,72.2,1.99
2020-11-20 03:00:00,0.0,0.0,17.62,76.02,2.2
2020-11-20 04:00:00,0.0,0.0,16.87,80.14,2.06
2020-11-20 05:00:00,0.0,0.0,16.21,83.52,1.82
2020-11-20 06:00:00,50.25,56.1,16.21,83.22,2.09
2020-11-20 07:00:00,211.35,262.27,18.19,73.91,2.64
2020-11-20 08:00:00,420.83,503.0,21.65,62.89,2.13
2020-11-20 09:00:00,603.7,704.92,26.23,44.29,2.98
2020-11-20 10:00:00,736.38,842.05,30.12,31.39,3.39
2020-11-20 11:00:00,780.3,901.67,32.07,27.51,3.05
2020-11-20 12:00:00,771.33,890.05,33.04,26.27,2.67
2020-11-20 13:00:00,683.8,792.2,33.46,26.06,2.43
2020-11-20 14:00:00,558.45,625.0,33.33,26.79,2.31
2020-11-20 15:00:00,365.9,406.58,32.66,28.38,2.28
2020-11-20 16:00:00,165.12,176.43,31.19,34.46,1.89
2020-11-20 17:00:00,13.62,14.05,27.34,53.72,1.21
2020-11-20 18:00:00,0.0,0.0,24.87,58.47,1.38
2020-11-20 19:00:00,0.0,0.0,24.01,59.51,1.55
2020-11-20 20:00:00,0.0,0.0,23.34,60.3,1.67
2020-11-20 21:00:00,0.0,0.0,22.74,61.07,1.67
2020-11-20 22:00:00,0.0,0.0,22.15,62.23,1.57
2020-11-20 23:00:00,0.0,0.0,21.61,63.49,1.5
2020-11-21 00:00:00,0.0,0.0,21.11,64.43,1.55
2020-11-21 01:00:00,0.0,0.0,20.62,65.25,1.59
2020-11-21 02:00:00,0.0,0.0,20.09,66.52,1.65
2020-11-21 03:00:00,0.0,0.0,19.53,68.16,1.79
2020-11-21 04:00:00,0.0,0.0,18.95,70.47,2.04
2020-11-21 05:00:00,0.0,0.0,18.31,74.61,2.2
2020-11-21 06:00:00,57.2,57.2,18.03,78.28,2.48
2020-11-21 07:00:00,262.9,262.92,19.53,74.38,2.59
2020-11-21 08:00:00,492.17,492.2,22.89,64.17,2.15
2020-11-21 09:00:00,686.7,686.72,27.62,46.22,2.87
2020-11-21 10:00:00,818.3,818.3,31.61,35.73,2.68
2020-11-21 11:00:00,876.62,876.97,33.13,34.39,2.28
2020-11-21 12:00:00,888.8,889.5,34.0,33.52,2.19
2020-11-21 13:00:00,789.53,793.83,34.33,33.14,2.26
2020-11-21 14:00:00,626.83,627.42,34.19,33.43,2.39
2020-11-21 15:00:00,408.15,413.25,33.52,34.66,2.52
2020-11-21 16:00:00,178.43,180.68,32.15,39.34,2.25
2020-11-21 17:00:00,14.52,14.45,28.85,57.71,1.2
2020-11-21 18:00:00,0.0,0.0,26.65,63.56,1.21
2020-11-21 19:00:00,0.0,0.0,25.89,65.88,1.26
2020-11-21 20:00:00,0.0,0.0,25.23,68.11,1.24
2020-11-21 21:00:00,0.0,0.0,24.64,69.87,1.21
2020-11-21 22:00:00,0.0,0.0,24.09,71.34,1.19
2020-11-21 23:00:00,0.0,0.0,23.56,72.6,1.17
2020-11-22 00:00:00,0.0,0.0,23.04,73.71,1.17
2020-11-22 01:00:00,0.0,0.0,22.52,74.61,1.23
2020-11-22 02:00:00,0.0,0.0,21.98,75.13,1.42
2020-11-22 03:00:00,0.0,0.0,21.53,75.28,1.76
2020-11-22 04:00:00,0.0,0.0,21.05,76.14,2.11
2020-11-22 05:00:00,0.0,0.0,20.51,78.32,2.08
2020-11-22 06:00:00,54.03,54.33,20.23,80.03,1.93
2020-11-22 07:00:00,258.58,262.25,20.67,78.99,1.53
2020-11-22 08:00:00,485.3,490.58,21.82,74.44,1.18
2020-11-22 09:00:00,680.47,685.25,23.87,61.76,1.59
2020-11-22 10:00:00,817.85,821.7,26.06,53.2,1.98
2020-11-22 11:00:00,885.62,885.83,29.36,41.29,2.75
2020-11-22 12:00:00,872.78,878.28,30.93,38.33,2.77
2020-11-22 13:00:00,783.45,787.4,31.5,37.98,2.59
2020-11-22 14:00:00,621.25,627.1,31.5,38.67,2.38
2020-11-22 15:00:00,409.98,414.58,31.08,40.43,2.23
2020-11-22 16:00:00,179.88,181.38,30.04,46.64,1.7
2020-11-22 17:00:00,14.6,14.62,27.61,63.85,0.93
2020-11-22 18:00:00,0.0,0.0,26.17,68.57,0.9
2020-11-22 19:00:00,0.0,0.0,25.69,70.32,0.91
2020-11-22 20:00:00,0.0,0.0,25.25,71.98,0.89
2020-11-22 21:00:00,0.0,0.0,24.97,72.41,0.84
2020-11-22 22:00:00,0.0,0.0,25.01,68.73,0.72
2020-11-22 23:00:00,0.0,0.0,25.15,64.68,0.52
2020-11-23 00:00:00,0.0,0.0,25.01,64.33,0.33
2020-11-23 01:00:00,0.0,0.0,24.52,66.6,0.31
2020-11-23 02:00:00,0.0,0.0,23.51,70.8,0.43
2020-11-23 03:00:00,0.0,0.0,22.59,75.24,0.58
2020-11-23 04:00:00,0.0,0.0,21.29,81.78,0.8
2020-11-23 05:00:00,0.0,0.0,20.32,86.01,0.88
2020-11-23 06:00:00,55.3,55.53,20.4,85.31,1.21
2020-11-23 07:00:00,261.73,263.15,22.37,74.44,2.17
2020-11-23 08:00:00,491.5,493.6,25.42,62.14,1.71
2020-11-23 09:00:00,682.95,690.1,29.53,45.42,2.01
2020-11-23 10:00:00,821.95,825.4,32.11,36.54,2.39
2020-11-23 11:00:00,881.05,886.75,33.56,32.71,2.58
2020-11-23 12:00:00,840.38,851.97,34.39,31.35,2.62
2020-11-23 13:00:00,663.38,760.1,34.71,31.25,2.55
2020-11-23 14:00:00,566.75,599.78,34.52,32.11,2.47
2020-11-23 15:00:00,354.95,390.1,33.83,34.02,2.43
2020-11-23 16:00:00,160.25,167.1,32.5,39.36,2.12
2020-11-23 17:00:00,13.48,13.65,29.5,57.68,1.14
2020-11-23 18:00:00,0.0,0.0,27.56,63.84,1.12
2020-11-23 19:00:00,0.0,0.0,26.88,66.31,1.14
2020-11-23 20:00:00,0.0,0.0,26.35,68.54,1.08
2020-11-23 21:00:00,0.0,0.0,25.93,70.33,0.99
2020-11-23 22:00:00,0.0,0.0,25.56,71.36,0.92
2020-11-23 23:00:00,0.0,0.0,25.23,72.06,0.87
2020-11-24 00:00:00,0.0,0.0,24.81,72.75,0.85
2020-11-24 01:00:00,0.0,0.0,24.21,74.44,0.84
2020-11-24 02:00:00,0.0,0.0,23.49,76.57,0.86
2020-11-24 03:00:00,0.0,0.0,22.79,77.73,0.98
2020-11-24 04:00:00,0.0,0.0,22.14,77.66,1.28
2020-11-24 05:00:00,0.0,0.0,21.52,77.28,1.7
2020-11-24 06:00:00,45.22,45.72,21.22,76.65,2.33
2020-11-24 07:00:00,227.68,239.3,22.57,71.21,2.59
2020-11-24 08:00:00,446.85,470.67,25.86,58.06,2.44
2020-11-24 09:00:00,632.3,662.45,29.91,44.16,2.71
2020-11-24 10:00:00,764.78,795.67,32.54,39.38,2.68
2020-11-24 11:00:00,815.92,855.55,33.93,36.7,2.74
2020-11-24 12:00:00,817.85,848.17,34.77,34.7,2.84
2020-11-24 13:00:00,699.88,763.65,35.12,33.58,2.92
2020-11-24 14:00:00,557.47,603.88,34.94,33.61,2.98
2020-11-24 15:00:00,340.2,392.08,34.22,34.73,2.98
2020-11-24 16:00:00,155.4,167.12,32.8,38.87,2.65
2020-11-24 17:00:00,13.75,13.73,29.6,54.79,1.42
2020-11-24 18:00:00,0.0,0.0,27.47,60.5,1.33
2020-11-24 19:00:00,0.0,0.0,26.88,61.63,1.35
2020-11-24 20:00:00,0.0,0.0,26.47,62.77,1.25
2020-11-24 21:00:00,0.0,0.0,26.05,63.81,1.17
2020-11-24 22:00:00,0.0,0.0,25.54,64.81,1.09
2020-11-24 23:00:00,0.0,0.0,25.17,65.44,1.05
2020-11-25 00:00:00,0.0,0.0,24.85,65.82,1.06
2020-11-25 01:00:00,0.0,0.0,24.48,66.43,1.06
2020-11-25 02:00:00,0.0,0.0,23.97,67.71,1.03
2020-11-25 03:00:00,0.0,0.0,23.4,69.28,1.02
2020-11-25 04:00:00,0.0,0.0,22.83,70.82,1.02
2020-11-25 05:00:00,0.0,0.0,22.2,72.2,1.12
2020-11-25 06:00:00,45.97,47.28,22.15,70.41,1.86
2020-11-25 07:00:00,236.15,245.5,23.07,65.7,2.62
2020-11-25 08:00:00,472.48,481.4,25.43,57.94,2.36
2020-11-25 09:00:00,674.1,678.8,28.73,45.66,2.38
2020-11-25 10:00:00,812.45,816.5,31.98,37.89,2.17
2020-11-25 11:00:00,878.33,879.97,33.6,35.43,2.06
2020-11-25 12:00:00,890.78,891.33,34.54,33.87,2.14
2020-11-25 13:00:00,753.0,798.12,34.83,33.1,2.25
2020-11-25 14:00:00,619.25,634.35,34.74,32.79,2.33
2020-11-25 15:00:00,398.65,418.2,34.08,33.56,2.42
2020-11-25 16:00:00,182.68,185.0,32.73,37.47,2.24
2020-11-25 17:00:00,15.15,15.35,29.55,54.99,1.18
2020-11-25 18:00:00,0.0,0.0,27.42,60.22,1.21
2020-11-25 19:00:00,0.0,0.0,26.71,61.63,1.29
2020-11-25 20:00:00,0.0,0.0,26.1,63.47,1.28
2020-11-25 21:00:00,0.0,0.0,25.72,64.65,1.24
2020-11-25 22:00:00,0.0,0.0,25.23,65.87,1.18
2020-11-25 23:00:00,0.0,0.0,24.74,66.64,1.18
2020-11-26 00:00:00,0.0,0.0,24.23,66.68,1.28
2020-11-26 01:00:00,0.0,0.0,23.58,66.64,1.46
2020-11-26 02:00:00,0.0,0.0,22.91,66.77,1.59
2020-11-26 03:00:00,0.0,0.0,22.1,68.25,1.51
2020-11-26 04:00:00,0.0,0.0,21.42,70.83,1.21
2020-11-26 05:00:00,0.0,0.0,20.92,73.09,0.98
2020-11-26 06:00:00,48.97,49.97,21.02,71.68,1.14
2020-11-26 07:00:00,242.77,256.62,22.86,60.32,2.08
2020-11-26 08:00:00,461.27,486.52,25.88,53.52,1.74
2020-11-26 09:00:00,657.03,682.8,30.76,41.42,1.65
2020-11-26 10:00:00,793.12,817.38,32.85,38.41,1.46
2020-11-26 11:00:00,843.78,875.15,34.0,36.4,1.4
2020-11-26 12:00:00,842.33,895.47,34.78,34.93,1.25
2020-11-26 13:00:00,734.22,804.0,35.16,34.18,1.01
2020-11-26 14:00:00,577.1,641.53,35.12,34.15,0.76
2020-11-26 15:00:00,364.85,419.95,34.66,34.82,0.57
2020-11-26 16:00:00,167.98,183.8,33.71,37.38,0.4
2020-11-26 17:00:00,15.6,15.32,31.85,49.8,0.41
2020-11-26 18:00:00,0.0,0.0,29.83,58.86,0.65
2020-11-26 19:00:00,0.0,0.0,28.26,63.0,0.81
2020-11-26 20:00:00,0.0,0.0,27.27,66.35,0.87
2020-11-26 21:00:00,0.0,0.0,26.58,69.08,0.86
2020-11-26 22:00:00,0.0,0.0,26.0,71.92,0.82
2020-11-26 23:00:00,0.0,0.0,25.41,74.77,0.82
2020-11-27 00:00:00,0.0,0.0,24.87,77.4,0.9
2020-11-27 01:00:00,0.0,0.0,24.34,80.39,1.02
2020-11-27 02:00:00,0.0,0.0,23.84,83.98,1.05
2020-11-27 03:00:00,0.0,0.0,23.43,86.93,0.95
2020-11-27 04:00:00,0.0,0.0,23.09,88.69,0.87
2020-11-27 05:00:00,0.0,0.0,22.77,89.68,0.84
2020-11-27 06:00:00,42.53,43.9,23.05,87.33,1.26
2020-11-27 07:00:00,210.65,230.5,25.22,74.72,2.52
2020-11-27 08:00:00,422.77,458.05,28.06,60.51,3.13
2020-11-27 09:00:00,620.92,652.03,30.65,50.69,3.33
2020-11-27 10:00:00,780.42,790.33,32.56,45.16,3.08
2020-11-27 11:00:00,840.35,851.65,33.92,41.87,2.65
2020-11-27 12:00:00,834.03,841.35,34.7,40.1,2.26
2020-11-27 13:00:00,684.5,749.6,35.0,39.29,1.97
2020-11-27 14:00:00,494.62,593.75,34.92,39.28,1.76
2020-11-27 15:00:00,326.52,389.42,34.15,40.94,1.53
2020-11-27 16:00:00,146.32,169.25,32.95,45.33,1.18
2020-11-27 17:00:00,12.95,13.9,31.08,58.57,0.69
2020-11-27 18:00:00,0.0,0.0,29.67,65.53,0.63
2020-11-27 19:00:00,0.0,0.0,28.88,68.94,0.65
2020-11-27 20:00:00,0.0,0.0,28.15,72.5,0.62
2020-11-27 21:00:00,0.0,0.0,27.52,75.63,0.59
2020-11-27 22:00:00,0.0,0.0,26.98,77.75,0.59
2020-11-27 23:00:00,0.0,0.0,26.51,79.31,0.64
2020-11-28 00:00:00,0.0,0.0,26.1,80.81,0.74
2020-11-28 01:00:00,0.0,0.0,25.74,82.38,0.83
2020-11-28 02:00:00,0.0,0.0,25.42,84.22,0.89
2020-11-28 03:00:00,0.0,0.0,25.02,86.33,0.9
2020-11-28 04:00:00,0.0,0.0,24.67,88.22,0.94
2020-11-28 05:00:00,0.0,0.0,24.26,90.46,0.95
2020-11-28 06:00:00,12.15,42.5,24.43,90.16,1.27
2020-11-28 07:00:00,90.97,233.77,26.27,79.83,2.17
2020-11-28 08:00:00,121.5,457.62,28.89,64.66,1.78
2020-11-28 09:00:00,192.27,650.9,30.84,54.64,1.4
2020-11-28 10:00:00,383.98,786.25,32.35,49.47,1.65
2020-11-28 11:00:00,498.88,848.08,33.38,46.53,2.09
2020-11-28 12:00:00,626.75,807.08,33.95,44.61,2.43
2020-11-28 13:00:00,649.35,718.72,34.12,43.47,2.59
2020-11-28 14:00:00,509.98,564.28,33.43,44.83,2.71
2020-11-28 15:00:00,329.58,362.33,32.7,46.96,2.87
2020-11-28 16:00:00,142.35,151.15,31.61,50.78,2.8
2020-11-28 17:00:00,11.75,12.52,29.75,61.41,1.73
2020-11-28 18:00:00,0.0,0.0,28.2,69.38,1.27
2020-11-28 19:00:00,0.0,0.0,27.64,71.86,1.19
2020-11-28 20:00:00,0.0,0.0,27.22,73.91,1.05
2020-11-28 21:00:00,0.0,0.0,26.88,75.59,0.89
2020-11-28 22:00:00,0.0,0.0,26.62,76.87,0.77
2020-11-28 23:00:00,0.0,0.0,26.39,77.8,0.69
2020-11-29 00:00:00,0.0,0.0,26.04,78.88,0.66
2020-11-29 01:00:00,0.0,0.0,25.65,80.19,0.66
2020-11-29 02:00:00,0.0,0.0,25.2,82.04,0.66
2020-11-29 03:00:00,0.0,0.0,24.72,84.32,0.66
2020-11-29 04:00:00,0.0,0.0,24.34,86.75,0.68
2020-11-29 05:00:00,0.0,0.0,23.97,89.42,0.69
2020-11-29 06:00:00,25.45,37.62,23.96,90.32,0.98
2020-11-29 07:00:00,144.55,216.77,25.53,82.04,1.49
2020-11-29 08:00:00,273.4,436.7,28.7,64.93,1.78
2020-11-29 09:00:00,491.77,632.5,31.2,53.9,2.27
2020-11-29 10:00:00,730.33,767.72,32.82,47.96,2.72
2020-11-29 11:00:00,757.9,833.03,33.97,44.29,3.04
2020-11-29 12:00:00,731.5,848.08,34.61,42.08,3.19
2020-11-29 13:00:00,626.0,760.78,34.84,40.83,3.25
2020-11-29 14:00:00,472.17,608.22,34.61,40.79,3.26
2020-11-29 15:00:00,293.6,401.45,34.01,41.78,3.19
2020-11-29 16:00:00,139.18,176.93,32.87,45.13,2.78
2020-11-29 17:00:00,13.88,15.23,30.56,58.85,1.32
2020-11-29 18:00:00,0.0,0.0,28.94,66.29,1.01
2020-11-29 19:00:00,0.0,0.0,28.21,68.56,0.99
2020-11-29 20:00:00,0.0,0.0,27.54,70.66,0.95
2020-11-29 21:00:00,0.0,0.0,26.84,72.62,0.89
2020-11-29 22:00:00,0.0,0.0,26.3,73.69,0.84
2020-11-29 23:00:00,0.0,0.0,25.73,75.06,0.8
2020-11-30 00:00:00,0.0,0.0,25.04,77.39,0.8
2020-11-30 01:00:00,0.0,0.0,24.32,80.25,0.78
2020-11-30 02:00:00,0.0,0.0,23.66,83.53,0.77
2020-11-30 03:00:00,0.0,0.0,23.08,86.57,0.8
2020-11-30 04:00:00,0.0,0.0,22.59,89.1,0.84
2020-11-30 05:00:00,0.0,0.0,22.16,90.88,0.87
2020-11-30 06:00:00,44.28,44.3,22.29,89.37,1.24
2020-11-30 07:00:00,236.15,236.38,24.24,77.83,2.0
2020-11-30 08:00:00,460.83,461.17,27.59,60.29,2.32
2020-11-30 09:00:00,659.7,660.05,31.28,44.14,3.24
2020-11-30 10:00:00,762.62,796.9,33.47,37.53,3.74
2020-11-30 11:00:00,849.8,861.3,34.79,33.37,3.99
2020-11-30 12:00:00,820.67,860.28,35.59,30.02,4.18
2020-11-30 13:00:00,756.95,775.42,35.83,28.13,4.26
2020-11-30 14:00:00,599.42,626.4,35.53,27.84,4.19
2020-11-30 15:00:00,401.33,420.62,34.69,28.76,3.96
2020-11-30 16:00:00,186.12,191.35,33.14,32.7,3.26
2020-11-30 17:00:00,16.38,16.67,29.41,49.37,1.6
2020-11-30 18:00:00,0.0,0.0,26.96,56.67,1.4
2020-11-30 19:00:00,0.0,0.0,25.97,59.46,1.33
2020-11-30 20:00:00,0.0,0.0,25.09,61.86,1.23
2020-11-30 21:00:00,0.0,0.0,24.27,63.68,1.16
2020-11-30 22:00:00,0.0,0.0,23.42,65.49,1.14
2020-11-30 23:00:00,0.0,0.0,22.48,67.74,1.19
2020-12-01 00:00:00,0.0,0.0,21.56,70.1,1.36
2020-12-01 01:00:00,0.0,0.0,20.74,72.72,1.59
2020-12-01 02:00:00,0.0,0.0,19.9,75.88,1.71
2020-12-01 03:00:00,0.0,0.0,19.04,78.96,1.66
2020-12-01 04:00:00,0.0,0.0,18.22,81.92,1.5
2020-12-01 05:00:00,0.0,0.0,17.51,84.6,1.38
2020-12-01 06:00:00,47.95,48.1,17.52,84.29,1.75
2020-12-01 07:00:00,257.42,258.08,19.58,74.76,2.41
2020-12-01 08:00:00,492.2,492.65,23.08,61.59,1.83
2020-12-01 09:00:00,692.33,692.7,27.58,42.98,2.63
2020-12-01 10:00:00,840.97,841.35,31.6,30.35,3.5
2020-12-01 11:00:00,910.03,910.42,33.91,25.08,3.79
2020-12-01 12:00:00,909.85,909.97,34.94,23.46,3.6
2020-12-01 13:00:00,819.1,819.28,35.35,22.91,3.4
2020-12-01 14:00:00,657.03,657.35,35.2,23.11,3.26
2020-12-01 15:00:00,440.95,441.38,34.46,24.42,3.22
2020-12-01 16:00:00,203.2,203.55,32.78,30.32,2.64
2020-12-01 17:00:00,17.75,17.77,28.6,49.2,1.43
2020-12-01 18:00:00,0.0,0.0,26.17,55.25,1.43
2020-12-01 19:00:00,0.0,0.0,25.28,57.8,1.36
2020-12-01 20:00:00,0.0,0.0,24.61,59.74,1.23
2020-12-01 21:00:00,0.0,0.0,24.16,60.44,1.11
2020-12-01 22:00:00,0.0,0.0,23.73,60.79,1.05
2020-12-01 23:00:00,0.0,0.0,23.07,62.17,1.03
2020-12-02 00:00:00,0.0,0.0,22.11,65.05,1.02
2020-12-02 01:00:00,0.0,0.0,21.15,67.7,1.05
2020-12-02 02:00:00,0.0,0.0,20.31,70.27,1.11
2020-12-02 03:00:00,0.0,0.0,19.6,72.87,1.13
2020-12-02 04:00:00,0.0,0.0,18.99,75.71,1.1
2020-12-02 05:00:00,0.0,0.0,18.49,78.31,1.01
2020-12-02 06:00:00,42.0,42.1,18.69,79.21,1.02
2020-12-02 07:00:00,230.35,230.95,21.25,68.01,2.0
2020-12-02 08:00:00,451.42,452.17,24.49,57.2,1.62
2020-12-02 09:00:00,641.88,642.5,29.1,40.13,1.91
2020-12-02 10:00:00,778.17,778.6,32.7,29.95,2.05
2020-12-02 11:00:00,847.62,848.1,34.31,26.77,2.17
2020-12-02 12:00:00,870.0,870.4,35.24,24.82,2.44
2020-12-02 13:00:00,785.97,786.75,35.64,23.68,2.72
2020-12-02 14:00:00,632.85,634.15,35.5,23.44,2.91
2020-12-02 15:00:00,427.67,429.3,34.76,24.39,2.99
2020-12-02 16:00:00,198.1,199.05,33.13,29.39,2.53
2020-12-02 17:00:00,17.75,17.8,28.93,48.46,1.34
2020-12-02 18:00:00,0.0,0.0,26.41,54.42,1.35
2020-12-02 19:00:00,0.0,0.0,25.52,57.11,1.34
2020-12-02 20:00:00,0.0,0.0,24.79,59.39,1.25
2020-12-02 21:00:00,0.0,0.0,24.24,60.88,1.16
2020-12-02 22:00:00,0.0,0.0,23.79,61.91,1.1
2020-12-02 23:00:00,0.0,0.0,23.36,62.75,1.05
2020-12-03 00:00:00,0.0,0.0,22.82,64.19,1.02
2020-12-03 01:00:00,0.0,0.0,22.05,66.83,0.99
2020-12-03 02:00:00,0.0,0.0,21.11,69.94,1.0
2020-12-03 03:00:00,0.0,0.0,20.27,72.53,1.07
2020-12-03 04:00:00,0.0,0.0,19.55,74.96,1.18
2020-12-03 05:00:00,0.0,0.0,18.94,77.56,1.24
2020-12-03 06:00:00,42.15,42.28,19.03,77.83,1.44
2020-12-03 07:00:00,233.15,233.82,21.38,66.79,2.37
2020-12-03 08:00:00,454.2,455.08,24.77,54.64,1.91
2020-12-03 09:00:00,647.45,648.15,29.09,39.17,2.07
2020-12-03 10:00:00,784.45,784.83,32.79,28.88,2.15
2020-12-03 11:00:00,856.75,856.8,34.41,25.31,2.39
2020-12-03 12:00:00,886.17,887.0,35.36,23.13,2.71
2020-12-03 13:00:00,803.72,803.92,35.74,22.12,2.97
2020-12-03 14:00:00,654.38,654.78,35.56,22.0,3.11
2020-12-03 15:00:00,447.95,448.25,34.81,22.95,3.15
2020-12-03 16:00:00,212.5,212.7,33.14,27.84,2.64
2020-12-03 17:00:00,20.12,20.15,28.86,46.83,1.36
2020-12-03 18:00:00,0.0,0.0,26.3,52.96,1.36
2020-12-03 19:00:00,0.0,0.0,25.41,55.82,1.34
2020-12-03 20:00:00,0.0,0.0,24.78,57.74,1.25
2020-12-03 21:00:00,0.0,0.0,24.45,57.88,1.15
2020-12-03 22:00:00,0.0,0.0,24.32,56.93,1.07
2020-12-03 23:00:00,0.0,0.0,24.07,56.61,1.04
2020-12-04 00:00:00,0.0,0.0,23.18,59.6,1.05
2020-12-04 01:00:00,0.0,0.0,21.66,65.78,1.07
2020-12-04 02:00:00,0.0,0.0,20.46,70.27,1.12
2020-12-04 03:00:00,0.0,0.0,19.72,72.8,1.27
2020-12-04 04:00:00,0.0,0.0,19.12,75.02,1.33
2020-12-04 05:00:00,0.0,0.0,18.55,77.26,1.23
2020-12-04 06:00:00,45.28,45.3,18.71,77.13,1.22
2020-12-04 07:00:00,253.02,253.07,21.48,63.61,2.21
2020-12-04 08:00:00,484.42,484.45,24.74,53.78,1.58
2020-12-04 09:00:00,681.25,681.28,29.71,37.35,1.57
2020-12-04 10:00:00,820.9,820.9,33.38,26.93,1.7
2020-12-04 11:00:00,892.67,892.67,34.99,23.0,1.91
2020-12-04 12:00:00,893.1,893.1,35.96,20.69,2.12
2020-12-04 13:00:00,808.5,808.5,36.37,19.5,2.28
2020-12-04 14:00:00,653.83,654.0,36.23,19.24,2.38
2020-12-04 15:00:00,444.3,444.62,35.47,20.03,2.46
2020-12-04 16:00:00,208.2,208.48,33.75,24.99,2.05
2020-12-04 17:00:00,19.17,19.2,29.14,44.03,1.23
2020-12-04 18:00:00,0.0,0.0,26.4,49.05,1.37
2020-12-04 19:00:00,0.0,0.0,25.37,51.41,1.41
2020-12-04 20:00:00,0.0,0.0,24.53,53.62,1.36
2020-12-04 21:00:00,0.0,0.0,23.95,54.79,1.27
2020-12-04 22:00:00,0.0,0.0,23.63,54.65,1.17
2020-12-04 23:00:00,0.0,0.0,23.6,53.1,1.07
2020-12-05 00:00:00,0.0,0.0,23.66,51.36,0.93
2020-12-05 01:00:00,0.0,0.0,23.81,49.16,0.73
2020-12-05 02:00:00,0.0,0.0,23.53,49.16,0.52
2020-12-05 03:00:00,0.0,0.0,22.62,52.33,0.47
2020-12-05 04:00:00,0.0,0.0,21.19,58.69,0.6
2020-12-05 05:00:00,0.0,0.0,20.07,64.68,0.74
2020-12-05 06:00:00,42.1,42.1,19.45,72.02,0.74
2020-12-05 07:00:00,240.27,240.38,21.79,64.39,1.21
2020-12-05 08:00:00,466.83,466.92,24.91,55.58,1.26
2020-12-05 09:00:00,658.2,658.28,29.48,41.52,1.62
2020-12-05 10:00:00,796.15,796.2,32.9,30.46,1.05
2020-12-05 11:00:00,862.65,862.65,34.59,26.15,0.51
2020-12-05 12:00:00,870.17,870.72,35.76,23.46,1.08
2020-12-05 13:00:00,784.28,785.53,36.26,22.12,1.66
2020-12-05 14:00:00,613.75,633.17,36.13,21.92,2.05
2020-12-05 15:00:00,409.1,427.08,35.39,22.8,2.3
2020-12-05 16:00:00,189.65,195.82,33.81,27.55,2.02
2020-12-05 17:00:00,17.75,17.7,29.66,46.14,1.17
2020-12-05 18:00:00,0.0,0.0,27.14,51.41,1.27
2020-12-05 19:00:00,0.0,0.0,26.25,53.38,1.32
2020-12-05 20:00:00,0.0,0.0,25.53,55.4,1.31
2020-12-05 21:00:00,0.0,0.0,24.94,57.14,1.25
2020-12-05 22:00:00,0.0,0.0,24.43,58.42,1.2
2020-12-05 23:00:00,0.0,0.0,24.03,59.18,1.16
2020-12-06 00:00:00,0.0,0.0,23.72,59.46,1.12
2020-12-06 01:00:00,0.0,0.0,23.46,59.55,1.09
2020-12-06 02:00:00,0.0,0.0,23.28,59.4,1.08
2020-12-06 03:00:00,0.0,0.0,23.01,59.98,1.06
2020-12-06 04:00:00,0.0,0.0,22.44,62.27,1.05
2020-12-06 05:00:00,0.0,0.0,21.53,66.47,1.02
2020-12-06 06:00:00,35.83,35.85,21.19,70.16,0.97
2020-12-06 07:00:00,217.0,217.15,23.98,57.32,2.19
2020-12-06 08:00:00,433.5,433.73,26.98,49.9,2.08
2020-12-06 09:00:00,620.3,620.47,31.74,36.71,2.24
2020-12-06 10:00:00,755.95,756.03,34.36,31.26,2.0
2020-12-06 11:00:00,827.4,827.75,35.72,29.24,1.84
2020-12-06 12:00:00,862.65,863.05,36.58,28.07,1.74
2020-12-06 13:00:00,755.83,778.25,36.98,27.34,1.74
2020-12-06 14:00:00,601.53,627.8,36.86,27.15,1.96
2020-12-06 15:00:00,385.7,423.33,36.23,27.81,2.3
2020-12-06 16:00:00,182.73,194.93,34.79,31.39,2.29
2020-12-06 17:00:00,17.7,18.12,30.99,48.31,1.32
2020-12-06 18:00:00,0.0,0.0,28.72,53.74,1.51
2020-12-06 19:00:00,0.0,0.0,27.75,56.54,1.63
2020-12-06 20:00:00,0.0,0.0,26.85,59.78,1.51
2020-12-06 21:00:00,0.0,0.0,26.07,62.52,1.3
2020-12-06 22:00:00,0.0,0.0,25.57,63.87,1.11
2020-12-06 23:00:00,0.0,0.0,25.47,62.83,0.98
2020-12-07 00:00:00,0.0,0.0,25.73,60.04,0.85
2020-12-07 01:00:00,0.0,0.0,26.03,57.23,0.57
2020-12-07 02:00:00,0.0,0.0,25.91,56.58,0.34
2020-12-07 03:00:00,0.0,0.0,24.65,61.59,0.47
2020-12-07 04:00:00,0.0,0.0,23.13,70.56,0.61
2020-12-07 05:00:00,0.0,0.0,21.96,78.84,0.65
2020-12-07 06:00:00,33.28,33.5,21.81,83.54,0.62
2020-12-07 07:00:00,195.8,211.38,24.1,72.83,1.31
2020-12-07 08:00:00,389.08,424.02,27.5,58.21,1.2
2020-12-07 09:00:00,558.33,610.65,31.71,41.88,1.27
2020-12-07 10:00:00,696.17,745.8,34.19,34.57,1.64
2020-12-07 11:00:00,765.55,811.47,35.72,30.76,2.02
2020-12-07 12:00:00,776.2,831.72,36.62,28.85,2.36
2020-12-07 13:00:00,599.28,746.45,36.97,28.25,2.65
2020-12-07 14:00:00,490.6,592.92,36.76,28.68,2.87
2020-12-07 15:00:00,296.23,393.08,35.98,30.04,3.03
2020-12-07 16:00:00,134.32,174.85,34.53,33.64,2.78
2020-12-07 17:00:00,17.05,16.52,31.28,48.59,1.51
2020-12-07 18:00:00,0.0,0.0,29.18,55.39,1.43
2020-12-07 19:00:00,0.0,0.0,28.24,58.5,1.35
2020-12-07 20:00:00,0.0,0.0,27.52,61.05,1.2
2020-12-07 21:00:00,0.0,0.0,26.93,62.86,1.06
2020-12-07 22:00:00,0.0,0.0,26.44,63.68,0.96
2020-12-07 23:00:00,0.0,0.0,25.89,64.91,0.91
2020-12-08 00:00:00,0.0,0.0,25.09,67.98,0.91
2020-12-08 01:00:00,0.0,0.0,24.16,72.24,0.9
2020-12-08 02:00:00,0.0,0.0,23.42,76.64,0.88
2020-12-08 03:00:00,0.0,0.0,22.89,81.28,0.84
2020-12-08 04:00:00,0.0,0.0,22.51,85.62,0.77
2020-12-08 05:00:00,0.0,0.0,22.26,89.32,0.71
2020-12-08 06:00:00,30.48,30.8,22.6,90.19,0.65
2020-12-08 07:00:00,185.75,197.88,24.92,80.2,1.19
2020-12-08 08:00:00,398.8,419.0,28.17,66.14,1.69
2020-12-08 09:00:00,596.9,608.03,30.84,54.1,1.2
2020-12-08 10:00:00,735.97,743.12,33.29,42.92,0.95
2020-12-08 11:00:00,808.7,810.6,34.86,37.12,1.73
2020-12-08 12:00:00,838.6,845.22,35.8,33.55,2.51
2020-12-08 13:00:00,759.33,763.45,36.17,31.77,3.09
2020-12-08 14:00:00,613.15,616.08,35.94,31.68,3.45
2020-12-08 15:00:00,404.95,415.1,35.13,33.32,3.58
2020-12-08 16:00:00,186.23,190.55,33.7,37.44,3.25
2020-12-08 17:00:00,18.23,18.5,30.64,52.69,1.62
2020-12-08 18:00:00,0.0,0.0,28.55,62.08,1.24
2020-12-08 19:00:00,0.0,0.0,27.9,64.88,1.1
2020-12-08 20:00:00,0.0,0.0,27.33,66.84,0.99
2020-12-08 21:00:00,0.0,0.0,26.76,69.35,0.91
2020-12-08 22:00:00,0.0,0.0,26.1,72.04,0.88
2020-12-08 23:00:00,0.0,0.0,25.49,74.61,0.87
2020-12-09 00:00:00,0.0,0.0,24.95,77.15,0.85
2020-12-09 01:00:00,0.0,0.0,24.49,79.81,0.79
2020-12-09 02:00:00,0.0,0.0,23.99,82.62,0.73
2020-12-09 03:00:00,0.0,0.0,23.69,84.59,0.67
2020-12-09 04:00:00,0.0,0.0,23.49,86.01,0.57
2020-12-09 05:00:00,0.0,0.0,23.21,87.91,0.47
2020-12-09 06:00:00,34.08,34.08,23.15,89.49,0.48
2020-12-09 07:00:00,208.9,210.27,24.93,80.52,0.93
2020-12-09 08:00:00,425.8,429.05,28.24,65.48,1.28
2020-12-09 09:00:00,616.33,621.1,31.25,51.84,0.67
2020-12-09 10:00:00,757.3,765.3,33.57,41.1,0.53
2020-12-09 11:00:00,826.2,839.75,35.16,34.4,1.44
2020-12-09 12:00:00,825.17,836.53,36.0,31.42,2.0
2020-12-09 13:00:00,739.9,757.7,36.07,30.54,2.31
2020-12-09 14:00:00,583.35,609.7,35.8,30.44,2.47
2020-12-09 15:00:00,381.9,410.17,35.16,31.34,2.57
2020-12-09 16:00:00,175.52,187.73,33.95,34.9,2.36
2020-12-09 17:00:00,18.6,17.88,30.99,50.59,1.27
2020-12-09 18:00:00,0.0,0.0,29.1,57.17,1.25
2020-12-09 19:00:00,0.0,0.0,28.38,60.29,1.21
2020-12-09 20:00:00,0.0,0.0,27.82,63.55,1.06
2020-12-09 21:00:00,0.0,0.0,27.38,66.43,0.9
2020-12-09 22:00:00,0.0,0.0,26.98,69.19,0.76
2020-12-09 23:00:00,0.0,0.0,26.53,72.39,0.67
2020-12-10 00:00:00,0.0,0.0,26.07,75.6,0.63
2020-12-10 01:00:00,0.0,0.0,25.58,78.79,0.64
2020-12-10 02:00:00,0.0,0.0,25.06,82.11,0.68
2020-12-10 03:00:00,0.0,0.0,24.59,85.04,0.67
2020-12-10 04:00:00,0.0,0.0,24.2,87.94,0.53
2020-12-10 05:00:00,0.0,0.0,23.77,90.5,0.37
2020-12-10 06:00:00,29.27,32.33,23.76,90.29,0.39
2020-12-10 07:00:00,183.95,213.82,26.19,75.96,0.54
2020-12-10 08:00:00,365.3,435.25,29.25,59.74,0.72
2020-12-10 09:00:00,562.22,631.25,32.07,46.86,0.13
2020-12-10 10:00:00,677.85,773.85,34.52,37.0,0.93
2020-12-10 11:00:00,740.35,845.65,36.0,32.5,1.53
2020-12-10 12:00:00,740.05,849.47,36.92,30.14,1.98
2020-12-10 13:00:00,674.95,765.95,37.29,28.92,2.36
2020-12-10 14:00:00,544.53,616.65,36.92,28.94,2.67
2020-12-10 15:00:00,352.1,415.85,36.29,29.79,2.89
2020-12-10 16:00:00,164.6,190.02,34.94,33.05,2.76
2020-12-10 17:00:00,18.17,18.3,31.9,47.0,1.51
2020-12-10 18:00:00,0.0,0.0,29.96,53.5,1.48
2020-12-10 19:00:00,0.0,0.0,29.08,56.52,1.46
2020-12-10 20:00:00,0.0,0.0,28.2,60.08,1.25
2020-12-10 21:00:00,0.0,0.0,27.39,63.44,1.04
2020-12-10 22:00:00,0.0,0.0,26.77,66.06,0.9
2020-12-10 23:00:00,0.0,0.0,26.16,68.79,0.84
2020-12-11 00:00:00,0.0,0.0,25.5,72.02,0.82
2020-12-11 01:00:00,0.0,0.0,24.94,75.92,0.81
2020-12-11 02:00:00,0.0,0.0,24.47,80.35,0.76
2020-12-11 03:00:00,0.0,0.0,24.13,83.85,0.67
2020-12-11 04:00:00,0.0,0.0,23.98,85.43,0.59
2020-12-11 05:00:00,0.0,0.0,23.8,86.47,0.38
2020-12-11 06:00:00,27.65,27.27,23.73,86.9,0.42
2020-12-11 07:00:00,190.8,192.55,25.86,74.8,0.67
2020-12-11 08:00:00,389.95,390.25,29.23,58.51,0.73
2020-12-11 09:00:00,586.22,586.35,32.57,43.72,0.43
2020-12-11 10:00:00,726.25,726.28,34.69,36.19,1.06
2020-12-11 11:00:00,804.3,804.53,36.05,31.95,1.75
2020-12-11 12:00:00,840.38,840.85,36.85,29.39,2.25
2020-12-11 13:00:00,761.5,762.22,36.87,28.34,2.59
2020-12-11 14:00:00,615.83,616.58,36.35,28.55,2.82
2020-12-11 15:00:00,416.95,417.62,35.45,29.77,2.94
2020-12-11 16:00:00,195.43,195.82,33.98,34.48,2.51
2020-12-11 17:00:00,19.42,19.45,30.97,48.61,1.44
2020-12-11 18:00:00,0.0,0.0,29.06,54.8,1.4
2020-12-11 19:00:00,0.0,0.0,28.21,57.57,1.36
2020-12-11 20:00:00,0.0,0.0,27.44,60.16,1.22
2020-12-11 21:00:00,0.0,0.0,26.87,61.59,1.06
2020-12-11 22:00:00,0.0,0.0,26.62,60.86,0.95
2020-12-11 23:00:00,0.0,0.0,26.6,58.78,0.88
2020-12-12 00:00:00,0.0,0.0,26.57,57.18,0.77
2020-12-12 01:00:00,0.0,0.0,26.12,57.93,0.67
2020-12-12 02:00:00,0.0,0.0,25.17,61.21,0.64
2020-12-12 03:00:00,0.0,0.0,24.01,66.6,0.68
2020-12-12 04:00:00,0.0,0.0,22.61,72.45,0.77
2020-12-12 05:00:00,0.0,0.0,21.44,75.52,0.89
2020-12-12 06:00:00,31.8,31.8,21.18,74.24,1.37
2020-12-12 07:00:00,220.4,220.68,22.87,63.46,2.21
2020-12-12 08:00:00,435.9,436.3,26.04,51.03,1.53
2020-12-12 09:00:00,633.62,633.97,29.48,39.75,1.25
2020-12-12 10:00:00,777.92,778.17,33.37,28.65,1.71
2020-12-12 11:00:00,856.38,856.4,35.63,23.71,2.15
2020-12-12 12:00:00,865.58,865.67,36.63,21.75,2.44
2020-12-12 13:00:00,792.85,793.05,37.02,20.95,2.65
2020-12-12 14:00:00,618.03,648.58,36.8,21.16,2.76
2020-12-12 15:00:00,432.77,446.58,36.08,22.25,2.79
2020-12-12 16:00:00,212.27,215.57,34.59,26.14,2.46
2020-12-12 17:00:00,22.55,22.8,30.6,45.3,1.19
2020-12-12 18:00:00,0.0,0.0,28.3,51.56,1.19
2020-12-12 19:00:00,0.0,0.0,27.56,54.13,1.15
2020-12-12 20:00:00,0.0,0.0,27.07,55.87,1.06
2020-12-12 21:00:00,0.0,0.0,26.73,56.69,0.94
2020-12-12 22:00:00,0.0,0.0,26.51,56.59,0.81
2020-12-12 23:00:00,0.0,0.0,26.24,56.87,0.68
2020-12-13 00:00:00,0.0,0.0,25.89,57.27,0.53
2020-12-13 01:00:00,0.0,0.0,25.53,58.37,0.41
2020-12-13 02:00:00,0.0,0.0,24.84,61.23,0.38
2020-12-13 03:00:00,0.0,0.0,24.01,64.93,0.49
2020-12-13 04:00:00,0.0,0.0,23.13,68.98,0.62
2020-12-13 05:00:00,0.0,0.0,22.21,72.7,0.67
2020-12-13 06:00:00,30.67,30.73,21.91,74.45,0.75
2020-12-13 07:00:00,214.77,215.35,23.85,62.36,1.47
2020-12-13 08:00:00,428.52,429.3,27.22,52.39,0.85
2020-12-13 09:00:00,619.78,620.3,31.7,39.69,0.68
2020-12-13 10:00:00,766.92,767.53,34.21,33.92,0.85
2020-12-13 11:00:00,833.67,839.03,35.59,30.8,1.29
2020-12-13 12:00:00,841.97,845.72,36.44,28.61,1.66
2020-12-13 13:00:00,714.35,765.2,36.84,27.34,1.9
2020-12-13 14:00:00,573.25,616.65,36.72,27.04,2.04
2020-12-13 15:00:00,369.58,416.25,36.11,27.66,2.15
2020-12-13 16:00:00,173.82,192.48,34.86,30.43,2.06
2020-12-13 17:00:00,19.33,19.88,31.43,48.34,1.03
2020-12-13 18:00:00,0.0,0.0,29.35,53.96,1.1
2020-12-13 19:00:00,0.0,0.0,28.6,56.04,1.16
2020-12-13 20:00:00,0.0,0.0,27.98,58.72,1.13
2020-12-13 21:00:00,0.0,0.0,27.42,61.54,1.03
2020-12-13 22:00:00,0.0,0.0,26.89,64.36,0.91
2020-12-13 23:00:00,0.0,0.0,26.34,67.23,0.81
2020-12-14 00:00:00,0.0,0.0,25.76,70.26,0.75
2020-12-14 01:00:00,0.0,0.0,25.26,73.61,0.73
2020-12-14 02:00:00,0.0,0.0,24.73,78.0,0.73
2020-12-14 03:00:00,0.0,0.0,24.23,82.24,0.72
2020-12-14 04:00:00,0.0,0.0,23.82,85.97,0.7
2020-12-14 05:00:00,0.0,0.0,23.56,88.5,0.65
2020-12-14 06:00:00,26.9,27.1,23.73,89.25,0.56
2020-12-14 07:00:00,201.3,202.32,26.03,76.79,0.96
2020-12-14 08:00:00,411.85,417.73,29.44,59.76,1.27
2020-12-14 09:00:00,600.45,608.03,32.06,48.36,0.65
2020-12-14 10:00:00,736.45,745.33,34.06,40.17,0.56
2020-12-14 11:00:00,800.47,814.7,35.45,35.09,1.41
2020-12-14 12:00:00,818.35,826.9,36.27,32.32,1.96
2020-12-14 13:00:00,720.28,747.15,36.52,30.95,2.43
2020-12-14 14:00:00,506.05,600.47,36.35,30.39,2.77
2020-12-14 15:00:00,343.42,402.45,35.53,31.14,2.9
2020-12-14 16:00:00,163.25,184.12,34.2,33.8,2.65
2020-12-14 17:00:00,18.65,19.33,31.41,47.68,1.33
2020-12-14 18:00:00,0.0,0.0,29.42,54.96,1.2
2020-12-14 19:00:00,0.0,0.0,28.52,57.94,1.15
2020-12-14 20:00:00,0.0,0.0,27.89,60.3,1.04
2020-12-14 21:00:00,0.0,0.0,27.46,61.58,0.93
2020-12-14 22:00:00,0.0,0.0,27.16,62.27,0.79
2020-12-14 23:00:00,0.0,0.0,26.9,62.62,0.68
2020-12-15 00:00:00,0.0,0.0,26.53,63.38,0.6
2020-12-15 01:00:00,0.0,0.0,26.25,64.82,0.51
2020-12-15 02:00:00,0.0,0.0,25.75,67.97,0.42
2020-12-15 03:00:00,0.0,0.0,24.97,72.77,0.48
2020-12-15 04:00:00,0.0,0.0,24.09,78.35,0.56
2020-12-15 05:00:00,0.0,0.0,23.35,81.68,0.7
2020-12-15 06:00:00,27.6,27.62,23.19,81.05,0.88
2020-12-15 07:00:00,208.3,208.52,25.32,68.21,1.33
2020-12-15 08:00:00,413.83,414.02,29.03,53.51,0.6
2020-12-15 09:00:00,606.33,606.42,32.05,42.46,0.83
2020-12-15 10:00:00,752.33,752.33,34.01,36.03,1.39
2020-12-15 11:00:00,824.08,824.33,35.41,31.44,1.81
2020-12-15 12:00:00,834.53,835.0,36.35,28.01,2.16
2020-12-15 13:00:00,731.0,756.95,36.78,25.89,2.44
2020-12-15 14:00:00,579.5,614.9,36.68,24.87,2.64
2020-12-15 15:00:00,382.83,419.45,36.07,24.95,2.83
2020-12-15 16:00:00,187.23,198.5,34.73,27.36,2.76
2020-12-15 17:00:00,20.95,21.38,31.07,42.64,1.48
2020-12-15 18:00:00,0.0,0.0,28.76,49.37,1.51
2020-12-15 19:00:00,0.0,0.0,27.85,52.42,1.52
2020-12-15 20:00:00,0.0,0.0,27.04,56.01,1.35
2020-12-15 21:00:00,0.0,0.0,26.52,58.49,1.12
2020-12-15 22:00:00,0.0,0.0,26.29,59.29,0.89
2020-12-15 23:00:00,0.0,0.0,26.07,60.38,0.73
2020-12-16 00:00:00,0.0,0.0,25.61,62.84,0.66
2020-12-16 01:00:00,0.0,0.0,25.0,67.41,0.6
2020-12-16 02:00:00,0.0,0.0,24.4,72.15,0.49
2020-12-16 03:00:00,0.0,0.0,23.75,76.78,0.45
2020-12-16 04:00:00,0.0,0.0,22.98,80.4,0.62
2020-12-16 05:00:00,0.0,0.0,22.2,82.86,0.7
2020-12-16 06:00:00,26.48,26.42,22.28,81.29,0.9
2020-12-16 07:00:00,199.25,201.32,24.29,69.05,1.5
2020-12-16 08:00:00,405.83,414.85,28.29,52.68,1.04
2020-12-16 09:00:00,590.25,605.6,31.73,38.93,1.51
2020-12-16 10:00:00,735.78,744.17,33.91,31.09,2.27
2020-12-16 11:00:00,814.97,820.42,35.41,26.43,2.83
2020-12-16 12:00:00,811.03,819.67,36.3,23.99,3.21
2020-12-16 13:00:00,737.78,742.67,36.58,23.15,3.46
2020-12-16 14:00:00,589.38,597.55,36.33,23.48,3.65
2020-12-16 15:00:00,386.92,400.8,35.57,25.1,3.77
2020-12-16 16:00:00,176.45,183.38,34.14,28.85,3.49
2020-12-16 17:00:00,19.8,19.45,30.75,43.3,1.88
2020-12-16 18:00:00,0.0,0.0,28.57,52.06,1.67
2020-12-16 19:00:00,0.0,0.0,27.71,55.77,1.58
2020-12-16 20:00:00,0.0,0.0,26.89,59.27,1.37
2020-12-16 21:00:00,0.0,0.0,26.16,62.21,1.16
2020-12-16 22:00:00,0.0,0.0,25.55,64.39,1.0
2020-12-16 23:00:00,0.0,0.0,24.96,66.16,0.9
2020-12-17 00:00:00,0.0,0.0,24.29,68.15,0.86
2020-12-17 01:00:00,0.0,0.0,23.55,70.29,0.87
2020-12-17 02:00:00,0.0,0.0,22.73,72.41,0.95
2020-12-17 03:00:00,0.0,0.0,21.97,74.59,1.08
2020-12-17 04:00:00,0.0,0.0,21.26,76.87,1.25
2020-12-17 05:00:00,0.0,0.0,20.64,79.31,1.33
2020-12-17 06:00:00,23.23,23.12,20.57,79.18,1.8
2020-12-17 07:00:00,176.82,181.0,22.31,70.99,2.5
2020-12-17 08:00:00,375.2,385.75,25.76,55.64,2.38
2020-12-17 09:00:00,569.6,578.08,29.95,38.12,3.37
2020-12-17 10:00:00,721.78,721.95,32.88,27.61,4.28
2020-12-17 11:00:00,800.1,800.28,34.33,24.13,4.49
2020-12-17 12:00:00,838.6,839.62,35.15,22.53,4.48
2020-12-17 13:00:00,762.58,764.22,35.4,22.01,4.36
2020-12-17 14:00:00,612.2,617.2,35.1,22.28,4.15
2020-12-17 15:00:00,411.33,415.8,34.38,23.44,3.79
2020-12-17 16:00:00,196.95,199.05,33.02,28.2,2.81
2020-12-17 17:00:00,21.77,21.95,29.38,45.0,1.4
2020-12-17 18:00:00,0.0,0.0,27.29,51.72,1.3
2020-12-17 19:00:00,0.0,0.0,26.52,54.69,1.22
2020-12-17 20:00:00,0.0,0.0,25.85,57.46,1.11
2020-12-17 21:00:00,0.0,0.0,25.35,59.75,1.0
2020-12-17 22:00:00,0.0,0.0,24.92,61.79,0.92
2020-12-17 23:00:00,0.0,0.0,24.43,63.82,0.88
2020-12-18 00:00:00,0.0,0.0,23.93,66.22,0.85
2020-12-18 01:00:00,0.0,0.0,23.35,68.98,0.8
2020-12-18 02:00:00,0.0,0.0,22.81,71.6,0.74
2020-12-18 03:00:00,0.0,0.0,22.29,73.68,0.71
2020-12-18 04:00:00,0.0,0.0,21.72,75.41,0.71
2020-12-18 05:00:00,0.0,0.0,21.31,75.56,0.84
2020-12-18 06:00:00,22.33,22.45,21.41,73.03,1.36
2020-12-18 07:00:00,185.9,188.07,23.0,63.36,2.49
2020-12-18 08:00:00,374.42,380.27,25.99,56.43,2.04
2020-12-18 09:00:00,568.22,577.0,30.13,46.17,2.1
2020-12-18 10:00:00,707.47,728.85,32.32,38.3,2.03
2020-12-18 11:00:00,785.78,806.5,33.79,31.73,2.08
2020-12-18 12:00:00,823.65,841.45,34.86,26.62,2.4
2020-12-18 13:00:00,727.9,766.55,35.25,23.33,2.83
2020-12-18 14:00:00,609.95,622.58,35.03,21.5,3.22
2020-12-18 15:00:00,407.88,425.95,34.25,21.08,3.49
2020-12-18 16:00:00,197.3,204.23,32.65,23.67,3.22
2020-12-18 17:00:00,22.58,23.02,28.74,37.81,1.91
2020-12-18 18:00:00,0.0,0.0,26.43,44.09,1.86
2020-12-18 19:00:00,0.0,0.0,25.45,47.15,1.71
2020-12-18 20:00:00,0.0,0.0,24.61,50.66,1.43
2020-12-18 21:00:00,0.0,0.0,23.89,53.32,1.24
2020-12-18 22:00:00,0.0,0.0,23.36,54.58,1.17
2020-12-18 23:00:00,0.0,0.0,22.89,55.39,1.15
2020-12-19 00:00:00,0.0,0.0,22.12,57.19,1.16
2020-12-19 01:00:00,0.0,0.0,21.17,59.71,1.21
2020-12-19 02:00:00,0.0,0.0,20.29,61.75,1.36
2020-12-19 03:00:00,0.0,0.0,19.5,63.81,1.54
2020-12-19 04:00:00,0.0,0.0,18.77,66.3,1.65
2020-12-19 05:00:00,0.0,0.0,18.11,68.97,1.63
2020-12-19 06:00:00,23.25,23.33,18.03,69.44,1.9
2020-12-19 07:00:00,190.88,192.93,20.0,60.7,2.99
2020-12-19 08:00:00,406.73,410.1,22.94,52.64,2.42
2020-12-19 09:00:00,598.17,598.53,27.59,35.59,2.97
2020-12-19 10:00:00,736.1,738.65,32.13,21.16,3.91
2020-12-19 11:00:00,798.75,805.97,34.22,17.34,3.93
2020-12-19 12:00:00,820.4,820.62,35.28,16.17,3.78
2020-12-19 13:00:00,738.05,738.22,35.56,15.94,3.7
2020-12-19 14:00:00,582.47,590.7,35.21,16.43,3.62
2020-12-19 15:00:00,369.15,392.62,34.29,17.82,3.49
2020-12-19 16:00:00,167.77,179.32,32.52,23.13,2.75
2020-12-19 17:00:00,19.67,20.42,28.18,40.28,1.56
2020-12-19 18:00:00,0.0,0.0,25.84,46.31,1.56
2020-12-19 19:00:00,0.0,0.0,24.89,48.99,1.5
2020-12-19 20:00:00,0.0,0.0,24.18,51.19,1.36
2020-12-19 21:00:00,0.0,0.0,23.72,52.42,1.23
2020-12-19 22:00:00,0.0,0.0,23.43,52.67,1.18
2020-12-19 23:00:00,0.0,0.0,23.13,53.22,1.15
2020-12-20 00:00:00,0.0,0.0,22.45,55.32,1.14
2020-12-20 01:00:00,0.0,0.0,21.53,57.92,1.19
2020-12-20 02:00:00,0.0,0.0,20.63,60.21,1.34
2020-12-20 03:00:00,0.0,0.0,19.79,63.21,1.5
2020-12-20 04:00:00,0.0,0.0,18.99,67.1,1.53
2020-12-20 05:00:00,0.0,0.0,18.3,70.77,1.45
2020-12-20 06:00:00,20.77,20.52,18.21,72.34,1.56
2020-12-20 07:00:00,171.68,172.02,20.29,62.73,2.4
2020-12-20 08:00:00,375.12,376.67,23.37,52.95,1.82
2020-12-20 09:00:00,568.67,569.67,27.55,38.82,2.17
2020-12-20 10:00:00,708.78,708.85,31.74,26.91,2.48
2020-12-20 11:00:00,776.35,776.47,34.08,22.28,2.56
2020-12-20 12:00:00,803.53,803.67,35.28,20.58,2.62
2020-12-20 13:00:00,729.45,729.58,35.75,20.06,2.72
2020-12-20 14:00:00,587.88,588.1,35.62,20.41,2.82
2020-12-20 15:00:00,388.33,388.6,34.89,21.84,2.88
2020-12-20 16:00:00,185.9,186.07,33.22,27.31,2.33
2020-12-20 17:00:00,21.52,21.55,29.14,45.49,1.34
2020-12-20 18:00:00,0.0,0.0,27.08,51.55,1.45
2020-12-20 19:00:00,0.0,0.0,26.28,54.77,1.49
2020-12-20 20:00:00,0.0,0.0,25.49,57.96,1.38
2020-12-20 21:00:00,0.0,0.0,24.79,60.8,1.22
2020-12-20 22:00:00,0.0,0.0,24.21,62.98,1.1
2020-12-20 23:00:00,0.0,0.0,23.66,64.76,1.04
2020-12-21 00:00:00,0.0,0.0,23.04,66.48,1.03
2020-12-21 01:00:00,0.0,0.0,22.39,67.67,1.1
2020-12-21 02:00:00,0.0,0.0,21.74,68.22,1.27
2020-12-21 03:00:00,0.0,0.0,21.08,69.02,1.44
2020-12-21 04:00:00,0.0,0.0,20.4,70.82,1.53
2020-12-21 05:00:00,0.0,0.0,19.76,73.78,1.51
2020-12-21 06:00:00,20.02,19.48,19.54,75.46,1.67
2020-12-21 07:00:00,156.07,159.57,21.0,68.54,2.14
2020-12-21 08:00:00,368.05,377.85,24.0,57.99,1.6
2020-12-21 09:00:00,558.03,558.2,28.08,43.1,1.56
2020-12-21 10:00:00,698.75,703.03,32.33,30.47,1.62
2020-12-21 11:00:00,759.9,770.67,34.26,27.13,1.78
2020-12-21 12:00:00,792.8,805.33,35.26,25.58,2.13
2020-12-21 13:00:00,731.35,736.97,35.62,24.87,2.55
2020-12-21 14:00:00,592.05,592.08,35.38,25.15,2.93
2020-12-21 15:00:00,397.92,398.58,34.54,26.66,3.17
2020-12-21 16:00:00,188.95,189.55,32.97,31.78,2.73
2020-12-21 17:00:00,22.4,22.5,29.42,46.53,1.63
2020-12-21 18:00:00,0.0,0.0,27.28,52.86,1.67
2020-12-21 19:00:00,0.0,0.0,26.36,55.34,1.66
2020-12-21 20:00:00,0.0,0.0,25.59,57.28,1.54
2020-12-21 21:00:00,0.0,0.0,24.91,58.81,1.38
2020-12-21 22:00:00,0.0,0.0,24.26,59.93,1.3
2020-12-21 23:00:00,0.0,0.0,23.62,60.8,1.3
2020-12-22 00:00:00,0.0,0.0,22.97,61.7,1.41
2020-12-22 01:00:00,0.0,0.0,22.25,63.07,1.63
2020-12-22 02:00:00,0.0,0.0,21.46,65.6,1.85
2020-12-22 03:00:00,0.0,0.0,20.63,69.48,2.04
2020-12-22 04:00:00,0.0,0.0,19.81,74.41,2.23
2020-12-22 05:00:00,0.0,0.0,19.02,79.64,2.31
2020-12-22 06:00:00,20.95,19.3,18.65,82.23,2.59
2020-12-22 07:00:00,156.55,164.35,19.99,76.36,2.65
2020-12-22 08:00:00,333.2,366.25,23.43,61.52,2.51
2020-12-22 09:00:00,511.85,557.25,27.42,47.06,3.1
2020-12-22 10:00:00,617.45,699.6,31.2,35.74,3.45
2020-12-22 11:00:00,749.75,773.45,33.88,29.24,3.48
2020-12-22 12:00:00,785.05,801.75,35.2,26.93,3.36
2020-12-22 13:00:00,691.33,721.08,35.66,26.04,3.36
2020-12-22 14:00:00,543.25,571.75,35.49,26.05,3.44
2020-12-22 15:00:00,355.85,372.48,34.74,27.0,3.5
2020-12-22 16:00:00,165.48,168.95,33.25,30.43,3.15
2020-12-22 17:00:00,20.98,20.95,29.55,44.22,1.99
2020-12-22 18:00:00,0.0,0.0,27.35,49.99,2.2
2020-12-22 19:00:00,0.0,0.0,26.34,52.26,2.26
2020-12-22 20:00:00,0.0,0.0,25.44,54.09,2.06
2020-12-22 21:00:00,0.0,0.0,24.65,55.13,1.83
2020-12-22 22:00:00,0.0,0.0,23.93,55.74,1.62
2020-12-22 23:00:00,0.0,0.0,23.26,56.52,1.47
2020-12-23 00:00:00,0.0,0.0,22.58,57.61,1.42
2020-12-23 01:00:00,0.0,0.0,21.86,59.15,1.52
2020-12-23 02:00:00,0.0,0.0,21.13,61.4,1.73
2020-12-23 03:00:00,0.0,0.0,20.38,64.64,2.02
2020-12-23 04:00:00,0.0,0.0,19.64,68.74,2.18
2020-12-23 05:00:00,0.0,0.0,18.94,72.77,2.12
2020-12-23 06:00:00,19.35,19.38,18.63,74.68,2.42
2020-12-23 07:00:00,162.93,163.85,20.0,68.88,2.81
2020-12-23 08:00:00,361.42,364.42,23.37,54.98,2.75
2020-12-23 09:00:00,552.9,557.12,27.47,40.24,3.46
2020-12-23 10:00:00,692.05,699.5,30.89,32.37,3.56
2020-12-23 11:00:00,771.33,778.5,33.8,26.37,3.37
2020-12-23 12:00:00,847.7,850.12,35.22,24.57,3.18
2020-12-23 13:00:00,759.25,773.22,35.74,24.02,3.06
2020-12-23 14:00:00,610.12,626.42,35.64,24.16,3.02
2020-12-23 15:00:00,413.17,425.55,34.93,25.46,2.98
2020-12-23 16:00:00,200.25,202.73,33.49,29.67,2.54
2020-12-23 17:00:00,25.12,25.33,29.96,46.32,1.42
2020-12-23 18:00:00,0.0,0.0,27.83,52.27,1.6
2020-12-23 19:00:00,0.0,0.0,27.12,54.04,1.87
2020-12-23 20:00:00,0.0,0.0,26.48,55.96,1.97
2020-12-23 21:00:00,0.0,0.0,25.77,58.42,1.79
2020-12-23 22:00:00,0.0,0.0,24.9,61.15,1.56
2020-12-23 23:00:00,0.0,0.0,24.09,63.43,1.4
2020-12-24 00:00:00,0.0,0.0,23.44,65.04,1.28
2020-12-24 01:00:00,0.0,0.0,22.81,66.28,1.22
2020-12-24 02:00:00,0.0,0.0,22.17,67.42,1.25
2020-12-24 03:00:00,0.0,0.0,21.53,68.65,1.31
2020-12-24 04:00:00,0.0,0.0,20.87,70.56,1.35
2020-12-24 05:00:00,0.0,0.0,20.28,72.95,1.33
2020-12-24 06:00:00,18.5,19.17,20.2,73.69,1.62
2020-12-24 07:00:00,168.65,173.77,21.95,65.81,2.11
2020-12-24 08:00:00,367.02,383.15,25.41,53.12,1.55
2020-12-24 09:00:00,563.55,575.78,30.0,37.39,1.3
2020-12-24 10:00:00,716.7,716.92,33.38,30.06,1.32
2020-12-24 11:00:00,778.78,792.3,34.99,27.63,1.64
2020-12-24 12:00:00,815.97,831.78,35.93,26.04,2.02
2020-12-24 13:00:00,737.92,757.05,36.37,24.98,2.33
2020-12-24 14:00:00,601.35,616.95,36.29,24.55,2.62
2020-12-24 15:00:00,405.45,423.25,35.64,25.03,2.92
2020-12-24 16:00:00,199.77,204.82,34.23,27.45,2.99
2020-12-24 17:00:00,25.85,26.48,30.52,40.76,1.85
2020-12-24 18:00:00,0.0,0.0,28.28,46.22,2.21
2020-12-24 19:00:00,0.0,0.0,27.38,47.95,2.5
2020-12-24 20:00:00,0.0,0.0,26.45,50.4,2.26
2020-12-24 21:00:00,0.0,0.0,25.57,52.97,1.93
2020-12-24 22:00:00,0.0,0.0,24.8,55.38,1.65
2020-12-24 23:00:00,0.0,0.0,24.08,57.75,1.48
2020-12-25 00:00:00,0.0,0.0,23.42,59.84,1.45
2020-12-25 01:00:00,0.0,0.0,22.71,61.98,1.57
2020-12-25 02:00:00,0.0,0.0,21.98,64.54,1.93
2020-12-25 03:00:00,0.0,0.0,21.22,67.99,2.38
2020-12-25 04:00:00,0.0,0.0,20.35,72.68,2.38
2020-12-25 05:00:00,0.0,0.0,19.58,76.94,2.14
2020-12-25 06:00:00,19.88,19.95,19.27,78.98,2.35
2020-12-25 07:00:00,180.57,182.05,20.73,72.91,2.65
2020-12-25 08:00:00,387.58,389.58,24.31,56.77,2.78
2020-12-25 09:00:00,582.92,583.1,28.32,40.66,3.96
2020-12-25 10:00:00,726.95,726.95,32.19,27.96,4.68
2020-12-25 11:00:00,814.16,824.91,34.28,23.91,4.52
2020-12-25 12:00:00,831.47,831.47,35.43,22.22,4.2
2020-12-25 13:00:00,760.0,760.0,35.82,21.57,4.02
2020-12-25 14:00:00,618.08,618.42,35.61,21.59,4.0
2020-12-25 15:00:00,423.1,423.62,34.87,22.52,4.01
2020-12-25 16:00:00,207.62,208.05,33.22,26.36,3.52
2020-12-25 17:00:00,27.45,27.5,29.46,39.62,2.28
2020-12-25 18:00:00,0.0,0.0,27.4,45.76,2.57
2020-12-25 19:00:00,0.0,0.0,26.44,48.59,2.73
2020-12-25 20:00:00,0.0,0.0,25.53,51.26,2.59
2020-12-25 21:00:00,0.0,0.0,24.72,53.05,2.48
2020-12-25 22:00:00,0.0,0.0,23.86,55.11,2.55
2020-12-25 23:00:00,0.0,0.0,22.96,57.73,2.78
2020-12-26 00:00:00,0.0,0.0,21.92,61.31,3.0
2020-12-26 01:00:00,0.0,0.0,20.9,64.8,3.05
2020-12-26 02:00:00,0.0,0.0,19.99,67.71,2.94
2020-12-26 03:00:00,0.0,0.0,19.07,70.55,2.76
2020-12-26 04:00:00,0.0,0.0,18.3,72.7,2.73
2020-12-26 05:00:00,0.0,0.0,17.63,74.83,2.69
2020-12-26 06:00:00,20.75,20.88,17.25,75.97,2.86
2020-12-26 07:00:00,198.0,199.5,18.66,69.71,3.12
2020-12-26 08:00:00,408.3,410.62,22.33,54.51,3.25
2020-12-26 09:00:00,614.75,617.15,26.95,35.98,4.92
2020-12-26 10:00:00,768.9,770.75,30.84,24.24,5.91
2020-12-26 11:00:00,855.5,856.47,32.98,20.7,5.71
2020-12-26 12:00:00,889.2,889.2,34.08,19.71,5.33
2020-12-26 13:00:00,816.62,818.03,34.52,19.42,5.01
2020-12-26 14:00:00,673.1,675.65,34.34,19.8,4.77
2020-12-26 15:00:00,472.1,475.2,33.54,20.91,4.65
2020-12-26 16:00:00,241.57,244.0,31.95,23.74,4.21
2020-12-26 17:00:00,34.4,34.75,28.07,36.08,2.49
2020-12-26 18:00:00,0.0,0.0,25.81,43.37,2.41
2020-12-26 19:00:00,0.0,0.0,24.92,45.92,2.36
2020-12-26 20:00:00,0.0,0.0,23.85,48.93,2.14
2020-12-26 21:00:00,0.0,0.0,22.74,51.47,2.07
2020-12-26 22:00:00,0.0,0.0,21.8,53.33,2.24
2020-12-26 23:00:00,0.0,0.0,20.9,55.26,2.78
2020-12-27 00:00:00,0.0,0.0,19.71,58.77,3.33
2020-12-27 01:00:00,0.0,0.0,18.4,63.45,3.37
2020-12-27 02:00:00,0.0,0.0,17.32,67.5,3.17
2020-12-27 03:00:00,0.0,0.0,16.45,71.17,2.92
2020-12-27 04:00:00,0.0,0.0,15.73,74.64,2.75
2020-12-27 05:00:00,0.0,0.0,15.13,77.78,2.57
2020-12-27 06:00:00,21.73,21.75,14.92,78.7,2.73
2020-12-27 07:00:00,205.1,205.27,16.74,70.34,2.94
2020-12-27 08:00:00,427.23,427.45,20.79,53.54,2.83
2020-12-27 09:00:00,632.55,632.7,25.6,35.21,3.86
2020-12-27 10:00:00,783.85,783.85,29.91,23.2,4.59
2020-12-27 11:00:00,814.42,825.15,32.18,19.48,4.1
2020-12-27 12:00:00,890.05,890.05,33.33,18.58,3.5
2020-12-27 13:00:00,812.6,812.6,33.82,18.39,3.12
2020-12-27 14:00:00,661.62,662.58,33.76,18.56,2.94
2020-12-27 15:00:00,454.7,456.35,33.17,19.27,2.87
2020-12-27 16:00:00,229.23,230.77,31.67,22.77,2.51
2020-12-27 17:00:00,30.92,31.15,27.04,40.39,1.48
2020-12-27 18:00:00,0.0,0.0,24.53,44.56,1.82
2020-12-27 19:00:00,0.0,0.0,23.66,45.53,2.1
2020-12-27 20:00:00,0.0,0.0,22.92,46.97,2.13
2020-12-27 21:00:00,0.0,0.0,22.15,48.93,1.98
2020-12-27 22:00:00,0.0,0.0,21.54,50.41,1.83
2020-12-27 23:00:00,0.0,0.0,21.06,51.26,1.78
2020-12-28 00:00:00,0.0,0.0,20.46,51.91,1.85
2020-12-28 01:00:00,0.0,0.0,19.71,52.77,2.12
2020-12-28 02:00:00,0.0,0.0,18.97,54.16,2.61
2020-12-28 03:00:00,0.0,0.0,18.12,57.14,3.09
2020-12-28 04:00:00,0.0,0.0,17.19,62.0,2.98
2020-12-28 05:00:00,0.0,0.0,16.51,66.2,2.71
2020-12-28 06:00:00,17.3,17.4,16.3,67.99,2.86
2020-12-28 07:00:00,159.8,160.8,17.69,62.99,3.27
2020-12-28 08:00:00,358.6,364.58,20.7,53.67,2.78
2020-12-28 09:00:00,556.47,564.53,25.39,36.59,3.73
2020-12-28 10:00:00,707.0,715.75,29.79,23.17,4.59
2020-12-28 11:00:00,745.1,797.17,32.04,19.87,3.68
2020-12-28 12:00:00,797.8,802.92,33.39,18.55,2.99
2020-12-28 13:00:00,727.03,729.7,33.89,17.96,2.65
2020-12-28 14:00:00,569.62,570.53,33.79,18.02,2.56
2020-12-28 15:00:00,379.75,382.48,33.05,18.96,2.64
2020-12-28 16:00:00,190.77,192.85,31.27,24.39,2.2
2020-12-28 17:00:00,25.6,25.85,26.84,40.86,1.49
2020-12-28 18:00:00,0.0,0.0,24.6,44.82,1.78
2020-12-28 19:00:00,0.0,0.0,23.77,46.24,1.95
2020-12-28 20:00:00,0.0,0.0,23.01,47.88,1.94
2020-12-28 21:00:00,0.0,0.0,22.28,49.29,1.85
2020-12-28 22:00:00,0.0,0.0,21.61,50.3,1.8
2020-12-28 23:00:00,0.0,0.0,20.98,50.85,1.85
2020-12-29 00:00:00,0.0,0.0,20.34,51.22,2.02
2020-12-29 01:00:00,0.0,0.0,19.6,52.21,2.37
2020-12-29 02:00:00,0.0,0.0,18.7,54.54,2.95
2020-12-29 03:00:00,0.0,0.0,17.58,59.56,3.17
2020-12-29 04:00:00,0.0,0.0,16.54,65.32,3.02
2020-12-29 05:00:00,0.0,0.0,15.76,69.93,2.83
2020-12-29 06:00:00,14.65,14.68,15.41,72.29,2.96
2020-12-29 07:00:00,158.45,158.62,16.81,66.9,3.17
2020-12-29 08:00:00,356.4,356.73,20.23,55.35,2.82
2020-12-29 09:00:00,486.15,486.48,25.21,35.93,4.09
2020-12-29 10:00:00,632.33,632.35,29.47,24.02,4.82
2020-12-29 11:00:00,721.22,721.25,32.13,19.57,4.31
2020-12-29 12:00:00,811.17,811.2,33.43,18.42,3.76
2020-12-29 13:00:00,732.65,732.65,33.98,17.96,3.49
2020-12-29 14:00:00,588.4,588.83,33.9,18.18,3.42
2020-12-29 15:00:00,389.4,390.08,33.18,19.32,3.39
2020-12-29 16:00:00,195.52,196.07,31.46,23.9,2.79
2020-12-29 17:00:00,26.8,26.9,27.03,40.15,1.63
2020-12-29 18:00:00,0.0,0.0,24.74,45.35,1.73
2020-12-29 19:00:00,0.0,0.0,23.89,47.23,1.74
2020-12-29 20:00:00,0.0,0.0,23.15,49.13,1.63
2020-12-29 21:00:00,0.0,0.0,22.53,50.56,1.54
2020-12-29 22:00:00,0.0,0.0,21.91,51.53,1.53
2020-12-29 23:00:00,0.0,0.0,21.29,52.13,1.6
2020-12-30 00:00:00,0.0,0.0,20.63,52.44,1.77
2020-12-30 01:00:00,0.0,0.0,19.9,52.87,2.11
2020-12-30 02:00:00,0.0,0.0,19.13,54.09,2.63
2020-12-30 03:00:00,0.0,0.0,18.24,57.5,2.91
2020-12-30 04:00:00,0.0,0.0,17.41,62.04,2.9
2020-12-30 05:00:00,0.0,0.0,16.79,65.81,2.91
2020-12-30 06:00:00,15.1,15.12,17.09,63.32,3.55
2020-12-30 07:00:00,160.65,161.48,18.67,57.58,3.81
2020-12-30 08:00:00,323.67,325.58,22.44,45.78,3.6
2020-12-30 09:00:00,510.35,512.03,26.98,33.96,4.2
2020-12-30 10:00:00,660.3,660.9,31.18,25.82,4.43
2020-12-30 11:00:00,736.85,750.5,33.93,22.69,3.94
2020-12-30 12:00:00,832.6,835.35,35.21,23.25,3.43
2020-12-30 13:00:00,760.78,760.97,35.79,24.53,3.17
2020-12-30 14:00:00,612.72,620.4,35.77,26.15,3.1
2020-12-30 15:00:00,411.7,419.23,35.17,28.15,3.16
2020-12-30 16:00:00,198.82,200.7,33.83,31.47,3.03
2020-12-30 17:00:00,29.5,29.52,30.1,45.65,1.7
2020-12-30 18:00:00,0.0,0.0,27.78,51.66,1.83
2020-12-30 19:00:00,0.0,0.0,26.84,53.57,1.92
2020-12-30 20:00:00,0.0,0.0,25.97,55.55,1.81
2020-12-30 21:00:00,0.0,0.0,25.25,56.81,1.68
2020-12-30 22:00:00,0.0,0.0,24.64,57.44,1.6
2020-12-30 23:00:00,0.0,0.0,24.05,57.6,1.59
2020-12-31 00:00:00,0.0,0.0,23.45,57.41,1.68
2020-12-31 01:00:00,0.0,0.0,22.8,57.07,1.9
2020-12-31 02:00:00,0.0,0.0,22.04,57.37,2.26
2020-12-31 03:00:00,0.0,0.0,21.14,59.37,2.63
2020-12-31 04:00:00,0.0,0.0,20.23,62.89,2.77
2020-12-31 05:00:00,0.0,0.0,19.55,66.18,2.72
2020-12-31 06:00:00,15.45,15.5,19.34,67.87,2.74
2020-12-31 07:00:00,151.85,152.4,21.09,62.52,2.78
2020-12-31 08:00:00,345.9,352.42,24.98,51.23,2.42
2020-12-31 09:00:00,536.78,544.17,29.75,39.04,2.98
2020-12-31 10:00:00,684.17,686.33,33.9,33.23,3.36
2020-12-31 11:00:00,752.12,753.22,35.48,32.79,2.98
2020-12-31 12:00:00,829.8,832.17,36.4,32.19,2.69
2020-12-31 13:00:00,733.67,764.25,36.65,32.16,2.6
2020-12-31 14:00:00,613.75,622.12,36.41,32.69,2.68
2020-12-31 15:00:00,416.98,426.1,35.65,34.05,2.86
2020-12-31 16:00:00,199.5,207.88,34.33,36.95,2.96
2020-12-31 17:00:00,30.92,31.25,31.65,47.92,1.98
2020-12-31 18:00:00,0.0,0.0,30.05,53.95,2.33
2020-12-31 19:00:00,0.0,0.0,29.32,56.64,2.57
2020-12-31 20:00:00,0.0,0.0,28.65,59.04,2.34
2020-12-31 21:00:00,0.0,0.0,28.0,60.87,2.04
2020-12-31 22:00:00,0.0,0.0,27.41,61.44,1.86
2020-12-31 23:00:00,0.0,0.0,26.79,60.84,1.76
