,ghi_w_m2,ghi_clear_w_m2,temp_c,humidity_pct,wind_speed_ms
2018-01-01 00:00:00,0.0,0.0,20.86,50.26,2.49
2018-01-01 01:00:00,0.0,0.0,20.16,54.33,2.68
2018-01-01 02:00:00,0.0,0.0,19.35,58.65,2.85
2018-01-01 03:00:00,0.0,0.0,18.48,62.95,2.95
2018-01-01 04:00:00,0.0,0.0,17.63,66.73,2.97
2018-01-01 05:00:00,0.0,0.0,16.83,69.72,2.98
2018-01-01 06:00:00,16.7,16.73,16.4,70.17,3.17
2018-01-01 07:00:00,174.57,175.02,17.87,61.88,3.34
2018-01-01 08:00:00,357.77,358.15,21.78,44.27,3.7
2018-01-01 09:00:00,555.38,555.58,26.18,29.45,4.96
2018-01-01 10:00:00,714.67,714.67,30.19,20.01,5.57
2018-01-01 11:00:00,797.83,798.0,32.92,16.33,5.23
2018-01-01 12:00:00,830.08,830.45,34.61,14.85,4.76
2018-01-01 13:00:00,745.95,746.55,35.38,14.19,4.46
2018-01-01 14:00:00,593.08,594.15,35.39,14.08,4.36
2018-01-01 15:00:00,390.12,391.48,34.69,14.64,4.31
2018-01-01 16:00:00,205.32,206.4,33.06,16.91,3.86
2018-01-01 17:00:00,29.58,29.73,28.94,25.25,2.65
2018-01-01 18:00:00,0.0,0.0,26.63,30.41,3.36
2018-01-01 19:00:00,0.0,0.0,25.36,34.57,3.74
2018-01-01 20:00:00,0.0,0.0,24.25,38.38,3.48
2018-01-01 21:00:00,0.0,0.0,23.36,41.32,3.24
2018-01-01 22:00:00,0.0,0.0,22.56,44.24,3.17
2018-01-01 23:00:00,0.0,0.0,21.68,48.37,3.07
2018-01-02 00:00:00,0.0,0.0,20.84,53.23,3.16
2018-01-02 01:00:00,0.0,0.0,19.99,58.04,3.23
2018-01-02 02:00:00,0.0,0.0,19.23,61.9,3.22
2018-01-02 03:00:00,0.0,0.0,18.6,65.05,3.2
2018-01-02 04:00:00,0.0,0.0,18.13,67.23,3.14
2018-01-02 05:00:00,0.0,0.0,17.79,68.4,3.07
2018-01-02 06:00:00,12.7,12.7,17.65,68.11,3.14
2018-01-02 07:00:00,130.38,130.48,18.51,62.85,3.29
2018-01-02 08:00:00,288.5,288.95,20.87,50.9,3.4
2018-01-02 09:00:00,441.17,442.33,24.5,33.72,4.37
2018-01-02 10:00:00,592.55,594.2,28.19,22.04,5.13
2018-01-02 11:00:00,631.53,640.2,31.01,15.9,5.37
2018-01-02 12:00:00,539.62,552.62,32.61,14.31,4.97
2018-01-02 13:00:00,488.33,489.4,33.37,14.03,4.48
2018-01-02 14:00:00,421.08,421.2,33.37,14.42,4.13
2018-01-02 15:00:00,230.27,232.15,32.19,16.04,3.81
2018-01-02 16:00:00,102.82,103.35,30.21,20.31,3.18
2018-01-02 17:00:00,19.52,19.58,27.68,25.83,3.32
2018-01-02 18:00:00,0.0,0.0,25.88,30.69,3.95
2018-01-02 19:00:00,0.0,0.0,24.67,34.85,4.01
2018-01-02 20:00:00,0.0,0.0,23.87,37.44,3.78
2018-01-02 21:00:00,0.0,0.0,23.22,39.28,3.61
2018-01-02 22:00:00,0.0,0.0,22.56,41.16,3.57
2018-01-02 23:00:00,0.0,0.0,21.86,43.79,3.54
2018-01-03 00:00:00,0.0,0.0,21.14,46.89,3.5
2018-01-03 01:00:00,0.0,0.0,20.41,50.08,3.46
2018-01-03 02:00:00,0.0,0.0,19.74,53.02,3.42
2018-01-03 03:00:00,0.0,0.0,19.16,55.33,3.42
2018-01-03 04:00:00,0.0,0.0,18.63,57.22,3.5
2018-01-03 05:00:00,0.0,0.0,18.13,58.84,3.57
2018-01-03 06:00:00,9.73,9.75,17.79,59.6,3.76
2018-01-03 07:00:00,106.9,107.53,18.64,55.43,4.1
2018-01-03 08:00:00,197.62,198.95,21.13,44.93,3.94
2018-01-03 09:00:00,336.95,340.38,24.46,33.04,4.31
2018-01-03 10:00:00,439.88,466.23,27.41,25.17,4.65
2018-01-03 11:00:00,491.33,546.33,30.09,19.57,4.73
2018-01-03 12:00:00,530.25,603.78,31.92,17.28,4.54
2018-01-03 13:00:00,449.2,538.5,32.82,16.6,4.24
2018-01-03 14:00:00,350.05,416.92,32.98,16.69,4.0
2018-01-03 15:00:00,226.1,263.48,32.47,17.43,3.7
2018-01-03 16:00:00,116.97,126.7,30.88,20.9,2.7
2018-01-03 17:00:00,20.95,22.25,27.11,30.11,1.97
2018-01-03 18:00:00,0.0,0.0,25.2,33.55,2.54
2018-01-03 19:00:00,0.0,0.0,24.24,36.09,2.98
2018-01-03 20:00:00,0.0,0.0,23.24,39.08,2.75
2018-01-03 21:00:00,0.0,0.0,22.41,41.39,2.42
2018-01-03 22:00:00,0.0,0.0,21.7,43.53,2.18
2018-01-03 23:00:00,0.0,0.0,21.0,45.94,1.98
2018-01-04 00:00:00,0.0,0.0,20.3,48.89,1.88
2018-01-04 01:00:00,0.0,0.0,19.62,52.29,1.9
2018-01-04 02:00:00,0.0,0.0,18.97,55.52,1.98
2018-01-04 03:00:00,0.0,0.0,18.36,58.35,2.12
2018-01-04 04:00:00,0.0,0.0,17.83,60.72,2.37
2018-01-04 05:00:00,0.0,0.0,17.27,63.4,2.71
2018-01-04 06:00:00,12.5,12.55,16.87,65.31,3.2
2018-01-04 07:00:00,148.98,149.38,18.01,60.34,3.62
2018-01-04 08:00:00,324.12,324.62,21.18,46.67,3.61
2018-01-04 09:00:00,484.3,484.67,25.99,24.85,5.61
2018-01-04 10:00:00,644.05,644.08,29.7,15.73,6.18
2018-01-04 11:00:00,727.72,727.78,32.1,13.45,5.55
2018-01-04 12:00:00,750.97,751.03,33.33,13.0,4.99
2018-01-04 13:00:00,687.5,687.55,33.89,13.04,4.69
2018-01-04 14:00:00,548.45,548.6,33.77,13.54,4.62
2018-01-04 15:00:00,401.48,401.73,33.16,14.51,4.64
2018-01-04 16:00:00,197.98,198.18,31.49,17.18,4.15
2018-01-04 17:00:00,31.08,31.1,27.61,25.02,2.75
2018-01-04 18:00:00,0.0,0.0,25.23,30.19,2.96
2018-01-04 19:00:00,0.0,0.0,24.07,33.49,2.83
2018-01-04 20:00:00,0.0,0.0,22.94,37.07,2.29
2018-01-04 21:00:00,0.0,0.0,22.06,40.25,1.98
2018-01-04 22:00:00,0.0,0.0,21.32,43.23,2.01
2018-01-04 23:00:00,0.0,0.0,20.57,46.64,2.28
2018-01-05 00:00:00,0.0,0.0,19.68,50.58,2.69
2018-01-05 01:00:00,0.0,0.0,18.54,55.1,2.97
2018-01-05 02:00:00,0.0,0.0,17.3,59.31,2.97
2018-01-05 03:00:00,0.0,0.0,16.23,62.2,2.85
2018-01-05 04:00:00,0.0,0.0,15.35,63.55,2.8
2018-01-05 05:00:00,0.0,0.0,14.61,64.01,2.86
2018-01-05 06:00:00,15.8,15.82,14.19,62.97,3.15
2018-01-05 07:00:00,175.73,176.05,15.59,55.42,3.31
2018-01-05 08:00:00,375.52,376.12,19.31,41.7,3.13
2018-01-05 09:00:00,586.15,586.58,24.38,24.43,4.3
2018-01-05 10:00:00,752.22,753.5,29.05,14.31,4.9
2018-01-05 11:00:00,843.5,845.3,32.1,10.78,4.25
2018-01-05 12:00:00,853.12,855.25,33.62,10.64,3.28
2018-01-05 13:00:00,782.28,783.97,34.15,11.15,2.73
2018-01-05 14:00:00,637.95,638.33,34.01,11.88,2.6
2018-01-05 15:00:00,433.98,435.88,33.35,12.88,2.67
2018-01-05 16:00:00,208.45,209.77,31.82,16.2,2.16
2018-01-05 17:00:00,35.3,35.28,27.85,25.86,1.56
2018-01-05 18:00:00,0.0,0.0,25.71,28.15,1.99
2018-01-05 19:00:00,0.0,0.0,24.59,30.28,2.29
2018-01-05 20:00:00,0.0,0.0,23.44,33.29,2.27
2018-01-05 21:00:00,0.0,0.0,22.55,35.66,2.11
2018-01-05 22:00:00,0.0,0.0,21.79,37.59,1.95
2018-01-05 23:00:00,0.0,0.0,21.05,39.71,1.81
2018-01-06 00:00:00,0.0,0.0,20.24,42.34,1.78
2018-01-06 01:00:00,0.0,0.0,19.27,45.88,1.84
2018-01-06 02:00:00,0.0,0.0,18.31,49.68,2.01
2018-01-06 03:00:00,0.0,0.0,17.77,52.11,2.48
2018-01-06 04:00:00,0.0,0.0,17.12,54.23,2.91
2018-01-06 05:00:00,0.0,0.0,16.38,55.76,2.98
2018-01-06 06:00:00,14.48,14.6,15.97,55.42,3.15
2018-01-06 07:00:00,149.4,150.5,17.46,48.76,3.44
2018-01-06 08:00:00,352.42,360.02,21.17,37.39,3.05
2018-01-06 09:00:00,558.53,568.95,25.73,24.45,3.66
2018-01-06 10:00:00,722.7,723.05,30.13,15.25,3.54
2018-01-06 11:00:00,816.72,819.42,32.9,11.4,2.6
2018-01-06 12:00:00,763.25,765.33,34.1,10.68,2.37
2018-01-06 13:00:00,694.05,705.53,34.55,10.55,2.75
2018-01-06 14:00:00,553.97,565.4,34.35,10.66,3.07
2018-01-06 15:00:00,416.2,416.35,33.51,11.13,3.27
2018-01-06 16:00:00,196.95,197.15,31.78,13.15,2.82
2018-01-06 17:00:00,32.28,32.33,27.0,22.89,1.76
2018-01-06 18:00:00,0.0,0.0,24.39,25.8,2.13
2018-01-06 19:00:00,0.0,0.0,23.22,27.37,2.31
2018-01-06 20:00:00,0.0,0.0,22.11,29.47,2.09
2018-01-06 21:00:00,0.0,0.0,21.17,31.4,1.87
2018-01-06 22:00:00,0.0,0.0,20.42,32.82,1.72
2018-01-06 23:00:00,0.0,0.0,19.74,34.08,1.65
2018-01-07 00:00:00,0.0,0.0,19.05,35.56,1.62
2018-01-07 01:00:00,0.0,0.0,18.36,37.56,1.61
2018-01-07 02:00:00,0.0,0.0,17.66,40.18,1.62
2018-01-07 03:00:00,0.0,0.0,17.0,43.45,1.6
2018-01-07 04:00:00,0.0,0.0,16.34,47.12,1.55
2018-01-07 05:00:00,0.0,0.0,15.69,50.92,1.45
2018-01-07 06:00:00,12.23,12.45,15.65,53.05,1.37
2018-01-07 07:00:00,120.47,122.9,18.13,46.89,2.4
2018-01-07 08:00:00,306.27,312.17,20.97,41.0,1.28
2018-01-07 09:00:00,474.52,488.83,26.02,26.66,1.07
2018-01-07 10:00:00,608.92,639.4,30.51,16.6,0.96
2018-01-07 11:00:00,670.42,724.78,33.22,13.04,1.21
2018-01-07 12:00:00,750.8,775.4,34.55,12.32,1.62
2018-01-07 13:00:00,672.65,704.3,35.09,12.28,1.68
2018-01-07 14:00:00,556.17,569.45,35.06,12.57,1.55
2018-01-07 15:00:00,362.48,377.88,34.42,13.23,1.25
2018-01-07 16:00:00,174.7,178.2,33.17,15.62,0.77
2018-01-07 17:00:00,31.12,30.88,30.22,24.87,0.74
2018-01-07 18:00:00,0.0,0.0,27.6,27.34,1.13
2018-01-07 19:00:00,0.0,0.0,25.6,30.79,1.25
2018-01-07 20:00:00,0.0,0.0,24.22,32.72,1.34
2018-01-07 21:00:00,0.0,0.0,23.15,34.63,1.41
2018-01-07 22:00:00,0.0,0.0,22.23,36.61,1.44
2018-01-07 23:00:00,0.0,0.0,21.49,38.29,1.43
2018-01-08 00:00:00,0.0,0.0,20.89,39.58,1.41
2018-01-08 01:00:00,0.0,0.0,20.38,40.43,1.38
2018-01-08 02:00:00,0.0,0.0,19.93,41.22,1.35
2018-01-08 03:00:00,0.0,0.0,19.49,42.01,1.32
2018-01-08 04:00:00,0.0,0.0,19.05,43.06,1.29
2018-01-08 05:00:00,0.0,0.0,18.56,44.5,1.27
2018-01-08 06:00:00,12.32,12.38,18.46,45.49,1.24
2018-01-08 07:00:00,146.6,147.35,21.25,37.23,2.51
2018-01-08 08:00:00,347.1,348.52,23.97,32.06,1.99
2018-01-08 09:00:00,482.95,484.05,28.59,22.58,1.66
2018-01-08 10:00:00,645.97,645.97,32.98,15.32,1.66
2018-01-08 11:00:00,733.3,733.35,34.96,13.31,1.71
2018-01-08 12:00:00,729.92,729.97,36.09,12.44,2.18
2018-01-08 13:00:00,659.25,659.33,36.58,11.97,2.69
2018-01-08 14:00:00,532.17,532.33,36.46,11.8,3.08
2018-01-08 15:00:00,388.02,388.17,35.68,12.18,3.34
2018-01-08 16:00:00,190.75,190.85,34.04,13.97,3.05
2018-01-08 17:00:00,32.05,32.08,29.44,23.35,1.79
2018-01-08 18:00:00,0.0,0.0,26.88,27.26,2.02
2018-01-08 19:00:00,0.0,0.0,25.76,29.34,2.12
2018-01-08 20:00:00,0.0,0.0,24.69,31.71,1.89
2018-01-08 21:00:00,0.0,0.0,23.8,33.61,1.62
2018-01-08 22:00:00,0.0,0.0,23.05,34.93,1.49
2018-01-08 23:00:00,0.0,0.0,22.25,36.42,1.47
2018-01-09 00:00:00,0.0,0.0,21.35,38.65,1.54
2018-01-09 01:00:00,0.0,0.0,20.49,41.46,1.8
2018-01-09 02:00:00,0.0,0.0,19.72,44.5,2.2
2018-01-09 03:00:00,0.0,0.0,18.89,47.67,2.49
2018-01-09 04:00:00,0.0,0.0,18.01,50.69,2.51
2018-01-09 05:00:00,0.0,0.0,17.22,53.29,2.45
2018-01-09 06:00:00,12.05,12.05,17.02,54.48,2.83
2018-01-09 07:00:00,150.15,150.27,18.88,49.45,3.51
2018-01-09 08:00:00,358.88,359.08,22.54,40.53,2.84
2018-01-09 09:00:00,482.58,482.77,28.2,26.79,3.87
2018-01-09 10:00:00,644.85,644.85,33.31,14.57,5.32
2018-01-09 11:00:00,745.85,745.85,35.42,11.35,5.36
2018-01-09 12:00:00,875.28,875.28,36.68,9.97,5.36
2018-01-09 13:00:00,807.08,807.08,37.05,9.48,5.38
2018-01-09 14:00:00,660.15,661.42,36.64,9.61,5.34
2018-01-09 15:00:00,453.33,455.67,35.66,10.28,5.17
2018-01-09 16:00:00,224.65,226.15,33.91,11.9,4.52
2018-01-09 17:00:00,38.6,38.67,29.12,19.59,2.31
2018-01-09 18:00:00,0.0,0.0,25.95,25.45,2.0
2018-01-09 19:00:00,0.0,0.0,24.71,28.13,1.8
2018-01-09 20:00:00,0.0,0.0,23.69,30.47,1.59
2018-01-09 21:00:00,0.0,0.0,22.8,32.39,1.52
2018-01-09 22:00:00,0.0,0.0,21.85,34.25,1.57
2018-01-09 23:00:00,0.0,0.0,20.87,36.24,1.78
2018-01-10 00:00:00,0.0,0.0,19.92,38.69,2.1
2018-01-10 01:00:00,0.0,0.0,18.9,41.57,2.36
2018-01-10 02:00:00,0.0,0.0,17.93,44.47,2.45
2018-01-10 03:00:00,0.0,0.0,17.07,47.44,2.43
2018-01-10 04:00:00,0.0,0.0,16.32,50.27,2.38
2018-01-10 05:00:00,0.0,0.0,15.62,53.21,2.33
2018-01-10 06:00:00,14.7,14.65,15.43,54.8,2.81
2018-01-10 07:00:00,166.6,168.38,17.26,49.69,3.38
2018-01-10 08:00:00,386.6,395.92,21.1,38.75,2.89
2018-01-10 09:00:00,595.08,611.3,26.38,23.85,3.81
2018-01-10 10:00:00,767.7,769.85,31.17,14.2,4.59
2018-01-10 11:00:00,863.1,863.67,34.27,10.01,4.83
2018-01-10 12:00:00,882.95,883.8,35.55,8.96,4.75
2018-01-10 13:00:00,811.08,811.58,36.07,8.56,4.69
2018-01-10 14:00:00,659.85,668.38,35.93,8.65,4.71
2018-01-10 15:00:00,446.75,463.8,35.06,9.27,4.68
2018-01-10 16:00:00,218.35,230.3,33.4,10.82,4.24
2018-01-10 17:00:00,39.6,40.67,28.65,18.07,2.33
2018-01-10 18:00:00,0.0,0.0,25.54,23.06,2.3
2018-01-10 19:00:00,0.0,0.0,24.31,25.68,2.26
2018-01-10 20:00:00,0.0,0.0,23.18,28.45,2.0
2018-01-10 21:00:00,0.0,0.0,22.23,30.73,1.78
2018-01-10 22:00:00,0.0,0.0,21.39,32.96,1.69
2018-01-10 23:00:00,0.0,0.0,20.52,35.82,1.7
2018-01-11 00:00:00,0.0,0.0,19.62,39.04,1.83
2018-01-11 01:00:00,0.0,0.0,18.79,41.83,2.12
2018-01-11 02:00:00,0.0,0.0,17.94,44.03,2.47
2018-01-11 03:00:00,0.0,0.0,17.03,45.32,2.66
2018-01-11 04:00:00,0.0,0.0,16.09,45.96,2.73
2018-01-11 05:00:00,0.0,0.0,15.2,46.37,2.82
2018-01-11 06:00:00,13.48,13.5,14.77,45.8,3.24
2018-01-11 07:00:00,167.75,168.2,16.45,40.05,3.72
2018-01-11 08:00:00,351.35,352.02,20.34,31.06,3.34
2018-01-11 09:00:00,562.75,562.97,25.84,18.11,4.63
2018-01-11 10:00:00,732.58,732.58,30.58,11.2,5.23
2018-01-11 11:00:00,737.51,765.7,33.58,8.9,4.82
2018-01-11 12:00:00,875.55,875.55,34.91,8.62,4.23
2018-01-11 13:00:00,805.15,805.15,35.45,8.66,3.86
2018-01-11 14:00:00,660.8,660.95,35.39,8.74,3.68
2018-01-11 15:00:00,455.02,455.33,34.69,9.17,3.54
2018-01-11 16:00:00,250.52,250.82,33.13,10.67,3.11
2018-01-11 17:00:00,45.05,45.12,28.05,19.41,1.83
2018-01-11 18:00:00,0.0,0.0,25.28,22.38,2.3
2018-01-11 19:00:00,0.0,0.0,24.22,23.86,2.55
2018-01-11 20:00:00,0.0,0.0,23.18,26.09,2.36
2018-01-11 21:00:00,0.0,0.0,22.24,28.4,2.03
2018-01-11 22:00:00,0.0,0.0,21.51,30.3,1.8
2018-01-11 23:00:00,0.0,0.0,20.87,32.02,1.67
2018-01-12 00:00:00,0.0,0.0,20.15,34.0,1.61
2018-01-12 01:00:00,0.0,0.0,19.33,36.18,1.66
2018-01-12 02:00:00,0.0,0.0,18.56,38.11,1.95
2018-01-12 03:00:00,0.0,0.0,17.76,40.08,2.31
2018-01-12 04:00:00,0.0,0.0,16.83,42.35,2.45
2018-01-12 05:00:00,0.0,0.0,15.92,44.8,2.35
2018-01-12 06:00:00,13.15,13.15,15.6,46.02,2.78
2018-01-12 07:00:00,163.88,163.95,17.3,41.82,3.51
2018-01-12 08:00:00,346.8,346.92,20.95,33.78,3.13
2018-01-12 09:00:00,558.42,558.62,26.1,21.84,4.21
2018-01-12 10:00:00,723.92,724.17,30.63,13.81,4.83
2018-01-12 11:00:00,814.15,814.42,33.42,10.58,4.43
2018-01-12 12:00:00,865.05,865.5,34.74,9.85,3.95
2018-01-12 13:00:00,794.38,794.97,35.27,9.73,3.68
2018-01-12 14:00:00,649.1,649.8,35.17,9.91,3.67
2018-01-12 15:00:00,447.5,448.12,34.42,10.45,3.74
2018-01-12 16:00:00,245.2,245.6,32.9,11.82,3.58
2018-01-12 17:00:00,44.28,44.33,28.26,19.72,1.99
2018-01-12 18:00:00,0.0,0.0,25.33,24.37,2.17
2018-01-12 19:00:00,0.0,0.0,24.22,26.75,2.22
2018-01-12 20:00:00,0.0,0.0,23.12,29.44,1.96
2018-01-12 21:00:00,0.0,0.0,22.19,31.81,1.68
2018-01-12 22:00:00,0.0,0.0,21.44,33.79,1.54
2018-01-12 23:00:00,0.0,0.0,20.64,35.68,1.52
2018-01-13 00:00:00,0.0,0.0,19.73,37.93,1.64
2018-01-13 01:00:00,0.0,0.0,18.93,40.21,1.98
2018-01-13 02:00:00,0.0,0.0,18.15,42.82,2.43
2018-01-13 03:00:00,0.0,0.0,17.23,45.46,2.78
2018-01-13 04:00:00,0.0,0.0,16.22,47.97,2.89
2018-01-13 05:00:00,0.0,0.0,15.23,50.22,2.91
2018-01-13 06:00:00,13.88,13.9,14.68,50.54,3.32
2018-01-13 07:00:00,156.73,157.98,16.22,44.34,3.7
2018-01-13 08:00:00,365.1,380.15,20.13,33.15,3.41
2018-01-13 09:00:00,577.47,598.65,25.53,18.74,4.62
2018-01-13 10:00:00,732.05,766.95,30.16,11.32,5.22
2018-01-13 11:00:00,841.35,862.62,33.03,8.92,4.72
2018-01-13 12:00:00,860.2,873.08,34.38,8.5,4.09
2018-01-13 13:00:00,781.55,803.95,34.97,8.47,3.69
2018-01-13 14:00:00,649.15,658.05,34.96,8.58,3.51
2018-01-13 15:00:00,445.8,453.15,34.32,9.01,3.46
2018-01-13 16:00:00,229.38,232.8,32.81,10.34,3.2
2018-01-13 17:00:00,42.58,42.85,27.9,18.73,1.85
2018-01-13 18:00:00,0.0,0.0,25.07,22.24,2.21
2018-01-13 19:00:00,0.0,0.0,24.03,24.12,2.44
2018-01-13 20:00:00,0.0,0.0,23.02,26.44,2.3
2018-01-13 21:00:00,0.0,0.0,22.06,28.69,2.04
2018-01-13 22:00:00,0.0,0.0,21.22,30.71,1.84
2018-01-13 23:00:00,0.0,0.0,20.45,32.78,1.74
2018-01-14 00:00:00,0.0,0.0,19.65,34.99,1.78
2018-01-14 01:00:00,0.0,0.0,18.84,37.08,2.06
2018-01-14 02:00:00,0.0,0.0,18.01,38.9,2.46
2018-01-14 03:00:00,0.0,0.0,17.03,40.57,2.72
2018-01-14 04:00:00,0.0,0.0,15.97,42.53,2.8
2018-01-14 05:00:00,0.0,0.0,15.0,45.0,2.73
2018-01-14 06:00:00,12.88,13.07,14.54,46.86,3.16
2018-01-14 07:00:00,143.82,147.68,16.04,43.54,3.59
2018-01-14 08:00:00,362.02,371.08,19.74,35.13,3.16
2018-01-14 09:00:00,556.88,573.45,25.09,21.98,4.05
2018-01-14 10:00:00,718.35,731.0,29.92,14.0,4.64
2018-01-14 11:00:00,792.78,819.5,33.11,10.64,4.15
2018-01-14 12:00:00,874.53,883.72,34.73,9.77,3.43
2018-01-14 13:00:00,805.47,808.85,35.46,9.48,2.94
2018-01-14 14:00:00,644.88,671.83,35.54,9.35,2.75
2018-01-14 15:00:00,467.73,474.8,35.03,9.53,2.72
2018-01-14 16:00:00,271.6,274.62,33.72,10.61,2.53
2018-01-14 17:00:00,51.28,51.55,28.66,20.49,1.44
2018-01-14 18:00:00,0.0,0.0,25.75,22.98,1.99
2018-01-14 19:00:00,0.0,0.0,24.7,24.64,2.64
2018-01-14 20:00:00,0.0,0.0,23.5,27.88,2.85
2018-01-14 21:00:00,0.0,0.0,22.39,31.12,2.66
2018-01-14 22:00:00,0.0,0.0,21.51,33.75,2.43
2018-01-14 23:00:00,0.0,0.0,20.72,36.33,2.21
2018-01-15 00:00:00,0.0,0.0,19.99,39.15,2.03
2018-01-15 01:00:00,0.0,0.0,19.26,42.01,1.92
2018-01-15 02:00:00,0.0,0.0,18.54,45.03,1.89
2018-01-15 03:00:00,0.0,0.0,17.81,48.16,1.91
2018-01-15 04:00:00,0.0,0.0,17.06,51.41,1.91
2018-01-15 05:00:00,0.0,0.0,16.35,54.31,1.87
2018-01-15 06:00:00,12.25,12.38,16.25,54.86,2.28
2018-01-15 07:00:00,159.82,162.07,18.15,48.75,3.03
2018-01-15 08:00:00,383.38,387.9,21.76,38.27,2.45
2018-01-15 09:00:00,571.85,577.97,26.89,23.21,3.39
2018-01-15 10:00:00,728.15,736.3,31.71,13.83,3.87
2018-01-15 11:00:00,818.38,819.4,34.39,10.81,3.36
2018-01-15 12:00:00,781.38,781.6,35.77,9.87,2.79
2018-01-15 13:00:00,711.83,730.53,36.46,9.57,2.35
2018-01-15 14:00:00,581.92,591.15,36.54,9.65,2.03
2018-01-15 15:00:00,410.88,412.67,36.04,10.13,1.8
2018-01-15 16:00:00,200.4,202.45,34.58,13.92,1.22
2018-01-15 17:00:00,38.0,37.95,30.69,24.5,0.94
2018-01-15 18:00:00,0.0,0.0,28.18,26.22,1.1
2018-01-15 19:00:00,0.0,0.0,26.64,30.08,1.05
2018-01-15 20:00:00,0.0,0.0,25.61,33.55,1.03
2018-01-15 21:00:00,0.0,0.0,24.75,36.69,1.04
2018-01-15 22:00:00,0.0,0.0,23.79,39.35,1.07
2018-01-15 23:00:00,0.0,0.0,22.89,41.48,1.1
2018-01-16 00:00:00,0.0,0.0,21.97,43.37,1.14
2018-01-16 01:00:00,0.0,0.0,21.26,44.95,1.16
2018-01-16 02:00:00,0.0,0.0,20.63,46.71,1.19
2018-01-16 03:00:00,0.0,0.0,20.01,49.07,1.21
2018-01-16 04:00:00,0.0,0.0,19.38,52.51,1.21
2018-01-16 05:00:00,0.0,0.0,18.73,57.05,1.21
2018-01-16 06:00:00,10.6,10.55,18.67,59.79,1.26
2018-01-16 07:00:00,122.65,123.3,20.87,54.12,2.5
2018-01-16 08:00:00,319.33,320.48,23.8,45.79,1.95
2018-01-16 09:00:00,472.75,473.05,28.49,31.98,2.11
2018-01-16 10:00:00,652.7,659.12,32.46,22.46,2.25
2018-01-16 11:00:00,744.42,748.8,34.6,18.84,1.96
2018-01-16 12:00:00,784.03,792.22,36.18,16.83,1.72
2018-01-16 13:00:00,709.53,725.03,36.9,15.99,1.53
2018-01-16 14:00:00,581.85,586.72,36.96,16.0,1.41
2018-01-16 15:00:00,399.02,408.33,36.45,16.73,1.34
2018-01-16 16:00:00,199.55,202.12,35.36,18.65,1.21
2018-01-16 17:00:00,41.22,38.97,32.34,29.5,0.85
2018-01-16 18:00:00,0.0,0.0,30.06,32.98,1.06
2018-01-16 19:00:00,0.0,0.0,28.39,37.67,1.14
2018-01-16 20:00:00,0.0,0.0,27.16,41.69,1.3
2018-01-16 21:00:00,0.0,0.0,26.33,44.99,1.61
2018-01-16 22:00:00,0.0,0.0,25.77,47.41,2.06
2018-01-16 23:00:00,0.0,0.0,25.17,48.97,2.45
2018-01-17 00:00:00,0.0,0.0,24.5,49.72,2.56
2018-01-17 01:00:00,0.0,0.0,23.83,49.96,2.51
2018-01-17 02:00:00,0.0,0.0,23.13,50.58,2.4
2018-01-17 03:00:00,0.0,0.0,22.37,51.9,2.32
2018-01-17 04:00:00,0.0,0.0,21.75,52.81,2.43
2018-01-17 05:00:00,0.0,0.0,20.91,55.24,2.27
2018-01-17 06:00:00,10.6,10.6,20.48,56.56,2.6
2018-01-17 07:00:00,143.0,143.05,21.52,52.79,2.92
2018-01-17 08:00:00,311.88,312.0,24.33,41.65,2.82
2018-01-17 09:00:00,525.35,525.5,28.18,26.75,3.87
2018-01-17 10:00:00,681.05,681.12,31.84,17.19,4.35
2018-01-17 11:00:00,773.25,773.5,34.02,14.01,4.07
2018-01-17 12:00:00,728.97,729.38,35.49,12.79,3.81
2018-01-17 13:00:00,654.25,654.88,36.23,12.61,3.72
2018-01-17 14:00:00,533.25,533.92,36.29,12.87,3.71
2018-01-17 15:00:00,356.75,357.4,35.67,13.37,3.64
2018-01-17 16:00:00,191.8,192.23,34.17,15.41,2.9
2018-01-17 17:00:00,36.38,36.42,30.23,23.35,1.75
2018-01-17 18:00:00,0.0,0.0,28.03,26.49,2.09
2018-01-17 19:00:00,0.0,0.0,26.99,28.71,2.5
2018-01-17 20:00:00,0.0,0.0,25.94,31.52,2.69
2018-01-17 21:00:00,0.0,0.0,25.01,33.92,2.66
2018-01-17 22:00:00,0.0,0.0,24.14,35.83,2.57
2018-01-17 23:00:00,0.0,0.0,23.3,37.4,2.47
2018-01-18 00:00:00,0.0,0.0,22.43,39.18,2.33
2018-01-18 01:00:00,0.0,0.0,21.54,41.15,2.21
2018-01-18 02:00:00,0.0,0.0,20.68,43.43,2.1
2018-01-18 03:00:00,0.0,0.0,19.88,46.11,2.0
2018-01-18 04:00:00,0.0,0.0,19.13,49.25,1.95
2018-01-18 05:00:00,0.0,0.0,18.42,52.77,1.98
2018-01-18 06:00:00,10.6,10.6,18.24,54.53,2.53
2018-01-18 07:00:00,143.02,143.23,19.63,50.37,3.12
2018-01-18 08:00:00,350.48,350.85,22.69,41.64,2.59
2018-01-18 09:00:00,520.85,521.22,27.7,25.87,3.72
2018-01-18 10:00:00,698.15,698.15,32.38,15.95,4.88
2018-01-18 11:00:00,805.3,805.75,35.14,12.6,4.74
2018-01-18 12:00:00,838.62,839.55,36.57,11.84,4.51
2018-01-18 13:00:00,774.6,787.55,37.19,11.66,4.53
2018-01-18 14:00:00,644.85,653.67,37.1,11.59,4.63
2018-01-18 15:00:00,437.17,439.52,36.27,11.99,4.68
2018-01-18 16:00:00,239.95,241.45,34.62,13.54,4.32
2018-01-18 17:00:00,47.4,47.47,30.59,19.38,2.67
2018-01-18 18:00:00,0.0,0.0,27.66,23.96,2.56
2018-01-18 19:00:00,0.0,0.0,26.34,26.19,2.5
2018-01-18 20:00:00,0.0,0.0,25.12,28.67,2.19
2018-01-18 21:00:00,0.0,0.0,24.04,31.06,1.97
2018-01-18 22:00:00,0.0,0.0,23.04,33.38,1.93
2018-01-18 23:00:00,0.0,0.0,22.06,35.9,2.05
2018-01-19 00:00:00,0.0,0.0,21.02,38.58,2.25
2018-01-19 01:00:00,0.0,0.0,19.88,41.37,2.43
2018-01-19 02:00:00,0.0,0.0,18.67,44.01,2.48
2018-01-19 03:00:00,0.0,0.0,17.49,46.28,2.29
2018-01-19 04:00:00,0.0,0.0,16.43,48.41,2.07
2018-01-19 05:00:00,0.0,0.0,15.52,50.16,1.9
2018-01-19 06:00:00,13.82,12.7,15.37,49.86,2.32
2018-01-19 07:00:00,154.55,160.4,17.5,43.16,3.03
2018-01-19 08:00:00,351.83,388.15,21.48,33.09,2.4
2018-01-19 09:00:00,557.33,607.53,27.18,18.0,3.21
2018-01-19 10:00:00,713.42,780.42,32.15,8.84,3.5
2018-01-19 11:00:00,809.25,880.75,34.62,6.45,3.06
2018-01-19 12:00:00,862.58,885.62,35.83,5.68,2.95
2018-01-19 13:00:00,780.08,809.62,36.39,5.32,2.89
2018-01-19 14:00:00,635.17,663.25,36.28,5.21,2.83
2018-01-19 15:00:00,441.0,460.88,35.59,5.41,2.76
2018-01-19 16:00:00,239.23,242.32,34.07,6.96,2.37
2018-01-19 17:00:00,48.12,48.3,29.13,16.68,1.31
2018-01-19 18:00:00,0.0,0.0,26.16,18.78,1.55
2018-01-19 19:00:00,0.0,0.0,24.93,20.22,1.7
2018-01-19 20:00:00,0.0,0.0,23.74,22.44,1.72
2018-01-19 21:00:00,0.0,0.0,22.57,24.84,1.65
2018-01-19 22:00:00,0.0,0.0,21.52,26.97,1.56
2018-01-19 23:00:00,0.0,0.0,20.6,28.79,1.49
2018-01-20 00:00:00,0.0,0.0,19.75,30.33,1.46
2018-01-20 01:00:00,0.0,0.0,18.9,31.88,1.46
2018-01-20 02:00:00,0.0,0.0,18.07,33.58,1.5
2018-01-20 03:00:00,0.0,0.0,17.29,35.67,1.51
2018-01-20 04:00:00,0.0,0.0,16.56,38.38,1.49
2018-01-20 05:00:00,0.0,0.0,15.92,41.49,1.41
2018-01-20 06:00:00,11.82,11.82,16.15,43.49,1.34
2018-01-20 07:00:00,165.25,165.35,19.66,36.35,2.55
2018-01-20 08:00:00,352.6,352.73,23.29,30.12,1.86
2018-01-20 09:00:00,566.42,566.5,28.35,20.18,1.59
2018-01-20 10:00:00,724.2,724.2,33.17,11.6,0.99
2018-01-20 11:00:00,751.08,779.88,35.13,9.44,0.5
2018-01-20 12:00:00,846.2,846.2,36.14,8.58,0.27
2018-01-20 13:00:00,774.3,774.3,36.65,8.0,0.33
2018-01-20 14:00:00,632.6,635.22,36.69,7.72,0.57
2018-01-20 15:00:00,433.15,437.33,36.18,7.8,0.95
2018-01-20 16:00:00,230.1,230.77,35.02,8.88,1.26
2018-01-20 17:00:00,46.3,46.97,30.71,20.67,0.97
2018-01-20 18:00:00,0.0,0.0,27.55,23.15,1.28
2018-01-20 19:00:00,0.0,0.0,26.05,26.2,1.46
2018-01-20 20:00:00,0.0,0.0,24.95,30.65,1.61
2018-01-20 21:00:00,0.0,0.0,23.99,35.39,1.67
2018-01-20 22:00:00,0.0,0.0,23.12,39.14,1.61
2018-01-20 23:00:00,0.0,0.0,22.3,42.01,1.52
2018-01-21 00:00:00,0.0,0.0,21.56,44.41,1.49
2018-01-21 01:00:00,0.0,0.0,20.94,46.11,1.64
2018-01-21 02:00:00,0.0,0.0,20.36,47.25,1.96
2018-01-21 03:00:00,0.0,0.0,19.77,48.26,2.42
2018-01-21 04:00:00,0.0,0.0,19.12,49.63,2.91
2018-01-21 05:00:00,0.0,0.0,18.33,51.65,3.19
2018-01-21 06:00:00,11.57,11.6,17.82,53.3,3.57
2018-01-21 07:00:00,156.15,156.48,19.21,48.89,4.06
2018-01-21 08:00:00,339.67,340.27,22.82,37.88,4.0
2018-01-21 09:00:00,550.25,551.08,26.97,27.12,4.52
2018-01-21 10:00:00,726.55,726.97,30.74,19.68,4.84
2018-01-21 11:00:00,822.15,822.15,33.67,15.66,4.8
2018-01-21 12:00:00,764.98,794.3,35.27,13.73,4.74
2018-01-21 13:00:00,712.38,739.34,35.89,12.61,4.69
2018-01-21 14:00:00,659.67,659.67,35.83,11.92,4.63
2018-01-21 15:00:00,462.98,462.98,35.07,11.7,4.51
2018-01-21 16:00:00,262.83,262.83,33.68,12.27,4.24
2018-01-21 17:00:00,53.5,53.5,29.55,17.63,2.4
2018-01-21 18:00:00,0.0,0.0,26.5,21.25,2.4
2018-01-21 19:00:00,0.0,0.0,25.39,22.13,2.43
2018-01-21 20:00:00,0.0,0.0,24.28,23.66,2.16
2018-01-21 21:00:00,0.0,0.0,23.34,25.37,1.93
2018-01-21 22:00:00,0.0,0.0,22.51,27.14,1.89
2018-01-21 23:00:00,0.0,0.0,21.63,29.55,2.05
2018-01-22 00:00:00,0.0,0.0,20.75,32.61,2.41
2018-01-22 01:00:00,0.0,0.0,19.71,36.35,2.79
2018-01-22 02:00:00,0.0,0.0,18.51,40.2,2.97
2018-01-22 03:00:00,0.0,0.0,17.32,43.57,2.98
2018-01-22 04:00:00,0.0,0.0,16.31,46.05,3.0
2018-01-22 05:00:00,0.0,0.0,15.46,47.92,3.02
2018-01-22 06:00:00,11.88,11.9,15.05,48.12,3.38
2018-01-22 07:00:00,164.3,164.7,16.61,42.32,3.69
2018-01-22 08:00:00,355.88,356.42,20.42,31.69,3.45
2018-01-22 09:00:00,576.3,576.72,25.96,17.5,4.63
2018-01-22 10:00:00,743.17,743.17,30.88,9.93,5.75
2018-01-22 11:00:00,848.42,848.42,34.19,6.61,5.74
2018-01-22 12:00:00,899.97,900.0,35.73,5.82,5.02
2018-01-22 13:00:00,833.95,834.03,36.46,5.68,4.36
2018-01-22 14:00:00,689.65,691.62,36.52,5.87,3.95
2018-01-22 15:00:00,478.27,494.27,35.95,6.27,3.75
2018-01-22 16:00:00,262.55,265.8,34.55,7.27,3.44
2018-01-22 17:00:00,55.25,55.55,29.47,14.12,1.97
2018-01-22 18:00:00,0.0,0.0,26.48,17.24,2.5
2018-01-22 19:00:00,0.0,0.0,25.35,19.38,2.99
2018-01-22 20:00:00,0.0,0.0,24.13,21.97,2.92
2018-01-22 21:00:00,0.0,0.0,23.03,24.04,2.69
2018-01-22 22:00:00,0.0,0.0,21.96,26.38,2.43
2018-01-22 23:00:00,0.0,0.0,20.9,29.43,2.28
2018-01-23 00:00:00,0.0,0.0,19.8,33.4,2.19
2018-01-23 01:00:00,0.0,0.0,18.64,38.32,2.1
2018-01-23 02:00:00,0.0,0.0,17.51,43.82,2.03
2018-01-23 03:00:00,0.0,0.0,16.49,48.95,2.01
2018-01-23 04:00:00,0.0,0.0,15.58,53.15,2.05
2018-01-23 05:00:00,0.0,0.0,14.8,55.82,2.17
2018-01-23 06:00:00,11.93,11.95,14.51,55.76,2.73
2018-01-23 07:00:00,166.8,167.1,16.18,48.48,3.09
2018-01-23 08:00:00,363.02,363.48,20.16,35.28,2.82
2018-01-23 09:00:00,578.9,579.35,25.51,19.23,4.19
2018-01-23 10:00:00,746.83,747.12,29.97,11.66,5.15
2018-01-23 11:00:00,838.12,838.25,33.2,8.51,4.98
2018-01-23 12:00:00,847.85,848.3,34.94,7.75,4.32
2018-01-23 13:00:00,779.67,780.35,35.74,7.43,3.81
2018-01-23 14:00:00,628.25,628.9,35.83,7.45,3.6
2018-01-23 15:00:00,424.85,442.67,35.23,7.83,3.64
2018-01-23 16:00:00,225.98,228.2,33.86,9.0,3.62
2018-01-23 17:00:00,49.1,49.33,29.21,15.71,2.16
2018-01-23 18:00:00,0.0,0.0,26.31,19.92,2.68
2018-01-23 19:00:00,0.0,0.0,25.36,22.85,3.31
2018-01-23 20:00:00,0.0,0.0,24.29,26.26,3.32
2018-01-23 21:00:00,0.0,0.0,23.12,29.42,2.92
2018-01-23 22:00:00,0.0,0.0,22.05,32.05,2.59
2018-01-23 23:00:00,0.0,0.0,21.09,34.68,2.38
2018-01-24 00:00:00,0.0,0.0,20.21,37.4,2.3
2018-01-24 01:00:00,0.0,0.0,19.45,40.37,2.5
2018-01-24 02:00:00,0.0,0.0,18.73,43.6,2.87
2018-01-24 03:00:00,0.0,0.0,17.88,47.69,3.1
2018-01-24 04:00:00,0.0,0.0,16.98,51.97,3.06
2018-01-24 05:00:00,0.0,0.0,16.21,55.22,3.02
2018-01-24 06:00:00,10.1,10.1,15.86,56.42,3.35
2018-01-24 07:00:00,147.52,147.52,17.41,50.2,3.66
2018-01-24 08:00:00,369.17,369.2,21.3,36.92,3.68
2018-01-24 09:00:00,509.6,509.62,26.69,20.35,5.16
2018-01-24 10:00:00,666.58,666.58,31.37,11.95,5.81
2018-01-24 11:00:00,774.58,774.7,33.78,10.24,5.17
2018-01-24 12:00:00,803.33,803.6,34.99,9.96,4.65
2018-01-24 13:00:00,751.2,751.75,35.42,9.83,4.36
2018-01-24 14:00:00,607.7,609.28,35.1,9.88,4.27
2018-01-24 15:00:00,406.12,408.05,34.17,10.4,4.27
2018-01-24 16:00:00,243.68,245.1,32.59,11.95,3.88
2018-01-24 17:00:00,50.45,50.65,28.95,17.65,2.41
2018-01-24 18:00:00,0.0,0.0,26.84,21.64,2.47
2018-01-24 19:00:00,0.0,0.0,25.89,24.38,2.39
2018-01-24 20:00:00,0.0,0.0,24.88,27.31,2.09
2018-01-24 21:00:00,0.0,0.0,23.9,29.83,1.91
2018-01-24 22:00:00,0.0,0.0,22.92,32.26,1.85
2018-01-24 23:00:00,0.0,0.0,21.93,34.91,1.88
2018-01-25 00:00:00,0.0,0.0,20.81,38.41,1.97
2018-01-25 01:00:00,0.0,0.0,19.85,41.84,2.2
2018-01-25 02:00:00,0.0,0.0,19.07,44.9,2.58
2018-01-25 03:00:00,0.0,0.0,18.35,47.87,2.89
2018-01-25 04:00:00,0.0,0.0,17.75,50.5,3.06
2018-01-25 05:00:00,0.0,0.0,17.14,53.24,3.07
2018-01-25 06:00:00,10.02,9.32,16.8,54.69,3.26
2018-01-25 07:00:00,100.78,109.82,18.16,49.85,3.5
2018-01-25 08:00:00,236.35,292.52,21.67,37.86,3.33
2018-01-25 09:00:00,400.9,486.02,26.44,22.91,4.67
2018-01-25 10:00:00,520.3,644.78,30.81,14.12,5.58
2018-01-25 11:00:00,599.17,741.45,33.2,11.92,5.12
2018-01-25 12:00:00,611.55,757.55,34.61,11.27,4.68
2018-01-25 13:00:00,581.4,698.35,35.13,11.13,4.51
2018-01-25 14:00:00,450.65,566.2,34.8,11.47,4.42
2018-01-25 15:00:00,295.5,382.4,33.69,12.41,4.16
2018-01-25 16:00:00,152.1,186.8,31.96,14.98,3.03
2018-01-25 17:00:00,40.6,40.97,28.84,20.74,2.15
2018-01-25 18:00:00,0.0,0.0,27.17,23.62,2.49
2018-01-25 19:00:00,0.0,0.0,26.39,25.44,2.89
2018-01-25 20:00:00,0.0,0.0,25.62,27.42,2.92
2018-01-25 21:00:00,0.0,0.0,24.86,29.3,2.71
2018-01-25 22:00:00,0.0,0.0,24.12,31.1,2.51
2018-01-25 23:00:00,0.0,0.0,23.37,32.96,2.34
2018-01-26 00:00:00,0.0,0.0,22.64,34.95,2.25
2018-01-26 01:00:00,0.0,0.0,21.86,37.48,2.11
2018-01-26 02:00:00,0.0,0.0,20.98,40.88,1.94
2018-01-26 03:00:00,0.0,0.0,19.92,45.48,1.83
2018-01-26 04:00:00,0.0,0.0,18.92,50.51,1.79
2018-01-26 05:00:00,0.0,0.0,18.02,55.15,1.8
2018-01-26 06:00:00,9.48,9.32,17.97,56.35,2.41
2018-01-26 07:00:00,109.6,111.38,19.7,50.81,3.2
2018-01-26 08:00:00,292.23,302.12,23.14,39.39,2.91
2018-01-26 09:00:00,451.45,488.35,28.14,23.83,3.96
2018-01-26 10:00:00,602.97,654.92,32.38,15.06,4.41
2018-01-26 11:00:00,650.7,757.62,34.36,12.97,4.05
2018-01-26 12:00:00,738.5,862.58,35.31,12.24,3.63
2018-01-26 13:00:00,644.35,790.05,35.58,12.13,3.22
2018-01-26 14:00:00,520.3,645.67,35.26,12.47,2.84
2018-01-26 15:00:00,353.1,443.52,34.8,12.96,2.54
2018-01-26 16:00:00,205.48,231.38,33.82,14.89,2.01
2018-01-26 17:00:00,48.33,49.75,30.08,24.7,1.07
2018-01-26 18:00:00,0.0,0.0,27.62,27.18,1.38
2018-01-26 19:00:00,0.0,0.0,26.39,29.2,1.72
2018-01-26 20:00:00,0.0,0.0,25.07,33.2,1.97
2018-01-26 21:00:00,0.0,0.0,24.05,37.16,2.24
2018-01-26 22:00:00,0.0,0.0,23.09,40.6,2.48
2018-01-26 23:00:00,0.0,0.0,22.23,43.24,2.61
2018-01-27 00:00:00,0.0,0.0,21.53,44.92,2.77
2018-01-27 01:00:00,0.0,0.0,20.85,46.55,2.8
2018-01-27 02:00:00,0.0,0.0,20.14,48.61,2.75
2018-01-27 03:00:00,0.0,0.0,19.35,51.62,2.47
2018-01-27 04:00:00,0.0,0.0,18.6,55.46,2.32
2018-01-27 05:00:00,0.0,0.0,17.98,58.84,2.39
2018-01-27 06:00:00,10.25,9.98,17.76,60.07,2.76
2018-01-27 07:00:00,122.25,122.07,19.18,54.55,3.23
2018-01-27 08:00:00,309.95,313.15,22.55,40.94,3.26
2018-01-27 09:00:00,512.78,517.97,26.84,26.75,4.31
2018-01-27 10:00:00,674.33,682.15,31.08,18.95,4.27
2018-01-27 11:00:00,772.75,775.22,33.4,16.3,3.37
2018-01-27 12:00:00,750.38,751.1,34.74,14.88,2.71
2018-01-27 13:00:00,685.4,688.7,35.14,14.34,2.34
2018-01-27 14:00:00,555.0,564.35,35.04,14.27,2.2
2018-01-27 15:00:00,371.52,379.77,34.69,14.54,2.05
2018-01-27 16:00:00,190.55,194.7,33.73,16.55,1.58
2018-01-27 17:00:00,42.67,42.8,29.81,27.29,0.99
2018-01-27 18:00:00,0.0,0.0,27.35,29.34,1.32
2018-01-27 19:00:00,0.0,0.0,26.63,30.59,1.74
2018-01-27 20:00:00,0.0,0.0,26.2,32.15,2.33
2018-01-27 21:00:00,0.0,0.0,25.2,35.66,2.39
2018-01-27 22:00:00,0.0,0.0,24.12,39.3,2.15
2018-01-27 23:00:00,0.0,0.0,23.44,41.7,2.07
2018-01-28 00:00:00,0.0,0.0,22.9,43.86,2.07
2018-01-28 01:00:00,0.0,0.0,22.45,46.03,2.13
2018-01-28 02:00:00,0.0,0.0,22.11,48.51,2.41
2018-01-28 03:00:00,0.0,0.0,21.8,51.17,2.92
2018-01-28 04:00:00,0.0,0.0,21.06,55.13,2.91
2018-01-28 05:00:00,0.0,0.0,20.35,59.2,2.77
2018-01-28 06:00:00,9.25,9.12,19.98,62.03,2.78
2018-01-28 07:00:00,104.0,110.9,21.06,58.84,2.89
2018-01-28 08:00:00,237.32,289.15,23.66,49.94,2.52
2018-01-28 09:00:00,394.9,489.9,28.06,32.9,3.83
2018-01-28 10:00:00,485.55,646.72,31.7,23.06,4.35
2018-01-28 11:00:00,530.8,741.15,33.46,19.95,3.62
2018-01-28 12:00:00,560.03,749.53,34.46,18.21,2.86
2018-01-28 13:00:00,604.33,686.03,35.05,17.19,2.36
2018-01-28 14:00:00,511.33,553.55,35.34,16.66,2.28
2018-01-28 15:00:00,367.23,371.58,34.97,16.88,2.41
2018-01-28 16:00:00,188.6,189.62,33.93,18.4,2.28
2018-01-28 17:00:00,43.15,42.45,30.51,27.31,1.29
2018-01-28 18:00:00,0.0,0.0,28.2,30.89,1.55
2018-01-28 19:00:00,0.0,0.0,27.06,33.49,1.8
2018-01-28 20:00:00,0.0,0.0,25.99,36.51,1.89
2018-01-28 21:00:00,0.0,0.0,25.02,39.3,1.75
2018-01-28 22:00:00,0.0,0.0,24.25,41.25,1.56
2018-01-28 23:00:00,0.0,0.0,23.65,42.7,1.46
2018-01-29 00:00:00,0.0,0.0,23.14,44.12,1.45
2018-01-29 01:00:00,0.0,0.0,22.64,45.98,1.52
2018-01-29 02:00:00,0.0,0.0,22.13,48.24,1.63
2018-01-29 03:00:00,0.0,0.0,21.7,50.68,1.9
2018-01-29 04:00:00,0.0,0.0,21.27,53.35,2.23
2018-01-29 05:00:00,0.0,0.0,20.73,56.46,2.28
2018-01-29 06:00:00,9.12,9.32,20.53,58.45,2.48
2018-01-29 07:00:00,95.68,110.32,21.87,54.72,2.93
2018-01-29 08:00:00,238.8,300.7,24.64,45.67,2.45
2018-01-29 09:00:00,380.42,491.55,28.93,30.77,3.48
2018-01-29 10:00:00,502.92,646.97,33.15,19.53,4.18
2018-01-29 11:00:00,718.92,745.5,35.38,16.19,4.02
2018-01-29 12:00:00,662.0,725.03,36.64,14.88,3.9
2018-01-29 13:00:00,636.55,669.78,37.24,14.38,3.76
2018-01-29 14:00:00,455.98,541.2,37.24,14.34,3.78
2018-01-29 15:00:00,288.6,371.58,36.58,14.84,3.84
2018-01-29 16:00:00,157.57,188.43,35.21,16.26,3.66
2018-01-29 17:00:00,40.15,42.7,31.58,22.76,2.17
2018-01-29 18:00:00,0.0,0.0,29.14,26.78,2.39
2018-01-29 19:00:00,0.0,0.0,28.13,29.04,2.63
2018-01-29 20:00:00,0.0,0.0,27.09,31.99,2.43
2018-01-29 21:00:00,0.0,0.0,26.19,34.58,2.2
2018-01-29 22:00:00,0.0,0.0,25.45,36.5,2.14
2018-01-29 23:00:00,0.0,0.0,24.73,38.38,2.13
2018-01-30 00:00:00,0.0,0.0,23.88,41.16,1.91
2018-01-30 01:00:00,0.0,0.0,22.89,45.16,1.79
2018-01-30 02:00:00,0.0,0.0,22.09,48.96,2.05
2018-01-30 03:00:00,0.0,0.0,21.3,52.38,2.55
2018-01-30 04:00:00,0.0,0.0,20.39,55.95,2.59
2018-01-30 05:00:00,0.0,0.0,19.35,59.64,2.27
2018-01-30 06:00:00,9.3,9.55,18.86,60.81,2.6
2018-01-30 07:00:00,104.88,112.12,20.19,54.48,3.34
2018-01-30 08:00:00,259.0,297.77,23.76,37.37,3.83
2018-01-30 09:00:00,429.4,498.73,28.3,19.91,5.42
2018-01-30 10:00:00,587.97,664.22,32.53,10.53,6.25
2018-01-30 11:00:00,641.78,766.58,35.03,8.34,5.88
2018-01-30 12:00:00,595.85,687.65,36.39,7.91,5.64
2018-01-30 13:00:00,553.17,632.9,37.01,8.17,5.51
2018-01-30 14:00:00,461.2,511.9,36.95,8.64,5.45
2018-01-30 15:00:00,296.67,347.4,36.21,9.26,5.31
2018-01-30 16:00:00,163.73,175.12,34.67,10.48,4.65
2018-01-30 17:00:00,43.03,42.05,30.77,15.59,2.73
2018-01-30 18:00:00,0.0,0.0,27.78,19.63,2.81
2018-01-30 19:00:00,0.0,0.0,26.42,21.83,3.21
2018-01-30 20:00:00,0.0,0.0,25.15,24.64,3.19
2018-01-30 21:00:00,0.0,0.0,24.0,27.78,2.92
2018-01-30 22:00:00,0.0,0.0,22.88,31.36,2.58
2018-01-30 23:00:00,0.0,0.0,21.87,35.33,2.39
2018-01-31 00:00:00,0.0,0.0,20.89,39.62,2.22
2018-01-31 01:00:00,0.0,0.0,20.06,43.23,2.25
2018-01-31 02:00:00,0.0,0.0,19.4,46.14,2.51
2018-01-31 03:00:00,0.0,0.0,18.74,49.09,2.76
2018-01-31 04:00:00,0.0,0.0,18.04,52.3,2.75
2018-01-31 05:00:00,0.0,0.0,17.44,55.14,2.54
2018-01-31 06:00:00,10.23,10.12,17.31,56.36,2.8
2018-01-31 07:00:00,124.43,125.2,18.85,51.63,3.07
2018-01-31 08:00:00,322.02,325.2,22.48,40.43,3.04
2018-01-31 09:00:00,492.27,493.3,26.59,30.76,3.36
2018-01-31 10:00:00,671.9,677.47,30.4,26.11,2.81
2018-01-31 11:00:00,782.97,788.17,32.97,22.86,2.58
2018-01-31 12:00:00,711.28,714.88,34.41,20.62,2.49
2018-01-31 13:00:00,655.92,657.55,35.24,19.35,1.98
2018-01-31 14:00:00,528.25,531.2,35.45,18.62,1.93
2018-01-31 15:00:00,352.98,355.95,35.07,18.26,2.59
2018-01-31 16:00:00,177.4,178.57,33.81,19.2,2.72
2018-01-31 17:00:00,45.8,45.95,30.33,24.67,2.15
2018-01-31 18:00:00,0.0,0.0,28.24,26.28,2.85
2018-01-31 19:00:00,0.0,0.0,26.91,27.45,3.03
2018-01-31 20:00:00,0.0,0.0,25.64,29.23,2.64
2018-01-31 21:00:00,0.0,0.0,24.7,30.56,2.35
2018-01-31 22:00:00,0.0,0.0,23.9,32.0,2.13
2018-01-31 23:00:00,0.0,0.0,23.18,33.8,1.98
2018-02-01 00:00:00,0.0,0.0,22.51,35.87,1.93
2018-02-01 01:00:00,0.0,0.0,21.89,38.01,2.03
2018-02-01 02:00:00,0.0,0.0,21.2,40.9,2.09
2018-02-01 03:00:00,0.0,0.0,20.51,44.26,2.22
2018-02-01 04:00:00,0.0,0.0,19.84,47.98,2.35
2018-02-01 05:00:00,0.0,0.0,19.16,51.58,2.28
2018-02-01 06:00:00,8.8,9.07,18.94,53.34,2.56
2018-02-01 07:00:00,105.28,108.32,20.21,49.91,3.01
2018-02-01 08:00:00,273.1,283.52,23.15,41.15,2.57
2018-02-01 09:00:00,470.95,483.92,27.67,27.75,3.1
2018-02-01 10:00:00,634.38,634.38,31.88,20.8,2.94
2018-02-01 11:00:00,761.57,812.05,34.39,18.02,1.79
2018-02-01 12:00:00,777.88,832.69,36.03,16.45,0.67
2018-02-01 13:00:00,680.7,680.7,36.88,15.33,0.59
2018-02-01 14:00:00,553.25,553.5,37.1,14.58,0.93
2018-02-01 15:00:00,379.8,380.15,36.47,14.72,1.21
2018-02-01 16:00:00,227.2,227.5,35.29,16.58,1.45
2018-02-01 17:00:00,48.6,48.6,31.54,26.94,1.01
2018-02-01 18:00:00,0.0,0.0,29.2,28.62,1.27
2018-02-01 19:00:00,0.0,0.0,28.12,29.48,1.47
2018-02-01 20:00:00,0.0,0.0,27.15,30.28,1.73
2018-02-01 21:00:00,0.0,0.0,26.18,31.14,1.89
2018-02-01 22:00:00,0.0,0.0,25.32,31.87,1.9
2018-02-01 23:00:00,0.0,0.0,24.62,32.45,1.91
2018-02-02 00:00:00,0.0,0.0,24.02,33.09,1.98
2018-02-02 01:00:00,0.0,0.0,23.49,34.09,2.11
2018-02-02 02:00:00,0.0,0.0,22.97,35.78,2.2
2018-02-02 03:00:00,0.0,0.0,22.37,38.47,2.03
2018-02-02 04:00:00,0.0,0.0,21.84,41.15,1.96
2018-02-02 05:00:00,0.0,0.0,21.5,43.2,2.25
2018-02-02 06:00:00,9.8,9.7,21.62,44.18,2.7
2018-02-02 07:00:00,112.8,114.22,23.34,41.2,3.21
2018-02-02 08:00:00,278.8,294.25,26.29,35.78,2.19
2018-02-02 09:00:00,458.4,493.2,31.42,24.57,2.04
2018-02-02 10:00:00,634.5,657.2,34.89,19.36,1.4
2018-02-02 11:00:00,754.25,755.67,36.62,17.85,0.78
2018-02-02 12:00:00,756.85,761.92,37.83,16.5,1.06
2018-02-02 13:00:00,668.97,702.25,38.47,15.54,1.58
2018-02-02 14:00:00,539.9,569.05,38.5,15.06,1.92
2018-02-02 15:00:00,330.05,385.55,38.02,15.04,2.07
2018-02-02 16:00:00,182.43,198.4,36.94,16.01,1.9
2018-02-02 17:00:00,45.92,46.55,33.41,25.97,0.94
2018-02-02 18:00:00,0.0,0.0,30.98,28.52,1.17
2018-02-02 19:00:00,0.0,0.0,29.83,30.53,1.19
2018-02-02 20:00:00,0.0,0.0,28.68,33.23,1.17
2018-02-02 21:00:00,0.0,0.0,27.61,36.07,1.13
2018-02-02 22:00:00,0.0,0.0,26.65,38.66,1.13
2018-02-02 23:00:00,0.0,0.0,25.8,40.78,1.19
2018-02-03 00:00:00,0.0,0.0,25.04,42.34,1.31
2018-02-03 01:00:00,0.0,0.0,24.38,43.24,1.56
2018-02-03 02:00:00,0.0,0.0,23.89,43.66,1.92
2018-02-03 03:00:00,0.0,0.0,23.49,44.22,2.2
2018-02-03 04:00:00,0.0,0.0,23.05,45.98,2.04
2018-02-03 05:00:00,0.0,0.0,22.55,48.77,1.65
2018-02-03 06:00:00,7.93,9.05,22.85,49.63,1.72
2018-02-03 07:00:00,91.45,105.38,25.44,44.44,3.31
2018-02-03 08:00:00,211.35,281.08,29.04,37.03,3.15
2018-02-03 09:00:00,350.83,471.4,33.84,26.04,3.36
2018-02-03 10:00:00,510.6,627.72,36.32,21.37,2.83
2018-02-03 11:00:00,613.03,710.7,37.9,19.04,2.48
2018-02-03 12:00:00,671.95,707.28,38.75,17.94,2.65
2018-02-03 13:00:00,566.42,650.0,39.09,17.48,3.04
2018-02-03 14:00:00,437.6,521.1,38.78,17.71,3.46
2018-02-03 15:00:00,285.3,350.12,38.04,18.4,3.74
2018-02-03 16:00:00,150.3,172.5,36.87,19.51,3.77
2018-02-03 17:00:00,41.38,41.65,34.39,23.54,2.61
2018-02-03 18:00:00,0.0,0.0,31.97,27.37,2.64
2018-02-03 19:00:00,0.0,0.0,30.84,29.08,2.88
2018-02-03 20:00:00,0.0,0.0,29.86,30.64,2.68
2018-02-03 21:00:00,0.0,0.0,29.12,31.79,2.33
2018-02-03 22:00:00,0.0,0.0,28.61,32.58,2.0
2018-02-03 23:00:00,0.0,0.0,28.07,33.31,1.78
2018-02-04 00:00:00,0.0,0.0,27.51,34.05,1.7
2018-02-04 01:00:00,0.0,0.0,26.85,35.19,1.73
2018-02-04 02:00:00,0.0,0.0,25.85,37.45,1.9
2018-02-04 03:00:00,0.0,0.0,25.01,40.51,2.25
2018-02-04 04:00:00,0.0,0.0,24.3,44.51,2.77
2018-02-04 05:00:00,0.0,0.0,23.72,47.9,3.23
2018-02-04 06:00:00,9.85,9.77,23.19,49.99,3.35
2018-02-04 07:00:00,116.03,116.65,24.15,46.17,3.53
2018-02-04 08:00:00,309.83,316.1,27.56,31.54,4.39
2018-02-04 09:00:00,496.7,514.33,31.78,17.87,6.04
2018-02-04 10:00:00,657.97,692.05,35.05,12.59,6.58
2018-02-04 11:00:00,760.53,805.83,37.19,10.46,6.21
2018-02-04 12:00:00,784.47,880.28,38.71,9.07,5.89
2018-02-04 13:00:00,783.6,822.88,39.43,8.45,5.75
2018-02-04 14:00:00,658.17,686.47,39.54,8.5,5.53
2018-02-04 15:00:00,433.83,487.15,39.07,9.09,5.08
2018-02-04 16:00:00,229.07,256.62,37.86,10.28,4.35
2018-02-04 17:00:00,62.05,63.1,33.76,15.92,2.2
2018-02-04 18:00:00,0.0,0.0,30.87,19.79,2.34
2018-02-04 19:00:00,0.0,0.0,29.74,21.92,2.54
2018-02-04 20:00:00,0.0,0.0,28.51,24.98,2.29
2018-02-04 21:00:00,0.0,0.0,27.42,28.27,1.92
2018-02-04 22:00:00,0.0,0.0,26.53,31.61,1.69
2018-02-04 23:00:00,0.0,0.0,25.63,35.16,1.57
2018-02-05 00:00:00,0.0,0.0,24.78,38.64,1.58
2018-02-05 01:00:00,0.0,0.0,23.93,42.07,1.66
2018-02-05 02:00:00,0.0,0.0,23.13,45.03,1.84
2018-02-05 03:00:00,0.0,0.0,22.37,47.33,2.09
2018-02-05 04:00:00,0.0,0.0,21.65,48.97,2.32
2018-02-05 05:00:00,0.0,0.0,20.97,50.46,2.52
2018-02-05 06:00:00,11.43,11.43,20.8,50.46,3.08
2018-02-05 07:00:00,159.07,159.07,22.6,44.49,3.62
2018-02-05 08:00:00,343.15,343.17,26.58,31.96,3.87
2018-02-05 09:00:00,561.97,562.0,31.36,18.33,5.43
2018-02-05 10:00:00,734.75,734.75,35.06,12.14,5.84
2018-02-05 11:00:00,769.88,822.55,37.21,10.28,5.48
2018-02-05 12:00:00,786.76,843.97,38.53,9.44,5.19
2018-02-05 13:00:00,805.88,805.88,39.24,9.03,4.89
2018-02-05 14:00:00,670.58,672.0,39.28,8.96,4.6
2018-02-05 15:00:00,474.62,477.23,38.75,9.24,4.32
2018-02-05 16:00:00,257.0,258.83,37.49,10.11,3.81
2018-02-05 17:00:00,61.2,61.35,33.11,16.71,1.7
2018-02-05 18:00:00,0.0,0.0,29.92,21.09,1.55
2018-02-05 19:00:00,0.0,0.0,28.86,22.68,1.56
2018-02-05 20:00:00,0.0,0.0,27.97,24.41,1.54
2018-02-05 21:00:00,0.0,0.0,27.18,26.31,1.52
2018-02-05 22:00:00,0.0,0.0,26.4,28.37,1.49
2018-02-05 23:00:00,0.0,0.0,25.61,30.68,1.49
2018-02-06 00:00:00,0.0,0.0,24.79,33.41,1.46
2018-02-06 01:00:00,0.0,0.0,23.96,36.47,1.4
2018-02-06 02:00:00,0.0,0.0,23.16,39.65,1.28
2018-02-06 03:00:00,0.0,0.0,22.43,42.83,1.18
2018-02-06 04:00:00,0.0,0.0,21.76,46.02,1.1
2018-02-06 05:00:00,0.0,0.0,21.16,49.34,1.04
2018-02-06 06:00:00,11.5,11.5,21.4,50.27,0.97
2018-02-06 07:00:00,159.55,160.38,24.29,43.47,1.93
2018-02-06 08:00:00,344.83,347.17,27.94,36.35,1.37
2018-02-06 09:00:00,557.8,560.35,32.91,26.82,1.51
2018-02-06 10:00:00,733.3,734.92,36.1,20.27,1.49
2018-02-06 11:00:00,814.33,843.05,38.03,16.33,2.08
2018-02-06 12:00:00,878.78,888.97,39.25,13.96,2.59
2018-02-06 13:00:00,821.2,827.33,39.83,12.63,2.79
2018-02-06 14:00:00,686.4,689.0,39.82,11.92,2.89
2018-02-06 15:00:00,468.02,468.35,39.25,11.62,2.97
2018-02-06 16:00:00,279.23,279.88,38.05,11.8,2.96
2018-02-06 17:00:00,67.25,67.5,34.14,17.31,1.62
2018-02-06 18:00:00,0.0,0.0,30.9,20.27,1.76
2018-02-06 19:00:00,0.0,0.0,29.57,21.17,1.9
2018-02-06 20:00:00,0.0,0.0,28.23,22.49,1.78
2018-02-06 21:00:00,0.0,0.0,27.13,23.72,1.55
2018-02-06 22:00:00,0.0,0.0,26.42,24.64,1.39
2018-02-06 23:00:00,0.0,0.0,26.08,24.99,1.32
2018-02-07 00:00:00,0.0,0.0,25.62,25.52,1.29
2018-02-07 01:00:00,0.0,0.0,24.59,27.16,1.28
2018-02-07 02:00:00,0.0,0.0,23.23,29.47,1.31
2018-02-07 03:00:00,0.0,0.0,22.19,31.09,1.45
2018-02-07 04:00:00,0.0,0.0,21.27,32.78,1.56
2018-02-07 05:00:00,0.0,0.0,20.4,34.67,1.54
2018-02-07 06:00:00,11.32,11.38,20.45,34.72,1.75
2018-02-07 07:00:00,157.1,157.62,22.83,29.35,2.89
2018-02-07 08:00:00,367.73,368.48,26.59,22.09,2.7
2018-02-07 09:00:00,547.9,548.45,31.05,14.96,3.38
2018-02-07 10:00:00,734.67,734.67,34.93,10.67,3.42
2018-02-07 11:00:00,774.16,827.97,37.77,8.64,3.04
2018-02-07 12:00:00,918.33,918.33,39.19,7.97,3.04
2018-02-07 13:00:00,852.47,852.47,39.88,7.69,3.32
2018-02-07 14:00:00,712.95,714.08,39.88,7.75,3.63
2018-02-07 15:00:00,504.8,506.5,39.21,8.2,3.81
2018-02-07 16:00:00,291.85,293.38,37.8,9.24,3.74
2018-02-07 17:00:00,70.72,71.15,33.6,14.72,1.94
2018-02-07 18:00:00,0.0,0.0,30.43,18.64,1.89
2018-02-07 19:00:00,0.0,0.0,29.34,20.13,2.0
2018-02-07 20:00:00,0.0,0.0,28.46,21.49,1.9
2018-02-07 21:00:00,0.0,0.0,27.74,22.71,1.71
2018-02-07 22:00:00,0.0,0.0,27.02,24.0,1.52
2018-02-07 23:00:00,0.0,0.0,26.22,25.56,1.41
2018-02-08 00:00:00,0.0,0.0,25.18,27.5,1.41
2018-02-08 01:00:00,0.0,0.0,24.17,29.83,1.55
2018-02-08 02:00:00,0.0,0.0,23.23,32.23,1.92
2018-02-08 03:00:00,0.0,0.0,22.3,34.23,2.23
2018-02-08 04:00:00,0.0,0.0,21.37,35.51,2.32
2018-02-08 05:00:00,0.0,0.0,20.54,36.09,2.27
2018-02-08 06:00:00,12.6,12.62,20.47,35.09,2.84
2018-02-08 07:00:00,169.88,170.27,22.37,30.54,3.47
2018-02-08 08:00:00,369.85,370.2,26.28,22.97,3.41
2018-02-08 09:00:00,589.22,589.4,30.97,15.7,3.94
2018-02-08 10:00:00,771.67,771.78,35.11,11.48,4.0
2018-02-08 11:00:00,875.6,875.6,37.62,9.44,3.8
2018-02-08 12:00:00,908.78,908.78,39.1,8.39,3.67
2018-02-08 13:00:00,847.88,847.88,39.75,7.86,3.69
2018-02-08 14:00:00,704.72,704.72,39.74,7.72,3.81
2018-02-08 15:00:00,506.08,507.33,39.1,7.94,3.97
2018-02-08 16:00:00,272.25,273.73,37.77,8.58,4.0
2018-02-08 17:00:00,72.82,73.4,33.96,12.37,2.33
2018-02-08 18:00:00,0.0,0.0,30.42,16.04,2.07
2018-02-08 19:00:00,0.0,0.0,29.26,17.2,2.02
2018-02-08 20:00:00,0.0,0.0,28.23,18.85,1.75
2018-02-08 21:00:00,0.0,0.0,27.45,20.47,1.54
2018-02-08 22:00:00,0.0,0.0,26.74,21.75,1.5
2018-02-08 23:00:00,0.0,0.0,25.9,22.75,1.66
2018-02-09 00:00:00,0.0,0.0,25.04,23.53,2.1
2018-02-09 01:00:00,0.0,0.0,24.11,24.6,2.66
2018-02-09 02:00:00,0.0,0.0,23.1,26.25,2.93
2018-02-09 03:00:00,0.0,0.0,22.06,28.56,2.88
2018-02-09 04:00:00,0.0,0.0,21.11,31.23,2.89
2018-02-09 05:00:00,0.0,0.0,20.26,33.87,3.0
2018-02-09 06:00:00,13.95,14.02,19.95,35.17,3.49
2018-02-09 07:00:00,179.27,180.93,21.87,31.52,3.9
2018-02-09 08:00:00,409.77,411.88,26.13,23.15,4.56
2018-02-09 09:00:00,640.67,641.8,30.51,17.22,5.49
2018-02-09 10:00:00,819.3,819.33,34.2,13.44,5.78
2018-02-09 11:00:00,920.65,920.65,37.01,10.69,5.69
2018-02-09 12:00:00,899.15,899.15,38.62,9.44,5.41
2018-02-09 13:00:00,833.6,833.6,39.3,8.91,5.07
2018-02-09 14:00:00,694.22,695.67,39.22,8.81,4.74
2018-02-09 15:00:00,491.4,493.85,38.43,9.1,4.38
2018-02-09 16:00:00,284.7,287.17,37.21,9.85,3.92
2018-02-09 17:00:00,66.5,66.75,33.97,14.31,1.93
2018-02-09 18:00:00,0.0,0.0,31.46,18.1,1.68
2018-02-09 19:00:00,0.0,0.0,30.62,19.62,1.65
2018-02-09 20:00:00,0.0,0.0,29.91,21.19,1.54
2018-02-09 21:00:00,0.0,0.0,29.3,22.5,1.44
2018-02-09 22:00:00,0.0,0.0,28.38,23.88,1.44
2018-02-09 23:00:00,0.0,0.0,27.34,25.31,1.58
2018-02-10 00:00:00,0.0,0.0,26.36,26.94,1.95
2018-02-10 01:00:00,0.0,0.0,24.85,30.1,2.35
2018-02-10 02:00:00,0.0,0.0,23.59,33.21,2.75
2018-02-10 03:00:00,0.0,0.0,22.5,36.0,2.93
2018-02-10 04:00:00,0.0,0.0,21.55,38.04,2.99
2018-02-10 05:00:00,0.0,0.0,20.77,39.35,3.11
2018-02-10 06:00:00,13.18,13.18,20.56,39.05,3.66
2018-02-10 07:00:00,175.8,175.8,22.6,33.73,4.18
2018-02-10 08:00:00,386.08,386.08,26.71,24.0,5.69
2018-02-10 09:00:00,612.2,612.2,30.53,17.86,6.09
2018-02-10 10:00:00,786.0,786.0,33.59,14.46,5.22
2018-02-10 11:00:00,780.69,836.26,35.84,12.41,4.26
2018-02-10 12:00:00,911.42,911.42,37.47,11.02,3.43
2018-02-10 13:00:00,850.22,850.22,38.36,10.25,2.78
2018-02-10 14:00:00,704.1,711.95,38.54,10.08,2.44
2018-02-10 15:00:00,498.6,511.1,38.11,10.34,2.39
2018-02-10 16:00:00,265.6,275.35,37.04,11.09,2.5
2018-02-10 17:00:00,68.45,70.28,34.15,16.39,1.42
2018-02-10 18:00:00,0.0,0.0,31.88,18.87,1.61
2018-02-10 19:00:00,0.0,0.0,31.0,19.32,1.95
2018-02-10 20:00:00,0.0,0.0,30.17,20.46,2.09
2018-02-10 21:00:00,0.0,0.0,29.37,21.88,2.02
2018-02-10 22:00:00,0.0,0.0,28.37,23.76,1.86
2018-02-10 23:00:00,0.0,0.0,27.38,25.46,1.78
2018-02-11 00:00:00,0.0,0.0,26.32,26.95,1.89
2018-02-11 01:00:00,0.0,0.0,25.02,28.5,2.23
2018-02-11 02:00:00,0.0,0.0,23.68,29.91,2.84
2018-02-11 03:00:00,0.0,0.0,22.32,31.67,3.11
2018-02-11 04:00:00,0.0,0.0,21.12,33.59,2.92
2018-02-11 05:00:00,0.0,0.0,20.18,35.35,2.77
2018-02-11 06:00:00,12.9,12.93,19.91,35.91,3.21
2018-02-11 07:00:00,154.2,154.85,21.95,30.92,3.81
2018-02-11 08:00:00,375.17,380.95,26.06,20.23,5.01
2018-02-11 09:00:00,601.72,604.97,29.98,13.74,5.59
2018-02-11 10:00:00,774.12,774.33,33.44,10.64,5.21
2018-02-11 11:00:00,881.2,882.65,35.87,9.35,4.55
2018-02-11 12:00:00,915.55,920.03,37.36,8.73,4.11
2018-02-11 13:00:00,854.7,859.72,37.93,8.55,3.87
2018-02-11 14:00:00,713.15,721.55,37.64,8.71,3.68
2018-02-11 15:00:00,511.62,520.6,36.89,9.07,3.45
2018-02-11 16:00:00,278.77,284.33,35.97,9.62,3.18
2018-02-11 17:00:00,72.82,73.78,33.11,14.12,1.61
2018-02-11 18:00:00,0.0,0.0,30.63,17.27,1.57
2018-02-11 19:00:00,0.0,0.0,29.8,18.13,1.72
2018-02-11 20:00:00,0.0,0.0,29.02,19.53,1.73
2018-02-11 21:00:00,0.0,0.0,28.24,20.85,1.78
2018-02-11 22:00:00,0.0,0.0,27.34,21.8,2.11
2018-02-11 23:00:00,0.0,0.0,26.27,22.52,3.01
2018-02-12 00:00:00,0.0,0.0,24.74,24.09,3.76
2018-02-12 01:00:00,0.0,0.0,23.12,26.21,3.75
2018-02-12 02:00:00,0.0,0.0,21.83,27.86,3.63
2018-02-12 03:00:00,0.0,0.0,20.87,28.97,3.56
2018-02-12 04:00:00,0.0,0.0,20.12,29.61,3.49
2018-02-12 05:00:00,0.0,0.0,19.51,30.0,3.42
2018-02-12 06:00:00,14.1,14.15,19.45,29.15,3.75
2018-02-12 07:00:00,180.0,180.68,21.66,23.43,4.46
2018-02-12 08:00:00,398.05,398.67,25.58,13.95,5.83
2018-02-12 09:00:00,628.72,628.95,29.35,9.67,6.44
2018-02-12 10:00:00,808.67,808.67,32.52,8.46,6.11
2018-02-12 11:00:00,916.85,916.85,34.63,8.03,5.41
2018-02-12 12:00:00,936.55,936.55,36.12,7.81,4.68
2018-02-12 13:00:00,875.45,875.45,36.95,7.79,4.01
2018-02-12 14:00:00,735.47,736.58,37.18,7.94,3.45
2018-02-12 15:00:00,530.5,532.33,36.84,8.26,3.04
2018-02-12 16:00:00,290.2,291.92,35.86,8.9,2.88
2018-02-12 17:00:00,79.9,80.5,32.44,13.76,1.58
2018-02-12 18:00:00,0.0,0.0,29.13,17.11,1.75
2018-02-12 19:00:00,0.0,0.0,28.19,17.79,2.16
2018-02-12 20:00:00,0.0,0.0,27.39,18.96,2.36
2018-02-12 21:00:00,0.0,0.0,26.57,20.12,2.37
2018-02-12 22:00:00,0.0,0.0,25.74,21.13,2.32
2018-02-12 23:00:00,0.0,0.0,24.93,21.96,2.37
2018-02-13 00:00:00,0.0,0.0,24.08,22.94,2.6
2018-02-13 01:00:00,0.0,0.0,23.05,24.57,3.01
2018-02-13 02:00:00,0.0,0.0,21.82,27.15,3.29
2018-02-13 03:00:00,0.0,0.0,20.66,29.42,3.38
2018-02-13 04:00:00,0.0,0.0,19.74,31.16,3.24
2018-02-13 05:00:00,0.0,0.0,18.99,32.81,3.11
2018-02-13 06:00:00,13.27,13.75,18.73,33.59,3.52
2018-02-13 07:00:00,154.55,161.2,20.64,29.72,3.8
2018-02-13 08:00:00,364.92,390.38,25.01,20.15,4.74
2018-02-13 09:00:00,581.62,614.88,29.8,12.65,5.86
2018-02-13 10:00:00,723.75,788.15,33.41,9.62,5.4
2018-02-13 11:00:00,860.6,894.2,35.75,8.66,4.63
2018-02-13 12:00:00,880.42,880.65,37.29,8.5,3.95
2018-02-13 13:00:00,816.58,817.17,38.09,8.65,3.41
2018-02-13 14:00:00,674.5,675.0,38.27,9.01,3.13
2018-02-13 15:00:00,473.02,473.42,37.85,9.62,3.13
2018-02-13 16:00:00,290.02,290.33,36.76,10.52,3.25
2018-02-13 17:00:00,70.95,71.03,33.36,14.76,2.0
2018-02-13 18:00:00,0.0,0.0,30.23,18.01,2.16
2018-02-13 19:00:00,0.0,0.0,29.33,18.82,2.53
2018-02-13 20:00:00,0.0,0.0,28.42,20.09,2.52
2018-02-13 21:00:00,0.0,0.0,27.43,21.64,2.19
2018-02-13 22:00:00,0.0,0.0,26.58,23.16,1.82
2018-02-13 23:00:00,0.0,0.0,25.87,24.57,1.6
2018-02-14 00:00:00,0.0,0.0,25.12,25.88,1.54
2018-02-14 01:00:00,0.0,0.0,24.26,27.23,1.66
2018-02-14 02:00:00,0.0,0.0,23.34,28.83,1.96
2018-02-14 03:00:00,0.0,0.0,22.31,30.58,2.28
2018-02-14 04:00:00,0.0,0.0,21.29,32.31,2.42
2018-02-14 05:00:00,0.0,0.0,20.41,33.87,2.43
2018-02-14 06:00:00,13.43,13.45,20.38,33.76,3.07
2018-02-14 07:00:00,170.93,171.73,22.46,29.56,3.62
2018-02-14 08:00:00,368.1,369.55,26.61,21.2,3.9
2018-02-14 09:00:00,595.47,597.4,31.55,12.92,5.58
2018-02-14 10:00:00,777.97,778.95,35.43,9.15,5.9
2018-02-14 11:00:00,887.7,890.17,37.53,8.3,5.45
2018-02-14 12:00:00,879.7,906.4,38.79,8.11,5.01
2018-02-14 13:00:00,832.12,845.85,39.32,8.25,4.71
2018-02-14 14:00:00,665.12,706.88,39.23,8.7,4.57
2018-02-14 15:00:00,453.15,505.27,38.59,9.4,4.37
2018-02-14 16:00:00,273.0,280.23,37.39,10.4,3.95
2018-02-14 17:00:00,72.1,71.2,33.92,14.57,2.03
2018-02-14 18:00:00,0.0,0.0,30.49,18.67,1.71
2018-02-14 19:00:00,0.0,0.0,29.44,19.81,1.72
2018-02-14 20:00:00,0.0,0.0,28.56,21.18,1.56
2018-02-14 21:00:00,0.0,0.0,27.91,22.34,1.42
2018-02-14 22:00:00,0.0,0.0,27.39,23.16,1.38
2018-02-14 23:00:00,0.0,0.0,26.69,24.13,1.45
2018-02-15 00:00:00,0.0,0.0,25.96,25.13,1.74
2018-02-15 01:00:00,0.0,0.0,25.73,25.76,2.47
2018-02-15 02:00:00,0.0,0.0,25.3,26.91,3.45
2018-02-15 03:00:00,0.0,0.0,24.28,29.23,3.39
2018-02-15 04:00:00,0.0,0.0,23.02,32.38,2.8
2018-02-15 05:00:00,0.0,0.0,21.79,36.3,2.58
2018-02-15 06:00:00,14.25,14.15,21.7,38.59,3.22
2018-02-15 07:00:00,158.35,159.23,23.79,35.42,3.16
2018-02-15 08:00:00,384.55,387.0,28.25,24.09,3.87
2018-02-15 09:00:00,608.5,609.33,32.97,14.93,5.39
2018-02-15 10:00:00,785.9,793.7,36.59,11.04,5.75
2018-02-15 11:00:00,844.05,899.08,38.67,10.05,5.45
2018-02-15 12:00:00,879.9,916.15,39.88,10.04,5.12
2018-02-15 13:00:00,845.03,848.38,40.41,10.67,4.89
2018-02-15 14:00:00,699.58,711.03,40.26,11.65,4.83
2018-02-15 15:00:00,489.7,490.58,39.27,13.17,4.76
2018-02-15 16:00:00,298.77,300.25,37.96,14.88,4.56
2018-02-15 17:00:00,71.85,71.95,35.52,18.27,2.96
2018-02-15 18:00:00,0.0,0.0,33.13,22.13,2.27
2018-02-15 19:00:00,0.0,0.0,32.2,23.83,2.07
2018-02-15 20:00:00,0.0,0.0,31.4,24.97,1.84
2018-02-15 21:00:00,0.0,0.0,30.74,25.36,1.74
2018-02-15 22:00:00,0.0,0.0,30.15,25.37,1.79
2018-02-15 23:00:00,0.0,0.0,29.51,25.89,2.02
2018-02-16 00:00:00,0.0,0.0,28.74,27.34,2.5
2018-02-16 01:00:00,0.0,0.0,27.76,29.92,3.01
2018-02-16 02:00:00,0.0,0.0,26.57,33.22,3.21
2018-02-16 03:00:00,0.0,0.0,25.29,36.77,3.03
2018-02-16 04:00:00,0.0,0.0,23.84,41.08,2.63
2018-02-16 05:00:00,0.0,0.0,22.83,44.54,2.7
2018-02-16 06:00:00,14.57,14.35,22.55,45.97,3.26
2018-02-16 07:00:00,159.93,162.62,24.47,40.91,3.42
2018-02-16 08:00:00,387.5,395.95,28.98,27.13,4.01
2018-02-16 09:00:00,620.1,621.0,33.96,14.18,5.46
2018-02-16 10:00:00,788.33,806.75,37.16,9.92,5.45
2018-02-16 11:00:00,901.53,909.97,38.87,8.65,5.34
2018-02-16 12:00:00,844.75,848.62,39.88,8.16,5.46
2018-02-16 13:00:00,769.28,769.45,40.17,8.05,5.65
2018-02-16 14:00:00,632.08,632.33,39.95,8.12,5.79
2018-02-16 15:00:00,421.58,421.75,39.23,8.35,5.76
2018-02-16 16:00:00,257.48,257.58,37.91,8.94,5.53
2018-02-16 17:00:00,63.4,63.4,35.03,11.18,3.67
2018-02-16 18:00:00,0.0,0.0,31.43,15.57,2.31
2018-02-16 19:00:00,0.0,0.0,30.28,17.92,1.98
2018-02-16 20:00:00,0.0,0.0,29.46,20.18,1.65
2018-02-16 21:00:00,0.0,0.0,28.93,21.72,1.5
2018-02-16 22:00:00,0.0,0.0,28.37,22.92,1.46
2018-02-16 23:00:00,0.0,0.0,27.87,24.1,1.44
2018-02-17 00:00:00,0.0,0.0,27.35,25.48,1.49
2018-02-17 01:00:00,0.0,0.0,26.65,27.68,1.69
2018-02-17 02:00:00,0.0,0.0,25.67,30.81,2.07
2018-02-17 03:00:00,0.0,0.0,24.49,34.65,2.24
2018-02-17 04:00:00,0.0,0.0,23.22,38.73,2.13
2018-02-17 05:00:00,0.0,0.0,22.28,42.2,2.04
2018-02-17 06:00:00,12.45,12.48,22.31,43.25,2.62
2018-02-17 07:00:00,154.52,155.02,24.42,38.82,3.14
2018-02-17 08:00:00,369.5,370.2,28.62,29.31,3.25
2018-02-17 09:00:00,518.75,518.92,33.4,20.45,4.07
2018-02-17 10:00:00,701.1,701.2,36.93,14.82,4.18
2018-02-17 11:00:00,815.22,815.33,38.94,12.17,4.15
2018-02-17 12:00:00,886.2,886.33,40.36,10.61,4.16
2018-02-17 13:00:00,819.42,819.55,41.04,10.08,4.01
2018-02-17 14:00:00,677.7,679.97,41.1,10.29,3.81
2018-02-17 15:00:00,477.73,484.27,40.62,10.84,3.47
2018-02-17 16:00:00,253.25,256.1,39.53,11.68,2.96
2018-02-17 17:00:00,73.75,73.72,35.82,17.58,1.27
2018-02-17 18:00:00,0.0,0.0,32.45,21.42,1.26
2018-02-17 19:00:00,0.0,0.0,31.14,22.98,1.32
2018-02-17 20:00:00,0.0,0.0,29.92,25.22,1.28
2018-02-17 21:00:00,0.0,0.0,28.94,27.61,1.17
2018-02-17 22:00:00,0.0,0.0,28.37,29.72,1.13
2018-02-17 23:00:00,0.0,0.0,27.46,33.19,1.17
2018-02-18 00:00:00,0.0,0.0,26.44,38.23,1.2
2018-02-18 01:00:00,0.0,0.0,25.71,44.42,1.23
2018-02-18 02:00:00,0.0,0.0,25.15,52.35,1.19
2018-02-18 03:00:00,0.0,0.0,24.73,60.18,1.09
2018-02-18 04:00:00,0.0,0.0,24.41,66.44,0.99
2018-02-18 05:00:00,0.0,0.0,24.2,72.26,0.97
2018-02-18 06:00:00,12.05,12.55,25.01,74.66,1.41
2018-02-18 07:00:00,126.05,131.73,28.08,67.24,3.31
2018-02-18 08:00:00,298.55,325.95,31.22,55.86,4.36
2018-02-18 09:00:00,506.38,532.3,34.1,44.96,4.07
2018-02-18 10:00:00,646.17,697.67,36.39,36.76,3.43
2018-02-18 11:00:00,774.28,797.05,38.12,30.72,2.9
2018-02-18 12:00:00,860.1,867.97,39.36,26.6,2.41
2018-02-18 13:00:00,782.1,803.05,39.92,24.36,2.07
2018-02-18 14:00:00,655.83,661.83,39.88,23.49,1.96
2018-02-18 15:00:00,433.73,459.08,39.35,23.59,1.96
2018-02-18 16:00:00,237.85,243.77,38.46,24.45,2.13
2018-02-18 17:00:00,61.83,61.6,36.8,27.47,1.78
2018-02-18 18:00:00,0.0,0.0,34.77,32.24,1.86
2018-02-18 19:00:00,0.0,0.0,34.0,35.12,2.77
2018-02-18 20:00:00,0.0,0.0,33.01,39.72,2.99
2018-02-18 21:00:00,0.0,0.0,32.07,44.94,3.13
2018-02-18 22:00:00,0.0,0.0,31.21,50.62,3.36
2018-02-18 23:00:00,0.0,0.0,30.39,56.45,3.53
2018-02-19 00:00:00,0.0,0.0,29.67,61.28,3.65
2018-02-19 01:00:00,0.0,0.0,29.07,64.38,3.74
2018-02-19 02:00:00,0.0,0.0,28.54,66.51,3.52
2018-02-19 03:00:00,0.0,0.0,28.05,68.23,3.02
2018-02-19 04:00:00,0.0,0.0,27.6,69.74,2.59
2018-02-19 05:00:00,0.0,0.0,27.19,71.27,2.19
2018-02-19 06:00:00,12.43,12.25,27.31,70.87,2.44
2018-02-19 07:00:00,125.43,126.43,29.19,63.35,3.81
2018-02-19 08:00:00,341.92,343.58,31.71,52.7,4.15
2018-02-19 09:00:00,487.62,488.48,33.8,44.75,3.58
2018-02-19 10:00:00,673.22,676.42,35.51,39.32,2.89
2018-02-19 11:00:00,763.47,764.67,36.82,35.33,2.22
2018-02-19 12:00:00,835.75,877.45,37.75,32.31,1.74
2018-02-19 13:00:00,653.55,816.25,37.99,30.7,1.52
2018-02-19 14:00:00,633.62,682.05,37.73,30.1,1.54
2018-02-19 15:00:00,435.5,492.52,37.21,30.12,1.76
2018-02-19 16:00:00,235.2,268.35,36.34,31.34,2.22
2018-02-19 17:00:00,69.07,72.43,35.2,34.0,2.58
2018-02-19 18:00:00,0.0,0.0,33.62,39.25,3.05
2018-02-19 19:00:00,0.0,0.0,32.52,44.79,4.16
2018-02-19 20:00:00,0.0,0.0,31.34,51.77,4.61
2018-02-19 21:00:00,0.0,0.0,30.32,58.28,4.62
2018-02-19 22:00:00,0.0,0.0,29.59,62.61,4.37
2018-02-19 23:00:00,0.0,0.0,29.11,64.94,3.85
2018-02-20 00:00:00,0.0,0.0,28.78,66.11,3.39
2018-02-20 01:00:00,0.0,0.0,28.5,67.11,2.96
2018-02-20 02:00:00,0.0,0.0,28.22,68.28,2.64
2018-02-20 03:00:00,0.0,0.0,27.91,69.82,2.49
2018-02-20 04:00:00,0.0,0.0,27.61,71.45,2.49
2018-02-20 05:00:00,0.0,0.0,27.3,73.42,2.52
2018-02-20 06:00:00,14.32,14.43,27.29,74.25,2.92
2018-02-20 07:00:00,149.68,156.12,28.64,66.61,3.79
2018-02-20 08:00:00,358.65,372.8,30.59,55.4,4.42
2018-02-20 09:00:00,539.75,586.47,32.1,49.15,4.41
2018-02-20 10:00:00,737.55,753.03,32.97,46.1,4.25
2018-02-20 11:00:00,791.25,850.08,33.69,43.82,4.16
2018-02-20 12:00:00,757.62,831.58,34.28,41.99,4.1
2018-02-20 13:00:00,704.58,761.3,34.29,41.61,4.03
2018-02-20 14:00:00,512.62,632.75,33.85,42.46,4.08
2018-02-20 15:00:00,351.02,444.88,33.29,43.96,3.99
2018-02-20 16:00:00,187.65,236.23,32.62,45.9,3.73
2018-02-20 17:00:00,58.75,62.17,31.6,49.23,3.05
2018-02-20 18:00:00,0.0,0.0,30.52,53.39,2.52
2018-02-20 19:00:00,0.0,0.0,29.91,56.37,2.63
2018-02-20 20:00:00,0.0,0.0,29.35,59.37,2.52
2018-02-20 21:00:00,0.0,0.0,28.87,62.03,2.54
2018-02-20 22:00:00,0.0,0.0,28.48,64.08,2.75
2018-02-20 23:00:00,0.0,0.0,28.12,65.9,2.93
2018-02-21 00:00:00,0.0,0.0,27.8,67.47,2.99
2018-02-21 01:00:00,0.0,0.0,27.49,68.91,2.94
2018-02-21 02:00:00,0.0,0.0,27.18,70.32,2.84
2018-02-21 03:00:00,0.0,0.0,26.85,71.86,2.64
2018-02-21 04:00:00,0.0,0.0,26.53,73.46,2.43
2018-02-21 05:00:00,0.0,0.0,26.23,75.03,2.16
2018-02-21 06:00:00,11.93,11.75,26.37,74.65,2.54
2018-02-21 07:00:00,111.0,114.65,28.15,65.74,3.99
2018-02-21 08:00:00,282.55,294.08,30.63,54.8,4.51
2018-02-21 09:00:00,436.52,473.52,32.94,46.68,4.15
2018-02-21 10:00:00,613.08,638.42,34.51,41.56,3.75
2018-02-21 11:00:00,659.25,725.22,35.52,38.22,3.5
2018-02-21 12:00:00,714.03,820.17,36.11,36.2,3.33
2018-02-21 13:00:00,652.08,771.1,36.38,35.14,3.22
2018-02-21 14:00:00,541.55,632.28,36.26,35.07,3.18
2018-02-21 15:00:00,401.92,444.6,35.82,35.76,3.13
2018-02-21 16:00:00,230.3,243.52,35.08,37.45,2.9
2018-02-21 17:00:00,62.4,64.57,33.53,43.73,1.6
2018-02-21 18:00:00,0.0,0.0,32.13,49.62,1.38
2018-02-21 19:00:00,0.0,0.0,31.46,52.57,1.54
2018-02-21 20:00:00,0.0,0.0,30.74,55.73,1.66
2018-02-21 21:00:00,0.0,0.0,30.07,58.7,1.69
2018-02-21 22:00:00,0.0,0.0,29.37,62.14,1.43
2018-02-21 23:00:00,0.0,0.0,28.77,65.22,1.15
2018-02-22 00:00:00,0.0,0.0,28.28,67.43,1.18
2018-02-22 01:00:00,0.0,0.0,27.74,70.12,1.21
2018-02-22 02:00:00,0.0,0.0,27.28,72.67,1.0
2018-02-22 03:00:00,0.0,0.0,26.92,74.69,0.56
2018-02-22 04:00:00,0.0,0.0,26.59,76.67,0.64
2018-02-22 05:00:00,0.0,0.0,26.35,78.2,1.26
2018-02-22 06:00:00,15.0,15.02,26.2,79.31,1.85
2018-02-22 07:00:00,165.75,166.62,26.56,77.64,2.53
2018-02-22 08:00:00,331.58,334.05,27.41,73.09,3.13
2018-02-22 09:00:00,526.45,530.38,28.53,67.25,3.54
2018-02-22 10:00:00,690.0,692.85,29.29,62.78,3.59
2018-02-22 11:00:00,795.4,795.4,29.91,59.24,3.44
2018-02-22 12:00:00,925.83,926.45,30.68,54.94,3.09
2018-02-22 13:00:00,852.12,868.47,31.37,50.84,2.51
2018-02-22 14:00:00,729.2,734.08,31.96,47.39,1.93
2018-02-22 15:00:00,450.85,538.28,32.31,45.03,1.43
2018-02-22 16:00:00,249.12,304.9,32.14,44.58,0.89
2018-02-22 17:00:00,78.25,85.88,31.13,51.38,0.3
2018-02-22 18:00:00,0.0,0.0,29.9,55.44,0.61
2018-02-22 19:00:00,0.0,0.0,29.1,56.9,1.02
2018-02-22 20:00:00,0.0,0.0,28.51,57.45,1.25
2018-02-22 21:00:00,0.0,0.0,28.03,57.89,1.41
2018-02-22 22:00:00,0.0,0.0,27.61,58.77,1.55
2018-02-22 23:00:00,0.0,0.0,27.19,60.39,1.73
2018-02-23 00:00:00,0.0,0.0,26.69,63.5,1.94
2018-02-23 01:00:00,0.0,0.0,26.29,67.68,2.29
2018-02-23 02:00:00,0.0,0.0,25.96,72.48,2.73
2018-02-23 03:00:00,0.0,0.0,25.56,77.39,2.85
2018-02-23 04:00:00,0.0,0.0,25.21,81.11,2.79
2018-02-23 05:00:00,0.0,0.0,24.89,83.7,2.62
2018-02-23 06:00:00,15.95,16.83,25.2,82.45,3.13
2018-02-23 07:00:00,166.4,172.25,27.9,67.17,3.91
2018-02-23 08:00:00,375.65,396.23,31.13,51.9,4.16
2018-02-23 09:00:00,598.5,609.65,33.62,43.34,3.91
2018-02-23 10:00:00,745.95,774.12,35.16,38.94,3.55
2018-02-23 11:00:00,867.92,868.15,36.1,36.37,3.35
2018-02-23 12:00:00,847.95,849.85,36.69,34.73,3.32
2018-02-23 13:00:00,700.2,790.55,36.62,34.53,3.47
2018-02-23 14:00:00,552.53,655.17,36.02,35.66,3.77
2018-02-23 15:00:00,391.9,463.48,35.16,37.73,4.03
2018-02-23 16:00:00,202.07,246.55,34.19,40.38,4.16
2018-02-23 17:00:00,56.95,67.05,32.64,45.63,3.68
2018-02-23 18:00:00,0.0,0.0,30.95,52.17,3.6
2018-02-23 19:00:00,0.0,0.0,30.01,56.54,3.75
2018-02-23 20:00:00,0.0,0.0,29.24,60.71,3.55
2018-02-23 21:00:00,0.0,0.0,28.61,64.26,3.28
2018-02-23 22:00:00,0.0,0.0,28.01,67.56,2.96
2018-02-23 23:00:00,0.0,0.0,27.53,70.08,2.93
2018-02-24 00:00:00,0.0,0.0,27.21,72.02,3.07
2018-02-24 01:00:00,0.0,0.0,26.83,74.61,2.69
2018-02-24 02:00:00,0.0,0.0,26.4,78.17,2.32
2018-02-24 03:00:00,0.0,0.0,25.82,83.56,2.0
2018-02-24 04:00:00,0.0,0.0,25.38,87.1,1.86
2018-02-24 05:00:00,0.0,0.0,25.02,89.79,1.76
2018-02-24 06:00:00,9.05,15.43,25.02,90.4,1.92
2018-02-24 07:00:00,92.72,150.3,25.76,86.49,2.63
2018-02-24 08:00:00,212.2,362.15,26.67,82.46,3.06
2018-02-24 09:00:00,313.25,568.75,27.58,78.38,3.25
2018-02-24 10:00:00,392.17,730.4,28.26,75.49,3.1
2018-02-24 11:00:00,453.05,828.1,28.67,73.42,2.88
2018-02-24 12:00:00,444.65,855.75,28.91,71.66,2.61
2018-02-24 13:00:00,456.52,796.7,29.02,69.91,2.29
2018-02-24 14:00:00,383.55,664.1,29.04,68.31,1.86
2018-02-24 15:00:00,302.25,473.5,28.95,67.56,1.38
2018-02-24 16:00:00,159.38,253.48,28.69,70.22,0.74
2018-02-24 17:00:00,44.58,67.38,28.3,71.06,0.44
2018-02-24 18:00:00,0.0,0.0,27.84,73.03,0.18
2018-02-24 19:00:00,0.0,0.0,27.31,78.65,0.39
2018-02-24 20:00:00,0.0,0.0,26.91,79.02,0.54
2018-02-24 21:00:00,0.0,0.0,26.35,83.22,0.63
2018-02-24 22:00:00,0.0,0.0,25.87,85.7,0.7
2018-02-24 23:00:00,0.0,0.0,25.41,87.7,0.83
2018-02-25 00:00:00,0.0,0.0,25.02,89.08,0.99
2018-02-25 01:00:00,0.0,0.0,24.71,90.2,1.08
2018-02-25 02:00:00,0.0,0.0,24.44,91.46,1.08
2018-02-25 03:00:00,0.0,0.0,24.15,92.71,1.03
2018-02-25 04:00:00,0.0,0.0,23.86,93.74,0.94
2018-02-25 05:00:00,0.0,0.0,23.66,94.5,0.82
2018-02-25 06:00:00,12.7,15.73,24.13,92.18,1.18
2018-02-25 07:00:00,111.9,147.38,26.03,81.69,2.04
2018-02-25 08:00:00,239.5,356.4,28.34,69.83,2.64
2018-02-25 09:00:00,378.92,556.53,30.03,62.35,2.67
2018-02-25 10:00:00,626.58,724.92,31.1,58.04,2.48
2018-02-25 11:00:00,754.2,829.22,31.84,55.14,2.29
2018-02-25 12:00:00,920.22,943.35,32.32,53.0,2.2
2018-02-25 13:00:00,815.83,881.75,32.48,51.65,2.15
2018-02-25 14:00:00,675.58,744.42,31.83,52.62,1.92
2018-02-25 15:00:00,466.08,545.35,31.33,53.96,1.53
2018-02-25 16:00:00,254.55,308.27,30.82,58.41,0.82
2018-02-25 17:00:00,75.5,87.32,30.06,64.29,0.66
2018-02-25 18:00:00,0.0,0.0,28.42,77.72,0.78
2018-02-25 19:00:00,0.0,0.0,27.58,78.25,1.25
2018-02-25 20:00:00,0.0,0.0,26.94,78.33,1.9
2018-02-25 21:00:00,0.0,0.0,26.39,79.24,2.61
2018-02-25 22:00:00,0.0,0.0,25.84,81.43,3.18
2018-02-25 23:00:00,0.0,0.0,25.28,84.63,3.43
2018-02-26 00:00:00,0.0,0.0,24.79,87.73,3.45
2018-02-26 01:00:00,0.0,0.0,24.42,90.04,3.25
2018-02-26 02:00:00,0.0,0.0,24.2,91.27,2.89
2018-02-26 03:00:00,0.0,0.0,24.01,91.96,2.45
2018-02-26 04:00:00,0.0,0.0,23.82,92.41,2.08
2018-02-26 05:00:00,0.0,0.0,23.66,92.71,1.82
2018-02-26 06:00:00,11.35,18.0,23.73,91.5,1.88
2018-02-26 07:00:00,93.35,175.25,24.33,87.49,2.17
2018-02-26 08:00:00,201.7,404.23,25.57,79.57,2.56
2018-02-26 09:00:00,290.38,618.85,27.01,70.56,2.78
2018-02-26 10:00:00,328.73,790.55,28.28,61.63,2.56
2018-02-26 11:00:00,363.52,888.55,28.98,56.2,2.27
2018-02-26 12:00:00,416.85,904.17,29.05,56.1,2.35
2018-02-26 13:00:00,421.73,840.85,28.52,59.19,2.52
2018-02-26 14:00:00,285.3,701.67,27.6,63.92,2.42
2018-02-26 15:00:00,151.45,504.02,26.75,68.4,1.91
2018-02-26 16:00:00,111.45,275.33,26.04,72.63,1.25
2018-02-26 17:00:00,28.4,74.28,25.37,78.34,0.64
2018-02-26 18:00:00,0.0,0.0,25.11,78.32,0.39
2018-02-26 19:00:00,0.0,0.0,25.01,77.65,0.18
2018-02-26 20:00:00,0.0,0.0,24.75,80.55,0.37
2018-02-26 21:00:00,0.0,0.0,24.13,90.68,0.45
2018-02-26 22:00:00,0.0,0.0,23.78,91.26,0.66
2018-02-26 23:00:00,0.0,0.0,23.51,91.32,0.83
2018-02-27 00:00:00,0.0,0.0,23.32,91.5,0.92
2018-02-27 01:00:00,0.0,0.0,23.17,91.77,0.99
2018-02-27 02:00:00,0.0,0.0,23.06,91.84,1.1
2018-02-27 03:00:00,0.0,0.0,22.95,92.0,1.25
2018-02-27 04:00:00,0.0,0.0,22.88,92.3,1.33
2018-02-27 05:00:00,0.0,0.0,22.9,92.74,1.23
2018-02-27 06:00:00,16.08,16.0,23.22,91.13,1.43
2018-02-27 07:00:00,152.1,153.73,24.23,85.19,1.91
2018-02-27 08:00:00,358.98,363.3,26.15,75.2,2.01
2018-02-27 09:00:00,557.85,574.65,27.88,67.19,1.54
2018-02-27 10:00:00,718.15,740.67,29.63,57.39,0.68
2018-02-27 11:00:00,824.67,838.22,31.64,45.97,1.89
2018-02-27 12:00:00,943.85,945.53,33.28,40.27,2.7
2018-02-27 13:00:00,883.92,884.5,34.52,36.57,3.11
2018-02-27 14:00:00,729.65,744.53,34.91,35.09,3.05
2018-02-27 15:00:00,525.95,544.97,34.63,35.41,2.76
2018-02-27 16:00:00,287.58,307.92,33.7,39.7,1.97
2018-02-27 17:00:00,82.15,87.0,31.67,57.36,0.94
2018-02-27 18:00:00,0.0,0.0,30.5,61.14,0.81
2018-02-27 19:00:00,0.0,0.0,29.26,66.09,1.11
2018-02-27 20:00:00,0.0,0.0,28.19,67.41,1.7
2018-02-27 21:00:00,0.0,0.0,27.26,70.32,2.36
2018-02-27 22:00:00,0.0,0.0,26.51,75.29,2.99
2018-02-27 23:00:00,0.0,0.0,25.96,79.67,3.42
2018-02-28 00:00:00,0.0,0.0,25.51,82.7,3.46
2018-02-28 01:00:00,0.0,0.0,25.14,84.8,3.31
2018-02-28 02:00:00,0.0,0.0,24.84,86.2,3.1
2018-02-28 03:00:00,0.0,0.0,24.55,87.51,2.97
2018-02-28 04:00:00,0.0,0.0,24.24,88.81,2.77
2018-02-28 05:00:00,0.0,0.0,23.92,90.32,2.47
2018-02-28 06:00:00,18.75,18.75,24.22,88.96,2.72
2018-02-28 07:00:00,173.48,174.93,26.3,78.0,3.45
2018-02-28 08:00:00,397.27,400.17,28.93,65.31,3.46
2018-02-28 09:00:00,614.92,617.55,30.98,57.48,2.78
2018-02-28 10:00:00,785.62,788.83,32.35,52.69,2.04
2018-02-28 11:00:00,889.05,889.25,33.27,49.39,1.49
2018-02-28 12:00:00,955.97,957.28,34.04,46.57,1.43
2018-02-28 13:00:00,832.92,893.12,34.42,44.5,1.76
2018-02-28 14:00:00,715.08,754.08,34.5,43.1,2.11
2018-02-28 15:00:00,503.08,553.3,34.15,42.97,2.2
2018-02-28 16:00:00,288.67,314.38,33.39,44.53,1.94
2018-02-28 17:00:00,86.25,90.0,31.91,54.39,0.84
2018-02-28 18:00:00,0.0,0.0,30.47,63.36,0.22
2018-02-28 19:00:00,0.0,0.0,29.71,65.84,0.14
2018-02-28 20:00:00,0.0,0.0,29.08,66.54,0.59
2018-02-28 21:00:00,0.0,0.0,27.98,70.98,1.0
2018-02-28 22:00:00,0.0,0.0,27.05,74.42,1.24
2018-02-28 23:00:00,0.0,0.0,26.5,76.17,1.52
2018-03-01 00:00:00,0.0,0.0,26.07,78.38,1.74
2018-03-01 01:00:00,0.0,0.0,25.61,81.45,1.79
2018-03-01 02:00:00,0.0,0.0,25.24,84.27,1.7
2018-03-01 03:00:00,0.0,0.0,24.9,86.69,1.54
2018-03-01 04:00:00,0.0,0.0,24.53,89.22,1.31
2018-03-01 05:00:00,0.0,0.0,24.14,91.59,1.09
2018-03-01 06:00:00,19.1,21.1,24.51,90.1,1.64
2018-03-01 07:00:00,182.38,199.65,26.65,78.6,2.32
2018-03-01 08:00:00,409.85,438.88,29.65,62.58,2.43
2018-03-01 09:00:00,625.92,660.0,31.5,55.36,2.31
2018-03-01 10:00:00,804.22,828.67,33.05,49.52,2.61
2018-03-01 11:00:00,905.65,929.4,34.45,43.0,3.04
2018-03-01 12:00:00,812.62,939.85,35.75,36.63,3.32
2018-03-01 13:00:00,726.7,873.6,36.7,31.46,3.38
2018-03-01 14:00:00,597.2,733.47,37.22,27.54,3.31
2018-03-01 15:00:00,446.0,532.55,37.14,25.18,3.19
2018-03-01 16:00:00,244.02,297.35,36.08,27.74,2.47
2018-03-01 17:00:00,74.03,84.1,32.95,46.59,1.13
2018-03-01 18:00:00,0.0,0.0,31.62,44.74,0.96
2018-03-01 19:00:00,0.0,0.0,30.79,46.59,0.99
2018-03-01 20:00:00,0.0,0.0,28.12,59.16,1.32
2018-03-01 21:00:00,0.0,0.0,26.48,67.65,1.69
2018-03-01 22:00:00,0.0,0.0,25.73,75.18,2.08
2018-03-01 23:00:00,0.0,0.0,25.2,81.83,2.1
2018-03-02 00:00:00,0.0,0.0,24.67,86.19,1.8
2018-03-02 01:00:00,0.0,0.0,24.2,89.17,1.51
2018-03-02 02:00:00,0.0,0.0,23.76,91.67,1.34
2018-03-02 03:00:00,0.0,0.0,23.3,94.65,1.25
2018-03-02 04:00:00,0.0,0.0,22.8,98.18,1.17
2018-03-02 05:00:00,0.0,0.0,22.35,100.0,1.05
2018-03-02 06:00:00,23.0,21.62,23.14,97.28,1.38
2018-03-02 07:00:00,190.85,198.25,26.02,81.49,2.26
2018-03-02 08:00:00,405.58,439.58,29.32,64.68,2.1
2018-03-02 09:00:00,641.83,666.9,31.71,54.37,1.21
2018-03-02 10:00:00,831.03,841.65,33.87,44.01,1.54
2018-03-02 11:00:00,936.85,945.9,35.67,35.74,2.31
2018-03-02 12:00:00,976.4,984.97,36.81,30.86,2.82
2018-03-02 13:00:00,917.7,922.88,37.39,28.08,3.06
2018-03-02 14:00:00,782.67,783.4,37.5,26.52,3.15
2018-03-02 15:00:00,577.67,577.92,37.11,25.88,3.15
2018-03-02 16:00:00,305.98,334.58,36.08,27.1,2.81
2018-03-02 17:00:00,84.15,98.32,32.81,46.51,1.2
2018-03-02 18:00:00,0.0,0.0,30.76,48.6,1.07
2018-03-02 19:00:00,0.0,0.0,30.52,46.01,1.0
2018-03-02 20:00:00,0.0,0.0,29.77,46.8,1.03
2018-03-02 21:00:00,0.0,0.0,28.07,53.35,1.19
2018-03-02 22:00:00,0.0,0.0,26.15,62.25,1.28
2018-03-02 23:00:00,0.0,0.0,24.89,69.56,1.36
2018-03-03 00:00:00,0.0,0.0,24.09,76.36,1.4
2018-03-03 01:00:00,0.0,0.0,23.47,83.49,1.35
2018-03-03 02:00:00,0.0,0.0,22.95,89.28,1.24
2018-03-03 03:00:00,0.0,0.0,22.52,93.86,1.13
2018-03-03 04:00:00,0.0,0.0,22.15,97.54,1.04
2018-03-03 05:00:00,0.0,0.0,21.83,100.0,0.99
2018-03-03 06:00:00,24.62,24.62,22.71,97.17,1.17
2018-03-03 07:00:00,222.02,222.07,25.61,83.05,1.88
2018-03-03 08:00:00,465.73,465.77,29.93,59.92,2.23
2018-03-03 09:00:00,693.05,693.1,32.7,48.1,2.3
2018-03-03 10:00:00,864.15,864.17,34.9,38.66,2.41
2018-03-03 11:00:00,963.58,963.58,36.67,30.98,2.78
2018-03-03 12:00:00,998.33,1005.22,37.91,25.78,3.07
2018-03-03 13:00:00,929.6,943.8,38.57,22.37,3.27
2018-03-03 14:00:00,781.38,805.65,38.68,20.12,3.44
2018-03-03 15:00:00,516.17,602.95,38.25,18.83,3.62
2018-03-03 16:00:00,270.77,356.52,36.99,20.41,3.2
2018-03-03 17:00:00,78.25,110.1,32.82,39.15,1.5
2018-03-03 18:00:00,0.0,0.0,29.71,44.01,1.41
2018-03-03 19:00:00,0.0,0.0,28.94,44.16,1.37
2018-03-03 20:00:00,0.0,0.0,28.43,43.2,1.36
2018-03-03 21:00:00,0.0,0.0,27.64,43.29,1.43
2018-03-03 22:00:00,0.0,0.0,26.24,46.02,1.56
2018-03-03 23:00:00,0.0,0.0,24.81,49.22,1.64
2018-03-04 00:00:00,0.0,0.0,23.65,51.92,1.67
2018-03-04 01:00:00,0.0,0.0,22.63,55.6,1.63
2018-03-04 02:00:00,0.0,0.0,21.71,60.48,1.55
2018-03-04 03:00:00,0.0,0.0,20.96,67.01,1.43
2018-03-04 04:00:00,0.0,0.0,20.4,74.63,1.27
2018-03-04 05:00:00,0.0,0.0,20.02,82.63,1.12
2018-03-04 06:00:00,26.3,26.35,21.05,86.04,1.32
2018-03-04 07:00:00,226.32,226.57,24.13,78.03,2.12
2018-03-04 08:00:00,476.15,476.45,28.33,61.65,2.37
2018-03-04 09:00:00,699.5,699.75,32.19,45.22,2.58
2018-03-04 10:00:00,870.03,870.17,35.22,33.0,2.77
2018-03-04 11:00:00,964.2,965.72,37.13,27.11,2.95
2018-03-04 12:00:00,972.78,975.35,38.33,23.67,3.09
2018-03-04 13:00:00,814.92,909.88,38.93,21.68,3.12
2018-03-04 14:00:00,648.25,767.1,39.0,20.65,3.06
2018-03-04 15:00:00,421.75,562.35,38.56,20.47,2.99
2018-03-04 16:00:00,223.95,319.58,37.42,22.53,2.56
2018-03-04 17:00:00,68.75,91.32,34.08,41.21,1.08
2018-03-04 18:00:00,0.0,0.0,32.39,42.09,1.03
2018-03-04 19:00:00,0.0,0.0,31.92,42.03,0.97
2018-03-04 20:00:00,0.0,0.0,29.94,50.13,1.2
2018-03-04 21:00:00,0.0,0.0,27.94,58.97,1.44
2018-03-04 22:00:00,0.0,0.0,27.11,65.05,1.85
2018-03-04 23:00:00,0.0,0.0,26.77,70.25,2.34
2018-03-05 00:00:00,0.0,0.0,26.45,73.84,2.61
2018-03-05 01:00:00,0.0,0.0,26.04,76.89,2.48
2018-03-05 02:00:00,0.0,0.0,25.57,80.17,2.21
2018-03-05 03:00:00,0.0,0.0,25.12,83.58,2.02
2018-03-05 04:00:00,0.0,0.0,24.69,86.83,1.9
2018-03-05 05:00:00,0.0,0.0,24.29,89.92,1.79
2018-03-05 06:00:00,23.8,23.9,24.9,87.51,2.48
2018-03-05 07:00:00,202.45,207.48,27.4,74.82,3.25
2018-03-05 08:00:00,444.7,452.58,30.68,57.33,3.24
2018-03-05 09:00:00,669.85,675.58,33.29,46.99,2.78
2018-03-05 10:00:00,844.88,845.38,35.13,40.8,2.27
2018-03-05 11:00:00,869.35,943.5,36.58,35.73,1.96
2018-03-05 12:00:00,808.03,955.95,37.73,31.72,1.96
2018-03-05 13:00:00,772.97,891.45,38.32,29.25,2.02
2018-03-05 14:00:00,586.42,749.92,38.42,28.03,2.02
2018-03-05 15:00:00,404.85,547.28,37.94,27.93,1.93
2018-03-05 16:00:00,222.0,308.23,37.02,28.51,1.77
2018-03-05 17:00:00,70.85,87.72,35.12,37.37,0.97
2018-03-05 18:00:00,0.0,0.0,32.54,51.2,0.86
2018-03-05 19:00:00,0.0,0.0,30.88,54.83,1.21
2018-03-05 20:00:00,0.0,0.0,29.55,57.29,1.54
2018-03-05 21:00:00,0.0,0.0,28.44,61.77,1.86
2018-03-05 22:00:00,0.0,0.0,27.6,66.22,2.28
2018-03-05 23:00:00,0.0,0.0,27.0,69.84,2.7
2018-03-06 00:00:00,0.0,0.0,26.52,72.83,3.0
2018-03-06 01:00:00,0.0,0.0,26.07,75.44,3.02
2018-03-06 02:00:00,0.0,0.0,25.67,77.66,2.86
2018-03-06 03:00:00,0.0,0.0,25.33,79.54,2.68
2018-03-06 04:00:00,0.0,0.0,24.97,81.74,2.47
2018-03-06 05:00:00,0.0,0.0,24.59,84.13,2.21
2018-03-06 06:00:00,23.7,23.65,25.06,82.46,2.77
2018-03-06 07:00:00,201.73,203.98,27.64,69.39,3.46
2018-03-06 08:00:00,442.25,444.65,30.91,53.91,3.31
2018-03-06 09:00:00,663.0,664.33,33.54,44.39,2.76
2018-03-06 10:00:00,834.72,834.72,35.36,39.12,2.37
2018-03-06 11:00:00,930.65,930.78,36.78,34.99,2.16
2018-03-06 12:00:00,983.2,983.45,37.79,31.89,2.12
2018-03-06 13:00:00,921.92,922.33,38.33,29.87,2.23
2018-03-06 14:00:00,757.78,782.7,38.42,28.8,2.34
2018-03-06 15:00:00,442.73,581.3,38.0,28.75,2.34
2018-03-06 16:00:00,234.4,338.65,37.02,29.85,2.21
2018-03-06 17:00:00,72.7,101.72,34.96,38.08,1.36
2018-03-06 18:00:00,0.0,0.0,32.17,52.31,1.0
2018-03-06 19:00:00,0.0,0.0,31.12,52.67,1.34
2018-03-06 20:00:00,0.0,0.0,30.2,54.04,1.71
2018-03-06 21:00:00,0.0,0.0,29.37,56.94,2.11
2018-03-06 22:00:00,0.0,0.0,28.64,60.75,2.42
2018-03-06 23:00:00,0.0,0.0,28.01,64.48,2.65
2018-03-07 00:00:00,0.0,0.0,27.53,67.26,2.95
2018-03-07 01:00:00,0.0,0.0,27.13,69.6,3.29
2018-03-07 02:00:00,0.0,0.0,26.82,71.44,3.64
2018-03-07 03:00:00,0.0,0.0,26.53,73.17,3.87
2018-03-07 04:00:00,0.0,0.0,26.29,74.52,4.04
2018-03-07 05:00:00,0.0,0.0,25.99,76.47,4.0
2018-03-07 06:00:00,19.77,25.9,26.19,76.79,4.28
2018-03-07 07:00:00,159.52,219.15,28.12,68.7,5.02
2018-03-07 08:00:00,360.2,464.85,30.54,58.03,4.95
2018-03-07 09:00:00,570.75,686.25,32.66,49.88,4.13
2018-03-07 10:00:00,751.0,854.47,34.28,44.53,3.13
2018-03-07 11:00:00,791.83,951.35,35.43,40.75,2.2
2018-03-07 12:00:00,812.4,938.3,36.2,37.92,1.49
2018-03-07 13:00:00,678.58,876.88,36.61,35.9,1.3
2018-03-07 14:00:00,613.0,740.03,36.43,34.97,1.44
2018-03-07 15:00:00,416.12,541.3,35.83,34.96,1.62
2018-03-07 16:00:00,217.6,304.77,34.96,35.76,1.73
2018-03-07 17:00:00,59.33,86.18,33.33,42.54,1.32
2018-03-07 18:00:00,0.0,0.0,31.14,56.74,1.06
2018-03-07 19:00:00,0.0,0.0,30.23,57.38,1.42
2018-03-07 20:00:00,0.0,0.0,29.43,59.98,1.73
2018-03-07 21:00:00,0.0,0.0,28.86,62.65,2.16
2018-03-07 22:00:00,0.0,0.0,28.34,65.68,2.5
2018-03-07 23:00:00,0.0,0.0,27.9,68.37,2.71
2018-03-08 00:00:00,0.0,0.0,27.59,70.22,2.74
2018-03-08 01:00:00,0.0,0.0,27.39,70.96,2.54
2018-03-08 02:00:00,0.0,0.0,27.18,71.19,2.38
2018-03-08 03:00:00,0.0,0.0,26.91,71.6,2.33
2018-03-08 04:00:00,0.0,0.0,26.57,73.06,2.35
2018-03-08 05:00:00,0.0,0.0,26.19,75.39,2.44
2018-03-08 06:00:00,8.57,23.52,26.34,75.81,3.07
2018-03-08 07:00:00,61.38,198.12,28.27,67.14,3.99
2018-03-08 08:00:00,138.68,433.6,30.94,54.27,4.18
2018-03-08 09:00:00,245.9,650.5,33.14,45.49,3.4
2018-03-08 10:00:00,443.65,815.4,34.82,40.31,2.37
2018-03-08 11:00:00,635.95,910.5,36.03,36.76,1.36
2018-03-08 12:00:00,877.35,930.0,36.94,34.04,0.66
2018-03-08 13:00:00,806.28,856.05,37.6,31.94,0.88
2018-03-08 14:00:00,691.58,708.53,37.79,30.9,1.38
2018-03-08 15:00:00,501.0,513.3,37.43,30.94,1.85
2018-03-08 16:00:00,261.15,285.88,36.54,32.05,2.24
2018-03-08 17:00:00,75.45,80.5,34.48,40.33,1.78
2018-03-08 18:00:00,0.0,0.0,32.15,48.98,2.1
2018-03-08 19:00:00,0.0,0.0,31.2,51.21,3.2
2018-03-08 20:00:00,0.0,0.0,30.11,56.7,3.7
2018-03-08 21:00:00,0.0,0.0,29.14,62.22,3.5
2018-03-08 22:00:00,0.0,0.0,28.49,66.05,3.08
2018-03-08 23:00:00,0.0,0.0,27.96,68.83,2.69
2018-03-09 00:00:00,0.0,0.0,27.46,71.17,2.46
2018-03-09 01:00:00,0.0,0.0,26.98,73.28,2.35
2018-03-09 02:00:00,0.0,0.0,26.52,75.36,2.31
2018-03-09 03:00:00,0.0,0.0,26.13,77.21,2.36
2018-03-09 04:00:00,0.0,0.0,25.79,78.94,2.32
2018-03-09 05:00:00,0.0,0.0,25.41,80.94,2.09
2018-03-09 06:00:00,17.9,23.9,25.75,79.57,2.63
2018-03-09 07:00:00,130.57,195.5,28.21,67.04,3.41
2018-03-09 08:00:00,244.73,429.55,31.63,51.51,3.65
2018-03-09 09:00:00,421.27,642.65,34.31,42.41,3.19
2018-03-09 10:00:00,738.78,809.2,36.32,36.61,2.76
2018-03-09 11:00:00,853.25,904.78,37.85,32.41,2.44
2018-03-09 12:00:00,887.12,895.62,38.88,29.33,2.06
2018-03-09 13:00:00,725.92,832.2,39.37,27.2,1.58
2018-03-09 14:00:00,653.1,694.3,39.37,26.01,0.96
2018-03-09 15:00:00,456.98,497.58,38.92,25.76,0.3
2018-03-09 16:00:00,239.02,270.98,38.14,26.52,0.8
2018-03-09 17:00:00,69.55,75.3,36.02,37.09,1.0
2018-03-09 18:00:00,0.0,0.0,33.02,46.76,1.47
2018-03-09 19:00:00,0.0,0.0,32.05,46.65,2.58
2018-03-09 20:00:00,0.0,0.0,31.0,52.24,4.03
2018-03-09 21:00:00,0.0,0.0,29.66,61.36,4.57
2018-03-09 22:00:00,0.0,0.0,28.83,67.46,4.69
2018-03-09 23:00:00,0.0,0.0,28.3,70.36,4.63
2018-03-10 00:00:00,0.0,0.0,27.87,72.3,4.44
2018-03-10 01:00:00,0.0,0.0,27.46,74.31,4.14
2018-03-10 02:00:00,0.0,0.0,27.11,76.34,3.77
2018-03-10 03:00:00,0.0,0.0,26.75,78.59,3.46
2018-03-10 04:00:00,0.0,0.0,26.44,80.64,3.26
2018-03-10 05:00:00,0.0,0.0,26.21,82.16,3.17
2018-03-10 06:00:00,22.48,24.12,26.57,80.77,3.83
2018-03-10 07:00:00,161.52,191.52,28.49,70.95,4.92
2018-03-10 08:00:00,336.9,424.98,30.72,60.16,5.32
2018-03-10 09:00:00,520.83,639.0,32.74,52.09,5.03
2018-03-10 10:00:00,708.28,806.97,34.54,45.83,4.49
2018-03-10 11:00:00,841.03,908.55,36.05,40.85,3.79
2018-03-10 12:00:00,858.4,916.35,37.38,36.55,2.97
2018-03-10 13:00:00,813.67,855.47,38.2,33.51,2.17
2018-03-10 14:00:00,671.17,721.53,38.24,32.16,1.69
2018-03-10 15:00:00,473.0,519.45,37.78,31.98,1.98
2018-03-10 16:00:00,248.5,287.12,36.77,33.57,2.66
2018-03-10 17:00:00,71.65,80.1,34.63,40.62,2.84
2018-03-10 18:00:00,0.0,0.0,32.47,48.34,3.95
2018-03-10 19:00:00,0.0,0.0,31.05,55.62,4.73
2018-03-10 20:00:00,0.0,0.0,30.05,61.72,4.76
2018-03-10 21:00:00,0.0,0.0,29.42,65.47,4.52
2018-03-10 22:00:00,0.0,0.0,28.97,67.71,4.21
2018-03-10 23:00:00,0.0,0.0,28.59,69.27,3.95
2018-03-11 00:00:00,0.0,0.0,28.23,70.52,3.78
2018-03-11 01:00:00,0.0,0.0,27.89,71.72,3.65
2018-03-11 02:00:00,0.0,0.0,27.58,73.01,3.43
2018-03-11 03:00:00,0.0,0.0,27.32,74.4,3.16
2018-03-11 04:00:00,0.0,0.0,27.13,75.66,2.95
2018-03-11 05:00:00,0.0,0.0,26.93,77.07,2.89
2018-03-11 06:00:00,24.23,25.52,27.15,76.59,3.47
2018-03-11 07:00:00,181.3,196.55,28.75,69.13,4.4
2018-03-11 08:00:00,417.42,431.92,30.83,58.89,4.73
2018-03-11 09:00:00,640.42,650.78,32.55,51.64,4.3
2018-03-11 10:00:00,798.15,817.95,33.54,47.42,3.39
2018-03-11 11:00:00,911.92,914.88,34.57,43.72,2.56
2018-03-11 12:00:00,984.7,985.08,35.55,40.52,1.85
2018-03-11 13:00:00,927.03,927.58,36.03,38.51,1.61
2018-03-11 14:00:00,780.12,783.38,36.05,37.68,1.89
2018-03-11 15:00:00,513.38,580.17,35.61,38.11,2.37
2018-03-11 16:00:00,275.73,337.33,34.63,40.33,2.76
2018-03-11 17:00:00,80.2,100.05,32.88,47.02,2.5
2018-03-11 18:00:00,0.0,0.0,30.92,54.79,2.94
2018-03-11 19:00:00,0.0,0.0,29.83,59.97,3.7
2018-03-11 20:00:00,0.0,0.0,28.81,66.17,3.66
2018-03-11 21:00:00,0.0,0.0,28.13,70.75,3.44
2018-03-11 22:00:00,0.0,0.0,27.73,73.43,3.34
2018-03-11 23:00:00,0.0,0.0,27.42,75.18,3.37
2018-03-12 00:00:00,0.0,0.0,27.15,76.62,3.43
2018-03-12 01:00:00,0.0,0.0,26.9,77.84,3.37
2018-03-12 02:00:00,0.0,0.0,26.67,78.86,3.13
2018-03-12 03:00:00,0.0,0.0,26.42,80.12,2.78
2018-03-12 04:00:00,0.0,0.0,26.15,81.48,2.38
2018-03-12 05:00:00,0.0,0.0,25.88,83.12,2.03
2018-03-12 06:00:00,29.35,29.65,26.09,82.53,2.35
2018-03-12 07:00:00,212.85,223.1,27.83,73.86,2.85
2018-03-12 08:00:00,455.62,457.17,29.99,63.04,3.19
2018-03-12 09:00:00,677.72,679.58,31.83,55.05,3.09
2018-03-12 10:00:00,846.33,847.45,33.03,50.23,2.86
2018-03-12 11:00:00,916.05,940.95,33.75,47.26,2.78
2018-03-12 12:00:00,958.92,967.92,34.36,44.86,2.8
2018-03-12 13:00:00,891.22,899.12,34.74,43.04,2.9
2018-03-12 14:00:00,709.95,754.2,34.65,42.61,3.08
2018-03-12 15:00:00,471.3,549.25,34.18,43.31,3.23
2018-03-12 16:00:00,250.05,309.85,33.35,45.37,3.28
2018-03-12 17:00:00,75.68,88.93,31.79,51.66,2.61
2018-03-12 18:00:00,0.0,0.0,30.15,58.81,2.54
2018-03-12 19:00:00,0.0,0.0,29.43,62.3,3.08
2018-03-12 20:00:00,0.0,0.0,28.73,66.54,3.11
2018-03-12 21:00:00,0.0,0.0,28.24,69.75,3.03
2018-03-12 22:00:00,0.0,0.0,27.88,71.8,3.01
2018-03-12 23:00:00,0.0,0.0,27.56,73.12,3.01
2018-03-13 00:00:00,0.0,0.0,27.23,74.23,3.02
2018-03-13 01:00:00,0.0,0.0,26.84,75.45,2.97
2018-03-13 02:00:00,0.0,0.0,26.49,76.68,2.86
2018-03-13 03:00:00,0.0,0.0,26.14,78.18,2.67
2018-03-13 04:00:00,0.0,0.0,25.8,79.89,2.39
2018-03-13 05:00:00,0.0,0.0,25.46,81.81,1.98
2018-03-13 06:00:00,26.95,28.98,26.01,79.51,2.43
2018-03-13 07:00:00,191.9,216.15,28.65,67.17,3.76
2018-03-13 08:00:00,422.12,458.67,31.14,56.2,3.71
2018-03-13 09:00:00,657.33,682.1,33.03,49.09,3.15
2018-03-13 10:00:00,841.12,847.22,34.58,44.19,2.59
2018-03-13 11:00:00,938.28,940.08,35.69,40.83,2.2
2018-03-13 12:00:00,957.53,965.75,36.25,38.88,2.17
2018-03-13 13:00:00,855.2,905.03,36.32,38.13,2.35
2018-03-13 14:00:00,677.72,763.28,36.15,38.15,2.46
2018-03-13 15:00:00,441.2,562.0,35.54,39.19,2.51
2018-03-13 16:00:00,250.05,322.2,34.75,40.86,2.57
2018-03-13 17:00:00,76.93,94.0,33.19,47.82,1.87
2018-03-13 18:00:00,0.0,0.0,31.32,55.81,1.84
2018-03-13 19:00:00,0.0,0.0,30.72,56.88,2.74
2018-03-13 20:00:00,0.0,0.0,30.01,59.9,3.25
2018-03-13 21:00:00,0.0,0.0,29.35,63.08,3.26
2018-03-13 22:00:00,0.0,0.0,28.86,65.48,3.21
2018-03-13 23:00:00,0.0,0.0,28.53,66.99,3.17
2018-03-14 00:00:00,0.0,0.0,28.2,68.44,3.06
2018-03-14 01:00:00,0.0,0.0,27.92,69.64,2.94
2018-03-14 02:00:00,0.0,0.0,27.71,70.55,2.83
2018-03-14 03:00:00,0.0,0.0,27.52,71.36,2.79
2018-03-14 04:00:00,0.0,0.0,27.29,72.17,2.74
2018-03-14 05:00:00,0.0,0.0,27.03,73.12,2.57
2018-03-14 06:00:00,26.42,31.17,27.26,72.01,2.95
2018-03-14 07:00:00,210.02,226.98,29.25,63.1,3.59
2018-03-14 08:00:00,467.6,468.48,31.95,52.16,3.4
2018-03-14 09:00:00,689.0,689.38,33.9,45.87,2.53
2018-03-14 10:00:00,856.7,856.78,35.1,42.41,1.75
2018-03-14 11:00:00,946.62,948.2,35.93,39.88,1.59
2018-03-14 12:00:00,973.58,974.1,36.68,37.65,1.93
2018-03-14 13:00:00,826.78,907.03,36.9,36.5,2.31
2018-03-14 14:00:00,713.05,764.22,36.56,36.57,2.64
2018-03-14 15:00:00,475.35,560.45,35.96,37.28,2.83
2018-03-14 16:00:00,251.1,318.33,35.08,38.85,2.91
2018-03-14 17:00:00,70.8,91.22,33.53,45.14,2.13
2018-03-14 18:00:00,0.0,0.0,31.63,53.18,1.66
2018-03-14 19:00:00,0.0,0.0,30.83,55.56,1.94
2018-03-14 20:00:00,0.0,0.0,30.1,58.41,2.1
2018-03-14 21:00:00,0.0,0.0,29.44,61.3,2.2
2018-03-14 22:00:00,0.0,0.0,28.9,63.84,2.35
2018-03-14 23:00:00,0.0,0.0,28.48,65.84,2.56
2018-03-15 00:00:00,0.0,0.0,28.03,68.07,2.64
2018-03-15 01:00:00,0.0,0.0,27.54,70.64,2.58
2018-03-15 02:00:00,0.0,0.0,27.23,72.49,2.57
2018-03-15 03:00:00,0.0,0.0,27.14,73.38,2.72
2018-03-15 04:00:00,0.0,0.0,26.96,74.69,2.58
2018-03-15 05:00:00,0.0,0.0,26.76,75.92,2.36
2018-03-15 06:00:00,30.23,31.1,26.98,75.21,2.67
2018-03-15 07:00:00,210.45,220.88,29.28,63.92,3.73
2018-03-15 08:00:00,454.75,456.7,32.01,51.76,4.16
2018-03-15 09:00:00,644.35,682.75,34.06,44.78,3.66
2018-03-15 10:00:00,821.15,848.0,35.56,40.52,3.01
2018-03-15 11:00:00,920.08,941.28,36.62,37.61,2.49
2018-03-15 12:00:00,876.83,955.35,37.18,35.82,2.28
2018-03-15 13:00:00,837.55,888.83,37.5,34.56,2.45
2018-03-15 14:00:00,667.47,748.03,37.41,34.05,2.77
2018-03-15 15:00:00,472.52,546.22,36.82,34.55,3.13
2018-03-15 16:00:00,247.43,307.85,35.77,36.44,3.43
2018-03-15 17:00:00,75.12,87.82,34.15,41.1,3.16
2018-03-15 18:00:00,0.0,0.0,32.16,48.13,3.15
2018-03-15 19:00:00,0.0,0.0,31.15,52.11,3.85
2018-03-15 20:00:00,0.0,0.0,30.21,56.44,3.91
2018-03-15 21:00:00,0.0,0.0,29.51,59.69,3.69
2018-03-15 22:00:00,0.0,0.0,28.96,62.17,3.45
2018-03-15 23:00:00,0.0,0.0,28.47,64.3,3.17
2018-03-16 00:00:00,0.0,0.0,28.0,66.32,2.98
2018-03-16 01:00:00,0.0,0.0,27.56,68.45,2.81
2018-03-16 02:00:00,0.0,0.0,27.16,70.73,2.62
2018-03-16 03:00:00,0.0,0.0,26.79,73.15,2.52
2018-03-16 04:00:00,0.0,0.0,26.47,75.68,2.47
2018-03-16 05:00:00,0.0,0.0,26.21,78.2,2.58
2018-03-16 06:00:00,13.73,31.77,26.55,78.07,3.37
2018-03-16 07:00:00,102.3,222.62,28.55,69.67,4.73
2018-03-16 08:00:00,171.38,462.12,31.08,57.92,4.97
2018-03-16 09:00:00,291.35,678.58,33.21,49.49,4.33
2018-03-16 10:00:00,509.25,841.72,34.72,44.37,3.61
2018-03-16 11:00:00,600.92,933.78,35.41,41.84,3.03
2018-03-16 12:00:00,647.28,869.88,35.89,40.1,2.59
2018-03-16 13:00:00,689.92,805.62,35.86,39.55,2.28
2018-03-16 14:00:00,580.0,669.08,35.42,40.12,2.2
2018-03-16 15:00:00,404.48,478.98,34.63,41.74,2.27
2018-03-16 16:00:00,231.3,259.8,33.87,43.7,2.29
2018-03-16 17:00:00,61.88,70.53,32.58,50.71,1.59
2018-03-16 18:00:00,0.0,0.0,31.38,55.12,1.72
2018-03-16 19:00:00,0.0,0.0,30.88,55.99,2.21
2018-03-16 20:00:00,0.0,0.0,30.37,57.86,2.54
2018-03-16 21:00:00,0.0,0.0,29.89,60.17,2.73
2018-03-16 22:00:00,0.0,0.0,29.41,62.52,2.86
2018-03-16 23:00:00,0.0,0.0,28.99,64.57,3.02
2018-03-17 00:00:00,0.0,0.0,28.59,66.6,3.05
2018-03-17 01:00:00,0.0,0.0,28.15,68.85,2.8
2018-03-17 02:00:00,0.0,0.0,27.74,70.9,2.56
2018-03-17 03:00:00,0.0,0.0,27.38,72.62,2.4
2018-03-17 04:00:00,0.0,0.0,27.04,74.3,2.16
2018-03-17 05:00:00,0.0,0.0,26.64,76.6,1.74
2018-03-17 06:00:00,26.55,29.42,27.0,75.16,2.27
2018-03-17 07:00:00,156.35,202.6,28.83,66.06,3.66
2018-03-17 08:00:00,322.5,432.45,30.94,56.65,4.0
2018-03-17 09:00:00,500.73,646.17,32.86,49.63,3.44
2018-03-17 10:00:00,642.83,808.22,34.46,44.26,2.76
2018-03-17 11:00:00,780.3,899.35,35.65,40.04,2.16
2018-03-17 12:00:00,824.97,913.1,36.5,36.88,1.79
2018-03-17 13:00:00,781.45,846.22,36.93,34.9,1.8
2018-03-17 14:00:00,633.45,702.97,36.79,34.16,2.28
2018-03-17 15:00:00,447.4,501.08,35.95,35.23,2.94
2018-03-17 16:00:00,239.2,269.92,34.59,38.41,3.59
2018-03-17 17:00:00,70.03,74.03,33.01,43.81,3.94
2018-03-17 18:00:00,0.0,0.0,31.33,50.73,4.44
2018-03-17 19:00:00,0.0,0.0,30.29,56.1,4.72
2018-03-17 20:00:00,0.0,0.0,29.57,60.14,4.46
2018-03-17 21:00:00,0.0,0.0,29.04,63.24,3.93
2018-03-17 22:00:00,0.0,0.0,28.58,65.88,3.55
2018-03-17 23:00:00,0.0,0.0,28.08,68.73,3.21
2018-03-18 00:00:00,0.0,0.0,27.63,71.13,3.14
2018-03-18 01:00:00,0.0,0.0,27.18,73.48,3.11
2018-03-18 02:00:00,0.0,0.0,26.77,75.82,3.04
2018-03-18 03:00:00,0.0,0.0,26.39,78.07,2.91
2018-03-18 04:00:00,0.0,0.0,26.05,80.19,2.82
2018-03-18 05:00:00,0.0,0.0,25.76,81.81,2.83
2018-03-18 06:00:00,29.5,31.4,25.9,80.68,3.28
2018-03-18 07:00:00,175.85,209.85,27.17,71.49,4.3
2018-03-18 08:00:00,383.65,446.08,28.99,59.92,4.8
2018-03-18 09:00:00,599.45,664.38,30.74,51.93,4.68
2018-03-18 10:00:00,771.6,830.15,32.42,46.26,4.24
2018-03-18 11:00:00,828.7,924.72,33.8,42.33,3.71
2018-03-18 12:00:00,833.03,960.92,34.67,40.08,3.17
2018-03-18 13:00:00,796.08,895.12,35.04,39.01,2.76
2018-03-18 14:00:00,621.53,752.05,34.92,38.95,2.48
2018-03-18 15:00:00,440.52,550.67,34.53,39.47,2.29
2018-03-18 16:00:00,218.82,311.62,34.01,40.49,2.05
2018-03-18 17:00:00,67.6,89.18,32.7,49.18,1.15
2018-03-18 18:00:00,0.0,0.0,30.74,60.64,0.76
2018-03-18 19:00:00,0.0,0.0,30.09,61.08,0.83
2018-03-18 20:00:00,0.0,0.0,29.46,61.7,0.94
2018-03-18 21:00:00,0.0,0.0,28.78,62.34,1.1
2018-03-18 22:00:00,0.0,0.0,28.2,63.0,1.41
2018-03-18 23:00:00,0.0,0.0,27.75,63.35,1.94
2018-03-19 00:00:00,0.0,0.0,27.34,64.76,2.7
2018-03-19 01:00:00,0.0,0.0,26.81,67.77,3.23
2018-03-19 02:00:00,0.0,0.0,26.24,71.25,3.31
2018-03-19 03:00:00,0.0,0.0,25.81,73.55,3.19
2018-03-19 04:00:00,0.0,0.0,25.43,75.11,2.96
2018-03-19 05:00:00,0.0,0.0,25.16,75.74,2.78
2018-03-19 06:00:00,29.65,33.75,25.63,72.85,3.47
2018-03-19 07:00:00,196.3,218.0,27.86,62.18,4.28
2018-03-19 08:00:00,424.77,451.75,30.3,53.01,4.83
2018-03-19 09:00:00,648.55,655.17,32.81,45.76,4.64
2018-03-19 10:00:00,816.05,825.95,34.74,40.67,3.96
2018-03-19 11:00:00,894.88,921.62,36.03,37.18,3.34
2018-03-19 12:00:00,930.92,931.12,37.04,34.31,3.04
2018-03-19 13:00:00,868.6,872.38,37.7,32.2,2.99
2018-03-19 14:00:00,699.05,732.92,37.99,31.04,3.16
2018-03-19 15:00:00,486.42,532.42,37.52,31.18,3.39
2018-03-19 16:00:00,253.38,297.5,36.44,32.64,3.63
2018-03-19 17:00:00,72.38,85.3,34.63,36.96,3.29
2018-03-19 18:00:00,0.0,0.0,32.2,44.78,3.03
2018-03-19 19:00:00,0.0,0.0,31.39,47.88,3.96
2018-03-19 20:00:00,0.0,0.0,30.49,52.58,4.16
2018-03-19 21:00:00,0.0,0.0,29.75,57.21,4.23
2018-03-19 22:00:00,0.0,0.0,29.14,61.24,4.32
2018-03-19 23:00:00,0.0,0.0,28.61,64.65,4.46
2018-03-20 00:00:00,0.0,0.0,28.12,67.51,4.61
2018-03-20 01:00:00,0.0,0.0,27.63,70.02,4.38
2018-03-20 02:00:00,0.0,0.0,27.16,72.33,3.9
2018-03-20 03:00:00,0.0,0.0,26.68,74.8,3.11
2018-03-20 04:00:00,0.0,0.0,26.23,76.96,2.51
2018-03-20 05:00:00,0.0,0.0,25.85,78.8,2.17
2018-03-20 06:00:00,34.55,39.97,26.32,76.6,2.85
2018-03-20 07:00:00,230.3,252.68,28.87,64.35,4.65
2018-03-20 08:00:00,495.65,497.33,31.56,53.35,5.11
2018-03-20 09:00:00,716.67,717.42,33.35,46.92,4.63
2018-03-20 10:00:00,831.97,883.5,34.8,41.78,4.12
2018-03-20 11:00:00,929.83,974.65,36.1,37.42,3.68
2018-03-20 12:00:00,906.38,979.7,37.02,34.17,3.27
2018-03-20 13:00:00,860.03,911.55,37.44,32.18,2.91
2018-03-20 14:00:00,711.38,768.92,37.66,30.81,2.71
2018-03-20 15:00:00,535.15,565.17,37.45,30.48,2.65
2018-03-20 16:00:00,292.1,323.7,36.83,31.17,2.7
2018-03-20 17:00:00,83.38,94.22,34.93,38.08,1.78
2018-03-20 18:00:00,0.0,0.0,32.44,46.49,1.71
2018-03-20 19:00:00,0.0,0.0,31.75,47.69,2.49
2018-03-20 20:00:00,0.0,0.0,30.97,50.49,3.14
2018-03-20 21:00:00,0.0,0.0,30.16,54.23,3.4
2018-03-20 22:00:00,0.0,0.0,29.5,57.78,3.53
2018-03-20 23:00:00,0.0,0.0,28.95,60.76,3.52
2018-03-21 00:00:00,0.0,0.0,28.5,63.18,3.55
2018-03-21 01:00:00,0.0,0.0,28.03,65.5,3.52
2018-03-21 02:00:00,0.0,0.0,27.51,68.04,3.55
2018-03-21 03:00:00,0.0,0.0,26.85,71.75,3.39
2018-03-21 04:00:00,0.0,0.0,26.25,75.63,3.21
2018-03-21 05:00:00,0.0,0.0,25.78,79.12,3.16
2018-03-21 06:00:00,36.0,37.95,25.9,79.84,3.61
2018-03-21 07:00:00,224.88,237.8,27.79,71.13,4.97
2018-03-21 08:00:00,474.17,478.7,30.18,59.83,5.63
2018-03-21 09:00:00,688.17,690.72,32.31,51.46,5.31
2018-03-21 10:00:00,802.6,854.28,33.97,46.19,4.67
2018-03-21 11:00:00,942.7,943.12,35.02,43.17,4.06
2018-03-21 12:00:00,892.8,893.22,35.61,41.32,3.61
2018-03-21 13:00:00,773.6,825.7,35.8,40.26,3.25
2018-03-21 14:00:00,631.7,683.88,35.41,40.57,2.94
2018-03-21 15:00:00,428.88,486.42,34.53,42.59,2.63
2018-03-21 16:00:00,189.62,262.55,33.48,48.91,1.97
2018-03-21 17:00:00,50.88,72.57,31.75,60.19,1.61
2018-03-21 18:00:00,0.0,0.0,30.45,63.62,2.14
2018-03-21 19:00:00,0.0,0.0,29.79,65.24,3.14
2018-03-21 20:00:00,0.0,0.0,29.04,69.01,3.92
2018-03-21 21:00:00,0.0,0.0,28.38,72.84,4.29
2018-03-21 22:00:00,0.0,0.0,27.84,76.1,4.2
2018-03-21 23:00:00,0.0,0.0,27.33,79.4,3.92
2018-03-22 00:00:00,0.0,0.0,26.86,82.21,3.79
2018-03-22 01:00:00,0.0,0.0,26.46,84.53,3.47
2018-03-22 02:00:00,0.0,0.0,26.17,86.2,2.89
2018-03-22 03:00:00,0.0,0.0,25.98,87.16,2.34
2018-03-22 04:00:00,0.0,0.0,25.99,85.79,2.45
2018-03-22 05:00:00,0.0,0.0,25.95,85.35,2.45
2018-03-22 06:00:00,27.65,33.22,26.05,84.64,2.36
2018-03-22 07:00:00,166.48,206.07,27.27,77.21,3.04
2018-03-22 08:00:00,392.35,436.38,29.18,66.59,3.66
2018-03-22 09:00:00,530.6,651.38,30.97,58.18,3.82
2018-03-22 10:00:00,708.88,817.58,32.34,52.03,3.68
2018-03-22 11:00:00,778.45,908.08,33.33,47.49,3.55
2018-03-22 12:00:00,880.15,966.33,34.1,44.03,3.43
2018-03-22 13:00:00,788.88,899.78,34.37,42.31,3.24
2018-03-22 14:00:00,603.5,757.0,34.02,42.42,3.05
2018-03-22 15:00:00,467.08,553.97,33.56,43.22,2.86
2018-03-22 16:00:00,267.55,313.85,32.82,46.98,2.22
2018-03-22 17:00:00,77.2,89.38,31.2,59.38,1.19
2018-03-22 18:00:00,0.0,0.0,29.73,65.75,1.07
2018-03-22 19:00:00,0.0,0.0,29.24,67.71,1.07
2018-03-22 20:00:00,0.0,0.0,28.78,70.0,1.04
2018-03-22 21:00:00,0.0,0.0,28.3,72.37,0.98
2018-03-22 22:00:00,0.0,0.0,27.78,74.59,0.9
2018-03-22 23:00:00,0.0,0.0,27.34,76.34,0.8
2018-03-23 00:00:00,0.0,0.0,26.94,77.73,0.73
2018-03-23 01:00:00,0.0,0.0,26.51,79.44,0.68
2018-03-23 02:00:00,0.0,0.0,26.09,81.17,0.64
2018-03-23 03:00:00,0.0,0.0,25.77,82.34,0.69
2018-03-23 04:00:00,0.0,0.0,25.48,83.35,0.81
2018-03-23 05:00:00,0.0,0.0,25.13,85.04,0.84
2018-03-23 06:00:00,34.88,37.9,25.64,82.7,1.29
2018-03-23 07:00:00,189.7,229.2,27.97,70.3,1.94
2018-03-23 08:00:00,398.08,464.55,30.26,60.09,2.74
2018-03-23 09:00:00,590.28,693.0,31.67,54.51,2.97
2018-03-23 10:00:00,817.65,851.53,32.54,50.5,2.8
2018-03-23 11:00:00,871.62,936.58,32.89,48.01,2.5
2018-03-23 12:00:00,793.88,921.03,33.2,45.91,2.12
2018-03-23 13:00:00,314.75,848.95,33.36,44.3,1.81
2018-03-23 14:00:00,394.17,702.12,33.21,43.64,1.56
2018-03-23 15:00:00,292.7,498.55,32.97,43.54,1.38
2018-03-23 16:00:00,158.77,269.5,32.4,44.99,1.32
2018-03-23 17:00:00,48.2,72.65,31.19,53.91,0.95
2018-03-23 18:00:00,0.0,0.0,29.54,68.16,0.82
2018-03-23 19:00:00,0.0,0.0,28.85,68.78,1.15
2018-03-23 20:00:00,0.0,0.0,28.26,70.36,1.48
2018-03-23 21:00:00,0.0,0.0,27.69,73.02,1.81
2018-03-23 22:00:00,0.0,0.0,27.08,76.43,2.28
2018-03-23 23:00:00,0.0,0.0,26.43,80.74,2.62
2018-03-24 00:00:00,0.0,0.0,25.86,84.81,2.56
2018-03-24 01:00:00,0.0,0.0,25.44,87.95,2.17
2018-03-24 02:00:00,0.0,0.0,25.1,90.27,1.47
2018-03-24 03:00:00,0.0,0.0,24.8,92.5,0.64
2018-03-24 04:00:00,0.0,0.0,24.58,93.89,0.3
2018-03-24 05:00:00,0.0,0.0,24.5,94.04,0.15
2018-03-24 06:00:00,30.52,32.4,24.88,91.65,0.34
2018-03-24 07:00:00,164.23,194.9,26.61,78.57,0.72
2018-03-24 08:00:00,349.77,418.92,28.33,68.05,0.18
2018-03-24 09:00:00,524.65,633.17,29.91,58.2,0.89
2018-03-24 10:00:00,711.33,794.75,31.18,50.91,1.32
2018-03-24 11:00:00,816.22,889.65,32.26,44.93,1.64
2018-03-24 12:00:00,721.72,899.45,33.23,39.56,2.03
2018-03-24 13:00:00,696.95,828.75,33.79,35.14,2.33
2018-03-24 14:00:00,546.12,682.25,33.65,32.33,2.49
2018-03-24 15:00:00,362.73,477.6,33.07,30.81,2.58
2018-03-24 16:00:00,194.75,250.27,31.97,32.58,2.19
2018-03-24 17:00:00,60.12,65.6,29.58,42.86,1.38
2018-03-24 18:00:00,0.0,0.0,27.61,45.02,1.39
2018-03-24 19:00:00,0.0,0.0,26.74,42.61,1.42
2018-03-24 20:00:00,0.0,0.0,25.76,41.55,1.33
2018-03-24 21:00:00,0.0,0.0,25.22,40.75,1.24
2018-03-24 22:00:00,0.0,0.0,24.91,40.41,1.13
2018-03-24 23:00:00,0.0,0.0,25.06,39.1,1.02
2018-03-25 00:00:00,0.0,0.0,25.39,35.59,0.91
2018-03-25 01:00:00,0.0,0.0,25.17,34.46,0.85
2018-03-25 02:00:00,0.0,0.0,24.08,39.14,0.93
2018-03-25 03:00:00,0.0,0.0,22.83,44.92,0.95
2018-03-25 04:00:00,0.0,0.0,21.57,46.75,1.04
2018-03-25 05:00:00,0.0,0.0,20.75,48.74,1.06
2018-03-25 06:00:00,31.27,31.17,21.24,49.76,1.02
2018-03-25 07:00:00,172.55,173.93,24.06,31.35,2.27
2018-03-25 08:00:00,386.08,390.7,27.08,24.49,2.18
2018-03-25 09:00:00,605.72,612.8,31.41,13.32,2.77
2018-03-25 10:00:00,788.6,790.1,33.65,10.13,3.04
2018-03-25 11:00:00,896.92,899.0,34.78,9.13,3.06
2018-03-25 12:00:00,916.88,919.22,35.39,8.63,3.03
2018-03-25 13:00:00,837.28,839.65,35.8,8.35,3.0
2018-03-25 14:00:00,672.17,680.53,35.83,8.33,2.93
2018-03-25 15:00:00,444.4,465.4,35.48,8.62,2.82
2018-03-25 16:00:00,220.45,235.07,34.34,11.69,2.27
2018-03-25 17:00:00,64.18,64.05,30.9,28.64,1.11
2018-03-25 18:00:00,0.0,0.0,28.52,31.73,1.19
2018-03-25 19:00:00,0.0,0.0,28.33,30.76,1.14
2018-03-25 20:00:00,0.0,0.0,27.9,30.18,1.1
2018-03-25 21:00:00,0.0,0.0,27.05,30.23,1.15
2018-03-25 22:00:00,0.0,0.0,26.55,29.85,1.15
2018-03-25 23:00:00,0.0,0.0,26.47,28.7,1.1
2018-03-26 00:00:00,0.0,0.0,26.39,27.71,1.01
2018-03-26 01:00:00,0.0,0.0,26.1,27.61,0.92
2018-03-26 02:00:00,0.0,0.0,25.36,29.14,0.9
2018-03-26 03:00:00,0.0,0.0,24.08,32.98,0.93
2018-03-26 04:00:00,0.0,0.0,22.75,37.64,1.0
2018-03-26 05:00:00,0.0,0.0,21.6,42.97,1.09
2018-03-26 06:00:00,35.33,35.38,21.61,48.43,1.05
2018-03-26 07:00:00,223.68,223.98,24.09,34.07,1.94
2018-03-26 08:00:00,414.38,414.73,27.19,25.06,1.52
2018-03-26 09:00:00,625.47,625.8,31.63,15.08,1.11
2018-03-26 10:00:00,803.17,803.35,34.7,11.42,1.1
2018-03-26 11:00:00,864.08,891.83,36.7,9.94,1.45
2018-03-26 12:00:00,920.6,955.7,38.18,9.35,1.68
2018-03-26 13:00:00,865.88,880.6,38.96,9.27,1.8
2018-03-26 14:00:00,726.05,728.35,38.99,9.54,1.85
2018-03-26 15:00:00,489.48,517.12,38.1,10.27,1.85
2018-03-26 16:00:00,243.7,275.1,36.81,12.67,1.52
2018-03-26 17:00:00,66.05,74.75,34.05,26.73,0.88
2018-03-26 18:00:00,0.0,0.0,31.83,30.41,1.14
2018-03-26 19:00:00,0.0,0.0,30.61,30.94,1.3
2018-03-26 20:00:00,0.0,0.0,29.67,31.78,1.33
2018-03-26 21:00:00,0.0,0.0,28.89,33.49,1.22
2018-03-26 22:00:00,0.0,0.0,28.16,35.02,1.19
2018-03-26 23:00:00,0.0,0.0,27.38,36.24,1.27
2018-03-27 00:00:00,0.0,0.0,26.58,38.27,1.39
2018-03-27 01:00:00,0.0,0.0,25.86,42.17,1.5
2018-03-27 02:00:00,0.0,0.0,25.11,48.86,1.51
2018-03-27 03:00:00,0.0,0.0,24.23,58.1,1.24
2018-03-27 04:00:00,0.0,0.0,23.28,67.16,0.88
2018-03-27 05:00:00,0.0,0.0,22.66,74.73,0.71
2018-03-27 06:00:00,34.05,39.03,23.28,74.07,0.83
2018-03-27 07:00:00,193.73,219.18,25.87,60.71,1.54
2018-03-27 08:00:00,446.67,454.27,30.06,38.56,2.16
2018-03-27 09:00:00,667.17,673.28,33.81,23.84,2.59
2018-03-27 10:00:00,818.92,840.35,36.46,17.15,2.66
2018-03-27 11:00:00,925.2,932.95,38.47,13.13,2.62
2018-03-27 12:00:00,882.75,885.83,39.74,10.9,2.58
2018-03-27 13:00:00,775.75,825.95,40.4,9.74,2.58
2018-03-27 14:00:00,663.65,691.22,40.48,9.35,2.59
2018-03-27 15:00:00,430.27,499.17,39.99,9.57,2.55
2018-03-27 16:00:00,220.23,274.08,38.91,10.6,2.35
2018-03-27 17:00:00,66.35,76.18,35.48,23.93,1.0
2018-03-27 18:00:00,0.0,0.0,33.18,27.93,1.06
2018-03-27 19:00:00,0.0,0.0,32.84,27.55,0.97
2018-03-27 20:00:00,0.0,0.0,32.35,28.14,0.81
2018-03-27 21:00:00,0.0,0.0,31.27,30.96,0.95
2018-03-27 22:00:00,0.0,0.0,29.53,37.4,1.15
2018-03-27 23:00:00,0.0,0.0,28.4,42.23,1.58
2018-03-28 00:00:00,0.0,0.0,27.58,50.86,2.35
2018-03-28 01:00:00,0.0,0.0,26.75,61.71,2.8
2018-03-28 02:00:00,0.0,0.0,26.04,70.68,2.68
2018-03-28 03:00:00,0.0,0.0,25.36,77.26,2.31
2018-03-28 04:00:00,0.0,0.0,24.66,82.58,1.87
2018-03-28 05:00:00,0.0,0.0,24.22,85.95,1.6
2018-03-28 06:00:00,37.72,38.85,24.71,83.91,2.2
2018-03-28 07:00:00,198.35,216.9,27.26,69.31,2.94
2018-03-28 08:00:00,420.08,448.95,30.71,52.4,3.36
2018-03-28 09:00:00,621.53,663.78,33.84,40.47,3.17
2018-03-28 10:00:00,783.53,826.35,36.39,32.27,2.6
2018-03-28 11:00:00,869.9,915.53,38.3,26.92,1.95
2018-03-28 12:00:00,796.55,828.95,39.51,23.54,1.5
2018-03-28 13:00:00,734.0,749.28,39.94,21.81,1.63
2018-03-28 14:00:00,590.4,601.28,39.74,21.44,2.08
2018-03-28 15:00:00,396.52,406.42,38.98,22.17,2.54
2018-03-28 16:00:00,188.98,203.73,37.91,23.85,2.96
2018-03-28 17:00:00,51.7,55.35,36.0,28.78,2.68
2018-03-28 18:00:00,0.0,0.0,33.93,35.34,3.37
2018-03-28 19:00:00,0.0,0.0,32.73,41.4,4.37
2018-03-28 20:00:00,0.0,0.0,31.72,47.41,4.46
2018-03-28 21:00:00,0.0,0.0,31.05,51.74,4.17
2018-03-28 22:00:00,0.0,0.0,30.51,55.07,3.87
2018-03-28 23:00:00,0.0,0.0,29.98,57.96,3.77
2018-03-29 00:00:00,0.0,0.0,29.46,60.51,3.75
2018-03-29 01:00:00,0.0,0.0,28.92,63.13,3.74
2018-03-29 02:00:00,0.0,0.0,28.36,66.0,3.66
2018-03-29 03:00:00,0.0,0.0,27.77,69.35,3.51
2018-03-29 04:00:00,0.0,0.0,27.22,72.89,3.04
2018-03-29 05:00:00,0.0,0.0,26.81,75.92,2.74
2018-03-29 06:00:00,30.5,32.55,26.84,77.08,3.14
2018-03-29 07:00:00,162.68,172.82,27.94,72.28,4.06
2018-03-29 08:00:00,360.83,374.35,29.6,63.87,4.4
2018-03-29 09:00:00,567.85,573.45,31.42,55.73,4.14
2018-03-29 10:00:00,726.22,729.55,33.27,48.54,3.46
2018-03-29 11:00:00,812.9,822.05,34.81,42.87,2.65
2018-03-29 12:00:00,936.53,936.88,36.04,38.47,1.9
2018-03-29 13:00:00,844.6,858.08,37.02,35.04,1.59
2018-03-29 14:00:00,697.65,707.67,37.52,32.85,1.89
2018-03-29 15:00:00,478.3,500.75,37.32,32.29,2.41
2018-03-29 16:00:00,239.65,268.1,36.42,33.51,3.01
2018-03-29 17:00:00,64.7,72.68,34.86,37.27,3.22
2018-03-29 18:00:00,0.0,0.0,32.79,44.78,3.39
2018-03-29 19:00:00,0.0,0.0,31.38,52.51,4.25
2018-03-29 20:00:00,0.0,0.0,30.19,60.75,4.39
2018-03-29 21:00:00,0.0,0.0,29.44,66.42,3.9
2018-03-29 22:00:00,0.0,0.0,28.97,69.28,3.43
2018-03-29 23:00:00,0.0,0.0,28.54,71.12,3.05
2018-03-30 00:00:00,0.0,0.0,28.05,73.08,2.88
2018-03-30 01:00:00,0.0,0.0,27.53,75.25,2.81
2018-03-30 02:00:00,0.0,0.0,27.04,77.37,2.69
2018-03-30 03:00:00,0.0,0.0,26.61,79.57,2.56
2018-03-30 04:00:00,0.0,0.0,26.22,82.05,2.47
2018-03-30 05:00:00,0.0,0.0,25.92,84.36,2.41
2018-03-30 06:00:00,39.7,38.95,26.22,83.27,2.73
2018-03-30 07:00:00,182.52,210.4,28.2,70.89,3.59
2018-03-30 08:00:00,382.58,436.92,30.36,59.63,3.75
2018-03-30 09:00:00,590.85,647.62,32.21,52.08,3.23
2018-03-30 10:00:00,772.95,807.17,33.71,46.73,2.68
2018-03-30 11:00:00,859.38,895.7,34.79,43.3,2.55
2018-03-30 12:00:00,824.67,874.12,35.26,41.63,2.63
2018-03-30 13:00:00,738.3,806.53,35.32,40.88,2.7
2018-03-30 14:00:00,553.75,662.25,35.15,40.51,2.7
2018-03-30 15:00:00,382.6,465.05,34.81,40.51,2.61
2018-03-30 16:00:00,197.77,245.62,34.31,41.07,2.43
2018-03-30 17:00:00,59.38,66.53,33.16,45.31,1.65
2018-03-30 18:00:00,0.0,0.0,31.57,51.37,1.72
2018-03-30 19:00:00,0.0,0.0,30.88,54.96,2.65
2018-03-30 20:00:00,0.0,0.0,30.02,60.12,3.04
2018-03-30 21:00:00,0.0,0.0,29.25,64.75,3.1
2018-03-30 22:00:00,0.0,0.0,28.63,68.45,3.04
2018-03-30 23:00:00,0.0,0.0,28.14,71.3,2.88
2018-03-31 00:00:00,0.0,0.0,27.76,73.2,2.59
2018-03-31 01:00:00,0.0,0.0,27.43,74.54,2.28
2018-03-31 02:00:00,0.0,0.0,27.1,75.78,2.07
2018-03-31 03:00:00,0.0,0.0,26.74,77.12,1.98
2018-03-31 04:00:00,0.0,0.0,26.38,78.52,1.93
2018-03-31 05:00:00,0.0,0.0,26.09,79.78,2.03
2018-03-31 06:00:00,30.23,37.7,26.36,78.52,2.61
2018-03-31 07:00:00,171.27,197.85,28.5,66.91,2.84
2018-03-31 08:00:00,394.27,397.73,31.35,52.68,2.72
2018-03-31 09:00:00,617.67,633.05,33.21,45.41,2.15
2018-03-31 10:00:00,778.45,788.05,34.95,38.84,1.56
2018-03-31 11:00:00,861.65,875.25,36.43,33.15,1.54
2018-03-31 12:00:00,670.88,746.65,37.45,29.16,1.87
2018-03-31 13:00:00,639.9,666.75,37.72,27.07,2.17
2018-03-31 14:00:00,459.65,521.53,37.69,26.14,2.42
2018-03-31 15:00:00,316.55,337.98,37.16,26.39,2.46
2018-03-31 16:00:00,145.38,160.35,36.24,27.91,2.27
2018-03-31 17:00:00,40.85,43.25,34.28,35.86,1.29
2018-03-31 18:00:00,0.0,0.0,32.64,40.43,1.6
2018-03-31 19:00:00,0.0,0.0,31.87,43.51,2.29
2018-03-31 20:00:00,0.0,0.0,30.92,48.82,2.55
2018-03-31 21:00:00,0.0,0.0,30.08,53.81,2.59
2018-03-31 22:00:00,0.0,0.0,29.48,57.31,2.61
2018-03-31 23:00:00,0.0,0.0,28.94,60.22,2.64
2018-04-01 00:00:00,0.0,0.0,28.36,63.18,2.59
2018-04-01 01:00:00,0.0,0.0,27.78,65.94,2.42
2018-04-01 02:00:00,0.0,0.0,27.35,68.1,2.25
2018-04-01 03:00:00,0.0,0.0,27.06,69.65,2.21
2018-04-01 04:00:00,0.0,0.0,26.88,70.85,2.3
2018-04-01 05:00:00,0.0,0.0,26.71,72.18,2.47
2018-04-01 06:00:00,15.98,20.98,26.98,71.52,2.97
2018-04-01 07:00:00,68.07,104.3,28.64,63.92,3.27
2018-04-01 08:00:00,154.77,248.8,31.67,49.72,3.48
2018-04-01 09:00:00,274.62,412.3,34.37,39.47,3.08
2018-04-01 10:00:00,406.05,552.45,36.49,33.09,2.66
2018-04-01 11:00:00,453.65,635.2,38.18,28.26,2.42
2018-04-01 12:00:00,466.0,560.08,39.41,24.65,2.32
2018-04-01 13:00:00,394.67,502.45,40.09,22.28,2.22
2018-04-01 14:00:00,276.35,391.02,40.23,21.01,2.18
2018-04-01 15:00:00,163.15,252.4,39.73,20.81,2.22
2018-04-01 16:00:00,80.2,122.1,38.88,21.44,2.22
2018-04-01 17:00:00,28.58,32.25,36.54,30.74,1.03
2018-04-01 18:00:00,0.0,0.0,34.39,37.24,0.87
2018-04-01 19:00:00,0.0,0.0,33.71,39.21,0.93
2018-04-01 20:00:00,0.0,0.0,32.75,42.0,1.14
2018-04-01 21:00:00,0.0,0.0,31.96,44.96,1.7
2018-04-01 22:00:00,0.0,0.0,31.37,49.52,2.87
2018-04-01 23:00:00,0.0,0.0,30.43,56.06,3.52
2018-04-02 00:00:00,0.0,0.0,29.42,62.33,3.42
2018-04-02 01:00:00,0.0,0.0,28.57,67.07,3.17
2018-04-02 02:00:00,0.0,0.0,27.93,70.5,2.89
2018-04-02 03:00:00,0.0,0.0,27.4,73.28,2.6
2018-04-02 04:00:00,0.0,0.0,26.98,75.26,2.44
2018-04-02 05:00:00,0.0,0.0,26.67,76.33,2.55
2018-04-02 06:00:00,19.42,22.77,26.85,74.91,3.09
2018-04-02 07:00:00,82.97,110.6,28.61,65.57,3.74
2018-04-02 08:00:00,163.43,232.1,30.99,55.09,4.19
2018-04-02 09:00:00,298.4,375.35,33.35,46.12,4.19
2018-04-02 10:00:00,419.85,496.15,35.36,39.52,3.89
2018-04-02 11:00:00,395.62,570.2,36.95,34.73,3.44
2018-04-02 12:00:00,558.38,587.35,38.14,31.42,2.94
2018-04-02 13:00:00,448.77,524.08,38.8,29.51,2.62
2018-04-02 14:00:00,336.38,407.95,38.87,28.92,2.59
2018-04-02 15:00:00,206.4,265.62,38.34,29.52,2.78
2018-04-02 16:00:00,102.72,130.2,37.36,31.23,3.02
2018-04-02 17:00:00,33.7,38.53,35.88,34.99,2.97
2018-04-02 18:00:00,0.0,0.0,33.93,41.42,3.26
2018-04-02 19:00:00,0.0,0.0,32.69,46.87,4.18
2018-04-02 20:00:00,0.0,0.0,31.58,52.36,4.43
2018-04-02 21:00:00,0.0,0.0,30.81,56.26,4.35
2018-04-02 22:00:00,0.0,0.0,30.2,58.9,4.06
2018-04-02 23:00:00,0.0,0.0,29.63,61.02,3.93
2018-04-03 00:00:00,0.0,0.0,29.07,63.05,3.8
2018-04-03 01:00:00,0.0,0.0,28.51,65.52,3.4
2018-04-03 02:00:00,0.0,0.0,27.98,68.07,3.08
2018-04-03 03:00:00,0.0,0.0,27.5,70.55,2.86
2018-04-03 04:00:00,0.0,0.0,27.06,72.94,2.66
2018-04-03 05:00:00,0.0,0.0,26.66,75.21,2.48
2018-04-03 06:00:00,26.38,28.88,26.75,75.13,3.04
2018-04-03 07:00:00,120.55,137.75,28.29,67.24,4.45
2018-04-03 08:00:00,237.32,284.17,30.72,55.41,4.92
2018-04-03 09:00:00,418.8,444.08,33.12,45.14,4.7
2018-04-03 10:00:00,551.15,579.85,35.29,37.5,4.2
2018-04-03 11:00:00,583.92,644.45,37.06,32.48,3.51
2018-04-03 12:00:00,702.35,753.42,38.04,29.8,2.81
2018-04-03 13:00:00,634.4,673.5,38.62,28.14,2.21
2018-04-03 14:00:00,519.83,579.95,38.78,27.31,1.82
2018-04-03 15:00:00,343.95,406.8,38.54,27.27,1.73
2018-04-03 16:00:00,177.18,207.05,37.86,28.12,1.98
2018-04-03 17:00:00,51.85,55.22,36.15,33.15,1.54
2018-04-03 18:00:00,0.0,0.0,33.96,38.71,2.02
2018-04-03 19:00:00,0.0,0.0,33.26,41.27,3.4
2018-04-03 20:00:00,0.0,0.0,32.1,46.98,4.05
2018-04-03 21:00:00,0.0,0.0,31.05,52.88,4.21
2018-04-03 22:00:00,0.0,0.0,30.33,57.17,4.04
2018-04-03 23:00:00,0.0,0.0,29.77,60.36,3.77
2018-04-04 00:00:00,0.0,0.0,29.26,63.08,3.6
2018-04-04 01:00:00,0.0,0.0,28.75,65.8,3.5
2018-04-04 02:00:00,0.0,0.0,28.27,68.44,3.37
2018-04-04 03:00:00,0.0,0.0,27.8,71.12,3.18
2018-04-04 04:00:00,0.0,0.0,27.37,73.51,2.95
2018-04-04 05:00:00,0.0,0.0,27.0,75.47,2.73
2018-04-04 06:00:00,30.75,32.6,27.18,74.64,2.98
2018-04-04 07:00:00,131.32,147.32,29.07,65.09,3.36
2018-04-04 08:00:00,294.27,317.67,31.7,52.92,3.47
2018-04-04 09:00:00,494.88,496.92,34.11,44.15,3.18
2018-04-04 10:00:00,628.08,634.67,35.96,38.79,2.57
2018-04-04 11:00:00,528.88,730.42,37.37,34.87,1.67
2018-04-04 12:00:00,759.55,762.28,38.58,31.77,0.67
2018-04-04 13:00:00,656.67,681.0,39.42,29.41,0.75
2018-04-04 14:00:00,525.38,554.08,39.72,28.06,1.56
2018-04-04 15:00:00,297.45,369.08,39.06,28.16,2.23
2018-04-04 16:00:00,157.75,192.98,38.17,28.98,2.77
2018-04-04 17:00:00,42.42,52.35,36.48,33.16,2.56
2018-04-04 18:00:00,0.0,0.0,34.23,40.46,3.1
2018-04-04 19:00:00,0.0,0.0,32.78,47.44,4.18
2018-04-04 20:00:00,0.0,0.0,31.36,55.86,4.34
2018-04-04 21:00:00,0.0,0.0,30.43,62.05,4.25
2018-04-04 22:00:00,0.0,0.0,29.81,65.91,4.09
2018-04-04 23:00:00,0.0,0.0,29.39,68.15,3.92
2018-04-05 00:00:00,0.0,0.0,29.07,69.65,3.7
2018-04-05 01:00:00,0.0,0.0,28.79,70.95,3.49
2018-04-05 02:00:00,0.0,0.0,28.53,72.25,3.35
2018-04-05 03:00:00,0.0,0.0,28.25,73.87,3.12
2018-04-05 04:00:00,0.0,0.0,27.93,75.86,2.65
2018-04-05 05:00:00,0.0,0.0,27.59,78.06,2.42
2018-04-05 06:00:00,32.47,37.72,27.53,78.79,2.62
2018-04-05 07:00:00,143.6,182.73,28.53,72.86,3.35
2018-04-05 08:00:00,282.73,384.05,30.13,63.92,3.97
2018-04-05 09:00:00,447.38,581.42,31.72,56.79,4.0
2018-04-05 10:00:00,617.15,733.08,32.79,52.57,3.7
2018-04-05 11:00:00,701.72,816.62,33.62,49.44,3.36
2018-04-05 12:00:00,857.88,933.9,33.93,47.91,3.04
2018-04-05 13:00:00,808.35,858.25,33.78,47.77,2.81
2018-04-05 14:00:00,663.15,709.47,33.4,48.5,2.68
2018-04-05 15:00:00,474.1,504.3,33.0,49.52,2.65
2018-04-05 16:00:00,242.98,272.45,32.3,51.83,2.58
2018-04-05 17:00:00,68.35,75.03,31.04,58.35,2.07
2018-04-05 18:00:00,0.0,0.0,29.55,65.99,1.79
2018-04-05 19:00:00,0.0,0.0,28.98,68.04,1.94
2018-04-05 20:00:00,0.0,0.0,28.51,69.83,1.94
2018-04-05 21:00:00,0.0,0.0,28.14,71.09,2.0
2018-04-05 22:00:00,0.0,0.0,27.84,71.97,2.24
2018-04-05 23:00:00,0.0,0.0,27.44,73.3,2.42
2018-04-06 00:00:00,0.0,0.0,26.99,75.03,2.5
2018-04-06 01:00:00,0.0,0.0,26.56,76.84,2.51
2018-04-06 02:00:00,0.0,0.0,26.16,78.78,2.44
2018-04-06 03:00:00,0.0,0.0,25.76,80.89,2.23
2018-04-06 04:00:00,0.0,0.0,25.4,82.96,1.95
2018-04-06 05:00:00,0.0,0.0,25.12,84.5,1.71
2018-04-06 06:00:00,47.28,47.9,25.52,82.67,2.29
2018-04-06 07:00:00,213.48,223.45,27.84,71.08,2.95
2018-04-06 08:00:00,432.8,448.95,30.89,56.91,3.42
2018-04-06 09:00:00,644.75,657.65,33.0,48.64,2.99
2018-04-06 10:00:00,808.3,812.6,34.7,42.72,2.49
2018-04-06 11:00:00,889.28,892.67,36.22,38.12,1.89
2018-04-06 12:00:00,936.97,940.25,37.42,34.95,1.32
2018-04-06 13:00:00,828.6,866.47,38.07,32.98,1.48
2018-04-06 14:00:00,691.03,717.3,37.93,32.54,2.2
2018-04-06 15:00:00,474.45,513.4,37.09,33.46,2.96
2018-04-06 16:00:00,237.45,277.52,35.75,36.02,3.58
2018-04-06 17:00:00,64.38,76.53,34.13,41.4,3.94
2018-04-06 18:00:00,0.0,0.0,32.14,49.95,4.47
2018-04-06 19:00:00,0.0,0.0,30.76,57.97,4.58
2018-04-06 20:00:00,0.0,0.0,29.8,64.04,4.2
2018-04-06 21:00:00,0.0,0.0,29.18,67.63,3.83
2018-04-06 22:00:00,0.0,0.0,28.64,70.37,3.66
2018-04-06 23:00:00,0.0,0.0,28.07,73.11,3.58
2018-04-07 00:00:00,0.0,0.0,27.51,75.95,3.52
2018-04-07 01:00:00,0.0,0.0,27.02,78.64,3.42
2018-04-07 02:00:00,0.0,0.0,26.57,81.3,3.24
2018-04-07 03:00:00,0.0,0.0,26.17,83.74,3.1
2018-04-07 04:00:00,0.0,0.0,25.84,85.76,2.96
2018-04-07 05:00:00,0.0,0.0,25.58,87.07,2.72
2018-04-07 06:00:00,48.85,51.67,25.87,84.95,3.11
2018-04-07 07:00:00,215.12,238.73,27.73,72.69,4.55
2018-04-07 08:00:00,430.17,471.0,30.33,58.71,5.25
2018-04-07 09:00:00,648.4,683.1,32.66,50.01,4.92
2018-04-07 10:00:00,833.38,841.75,34.63,44.07,4.26
2018-04-07 11:00:00,920.8,927.92,36.17,39.68,3.61
2018-04-07 12:00:00,895.4,896.3,37.28,36.65,3.02
2018-04-07 13:00:00,760.78,818.9,37.92,34.63,2.59
2018-04-07 14:00:00,655.1,656.58,37.81,34.17,2.43
2018-04-07 15:00:00,443.52,459.6,37.02,34.81,2.46
2018-04-07 16:00:00,210.7,237.8,36.19,35.69,2.68
2018-04-07 17:00:00,58.88,64.68,34.67,39.9,2.31
2018-04-07 18:00:00,0.0,0.0,32.67,47.15,2.37
2018-04-07 19:00:00,0.0,0.0,31.77,50.06,3.37
2018-04-07 20:00:00,0.0,0.0,30.7,54.69,3.69
2018-04-07 21:00:00,0.0,0.0,29.81,58.76,3.8
2018-04-07 22:00:00,0.0,0.0,29.08,62.38,3.91
2018-04-07 23:00:00,0.0,0.0,28.31,66.23,4.05
2018-04-08 00:00:00,0.0,0.0,27.55,70.09,4.14
2018-04-08 01:00:00,0.0,0.0,26.77,74.22,4.02
2018-04-08 02:00:00,0.0,0.0,26.05,78.02,3.65
2018-04-08 03:00:00,0.0,0.0,25.32,82.54,3.18
2018-04-08 04:00:00,0.0,0.0,24.68,87.79,2.51
2018-04-08 05:00:00,0.0,0.0,24.37,90.76,2.13
2018-04-08 06:00:00,46.88,50.45,24.6,90.04,2.49
2018-04-08 07:00:00,194.2,229.27,25.95,83.98,3.22
2018-04-08 08:00:00,393.35,457.95,28.17,71.83,4.38
2018-04-08 09:00:00,633.45,669.4,30.58,60.12,4.53
2018-04-08 10:00:00,808.47,828.05,32.43,52.96,3.93
2018-04-08 11:00:00,908.28,914.15,33.77,48.73,3.05
2018-04-08 12:00:00,896.9,900.3,34.64,45.87,2.21
2018-04-08 13:00:00,796.42,823.92,35.05,44.19,1.55
2018-04-08 14:00:00,663.0,664.95,34.92,43.91,1.02
2018-04-08 15:00:00,441.77,468.17,34.3,44.91,0.7
2018-04-08 16:00:00,210.95,244.25,33.48,47.11,0.77
2018-04-08 17:00:00,60.67,66.78,32.45,53.45,0.85
2018-04-08 18:00:00,0.0,0.0,30.74,69.06,0.74
2018-04-08 19:00:00,0.0,0.0,29.84,71.19,0.96
2018-04-08 20:00:00,0.0,0.0,29.29,69.97,1.26
2018-04-08 21:00:00,0.0,0.0,28.85,68.56,1.74
2018-04-08 22:00:00,0.0,0.0,28.42,68.08,2.4
2018-04-08 23:00:00,0.0,0.0,27.95,69.16,3.15
2018-04-09 00:00:00,0.0,0.0,27.39,71.98,3.56
2018-04-09 01:00:00,0.0,0.0,26.83,75.34,3.72
2018-04-09 02:00:00,0.0,0.0,26.4,78.2,3.69
2018-04-09 03:00:00,0.0,0.0,26.03,80.48,3.53
2018-04-09 04:00:00,0.0,0.0,25.74,82.14,3.34
2018-04-09 05:00:00,0.0,0.0,25.48,83.33,3.18
2018-04-09 06:00:00,33.2,49.67,25.68,82.09,3.52
2018-04-09 07:00:00,152.95,226.82,27.0,73.95,4.98
2018-04-09 08:00:00,311.15,452.48,28.69,65.53,5.44
2018-04-09 09:00:00,491.85,671.8,30.28,59.04,5.16
2018-04-09 10:00:00,730.83,821.3,31.52,54.65,4.64
2018-04-09 11:00:00,885.17,902.72,32.54,51.27,4.15
2018-04-09 12:00:00,919.15,949.3,33.2,48.99,3.67
2018-04-09 13:00:00,856.12,868.83,33.63,47.21,3.21
2018-04-09 14:00:00,692.95,708.97,33.73,46.19,2.74
2018-04-09 15:00:00,486.8,502.9,33.67,45.73,2.35
2018-04-09 16:00:00,257.4,269.08,32.91,47.25,1.95
2018-04-09 17:00:00,75.82,73.55,31.76,53.87,1.17
2018-04-09 18:00:00,0.0,0.0,30.14,68.25,0.62
2018-04-09 19:00:00,0.0,0.0,29.64,68.75,0.65
2018-04-09 20:00:00,0.0,0.0,29.2,69.3,0.7
2018-04-09 21:00:00,0.0,0.0,28.7,70.03,0.77
2018-04-09 22:00:00,0.0,0.0,28.12,70.93,0.87
2018-04-09 23:00:00,0.0,0.0,27.57,71.31,1.06
2018-04-10 00:00:00,0.0,0.0,27.17,71.3,1.41
2018-04-10 01:00:00,0.0,0.0,26.84,72.38,1.85
2018-04-10 02:00:00,0.0,0.0,26.44,75.12,2.16
2018-04-10 03:00:00,0.0,0.0,26.08,78.03,2.39
2018-04-10 04:00:00,0.0,0.0,25.7,80.6,2.48
2018-04-10 05:00:00,0.0,0.0,25.38,82.63,2.56
2018-04-10 06:00:00,30.5,51.33,25.34,82.83,2.89
2018-04-10 07:00:00,133.2,230.38,26.38,76.25,3.31
2018-04-10 08:00:00,270.88,453.92,28.26,64.29,3.94
2018-04-10 09:00:00,445.75,661.65,30.67,52.97,4.09
2018-04-10 10:00:00,701.78,816.53,32.34,47.49,3.73
2018-04-10 11:00:00,702.55,901.25,33.28,44.81,3.2
2018-04-10 12:00:00,842.97,925.6,33.55,43.77,2.61
2018-04-10 13:00:00,748.67,846.92,33.56,43.38,2.18
2018-04-10 14:00:00,524.05,698.75,33.36,43.66,2.09
2018-04-10 15:00:00,354.52,496.55,32.93,45.0,2.32
2018-04-10 16:00:00,187.1,272.7,31.9,50.17,2.45
2018-04-10 17:00:00,51.5,75.7,30.19,57.76,2.67
2018-04-10 18:00:00,0.0,0.0,28.79,63.17,3.31
2018-04-10 19:00:00,0.0,0.0,27.94,67.37,3.69
2018-04-10 20:00:00,0.0,0.0,27.26,71.48,3.56
2018-04-10 21:00:00,0.0,0.0,26.76,74.85,3.27
2018-04-10 22:00:00,0.0,0.0,26.37,77.51,2.93
2018-04-10 23:00:00,0.0,0.0,26.05,79.64,2.73
2018-04-11 00:00:00,0.0,0.0,25.74,81.53,2.63
2018-04-11 01:00:00,0.0,0.0,25.47,83.17,2.52
2018-04-11 02:00:00,0.0,0.0,25.2,84.68,2.34
2018-04-11 03:00:00,0.0,0.0,24.93,85.94,2.09
2018-04-11 04:00:00,0.0,0.0,24.76,86.54,1.92
2018-04-11 05:00:00,0.0,0.0,24.62,86.99,1.76
2018-04-11 06:00:00,60.55,61.28,24.92,85.17,2.17
2018-04-11 07:00:00,254.18,264.15,26.3,77.37,2.63
2018-04-11 08:00:00,491.38,503.85,28.15,67.03,3.09
2018-04-11 09:00:00,716.75,719.1,29.85,58.41,3.12
2018-04-11 10:00:00,876.58,877.28,31.61,49.48,2.85
2018-04-11 11:00:00,964.15,964.6,33.3,42.02,2.36
2018-04-11 12:00:00,1011.8,1012.08,34.81,36.93,1.75
2018-04-11 13:00:00,932.5,932.62,35.92,33.4,1.13
2018-04-11 14:00:00,602.65,662.29,36.62,30.9,0.71
2018-04-11 15:00:00,567.0,567.58,36.74,29.41,0.72
2018-04-11 16:00:00,316.8,320.35,36.17,29.77,1.06
2018-04-11 17:00:00,88.55,89.88,34.36,38.76,1.0
2018-04-11 18:00:00,0.0,0.0,31.01,53.64,1.13
2018-04-11 19:00:00,0.0,0.0,29.88,53.0,1.78
2018-04-11 20:00:00,0.0,0.0,29.3,55.03,2.84
2018-04-11 21:00:00,0.0,0.0,28.44,61.98,3.66
2018-04-11 22:00:00,0.0,0.0,27.56,68.6,3.57
2018-04-11 23:00:00,0.0,0.0,27.0,71.69,3.21
2018-04-12 00:00:00,0.0,0.0,26.53,73.49,2.75
2018-04-12 01:00:00,0.0,0.0,26.08,75.48,2.43
2018-04-12 02:00:00,0.0,0.0,25.67,77.7,2.33
2018-04-12 03:00:00,0.0,0.0,25.31,80.13,2.18
2018-04-12 04:00:00,0.0,0.0,25.11,81.52,2.24
2018-04-12 05:00:00,0.0,0.0,24.92,82.49,2.35
2018-04-12 06:00:00,61.67,65.28,25.44,79.21,3.25
2018-04-12 07:00:00,256.95,277.35,27.58,68.01,4.29
2018-04-12 08:00:00,503.8,520.83,30.27,56.45,4.67
2018-04-12 09:00:00,696.72,734.0,32.51,48.23,4.36
2018-04-12 10:00:00,820.22,890.83,34.36,42.53,3.89
2018-04-12 11:00:00,923.53,969.83,35.73,38.92,3.4
2018-04-12 12:00:00,900.35,924.22,36.53,36.95,2.96
2018-04-12 13:00:00,819.7,852.4,36.83,36.21,2.63
2018-04-12 14:00:00,642.55,704.2,36.44,36.87,2.43
2018-04-12 15:00:00,444.7,500.2,35.89,37.91,2.3
2018-04-12 16:00:00,239.95,269.92,34.97,39.91,2.26
2018-04-12 17:00:00,67.18,72.93,33.6,46.48,1.64
2018-04-12 18:00:00,0.0,0.0,31.41,56.89,1.27
2018-04-12 19:00:00,0.0,0.0,30.67,57.37,1.7
2018-04-12 20:00:00,0.0,0.0,30.08,58.35,2.18
2018-04-12 21:00:00,0.0,0.0,29.41,60.69,2.49
2018-04-12 22:00:00,0.0,0.0,28.65,64.14,2.54
2018-04-12 23:00:00,0.0,0.0,27.94,67.66,2.49
2018-04-13 00:00:00,0.0,0.0,27.35,70.91,2.54
2018-04-13 01:00:00,0.0,0.0,26.95,73.45,2.68
2018-04-13 02:00:00,0.0,0.0,26.62,75.62,2.78
2018-04-13 03:00:00,0.0,0.0,26.29,77.96,2.9
2018-04-13 04:00:00,0.0,0.0,25.93,80.59,2.92
2018-04-13 05:00:00,0.0,0.0,25.53,83.5,2.76
2018-04-13 06:00:00,61.12,62.28,25.74,83.65,3.12
2018-04-13 07:00:00,253.18,262.15,27.62,73.96,3.76
2018-04-13 08:00:00,492.3,500.23,30.35,59.95,4.34
2018-04-13 09:00:00,697.7,712.55,32.33,52.1,4.05
2018-04-13 10:00:00,842.88,870.28,33.88,47.64,3.5
2018-04-13 11:00:00,844.2,953.45,34.76,45.26,2.93
2018-04-13 12:00:00,839.15,925.17,35.22,43.89,2.48
2018-04-13 13:00:00,769.95,848.5,35.35,43.07,2.2
2018-04-13 14:00:00,590.75,698.35,34.97,43.49,2.12
2018-04-13 15:00:00,429.95,493.02,34.45,44.46,2.19
2018-04-13 16:00:00,216.8,262.6,33.67,46.49,2.19
2018-04-13 17:00:00,60.47,72.62,32.21,55.02,1.6
2018-04-13 18:00:00,0.0,0.0,30.17,66.31,1.42
2018-04-13 19:00:00,0.0,0.0,29.42,66.61,1.88
2018-04-13 20:00:00,0.0,0.0,28.95,67.24,2.33
2018-04-13 21:00:00,0.0,0.0,28.51,68.73,2.74
2018-04-13 22:00:00,0.0,0.0,27.99,71.39,2.92
2018-04-13 23:00:00,0.0,0.0,27.44,74.63,2.97
2018-04-14 00:00:00,0.0,0.0,26.94,77.77,2.94
2018-04-14 01:00:00,0.0,0.0,26.51,80.54,2.91
2018-04-14 02:00:00,0.0,0.0,26.17,82.98,2.93
2018-04-14 03:00:00,0.0,0.0,25.89,85.16,2.86
2018-04-14 04:00:00,0.0,0.0,25.68,86.96,2.76
2018-04-14 05:00:00,0.0,0.0,25.52,88.27,2.66
2018-04-14 06:00:00,58.0,65.7,25.8,87.15,2.99
2018-04-14 07:00:00,229.88,274.35,27.05,79.79,3.89
2018-04-14 08:00:00,433.23,511.12,28.56,70.86,4.67
2018-04-14 09:00:00,594.33,721.72,29.92,64.27,4.63
2018-04-14 10:00:00,754.15,875.2,30.96,59.96,4.28
2018-04-14 11:00:00,788.6,953.97,31.68,57.14,3.92
2018-04-14 12:00:00,743.62,943.97,32.11,55.32,3.59
2018-04-14 13:00:00,626.33,868.38,32.31,54.15,3.34
2018-04-14 14:00:00,477.77,721.05,32.25,53.84,3.13
2018-04-14 15:00:00,247.65,522.2,31.86,54.72,2.92
2018-04-14 16:00:00,124.53,288.38,31.32,56.98,2.54
2018-04-14 17:00:00,39.35,78.88,30.02,67.6,1.38
2018-04-14 18:00:00,0.0,0.0,28.63,76.4,0.99
2018-04-14 19:00:00,0.0,0.0,28.22,77.32,0.97
2018-04-14 20:00:00,0.0,0.0,27.89,77.92,0.94
2018-04-14 21:00:00,0.0,0.0,27.55,78.55,0.93
2018-04-14 22:00:00,0.0,0.0,27.17,79.25,0.95
2018-04-14 23:00:00,0.0,0.0,26.8,79.67,1.04
2018-04-15 00:00:00,0.0,0.0,26.41,80.01,1.23
2018-04-15 01:00:00,0.0,0.0,26.01,80.79,1.48
2018-04-15 02:00:00,0.0,0.0,25.65,82.0,1.77
2018-04-15 03:00:00,0.0,0.0,25.32,83.98,2.14
2018-04-15 04:00:00,0.0,0.0,24.99,86.76,2.46
2018-04-15 05:00:00,0.0,0.0,24.69,89.82,2.51
2018-04-15 06:00:00,62.1,66.78,25.12,88.93,2.92
2018-04-15 07:00:00,225.88,272.7,27.13,78.23,3.82
2018-04-15 08:00:00,445.6,510.33,29.58,64.93,4.24
2018-04-15 09:00:00,678.58,720.28,31.69,55.42,3.73
2018-04-15 10:00:00,843.0,876.17,33.17,49.92,2.99
2018-04-15 11:00:00,905.45,957.4,34.31,46.13,2.34
2018-04-15 12:00:00,938.03,961.88,35.04,43.65,1.8
2018-04-15 13:00:00,853.22,887.92,35.33,42.29,1.2
2018-04-15 14:00:00,696.05,741.85,35.27,41.75,0.56
2018-04-15 15:00:00,503.95,538.2,34.88,42.14,0.48
2018-04-15 16:00:00,271.67,302.1,34.18,43.78,1.11
2018-04-15 17:00:00,76.8,85.38,32.56,53.75,1.14
2018-04-15 18:00:00,0.0,0.0,30.25,66.69,1.21
2018-04-15 19:00:00,0.0,0.0,29.44,65.21,2.03
2018-04-15 20:00:00,0.0,0.0,28.79,66.88,3.02
2018-04-15 21:00:00,0.0,0.0,27.94,71.93,3.24
2018-04-15 22:00:00,0.0,0.0,27.3,76.1,3.06
2018-04-15 23:00:00,0.0,0.0,26.86,78.99,2.79
2018-04-16 00:00:00,0.0,0.0,26.54,81.07,2.65
2018-04-16 01:00:00,0.0,0.0,26.3,82.71,2.6
2018-04-16 02:00:00,0.0,0.0,26.1,84.06,2.52
2018-04-16 03:00:00,0.0,0.0,25.9,85.41,2.48
2018-04-16 04:00:00,0.0,0.0,25.68,86.87,2.42
2018-04-16 05:00:00,0.0,0.0,25.45,88.52,2.27
2018-04-16 06:00:00,71.32,74.47,25.79,87.12,2.53
2018-04-16 07:00:00,278.95,291.52,27.91,74.26,3.2
2018-04-16 08:00:00,526.1,528.62,30.56,60.27,3.43
2018-04-16 09:00:00,743.42,744.85,32.85,51.28,2.62
2018-04-16 10:00:00,887.08,899.75,34.59,45.61,1.48
2018-04-16 11:00:00,951.28,980.53,35.83,41.56,0.33
2018-04-16 12:00:00,956.75,983.35,36.9,37.51,0.59
2018-04-16 13:00:00,905.33,907.75,37.41,34.9,1.13
2018-04-16 14:00:00,753.45,761.45,37.48,33.59,1.4
2018-04-16 15:00:00,539.47,558.12,37.13,33.36,1.52
2018-04-16 16:00:00,289.98,319.48,36.32,34.4,1.63
2018-04-16 17:00:00,82.22,92.38,34.63,42.21,1.29
2018-04-16 18:00:00,0.0,0.0,31.79,56.11,1.12
2018-04-16 19:00:00,0.0,0.0,30.81,55.92,1.75
2018-04-16 20:00:00,0.0,0.0,30.02,58.25,2.59
2018-04-16 21:00:00,0.0,0.0,29.11,63.36,3.03
2018-04-16 22:00:00,0.0,0.0,28.33,68.17,2.97
2018-04-16 23:00:00,0.0,0.0,27.83,71.16,2.87
2018-04-17 00:00:00,0.0,0.0,27.42,73.27,2.8
2018-04-17 01:00:00,0.0,0.0,27.03,75.22,2.69
2018-04-17 02:00:00,0.0,0.0,26.64,77.24,2.51
2018-04-17 03:00:00,0.0,0.0,26.25,79.45,2.34
2018-04-17 04:00:00,0.0,0.0,25.82,81.85,2.07
2018-04-17 05:00:00,0.0,0.0,25.43,84.15,1.82
2018-04-17 06:00:00,72.45,79.85,25.99,81.64,2.43
2018-04-17 07:00:00,284.25,304.5,28.24,70.61,2.51
2018-04-17 08:00:00,540.4,543.85,31.66,53.97,2.52
2018-04-17 09:00:00,751.85,753.2,33.91,46.14,1.71
2018-04-17 10:00:00,871.08,907.25,35.77,40.68,1.19
2018-04-17 11:00:00,983.85,984.03,37.15,36.83,1.46
2018-04-17 12:00:00,977.75,980.17,38.05,34.35,1.92
2018-04-17 13:00:00,867.1,904.75,38.42,33.1,2.32
2018-04-17 14:00:00,719.4,754.8,38.15,33.26,2.73
2018-04-17 15:00:00,525.15,547.75,37.26,34.87,3.21
2018-04-17 16:00:00,269.85,307.62,35.93,38.19,3.68
2018-04-17 17:00:00,71.88,87.65,34.02,45.04,3.9
2018-04-17 18:00:00,0.0,0.0,31.78,55.12,4.17
2018-04-17 19:00:00,0.0,0.0,30.44,62.98,4.26
2018-04-17 20:00:00,0.0,0.0,29.67,67.85,3.92
2018-04-17 21:00:00,0.0,0.0,29.19,70.68,3.57
2018-04-17 22:00:00,0.0,0.0,28.79,72.81,3.3
2018-04-17 23:00:00,0.0,0.0,28.4,74.78,3.19
2018-04-18 00:00:00,0.0,0.0,28.02,76.73,3.12
2018-04-18 01:00:00,0.0,0.0,27.6,79.01,2.83
2018-04-18 02:00:00,0.0,0.0,27.12,81.71,2.45
2018-04-18 03:00:00,0.0,0.0,26.68,84.06,2.29
2018-04-18 04:00:00,0.0,0.0,26.27,86.29,2.17
2018-04-18 05:00:00,0.0,0.0,25.93,88.24,2.11
2018-04-18 06:00:00,77.45,78.9,26.22,86.84,2.62
2018-04-18 07:00:00,294.6,301.15,28.28,74.82,3.64
2018-04-18 08:00:00,536.88,540.85,30.73,62.8,3.91
2018-04-18 09:00:00,642.6,752.58,32.53,55.59,3.46
2018-04-18 10:00:00,782.1,905.12,33.91,50.73,2.93
2018-04-18 11:00:00,859.65,983.17,35.02,46.85,2.45
2018-04-18 12:00:00,941.38,942.3,35.71,44.15,2.13
2018-04-18 13:00:00,842.6,861.67,35.87,42.84,2.03
2018-04-18 14:00:00,688.78,708.72,35.49,43.13,2.1
2018-04-18 15:00:00,468.23,500.27,34.77,44.64,2.39
2018-04-18 16:00:00,226.1,267.38,33.66,48.12,2.82
2018-04-18 17:00:00,61.1,73.9,32.06,55.96,3.0
2018-04-18 18:00:00,0.0,0.0,30.2,65.24,3.31
2018-04-18 19:00:00,0.0,0.0,29.24,70.41,3.65
2018-04-18 20:00:00,0.0,0.0,28.57,74.03,3.5
2018-04-18 21:00:00,0.0,0.0,28.07,76.7,3.21
2018-04-18 22:00:00,0.0,0.0,27.65,78.78,2.93
2018-04-18 23:00:00,0.0,0.0,27.29,80.47,2.7
2018-04-19 00:00:00,0.0,0.0,26.96,81.95,2.52
2018-04-19 01:00:00,0.0,0.0,26.66,83.21,2.38
2018-04-19 02:00:00,0.0,0.0,26.33,84.8,2.28
2018-04-19 03:00:00,0.0,0.0,26.03,86.3,2.27
2018-04-19 04:00:00,0.0,0.0,25.72,87.87,2.23
2018-04-19 05:00:00,0.0,0.0,25.38,89.75,2.12
2018-04-19 06:00:00,67.3,70.5,25.73,88.46,2.58
2018-04-19 07:00:00,257.0,274.6,27.54,79.56,3.24
2018-04-19 08:00:00,495.55,511.25,29.94,67.05,3.78
2018-04-19 09:00:00,718.53,719.2,31.57,60.29,3.29
2018-04-19 10:00:00,802.12,873.65,32.58,56.43,2.74
2018-04-19 11:00:00,921.6,955.47,33.38,53.59,2.33
2018-04-19 12:00:00,962.85,964.28,33.89,51.66,2.02
2018-04-19 13:00:00,795.47,887.15,34.05,50.69,1.77
2018-04-19 14:00:00,728.47,738.67,33.65,51.03,1.59
2018-04-19 15:00:00,516.2,532.9,33.11,52.05,1.67
2018-04-19 16:00:00,261.02,295.67,32.48,55.1,1.72
2018-04-19 17:00:00,67.45,82.15,31.17,65.3,1.3
2018-04-19 18:00:00,0.0,0.0,29.42,75.25,1.08
2018-04-19 19:00:00,0.0,0.0,28.81,75.35,1.25
2018-04-19 20:00:00,0.0,0.0,28.37,75.52,1.37
2018-04-19 21:00:00,0.0,0.0,27.97,75.97,1.51
2018-04-19 22:00:00,0.0,0.0,27.59,76.71,1.66
2018-04-19 23:00:00,0.0,0.0,27.25,77.61,1.92
2018-04-20 00:00:00,0.0,0.0,26.94,78.93,2.2
2018-04-20 01:00:00,0.0,0.0,26.61,80.87,2.43
2018-04-20 02:00:00,0.0,0.0,26.27,83.22,2.42
2018-04-20 03:00:00,0.0,0.0,25.95,85.63,2.28
2018-04-20 04:00:00,0.0,0.0,25.69,87.59,2.12
2018-04-20 05:00:00,0.0,0.0,25.45,88.97,1.94
2018-04-20 06:00:00,59.53,77.6,25.68,88.25,2.34
2018-04-20 07:00:00,235.68,295.95,26.99,81.96,2.55
2018-04-20 08:00:00,448.83,535.8,29.29,69.06,3.2
2018-04-20 09:00:00,593.03,743.4,31.07,60.68,3.21
2018-04-20 10:00:00,643.2,893.47,32.14,56.39,2.72
2018-04-20 11:00:00,697.33,971.88,32.72,54.0,2.29
2018-04-20 12:00:00,765.67,971.35,32.79,53.28,2.03
2018-04-20 13:00:00,743.83,893.35,32.65,53.31,1.9
2018-04-20 14:00:00,684.4,742.4,32.49,53.51,1.91
2018-04-20 15:00:00,465.6,532.65,32.07,54.77,2.0
2018-04-20 16:00:00,249.48,293.33,31.43,57.54,2.1
2018-04-20 17:00:00,71.95,81.07,30.11,67.17,1.44
2018-04-20 18:00:00,0.0,0.0,28.57,74.68,1.24
2018-04-20 19:00:00,0.0,0.0,28.05,75.58,1.44
2018-04-20 20:00:00,0.0,0.0,27.58,76.62,1.63
2018-04-20 21:00:00,0.0,0.0,27.21,77.83,1.89
2018-04-20 22:00:00,0.0,0.0,26.9,79.35,2.27
2018-04-20 23:00:00,0.0,0.0,26.53,81.86,2.65
2018-04-21 00:00:00,0.0,0.0,26.05,85.52,2.82
2018-04-21 01:00:00,0.0,0.0,25.56,89.21,2.75
2018-04-21 02:00:00,0.0,0.0,25.13,92.31,2.54
2018-04-21 03:00:00,0.0,0.0,24.83,94.17,2.38
2018-04-21 04:00:00,0.0,0.0,24.6,95.2,2.25
2018-04-21 05:00:00,0.0,0.0,24.41,95.64,2.08
2018-04-21 06:00:00,64.75,72.45,25.09,91.3,2.89
2018-04-21 07:00:00,231.68,272.35,27.08,78.18,3.99
2018-04-21 08:00:00,445.2,506.42,29.58,64.66,4.02
2018-04-21 09:00:00,642.2,714.6,31.71,55.78,3.48
2018-04-21 10:00:00,800.0,869.5,33.43,49.38,2.88
2018-04-21 11:00:00,855.0,949.65,34.8,44.6,2.28
2018-04-21 12:00:00,912.72,978.12,35.81,41.24,1.7
2018-04-21 13:00:00,821.58,896.53,36.28,39.55,1.19
2018-04-21 14:00:00,622.28,746.97,36.19,39.24,0.74
2018-04-21 15:00:00,454.6,538.83,35.43,40.39,0.73
2018-04-21 16:00:00,238.5,298.95,34.73,41.76,1.1
2018-04-21 17:00:00,68.57,83.8,33.36,49.59,1.12
2018-04-21 18:00:00,0.0,0.0,31.42,59.89,1.1
2018-04-21 19:00:00,0.0,0.0,30.54,60.49,1.75
2018-04-21 20:00:00,0.0,0.0,29.74,62.82,2.39
2018-04-21 21:00:00,0.0,0.0,29.02,66.47,2.77
2018-04-21 22:00:00,0.0,0.0,28.37,70.09,2.74
2018-04-21 23:00:00,0.0,0.0,27.89,72.5,2.59
2018-04-22 00:00:00,0.0,0.0,27.45,74.29,2.37
2018-04-22 01:00:00,0.0,0.0,27.06,75.78,2.31
2018-04-22 02:00:00,0.0,0.0,26.69,77.48,2.32
2018-04-22 03:00:00,0.0,0.0,26.26,79.96,2.26
2018-04-22 04:00:00,0.0,0.0,25.79,82.89,2.18
2018-04-22 05:00:00,0.0,0.0,25.33,85.96,2.16
2018-04-22 06:00:00,77.05,77.97,25.59,85.31,2.59
2018-04-22 07:00:00,280.6,287.08,27.76,72.87,3.37
2018-04-22 08:00:00,511.35,523.92,30.5,59.7,3.74
2018-04-22 09:00:00,714.35,731.22,32.86,50.39,3.52
2018-04-22 10:00:00,880.55,890.53,34.63,44.93,3.06
2018-04-22 11:00:00,964.05,969.72,35.85,41.47,2.54
2018-04-22 12:00:00,952.7,983.92,36.82,38.76,2.12
2018-04-22 13:00:00,815.05,908.83,37.1,37.44,1.99
2018-04-22 14:00:00,733.62,761.15,37.31,36.25,2.21
2018-04-22 15:00:00,511.2,554.25,36.7,36.71,2.54
2018-04-22 16:00:00,262.65,312.7,35.63,38.64,2.86
2018-04-22 17:00:00,70.7,88.28,33.78,45.28,2.43
2018-04-22 18:00:00,0.0,0.0,31.65,54.84,2.22
2018-04-22 19:00:00,0.0,0.0,30.71,58.95,2.64
2018-04-22 20:00:00,0.0,0.0,29.94,62.98,2.6
2018-04-22 21:00:00,0.0,0.0,29.36,66.02,2.52
2018-04-22 22:00:00,0.0,0.0,28.88,68.38,2.54
2018-04-22 23:00:00,0.0,0.0,28.44,70.44,2.58
2018-04-23 00:00:00,0.0,0.0,28.13,71.88,2.77
2018-04-23 01:00:00,0.0,0.0,27.79,73.56,2.97
2018-04-23 02:00:00,0.0,0.0,27.39,75.77,3.07
2018-04-23 03:00:00,0.0,0.0,26.9,78.72,3.05
2018-04-23 04:00:00,0.0,0.0,26.4,81.96,2.92
2018-04-23 05:00:00,0.0,0.0,25.96,84.91,2.76
2018-04-23 06:00:00,74.72,77.43,26.23,83.98,3.08
2018-04-23 07:00:00,273.3,285.98,28.32,71.75,3.76
2018-04-23 08:00:00,515.67,523.5,30.84,59.27,4.1
2018-04-23 09:00:00,724.7,731.75,32.99,51.02,3.69
2018-04-23 10:00:00,881.92,883.97,34.61,45.94,2.9
2018-04-23 11:00:00,963.42,963.8,36.04,41.96,2.05
2018-04-23 12:00:00,959.75,961.17,37.19,38.97,1.52
2018-04-23 13:00:00,847.88,887.4,37.87,36.9,1.49
2018-04-23 14:00:00,726.67,739.42,37.97,35.92,1.85
2018-04-23 15:00:00,492.85,525.08,37.42,36.29,2.32
2018-04-23 16:00:00,248.02,287.1,36.4,37.89,2.85
2018-04-23 17:00:00,65.03,81.3,34.58,43.56,3.02
2018-04-23 18:00:00,0.0,0.0,32.25,52.71,3.55
2018-04-23 19:00:00,0.0,0.0,30.85,59.7,4.31
2018-04-23 20:00:00,0.0,0.0,29.84,65.34,4.33
2018-04-23 21:00:00,0.0,0.0,29.25,68.63,4.1
2018-04-23 22:00:00,0.0,0.0,28.84,70.79,3.86
2018-04-23 23:00:00,0.0,0.0,28.46,72.7,3.66
2018-04-24 00:00:00,0.0,0.0,28.02,74.83,3.52
2018-04-24 01:00:00,0.0,0.0,27.56,77.08,3.4
2018-04-24 02:00:00,0.0,0.0,27.09,79.47,3.29
2018-04-24 03:00:00,0.0,0.0,26.64,81.83,3.2
2018-04-24 04:00:00,0.0,0.0,26.25,84.0,3.08
2018-04-24 05:00:00,0.0,0.0,25.93,85.7,3.0
2018-04-24 06:00:00,68.7,86.8,26.39,83.5,3.35
2018-04-24 07:00:00,236.4,308.48,28.77,70.73,4.1
2018-04-24 08:00:00,446.58,548.38,31.35,58.74,4.28
2018-04-24 09:00:00,649.0,755.3,33.33,51.27,4.01
2018-04-24 10:00:00,849.12,905.12,34.8,46.38,3.7
2018-04-24 11:00:00,965.7,983.38,35.74,43.27,3.38
2018-04-24 12:00:00,921.33,975.6,36.57,40.7,3.06
2018-04-24 13:00:00,779.5,893.8,37.2,38.54,2.75
2018-04-24 14:00:00,723.65,739.6,37.27,37.63,2.6
2018-04-24 15:00:00,526.97,529.08,36.91,37.74,2.58
2018-04-24 16:00:00,259.17,276.23,36.15,38.9,2.64
2018-04-24 17:00:00,68.07,77.55,34.53,44.4,2.24
2018-04-24 18:00:00,0.0,0.0,32.02,53.89,2.02
2018-04-24 19:00:00,0.0,0.0,31.3,55.18,2.91
2018-04-24 20:00:00,0.0,0.0,30.55,58.54,3.44
2018-04-24 21:00:00,0.0,0.0,29.72,63.29,3.69
2018-04-24 22:00:00,0.0,0.0,28.97,68.24,3.84
2018-04-24 23:00:00,0.0,0.0,28.3,72.62,3.9
2018-04-25 00:00:00,0.0,0.0,27.74,76.03,3.81
2018-04-25 01:00:00,0.0,0.0,27.24,78.81,3.63
2018-04-25 02:00:00,0.0,0.0,26.82,80.92,3.49
2018-04-25 03:00:00,0.0,0.0,26.43,82.95,3.25
2018-04-25 04:00:00,0.0,0.0,26.15,84.39,3.06
2018-04-25 05:00:00,0.0,0.0,25.9,85.61,2.98
2018-04-25 06:00:00,78.32,80.78,26.36,83.14,3.33
2018-04-25 07:00:00,286.85,294.2,28.32,72.27,4.18
2018-04-25 08:00:00,531.4,531.55,30.47,61.69,4.72
2018-04-25 09:00:00,741.67,741.85,32.23,54.23,4.67
2018-04-25 10:00:00,873.7,893.2,33.25,49.99,4.46
2018-04-25 11:00:00,869.53,971.92,34.17,46.62,4.3
2018-04-25 12:00:00,746.7,935.58,34.78,44.17,4.11
2018-04-25 13:00:00,723.88,858.3,35.05,42.56,3.79
2018-04-25 14:00:00,534.83,713.8,35.2,41.39,3.44
2018-04-25 15:00:00,361.98,508.85,35.07,41.15,3.18
2018-04-25 16:00:00,198.55,282.2,34.54,42.21,2.92
2018-04-25 17:00:00,53.0,77.15,32.96,49.98,1.87
2018-04-25 18:00:00,0.0,0.0,30.69,58.93,1.77
2018-04-25 19:00:00,0.0,0.0,30.23,59.13,2.77
2018-04-25 20:00:00,0.0,0.0,29.66,61.7,3.61
2018-04-25 21:00:00,0.0,0.0,28.98,65.69,4.01
2018-04-25 22:00:00,0.0,0.0,28.44,69.08,4.27
2018-04-25 23:00:00,0.0,0.0,27.98,71.81,4.42
2018-04-26 00:00:00,0.0,0.0,27.56,73.98,4.49
2018-04-26 01:00:00,0.0,0.0,26.98,77.24,4.15
2018-04-26 02:00:00,0.0,0.0,26.33,81.55,3.53
2018-04-26 03:00:00,0.0,0.0,25.75,86.03,3.09
2018-04-26 04:00:00,0.0,0.0,25.33,89.96,2.72
2018-04-26 05:00:00,0.0,0.0,25.19,91.7,2.55
2018-04-26 06:00:00,70.62,77.12,25.29,91.84,2.86
2018-04-26 07:00:00,246.73,274.65,25.87,89.74,3.21
2018-04-26 08:00:00,472.08,506.35,27.14,83.34,3.78
2018-04-26 09:00:00,641.35,711.75,28.63,73.63,3.99
2018-04-26 10:00:00,718.28,865.17,29.87,65.69,3.72
2018-04-26 11:00:00,712.85,942.12,31.01,59.56,3.4
2018-04-26 12:00:00,774.38,963.6,31.85,54.99,3.22
2018-04-26 13:00:00,673.15,885.1,32.52,51.43,3.04
2018-04-26 14:00:00,560.67,736.08,32.84,49.28,2.65
2018-04-26 15:00:00,406.12,528.22,32.83,48.67,2.06
2018-04-26 16:00:00,223.77,293.0,32.51,51.2,1.3
2018-04-26 17:00:00,68.78,82.47,31.76,58.23,0.79
2018-04-26 18:00:00,0.0,0.0,30.72,64.31,0.56
2018-04-26 19:00:00,0.0,0.0,30.03,66.75,0.6
2018-04-26 20:00:00,0.0,0.0,29.21,70.19,0.67
2018-04-26 21:00:00,0.0,0.0,28.43,72.53,0.77
2018-04-26 22:00:00,0.0,0.0,27.8,74.32,0.92
2018-04-26 23:00:00,0.0,0.0,27.27,75.29,1.16
2018-04-27 00:00:00,0.0,0.0,26.8,76.02,1.48
2018-04-27 01:00:00,0.0,0.0,26.37,77.16,1.75
2018-04-27 02:00:00,0.0,0.0,25.95,78.8,1.87
2018-04-27 03:00:00,0.0,0.0,25.58,80.51,1.9
2018-04-27 04:00:00,0.0,0.0,25.23,82.24,1.85
2018-04-27 05:00:00,0.0,0.0,24.91,83.91,1.76
2018-04-27 06:00:00,76.65,83.07,25.34,81.82,2.32
2018-04-27 07:00:00,268.23,287.33,27.35,71.34,2.47
2018-04-27 08:00:00,508.38,510.23,30.65,55.7,2.93
2018-04-27 09:00:00,712.45,712.75,33.18,47.27,2.58
2018-04-27 10:00:00,865.3,865.67,34.92,42.71,1.99
2018-04-27 11:00:00,927.35,945.95,36.14,39.7,1.45
2018-04-27 12:00:00,894.92,896.05,37.02,37.6,1.07
2018-04-27 13:00:00,805.6,820.65,37.36,36.69,1.08
2018-04-27 14:00:00,690.53,697.22,36.99,37.21,1.5
2018-04-27 15:00:00,434.08,489.27,36.05,39.04,1.94
2018-04-27 16:00:00,218.5,262.08,35.07,41.87,2.25
2018-04-27 17:00:00,62.55,72.88,33.24,50.73,2.05
2018-04-27 18:00:00,0.0,0.0,31.1,57.88,2.59
2018-04-27 19:00:00,0.0,0.0,30.07,61.04,3.65
2018-04-27 20:00:00,0.0,0.0,29.0,66.23,3.78
2018-04-27 21:00:00,0.0,0.0,28.19,70.41,3.76
2018-04-27 22:00:00,0.0,0.0,27.6,73.51,3.74
2018-04-27 23:00:00,0.0,0.0,27.14,75.87,3.58
2018-04-28 00:00:00,0.0,0.0,26.73,78.15,3.14
2018-04-28 01:00:00,0.0,0.0,26.29,80.93,2.46
2018-04-28 02:00:00,0.0,0.0,25.88,83.69,1.71
2018-04-28 03:00:00,0.0,0.0,25.47,86.82,0.96
2018-04-28 04:00:00,0.0,0.0,25.14,89.4,0.56
2018-04-28 05:00:00,0.0,0.0,24.89,90.93,0.52
2018-04-28 06:00:00,73.43,78.95,25.66,86.99,1.25
2018-04-28 07:00:00,233.35,275.75,28.05,72.45,2.03
2018-04-28 08:00:00,446.45,505.5,30.53,58.71,2.41
2018-04-28 09:00:00,652.53,708.7,32.66,49.55,2.15
2018-04-28 10:00:00,751.9,857.4,34.6,42.83,1.58
2018-04-28 11:00:00,874.12,938.62,36.04,38.41,1.06
2018-04-28 12:00:00,927.45,957.65,37.04,35.41,1.03
2018-04-28 13:00:00,783.08,880.28,37.6,33.49,1.41
2018-04-28 14:00:00,662.5,731.3,37.69,32.47,1.8
2018-04-28 15:00:00,515.03,527.05,37.27,32.54,2.09
2018-04-28 16:00:00,276.25,292.83,36.3,34.15,2.24
2018-04-28 17:00:00,80.18,84.97,34.32,42.6,1.68
2018-04-28 18:00:00,0.0,0.0,31.58,53.87,1.41
2018-04-28 19:00:00,0.0,0.0,30.68,55.04,1.94
2018-04-28 20:00:00,0.0,0.0,29.93,57.56,2.31
2018-04-28 21:00:00,0.0,0.0,29.18,61.21,2.57
2018-04-28 22:00:00,0.0,0.0,28.5,65.21,2.88
2018-04-28 23:00:00,0.0,0.0,27.88,69.21,2.99
2018-04-29 00:00:00,0.0,0.0,27.31,72.78,2.89
2018-04-29 01:00:00,0.0,0.0,26.87,75.47,2.8
2018-04-29 02:00:00,0.0,0.0,26.49,77.74,2.66
2018-04-29 03:00:00,0.0,0.0,26.22,79.26,2.59
2018-04-29 04:00:00,0.0,0.0,26.0,80.46,2.56
2018-04-29 05:00:00,0.0,0.0,25.77,81.69,2.52
2018-04-29 06:00:00,82.65,85.8,26.34,79.07,3.05
2018-04-29 07:00:00,278.75,292.4,28.92,66.52,3.95
2018-04-29 08:00:00,518.25,524.08,31.84,54.45,4.53
2018-04-29 09:00:00,723.58,726.1,33.86,47.95,4.1
2018-04-29 10:00:00,873.42,876.42,35.24,43.8,3.56
2018-04-29 11:00:00,948.45,953.38,36.32,40.68,3.12
2018-04-29 12:00:00,947.2,947.4,37.06,38.59,2.86
2018-04-29 13:00:00,867.85,870.2,37.3,37.5,2.88
2018-04-29 14:00:00,717.22,719.35,37.01,37.75,3.06
2018-04-29 15:00:00,489.7,513.6,36.05,39.83,3.37
2018-04-29 16:00:00,255.55,279.98,34.62,43.93,3.63
2018-04-29 17:00:00,72.47,77.93,32.8,50.98,3.71
2018-04-29 18:00:00,0.0,0.0,30.99,59.24,3.83
2018-04-29 19:00:00,0.0,0.0,29.92,65.17,3.86
2018-04-29 20:00:00,0.0,0.0,29.29,68.97,3.65
2018-04-29 21:00:00,0.0,0.0,28.88,71.37,3.51
2018-04-29 22:00:00,0.0,0.0,28.53,73.32,3.4
2018-04-29 23:00:00,0.0,0.0,28.18,75.25,3.41
2018-04-30 00:00:00,0.0,0.0,27.85,77.08,3.39
2018-04-30 01:00:00,0.0,0.0,27.5,78.86,3.39
2018-04-30 02:00:00,0.0,0.0,27.12,80.54,3.6
2018-04-30 03:00:00,0.0,0.0,26.73,82.26,3.52
2018-04-30 04:00:00,0.0,0.0,26.42,83.61,3.29
2018-04-30 05:00:00,0.0,0.0,26.15,84.9,2.98
2018-04-30 06:00:00,77.85,83.72,26.33,83.86,3.2
2018-04-30 07:00:00,259.23,289.42,27.44,77.56,4.07
2018-04-30 08:00:00,492.0,524.95,29.0,69.72,4.37
2018-04-30 09:00:00,684.35,730.33,30.58,62.53,4.14
2018-04-30 10:00:00,832.47,882.35,31.87,57.04,3.7
2018-04-30 11:00:00,887.85,956.22,32.91,52.76,3.26
2018-04-30 12:00:00,847.35,925.95,33.49,49.94,2.8
2018-04-30 13:00:00,706.85,848.15,33.74,48.22,2.29
2018-04-30 14:00:00,550.15,696.22,33.59,47.77,1.79
2018-04-30 15:00:00,405.35,490.42,33.36,47.86,1.48
2018-04-30 16:00:00,213.77,262.08,32.89,49.13,1.35
2018-04-30 17:00:00,61.75,71.28,31.65,57.87,0.96
2018-04-30 18:00:00,0.0,0.0,29.96,65.35,1.03
2018-04-30 19:00:00,0.0,0.0,29.46,64.88,1.71
2018-04-30 20:00:00,0.0,0.0,29.01,66.08,2.51
2018-04-30 21:00:00,0.0,0.0,28.46,69.3,2.79
2018-04-30 22:00:00,0.0,0.0,27.98,72.22,2.75
2018-04-30 23:00:00,0.0,0.0,27.57,74.44,2.64
2018-05-01 00:00:00,0.0,0.0,27.2,76.41,2.55
2018-05-01 01:00:00,0.0,0.0,26.83,78.36,2.45
2018-05-01 02:00:00,0.0,0.0,26.5,80.32,2.36
2018-05-01 03:00:00,0.0,0.0,26.29,81.77,2.44
2018-05-01 04:00:00,0.0,0.0,26.06,83.39,2.43
2018-05-01 05:00:00,0.0,0.0,25.77,85.21,2.4
2018-05-01 06:00:00,74.1,84.18,26.34,82.39,3.05
2018-05-01 07:00:00,240.57,291.62,28.5,70.49,4.01
2018-05-01 08:00:00,453.1,527.88,31.15,58.0,4.54
2018-05-01 09:00:00,609.65,734.22,33.28,50.17,4.25
2018-05-01 10:00:00,809.33,882.62,35.2,44.28,3.37
2018-05-01 11:00:00,869.5,960.75,36.69,39.97,2.32
2018-05-01 12:00:00,827.83,946.2,37.81,36.99,1.29
2018-05-01 13:00:00,781.67,867.78,38.22,35.58,0.5
2018-05-01 14:00:00,592.15,722.05,38.11,35.13,0.47
2018-05-01 15:00:00,438.02,521.47,37.43,35.99,0.87
2018-05-01 16:00:00,236.32,290.6,36.53,37.93,1.3
2018-05-01 17:00:00,69.85,81.43,34.84,46.36,1.32
2018-05-01 18:00:00,0.0,0.0,32.47,54.08,1.82
2018-05-01 19:00:00,0.0,0.0,31.58,54.86,3.35
2018-05-01 20:00:00,0.0,0.0,30.33,60.75,4.07
2018-05-01 21:00:00,0.0,0.0,29.4,65.83,4.21
2018-05-01 22:00:00,0.0,0.0,28.87,68.6,4.15
2018-05-01 23:00:00,0.0,0.0,28.54,69.9,3.98
2018-05-02 00:00:00,0.0,0.0,28.25,70.81,3.77
2018-05-02 01:00:00,0.0,0.0,27.97,71.65,3.55
2018-05-02 02:00:00,0.0,0.0,27.68,72.58,3.39
2018-05-02 03:00:00,0.0,0.0,27.43,73.56,3.22
2018-05-02 04:00:00,0.0,0.0,27.19,74.64,3.0
2018-05-02 05:00:00,0.0,0.0,26.93,76.11,2.72
2018-05-02 06:00:00,80.22,90.3,27.38,74.74,2.99
2018-05-02 07:00:00,265.85,303.48,28.79,69.3,3.55
2018-05-02 08:00:00,469.88,536.5,30.54,62.05,3.8
2018-05-02 09:00:00,693.97,737.9,31.85,56.74,3.66
2018-05-02 10:00:00,827.65,884.5,32.99,52.64,3.42
2018-05-02 11:00:00,897.2,957.17,33.77,49.96,3.12
2018-05-02 12:00:00,854.38,957.2,34.26,48.16,2.68
2018-05-02 13:00:00,789.08,876.0,34.58,46.87,2.2
2018-05-02 14:00:00,656.28,729.28,34.74,45.94,1.68
2018-05-02 15:00:00,446.83,527.5,34.51,46.05,1.35
2018-05-02 16:00:00,239.52,295.02,34.05,47.18,1.27
2018-05-02 17:00:00,67.28,83.25,33.02,53.95,0.95
2018-05-02 18:00:00,0.0,0.0,31.1,64.05,0.92
2018-05-02 19:00:00,0.0,0.0,30.32,63.94,1.4
2018-05-02 20:00:00,0.0,0.0,29.69,65.18,2.05
2018-05-02 21:00:00,0.0,0.0,29.08,67.58,2.69
2018-05-02 22:00:00,0.0,0.0,28.49,70.46,3.38
2018-05-02 23:00:00,0.0,0.0,27.94,73.07,3.77
2018-05-03 00:00:00,0.0,0.0,27.54,74.59,3.96
2018-05-03 01:00:00,0.0,0.0,27.29,75.21,3.98
2018-05-03 02:00:00,0.0,0.0,27.01,76.06,3.79
2018-05-03 03:00:00,0.0,0.0,26.68,77.36,3.42
2018-05-03 04:00:00,0.0,0.0,26.29,79.17,3.02
2018-05-03 05:00:00,0.0,0.0,25.89,81.24,2.72
2018-05-03 06:00:00,51.92,89.15,26.33,79.51,3.38
2018-05-03 07:00:00,174.02,300.27,28.33,70.2,4.65
2018-05-03 08:00:00,327.65,532.5,30.52,60.8,4.66
2018-05-03 09:00:00,440.08,732.75,32.28,54.6,4.02
2018-05-03 10:00:00,631.55,876.4,33.69,50.13,3.34
2018-05-03 11:00:00,681.35,949.2,34.49,47.38,2.84
2018-05-03 12:00:00,828.28,932.4,34.84,45.82,2.52
2018-05-03 13:00:00,751.0,851.08,35.08,44.58,2.28
2018-05-03 14:00:00,606.0,698.47,34.93,44.38,2.12
2018-05-03 15:00:00,434.48,489.62,34.39,45.26,2.07
2018-05-03 16:00:00,232.9,256.0,33.72,46.98,2.13
2018-05-03 17:00:00,66.57,70.72,32.36,53.71,1.59
2018-05-03 18:00:00,0.0,0.0,30.79,59.46,1.74
2018-05-03 19:00:00,0.0,0.0,30.19,60.41,2.59
2018-05-03 20:00:00,0.0,0.0,29.48,63.54,3.19
2018-05-03 21:00:00,0.0,0.0,28.78,67.55,3.5
2018-05-03 22:00:00,0.0,0.0,28.25,71.07,3.57
2018-05-03 23:00:00,0.0,0.0,27.89,73.35,3.71
2018-05-04 00:00:00,0.0,0.0,27.59,74.91,3.7
2018-05-04 01:00:00,0.0,0.0,27.26,76.34,3.5
2018-05-04 02:00:00,0.0,0.0,26.93,77.3,3.52
2018-05-04 03:00:00,0.0,0.0,26.57,78.08,3.55
2018-05-04 04:00:00,0.0,0.0,26.15,79.02,3.56
2018-05-04 05:00:00,0.0,0.0,25.83,79.79,3.45
2018-05-04 06:00:00,75.53,89.12,26.04,77.95,3.75
2018-05-04 07:00:00,246.18,299.38,27.38,68.91,4.63
2018-05-04 08:00:00,443.67,531.25,29.57,58.26,4.76
2018-05-04 09:00:00,587.55,732.15,32.06,49.67,4.32
2018-05-04 10:00:00,723.08,877.17,34.12,43.69,3.64
2018-05-04 11:00:00,744.22,953.6,35.44,39.99,2.96
2018-05-04 12:00:00,895.8,982.78,36.44,37.2,2.35
2018-05-04 13:00:00,784.4,906.38,37.11,35.21,1.86
2018-05-04 14:00:00,672.53,760.55,37.33,34.0,1.5
2018-05-04 15:00:00,461.92,558.83,37.11,33.73,1.43
2018-05-04 16:00:00,259.67,322.55,36.41,34.56,1.39
2018-05-04 17:00:00,81.4,96.25,35.08,39.49,0.96
2018-05-04 18:00:00,0.0,0.0,32.85,52.94,0.59
2018-05-04 19:00:00,0.0,0.0,32.3,50.61,0.53
2018-05-04 20:00:00,0.0,0.0,31.97,50.64,0.2
2018-05-04 21:00:00,0.0,0.0,31.03,54.9,0.31
2018-05-04 22:00:00,0.0,0.0,29.62,61.96,0.71
2018-05-04 23:00:00,0.0,0.0,28.31,65.37,0.98
2018-05-05 00:00:00,0.0,0.0,27.56,66.6,1.3
2018-05-05 01:00:00,0.0,0.0,27.04,68.19,1.66
2018-05-05 02:00:00,0.0,0.0,26.6,70.0,1.82
2018-05-05 03:00:00,0.0,0.0,26.29,71.38,1.94
2018-05-05 04:00:00,0.0,0.0,26.08,72.43,2.05
2018-05-05 05:00:00,0.0,0.0,25.86,73.74,2.07
2018-05-05 06:00:00,93.03,97.22,26.47,71.61,2.74
2018-05-05 07:00:00,295.05,311.33,29.28,59.25,3.04
2018-05-05 08:00:00,529.22,541.35,32.7,46.56,3.07
2018-05-05 09:00:00,733.95,735.12,35.21,39.57,2.37
2018-05-05 10:00:00,871.75,877.42,37.1,35.21,1.51
2018-05-05 11:00:00,939.55,946.8,38.51,32.46,0.71
2018-05-05 12:00:00,931.3,953.62,39.2,31.2,0.33
2018-05-05 13:00:00,798.55,873.17,39.42,30.7,0.76
2018-05-05 14:00:00,588.15,721.58,38.91,31.47,1.18
2018-05-05 15:00:00,424.45,519.42,38.04,33.14,1.56
2018-05-05 16:00:00,225.3,283.95,37.07,35.61,1.84
2018-05-05 17:00:00,68.97,81.12,35.31,43.88,1.82
2018-05-05 18:00:00,0.0,0.0,33.11,51.53,2.59
2018-05-05 19:00:00,0.0,0.0,31.59,55.49,3.94
2018-05-05 20:00:00,0.0,0.0,30.17,61.71,4.33
2018-05-05 21:00:00,0.0,0.0,29.17,67.17,4.05
2018-05-05 22:00:00,0.0,0.0,28.65,70.23,3.57
2018-05-05 23:00:00,0.0,0.0,28.22,72.82,2.67
2018-05-06 00:00:00,0.0,0.0,27.83,75.51,1.71
2018-05-06 01:00:00,0.0,0.0,27.79,75.29,1.99
2018-05-06 02:00:00,0.0,0.0,27.45,77.81,1.64
2018-05-06 03:00:00,0.0,0.0,26.93,81.27,1.27
2018-05-06 04:00:00,0.0,0.0,26.57,83.46,1.63
2018-05-06 05:00:00,0.0,0.0,26.34,85.02,2.88
2018-05-06 06:00:00,73.82,87.62,26.5,84.38,4.05
2018-05-06 07:00:00,221.6,290.42,27.62,78.23,5.0
2018-05-06 08:00:00,434.73,517.8,29.22,69.6,5.19
2018-05-06 09:00:00,621.9,715.47,30.44,63.19,4.74
2018-05-06 10:00:00,788.35,859.47,31.18,59.37,4.24
2018-05-06 11:00:00,912.3,938.67,31.83,56.34,3.81
2018-05-06 12:00:00,941.97,960.53,32.3,54.21,3.37
2018-05-06 13:00:00,861.72,882.42,32.22,53.87,2.97
2018-05-06 14:00:00,720.53,736.08,32.18,53.51,2.78
2018-05-06 15:00:00,447.6,534.1,32.03,53.63,2.64
2018-05-06 16:00:00,253.55,302.8,31.66,54.84,2.4
2018-05-06 17:00:00,74.62,88.15,30.6,63.36,1.51
2018-05-06 18:00:00,0.0,0.0,28.85,74.2,1.16
2018-05-06 19:00:00,0.0,0.0,28.29,74.26,1.48
2018-05-06 20:00:00,0.0,0.0,27.9,74.14,1.9
2018-05-06 21:00:00,0.0,0.0,27.48,75.21,2.38
2018-05-06 22:00:00,0.0,0.0,27.0,77.48,2.74
2018-05-06 23:00:00,0.0,0.0,26.6,79.82,2.97
2018-05-07 00:00:00,0.0,0.0,26.24,81.87,3.0
2018-05-07 01:00:00,0.0,0.0,25.95,83.45,2.86
2018-05-07 02:00:00,0.0,0.0,25.64,85.28,2.56
2018-05-07 03:00:00,0.0,0.0,25.38,87.12,2.36
2018-05-07 04:00:00,0.0,0.0,25.15,88.83,2.22
2018-05-07 05:00:00,0.0,0.0,24.96,90.27,2.04
2018-05-07 06:00:00,92.75,97.03,25.64,86.85,2.63
2018-05-07 07:00:00,297.58,309.3,27.98,72.97,3.55
2018-05-07 08:00:00,535.17,542.47,30.39,61.27,3.73
2018-05-07 09:00:00,735.6,742.78,32.29,53.56,3.42
2018-05-07 10:00:00,879.78,891.15,34.02,47.48,2.94
2018-05-07 11:00:00,961.45,971.25,35.65,42.49,2.34
2018-05-07 12:00:00,968.17,973.42,36.4,39.92,1.86
2018-05-07 13:00:00,871.88,894.65,36.75,38.32,1.66
2018-05-07 14:00:00,745.47,746.5,36.75,37.61,1.73
2018-05-07 15:00:00,544.58,545.62,36.27,38.06,1.85
2018-05-07 16:00:00,293.12,310.23,35.4,39.92,1.94
2018-05-07 17:00:00,79.6,91.2,33.74,48.16,1.45
2018-05-07 18:00:00,0.0,0.0,31.43,57.01,1.53
2018-05-07 19:00:00,0.0,0.0,30.6,58.1,2.34
2018-05-07 20:00:00,0.0,0.0,29.83,60.87,2.69
2018-05-07 21:00:00,0.0,0.0,29.12,63.91,2.66
2018-05-07 22:00:00,0.0,0.0,28.61,66.0,2.69
2018-05-07 23:00:00,0.0,0.0,28.19,67.57,2.8
2018-05-08 00:00:00,0.0,0.0,27.84,68.84,2.95
2018-05-08 01:00:00,0.0,0.0,27.5,70.31,3.06
2018-05-08 02:00:00,0.0,0.0,27.15,71.98,3.01
2018-05-08 03:00:00,0.0,0.0,26.85,73.59,2.9
2018-05-08 04:00:00,0.0,0.0,26.55,75.4,2.7
2018-05-08 05:00:00,0.0,0.0,26.29,77.0,2.49
2018-05-08 06:00:00,95.07,97.05,26.65,75.72,2.76
2018-05-08 07:00:00,299.85,308.4,28.43,67.79,3.08
2018-05-08 08:00:00,535.8,542.22,30.8,57.68,3.51
2018-05-08 09:00:00,736.12,744.12,32.62,51.04,3.32
2018-05-08 10:00:00,831.05,889.65,33.79,47.38,2.85
2018-05-08 11:00:00,891.83,965.12,34.73,44.58,2.41
2018-05-08 12:00:00,834.72,941.9,35.48,42.36,1.89
2018-05-08 13:00:00,803.92,866.88,35.85,41.18,1.45
2018-05-08 14:00:00,623.75,720.33,35.7,41.29,1.22
2018-05-08 15:00:00,435.05,521.38,35.21,42.3,1.1
2018-05-08 16:00:00,234.48,292.95,34.6,44.32,1.14
2018-05-08 17:00:00,73.38,86.32,33.26,53.81,0.93
2018-05-08 18:00:00,0.0,0.0,31.32,59.24,1.25
2018-05-08 19:00:00,0.0,0.0,30.62,60.02,2.16
2018-05-08 20:00:00,0.0,0.0,29.99,62.96,3.22
2018-05-08 21:00:00,0.0,0.0,29.35,66.69,3.99
2018-05-08 22:00:00,0.0,0.0,28.79,69.29,4.24
2018-05-08 23:00:00,0.0,0.0,28.4,70.53,3.96
2018-05-09 00:00:00,0.0,0.0,28.0,71.81,3.52
2018-05-09 01:00:00,0.0,0.0,27.63,73.02,3.24
2018-05-09 02:00:00,0.0,0.0,27.29,74.32,3.05
2018-05-09 03:00:00,0.0,0.0,26.98,75.68,2.92
2018-05-09 04:00:00,0.0,0.0,26.65,77.37,2.81
2018-05-09 05:00:00,0.0,0.0,26.34,79.03,2.73
2018-05-09 06:00:00,85.18,87.72,26.59,77.72,3.48
2018-05-09 07:00:00,266.5,280.65,27.97,70.16,4.57
2018-05-09 08:00:00,486.23,504.5,29.91,61.63,4.77
2018-05-09 09:00:00,679.75,701.85,31.98,54.38,4.38
2018-05-09 10:00:00,841.03,848.03,33.59,49.37,3.74
2018-05-09 11:00:00,885.53,927.58,35.03,45.19,3.14
2018-05-09 12:00:00,794.55,965.92,35.88,42.53,2.61
2018-05-09 13:00:00,643.38,890.08,35.84,41.96,2.09
2018-05-09 14:00:00,378.33,745.97,35.38,42.56,1.61
2018-05-09 15:00:00,355.12,544.62,34.75,43.95,1.49
2018-05-09 16:00:00,206.45,311.15,34.0,45.92,1.76
2018-05-09 17:00:00,71.35,92.9,32.51,53.98,1.36
2018-05-09 18:00:00,0.0,0.0,30.91,59.02,1.66
2018-05-09 19:00:00,0.0,0.0,30.35,59.04,2.41
2018-05-09 20:00:00,0.0,0.0,29.77,60.61,2.76
2018-05-09 21:00:00,0.0,0.0,29.16,63.02,2.88
2018-05-09 22:00:00,0.0,0.0,28.65,65.32,3.0
2018-05-09 23:00:00,0.0,0.0,28.22,67.44,3.16
2018-05-10 00:00:00,0.0,0.0,27.81,69.76,3.26
2018-05-10 01:00:00,0.0,0.0,27.32,72.88,2.92
2018-05-10 02:00:00,0.0,0.0,26.9,75.78,2.78
2018-05-10 03:00:00,0.0,0.0,26.62,77.93,2.75
2018-05-10 04:00:00,0.0,0.0,26.41,79.57,2.71
2018-05-10 05:00:00,0.0,0.0,26.21,80.83,2.61
2018-05-10 06:00:00,79.7,99.88,26.57,79.03,3.12
2018-05-10 07:00:00,255.05,313.52,28.02,71.04,4.23
2018-05-10 08:00:00,452.98,543.72,29.91,61.96,4.43
2018-05-10 09:00:00,614.53,740.65,31.56,55.37,4.11
2018-05-10 10:00:00,686.05,881.17,32.89,50.84,3.68
2018-05-10 11:00:00,657.35,952.08,34.1,47.13,3.2
2018-05-10 12:00:00,737.97,915.35,34.65,45.26,2.51
2018-05-10 13:00:00,746.7,835.17,34.44,45.28,1.6
2018-05-10 14:00:00,553.33,684.08,33.96,46.52,0.57
2018-05-10 15:00:00,315.85,488.12,33.04,49.49,0.39
2018-05-10 16:00:00,179.05,264.92,31.71,55.0,0.85
2018-05-10 17:00:00,57.85,74.55,30.26,65.18,0.81
2018-05-10 18:00:00,0.0,0.0,29.01,70.91,0.95
2018-05-10 19:00:00,0.0,0.0,28.15,76.22,0.85
2018-05-10 20:00:00,0.0,0.0,27.52,82.78,0.65
2018-05-10 21:00:00,0.0,0.0,26.97,86.73,0.58
2018-05-10 22:00:00,0.0,0.0,26.51,87.01,0.74
2018-05-10 23:00:00,0.0,0.0,26.04,86.15,1.08
2018-05-11 00:00:00,0.0,0.0,25.53,84.45,1.55
2018-05-11 01:00:00,0.0,0.0,24.95,82.05,1.78
2018-05-11 02:00:00,0.0,0.0,24.36,80.12,1.64
2018-05-11 03:00:00,0.0,0.0,23.91,79.98,1.38
2018-05-11 04:00:00,0.0,0.0,23.56,80.94,1.26
2018-05-11 05:00:00,0.0,0.0,23.25,81.88,1.31
2018-05-11 06:00:00,38.2,81.88,23.36,80.22,1.9
2018-05-11 07:00:00,107.38,270.8,24.1,78.12,2.3
2018-05-11 08:00:00,182.88,490.1,26.36,70.04,3.32
2018-05-11 09:00:00,291.9,684.22,28.66,59.36,4.03
2018-05-11 10:00:00,312.15,823.88,30.56,52.3,4.24
2018-05-11 11:00:00,395.4,895.08,32.02,48.77,4.17
2018-05-11 12:00:00,404.55,894.25,32.91,47.0,4.09
2018-05-11 13:00:00,382.73,816.17,33.0,47.19,4.25
2018-05-11 14:00:00,210.75,669.97,32.44,49.1,4.54
2018-05-11 15:00:00,191.55,481.8,31.62,51.66,4.66
2018-05-11 16:00:00,104.9,262.62,30.64,55.01,4.45
2018-05-11 17:00:00,36.12,75.45,29.26,61.47,3.48
2018-05-11 18:00:00,0.0,0.0,27.54,71.85,2.27
2018-05-11 19:00:00,0.0,0.0,26.77,76.78,2.2
2018-05-11 20:00:00,0.0,0.0,26.24,80.09,2.18
2018-05-11 21:00:00,0.0,0.0,25.84,82.56,2.21
2018-05-11 22:00:00,0.0,0.0,25.49,84.92,2.25
2018-05-11 23:00:00,0.0,0.0,25.19,87.59,2.48
2018-05-12 00:00:00,0.0,0.0,24.93,90.39,2.69
2018-05-12 01:00:00,0.0,0.0,24.8,92.33,2.82
2018-05-12 02:00:00,0.0,0.0,24.72,92.97,2.95
2018-05-12 03:00:00,0.0,0.0,24.58,93.12,3.14
2018-05-12 04:00:00,0.0,0.0,24.33,93.21,3.18
2018-05-12 05:00:00,0.0,0.0,23.97,92.44,3.15
2018-05-12 06:00:00,45.38,86.05,23.98,87.5,3.4
2018-05-12 07:00:00,122.07,278.08,25.08,74.98,3.94
2018-05-12 08:00:00,146.88,507.15,27.19,61.6,4.19
2018-05-12 09:00:00,317.83,708.97,29.34,52.22,3.87
2018-05-12 10:00:00,703.4,854.2,31.02,46.51,3.32
2018-05-12 11:00:00,749.45,931.88,32.43,42.11,2.79
2018-05-12 12:00:00,926.1,966.6,33.44,38.96,2.22
2018-05-12 13:00:00,849.05,885.9,33.83,37.34,1.53
2018-05-12 14:00:00,684.47,740.03,33.78,36.94,0.7
2018-05-12 15:00:00,481.9,539.1,33.53,37.42,0.05
2018-05-12 16:00:00,260.48,308.77,33.02,38.85,0.25
2018-05-12 17:00:00,77.38,92.25,32.25,44.04,0.27
2018-05-12 18:00:00,0.0,0.0,30.78,56.02,0.39
2018-05-12 19:00:00,0.0,0.0,29.58,60.73,0.64
2018-05-12 20:00:00,0.0,0.0,28.53,62.89,0.87
2018-05-12 21:00:00,0.0,0.0,27.61,66.68,1.05
2018-05-12 22:00:00,0.0,0.0,26.92,69.65,1.17
2018-05-12 23:00:00,0.0,0.0,26.32,72.91,1.24
2018-05-13 00:00:00,0.0,0.0,25.8,76.22,1.21
2018-05-13 01:00:00,0.0,0.0,25.34,79.4,1.13
2018-05-13 02:00:00,0.0,0.0,25.05,81.7,1.11
2018-05-13 03:00:00,0.0,0.0,24.77,83.52,1.17
2018-05-13 04:00:00,0.0,0.0,24.48,85.04,1.19
2018-05-13 05:00:00,0.0,0.0,24.18,86.55,1.1
2018-05-13 06:00:00,81.6,99.45,24.49,84.68,1.64
2018-05-13 07:00:00,238.0,308.67,26.73,71.23,1.81
2018-05-13 08:00:00,437.62,541.78,30.03,54.43,1.97
2018-05-13 09:00:00,574.95,739.9,32.57,45.29,1.43
2018-05-13 10:00:00,818.25,880.85,34.36,40.11,0.64
2018-05-13 11:00:00,877.97,950.33,35.76,36.43,0.18
2018-05-13 12:00:00,918.55,950.65,36.87,33.44,0.93
2018-05-13 13:00:00,861.83,875.35,37.3,31.95,1.53
2018-05-13 14:00:00,726.85,729.88,37.09,31.92,2.08
2018-05-13 15:00:00,516.88,529.22,36.46,32.97,2.63
2018-05-13 16:00:00,279.6,297.88,35.3,35.61,3.08
2018-05-13 17:00:00,82.57,89.22,33.46,41.5,3.2
2018-05-13 18:00:00,0.0,0.0,31.04,51.54,3.45
2018-05-13 19:00:00,0.0,0.0,29.48,60.28,4.19
2018-05-13 20:00:00,0.0,0.0,28.29,68.09,4.21
2018-05-13 21:00:00,0.0,0.0,27.52,72.77,4.14
2018-05-13 22:00:00,0.0,0.0,26.95,75.51,3.93
2018-05-13 23:00:00,0.0,0.0,26.55,77.24,3.72
2018-05-14 00:00:00,0.0,0.0,26.2,78.85,3.58
2018-05-14 01:00:00,0.0,0.0,25.94,79.89,3.46
2018-05-14 02:00:00,0.0,0.0,25.7,80.81,3.38
2018-05-14 03:00:00,0.0,0.0,25.46,81.97,3.33
2018-05-14 04:00:00,0.0,0.0,25.17,83.66,3.17
2018-05-14 05:00:00,0.0,0.0,24.85,85.66,2.82
2018-05-14 06:00:00,98.45,108.82,25.36,83.43,3.18
2018-05-14 07:00:00,292.3,326.62,27.34,73.2,4.05
2018-05-14 08:00:00,511.62,556.92,29.8,61.66,4.09
2018-05-14 09:00:00,712.78,752.7,32.07,52.53,3.57
2018-05-14 10:00:00,884.08,893.3,33.95,45.75,2.97
2018-05-14 11:00:00,944.67,966.8,35.48,40.57,2.54
2018-05-14 12:00:00,943.7,950.53,36.53,37.02,2.33
2018-05-14 13:00:00,874.47,878.0,37.09,34.85,2.33
2018-05-14 14:00:00,725.2,731.33,37.1,33.97,2.42
2018-05-14 15:00:00,529.5,532.97,36.52,34.38,2.56
2018-05-14 16:00:00,277.33,303.67,35.51,36.27,2.73
2018-05-14 17:00:00,76.95,91.78,33.81,41.64,2.51
2018-05-14 18:00:00,0.0,0.0,31.13,52.72,2.07
2018-05-14 19:00:00,0.0,0.0,30.1,57.02,2.96
2018-05-14 20:00:00,0.0,0.0,29.09,63.0,2.96
2018-05-14 21:00:00,0.0,0.0,28.43,67.54,2.59
2018-05-14 22:00:00,0.0,0.0,27.98,70.32,2.31
2018-05-14 23:00:00,0.0,0.0,27.57,72.19,2.2
2018-05-15 00:00:00,0.0,0.0,27.17,73.72,2.32
2018-05-15 01:00:00,0.0,0.0,26.76,75.6,2.57
2018-05-15 02:00:00,0.0,0.0,26.31,78.1,2.75
2018-05-15 03:00:00,0.0,0.0,25.85,80.88,2.85
2018-05-15 04:00:00,0.0,0.0,25.42,83.72,2.78
2018-05-15 05:00:00,0.0,0.0,25.05,86.32,2.61
2018-05-15 06:00:00,81.68,90.82,25.6,84.01,3.07
2018-05-15 07:00:00,240.1,273.42,27.76,73.02,3.99
2018-05-15 08:00:00,446.4,487.95,30.19,61.62,4.23
2018-05-15 09:00:00,596.9,679.08,32.23,53.22,3.94
2018-05-15 10:00:00,639.7,820.35,33.72,47.77,3.65
2018-05-15 11:00:00,811.3,902.65,34.47,44.65,3.49
2018-05-15 12:00:00,875.78,960.6,35.07,42.08,3.39
2018-05-15 13:00:00,772.85,887.38,35.38,40.48,3.22
2018-05-15 14:00:00,706.53,748.2,35.18,40.24,3.03
2018-05-15 15:00:00,518.88,552.22,34.59,41.08,2.92
2018-05-15 16:00:00,278.35,322.12,33.8,42.72,2.93
2018-05-15 17:00:00,75.57,101.3,32.44,47.63,2.44
2018-05-15 18:00:00,0.0,0.0,30.09,58.09,1.84
2018-05-15 19:00:00,0.0,0.0,29.28,60.79,2.43
2018-05-15 20:00:00,0.0,0.0,28.6,64.23,2.69
2018-05-15 21:00:00,0.0,0.0,27.96,67.81,2.7
2018-05-15 22:00:00,0.0,0.0,27.44,70.63,2.67
2018-05-15 23:00:00,0.0,0.0,26.95,73.15,2.62
2018-05-16 00:00:00,0.0,0.0,26.51,75.25,2.65
2018-05-16 01:00:00,0.0,0.0,26.09,77.23,2.67
2018-05-16 02:00:00,0.0,0.0,25.72,79.11,2.61
2018-05-16 03:00:00,0.0,0.0,25.39,80.86,2.5
2018-05-16 04:00:00,0.0,0.0,25.11,82.5,2.4
2018-05-16 05:00:00,0.0,0.0,24.86,83.86,2.35
2018-05-16 06:00:00,80.15,90.18,25.51,81.04,2.95
2018-05-16 07:00:00,243.9,278.52,27.93,69.58,3.73
2018-05-16 08:00:00,435.75,496.52,30.53,58.11,3.88
2018-05-16 09:00:00,612.33,690.92,32.46,50.7,3.34
2018-05-16 10:00:00,741.8,833.67,34.19,45.16,2.86
2018-05-16 11:00:00,725.72,906.4,35.48,41.23,2.68
2018-05-16 12:00:00,662.7,889.1,35.98,39.53,2.74
2018-05-16 13:00:00,519.9,816.5,35.9,39.54,2.99
2018-05-16 14:00:00,529.97,673.38,35.19,41.44,3.19
2018-05-16 15:00:00,352.45,470.8,34.01,44.97,3.2
2018-05-16 16:00:00,159.38,253.68,32.77,49.44,3.03
2018-05-16 17:00:00,51.4,75.78,31.1,58.2,2.22
2018-05-16 18:00:00,0.0,0.0,29.32,68.08,1.8
2018-05-16 19:00:00,0.0,0.0,28.61,71.01,2.0
2018-05-16 20:00:00,0.0,0.0,28.1,73.43,2.07
2018-05-16 21:00:00,0.0,0.0,27.69,75.54,2.03
2018-05-16 22:00:00,0.0,0.0,27.36,77.1,2.04
2018-05-16 23:00:00,0.0,0.0,27.05,78.35,2.2
2018-05-17 00:00:00,0.0,0.0,26.7,79.87,2.45
2018-05-17 01:00:00,0.0,0.0,26.35,81.98,2.63
2018-05-17 02:00:00,0.0,0.0,25.88,85.5,2.09
2018-05-17 03:00:00,0.0,0.0,25.49,88.81,1.31
2018-05-17 04:00:00,0.0,0.0,25.23,90.37,1.03
2018-05-17 05:00:00,0.0,0.0,25.07,90.77,1.22
2018-05-17 06:00:00,54.4,88.5,25.57,87.55,2.23
2018-05-17 07:00:00,157.65,280.9,26.98,78.95,3.01
2018-05-17 08:00:00,306.23,506.77,28.67,69.23,3.66
2018-05-17 09:00:00,258.05,704.08,29.78,64.34,3.66
2018-05-17 10:00:00,74.68,844.8,29.76,65.79,3.43
2018-05-17 11:00:00,77.68,913.83,29.4,68.79,3.56
2018-05-17 12:00:00,99.45,907.6,28.81,72.25,3.69
2018-05-17 13:00:00,176.5,836.9,28.22,75.73,3.89
2018-05-17 14:00:00,130.38,692.83,27.57,79.38,3.99
2018-05-17 15:00:00,195.95,495.9,27.04,82.42,3.64
2018-05-17 16:00:00,68.78,273.42,26.53,85.54,2.86
2018-05-17 17:00:00,31.15,80.53,25.93,89.97,1.99
2018-05-17 18:00:00,0.0,0.0,25.33,93.39,1.56
2018-05-17 19:00:00,0.0,0.0,25.07,94.33,1.6
2018-05-17 20:00:00,0.0,0.0,24.89,94.99,1.51
2018-05-17 21:00:00,0.0,0.0,24.71,95.71,1.37
2018-05-17 22:00:00,0.0,0.0,24.54,96.19,1.22
2018-05-17 23:00:00,0.0,0.0,24.34,96.6,1.15
2018-05-18 00:00:00,0.0,0.0,24.18,96.54,1.23
2018-05-18 01:00:00,0.0,0.0,24.04,96.2,1.46
2018-05-18 02:00:00,0.0,0.0,23.9,95.86,1.76
2018-05-18 03:00:00,0.0,0.0,23.75,95.79,1.97
2018-05-18 04:00:00,0.0,0.0,23.62,95.9,1.89
2018-05-18 05:00:00,0.0,0.0,23.33,96.97,1.4
2018-05-18 06:00:00,81.75,89.65,24.07,94.0,1.74
2018-05-18 07:00:00,238.48,274.98,25.82,85.37,2.44
2018-05-18 08:00:00,430.42,495.58,28.08,72.7,3.22
2018-05-18 09:00:00,657.47,689.67,29.99,62.45,3.45
2018-05-18 10:00:00,790.47,829.67,31.49,56.33,3.54
2018-05-18 11:00:00,873.65,904.42,32.59,52.59,3.5
2018-05-18 12:00:00,895.3,936.8,33.35,50.2,3.4
2018-05-18 13:00:00,850.3,858.05,33.66,49.02,3.27
2018-05-18 14:00:00,698.4,710.17,33.54,49.02,3.24
2018-05-18 15:00:00,487.48,508.85,32.97,50.32,3.23
2018-05-18 16:00:00,257.67,282.27,31.91,53.65,3.13
2018-05-18 17:00:00,82.12,86.6,30.2,62.47,2.32
2018-05-18 18:00:00,0.0,0.0,28.29,72.23,1.7
2018-05-18 19:00:00,0.0,0.0,27.71,74.47,1.76
2018-05-18 20:00:00,0.0,0.0,27.19,76.78,1.65
2018-05-18 21:00:00,0.0,0.0,26.68,78.98,1.5
2018-05-18 22:00:00,0.0,0.0,26.23,80.7,1.44
2018-05-18 23:00:00,0.0,0.0,25.9,81.85,1.49
2018-05-19 00:00:00,0.0,0.0,25.59,82.88,1.58
2018-05-19 01:00:00,0.0,0.0,25.3,83.93,1.68
2018-05-19 02:00:00,0.0,0.0,24.97,85.36,1.79
2018-05-19 03:00:00,0.0,0.0,24.63,87.06,1.97
2018-05-19 04:00:00,0.0,0.0,24.32,88.77,2.16
2018-05-19 05:00:00,0.0,0.0,23.97,90.85,2.2
2018-05-19 06:00:00,89.32,96.47,24.52,88.52,2.74
2018-05-19 07:00:00,263.33,292.9,26.81,76.31,3.39
2018-05-19 08:00:00,487.62,518.2,29.31,65.16,3.85
2018-05-19 09:00:00,708.8,710.25,31.15,58.33,3.58
2018-05-19 10:00:00,805.4,848.17,32.56,53.43,3.08
2018-05-19 11:00:00,913.42,919.58,33.75,49.12,2.58
2018-05-19 12:00:00,922.92,927.33,34.56,45.88,2.16
2018-05-19 13:00:00,741.03,854.97,35.02,43.69,1.74
2018-05-19 14:00:00,701.35,714.92,34.99,43.14,1.47
2018-05-19 15:00:00,517.08,519.88,34.51,43.88,1.58
2018-05-19 16:00:00,270.45,298.17,33.6,46.7,1.92
2018-05-19 17:00:00,81.78,93.2,31.73,56.9,1.87
2018-05-19 18:00:00,0.0,0.0,29.51,65.31,2.28
2018-05-19 19:00:00,0.0,0.0,28.58,68.73,3.07
2018-05-19 20:00:00,0.0,0.0,27.84,72.47,3.17
2018-05-19 21:00:00,0.0,0.0,27.34,75.1,3.06
2018-05-19 22:00:00,0.0,0.0,26.9,77.24,2.85
2018-05-19 23:00:00,0.0,0.0,26.45,79.34,2.59
2018-05-20 00:00:00,0.0,0.0,26.07,80.9,2.42
2018-05-20 01:00:00,0.0,0.0,25.72,82.28,2.32
2018-05-20 02:00:00,0.0,0.0,25.42,83.38,2.25
2018-05-20 03:00:00,0.0,0.0,25.09,84.62,2.21
2018-05-20 04:00:00,0.0,0.0,24.74,86.02,2.19
2018-05-20 05:00:00,0.0,0.0,24.38,87.81,2.07
2018-05-20 06:00:00,95.8,107.05,24.92,85.3,2.68
2018-05-20 07:00:00,294.5,317.4,27.18,74.01,3.2
2018-05-20 08:00:00,523.0,546.22,30.22,59.93,3.78
2018-05-20 09:00:00,706.97,741.4,32.5,51.91,3.51
2018-05-20 10:00:00,809.88,881.6,34.27,46.74,3.09
2018-05-20 11:00:00,846.47,953.0,35.69,42.59,2.63
2018-05-20 12:00:00,745.15,927.08,36.82,39.36,2.15
2018-05-20 13:00:00,669.92,845.75,37.45,37.28,1.65
2018-05-20 14:00:00,584.67,698.42,37.49,36.54,1.35
2018-05-20 15:00:00,479.45,501.65,36.91,37.3,1.58
2018-05-20 16:00:00,257.5,279.15,35.67,41.18,2.09
2018-05-20 17:00:00,84.22,85.5,33.35,51.51,2.32
2018-05-20 18:00:00,0.0,0.0,31.1,59.5,3.2
2018-05-20 19:00:00,0.0,0.0,29.82,65.79,3.77
2018-05-20 20:00:00,0.0,0.0,29.07,69.54,3.66
2018-05-20 21:00:00,0.0,0.0,28.55,71.71,3.43
2018-05-20 22:00:00,0.0,0.0,28.09,73.42,3.29
2018-05-20 23:00:00,0.0,0.0,27.68,75.04,3.26
2018-05-21 00:00:00,0.0,0.0,27.22,77.05,3.34
2018-05-21 01:00:00,0.0,0.0,26.72,79.56,3.4
2018-05-21 02:00:00,0.0,0.0,26.23,82.46,3.36
2018-05-21 03:00:00,0.0,0.0,25.81,85.14,3.25
2018-05-21 04:00:00,0.0,0.0,25.46,87.38,3.18
2018-05-21 05:00:00,0.0,0.0,25.17,89.12,3.12
2018-05-21 06:00:00,72.8,91.28,25.52,87.61,3.48
2018-05-21 07:00:00,203.85,285.62,27.08,79.16,4.05
2018-05-21 08:00:00,392.08,507.7,29.32,67.42,4.31
2018-05-21 09:00:00,593.65,702.9,31.37,58.52,4.17
2018-05-21 10:00:00,786.22,844.97,32.93,53.07,3.85
2018-05-21 11:00:00,840.62,918.33,34.16,49.3,3.47
2018-05-21 12:00:00,830.83,920.78,35.12,46.34,2.99
2018-05-21 13:00:00,788.17,841.7,35.71,44.44,2.47
2018-05-21 14:00:00,590.47,695.62,35.85,43.76,2.14
2018-05-21 15:00:00,376.15,498.02,35.34,44.56,2.02
2018-05-21 16:00:00,215.95,275.7,34.45,47.33,2.24
2018-05-21 17:00:00,66.78,82.85,32.53,56.95,2.28
2018-05-21 18:00:00,0.0,0.0,30.25,66.07,2.87
2018-05-21 19:00:00,0.0,0.0,29.19,70.9,3.68
2018-05-21 20:00:00,0.0,0.0,28.45,74.51,3.57
2018-05-21 21:00:00,0.0,0.0,27.95,76.46,3.29
2018-05-21 22:00:00,0.0,0.0,27.53,78.02,3.11
2018-05-21 23:00:00,0.0,0.0,27.15,79.53,3.0
2018-05-22 00:00:00,0.0,0.0,26.79,81.18,3.0
2018-05-22 01:00:00,0.0,0.0,26.4,83.24,2.97
2018-05-22 02:00:00,0.0,0.0,26.08,85.27,2.91
2018-05-22 03:00:00,0.0,0.0,25.88,86.99,2.8
2018-05-22 04:00:00,0.0,0.0,25.72,88.37,2.7
2018-05-22 05:00:00,0.0,0.0,25.58,89.54,2.58
2018-05-22 06:00:00,92.97,94.25,26.04,87.55,2.99
2018-05-22 07:00:00,279.73,289.27,27.61,79.2,3.3
2018-05-22 08:00:00,512.8,513.3,29.41,69.77,3.48
2018-05-22 09:00:00,706.95,708.78,31.12,62.03,3.44
2018-05-22 10:00:00,839.9,848.9,32.78,56.0,3.25
2018-05-22 11:00:00,856.38,921.03,33.88,52.51,2.95
2018-05-22 12:00:00,847.92,896.78,34.53,50.49,2.62
2018-05-22 13:00:00,773.1,820.03,34.67,49.93,2.33
2018-05-22 14:00:00,623.72,680.55,34.25,50.94,2.19
2018-05-22 15:00:00,470.3,482.38,33.38,53.62,2.2
2018-05-22 16:00:00,224.35,265.42,32.44,57.88,2.25
2018-05-22 17:00:00,62.9,82.88,31.0,66.02,1.87
2018-05-22 18:00:00,0.0,0.0,29.57,72.53,1.86
2018-05-22 19:00:00,0.0,0.0,28.92,75.01,2.19
2018-05-22 20:00:00,0.0,0.0,28.42,77.16,2.36
2018-05-22 21:00:00,0.0,0.0,28.01,79.14,2.43
2018-05-22 22:00:00,0.0,0.0,27.63,81.09,2.56
2018-05-22 23:00:00,0.0,0.0,27.23,83.42,2.69
2018-05-23 00:00:00,0.0,0.0,26.82,86.02,2.79
2018-05-23 01:00:00,0.0,0.0,26.43,88.57,2.79
2018-05-23 02:00:00,0.0,0.0,26.12,90.54,2.68
2018-05-23 03:00:00,0.0,0.0,25.86,92.17,2.49
2018-05-23 04:00:00,0.0,0.0,25.63,93.5,2.25
2018-05-23 05:00:00,0.0,0.0,25.43,94.55,2.08
2018-05-23 06:00:00,77.12,98.25,25.76,93.23,2.52
2018-05-23 07:00:00,229.8,299.67,26.73,88.09,3.12
2018-05-23 08:00:00,407.67,525.92,28.22,78.37,3.8
2018-05-23 09:00:00,566.15,721.15,29.6,70.67,3.76
2018-05-23 10:00:00,719.72,862.05,30.77,65.62,3.48
2018-05-23 11:00:00,740.38,935.75,31.37,62.82,3.12
2018-05-23 12:00:00,772.97,924.62,31.5,61.71,2.87
2018-05-23 13:00:00,689.5,853.25,31.52,61.21,2.72
2018-05-23 14:00:00,581.45,715.17,31.42,61.22,2.53
2018-05-23 15:00:00,426.52,524.53,31.19,61.9,2.35
2018-05-23 16:00:00,234.32,303.38,30.58,64.81,2.09
2018-05-23 17:00:00,75.18,96.88,29.28,74.68,1.23
2018-05-23 18:00:00,0.0,0.0,27.85,81.48,1.01
2018-05-23 19:00:00,0.0,0.0,27.32,82.85,1.08
2018-05-23 20:00:00,0.0,0.0,26.94,83.97,1.09
2018-05-23 21:00:00,0.0,0.0,26.61,85.16,1.02
2018-05-23 22:00:00,0.0,0.0,26.33,86.27,0.96
2018-05-23 23:00:00,0.0,0.0,26.13,86.81,0.97
2018-05-24 00:00:00,0.0,0.0,25.95,87.18,1.06
2018-05-24 01:00:00,0.0,0.0,25.81,87.3,1.24
2018-05-24 02:00:00,0.0,0.0,25.81,86.84,1.55
2018-05-24 03:00:00,0.0,0.0,25.75,86.77,1.79
2018-05-24 04:00:00,0.0,0.0,25.7,86.72,2.04
2018-05-24 05:00:00,0.0,0.0,25.51,87.58,2.2
2018-05-24 06:00:00,99.45,113.0,25.63,87.46,2.55
2018-05-24 07:00:00,291.98,328.98,26.13,85.92,2.47
2018-05-24 08:00:00,509.98,558.97,26.96,81.85,2.9
2018-05-24 09:00:00,743.67,751.85,28.1,75.05,3.51
2018-05-24 10:00:00,881.85,890.2,29.7,65.04,3.54
2018-05-24 11:00:00,952.3,960.97,31.52,56.29,3.09
2018-05-24 12:00:00,925.95,928.85,32.73,51.59,2.63
2018-05-24 13:00:00,832.05,855.65,33.03,50.44,2.47
2018-05-24 14:00:00,627.85,711.15,32.71,51.26,2.41
2018-05-24 15:00:00,434.85,514.0,31.96,53.72,2.34
2018-05-24 16:00:00,245.1,291.8,31.12,58.21,2.07
2018-05-24 17:00:00,77.65,90.65,29.65,68.33,1.48
2018-05-24 18:00:00,0.0,0.0,28.38,74.88,1.51
2018-05-24 19:00:00,0.0,0.0,27.8,76.41,2.09
2018-05-24 20:00:00,0.0,0.0,27.31,78.41,2.49
2018-05-24 21:00:00,0.0,0.0,26.87,80.31,2.65
2018-05-24 22:00:00,0.0,0.0,26.47,81.95,2.56
2018-05-24 23:00:00,0.0,0.0,26.12,82.97,2.54
2018-05-25 00:00:00,0.0,0.0,25.74,84.09,2.52
2018-05-25 01:00:00,0.0,0.0,25.39,85.21,2.44
2018-05-25 02:00:00,0.0,0.0,25.02,86.57,2.29
2018-05-25 03:00:00,0.0,0.0,24.69,87.88,2.15
2018-05-25 04:00:00,0.0,0.0,24.39,89.28,2.02
2018-05-25 05:00:00,0.0,0.0,24.15,90.71,1.88
2018-05-25 06:00:00,69.0,95.12,24.97,87.19,2.62
2018-05-25 07:00:00,210.57,293.33,27.31,75.98,4.04
2018-05-25 08:00:00,397.9,517.1,29.88,61.09,4.82
2018-05-25 09:00:00,570.53,712.3,32.0,50.68,4.61
2018-05-25 10:00:00,633.78,853.33,33.99,44.14,3.92
2018-05-25 11:00:00,718.88,923.72,35.57,40.17,3.15
2018-05-25 12:00:00,637.92,896.67,36.69,37.59,2.51
2018-05-25 13:00:00,611.9,823.08,37.28,36.0,2.06
2018-05-25 14:00:00,519.3,683.22,37.37,35.39,1.97
2018-05-25 15:00:00,380.73,492.45,36.91,35.97,2.13
2018-05-25 16:00:00,219.48,275.62,35.94,37.85,2.38
2018-05-25 17:00:00,71.12,85.25,33.88,46.34,2.12
2018-05-25 18:00:00,0.0,0.0,31.17,55.77,2.53
2018-05-25 19:00:00,0.0,0.0,29.93,60.4,3.79
2018-05-25 20:00:00,0.0,0.0,28.79,66.37,4.18
2018-05-25 21:00:00,0.0,0.0,28.04,70.64,4.19
2018-05-25 22:00:00,0.0,0.0,27.51,73.72,3.98
2018-05-25 23:00:00,0.0,0.0,27.05,76.28,3.68
2018-05-26 00:00:00,0.0,0.0,26.66,78.33,3.43
2018-05-26 01:00:00,0.0,0.0,26.24,80.68,3.04
2018-05-26 02:00:00,0.0,0.0,25.85,82.93,2.81
2018-05-26 03:00:00,0.0,0.0,25.5,85.16,2.62
2018-05-26 04:00:00,0.0,0.0,25.16,87.47,2.37
2018-05-26 05:00:00,0.0,0.0,24.93,89.03,2.29
2018-05-26 06:00:00,46.75,86.8,25.5,86.15,2.85
2018-05-26 07:00:00,121.68,273.77,27.37,74.95,3.81
2018-05-26 08:00:00,201.48,493.38,29.59,63.37,4.18
2018-05-26 09:00:00,341.5,687.2,31.57,55.33,4.05
2018-05-26 10:00:00,462.27,831.0,33.16,49.93,3.8
2018-05-26 11:00:00,535.4,909.53,34.53,45.45,3.35
2018-05-26 12:00:00,622.95,936.3,35.57,42.05,2.89
2018-05-26 13:00:00,666.05,865.0,36.14,39.87,2.78
2018-05-26 14:00:00,528.38,726.28,36.1,39.19,2.99
2018-05-26 15:00:00,397.9,533.28,35.37,40.28,3.08
2018-05-26 16:00:00,232.77,307.23,34.19,43.39,2.95
2018-05-26 17:00:00,82.57,98.95,32.26,52.16,2.38
2018-05-26 18:00:00,0.0,0.0,29.82,63.84,2.24
2018-05-26 19:00:00,0.0,0.0,28.75,68.94,2.82
2018-05-26 20:00:00,0.0,0.0,27.99,73.46,2.84
2018-05-26 21:00:00,0.0,0.0,27.44,76.88,2.76
2018-05-26 22:00:00,0.0,0.0,27.01,79.59,2.73
2018-05-26 23:00:00,0.0,0.0,26.65,82.03,2.68
2018-05-27 00:00:00,0.0,0.0,26.27,84.62,2.65
2018-05-27 01:00:00,0.0,0.0,25.92,87.04,2.62
2018-05-27 02:00:00,0.0,0.0,25.69,88.59,2.55
2018-05-27 03:00:00,0.0,0.0,25.49,89.8,2.51
2018-05-27 04:00:00,0.0,0.0,25.29,91.1,2.41
2018-05-27 05:00:00,0.0,0.0,25.08,92.28,2.24
2018-05-27 06:00:00,83.05,99.07,25.49,90.25,2.72
2018-05-27 07:00:00,258.5,296.17,26.81,82.68,3.47
2018-05-27 08:00:00,506.4,522.0,28.81,70.88,3.94
2018-05-27 09:00:00,682.62,721.0,30.51,62.46,3.9
2018-05-27 10:00:00,793.47,862.38,31.68,57.25,3.77
2018-05-27 11:00:00,841.03,933.58,32.22,54.67,3.63
2018-05-27 12:00:00,806.47,930.22,32.21,54.2,3.48
2018-05-27 13:00:00,785.3,857.75,31.84,55.09,3.36
2018-05-27 14:00:00,598.28,718.1,31.24,56.87,3.24
2018-05-27 15:00:00,376.52,525.65,30.53,59.29,3.18
2018-05-27 16:00:00,219.12,302.95,29.71,62.43,3.04
2018-05-27 17:00:00,75.68,98.5,28.58,68.65,2.42
2018-05-27 18:00:00,0.0,0.0,27.19,77.62,1.82
2018-05-27 19:00:00,0.0,0.0,26.54,81.19,1.89
2018-05-27 20:00:00,0.0,0.0,26.11,83.68,1.86
2018-05-27 21:00:00,0.0,0.0,25.8,85.58,1.74
2018-05-27 22:00:00,0.0,0.0,25.52,87.06,1.62
2018-05-27 23:00:00,0.0,0.0,25.26,88.18,1.56
2018-05-28 00:00:00,0.0,0.0,25.0,89.27,1.54
2018-05-28 01:00:00,0.0,0.0,24.72,90.26,1.59
2018-05-28 02:00:00,0.0,0.0,24.46,91.23,1.68
2018-05-28 03:00:00,0.0,0.0,24.2,92.28,1.64
2018-05-28 04:00:00,0.0,0.0,24.0,93.15,1.5
2018-05-28 05:00:00,0.0,0.0,23.86,93.73,1.38
2018-05-28 06:00:00,42.15,108.55,24.33,91.26,1.92
2018-05-28 07:00:00,116.07,318.23,25.78,83.0,2.27
2018-05-28 08:00:00,179.52,544.7,27.61,72.34,2.82
2018-05-28 09:00:00,513.35,734.62,29.17,63.83,2.95
2018-05-28 10:00:00,731.35,871.12,30.5,57.13,2.93
2018-05-28 11:00:00,752.15,940.08,31.64,52.2,2.76
2018-05-28 12:00:00,691.65,935.45,32.3,49.67,2.12
2018-05-28 13:00:00,677.7,857.65,32.66,48.81,1.28
2018-05-28 14:00:00,540.65,716.25,32.64,49.26,0.83
2018-05-28 15:00:00,388.2,521.67,32.2,50.74,0.82
2018-05-28 16:00:00,226.07,295.33,31.66,52.7,1.09
2018-05-28 17:00:00,82.55,94.75,30.64,60.47,1.0
2018-05-28 18:00:00,0.0,0.0,28.74,71.63,0.74
2018-05-28 19:00:00,0.0,0.0,28.07,72.78,0.82
2018-05-28 20:00:00,0.0,0.0,27.6,74.18,0.81
2018-05-28 21:00:00,0.0,0.0,27.19,75.54,0.79
2018-05-28 22:00:00,0.0,0.0,26.83,76.64,0.8
2018-05-28 23:00:00,0.0,0.0,26.45,77.63,0.86
2018-05-29 00:00:00,0.0,0.0,26.06,78.51,0.99
2018-05-29 01:00:00,0.0,0.0,25.73,79.46,1.17
2018-05-29 02:00:00,0.0,0.0,25.41,80.78,1.38
2018-05-29 03:00:00,0.0,0.0,25.09,82.39,1.55
2018-05-29 04:00:00,0.0,0.0,24.84,83.74,1.68
2018-05-29 05:00:00,0.0,0.0,24.59,85.03,1.72
2018-05-29 06:00:00,93.3,99.2,25.06,82.65,2.34
2018-05-29 07:00:00,281.92,296.92,26.86,72.91,2.66
2018-05-29 08:00:00,519.17,519.92,29.46,60.2,3.2
2018-05-29 09:00:00,710.72,711.03,31.35,53.71,2.91
2018-05-29 10:00:00,804.38,850.97,32.45,50.65,2.48
2018-05-29 11:00:00,800.53,922.17,33.18,48.81,2.17
2018-05-29 12:00:00,781.78,919.03,33.51,47.89,1.96
2018-05-29 13:00:00,707.1,841.33,33.56,47.79,1.93
2018-05-29 14:00:00,660.72,698.28,33.25,48.75,1.98
2018-05-29 15:00:00,381.73,499.02,32.72,50.42,2.03
2018-05-29 16:00:00,210.25,277.35,32.01,53.4,1.95
2018-05-29 17:00:00,75.4,88.62,30.67,62.35,1.34
2018-05-29 18:00:00,0.0,0.0,28.98,69.75,1.23
2018-05-29 19:00:00,0.0,0.0,28.34,71.21,1.54
2018-05-29 20:00:00,0.0,0.0,27.9,72.43,1.79
2018-05-29 21:00:00,0.0,0.0,27.51,73.88,1.93
2018-05-29 22:00:00,0.0,0.0,27.13,75.64,1.97
2018-05-29 23:00:00,0.0,0.0,26.76,77.41,1.96
2018-05-30 00:00:00,0.0,0.0,26.4,79.24,1.97
2018-05-30 01:00:00,0.0,0.0,26.04,81.27,1.93
2018-05-30 02:00:00,0.0,0.0,25.72,83.22,1.84
2018-05-30 03:00:00,0.0,0.0,25.41,85.15,1.75
2018-05-30 04:00:00,0.0,0.0,25.11,87.14,1.69
2018-05-30 05:00:00,0.0,0.0,24.86,88.89,1.68
2018-05-30 06:00:00,87.8,93.45,25.36,87.05,2.3
2018-05-30 07:00:00,270.98,287.02,27.4,75.89,2.94
2018-05-30 08:00:00,502.4,508.12,29.58,64.59,3.33
2018-05-30 09:00:00,679.95,700.12,30.74,59.38,3.16
2018-05-30 10:00:00,671.03,839.22,31.37,57.0,2.95
2018-05-30 11:00:00,841.38,907.92,31.95,55.13,2.78
2018-05-30 12:00:00,810.9,845.03,32.18,54.26,2.64
2018-05-30 13:00:00,650.55,774.4,32.16,54.32,2.58
2018-05-30 14:00:00,490.65,632.1,31.84,55.49,2.52
2018-05-30 15:00:00,309.5,446.45,31.3,57.48,2.49
2018-05-30 16:00:00,163.2,243.18,30.69,60.16,2.39
2018-05-30 17:00:00,57.2,79.4,29.53,67.84,1.7
2018-05-30 18:00:00,0.0,0.0,28.06,76.37,1.35
2018-05-30 19:00:00,0.0,0.0,27.48,78.49,1.56
2018-05-30 20:00:00,0.0,0.0,27.07,80.26,1.71
2018-05-30 21:00:00,0.0,0.0,26.68,82.46,1.75
2018-05-30 22:00:00,0.0,0.0,26.33,84.6,1.71
2018-05-30 23:00:00,0.0,0.0,26.03,86.32,1.71
2018-05-31 00:00:00,0.0,0.0,25.67,88.55,1.72
2018-05-31 01:00:00,0.0,0.0,25.27,91.4,1.7
2018-05-31 02:00:00,0.0,0.0,24.96,93.27,1.77
2018-05-31 03:00:00,0.0,0.0,24.71,94.57,1.9
2018-05-31 04:00:00,0.0,0.0,24.5,95.49,2.01
2018-05-31 05:00:00,0.0,0.0,24.36,95.86,2.05
2018-05-31 06:00:00,87.15,95.4,24.75,94.15,2.61
2018-05-31 07:00:00,254.15,290.83,25.77,89.0,3.26
2018-05-31 08:00:00,456.98,514.28,27.44,79.33,3.76
2018-05-31 09:00:00,652.47,709.42,29.26,69.88,3.7
2018-05-31 10:00:00,788.58,851.3,30.5,64.28,3.39
2018-05-31 11:00:00,859.95,923.7,31.33,61.14,3.0
2018-05-31 12:00:00,855.2,903.42,31.76,59.63,2.56
2018-05-31 13:00:00,728.5,827.22,31.79,59.52,2.08
2018-05-31 14:00:00,662.1,689.1,31.49,60.54,1.68
2018-05-31 15:00:00,410.95,494.3,31.05,62.48,1.44
2018-05-31 16:00:00,214.95,277.8,30.42,66.21,1.25
2018-05-31 17:00:00,77.85,91.35,29.63,72.13,1.05
2018-05-31 18:00:00,0.0,0.0,28.16,84.82,0.67
2018-05-31 19:00:00,0.0,0.0,27.51,86.7,0.69
2018-05-31 20:00:00,0.0,0.0,27.12,87.1,0.73
2018-05-31 21:00:00,0.0,0.0,26.78,87.57,0.76
2018-05-31 22:00:00,0.0,0.0,26.48,87.7,0.78
2018-05-31 23:00:00,0.0,0.0,26.19,87.67,0.85
2018-06-01 00:00:00,0.0,0.0,25.94,87.28,0.99
2018-06-01 01:00:00,0.0,0.0,25.67,87.11,1.15
2018-06-01 02:00:00,0.0,0.0,25.4,87.66,1.27
2018-06-01 03:00:00,0.0,0.0,25.14,88.79,1.25
2018-06-01 04:00:00,0.0,0.0,24.89,90.15,1.18
2018-06-01 05:00:00,0.0,0.0,24.66,91.18,1.26
2018-06-01 06:00:00,26.65,92.57,25.01,89.33,2.17
2018-06-01 07:00:00,84.78,286.15,26.14,84.3,2.74
2018-06-01 08:00:00,152.55,505.75,28.31,73.15,3.48
2018-06-01 09:00:00,289.35,697.33,30.26,65.11,3.45
2018-06-01 10:00:00,547.2,836.67,31.49,61.19,3.08
2018-06-01 11:00:00,769.12,907.0,32.33,58.8,2.62
2018-06-01 12:00:00,744.97,923.25,32.84,57.2,2.16
2018-06-01 13:00:00,837.1,850.6,33.03,56.24,1.82
2018-06-01 14:00:00,710.4,711.17,32.89,55.94,1.58
2018-06-01 15:00:00,517.78,518.95,32.54,56.42,1.27
2018-06-01 16:00:00,297.23,298.45,31.76,59.96,0.9
2018-06-01 17:00:00,106.28,106.93,31.1,63.75,0.72
2018-06-01 18:00:00,0.0,0.0,29.68,75.43,0.56
2018-06-01 19:00:00,0.0,0.0,28.72,79.87,0.65
2018-06-01 20:00:00,0.0,0.0,27.96,82.27,0.82
2018-06-01 21:00:00,0.0,0.0,27.4,82.91,0.95
2018-06-01 22:00:00,0.0,0.0,26.92,84.14,1.02
2018-06-01 23:00:00,0.0,0.0,26.51,85.45,1.04
2018-06-02 00:00:00,0.0,0.0,26.14,86.84,1.03
2018-06-02 01:00:00,0.0,0.0,25.84,87.93,0.99
2018-06-02 02:00:00,0.0,0.0,25.62,88.73,0.93
2018-06-02 03:00:00,0.0,0.0,25.41,89.41,0.91
2018-06-02 04:00:00,0.0,0.0,25.18,90.18,0.92
2018-06-02 05:00:00,0.0,0.0,24.95,90.96,0.96
2018-06-02 06:00:00,70.25,91.93,25.66,87.38,1.85
2018-06-02 07:00:00,207.62,285.7,26.98,81.31,2.04
2018-06-02 08:00:00,386.85,508.0,29.31,69.49,2.01
2018-06-02 09:00:00,562.9,700.08,30.76,63.66,1.64
2018-06-02 10:00:00,767.75,835.55,31.48,60.99,1.38
2018-06-02 11:00:00,845.15,908.5,31.97,59.14,1.29
2018-06-02 12:00:00,771.5,903.8,32.17,58.28,1.27
2018-06-02 13:00:00,355.75,828.62,32.02,58.62,1.26
2018-06-02 14:00:00,347.65,692.58,31.58,60.27,1.21
2018-06-02 15:00:00,64.32,500.75,31.03,62.84,1.16
2018-06-02 16:00:00,50.47,282.12,30.36,69.19,0.89
2018-06-02 17:00:00,24.98,90.95,29.44,72.9,1.02
2018-06-02 18:00:00,0.0,0.0,27.98,86.62,0.71
2018-06-02 19:00:00,0.0,0.0,27.29,87.01,0.91
2018-06-02 20:00:00,0.0,0.0,26.79,87.36,1.1
2018-06-02 21:00:00,0.0,0.0,26.39,87.84,1.33
2018-06-02 22:00:00,0.0,0.0,26.08,88.44,1.49
2018-06-02 23:00:00,0.0,0.0,25.83,89.06,1.62
2018-06-03 00:00:00,0.0,0.0,25.59,89.77,1.73
2018-06-03 01:00:00,0.0,0.0,25.36,90.62,1.8
2018-06-03 02:00:00,0.0,0.0,25.07,91.98,1.73
2018-06-03 03:00:00,0.0,0.0,24.79,93.44,1.5
2018-06-03 04:00:00,0.0,0.0,24.51,95.12,1.36
2018-06-03 05:00:00,0.0,0.0,24.28,96.43,1.3
2018-06-03 06:00:00,61.3,88.62,24.7,94.84,1.92
2018-06-03 07:00:00,155.18,277.9,25.56,91.51,2.16
2018-06-03 08:00:00,267.25,495.42,26.98,83.48,2.46
2018-06-03 09:00:00,461.8,687.22,28.43,74.68,2.52
2018-06-03 10:00:00,530.17,828.5,29.73,67.16,2.17
2018-06-03 11:00:00,691.75,905.33,30.81,59.93,1.56
2018-06-03 12:00:00,741.0,946.2,31.81,54.08,0.95
2018-06-03 13:00:00,699.0,875.03,32.49,50.62,0.54
2018-06-03 14:00:00,574.75,738.33,32.7,49.2,0.38
2018-06-03 15:00:00,386.05,547.78,32.42,49.45,0.29
2018-06-03 16:00:00,223.43,323.35,31.84,51.63,0.43
2018-06-03 17:00:00,79.4,110.05,30.79,58.73,0.75
2018-06-03 18:00:00,0.0,0.0,28.73,75.78,0.76
2018-06-03 19:00:00,0.0,0.0,27.41,79.9,1.02
2018-06-03 20:00:00,0.0,0.0,26.66,80.1,1.34
2018-06-03 21:00:00,0.0,0.0,25.98,81.63,1.58
2018-06-03 22:00:00,0.0,0.0,25.43,83.51,1.79
2018-06-03 23:00:00,0.0,0.0,25.05,84.93,1.99
2018-06-04 00:00:00,0.0,0.0,24.73,86.16,2.07
2018-06-04 01:00:00,0.0,0.0,24.4,87.51,1.97
2018-06-04 02:00:00,0.0,0.0,24.11,88.8,1.78
2018-06-04 03:00:00,0.0,0.0,23.89,89.72,1.62
2018-06-04 04:00:00,0.0,0.0,23.73,90.31,1.5
2018-06-04 05:00:00,0.0,0.0,23.57,91.16,1.39
2018-06-04 06:00:00,102.55,104.53,24.19,88.23,2.12
2018-06-04 07:00:00,302.77,310.62,26.07,80.28,2.19
2018-06-04 08:00:00,525.15,534.17,29.29,63.18,2.55
2018-06-04 09:00:00,724.6,724.97,31.17,56.59,2.39
2018-06-04 10:00:00,833.45,864.67,32.44,52.87,2.42
2018-06-04 11:00:00,930.88,938.45,33.27,50.64,2.56
2018-06-04 12:00:00,890.22,939.75,33.69,49.66,2.65
2018-06-04 13:00:00,818.25,867.45,33.64,50.06,2.64
2018-06-04 14:00:00,666.55,728.22,33.35,51.34,2.63
2018-06-04 15:00:00,456.98,535.92,32.75,53.62,2.55
2018-06-04 16:00:00,265.3,312.73,31.77,58.62,2.19
2018-06-04 17:00:00,95.12,107.47,30.19,68.97,1.62
2018-06-04 18:00:00,0.0,0.0,28.11,82.66,1.12
2018-06-04 19:00:00,0.0,0.0,27.33,83.83,1.33
2018-06-04 20:00:00,0.0,0.0,26.79,84.5,1.57
2018-06-04 21:00:00,0.0,0.0,26.32,85.53,1.77
2018-06-04 22:00:00,0.0,0.0,25.94,86.74,1.86
2018-06-04 23:00:00,0.0,0.0,25.63,87.88,1.86
2018-06-05 00:00:00,0.0,0.0,25.34,88.96,1.88
2018-06-05 01:00:00,0.0,0.0,25.1,89.92,1.87
2018-06-05 02:00:00,0.0,0.0,24.87,91.07,1.8
2018-06-05 03:00:00,0.0,0.0,24.66,92.2,1.76
2018-06-05 04:00:00,0.0,0.0,24.42,93.45,1.67
2018-06-05 05:00:00,0.0,0.0,24.2,94.61,1.56
2018-06-05 06:00:00,97.55,101.25,24.75,92.24,2.11
2018-06-05 07:00:00,292.17,302.9,26.5,83.9,2.29
2018-06-05 08:00:00,523.42,525.62,29.0,70.26,2.79
2018-06-05 09:00:00,714.08,720.28,30.57,63.05,2.45
2018-06-05 10:00:00,778.8,861.92,31.66,58.64,2.34
2018-06-05 11:00:00,849.35,934.8,32.33,55.85,2.33
2018-06-05 12:00:00,758.33,884.67,32.72,54.39,2.38
2018-06-05 13:00:00,660.83,815.22,32.74,54.19,2.43
2018-06-05 14:00:00,561.35,679.2,32.64,54.37,2.43
2018-06-05 15:00:00,449.5,492.98,32.19,55.76,2.41
2018-06-05 16:00:00,258.73,280.05,31.4,59.47,2.17
2018-06-05 17:00:00,93.88,95.93,29.96,70.25,1.47
2018-06-05 18:00:00,0.0,0.0,28.13,79.58,1.15
2018-06-05 19:00:00,0.0,0.0,27.48,80.63,1.36
2018-06-05 20:00:00,0.0,0.0,27.07,81.55,1.5
2018-06-05 21:00:00,0.0,0.0,26.71,82.85,1.5
2018-06-05 22:00:00,0.0,0.0,26.38,84.22,1.39
2018-06-05 23:00:00,0.0,0.0,26.08,85.43,1.32
2018-06-06 00:00:00,0.0,0.0,25.8,86.33,1.32
2018-06-06 01:00:00,0.0,0.0,25.51,87.3,1.39
2018-06-06 02:00:00,0.0,0.0,25.22,88.25,1.55
2018-06-06 03:00:00,0.0,0.0,24.85,89.66,1.7
2018-06-06 04:00:00,0.0,0.0,24.47,91.43,1.8
2018-06-06 05:00:00,0.0,0.0,24.03,93.75,1.61
2018-06-06 06:00:00,58.8,93.15,24.74,90.66,2.15
2018-06-06 07:00:00,161.55,289.92,26.91,79.85,2.02
2018-06-06 08:00:00,127.18,511.23,29.7,64.59,2.57
2018-06-06 09:00:00,84.38,704.05,31.06,59.37,2.06
2018-06-06 10:00:00,81.57,844.3,31.81,56.88,1.58
2018-06-06 11:00:00,113.15,918.83,32.16,55.73,1.23
2018-06-06 12:00:00,258.83,920.53,32.32,55.23,1.04
2018-06-06 13:00:00,329.85,851.17,32.25,55.51,0.97
2018-06-06 14:00:00,323.52,715.5,32.01,56.44,1.01
2018-06-06 15:00:00,210.2,526.2,31.59,58.53,1.05
2018-06-06 16:00:00,124.82,305.65,30.96,63.6,0.97
2018-06-06 17:00:00,50.8,104.05,30.16,68.39,0.94
2018-06-06 18:00:00,0.0,0.0,28.42,81.66,0.67
2018-06-06 19:00:00,0.0,0.0,27.66,82.11,0.8
2018-06-06 20:00:00,0.0,0.0,27.12,82.82,0.86
2018-06-06 21:00:00,0.0,0.0,26.65,83.4,0.95
2018-06-06 22:00:00,0.0,0.0,26.23,84.17,1.03
2018-06-06 23:00:00,0.0,0.0,25.87,85.02,1.06
2018-06-07 00:00:00,0.0,0.0,25.5,86.39,0.98
2018-06-07 01:00:00,0.0,0.0,25.22,87.66,0.9
2018-06-07 02:00:00,0.0,0.0,24.96,88.96,0.8
2018-06-07 03:00:00,0.0,0.0,24.69,90.23,0.74
2018-06-07 04:00:00,0.0,0.0,24.39,91.55,0.74
2018-06-07 05:00:00,0.0,0.0,24.12,92.93,0.77
2018-06-07 06:00:00,94.57,96.5,25.02,89.14,1.69
2018-06-07 07:00:00,275.73,293.77,26.72,81.45,2.09
2018-06-07 08:00:00,491.62,514.67,29.32,68.41,2.39
2018-06-07 09:00:00,698.92,705.15,30.86,62.49,2.23
2018-06-07 10:00:00,842.03,844.6,31.73,59.77,2.05
2018-06-07 11:00:00,920.1,920.3,32.15,58.51,1.85
2018-06-07 12:00:00,924.05,929.35,32.52,57.52,1.68
2018-06-07 13:00:00,855.83,857.17,32.48,57.71,1.6
2018-06-07 14:00:00,719.65,720.22,32.18,58.76,1.61
2018-06-07 15:00:00,524.3,525.03,31.66,60.8,1.54
2018-06-07 16:00:00,302.23,302.92,30.99,65.86,1.24
2018-06-07 17:00:00,112.45,112.88,30.09,70.81,1.14
2018-06-07 18:00:00,0.0,0.0,28.36,85.11,0.71
2018-06-07 19:00:00,0.0,0.0,27.69,85.44,0.83
2018-06-07 20:00:00,0.0,0.0,27.22,85.81,0.93
2018-06-07 21:00:00,0.0,0.0,26.83,86.36,0.98
2018-06-07 22:00:00,0.0,0.0,26.49,86.99,1.01
2018-06-07 23:00:00,0.0,0.0,26.2,87.5,1.05
2018-06-08 00:00:00,0.0,0.0,25.91,88.04,1.1
2018-06-08 01:00:00,0.0,0.0,25.68,88.53,1.14
2018-06-08 02:00:00,0.0,0.0,25.48,88.98,1.22
2018-06-08 03:00:00,0.0,0.0,25.32,89.38,1.32
2018-06-08 04:00:00,0.0,0.0,25.15,90.01,1.46
2018-06-08 05:00:00,0.0,0.0,24.96,90.91,1.52
2018-06-08 06:00:00,93.97,95.55,25.39,89.12,2.16
2018-06-08 07:00:00,279.02,290.12,26.38,85.33,2.2
2018-06-08 08:00:00,494.55,509.33,28.47,74.31,2.58
2018-06-08 09:00:00,682.62,705.67,30.09,66.64,2.49
2018-06-08 10:00:00,815.65,845.03,31.16,62.57,2.06
2018-06-08 11:00:00,874.15,919.67,31.93,60.0,1.65
2018-06-08 12:00:00,895.88,947.5,32.3,58.58,1.46
2018-06-08 13:00:00,826.3,874.97,32.53,57.76,1.66
2018-06-08 14:00:00,678.33,736.38,32.4,58.06,1.95
2018-06-08 15:00:00,501.52,544.88,31.87,60.04,2.02
2018-06-08 16:00:00,298.0,320.8,31.13,63.95,1.85
2018-06-08 17:00:00,109.68,114.05,29.74,73.72,1.26
2018-06-08 18:00:00,0.0,0.0,28.25,80.02,1.13
2018-06-08 19:00:00,0.0,0.0,27.68,80.91,1.44
2018-06-08 20:00:00,0.0,0.0,27.3,81.75,1.72
2018-06-08 21:00:00,0.0,0.0,26.93,83.18,1.97
2018-06-08 22:00:00,0.0,0.0,26.56,84.98,2.16
2018-06-08 23:00:00,0.0,0.0,26.24,86.55,2.33
2018-06-09 00:00:00,0.0,0.0,25.93,88.11,2.53
2018-06-09 01:00:00,0.0,0.0,25.63,89.5,2.65
2018-06-09 02:00:00,0.0,0.0,25.38,90.6,2.69
2018-06-09 03:00:00,0.0,0.0,25.13,91.55,2.7
2018-06-09 04:00:00,0.0,0.0,24.9,92.28,2.65
2018-06-09 05:00:00,0.0,0.0,24.65,92.99,2.59
2018-06-09 06:00:00,67.62,94.82,25.16,90.2,3.05
2018-06-09 07:00:00,198.02,293.08,26.81,80.58,4.01
2018-06-09 08:00:00,350.3,511.52,28.98,68.37,4.88
2018-06-09 09:00:00,564.53,699.12,30.77,60.71,4.67
2018-06-09 10:00:00,807.03,837.92,32.11,56.28,4.07
2018-06-09 11:00:00,898.9,910.78,33.23,53.04,3.6
2018-06-09 12:00:00,927.35,931.28,33.93,50.97,3.29
2018-06-09 13:00:00,839.38,861.88,34.0,50.56,3.15
2018-06-09 14:00:00,722.62,724.3,33.47,52.06,3.05
2018-06-09 15:00:00,523.28,533.92,32.52,55.26,2.97
2018-06-09 16:00:00,295.45,311.45,31.32,60.72,2.71
2018-06-09 17:00:00,97.38,101.8,29.69,70.11,2.05
2018-06-09 18:00:00,3.08,3.12,28.14,77.76,1.69
2018-06-09 19:00:00,0.0,0.0,27.49,80.34,1.76
2018-06-09 20:00:00,0.0,0.0,27.05,82.09,1.68
2018-06-09 21:00:00,0.0,0.0,26.67,83.7,1.56
2018-06-09 22:00:00,0.0,0.0,26.37,85.02,1.51
2018-06-09 23:00:00,0.0,0.0,26.09,86.23,1.57
2018-06-10 00:00:00,0.0,0.0,25.85,87.37,1.79
2018-06-10 01:00:00,0.0,0.0,25.59,88.87,2.08
2018-06-10 02:00:00,0.0,0.0,25.34,90.59,2.34
2018-06-10 03:00:00,0.0,0.0,25.13,92.12,2.5
2018-06-10 04:00:00,0.0,0.0,24.98,93.02,2.57
2018-06-10 05:00:00,0.0,0.0,24.82,93.71,2.59
2018-06-10 06:00:00,70.65,95.47,25.1,92.59,2.97
2018-06-10 07:00:00,188.85,295.62,26.02,88.03,3.66
2018-06-10 08:00:00,303.35,516.53,27.4,79.51,4.53
2018-06-10 09:00:00,399.95,708.45,28.69,72.72,4.61
2018-06-10 10:00:00,443.12,848.08,29.54,68.76,4.34
2018-06-10 11:00:00,608.72,923.08,30.02,66.61,3.98
2018-06-10 12:00:00,521.45,943.55,30.26,65.67,3.59
2018-06-10 13:00:00,446.38,872.88,30.27,65.72,3.15
2018-06-10 14:00:00,429.5,736.17,30.01,66.61,2.81
2018-06-10 15:00:00,339.77,545.12,29.68,67.78,2.61
2018-06-10 16:00:00,190.88,321.2,29.28,70.23,2.37
2018-06-10 17:00:00,60.65,104.75,28.16,80.37,1.38
2018-06-10 18:00:00,2.33,3.25,26.71,87.83,1.05
2018-06-10 19:00:00,0.0,0.0,26.29,88.31,1.26
2018-06-10 20:00:00,0.0,0.0,26.02,88.03,1.6
2018-06-10 21:00:00,0.0,0.0,25.74,88.07,1.99
2018-06-10 22:00:00,0.0,0.0,25.4,88.72,2.42
2018-06-10 23:00:00,0.0,0.0,25.01,90.0,2.72
2018-06-11 00:00:00,0.0,0.0,24.69,90.93,2.95
2018-06-11 01:00:00,0.0,0.0,24.46,91.36,3.08
2018-06-11 02:00:00,0.0,0.0,24.26,91.85,3.04
2018-06-11 03:00:00,0.0,0.0,24.08,92.54,2.96
2018-06-11 04:00:00,0.0,0.0,23.92,93.25,2.86
2018-06-11 05:00:00,0.0,0.0,23.78,93.98,2.64
2018-06-11 06:00:00,70.75,93.03,24.3,91.72,2.69
2018-06-11 07:00:00,216.95,289.58,25.77,83.55,2.96
2018-06-11 08:00:00,363.95,507.8,27.66,72.83,3.35
2018-06-11 09:00:00,529.35,696.55,29.38,64.43,3.33
2018-06-11 10:00:00,773.7,837.33,30.76,58.03,3.19
2018-06-11 11:00:00,880.33,912.0,31.93,53.45,3.06
2018-06-11 12:00:00,915.62,942.45,32.83,50.24,2.96
2018-06-11 13:00:00,763.05,871.95,33.32,48.26,2.83
2018-06-11 14:00:00,701.3,736.15,33.36,47.52,2.69
2018-06-11 15:00:00,533.0,546.92,32.98,47.9,2.52
2018-06-11 16:00:00,318.1,322.15,32.12,50.14,2.29
2018-06-11 17:00:00,108.97,110.05,30.66,58.89,1.53
2018-06-11 18:00:00,3.33,3.33,28.44,72.92,0.98
2018-06-11 19:00:00,0.0,0.0,27.49,74.17,1.15
2018-06-11 20:00:00,0.0,0.0,26.78,75.53,1.28
2018-06-11 21:00:00,0.0,0.0,26.24,77.04,1.32
2018-06-11 22:00:00,0.0,0.0,25.81,78.61,1.26
2018-06-11 23:00:00,0.0,0.0,25.42,80.05,1.18
2018-06-12 00:00:00,0.0,0.0,25.06,81.4,1.1
2018-06-12 01:00:00,0.0,0.0,24.72,82.73,1.03
2018-06-12 02:00:00,0.0,0.0,24.41,83.94,0.99
2018-06-12 03:00:00,0.0,0.0,24.1,85.36,0.99
2018-06-12 04:00:00,0.0,0.0,23.8,86.93,1.0
2018-06-12 05:00:00,0.0,0.0,23.51,88.78,1.04
2018-06-12 06:00:00,89.3,89.82,24.53,84.31,2.04
2018-06-12 07:00:00,278.83,282.25,26.78,74.63,2.41
2018-06-12 08:00:00,494.0,500.52,29.65,62.46,2.48
2018-06-12 09:00:00,686.9,687.97,31.6,55.33,1.99
2018-06-12 10:00:00,810.78,827.65,32.75,51.71,1.67
2018-06-12 11:00:00,840.7,899.03,33.45,49.67,1.67
2018-06-12 12:00:00,746.7,908.25,33.88,48.44,1.89
2018-06-12 13:00:00,780.83,833.58,34.0,48.06,2.11
2018-06-12 14:00:00,653.92,693.28,33.83,48.35,2.21
2018-06-12 15:00:00,471.45,502.02,33.36,49.59,2.16
2018-06-12 16:00:00,257.95,285.23,32.54,52.34,1.95
2018-06-12 17:00:00,83.53,92.4,31.15,61.06,1.33
2018-06-12 18:00:00,2.6,3.12,29.16,75.19,0.83
2018-06-12 19:00:00,0.0,0.0,28.25,77.76,0.84
2018-06-12 20:00:00,0.0,0.0,27.61,78.86,0.93
2018-06-12 21:00:00,0.0,0.0,27.02,80.05,1.02
2018-06-12 22:00:00,0.0,0.0,26.52,81.1,1.1
2018-06-12 23:00:00,0.0,0.0,26.19,81.85,1.16
2018-06-13 00:00:00,0.0,0.0,25.94,82.42,1.19
2018-06-13 01:00:00,0.0,0.0,25.74,82.93,1.19
2018-06-13 02:00:00,0.0,0.0,25.51,83.6,1.17
2018-06-13 03:00:00,0.0,0.0,25.29,84.31,1.22
2018-06-13 04:00:00,0.0,0.0,25.07,85.0,1.31
2018-06-13 05:00:00,0.0,0.0,24.77,86.1,1.41
2018-06-13 06:00:00,94.45,94.62,25.59,82.11,2.33
2018-06-13 07:00:00,287.65,288.4,27.7,73.09,2.53
2018-06-13 08:00:00,508.12,509.3,30.55,60.77,2.84
2018-06-13 09:00:00,691.78,703.4,32.05,55.76,2.32
2018-06-13 10:00:00,763.17,843.72,32.79,53.4,1.78
2018-06-13 11:00:00,855.58,917.95,33.06,52.57,1.6
2018-06-13 12:00:00,892.72,917.08,33.05,52.6,1.7
2018-06-13 13:00:00,723.67,845.33,32.81,53.44,1.89
2018-06-13 14:00:00,605.08,709.42,32.44,54.9,2.12
2018-06-13 15:00:00,497.95,521.67,31.94,57.14,2.22
2018-06-13 16:00:00,286.12,304.05,31.21,60.97,2.09
2018-06-13 17:00:00,97.47,100.25,29.94,69.89,1.47
2018-06-13 18:00:00,3.45,3.35,28.31,77.85,1.18
2018-06-13 19:00:00,0.0,0.0,27.73,79.36,1.4
2018-06-13 20:00:00,0.0,0.0,27.34,80.55,1.61
2018-06-13 21:00:00,0.0,0.0,26.96,81.97,1.74
2018-06-13 22:00:00,0.0,0.0,26.67,83.16,1.86
2018-06-13 23:00:00,0.0,0.0,26.45,84.13,1.99
2018-06-14 00:00:00,0.0,0.0,26.23,85.27,2.12
2018-06-14 01:00:00,0.0,0.0,26.04,86.27,2.28
2018-06-14 02:00:00,0.0,0.0,25.86,87.22,2.36
2018-06-14 03:00:00,0.0,0.0,25.71,87.99,2.54
2018-06-14 04:00:00,0.0,0.0,25.49,89.07,2.67
2018-06-14 05:00:00,0.0,0.0,25.28,90.17,2.71
2018-06-14 06:00:00,85.5,86.2,25.51,89.27,3.04
2018-06-14 07:00:00,263.62,272.35,26.54,84.13,3.71
2018-06-14 08:00:00,479.75,490.75,28.44,74.22,4.45
2018-06-14 09:00:00,664.92,683.6,30.44,64.75,4.55
2018-06-14 10:00:00,566.1,826.9,31.66,59.49,4.29
2018-06-14 11:00:00,693.95,899.75,32.27,56.78,3.97
2018-06-14 12:00:00,681.15,899.45,32.46,55.66,3.63
2018-06-14 13:00:00,578.22,829.35,32.4,55.73,3.24
2018-06-14 14:00:00,555.53,694.17,32.01,57.04,2.81
2018-06-14 15:00:00,344.52,502.3,31.41,59.1,2.45
2018-06-14 16:00:00,205.15,286.85,30.69,62.84,2.03
2018-06-14 17:00:00,75.6,93.65,29.53,72.17,1.33
2018-06-14 18:00:00,3.1,3.33,27.93,81.7,0.95
2018-06-14 19:00:00,0.0,0.0,27.36,82.89,1.05
2018-06-14 20:00:00,0.0,0.0,27.01,83.74,1.13
2018-06-14 21:00:00,0.0,0.0,26.67,84.98,1.14
2018-06-14 22:00:00,0.0,0.0,26.37,86.23,1.11
2018-06-14 23:00:00,0.0,0.0,26.1,87.31,1.11
2018-06-15 00:00:00,0.0,0.0,25.83,88.28,1.11
2018-06-15 01:00:00,0.0,0.0,25.57,89.22,1.17
2018-06-15 02:00:00,0.0,0.0,25.34,89.98,1.28
2018-06-15 03:00:00,0.0,0.0,25.18,90.34,1.54
2018-06-15 04:00:00,0.0,0.0,25.01,90.82,1.85
2018-06-15 05:00:00,0.0,0.0,24.78,91.99,1.96
2018-06-15 06:00:00,63.08,84.88,25.16,90.6,2.5
2018-06-15 07:00:00,200.1,274.27,26.56,83.69,2.7
2018-06-15 08:00:00,368.98,491.38,28.75,71.49,3.15
2018-06-15 09:00:00,594.38,681.88,30.51,63.61,3.07
2018-06-15 10:00:00,730.42,827.38,31.69,59.4,2.81
2018-06-15 11:00:00,820.58,903.22,32.53,56.62,2.49
2018-06-15 12:00:00,819.38,918.8,33.11,54.69,1.93
2018-06-15 13:00:00,829.15,852.95,33.35,54.11,1.58
2018-06-15 14:00:00,696.53,720.9,32.8,55.69,1.69
2018-06-15 15:00:00,512.05,535.85,32.09,57.95,1.86
2018-06-15 16:00:00,295.6,319.45,31.3,62.44,1.68
2018-06-15 17:00:00,101.7,108.7,29.92,72.23,1.14
2018-06-15 18:00:00,3.67,3.72,28.43,77.23,1.09
2018-06-15 19:00:00,0.0,0.0,27.85,77.97,1.38
2018-06-15 20:00:00,0.0,0.0,27.46,78.76,1.73
2018-06-15 21:00:00,0.0,0.0,27.1,79.92,2.1
2018-06-15 22:00:00,0.0,0.0,26.74,81.41,2.28
2018-06-15 23:00:00,0.0,0.0,26.35,83.28,2.3
2018-06-16 00:00:00,0.0,0.0,25.99,84.97,2.18
2018-06-16 01:00:00,0.0,0.0,25.66,86.5,2.12
2018-06-16 02:00:00,0.0,0.0,25.37,87.92,2.21
2018-06-16 03:00:00,0.0,0.0,25.14,89.08,2.46
2018-06-16 04:00:00,0.0,0.0,24.92,90.29,2.55
2018-06-16 05:00:00,0.0,0.0,24.66,91.8,2.25
2018-06-16 06:00:00,87.82,92.07,25.05,89.83,2.5
2018-06-16 07:00:00,261.6,289.98,26.28,83.24,2.97
2018-06-16 08:00:00,454.67,511.85,27.75,75.26,3.58
2018-06-16 09:00:00,628.55,704.8,28.97,69.58,3.87
2018-06-16 10:00:00,787.5,843.33,29.8,65.92,3.91
2018-06-16 11:00:00,853.0,914.5,30.4,63.07,3.78
2018-06-16 12:00:00,735.38,866.72,30.68,61.22,3.69
2018-06-16 13:00:00,424.92,797.85,30.77,60.08,3.47
2018-06-16 14:00:00,59.85,659.25,30.53,60.31,3.09
2018-06-16 15:00:00,34.6,473.88,30.18,61.53,2.77
2018-06-16 16:00:00,32.2,267.75,29.64,65.11,2.22
2018-06-16 17:00:00,15.32,86.38,28.5,73.03,1.37
2018-06-16 18:00:00,1.05,3.25,27.33,78.11,1.07
2018-06-16 19:00:00,0.0,0.0,26.87,80.24,0.89
2018-06-16 20:00:00,0.0,0.0,26.44,82.03,0.82
2018-06-16 21:00:00,0.0,0.0,26.03,83.1,0.99
2018-06-16 22:00:00,0.0,0.0,25.73,83.83,1.31
2018-06-16 23:00:00,0.0,0.0,25.43,84.96,1.62
2018-06-17 00:00:00,0.0,0.0,25.06,86.8,1.65
2018-06-17 01:00:00,0.0,0.0,24.61,89.37,1.17
2018-06-17 02:00:00,0.0,0.0,24.26,91.64,1.11
2018-06-17 03:00:00,0.0,0.0,24.17,92.7,1.85
2018-06-17 04:00:00,0.0,0.0,24.05,93.92,2.46
2018-06-17 05:00:00,0.0,0.0,23.96,94.46,2.8
2018-06-17 06:00:00,35.25,78.8,24.39,92.2,3.32
2018-06-17 07:00:00,112.47,260.65,25.64,84.91,3.66
2018-06-17 08:00:00,211.77,470.77,27.35,74.77,4.15
2018-06-17 09:00:00,360.42,664.3,28.95,66.0,4.38
2018-06-17 10:00:00,559.25,801.6,30.19,59.94,4.22
2018-06-17 11:00:00,738.22,872.92,31.51,54.72,3.95
2018-06-17 12:00:00,792.58,871.0,32.58,50.77,3.58
2018-06-17 13:00:00,738.83,810.67,33.1,48.71,3.05
2018-06-17 14:00:00,604.72,675.15,33.11,48.47,2.46
2018-06-17 15:00:00,451.45,494.58,32.71,49.6,2.0
2018-06-17 16:00:00,195.3,284.55,31.94,52.78,1.53
2018-06-17 17:00:00,67.78,95.6,30.68,62.29,0.97
2018-06-17 18:00:00,2.65,3.62,28.81,72.72,0.78
2018-06-17 19:00:00,0.0,0.0,28.11,72.9,1.01
2018-06-17 20:00:00,0.0,0.0,27.61,73.01,1.41
2018-06-17 21:00:00,0.0,0.0,27.19,73.85,1.94
2018-06-17 22:00:00,0.0,0.0,26.66,76.92,2.19
2018-06-17 23:00:00,0.0,0.0,26.03,80.99,2.08
2018-06-18 00:00:00,0.0,0.0,25.49,84.56,1.91
2018-06-18 01:00:00,0.0,0.0,25.13,86.9,1.81
2018-06-18 02:00:00,0.0,0.0,24.89,88.33,1.94
2018-06-18 03:00:00,0.0,0.0,24.66,89.49,2.31
2018-06-18 04:00:00,0.0,0.0,24.35,91.16,2.85
2018-06-18 05:00:00,0.0,0.0,24.0,93.04,3.1
2018-06-18 06:00:00,71.93,79.28,24.19,92.65,3.23
2018-06-18 07:00:00,222.73,259.75,25.19,88.9,3.51
2018-06-18 08:00:00,404.6,473.27,26.59,81.81,4.0
2018-06-18 09:00:00,577.8,666.78,27.88,75.44,4.0
2018-06-18 10:00:00,729.83,811.0,28.95,70.88,3.7
2018-06-18 11:00:00,800.8,879.25,29.68,67.82,3.4
2018-06-18 12:00:00,762.15,790.62,29.8,66.97,3.11
2018-06-18 13:00:00,684.97,735.5,29.77,67.03,2.83
2018-06-18 14:00:00,513.88,609.83,29.61,67.76,2.47
2018-06-18 15:00:00,348.88,439.58,29.08,70.62,2.14
2018-06-18 16:00:00,188.95,249.05,28.32,76.45,1.64
2018-06-18 17:00:00,68.95,81.68,27.29,83.71,1.4
2018-06-18 18:00:00,3.2,3.33,26.2,88.89,1.48
2018-06-18 19:00:00,0.0,0.0,25.69,90.51,2.01
2018-06-18 20:00:00,0.0,0.0,25.31,92.15,2.34
2018-06-18 21:00:00,0.0,0.0,24.98,93.63,2.34
2018-06-18 22:00:00,0.0,0.0,24.72,94.46,2.38
2018-06-18 23:00:00,0.0,0.0,24.48,94.9,2.56
2018-06-19 00:00:00,0.0,0.0,24.24,95.41,2.71
2018-06-19 01:00:00,0.0,0.0,24.02,96.0,2.41
2018-06-19 02:00:00,0.0,0.0,23.86,96.34,1.87
2018-06-19 03:00:00,0.0,0.0,23.75,96.38,1.84
2018-06-19 04:00:00,0.0,0.0,23.63,96.42,1.83
2018-06-19 05:00:00,0.0,0.0,23.44,96.73,1.7
2018-06-19 06:00:00,61.3,71.65,23.81,95.02,2.18
2018-06-19 07:00:00,163.88,237.02,24.79,90.3,2.79
2018-06-19 08:00:00,288.7,437.95,26.18,81.9,3.59
2018-06-19 09:00:00,526.28,626.45,27.59,73.53,3.98
2018-06-19 10:00:00,520.92,770.15,28.61,68.28,4.0
2018-06-19 11:00:00,487.6,852.67,29.14,65.37,3.94
2018-06-19 12:00:00,561.85,906.1,29.61,62.93,3.9
2018-06-19 13:00:00,535.88,839.42,30.08,60.51,3.87
2018-06-19 14:00:00,433.75,705.15,30.25,59.15,3.7
2018-06-19 15:00:00,317.73,517.0,30.03,59.22,3.41
2018-06-19 16:00:00,176.4,293.92,29.39,61.6,3.01
2018-06-19 17:00:00,66.32,97.9,28.16,69.94,1.98
2018-06-19 18:00:00,2.92,3.85,26.5,78.51,1.47
2018-06-19 19:00:00,0.0,0.0,25.89,80.23,1.67
2018-06-19 20:00:00,0.0,0.0,25.55,81.34,1.96
2018-06-19 21:00:00,0.0,0.0,25.37,82.19,2.41
2018-06-19 22:00:00,0.0,0.0,25.03,84.57,2.61
2018-06-19 23:00:00,0.0,0.0,24.71,87.09,2.81
2018-06-20 00:00:00,0.0,0.0,24.4,89.39,2.74
2018-06-20 01:00:00,0.0,0.0,24.07,91.54,2.61
2018-06-20 02:00:00,0.0,0.0,23.81,93.08,2.64
2018-06-20 03:00:00,0.0,0.0,23.6,94.0,2.78
2018-06-20 04:00:00,0.0,0.0,23.45,94.34,2.92
2018-06-20 05:00:00,0.0,0.0,23.33,94.3,3.03
2018-06-20 06:00:00,84.8,84.85,23.59,92.39,3.37
2018-06-20 07:00:00,272.77,273.23,24.48,85.88,4.58
2018-06-20 08:00:00,453.4,453.92,25.72,78.07,5.27
2018-06-20 09:00:00,645.83,649.67,26.79,72.59,5.23
2018-06-20 10:00:00,764.85,798.05,28.14,66.82,5.13
2018-06-20 11:00:00,830.25,880.0,29.32,62.14,4.95
2018-06-20 12:00:00,819.05,868.42,29.86,59.72,4.71
2018-06-20 13:00:00,715.92,798.62,30.14,58.37,4.48
2018-06-20 14:00:00,577.92,667.25,30.29,57.56,4.2
2018-06-20 15:00:00,372.05,478.55,29.9,58.62,3.77
2018-06-20 16:00:00,191.5,266.77,29.16,62.51,3.06
2018-06-20 17:00:00,66.55,86.05,27.9,71.74,1.89
2018-06-20 18:00:00,3.08,3.58,26.61,79.07,1.46
2018-06-20 19:00:00,0.0,0.0,26.1,81.55,1.61
2018-06-20 20:00:00,0.0,0.0,25.7,83.69,1.74
2018-06-20 21:00:00,0.0,0.0,25.34,85.73,1.79
2018-06-20 22:00:00,0.0,0.0,25.03,87.13,1.95
2018-06-20 23:00:00,0.0,0.0,24.76,88.06,2.29
2018-06-21 00:00:00,0.0,0.0,24.51,88.97,2.68
2018-06-21 01:00:00,0.0,0.0,24.17,91.11,2.66
2018-06-21 02:00:00,0.0,0.0,23.88,93.01,2.68
2018-06-21 03:00:00,0.0,0.0,23.6,94.75,2.54
2018-06-21 04:00:00,0.0,0.0,23.39,95.82,2.45
2018-06-21 05:00:00,0.0,0.0,23.25,96.23,2.43
2018-06-21 06:00:00,47.72,78.35,23.51,95.37,2.78
2018-06-21 07:00:00,131.02,260.33,24.2,92.63,3.34
2018-06-21 08:00:00,214.6,474.58,25.09,87.91,3.96
2018-06-21 09:00:00,328.5,664.53,26.21,82.22,4.11
2018-06-21 10:00:00,371.98,806.1,27.19,77.52,4.03
2018-06-21 11:00:00,402.52,882.25,27.91,74.17,3.77
2018-06-21 12:00:00,346.83,889.65,28.38,71.81,3.36
2018-06-21 13:00:00,417.2,825.3,28.58,70.67,2.87
2018-06-21 14:00:00,314.98,695.83,28.44,71.14,2.41
2018-06-21 15:00:00,196.12,514.88,28.21,72.23,2.13
2018-06-21 16:00:00,117.28,303.17,27.75,74.99,1.87
2018-06-21 17:00:00,45.28,101.22,26.83,82.04,1.26
2018-06-21 18:00:00,2.83,4.03,25.45,91.68,0.75
2018-06-21 19:00:00,0.0,0.0,24.91,92.78,0.84
2018-06-21 20:00:00,0.0,0.0,24.56,93.6,0.96
2018-06-21 21:00:00,0.0,0.0,24.28,94.37,1.02
2018-06-21 22:00:00,0.0,0.0,24.03,95.28,1.08
2018-06-21 23:00:00,0.0,0.0,23.84,95.92,1.22
2018-06-22 00:00:00,0.0,0.0,23.68,96.57,1.45
2018-06-22 01:00:00,0.0,0.0,23.56,97.02,1.6
2018-06-22 02:00:00,0.0,0.0,23.51,97.03,1.71
2018-06-22 03:00:00,0.0,0.0,23.5,96.89,1.96
2018-06-22 04:00:00,0.0,0.0,23.48,96.6,2.22
2018-06-22 05:00:00,0.0,0.0,23.41,96.49,2.38
2018-06-22 06:00:00,82.1,86.93,23.6,95.54,2.7
2018-06-22 07:00:00,236.3,281.9,24.14,93.51,3.07
2018-06-22 08:00:00,388.77,501.67,24.97,88.36,3.51
2018-06-22 09:00:00,522.78,694.17,26.24,79.48,3.53
2018-06-22 10:00:00,627.47,835.95,27.58,71.5,3.29
2018-06-22 11:00:00,796.65,912.97,28.61,66.51,3.14
2018-06-22 12:00:00,834.0,916.75,29.55,62.54,3.15
2018-06-22 13:00:00,612.95,851.95,30.31,59.5,3.27
2018-06-22 14:00:00,490.52,721.85,30.61,58.14,3.32
2018-06-22 15:00:00,406.75,537.6,30.38,58.59,3.25
2018-06-22 16:00:00,271.9,321.27,29.74,60.78,2.99
2018-06-22 17:00:00,97.38,111.62,28.42,69.65,1.84
2018-06-22 18:00:00,4.05,4.32,26.45,81.14,0.97
2018-06-22 19:00:00,0.0,0.0,25.83,83.48,0.87
2018-06-22 20:00:00,0.0,0.0,25.44,84.96,0.83
2018-06-22 21:00:00,0.0,0.0,25.07,86.26,0.86
2018-06-22 22:00:00,0.0,0.0,24.79,87.65,0.94
2018-06-22 23:00:00,0.0,0.0,24.57,89.04,1.19
2018-06-23 00:00:00,0.0,0.0,24.43,90.51,1.73
2018-06-23 01:00:00,0.0,0.0,24.28,92.58,2.26
2018-06-23 02:00:00,0.0,0.0,24.15,94.22,2.65
2018-06-23 03:00:00,0.0,0.0,24.06,94.7,2.91
2018-06-23 04:00:00,0.0,0.0,23.9,93.33,3.28
2018-06-23 05:00:00,0.0,0.0,23.56,93.2,3.37
2018-06-23 06:00:00,49.05,89.53,23.66,92.36,3.54
2018-06-23 07:00:00,153.65,292.88,24.56,87.21,4.09
2018-06-23 08:00:00,277.27,514.1,26.12,77.31,4.8
2018-06-23 09:00:00,444.12,706.3,27.89,68.31,5.2
2018-06-23 10:00:00,619.67,847.72,29.3,62.59,5.25
2018-06-23 11:00:00,689.67,924.7,30.17,59.64,5.02
2018-06-23 12:00:00,660.15,915.17,30.47,58.69,4.62
2018-06-23 13:00:00,674.72,849.38,30.51,58.56,4.23
2018-06-23 14:00:00,560.72,717.6,30.39,59.0,3.9
2018-06-23 15:00:00,404.27,533.1,29.99,60.34,3.62
2018-06-23 16:00:00,223.65,316.38,29.27,63.89,3.13
2018-06-23 17:00:00,76.55,106.97,27.95,73.5,1.88
2018-06-23 18:00:00,3.5,4.3,26.45,82.21,1.25
2018-06-23 19:00:00,0.0,0.0,26.04,84.98,1.22
2018-06-23 20:00:00,0.0,0.0,25.72,87.14,1.25
2018-06-23 21:00:00,0.0,0.0,25.33,89.17,1.32
2018-06-23 22:00:00,0.0,0.0,24.94,90.8,1.56
2018-06-23 23:00:00,0.0,0.0,24.58,92.3,1.82
2018-06-24 00:00:00,0.0,0.0,24.31,93.86,1.68
2018-06-24 01:00:00,0.0,0.0,24.17,94.71,1.71
2018-06-24 02:00:00,0.0,0.0,24.06,95.26,1.79
2018-06-24 03:00:00,0.0,0.0,24.0,95.55,1.81
2018-06-24 04:00:00,0.0,0.0,23.91,95.86,1.95
2018-06-24 05:00:00,0.0,0.0,23.86,95.48,2.48
2018-06-24 06:00:00,44.53,86.07,23.97,94.46,2.97
2018-06-24 07:00:00,141.35,284.65,24.23,92.9,3.34
2018-06-24 08:00:00,232.1,504.1,24.43,91.52,3.57
2018-06-24 09:00:00,331.35,695.58,24.79,88.79,3.81
2018-06-24 10:00:00,424.73,836.15,25.43,85.02,4.08
2018-06-24 11:00:00,442.42,912.78,26.23,80.89,4.26
2018-06-24 12:00:00,478.3,928.35,26.95,77.5,4.37
2018-06-24 13:00:00,574.55,865.0,27.64,74.27,4.34
2018-06-24 14:00:00,482.52,735.4,28.29,71.41,4.21
2018-06-24 15:00:00,378.67,553.38,28.53,70.4,4.01
2018-06-24 16:00:00,236.73,337.85,27.89,73.25,3.68
2018-06-24 17:00:00,87.0,120.9,26.68,80.15,2.89
2018-06-24 18:00:00,4.18,4.65,25.43,87.25,2.36
2018-06-24 19:00:00,0.0,0.0,24.92,89.69,2.79
2018-06-24 20:00:00,0.0,0.0,24.53,91.81,2.92
2018-06-24 21:00:00,0.0,0.0,24.23,93.47,2.87
2018-06-24 22:00:00,0.0,0.0,23.97,94.96,2.59
2018-06-24 23:00:00,0.0,0.0,23.77,95.81,2.25
2018-06-25 00:00:00,0.0,0.0,23.55,96.61,1.88
2018-06-25 01:00:00,0.0,0.0,23.44,96.83,1.68
2018-06-25 02:00:00,0.0,0.0,23.3,96.88,1.66
2018-06-25 03:00:00,0.0,0.0,23.26,96.44,1.84
2018-06-25 04:00:00,0.0,0.0,23.17,96.51,1.96
2018-06-25 05:00:00,0.0,0.0,23.05,96.87,1.96
2018-06-25 06:00:00,69.38,92.72,23.66,94.97,2.61
2018-06-25 07:00:00,203.02,298.0,24.88,89.41,3.23
2018-06-25 08:00:00,322.38,514.67,26.41,80.09,3.67
2018-06-25 09:00:00,445.55,704.3,27.95,72.39,3.63
2018-06-25 10:00:00,525.7,843.1,29.16,67.74,3.33
2018-06-25 11:00:00,584.53,916.05,29.92,64.92,2.88
2018-06-25 12:00:00,752.72,898.92,30.62,62.68,2.4
2018-06-25 13:00:00,646.12,831.88,30.91,61.36,1.93
2018-06-25 14:00:00,517.58,702.92,30.89,61.13,1.58
2018-06-25 15:00:00,382.85,515.2,30.29,63.61,1.49
2018-06-25 16:00:00,242.93,301.48,29.62,67.4,1.46
2018-06-25 17:00:00,90.55,103.4,28.67,74.32,1.16
2018-06-25 18:00:00,4.18,4.3,26.91,86.35,0.76
2018-06-25 19:00:00,0.0,0.0,26.08,88.64,0.79
2018-06-25 20:00:00,0.0,0.0,25.56,89.64,0.84
2018-06-25 21:00:00,0.0,0.0,25.18,90.6,0.81
2018-06-25 22:00:00,0.0,0.0,24.87,91.5,0.75
2018-06-25 23:00:00,0.0,0.0,24.56,92.13,0.73
2018-06-26 00:00:00,0.0,0.0,24.23,92.63,0.76
2018-06-26 01:00:00,0.0,0.0,23.91,93.06,0.78
2018-06-26 02:00:00,0.0,0.0,23.62,93.38,0.81
2018-06-26 03:00:00,0.0,0.0,23.33,93.88,0.87
2018-06-26 04:00:00,0.0,0.0,23.06,94.38,0.93
2018-06-26 05:00:00,0.0,0.0,22.83,95.16,1.01
2018-06-26 06:00:00,58.08,69.4,23.75,92.28,1.92
2018-06-26 07:00:00,210.32,240.3,25.07,88.63,2.04
2018-06-26 08:00:00,389.98,436.33,27.84,74.08,2.02
2018-06-26 09:00:00,603.03,630.97,29.64,66.13,1.3
2018-06-26 10:00:00,730.92,773.22,30.81,61.61,0.28
2018-06-26 11:00:00,827.08,856.0,31.7,58.08,1.08
2018-06-26 12:00:00,844.22,882.0,32.02,57.01,1.79
2018-06-26 13:00:00,715.5,821.25,31.53,58.38,2.11
2018-06-26 14:00:00,568.2,685.55,30.97,60.77,2.1
2018-06-26 15:00:00,295.75,510.12,30.29,64.58,1.87
2018-06-26 16:00:00,139.88,301.35,29.5,71.24,1.41
2018-06-26 17:00:00,53.65,101.4,28.28,79.88,1.1
2018-06-26 18:00:00,2.85,4.38,26.94,86.81,0.85
2018-06-26 19:00:00,0.0,0.0,26.36,87.82,0.94
2018-06-26 20:00:00,0.0,0.0,25.9,88.85,1.0
2018-06-26 21:00:00,0.0,0.0,25.49,90.05,1.02
2018-06-26 22:00:00,0.0,0.0,25.13,91.01,1.09
2018-06-26 23:00:00,0.0,0.0,24.83,91.68,1.24
2018-06-27 00:00:00,0.0,0.0,24.64,91.89,1.49
2018-06-27 01:00:00,0.0,0.0,24.48,92.25,1.68
2018-06-27 02:00:00,0.0,0.0,24.3,92.93,1.75
2018-06-27 03:00:00,0.0,0.0,24.12,93.56,1.74
2018-06-27 04:00:00,0.0,0.0,23.9,94.34,1.55
2018-06-27 05:00:00,0.0,0.0,23.76,94.9,1.36
2018-06-27 06:00:00,59.95,74.43,24.19,93.18,1.78
2018-06-27 07:00:00,183.45,254.25,24.97,89.88,2.1
2018-06-27 08:00:00,327.52,464.95,26.71,76.97,2.56
2018-06-27 09:00:00,462.77,648.62,28.37,67.22,2.65
2018-06-27 10:00:00,518.95,795.42,29.71,62.11,2.47
2018-06-27 11:00:00,663.53,876.1,30.55,59.73,2.27
2018-06-27 12:00:00,686.33,886.17,31.0,58.84,2.16
2018-06-27 13:00:00,517.67,820.03,30.99,59.33,2.1
2018-06-27 14:00:00,494.15,687.12,30.62,61.11,2.04
2018-06-27 15:00:00,308.02,505.2,29.88,64.34,1.89
2018-06-27 16:00:00,192.57,288.45,28.97,71.29,1.47
2018-06-27 17:00:00,77.62,99.6,27.89,77.34,1.3
2018-06-27 18:00:00,3.95,4.43,26.55,87.25,0.88
2018-06-27 19:00:00,0.0,0.0,25.99,88.56,0.94
2018-06-27 20:00:00,0.0,0.0,25.6,89.16,1.03
2018-06-27 21:00:00,0.0,0.0,25.3,89.95,1.08
2018-06-27 22:00:00,0.0,0.0,25.03,90.74,1.1
2018-06-27 23:00:00,0.0,0.0,24.74,91.56,1.15
2018-06-28 00:00:00,0.0,0.0,24.42,92.68,1.18
2018-06-28 01:00:00,0.0,0.0,24.14,93.84,1.15
2018-06-28 02:00:00,0.0,0.0,23.93,95.0,1.02
2018-06-28 03:00:00,0.0,0.0,23.78,95.97,0.83
2018-06-28 04:00:00,0.0,0.0,23.65,96.74,0.66
2018-06-28 05:00:00,0.0,0.0,23.46,97.24,0.53
2018-06-28 06:00:00,55.25,68.72,24.02,94.79,0.85
2018-06-28 07:00:00,178.3,237.8,24.86,89.99,0.96
2018-06-28 08:00:00,331.83,451.8,26.11,83.06,0.76
2018-06-28 09:00:00,394.83,645.12,27.34,76.66,0.67
2018-06-28 10:00:00,397.58,779.53,28.46,70.78,0.42
2018-06-28 11:00:00,620.65,853.6,29.1,67.7,0.2
2018-06-28 12:00:00,717.78,875.8,29.31,66.42,0.07
2018-06-28 13:00:00,662.38,818.58,29.31,65.91,0.11
2018-06-28 14:00:00,573.67,686.83,29.28,65.22,0.23
2018-06-28 15:00:00,442.98,497.35,29.07,65.56,0.28
2018-06-28 16:00:00,263.17,288.02,28.74,69.5,0.31
2018-06-28 17:00:00,95.78,99.32,27.79,75.38,0.44
2018-06-28 18:00:00,4.43,4.43,26.68,80.71,0.55
2018-06-28 19:00:00,0.0,0.0,25.9,82.26,0.71
2018-06-28 20:00:00,0.0,0.0,25.18,85.91,0.81
2018-06-28 21:00:00,0.0,0.0,24.69,87.75,0.9
2018-06-28 22:00:00,0.0,0.0,24.31,89.43,1.01
2018-06-28 23:00:00,0.0,0.0,24.03,90.97,1.14
2018-06-29 00:00:00,0.0,0.0,23.86,92.44,1.32
2018-06-29 01:00:00,0.0,0.0,23.78,93.75,1.49
2018-06-29 02:00:00,0.0,0.0,23.62,95.12,1.57
2018-06-29 03:00:00,0.0,0.0,23.41,96.22,1.6
2018-06-29 04:00:00,0.0,0.0,23.31,96.54,1.77
2018-06-29 05:00:00,0.0,0.0,23.21,96.71,1.95
2018-06-29 06:00:00,50.33,72.1,23.69,94.84,2.56
2018-06-29 07:00:00,176.77,251.68,24.73,90.32,2.93
2018-06-29 08:00:00,325.15,462.33,26.3,81.38,3.28
2018-06-29 09:00:00,493.52,658.58,27.96,72.58,3.31
2018-06-29 10:00:00,553.83,794.42,29.23,66.79,3.04
2018-06-29 11:00:00,697.05,871.95,30.3,62.06,2.55
2018-06-29 12:00:00,664.17,905.15,31.1,58.29,1.97
2018-06-29 13:00:00,572.28,836.97,31.45,55.9,1.49
2018-06-29 14:00:00,517.75,708.22,31.47,55.06,1.41
2018-06-29 15:00:00,412.42,525.15,30.98,55.8,1.57
2018-06-29 16:00:00,247.68,310.17,30.26,57.93,1.67
2018-06-29 17:00:00,89.72,107.8,28.92,66.28,1.39
2018-06-29 18:00:00,4.35,4.68,26.97,77.63,1.1
2018-06-29 19:00:00,0.0,0.0,26.06,78.72,1.53
2018-06-29 20:00:00,0.0,0.0,25.43,80.62,1.97
2018-06-29 21:00:00,0.0,0.0,24.78,83.89,2.0
2018-06-29 22:00:00,0.0,0.0,24.31,86.48,1.88
2018-06-29 23:00:00,0.0,0.0,23.92,88.54,1.79
2018-06-30 00:00:00,0.0,0.0,23.55,90.31,1.74
2018-06-30 01:00:00,0.0,0.0,23.21,91.96,1.75
2018-06-30 02:00:00,0.0,0.0,22.93,93.49,1.8
2018-06-30 03:00:00,0.0,0.0,22.71,94.86,1.7
2018-06-30 04:00:00,0.0,0.0,22.49,96.29,1.28
2018-06-30 05:00:00,0.0,0.0,22.31,97.23,0.9
2018-06-30 06:00:00,62.92,78.78,23.2,93.92,1.63
2018-06-30 07:00:00,189.1,270.45,24.81,87.13,2.02
2018-06-30 08:00:00,361.25,490.88,27.13,75.65,2.21
2018-06-30 09:00:00,448.17,680.85,28.57,68.46,1.41
2018-06-30 10:00:00,569.15,818.58,29.22,65.17,0.55
2018-06-30 11:00:00,703.6,892.17,29.85,62.14,0.03
2018-06-30 12:00:00,747.88,888.97,30.57,58.96,0.43
2018-06-30 13:00:00,498.23,821.33,31.09,56.95,0.79
2018-06-30 14:00:00,477.77,685.85,31.13,56.76,1.06
2018-06-30 15:00:00,35.65,501.3,30.75,58.19,1.24
2018-06-30 16:00:00,56.3,290.02,30.0,62.8,1.24
2018-06-30 17:00:00,24.35,98.05,28.94,69.8,1.19
2018-06-30 18:00:00,2.28,4.47,27.15,83.97,0.75
2018-06-30 19:00:00,0.0,0.0,26.46,85.18,0.92
2018-06-30 20:00:00,0.0,0.0,25.89,86.41,1.11
2018-06-30 21:00:00,0.0,0.0,25.34,87.59,1.3
2018-06-30 22:00:00,0.0,0.0,24.74,89.35,1.45
2018-06-30 23:00:00,0.0,0.0,24.24,91.22,1.53
2018-07-01 00:00:00,0.0,0.0,23.81,93.14,1.51
2018-07-01 01:00:00,0.0,0.0,23.48,94.74,1.44
2018-07-01 02:00:00,0.0,0.0,23.25,95.7,1.38
2018-07-01 03:00:00,0.0,0.0,23.09,96.24,1.39
2018-07-01 04:00:00,0.0,0.0,22.98,96.51,1.43
2018-07-01 05:00:00,0.0,0.0,22.9,96.51,1.5
2018-07-01 06:00:00,37.33,77.6,23.34,94.95,2.18
2018-07-01 07:00:00,117.85,272.33,24.22,92.22,2.71
2018-07-01 08:00:00,211.45,490.25,25.37,86.71,3.06
2018-07-01 09:00:00,338.62,682.83,26.53,80.11,3.07
2018-07-01 10:00:00,427.88,822.67,27.53,75.1,2.65
2018-07-01 11:00:00,438.52,901.72,28.3,70.9,2.06
2018-07-01 12:00:00,526.2,908.47,28.71,68.11,1.73
2018-07-01 13:00:00,488.3,843.5,28.53,68.54,1.76
2018-07-01 14:00:00,382.05,713.75,27.92,71.72,1.93
2018-07-01 15:00:00,312.42,530.3,27.18,75.92,2.15
2018-07-01 16:00:00,202.35,316.45,26.43,80.79,2.15
2018-07-01 17:00:00,75.3,109.62,25.49,87.73,1.75
2018-07-01 18:00:00,4.15,4.8,24.7,92.16,1.54
2018-07-01 19:00:00,0.0,0.0,24.43,93.03,1.57
2018-07-01 20:00:00,0.0,0.0,24.25,93.5,1.41
2018-07-01 21:00:00,0.0,0.0,24.05,94.07,1.15
2018-07-01 22:00:00,0.0,0.0,23.79,94.52,0.97
2018-07-01 23:00:00,0.0,0.0,23.49,94.75,0.96
2018-07-02 00:00:00,0.0,0.0,23.15,94.86,1.05
2018-07-02 01:00:00,0.0,0.0,22.75,95.53,1.16
2018-07-02 02:00:00,0.0,0.0,22.47,96.03,1.34
2018-07-02 03:00:00,0.0,0.0,22.29,96.5,1.61
2018-07-02 04:00:00,0.0,0.0,22.19,96.97,1.71
2018-07-02 05:00:00,0.0,0.0,22.15,97.13,1.73
2018-07-02 06:00:00,42.2,77.05,22.66,95.78,2.31
2018-07-02 07:00:00,141.52,274.23,23.39,93.24,2.98
2018-07-02 08:00:00,220.6,495.23,24.14,88.02,3.88
2018-07-02 09:00:00,343.67,689.08,25.35,80.63,4.07
2018-07-02 10:00:00,514.92,832.85,26.6,74.4,3.9
2018-07-02 11:00:00,613.17,911.7,27.65,70.29,3.62
2018-07-02 12:00:00,489.45,888.2,28.35,67.52,3.22
2018-07-02 13:00:00,576.58,823.42,28.68,66.07,2.81
2018-07-02 14:00:00,591.88,692.33,28.68,65.8,2.46
2018-07-02 15:00:00,416.35,500.88,28.43,66.57,2.19
2018-07-02 16:00:00,242.65,291.23,27.97,69.15,1.78
2018-07-02 17:00:00,92.53,102.0,27.07,76.23,1.18
2018-07-02 18:00:00,4.62,4.62,25.58,87.75,0.67
2018-07-02 19:00:00,0.0,0.0,25.02,88.95,0.7
2018-07-02 20:00:00,0.0,0.0,24.67,89.78,0.74
2018-07-02 21:00:00,0.0,0.0,24.27,90.28,0.83
2018-07-02 22:00:00,0.0,0.0,23.81,90.9,0.94
2018-07-02 23:00:00,0.0,0.0,23.38,91.6,1.0
2018-07-03 00:00:00,0.0,0.0,22.98,92.5,1.03
2018-07-03 01:00:00,0.0,0.0,22.65,93.12,1.08
2018-07-03 02:00:00,0.0,0.0,22.39,93.76,1.09
2018-07-03 03:00:00,0.0,0.0,22.18,94.44,1.06
2018-07-03 04:00:00,0.0,0.0,21.94,95.38,1.0
2018-07-03 05:00:00,0.0,0.0,21.74,96.23,0.95
2018-07-03 06:00:00,69.7,74.0,22.59,93.19,1.72
2018-07-03 07:00:00,231.15,261.08,23.86,89.69,1.8
2018-07-03 08:00:00,425.3,478.92,26.67,75.23,2.18
2018-07-03 09:00:00,574.5,669.9,28.61,66.48,2.01
2018-07-03 10:00:00,543.58,810.97,29.7,62.63,1.58
2018-07-03 11:00:00,601.78,887.97,30.44,60.01,1.1
2018-07-03 12:00:00,715.28,911.0,30.93,58.22,0.64
2018-07-03 13:00:00,651.62,845.5,30.99,57.59,0.38
2018-07-03 14:00:00,484.35,713.72,30.76,58.1,0.4
2018-07-03 15:00:00,319.73,528.4,30.32,59.81,0.71
2018-07-03 16:00:00,170.6,312.35,29.48,65.2,0.93
2018-07-03 17:00:00,68.88,109.47,28.41,70.93,0.96
2018-07-03 18:00:00,3.03,4.85,26.92,84.2,0.69
2018-07-03 19:00:00,0.0,0.0,26.21,88.64,0.62
2018-07-03 20:00:00,0.0,0.0,25.78,90.19,0.59
2018-07-03 21:00:00,0.0,0.0,25.51,90.93,0.5
2018-07-03 22:00:00,0.0,0.0,25.38,89.86,0.44
2018-07-03 23:00:00,0.0,0.0,25.22,88.3,0.4
2018-07-04 00:00:00,0.0,0.0,24.92,88.94,0.36
2018-07-04 01:00:00,0.0,0.0,24.61,89.89,0.37
2018-07-04 02:00:00,0.0,0.0,24.31,90.91,0.42
2018-07-04 03:00:00,0.0,0.0,24.0,92.13,0.51
2018-07-04 04:00:00,0.0,0.0,23.64,93.99,0.58
2018-07-04 05:00:00,0.0,0.0,23.31,95.33,0.62
2018-07-04 06:00:00,52.12,75.28,23.95,93.13,1.23
2018-07-04 07:00:00,168.57,269.05,25.11,87.67,1.65
2018-07-04 08:00:00,300.9,494.65,26.93,77.68,1.9
2018-07-04 09:00:00,432.67,689.58,28.38,70.76,2.07
2018-07-04 10:00:00,576.03,833.22,29.17,67.87,2.04
2018-07-04 11:00:00,594.33,912.55,29.78,65.98,1.88
2018-07-04 12:00:00,593.7,888.12,30.15,64.77,1.64
2018-07-04 13:00:00,625.0,823.6,30.3,64.25,1.36
2018-07-04 14:00:00,496.38,683.08,30.33,63.97,1.09
2018-07-04 15:00:00,422.02,499.12,30.2,64.25,0.91
2018-07-04 16:00:00,258.23,290.38,29.78,66.38,0.79
2018-07-04 17:00:00,95.65,101.12,29.17,70.97,0.63
2018-07-04 18:00:00,4.55,4.68,28.1,76.57,0.48
2018-07-04 19:00:00,0.0,0.0,27.52,78.14,0.5
2018-07-04 20:00:00,0.0,0.0,26.99,80.51,0.56
2018-07-04 21:00:00,0.0,0.0,26.4,83.53,0.63
2018-07-04 22:00:00,0.0,0.0,25.78,87.42,0.65
2018-07-04 23:00:00,0.0,0.0,25.28,90.85,0.67
2018-07-05 00:00:00,0.0,0.0,24.87,93.1,0.69
2018-07-05 01:00:00,0.0,0.0,24.62,94.46,0.7
2018-07-05 02:00:00,0.0,0.0,24.42,95.32,0.77
2018-07-05 03:00:00,0.0,0.0,24.29,95.75,0.92
2018-07-05 04:00:00,0.0,0.0,24.16,96.21,1.07
2018-07-05 05:00:00,0.0,0.0,24.1,96.43,0.94
2018-07-05 06:00:00,62.92,71.93,24.24,95.63,0.83
2018-07-05 07:00:00,211.8,261.38,24.58,93.8,0.72
2018-07-05 08:00:00,387.92,484.15,25.13,91.38,0.43
2018-07-05 09:00:00,411.98,685.38,25.78,87.54,0.51
2018-07-05 10:00:00,510.58,832.0,26.19,84.83,1.15
2018-07-05 11:00:00,673.4,913.8,26.3,83.93,1.76
2018-07-05 12:00:00,374.7,904.7,26.27,83.72,2.38
2018-07-05 13:00:00,315.77,843.08,26.07,84.14,2.86
2018-07-05 14:00:00,147.6,714.88,25.79,85.3,3.2
2018-07-05 15:00:00,147.9,533.15,25.59,86.55,3.4
2018-07-05 16:00:00,89.5,320.92,25.19,88.78,3.31
2018-07-05 17:00:00,32.92,112.15,24.63,92.47,2.77
2018-07-05 18:00:00,2.28,5.0,24.06,95.46,2.34
2018-07-05 19:00:00,0.0,0.0,23.81,96.05,2.26
2018-07-05 20:00:00,0.0,0.0,23.6,96.42,2.02
2018-07-05 21:00:00,0.0,0.0,23.42,96.6,1.74
2018-07-05 22:00:00,0.0,0.0,23.25,97.02,1.45
2018-07-05 23:00:00,0.0,0.0,23.11,97.26,1.33
2018-07-06 00:00:00,0.0,0.0,23.02,97.22,1.25
2018-07-06 01:00:00,0.0,0.0,22.87,97.38,1.1
2018-07-06 02:00:00,0.0,0.0,22.69,97.67,1.02
2018-07-06 03:00:00,0.0,0.0,22.59,97.75,1.16
2018-07-06 04:00:00,0.0,0.0,22.58,97.56,1.4
2018-07-06 05:00:00,0.0,0.0,22.56,97.44,1.56
2018-07-06 06:00:00,50.08,71.47,23.11,96.07,2.13
2018-07-06 07:00:00,162.3,264.02,23.99,93.78,2.29
2018-07-06 08:00:00,291.33,485.45,25.36,87.45,2.57
2018-07-06 09:00:00,509.48,683.88,27.02,77.27,2.51
2018-07-06 10:00:00,667.22,832.85,28.52,68.53,2.06
2018-07-06 11:00:00,716.53,909.67,29.39,64.72,1.69
2018-07-06 12:00:00,762.08,900.97,29.62,63.76,1.47
2018-07-06 13:00:00,612.1,835.83,29.55,63.95,1.34
2018-07-06 14:00:00,472.17,702.42,29.33,64.62,1.29
2018-07-06 15:00:00,318.98,515.55,29.02,66.0,1.28
2018-07-06 16:00:00,215.75,299.55,28.48,70.7,1.1
2018-07-06 17:00:00,84.85,103.75,27.5,76.76,1.07
2018-07-06 18:00:00,4.47,4.78,25.81,87.58,0.77
2018-07-06 19:00:00,0.0,0.0,25.16,88.24,0.94
2018-07-06 20:00:00,0.0,0.0,24.72,89.28,1.02
2018-07-06 21:00:00,0.0,0.0,24.34,90.4,1.05
2018-07-06 22:00:00,0.0,0.0,24.02,91.55,1.03
2018-07-06 23:00:00,0.0,0.0,23.74,92.66,0.97
2018-07-07 00:00:00,0.0,0.0,23.46,93.7,0.94
2018-07-07 01:00:00,0.0,0.0,23.2,94.59,0.97
2018-07-07 02:00:00,0.0,0.0,22.97,95.32,1.0
2018-07-07 03:00:00,0.0,0.0,22.7,96.26,0.96
2018-07-07 04:00:00,0.0,0.0,22.42,97.28,0.83
2018-07-07 05:00:00,0.0,0.0,22.14,98.34,0.7
2018-07-07 06:00:00,57.28,64.72,23.08,94.62,1.22
2018-07-07 07:00:00,209.4,243.38,24.57,88.15,1.56
2018-07-07 08:00:00,348.48,449.08,26.43,79.34,1.98
2018-07-07 09:00:00,515.83,648.9,27.71,73.73,2.05
2018-07-07 10:00:00,676.28,799.4,28.68,69.58,2.32
2018-07-07 11:00:00,792.65,888.83,29.49,65.94,2.59
2018-07-07 12:00:00,763.2,892.08,30.03,63.25,2.65
2018-07-07 13:00:00,714.5,827.53,30.28,61.81,2.57
2018-07-07 14:00:00,601.78,694.1,30.21,61.79,2.47
2018-07-07 15:00:00,454.38,507.48,29.76,63.14,2.25
2018-07-07 16:00:00,262.73,295.85,29.07,66.22,1.96
2018-07-07 17:00:00,96.72,103.55,27.83,75.04,1.34
2018-07-07 18:00:00,4.72,4.88,26.14,85.31,0.91
2018-07-07 19:00:00,0.0,0.0,25.45,86.65,1.05
2018-07-07 20:00:00,0.0,0.0,25.04,87.73,1.15
2018-07-07 21:00:00,0.0,0.0,24.67,89.01,1.16
2018-07-07 22:00:00,0.0,0.0,24.33,90.33,1.12
2018-07-07 23:00:00,0.0,0.0,24.03,91.44,1.08
2018-07-08 00:00:00,0.0,0.0,23.72,92.49,1.05
2018-07-08 01:00:00,0.0,0.0,23.45,93.27,1.02
2018-07-08 02:00:00,0.0,0.0,23.19,94.07,0.99
2018-07-08 03:00:00,0.0,0.0,22.96,94.72,0.99
2018-07-08 04:00:00,0.0,0.0,22.8,95.2,1.03
2018-07-08 05:00:00,0.0,0.0,22.68,95.52,1.06
2018-07-08 06:00:00,61.8,67.7,23.03,94.05,1.63
2018-07-08 07:00:00,223.18,251.15,23.72,91.68,1.95
2018-07-08 08:00:00,389.75,455.85,25.22,84.4,2.35
2018-07-08 09:00:00,382.98,656.9,26.84,75.34,2.62
2018-07-08 10:00:00,222.48,797.88,28.04,69.96,2.12
2018-07-08 11:00:00,491.92,876.53,28.79,67.35,1.43
2018-07-08 12:00:00,506.95,933.55,29.18,66.09,1.11
2018-07-08 13:00:00,485.23,871.6,29.35,65.37,1.19
2018-07-08 14:00:00,444.35,743.75,29.52,64.7,1.38
2018-07-08 15:00:00,373.1,557.83,29.54,64.41,1.26
2018-07-08 16:00:00,247.15,339.92,29.14,65.91,0.9
2018-07-08 17:00:00,101.38,124.28,28.54,70.18,0.56
2018-07-08 18:00:00,5.38,5.5,27.35,77.58,0.48
2018-07-08 19:00:00,0.0,0.0,26.61,79.64,0.61
2018-07-08 20:00:00,0.0,0.0,25.96,82.85,0.67
2018-07-08 21:00:00,0.0,0.0,25.5,84.59,0.69
2018-07-08 22:00:00,0.0,0.0,25.17,85.74,0.69
2018-07-08 23:00:00,0.0,0.0,24.87,86.8,0.69
2018-07-09 00:00:00,0.0,0.0,24.62,87.56,0.68
2018-07-09 01:00:00,0.0,0.0,24.39,88.43,0.66
2018-07-09 02:00:00,0.0,0.0,24.17,89.21,0.63
2018-07-09 03:00:00,0.0,0.0,23.97,90.03,0.62
2018-07-09 04:00:00,0.0,0.0,23.78,90.87,0.61
2018-07-09 05:00:00,0.0,0.0,23.56,91.73,0.64
2018-07-09 06:00:00,80.97,81.88,24.19,88.94,1.17
2018-07-09 07:00:00,283.73,289.6,25.2,83.68,1.76
2018-07-09 08:00:00,506.83,512.97,27.29,74.24,1.89
2018-07-09 09:00:00,615.65,706.5,28.68,68.62,1.9
2018-07-09 10:00:00,689.1,848.97,29.43,66.15,2.01
2018-07-09 11:00:00,778.95,926.6,29.93,64.51,2.12
2018-07-09 12:00:00,763.1,904.75,30.15,63.81,2.19
2018-07-09 13:00:00,692.15,840.17,30.11,63.89,2.25
2018-07-09 14:00:00,638.12,708.47,29.7,65.31,2.17
2018-07-09 15:00:00,458.85,527.17,29.18,67.71,1.99
2018-07-09 16:00:00,273.88,307.88,28.49,73.12,1.48
2018-07-09 17:00:00,98.05,106.8,27.5,80.46,1.1
2018-07-09 18:00:00,4.78,4.97,26.2,87.67,0.7
2018-07-09 19:00:00,0.0,0.0,25.78,88.55,0.69
2018-07-09 20:00:00,0.0,0.0,25.42,89.75,0.69
2018-07-09 21:00:00,0.0,0.0,25.08,90.75,0.71
2018-07-09 22:00:00,0.0,0.0,24.74,91.56,0.78
2018-07-09 23:00:00,0.0,0.0,24.44,92.21,0.84
2018-07-10 00:00:00,0.0,0.0,24.14,93.1,0.89
2018-07-10 01:00:00,0.0,0.0,23.86,94.12,0.91
2018-07-10 02:00:00,0.0,0.0,23.59,95.06,0.94
2018-07-10 03:00:00,0.0,0.0,23.33,96.08,0.96
2018-07-10 04:00:00,0.0,0.0,23.14,96.77,0.98
2018-07-10 05:00:00,0.0,0.0,22.96,97.41,1.02
2018-07-10 06:00:00,71.53,72.2,23.68,95.23,1.81
2018-07-10 07:00:00,248.32,263.3,25.02,90.38,2.38
2018-07-10 08:00:00,445.35,484.83,27.12,80.24,2.84
2018-07-10 09:00:00,556.85,678.85,28.88,71.28,2.81
2018-07-10 10:00:00,675.03,827.1,29.98,66.53,2.76
2018-07-10 11:00:00,751.62,900.35,30.79,63.11,2.68
2018-07-10 12:00:00,756.45,899.78,31.16,61.27,2.58
2018-07-10 13:00:00,707.65,834.12,31.1,60.75,2.51
2018-07-10 14:00:00,641.88,692.38,30.6,61.77,2.43
2018-07-10 15:00:00,436.73,504.5,29.96,63.64,2.25
2018-07-10 16:00:00,214.35,289.88,29.35,66.75,1.97
2018-07-10 17:00:00,84.85,101.95,28.3,74.11,1.39
2018-07-10 18:00:00,4.68,4.9,26.53,85.02,0.81
2018-07-10 19:00:00,0.0,0.0,25.9,86.38,0.81
2018-07-10 20:00:00,0.0,0.0,25.48,87.37,0.77
2018-07-10 21:00:00,0.0,0.0,25.18,87.71,0.73
2018-07-10 22:00:00,0.0,0.0,24.98,87.58,0.72
2018-07-10 23:00:00,0.0,0.0,24.7,88.02,0.71
2018-07-11 00:00:00,0.0,0.0,24.32,89.33,0.73
2018-07-11 01:00:00,0.0,0.0,24.12,90.47,0.75
2018-07-11 02:00:00,0.0,0.0,23.98,91.17,0.82
2018-07-11 03:00:00,0.0,0.0,23.77,91.79,0.96
2018-07-11 04:00:00,0.0,0.0,23.5,92.6,1.04
2018-07-11 05:00:00,0.0,0.0,23.3,93.6,1.0
2018-07-11 06:00:00,62.7,62.15,23.88,91.81,1.48
2018-07-11 07:00:00,228.45,237.75,24.67,89.23,1.46
2018-07-11 08:00:00,407.62,443.55,26.37,81.33,1.41
2018-07-11 09:00:00,593.25,642.9,27.97,72.64,1.48
2018-07-11 10:00:00,703.8,793.3,28.84,68.85,1.2
2018-07-11 11:00:00,801.9,878.38,29.7,65.45,1.2
2018-07-11 12:00:00,807.4,895.12,30.38,62.86,1.2
2018-07-11 13:00:00,718.7,831.33,30.98,60.63,1.13
2018-07-11 14:00:00,624.8,702.08,31.05,59.91,0.96
2018-07-11 15:00:00,473.05,517.47,30.78,60.22,0.76
2018-07-11 16:00:00,253.85,301.33,30.34,61.76,0.52
2018-07-11 17:00:00,90.12,106.75,29.5,67.06,0.32
2018-07-11 18:00:00,4.05,4.97,28.64,73.63,0.2
2018-07-11 19:00:00,0.0,0.0,28.0,76.71,0.38
2018-07-11 20:00:00,0.0,0.0,27.11,80.54,0.6
2018-07-11 21:00:00,0.0,0.0,26.13,85.96,0.69
2018-07-11 22:00:00,0.0,0.0,25.41,88.47,0.78
2018-07-11 23:00:00,0.0,0.0,24.91,89.63,0.88
2018-07-12 00:00:00,0.0,0.0,24.56,90.52,0.98
2018-07-12 01:00:00,0.0,0.0,24.23,91.56,1.06
2018-07-12 02:00:00,0.0,0.0,23.96,92.56,1.12
2018-07-12 03:00:00,0.0,0.0,23.71,93.47,1.16
2018-07-12 04:00:00,0.0,0.0,23.45,94.42,1.16
2018-07-12 05:00:00,0.0,0.0,23.22,95.46,1.12
2018-07-12 06:00:00,57.8,71.62,23.53,94.34,1.63
2018-07-12 07:00:00,201.68,269.52,24.25,92.32,1.97
2018-07-12 08:00:00,369.45,490.75,25.7,85.84,2.52
2018-07-12 09:00:00,384.95,686.35,27.2,78.31,2.92
2018-07-12 10:00:00,543.3,828.55,28.2,74.04,2.83
2018-07-12 11:00:00,642.2,906.08,28.78,71.98,2.51
2018-07-12 12:00:00,622.83,879.88,29.31,69.57,2.21
2018-07-12 13:00:00,459.3,808.92,29.5,67.93,2.0
2018-07-12 14:00:00,343.85,683.17,29.04,70.44,1.92
2018-07-12 15:00:00,114.3,502.73,28.42,74.33,1.88
2018-07-12 16:00:00,80.78,295.0,27.6,80.13,1.63
2018-07-12 17:00:00,30.67,100.57,26.6,86.51,1.35
2018-07-12 18:00:00,2.45,4.75,25.45,93.34,0.95
2018-07-12 19:00:00,0.0,0.0,24.96,94.72,1.08
2018-07-12 20:00:00,0.0,0.0,24.66,95.39,1.2
2018-07-12 21:00:00,0.0,0.0,24.39,96.07,1.2
2018-07-12 22:00:00,0.0,0.0,24.15,96.56,1.2
2018-07-12 23:00:00,0.0,0.0,23.91,96.98,1.13
2018-07-13 00:00:00,0.0,0.0,23.67,97.37,1.02
2018-07-13 01:00:00,0.0,0.0,23.44,97.65,0.94
2018-07-13 02:00:00,0.0,0.0,23.23,97.86,0.92
2018-07-13 03:00:00,0.0,0.0,23.08,97.92,0.96
2018-07-13 04:00:00,0.0,0.0,22.97,97.96,1.05
2018-07-13 05:00:00,0.0,0.0,22.9,97.82,1.15
2018-07-13 06:00:00,38.15,66.6,23.4,96.41,1.72
2018-07-13 07:00:00,131.88,256.5,24.2,94.0,2.26
2018-07-13 08:00:00,240.3,474.02,25.38,88.93,2.95
2018-07-13 09:00:00,463.38,669.38,26.83,80.49,3.22
2018-07-13 10:00:00,595.65,811.28,28.1,73.24,3.09
2018-07-13 11:00:00,732.38,893.25,29.04,68.93,2.85
2018-07-13 12:00:00,756.88,886.8,29.48,66.94,2.56
2018-07-13 13:00:00,725.78,824.08,29.76,65.71,2.34
2018-07-13 14:00:00,589.25,690.62,29.74,65.46,2.03
2018-07-13 15:00:00,440.52,510.73,29.48,66.23,1.67
2018-07-13 16:00:00,265.3,299.48,28.96,68.78,1.28
2018-07-13 17:00:00,98.85,104.45,28.14,74.32,0.89
2018-07-13 18:00:00,4.9,4.9,26.9,83.41,0.59
2018-07-13 19:00:00,0.0,0.0,26.45,82.66,0.63
2018-07-13 20:00:00,0.0,0.0,26.14,83.27,0.63
2018-07-13 21:00:00,0.0,0.0,25.84,83.92,0.64
2018-07-13 22:00:00,0.0,0.0,25.42,85.39,0.66
2018-07-13 23:00:00,0.0,0.0,24.82,88.17,0.68
2018-07-14 00:00:00,0.0,0.0,24.24,90.52,0.69
2018-07-14 01:00:00,0.0,0.0,23.77,92.11,0.72
2018-07-14 02:00:00,0.0,0.0,23.39,93.23,0.77
2018-07-14 03:00:00,0.0,0.0,23.05,94.32,0.84
2018-07-14 04:00:00,0.0,0.0,22.79,95.29,0.9
2018-07-14 05:00:00,0.0,0.0,22.56,96.46,0.97
2018-07-14 06:00:00,63.12,64.32,23.52,93.47,1.93
2018-07-14 07:00:00,237.2,244.4,25.23,86.85,2.3
2018-07-14 08:00:00,461.0,467.33,27.76,73.88,2.65
2018-07-14 09:00:00,550.25,666.08,29.33,67.22,2.37
2018-07-14 10:00:00,696.7,813.75,30.26,64.33,2.2
2018-07-14 11:00:00,769.58,896.7,30.91,62.44,2.13
2018-07-14 12:00:00,753.0,913.53,31.29,61.41,2.13
2018-07-14 13:00:00,691.25,848.62,31.28,61.46,2.11
2018-07-14 14:00:00,574.15,709.75,30.94,62.7,2.06
2018-07-14 15:00:00,466.55,521.3,30.25,66.35,1.85
2018-07-14 16:00:00,276.05,302.67,29.4,71.94,1.54
2018-07-14 17:00:00,103.6,105.72,28.12,81.17,1.15
2018-07-14 18:00:00,4.97,5.0,26.77,86.33,1.01
2018-07-14 19:00:00,0.0,0.0,26.18,87.6,1.14
2018-07-14 20:00:00,0.0,0.0,25.74,88.79,1.26
2018-07-14 21:00:00,0.0,0.0,25.32,90.18,1.35
2018-07-14 22:00:00,0.0,0.0,24.94,91.48,1.39
2018-07-14 23:00:00,0.0,0.0,24.66,92.36,1.52
2018-07-15 00:00:00,0.0,0.0,24.39,93.16,1.72
2018-07-15 01:00:00,0.0,0.0,24.15,93.94,1.98
2018-07-15 02:00:00,0.0,0.0,23.93,94.85,2.16
2018-07-15 03:00:00,0.0,0.0,23.74,95.4,2.2
2018-07-15 04:00:00,0.0,0.0,23.54,95.99,2.11
2018-07-15 05:00:00,0.0,0.0,23.4,96.14,2.01
2018-07-15 06:00:00,66.03,66.7,23.78,94.44,2.48
2018-07-15 07:00:00,239.25,243.0,24.66,90.59,2.76
2018-07-15 08:00:00,448.08,455.95,25.92,83.93,3.04
2018-07-15 09:00:00,604.47,658.35,27.08,77.79,3.01
2018-07-15 10:00:00,676.95,802.45,27.6,75.49,2.59
2018-07-15 11:00:00,731.67,885.9,27.88,74.23,2.27
2018-07-15 12:00:00,826.58,913.85,28.01,73.57,2.09
2018-07-15 13:00:00,709.08,856.95,28.15,73.07,1.96
2018-07-15 14:00:00,581.7,726.8,28.37,72.14,1.62
2018-07-15 15:00:00,415.9,538.75,28.35,71.84,1.32
2018-07-15 16:00:00,239.4,329.02,28.2,72.55,1.15
2018-07-15 17:00:00,86.8,118.4,27.44,78.33,0.8
2018-07-15 18:00:00,4.85,5.35,26.38,86.16,0.54
2018-07-15 19:00:00,0.0,0.0,26.15,84.58,0.57
2018-07-15 20:00:00,0.0,0.0,25.95,84.54,0.56
2018-07-15 21:00:00,0.0,0.0,25.62,85.75,0.58
2018-07-15 22:00:00,0.0,0.0,25.32,86.68,0.59
2018-07-15 23:00:00,0.0,0.0,25.02,87.83,0.6
2018-07-16 00:00:00,0.0,0.0,24.73,88.87,0.6
2018-07-16 01:00:00,0.0,0.0,24.45,89.87,0.59
2018-07-16 02:00:00,0.0,0.0,24.11,91.17,0.61
2018-07-16 03:00:00,0.0,0.0,23.74,92.8,0.61
2018-07-16 04:00:00,0.0,0.0,23.4,94.3,0.64
2018-07-16 05:00:00,0.0,0.0,23.15,95.28,0.72
2018-07-16 06:00:00,50.05,69.5,23.7,93.81,1.18
2018-07-16 07:00:00,166.57,272.7,24.36,91.3,1.88
2018-07-16 08:00:00,276.6,493.75,25.6,86.69,2.17
2018-07-16 09:00:00,382.0,694.92,26.85,80.7,2.48
2018-07-16 10:00:00,458.7,840.53,27.56,76.92,2.45
2018-07-16 11:00:00,465.62,919.22,27.84,75.27,2.21
2018-07-16 12:00:00,451.2,926.47,28.02,74.07,2.02
2018-07-16 13:00:00,377.23,859.92,28.2,72.93,1.84
2018-07-16 14:00:00,401.08,738.3,28.26,72.28,1.67
2018-07-16 15:00:00,217.65,554.1,28.14,72.78,1.55
2018-07-16 16:00:00,176.9,335.08,27.51,77.89,1.2
2018-07-16 17:00:00,75.0,120.9,26.65,83.47,0.98
2018-07-16 18:00:00,4.78,5.32,25.45,91.39,0.61
2018-07-16 19:00:00,0.0,0.0,24.95,92.17,0.64
2018-07-16 20:00:00,0.0,0.0,24.66,92.67,0.65
2018-07-16 21:00:00,0.0,0.0,24.49,92.79,0.62
2018-07-16 22:00:00,0.0,0.0,24.36,92.69,0.6
2018-07-16 23:00:00,0.0,0.0,24.2,92.8,0.59
2018-07-17 00:00:00,0.0,0.0,23.99,93.27,0.58
2018-07-17 01:00:00,0.0,0.0,23.72,94.13,0.59
2018-07-17 02:00:00,0.0,0.0,23.44,95.19,0.65
2018-07-17 03:00:00,0.0,0.0,23.21,95.7,0.92
2018-07-17 04:00:00,0.0,0.0,23.11,95.61,1.32
2018-07-17 05:00:00,0.0,0.0,23.01,95.86,1.61
2018-07-17 06:00:00,28.98,73.43,23.38,94.99,2.16
2018-07-17 07:00:00,106.28,279.12,24.17,93.23,2.5
2018-07-17 08:00:00,193.2,501.55,25.5,87.54,2.71
2018-07-17 09:00:00,227.23,695.75,26.59,81.98,2.88
2018-07-17 10:00:00,345.02,839.03,27.36,78.15,2.84
2018-07-17 11:00:00,323.0,917.25,27.81,76.07,2.63
2018-07-17 12:00:00,485.7,928.28,28.16,74.56,2.32
2018-07-17 13:00:00,583.4,862.62,28.35,73.98,1.97
2018-07-17 14:00:00,492.67,733.45,28.07,75.57,1.61
2018-07-17 15:00:00,434.98,550.55,27.69,77.96,1.36
2018-07-17 16:00:00,274.17,334.4,27.18,82.15,1.07
2018-07-17 17:00:00,103.2,121.55,26.4,87.35,0.85
2018-07-17 18:00:00,4.93,5.28,25.17,93.81,0.6
2018-07-17 19:00:00,0.0,0.0,24.67,94.85,0.72
2018-07-17 20:00:00,0.0,0.0,24.35,95.36,0.93
2018-07-17 21:00:00,0.0,0.0,24.13,95.63,1.2
2018-07-17 22:00:00,0.0,0.0,23.95,95.93,1.53
2018-07-17 23:00:00,0.0,0.0,23.78,96.35,1.83
2018-07-18 00:00:00,0.0,0.0,23.59,96.97,1.92
2018-07-18 01:00:00,0.0,0.0,23.43,97.27,1.83
2018-07-18 02:00:00,0.0,0.0,23.32,97.35,1.67
2018-07-18 03:00:00,0.0,0.0,23.22,97.42,1.52
2018-07-18 04:00:00,0.0,0.0,23.1,97.56,1.44
2018-07-18 05:00:00,0.0,0.0,22.97,97.65,1.42
2018-07-18 06:00:00,43.17,72.8,23.46,96.26,2.03
2018-07-18 07:00:00,139.45,279.52,24.34,93.66,2.54
2018-07-18 08:00:00,243.75,503.52,25.49,88.58,3.35
2018-07-18 09:00:00,437.15,699.08,26.5,82.95,3.83
2018-07-18 10:00:00,523.15,843.15,27.08,79.76,3.78
2018-07-18 11:00:00,555.47,923.38,27.31,77.96,3.53
2018-07-18 12:00:00,637.83,931.2,27.44,76.53,3.31
2018-07-18 13:00:00,582.75,862.9,27.26,76.48,3.06
2018-07-18 14:00:00,558.75,733.3,26.89,78.29,2.82
2018-07-18 15:00:00,398.62,541.3,26.47,81.49,2.45
2018-07-18 16:00:00,257.4,322.35,26.01,85.96,1.87
2018-07-18 17:00:00,97.93,115.55,25.31,91.36,1.23
2018-07-18 18:00:00,4.65,5.12,24.23,95.62,0.77
2018-07-18 19:00:00,0.0,0.0,23.82,96.36,0.73
2018-07-18 20:00:00,0.0,0.0,23.51,96.82,0.68
2018-07-18 21:00:00,0.0,0.0,23.18,97.15,0.66
2018-07-18 22:00:00,0.0,0.0,22.92,97.46,0.66
2018-07-18 23:00:00,0.0,0.0,22.7,97.88,0.68
2018-07-19 00:00:00,0.0,0.0,22.49,98.16,0.72
2018-07-19 01:00:00,0.0,0.0,22.29,98.44,0.77
2018-07-19 02:00:00,0.0,0.0,22.09,98.55,0.83
2018-07-19 03:00:00,0.0,0.0,21.93,98.56,0.92
2018-07-19 04:00:00,0.0,0.0,21.8,98.59,1.03
2018-07-19 05:00:00,0.0,0.0,21.7,98.44,1.15
2018-07-19 06:00:00,51.08,70.6,22.77,95.95,2.15
2018-07-19 07:00:00,188.1,272.67,24.34,91.29,2.72
2018-07-19 08:00:00,368.08,497.67,26.49,81.24,3.39
2018-07-19 09:00:00,621.05,695.85,28.14,73.29,3.2
2018-07-19 10:00:00,746.88,842.05,29.17,68.98,2.79
2018-07-19 11:00:00,803.85,922.55,29.94,65.84,2.5
2018-07-19 12:00:00,824.88,911.55,30.37,63.9,2.33
2018-07-19 13:00:00,691.88,847.62,30.55,62.92,2.18
2018-07-19 14:00:00,632.08,716.97,30.45,62.74,2.03
2018-07-19 15:00:00,462.1,532.62,30.18,63.19,1.92
2018-07-19 16:00:00,263.17,318.17,29.7,65.29,1.69
2018-07-19 17:00:00,93.53,113.47,28.71,71.96,1.17
2018-07-19 18:00:00,4.12,5.05,26.84,84.45,0.72
2018-07-19 19:00:00,0.0,0.0,26.12,86.13,0.76
2018-07-19 20:00:00,0.0,0.0,25.62,87.35,0.79
2018-07-19 21:00:00,0.0,0.0,25.22,88.47,0.8
2018-07-19 22:00:00,0.0,0.0,24.85,89.66,0.83
2018-07-19 23:00:00,0.0,0.0,24.5,90.61,0.88
2018-07-20 00:00:00,0.0,0.0,24.17,91.44,0.97
2018-07-20 01:00:00,0.0,0.0,23.86,92.06,1.11
2018-07-20 02:00:00,0.0,0.0,23.56,92.47,1.28
2018-07-20 03:00:00,0.0,0.0,23.24,93.16,1.43
2018-07-20 04:00:00,0.0,0.0,22.98,93.92,1.52
2018-07-20 05:00:00,0.0,0.0,22.75,94.75,1.65
2018-07-20 06:00:00,28.1,69.05,22.95,94.25,2.18
2018-07-20 07:00:00,112.35,272.12,23.62,92.58,2.35
2018-07-20 08:00:00,169.62,497.62,25.04,86.48,2.83
2018-07-20 09:00:00,329.42,695.67,26.74,77.93,3.59
2018-07-20 10:00:00,354.8,843.2,27.88,73.16,3.8
2018-07-20 11:00:00,420.33,926.4,28.5,71.02,3.57
2018-07-20 12:00:00,410.62,935.6,28.71,70.64,3.18
2018-07-20 13:00:00,447.15,870.7,28.71,70.95,2.77
2018-07-20 14:00:00,467.67,739.5,28.69,71.44,2.51
2018-07-20 15:00:00,357.0,553.03,28.51,72.76,2.34
2018-07-20 16:00:00,165.05,333.4,28.04,76.45,1.94
2018-07-20 17:00:00,54.4,117.8,27.02,84.13,1.26
2018-07-20 18:00:00,3.72,5.25,25.79,91.85,0.71
2018-07-20 19:00:00,0.0,0.0,25.38,93.11,0.69
2018-07-20 20:00:00,0.0,0.0,25.05,94.18,0.69
2018-07-20 21:00:00,0.0,0.0,24.82,94.84,0.72
2018-07-20 22:00:00,0.0,0.0,24.59,95.4,0.79
2018-07-20 23:00:00,0.0,0.0,24.37,95.88,0.92
2018-07-21 00:00:00,0.0,0.0,24.2,96.17,1.02
2018-07-21 01:00:00,0.0,0.0,24.03,96.69,1.05
2018-07-21 02:00:00,0.0,0.0,23.89,97.11,0.93
2018-07-21 03:00:00,0.0,0.0,23.77,97.53,0.69
2018-07-21 04:00:00,0.0,0.0,23.7,97.47,0.5
2018-07-21 05:00:00,0.0,0.0,23.75,96.93,0.38
2018-07-21 06:00:00,36.17,70.32,24.18,96.52,0.42
2018-07-21 07:00:00,140.18,276.4,24.72,94.34,0.96
2018-07-21 08:00:00,257.23,500.5,25.0,92.75,1.92
2018-07-21 09:00:00,391.73,695.75,25.35,90.8,2.91
2018-07-21 10:00:00,550.67,838.88,25.98,86.15,3.8
2018-07-21 11:00:00,663.67,918.62,26.43,82.03,4.6
2018-07-21 12:00:00,640.05,928.67,26.33,80.82,5.1
2018-07-21 13:00:00,604.15,865.35,26.09,81.14,5.05
2018-07-21 14:00:00,555.72,738.58,25.84,82.11,4.39
2018-07-21 15:00:00,367.73,555.53,25.72,82.87,3.51
2018-07-21 16:00:00,214.07,336.6,25.55,84.51,2.51
2018-07-21 17:00:00,77.28,119.43,25.02,89.74,1.31
2018-07-21 18:00:00,4.15,5.2,24.0,95.47,0.69
2018-07-21 19:00:00,0.0,0.0,23.64,96.22,0.78
2018-07-21 20:00:00,0.0,0.0,23.48,96.4,0.93
2018-07-21 21:00:00,0.0,0.0,23.34,96.77,1.04
2018-07-21 22:00:00,0.0,0.0,23.23,97.16,1.08
2018-07-21 23:00:00,0.0,0.0,23.13,97.5,1.09
2018-07-22 00:00:00,0.0,0.0,23.02,97.93,1.06
2018-07-22 01:00:00,0.0,0.0,22.92,98.16,1.0
2018-07-22 02:00:00,0.0,0.0,22.83,98.28,0.97
2018-07-22 03:00:00,0.0,0.0,22.73,98.48,1.0
2018-07-22 04:00:00,0.0,0.0,22.68,98.36,1.06
2018-07-22 05:00:00,0.0,0.0,22.62,98.31,1.1
2018-07-22 06:00:00,8.45,64.2,23.29,96.76,1.64
2018-07-22 07:00:00,29.75,261.67,24.04,94.69,2.19
2018-07-22 08:00:00,51.95,487.3,24.86,90.88,2.92
2018-07-22 09:00:00,150.57,684.78,25.82,85.07,3.24
2018-07-22 10:00:00,265.55,830.25,27.02,78.47,3.2
2018-07-22 11:00:00,445.42,910.85,28.15,73.29,2.87
2018-07-22 12:00:00,530.72,929.22,28.76,70.46,2.39
2018-07-22 13:00:00,649.22,864.7,29.08,68.89,2.04
2018-07-22 14:00:00,536.2,733.97,29.06,68.51,1.81
2018-07-22 15:00:00,401.85,543.53,28.76,69.41,1.62
2018-07-22 16:00:00,271.0,321.88,28.26,72.75,1.29
2018-07-22 17:00:00,105.05,113.3,27.51,77.39,0.99
2018-07-22 18:00:00,4.9,4.93,26.15,86.5,0.6
2018-07-22 19:00:00,0.0,0.0,25.7,85.06,0.65
2018-07-22 20:00:00,0.0,0.0,25.45,83.84,0.65
2018-07-22 21:00:00,0.0,0.0,25.12,84.03,0.66
2018-07-22 22:00:00,0.0,0.0,24.57,86.09,0.73
2018-07-22 23:00:00,0.0,0.0,23.95,88.65,0.77
2018-07-23 00:00:00,0.0,0.0,23.47,90.33,0.77
2018-07-23 01:00:00,0.0,0.0,23.06,91.67,0.77
2018-07-23 02:00:00,0.0,0.0,22.7,92.88,0.77
2018-07-23 03:00:00,0.0,0.0,22.48,93.78,0.77
2018-07-23 04:00:00,0.0,0.0,22.38,94.48,0.79
2018-07-23 05:00:00,0.0,0.0,22.24,95.12,0.85
2018-07-23 06:00:00,60.83,62.38,23.38,91.43,1.41
2018-07-23 07:00:00,240.12,253.18,24.9,85.84,1.74
2018-07-23 08:00:00,453.02,478.6,27.76,74.13,2.27
2018-07-23 09:00:00,639.55,680.62,29.44,67.89,2.47
2018-07-23 10:00:00,792.97,833.0,30.43,65.11,2.21
2018-07-23 11:00:00,839.22,914.72,31.06,63.43,1.9
2018-07-23 12:00:00,865.6,902.62,31.3,62.62,1.81
2018-07-23 13:00:00,774.83,842.4,31.44,62.2,1.88
2018-07-23 14:00:00,664.4,714.75,31.33,62.45,1.91
2018-07-23 15:00:00,506.65,532.85,30.99,63.63,1.78
2018-07-23 16:00:00,290.88,318.05,30.38,68.62,1.26
2018-07-23 17:00:00,106.2,112.35,29.33,73.27,1.04
2018-07-23 18:00:00,4.7,4.88,27.8,85.07,0.6
2018-07-23 19:00:00,0.0,0.0,27.19,86.13,0.65
2018-07-23 20:00:00,0.0,0.0,26.64,88.06,0.69
2018-07-23 21:00:00,0.0,0.0,26.19,89.42,0.72
2018-07-23 22:00:00,0.0,0.0,25.75,90.66,0.78
2018-07-23 23:00:00,0.0,0.0,25.33,91.67,0.89
2018-07-24 00:00:00,0.0,0.0,24.94,92.5,1.0
2018-07-24 01:00:00,0.0,0.0,24.64,93.23,1.16
2018-07-24 02:00:00,0.0,0.0,24.43,93.71,1.36
2018-07-24 03:00:00,0.0,0.0,24.3,94.08,1.56
2018-07-24 04:00:00,0.0,0.0,24.12,94.8,1.7
2018-07-24 05:00:00,0.0,0.0,23.91,95.66,1.8
2018-07-24 06:00:00,52.38,69.6,24.2,94.76,2.31
2018-07-24 07:00:00,183.85,276.48,25.21,91.82,2.5
2018-07-24 08:00:00,336.88,501.58,26.96,83.69,2.96
2018-07-24 09:00:00,578.7,694.6,28.52,76.39,3.16
2018-07-24 10:00:00,593.42,840.97,29.7,72.13,2.96
2018-07-24 11:00:00,806.62,922.58,30.0,71.0,2.55
2018-07-24 12:00:00,766.78,903.17,30.14,70.66,2.25
2018-07-24 13:00:00,581.47,843.35,30.17,70.75,2.03
2018-07-24 14:00:00,549.35,716.47,29.78,73.04,1.8
2018-07-24 15:00:00,412.4,532.28,29.37,76.91,1.44
2018-07-24 16:00:00,243.02,313.75,29.0,79.39,1.26
2018-07-24 17:00:00,86.75,108.97,28.02,85.33,0.9
2018-07-24 18:00:00,4.25,4.75,26.77,90.92,0.7
2018-07-24 19:00:00,0.0,0.0,26.25,92.02,0.75
2018-07-24 20:00:00,0.0,0.0,25.87,92.94,0.8
2018-07-24 21:00:00,0.0,0.0,25.52,93.96,0.85
2018-07-24 22:00:00,0.0,0.0,25.22,94.77,0.9
2018-07-24 23:00:00,0.0,0.0,24.93,95.59,0.92
2018-07-25 00:00:00,0.0,0.0,24.63,96.53,0.96
2018-07-25 01:00:00,0.0,0.0,24.38,97.16,1.09
2018-07-25 02:00:00,0.0,0.0,24.11,97.8,0.98
2018-07-25 03:00:00,0.0,0.0,23.95,97.9,0.96
2018-07-25 04:00:00,0.0,0.0,24.03,97.09,1.44
2018-07-25 05:00:00,0.0,0.0,23.9,97.12,1.31
2018-07-25 06:00:00,28.23,59.58,24.27,95.92,2.1
2018-07-25 07:00:00,106.25,248.68,24.75,94.31,2.36
2018-07-25 08:00:00,202.18,470.5,25.31,91.83,2.42
2018-07-25 09:00:00,235.05,672.12,25.73,88.85,2.7
2018-07-25 10:00:00,259.1,820.7,26.25,85.35,3.07
2018-07-25 11:00:00,277.8,904.62,26.93,81.4,3.46
2018-07-25 12:00:00,287.25,912.28,27.39,78.67,3.68
2018-07-25 13:00:00,151.75,849.35,27.21,79.41,3.59
2018-07-25 14:00:00,158.8,718.12,26.78,82.02,3.31
2018-07-25 15:00:00,121.8,532.03,26.37,85.49,2.88
2018-07-25 16:00:00,78.47,314.88,26.07,89.37,2.29
2018-07-25 17:00:00,32.3,109.15,25.64,92.73,1.8
2018-07-25 18:00:00,2.03,4.85,25.08,94.89,1.85
2018-07-25 19:00:00,0.0,0.0,24.86,94.86,2.49
2018-07-25 20:00:00,0.0,0.0,24.63,93.94,3.18
2018-07-25 21:00:00,0.0,0.0,24.32,93.87,3.44
2018-07-25 22:00:00,0.0,0.0,24.02,94.2,3.42
2018-07-25 23:00:00,0.0,0.0,23.75,94.45,3.49
2018-07-26 00:00:00,0.0,0.0,23.48,95.15,3.33
2018-07-26 01:00:00,0.0,0.0,23.25,95.63,3.24
2018-07-26 02:00:00,0.0,0.0,23.05,96.28,2.83
2018-07-26 03:00:00,0.0,0.0,23.01,95.98,2.9
2018-07-26 04:00:00,0.0,0.0,22.89,95.87,2.97
2018-07-26 05:00:00,0.0,0.0,22.7,95.96,2.94
2018-07-26 06:00:00,25.3,59.0,22.7,95.73,2.85
2018-07-26 07:00:00,110.7,247.73,23.06,94.63,2.77
2018-07-26 08:00:00,202.98,470.73,23.44,92.33,3.12
2018-07-26 09:00:00,406.3,669.78,23.83,89.1,3.46
2018-07-26 10:00:00,455.4,819.4,24.3,85.79,3.57
2018-07-26 11:00:00,494.8,903.33,24.78,82.98,3.47
2018-07-26 12:00:00,489.5,913.1,25.25,80.99,3.23
2018-07-26 13:00:00,467.58,850.45,25.61,79.71,2.9
2018-07-26 14:00:00,391.35,719.3,25.89,79.15,2.59
2018-07-26 15:00:00,298.85,533.03,25.95,79.54,2.32
2018-07-26 16:00:00,172.43,314.48,25.64,82.62,1.75
2018-07-26 17:00:00,62.28,106.85,24.99,88.21,1.03
2018-07-26 18:00:00,2.75,4.62,24.06,91.82,0.57
2018-07-26 19:00:00,0.0,0.0,24.03,89.42,0.52
2018-07-26 20:00:00,0.0,0.0,23.96,88.86,0.4
2018-07-26 21:00:00,0.0,0.0,23.88,88.49,0.33
2018-07-26 22:00:00,0.0,0.0,23.81,88.25,0.34
2018-07-26 23:00:00,0.0,0.0,23.6,88.81,0.39
2018-07-27 00:00:00,0.0,0.0,23.32,89.68,0.45
2018-07-27 01:00:00,0.0,0.0,22.95,91.06,0.5
2018-07-27 02:00:00,0.0,0.0,22.55,92.75,0.53
2018-07-27 03:00:00,0.0,0.0,22.21,94.15,0.59
2018-07-27 04:00:00,0.0,0.0,21.87,95.91,0.62
2018-07-27 05:00:00,0.0,0.0,21.59,97.29,0.62
2018-07-27 06:00:00,40.85,59.33,22.54,95.94,1.09
2018-07-27 07:00:00,125.12,246.18,23.72,92.8,1.66
2018-07-27 08:00:00,229.6,470.33,25.54,85.22,2.48
2018-07-27 09:00:00,268.17,674.85,27.12,76.98,2.95
2018-07-27 10:00:00,429.23,826.35,28.27,71.55,3.05
2018-07-27 11:00:00,530.4,911.6,29.1,68.04,3.01
2018-07-27 12:00:00,630.85,922.95,29.67,65.83,2.89
2018-07-27 13:00:00,390.85,862.45,29.98,64.58,2.79
2018-07-27 14:00:00,340.17,733.45,29.9,64.55,2.65
2018-07-27 15:00:00,307.35,548.45,29.61,65.53,2.49
2018-07-27 16:00:00,229.07,330.05,28.9,70.27,1.99
2018-07-27 17:00:00,91.53,118.57,27.75,78.12,1.49
2018-07-27 18:00:00,4.7,4.95,25.96,87.59,0.9
2018-07-27 19:00:00,0.0,0.0,25.4,89.18,0.88
2018-07-27 20:00:00,0.0,0.0,24.98,90.55,0.86
2018-07-27 21:00:00,0.0,0.0,24.54,91.95,0.86
2018-07-27 22:00:00,0.0,0.0,24.12,93.49,0.91
2018-07-27 23:00:00,0.0,0.0,23.7,95.11,1.01
2018-07-28 00:00:00,0.0,0.0,23.32,96.57,1.13
2018-07-28 01:00:00,0.0,0.0,22.99,98.08,1.26
2018-07-28 02:00:00,0.0,0.0,22.61,99.3,1.22
2018-07-28 03:00:00,0.0,0.0,22.3,99.65,1.13
2018-07-28 04:00:00,0.0,0.0,21.99,99.73,1.02
2018-07-28 05:00:00,0.0,0.0,21.64,100.0,0.93
2018-07-28 06:00:00,72.25,73.72,22.67,94.9,1.71
2018-07-28 07:00:00,265.25,286.95,24.34,87.24,2.16
2018-07-28 08:00:00,475.1,517.28,27.0,71.79,3.4
2018-07-28 09:00:00,689.12,717.5,28.69,64.53,3.9
2018-07-28 10:00:00,808.7,864.12,29.85,61.15,3.87
2018-07-28 11:00:00,869.53,947.2,30.72,59.28,3.67
2018-07-28 12:00:00,825.38,922.33,31.21,58.43,3.38
2018-07-28 13:00:00,732.6,859.62,31.4,58.3,3.05
2018-07-28 14:00:00,589.03,723.83,31.25,59.11,2.73
2018-07-28 15:00:00,412.5,537.45,30.88,60.77,2.41
2018-07-28 16:00:00,193.9,318.5,30.07,66.74,1.68
2018-07-28 17:00:00,71.22,111.78,28.88,73.59,1.3
2018-07-28 18:00:00,3.12,4.72,27.13,85.4,0.7
2018-07-28 19:00:00,0.0,0.0,26.55,86.29,0.73
2018-07-28 20:00:00,0.0,0.0,26.08,87.61,0.74
2018-07-28 21:00:00,0.0,0.0,25.64,89.06,0.75
2018-07-28 22:00:00,0.0,0.0,25.19,90.7,0.77
2018-07-28 23:00:00,0.0,0.0,24.79,92.09,0.8
2018-07-29 00:00:00,0.0,0.0,24.42,93.22,0.83
2018-07-29 01:00:00,0.0,0.0,24.08,94.08,0.88
2018-07-29 02:00:00,0.0,0.0,23.78,94.68,0.99
2018-07-29 03:00:00,0.0,0.0,23.45,95.31,1.15
2018-07-29 04:00:00,0.0,0.0,23.09,96.08,1.25
2018-07-29 05:00:00,0.0,0.0,22.76,97.03,1.29
2018-07-29 06:00:00,50.9,63.83,23.35,95.14,2.06
2018-07-29 07:00:00,202.82,264.62,24.63,91.18,2.36
2018-07-29 08:00:00,389.77,492.98,27.1,77.44,3.3
2018-07-29 09:00:00,584.95,692.22,28.91,68.95,3.71
2018-07-29 10:00:00,571.62,844.47,29.52,67.08,3.48
2018-07-29 11:00:00,629.55,931.45,29.65,67.14,3.27
2018-07-29 12:00:00,855.9,907.15,29.65,67.49,3.12
2018-07-29 13:00:00,771.47,846.88,29.52,68.21,2.99
2018-07-29 14:00:00,691.95,716.92,29.09,70.35,2.81
2018-07-29 15:00:00,495.7,530.53,28.48,74.51,2.4
2018-07-29 16:00:00,284.45,311.17,27.82,79.73,1.86
2018-07-29 17:00:00,100.78,106.82,26.77,87.62,1.18
2018-07-29 18:00:00,4.25,4.4,25.63,91.23,1.01
2018-07-29 19:00:00,0.0,0.0,25.27,91.76,1.15
2018-07-29 20:00:00,0.0,0.0,25.03,92.15,1.32
2018-07-29 21:00:00,0.0,0.0,24.77,93.03,1.39
2018-07-29 22:00:00,0.0,0.0,24.54,94.02,1.46
2018-07-29 23:00:00,0.0,0.0,24.44,94.45,1.76
2018-07-30 00:00:00,0.0,0.0,24.34,94.8,2.21
2018-07-30 01:00:00,0.0,0.0,24.17,95.47,2.44
2018-07-30 02:00:00,0.0,0.0,23.95,96.41,2.33
2018-07-30 03:00:00,0.0,0.0,23.83,96.61,2.38
2018-07-30 04:00:00,0.0,0.0,23.76,96.27,2.9
2018-07-30 05:00:00,0.0,0.0,23.52,96.36,3.06
2018-07-30 06:00:00,22.98,65.72,23.35,95.89,3.35
2018-07-30 07:00:00,102.0,272.62,23.52,94.29,3.72
2018-07-30 08:00:00,215.07,502.8,23.93,89.99,4.21
2018-07-30 09:00:00,383.7,704.28,24.81,83.88,4.36
2018-07-30 10:00:00,507.75,854.08,25.81,78.87,4.16
2018-07-30 11:00:00,567.28,938.38,26.65,75.93,3.87
2018-07-30 12:00:00,557.75,935.85,27.36,73.84,3.63
2018-07-30 13:00:00,530.95,872.85,27.96,71.9,3.52
2018-07-30 14:00:00,518.9,740.83,28.1,70.99,3.36
2018-07-30 15:00:00,431.95,547.45,28.02,71.49,3.06
2018-07-30 16:00:00,247.1,324.67,27.61,75.41,2.37
2018-07-30 17:00:00,89.7,112.4,26.75,82.98,1.44
2018-07-30 18:00:00,3.67,4.43,25.24,91.33,0.78
2018-07-30 19:00:00,0.0,0.0,24.86,92.5,0.72
2018-07-30 20:00:00,0.0,0.0,24.62,93.5,0.71
2018-07-30 21:00:00,0.0,0.0,24.38,94.39,0.8
2018-07-30 22:00:00,0.0,0.0,24.13,95.03,1.01
2018-07-30 23:00:00,0.0,0.0,23.96,95.44,1.38
2018-07-31 00:00:00,0.0,0.0,23.82,95.73,1.96
2018-07-31 01:00:00,0.0,0.0,23.66,96.14,2.64
2018-07-31 02:00:00,0.0,0.0,23.45,96.5,2.98
2018-07-31 03:00:00,0.0,0.0,23.2,96.33,3.02
2018-07-31 04:00:00,0.0,0.0,22.8,96.15,3.16
2018-07-31 05:00:00,0.0,0.0,22.29,96.08,3.16
2018-07-31 06:00:00,49.97,61.1,22.19,95.14,3.33
2018-07-31 07:00:00,200.88,250.48,23.0,90.09,3.75
2018-07-31 08:00:00,397.7,477.12,24.61,79.98,4.09
2018-07-31 09:00:00,641.4,681.38,26.36,71.72,4.08
2018-07-31 10:00:00,775.6,835.47,27.66,68.07,3.85
2018-07-31 11:00:00,911.35,924.35,28.65,65.84,3.56
2018-07-31 12:00:00,916.85,923.42,29.5,63.76,3.31
2018-07-31 13:00:00,704.67,861.8,29.94,62.66,3.06
2018-07-31 14:00:00,644.3,730.05,30.02,62.52,2.79
2018-07-31 15:00:00,458.38,542.83,29.8,63.32,2.56
2018-07-31 16:00:00,267.62,320.9,29.06,66.59,2.19
2018-07-31 17:00:00,98.95,111.1,27.94,74.2,1.43
2018-07-31 18:00:00,4.05,4.4,25.97,86.46,0.78
2018-07-31 19:00:00,0.0,0.0,25.23,87.96,0.81
2018-07-31 20:00:00,0.0,0.0,24.71,89.01,0.88
2018-07-31 21:00:00,0.0,0.0,24.24,89.82,1.02
2018-07-31 22:00:00,0.0,0.0,23.87,90.32,1.23
2018-07-31 23:00:00,0.0,0.0,23.53,91.13,1.47
2018-08-01 00:00:00,0.0,0.0,23.22,92.42,1.69
2018-08-01 01:00:00,0.0,0.0,22.91,94.01,1.92
2018-08-01 02:00:00,0.0,0.0,22.6,95.87,2.1
2018-08-01 03:00:00,0.0,0.0,22.3,97.21,1.97
2018-08-01 04:00:00,0.0,0.0,22.02,97.95,1.78
2018-08-01 05:00:00,0.0,0.0,21.77,98.35,1.65
2018-08-01 06:00:00,59.85,61.42,22.66,94.39,2.39
2018-08-01 07:00:00,250.43,256.58,24.51,84.64,3.14
2018-08-01 08:00:00,460.02,472.65,26.73,72.7,3.77
2018-08-01 09:00:00,654.6,674.28,28.45,66.27,3.6
2018-08-01 10:00:00,814.83,825.53,29.54,63.17,3.3
2018-08-01 11:00:00,794.85,906.95,30.41,61.14,3.02
2018-08-01 12:00:00,691.45,840.58,30.88,60.24,2.72
2018-08-01 13:00:00,594.22,778.3,31.09,59.62,2.37
2018-08-01 14:00:00,506.83,644.9,31.14,59.34,2.07
2018-08-01 15:00:00,347.77,460.1,31.03,59.38,1.82
2018-08-01 16:00:00,215.12,268.12,30.41,62.01,1.48
2018-08-01 17:00:00,75.38,87.3,29.49,68.0,0.98
2018-08-01 18:00:00,3.45,3.65,28.07,76.7,0.61
2018-08-01 19:00:00,0.0,0.0,27.75,74.62,0.6
2018-08-01 20:00:00,0.0,0.0,27.2,76.05,0.62
2018-08-01 21:00:00,0.0,0.0,26.35,80.08,0.7
2018-08-01 22:00:00,0.0,0.0,25.43,85.15,0.75
2018-08-01 23:00:00,0.0,0.0,24.78,87.17,0.89
2018-08-02 00:00:00,0.0,0.0,24.36,87.6,1.15
2018-08-02 01:00:00,0.0,0.0,24.03,88.33,1.51
2018-08-02 02:00:00,0.0,0.0,23.76,89.66,1.93
2018-08-02 03:00:00,0.0,0.0,23.42,92.36,2.08
2018-08-02 04:00:00,0.0,0.0,23.15,94.8,2.07
2018-08-02 05:00:00,0.0,0.0,22.94,96.34,1.93
2018-08-02 06:00:00,48.42,55.5,23.56,94.36,2.51
2018-08-02 07:00:00,191.88,238.95,24.96,88.75,2.93
2018-08-02 08:00:00,351.38,451.0,26.69,80.18,3.39
2018-08-02 09:00:00,571.45,654.03,28.06,73.51,3.39
2018-08-02 10:00:00,721.95,809.92,29.0,69.23,3.1
2018-08-02 11:00:00,770.05,896.7,29.65,66.53,2.8
2018-08-02 12:00:00,762.5,915.72,30.03,65.01,2.58
2018-08-02 13:00:00,546.55,843.75,30.16,64.26,2.34
2018-08-02 14:00:00,601.08,709.45,30.07,64.08,2.12
2018-08-02 15:00:00,485.33,520.72,29.76,65.18,1.91
2018-08-02 16:00:00,279.67,301.52,29.03,69.5,1.61
2018-08-02 17:00:00,96.2,102.38,28.06,75.81,1.23
2018-08-02 18:00:00,3.67,4.0,26.47,87.78,0.66
2018-08-02 19:00:00,0.0,0.0,25.92,88.59,0.67
2018-08-02 20:00:00,0.0,0.0,25.56,89.38,0.67
2018-08-02 21:00:00,0.0,0.0,25.26,90.06,0.66
2018-08-02 22:00:00,0.0,0.0,24.92,90.88,0.66
2018-08-02 23:00:00,0.0,0.0,24.61,91.79,0.65
2018-08-03 00:00:00,0.0,0.0,24.28,92.7,0.66
2018-08-03 01:00:00,0.0,0.0,24.03,93.69,0.68
2018-08-03 02:00:00,0.0,0.0,23.77,94.46,0.72
2018-08-03 03:00:00,0.0,0.0,23.53,95.14,0.83
2018-08-03 04:00:00,0.0,0.0,23.38,95.53,0.99
2018-08-03 05:00:00,0.0,0.0,23.27,95.97,1.18
2018-08-03 06:00:00,6.3,61.3,23.75,94.17,1.9
2018-08-03 07:00:00,40.05,258.08,24.52,91.22,2.4
2018-08-03 08:00:00,84.2,484.45,25.49,86.22,2.73
2018-08-03 09:00:00,71.78,685.22,26.34,81.69,3.07
2018-08-03 10:00:00,57.55,835.7,27.15,77.77,3.27
2018-08-03 11:00:00,98.55,921.03,27.94,74.21,3.34
2018-08-03 12:00:00,257.27,931.28,28.58,71.05,3.39
2018-08-03 13:00:00,343.85,868.08,28.62,69.72,3.42
2018-08-03 14:00:00,322.17,738.45,28.22,70.83,3.34
2018-08-03 15:00:00,200.95,551.6,27.56,74.27,2.95
2018-08-03 16:00:00,156.77,328.55,26.86,80.08,2.14
2018-08-03 17:00:00,60.1,111.15,25.96,87.89,1.22
2018-08-03 18:00:00,3.28,4.07,25.1,92.31,0.85
2018-08-03 19:00:00,0.0,0.0,24.77,93.22,0.81
2018-08-03 20:00:00,0.0,0.0,24.5,93.96,0.79
2018-08-03 21:00:00,0.0,0.0,24.23,94.51,0.82
2018-08-03 22:00:00,0.0,0.0,23.94,94.96,0.9
2018-08-03 23:00:00,0.0,0.0,23.69,95.5,1.02
2018-08-04 00:00:00,0.0,0.0,23.48,95.73,1.23
2018-08-04 01:00:00,0.0,0.0,23.29,96.06,1.49
2018-08-04 02:00:00,0.0,0.0,23.1,96.51,1.66
2018-08-04 03:00:00,0.0,0.0,22.9,97.16,1.5
2018-08-04 04:00:00,0.0,0.0,22.79,97.49,1.28
2018-08-04 05:00:00,0.0,0.0,22.71,97.43,1.51
2018-08-04 06:00:00,61.92,64.47,23.22,96.05,2.36
2018-08-04 07:00:00,251.52,264.55,24.36,92.68,2.93
2018-08-04 08:00:00,469.9,492.58,25.84,84.43,3.48
2018-08-04 09:00:00,674.22,693.58,27.33,74.98,3.77
2018-08-04 10:00:00,723.05,843.25,28.46,68.89,3.94
2018-08-04 11:00:00,740.55,925.22,29.21,65.47,4.19
2018-08-04 12:00:00,759.9,934.53,29.52,63.96,4.54
2018-08-04 13:00:00,627.35,869.1,29.26,64.69,4.78
2018-08-04 14:00:00,483.7,734.75,28.89,65.95,4.81
2018-08-04 15:00:00,318.4,546.88,28.71,66.53,4.54
2018-08-04 16:00:00,203.07,324.8,28.09,68.69,3.86
2018-08-04 17:00:00,82.0,111.75,26.95,75.07,2.5
2018-08-04 18:00:00,3.42,4.0,24.95,86.97,1.13
2018-08-04 19:00:00,0.0,0.0,24.26,89.85,0.97
2018-08-04 20:00:00,0.0,0.0,23.82,91.26,0.86
2018-08-04 21:00:00,0.0,0.0,23.51,91.85,0.76
2018-08-04 22:00:00,0.0,0.0,23.29,92.06,0.7
2018-08-04 23:00:00,0.0,0.0,23.06,92.49,0.69
2018-08-05 00:00:00,0.0,0.0,22.91,93.45,0.69
2018-08-05 01:00:00,0.0,0.0,22.75,94.48,0.77
2018-08-05 02:00:00,0.0,0.0,22.62,95.24,1.02
2018-08-05 03:00:00,0.0,0.0,22.57,95.87,1.47
2018-08-05 04:00:00,0.0,0.0,22.55,96.47,1.97
2018-08-05 05:00:00,0.0,0.0,22.58,96.5,2.25
2018-08-05 06:00:00,49.42,64.03,22.98,95.14,2.81
2018-08-05 07:00:00,158.18,264.35,23.75,91.38,3.24
2018-08-05 08:00:00,288.52,501.27,24.69,84.04,3.54
2018-08-05 09:00:00,432.73,705.2,25.83,77.08,3.47
2018-08-05 10:00:00,586.78,850.0,26.93,72.56,3.24
2018-08-05 11:00:00,673.45,936.67,27.91,69.42,3.06
2018-08-05 12:00:00,681.62,941.1,28.7,67.2,2.86
2018-08-05 13:00:00,497.83,873.85,29.47,64.97,2.66
2018-08-05 14:00:00,425.08,732.25,29.92,63.42,2.37
2018-08-05 15:00:00,334.12,526.9,29.75,63.68,2.08
2018-08-05 16:00:00,215.98,310.0,29.2,66.08,1.7
2018-08-05 17:00:00,78.03,102.15,28.25,73.43,1.03
2018-08-05 18:00:00,3.25,3.75,26.81,82.1,0.63
2018-08-05 19:00:00,0.0,0.0,26.51,80.76,0.66
2018-08-05 20:00:00,0.0,0.0,26.31,80.26,0.66
2018-08-05 21:00:00,0.0,0.0,26.1,80.47,0.63
2018-08-05 22:00:00,0.0,0.0,25.78,82.03,0.61
2018-08-05 23:00:00,0.0,0.0,25.15,85.72,0.63
2018-08-06 00:00:00,0.0,0.0,24.59,88.43,0.69
2018-08-06 01:00:00,0.0,0.0,24.21,89.28,0.89
2018-08-06 02:00:00,0.0,0.0,23.92,89.71,1.22
2018-08-06 03:00:00,0.0,0.0,23.65,90.74,1.6
2018-08-06 04:00:00,0.0,0.0,23.34,92.47,1.81
2018-08-06 05:00:00,0.0,0.0,23.03,94.54,1.83
2018-08-06 06:00:00,49.9,61.47,23.27,94.36,2.19
2018-08-06 07:00:00,175.23,253.38,24.32,89.87,2.39
2018-08-06 08:00:00,339.9,483.15,25.83,81.42,2.94
2018-08-06 09:00:00,565.5,688.12,27.31,73.77,3.16
2018-08-06 10:00:00,752.72,842.35,28.34,69.61,2.93
2018-08-06 11:00:00,740.1,926.05,28.88,67.74,2.5
2018-08-06 12:00:00,596.1,940.22,29.11,67.06,2.1
2018-08-06 13:00:00,585.88,871.55,29.22,66.97,1.84
2018-08-06 14:00:00,435.3,732.78,29.16,67.59,1.62
2018-08-06 15:00:00,193.02,536.97,28.9,69.1,1.49
2018-08-06 16:00:00,73.1,309.52,28.38,74.19,1.08
2018-08-06 17:00:00,31.52,98.57,27.52,81.57,0.77
2018-08-06 18:00:00,2.55,3.55,26.66,83.27,0.6
2018-08-06 19:00:00,0.0,0.0,26.59,81.38,0.53
2018-08-06 20:00:00,0.0,0.0,26.63,79.5,0.41
2018-08-06 21:00:00,0.0,0.0,26.34,80.55,0.37
2018-08-06 22:00:00,0.0,0.0,25.81,83.62,0.4
2018-08-06 23:00:00,0.0,0.0,25.28,86.53,0.48
2018-08-07 00:00:00,0.0,0.0,24.79,88.78,0.52
2018-08-07 01:00:00,0.0,0.0,24.31,90.95,0.56
2018-08-07 02:00:00,0.0,0.0,23.87,92.66,0.61
2018-08-07 03:00:00,0.0,0.0,23.55,93.88,0.68
2018-08-07 04:00:00,0.0,0.0,23.32,94.95,0.76
2018-08-07 05:00:00,0.0,0.0,23.11,96.16,0.86
2018-08-07 06:00:00,36.97,56.78,23.56,95.32,1.26
2018-08-07 07:00:00,131.32,239.93,24.26,93.0,1.92
2018-08-07 08:00:00,250.38,474.35,25.46,88.54,2.1
2018-08-07 09:00:00,252.95,679.92,26.69,82.57,2.38
2018-08-07 10:00:00,307.88,833.92,27.51,78.47,2.36
2018-08-07 11:00:00,236.38,920.4,28.14,74.63,2.24
2018-08-07 12:00:00,302.5,897.28,28.7,70.08,2.21
2018-08-07 13:00:00,332.95,833.38,29.0,67.6,2.17
2018-08-07 14:00:00,292.7,699.17,28.97,67.36,2.11
2018-08-07 15:00:00,276.55,509.55,28.45,70.62,1.98
2018-08-07 16:00:00,150.4,291.7,27.66,77.1,1.65
2018-08-07 17:00:00,51.53,93.65,26.56,85.1,1.3
2018-08-07 18:00:00,2.62,3.38,25.22,92.7,0.84
2018-08-07 19:00:00,0.0,0.0,24.78,94.12,0.87
2018-08-07 20:00:00,0.0,0.0,24.48,94.88,0.99
2018-08-07 21:00:00,0.0,0.0,24.19,95.25,1.15
2018-08-07 22:00:00,0.0,0.0,23.87,95.57,1.26
2018-08-07 23:00:00,0.0,0.0,23.56,96.05,1.42
2018-08-08 00:00:00,0.0,0.0,23.22,96.84,1.42
2018-08-08 01:00:00,0.0,0.0,22.82,97.93,1.16
2018-08-08 02:00:00,0.0,0.0,22.52,98.4,1.0
2018-08-08 03:00:00,0.0,0.0,22.27,98.69,0.91
2018-08-08 04:00:00,0.0,0.0,22.04,98.88,0.84
2018-08-08 05:00:00,0.0,0.0,21.71,99.37,0.82
2018-08-08 06:00:00,56.4,58.92,22.78,95.97,1.56
2018-08-08 07:00:00,250.57,258.33,24.44,88.12,2.22
2018-08-08 08:00:00,453.2,484.23,26.58,73.24,2.88
2018-08-08 09:00:00,568.47,689.28,28.3,62.83,2.94
2018-08-08 10:00:00,701.78,842.78,29.26,58.91,2.72
2018-08-08 11:00:00,747.2,929.12,29.93,57.29,2.55
2018-08-08 12:00:00,828.15,919.58,30.31,56.78,2.48
2018-08-08 13:00:00,697.38,855.85,30.72,56.06,2.53
2018-08-08 14:00:00,624.45,721.8,30.99,55.63,2.61
2018-08-08 15:00:00,466.95,531.53,30.7,56.54,2.59
2018-08-08 16:00:00,282.62,308.25,29.83,59.91,2.3
2018-08-08 17:00:00,97.43,102.05,28.5,68.7,1.56
2018-08-08 18:00:00,3.33,3.4,26.24,81.86,0.89
2018-08-08 19:00:00,0.0,0.0,25.48,83.34,0.92
2018-08-08 20:00:00,0.0,0.0,24.97,84.68,0.93
2018-08-08 21:00:00,0.0,0.0,24.54,85.87,0.92
2018-08-08 22:00:00,0.0,0.0,24.15,86.93,0.95
2018-08-08 23:00:00,0.0,0.0,23.8,87.9,1.04
2018-08-09 00:00:00,0.0,0.0,23.52,89.24,1.2
2018-08-09 01:00:00,0.0,0.0,23.21,91.1,1.39
2018-08-09 02:00:00,0.0,0.0,22.9,92.9,1.69
2018-08-09 03:00:00,0.0,0.0,22.61,94.43,2.03
2018-08-09 04:00:00,0.0,0.0,22.26,96.12,2.05
2018-08-09 05:00:00,0.0,0.0,21.98,96.88,1.89
2018-08-09 06:00:00,62.2,63.62,22.59,94.25,2.52
2018-08-09 07:00:00,241.38,262.05,24.34,86.47,2.75
2018-08-09 08:00:00,449.58,490.77,26.72,73.76,3.61
2018-08-09 09:00:00,639.05,698.12,27.92,68.58,3.68
2018-08-09 10:00:00,834.55,853.08,28.57,65.86,3.43
2018-08-09 11:00:00,920.05,938.58,29.18,63.49,3.26
2018-08-09 12:00:00,930.05,947.38,29.73,61.41,3.17
2018-08-09 13:00:00,811.03,878.9,29.94,60.21,3.06
2018-08-09 14:00:00,708.33,741.17,30.01,59.82,2.85
2018-08-09 15:00:00,534.62,550.75,29.9,60.22,2.63
2018-08-09 16:00:00,315.7,325.65,29.5,62.34,2.25
2018-08-09 17:00:00,107.38,109.55,28.21,72.22,1.34
2018-08-09 18:00:00,3.42,3.45,26.25,82.98,0.79
2018-08-09 19:00:00,0.0,0.0,25.79,83.68,0.77
2018-08-09 20:00:00,0.0,0.0,25.39,84.63,0.77
2018-08-09 21:00:00,0.0,0.0,24.85,85.85,0.81
2018-08-09 22:00:00,0.0,0.0,24.32,87.17,0.86
2018-08-09 23:00:00,0.0,0.0,23.76,88.55,0.94
2018-08-10 00:00:00,0.0,0.0,23.29,89.87,1.14
2018-08-10 01:00:00,0.0,0.0,22.93,90.93,1.5
2018-08-10 02:00:00,0.0,0.0,22.65,92.72,1.74
2018-08-10 03:00:00,0.0,0.0,22.42,94.76,1.8
2018-08-10 04:00:00,0.0,0.0,22.39,95.44,2.25
2018-08-10 05:00:00,0.0,0.0,22.38,95.38,2.53
2018-08-10 06:00:00,58.7,63.53,22.9,93.2,2.9
2018-08-10 07:00:00,216.65,267.4,24.72,85.41,3.18
2018-08-10 08:00:00,401.67,501.77,27.02,74.84,3.68
2018-08-10 09:00:00,658.58,705.45,28.42,69.61,3.89
2018-08-10 10:00:00,851.62,858.83,29.32,66.29,3.87
2018-08-10 11:00:00,916.0,942.2,30.02,63.56,3.7
2018-08-10 12:00:00,855.9,909.78,30.53,61.64,3.54
2018-08-10 13:00:00,714.83,845.6,30.69,60.61,3.37
2018-08-10 14:00:00,584.92,711.4,30.45,60.87,3.04
2018-08-10 15:00:00,426.88,521.45,29.96,62.66,2.6
2018-08-10 16:00:00,252.35,300.23,29.3,67.16,1.95
2018-08-10 17:00:00,91.0,98.53,28.2,75.76,1.28
2018-08-10 18:00:00,3.0,3.05,26.53,84.93,0.73
2018-08-10 19:00:00,0.0,0.0,26.2,84.99,0.69
2018-08-10 20:00:00,0.0,0.0,25.96,85.33,0.68
2018-08-10 21:00:00,0.0,0.0,25.58,86.84,0.67
2018-08-10 22:00:00,0.0,0.0,25.18,88.55,0.7
2018-08-10 23:00:00,0.0,0.0,24.86,89.44,0.79
2018-08-11 00:00:00,0.0,0.0,24.58,89.94,0.97
2018-08-11 01:00:00,0.0,0.0,24.29,90.6,1.23
2018-08-11 02:00:00,0.0,0.0,23.98,91.96,1.48
2018-08-11 03:00:00,0.0,0.0,23.69,93.63,1.65
2018-08-11 04:00:00,0.0,0.0,23.44,94.98,1.75
2018-08-11 05:00:00,0.0,0.0,23.21,95.92,1.85
2018-08-11 06:00:00,54.72,59.15,23.67,94.15,2.58
2018-08-11 07:00:00,226.35,252.77,25.11,87.47,3.09
2018-08-11 08:00:00,451.65,482.62,26.99,77.02,3.61
2018-08-11 09:00:00,621.0,687.25,28.3,71.01,3.68
2018-08-11 10:00:00,733.72,838.08,29.39,66.76,3.52
2018-08-11 11:00:00,837.55,923.42,30.29,63.35,3.29
2018-08-11 12:00:00,881.53,925.65,30.91,61.15,3.05
2018-08-11 13:00:00,710.7,857.88,31.27,59.62,2.82
2018-08-11 14:00:00,681.72,724.0,31.28,59.03,2.61
2018-08-11 15:00:00,497.77,532.08,31.04,59.34,2.35
2018-08-11 16:00:00,284.0,306.33,30.36,62.19,1.88
2018-08-11 17:00:00,96.4,99.53,29.02,72.33,1.06
2018-08-11 18:00:00,2.9,2.97,27.4,80.98,0.7
2018-08-11 19:00:00,0.0,0.0,26.83,81.87,0.73
2018-08-11 20:00:00,0.0,0.0,26.25,83.22,0.8
2018-08-11 21:00:00,0.0,0.0,25.65,84.58,0.89
2018-08-11 22:00:00,0.0,0.0,25.2,85.73,0.96
2018-08-11 23:00:00,0.0,0.0,24.83,86.87,1.03
2018-08-12 00:00:00,0.0,0.0,24.51,88.04,1.1
2018-08-12 01:00:00,0.0,0.0,24.18,89.59,1.18
2018-08-12 02:00:00,0.0,0.0,23.84,91.51,1.25
2018-08-12 03:00:00,0.0,0.0,23.51,93.62,1.25
2018-08-12 04:00:00,0.0,0.0,23.25,95.4,1.21
2018-08-12 05:00:00,0.0,0.0,23.0,96.84,1.23
2018-08-12 06:00:00,54.8,57.12,23.79,93.66,2.22
2018-08-12 07:00:00,237.65,251.6,25.58,85.18,2.84
2018-08-12 08:00:00,419.08,474.55,27.75,73.65,3.5
2018-08-12 09:00:00,672.35,683.08,29.22,67.13,3.46
2018-08-12 10:00:00,792.6,839.92,30.27,63.14,3.19
2018-08-12 11:00:00,901.55,924.33,31.12,60.25,2.89
2018-08-12 12:00:00,883.55,914.7,31.7,58.07,2.52
2018-08-12 13:00:00,762.28,843.88,31.94,56.74,2.12
2018-08-12 14:00:00,656.65,702.4,31.44,57.29,1.71
2018-08-12 15:00:00,495.75,506.98,30.84,58.75,1.41
2018-08-12 16:00:00,288.15,293.1,30.23,63.09,1.04
2018-08-12 17:00:00,89.4,91.18,29.49,67.33,0.84
2018-08-12 18:00:00,2.75,2.78,28.39,73.44,0.55
2018-08-12 19:00:00,0.0,0.0,28.07,71.89,0.55
2018-08-12 20:00:00,0.0,0.0,27.58,74.24,0.59
2018-08-12 21:00:00,0.0,0.0,26.83,78.99,0.66
2018-08-12 22:00:00,0.0,0.0,25.95,84.51,0.71
2018-08-12 23:00:00,0.0,0.0,25.16,88.11,0.86
2018-08-13 00:00:00,0.0,0.0,24.58,89.15,1.21
2018-08-13 01:00:00,0.0,0.0,24.2,89.9,1.46
2018-08-13 02:00:00,0.0,0.0,23.89,91.28,1.41
2018-08-13 03:00:00,0.0,0.0,23.72,92.2,1.37
2018-08-13 04:00:00,0.0,0.0,23.5,93.38,1.32
2018-08-13 05:00:00,0.0,0.0,23.35,94.06,1.31
2018-08-13 06:00:00,21.92,63.92,23.47,93.5,1.65
2018-08-13 07:00:00,102.28,270.55,23.87,91.97,1.87
2018-08-13 08:00:00,212.77,505.02,24.47,89.16,1.96
2018-08-13 09:00:00,326.6,709.83,24.89,86.91,2.28
2018-08-13 10:00:00,219.9,860.08,25.43,84.05,2.56
2018-08-13 11:00:00,365.17,943.22,26.25,80.02,2.77
2018-08-13 12:00:00,317.1,934.8,27.04,75.96,2.88
2018-08-13 13:00:00,248.62,868.78,27.47,73.61,2.83
2018-08-13 14:00:00,312.92,732.58,27.6,73.0,2.64
2018-08-13 15:00:00,231.18,539.22,27.34,74.99,2.39
2018-08-13 16:00:00,153.5,313.83,26.76,80.19,1.81
2018-08-13 17:00:00,51.55,107.22,25.83,87.92,1.11
2018-08-13 18:00:00,0.0,0.0,24.7,93.16,0.61
2018-08-13 19:00:00,0.0,0.0,24.48,92.55,0.58
2018-08-13 20:00:00,0.0,0.0,24.13,93.62,0.59
2018-08-13 21:00:00,0.0,0.0,23.71,95.22,0.65
2018-08-13 22:00:00,0.0,0.0,23.53,95.83,0.64
2018-08-13 23:00:00,0.0,0.0,23.43,96.3,0.64
2018-08-14 00:00:00,0.0,0.0,23.24,96.77,0.67
2018-08-14 01:00:00,0.0,0.0,23.0,97.09,0.66
2018-08-14 02:00:00,0.0,0.0,22.81,97.3,0.64
2018-08-14 03:00:00,0.0,0.0,22.72,97.36,0.68
2018-08-14 04:00:00,0.0,0.0,22.59,97.34,0.82
2018-08-14 05:00:00,0.0,0.0,22.44,97.44,0.97
2018-08-14 06:00:00,38.88,60.58,22.75,96.63,1.44
2018-08-14 07:00:00,135.55,263.23,23.35,94.89,1.81
2018-08-14 08:00:00,243.23,499.88,24.26,91.18,1.77
2018-08-14 09:00:00,390.02,707.88,25.51,84.74,1.69
2018-08-14 10:00:00,469.08,861.35,27.11,76.52,1.46
2018-08-14 11:00:00,518.4,946.33,28.39,69.67,1.13
2018-08-14 12:00:00,517.83,931.92,29.04,66.1,0.71
2018-08-14 13:00:00,565.65,867.22,29.32,64.33,0.52
2018-08-14 14:00:00,486.83,732.65,29.11,64.93,0.6
2018-08-14 15:00:00,384.0,535.42,28.47,67.88,0.69
2018-08-14 16:00:00,244.75,310.88,27.89,71.84,0.77
2018-08-14 17:00:00,94.65,108.35,27.35,75.98,0.72
2018-08-14 18:00:00,0.0,0.0,26.04,84.06,0.53
2018-08-14 19:00:00,0.0,0.0,25.46,85.03,0.6
2018-08-14 20:00:00,0.0,0.0,24.94,86.42,0.64
2018-08-14 21:00:00,0.0,0.0,24.53,87.32,0.67
2018-08-14 22:00:00,0.0,0.0,24.2,87.67,0.69
2018-08-14 23:00:00,0.0,0.0,23.83,88.38,0.7
2018-08-15 00:00:00,0.0,0.0,23.41,89.66,0.71
2018-08-15 01:00:00,0.0,0.0,22.98,91.08,0.72
2018-08-15 02:00:00,0.0,0.0,22.58,92.48,0.72
2018-08-15 03:00:00,0.0,0.0,22.23,93.87,0.73
2018-08-15 04:00:00,0.0,0.0,21.9,95.46,0.78
2018-08-15 05:00:00,0.0,0.0,21.64,97.1,0.91
2018-08-15 06:00:00,69.12,69.22,22.93,91.91,2.02
2018-08-15 07:00:00,277.2,277.58,25.36,82.12,2.85
2018-08-15 08:00:00,508.62,509.02,27.64,73.26,3.35
2018-08-15 09:00:00,709.7,713.3,29.13,67.92,3.32
2018-08-15 10:00:00,810.72,863.92,30.3,64.13,3.15
2018-08-15 11:00:00,785.38,946.75,31.23,61.29,2.94
2018-08-15 12:00:00,787.83,933.33,31.83,59.42,2.73
2018-08-15 13:00:00,802.62,864.97,32.13,58.24,2.52
2018-08-15 14:00:00,704.1,726.8,32.14,57.69,2.27
2018-08-15 15:00:00,512.78,533.3,31.81,58.21,2.02
2018-08-15 16:00:00,293.67,308.55,31.14,60.09,1.78
2018-08-15 17:00:00,102.85,104.97,29.89,67.68,1.2
2018-08-15 18:00:00,0.0,0.0,27.59,80.93,0.75
2018-08-15 19:00:00,0.0,0.0,26.82,82.3,0.82
2018-08-15 20:00:00,0.0,0.0,26.28,83.87,0.87
2018-08-15 21:00:00,0.0,0.0,25.74,85.69,0.89
2018-08-15 22:00:00,0.0,0.0,25.26,87.37,0.9
2018-08-15 23:00:00,0.0,0.0,24.9,88.7,0.95
2018-08-16 00:00:00,0.0,0.0,24.61,89.77,1.07
2018-08-16 01:00:00,0.0,0.0,24.32,90.99,1.24
2018-08-16 02:00:00,0.0,0.0,24.08,92.37,1.37
2018-08-16 03:00:00,0.0,0.0,23.93,93.44,1.49
2018-08-16 04:00:00,0.0,0.0,23.78,94.21,1.7
2018-08-16 05:00:00,0.0,0.0,23.63,94.77,2.01
2018-08-16 06:00:00,59.08,63.6,23.99,93.08,2.77
2018-08-16 07:00:00,228.82,270.1,25.07,87.64,3.2
2018-08-16 08:00:00,432.4,503.05,26.55,79.28,3.48
2018-08-16 09:00:00,592.12,707.4,28.4,71.38,3.42
2018-08-16 10:00:00,567.2,857.12,29.96,65.65,3.17
2018-08-16 11:00:00,697.4,938.6,31.09,61.76,2.92
2018-08-16 12:00:00,700.7,945.4,31.56,59.87,2.7
2018-08-16 13:00:00,711.53,876.22,31.64,59.04,2.43
2018-08-16 14:00:00,668.85,737.65,31.57,58.8,2.16
2018-08-16 15:00:00,513.45,542.62,31.15,59.93,1.9
2018-08-16 16:00:00,302.25,315.75,30.51,62.88,1.58
2018-08-16 17:00:00,104.8,107.25,29.53,70.17,1.02
2018-08-16 18:00:00,0.0,0.0,28.03,78.93,0.64
2018-08-16 19:00:00,0.0,0.0,27.7,78.36,0.64
2018-08-16 20:00:00,0.0,0.0,27.39,78.94,0.64
2018-08-16 21:00:00,0.0,0.0,27.07,79.64,0.64
2018-08-16 22:00:00,0.0,0.0,26.77,80.58,0.63
2018-08-16 23:00:00,0.0,0.0,26.29,83.28,0.61
2018-08-17 00:00:00,0.0,0.0,25.74,85.85,0.62
2018-08-17 01:00:00,0.0,0.0,25.27,87.84,0.69
2018-08-17 02:00:00,0.0,0.0,24.91,89.07,0.8
2018-08-17 03:00:00,0.0,0.0,24.6,90.24,0.94
2018-08-17 04:00:00,0.0,0.0,24.31,91.5,1.09
2018-08-17 05:00:00,0.0,0.0,24.05,92.72,1.27
2018-08-17 06:00:00,39.12,61.03,24.21,92.39,1.92
2018-08-17 07:00:00,161.02,263.42,24.83,90.82,2.58
2018-08-17 08:00:00,325.33,493.67,26.12,84.95,2.86
2018-08-17 09:00:00,427.33,696.55,27.53,77.29,3.25
2018-08-17 10:00:00,546.3,856.3,28.59,72.4,3.27
2018-08-17 11:00:00,677.58,940.0,29.1,70.04,3.05
2018-08-17 12:00:00,568.0,944.08,29.45,68.38,2.84
2018-08-17 13:00:00,457.4,879.35,29.58,67.43,2.57
2018-08-17 14:00:00,544.78,742.35,29.53,67.36,2.23
2018-08-17 15:00:00,447.5,543.45,29.27,68.66,1.83
2018-08-17 16:00:00,185.23,314.48,28.73,73.73,1.21
2018-08-17 17:00:00,70.47,104.32,27.82,81.13,0.81
2018-08-17 18:00:00,0.0,0.0,26.72,84.25,0.62
2018-08-17 19:00:00,0.0,0.0,26.41,84.36,0.63
2018-08-17 20:00:00,0.0,0.0,26.0,85.89,0.63
2018-08-17 21:00:00,0.0,0.0,25.62,87.09,0.63
2018-08-17 22:00:00,0.0,0.0,25.18,88.66,0.63
2018-08-17 23:00:00,0.0,0.0,24.76,90.37,0.62
2018-08-18 00:00:00,0.0,0.0,24.42,91.69,0.6
2018-08-18 01:00:00,0.0,0.0,24.2,92.34,0.55
2018-08-18 02:00:00,0.0,0.0,24.11,92.13,0.52
2018-08-18 03:00:00,0.0,0.0,23.89,92.82,0.5
2018-08-18 04:00:00,0.0,0.0,23.54,94.5,0.52
2018-08-18 05:00:00,0.0,0.0,23.26,95.64,0.57
2018-08-18 06:00:00,23.5,59.12,23.69,95.37,0.79
2018-08-18 07:00:00,79.75,258.2,24.66,91.26,1.43
2018-08-18 08:00:00,126.07,490.12,26.04,84.33,1.67
2018-08-18 09:00:00,295.0,696.97,27.29,76.38,2.0
2018-08-18 10:00:00,252.65,849.75,28.32,70.32,2.08
2018-08-18 11:00:00,331.17,934.1,28.98,66.82,2.04
2018-08-18 12:00:00,522.8,926.97,29.49,64.29,1.99
2018-08-18 13:00:00,601.3,856.12,29.77,62.5,1.85
2018-08-18 14:00:00,428.92,714.7,29.75,61.69,1.59
2018-08-18 15:00:00,336.3,517.25,29.46,62.07,1.4
2018-08-18 16:00:00,202.07,283.9,28.79,65.02,1.46
2018-08-18 17:00:00,76.25,91.6,27.44,74.27,1.26
2018-08-18 18:00:00,0.0,0.0,25.8,84.91,0.92
2018-08-18 19:00:00,0.0,0.0,25.1,87.6,1.25
2018-08-18 20:00:00,0.0,0.0,24.51,91.21,1.64
2018-08-18 21:00:00,0.0,0.0,24.18,94.08,1.78
2018-08-18 22:00:00,0.0,0.0,24.15,94.94,2.03
2018-08-18 23:00:00,0.0,0.0,24.12,95.46,2.17
2018-08-19 00:00:00,0.0,0.0,24.07,95.45,2.31
2018-08-19 01:00:00,0.0,0.0,23.87,95.55,2.24
2018-08-19 02:00:00,0.0,0.0,23.49,96.27,1.94
2018-08-19 03:00:00,0.0,0.0,23.18,96.78,1.7
2018-08-19 04:00:00,0.0,0.0,23.03,96.83,1.69
2018-08-19 05:00:00,0.0,0.0,22.91,96.87,1.76
2018-08-19 06:00:00,41.38,62.2,23.13,96.08,2.15
2018-08-19 07:00:00,165.38,270.27,23.63,94.65,2.51
2018-08-19 08:00:00,317.75,507.1,24.16,92.26,2.97
2018-08-19 09:00:00,435.23,711.5,24.8,88.28,3.29
2018-08-19 10:00:00,525.83,866.1,25.51,82.07,3.39
2018-08-19 11:00:00,665.2,948.83,26.09,76.94,3.39
2018-08-19 12:00:00,633.67,871.25,26.68,73.26,3.32
2018-08-19 13:00:00,518.33,793.45,27.39,70.07,3.22
2018-08-19 14:00:00,503.52,654.65,28.02,67.78,3.07
2018-08-19 15:00:00,296.98,463.77,28.2,67.43,2.82
2018-08-19 16:00:00,192.52,260.33,27.74,69.6,2.47
2018-08-19 17:00:00,62.6,78.82,26.52,78.35,1.53
2018-08-19 18:00:00,0.0,0.0,24.69,89.24,0.83
2018-08-19 19:00:00,0.0,0.0,24.16,90.45,0.81
2018-08-19 20:00:00,0.0,0.0,23.76,91.43,0.82
2018-08-19 21:00:00,0.0,0.0,23.44,92.23,0.83
2018-08-19 22:00:00,0.0,0.0,23.14,93.03,0.83
2018-08-19 23:00:00,0.0,0.0,22.84,93.92,0.82
2018-08-20 00:00:00,0.0,0.0,22.59,94.8,0.81
2018-08-20 01:00:00,0.0,0.0,22.52,95.57,0.83
2018-08-20 02:00:00,0.0,0.0,22.48,96.12,0.95
2018-08-20 03:00:00,0.0,0.0,22.39,96.54,1.16
2018-08-20 04:00:00,0.0,0.0,22.3,96.86,1.3
2018-08-20 05:00:00,0.0,0.0,22.19,97.21,1.25
2018-08-20 06:00:00,36.33,58.2,22.67,96.06,1.79
2018-08-20 07:00:00,136.5,257.83,23.62,93.92,2.13
2018-08-20 08:00:00,275.05,493.52,25.45,84.74,3.16
2018-08-20 09:00:00,329.45,703.88,27.47,72.21,4.09
2018-08-20 10:00:00,460.48,859.4,29.08,62.95,4.42
2018-08-20 11:00:00,499.62,944.5,30.2,58.2,4.44
2018-08-20 12:00:00,649.6,952.85,30.93,56.29,4.33
2018-08-20 13:00:00,674.45,881.55,31.13,56.25,4.18
2018-08-20 14:00:00,612.92,741.45,30.97,57.32,3.97
2018-08-20 15:00:00,400.5,546.95,30.54,59.09,3.71
2018-08-20 16:00:00,216.02,318.17,29.6,64.14,3.03
2018-08-20 17:00:00,76.57,104.18,28.04,76.37,1.73
2018-08-20 18:00:00,0.0,0.0,25.99,86.61,1.16
2018-08-20 19:00:00,0.0,0.0,25.39,88.56,1.26
2018-08-20 20:00:00,0.0,0.0,24.98,89.58,1.41
2018-08-20 21:00:00,0.0,0.0,24.51,90.76,1.51
2018-08-20 22:00:00,0.0,0.0,24.16,91.56,1.6
2018-08-20 23:00:00,0.0,0.0,23.88,91.75,1.8
2018-08-21 00:00:00,0.0,0.0,23.65,91.65,2.09
2018-08-21 01:00:00,0.0,0.0,23.44,91.84,2.45
2018-08-21 02:00:00,0.0,0.0,23.14,93.0,2.65
2018-08-21 03:00:00,0.0,0.0,22.91,93.91,2.63
2018-08-21 04:00:00,0.0,0.0,22.77,94.45,2.56
2018-08-21 05:00:00,0.0,0.0,22.66,94.78,2.52
2018-08-21 06:00:00,26.33,71.82,22.9,94.0,2.82
2018-08-21 07:00:00,117.95,296.08,23.92,90.9,3.09
2018-08-21 08:00:00,236.02,533.3,25.72,81.74,3.42
2018-08-21 09:00:00,312.05,737.3,27.22,72.9,4.02
2018-08-21 10:00:00,368.58,887.47,28.09,68.3,4.42
2018-08-21 11:00:00,485.2,969.17,28.68,65.7,4.47
2018-08-21 12:00:00,594.78,976.22,28.95,64.98,4.23
2018-08-21 13:00:00,520.33,906.08,29.01,65.49,3.84
2018-08-21 14:00:00,414.83,766.4,28.95,66.75,3.48
2018-08-21 15:00:00,276.25,570.22,28.68,68.97,3.05
2018-08-21 16:00:00,164.18,336.88,28.19,73.1,2.38
2018-08-21 17:00:00,52.62,110.4,27.03,83.45,1.23
2018-08-21 18:00:00,0.0,0.0,25.54,90.12,0.84
2018-08-21 19:00:00,0.0,0.0,25.14,91.95,0.76
2018-08-21 20:00:00,0.0,0.0,24.9,93.1,0.67
2018-08-21 21:00:00,0.0,0.0,24.78,93.06,0.62
2018-08-21 22:00:00,0.0,0.0,24.72,92.44,0.59
2018-08-21 23:00:00,0.0,0.0,24.54,92.22,0.53
2018-08-22 00:00:00,0.0,0.0,24.17,93.5,0.49
2018-08-22 01:00:00,0.0,0.0,23.86,94.63,0.58
2018-08-22 02:00:00,0.0,0.0,23.59,95.49,0.65
2018-08-22 03:00:00,0.0,0.0,23.38,96.01,0.65
2018-08-22 04:00:00,0.0,0.0,23.24,96.22,0.61
2018-08-22 05:00:00,0.0,0.0,23.15,96.07,0.52
2018-08-22 06:00:00,50.53,69.72,23.53,96.05,0.45
2018-08-22 07:00:00,203.18,287.12,24.56,91.02,0.6
2018-08-22 08:00:00,389.52,523.78,25.72,83.43,1.2
2018-08-22 09:00:00,367.05,730.38,26.48,75.11,2.04
2018-08-22 10:00:00,464.38,876.58,27.56,68.13,2.53
2018-08-22 11:00:00,558.95,959.5,28.45,64.81,2.58
2018-08-22 12:00:00,740.12,965.62,29.18,63.0,2.34
2018-08-22 13:00:00,687.05,896.53,29.64,62.01,2.05
2018-08-22 14:00:00,544.7,757.1,29.62,62.09,1.83
2018-08-22 15:00:00,398.27,560.47,29.2,63.63,1.62
2018-08-22 16:00:00,205.62,329.65,28.62,66.73,1.42
2018-08-22 17:00:00,72.62,107.62,27.74,73.71,1.03
2018-08-22 18:00:00,0.0,0.0,26.15,84.89,0.68
2018-08-22 19:00:00,0.0,0.0,25.58,86.14,0.72
2018-08-22 20:00:00,0.0,0.0,25.16,87.33,0.69
2018-08-22 21:00:00,0.0,0.0,24.82,88.27,0.67
2018-08-22 22:00:00,0.0,0.0,24.47,89.28,0.69
2018-08-22 23:00:00,0.0,0.0,24.11,90.52,0.74
2018-08-23 00:00:00,0.0,0.0,23.83,91.74,0.82
2018-08-23 01:00:00,0.0,0.0,23.6,93.19,0.91
2018-08-23 02:00:00,0.0,0.0,23.38,95.16,1.02
2018-08-23 03:00:00,0.0,0.0,23.23,96.35,1.15
2018-08-23 04:00:00,0.0,0.0,23.19,96.83,1.28
2018-08-23 05:00:00,0.0,0.0,23.21,96.97,1.52
2018-08-23 06:00:00,51.03,70.5,23.67,95.8,2.33
2018-08-23 07:00:00,184.48,286.65,24.44,93.51,3.05
2018-08-23 08:00:00,332.48,521.65,25.26,88.41,3.66
2018-08-23 09:00:00,464.6,726.6,26.28,81.58,4.11
2018-08-23 10:00:00,612.05,875.85,27.36,75.82,4.27
2018-08-23 11:00:00,683.5,958.35,28.26,71.89,4.2
2018-08-23 12:00:00,774.08,939.22,28.87,69.41,3.99
2018-08-23 13:00:00,550.72,868.38,29.25,68.06,3.69
2018-08-23 14:00:00,461.85,726.78,29.33,67.86,3.34
2018-08-23 15:00:00,303.52,528.5,29.03,69.14,2.86
2018-08-23 16:00:00,162.45,299.1,28.51,71.99,2.17
2018-08-23 17:00:00,55.85,92.25,27.54,79.34,1.2
2018-08-23 18:00:00,0.0,0.0,26.16,87.56,0.64
2018-08-23 19:00:00,0.0,0.0,26.0,86.54,0.59
2018-08-23 20:00:00,0.0,0.0,25.75,87.18,0.53
2018-08-23 21:00:00,0.0,0.0,25.37,88.69,0.58
2018-08-23 22:00:00,0.0,0.0,24.8,92.06,0.63
2018-08-23 23:00:00,0.0,0.0,24.34,93.97,0.69
2018-08-24 00:00:00,0.0,0.0,24.05,94.89,0.82
2018-08-24 01:00:00,0.0,0.0,23.84,95.6,1.04
2018-08-24 02:00:00,0.0,0.0,23.68,96.35,1.28
2018-08-24 03:00:00,0.0,0.0,23.52,97.26,1.36
2018-08-24 04:00:00,0.0,0.0,23.48,97.67,1.42
2018-08-24 05:00:00,0.0,0.0,23.39,97.85,1.36
2018-08-24 06:00:00,41.85,72.55,23.83,96.88,1.72
2018-08-24 07:00:00,174.85,298.58,24.56,94.71,2.33
2018-08-24 08:00:00,334.73,536.33,25.31,91.92,2.81
2018-08-24 09:00:00,371.6,740.0,26.45,85.93,3.38
2018-08-24 10:00:00,280.25,888.53,27.64,79.19,3.55
2018-08-24 11:00:00,297.77,968.53,28.52,75.19,3.35
2018-08-24 12:00:00,75.65,973.25,28.94,72.73,3.08
2018-08-24 13:00:00,59.15,901.83,29.04,71.83,2.91
2018-08-24 14:00:00,125.9,761.12,28.84,72.4,2.79
2018-08-24 15:00:00,144.2,563.65,28.28,75.34,2.52
2018-08-24 16:00:00,170.65,331.12,27.39,81.66,2.1
2018-08-24 17:00:00,57.5,105.15,26.31,88.53,1.77
2018-08-24 18:00:00,0.0,0.0,25.12,93.47,1.56
2018-08-24 19:00:00,0.0,0.0,24.75,94.46,1.86
2018-08-24 20:00:00,0.0,0.0,24.46,95.24,1.97
2018-08-24 21:00:00,0.0,0.0,24.23,95.63,2.0
2018-08-24 22:00:00,0.0,0.0,24.06,95.49,2.15
2018-08-24 23:00:00,0.0,0.0,23.91,95.53,2.46
2018-08-25 00:00:00,0.0,0.0,23.71,96.31,2.56
2018-08-25 01:00:00,0.0,0.0,23.57,96.69,2.48
2018-08-25 02:00:00,0.0,0.0,23.48,96.8,2.45
2018-08-25 03:00:00,0.0,0.0,23.41,96.81,2.54
2018-08-25 04:00:00,0.0,0.0,23.33,96.82,2.61
2018-08-25 05:00:00,0.0,0.0,23.22,96.91,2.62
2018-08-25 06:00:00,7.35,86.03,23.35,96.52,2.86
2018-08-25 07:00:00,87.1,323.45,23.79,95.67,3.15
2018-08-25 08:00:00,159.2,560.35,24.28,93.67,3.61
2018-08-25 09:00:00,203.23,761.03,24.75,90.4,4.27
2018-08-25 10:00:00,329.35,906.85,25.16,87.75,4.37
2018-08-25 11:00:00,477.38,985.25,25.79,84.87,4.49
2018-08-25 12:00:00,596.8,974.65,26.47,81.76,4.63
2018-08-25 13:00:00,453.38,904.62,26.59,81.37,4.6
2018-08-25 14:00:00,382.33,763.67,26.33,83.02,4.49
2018-08-25 15:00:00,242.75,564.7,26.03,84.77,4.19
2018-08-25 16:00:00,173.18,329.48,25.72,87.18,3.5
2018-08-25 17:00:00,58.83,102.2,25.04,91.69,2.45
2018-08-25 18:00:00,0.0,0.0,24.22,95.57,1.78
2018-08-25 19:00:00,0.0,0.0,23.99,96.4,1.92
2018-08-25 20:00:00,0.0,0.0,23.84,96.76,2.12
2018-08-25 21:00:00,0.0,0.0,23.68,97.01,2.18
2018-08-25 22:00:00,0.0,0.0,23.5,97.02,2.19
2018-08-25 23:00:00,0.0,0.0,23.44,96.49,2.66
2018-08-26 00:00:00,0.0,0.0,23.31,96.21,3.25
2018-08-26 01:00:00,0.0,0.0,23.07,96.53,3.11
2018-08-26 02:00:00,0.0,0.0,22.78,96.91,2.63
2018-08-26 03:00:00,0.0,0.0,22.58,96.72,2.79
2018-08-26 04:00:00,0.0,0.0,22.4,96.51,3.07
2018-08-26 05:00:00,0.0,0.0,22.21,96.64,2.91
2018-08-26 06:00:00,27.45,71.47,22.41,95.93,3.12
2018-08-26 07:00:00,127.85,294.83,23.39,92.45,4.04
2018-08-26 08:00:00,254.38,533.33,24.98,83.72,4.84
2018-08-26 09:00:00,437.95,738.75,26.77,75.06,4.87
2018-08-26 10:00:00,579.65,888.17,27.89,71.2,4.54
2018-08-26 11:00:00,613.25,968.38,28.62,69.44,4.23
2018-08-26 12:00:00,699.42,943.8,29.15,68.16,3.95
2018-08-26 13:00:00,573.97,874.8,29.46,67.38,3.68
2018-08-26 14:00:00,555.38,734.1,29.51,67.07,3.37
2018-08-26 15:00:00,356.7,532.42,29.19,68.14,3.02
2018-08-26 16:00:00,205.32,301.52,28.46,72.45,2.41
2018-08-26 17:00:00,68.97,90.18,27.31,80.65,1.57
2018-08-26 18:00:00,0.0,0.0,25.36,90.33,0.87
2018-08-26 19:00:00,0.0,0.0,24.78,91.61,0.86
2018-08-26 20:00:00,0.0,0.0,24.38,92.51,0.86
2018-08-26 21:00:00,0.0,0.0,24.03,93.27,0.87
2018-08-26 22:00:00,0.0,0.0,23.72,94.03,0.88
2018-08-26 23:00:00,0.0,0.0,23.46,94.62,0.87
2018-08-27 00:00:00,0.0,0.0,23.18,95.3,0.87
2018-08-27 01:00:00,0.0,0.0,22.89,96.15,0.94
2018-08-27 02:00:00,0.0,0.0,22.77,96.77,1.07
2018-08-27 03:00:00,0.0,0.0,22.72,97.34,1.27
2018-08-27 04:00:00,0.0,0.0,22.66,97.74,1.39
2018-08-27 05:00:00,0.0,0.0,22.67,97.78,1.46
2018-08-27 06:00:00,35.47,68.3,23.35,96.39,2.12
2018-08-27 07:00:00,131.43,287.98,24.55,93.35,2.77
2018-08-27 08:00:00,248.27,527.65,25.84,87.24,3.26
2018-08-27 09:00:00,373.35,734.78,27.07,80.58,3.42
2018-08-27 10:00:00,455.0,885.65,27.95,76.18,3.45
2018-08-27 11:00:00,632.2,964.08,28.73,72.83,3.43
2018-08-27 12:00:00,740.6,961.7,29.16,71.01,3.3
2018-08-27 13:00:00,758.8,890.55,29.3,70.64,3.03
2018-08-27 14:00:00,693.78,749.17,29.2,71.2,2.65
2018-08-27 15:00:00,518.6,550.88,28.92,72.43,2.23
2018-08-27 16:00:00,281.98,316.3,28.28,76.04,1.65
2018-08-27 17:00:00,85.35,94.72,27.27,82.81,1.0
2018-08-27 18:00:00,0.0,0.0,25.97,90.01,0.6
2018-08-27 19:00:00,0.0,0.0,25.53,90.34,0.62
2018-08-27 20:00:00,0.0,0.0,25.17,90.93,0.63
2018-08-27 21:00:00,0.0,0.0,24.84,91.43,0.64
2018-08-27 22:00:00,0.0,0.0,24.55,91.62,0.65
2018-08-27 23:00:00,0.0,0.0,24.21,92.16,0.65
2018-08-28 00:00:00,0.0,0.0,23.89,92.98,0.65
2018-08-28 01:00:00,0.0,0.0,23.63,93.79,0.65
2018-08-28 02:00:00,0.0,0.0,23.37,94.41,0.63
2018-08-28 03:00:00,0.0,0.0,23.19,94.56,0.62
2018-08-28 04:00:00,0.0,0.0,23.03,94.78,0.62
2018-08-28 05:00:00,0.0,0.0,22.83,95.36,0.6
2018-08-28 06:00:00,58.62,69.95,23.38,95.61,0.75
2018-08-28 07:00:00,207.2,287.33,24.24,93.09,1.28
2018-08-28 08:00:00,398.9,529.2,25.91,86.62,1.45
2018-08-28 09:00:00,428.85,741.97,27.35,79.83,1.59
2018-08-28 10:00:00,583.58,891.65,28.24,75.52,1.55
2018-08-28 11:00:00,679.42,971.65,28.73,72.92,1.33
2018-08-28 12:00:00,734.65,937.33,28.96,71.24,1.06
2018-08-28 13:00:00,759.3,864.88,29.07,69.61,0.74
2018-08-28 14:00:00,591.38,722.53,28.95,68.5,0.4
2018-08-28 15:00:00,383.02,523.83,28.61,68.89,0.27
2018-08-28 16:00:00,195.65,293.02,27.91,73.63,0.37
2018-08-28 17:00:00,64.3,84.6,27.11,76.23,0.5
2018-08-28 18:00:00,0.0,0.0,26.07,82.28,0.46
2018-08-28 19:00:00,0.0,0.0,25.44,84.82,0.51
2018-08-28 20:00:00,0.0,0.0,24.87,87.28,0.57
2018-08-28 21:00:00,0.0,0.0,24.43,88.98,0.61
2018-08-28 22:00:00,0.0,0.0,24.02,90.67,0.63
2018-08-28 23:00:00,0.0,0.0,23.59,92.74,0.65
2018-08-29 00:00:00,0.0,0.0,23.26,94.27,0.73
2018-08-29 01:00:00,0.0,0.0,23.02,95.21,0.81
2018-08-29 02:00:00,0.0,0.0,22.83,96.0,0.83
2018-08-29 03:00:00,0.0,0.0,22.66,96.53,0.77
2018-08-29 04:00:00,0.0,0.0,22.47,96.93,0.68
2018-08-29 05:00:00,0.0,0.0,22.31,97.09,0.63
2018-08-29 06:00:00,24.52,69.45,22.93,96.84,0.78
2018-08-29 07:00:00,92.22,288.98,23.82,94.6,1.27
2018-08-29 08:00:00,166.75,527.38,25.39,87.23,1.68
2018-08-29 09:00:00,296.77,734.62,26.85,77.69,2.13
2018-08-29 10:00:00,430.02,884.5,28.15,70.63,2.41
2018-08-29 11:00:00,584.95,965.67,29.04,67.15,2.53
2018-08-29 12:00:00,641.65,960.8,29.45,65.79,2.49
2018-08-29 13:00:00,468.15,887.88,29.56,65.5,2.37
2018-08-29 14:00:00,403.23,747.03,29.48,65.88,2.24
2018-08-29 15:00:00,271.33,547.92,29.09,67.59,2.12
2018-08-29 16:00:00,164.77,313.6,28.43,72.31,1.73
2018-08-29 17:00:00,57.33,90.5,27.42,78.39,1.36
2018-08-29 18:00:00,0.0,0.0,25.71,88.25,0.8
2018-08-29 19:00:00,0.0,0.0,25.26,89.14,0.81
2018-08-29 20:00:00,0.0,0.0,24.91,90.02,0.82
2018-08-29 21:00:00,0.0,0.0,24.57,90.84,0.82
2018-08-29 22:00:00,0.0,0.0,24.24,91.52,0.85
2018-08-29 23:00:00,0.0,0.0,23.91,91.94,0.95
2018-08-30 00:00:00,0.0,0.0,23.54,92.45,1.04
2018-08-30 01:00:00,0.0,0.0,23.2,92.88,1.1
2018-08-30 02:00:00,0.0,0.0,22.86,93.27,1.11
2018-08-30 03:00:00,0.0,0.0,22.45,94.0,1.03
2018-08-30 04:00:00,0.0,0.0,22.06,94.62,0.94
2018-08-30 05:00:00,0.0,0.0,21.63,95.21,0.91
2018-08-30 06:00:00,70.0,71.18,22.55,90.72,1.64
2018-08-30 07:00:00,287.23,290.67,24.18,84.91,2.04
2018-08-30 08:00:00,522.75,527.58,27.05,71.81,2.7
2018-08-30 09:00:00,679.95,733.08,28.7,66.01,3.13
2018-08-30 10:00:00,715.65,882.12,29.79,63.69,3.28
2018-08-30 11:00:00,740.0,961.6,30.57,62.26,3.22
2018-08-30 12:00:00,753.58,948.38,30.86,62.0,2.95
2018-08-30 13:00:00,572.1,877.12,30.78,62.77,2.62
2018-08-30 14:00:00,452.05,725.45,30.41,64.61,2.35
2018-08-30 15:00:00,309.12,524.62,29.68,69.58,1.93
2018-08-30 16:00:00,170.55,288.5,28.86,74.81,1.66
2018-08-30 17:00:00,47.6,78.65,27.7,83.31,1.09
2018-08-30 18:00:00,0.0,0.0,26.61,89.08,0.69
2018-08-30 19:00:00,0.0,0.0,26.31,89.95,0.64
2018-08-30 20:00:00,0.0,0.0,25.87,91.53,0.68
2018-08-30 21:00:00,0.0,0.0,25.42,92.81,0.75
2018-08-30 22:00:00,0.0,0.0,25.03,93.92,0.85
2018-08-30 23:00:00,0.0,0.0,24.69,94.87,1.0
2018-08-31 00:00:00,0.0,0.0,24.4,95.56,1.24
2018-08-31 01:00:00,0.0,0.0,24.19,95.93,1.56
2018-08-31 02:00:00,0.0,0.0,23.98,96.42,1.8
2018-08-31 03:00:00,0.0,0.0,23.83,96.65,1.83
2018-08-31 04:00:00,0.0,0.0,23.69,96.96,1.66
2018-08-31 05:00:00,0.0,0.0,23.58,97.05,1.6
2018-08-31 06:00:00,46.1,68.2,23.71,96.49,1.9
2018-08-31 07:00:00,194.25,286.83,24.23,94.92,2.23
2018-08-31 08:00:00,376.48,526.03,25.01,92.22,2.56
2018-08-31 09:00:00,569.92,731.88,25.9,87.9,3.15
2018-08-31 10:00:00,610.05,881.1,26.83,83.28,3.38
2018-08-31 11:00:00,587.78,959.85,27.6,79.86,3.43
2018-08-31 12:00:00,632.3,961.8,28.2,76.53,3.42
2018-08-31 13:00:00,649.75,886.72,28.55,73.13,3.4
2018-08-31 14:00:00,618.33,737.38,28.59,72.01,3.35
2018-08-31 15:00:00,444.42,534.95,28.41,73.07,3.25
2018-08-31 16:00:00,234.18,299.45,27.9,77.21,2.7
2018-08-31 17:00:00,67.9,83.97,26.79,86.74,1.45
2018-08-31 18:00:00,0.0,0.0,25.25,93.71,0.82
2018-08-31 19:00:00,0.0,0.0,24.92,94.87,0.78
2018-08-31 20:00:00,0.0,0.0,24.7,95.46,1.01
2018-08-31 21:00:00,0.0,0.0,24.54,95.6,1.61
2018-08-31 22:00:00,0.0,0.0,24.38,95.4,2.27
2018-08-31 23:00:00,0.0,0.0,24.09,95.94,2.56
2018-09-01 00:00:00,0.0,0.0,23.83,96.3,2.61
2018-09-01 01:00:00,0.0,0.0,23.63,96.4,2.86
2018-09-01 02:00:00,0.0,0.0,23.44,96.36,3.11
2018-09-01 03:00:00,0.0,0.0,23.22,96.6,3.07
2018-09-01 04:00:00,0.0,0.0,23.04,96.78,2.76
2018-09-01 05:00:00,0.0,0.0,22.92,96.74,2.82
2018-09-01 06:00:00,13.52,68.38,22.92,96.59,3.11
2018-09-01 07:00:00,86.03,285.4,23.31,95.86,3.48
2018-09-01 08:00:00,154.57,524.4,24.03,94.51,3.32
2018-09-01 09:00:00,226.27,729.05,24.92,91.24,3.52
2018-09-01 10:00:00,417.8,878.78,25.86,86.16,3.37
2018-09-01 11:00:00,523.62,958.25,26.28,82.18,3.34
2018-09-01 12:00:00,577.2,959.12,26.4,80.82,3.56
2018-09-01 13:00:00,568.12,887.65,26.28,81.82,3.97
2018-09-01 14:00:00,463.42,745.5,26.08,83.84,4.14
2018-09-01 15:00:00,334.05,543.65,25.78,86.78,3.75
2018-09-01 16:00:00,179.32,308.9,25.31,90.83,3.03
2018-09-01 17:00:00,51.65,86.6,24.69,94.44,2.48
2018-09-01 18:00:00,0.0,0.0,24.07,96.56,2.22
2018-09-01 19:00:00,0.0,0.0,23.83,96.87,2.21
2018-09-01 20:00:00,0.0,0.0,23.56,97.14,2.0
2018-09-01 21:00:00,0.0,0.0,23.29,97.38,1.85
2018-09-01 22:00:00,0.0,0.0,23.07,97.47,1.75
2018-09-01 23:00:00,0.0,0.0,22.86,97.67,1.56
2018-09-02 00:00:00,0.0,0.0,22.68,97.79,1.35
2018-09-02 01:00:00,0.0,0.0,22.52,97.9,1.26
2018-09-02 02:00:00,0.0,0.0,22.4,97.84,1.29
2018-09-02 03:00:00,0.0,0.0,22.31,97.81,1.35
2018-09-02 04:00:00,0.0,0.0,22.22,97.79,1.39
2018-09-02 05:00:00,0.0,0.0,22.13,97.84,1.4
2018-09-02 06:00:00,28.17,74.35,22.68,96.83,1.95
2018-09-02 07:00:00,119.97,303.85,23.86,94.36,2.56
2018-09-02 08:00:00,222.2,545.67,25.4,88.77,3.05
2018-09-02 09:00:00,398.73,750.33,26.98,80.13,3.14
2018-09-02 10:00:00,554.55,899.42,28.0,74.04,2.91
2018-09-02 11:00:00,629.83,977.85,28.55,71.07,2.71
2018-09-02 12:00:00,717.17,979.03,28.91,69.57,2.52
2018-09-02 13:00:00,638.45,901.22,29.1,68.77,2.36
2018-09-02 14:00:00,479.05,752.83,29.07,68.73,2.17
2018-09-02 15:00:00,310.33,546.85,28.79,69.51,1.99
2018-09-02 16:00:00,166.57,306.9,28.22,72.74,1.6
2018-09-02 17:00:00,48.05,81.85,27.21,79.21,1.07
2018-09-02 18:00:00,0.0,0.0,25.75,87.78,0.65
2018-09-02 19:00:00,0.0,0.0,25.31,87.15,0.68
2018-09-02 20:00:00,0.0,0.0,24.96,87.4,0.68
2018-09-02 21:00:00,0.0,0.0,24.75,86.99,0.65
2018-09-02 22:00:00,0.0,0.0,24.56,86.56,0.62
2018-09-02 23:00:00,0.0,0.0,24.11,88.12,0.62
2018-09-03 00:00:00,0.0,0.0,23.43,91.26,0.66
2018-09-03 01:00:00,0.0,0.0,22.85,93.91,0.67
2018-09-03 02:00:00,0.0,0.0,22.49,95.19,0.69
2018-09-03 03:00:00,0.0,0.0,22.22,95.83,0.7
2018-09-03 04:00:00,0.0,0.0,21.96,96.26,0.69
2018-09-03 05:00:00,0.0,0.0,21.73,96.58,0.66
2018-09-03 06:00:00,36.03,63.75,22.46,94.67,1.06
2018-09-03 07:00:00,149.45,270.73,23.66,90.73,1.25
2018-09-03 08:00:00,273.52,504.77,25.91,81.85,1.44
2018-09-03 09:00:00,366.85,716.28,27.38,76.39,1.51
2018-09-03 10:00:00,531.05,869.45,28.12,73.63,1.65
2018-09-03 11:00:00,663.88,951.62,28.86,71.33,1.83
2018-09-03 12:00:00,631.5,930.72,29.32,69.8,1.96
2018-09-03 13:00:00,447.5,862.58,29.57,68.57,1.97
2018-09-03 14:00:00,72.45,717.45,29.61,67.62,1.9
2018-09-03 15:00:00,32.33,517.05,29.15,69.84,1.72
2018-09-03 16:00:00,136.57,286.73,28.33,76.85,1.33
2018-09-03 17:00:00,44.17,74.95,27.06,82.89,1.21
2018-09-03 18:00:00,0.0,0.0,25.71,92.18,0.75
2018-09-03 19:00:00,0.0,0.0,25.22,93.81,0.82
2018-09-03 20:00:00,0.0,0.0,24.9,95.02,0.83
2018-09-03 21:00:00,0.0,0.0,24.67,95.93,0.77
2018-09-03 22:00:00,0.0,0.0,24.47,96.59,0.69
2018-09-03 23:00:00,0.0,0.0,24.29,96.99,0.64
2018-09-04 00:00:00,0.0,0.0,24.1,97.25,0.62
2018-09-04 01:00:00,0.0,0.0,23.93,97.35,0.66
2018-09-04 02:00:00,0.0,0.0,23.72,97.37,0.76
2018-09-04 03:00:00,0.0,0.0,23.5,97.3,0.9
2018-09-04 04:00:00,0.0,0.0,23.29,97.08,1.1
2018-09-04 05:00:00,0.0,0.0,23.08,97.14,1.14
2018-09-04 06:00:00,27.65,68.28,23.36,96.28,1.35
2018-09-04 07:00:00,122.38,284.2,24.02,94.07,1.74
2018-09-04 08:00:00,233.73,521.85,24.91,90.64,1.95
2018-09-04 09:00:00,283.95,726.42,25.53,87.61,2.11
2018-09-04 10:00:00,245.4,875.1,25.83,86.41,2.03
2018-09-04 11:00:00,271.85,954.42,26.03,85.71,1.88
2018-09-04 12:00:00,322.92,955.4,26.12,85.88,1.88
2018-09-04 13:00:00,285.0,878.45,26.16,86.46,2.07
2018-09-04 14:00:00,282.65,731.38,26.06,87.62,2.36
2018-09-04 15:00:00,117.32,527.67,25.84,89.63,2.57
2018-09-04 16:00:00,84.0,291.85,25.5,92.65,2.48
2018-09-04 17:00:00,29.48,75.03,25.03,95.26,2.22
2018-09-04 18:00:00,0.0,0.0,24.46,96.54,2.25
2018-09-04 19:00:00,0.0,0.0,24.1,96.53,2.34
2018-09-04 20:00:00,0.0,0.0,23.78,96.68,2.08
2018-09-04 21:00:00,0.0,0.0,23.55,96.86,1.73
2018-09-04 22:00:00,0.0,0.0,23.39,97.12,1.62
2018-09-04 23:00:00,0.0,0.0,23.29,97.18,1.66
2018-09-05 00:00:00,0.0,0.0,23.17,97.38,1.7
2018-09-05 01:00:00,0.0,0.0,23.03,97.55,1.7
2018-09-05 02:00:00,0.0,0.0,22.9,97.74,1.62
2018-09-05 03:00:00,0.0,0.0,22.76,97.96,1.5
2018-09-05 04:00:00,0.0,0.0,22.66,97.91,1.4
2018-09-05 05:00:00,0.0,0.0,22.58,97.94,1.36
2018-09-05 06:00:00,37.15,62.53,23.17,96.91,1.97
2018-09-05 07:00:00,126.72,265.77,24.39,94.11,2.59
2018-09-05 08:00:00,235.2,506.1,25.84,87.37,2.96
2018-09-05 09:00:00,399.3,717.62,27.16,80.03,2.95
2018-09-05 10:00:00,638.85,868.1,27.96,76.06,2.81
2018-09-05 11:00:00,704.5,946.5,28.43,74.12,2.68
2018-09-05 12:00:00,828.25,968.85,28.89,72.46,2.57
2018-09-05 13:00:00,757.92,889.28,29.14,71.67,2.47
2018-09-05 14:00:00,673.5,739.83,29.14,71.9,2.5
2018-09-05 15:00:00,466.83,533.38,28.57,75.06,2.42
2018-09-05 16:00:00,244.73,293.73,27.8,80.51,2.18
2018-09-05 17:00:00,63.2,74.85,26.64,88.24,1.57
2018-09-05 18:00:00,0.0,0.0,25.29,94.39,1.11
2018-09-05 19:00:00,0.0,0.0,24.85,95.57,1.28
2018-09-05 20:00:00,0.0,0.0,24.47,96.5,1.43
2018-09-05 21:00:00,0.0,0.0,24.09,97.35,1.38
2018-09-05 22:00:00,0.0,0.0,23.73,97.92,1.2
2018-09-05 23:00:00,0.0,0.0,23.38,98.31,1.07
2018-09-06 00:00:00,0.0,0.0,23.12,98.32,1.03
2018-09-06 01:00:00,0.0,0.0,22.97,98.23,1.14
2018-09-06 02:00:00,0.0,0.0,22.85,97.92,1.28
2018-09-06 03:00:00,0.0,0.0,22.73,97.8,1.48
2018-09-06 04:00:00,0.0,0.0,22.57,97.76,1.59
2018-09-06 05:00:00,0.0,0.0,22.44,97.66,1.63
2018-09-06 06:00:00,52.6,59.53,22.89,96.53,2.14
2018-09-06 07:00:00,175.2,249.32,23.98,94.01,2.51
2018-09-06 08:00:00,355.33,487.65,25.47,88.1,3.08
2018-09-06 09:00:00,407.3,694.58,26.97,81.03,3.32
2018-09-06 10:00:00,478.58,845.72,28.02,76.29,3.27
2018-09-06 11:00:00,554.05,922.28,28.77,73.69,3.07
2018-09-06 12:00:00,606.8,912.53,29.21,72.2,2.77
2018-09-06 13:00:00,551.55,832.47,29.31,71.83,2.45
2018-09-06 14:00:00,401.3,680.25,29.21,72.21,2.03
2018-09-06 15:00:00,214.27,475.3,28.85,74.38,1.55
2018-09-06 16:00:00,143.6,248.55,28.4,79.12,0.98
2018-09-06 17:00:00,40.83,59.65,27.51,83.95,0.75
2018-09-06 18:00:00,0.0,0.0,26.33,89.74,0.6
2018-09-06 19:00:00,0.0,0.0,25.67,92.16,0.69
2018-09-06 20:00:00,0.0,0.0,25.17,93.33,0.8
2018-09-06 21:00:00,0.0,0.0,24.78,94.22,0.85
2018-09-06 22:00:00,0.0,0.0,24.48,94.88,0.89
2018-09-06 23:00:00,0.0,0.0,24.19,95.54,0.98
2018-09-07 00:00:00,0.0,0.0,23.92,95.99,1.11
2018-09-07 01:00:00,0.0,0.0,23.68,96.37,1.22
2018-09-07 02:00:00,0.0,0.0,23.42,96.93,1.22
2018-09-07 03:00:00,0.0,0.0,23.2,97.28,1.12
2018-09-07 04:00:00,0.0,0.0,22.99,97.54,1.02
2018-09-07 05:00:00,0.0,0.0,22.82,97.68,0.98
2018-09-07 06:00:00,41.38,62.67,23.33,96.55,1.44
2018-09-07 07:00:00,156.35,264.9,24.25,94.3,2.01
2018-09-07 08:00:00,294.15,492.83,25.66,88.97,2.24
2018-09-07 09:00:00,309.5,688.33,26.92,82.87,2.43
2018-09-07 10:00:00,402.95,837.0,27.79,78.94,2.27
2018-09-07 11:00:00,524.22,917.1,28.15,76.69,1.97
2018-09-07 12:00:00,764.78,917.17,28.22,74.79,1.67
2018-09-07 13:00:00,690.03,839.35,28.03,73.64,1.4
2018-09-07 14:00:00,573.75,691.88,27.73,74.28,1.24
2018-09-07 15:00:00,420.88,486.35,27.36,76.7,1.23
2018-09-07 16:00:00,208.43,253.77,26.92,81.51,1.05
2018-09-07 17:00:00,53.53,62.4,26.0,86.69,0.88
2018-09-07 18:00:00,0.0,0.0,24.87,91.62,0.64
2018-09-07 19:00:00,0.0,0.0,24.42,93.31,0.67
2018-09-07 20:00:00,0.0,0.0,24.02,94.94,0.72
2018-09-07 21:00:00,0.0,0.0,23.67,96.21,0.75
2018-09-07 22:00:00,0.0,0.0,23.37,97.17,0.74
2018-09-07 23:00:00,0.0,0.0,23.11,97.83,0.73
2018-09-08 00:00:00,0.0,0.0,22.87,98.18,0.75
2018-09-08 01:00:00,0.0,0.0,22.65,98.19,0.81
2018-09-08 02:00:00,0.0,0.0,22.46,98.14,0.88
2018-09-08 03:00:00,0.0,0.0,22.25,97.99,0.88
2018-09-08 04:00:00,0.0,0.0,22.01,97.97,0.79
2018-09-08 05:00:00,0.0,0.0,21.82,97.59,0.65
2018-09-08 06:00:00,39.58,64.28,22.58,96.32,0.66
2018-09-08 07:00:00,140.93,269.8,23.85,91.24,1.48
2018-09-08 08:00:00,269.0,505.45,25.19,85.4,2.31
2018-09-08 09:00:00,501.8,712.83,26.41,79.45,2.59
2018-09-08 10:00:00,639.62,864.1,27.11,76.13,2.58
2018-09-08 11:00:00,697.6,943.2,27.43,74.97,2.63
2018-09-08 12:00:00,764.15,952.67,27.54,74.71,2.55
2018-09-08 13:00:00,675.22,874.3,27.49,75.24,2.41
2018-09-08 14:00:00,559.05,725.0,27.12,77.53,2.16
2018-09-08 15:00:00,384.23,521.28,26.45,82.02,1.81
2018-09-08 16:00:00,194.6,281.42,25.85,86.99,1.3
2018-09-08 17:00:00,53.6,67.82,25.17,90.81,0.89
2018-09-08 18:00:00,0.0,0.0,24.54,94.85,0.47
2018-09-08 19:00:00,0.0,0.0,24.46,93.44,0.36
2018-09-08 20:00:00,0.0,0.0,24.13,95.99,0.42
2018-09-08 21:00:00,0.0,0.0,23.81,97.22,0.6
2018-09-08 22:00:00,0.0,0.0,23.62,97.39,0.88
2018-09-08 23:00:00,0.0,0.0,23.48,97.27,1.2
2018-09-09 00:00:00,0.0,0.0,23.3,97.19,1.51
2018-09-09 01:00:00,0.0,0.0,23.11,97.21,1.82
2018-09-09 02:00:00,0.0,0.0,22.93,97.1,2.07
2018-09-09 03:00:00,0.0,0.0,22.73,97.09,2.13
2018-09-09 04:00:00,0.0,0.0,22.5,97.14,2.08
2018-09-09 05:00:00,0.0,0.0,22.26,97.28,2.03
2018-09-09 06:00:00,55.95,72.7,22.6,96.19,2.47
2018-09-09 07:00:00,185.82,294.67,23.78,91.89,3.41
2018-09-09 08:00:00,328.88,534.92,25.42,83.33,4.11
2018-09-09 09:00:00,392.7,741.6,26.99,76.27,4.22
2018-09-09 10:00:00,509.05,889.0,28.05,72.89,4.15
2018-09-09 11:00:00,654.08,963.78,28.73,70.86,4.0
2018-09-09 12:00:00,631.58,961.7,29.09,69.79,3.77
2018-09-09 13:00:00,703.88,881.03,29.23,69.48,3.49
2018-09-09 14:00:00,587.47,733.12,28.99,70.29,3.15
2018-09-09 15:00:00,417.42,525.62,28.55,72.58,2.79
2018-09-09 16:00:00,219.62,286.85,27.87,77.22,2.18
2018-09-09 17:00:00,59.4,68.8,26.76,85.11,1.41
2018-09-09 18:00:00,0.0,0.0,25.25,91.82,0.94
2018-09-09 19:00:00,0.0,0.0,24.85,92.51,0.99
2018-09-09 20:00:00,0.0,0.0,24.56,92.98,1.03
2018-09-09 21:00:00,0.0,0.0,24.29,93.52,1.06
2018-09-09 22:00:00,0.0,0.0,24.04,94.05,1.08
2018-09-09 23:00:00,0.0,0.0,23.78,94.63,1.1
2018-09-10 00:00:00,0.0,0.0,23.56,95.07,1.14
2018-09-10 01:00:00,0.0,0.0,23.41,95.5,1.23
2018-09-10 02:00:00,0.0,0.0,23.3,95.76,1.43
2018-09-10 03:00:00,0.0,0.0,23.25,96.0,1.77
2018-09-10 04:00:00,0.0,0.0,23.22,96.26,1.95
2018-09-10 05:00:00,0.0,0.0,23.23,96.27,1.91
2018-09-10 06:00:00,59.1,79.38,23.57,95.41,2.03
2018-09-10 07:00:00,213.38,309.58,24.53,92.24,2.34
2018-09-10 08:00:00,397.77,548.67,25.44,88.26,2.47
2018-09-10 09:00:00,473.9,752.6,26.06,85.25,2.47
2018-09-10 10:00:00,519.17,897.4,26.72,82.43,2.29
2018-09-10 11:00:00,642.53,969.95,27.25,80.3,1.89
2018-09-10 12:00:00,632.05,945.38,27.57,78.8,1.39
2018-09-10 13:00:00,706.75,859.1,27.73,77.72,0.75
2018-09-10 14:00:00,578.17,705.97,27.68,77.73,0.38
2018-09-10 15:00:00,359.6,506.73,27.22,80.84,0.76
2018-09-10 16:00:00,186.62,275.15,26.72,83.23,0.77
2018-09-10 17:00:00,49.72,65.57,25.97,86.65,0.37
2018-09-10 18:00:00,0.0,0.0,25.03,87.79,0.4
2018-09-10 19:00:00,0.0,0.0,24.31,91.21,0.65
2018-09-10 20:00:00,0.0,0.0,23.77,93.4,0.73
2018-09-10 21:00:00,0.0,0.0,23.43,94.33,0.75
2018-09-10 22:00:00,0.0,0.0,23.17,94.77,0.72
2018-09-10 23:00:00,0.0,0.0,22.9,95.34,0.7
2018-09-11 00:00:00,0.0,0.0,22.62,96.34,0.67
2018-09-11 01:00:00,0.0,0.0,22.34,97.35,0.69
2018-09-11 02:00:00,0.0,0.0,22.13,98.02,0.82
2018-09-11 03:00:00,0.0,0.0,22.01,98.14,0.99
2018-09-11 04:00:00,0.0,0.0,21.86,98.22,1.1
2018-09-11 05:00:00,0.0,0.0,21.62,98.37,1.09
2018-09-11 06:00:00,45.0,75.97,22.1,97.04,1.57
2018-09-11 07:00:00,163.2,300.8,23.28,92.81,1.89
2018-09-11 08:00:00,313.62,537.1,24.82,82.22,1.89
2018-09-11 09:00:00,366.83,735.83,26.38,72.33,1.75
2018-09-11 10:00:00,517.17,879.0,27.58,66.88,1.62
2018-09-11 11:00:00,650.65,952.53,28.4,64.61,1.65
2018-09-11 12:00:00,661.35,905.42,28.93,63.42,1.71
2018-09-11 13:00:00,627.4,830.72,29.24,62.66,1.75
2018-09-11 14:00:00,466.1,689.75,29.2,62.64,1.75
2018-09-11 15:00:00,273.98,487.8,28.82,64.25,1.75
2018-09-11 16:00:00,148.3,261.88,28.21,69.59,1.4
2018-09-11 17:00:00,37.42,60.22,26.95,76.66,1.13
2018-09-11 18:00:00,0.0,0.0,25.34,86.4,0.68
2018-09-11 19:00:00,0.0,0.0,24.97,87.25,0.62
2018-09-11 20:00:00,0.0,0.0,24.8,86.74,0.47
2018-09-11 21:00:00,0.0,0.0,24.62,87.07,0.24
2018-09-11 22:00:00,0.0,0.0,24.42,85.41,0.47
2018-09-11 23:00:00,0.0,0.0,23.57,92.7,1.13
2018-09-12 00:00:00,0.0,0.0,23.09,95.25,1.64
2018-09-12 01:00:00,0.0,0.0,22.84,95.85,1.98
2018-09-12 02:00:00,0.0,0.0,22.66,96.73,1.98
2018-09-12 03:00:00,0.0,0.0,22.49,97.43,1.49
2018-09-12 04:00:00,0.0,0.0,22.31,97.79,0.99
2018-09-12 05:00:00,0.0,0.0,22.26,97.63,0.95
2018-09-12 06:00:00,42.2,72.2,22.5,97.22,1.13
2018-09-12 07:00:00,165.05,293.6,23.08,95.67,1.83
2018-09-12 08:00:00,307.83,534.5,23.66,93.47,2.36
2018-09-12 09:00:00,502.35,741.12,24.37,89.64,2.89
2018-09-12 10:00:00,684.25,887.5,25.2,85.14,3.06
2018-09-12 11:00:00,728.42,961.95,26.0,81.32,2.9
2018-09-12 12:00:00,863.58,974.83,26.51,79.2,2.56
2018-09-12 13:00:00,830.42,892.12,26.8,77.89,2.22
2018-09-12 14:00:00,634.45,734.15,26.83,77.88,1.93
2018-09-12 15:00:00,415.67,516.85,26.52,79.97,1.58
2018-09-12 16:00:00,215.57,265.55,26.1,84.21,1.09
2018-09-12 17:00:00,53.65,59.6,25.34,89.87,0.75
2018-09-12 18:00:00,0.0,0.0,24.31,93.71,0.59
2018-09-12 19:00:00,0.0,0.0,23.94,94.65,0.64
2018-09-12 20:00:00,0.0,0.0,23.61,95.63,0.72
2018-09-12 21:00:00,0.0,0.0,23.34,96.35,0.81
2018-09-12 22:00:00,0.0,0.0,23.13,97.19,0.93
2018-09-12 23:00:00,0.0,0.0,22.96,97.81,1.02
2018-09-13 00:00:00,0.0,0.0,22.81,98.18,1.04
2018-09-13 01:00:00,0.0,0.0,22.68,98.27,1.03
2018-09-13 02:00:00,0.0,0.0,22.55,98.43,1.04
2018-09-13 03:00:00,0.0,0.0,22.41,98.5,1.04
2018-09-13 04:00:00,0.0,0.0,22.26,98.49,1.04
2018-09-13 05:00:00,0.0,0.0,22.09,98.5,0.96
2018-09-13 06:00:00,58.03,61.22,22.52,97.08,1.27
2018-09-13 07:00:00,258.45,267.9,23.49,94.05,2.0
2018-09-13 08:00:00,490.52,495.02,24.89,89.01,2.44
2018-09-13 09:00:00,684.67,710.65,26.36,82.17,2.39
2018-09-13 10:00:00,861.62,867.55,27.47,77.28,2.12
2018-09-13 11:00:00,941.05,944.75,28.23,74.28,1.83
2018-09-13 12:00:00,971.5,982.28,28.75,72.2,1.56
2018-09-13 13:00:00,812.2,896.85,29.1,70.73,1.31
2018-09-13 14:00:00,694.78,738.45,29.2,69.86,0.99
2018-09-13 15:00:00,527.5,532.25,29.01,69.92,0.63
2018-09-13 16:00:00,283.02,290.62,28.73,72.42,0.38
2018-09-13 17:00:00,64.55,65.32,27.77,76.28,0.27
2018-09-13 18:00:00,0.0,0.0,27.15,78.66,0.27
2018-09-13 19:00:00,0.0,0.0,26.76,79.15,0.35
2018-09-13 20:00:00,0.0,0.0,26.4,78.85,0.43
2018-09-13 21:00:00,0.0,0.0,25.78,81.36,0.51
2018-09-13 22:00:00,0.0,0.0,25.27,84.0,0.64
2018-09-13 23:00:00,0.0,0.0,24.53,88.26,0.72
2018-09-14 00:00:00,0.0,0.0,23.92,91.55,0.71
2018-09-14 01:00:00,0.0,0.0,23.53,93.18,0.74
2018-09-14 02:00:00,0.0,0.0,23.24,94.02,0.78
2018-09-14 03:00:00,0.0,0.0,22.95,94.96,0.79
2018-09-14 04:00:00,0.0,0.0,22.71,95.64,0.79
2018-09-14 05:00:00,0.0,0.0,22.44,96.28,0.81
2018-09-14 06:00:00,59.75,66.45,22.99,94.78,1.3
2018-09-14 07:00:00,203.32,270.0,24.13,91.56,1.82
2018-09-14 08:00:00,387.42,518.92,26.44,82.29,1.99
2018-09-14 09:00:00,541.03,727.28,28.17,74.66,2.17
2018-09-14 10:00:00,721.85,879.75,29.11,71.65,2.22
2018-09-14 11:00:00,686.4,953.8,29.78,69.01,2.38
2018-09-14 12:00:00,669.65,903.92,30.14,66.53,2.54
2018-09-14 13:00:00,622.8,820.38,30.24,65.3,2.61
2018-09-14 14:00:00,537.35,666.9,30.14,64.81,2.56
2018-09-14 15:00:00,419.12,460.48,29.74,65.98,2.29
2018-09-14 16:00:00,232.65,241.93,29.09,71.06,1.62
2018-09-14 17:00:00,49.38,50.8,27.84,78.03,1.19
2018-09-14 18:00:00,0.0,0.0,26.01,87.26,0.74
2018-09-14 19:00:00,0.0,0.0,25.45,88.3,0.78
2018-09-14 20:00:00,0.0,0.0,24.92,89.36,0.81
2018-09-14 21:00:00,0.0,0.0,24.41,90.27,0.86
2018-09-14 22:00:00,0.0,0.0,23.97,91.16,0.89
2018-09-14 23:00:00,0.0,0.0,23.58,92.05,0.94
2018-09-15 00:00:00,0.0,0.0,23.23,92.85,0.98
2018-09-15 01:00:00,0.0,0.0,22.93,93.66,0.98
2018-09-15 02:00:00,0.0,0.0,22.64,94.56,0.96
2018-09-15 03:00:00,0.0,0.0,22.35,95.49,0.94
2018-09-15 04:00:00,0.0,0.0,22.09,96.47,0.9
2018-09-15 05:00:00,0.0,0.0,21.84,97.64,0.86
2018-09-15 06:00:00,55.53,64.18,22.6,95.22,1.45
2018-09-15 07:00:00,217.25,262.3,24.18,89.52,1.91
2018-09-15 08:00:00,431.75,499.77,26.74,77.69,2.18
2018-09-15 09:00:00,625.65,711.22,28.28,71.81,2.08
2018-09-15 10:00:00,722.7,861.35,29.11,69.07,1.87
2018-09-15 11:00:00,826.1,934.6,29.75,67.16,1.72
2018-09-15 12:00:00,887.03,923.67,30.18,65.97,1.59
2018-09-15 13:00:00,729.08,835.85,30.34,65.18,1.38
2018-09-15 14:00:00,567.75,672.6,30.34,64.86,1.13
2018-09-15 15:00:00,297.33,458.33,30.09,65.05,0.96
2018-09-15 16:00:00,148.27,236.93,29.46,68.1,0.88
2018-09-15 17:00:00,33.0,48.12,28.51,73.87,0.81
2018-09-15 18:00:00,0.0,0.0,26.88,85.49,0.59
2018-09-15 19:00:00,0.0,0.0,26.14,87.93,0.65
2018-09-15 20:00:00,0.0,0.0,25.62,89.37,0.69
2018-09-15 21:00:00,0.0,0.0,25.27,90.23,0.68
2018-09-15 22:00:00,0.0,0.0,24.99,91.11,0.66
2018-09-15 23:00:00,0.0,0.0,24.67,92.22,0.64
2018-09-16 00:00:00,0.0,0.0,24.39,93.4,0.6
2018-09-16 01:00:00,0.0,0.0,24.13,94.45,0.57
2018-09-16 02:00:00,0.0,0.0,23.93,95.28,0.5
2018-09-16 03:00:00,0.0,0.0,23.75,96.08,0.45
2018-09-16 04:00:00,0.0,0.0,23.49,96.47,0.43
2018-09-16 05:00:00,0.0,0.0,23.29,97.11,0.37
2018-09-16 06:00:00,50.4,61.85,23.35,96.52,0.4
2018-09-16 07:00:00,195.98,259.83,23.9,93.95,0.63
2018-09-16 08:00:00,359.38,494.27,24.66,90.89,0.9
2018-09-16 09:00:00,512.33,700.5,25.31,87.86,1.26
2018-09-16 10:00:00,604.88,848.78,25.71,86.33,1.65
2018-09-16 11:00:00,684.08,925.45,26.52,83.42,2.16
2018-09-16 12:00:00,773.0,927.78,27.28,80.13,2.5
2018-09-16 13:00:00,711.97,840.78,27.09,80.88,2.55
2018-09-16 14:00:00,596.05,685.22,26.92,82.13,2.47
2018-09-16 15:00:00,345.2,475.42,26.77,83.39,2.26
2018-09-16 16:00:00,164.95,243.52,26.3,87.02,1.69
2018-09-16 17:00:00,39.67,50.62,25.47,92.88,0.93
2018-09-16 18:00:00,0.0,0.0,24.39,96.14,0.6
2018-09-16 19:00:00,0.0,0.0,24.23,95.78,0.59
2018-09-16 20:00:00,0.0,0.0,24.08,95.86,0.58
2018-09-16 21:00:00,0.0,0.0,23.91,96.2,0.6
2018-09-16 22:00:00,0.0,0.0,23.75,96.55,0.61
2018-09-16 23:00:00,0.0,0.0,23.74,96.46,0.58
2018-09-17 00:00:00,0.0,0.0,23.8,95.6,0.53
2018-09-17 01:00:00,0.0,0.0,23.89,94.67,0.42
2018-09-17 02:00:00,0.0,0.0,23.83,94.51,0.41
2018-09-17 03:00:00,0.0,0.0,23.54,95.68,0.47
2018-09-17 04:00:00,0.0,0.0,23.31,96.66,0.53
2018-09-17 05:00:00,0.0,0.0,23.18,96.92,0.56
2018-09-17 06:00:00,47.7,70.0,23.53,97.32,0.63
2018-09-17 07:00:00,164.62,286.85,24.38,94.89,1.16
2018-09-17 08:00:00,294.33,526.12,25.6,89.56,1.04
2018-09-17 09:00:00,465.4,734.83,26.53,82.38,1.03
2018-09-17 10:00:00,637.95,881.03,27.44,77.96,0.84
2018-09-17 11:00:00,718.3,955.55,28.32,74.6,0.73
2018-09-17 12:00:00,878.85,952.4,28.85,72.89,0.92
2018-09-17 13:00:00,687.47,868.85,29.12,72.07,1.23
2018-09-17 14:00:00,642.25,713.4,29.15,72.14,1.46
2018-09-17 15:00:00,465.58,501.58,28.9,73.71,1.48
2018-09-17 16:00:00,240.68,260.65,28.38,78.85,1.08
2018-09-17 17:00:00,50.83,52.38,27.36,85.33,0.83
2018-09-17 18:00:00,0.0,0.0,26.17,89.72,0.61
2018-09-17 19:00:00,0.0,0.0,25.74,90.38,0.62
2018-09-17 20:00:00,0.0,0.0,25.41,90.84,0.6
2018-09-17 21:00:00,0.0,0.0,25.23,90.17,0.58
2018-09-17 22:00:00,0.0,0.0,25.19,89.01,0.51
2018-09-17 23:00:00,0.0,0.0,25.14,88.05,0.38
2018-09-18 00:00:00,0.0,0.0,25.14,87.04,0.17
2018-09-18 01:00:00,0.0,0.0,24.97,87.45,0.04
2018-09-18 02:00:00,0.0,0.0,24.75,88.33,0.15
2018-09-18 03:00:00,0.0,0.0,24.49,89.5,0.2
2018-09-18 04:00:00,0.0,0.0,24.29,90.29,0.21
2018-09-18 05:00:00,0.0,0.0,24.07,90.95,0.28
2018-09-18 06:00:00,55.65,66.88,24.19,93.03,0.38
2018-09-18 07:00:00,224.3,273.42,24.88,92.5,0.65
2018-09-18 08:00:00,428.9,509.45,26.12,87.28,0.93
2018-09-18 09:00:00,592.15,718.55,27.54,80.74,1.24
2018-09-18 10:00:00,744.0,865.28,28.37,77.14,1.42
2018-09-18 11:00:00,806.65,939.25,28.8,75.46,1.51
2018-09-18 12:00:00,747.53,804.6,28.84,75.26,1.42
2018-09-18 13:00:00,547.65,744.38,28.81,75.45,1.24
2018-09-18 14:00:00,466.48,609.45,28.65,76.03,1.01
2018-09-18 15:00:00,21.5,421.23,28.42,77.47,0.79
2018-09-18 16:00:00,14.4,214.85,28.14,79.72,0.61
2018-09-18 17:00:00,5.18,43.3,27.42,84.54,0.44
2018-09-18 18:00:00,0.0,0.0,26.66,83.82,0.44
2018-09-18 19:00:00,0.0,0.0,26.25,85.29,0.49
2018-09-18 20:00:00,0.0,0.0,25.95,86.16,0.58
2018-09-18 21:00:00,0.0,0.0,25.51,88.19,0.65
2018-09-18 22:00:00,0.0,0.0,25.12,89.88,0.67
2018-09-18 23:00:00,0.0,0.0,24.85,90.6,0.64
2018-09-19 00:00:00,0.0,0.0,24.6,91.36,0.57
2018-09-19 01:00:00,0.0,0.0,24.41,91.74,0.51
2018-09-19 02:00:00,0.0,0.0,24.31,91.58,0.45
2018-09-19 03:00:00,0.0,0.0,24.12,92.19,0.38
2018-09-19 04:00:00,0.0,0.0,23.86,93.64,0.34
2018-09-19 05:00:00,0.0,0.0,23.48,94.34,0.44
2018-09-19 06:00:00,54.62,67.68,23.72,95.62,0.96
2018-09-19 07:00:00,196.52,271.85,25.09,91.98,1.64
2018-09-19 08:00:00,369.73,509.48,26.65,84.89,2.11
2018-09-19 09:00:00,623.3,717.47,27.95,78.54,2.34
2018-09-19 10:00:00,695.08,872.35,28.9,74.53,2.42
2018-09-19 11:00:00,768.15,944.42,29.4,72.81,2.5
2018-09-19 12:00:00,784.45,941.35,29.57,72.19,2.5
2018-09-19 13:00:00,641.38,849.97,29.42,72.88,2.42
2018-09-19 14:00:00,626.1,690.38,29.05,75.19,2.19
2018-09-19 15:00:00,444.48,479.3,28.64,79.04,1.72
2018-09-19 16:00:00,217.68,243.23,28.4,80.84,1.54
2018-09-19 17:00:00,45.83,48.0,27.33,87.14,1.06
2018-09-19 18:00:00,0.0,0.0,26.03,91.3,0.77
2018-09-19 19:00:00,0.0,0.0,25.67,91.57,0.78
2018-09-19 20:00:00,0.0,0.0,25.42,91.51,0.74
2018-09-19 21:00:00,0.0,0.0,25.15,91.71,0.71
2018-09-19 22:00:00,0.0,0.0,24.87,92.22,0.67
2018-09-19 23:00:00,0.0,0.0,24.56,93.1,0.65
2018-09-20 00:00:00,0.0,0.0,24.2,94.51,0.64
2018-09-20 01:00:00,0.0,0.0,23.85,95.93,0.63
2018-09-20 02:00:00,0.0,0.0,23.59,96.92,0.61
2018-09-20 03:00:00,0.0,0.0,23.38,97.71,0.62
2018-09-20 04:00:00,0.0,0.0,23.24,98.13,0.63
2018-09-20 05:00:00,0.0,0.0,23.15,98.21,0.64
2018-09-20 06:00:00,69.82,70.7,23.87,96.68,0.77
2018-09-20 07:00:00,273.15,280.25,25.55,89.94,1.51
2018-09-20 08:00:00,505.48,521.42,27.31,82.1,1.86
2018-09-20 09:00:00,722.53,733.0,28.72,76.23,1.73
2018-09-20 10:00:00,803.92,882.05,29.56,72.71,1.86
2018-09-20 11:00:00,864.33,951.38,30.12,70.47,2.07
2018-09-20 12:00:00,790.1,834.92,30.39,69.15,2.16
2018-09-20 13:00:00,680.28,747.67,30.43,68.84,2.1
2018-09-20 14:00:00,522.38,596.3,30.28,69.83,1.9
2018-09-20 15:00:00,388.75,397.85,29.83,73.04,1.46
2018-09-20 16:00:00,189.48,199.1,29.35,77.06,1.04
2018-09-20 17:00:00,35.67,37.55,28.38,83.86,0.71
2018-09-20 18:00:00,0.0,0.0,27.58,84.11,0.61
2018-09-20 19:00:00,0.0,0.0,27.44,82.33,0.58
2018-09-20 20:00:00,0.0,0.0,27.31,81.56,0.45
2018-09-20 21:00:00,0.0,0.0,27.48,78.36,0.3
2018-09-20 22:00:00,0.0,0.0,27.22,79.78,0.03
2018-09-20 23:00:00,0.0,0.0,26.78,82.33,0.17
2018-09-21 00:00:00,0.0,0.0,26.14,85.44,0.27
2018-09-21 01:00:00,0.0,0.0,25.72,87.44,0.37
2018-09-21 02:00:00,0.0,0.0,25.29,89.67,0.46
2018-09-21 03:00:00,0.0,0.0,24.87,91.8,0.53
2018-09-21 04:00:00,0.0,0.0,24.5,93.57,0.56
2018-09-21 05:00:00,0.0,0.0,24.17,94.97,0.58
2018-09-21 06:00:00,47.78,65.6,24.59,94.42,0.77
2018-09-21 07:00:00,182.88,272.73,25.75,88.78,1.44
2018-09-21 08:00:00,318.52,502.75,26.9,84.39,1.7
2018-09-21 09:00:00,387.42,716.72,28.09,79.7,1.79
2018-09-21 10:00:00,177.2,872.22,29.27,75.47,1.84
2018-09-21 11:00:00,321.73,947.62,30.15,71.91,2.04
2018-09-21 12:00:00,339.62,950.6,30.8,68.93,2.28
2018-09-21 13:00:00,454.98,866.1,30.86,67.48,2.39
2018-09-21 14:00:00,442.52,708.83,30.37,68.44,2.26
2018-09-21 15:00:00,364.05,498.6,29.88,70.76,2.04
2018-09-21 16:00:00,193.38,258.42,29.12,76.37,1.57
2018-09-21 17:00:00,46.5,48.92,27.83,84.59,1.08
2018-09-21 18:00:00,0.0,0.0,26.43,90.34,0.74
2018-09-21 19:00:00,0.0,0.0,26.03,91.4,0.67
2018-09-21 20:00:00,0.0,0.0,25.7,92.33,0.64
2018-09-21 21:00:00,0.0,0.0,25.35,93.48,0.7
2018-09-21 22:00:00,0.0,0.0,25.06,94.31,0.87
2018-09-21 23:00:00,0.0,0.0,24.81,94.75,1.05
2018-09-22 00:00:00,0.0,0.0,24.54,95.47,1.16
2018-09-22 01:00:00,0.0,0.0,24.23,96.26,1.19
2018-09-22 02:00:00,0.0,0.0,23.96,96.95,1.17
2018-09-22 03:00:00,0.0,0.0,23.74,97.48,1.16
2018-09-22 04:00:00,0.0,0.0,23.57,97.71,1.13
2018-09-22 05:00:00,0.0,0.0,23.39,97.97,1.04
2018-09-22 06:00:00,26.58,68.55,23.77,96.84,1.28
2018-09-22 07:00:00,114.35,285.12,24.44,94.53,1.73
2018-09-22 08:00:00,214.5,529.25,25.27,92.16,1.99
2018-09-22 09:00:00,361.48,735.47,26.27,87.87,2.4
2018-09-22 10:00:00,637.9,885.4,27.23,82.59,2.31
2018-09-22 11:00:00,736.25,960.03,27.9,79.0,1.61
2018-09-22 12:00:00,865.9,947.9,28.25,76.63,0.93
2018-09-22 13:00:00,754.65,859.35,28.35,75.24,1.1
2018-09-22 14:00:00,619.12,696.85,28.04,76.73,1.3
2018-09-22 15:00:00,407.05,479.2,27.66,79.44,1.34
2018-09-22 16:00:00,199.15,237.23,27.12,83.95,1.09
2018-09-22 17:00:00,41.22,42.95,26.2,90.07,0.8
2018-09-22 18:00:00,0.0,0.0,25.17,93.25,0.68
2018-09-22 19:00:00,0.0,0.0,24.81,93.87,0.72
2018-09-22 20:00:00,0.0,0.0,24.5,94.51,0.77
2018-09-22 21:00:00,0.0,0.0,24.23,94.98,0.86
2018-09-22 22:00:00,0.0,0.0,23.99,95.39,0.94
2018-09-22 23:00:00,0.0,0.0,23.74,95.94,1.05
2018-09-23 00:00:00,0.0,0.0,23.48,96.58,1.14
2018-09-23 01:00:00,0.0,0.0,23.21,97.34,1.09
2018-09-23 02:00:00,0.0,0.0,22.95,97.92,0.93
2018-09-23 03:00:00,0.0,0.0,22.74,98.21,0.8
2018-09-23 04:00:00,0.0,0.0,22.58,98.35,0.76
2018-09-23 05:00:00,0.0,0.0,22.46,98.51,0.8
2018-09-23 06:00:00,62.25,65.12,23.19,96.96,1.42
2018-09-23 07:00:00,245.15,267.08,24.45,93.94,2.19
2018-09-23 08:00:00,438.7,509.6,25.8,88.72,2.57
2018-09-23 09:00:00,658.22,721.67,27.09,81.92,2.62
2018-09-23 10:00:00,782.62,873.72,28.27,76.19,2.51
2018-09-23 11:00:00,789.55,947.78,28.95,72.84,2.37
2018-09-23 12:00:00,778.95,939.62,29.36,70.81,2.23
2018-09-23 13:00:00,693.5,851.05,29.46,70.51,2.07
2018-09-23 14:00:00,605.58,693.12,29.23,72.11,1.89
2018-09-23 15:00:00,415.35,480.05,28.69,75.26,1.7
2018-09-23 16:00:00,193.25,241.68,28.01,81.11,1.27
2018-09-23 17:00:00,33.17,43.92,26.89,87.21,0.97
2018-09-23 18:00:00,0.0,0.0,25.7,93.18,0.67
2018-09-23 19:00:00,0.0,0.0,25.18,94.27,0.76
2018-09-23 20:00:00,0.0,0.0,24.74,95.14,0.88
2018-09-23 21:00:00,0.0,0.0,24.37,95.85,0.95
2018-09-23 22:00:00,0.0,0.0,24.09,96.34,0.95
2018-09-23 23:00:00,0.0,0.0,23.84,96.81,0.82
2018-09-24 00:00:00,0.0,0.0,23.6,97.07,0.64
2018-09-24 01:00:00,0.0,0.0,23.47,96.5,0.52
2018-09-24 02:00:00,0.0,0.0,23.48,95.03,0.46
2018-09-24 03:00:00,0.0,0.0,23.35,94.89,0.42
2018-09-24 04:00:00,0.0,0.0,23.01,96.18,0.49
2018-09-24 05:00:00,0.0,0.0,22.67,97.33,0.6
2018-09-24 06:00:00,57.88,70.85,23.01,97.41,0.98
2018-09-24 07:00:00,214.32,285.52,24.08,94.57,2.1
2018-09-24 08:00:00,399.85,526.7,25.77,87.66,2.48
2018-09-24 09:00:00,645.45,730.65,27.66,77.89,2.46
2018-09-24 10:00:00,771.08,881.2,29.12,70.91,2.08
2018-09-24 11:00:00,836.12,956.03,30.05,66.43,1.79
2018-09-24 12:00:00,863.17,952.05,30.51,64.08,1.75
2018-09-24 13:00:00,790.28,864.58,30.72,63.16,1.74
2018-09-24 14:00:00,627.6,706.78,30.66,63.4,1.73
2018-09-24 15:00:00,452.62,493.58,30.24,65.02,1.63
2018-09-24 16:00:00,227.57,251.48,29.58,69.88,1.23
2018-09-24 17:00:00,42.17,44.45,28.41,76.34,0.97
2018-09-24 18:00:00,0.0,0.0,26.78,85.84,0.63
2018-09-24 19:00:00,0.0,0.0,26.26,87.25,0.65
2018-09-24 20:00:00,0.0,0.0,25.84,88.41,0.64
2018-09-24 21:00:00,0.0,0.0,25.38,89.73,0.64
2018-09-24 22:00:00,0.0,0.0,24.93,91.39,0.68
2018-09-24 23:00:00,0.0,0.0,24.5,92.72,0.74
2018-09-25 00:00:00,0.0,0.0,24.13,93.6,0.88
2018-09-25 01:00:00,0.0,0.0,23.88,94.11,1.04
2018-09-25 02:00:00,0.0,0.0,23.64,94.73,1.2
2018-09-25 03:00:00,0.0,0.0,23.43,95.36,1.3
2018-09-25 04:00:00,0.0,0.0,23.24,96.13,1.27
2018-09-25 05:00:00,0.0,0.0,23.03,96.89,1.16
2018-09-25 06:00:00,32.38,68.85,23.44,95.27,1.57
2018-09-25 07:00:00,110.82,279.1,24.53,91.55,1.88
2018-09-25 08:00:00,184.23,513.85,26.33,85.0,1.71
2018-09-25 09:00:00,409.65,714.67,28.13,76.18,1.71
2018-09-25 10:00:00,612.83,854.97,29.16,72.33,1.48
2018-09-25 11:00:00,816.92,916.65,29.77,70.52,1.37
2018-09-25 12:00:00,811.58,923.5,29.87,70.61,1.36
2018-09-25 13:00:00,758.58,835.92,29.63,72.16,1.42
2018-09-25 14:00:00,643.97,675.1,29.24,74.95,1.41
2018-09-25 15:00:00,433.67,465.02,28.88,78.53,1.2
2018-09-25 16:00:00,210.38,233.2,28.31,80.94,1.08
2018-09-25 17:00:00,39.42,41.15,27.25,88.84,0.74
2018-09-25 18:00:00,0.0,0.0,26.04,92.08,0.74
2018-09-25 19:00:00,0.0,0.0,25.6,93.03,0.93
2018-09-25 20:00:00,0.0,0.0,25.24,93.51,1.16
2018-09-25 21:00:00,0.0,0.0,24.9,94.41,1.2
2018-09-25 22:00:00,0.0,0.0,24.62,95.48,1.0
2018-09-25 23:00:00,0.0,0.0,24.41,96.18,0.77
2018-09-26 00:00:00,0.0,0.0,24.28,96.72,0.68
2018-09-26 01:00:00,0.0,0.0,24.18,97.07,0.78
2018-09-26 02:00:00,0.0,0.0,24.11,96.83,1.2
2018-09-26 03:00:00,0.0,0.0,24.05,96.64,1.67
2018-09-26 04:00:00,0.0,0.0,24.01,96.49,2.09
2018-09-26 05:00:00,0.0,0.0,23.88,96.69,2.12
2018-09-26 06:00:00,66.38,78.12,23.9,96.55,2.18
2018-09-26 07:00:00,231.1,299.73,24.65,94.78,2.66
2018-09-26 08:00:00,442.52,543.03,25.98,90.0,3.22
2018-09-26 09:00:00,669.45,744.95,27.45,82.88,3.73
2018-09-26 10:00:00,793.85,888.1,28.49,77.36,3.73
2018-09-26 11:00:00,824.67,956.47,29.28,73.33,3.53
2018-09-26 12:00:00,648.28,908.8,29.83,70.55,3.28
2018-09-26 13:00:00,491.25,820.55,30.08,68.95,2.98
2018-09-26 14:00:00,380.27,662.22,30.03,68.61,2.66
2018-09-26 15:00:00,243.6,451.92,29.77,69.11,2.34
2018-09-26 16:00:00,137.85,221.52,29.11,72.84,1.83
2018-09-26 17:00:00,28.2,36.53,27.83,81.32,1.19
2018-09-26 18:00:00,0.0,0.0,26.0,90.05,0.77
2018-09-26 19:00:00,0.0,0.0,25.39,91.17,0.82
2018-09-26 20:00:00,0.0,0.0,24.97,92.11,0.83
2018-09-26 21:00:00,0.0,0.0,24.59,93.0,0.81
2018-09-26 22:00:00,0.0,0.0,24.24,93.85,0.76
2018-09-26 23:00:00,0.0,0.0,23.89,94.55,0.71
2018-09-27 00:00:00,0.0,0.0,23.58,95.15,0.68
2018-09-27 01:00:00,0.0,0.0,23.29,95.82,0.67
2018-09-27 02:00:00,0.0,0.0,23.0,96.57,0.67
2018-09-27 03:00:00,0.0,0.0,22.81,97.22,0.65
2018-09-27 04:00:00,0.0,0.0,22.67,97.61,0.59
2018-09-27 05:00:00,0.0,0.0,22.58,97.63,0.56
2018-09-27 06:00:00,67.03,68.18,23.19,96.26,0.83
2018-09-27 07:00:00,260.85,275.85,24.72,90.7,1.46
2018-09-27 08:00:00,475.7,516.45,26.88,81.52,1.93
2018-09-27 09:00:00,621.67,726.65,28.35,75.37,2.08
2018-09-27 10:00:00,726.78,875.28,29.39,71.62,2.13
2018-09-27 11:00:00,811.33,948.22,30.11,68.87,2.19
2018-09-27 12:00:00,726.65,839.75,30.47,67.47,2.26
2018-09-27 13:00:00,608.12,754.67,30.6,66.69,2.33
2018-09-27 14:00:00,413.4,605.45,30.42,66.99,2.34
2018-09-27 15:00:00,174.77,414.08,29.96,68.54,2.21
2018-09-27 16:00:00,91.7,197.4,29.06,73.75,1.82
2018-09-27 17:00:00,18.2,33.4,27.78,81.9,1.32
2018-09-27 18:00:00,0.0,0.0,26.04,90.59,0.84
2018-09-27 19:00:00,0.0,0.0,25.51,91.77,0.87
2018-09-27 20:00:00,0.0,0.0,25.09,92.77,0.87
2018-09-27 21:00:00,0.0,0.0,24.81,93.32,0.86
2018-09-27 22:00:00,0.0,0.0,24.61,93.79,0.85
2018-09-27 23:00:00,0.0,0.0,24.37,94.15,0.86
2018-09-28 00:00:00,0.0,0.0,24.13,94.57,0.89
2018-09-28 01:00:00,0.0,0.0,23.92,94.88,0.93
2018-09-28 02:00:00,0.0,0.0,23.74,95.19,1.03
2018-09-28 03:00:00,0.0,0.0,23.57,95.41,1.2
2018-09-28 04:00:00,0.0,0.0,23.35,95.89,1.35
2018-09-28 05:00:00,0.0,0.0,23.09,96.68,1.41
2018-09-28 06:00:00,71.2,75.9,23.33,95.88,1.88
2018-09-28 07:00:00,271.83,294.4,24.61,92.08,2.21
2018-09-28 08:00:00,509.92,534.9,26.73,82.51,2.62
2018-09-28 09:00:00,612.3,744.67,28.3,75.41,2.49
2018-09-28 10:00:00,824.95,887.2,29.29,71.95,2.04
2018-09-28 11:00:00,908.17,953.25,29.98,69.42,1.67
2018-09-28 12:00:00,842.78,885.2,30.31,68.02,1.52
2018-09-28 13:00:00,685.17,790.03,30.44,67.33,1.63
2018-09-28 14:00:00,581.7,626.33,30.3,67.37,1.68
2018-09-28 15:00:00,373.92,415.42,29.86,69.37,1.56
2018-09-28 16:00:00,191.2,201.62,29.13,75.22,1.16
2018-09-28 17:00:00,31.25,32.03,27.87,84.11,0.8
2018-09-28 18:00:00,0.0,0.0,26.7,87.64,0.66
2018-09-28 19:00:00,0.0,0.0,26.23,88.51,0.68
2018-09-28 20:00:00,0.0,0.0,25.77,89.74,0.69
2018-09-28 21:00:00,0.0,0.0,25.4,90.57,0.69
2018-09-28 22:00:00,0.0,0.0,25.13,90.78,0.65
2018-09-28 23:00:00,0.0,0.0,25.07,89.67,0.57
2018-09-29 00:00:00,0.0,0.0,25.04,88.35,0.39
2018-09-29 01:00:00,0.0,0.0,24.69,89.86,0.38
2018-09-29 02:00:00,0.0,0.0,24.15,93.49,0.48
2018-09-29 03:00:00,0.0,0.0,23.8,95.74,0.5
2018-09-29 04:00:00,0.0,0.0,23.53,96.48,0.54
2018-09-29 05:00:00,0.0,0.0,23.31,97.05,0.59
2018-09-29 06:00:00,63.28,68.43,23.67,96.67,0.76
2018-09-29 07:00:00,234.8,269.23,24.59,92.8,1.52
2018-09-29 08:00:00,445.38,500.65,25.71,88.88,1.49
2018-09-29 09:00:00,620.28,699.47,26.95,83.06,1.49
2018-09-29 10:00:00,748.15,844.35,27.74,79.32,1.38
2018-09-29 11:00:00,823.47,911.8,28.21,76.98,1.27
2018-09-29 12:00:00,768.6,857.45,28.57,74.93,1.14
2018-09-29 13:00:00,704.28,755.67,28.76,73.86,1.07
2018-09-29 14:00:00,563.4,587.42,28.57,74.52,1.02
2018-09-29 15:00:00,391.27,393.35,28.35,75.68,0.93
2018-09-29 16:00:00,165.57,181.43,28.04,78.67,0.66
2018-09-29 17:00:00,25.45,29.2,27.3,83.85,0.47
2018-09-29 18:00:00,0.0,0.0,26.55,83.38,0.41
2018-09-29 19:00:00,0.0,0.0,26.21,84.34,0.45
2018-09-29 20:00:00,0.0,0.0,25.89,85.44,0.5
2018-09-29 21:00:00,0.0,0.0,25.58,86.44,0.56
2018-09-29 22:00:00,0.0,0.0,25.26,87.28,0.59
2018-09-29 23:00:00,0.0,0.0,24.91,88.33,0.63
2018-09-30 00:00:00,0.0,0.0,24.6,89.06,0.63
2018-09-30 01:00:00,0.0,0.0,24.4,89.12,0.61
2018-09-30 02:00:00,0.0,0.0,24.26,89.02,0.56
2018-09-30 03:00:00,0.0,0.0,24.1,89.24,0.53
2018-09-30 04:00:00,0.0,0.0,23.84,90.2,0.53
2018-09-30 05:00:00,0.0,0.0,23.54,91.35,0.54
2018-09-30 06:00:00,62.03,64.25,23.82,92.84,0.54
2018-09-30 07:00:00,247.45,260.1,24.98,88.79,0.87
2018-09-30 08:00:00,430.45,481.0,27.63,76.22,0.56
2018-09-30 09:00:00,580.95,693.53,29.82,66.56,0.39
2018-09-30 10:00:00,632.17,841.83,30.91,61.96,1.17
2018-09-30 11:00:00,512.0,918.22,31.37,60.36,1.62
2018-09-30 12:00:00,512.12,908.25,31.52,59.76,1.96
2018-09-30 13:00:00,547.33,817.92,31.48,59.72,2.15
2018-09-30 14:00:00,502.83,652.47,31.23,60.4,2.17
2018-09-30 15:00:00,281.15,439.55,30.8,62.2,2.04
2018-09-30 16:00:00,143.35,217.57,29.97,67.96,1.55
2018-09-30 17:00:00,22.55,33.22,28.65,76.3,1.13
2018-09-30 18:00:00,0.0,0.0,26.83,86.46,0.71
2018-09-30 19:00:00,0.0,0.0,26.4,87.41,0.7
2018-09-30 20:00:00,0.0,0.0,25.96,88.54,0.71
2018-09-30 21:00:00,0.0,0.0,25.55,89.65,0.71
2018-09-30 22:00:00,0.0,0.0,25.2,90.67,0.7
2018-09-30 23:00:00,0.0,0.0,24.91,91.58,0.67
2018-10-01 00:00:00,0.0,0.0,24.65,92.4,0.63
2018-10-01 01:00:00,0.0,0.0,24.37,93.35,0.6
2018-10-01 02:00:00,0.0,0.0,24.07,94.49,0.59
2018-10-01 03:00:00,0.0,0.0,23.81,95.38,0.6
2018-10-01 04:00:00,0.0,0.0,23.57,96.09,0.63
2018-10-01 05:00:00,0.0,0.0,23.38,96.66,0.62
2018-10-01 06:00:00,53.72,75.55,23.77,95.71,0.75
2018-10-01 07:00:00,194.57,290.38,24.7,90.49,1.4
2018-10-01 08:00:00,359.9,528.1,26.01,85.18,1.56
2018-10-01 09:00:00,585.3,728.92,27.17,80.17,1.61
2018-10-01 10:00:00,695.28,872.1,27.82,77.63,1.31
2018-10-01 11:00:00,789.72,936.6,28.16,76.2,0.84
2018-10-01 12:00:00,679.1,892.0,28.17,75.94,0.8
2018-10-01 13:00:00,701.72,801.3,28.1,76.07,1.11
2018-10-01 14:00:00,556.53,633.97,27.87,76.66,1.24
2018-10-01 15:00:00,378.3,422.2,27.46,78.75,1.15
2018-10-01 16:00:00,193.15,204.0,27.08,81.93,0.65
2018-10-01 17:00:00,30.17,30.98,26.62,82.75,0.28
2018-10-01 18:00:00,0.0,0.0,25.9,86.77,0.29
2018-10-01 19:00:00,0.0,0.0,25.23,89.61,0.51
2018-10-01 20:00:00,0.0,0.0,24.6,92.99,0.57
2018-10-01 21:00:00,0.0,0.0,24.18,94.47,0.64
2018-10-01 22:00:00,0.0,0.0,23.86,95.25,0.69
2018-10-01 23:00:00,0.0,0.0,23.6,95.91,0.71
2018-10-02 00:00:00,0.0,0.0,23.32,96.44,0.73
2018-10-02 01:00:00,0.0,0.0,23.03,96.97,0.75
2018-10-02 02:00:00,0.0,0.0,22.81,97.34,0.81
2018-10-02 03:00:00,0.0,0.0,22.64,97.54,0.94
2018-10-02 04:00:00,0.0,0.0,22.46,97.76,1.04
2018-10-02 05:00:00,0.0,0.0,22.27,98.13,1.11
2018-10-02 06:00:00,56.47,69.68,22.77,96.15,1.72
2018-10-02 07:00:00,190.8,277.1,24.27,90.93,2.37
2018-10-02 08:00:00,298.6,508.25,26.48,80.9,2.69
2018-10-02 09:00:00,501.48,723.35,28.25,73.47,2.5
2018-10-02 10:00:00,623.78,869.2,29.26,70.11,2.13
2018-10-02 11:00:00,783.5,935.03,30.0,67.78,1.79
2018-10-02 12:00:00,741.85,897.6,30.28,66.68,1.51
2018-10-02 13:00:00,625.95,797.92,30.38,66.07,1.27
2018-10-02 14:00:00,501.0,632.6,30.24,66.51,1.07
2018-10-02 15:00:00,381.92,423.8,29.89,67.77,0.88
2018-10-02 16:00:00,195.2,204.98,29.55,70.74,0.62
2018-10-02 17:00:00,29.6,30.3,28.66,75.29,0.47
2018-10-02 18:00:00,0.0,0.0,27.74,77.48,0.45
2018-10-02 19:00:00,0.0,0.0,27.35,78.51,0.52
2018-10-02 20:00:00,0.0,0.0,26.91,80.45,0.58
2018-10-02 21:00:00,0.0,0.0,26.43,82.97,0.63
2018-10-02 22:00:00,0.0,0.0,25.82,86.6,0.65
2018-10-02 23:00:00,0.0,0.0,25.24,89.8,0.66
2018-10-03 00:00:00,0.0,0.0,24.76,91.69,0.69
2018-10-03 01:00:00,0.0,0.0,24.38,92.8,0.75
2018-10-03 02:00:00,0.0,0.0,24.08,93.44,0.81
2018-10-03 03:00:00,0.0,0.0,23.8,94.12,0.88
2018-10-03 04:00:00,0.0,0.0,23.55,94.76,0.92
2018-10-03 05:00:00,0.0,0.0,23.33,95.47,0.97
2018-10-03 06:00:00,53.97,75.57,23.6,94.94,1.28
2018-10-03 07:00:00,182.7,295.88,24.45,92.31,1.96
2018-10-03 08:00:00,311.35,535.5,25.89,87.34,1.92
2018-10-03 09:00:00,556.65,738.03,27.4,80.05,1.98
2018-10-03 10:00:00,782.97,882.53,28.38,75.0,1.78
2018-10-03 11:00:00,861.25,948.8,29.03,71.82,1.59
2018-10-03 12:00:00,772.05,933.0,29.42,70.09,1.33
2018-10-03 13:00:00,578.1,840.67,29.56,69.34,0.95
2018-10-03 14:00:00,380.12,676.3,29.41,69.69,0.68
2018-10-03 15:00:00,112.97,462.0,29.02,71.97,0.79
2018-10-03 16:00:00,54.25,223.1,28.51,76.82,0.81
2018-10-03 17:00:00,8.88,31.9,27.38,84.74,0.67
2018-10-03 18:00:00,0.0,0.0,26.09,89.41,0.65
2018-10-03 19:00:00,0.0,0.0,25.56,90.93,0.7
2018-10-03 20:00:00,0.0,0.0,25.15,91.95,0.75
2018-10-03 21:00:00,0.0,0.0,24.85,92.67,0.77
2018-10-03 22:00:00,0.0,0.0,24.59,93.31,0.77
2018-10-03 23:00:00,0.0,0.0,24.36,93.79,0.73
2018-10-04 00:00:00,0.0,0.0,24.16,94.18,0.69
2018-10-04 01:00:00,0.0,0.0,23.93,94.69,0.66
2018-10-04 02:00:00,0.0,0.0,23.71,95.22,0.65
2018-10-04 03:00:00,0.0,0.0,23.51,95.61,0.67
2018-10-04 04:00:00,0.0,0.0,23.32,95.97,0.7
2018-10-04 05:00:00,0.0,0.0,23.12,96.31,0.75
2018-10-04 06:00:00,57.03,69.12,23.39,95.9,0.9
2018-10-04 07:00:00,221.73,271.17,24.21,92.5,1.7
2018-10-04 08:00:00,390.3,502.33,25.17,90.22,1.69
2018-10-04 09:00:00,633.4,698.25,26.87,82.04,1.92
2018-10-04 10:00:00,735.1,848.1,28.03,76.67,1.92
2018-10-04 11:00:00,807.67,912.9,28.86,73.4,1.73
2018-10-04 12:00:00,737.47,742.4,29.4,71.47,1.46
2018-10-04 13:00:00,654.33,656.3,29.72,70.61,1.22
2018-10-04 14:00:00,522.97,535.22,29.62,70.77,1.02
2018-10-04 15:00:00,383.4,383.65,29.24,72.81,0.95
2018-10-04 16:00:00,156.85,163.73,28.81,76.98,0.74
2018-10-04 17:00:00,22.5,24.45,27.93,82.21,0.57
2018-10-04 18:00:00,0.0,0.0,27.29,80.32,0.52
2018-10-04 19:00:00,0.0,0.0,26.83,81.46,0.53
2018-10-04 20:00:00,0.0,0.0,26.3,83.3,0.6
2018-10-04 21:00:00,0.0,0.0,25.7,85.66,0.7
2018-10-04 22:00:00,0.0,0.0,25.02,88.45,0.75
2018-10-04 23:00:00,0.0,0.0,24.36,91.21,0.75
2018-10-05 00:00:00,0.0,0.0,23.75,93.96,0.76
2018-10-05 01:00:00,0.0,0.0,23.29,96.06,0.79
2018-10-05 02:00:00,0.0,0.0,22.99,97.4,0.83
2018-10-05 03:00:00,0.0,0.0,22.76,98.38,0.78
2018-10-05 04:00:00,0.0,0.0,22.59,98.86,0.71
2018-10-05 05:00:00,0.0,0.0,22.45,99.05,0.67
2018-10-05 06:00:00,57.03,64.8,23.03,97.66,0.82
2018-10-05 07:00:00,218.12,260.17,24.53,93.28,1.41
2018-10-05 08:00:00,411.27,491.23,26.78,83.96,1.43
2018-10-05 09:00:00,598.9,696.55,28.69,74.19,1.45
2018-10-05 10:00:00,588.3,841.12,29.93,67.94,1.7
2018-10-05 11:00:00,628.92,911.17,30.74,64.15,1.96
2018-10-05 12:00:00,726.47,884.5,31.27,61.82,2.18
2018-10-05 13:00:00,725.62,797.95,31.45,60.74,2.39
2018-10-05 14:00:00,563.45,639.67,31.24,61.21,2.51
2018-10-05 15:00:00,387.8,426.9,30.79,63.12,2.35
2018-10-05 16:00:00,197.98,205.73,30.09,68.63,1.7
2018-10-05 17:00:00,28.25,28.88,28.44,78.39,1.2
2018-10-05 18:00:00,0.0,0.0,26.58,86.04,0.81
2018-10-05 19:00:00,0.0,0.0,26.11,86.91,0.79
2018-10-05 20:00:00,0.0,0.0,25.73,87.53,0.78
2018-10-05 21:00:00,0.0,0.0,25.44,88.02,0.75
2018-10-05 22:00:00,0.0,0.0,25.18,88.74,0.72
2018-10-05 23:00:00,0.0,0.0,24.87,89.36,0.69
2018-10-06 00:00:00,0.0,0.0,24.54,90.16,0.65
2018-10-06 01:00:00,0.0,0.0,24.17,91.25,0.63
2018-10-06 02:00:00,0.0,0.0,23.82,92.69,0.62
2018-10-06 03:00:00,0.0,0.0,23.44,94.32,0.64
2018-10-06 04:00:00,0.0,0.0,23.09,95.82,0.68
2018-10-06 05:00:00,0.0,0.0,22.84,96.91,0.71
2018-10-06 06:00:00,23.08,75.28,23.27,96.2,1.09
2018-10-06 07:00:00,98.55,291.38,24.57,91.92,1.73
2018-10-06 08:00:00,211.77,527.75,26.66,82.79,1.93
2018-10-06 09:00:00,426.05,734.0,28.37,73.97,1.95
2018-10-06 10:00:00,706.75,874.53,29.46,68.7,1.8
2018-10-06 11:00:00,803.6,940.4,30.2,65.21,1.8
2018-10-06 12:00:00,741.4,903.05,30.63,62.97,2.0
2018-10-06 13:00:00,627.28,811.03,30.66,62.43,2.23
2018-10-06 14:00:00,510.62,650.55,30.4,63.59,2.43
2018-10-06 15:00:00,239.65,438.92,29.81,66.56,2.35
2018-10-06 16:00:00,110.93,207.68,28.94,73.53,1.76
2018-10-06 17:00:00,18.33,29.02,27.52,81.89,1.33
2018-10-06 18:00:00,0.0,0.0,26.11,90.11,0.84
2018-10-06 19:00:00,0.0,0.0,25.64,91.7,0.81
2018-10-06 20:00:00,0.0,0.0,25.29,92.75,0.75
2018-10-06 21:00:00,0.0,0.0,24.99,93.45,0.71
2018-10-06 22:00:00,0.0,0.0,24.73,94.11,0.69
2018-10-06 23:00:00,0.0,0.0,24.48,94.69,0.66
2018-10-07 00:00:00,0.0,0.0,24.26,95.11,0.62
2018-10-07 01:00:00,0.0,0.0,24.04,95.53,0.59
2018-10-07 02:00:00,0.0,0.0,23.83,95.8,0.59
2018-10-07 03:00:00,0.0,0.0,23.6,96.1,0.59
2018-10-07 04:00:00,0.0,0.0,23.4,96.46,0.6
2018-10-07 05:00:00,0.0,0.0,23.15,96.86,0.61
2018-10-07 06:00:00,65.75,83.95,23.61,96.08,0.92
2018-10-07 07:00:00,228.8,313.92,25.0,92.25,1.47
2018-10-07 08:00:00,426.52,555.55,27.73,79.06,1.59
2018-10-07 09:00:00,626.67,757.15,29.5,71.36,2.0
2018-10-07 10:00:00,727.1,898.55,30.55,67.39,2.44
2018-10-07 11:00:00,783.12,963.83,30.95,65.87,2.77
2018-10-07 12:00:00,699.8,895.08,31.06,65.55,2.98
2018-10-07 13:00:00,663.1,804.8,30.65,66.88,2.94
2018-10-07 14:00:00,535.3,637.8,30.2,69.2,2.55
2018-10-07 15:00:00,343.02,430.2,29.61,73.74,1.78
2018-10-07 16:00:00,177.8,206.32,29.07,77.09,1.31
2018-10-07 17:00:00,25.5,27.58,28.04,83.49,0.86
2018-10-07 18:00:00,0.0,0.0,26.84,86.2,0.69
2018-10-07 19:00:00,0.0,0.0,26.32,87.14,0.72
2018-10-07 20:00:00,0.0,0.0,25.77,88.98,0.72
2018-10-07 21:00:00,0.0,0.0,25.17,91.01,0.75
2018-10-07 22:00:00,0.0,0.0,24.63,92.64,0.81
2018-10-07 23:00:00,0.0,0.0,24.21,93.63,0.86
2018-10-08 00:00:00,0.0,0.0,23.89,94.45,0.86
2018-10-08 01:00:00,0.0,0.0,23.61,95.25,0.79
2018-10-08 02:00:00,0.0,0.0,23.37,95.67,0.71
2018-10-08 03:00:00,0.0,0.0,23.14,95.94,0.63
2018-10-08 04:00:00,0.0,0.0,22.98,95.88,0.62
2018-10-08 05:00:00,0.0,0.0,22.85,96.01,0.61
2018-10-08 06:00:00,18.1,71.72,23.41,95.14,0.81
2018-10-08 07:00:00,57.25,280.92,24.79,90.51,1.28
2018-10-08 08:00:00,94.32,514.95,27.23,80.18,1.52
2018-10-08 09:00:00,131.68,715.33,29.04,72.05,1.86
2018-10-08 10:00:00,455.85,859.0,29.77,70.0,2.03
2018-10-08 11:00:00,561.75,925.35,30.08,69.79,2.12
2018-10-08 12:00:00,768.7,925.53,29.96,70.65,2.17
2018-10-08 13:00:00,737.12,832.5,29.61,72.43,2.1
2018-10-08 14:00:00,512.0,672.08,29.07,75.31,2.02
2018-10-08 15:00:00,342.08,455.7,28.45,79.62,1.74
2018-10-08 16:00:00,160.18,214.73,27.8,83.83,1.44
2018-10-08 17:00:00,27.35,28.3,26.68,90.56,0.93
2018-10-08 18:00:00,0.0,0.0,25.72,93.39,0.75
2018-10-08 19:00:00,0.0,0.0,25.42,93.73,0.69
2018-10-08 20:00:00,0.0,0.0,25.31,92.64,0.64
2018-10-08 21:00:00,0.0,0.0,25.32,90.72,0.6
2018-10-08 22:00:00,0.0,0.0,25.24,89.92,0.57
2018-10-08 23:00:00,0.0,0.0,24.94,90.71,0.52
2018-10-09 00:00:00,0.0,0.0,24.67,91.42,0.51
2018-10-09 01:00:00,0.0,0.0,24.37,92.4,0.49
2018-10-09 02:00:00,0.0,0.0,24.04,93.52,0.56
2018-10-09 03:00:00,0.0,0.0,23.62,95.53,0.6
2018-10-09 04:00:00,0.0,0.0,23.32,97.12,0.63
2018-10-09 05:00:00,0.0,0.0,23.15,97.78,0.71
2018-10-09 06:00:00,60.4,78.68,23.51,97.14,1.09
2018-10-09 07:00:00,184.27,296.3,24.48,94.28,2.05
2018-10-09 08:00:00,332.15,538.08,25.73,90.53,2.16
2018-10-09 09:00:00,614.8,740.97,27.05,84.82,2.36
2018-10-09 10:00:00,611.28,878.95,27.88,79.72,2.4
2018-10-09 11:00:00,612.1,943.95,28.29,77.03,2.32
2018-10-09 12:00:00,755.75,936.88,28.71,74.73,2.32
2018-10-09 13:00:00,580.38,842.0,28.9,73.47,2.24
2018-10-09 14:00:00,461.83,677.55,28.83,73.81,2.11
2018-10-09 15:00:00,335.38,461.27,28.44,76.33,1.84
2018-10-09 16:00:00,168.9,220.15,27.73,81.49,1.41
2018-10-09 17:00:00,27.1,28.92,26.45,89.72,0.91
2018-10-09 18:00:00,0.0,0.0,25.32,92.51,0.81
2018-10-09 19:00:00,0.0,0.0,24.95,93.46,0.83
2018-10-09 20:00:00,0.0,0.0,24.64,94.27,0.86
2018-10-09 21:00:00,0.0,0.0,24.38,94.96,0.84
2018-10-09 22:00:00,0.0,0.0,24.13,95.7,0.82
2018-10-09 23:00:00,0.0,0.0,23.95,96.31,0.79
2018-10-10 00:00:00,0.0,0.0,23.73,96.9,0.74
2018-10-10 01:00:00,0.0,0.0,23.48,97.66,0.73
2018-10-10 02:00:00,0.0,0.0,23.25,98.27,0.72
2018-10-10 03:00:00,0.0,0.0,23.02,98.85,0.7
2018-10-10 04:00:00,0.0,0.0,22.84,99.09,0.69
2018-10-10 05:00:00,0.0,0.0,22.67,99.35,0.7
2018-10-10 06:00:00,86.7,87.2,23.15,98.14,0.83
2018-10-10 07:00:00,298.9,300.05,24.43,94.14,1.62
2018-10-10 08:00:00,539.92,540.4,25.85,88.63,1.76
2018-10-10 09:00:00,731.42,740.97,27.39,80.14,1.69
2018-10-10 10:00:00,801.45,879.72,28.58,72.5,1.39
2018-10-10 11:00:00,900.4,943.7,29.4,67.56,1.19
2018-10-10 12:00:00,882.85,934.7,29.92,64.76,1.09
2018-10-10 13:00:00,685.9,838.1,30.09,63.67,1.04
2018-10-10 14:00:00,609.33,670.7,30.02,63.84,0.99
2018-10-10 15:00:00,428.25,450.25,29.7,65.28,0.92
2018-10-10 16:00:00,193.05,208.32,29.37,68.95,0.72
2018-10-10 17:00:00,25.52,26.95,28.39,74.47,0.61
2018-10-10 18:00:00,0.0,0.0,27.21,78.5,0.61
2018-10-10 19:00:00,0.0,0.0,26.49,82.33,0.66
2018-10-10 20:00:00,0.0,0.0,25.88,85.19,0.67
2018-10-10 21:00:00,0.0,0.0,25.34,87.22,0.7
2018-10-10 22:00:00,0.0,0.0,24.85,89.11,0.73
2018-10-10 23:00:00,0.0,0.0,24.49,90.47,0.76
2018-10-11 00:00:00,0.0,0.0,24.13,91.5,0.8
2018-10-11 01:00:00,0.0,0.0,23.82,92.26,0.83
2018-10-11 02:00:00,0.0,0.0,23.54,92.97,0.84
2018-10-11 03:00:00,0.0,0.0,23.29,93.55,0.85
2018-10-11 04:00:00,0.0,0.0,23.03,94.26,0.86
2018-10-11 05:00:00,0.0,0.0,22.78,94.83,0.89
2018-10-11 06:00:00,23.62,75.75,23.3,93.25,1.3
2018-10-11 07:00:00,104.15,291.27,24.72,87.73,2.11
2018-10-11 08:00:00,153.15,528.35,27.11,78.4,1.99
2018-10-11 09:00:00,312.33,728.35,29.24,69.45,1.74
2018-10-11 10:00:00,451.6,871.58,30.23,66.64,1.02
2018-10-11 11:00:00,433.1,939.25,30.95,64.15,0.42
2018-10-11 12:00:00,670.25,926.8,31.46,62.09,0.69
2018-10-11 13:00:00,633.42,831.75,31.33,62.24,1.03
2018-10-11 14:00:00,517.75,666.55,30.87,64.21,1.2
2018-10-11 15:00:00,397.58,447.6,30.4,68.98,1.01
2018-10-11 16:00:00,192.55,210.57,29.49,70.86,1.19
2018-10-11 17:00:00,26.02,26.5,27.94,83.3,0.78
2018-10-11 18:00:00,0.0,0.0,26.69,86.56,0.73
2018-10-11 19:00:00,0.0,0.0,26.14,87.9,0.74
2018-10-11 20:00:00,0.0,0.0,25.68,88.86,0.74
2018-10-11 21:00:00,0.0,0.0,25.29,88.93,0.74
2018-10-11 22:00:00,0.0,0.0,24.89,88.69,0.77
2018-10-11 23:00:00,0.0,0.0,24.61,88.69,0.76
2018-10-12 00:00:00,0.0,0.0,24.35,89.21,0.72
2018-10-12 01:00:00,0.0,0.0,23.88,91.21,0.72
2018-10-12 02:00:00,0.0,0.0,23.22,94.34,0.74
2018-10-12 03:00:00,0.0,0.0,22.73,96.61,0.77
2018-10-12 04:00:00,0.0,0.0,22.44,98.01,0.82
2018-10-12 05:00:00,0.0,0.0,22.22,99.16,0.85
2018-10-12 06:00:00,84.5,84.78,22.88,97.19,1.19
2018-10-12 07:00:00,297.15,298.73,24.41,92.12,1.91
2018-10-12 08:00:00,533.15,536.0,26.44,83.91,1.92
2018-10-12 09:00:00,724.4,740.03,28.25,75.08,1.89
2018-10-12 10:00:00,758.05,882.12,29.36,70.03,1.63
2018-10-12 11:00:00,811.83,945.5,30.15,66.95,1.41
2018-10-12 12:00:00,764.78,899.15,30.62,65.04,1.33
2018-10-12 13:00:00,675.38,803.75,30.96,63.64,1.34
2018-10-12 14:00:00,563.15,637.65,30.98,63.12,1.39
2018-10-12 15:00:00,392.08,420.45,30.66,64.0,1.42
2018-10-12 16:00:00,179.73,194.2,30.07,68.74,1.12
2018-10-12 17:00:00,19.45,23.5,28.67,77.68,0.87
2018-10-12 18:00:00,0.0,0.0,27.22,82.04,0.73
2018-10-12 19:00:00,0.0,0.0,26.52,84.87,0.75
2018-10-12 20:00:00,0.0,0.0,25.75,87.94,0.8
2018-10-12 21:00:00,0.0,0.0,25.21,89.57,0.9
2018-10-12 22:00:00,0.0,0.0,24.8,90.54,1.05
2018-10-12 23:00:00,0.0,0.0,24.42,91.43,1.22
2018-10-13 00:00:00,0.0,0.0,24.11,92.36,1.4
2018-10-13 01:00:00,0.0,0.0,23.8,93.56,1.49
2018-10-13 02:00:00,0.0,0.0,23.53,94.79,1.49
2018-10-13 03:00:00,0.0,0.0,23.28,95.9,1.47
2018-10-13 04:00:00,0.0,0.0,23.02,97.06,1.43
2018-10-13 05:00:00,0.0,0.0,22.73,98.2,1.27
2018-10-13 06:00:00,64.18,71.75,23.03,97.22,1.43
2018-10-13 07:00:00,234.43,273.48,24.22,93.24,2.11
2018-10-13 08:00:00,452.83,514.28,25.78,85.18,2.29
2018-10-13 09:00:00,647.08,715.72,27.62,72.34,2.4
2018-10-13 10:00:00,776.85,857.05,29.04,63.93,2.2
2018-10-13 11:00:00,665.2,919.58,29.97,60.02,1.9
2018-10-13 12:00:00,730.42,910.3,30.62,57.67,1.57
2018-10-13 13:00:00,635.8,808.95,30.89,56.89,1.29
2018-10-13 14:00:00,528.75,640.28,30.78,57.36,1.09
2018-10-13 15:00:00,376.52,420.77,30.4,59.29,1.02
2018-10-13 16:00:00,180.98,192.27,29.98,63.55,0.86
2018-10-13 17:00:00,22.08,22.6,28.56,73.21,0.74
2018-10-13 18:00:00,0.0,0.0,26.92,79.98,0.7
2018-10-13 19:00:00,0.0,0.0,26.15,82.82,0.72
2018-10-13 20:00:00,0.0,0.0,25.53,85.06,0.73
2018-10-13 21:00:00,0.0,0.0,25.03,86.8,0.73
2018-10-13 22:00:00,0.0,0.0,24.63,87.88,0.72
2018-10-13 23:00:00,0.0,0.0,24.32,88.41,0.69
2018-10-14 00:00:00,0.0,0.0,23.95,89.13,0.67
2018-10-14 01:00:00,0.0,0.0,23.55,90.06,0.66
2018-10-14 02:00:00,0.0,0.0,23.14,91.24,0.66
2018-10-14 03:00:00,0.0,0.0,22.74,92.51,0.67
2018-10-14 04:00:00,0.0,0.0,22.36,93.87,0.67
2018-10-14 05:00:00,0.0,0.0,22.03,94.86,0.67
2018-10-14 06:00:00,70.25,71.62,22.54,93.37,0.99
2018-10-14 07:00:00,272.7,278.48,24.18,86.38,1.59
2018-10-14 08:00:00,508.2,515.28,27.18,74.03,1.65
2018-10-14 09:00:00,713.75,716.28,29.09,68.12,1.35
2018-10-14 10:00:00,826.42,862.1,30.46,63.41,0.93
2018-10-14 11:00:00,919.62,928.62,31.29,60.43,0.72
2018-10-14 12:00:00,899.53,914.4,31.68,58.62,0.62
2018-10-14 13:00:00,719.92,819.8,31.79,57.68,0.65
2018-10-14 14:00:00,620.8,656.88,31.59,57.77,0.79
2018-10-14 15:00:00,398.02,442.12,31.19,59.12,0.84
2018-10-14 16:00:00,181.2,204.98,30.77,62.36,0.66
2018-10-14 17:00:00,22.15,24.2,29.76,67.15,0.61
2018-10-14 18:00:00,0.0,0.0,28.65,71.42,0.5
2018-10-14 19:00:00,0.0,0.0,28.37,70.96,0.45
2018-10-14 20:00:00,0.0,0.0,28.43,67.45,0.36
2018-10-14 21:00:00,0.0,0.0,28.15,67.84,0.22
2018-10-14 22:00:00,0.0,0.0,27.68,70.4,0.26
2018-10-14 23:00:00,0.0,0.0,26.87,74.19,0.39
2018-10-15 00:00:00,0.0,0.0,26.18,77.17,0.49
2018-10-15 01:00:00,0.0,0.0,25.63,80.09,0.52
2018-10-15 02:00:00,0.0,0.0,25.23,81.54,0.53
2018-10-15 03:00:00,0.0,0.0,24.85,83.0,0.57
2018-10-15 04:00:00,0.0,0.0,24.37,85.8,0.6
2018-10-15 05:00:00,0.0,0.0,23.95,88.31,0.59
2018-10-15 06:00:00,43.65,82.4,24.16,89.72,0.67
2018-10-15 07:00:00,151.75,308.2,25.31,83.58,1.03
2018-10-15 08:00:00,187.8,542.92,27.53,74.42,1.04
2018-10-15 09:00:00,293.27,738.35,29.7,66.19,1.3
2018-10-15 10:00:00,528.88,876.83,30.6,63.66,1.8
2018-10-15 11:00:00,631.88,937.5,31.05,62.8,2.15
2018-10-15 12:00:00,722.08,889.0,31.19,62.66,2.43
2018-10-15 13:00:00,688.95,791.0,31.03,63.04,2.59
2018-10-15 14:00:00,543.62,622.1,30.81,63.6,2.58
2018-10-15 15:00:00,375.6,405.3,30.31,66.15,2.37
2018-10-15 16:00:00,169.48,182.12,29.45,72.47,1.84
2018-10-15 17:00:00,18.52,20.9,27.84,82.92,1.22
2018-10-15 18:00:00,0.0,0.0,26.41,87.92,0.96
2018-10-15 19:00:00,0.0,0.0,26.0,89.02,0.91
2018-10-15 20:00:00,0.0,0.0,25.62,90.06,0.87
2018-10-15 21:00:00,0.0,0.0,25.29,90.9,0.82
2018-10-15 22:00:00,0.0,0.0,24.96,91.76,0.77
2018-10-15 23:00:00,0.0,0.0,24.61,92.92,0.74
2018-10-16 00:00:00,0.0,0.0,24.23,94.29,0.73
2018-10-16 01:00:00,0.0,0.0,23.88,95.49,0.72
2018-10-16 02:00:00,0.0,0.0,23.57,96.72,0.71
2018-10-16 03:00:00,0.0,0.0,23.29,98.03,0.68
2018-10-16 04:00:00,0.0,0.0,23.07,98.87,0.65
2018-10-16 05:00:00,0.0,0.0,22.99,98.9,0.62
2018-10-16 06:00:00,63.35,69.57,23.54,97.25,0.67
2018-10-16 07:00:00,243.73,277.62,24.82,91.82,1.09
2018-10-16 08:00:00,396.5,502.58,26.56,83.45,0.92
2018-10-16 09:00:00,595.88,703.42,28.44,73.53,1.01
2018-10-16 10:00:00,770.03,846.95,29.7,68.16,1.11
2018-10-16 11:00:00,854.3,913.25,30.51,65.02,1.19
2018-10-16 12:00:00,858.97,909.08,31.1,62.88,1.29
2018-10-16 13:00:00,742.17,817.05,31.35,61.78,1.41
2018-10-16 14:00:00,603.58,656.7,31.38,61.71,1.53
2018-10-16 15:00:00,377.83,443.52,30.78,65.91,1.28
2018-10-16 16:00:00,164.73,208.3,30.03,69.48,1.25
2018-10-16 17:00:00,16.25,23.4,28.48,82.15,0.8
2018-10-16 18:00:00,0.0,0.0,27.46,84.25,0.71
2018-10-16 19:00:00,0.0,0.0,27.14,84.55,0.71
2018-10-16 20:00:00,0.0,0.0,26.78,85.38,0.7
2018-10-16 21:00:00,0.0,0.0,26.33,86.65,0.73
2018-10-16 22:00:00,0.0,0.0,25.67,89.34,0.82
2018-10-16 23:00:00,0.0,0.0,24.99,92.14,0.93
2018-10-17 00:00:00,0.0,0.0,24.47,93.97,1.09
2018-10-17 01:00:00,0.0,0.0,24.08,95.35,1.31
2018-10-17 02:00:00,0.0,0.0,23.82,96.38,1.45
2018-10-17 03:00:00,0.0,0.0,23.64,97.15,1.53
2018-10-17 04:00:00,0.0,0.0,23.58,97.36,1.61
2018-10-17 05:00:00,0.0,0.0,23.58,97.23,1.6
2018-10-17 06:00:00,74.45,78.12,23.83,96.46,1.84
2018-10-17 07:00:00,263.35,295.05,24.69,93.66,2.38
2018-10-17 08:00:00,476.5,532.38,25.79,88.23,2.8
2018-10-17 09:00:00,675.5,731.12,27.15,80.06,2.73
2018-10-17 10:00:00,851.42,870.78,28.3,74.55,2.42
2018-10-17 11:00:00,910.35,936.2,29.3,70.85,2.14
2018-10-17 12:00:00,940.67,945.78,30.02,68.2,1.87
2018-10-17 13:00:00,805.0,850.62,30.47,66.34,1.64
2018-10-17 14:00:00,683.45,689.42,30.66,65.31,1.46
2018-10-17 15:00:00,470.27,472.73,30.44,65.59,1.34
2018-10-17 16:00:00,227.55,228.9,29.81,69.58,1.15
2018-10-17 17:00:00,26.12,26.23,28.52,79.2,0.85
2018-10-17 18:00:00,0.0,0.0,26.84,85.57,0.74
2018-10-17 19:00:00,0.0,0.0,26.15,87.58,0.78
2018-10-17 20:00:00,0.0,0.0,25.52,88.87,0.81
2018-10-17 21:00:00,0.0,0.0,24.99,90.16,0.84
2018-10-17 22:00:00,0.0,0.0,24.5,91.41,0.89
2018-10-17 23:00:00,0.0,0.0,24.1,92.37,0.95
2018-10-18 00:00:00,0.0,0.0,23.72,93.32,1.04
2018-10-18 01:00:00,0.0,0.0,23.4,94.03,1.13
2018-10-18 02:00:00,0.0,0.0,23.11,94.64,1.2
2018-10-18 03:00:00,0.0,0.0,22.82,95.35,1.2
2018-10-18 04:00:00,0.0,0.0,22.51,96.27,1.18
2018-10-18 05:00:00,0.0,0.0,22.22,97.28,1.13
2018-10-18 06:00:00,89.75,90.3,22.76,94.98,1.66
2018-10-18 07:00:00,308.12,309.48,24.56,88.36,2.17
2018-10-18 08:00:00,544.53,546.35,27.63,74.73,2.57
2018-10-18 09:00:00,744.83,747.08,29.6,67.01,2.65
2018-10-18 10:00:00,881.55,882.62,30.7,63.8,2.37
2018-10-18 11:00:00,941.47,947.05,31.38,61.89,2.17
2018-10-18 12:00:00,851.6,937.95,31.7,60.73,2.19
2018-10-18 13:00:00,822.5,842.53,31.6,60.49,2.31
2018-10-18 14:00:00,666.88,677.7,31.2,61.34,2.45
2018-10-18 15:00:00,455.4,459.05,30.61,63.58,2.44
2018-10-18 16:00:00,211.43,217.98,29.59,69.98,2.11
2018-10-18 17:00:00,22.95,23.9,27.79,81.67,1.46
2018-10-18 18:00:00,0.0,0.0,26.29,87.6,1.35
2018-10-18 19:00:00,0.0,0.0,25.81,89.29,1.48
2018-10-18 20:00:00,0.0,0.0,25.35,91.08,1.46
2018-10-18 21:00:00,0.0,0.0,24.94,92.61,1.34
2018-10-18 22:00:00,0.0,0.0,24.56,93.92,1.2
2018-10-18 23:00:00,0.0,0.0,24.22,95.0,1.09
2018-10-19 00:00:00,0.0,0.0,23.87,96.07,1.04
2018-10-19 01:00:00,0.0,0.0,23.56,97.23,1.07
2018-10-19 02:00:00,0.0,0.0,23.25,98.76,1.14
2018-10-19 03:00:00,0.0,0.0,23.01,99.76,1.16
2018-10-19 04:00:00,0.0,0.0,22.81,100.0,1.17
2018-10-19 05:00:00,0.0,0.0,22.62,100.0,1.16
2018-10-19 06:00:00,83.93,87.57,23.19,97.67,1.62
2018-10-19 07:00:00,298.23,318.3,25.2,88.03,2.48
2018-10-19 08:00:00,519.58,556.8,27.68,75.11,2.78
2018-10-19 09:00:00,731.45,754.45,29.6,67.31,2.35
2018-10-19 10:00:00,756.05,894.47,30.96,62.48,1.73
2018-10-19 11:00:00,867.05,956.3,31.98,59.07,1.1
2018-10-19 12:00:00,839.9,919.45,32.57,56.92,0.95
2018-10-19 13:00:00,698.15,823.22,32.74,55.88,1.13
2018-10-19 14:00:00,629.83,658.53,32.53,56.07,1.35
2018-10-19 15:00:00,426.0,442.08,32.04,57.33,1.46
2018-10-19 16:00:00,198.52,204.6,31.37,61.99,1.14
2018-10-19 17:00:00,21.17,21.75,29.85,71.11,0.93
2018-10-19 18:00:00,0.0,0.0,28.5,76.89,0.7
2018-10-19 19:00:00,0.0,0.0,28.48,73.79,0.64
2018-10-19 20:00:00,0.0,0.0,28.44,71.27,0.44
2018-10-19 21:00:00,0.0,0.0,28.55,67.97,0.24
2018-10-19 22:00:00,0.0,0.0,27.95,71.51,0.31
2018-10-19 23:00:00,0.0,0.0,27.27,74.21,0.41
2018-10-20 00:00:00,0.0,0.0,26.81,75.23,0.44
2018-10-20 01:00:00,0.0,0.0,26.44,76.31,0.38
2018-10-20 02:00:00,0.0,0.0,26.02,78.07,0.27
2018-10-20 03:00:00,0.0,0.0,25.61,79.98,0.12
2018-10-20 04:00:00,0.0,0.0,25.07,82.02,0.06
2018-10-20 05:00:00,0.0,0.0,24.53,84.66,0.14
2018-10-20 06:00:00,78.93,82.78,24.67,86.58,0.18
2018-10-20 07:00:00,295.52,309.05,26.22,79.34,0.27
2018-10-20 08:00:00,532.72,546.47,29.39,66.65,0.37
2018-10-20 09:00:00,743.88,745.17,31.3,60.88,0.89
2018-10-20 10:00:00,883.83,884.0,32.39,57.83,1.39
2018-10-20 11:00:00,946.22,949.92,33.15,55.42,1.84
2018-10-20 12:00:00,845.33,890.3,33.6,53.72,2.23
2018-10-20 13:00:00,739.08,793.47,33.69,52.9,2.47
2018-10-20 14:00:00,586.22,628.3,33.46,53.17,2.53
2018-10-20 15:00:00,391.9,413.1,32.98,54.26,2.4
2018-10-20 16:00:00,165.82,185.38,32.01,59.74,1.81
2018-10-20 17:00:00,14.23,19.6,30.11,72.49,1.14
2018-10-20 18:00:00,0.0,0.0,28.56,76.61,0.81
2018-10-20 19:00:00,0.0,0.0,28.64,73.25,0.78
2018-10-20 20:00:00,0.0,0.0,28.5,71.16,0.68
2018-10-20 21:00:00,0.0,0.0,28.1,71.41,0.63
2018-10-20 22:00:00,0.0,0.0,27.58,72.68,0.67
2018-10-20 23:00:00,0.0,0.0,26.61,77.13,0.7
2018-10-21 00:00:00,0.0,0.0,25.79,80.39,0.75
2018-10-21 01:00:00,0.0,0.0,25.01,83.53,0.79
2018-10-21 02:00:00,0.0,0.0,24.24,86.76,0.82
2018-10-21 03:00:00,0.0,0.0,23.56,89.51,0.82
2018-10-21 04:00:00,0.0,0.0,22.96,91.88,0.81
2018-10-21 05:00:00,0.0,0.0,22.44,94.18,0.8
2018-10-21 06:00:00,68.62,79.68,22.89,94.42,0.9
2018-10-21 07:00:00,247.32,299.95,24.91,86.43,1.55
2018-10-21 08:00:00,457.25,535.75,27.82,74.81,1.46
2018-10-21 09:00:00,619.33,734.97,30.61,62.76,1.51
2018-10-21 10:00:00,740.47,872.12,32.23,56.03,1.72
2018-10-21 11:00:00,782.85,932.78,33.27,51.77,2.02
2018-10-21 12:00:00,778.88,927.1,34.0,48.79,2.36
2018-10-21 13:00:00,642.38,830.55,34.23,47.68,2.61
2018-10-21 14:00:00,493.98,665.83,34.02,47.96,2.65
2018-10-21 15:00:00,313.25,450.3,33.47,49.34,2.47
2018-10-21 16:00:00,150.85,208.55,32.49,55.3,1.7
2018-10-21 17:00:00,19.35,21.55,30.42,69.6,1.09
2018-10-21 18:00:00,0.0,0.0,28.68,76.27,0.84
2018-10-21 19:00:00,0.0,0.0,27.98,78.43,0.87
2018-10-21 20:00:00,0.0,0.0,27.32,80.75,0.9
2018-10-21 21:00:00,0.0,0.0,26.72,83.19,0.89
2018-10-21 22:00:00,0.0,0.0,26.14,85.67,0.86
2018-10-21 23:00:00,0.0,0.0,25.61,87.76,0.8
2018-10-22 00:00:00,0.0,0.0,25.22,89.28,0.75
2018-10-22 01:00:00,0.0,0.0,24.86,90.52,0.72
2018-10-22 02:00:00,0.0,0.0,24.49,91.69,0.71
2018-10-22 03:00:00,0.0,0.0,24.07,93.09,0.73
2018-10-22 04:00:00,0.0,0.0,23.66,94.46,0.76
2018-10-22 05:00:00,0.0,0.0,23.27,96.16,0.78
2018-10-22 06:00:00,74.82,83.82,23.71,94.65,1.22
2018-10-22 07:00:00,249.98,309.67,25.53,86.61,1.84
2018-10-22 08:00:00,473.4,545.97,28.59,72.24,1.64
2018-10-22 09:00:00,650.62,740.95,30.87,63.34,1.25
2018-10-22 10:00:00,776.53,875.88,32.22,58.1,0.87
2018-10-22 11:00:00,799.5,938.03,33.25,53.32,0.98
2018-10-22 12:00:00,773.6,883.15,33.82,50.01,1.17
2018-10-22 13:00:00,679.62,789.62,33.99,48.65,1.34
2018-10-22 14:00:00,586.08,626.4,33.8,48.78,1.46
2018-10-22 15:00:00,361.67,411.5,33.35,50.05,1.52
2018-10-22 16:00:00,165.15,183.98,32.71,54.58,1.21
2018-10-22 17:00:00,16.65,18.45,30.75,66.27,1.0
2018-10-22 18:00:00,0.0,0.0,28.56,76.37,0.84
2018-10-22 19:00:00,0.0,0.0,27.84,78.02,0.95
2018-10-22 20:00:00,0.0,0.0,27.24,79.47,1.03
2018-10-22 21:00:00,0.0,0.0,26.83,80.81,1.12
2018-10-22 22:00:00,0.0,0.0,26.51,82.07,1.19
2018-10-22 23:00:00,0.0,0.0,26.14,83.58,1.24
2018-10-23 00:00:00,0.0,0.0,25.75,85.34,1.3
2018-10-23 01:00:00,0.0,0.0,25.35,87.34,1.3
2018-10-23 02:00:00,0.0,0.0,24.96,89.56,1.27
2018-10-23 03:00:00,0.0,0.0,24.53,91.94,1.21
2018-10-23 04:00:00,0.0,0.0,24.13,94.1,1.18
2018-10-23 05:00:00,0.0,0.0,23.73,96.45,1.11
2018-10-23 06:00:00,72.4,80.35,24.01,96.06,1.49
2018-10-23 07:00:00,256.58,303.55,25.43,90.37,2.14
2018-10-23 08:00:00,478.08,539.45,27.65,79.58,2.64
2018-10-23 09:00:00,725.53,738.67,29.64,70.66,2.56
2018-10-23 10:00:00,879.6,880.42,31.19,64.27,2.13
2018-10-23 11:00:00,939.6,940.53,32.39,59.48,1.72
2018-10-23 12:00:00,923.88,926.78,33.24,55.8,1.36
2018-10-23 13:00:00,811.53,830.03,33.73,53.27,1.05
2018-10-23 14:00:00,655.42,663.28,33.82,51.97,0.82
2018-10-23 15:00:00,427.58,442.15,33.5,52.32,0.75
2018-10-23 16:00:00,197.07,201.5,32.85,55.77,0.69
2018-10-23 17:00:00,19.88,20.12,31.65,61.34,0.65
2018-10-23 18:00:00,0.0,0.0,29.45,72.04,0.76
2018-10-23 19:00:00,0.0,0.0,28.02,79.36,0.82
2018-10-23 20:00:00,0.0,0.0,27.15,82.43,0.91
2018-10-23 21:00:00,0.0,0.0,26.54,84.2,1.03
2018-10-23 22:00:00,0.0,0.0,26.04,85.83,1.12
2018-10-23 23:00:00,0.0,0.0,25.63,87.19,1.2
2018-10-24 00:00:00,0.0,0.0,25.21,88.64,1.25
2018-10-24 01:00:00,0.0,0.0,24.78,90.13,1.25
2018-10-24 02:00:00,0.0,0.0,24.37,91.61,1.22
2018-10-24 03:00:00,0.0,0.0,23.97,93.09,1.14
2018-10-24 04:00:00,0.0,0.0,23.56,94.52,1.06
2018-10-24 05:00:00,0.0,0.0,23.14,96.43,0.98
2018-10-24 06:00:00,68.32,79.4,23.53,94.9,1.41
2018-10-24 07:00:00,241.32,298.98,25.28,87.84,1.95
2018-10-24 08:00:00,445.38,532.62,28.51,73.21,2.07
2018-10-24 09:00:00,658.1,728.28,30.91,63.95,1.7
2018-10-24 10:00:00,736.4,864.58,32.34,58.72,0.92
2018-10-24 11:00:00,786.65,926.78,33.33,54.74,0.46
2018-10-24 12:00:00,679.83,889.92,34.06,51.43,0.97
2018-10-24 13:00:00,572.92,789.47,34.31,49.94,1.47
2018-10-24 14:00:00,424.38,620.2,34.05,50.29,1.8
2018-10-24 15:00:00,277.48,404.92,33.34,52.41,1.87
2018-10-24 16:00:00,127.57,175.1,32.36,58.92,1.49
2018-10-24 17:00:00,17.9,17.45,30.18,71.67,1.2
2018-10-24 18:00:00,0.0,0.0,28.07,78.96,1.18
2018-10-24 19:00:00,0.0,0.0,27.36,80.31,1.5
2018-10-24 20:00:00,0.0,0.0,26.83,82.54,1.73
2018-10-24 21:00:00,0.0,0.0,26.44,84.8,1.96
2018-10-24 22:00:00,0.0,0.0,26.09,87.08,2.13
2018-10-24 23:00:00,0.0,0.0,25.76,89.39,2.16
2018-10-25 00:00:00,0.0,0.0,25.45,91.57,2.06
2018-10-25 01:00:00,0.0,0.0,25.13,93.59,1.92
2018-10-25 02:00:00,0.0,0.0,24.79,95.6,1.81
2018-10-25 03:00:00,0.0,0.0,24.5,97.05,1.6
2018-10-25 04:00:00,0.0,0.0,24.28,97.88,1.45
2018-10-25 05:00:00,0.0,0.0,24.13,98.28,1.37
2018-10-25 06:00:00,60.97,76.2,24.51,96.63,1.73
2018-10-25 07:00:00,219.3,295.6,25.78,91.44,2.64
2018-10-25 08:00:00,405.38,532.5,27.55,82.39,3.11
2018-10-25 09:00:00,597.3,728.38,29.46,72.52,2.87
2018-10-25 10:00:00,695.0,863.75,30.71,67.31,2.45
2018-10-25 11:00:00,781.35,926.55,31.46,64.36,2.23
2018-10-25 12:00:00,697.53,866.25,31.94,62.46,2.21
2018-10-25 13:00:00,621.78,768.33,31.94,61.93,2.27
2018-10-25 14:00:00,480.2,601.8,31.8,62.13,2.34
2018-10-25 15:00:00,295.3,389.15,31.31,63.66,2.35
2018-10-25 16:00:00,129.68,166.35,30.38,68.6,2.03
2018-10-25 17:00:00,15.73,16.65,28.52,81.25,1.22
2018-10-25 18:00:00,0.0,0.0,27.03,86.69,1.06
2018-10-25 19:00:00,0.0,0.0,26.53,88.22,1.06
2018-10-25 20:00:00,0.0,0.0,26.12,89.44,1.03
2018-10-25 21:00:00,0.0,0.0,25.77,90.31,0.98
2018-10-25 22:00:00,0.0,0.0,25.44,90.99,0.95
2018-10-25 23:00:00,0.0,0.0,25.14,91.53,0.97
2018-10-26 00:00:00,0.0,0.0,24.84,92.08,0.98
2018-10-26 01:00:00,0.0,0.0,24.57,92.57,1.02
2018-10-26 02:00:00,0.0,0.0,24.31,93.21,1.07
2018-10-26 03:00:00,0.0,0.0,24.06,93.98,1.11
2018-10-26 04:00:00,0.0,0.0,23.82,95.04,1.12
2018-10-26 05:00:00,0.0,0.0,23.57,96.43,1.1
2018-10-26 06:00:00,73.03,76.28,23.86,95.83,1.46
2018-10-26 07:00:00,278.58,293.85,25.07,91.32,1.98
2018-10-26 08:00:00,511.2,528.38,27.03,81.41,2.34
2018-10-26 09:00:00,719.0,726.25,28.86,72.12,2.34
2018-10-26 10:00:00,850.17,863.58,29.92,67.97,1.96
2018-10-26 11:00:00,910.7,923.72,30.47,66.03,1.58
2018-10-26 12:00:00,877.28,901.88,30.8,64.65,1.29
2018-10-26 13:00:00,775.35,803.2,31.07,63.34,1.1
2018-10-26 14:00:00,620.97,636.28,31.14,62.54,1.05
2018-10-26 15:00:00,406.02,418.35,31.11,62.4,1.05
2018-10-26 16:00:00,180.15,185.0,30.59,65.46,0.96
2018-10-26 17:00:00,17.92,17.55,29.32,74.41,0.74
2018-10-26 18:00:00,0.0,0.0,28.0,78.53,0.67
2018-10-26 19:00:00,0.0,0.0,27.4,80.68,0.7
2018-10-26 20:00:00,0.0,0.0,26.88,82.7,0.71
2018-10-26 21:00:00,0.0,0.0,26.39,84.75,0.73
2018-10-26 22:00:00,0.0,0.0,25.85,86.94,0.75
2018-10-26 23:00:00,0.0,0.0,25.39,88.7,0.76
2018-10-27 00:00:00,0.0,0.0,24.98,90.1,0.78
2018-10-27 01:00:00,0.0,0.0,24.65,91.19,0.81
2018-10-27 02:00:00,0.0,0.0,24.37,92.18,0.83
2018-10-27 03:00:00,0.0,0.0,24.1,93.2,0.83
2018-10-27 04:00:00,0.0,0.0,23.84,94.27,0.84
2018-10-27 05:00:00,0.0,0.0,23.62,95.26,0.84
2018-10-27 06:00:00,75.68,76.22,24.06,94.51,1.18
2018-10-27 07:00:00,288.0,291.88,25.57,89.29,1.95
2018-10-27 08:00:00,518.62,525.7,28.26,76.14,2.0
2018-10-27 09:00:00,707.62,723.88,30.46,66.02,1.59
2018-10-27 10:00:00,818.3,862.88,31.7,61.45,1.18
2018-10-27 11:00:00,871.38,924.85,32.43,58.62,1.21
2018-10-27 12:00:00,824.05,909.4,32.8,57.01,1.42
2018-10-27 13:00:00,766.15,813.12,32.78,56.75,1.69
2018-10-27 14:00:00,615.7,649.9,32.39,58.01,1.85
2018-10-27 15:00:00,406.77,432.95,31.7,60.91,1.82
2018-10-27 16:00:00,189.9,195.27,30.79,67.84,1.38
2018-10-27 17:00:00,17.73,17.95,29.25,78.85,0.98
2018-10-27 18:00:00,0.0,0.0,27.98,85.34,0.79
2018-10-27 19:00:00,0.0,0.0,27.5,86.39,0.86
2018-10-27 20:00:00,0.0,0.0,27.01,87.86,0.88
2018-10-27 21:00:00,0.0,0.0,26.6,89.23,0.85
2018-10-27 22:00:00,0.0,0.0,26.26,90.47,0.78
2018-10-27 23:00:00,0.0,0.0,25.96,91.41,0.72
2018-10-28 00:00:00,0.0,0.0,25.7,92.12,0.66
2018-10-28 01:00:00,0.0,0.0,25.45,92.72,0.6
2018-10-28 02:00:00,0.0,0.0,25.26,93.1,0.56
2018-10-28 03:00:00,0.0,0.0,25.08,93.65,0.54
2018-10-28 04:00:00,0.0,0.0,24.86,94.27,0.55
2018-10-28 05:00:00,0.0,0.0,24.64,94.82,0.56
2018-10-28 06:00:00,72.82,77.38,24.84,94.27,0.75
2018-10-28 07:00:00,268.33,293.17,25.83,88.71,1.52
2018-10-28 08:00:00,497.85,523.62,27.41,81.18,1.48
2018-10-28 09:00:00,697.75,719.65,28.97,74.01,0.95
2018-10-28 10:00:00,786.38,855.33,30.19,69.12,0.48
2018-10-28 11:00:00,847.7,916.35,30.94,65.33,1.01
2018-10-28 12:00:00,792.67,899.65,31.1,63.71,1.3
2018-10-28 13:00:00,709.83,804.45,30.93,63.83,1.37
2018-10-28 14:00:00,547.65,642.5,30.67,64.85,1.39
2018-10-28 15:00:00,281.08,430.1,30.21,67.47,1.29
2018-10-28 16:00:00,122.5,195.07,29.54,72.88,1.0
2018-10-28 17:00:00,11.4,17.73,28.29,83.0,0.68
2018-10-28 18:00:00,0.0,0.0,27.38,84.84,0.66
2018-10-28 19:00:00,0.0,0.0,27.05,85.31,0.68
2018-10-28 20:00:00,0.0,0.0,26.82,85.25,0.67
2018-10-28 21:00:00,0.0,0.0,26.66,84.83,0.65
2018-10-28 22:00:00,0.0,0.0,26.57,84.1,0.62
2018-10-28 23:00:00,0.0,0.0,26.45,83.63,0.59
2018-10-29 00:00:00,0.0,0.0,26.29,83.45,0.54
2018-10-29 01:00:00,0.0,0.0,26.0,84.38,0.49
2018-10-29 02:00:00,0.0,0.0,25.73,85.14,0.46
2018-10-29 03:00:00,0.0,0.0,25.44,86.31,0.5
2018-10-29 04:00:00,0.0,0.0,25.09,87.9,0.55
2018-10-29 05:00:00,0.0,0.0,24.72,89.92,0.59
2018-10-29 06:00:00,36.88,81.35,24.64,92.73,0.54
2018-10-29 07:00:00,140.95,306.38,25.62,86.91,1.17
2018-10-29 08:00:00,234.32,537.45,26.81,81.99,1.28
2018-10-29 09:00:00,351.4,730.65,28.8,72.62,1.45
2018-10-29 10:00:00,396.38,860.72,29.91,67.72,1.67
2018-10-29 11:00:00,443.45,917.78,30.57,64.87,1.71
2018-10-29 12:00:00,361.05,898.5,30.9,63.19,1.66
2018-10-29 13:00:00,195.75,804.53,31.02,62.37,1.54
2018-10-29 14:00:00,306.17,643.1,30.91,62.28,1.45
2018-10-29 15:00:00,277.85,430.45,30.5,63.71,1.42
2018-10-29 16:00:00,112.3,194.23,29.77,68.83,1.11
2018-10-29 17:00:00,13.52,17.52,28.47,78.01,0.81
2018-10-29 18:00:00,0.0,0.0,27.33,82.27,0.62
2018-10-29 19:00:00,0.0,0.0,27.03,81.73,0.57
2018-10-29 20:00:00,0.0,0.0,27.1,79.0,0.45
2018-10-29 21:00:00,0.0,0.0,26.93,79.09,0.32
2018-10-29 22:00:00,0.0,0.0,26.34,81.59,0.47
2018-10-29 23:00:00,0.0,0.0,25.55,85.57,0.63
2018-10-30 00:00:00,0.0,0.0,24.86,89.25,0.7
2018-10-30 01:00:00,0.0,0.0,24.34,91.65,0.74
2018-10-30 02:00:00,0.0,0.0,24.03,92.58,0.77
2018-10-30 03:00:00,0.0,0.0,23.78,93.24,0.78
2018-10-30 04:00:00,0.0,0.0,23.53,93.92,0.77
2018-10-30 05:00:00,0.0,0.0,23.31,94.57,0.76
2018-10-30 06:00:00,59.7,70.4,23.72,93.81,0.92
2018-10-30 07:00:00,215.02,278.05,25.21,87.01,1.53
2018-10-30 08:00:00,407.73,507.25,27.46,77.49,1.06
2018-10-30 09:00:00,626.6,704.12,29.64,66.29,0.49
2018-10-30 10:00:00,803.85,837.97,30.61,62.61,0.17
2018-10-30 11:00:00,851.1,896.58,31.12,60.38,0.58
2018-10-30 12:00:00,880.62,906.33,31.26,59.55,0.88
2018-10-30 13:00:00,761.9,810.72,31.26,59.61,1.07
2018-10-30 14:00:00,610.4,647.92,31.05,60.4,1.22
2018-10-30 15:00:00,399.02,433.25,30.65,62.25,1.21
2018-10-30 16:00:00,182.05,196.43,30.04,67.74,0.93
2018-10-30 17:00:00,16.75,17.55,28.76,77.02,0.72
2018-10-30 18:00:00,0.0,0.0,27.56,80.85,0.65
2018-10-30 19:00:00,0.0,0.0,27.06,81.6,0.68
2018-10-30 20:00:00,0.0,0.0,26.59,82.44,0.71
2018-10-30 21:00:00,0.0,0.0,26.05,84.1,0.75
2018-10-30 22:00:00,0.0,0.0,25.42,86.37,0.79
2018-10-30 23:00:00,0.0,0.0,24.87,88.23,0.83
2018-10-31 00:00:00,0.0,0.0,24.47,89.6,0.88
2018-10-31 01:00:00,0.0,0.0,24.2,90.5,0.98
2018-10-31 02:00:00,0.0,0.0,23.95,91.16,1.15
2018-10-31 03:00:00,0.0,0.0,23.72,92.0,1.35
2018-10-31 04:00:00,0.0,0.0,23.55,92.92,1.54
2018-10-31 05:00:00,0.0,0.0,23.36,94.31,1.57
2018-10-31 06:00:00,51.42,78.65,23.72,93.39,1.93
2018-10-31 07:00:00,200.48,301.55,25.58,85.51,2.55
2018-10-31 08:00:00,367.33,530.95,28.31,72.13,2.94
2018-10-31 09:00:00,547.35,724.72,30.54,62.5,3.08
2018-10-31 10:00:00,809.92,857.03,31.95,57.1,3.08
2018-10-31 11:00:00,821.62,915.95,32.85,53.47,3.14
2018-10-31 12:00:00,859.7,901.95,33.48,50.66,3.28
2018-10-31 13:00:00,761.67,804.22,33.68,48.98,3.42
2018-10-31 14:00:00,613.7,641.42,33.58,47.97,3.44
2018-10-31 15:00:00,356.75,427.17,33.02,48.5,3.24
2018-10-31 16:00:00,150.3,190.27,31.79,54.95,2.39
2018-10-31 17:00:00,13.1,16.62,29.18,70.95,1.32
2018-10-31 18:00:00,0.0,0.0,27.14,75.8,1.06
2018-10-31 19:00:00,0.0,0.0,26.48,76.74,1.02
2018-10-31 20:00:00,0.0,0.0,25.83,78.0,1.0
2018-10-31 21:00:00,0.0,0.0,25.19,79.71,1.02
2018-10-31 22:00:00,0.0,0.0,24.56,81.74,1.09
2018-10-31 23:00:00,0.0,0.0,23.93,84.02,1.22
2018-11-01 00:00:00,0.0,0.0,23.3,86.24,1.5
2018-11-01 01:00:00,0.0,0.0,22.68,88.25,1.96
2018-11-01 02:00:00,0.0,0.0,22.09,89.85,2.01
2018-11-01 03:00:00,0.0,0.0,21.56,90.4,1.71
2018-11-01 04:00:00,0.0,0.0,21.08,90.66,1.48
2018-11-01 05:00:00,0.0,0.0,20.66,91.28,1.35
2018-11-01 06:00:00,70.93,74.35,20.82,89.6,1.68
2018-11-01 07:00:00,277.3,291.7,22.64,79.19,2.42
2018-11-01 08:00:00,503.45,520.53,25.09,69.36,2.57
2018-11-01 09:00:00,680.65,714.38,27.56,62.34,2.14
2018-11-01 10:00:00,830.62,850.1,30.02,55.62,1.65
2018-11-01 11:00:00,857.1,908.42,32.39,48.08,1.66
2018-11-01 12:00:00,818.58,883.97,33.57,45.2,1.73
2018-11-01 13:00:00,661.85,792.53,33.92,44.41,1.83
2018-11-01 14:00:00,604.6,632.4,33.82,44.63,1.89
2018-11-01 15:00:00,403.15,416.95,33.26,46.08,1.82
2018-11-01 16:00:00,176.65,182.93,32.45,51.13,1.33
2018-11-01 17:00:00,15.18,15.5,30.03,67.1,0.94
2018-11-01 18:00:00,0.0,0.0,27.81,74.31,0.91
2018-11-01 19:00:00,0.0,0.0,26.95,76.32,1.0
2018-11-01 20:00:00,0.0,0.0,26.2,78.16,1.09
2018-11-01 21:00:00,0.0,0.0,25.58,80.29,1.14
2018-11-01 22:00:00,0.0,0.0,25.07,82.37,1.2
2018-11-01 23:00:00,0.0,0.0,24.64,84.44,1.26
2018-11-02 00:00:00,0.0,0.0,24.22,86.73,1.31
2018-11-02 01:00:00,0.0,0.0,23.89,89.02,1.31
2018-11-02 02:00:00,0.0,0.0,23.59,91.32,1.25
2018-11-02 03:00:00,0.0,0.0,23.29,93.47,1.1
2018-11-02 04:00:00,0.0,0.0,22.96,95.93,0.92
2018-11-02 05:00:00,0.0,0.0,22.65,98.02,0.78
2018-11-02 06:00:00,73.9,74.85,23.12,95.82,0.96
2018-11-02 07:00:00,285.73,294.58,24.85,87.94,1.41
2018-11-02 08:00:00,507.27,525.03,27.7,74.64,1.53
2018-11-02 09:00:00,712.15,717.78,30.62,61.59,1.29
2018-11-02 10:00:00,816.47,850.35,32.23,56.09,0.7
2018-11-02 11:00:00,892.05,909.83,33.28,52.25,0.76
2018-11-02 12:00:00,853.2,880.88,33.86,49.59,1.16
2018-11-02 13:00:00,743.15,784.1,34.05,48.07,1.47
2018-11-02 14:00:00,599.62,620.97,33.79,48.0,1.69
2018-11-02 15:00:00,382.15,408.52,33.16,49.38,1.76
2018-11-02 16:00:00,171.57,181.1,32.16,54.26,1.4
2018-11-02 17:00:00,16.02,15.43,30.19,68.32,0.95
2018-11-02 18:00:00,0.0,0.0,28.59,74.22,0.78
2018-11-02 19:00:00,0.0,0.0,28.01,75.06,0.8
2018-11-02 20:00:00,0.0,0.0,27.39,76.2,0.81
2018-11-02 21:00:00,0.0,0.0,26.61,78.26,0.83
2018-11-02 22:00:00,0.0,0.0,25.81,80.86,0.85
2018-11-02 23:00:00,0.0,0.0,25.1,83.19,0.91
2018-11-03 00:00:00,0.0,0.0,24.53,85.31,0.98
2018-11-03 01:00:00,0.0,0.0,24.07,87.39,1.05
2018-11-03 02:00:00,0.0,0.0,23.66,89.59,1.07
2018-11-03 03:00:00,0.0,0.0,23.3,91.87,1.04
2018-11-03 04:00:00,0.0,0.0,22.93,94.35,0.97
2018-11-03 05:00:00,0.0,0.0,22.58,96.53,0.88
2018-11-03 06:00:00,63.88,73.4,22.98,95.44,1.19
2018-11-03 07:00:00,243.57,288.2,24.79,87.79,1.76
2018-11-03 08:00:00,445.23,523.95,28.13,70.99,2.19
2018-11-03 09:00:00,633.9,718.83,30.55,60.82,2.26
2018-11-03 10:00:00,747.65,849.4,31.99,55.59,2.03
2018-11-03 11:00:00,798.67,905.3,32.91,52.01,1.96
2018-11-03 12:00:00,685.8,881.28,33.42,49.5,1.97
2018-11-03 13:00:00,673.4,778.7,33.61,47.95,1.99
2018-11-03 14:00:00,509.25,610.3,33.49,47.47,1.99
2018-11-03 15:00:00,322.0,396.52,32.97,48.43,1.93
2018-11-03 16:00:00,144.68,171.57,31.96,53.68,1.39
2018-11-03 17:00:00,13.93,14.62,29.93,68.02,0.98
2018-11-03 18:00:00,0.0,0.0,28.18,74.65,0.91
2018-11-03 19:00:00,0.0,0.0,27.35,76.27,1.09
2018-11-03 20:00:00,0.0,0.0,26.68,78.27,1.33
2018-11-03 21:00:00,0.0,0.0,26.09,81.11,1.58
2018-11-03 22:00:00,0.0,0.0,25.5,85.01,1.72
2018-11-03 23:00:00,0.0,0.0,25.11,87.98,1.93
2018-11-04 00:00:00,0.0,0.0,24.75,90.56,1.98
2018-11-04 01:00:00,0.0,0.0,24.31,93.5,1.81
2018-11-04 02:00:00,0.0,0.0,23.9,96.01,1.51
2018-11-04 03:00:00,0.0,0.0,23.51,98.12,1.17
2018-11-04 04:00:00,0.0,0.0,23.23,99.43,0.97
2018-11-04 05:00:00,0.0,0.0,23.01,100.0,0.87
2018-11-04 06:00:00,70.57,72.47,23.55,97.43,1.15
2018-11-04 07:00:00,267.05,285.23,25.74,86.39,2.09
2018-11-04 08:00:00,480.85,517.5,28.26,73.12,2.19
2018-11-04 09:00:00,668.55,711.62,30.1,64.3,1.65
2018-11-04 10:00:00,783.17,849.28,31.45,58.04,1.46
2018-11-04 11:00:00,834.1,905.83,32.49,53.05,1.69
2018-11-04 12:00:00,818.67,870.65,33.15,49.8,1.92
2018-11-04 13:00:00,706.75,772.78,33.38,48.39,2.07
2018-11-04 14:00:00,548.7,609.85,33.09,48.75,2.19
2018-11-04 15:00:00,355.1,399.8,32.44,50.3,2.22
2018-11-04 16:00:00,156.57,171.2,31.25,55.83,1.88
2018-11-04 17:00:00,13.65,14.15,29.19,70.43,1.15
2018-11-04 18:00:00,0.0,0.0,27.57,76.59,1.05
2018-11-04 19:00:00,0.0,0.0,26.92,78.48,1.17
2018-11-04 20:00:00,0.0,0.0,26.41,80.43,1.25
2018-11-04 21:00:00,0.0,0.0,26.01,82.06,1.29
2018-11-04 22:00:00,0.0,0.0,25.65,83.68,1.28
2018-11-04 23:00:00,0.0,0.0,25.32,85.26,1.24
2018-11-05 00:00:00,0.0,0.0,25.0,86.96,1.13
2018-11-05 01:00:00,0.0,0.0,24.65,88.78,0.96
2018-11-05 02:00:00,0.0,0.0,24.32,90.31,0.82
2018-11-05 03:00:00,0.0,0.0,24.04,91.47,0.73
2018-11-05 04:00:00,0.0,0.0,23.8,92.5,0.68
2018-11-05 05:00:00,0.0,0.0,23.59,93.52,0.64
2018-11-05 06:00:00,65.57,68.9,23.91,92.84,0.83
2018-11-05 07:00:00,256.35,276.95,25.2,87.02,1.42
2018-11-05 08:00:00,478.42,505.17,27.69,74.54,1.66
2018-11-05 09:00:00,615.65,697.7,29.52,66.41,1.45
2018-11-05 10:00:00,757.85,829.15,30.69,61.17,1.24
2018-11-05 11:00:00,836.12,886.53,31.47,57.35,1.28
2018-11-05 12:00:00,795.47,838.85,32.0,54.62,1.35
2018-11-05 13:00:00,679.97,738.28,32.25,52.94,1.54
2018-11-05 14:00:00,527.97,572.83,32.32,52.08,1.75
2018-11-05 15:00:00,325.15,369.23,31.94,52.64,1.88
2018-11-05 16:00:00,139.93,154.82,31.03,57.63,1.55
2018-11-05 17:00:00,11.27,12.85,29.31,70.66,0.96
2018-11-05 18:00:00,0.0,0.0,27.65,78.03,0.73
2018-11-05 19:00:00,0.0,0.0,27.04,79.76,0.74
2018-11-05 20:00:00,0.0,0.0,26.4,81.55,0.76
2018-11-05 21:00:00,0.0,0.0,25.87,83.27,0.8
2018-11-05 22:00:00,0.0,0.0,25.44,84.68,0.86
2018-11-05 23:00:00,0.0,0.0,25.06,86.1,0.89
2018-11-06 00:00:00,0.0,0.0,24.71,87.38,0.92
2018-11-06 01:00:00,0.0,0.0,24.33,88.57,0.94
2018-11-06 02:00:00,0.0,0.0,23.93,89.75,0.95
2018-11-06 03:00:00,0.0,0.0,23.5,91.0,0.92
2018-11-06 04:00:00,0.0,0.0,23.08,92.52,0.87
2018-11-06 05:00:00,0.0,0.0,22.68,94.26,0.82
2018-11-06 06:00:00,60.78,61.8,23.07,93.28,1.04
2018-11-06 07:00:00,239.1,254.57,25.05,84.61,1.79
2018-11-06 08:00:00,443.67,476.05,28.42,68.89,1.6
2018-11-06 09:00:00,638.05,677.42,31.06,57.43,0.91
2018-11-06 10:00:00,755.85,809.4,32.79,50.06,0.47
2018-11-06 11:00:00,800.03,867.72,34.09,44.67,1.27
2018-11-06 12:00:00,811.33,853.47,34.83,42.35,1.69
2018-11-06 13:00:00,720.58,751.62,35.08,41.65,1.95
2018-11-06 14:00:00,544.65,585.25,34.89,42.17,2.11
2018-11-06 15:00:00,333.9,374.2,34.21,44.0,2.15
2018-11-06 16:00:00,146.27,157.65,33.05,49.68,1.74
2018-11-06 17:00:00,13.1,13.27,30.67,65.69,1.03
2018-11-06 18:00:00,0.0,0.0,28.82,72.07,0.85
2018-11-06 19:00:00,0.0,0.0,28.35,72.83,0.83
2018-11-06 20:00:00,0.0,0.0,28.08,72.38,0.81
2018-11-06 21:00:00,0.0,0.0,27.89,71.3,0.76
2018-11-06 22:00:00,0.0,0.0,27.28,73.37,0.76
2018-11-06 23:00:00,0.0,0.0,26.08,79.64,0.8
2018-11-07 00:00:00,0.0,0.0,25.2,83.72,0.85
2018-11-07 01:00:00,0.0,0.0,24.66,86.31,0.97
2018-11-07 02:00:00,0.0,0.0,24.27,88.98,1.03
2018-11-07 03:00:00,0.0,0.0,23.89,92.22,1.03
2018-11-07 04:00:00,0.0,0.0,23.56,95.32,0.98
2018-11-07 05:00:00,0.0,0.0,23.31,98.02,0.92
2018-11-07 06:00:00,55.17,60.4,23.68,97.2,1.08
2018-11-07 07:00:00,205.27,253.48,25.18,90.18,1.83
2018-11-07 08:00:00,370.02,472.9,27.07,80.12,2.24
2018-11-07 09:00:00,561.58,661.35,29.11,69.88,2.21
2018-11-07 10:00:00,743.6,811.45,31.08,61.21,1.63
2018-11-07 11:00:00,822.55,864.65,32.55,54.81,1.12
2018-11-07 12:00:00,866.03,890.7,33.5,50.52,1.17
2018-11-07 13:00:00,766.0,784.42,33.93,47.88,1.48
2018-11-07 14:00:00,596.0,617.22,33.81,47.17,1.78
2018-11-07 15:00:00,378.15,407.35,33.21,48.05,1.85
2018-11-07 16:00:00,169.4,176.62,32.22,53.39,1.44
2018-11-07 17:00:00,14.0,14.25,30.18,68.4,0.9
2018-11-07 18:00:00,0.0,0.0,28.61,73.94,0.78
2018-11-07 19:00:00,0.0,0.0,27.81,76.87,0.83
2018-11-07 20:00:00,0.0,0.0,27.06,79.37,0.94
2018-11-07 21:00:00,0.0,0.0,26.42,81.76,1.07
2018-11-07 22:00:00,0.0,0.0,25.94,84.11,1.22
2018-11-07 23:00:00,0.0,0.0,25.56,86.35,1.34
2018-11-08 00:00:00,0.0,0.0,25.17,88.44,1.31
2018-11-08 01:00:00,0.0,0.0,24.78,90.49,1.2
2018-11-08 02:00:00,0.0,0.0,24.39,92.53,1.07
2018-11-08 03:00:00,0.0,0.0,24.07,94.27,0.97
2018-11-08 04:00:00,0.0,0.0,23.83,95.66,0.91
2018-11-08 05:00:00,0.0,0.0,23.62,96.83,0.81
2018-11-08 06:00:00,60.22,66.55,23.92,95.63,1.04
2018-11-08 07:00:00,228.8,275.52,25.25,89.26,1.48
2018-11-08 08:00:00,441.95,508.15,27.25,78.32,1.71
2018-11-08 09:00:00,621.67,699.22,28.75,71.06,1.64
2018-11-08 10:00:00,755.25,835.15,29.76,66.59,1.35
2018-11-08 11:00:00,799.85,892.1,30.57,62.66,1.1
2018-11-08 12:00:00,805.88,881.62,31.13,59.74,1.04
2018-11-08 13:00:00,726.72,781.47,31.43,57.76,1.09
2018-11-08 14:00:00,588.38,614.58,31.5,56.65,1.11
2018-11-08 15:00:00,382.95,404.8,31.42,56.15,1.0
2018-11-08 16:00:00,167.15,175.2,30.89,58.26,0.8
2018-11-08 17:00:00,13.8,14.27,29.79,66.67,0.52
2018-11-08 18:00:00,0.0,0.0,28.69,67.91,0.55
2018-11-08 19:00:00,0.0,0.0,27.94,70.78,0.61
2018-11-08 20:00:00,0.0,0.0,27.28,73.73,0.64
2018-11-08 21:00:00,0.0,0.0,26.8,75.02,0.67
2018-11-08 22:00:00,0.0,0.0,26.35,76.57,0.72
2018-11-08 23:00:00,0.0,0.0,25.79,78.73,0.76
2018-11-09 00:00:00,0.0,0.0,25.2,81.15,0.8
2018-11-09 01:00:00,0.0,0.0,24.69,83.29,0.81
2018-11-09 02:00:00,0.0,0.0,24.27,85.31,0.79
2018-11-09 03:00:00,0.0,0.0,23.88,87.57,0.77
2018-11-09 04:00:00,0.0,0.0,23.5,89.88,0.72
2018-11-09 05:00:00,0.0,0.0,23.16,91.96,0.67
2018-11-09 06:00:00,70.07,70.18,23.34,92.98,0.72
2018-11-09 07:00:00,274.55,275.12,25.07,85.19,0.92
2018-11-09 08:00:00,502.2,503.1,28.92,65.36,0.21
2018-11-09 09:00:00,693.67,696.1,31.22,56.32,1.17
2018-11-09 10:00:00,834.25,837.88,32.61,51.9,1.56
2018-11-09 11:00:00,887.45,892.3,33.65,48.53,1.8
2018-11-09 12:00:00,864.47,881.33,34.38,45.75,1.99
2018-11-09 13:00:00,706.95,787.53,34.67,43.94,2.09
2018-11-09 14:00:00,579.45,626.25,34.55,43.24,2.07
2018-11-09 15:00:00,376.35,413.17,34.0,43.78,1.99
2018-11-09 16:00:00,164.82,180.12,32.91,49.04,1.57
2018-11-09 17:00:00,13.35,14.5,30.56,65.24,0.93
2018-11-09 18:00:00,0.0,0.0,28.74,70.51,0.84
2018-11-09 19:00:00,0.0,0.0,28.03,72.99,0.85
2018-11-09 20:00:00,0.0,0.0,27.3,75.52,0.87
2018-11-09 21:00:00,0.0,0.0,26.59,78.57,0.87
2018-11-09 22:00:00,0.0,0.0,26.0,81.83,0.85
2018-11-09 23:00:00,0.0,0.0,25.49,84.89,0.8
2018-11-10 00:00:00,0.0,0.0,25.12,87.41,0.76
2018-11-10 01:00:00,0.0,0.0,24.83,89.87,0.71
2018-11-10 02:00:00,0.0,0.0,24.49,92.22,0.65
2018-11-10 03:00:00,0.0,0.0,24.15,94.05,0.63
2018-11-10 04:00:00,0.0,0.0,23.84,95.95,0.62
2018-11-10 05:00:00,0.0,0.0,23.55,98.07,0.6
2018-11-10 06:00:00,67.55,68.47,23.89,96.83,0.8
2018-11-10 07:00:00,274.6,284.3,25.71,87.4,1.38
2018-11-10 08:00:00,496.73,514.25,27.94,75.57,1.42
2018-11-10 09:00:00,652.47,704.85,29.94,65.74,1.05
2018-11-10 10:00:00,802.62,840.83,31.52,57.91,0.41
2018-11-10 11:00:00,856.3,901.42,32.95,50.64,0.35
2018-11-10 12:00:00,802.03,863.22,34.16,44.65,0.99
2018-11-10 13:00:00,693.6,767.83,34.63,41.88,1.45
2018-11-10 14:00:00,556.08,606.2,34.54,41.06,1.77
2018-11-10 15:00:00,370.67,396.23,34.03,41.26,1.99
2018-11-10 16:00:00,164.65,171.0,32.78,46.21,1.75
2018-11-10 17:00:00,13.32,13.38,30.06,63.52,1.1
2018-11-10 18:00:00,0.0,0.0,27.82,69.93,0.97
2018-11-10 19:00:00,0.0,0.0,27.04,71.86,0.98
2018-11-10 20:00:00,0.0,0.0,26.48,73.01,0.97
2018-11-10 21:00:00,0.0,0.0,26.01,73.7,0.94
2018-11-10 22:00:00,0.0,0.0,25.56,74.51,0.9
2018-11-10 23:00:00,0.0,0.0,25.05,75.8,0.85
2018-11-11 00:00:00,0.0,0.0,24.54,77.44,0.8
2018-11-11 01:00:00,0.0,0.0,23.98,79.93,0.73
2018-11-11 02:00:00,0.0,0.0,23.31,83.29,0.69
2018-11-11 03:00:00,0.0,0.0,22.56,87.26,0.7
2018-11-11 04:00:00,0.0,0.0,21.94,90.34,0.71
2018-11-11 05:00:00,0.0,0.0,21.5,92.18,0.72
2018-11-11 06:00:00,67.5,68.43,21.76,92.05,0.72
2018-11-11 07:00:00,273.3,279.15,23.92,80.59,1.07
2018-11-11 08:00:00,502.05,508.17,27.41,66.96,1.08
2018-11-11 09:00:00,702.22,708.03,30.25,55.42,0.93
2018-11-11 10:00:00,838.7,840.6,32.28,47.31,1.0
2018-11-11 11:00:00,894.15,897.25,33.57,42.94,1.24
2018-11-11 12:00:00,875.53,880.6,34.4,40.04,1.43
2018-11-11 13:00:00,757.17,784.2,34.79,38.42,1.63
2018-11-11 14:00:00,613.78,623.4,34.72,37.95,1.85
2018-11-11 15:00:00,398.35,410.58,34.14,38.89,1.99
2018-11-11 16:00:00,177.52,178.7,32.96,44.41,1.67
2018-11-11 17:00:00,14.18,14.25,30.09,63.19,0.96
2018-11-11 18:00:00,0.0,0.0,28.08,67.24,0.92
2018-11-11 19:00:00,0.0,0.0,27.35,68.8,0.91
2018-11-11 20:00:00,0.0,0.0,26.71,70.05,0.88
2018-11-11 21:00:00,0.0,0.0,26.2,70.88,0.85
2018-11-11 22:00:00,0.0,0.0,25.75,71.6,0.82
2018-11-11 23:00:00,0.0,0.0,25.29,72.64,0.76
2018-11-12 00:00:00,0.0,0.0,24.8,73.86,0.71
2018-11-12 01:00:00,0.0,0.0,24.27,75.63,0.69
2018-11-12 02:00:00,0.0,0.0,23.78,77.34,0.67
2018-11-12 03:00:00,0.0,0.0,23.37,78.73,0.63
2018-11-12 04:00:00,0.0,0.0,22.99,79.97,0.59
2018-11-12 05:00:00,0.0,0.0,22.66,81.47,0.59
2018-11-12 06:00:00,61.25,63.5,22.75,83.92,0.59
2018-11-12 07:00:00,263.92,274.62,24.27,75.37,1.04
2018-11-12 08:00:00,491.05,502.65,27.31,63.84,0.9
2018-11-12 09:00:00,693.83,700.42,30.75,51.16,0.82
2018-11-12 10:00:00,817.35,834.58,32.94,42.99,0.69
2018-11-12 11:00:00,889.15,893.4,34.3,37.73,1.02
2018-11-12 12:00:00,867.97,880.08,35.09,34.37,1.49
2018-11-12 13:00:00,782.9,785.58,35.36,32.63,1.89
2018-11-12 14:00:00,614.2,624.62,35.16,31.78,2.1
2018-11-12 15:00:00,405.65,414.27,34.43,32.33,2.2
2018-11-12 16:00:00,182.52,183.55,33.0,37.64,1.81
2018-11-12 17:00:00,14.5,14.55,29.56,56.24,1.15
2018-11-12 18:00:00,0.0,0.0,27.0,60.8,1.14
2018-11-12 19:00:00,0.0,0.0,26.08,61.65,1.16
2018-11-12 20:00:00,0.0,0.0,25.38,62.13,1.13
2018-11-12 21:00:00,0.0,0.0,24.91,61.71,1.1
2018-11-12 22:00:00,0.0,0.0,24.71,59.91,1.09
2018-11-12 23:00:00,0.0,0.0,24.62,57.65,1.06
2018-11-13 00:00:00,0.0,0.0,24.21,57.37,1.01
2018-11-13 01:00:00,0.0,0.0,23.31,60.13,0.97
2018-11-13 02:00:00,0.0,0.0,22.19,64.56,0.96
2018-11-13 03:00:00,0.0,0.0,21.12,69.29,0.97
2018-11-13 04:00:00,0.0,0.0,20.2,73.36,0.96
2018-11-13 05:00:00,0.0,0.0,19.55,76.57,0.9
2018-11-13 06:00:00,67.18,67.22,19.76,79.34,0.76
2018-11-13 07:00:00,278.23,278.33,21.9,66.37,1.23
2018-11-13 08:00:00,504.55,504.67,24.37,59.16,0.76
2018-11-13 09:00:00,702.38,702.53,27.99,46.94,0.55
2018-11-13 10:00:00,837.53,837.53,31.69,34.84,0.75
2018-11-13 11:00:00,897.12,897.22,34.02,28.49,1.38
2018-11-13 12:00:00,911.55,911.72,34.93,26.44,1.77
2018-11-13 13:00:00,817.6,817.67,35.29,25.65,1.99
2018-11-13 14:00:00,654.9,654.97,35.15,25.61,1.93
2018-11-13 15:00:00,439.92,439.98,34.52,26.89,1.63
2018-11-13 16:00:00,199.8,199.82,33.57,30.51,1.05
2018-11-13 17:00:00,16.05,16.05,31.03,43.35,0.79
2018-11-13 18:00:00,0.0,0.0,29.35,44.07,0.71
2018-11-13 19:00:00,0.0,0.0,28.56,44.8,0.74
2018-11-13 20:00:00,0.0,0.0,27.76,46.03,0.81
2018-11-13 21:00:00,0.0,0.0,26.98,47.44,0.84
2018-11-13 22:00:00,0.0,0.0,26.15,49.48,0.82
2018-11-13 23:00:00,0.0,0.0,25.38,51.96,0.76
2018-11-14 00:00:00,0.0,0.0,24.82,53.41,0.66
2018-11-14 01:00:00,0.0,0.0,24.21,55.0,0.58
2018-11-14 02:00:00,0.0,0.0,23.44,57.91,0.45
2018-11-14 03:00:00,0.0,0.0,22.59,61.36,0.31
2018-11-14 04:00:00,0.0,0.0,21.66,65.87,0.33
2018-11-14 05:00:00,0.0,0.0,20.75,70.47,0.49
2018-11-14 06:00:00,58.04,60.59,20.33,76.72,0.6
2018-11-14 07:00:00,247.29,263.43,22.43,64.61,1.39
2018-11-14 08:00:00,461.26,489.12,24.95,56.39,1.26
2018-11-14 09:00:00,645.93,687.06,28.15,46.99,1.1
2018-11-14 10:00:00,846.33,846.33,31.88,35.82,1.08
2018-11-14 11:00:00,906.42,906.42,33.71,31.82,1.43
2018-11-14 12:00:00,895.1,896.65,34.72,29.71,1.85
2018-11-14 13:00:00,799.38,802.15,35.08,28.9,2.07
2018-11-14 14:00:00,629.5,636.95,34.91,29.15,2.07
2018-11-14 15:00:00,406.15,418.45,34.18,30.74,1.9
2018-11-14 16:00:00,181.5,184.93,32.85,35.95,1.33
2018-11-14 17:00:00,14.43,14.52,29.94,53.77,0.91
2018-11-14 18:00:00,0.0,0.0,28.0,58.04,0.93
2018-11-14 19:00:00,0.0,0.0,26.98,60.38,0.95
2018-11-14 20:00:00,0.0,0.0,26.2,62.19,0.98
2018-11-14 21:00:00,0.0,0.0,25.72,63.67,0.98
2018-11-14 22:00:00,0.0,0.0,25.39,64.73,0.95
2018-11-14 23:00:00,0.0,0.0,25.14,65.4,0.9
2018-11-15 00:00:00,0.0,0.0,24.75,66.62,0.85
2018-11-15 01:00:00,0.0,0.0,24.17,69.15,0.84
2018-11-15 02:00:00,0.0,0.0,23.49,72.83,0.85
2018-11-15 03:00:00,0.0,0.0,22.93,76.28,0.82
2018-11-15 04:00:00,0.0,0.0,22.61,78.31,0.77
2018-11-15 05:00:00,0.0,0.0,22.53,78.55,0.72
2018-11-15 06:00:00,59.3,64.38,22.86,79.57,0.55
2018-11-15 07:00:00,263.48,276.38,24.5,70.79,0.43
2018-11-15 08:00:00,490.1,499.45,27.82,56.61,0.34
2018-11-15 09:00:00,684.35,685.5,31.66,42.87,0.85
2018-11-15 10:00:00,824.6,825.53,33.43,38.44,1.32
2018-11-15 11:00:00,881.42,886.28,34.62,35.46,1.68
2018-11-15 12:00:00,889.7,892.42,35.33,33.38,1.93
2018-11-15 13:00:00,783.03,795.08,35.53,32.44,2.09
2018-11-15 14:00:00,613.8,627.17,35.2,32.75,2.23
2018-11-15 15:00:00,403.17,412.8,34.19,34.89,2.29
2018-11-15 16:00:00,179.73,181.43,32.37,43.67,1.73
2018-11-15 17:00:00,14.5,14.62,29.27,60.45,1.23
2018-11-15 18:00:00,0.0,0.0,27.36,65.76,1.27
2018-11-15 19:00:00,0.0,0.0,26.59,69.67,1.35
2018-11-15 20:00:00,0.0,0.0,25.97,74.09,1.3
2018-11-15 21:00:00,0.0,0.0,25.44,78.22,1.14
2018-11-15 22:00:00,0.0,0.0,25.03,81.28,0.97
2018-11-15 23:00:00,0.0,0.0,24.68,83.33,0.85
2018-11-16 00:00:00,0.0,0.0,24.31,85.17,0.8
2018-11-16 01:00:00,0.0,0.0,23.9,87.21,0.74
2018-11-16 02:00:00,0.0,0.0,23.4,89.59,0.68
2018-11-16 03:00:00,0.0,0.0,22.87,92.17,0.65
2018-11-16 04:00:00,0.0,0.0,22.37,94.59,0.64
2018-11-16 05:00:00,0.0,0.0,21.92,96.85,0.64
2018-11-16 06:00:00,60.25,60.8,22.22,95.63,0.82
2018-11-16 07:00:00,265.92,270.42,24.45,83.7,1.48
2018-11-16 08:00:00,491.65,498.3,27.63,69.81,1.54
2018-11-16 09:00:00,684.33,691.42,30.53,55.6,1.22
2018-11-16 10:00:00,808.4,823.38,32.7,45.59,1.04
2018-11-16 11:00:00,872.38,883.35,34.21,39.51,1.29
2018-11-16 12:00:00,863.42,874.58,35.14,36.13,1.58
2018-11-16 13:00:00,737.12,781.45,35.53,34.51,1.77
2018-11-16 14:00:00,607.08,621.38,35.42,33.99,1.83
2018-11-16 15:00:00,388.15,409.73,34.81,34.7,1.76
2018-11-16 16:00:00,172.48,177.9,33.49,39.75,1.33
2018-11-16 17:00:00,13.98,13.95,31.01,55.73,0.84
2018-11-16 18:00:00,0.0,0.0,29.07,61.13,0.82
2018-11-16 19:00:00,0.0,0.0,28.15,62.8,0.83
2018-11-16 20:00:00,0.0,0.0,27.31,63.97,0.85
2018-11-16 21:00:00,0.0,0.0,26.63,65.26,0.86
2018-11-16 22:00:00,0.0,0.0,26.05,66.82,0.83
2018-11-16 23:00:00,0.0,0.0,25.42,69.25,0.82
2018-11-17 00:00:00,0.0,0.0,24.86,71.72,0.79
2018-11-17 01:00:00,0.0,0.0,24.53,73.12,0.75
2018-11-17 02:00:00,0.0,0.0,24.42,73.49,0.67
2018-11-17 03:00:00,0.0,0.0,24.32,73.99,0.53
2018-11-17 04:00:00,0.0,0.0,24.08,75.35,0.4
2018-11-17 05:00:00,0.0,0.0,23.87,76.61,0.33
2018-11-17 06:00:00,59.4,59.65,23.82,80.5,0.25
2018-11-17 07:00:00,256.45,257.73,24.95,72.9,0.37
2018-11-17 08:00:00,480.6,482.55,27.17,64.7,0.8
2018-11-17 09:00:00,675.47,677.4,29.49,57.31,1.12
2018-11-17 10:00:00,767.83,810.42,30.85,52.95,0.88
2018-11-17 11:00:00,821.67,867.88,31.76,49.63,0.42
2018-11-17 12:00:00,761.97,827.95,32.31,47.84,0.48
2018-11-17 13:00:00,671.25,734.2,32.51,47.33,0.93
2018-11-17 14:00:00,509.33,568.55,32.34,48.04,1.33
2018-11-17 15:00:00,317.55,359.25,31.76,50.33,1.58
2018-11-17 16:00:00,137.98,148.12,30.84,55.79,1.55
2018-11-17 17:00:00,11.48,11.7,28.72,70.19,1.04
2018-11-17 18:00:00,0.0,0.0,27.08,76.19,1.1
2018-11-17 19:00:00,0.0,0.0,26.49,78.98,1.29
2018-11-17 20:00:00,0.0,0.0,26.01,82.03,1.26
2018-11-17 21:00:00,0.0,0.0,25.59,84.72,1.17
2018-11-17 22:00:00,0.0,0.0,25.21,86.97,1.09
2018-11-17 23:00:00,0.0,0.0,24.89,88.51,1.1
2018-11-18 00:00:00,0.0,0.0,24.61,89.7,1.16
2018-11-18 01:00:00,0.0,0.0,24.35,90.85,1.18
2018-11-18 02:00:00,0.0,0.0,24.12,91.82,1.17
2018-11-18 03:00:00,0.0,0.0,23.97,92.37,1.16
2018-11-18 04:00:00,0.0,0.0,23.77,93.2,1.12
2018-11-18 05:00:00,0.0,0.0,23.52,94.56,1.02
2018-11-18 06:00:00,45.62,48.47,23.71,94.13,1.22
2018-11-18 07:00:00,204.18,235.0,25.2,87.91,1.6
2018-11-18 08:00:00,381.55,450.98,28.34,70.24,1.68
2018-11-18 09:00:00,538.78,638.1,30.51,59.44,1.24
2018-11-18 10:00:00,677.38,774.22,31.77,54.06,0.64
2018-11-18 11:00:00,696.03,831.72,32.62,50.99,0.52
2018-11-18 12:00:00,672.3,831.6,33.17,48.98,0.92
2018-11-18 13:00:00,595.62,738.88,33.22,48.37,1.24
2018-11-18 14:00:00,441.05,579.2,32.58,49.83,1.36
2018-11-18 15:00:00,291.75,369.42,31.84,52.28,1.31
2018-11-18 16:00:00,127.93,153.25,31.21,56.61,1.02
2018-11-18 17:00:00,11.93,11.93,30.16,65.13,0.64
2018-11-18 18:00:00,0.0,0.0,29.55,65.65,0.46
2018-11-18 19:00:00,0.0,0.0,29.32,64.62,0.32
2018-11-18 20:00:00,0.0,0.0,28.85,67.98,0.3
2018-11-18 21:00:00,0.0,0.0,28.2,71.06,0.53
2018-11-18 22:00:00,0.0,0.0,27.38,73.37,0.7
2018-11-18 23:00:00,0.0,0.0,26.62,76.81,0.76
2018-11-19 00:00:00,0.0,0.0,25.98,79.29,0.78
2018-11-19 01:00:00,0.0,0.0,25.42,81.24,0.8
2018-11-19 02:00:00,0.0,0.0,24.99,82.68,0.83
2018-11-19 03:00:00,0.0,0.0,24.67,83.65,0.81
2018-11-19 04:00:00,0.0,0.0,24.53,84.11,0.75
2018-11-19 05:00:00,0.0,0.0,24.39,84.13,0.7
2018-11-19 06:00:00,45.9,47.58,24.44,85.46,0.71
2018-11-19 07:00:00,203.68,228.18,25.65,78.44,1.43
2018-11-19 08:00:00,406.33,446.62,28.25,67.04,1.4
2018-11-19 09:00:00,577.12,640.7,31.09,55.55,1.35
2018-11-19 10:00:00,695.65,774.78,32.63,50.03,1.33
2018-11-19 11:00:00,763.53,836.5,33.64,46.61,1.67
2018-11-19 12:00:00,772.05,846.28,34.18,44.56,1.98
2018-11-19 13:00:00,710.03,756.28,34.22,43.88,2.12
2018-11-19 14:00:00,572.97,593.25,33.82,44.42,2.14
2018-11-19 15:00:00,351.9,382.33,33.13,46.1,2.1
2018-11-19 16:00:00,147.7,160.48,32.01,52.01,1.61
2018-11-19 17:00:00,12.23,12.7,30.11,67.89,0.83
2018-11-19 18:00:00,0.0,0.0,28.99,72.53,0.66
2018-11-19 19:00:00,0.0,0.0,28.75,72.99,0.57
2018-11-19 20:00:00,0.0,0.0,28.79,71.29,0.4
2018-11-19 21:00:00,0.0,0.0,27.94,77.93,0.5
2018-11-19 22:00:00,0.0,0.0,27.24,81.08,0.53
2018-11-19 23:00:00,0.0,0.0,26.5,81.57,0.95
2018-11-20 00:00:00,0.0,0.0,25.76,83.08,1.8
2018-11-20 01:00:00,0.0,0.0,25.15,87.55,2.0
2018-11-20 02:00:00,0.0,0.0,24.85,90.3,1.56
2018-11-20 03:00:00,0.0,0.0,24.71,91.34,1.57
2018-11-20 04:00:00,0.0,0.0,24.6,91.96,2.01
2018-11-20 05:00:00,0.0,0.0,24.42,92.68,2.28
2018-11-20 06:00:00,30.0,47.0,24.41,92.14,2.47
2018-11-20 07:00:00,143.43,228.6,25.04,88.52,2.92
2018-11-20 08:00:00,278.08,442.27,26.48,79.61,3.58
2018-11-20 09:00:00,403.55,627.42,27.89,70.81,3.92
2018-11-20 10:00:00,525.6,760.45,28.84,65.25,3.83
2018-11-20 11:00:00,607.62,825.47,29.52,61.25,3.45
2018-11-20 12:00:00,606.85,809.53,29.92,58.7,2.97
2018-11-20 13:00:00,660.7,719.22,29.93,57.81,2.4
2018-11-20 14:00:00,501.52,565.7,29.71,58.07,1.82
2018-11-20 15:00:00,317.83,364.02,29.29,59.87,1.26
2018-11-20 16:00:00,137.05,151.2,28.59,65.3,0.76
2018-11-20 17:00:00,10.77,12.12,27.47,72.2,0.6
2018-11-20 18:00:00,0.0,0.0,26.24,78.9,0.63
2018-11-20 19:00:00,0.0,0.0,25.42,80.36,0.82
2018-11-20 20:00:00,0.0,0.0,24.8,81.28,1.05
2018-11-20 21:00:00,0.0,0.0,24.42,80.42,1.3
2018-11-20 22:00:00,0.0,0.0,24.03,80.62,1.36
2018-11-20 23:00:00,0.0,0.0,23.45,82.32,1.14
2018-11-21 00:00:00,0.0,0.0,22.94,83.96,0.92
2018-11-21 01:00:00,0.0,0.0,22.6,84.69,0.79
2018-11-21 02:00:00,0.0,0.0,22.33,84.65,0.73
2018-11-21 03:00:00,0.0,0.0,22.12,83.93,0.7
2018-11-21 04:00:00,0.0,0.0,22.01,82.77,0.72
2018-11-21 05:00:00,0.0,0.0,21.82,81.52,0.81
2018-11-21 06:00:00,51.25,53.5,21.88,79.69,0.98
2018-11-21 07:00:00,237.7,256.5,23.35,68.47,2.03
2018-11-21 08:00:00,454.02,482.77,24.67,64.19,1.93
2018-11-21 09:00:00,628.15,674.12,27.75,52.85,1.79
2018-11-21 10:00:00,706.35,810.5,31.6,36.99,2.17
2018-11-21 11:00:00,774.65,874.35,33.61,33.58,1.73
2018-11-21 12:00:00,721.28,800.8,34.77,32.02,1.55
2018-11-21 13:00:00,649.38,716.55,35.31,31.17,1.71
2018-11-21 14:00:00,555.38,569.1,35.27,31.16,1.92
2018-11-21 15:00:00,361.6,370.55,34.74,32.28,1.96
2018-11-21 16:00:00,157.23,158.25,33.47,38.18,1.43
2018-11-21 17:00:00,13.27,12.82,30.75,54.63,0.88
2018-11-21 18:00:00,0.0,0.0,29.43,54.05,0.85
2018-11-21 19:00:00,0.0,0.0,28.93,54.23,0.72
2018-11-21 20:00:00,0.0,0.0,28.42,54.48,0.6
2018-11-21 21:00:00,0.0,0.0,27.95,54.84,0.48
2018-11-21 22:00:00,0.0,0.0,27.4,55.98,0.34
2018-11-21 23:00:00,0.0,0.0,26.65,58.75,0.17
2018-11-22 00:00:00,0.0,0.0,26.03,61.1,0.04
2018-11-22 01:00:00,0.0,0.0,25.26,64.78,0.18
2018-11-22 02:00:00,0.0,0.0,24.43,68.08,0.37
2018-11-22 03:00:00,0.0,0.0,23.59,71.26,0.51
2018-11-22 04:00:00,0.0,0.0,22.8,74.31,0.62
2018-11-22 05:00:00,0.0,0.0,22.14,76.68,0.67
2018-11-22 06:00:00,54.35,54.92,21.93,80.11,0.67
2018-11-22 07:00:00,251.88,258.83,23.66,68.89,1.39
2018-11-22 08:00:00,466.23,481.4,26.15,60.89,1.03
2018-11-22 09:00:00,661.83,671.65,30.28,46.17,0.63
2018-11-22 10:00:00,761.9,806.05,32.84,38.33,0.84
2018-11-22 11:00:00,812.4,866.8,34.2,34.7,1.08
2018-11-22 12:00:00,818.17,870.42,35.09,32.14,1.33
2018-11-22 13:00:00,708.47,777.42,35.48,30.42,1.75
2018-11-22 14:00:00,577.0,615.85,34.91,30.39,2.14
2018-11-22 15:00:00,372.25,403.48,34.05,32.14,2.28
2018-11-22 16:00:00,161.75,173.52,32.71,38.83,1.85
2018-11-22 17:00:00,13.62,13.95,29.21,58.08,1.11
2018-11-22 18:00:00,0.0,0.0,26.79,62.21,1.14
2018-11-22 19:00:00,0.0,0.0,25.84,64.59,1.15
2018-11-22 20:00:00,0.0,0.0,25.04,67.15,1.11
2018-11-22 21:00:00,0.0,0.0,24.34,69.22,1.08
2018-11-22 22:00:00,0.0,0.0,23.7,70.64,1.06
2018-11-22 23:00:00,0.0,0.0,23.1,71.61,1.05
2018-11-23 00:00:00,0.0,0.0,22.45,72.72,1.04
2018-11-23 01:00:00,0.0,0.0,21.7,74.38,1.04
2018-11-23 02:00:00,0.0,0.0,20.89,76.09,1.08
2018-11-23 03:00:00,0.0,0.0,20.15,77.42,1.13
2018-11-23 04:00:00,0.0,0.0,19.47,78.82,1.17
2018-11-23 05:00:00,0.0,0.0,18.83,80.48,1.14
2018-11-23 06:00:00,54.67,54.95,18.86,80.66,1.18
2018-11-23 07:00:00,256.85,258.1,21.16,68.56,2.22
2018-11-23 08:00:00,483.3,484.83,23.96,60.73,1.4
2018-11-23 09:00:00,674.25,675.53,28.6,41.92,1.41
2018-11-23 10:00:00,809.85,810.65,32.49,29.41,1.68
2018-11-23 11:00:00,866.08,872.8,34.17,26.36,1.79
2018-11-23 12:00:00,873.7,875.12,35.22,25.01,1.93
2018-11-23 13:00:00,784.78,785.55,35.72,24.85,2.02
2018-11-23 14:00:00,624.92,626.8,35.66,25.28,1.97
2018-11-23 15:00:00,416.38,417.9,35.04,26.65,1.86
2018-11-23 16:00:00,187.43,188.18,33.81,31.64,1.28
2018-11-23 17:00:00,15.12,15.15,31.19,45.08,0.88
2018-11-23 18:00:00,0.0,0.0,30.01,44.57,0.7
2018-11-23 19:00:00,0.0,0.0,29.78,42.7,0.55
2018-11-23 20:00:00,0.0,0.0,29.27,43.19,0.41
2018-11-23 21:00:00,0.0,0.0,28.56,45.27,0.27
2018-11-23 22:00:00,0.0,0.0,27.66,48.44,0.32
2018-11-23 23:00:00,0.0,0.0,26.86,51.33,0.37
2018-11-24 00:00:00,0.0,0.0,26.01,54.47,0.35
2018-11-24 01:00:00,0.0,0.0,25.3,56.3,0.32
2018-11-24 02:00:00,0.0,0.0,24.84,57.55,0.36
2018-11-24 03:00:00,0.0,0.0,24.31,59.14,0.38
2018-11-24 04:00:00,0.0,0.0,23.69,61.68,0.39
2018-11-24 05:00:00,0.0,0.0,23.1,64.11,0.4
2018-11-24 06:00:00,53.95,53.95,22.75,70.01,0.34
2018-11-24 07:00:00,260.98,260.98,24.45,62.27,0.71
2018-11-24 08:00:00,488.45,488.45,27.43,52.46,0.63
2018-11-24 09:00:00,685.92,685.92,31.77,39.39,0.52
2018-11-24 10:00:00,820.42,820.42,33.95,35.25,1.04
2018-11-24 11:00:00,879.9,880.25,35.21,33.06,1.53
2018-11-24 12:00:00,870.28,871.03,35.97,31.64,1.97
2018-11-24 13:00:00,771.22,780.53,36.3,30.83,2.35
2018-11-24 14:00:00,613.65,622.62,36.17,30.97,2.61
2018-11-24 15:00:00,401.85,413.1,35.49,32.38,2.71
2018-11-24 16:00:00,178.52,182.77,34.01,38.39,2.14
2018-11-24 17:00:00,14.62,14.73,30.51,58.51,1.04
2018-11-24 18:00:00,0.0,0.0,28.58,62.25,1.0
2018-11-24 19:00:00,0.0,0.0,27.87,64.11,0.95
2018-11-24 20:00:00,0.0,0.0,27.0,66.36,0.91
2018-11-24 21:00:00,0.0,0.0,26.06,68.46,0.9
2018-11-24 22:00:00,0.0,0.0,25.17,69.82,0.9
2018-11-24 23:00:00,0.0,0.0,24.41,70.58,0.86
2018-11-25 00:00:00,0.0,0.0,23.76,70.79,0.82
2018-11-25 01:00:00,0.0,0.0,23.13,70.83,0.8
2018-11-25 02:00:00,0.0,0.0,22.33,71.87,0.84
2018-11-25 03:00:00,0.0,0.0,21.26,74.46,0.9
2018-11-25 04:00:00,0.0,0.0,20.19,76.81,0.96
2018-11-25 05:00:00,0.0,0.0,19.34,78.06,1.0
2018-11-25 06:00:00,48.78,50.42,19.21,78.54,0.99
2018-11-25 07:00:00,240.0,259.85,21.54,64.81,1.9
2018-11-25 08:00:00,450.58,486.75,24.0,57.87,1.43
2018-11-25 09:00:00,660.92,679.97,28.15,43.66,1.58
2018-11-25 10:00:00,812.15,815.47,32.19,29.4,2.01
2018-11-25 11:00:00,874.78,875.85,34.24,24.22,2.44
2018-11-25 12:00:00,862.9,865.08,35.26,22.4,2.74
2018-11-25 13:00:00,781.8,782.9,35.65,21.68,3.0
2018-11-25 14:00:00,624.2,625.05,35.48,21.93,3.06
2018-11-25 15:00:00,412.23,413.48,34.65,23.76,2.87
2018-11-25 16:00:00,183.95,184.75,32.73,32.36,1.97
2018-11-25 17:00:00,14.5,14.48,28.42,51.79,1.23
2018-11-25 18:00:00,0.0,0.0,26.12,54.99,1.25
2018-11-25 19:00:00,0.0,0.0,25.34,56.99,1.2
2018-11-25 20:00:00,0.0,0.0,24.85,57.81,1.16
2018-11-25 21:00:00,0.0,0.0,24.58,57.44,1.15
2018-11-25 22:00:00,0.0,0.0,24.07,58.1,1.14
2018-11-25 23:00:00,0.0,0.0,23.04,61.29,1.13
2018-11-26 00:00:00,0.0,0.0,21.98,64.75,1.13
2018-11-26 01:00:00,0.0,0.0,21.12,67.67,1.13
2018-11-26 02:00:00,0.0,0.0,20.41,70.35,1.15
2018-11-26 03:00:00,0.0,0.0,19.74,73.19,1.1
2018-11-26 04:00:00,0.0,0.0,19.14,75.71,1.03
2018-11-26 05:00:00,0.0,0.0,18.61,77.84,1.0
2018-11-26 06:00:00,45.0,45.28,18.63,78.81,1.0
2018-11-26 07:00:00,230.55,236.55,20.75,67.84,1.99
2018-11-26 08:00:00,451.75,461.5,23.13,60.98,1.51
2018-11-26 09:00:00,627.97,653.92,27.32,45.87,1.73
2018-11-26 10:00:00,779.55,791.85,31.37,32.93,2.39
2018-11-26 11:00:00,818.85,858.78,34.02,25.77,2.91
2018-11-26 12:00:00,736.15,836.2,35.12,23.79,2.95
2018-11-26 13:00:00,623.0,743.47,35.58,22.93,2.83
2018-11-26 14:00:00,483.7,584.12,35.48,23.01,2.61
2018-11-26 15:00:00,294.17,372.25,34.8,24.26,2.31
2018-11-26 16:00:00,130.07,155.75,33.35,29.64,1.54
2018-11-26 17:00:00,12.35,12.57,29.68,49.21,0.97
2018-11-26 18:00:00,0.0,0.0,27.89,49.8,1.08
2018-11-26 19:00:00,0.0,0.0,26.96,52.01,1.05
2018-11-26 20:00:00,0.0,0.0,26.11,54.31,0.98
2018-11-26 21:00:00,0.0,0.0,25.33,56.47,0.94
2018-11-26 22:00:00,0.0,0.0,24.57,58.89,0.89
2018-11-26 23:00:00,0.0,0.0,23.89,61.27,0.85
2018-11-27 00:00:00,0.0,0.0,23.24,63.37,0.8
2018-11-27 01:00:00,0.0,0.0,22.61,65.64,0.78
2018-11-27 02:00:00,0.0,0.0,21.95,68.3,0.78
2018-11-27 03:00:00,0.0,0.0,21.24,71.38,0.8
2018-11-27 04:00:00,0.0,0.0,20.54,74.52,0.81
2018-11-27 05:00:00,0.0,0.0,19.95,77.32,0.79
2018-11-27 06:00:00,38.78,38.88,19.89,80.28,0.72
2018-11-27 07:00:00,202.62,206.57,22.13,70.52,1.45
2018-11-27 08:00:00,416.45,424.0,24.8,61.27,1.14
2018-11-27 09:00:00,596.58,609.85,29.0,45.28,1.02
2018-11-27 10:00:00,714.75,743.97,32.51,34.43,1.26
2018-11-27 11:00:00,772.62,799.65,34.15,30.42,1.44
2018-11-27 12:00:00,757.88,800.2,34.96,28.13,1.68
2018-11-27 13:00:00,662.03,704.83,35.33,26.71,1.97
2018-11-27 14:00:00,514.03,547.3,35.19,26.4,2.15
2018-11-27 15:00:00,335.42,354.83,34.54,27.28,2.25
2018-11-27 16:00:00,148.07,151.25,32.98,33.33,1.69
2018-11-27 17:00:00,12.6,12.68,29.3,52.64,1.03
2018-11-27 18:00:00,0.0,0.0,27.15,55.74,1.1
2018-11-27 19:00:00,0.0,0.0,26.14,57.08,1.15
2018-11-27 20:00:00,0.0,0.0,25.28,58.45,1.18
2018-11-27 21:00:00,0.0,0.0,24.37,60.55,1.17
2018-11-27 22:00:00,0.0,0.0,23.33,63.3,1.13
2018-11-27 23:00:00,0.0,0.0,22.54,65.82,1.08
2018-11-28 00:00:00,0.0,0.0,21.84,68.18,1.08
2018-11-28 01:00:00,0.0,0.0,21.19,70.67,1.11
2018-11-28 02:00:00,0.0,0.0,20.62,73.37,1.17
2018-11-28 03:00:00,0.0,0.0,20.17,76.16,1.22
2018-11-28 04:00:00,0.0,0.0,19.85,78.92,1.24
2018-11-28 05:00:00,0.0,0.0,19.65,81.65,1.15
2018-11-28 06:00:00,42.12,42.28,19.95,83.1,1.04
2018-11-28 07:00:00,218.82,219.8,22.07,74.24,1.77
2018-11-28 08:00:00,441.35,442.55,24.66,66.47,1.23
2018-11-28 09:00:00,612.25,645.97,29.39,49.43,2.18
2018-11-28 10:00:00,767.5,782.4,32.63,39.99,3.11
2018-11-28 11:00:00,808.05,843.35,34.1,36.8,2.93
2018-11-28 12:00:00,809.45,811.35,35.19,34.5,2.52
2018-11-28 13:00:00,644.55,720.17,35.73,33.21,2.29
2018-11-28 14:00:00,446.65,565.42,35.62,33.09,2.31
2018-11-28 15:00:00,290.35,359.73,34.91,34.4,2.31
2018-11-28 16:00:00,133.2,150.38,33.58,40.21,1.74
2018-11-28 17:00:00,12.93,12.73,30.64,57.32,1.0
2018-11-28 18:00:00,0.0,0.0,28.65,61.69,1.0
2018-11-28 19:00:00,0.0,0.0,27.71,63.6,1.08
2018-11-28 20:00:00,0.0,0.0,26.89,65.66,1.17
2018-11-28 21:00:00,0.0,0.0,26.15,68.15,1.23
2018-11-28 22:00:00,0.0,0.0,25.35,71.42,1.25
2018-11-28 23:00:00,0.0,0.0,24.62,74.78,1.2
2018-11-29 00:00:00,0.0,0.0,23.95,77.98,1.13
2018-11-29 01:00:00,0.0,0.0,23.29,81.0,1.06
2018-11-29 02:00:00,0.0,0.0,22.68,83.92,1.07
2018-11-29 03:00:00,0.0,0.0,22.07,86.96,1.18
2018-11-29 04:00:00,0.0,0.0,21.46,89.98,1.33
2018-11-29 05:00:00,0.0,0.0,20.81,93.43,1.4
2018-11-29 06:00:00,43.5,43.72,20.62,94.34,1.77
2018-11-29 07:00:00,235.93,237.55,22.2,85.37,2.22
2018-11-29 08:00:00,457.92,459.17,25.43,65.18,2.09
2018-11-29 09:00:00,654.72,655.8,29.09,46.71,2.57
2018-11-29 10:00:00,787.42,796.8,32.79,32.2,3.31
2018-11-29 11:00:00,847.83,863.1,34.74,27.49,3.52
2018-11-29 12:00:00,848.55,874.35,35.79,25.55,3.58
2018-11-29 13:00:00,723.95,784.67,36.26,24.53,3.59
2018-11-29 14:00:00,569.6,626.0,36.16,24.41,3.58
2018-11-29 15:00:00,357.1,415.33,35.42,25.36,3.49
2018-11-29 16:00:00,161.65,183.95,33.73,30.62,2.72
2018-11-29 17:00:00,15.65,15.4,29.49,48.79,1.47
2018-11-29 18:00:00,0.0,0.0,26.98,54.26,1.5
2018-11-29 19:00:00,0.0,0.0,25.89,56.93,1.51
2018-11-29 20:00:00,0.0,0.0,24.92,59.65,1.44
2018-11-29 21:00:00,0.0,0.0,24.09,61.92,1.38
2018-11-29 22:00:00,0.0,0.0,23.33,63.78,1.35
2018-11-29 23:00:00,0.0,0.0,22.59,65.75,1.37
2018-11-30 00:00:00,0.0,0.0,21.85,68.15,1.38
2018-11-30 01:00:00,0.0,0.0,21.09,71.22,1.34
2018-11-30 02:00:00,0.0,0.0,20.35,74.64,1.29
2018-11-30 03:00:00,0.0,0.0,19.64,78.25,1.21
2018-11-30 04:00:00,0.0,0.0,18.98,81.68,1.18
2018-11-30 05:00:00,0.0,0.0,18.38,84.92,1.21
2018-11-30 06:00:00,41.88,41.9,18.38,84.84,1.62
2018-11-30 07:00:00,222.88,223.05,20.29,74.73,2.54
2018-11-30 08:00:00,439.5,439.67,23.64,59.77,2.26
2018-11-30 09:00:00,614.7,641.35,27.63,43.86,2.6
2018-11-30 10:00:00,724.05,785.4,31.67,29.98,2.94
2018-11-30 11:00:00,801.42,851.55,34.02,24.77,2.86
2018-11-30 12:00:00,875.42,883.85,35.21,23.11,2.55
2018-11-30 13:00:00,789.53,790.25,35.76,22.37,2.37
2018-11-30 14:00:00,624.95,627.92,35.75,22.42,2.34
2018-11-30 15:00:00,410.95,414.7,35.11,23.39,2.38
2018-11-30 16:00:00,183.1,184.8,33.45,29.13,1.94
2018-11-30 17:00:00,15.55,15.38,29.22,47.6,1.22
2018-11-30 18:00:00,0.0,0.0,26.58,51.28,1.39
2018-11-30 19:00:00,0.0,0.0,25.37,53.48,1.47
2018-11-30 20:00:00,0.0,0.0,24.27,56.79,1.43
2018-11-30 21:00:00,0.0,0.0,23.36,59.62,1.35
2018-11-30 22:00:00,0.0,0.0,22.61,61.76,1.32
2018-11-30 23:00:00,0.0,0.0,22.01,63.92,1.27
2018-12-01 00:00:00,0.0,0.0,21.38,66.28,1.26
2018-12-01 01:00:00,0.0,0.0,20.73,69.01,1.3
2018-12-01 02:00:00,0.0,0.0,20.16,71.72,1.33
2018-12-01 03:00:00,0.0,0.0,19.61,74.68,1.34
2018-12-01 04:00:00,0.0,0.0,19.12,77.36,1.37
2018-12-01 05:00:00,0.0,0.0,18.67,79.6,1.42
2018-12-01 06:00:00,41.03,41.05,18.77,78.51,1.93
2018-12-01 07:00:00,220.73,220.77,20.45,69.81,2.8
2018-12-01 08:00:00,443.0,443.02,23.07,59.52,2.46
2018-12-01 09:00:00,643.33,643.35,26.24,46.43,2.79
2018-12-01 10:00:00,777.47,777.5,28.96,37.9,3.05
2018-12-01 11:00:00,835.55,841.35,31.7,30.07,3.29
2018-12-01 12:00:00,830.28,839.38,33.24,26.74,3.27
2018-12-01 13:00:00,731.65,746.6,33.99,25.35,3.14
2018-12-01 14:00:00,538.33,584.1,34.14,25.09,2.94
2018-12-01 15:00:00,345.05,373.85,33.66,26.04,2.62
2018-12-01 16:00:00,149.35,156.27,32.29,32.19,1.74
2018-12-01 17:00:00,13.68,13.43,28.9,51.26,0.98
2018-12-01 18:00:00,0.0,0.0,27.01,54.24,1.01
2018-12-01 19:00:00,0.0,0.0,26.22,56.18,1.02
2018-12-01 20:00:00,0.0,0.0,25.67,57.55,1.03
2018-12-01 21:00:00,0.0,0.0,25.04,59.33,1.04
2018-12-01 22:00:00,0.0,0.0,24.45,61.36,0.99
2018-12-01 23:00:00,0.0,0.0,23.9,63.3,0.97
2018-12-02 00:00:00,0.0,0.0,23.36,64.81,0.98
2018-12-02 01:00:00,0.0,0.0,22.82,66.23,1.02
2018-12-02 02:00:00,0.0,0.0,22.3,68.15,1.01
2018-12-02 03:00:00,0.0,0.0,21.85,70.46,0.97
2018-12-02 04:00:00,0.0,0.0,21.45,72.35,1.03
2018-12-02 05:00:00,0.0,0.0,21.03,73.77,1.23
2018-12-02 06:00:00,33.0,33.3,20.91,73.67,1.72
2018-12-02 07:00:00,197.12,200.55,22.25,66.44,2.6
2018-12-02 08:00:00,401.45,406.55,24.92,54.8,2.45
2018-12-02 09:00:00,595.85,596.38,28.45,40.33,2.56
2018-12-02 10:00:00,701.08,741.6,31.43,31.3,2.77
2018-12-02 11:00:00,786.22,807.2,33.18,27.31,2.78
2018-12-02 12:00:00,799.22,839.38,34.26,24.99,2.86
2018-12-02 13:00:00,661.38,751.72,34.82,23.64,3.03
2018-12-02 14:00:00,502.08,594.28,34.8,23.05,3.22
2018-12-02 15:00:00,348.58,391.58,34.08,23.67,3.28
2018-12-02 16:00:00,157.15,169.5,32.33,28.66,2.71
2018-12-02 17:00:00,14.52,15.02,28.09,45.35,1.67
2018-12-02 18:00:00,0.0,0.0,25.54,50.66,1.77
2018-12-02 19:00:00,0.0,0.0,24.32,53.23,1.75
2018-12-02 20:00:00,0.0,0.0,23.29,55.72,1.55
2018-12-02 21:00:00,0.0,0.0,22.48,57.66,1.34
2018-12-02 22:00:00,0.0,0.0,21.85,58.69,1.22
2018-12-02 23:00:00,0.0,0.0,21.26,59.33,1.16
2018-12-03 00:00:00,0.0,0.0,20.63,59.95,1.16
2018-12-03 01:00:00,0.0,0.0,19.95,60.79,1.18
2018-12-03 02:00:00,0.0,0.0,19.25,62.11,1.22
2018-12-03 03:00:00,0.0,0.0,18.6,63.87,1.27
2018-12-03 04:00:00,0.0,0.0,17.98,66.28,1.31
2018-12-03 05:00:00,0.0,0.0,17.41,68.81,1.35
2018-12-03 06:00:00,37.85,37.83,17.39,69.81,1.51
2018-12-03 07:00:00,217.15,222.0,19.65,58.49,2.65
2018-12-03 08:00:00,438.9,443.75,22.49,51.0,2.19
2018-12-03 09:00:00,635.03,635.22,26.8,35.86,2.75
2018-12-03 10:00:00,774.88,774.88,30.7,25.3,3.22
2018-12-03 11:00:00,839.95,840.08,33.59,19.37,3.5
2018-12-03 12:00:00,836.72,836.95,34.84,18.11,3.41
2018-12-03 13:00:00,745.03,745.4,35.37,17.89,3.22
2018-12-03 14:00:00,586.92,587.65,35.33,18.39,2.98
2018-12-03 15:00:00,379.45,380.15,34.66,19.94,2.63
2018-12-03 16:00:00,168.9,169.25,33.02,26.51,1.66
2018-12-03 17:00:00,14.88,14.9,28.89,47.42,0.99
2018-12-03 18:00:00,0.0,0.0,26.73,50.16,1.13
2018-12-03 19:00:00,0.0,0.0,25.74,52.36,1.22
2018-12-03 20:00:00,0.0,0.0,24.87,55.07,1.27
2018-12-03 21:00:00,0.0,0.0,24.04,58.58,1.28
2018-12-03 22:00:00,0.0,0.0,23.33,62.06,1.24
2018-12-03 23:00:00,0.0,0.0,22.73,64.9,1.2
2018-12-04 00:00:00,0.0,0.0,22.21,67.25,1.21
2018-12-04 01:00:00,0.0,0.0,21.72,69.68,1.25
2018-12-04 02:00:00,0.0,0.0,21.24,72.42,1.31
2018-12-04 03:00:00,0.0,0.0,20.79,75.33,1.35
2018-12-04 04:00:00,0.0,0.0,20.27,78.72,1.35
2018-12-04 05:00:00,0.0,0.0,19.76,82.5,1.3
2018-12-04 06:00:00,38.92,38.95,19.84,83.89,1.53
2018-12-04 07:00:00,223.68,223.82,21.75,75.72,2.45
2018-12-04 08:00:00,445.6,445.8,24.52,65.6,1.94
2018-12-04 09:00:00,639.65,639.78,28.84,45.09,2.69
2018-12-04 10:00:00,776.15,776.15,32.23,31.97,3.53
2018-12-04 11:00:00,839.67,839.67,33.77,28.08,3.62
2018-12-04 12:00:00,786.05,793.84,34.74,25.93,3.58
2018-12-04 13:00:00,667.55,667.55,35.09,25.05,3.48
2018-12-04 14:00:00,516.05,516.25,34.87,25.17,3.31
2018-12-04 15:00:00,323.02,323.35,34.24,26.5,3.08
2018-12-04 16:00:00,145.55,145.77,32.4,36.34,1.87
2018-12-04 17:00:00,12.82,12.85,28.93,51.99,1.22
2018-12-04 18:00:00,0.0,0.0,27.16,56.19,1.39
2018-12-04 19:00:00,0.0,0.0,26.4,58.94,1.72
2018-12-04 20:00:00,0.0,0.0,25.75,61.58,2.19
2018-12-04 21:00:00,0.0,0.0,24.93,65.33,2.41
2018-12-04 22:00:00,0.0,0.0,24.08,68.91,2.37
2018-12-04 23:00:00,0.0,0.0,23.3,71.45,2.18
2018-12-05 00:00:00,0.0,0.0,22.57,73.01,1.89
2018-12-05 01:00:00,0.0,0.0,21.95,73.59,1.72
2018-12-05 02:00:00,0.0,0.0,21.41,73.94,1.62
2018-12-05 03:00:00,0.0,0.0,20.93,74.36,1.68
2018-12-05 04:00:00,0.0,0.0,20.49,75.24,1.87
2018-12-05 05:00:00,0.0,0.0,20.06,76.9,2.11
2018-12-05 06:00:00,27.65,27.77,19.76,78.47,2.49
2018-12-05 07:00:00,168.88,170.05,20.81,74.43,2.73
2018-12-05 08:00:00,348.58,355.38,23.69,63.53,2.52
2018-12-05 09:00:00,533.62,543.78,27.93,47.32,3.19
2018-12-05 10:00:00,672.8,684.67,31.64,36.7,3.52
2018-12-05 11:00:00,745.55,758.05,33.54,31.43,3.59
2018-12-05 12:00:00,782.92,797.7,34.7,27.96,3.73
2018-12-05 13:00:00,677.5,712.42,35.24,25.68,3.83
2018-12-05 14:00:00,519.62,559.03,35.25,24.54,3.85
2018-12-05 15:00:00,328.92,357.27,34.57,24.99,3.76
2018-12-05 16:00:00,146.45,149.85,32.99,29.52,2.96
2018-12-05 17:00:00,13.38,13.85,29.06,45.4,1.72
2018-12-05 18:00:00,0.0,0.0,26.8,50.85,1.85
2018-12-05 19:00:00,0.0,0.0,25.79,53.31,2.0
2018-12-05 20:00:00,0.0,0.0,24.79,56.21,2.02
2018-12-05 21:00:00,0.0,0.0,23.93,58.67,2.03
2018-12-05 22:00:00,0.0,0.0,23.17,60.92,2.01
2018-12-05 23:00:00,0.0,0.0,22.48,63.63,1.95
2018-12-06 00:00:00,0.0,0.0,21.82,66.76,1.87
2018-12-06 01:00:00,0.0,0.0,21.38,69.3,1.94
2018-12-06 02:00:00,0.0,0.0,20.93,72.05,2.27
2018-12-06 03:00:00,0.0,0.0,20.4,75.82,2.53
2018-12-06 04:00:00,0.0,0.0,19.89,79.22,2.55
2018-12-06 05:00:00,0.0,0.0,19.43,81.84,2.47
2018-12-06 06:00:00,34.55,34.72,19.31,81.95,2.67
2018-12-06 07:00:00,210.1,210.88,20.75,74.3,3.07
2018-12-06 08:00:00,433.08,433.77,24.0,55.82,3.52
2018-12-06 09:00:00,632.62,632.88,27.79,35.54,5.02
2018-12-06 10:00:00,775.7,775.7,30.77,26.49,5.14
2018-12-06 11:00:00,844.65,844.72,33.14,21.65,5.03
2018-12-06 12:00:00,768.6,768.78,34.51,20.21,4.78
2018-12-06 13:00:00,678.67,678.92,35.02,20.07,4.58
2018-12-06 14:00:00,520.12,520.4,34.84,20.77,4.44
2018-12-06 15:00:00,320.12,320.52,34.04,22.53,4.22
2018-12-06 16:00:00,152.18,152.48,31.95,29.2,3.11
2018-12-06 17:00:00,13.48,13.5,27.96,44.51,1.87
2018-12-06 18:00:00,0.0,0.0,25.77,50.86,1.85
2018-12-06 19:00:00,0.0,0.0,24.79,53.85,1.79
2018-12-06 20:00:00,0.0,0.0,24.18,56.35,1.64
2018-12-06 21:00:00,0.0,0.0,24.02,57.81,1.53
2018-12-06 22:00:00,0.0,0.0,23.7,59.95,1.47
2018-12-06 23:00:00,0.0,0.0,23.18,62.9,1.45
2018-12-07 00:00:00,0.0,0.0,22.67,65.66,1.56
2018-12-07 01:00:00,0.0,0.0,22.18,67.93,1.85
2018-12-07 02:00:00,0.0,0.0,21.68,70.02,2.21
2018-12-07 03:00:00,0.0,0.0,21.16,71.73,2.39
2018-12-07 04:00:00,0.0,0.0,20.66,72.76,2.38
2018-12-07 05:00:00,0.0,0.0,20.12,73.58,2.29
2018-12-07 06:00:00,29.0,28.4,19.69,74.09,2.38
2018-12-07 07:00:00,175.62,184.38,20.8,68.12,2.84
2018-12-07 08:00:00,359.02,391.83,23.81,53.32,3.05
2018-12-07 09:00:00,535.58,584.75,27.51,36.27,4.19
2018-12-07 10:00:00,667.83,725.5,30.94,24.93,5.01
2018-12-07 11:00:00,745.72,794.83,33.04,21.53,4.91
2018-12-07 12:00:00,719.75,777.12,33.75,21.01,4.44
2018-12-07 13:00:00,653.42,690.9,33.7,21.42,4.03
2018-12-07 14:00:00,533.47,536.08,33.42,22.2,3.76
2018-12-07 15:00:00,335.55,337.45,32.82,23.69,3.52
2018-12-07 16:00:00,141.48,141.82,31.21,30.99,2.55
2018-12-07 17:00:00,14.07,14.05,27.88,46.21,1.5
2018-12-07 18:00:00,0.0,0.0,25.92,52.22,1.42
2018-12-07 19:00:00,0.0,0.0,25.05,55.53,1.31
2018-12-07 20:00:00,0.0,0.0,24.32,58.62,1.19
2018-12-07 21:00:00,0.0,0.0,23.63,61.06,1.1
2018-12-07 22:00:00,0.0,0.0,23.05,63.01,1.06
2018-12-07 23:00:00,0.0,0.0,22.5,65.06,1.04
2018-12-08 00:00:00,0.0,0.0,21.86,67.44,1.04
2018-12-08 01:00:00,0.0,0.0,21.22,70.29,1.03
2018-12-08 02:00:00,0.0,0.0,20.72,72.79,1.09
2018-12-08 03:00:00,0.0,0.0,20.37,74.11,1.35
2018-12-08 04:00:00,0.0,0.0,20.03,74.7,1.79
2018-12-08 05:00:00,0.0,0.0,19.52,75.66,1.98
2018-12-08 06:00:00,33.28,33.3,19.16,75.43,2.29
2018-12-08 07:00:00,205.2,205.45,20.37,68.17,2.79
2018-12-08 08:00:00,426.38,426.7,23.49,54.47,2.48
2018-12-08 09:00:00,624.9,625.5,27.62,36.6,3.07
2018-12-08 10:00:00,769.1,769.33,31.32,23.32,3.59
2018-12-08 11:00:00,839.62,839.83,33.31,18.94,3.69
2018-12-08 12:00:00,852.33,852.55,34.43,17.25,3.63
2018-12-08 13:00:00,765.17,765.47,34.88,16.56,3.54
2018-12-08 14:00:00,607.05,609.3,34.7,16.63,3.51
2018-12-08 15:00:00,399.8,402.05,33.89,17.78,3.46
2018-12-08 16:00:00,183.4,184.65,32.13,22.73,2.8
2018-12-08 17:00:00,17.25,17.38,27.64,40.87,1.54
2018-12-08 18:00:00,0.0,0.0,25.12,47.05,1.57
2018-12-08 19:00:00,0.0,0.0,24.13,49.64,1.57
2018-12-08 20:00:00,0.0,0.0,23.45,51.7,1.51
2018-12-08 21:00:00,0.0,0.0,22.99,53.51,1.41
2018-12-08 22:00:00,0.0,0.0,22.61,55.56,1.32
2018-12-08 23:00:00,0.0,0.0,22.17,57.82,1.25
2018-12-09 00:00:00,0.0,0.0,21.6,60.6,1.24
2018-12-09 01:00:00,0.0,0.0,20.98,63.63,1.26
2018-12-09 02:00:00,0.0,0.0,20.38,66.61,1.36
2018-12-09 03:00:00,0.0,0.0,19.74,69.72,1.46
2018-12-09 04:00:00,0.0,0.0,18.93,73.21,1.47
2018-12-09 05:00:00,0.0,0.0,18.1,76.46,1.48
2018-12-09 06:00:00,33.47,33.5,18.05,76.27,1.79
2018-12-09 07:00:00,210.7,210.82,19.79,67.56,2.88
2018-12-09 08:00:00,433.55,433.7,22.46,58.3,2.4
2018-12-09 09:00:00,633.7,633.8,26.74,40.58,3.19
2018-12-09 10:00:00,778.88,778.92,30.88,25.31,4.4
2018-12-09 11:00:00,852.6,852.6,33.04,20.28,4.79
2018-12-09 12:00:00,803.9,804.03,34.34,18.23,4.74
2018-12-09 13:00:00,719.5,719.65,34.82,17.51,4.59
2018-12-09 14:00:00,559.47,559.5,34.65,17.6,4.41
2018-12-09 15:00:00,364.25,364.25,33.8,18.88,4.1
2018-12-09 16:00:00,167.6,167.6,31.82,24.84,2.97
2018-12-09 17:00:00,16.05,16.05,27.37,41.41,1.71
2018-12-09 18:00:00,0.0,0.0,25.03,47.39,1.69
2018-12-09 19:00:00,0.0,0.0,24.04,49.69,1.74
2018-12-09 20:00:00,0.0,0.0,23.18,51.59,1.78
2018-12-09 21:00:00,0.0,0.0,22.4,53.12,1.87
2018-12-09 22:00:00,0.0,0.0,21.64,54.72,1.96
2018-12-09 23:00:00,0.0,0.0,20.85,57.04,1.92
2018-12-10 00:00:00,0.0,0.0,20.04,60.35,1.76
2018-12-10 01:00:00,0.0,0.0,19.26,64.23,1.58
2018-12-10 02:00:00,0.0,0.0,18.53,68.24,1.51
2018-12-10 03:00:00,0.0,0.0,17.86,72.25,1.62
2018-12-10 04:00:00,0.0,0.0,17.3,76.22,1.9
2018-12-10 05:00:00,0.0,0.0,16.8,79.95,2.14
2018-12-10 06:00:00,32.42,32.67,16.69,81.23,2.55
2018-12-10 07:00:00,216.38,220.35,18.28,73.98,3.04
2018-12-10 08:00:00,444.08,451.65,21.54,61.59,2.62
2018-12-10 09:00:00,641.47,654.62,26.13,40.35,3.77
2018-12-10 10:00:00,779.35,800.88,30.15,25.54,5.09
2018-12-10 11:00:00,872.88,875.0,32.7,19.73,5.47
2018-12-10 12:00:00,795.67,797.5,33.99,18.21,5.2
2018-12-10 13:00:00,690.55,719.15,34.57,17.73,4.91
2018-12-10 14:00:00,565.3,569.62,34.51,18.03,4.64
2018-12-10 15:00:00,359.73,364.23,33.81,19.29,4.28
2018-12-10 16:00:00,170.12,172.35,32.0,24.49,3.09
2018-12-10 17:00:00,16.12,16.25,27.41,41.69,1.65
2018-12-10 18:00:00,0.0,0.0,24.93,47.86,1.63
2018-12-10 19:00:00,0.0,0.0,23.87,50.98,1.62
2018-12-10 20:00:00,0.0,0.0,22.92,53.86,1.57
2018-12-10 21:00:00,0.0,0.0,22.08,56.15,1.54
2018-12-10 22:00:00,0.0,0.0,21.29,58.36,1.52
2018-12-10 23:00:00,0.0,0.0,20.54,60.76,1.49
2018-12-11 00:00:00,0.0,0.0,19.81,63.74,1.4
2018-12-11 01:00:00,0.0,0.0,19.07,67.34,1.27
2018-12-11 02:00:00,0.0,0.0,18.34,71.36,1.19
2018-12-11 03:00:00,0.0,0.0,17.66,75.33,1.23
2018-12-11 04:00:00,0.0,0.0,17.07,78.87,1.4
2018-12-11 05:00:00,0.0,0.0,16.58,81.64,1.6
2018-12-11 06:00:00,30.7,30.75,16.66,81.03,2.04
2018-12-11 07:00:00,214.82,215.15,18.79,70.31,3.02
2018-12-11 08:00:00,427.17,427.58,22.29,55.75,2.65
2018-12-11 09:00:00,624.88,625.12,26.72,38.07,3.33
2018-12-11 10:00:00,765.4,765.4,30.83,23.68,4.07
2018-12-11 11:00:00,834.72,834.72,32.91,19.16,4.06
2018-12-11 12:00:00,851.2,851.2,34.03,17.62,3.88
2018-12-11 13:00:00,762.9,762.9,34.48,17.14,3.67
2018-12-11 14:00:00,604.55,604.65,34.35,17.37,3.47
2018-12-11 15:00:00,395.23,395.38,33.63,18.44,3.25
2018-12-11 16:00:00,179.93,180.05,31.79,24.67,2.3
2018-12-11 17:00:00,17.12,17.15,27.1,43.0,1.37
2018-12-11 18:00:00,0.0,0.0,24.63,47.37,1.51
2018-12-11 19:00:00,0.0,0.0,23.52,50.09,1.57
2018-12-11 20:00:00,0.0,0.0,22.53,53.16,1.56
2018-12-11 21:00:00,0.0,0.0,21.69,55.66,1.54
2018-12-11 22:00:00,0.0,0.0,20.98,57.93,1.53
2018-12-11 23:00:00,0.0,0.0,20.45,60.15,1.52
2018-12-12 00:00:00,0.0,0.0,20.14,62.02,1.57
2018-12-12 01:00:00,0.0,0.0,19.64,65.11,1.57
2018-12-12 02:00:00,0.0,0.0,19.11,68.76,1.52
2018-12-12 03:00:00,0.0,0.0,18.58,72.47,1.46
2018-12-12 04:00:00,0.0,0.0,17.79,76.57,1.37
2018-12-12 05:00:00,0.0,0.0,17.14,79.66,1.36
2018-12-12 06:00:00,25.33,25.35,17.21,78.87,1.83
2018-12-12 07:00:00,192.75,192.95,19.15,69.09,2.82
2018-12-12 08:00:00,357.75,357.92,22.59,55.03,2.57
2018-12-12 09:00:00,533.72,533.75,26.86,39.41,3.23
2018-12-12 10:00:00,684.7,685.35,30.94,26.33,3.81
2018-12-12 11:00:00,755.28,756.6,33.09,22.04,3.68
2018-12-12 12:00:00,829.78,830.3,34.24,20.47,3.38
2018-12-12 13:00:00,741.22,743.2,34.77,19.89,3.1
2018-12-12 14:00:00,584.45,587.2,34.75,19.98,2.92
2018-12-12 15:00:00,379.05,381.67,34.07,21.08,2.77
2018-12-12 16:00:00,172.07,173.5,32.43,26.68,2.07
2018-12-12 17:00:00,16.92,17.02,28.63,44.88,1.2
2018-12-12 18:00:00,0.0,0.0,26.73,48.12,1.33
2018-12-12 19:00:00,0.0,0.0,25.93,49.41,1.43
2018-12-12 20:00:00,0.0,0.0,25.21,51.6,1.44
2018-12-12 21:00:00,0.0,0.0,24.69,53.4,1.42
2018-12-12 22:00:00,0.0,0.0,24.36,54.46,1.4
2018-12-12 23:00:00,0.0,0.0,23.99,55.41,1.41
2018-12-13 00:00:00,0.0,0.0,23.53,56.51,1.44
2018-12-13 01:00:00,0.0,0.0,22.98,57.89,1.52
2018-12-13 02:00:00,0.0,0.0,22.28,60.02,1.65
2018-12-13 03:00:00,0.0,0.0,21.41,63.35,1.76
2018-12-13 04:00:00,0.0,0.0,20.57,67.38,1.79
2018-12-13 05:00:00,0.0,0.0,19.84,71.06,1.8
2018-12-13 06:00:00,26.7,26.8,19.7,72.21,2.11
2018-12-13 07:00:00,195.98,196.57,21.5,64.6,3.05
2018-12-13 08:00:00,392.65,393.42,24.64,53.5,2.68
2018-12-13 09:00:00,589.83,590.38,29.15,36.93,3.58
2018-12-13 10:00:00,732.67,732.67,32.48,27.74,3.9
2018-12-13 11:00:00,811.75,811.75,34.25,23.89,3.69
2018-12-13 12:00:00,779.5,787.34,35.34,21.64,3.61
2018-12-13 13:00:00,748.9,748.9,35.77,20.71,3.67
2018-12-13 14:00:00,598.67,598.85,35.59,20.61,3.84
2018-12-13 15:00:00,396.6,396.85,34.78,21.36,3.96
2018-12-13 16:00:00,185.05,185.23,32.92,25.18,3.4
2018-12-13 17:00:00,18.9,18.9,28.6,40.04,1.9
2018-12-13 18:00:00,0.0,0.0,26.11,45.89,1.85
2018-12-13 19:00:00,0.0,0.0,25.04,47.94,1.77
2018-12-13 20:00:00,0.0,0.0,24.1,50.54,1.57
2018-12-13 21:00:00,0.0,0.0,23.25,53.42,1.45
2018-12-13 22:00:00,0.0,0.0,22.43,56.55,1.42
2018-12-13 23:00:00,0.0,0.0,21.6,59.9,1.48
2018-12-14 00:00:00,0.0,0.0,20.79,63.32,1.59
2018-12-14 01:00:00,0.0,0.0,19.99,66.77,1.63
2018-12-14 02:00:00,0.0,0.0,19.26,69.84,1.61
2018-12-14 03:00:00,0.0,0.0,18.61,72.21,1.62
2018-12-14 04:00:00,0.0,0.0,18.04,74.25,1.63
2018-12-14 05:00:00,0.0,0.0,17.5,76.22,1.66
2018-12-14 06:00:00,29.05,29.1,17.51,75.97,2.03
2018-12-14 07:00:00,218.2,219.27,19.49,67.07,2.95
2018-12-14 08:00:00,427.27,428.75,22.87,55.6,2.38
2018-12-14 09:00:00,629.75,631.28,27.51,38.59,3.2
2018-12-14 10:00:00,777.28,778.78,31.81,25.36,4.24
2018-12-14 11:00:00,851.4,854.53,34.5,19.59,4.77
2018-12-14 12:00:00,849.9,862.75,35.85,18.11,4.62
2018-12-14 13:00:00,750.6,783.75,36.51,17.74,4.34
2018-12-14 14:00:00,547.3,634.47,36.53,18.07,4.03
2018-12-14 15:00:00,335.77,431.45,35.84,19.25,3.72
2018-12-14 16:00:00,168.07,202.07,34.02,24.35,2.79
2018-12-14 17:00:00,20.58,21.42,29.21,41.35,1.63
2018-12-14 18:00:00,0.0,0.0,26.55,46.78,1.72
2018-12-14 19:00:00,0.0,0.0,25.28,50.48,1.65
2018-12-14 20:00:00,0.0,0.0,24.21,54.16,1.47
2018-12-14 21:00:00,0.0,0.0,23.38,56.88,1.33
2018-12-14 22:00:00,0.0,0.0,22.66,59.0,1.24
2018-12-14 23:00:00,0.0,0.0,21.97,61.09,1.2
2018-12-15 00:00:00,0.0,0.0,21.32,63.48,1.2
2018-12-15 01:00:00,0.0,0.0,20.66,66.09,1.25
2018-12-15 02:00:00,0.0,0.0,19.97,68.36,1.44
2018-12-15 03:00:00,0.0,0.0,19.37,70.06,1.57
2018-12-15 04:00:00,0.0,0.0,18.77,71.81,1.56
2018-12-15 05:00:00,0.0,0.0,18.21,73.5,1.46
2018-12-15 06:00:00,33.33,33.35,18.24,73.19,1.58
2018-12-15 07:00:00,236.1,236.27,20.58,62.01,2.72
2018-12-15 08:00:00,467.08,467.27,23.86,51.56,2.33
2018-12-15 09:00:00,668.53,668.65,28.49,35.99,3.27
2018-12-15 10:00:00,814.4,814.4,32.76,23.52,4.38
2018-12-15 11:00:00,782.61,790.4,35.15,18.97,4.76
2018-12-15 12:00:00,886.92,886.92,36.43,17.35,4.74
2018-12-15 13:00:00,806.38,806.38,36.98,16.89,4.57
2018-12-15 14:00:00,655.12,655.58,36.87,17.14,4.33
2018-12-15 15:00:00,448.55,449.33,36.12,18.19,3.98
2018-12-15 16:00:00,215.6,216.3,34.25,23.4,2.83
2018-12-15 17:00:00,23.62,23.73,29.29,41.47,1.51
2018-12-15 18:00:00,0.0,0.0,26.66,47.07,1.57
2018-12-15 19:00:00,0.0,0.0,25.5,50.36,1.57
2018-12-15 20:00:00,0.0,0.0,24.45,53.69,1.49
2018-12-15 21:00:00,0.0,0.0,23.53,56.59,1.42
2018-12-15 22:00:00,0.0,0.0,22.63,59.39,1.34
2018-12-15 23:00:00,0.0,0.0,21.74,62.61,1.25
2018-12-16 00:00:00,0.0,0.0,20.84,66.19,1.16
2018-12-16 01:00:00,0.0,0.0,19.98,69.9,1.14
2018-12-16 02:00:00,0.0,0.0,19.2,73.56,1.15
2018-12-16 03:00:00,0.0,0.0,18.49,77.2,1.16
2018-12-16 04:00:00,0.0,0.0,17.86,80.89,1.19
2018-12-16 05:00:00,0.0,0.0,17.32,84.06,1.22
2018-12-16 06:00:00,30.75,30.8,17.41,84.03,1.56
2018-12-16 07:00:00,226.73,226.9,19.75,72.29,2.68
2018-12-16 08:00:00,450.05,450.27,23.32,55.92,2.62
2018-12-16 09:00:00,649.28,649.47,27.35,39.44,3.4
2018-12-16 10:00:00,792.62,792.75,30.99,26.68,4.0
2018-12-16 11:00:00,867.47,867.47,33.15,22.04,3.94
2018-12-16 12:00:00,778.62,786.47,34.52,20.14,3.79
2018-12-16 13:00:00,808.08,808.08,35.34,19.08,3.7
2018-12-16 14:00:00,658.42,658.42,35.51,18.7,3.65
2018-12-16 15:00:00,451.52,451.85,34.97,19.26,3.47
2018-12-16 16:00:00,216.88,217.23,33.34,24.02,2.52
2018-12-16 17:00:00,23.95,23.98,28.57,43.42,1.31
2018-12-16 18:00:00,0.0,0.0,25.99,48.34,1.42
2018-12-16 19:00:00,0.0,0.0,24.89,51.4,1.44
2018-12-16 20:00:00,0.0,0.0,23.86,55.18,1.32
2018-12-16 21:00:00,0.0,0.0,22.96,58.73,1.19
2018-12-16 22:00:00,0.0,0.0,22.23,61.33,1.12
2018-12-16 23:00:00,0.0,0.0,21.61,63.38,1.06
2018-12-17 00:00:00,0.0,0.0,20.98,65.6,1.02
2018-12-17 01:00:00,0.0,0.0,20.3,68.17,1.01
2018-12-17 02:00:00,0.0,0.0,19.6,70.95,1.03
2018-12-17 03:00:00,0.0,0.0,18.95,73.79,1.15
2018-12-17 04:00:00,0.0,0.0,18.36,76.57,1.35
2018-12-17 05:00:00,0.0,0.0,17.84,79.36,1.59
2018-12-17 06:00:00,28.45,28.48,17.92,79.78,2.03
2018-12-17 07:00:00,218.62,218.8,20.22,69.7,3.0
2018-12-17 08:00:00,441.75,441.95,23.8,55.64,2.53
2018-12-17 09:00:00,644.95,645.08,27.89,40.92,2.74
2018-12-17 10:00:00,790.88,790.88,31.92,28.64,2.99
2018-12-17 11:00:00,866.33,866.33,34.17,23.54,3.26
2018-12-17 12:00:00,882.62,882.62,35.38,21.17,3.36
2018-12-17 13:00:00,802.78,802.78,35.99,19.73,3.34
2018-12-17 14:00:00,653.25,653.4,36.02,19.24,3.25
2018-12-17 15:00:00,446.7,446.92,35.44,19.78,3.09
2018-12-17 16:00:00,216.38,216.57,33.74,25.62,2.17
2018-12-17 17:00:00,24.42,24.45,29.06,44.15,1.27
2018-12-17 18:00:00,0.0,0.0,26.59,48.59,1.49
2018-12-17 19:00:00,0.0,0.0,25.54,51.21,1.78
2018-12-17 20:00:00,0.0,0.0,24.62,54.28,2.05
2018-12-17 21:00:00,0.0,0.0,23.72,57.52,2.3
2018-12-17 22:00:00,0.0,0.0,22.87,60.27,2.44
2018-12-17 23:00:00,0.0,0.0,22.0,62.57,2.35
2018-12-18 00:00:00,0.0,0.0,21.12,64.81,2.07
2018-12-18 01:00:00,0.0,0.0,20.32,66.79,1.83
2018-12-18 02:00:00,0.0,0.0,19.62,68.61,1.67
2018-12-18 03:00:00,0.0,0.0,18.95,70.81,1.59
2018-12-18 04:00:00,0.0,0.0,18.27,73.52,1.51
2018-12-18 05:00:00,0.0,0.0,17.63,76.41,1.45
2018-12-18 06:00:00,24.4,24.42,17.54,77.36,1.71
2018-12-18 07:00:00,192.7,192.88,19.56,68.56,2.59
2018-12-18 08:00:00,396.3,396.52,22.82,58.21,1.89
2018-12-18 09:00:00,591.53,591.67,27.91,39.14,2.69
2018-12-18 10:00:00,733.33,733.33,32.23,26.26,3.5
2018-12-18 11:00:00,780.35,788.17,34.39,21.94,3.18
2018-12-18 12:00:00,845.1,845.1,35.58,20.01,2.79
2018-12-18 13:00:00,768.38,768.38,36.16,19.0,2.63
2018-12-18 14:00:00,619.83,620.08,36.14,18.74,2.68
2018-12-18 15:00:00,417.17,417.6,35.47,19.52,2.74
2018-12-18 16:00:00,201.65,202.05,33.67,25.81,2.02
2018-12-18 17:00:00,22.62,22.65,29.06,43.87,1.32
2018-12-18 18:00:00,0.0,0.0,26.65,47.78,1.6
2018-12-18 19:00:00,0.0,0.0,25.59,49.94,1.92
2018-12-18 20:00:00,0.0,0.0,24.55,52.86,2.11
2018-12-18 21:00:00,0.0,0.0,23.54,55.96,2.15
2018-12-18 22:00:00,0.0,0.0,22.61,58.68,2.11
2018-12-18 23:00:00,0.0,0.0,21.73,61.29,2.05
2018-12-19 00:00:00,0.0,0.0,20.89,64.26,1.95
2018-12-19 01:00:00,0.0,0.0,20.1,67.45,1.8
2018-12-19 02:00:00,0.0,0.0,19.33,70.95,1.64
2018-12-19 03:00:00,0.0,0.0,18.59,74.45,1.5
2018-12-19 04:00:00,0.0,0.0,17.9,77.83,1.45
2018-12-19 05:00:00,0.0,0.0,17.26,80.75,1.49
2018-12-19 06:00:00,25.17,25.23,17.18,80.73,1.98
2018-12-19 07:00:00,199.12,199.88,19.08,71.04,2.99
2018-12-19 08:00:00,402.73,403.52,22.43,58.23,2.54
2018-12-19 09:00:00,589.95,590.12,26.91,40.39,3.39
2018-12-19 10:00:00,729.22,729.33,31.0,26.96,4.06
2018-12-19 11:00:00,796.38,796.55,33.66,20.52,4.05
2018-12-19 12:00:00,759.35,759.58,34.96,18.42,3.76
2018-12-19 13:00:00,652.65,673.45,35.51,17.5,3.62
2018-12-19 14:00:00,511.73,516.67,35.38,17.5,3.62
2018-12-19 15:00:00,331.77,336.55,34.57,18.67,3.59
2018-12-19 16:00:00,137.57,139.12,32.3,26.46,2.49
2018-12-19 17:00:00,17.05,16.95,28.01,41.08,1.82
2018-12-19 18:00:00,0.0,0.0,25.83,46.49,2.0
2018-12-19 19:00:00,0.0,0.0,24.79,49.14,2.13
2018-12-19 20:00:00,0.0,0.0,23.86,51.4,2.18
2018-12-19 21:00:00,0.0,0.0,23.0,53.58,2.16
2018-12-19 22:00:00,0.0,0.0,22.19,56.09,2.07
2018-12-19 23:00:00,0.0,0.0,21.41,58.81,1.96
2018-12-20 00:00:00,0.0,0.0,20.66,61.75,1.82
2018-12-20 01:00:00,0.0,0.0,19.91,64.99,1.68
2018-12-20 02:00:00,0.0,0.0,19.19,68.65,1.57
2018-12-20 03:00:00,0.0,0.0,18.48,72.74,1.6
2018-12-20 04:00:00,0.0,0.0,17.81,77.29,1.76
2018-12-20 05:00:00,0.0,0.0,17.16,81.62,1.89
2018-12-20 06:00:00,17.48,17.4,16.9,83.45,2.24
2018-12-20 07:00:00,136.88,137.23,18.3,76.08,2.81
2018-12-20 08:00:00,309.23,313.55,21.43,61.46,2.48
2018-12-20 09:00:00,494.45,503.73,25.79,42.05,3.28
2018-12-20 10:00:00,635.0,652.38,29.97,27.81,3.89
2018-12-20 11:00:00,726.28,732.58,32.94,20.5,3.99
2018-12-20 12:00:00,716.8,736.9,34.13,18.72,3.62
2018-12-20 13:00:00,627.65,658.6,34.71,18.02,3.46
2018-12-20 14:00:00,492.08,511.48,34.69,18.03,3.39
2018-12-20 15:00:00,324.23,336.35,34.06,19.06,3.27
2018-12-20 16:00:00,136.18,140.68,31.97,27.26,2.12
2018-12-20 17:00:00,18.08,17.25,27.47,42.83,1.47
2018-12-20 18:00:00,0.0,0.0,25.18,47.05,1.57
2018-12-20 19:00:00,0.0,0.0,24.12,49.32,1.59
2018-12-20 20:00:00,0.0,0.0,23.23,51.23,1.56
2018-12-20 21:00:00,0.0,0.0,22.43,52.73,1.54
2018-12-20 22:00:00,0.0,0.0,21.66,54.58,1.56
2018-12-20 23:00:00,0.0,0.0,20.89,57.46,1.62
2018-12-21 00:00:00,0.0,0.0,20.09,61.82,1.63
2018-12-21 01:00:00,0.0,0.0,19.3,67.08,1.57
2018-12-21 02:00:00,0.0,0.0,18.57,72.1,1.48
2018-12-21 03:00:00,0.0,0.0,17.94,76.55,1.45
2018-12-21 04:00:00,0.0,0.0,17.38,80.53,1.56
2018-12-21 05:00:00,0.0,0.0,16.93,83.46,1.85
2018-12-21 06:00:00,19.9,19.73,16.91,83.2,2.64
2018-12-21 07:00:00,163.73,165.75,18.57,74.17,3.37
2018-12-21 08:00:00,367.52,374.98,22.07,58.46,3.08
2018-12-21 09:00:00,570.72,579.6,26.43,40.92,3.97
2018-12-21 10:00:00,724.42,732.83,30.46,27.93,4.48
2018-12-21 11:00:00,807.62,814.1,33.11,22.21,4.28
2018-12-21 12:00:00,809.47,811.47,34.53,20.12,3.78
2018-12-21 13:00:00,731.45,732.58,35.18,19.2,3.36
2018-12-21 14:00:00,577.65,577.8,35.18,19.1,3.07
2018-12-21 15:00:00,373.15,380.1,34.55,19.92,2.91
2018-12-21 16:00:00,166.48,169.93,32.65,27.56,1.91
2018-12-21 17:00:00,21.27,20.9,28.16,44.21,1.31
2018-12-21 18:00:00,0.0,0.0,25.89,47.24,1.62
2018-12-21 19:00:00,0.0,0.0,24.89,48.98,2.07
2018-12-21 20:00:00,0.0,0.0,23.89,52.04,2.39
2018-12-21 21:00:00,0.0,0.0,22.87,55.75,2.34
2018-12-21 22:00:00,0.0,0.0,22.01,58.84,2.18
2018-12-21 23:00:00,0.0,0.0,21.24,61.59,2.07
2018-12-22 00:00:00,0.0,0.0,20.56,64.12,2.06
2018-12-22 01:00:00,0.0,0.0,19.84,67.2,2.04
2018-12-22 02:00:00,0.0,0.0,19.06,71.31,2.0
2018-12-22 03:00:00,0.0,0.0,18.31,75.73,2.03
2018-12-22 04:00:00,0.0,0.0,17.61,79.57,2.05
2018-12-22 05:00:00,0.0,0.0,16.96,82.53,1.99
2018-12-22 06:00:00,19.6,19.6,16.71,82.89,2.21
2018-12-22 07:00:00,174.5,174.68,18.08,75.22,2.74
2018-12-22 08:00:00,353.23,353.45,21.13,60.81,2.46
2018-12-22 09:00:00,549.22,549.4,25.37,41.1,3.62
2018-12-22 10:00:00,694.8,694.8,29.48,26.99,4.57
2018-12-22 11:00:00,777.53,777.53,32.18,21.18,4.48
2018-12-22 12:00:00,690.25,690.28,33.01,20.04,3.89
2018-12-22 13:00:00,611.8,611.83,33.34,19.71,3.53
2018-12-22 14:00:00,476.42,477.15,33.1,20.12,3.36
2018-12-22 15:00:00,300.42,301.6,32.41,21.47,3.21
2018-12-22 16:00:00,129.23,129.85,30.12,31.62,1.98
2018-12-22 17:00:00,17.48,17.52,26.29,44.69,1.62
2018-12-22 18:00:00,0.0,0.0,24.29,49.13,1.77
2018-12-22 19:00:00,0.0,0.0,23.25,52.06,1.74
2018-12-22 20:00:00,0.0,0.0,22.41,54.75,1.61
2018-12-22 21:00:00,0.0,0.0,21.75,57.06,1.48
2018-12-22 22:00:00,0.0,0.0,21.15,59.19,1.42
2018-12-22 23:00:00,0.0,0.0,20.57,61.27,1.44
2018-12-23 00:00:00,0.0,0.0,19.95,63.52,1.56
2018-12-23 01:00:00,0.0,0.0,19.31,65.94,1.77
2018-12-23 02:00:00,0.0,0.0,18.68,68.07,2.11
2018-12-23 03:00:00,0.0,0.0,17.99,69.72,2.37
2018-12-23 04:00:00,0.0,0.0,17.25,70.82,2.51
2018-12-23 05:00:00,0.0,0.0,16.53,71.21,2.66
2018-12-23 06:00:00,16.95,17.02,16.09,70.24,3.11
2018-12-23 07:00:00,151.93,152.52,17.15,63.43,3.63
2018-12-23 08:00:00,354.55,355.83,19.99,52.91,3.28
2018-12-23 09:00:00,494.25,495.62,24.41,36.48,4.39
2018-12-23 10:00:00,645.15,646.35,28.45,25.71,5.19
2018-12-23 11:00:00,720.38,721.15,31.18,20.63,4.94
2018-12-23 12:00:00,789.7,790.22,32.82,18.94,4.41
2018-12-23 13:00:00,714.83,715.03,33.51,18.33,3.87
2018-12-23 14:00:00,562.97,563.25,33.52,18.33,3.42
2018-12-23 15:00:00,371.15,371.48,32.85,19.25,3.15
2018-12-23 16:00:00,192.62,192.9,30.83,26.49,2.17
2018-12-23 17:00:00,22.83,22.85,26.22,42.93,1.49
2018-12-23 18:00:00,0.0,0.0,23.87,47.06,1.67
2018-12-23 19:00:00,0.0,0.0,22.87,48.9,1.82
2018-12-23 20:00:00,0.0,0.0,22.02,50.93,1.84
2018-12-23 21:00:00,0.0,0.0,21.22,53.42,1.75
2018-12-23 22:00:00,0.0,0.0,20.52,55.95,1.72
2018-12-23 23:00:00,0.0,0.0,19.83,58.58,1.76
2018-12-24 00:00:00,0.0,0.0,19.13,61.6,1.82
2018-12-24 01:00:00,0.0,0.0,18.4,64.91,1.92
2018-12-24 02:00:00,0.0,0.0,17.75,67.61,2.18
2018-12-24 03:00:00,0.0,0.0,17.11,69.77,2.45
2018-12-24 04:00:00,0.0,0.0,16.39,72.05,2.48
2018-12-24 05:00:00,0.0,0.0,15.68,74.02,2.59
2018-12-24 06:00:00,18.83,18.83,15.27,73.87,3.05
2018-12-24 07:00:00,176.35,176.45,16.52,66.14,3.52
2018-12-24 08:00:00,345.58,345.67,19.7,51.63,3.45
2018-12-24 09:00:00,540.0,540.08,23.25,35.75,4.43
2018-12-24 10:00:00,686.47,686.47,26.36,26.96,4.88
2018-12-24 11:00:00,770.28,770.3,29.08,21.36,4.81
2018-12-24 12:00:00,725.28,725.33,30.73,19.3,4.19
2018-12-24 13:00:00,646.1,646.17,31.48,18.75,3.56
2018-12-24 14:00:00,504.58,504.73,31.49,19.11,3.11
2018-12-24 15:00:00,321.42,321.6,30.83,20.58,2.82
2018-12-24 16:00:00,149.93,150.02,28.5,32.16,1.67
2018-12-24 17:00:00,19.75,19.75,24.53,44.92,1.46
2018-12-24 18:00:00,0.0,0.0,22.57,47.48,1.74
2018-12-24 19:00:00,0.0,0.0,21.72,48.28,1.95
2018-12-24 20:00:00,0.0,0.0,20.93,49.81,1.92
2018-12-24 21:00:00,0.0,0.0,20.2,51.51,1.81
2018-12-24 22:00:00,0.0,0.0,19.51,53.53,1.67
2018-12-24 23:00:00,0.0,0.0,18.79,55.74,1.58
2018-12-25 00:00:00,0.0,0.0,18.12,57.35,1.67
2018-12-25 01:00:00,0.0,0.0,17.48,58.49,1.91
2018-12-25 02:00:00,0.0,0.0,16.82,59.82,2.14
2018-12-25 03:00:00,0.0,0.0,16.11,61.72,2.29
2018-12-25 04:00:00,0.0,0.0,15.41,64.01,2.43
2018-12-25 05:00:00,0.0,0.0,14.74,66.48,2.54
2018-12-25 06:00:00,15.18,15.18,14.5,67.08,2.88
2018-12-25 07:00:00,138.38,138.43,15.88,61.06,3.59
2018-12-25 08:00:00,288.75,288.83,18.7,51.92,3.38
2018-12-25 09:00:00,464.05,464.1,23.01,36.49,4.87
2018-12-25 10:00:00,602.67,602.7,26.77,26.44,5.93
2018-12-25 11:00:00,681.62,681.62,29.37,21.61,5.69
2018-12-25 12:00:00,707.38,707.38,31.21,19.15,5.0
2018-12-25 13:00:00,630.92,630.92,32.14,18.02,4.28
2018-12-25 14:00:00,566.25,574.99,32.32,17.86,3.71
2018-12-25 15:00:00,317.25,317.33,31.55,19.16,3.18
2018-12-25 16:00:00,153.62,153.68,29.3,30.14,1.78
2018-12-25 17:00:00,20.55,20.55,25.11,43.96,1.47
2018-12-25 18:00:00,0.0,0.0,22.99,47.28,1.71
2018-12-25 19:00:00,0.0,0.0,22.04,49.12,1.84
2018-12-25 20:00:00,0.0,0.0,21.22,51.17,1.82
2018-12-25 21:00:00,0.0,0.0,20.48,53.22,1.68
2018-12-25 22:00:00,0.0,0.0,19.84,55.16,1.54
2018-12-25 23:00:00,0.0,0.0,19.27,57.0,1.46
2018-12-26 00:00:00,0.0,0.0,18.66,58.98,1.45
2018-12-26 01:00:00,0.0,0.0,18.04,60.77,1.55
2018-12-26 02:00:00,0.0,0.0,17.44,62.38,1.7
2018-12-26 03:00:00,0.0,0.0,16.83,64.11,1.82
2018-12-26 04:00:00,0.0,0.0,16.24,66.0,1.89
2018-12-26 05:00:00,0.0,0.0,15.69,67.68,1.95
2018-12-26 06:00:00,14.73,14.73,15.53,67.6,2.29
2018-12-26 07:00:00,140.12,140.32,16.97,60.39,3.26
2018-12-26 08:00:00,293.0,293.5,19.57,51.8,3.01
2018-12-26 09:00:00,456.88,457.67,23.27,37.79,4.02
2018-12-26 10:00:00,599.85,600.25,26.35,29.11,4.57
2018-12-26 11:00:00,682.47,682.83,28.92,23.48,4.52
2018-12-26 12:00:00,668.65,668.88,30.5,21.23,4.03
2018-12-26 13:00:00,564.6,571.35,31.17,20.56,3.65
2018-12-26 14:00:00,453.9,454.02,31.12,20.92,3.5
2018-12-26 15:00:00,270.7,271.6,30.34,22.46,3.41
2018-12-26 16:00:00,120.47,121.03,28.29,30.07,2.45
2018-12-26 17:00:00,18.1,18.02,24.49,44.09,1.71
2018-12-26 18:00:00,0.0,0.0,22.6,48.3,1.84
2018-12-26 19:00:00,0.0,0.0,21.77,50.23,1.87
2018-12-26 20:00:00,0.0,0.0,21.01,52.39,1.79
2018-12-26 21:00:00,0.0,0.0,20.29,54.69,1.71
2018-12-26 22:00:00,0.0,0.0,19.58,56.93,1.7
2018-12-26 23:00:00,0.0,0.0,18.88,59.31,1.72
2018-12-27 00:00:00,0.0,0.0,18.18,62.02,1.7
2018-12-27 01:00:00,0.0,0.0,17.52,64.7,1.7
2018-12-27 02:00:00,0.0,0.0,16.9,67.1,1.75
2018-12-27 03:00:00,0.0,0.0,16.35,68.9,1.87
2018-12-27 04:00:00,0.0,0.0,15.87,70.27,2.01
2018-12-27 05:00:00,0.0,0.0,15.4,71.64,2.1
2018-12-27 06:00:00,12.77,12.77,15.27,71.08,2.45
2018-12-27 07:00:00,125.97,126.03,16.66,63.57,3.33
2018-12-27 08:00:00,258.27,258.35,19.21,54.74,2.86
2018-12-27 09:00:00,423.73,423.77,23.63,39.47,3.34
2018-12-27 10:00:00,568.83,568.83,28.25,23.93,4.91
2018-12-27 11:00:00,633.28,633.38,30.58,19.96,4.62
2018-12-27 12:00:00,718.22,718.42,31.66,18.92,4.08
2018-12-27 13:00:00,650.67,650.95,32.22,18.64,3.71
2018-12-27 14:00:00,505.92,506.55,32.17,19.07,3.45
2018-12-27 15:00:00,326.15,326.83,31.36,20.69,3.18
2018-12-27 16:00:00,158.35,158.8,29.0,31.19,1.97
2018-12-27 17:00:00,21.6,21.65,25.14,43.36,1.63
2018-12-27 18:00:00,0.0,0.0,23.21,46.94,1.77
2018-12-27 19:00:00,0.0,0.0,22.37,48.55,1.84
2018-12-27 20:00:00,0.0,0.0,21.64,50.41,1.78
2018-12-27 21:00:00,0.0,0.0,20.98,52.49,1.67
2018-12-27 22:00:00,0.0,0.0,20.38,54.64,1.59
2018-12-27 23:00:00,0.0,0.0,19.81,56.93,1.56
2018-12-28 00:00:00,0.0,0.0,19.24,59.24,1.58
2018-12-28 01:00:00,0.0,0.0,18.67,61.42,1.65
2018-12-28 02:00:00,0.0,0.0,18.13,63.6,1.79
2018-12-28 03:00:00,0.0,0.0,17.62,65.69,1.98
2018-12-28 04:00:00,0.0,0.0,17.13,67.78,2.14
2018-12-28 05:00:00,0.0,0.0,16.61,70.17,2.14
2018-12-28 06:00:00,14.68,14.68,16.45,70.84,2.35
2018-12-28 07:00:00,157.73,157.88,17.86,64.6,3.08
2018-12-28 08:00:00,353.55,353.75,20.53,55.98,2.49
2018-12-28 09:00:00,552.23,560.66,25.01,38.76,3.34
2018-12-28 10:00:00,626.6,628.12,29.43,25.11,4.47
2018-12-28 11:00:00,707.5,710.22,32.03,20.96,4.14
2018-12-28 12:00:00,772.33,792.47,33.48,19.76,3.48
2018-12-28 13:00:00,709.53,715.5,34.21,19.3,2.91
2018-12-28 14:00:00,552.53,567.45,34.32,19.38,2.62
2018-12-28 15:00:00,362.1,369.38,33.73,20.27,2.66
2018-12-28 16:00:00,168.68,169.35,31.73,28.12,1.96
2018-12-28 17:00:00,23.98,24.02,27.27,42.35,1.61
2018-12-28 18:00:00,0.0,0.0,24.94,46.05,1.89
2018-12-28 19:00:00,0.0,0.0,23.81,48.67,1.93
2018-12-28 20:00:00,0.0,0.0,22.81,51.49,1.75
2018-12-28 21:00:00,0.0,0.0,21.98,53.84,1.54
2018-12-28 22:00:00,0.0,0.0,21.36,55.46,1.4
2018-12-28 23:00:00,0.0,0.0,20.78,57.12,1.35
2018-12-29 00:00:00,0.0,0.0,20.11,59.24,1.37
2018-12-29 01:00:00,0.0,0.0,19.41,61.42,1.49
2018-12-29 02:00:00,0.0,0.0,18.79,63.19,1.73
2018-12-29 03:00:00,0.0,0.0,18.2,64.69,1.92
2018-12-29 04:00:00,0.0,0.0,17.57,65.94,2.06
2018-12-29 05:00:00,0.0,0.0,16.98,66.62,2.22
2018-12-29 06:00:00,13.93,13.8,16.84,65.37,2.68
2018-12-29 07:00:00,118.22,121.95,18.54,57.28,3.58
2018-12-29 08:00:00,287.7,304.88,21.81,46.32,3.51
2018-12-29 09:00:00,415.55,477.1,26.25,31.47,4.88
2018-12-29 10:00:00,561.75,621.83,30.1,22.3,5.67
2018-12-29 11:00:00,641.35,701.9,32.56,18.76,5.38
2018-12-29 12:00:00,805.95,806.7,33.81,17.71,4.67
2018-12-29 13:00:00,726.28,733.85,34.38,17.46,3.99
2018-12-29 14:00:00,576.33,585.75,34.34,17.87,3.5
2018-12-29 15:00:00,362.05,392.62,33.7,19.15,3.04
2018-12-29 16:00:00,176.82,186.88,31.56,30.39,1.54
2018-12-29 17:00:00,27.77,26.95,27.89,43.47,1.25
2018-12-29 18:00:00,0.0,0.0,25.88,45.42,1.53
2018-12-29 19:00:00,0.0,0.0,24.9,47.17,1.75
2018-12-29 20:00:00,0.0,0.0,23.87,50.4,1.82
2018-12-29 21:00:00,0.0,0.0,22.93,53.84,1.81
2018-12-29 22:00:00,0.0,0.0,22.11,57.34,1.74
2018-12-29 23:00:00,0.0,0.0,21.34,61.02,1.64
2018-12-30 00:00:00,0.0,0.0,20.68,64.7,1.54
2018-12-30 01:00:00,0.0,0.0,20.11,67.99,1.48
2018-12-30 02:00:00,0.0,0.0,19.7,70.82,1.42
2018-12-30 03:00:00,0.0,0.0,19.38,73.44,1.4
2018-12-30 04:00:00,0.0,0.0,18.85,76.88,1.38
2018-12-30 05:00:00,0.0,0.0,18.27,80.82,1.3
2018-12-30 06:00:00,15.88,15.85,18.22,82.28,1.41
2018-12-30 07:00:00,142.73,144.15,20.1,73.7,2.51
2018-12-30 08:00:00,342.05,345.02,22.79,62.64,2.13
2018-12-30 09:00:00,523.38,526.1,26.94,43.15,2.98
2018-12-30 10:00:00,649.92,650.1,31.06,28.44,4.06
2018-12-30 11:00:00,708.92,742.25,33.51,23.0,4.1
2018-12-30 12:00:00,793.2,827.65,34.91,20.99,3.75
2018-12-30 13:00:00,748.12,758.7,35.3,20.49,3.41
2018-12-30 14:00:00,601.67,617.4,34.93,20.91,3.1
2018-12-30 15:00:00,409.55,427.62,34.28,22.24,2.63
2018-12-30 16:00:00,205.6,209.77,32.65,31.75,1.47
2018-12-30 17:00:00,30.5,30.7,28.86,46.86,1.08
2018-12-30 18:00:00,0.0,0.0,26.63,48.86,1.29
2018-12-30 19:00:00,0.0,0.0,25.44,50.88,1.43
2018-12-30 20:00:00,0.0,0.0,24.43,53.44,1.53
2018-12-30 21:00:00,0.0,0.0,23.53,56.36,1.64
2018-12-30 22:00:00,0.0,0.0,22.85,58.76,1.96
2018-12-30 23:00:00,0.0,0.0,22.26,61.88,2.2
2018-12-31 00:00:00,0.0,0.0,21.84,65.23,2.22
2018-12-31 01:00:00,0.0,0.0,21.38,68.49,2.29
2018-12-31 02:00:00,0.0,0.0,20.85,71.56,2.37
2018-12-31 03:00:00,0.0,0.0,20.21,75.45,2.18
2018-12-31 04:00:00,0.0,0.0,19.57,79.45,1.96
2018-12-31 05:00:00,0.0,0.0,19.15,81.47,2.16
2018-12-31 06:00:00,16.62,16.7,18.9,81.95,2.5
2018-12-31 07:00:00,159.65,161.3,19.38,78.41,2.78
2018-12-31 08:00:00,361.0,370.52,20.67,71.52,2.73
2018-12-31 09:00:00,560.88,572.0,23.07,56.38,3.31
2018-12-31 10:00:00,717.53,717.53,25.83,42.31,4.29
2018-12-31 11:00:00,797.58,804.05,29.42,29.69,5.13
2018-12-31 12:00:00,750.42,765.2,32.06,23.73,5.29
2018-12-31 13:00:00,675.58,675.9,33.0,22.48,5.3
2018-12-31 14:00:00,537.15,538.2,33.06,22.64,5.19
2018-12-31 15:00:00,349.83,351.05,32.46,23.84,4.79
2018-12-31 16:00:00,193.05,194.05,30.81,28.36,3.66
2018-12-31 17:00:00,25.45,25.55,26.86,42.08,2.05
2018-12-31 18:00:00,0.0,0.0,24.74,47.61,2.18
2018-12-31 19:00:00,0.0,0.0,24.0,48.91,2.48
2018-12-31 20:00:00,0.0,0.0,23.23,50.81,2.54
2018-12-31 21:00:00,0.0,0.0,22.51,52.61,2.44
2018-12-31 22:00:00,0.0,0.0,21.87,53.85,2.4
2018-12-31 23:00:00,0.0,0.0,21.31,54.65,2.46
