,ghi_w_m2,ghi_clear_w_m2,temp_c,humidity_pct,wind_speed_ms
2024-01-01 00:00:00,0.0,0.0,22.04,47.8,1.3
2024-01-01 01:00:00,0.0,0.0,21.36,49.18,1.29
2024-01-01 02:00:00,0.0,0.0,20.23,52.97,1.28
2024-01-01 03:00:00,0.0,0.0,18.81,58.44,1.26
2024-01-01 04:00:00,0.0,0.0,17.6,62.61,1.28
2024-01-01 05:00:00,0.0,0.0,16.76,64.65,1.38
2024-01-01 06:00:00,16.48,16.5,16.55,65.56,1.45
2024-01-01 07:00:00,173.5,174.1,19.15,52.13,2.66
2024-01-01 08:00:00,357.58,358.45,21.44,46.59,2.31
2024-01-01 09:00:00,554.45,555.35,25.35,37.63,2.08
2024-01-01 10:00:00,706.3,707.0,28.94,29.48,2.3
2024-01-01 11:00:00,790.58,790.78,32.32,22.55,2.75
2024-01-01 12:00:00,777.6,781.92,34.13,20.62,2.9
2024-01-01 13:00:00,694.1,709.4,34.74,20.85,2.91
2024-01-01 14:00:00,549.15,567.55,34.73,21.76,2.87
2024-01-01 15:00:00,363.05,376.3,34.09,23.86,2.69
2024-01-01 16:00:00,166.95,171.8,32.45,31.83,1.78
2024-01-01 17:00:00,27.4,27.92,28.42,52.05,1.12
2024-01-01 18:00:00,0.0,0.0,26.48,53.89,1.21
2024-01-01 19:00:00,0.0,0.0,25.65,55.83,1.21
2024-01-01 20:00:00,0.0,0.0,25.0,57.42,1.22
2024-01-01 21:00:00,0.0,0.0,24.67,58.93,1.22
2024-01-01 22:00:00,0.0,0.0,24.04,60.72,1.22
2024-01-01 23:00:00,0.0,0.0,23.53,62.94,1.18
2024-01-02 00:00:00,0.0,0.0,23.36,64.99,1.1
2024-01-02 01:00:00,0.0,0.0,23.04,67.02,1.03
2024-01-02 02:00:00,0.0,0.0,22.55,69.07,0.99
2024-01-02 03:00:00,0.0,0.0,22.03,71.23,1.02
2024-01-02 04:00:00,0.0,0.0,21.53,72.91,1.17
2024-01-02 05:00:00,0.0,0.0,21.13,74.26,1.43
2024-01-02 06:00:00,12.43,14.4,20.98,74.87,1.84
2024-01-02 07:00:00,120.32,138.0,22.8,66.29,3.19
2024-01-02 08:00:00,262.83,328.67,25.49,56.74,2.98
2024-01-02 09:00:00,409.52,520.85,28.92,43.96,3.22
2024-01-02 10:00:00,530.28,669.95,32.51,32.63,3.66
2024-01-02 11:00:00,625.58,754.22,34.72,28.68,3.71
2024-01-02 12:00:00,764.67,784.03,35.65,28.13,3.5
2024-01-02 13:00:00,681.67,715.58,36.04,28.14,3.29
2024-01-02 14:00:00,537.75,577.6,35.93,28.57,3.14
2024-01-02 15:00:00,355.33,388.55,35.28,30.04,2.92
2024-01-02 16:00:00,167.07,181.73,33.77,36.32,2.11
2024-01-02 17:00:00,27.45,28.55,29.96,55.77,1.2
2024-01-02 18:00:00,0.0,0.0,27.84,59.67,1.32
2024-01-02 19:00:00,0.0,0.0,26.96,61.56,1.45
2024-01-02 20:00:00,0.0,0.0,26.18,63.89,1.52
2024-01-02 21:00:00,0.0,0.0,25.49,66.19,1.5
2024-01-02 22:00:00,0.0,0.0,24.85,68.24,1.43
2024-01-02 23:00:00,0.0,0.0,24.24,70.02,1.34
2024-01-03 00:00:00,0.0,0.0,23.55,71.81,1.32
2024-01-03 01:00:00,0.0,0.0,22.74,73.56,1.4
2024-01-03 02:00:00,0.0,0.0,21.94,74.45,1.72
2024-01-03 03:00:00,0.0,0.0,21.15,74.64,2.14
2024-01-03 04:00:00,0.0,0.0,20.26,75.17,2.32
2024-01-03 05:00:00,0.0,0.0,19.42,75.88,2.29
2024-01-03 06:00:00,14.9,14.9,19.1,75.17,2.57
2024-01-03 07:00:00,164.5,164.85,20.6,68.09,3.29
2024-01-03 08:00:00,335.65,336.12,23.54,58.96,2.86
2024-01-03 09:00:00,528.7,529.3,27.7,44.19,3.71
2024-01-03 10:00:00,681.4,681.95,31.21,33.78,4.23
2024-01-03 11:00:00,765.53,765.9,33.76,27.97,4.19
2024-01-03 12:00:00,832.12,832.33,34.98,26.23,3.75
2024-01-03 13:00:00,762.72,762.75,35.51,25.58,3.29
2024-01-03 14:00:00,617.53,621.67,35.45,25.75,2.91
2024-01-03 15:00:00,423.65,428.8,34.81,26.93,2.66
2024-01-03 16:00:00,203.07,206.35,33.36,32.79,1.89
2024-01-03 17:00:00,33.17,33.5,29.63,52.19,1.1
2024-01-03 18:00:00,0.0,0.0,27.45,55.75,1.16
2024-01-03 19:00:00,0.0,0.0,26.41,58.21,1.16
2024-01-03 20:00:00,0.0,0.0,25.57,60.3,1.14
2024-01-03 21:00:00,0.0,0.0,24.94,62.03,1.11
2024-01-03 22:00:00,0.0,0.0,24.42,63.43,1.05
2024-01-03 23:00:00,0.0,0.0,23.98,64.39,1.01
2024-01-04 00:00:00,0.0,0.0,23.48,65.19,1.0
2024-01-04 01:00:00,0.0,0.0,22.9,66.46,0.99
2024-01-04 02:00:00,0.0,0.0,22.29,68.12,0.98
2024-01-04 03:00:00,0.0,0.0,21.53,70.85,0.95
2024-01-04 04:00:00,0.0,0.0,20.69,74.16,0.94
2024-01-04 05:00:00,0.0,0.0,19.94,76.9,0.98
2024-01-04 06:00:00,14.68,14.68,19.86,77.81,1.1
2024-01-04 07:00:00,149.7,150.88,22.16,65.13,2.34
2024-01-04 08:00:00,345.42,354.27,24.93,56.1,2.01
2024-01-04 09:00:00,534.58,550.78,28.92,43.15,1.83
2024-01-04 10:00:00,687.6,700.45,32.63,33.11,1.91
2024-01-04 11:00:00,760.33,785.5,34.44,29.23,2.14
2024-01-04 12:00:00,823.97,825.22,35.34,27.22,2.25
2024-01-04 13:00:00,758.1,758.1,35.69,26.19,2.33
2024-01-04 14:00:00,620.05,620.3,35.54,25.92,2.4
2024-01-04 15:00:00,426.98,427.42,35.05,26.34,2.45
2024-01-04 16:00:00,209.0,209.35,33.57,31.42,1.92
2024-01-04 17:00:00,34.1,34.17,29.59,50.71,1.18
2024-01-04 18:00:00,0.0,0.0,27.12,54.69,1.3
2024-01-04 19:00:00,0.0,0.0,26.04,56.19,1.39
2024-01-04 20:00:00,0.0,0.0,25.13,57.72,1.41
2024-01-04 21:00:00,0.0,0.0,24.35,59.35,1.37
2024-01-04 22:00:00,0.0,0.0,23.73,60.63,1.31
2024-01-04 23:00:00,0.0,0.0,23.27,61.38,1.25
2024-01-05 00:00:00,0.0,0.0,22.92,61.48,1.21
2024-01-05 01:00:00,0.0,0.0,22.33,62.73,1.21
2024-01-05 02:00:00,0.0,0.0,21.52,65.21,1.2
2024-01-05 03:00:00,0.0,0.0,20.73,67.99,1.18
2024-01-05 04:00:00,0.0,0.0,19.9,71.25,1.14
2024-01-05 05:00:00,0.0,0.0,19.07,74.78,1.12
2024-01-05 06:00:00,14.73,14.75,18.96,76.5,1.19
2024-01-05 07:00:00,167.0,167.5,21.56,63.48,2.6
2024-01-05 08:00:00,362.65,363.77,24.45,54.61,2.13
2024-01-05 09:00:00,562.45,564.25,28.43,41.31,2.0
2024-01-05 10:00:00,714.65,717.03,32.53,29.18,2.12
2024-01-05 11:00:00,799.4,802.25,34.74,24.54,2.11
2024-01-05 12:00:00,839.53,842.8,35.68,22.98,2.11
2024-01-05 13:00:00,769.8,775.47,36.04,22.16,2.14
2024-01-05 14:00:00,622.22,636.97,35.89,21.92,2.19
2024-01-05 15:00:00,436.1,436.7,35.2,22.65,2.23
2024-01-05 16:00:00,212.77,213.1,33.68,28.0,1.7
2024-01-05 17:00:00,35.75,35.8,29.7,47.44,1.08
2024-01-05 18:00:00,0.0,0.0,27.59,49.1,1.2
2024-01-05 19:00:00,0.0,0.0,26.47,51.48,1.22
2024-01-05 20:00:00,0.0,0.0,25.48,53.59,1.24
2024-01-05 21:00:00,0.0,0.0,24.65,55.35,1.26
2024-01-05 22:00:00,0.0,0.0,23.92,57.23,1.27
2024-01-05 23:00:00,0.0,0.0,23.23,59.14,1.26
2024-01-06 00:00:00,0.0,0.0,22.54,61.41,1.24
2024-01-06 01:00:00,0.0,0.0,21.84,63.88,1.25
2024-01-06 02:00:00,0.0,0.0,21.16,66.33,1.29
2024-01-06 03:00:00,0.0,0.0,20.6,68.47,1.37
2024-01-06 04:00:00,0.0,0.0,20.13,70.51,1.44
2024-01-06 05:00:00,0.0,0.0,19.89,72.27,1.44
2024-01-06 06:00:00,14.1,13.95,20.12,73.37,1.43
2024-01-06 07:00:00,143.5,149.48,22.65,62.94,2.47
2024-01-06 08:00:00,327.98,351.73,25.11,57.34,1.81
2024-01-06 09:00:00,511.1,546.65,29.55,41.73,2.01
2024-01-06 10:00:00,663.47,695.2,33.19,30.75,2.47
2024-01-06 11:00:00,771.3,772.72,34.88,27.45,2.73
2024-01-06 12:00:00,834.25,842.47,35.85,25.51,2.97
2024-01-06 13:00:00,767.38,773.72,36.23,24.51,3.16
2024-01-06 14:00:00,627.05,634.25,36.09,24.24,3.2
2024-01-06 15:00:00,426.1,439.4,35.41,25.08,3.02
2024-01-06 16:00:00,208.62,219.3,33.86,30.32,2.15
2024-01-06 17:00:00,35.45,36.35,29.84,50.11,1.16
2024-01-06 18:00:00,0.0,0.0,27.59,54.02,1.22
2024-01-06 19:00:00,0.0,0.0,26.45,56.72,1.22
2024-01-06 20:00:00,0.0,0.0,25.49,59.1,1.2
2024-01-06 21:00:00,0.0,0.0,24.8,61.18,1.13
2024-01-06 22:00:00,0.0,0.0,24.33,62.95,1.0
2024-01-06 23:00:00,0.0,0.0,24.12,63.31,0.9
2024-01-07 00:00:00,0.0,0.0,23.92,64.46,0.83
2024-01-07 01:00:00,0.0,0.0,23.4,69.1,0.84
2024-01-07 02:00:00,0.0,0.0,22.95,75.25,0.85
2024-01-07 03:00:00,0.0,0.0,22.71,81.36,0.81
2024-01-07 04:00:00,0.0,0.0,22.76,84.81,0.67
2024-01-07 05:00:00,0.0,0.0,22.68,86.97,0.39
2024-01-07 06:00:00,14.27,14.27,22.36,89.39,0.36
2024-01-07 07:00:00,167.12,167.3,23.71,82.27,0.86
2024-01-07 08:00:00,360.48,360.75,27.34,66.96,0.25
2024-01-07 09:00:00,559.25,559.55,30.96,50.98,0.44
2024-01-07 10:00:00,710.33,710.58,33.31,39.82,0.66
2024-01-07 11:00:00,795.28,795.45,35.08,32.4,1.5
2024-01-07 12:00:00,827.0,827.15,36.03,28.92,1.96
2024-01-07 13:00:00,760.97,761.62,36.47,26.99,2.23
2024-01-07 14:00:00,622.42,622.83,36.4,26.38,2.44
2024-01-07 15:00:00,431.4,432.15,35.75,26.85,2.58
2024-01-07 16:00:00,212.85,213.45,34.23,31.76,2.2
2024-01-07 17:00:00,36.6,36.72,30.63,49.81,1.29
2024-01-07 18:00:00,0.0,0.0,28.36,55.6,1.4
2024-01-07 19:00:00,0.0,0.0,27.48,57.12,1.6
2024-01-07 20:00:00,0.0,0.0,26.8,58.18,1.74
2024-01-07 21:00:00,0.0,0.0,26.05,59.41,1.69
2024-01-07 22:00:00,0.0,0.0,25.3,60.19,1.55
2024-01-07 23:00:00,0.0,0.0,24.58,60.21,1.43
2024-01-08 00:00:00,0.0,0.0,23.81,60.19,1.34
2024-01-08 01:00:00,0.0,0.0,23.04,60.95,1.26
2024-01-08 02:00:00,0.0,0.0,22.24,62.85,1.19
2024-01-08 03:00:00,0.0,0.0,21.44,65.57,1.18
2024-01-08 04:00:00,0.0,0.0,20.74,68.68,1.16
2024-01-08 05:00:00,0.0,0.0,20.17,71.4,1.15
2024-01-08 06:00:00,14.25,14.27,20.0,72.02,1.37
2024-01-08 07:00:00,159.25,161.25,21.26,63.38,2.58
2024-01-08 08:00:00,364.12,377.75,23.32,55.61,2.69
2024-01-08 09:00:00,562.47,582.53,27.07,41.96,2.98
2024-01-08 10:00:00,732.08,736.25,30.93,29.34,3.55
2024-01-08 11:00:00,817.72,827.65,33.66,22.06,3.96
2024-01-08 12:00:00,820.42,855.12,34.93,19.35,4.07
2024-01-08 13:00:00,771.67,790.47,35.49,17.9,4.06
2024-01-08 14:00:00,651.03,651.78,35.45,17.3,3.98
2024-01-08 15:00:00,454.42,455.88,34.77,17.87,3.77
2024-01-08 16:00:00,226.2,227.57,32.95,24.41,2.59
2024-01-08 17:00:00,40.5,40.8,28.49,43.57,1.4
2024-01-08 18:00:00,0.0,0.0,26.16,47.43,1.38
2024-01-08 19:00:00,0.0,0.0,25.2,49.3,1.35
2024-01-08 20:00:00,0.0,0.0,24.36,50.66,1.34
2024-01-08 21:00:00,0.0,0.0,23.66,51.66,1.32
2024-01-08 22:00:00,0.0,0.0,23.07,52.51,1.31
2024-01-08 23:00:00,0.0,0.0,22.5,53.6,1.29
2024-01-09 00:00:00,0.0,0.0,21.81,55.58,1.27
2024-01-09 01:00:00,0.0,0.0,20.93,58.7,1.24
2024-01-09 02:00:00,0.0,0.0,19.92,62.93,1.19
2024-01-09 03:00:00,0.0,0.0,18.94,67.32,1.22
2024-01-09 04:00:00,0.0,0.0,18.19,70.97,1.31
2024-01-09 05:00:00,0.0,0.0,17.62,74.0,1.4
2024-01-09 06:00:00,14.48,14.5,17.73,74.72,1.57
2024-01-09 07:00:00,175.1,175.57,20.51,61.71,2.95
2024-01-09 08:00:00,379.42,380.15,23.69,50.76,2.55
2024-01-09 09:00:00,584.62,585.03,27.75,36.67,2.77
2024-01-09 10:00:00,741.1,741.88,31.55,25.46,2.86
2024-01-09 11:00:00,833.17,833.4,33.85,21.0,2.62
2024-01-09 12:00:00,868.35,868.58,35.06,19.25,2.3
2024-01-09 13:00:00,803.8,804.08,35.67,18.03,2.11
2024-01-09 14:00:00,665.67,665.88,35.7,17.53,2.02
2024-01-09 15:00:00,467.92,468.33,35.16,17.77,1.95
2024-01-09 16:00:00,238.43,238.68,33.73,22.2,1.49
2024-01-09 17:00:00,43.38,43.4,29.66,41.01,1.02
2024-01-09 18:00:00,0.0,0.0,27.48,41.08,1.21
2024-01-09 19:00:00,0.0,0.0,26.5,41.68,1.24
2024-01-09 20:00:00,0.0,0.0,25.93,41.02,1.22
2024-01-09 21:00:00,0.0,0.0,25.69,39.31,1.16
2024-01-09 22:00:00,0.0,0.0,25.65,37.04,1.04
2024-01-09 23:00:00,0.0,0.0,25.47,35.54,0.9
2024-01-10 00:00:00,0.0,0.0,24.91,36.07,0.8
2024-01-10 01:00:00,0.0,0.0,24.17,37.31,0.78
2024-01-10 02:00:00,0.0,0.0,22.77,41.79,0.89
2024-01-10 03:00:00,0.0,0.0,20.8,49.39,1.1
2024-01-10 04:00:00,0.0,0.0,18.86,57.04,1.19
2024-01-10 05:00:00,0.0,0.0,17.76,61.01,1.2
2024-01-10 06:00:00,14.15,14.18,17.62,63.17,1.14
2024-01-10 07:00:00,168.57,168.98,20.3,47.81,2.17
2024-01-10 08:00:00,380.73,381.27,22.33,42.53,1.92
2024-01-10 09:00:00,591.3,591.7,26.02,34.04,1.37
2024-01-10 10:00:00,749.17,749.33,29.72,26.35,0.96
2024-01-10 11:00:00,842.28,842.45,33.16,19.69,1.01
2024-01-10 12:00:00,885.78,886.0,34.56,17.73,1.31
2024-01-10 13:00:00,820.85,821.3,35.23,16.9,1.56
2024-01-10 14:00:00,683.3,683.7,35.3,16.66,1.73
2024-01-10 15:00:00,485.3,485.5,34.75,17.17,1.87
2024-01-10 16:00:00,251.85,251.98,33.32,21.87,1.59
2024-01-10 17:00:00,46.92,46.95,29.08,41.52,1.08
2024-01-10 18:00:00,0.0,0.0,26.58,43.46,1.26
2024-01-10 19:00:00,0.0,0.0,25.31,46.4,1.31
2024-01-10 20:00:00,0.0,0.0,24.28,48.97,1.34
2024-01-10 21:00:00,0.0,0.0,23.51,50.97,1.33
2024-01-10 22:00:00,0.0,0.0,22.95,52.38,1.32
2024-01-10 23:00:00,0.0,0.0,22.38,53.79,1.3
2024-01-11 00:00:00,0.0,0.0,21.52,56.42,1.27
2024-01-11 01:00:00,0.0,0.0,20.39,60.31,1.25
2024-01-11 02:00:00,0.0,0.0,19.16,64.79,1.26
2024-01-11 03:00:00,0.0,0.0,18.14,68.53,1.34
2024-01-11 04:00:00,0.0,0.0,17.34,71.3,1.47
2024-01-11 05:00:00,0.0,0.0,16.68,73.29,1.55
2024-01-11 06:00:00,14.32,14.55,16.78,72.45,1.75
2024-01-11 07:00:00,168.68,171.88,19.81,57.75,3.32
2024-01-11 08:00:00,389.3,398.33,23.0,48.65,2.79
2024-01-11 09:00:00,601.85,608.42,27.6,33.35,3.13
2024-01-11 10:00:00,761.25,767.05,31.6,22.86,3.7
2024-01-11 11:00:00,854.3,856.85,34.22,17.84,3.97
2024-01-11 12:00:00,847.58,866.95,35.33,16.73,3.82
2024-01-11 13:00:00,751.78,802.05,35.72,16.25,3.56
2024-01-11 14:00:00,604.0,663.78,35.58,16.14,3.3
2024-01-11 15:00:00,395.92,466.67,34.95,16.66,3.03
2024-01-11 16:00:00,198.65,238.05,33.25,22.52,1.95
2024-01-11 17:00:00,39.17,42.45,28.82,42.2,1.21
2024-01-11 18:00:00,0.0,0.0,26.32,44.28,1.39
2024-01-11 19:00:00,0.0,0.0,25.02,45.43,1.53
2024-01-11 20:00:00,0.0,0.0,23.74,47.04,1.64
2024-01-11 21:00:00,0.0,0.0,22.53,49.81,1.64
2024-01-11 22:00:00,0.0,0.0,21.61,52.74,1.57
2024-01-11 23:00:00,0.0,0.0,20.69,55.66,1.5
2024-01-12 00:00:00,0.0,0.0,19.92,58.91,1.44
2024-01-12 01:00:00,0.0,0.0,19.18,62.45,1.36
2024-01-12 02:00:00,0.0,0.0,18.44,66.06,1.41
2024-01-12 03:00:00,0.0,0.0,17.79,68.82,1.65
2024-01-12 04:00:00,0.0,0.0,17.26,70.55,1.96
2024-01-12 05:00:00,0.0,0.0,16.73,71.5,2.13
2024-01-12 06:00:00,13.73,13.57,16.75,69.47,2.46
2024-01-12 07:00:00,163.8,165.57,19.12,56.88,3.69
2024-01-12 08:00:00,383.6,390.35,22.3,47.14,3.1
2024-01-12 09:00:00,599.78,599.95,27.09,30.05,4.02
2024-01-12 10:00:00,761.42,761.65,31.15,18.46,5.28
2024-01-12 11:00:00,853.15,853.35,33.87,13.78,5.48
2024-01-12 12:00:00,825.58,825.67,35.16,12.82,5.11
2024-01-12 13:00:00,758.58,758.88,35.69,12.6,4.8
2024-01-12 14:00:00,612.85,613.35,35.53,12.83,4.64
2024-01-12 15:00:00,419.92,421.05,34.65,13.9,4.5
2024-01-12 16:00:00,233.88,235.3,32.37,21.13,3.2
2024-01-12 17:00:00,39.35,39.65,27.41,37.53,1.8
2024-01-12 18:00:00,0.0,0.0,24.81,43.14,1.68
2024-01-12 19:00:00,0.0,0.0,23.82,45.54,1.58
2024-01-12 20:00:00,0.0,0.0,23.04,47.38,1.5
2024-01-12 21:00:00,0.0,0.0,22.35,49.0,1.44
2024-01-12 22:00:00,0.0,0.0,21.57,51.27,1.4
2024-01-12 23:00:00,0.0,0.0,20.61,54.9,1.38
2024-01-13 00:00:00,0.0,0.0,19.59,58.88,1.51
2024-01-13 01:00:00,0.0,0.0,18.71,61.75,1.81
2024-01-13 02:00:00,0.0,0.0,17.92,64.03,2.05
2024-01-13 03:00:00,0.0,0.0,17.22,65.4,2.24
2024-01-13 04:00:00,0.0,0.0,16.55,66.42,2.44
2024-01-13 05:00:00,0.0,0.0,15.8,68.32,2.37
2024-01-13 06:00:00,12.8,12.8,15.56,68.18,2.52
2024-01-13 07:00:00,168.8,169.05,17.52,58.11,3.46
2024-01-13 08:00:00,363.88,364.33,20.71,48.31,2.94
2024-01-13 09:00:00,573.6,574.15,25.44,30.12,4.06
2024-01-13 10:00:00,736.25,736.85,29.19,21.34,4.86
2024-01-13 11:00:00,829.78,830.38,32.48,14.78,5.65
2024-01-13 12:00:00,842.8,843.28,34.13,13.02,5.61
2024-01-13 13:00:00,773.4,773.62,34.73,12.63,5.45
2024-01-13 14:00:00,627.28,627.28,34.66,12.87,5.21
2024-01-13 15:00:00,427.8,428.25,33.9,14.29,4.71
2024-01-13 16:00:00,228.4,228.95,31.32,24.47,2.76
2024-01-13 17:00:00,41.2,41.33,26.55,39.83,1.74
2024-01-13 18:00:00,0.0,0.0,24.14,45.15,1.74
2024-01-13 19:00:00,0.0,0.0,23.04,48.02,1.75
2024-01-13 20:00:00,0.0,0.0,22.11,50.37,1.74
2024-01-13 21:00:00,0.0,0.0,21.28,52.44,1.68
2024-01-13 22:00:00,0.0,0.0,20.5,54.81,1.62
2024-01-13 23:00:00,0.0,0.0,19.73,57.75,1.6
2024-01-14 00:00:00,0.0,0.0,18.94,61.42,1.61
2024-01-14 01:00:00,0.0,0.0,18.14,65.45,1.62
2024-01-14 02:00:00,0.0,0.0,17.4,69.36,1.68
2024-01-14 03:00:00,0.0,0.0,16.73,72.71,1.82
2024-01-14 04:00:00,0.0,0.0,16.13,75.06,2.0
2024-01-14 05:00:00,0.0,0.0,15.54,76.46,2.09
2024-01-14 06:00:00,12.4,12.43,15.45,75.07,2.31
2024-01-14 07:00:00,163.88,164.05,17.7,62.45,3.51
2024-01-14 08:00:00,343.55,343.8,20.77,51.49,3.0
2024-01-14 09:00:00,548.0,548.2,25.49,32.66,3.69
2024-01-14 10:00:00,711.92,712.8,29.16,22.8,4.09
2024-01-14 11:00:00,808.72,810.05,32.38,16.08,4.23
2024-01-14 12:00:00,860.72,862.47,34.09,13.53,4.13
2024-01-14 13:00:00,792.72,794.83,34.73,12.73,3.91
2024-01-14 14:00:00,643.88,645.47,34.73,12.63,3.66
2024-01-14 15:00:00,443.35,447.83,34.1,13.46,3.27
2024-01-14 16:00:00,216.77,220.1,32.16,21.55,1.88
2024-01-14 17:00:00,44.1,44.7,27.5,40.49,1.22
2024-01-14 18:00:00,0.0,0.0,25.15,41.66,1.37
2024-01-14 19:00:00,0.0,0.0,23.74,45.05,1.44
2024-01-14 20:00:00,0.0,0.0,22.5,48.41,1.55
2024-01-14 21:00:00,0.0,0.0,21.42,52.28,1.68
2024-01-14 22:00:00,0.0,0.0,20.5,56.3,1.8
2024-01-14 23:00:00,0.0,0.0,19.74,60.04,1.89
2024-01-15 00:00:00,0.0,0.0,19.04,63.47,1.92
2024-01-15 01:00:00,0.0,0.0,18.38,66.49,1.91
2024-01-15 02:00:00,0.0,0.0,17.73,69.25,1.9
2024-01-15 03:00:00,0.0,0.0,17.11,71.78,2.08
2024-01-15 04:00:00,0.0,0.0,16.54,73.7,2.49
2024-01-15 05:00:00,0.0,0.0,15.86,74.91,2.74
2024-01-15 06:00:00,12.7,12.7,15.58,72.57,3.03
2024-01-15 07:00:00,167.18,167.25,17.28,61.08,3.76
2024-01-15 08:00:00,353.85,353.95,20.36,49.41,3.18
2024-01-15 09:00:00,563.42,563.53,25.2,31.14,4.15
2024-01-15 10:00:00,728.88,728.92,29.24,21.23,4.94
2024-01-15 11:00:00,826.7,826.72,32.68,14.92,4.9
2024-01-15 12:00:00,867.28,867.3,34.26,13.79,4.27
2024-01-15 13:00:00,800.83,800.83,34.94,13.69,3.77
2024-01-15 14:00:00,657.67,658.55,34.94,14.02,3.45
2024-01-15 15:00:00,456.55,458.0,34.29,15.09,3.18
2024-01-15 16:00:00,231.77,233.07,32.12,24.0,2.01
2024-01-15 17:00:00,46.67,47.0,27.11,40.32,1.57
2024-01-15 18:00:00,0.0,0.0,24.58,42.32,1.96
2024-01-15 19:00:00,0.0,0.0,23.45,44.14,2.22
2024-01-15 20:00:00,0.0,0.0,22.4,46.55,2.24
2024-01-15 21:00:00,0.0,0.0,21.42,48.98,2.1
2024-01-15 22:00:00,0.0,0.0,20.56,50.91,1.95
2024-01-15 23:00:00,0.0,0.0,19.8,52.59,1.87
2024-01-16 00:00:00,0.0,0.0,19.0,54.6,1.86
2024-01-16 01:00:00,0.0,0.0,18.14,56.98,1.94
2024-01-16 02:00:00,0.0,0.0,17.26,59.4,2.14
2024-01-16 03:00:00,0.0,0.0,16.4,61.46,2.38
2024-01-16 04:00:00,0.0,0.0,15.52,63.33,2.44
2024-01-16 05:00:00,0.0,0.0,14.65,65.1,2.41
2024-01-16 06:00:00,13.12,13.15,14.43,63.96,2.8
2024-01-16 07:00:00,174.68,175.05,16.5,54.1,3.81
2024-01-16 08:00:00,362.62,363.17,20.0,44.89,3.25
2024-01-16 09:00:00,570.7,571.08,25.22,29.17,4.24
2024-01-16 10:00:00,733.97,734.17,29.57,18.9,5.3
2024-01-16 11:00:00,833.38,833.47,32.81,13.47,5.21
2024-01-16 12:00:00,875.78,875.83,34.38,12.27,4.56
2024-01-16 13:00:00,807.12,807.12,34.92,12.01,4.17
2024-01-16 14:00:00,662.12,662.25,34.76,12.16,4.03
2024-01-16 15:00:00,458.05,458.3,34.1,12.94,3.97
2024-01-16 16:00:00,253.05,253.3,31.99,19.15,2.96
2024-01-16 17:00:00,48.95,49.03,26.69,35.75,1.83
2024-01-16 18:00:00,0.0,0.0,23.84,40.31,1.93
2024-01-16 19:00:00,0.0,0.0,22.71,42.22,1.92
2024-01-16 20:00:00,0.0,0.0,21.77,44.06,1.78
2024-01-16 21:00:00,0.0,0.0,21.02,45.44,1.66
2024-01-16 22:00:00,0.0,0.0,20.28,46.94,1.62
2024-01-16 23:00:00,0.0,0.0,19.4,48.93,1.63
2024-01-17 00:00:00,0.0,0.0,18.46,50.75,1.81
2024-01-17 01:00:00,0.0,0.0,17.59,52.0,2.17
2024-01-17 02:00:00,0.0,0.0,16.67,53.52,2.48
2024-01-17 03:00:00,0.0,0.0,15.74,54.93,2.62
2024-01-17 04:00:00,0.0,0.0,14.9,55.92,2.66
2024-01-17 05:00:00,0.0,0.0,14.17,56.87,2.7
2024-01-17 06:00:00,11.88,11.88,14.04,55.59,3.09
2024-01-17 07:00:00,168.88,168.93,16.12,47.0,4.08
2024-01-17 08:00:00,375.62,375.7,19.54,39.86,3.48
2024-01-17 09:00:00,544.83,544.92,24.95,28.02,4.06
2024-01-17 10:00:00,714.62,714.72,30.0,16.0,5.96
2024-01-17 11:00:00,818.2,818.25,32.81,12.44,5.43
2024-01-17 12:00:00,911.05,911.05,34.16,11.61,4.6
2024-01-17 13:00:00,844.97,845.0,34.77,11.39,4.09
2024-01-17 14:00:00,701.92,702.0,34.71,11.59,3.82
2024-01-17 15:00:00,496.6,496.73,34.01,12.5,3.59
2024-01-17 16:00:00,258.02,258.17,31.92,19.85,2.43
2024-01-17 17:00:00,53.85,53.9,26.63,37.49,1.56
2024-01-17 18:00:00,0.0,0.0,23.86,40.7,1.72
2024-01-17 19:00:00,0.0,0.0,22.67,42.79,1.8
2024-01-17 20:00:00,0.0,0.0,21.66,44.92,1.82
2024-01-17 21:00:00,0.0,0.0,20.77,46.99,1.78
2024-01-17 22:00:00,0.0,0.0,19.95,49.29,1.73
2024-01-17 23:00:00,0.0,0.0,19.13,52.06,1.67
2024-01-18 00:00:00,0.0,0.0,18.27,55.45,1.62
2024-01-18 01:00:00,0.0,0.0,17.37,59.7,1.58
2024-01-18 02:00:00,0.0,0.0,16.51,64.3,1.53
2024-01-18 03:00:00,0.0,0.0,15.75,68.39,1.55
2024-01-18 04:00:00,0.0,0.0,15.1,71.79,1.58
2024-01-18 05:00:00,0.0,0.0,14.54,74.27,1.61
2024-01-18 06:00:00,13.2,13.2,14.69,73.88,1.78
2024-01-18 07:00:00,173.65,173.88,17.49,60.71,3.18
2024-01-18 08:00:00,378.02,378.35,20.66,51.14,2.6
2024-01-18 09:00:00,592.08,592.28,25.34,35.38,2.95
2024-01-18 10:00:00,759.78,760.2,29.61,24.56,3.07
2024-01-18 11:00:00,859.53,859.83,32.75,18.41,3.05
2024-01-18 12:00:00,869.42,869.67,34.02,16.62,2.7
2024-01-18 13:00:00,803.85,804.17,34.66,15.45,2.45
2024-01-18 14:00:00,661.83,662.25,34.74,14.91,2.25
2024-01-18 15:00:00,459.65,460.12,34.23,15.19,2.07
2024-01-18 16:00:00,265.25,265.7,32.73,20.2,1.35
2024-01-18 17:00:00,50.65,50.75,29.29,35.53,0.89
2024-01-18 18:00:00,0.0,0.0,27.67,33.26,0.98
2024-01-18 19:00:00,0.0,0.0,26.67,34.44,0.99
2024-01-18 20:00:00,0.0,0.0,25.79,35.49,1.0
2024-01-18 21:00:00,0.0,0.0,25.11,35.62,1.0
2024-01-18 22:00:00,0.0,0.0,24.48,36.2,0.97
2024-01-18 23:00:00,0.0,0.0,23.77,37.29,0.94
2024-01-19 00:00:00,0.0,0.0,22.99,38.67,0.93
2024-01-19 01:00:00,0.0,0.0,22.18,40.43,0.92
2024-01-19 02:00:00,0.0,0.0,21.36,42.62,0.93
2024-01-19 03:00:00,0.0,0.0,20.53,44.92,0.96
2024-01-19 04:00:00,0.0,0.0,19.63,47.78,0.99
2024-01-19 05:00:00,0.0,0.0,18.66,51.39,1.0
2024-01-19 06:00:00,11.3,11.32,17.89,56.91,0.97
2024-01-19 07:00:00,153.27,153.43,19.99,48.99,1.49
2024-01-19 08:00:00,350.52,350.77,22.31,41.7,1.53
2024-01-19 09:00:00,524.03,524.35,26.21,32.07,1.21
2024-01-19 10:00:00,684.83,685.17,30.32,23.11,0.93
2024-01-19 11:00:00,786.2,786.38,33.44,18.21,1.01
2024-01-19 12:00:00,846.3,846.47,34.55,16.83,1.15
2024-01-19 13:00:00,782.55,782.72,35.03,16.21,1.24
2024-01-19 14:00:00,641.8,642.0,35.04,15.96,1.35
2024-01-19 15:00:00,437.27,437.42,34.43,16.45,1.43
2024-01-19 16:00:00,253.7,253.85,32.97,21.16,1.16
2024-01-19 17:00:00,47.6,47.62,28.82,40.65,1.01
2024-01-19 18:00:00,0.0,0.0,26.01,42.88,1.3
2024-01-19 19:00:00,0.0,0.0,24.57,45.17,1.47
2024-01-19 20:00:00,0.0,0.0,23.55,46.85,1.61
2024-01-19 21:00:00,0.0,0.0,22.73,48.45,1.67
2024-01-19 22:00:00,0.0,0.0,22.1,49.68,1.62
2024-01-19 23:00:00,0.0,0.0,21.65,50.39,1.56
2024-01-20 00:00:00,0.0,0.0,21.35,50.36,1.5
2024-01-20 01:00:00,0.0,0.0,21.01,50.44,1.46
2024-01-20 02:00:00,0.0,0.0,20.47,51.46,1.43
2024-01-20 03:00:00,0.0,0.0,19.62,53.95,1.4
2024-01-20 04:00:00,0.0,0.0,18.51,57.47,1.4
2024-01-20 05:00:00,0.0,0.0,17.42,60.72,1.43
2024-01-20 06:00:00,11.0,11.0,17.06,61.92,1.52
2024-01-20 07:00:00,155.3,155.45,19.98,47.47,3.05
2024-01-20 08:00:00,366.8,367.08,22.54,41.01,2.53
2024-01-20 09:00:00,532.6,532.9,26.99,30.87,2.33
2024-01-20 10:00:00,698.65,698.95,31.44,20.82,2.45
2024-01-20 11:00:00,799.28,799.47,34.46,15.67,2.38
2024-01-20 12:00:00,879.65,879.75,35.61,14.52,2.49
2024-01-20 13:00:00,818.92,818.92,36.08,14.03,2.69
2024-01-20 14:00:00,681.45,681.58,36.01,14.1,2.95
2024-01-20 15:00:00,483.5,483.7,35.36,14.91,3.08
2024-01-20 16:00:00,252.98,253.15,33.54,20.93,2.33
2024-01-20 17:00:00,55.9,55.92,28.63,39.47,1.41
2024-01-20 18:00:00,0.0,0.0,26.01,42.89,1.53
2024-01-20 19:00:00,0.0,0.0,24.95,44.56,1.58
2024-01-20 20:00:00,0.0,0.0,24.08,46.02,1.56
2024-01-20 21:00:00,0.0,0.0,23.31,47.33,1.53
2024-01-20 22:00:00,0.0,0.0,22.59,48.56,1.49
2024-01-20 23:00:00,0.0,0.0,21.86,50.21,1.46
2024-01-21 00:00:00,0.0,0.0,21.03,52.48,1.43
2024-01-21 01:00:00,0.0,0.0,20.12,55.41,1.42
2024-01-21 02:00:00,0.0,0.0,19.18,58.86,1.44
2024-01-21 03:00:00,0.0,0.0,18.31,62.68,1.46
2024-01-21 04:00:00,0.0,0.0,17.52,66.46,1.46
2024-01-21 05:00:00,0.0,0.0,16.83,69.64,1.46
2024-01-21 06:00:00,12.38,12.4,16.88,70.21,1.57
2024-01-21 07:00:00,171.43,171.68,19.65,56.64,2.9
2024-01-21 08:00:00,384.62,384.95,22.89,45.73,2.47
2024-01-21 09:00:00,601.65,601.88,27.15,30.49,2.92
2024-01-21 10:00:00,772.28,772.42,31.03,19.86,3.42
2024-01-21 11:00:00,872.97,873.08,34.06,13.99,3.64
2024-01-21 12:00:00,905.38,905.42,35.48,12.56,3.46
2024-01-21 13:00:00,845.62,845.62,36.13,12.03,3.35
2024-01-21 14:00:00,708.58,709.85,36.15,12.03,3.38
2024-01-21 15:00:00,509.92,512.2,35.52,12.62,3.39
2024-01-21 16:00:00,273.7,275.98,33.66,18.51,2.48
2024-01-21 17:00:00,59.17,59.58,28.5,36.96,1.37
2024-01-21 18:00:00,0.0,0.0,25.87,39.63,1.43
2024-01-21 19:00:00,0.0,0.0,25.18,39.79,1.41
2024-01-21 20:00:00,0.0,0.0,24.93,38.35,1.39
2024-01-21 21:00:00,0.0,0.0,24.59,37.34,1.4
2024-01-21 22:00:00,0.0,0.0,23.58,38.91,1.44
2024-01-21 23:00:00,0.0,0.0,21.55,44.25,1.51
2024-01-22 00:00:00,0.0,0.0,19.8,47.09,1.76
2024-01-22 01:00:00,0.0,0.0,18.58,47.76,2.08
2024-01-22 02:00:00,0.0,0.0,17.34,49.62,2.21
2024-01-22 03:00:00,0.0,0.0,16.24,52.17,2.22
2024-01-22 04:00:00,0.0,0.0,15.24,55.82,2.12
2024-01-22 05:00:00,0.0,0.0,14.27,60.52,1.88
2024-01-22 06:00:00,13.98,14.0,14.15,62.42,1.96
2024-01-22 07:00:00,188.5,188.95,16.56,51.83,3.08
2024-01-22 08:00:00,418.67,419.3,20.0,44.04,2.46
2024-01-22 09:00:00,643.75,644.22,25.33,28.72,3.01
2024-01-22 10:00:00,816.2,816.55,29.83,19.15,3.85
2024-01-22 11:00:00,918.95,919.15,33.7,12.2,4.38
2024-01-22 12:00:00,948.3,948.4,35.27,10.81,4.03
2024-01-22 13:00:00,885.62,885.62,35.87,10.39,3.82
2024-01-22 14:00:00,744.35,744.8,35.79,10.46,3.77
2024-01-22 15:00:00,537.78,538.7,35.25,11.02,3.75
2024-01-22 16:00:00,290.33,291.75,33.32,16.52,2.72
2024-01-22 17:00:00,63.97,64.25,27.86,35.0,1.45
2024-01-22 18:00:00,0.0,0.0,25.0,38.7,1.47
2024-01-22 19:00:00,0.0,0.0,24.13,39.95,1.43
2024-01-22 20:00:00,0.0,0.0,23.92,38.72,1.42
2024-01-22 21:00:00,0.0,0.0,24.19,35.73,1.34
2024-01-22 22:00:00,0.0,0.0,24.28,33.71,1.23
2024-01-22 23:00:00,0.0,0.0,23.46,35.07,1.22
2024-01-23 00:00:00,0.0,0.0,21.43,41.59,1.33
2024-01-23 01:00:00,0.0,0.0,18.96,50.82,1.41
2024-01-23 02:00:00,0.0,0.0,17.43,56.25,1.54
2024-01-23 03:00:00,0.0,0.0,16.49,59.54,1.64
2024-01-23 04:00:00,0.0,0.0,15.69,62.42,1.61
2024-01-23 05:00:00,0.0,0.0,15.05,64.59,1.62
2024-01-23 06:00:00,13.12,13.23,15.31,64.55,1.8
2024-01-23 07:00:00,178.5,180.32,18.78,51.31,3.43
2024-01-23 08:00:00,393.73,396.88,22.17,44.8,2.66
2024-01-23 09:00:00,611.3,614.22,27.15,32.56,2.55
2024-01-23 10:00:00,773.5,782.33,31.54,22.39,2.75
2024-01-23 11:00:00,854.17,876.55,34.33,17.78,2.73
2024-01-23 12:00:00,842.78,879.42,35.49,17.02,2.43
2024-01-23 13:00:00,763.05,813.47,35.99,16.83,2.19
2024-01-23 14:00:00,562.72,672.08,35.9,17.36,2.06
2024-01-23 15:00:00,378.0,472.2,35.34,18.45,1.96
2024-01-23 16:00:00,203.8,243.3,34.04,22.86,1.39
2024-01-23 17:00:00,50.8,51.62,31.27,35.09,0.78
2024-01-23 18:00:00,0.0,0.0,29.64,36.27,0.74
2024-01-23 19:00:00,0.0,0.0,28.62,38.39,0.77
2024-01-23 20:00:00,0.0,0.0,27.66,40.97,0.86
2024-01-23 21:00:00,0.0,0.0,26.53,44.92,1.01
2024-01-23 22:00:00,0.0,0.0,25.42,49.9,1.15
2024-01-23 23:00:00,0.0,0.0,24.49,54.61,1.21
2024-01-24 00:00:00,0.0,0.0,23.78,58.45,1.23
2024-01-24 01:00:00,0.0,0.0,23.34,61.02,1.19
2024-01-24 02:00:00,0.0,0.0,23.11,62.52,1.09
2024-01-24 03:00:00,0.0,0.0,22.25,67.34,1.1
2024-01-24 04:00:00,0.0,0.0,21.32,73.73,1.1
2024-01-24 05:00:00,0.0,0.0,20.88,79.11,1.04
2024-01-24 06:00:00,10.9,10.95,21.17,83.07,0.89
2024-01-24 07:00:00,132.8,133.43,23.82,74.97,1.33
2024-01-24 08:00:00,328.8,334.33,27.4,64.34,1.3
2024-01-24 09:00:00,530.67,538.38,31.21,50.48,1.62
2024-01-24 10:00:00,690.3,698.7,33.5,41.2,1.83
2024-01-24 11:00:00,786.33,794.35,35.07,34.87,2.42
2024-01-24 12:00:00,845.35,852.62,36.01,30.85,3.03
2024-01-24 13:00:00,784.42,789.62,36.43,28.22,3.38
2024-01-24 14:00:00,644.92,648.75,36.41,26.49,3.47
2024-01-24 15:00:00,448.52,450.88,35.77,25.95,3.41
2024-01-24 16:00:00,227.95,228.9,34.46,27.94,2.87
2024-01-24 17:00:00,51.97,52.05,30.6,43.37,1.49
2024-01-24 18:00:00,0.0,0.0,28.03,46.89,1.76
2024-01-24 19:00:00,0.0,0.0,26.91,45.93,2.17
2024-01-24 20:00:00,0.0,0.0,25.87,44.99,2.38
2024-01-24 21:00:00,0.0,0.0,24.84,44.51,2.39
2024-01-24 22:00:00,0.0,0.0,23.89,44.43,2.44
2024-01-24 23:00:00,0.0,0.0,22.88,44.66,2.77
2024-01-25 00:00:00,0.0,0.0,21.7,45.23,3.35
2024-01-25 01:00:00,0.0,0.0,20.19,47.6,3.79
2024-01-25 02:00:00,0.0,0.0,18.69,50.55,3.97
2024-01-25 03:00:00,0.0,0.0,17.51,53.03,3.87
2024-01-25 04:00:00,0.0,0.0,16.62,55.05,3.81
2024-01-25 05:00:00,0.0,0.0,15.89,56.99,3.9
2024-01-25 06:00:00,10.77,10.77,15.55,57.73,4.16
2024-01-25 07:00:00,152.3,152.3,17.28,51.65,4.53
2024-01-25 08:00:00,356.12,356.12,21.29,40.13,4.53
2024-01-25 09:00:00,522.9,522.9,25.89,27.74,5.06
2024-01-25 10:00:00,680.83,680.85,29.59,20.23,6.06
2024-01-25 11:00:00,779.83,779.83,32.2,16.23,6.2
2024-01-25 12:00:00,868.08,868.08,33.51,15.28,5.81
2024-01-25 13:00:00,807.6,807.6,34.12,15.25,5.39
2024-01-25 14:00:00,669.35,669.35,34.14,15.93,4.96
2024-01-25 15:00:00,471.42,471.45,33.56,17.45,4.51
2024-01-25 16:00:00,246.35,246.38,32.06,21.41,3.63
2024-01-25 17:00:00,60.0,60.0,27.73,36.48,1.95
2024-01-25 18:00:00,0.0,0.0,25.11,42.46,1.94
2024-01-25 19:00:00,0.0,0.0,24.18,44.25,2.02
2024-01-25 20:00:00,0.0,0.0,23.36,46.04,1.99
2024-01-25 21:00:00,0.0,0.0,22.62,47.77,1.89
2024-01-25 22:00:00,0.0,0.0,21.88,49.6,1.83
2024-01-25 23:00:00,0.0,0.0,21.07,51.16,1.97
2024-01-26 00:00:00,0.0,0.0,20.15,52.71,2.33
2024-01-26 01:00:00,0.0,0.0,19.09,54.27,2.8
2024-01-26 02:00:00,0.0,0.0,17.88,56.2,3.03
2024-01-26 03:00:00,0.0,0.0,16.76,57.84,3.21
2024-01-26 04:00:00,0.0,0.0,15.82,58.97,3.39
2024-01-26 05:00:00,0.0,0.0,15.01,60.38,3.49
2024-01-26 06:00:00,12.45,12.48,14.62,60.72,3.83
2024-01-26 07:00:00,172.8,173.45,16.36,54.02,4.22
2024-01-26 08:00:00,383.17,384.7,20.57,41.65,4.22
2024-01-26 09:00:00,602.6,604.95,26.04,25.4,6.48
2024-01-26 10:00:00,772.5,775.17,29.92,18.14,7.0
2024-01-26 11:00:00,874.72,875.7,31.86,16.26,6.32
2024-01-26 12:00:00,902.9,904.8,32.88,15.68,5.78
2024-01-26 13:00:00,842.35,842.38,33.33,15.67,5.2
2024-01-26 14:00:00,695.9,703.1,33.29,16.03,4.62
2024-01-26 15:00:00,497.33,497.48,32.59,16.86,4.2
2024-01-26 16:00:00,261.38,261.9,31.12,19.69,3.46
2024-01-26 17:00:00,63.17,63.35,26.63,36.27,1.71
2024-01-26 18:00:00,0.0,0.0,23.88,42.42,1.7
2024-01-26 19:00:00,0.0,0.0,22.97,44.16,1.75
2024-01-26 20:00:00,0.0,0.0,22.22,45.84,1.73
2024-01-26 21:00:00,0.0,0.0,21.47,47.32,1.74
2024-01-26 22:00:00,0.0,0.0,20.83,48.18,1.8
2024-01-26 23:00:00,0.0,0.0,20.14,49.45,1.91
2024-01-27 00:00:00,0.0,0.0,19.48,50.31,2.23
2024-01-27 01:00:00,0.0,0.0,18.79,51.32,2.72
2024-01-27 02:00:00,0.0,0.0,18.0,52.99,3.09
2024-01-27 03:00:00,0.0,0.0,17.11,55.64,3.15
2024-01-27 04:00:00,0.0,0.0,16.33,57.99,3.27
2024-01-27 05:00:00,0.0,0.0,15.67,60.01,3.49
2024-01-27 06:00:00,10.23,10.23,15.45,60.29,3.8
2024-01-27 07:00:00,139.68,139.77,17.01,54.38,4.13
2024-01-27 08:00:00,309.8,309.98,20.29,44.39,4.15
2024-01-27 09:00:00,505.17,505.42,24.57,30.66,5.59
2024-01-27 10:00:00,664.22,664.47,28.19,22.24,6.27
2024-01-27 11:00:00,761.75,761.92,30.57,19.04,5.97
2024-01-27 12:00:00,816.7,816.8,32.12,17.75,5.33
2024-01-27 13:00:00,751.47,751.47,32.95,17.26,4.7
2024-01-27 14:00:00,611.8,611.95,33.11,17.37,4.15
2024-01-27 15:00:00,418.98,419.23,32.71,18.11,3.77
2024-01-27 16:00:00,210.23,210.4,31.1,23.13,2.8
2024-01-27 17:00:00,50.9,50.95,26.76,39.35,1.65
2024-01-27 18:00:00,0.0,0.0,24.42,43.07,1.85
2024-01-27 19:00:00,0.0,0.0,23.61,43.89,2.01
2024-01-27 20:00:00,0.0,0.0,22.91,45.19,2.02
2024-01-27 21:00:00,0.0,0.0,22.26,46.66,1.93
2024-01-27 22:00:00,0.0,0.0,21.61,48.06,1.9
2024-01-27 23:00:00,0.0,0.0,20.91,48.87,2.05
2024-01-28 00:00:00,0.0,0.0,20.14,49.48,2.35
2024-01-28 01:00:00,0.0,0.0,19.21,50.96,2.6
2024-01-28 02:00:00,0.0,0.0,18.22,53.13,2.74
2024-01-28 03:00:00,0.0,0.0,17.29,55.37,2.78
2024-01-28 04:00:00,0.0,0.0,16.54,57.25,2.77
2024-01-28 05:00:00,0.0,0.0,16.0,58.42,2.84
2024-01-28 06:00:00,9.48,9.52,15.87,57.73,3.28
2024-01-28 07:00:00,125.7,126.53,17.33,51.38,3.85
2024-01-28 08:00:00,284.58,286.5,20.52,41.0,3.92
2024-01-28 09:00:00,479.67,482.75,24.51,28.76,4.99
2024-01-28 10:00:00,643.0,646.62,27.82,22.19,5.18
2024-01-28 11:00:00,745.35,748.92,30.63,18.52,4.82
2024-01-28 12:00:00,773.0,776.1,32.7,16.74,4.11
2024-01-28 13:00:00,711.03,713.8,33.66,16.3,3.54
2024-01-28 14:00:00,575.65,577.97,33.86,16.38,3.21
2024-01-28 15:00:00,391.5,393.12,33.19,17.43,2.93
2024-01-28 16:00:00,214.12,214.93,31.39,25.59,1.79
2024-01-28 17:00:00,48.62,48.75,27.3,42.34,1.25
2024-01-28 18:00:00,0.0,0.0,25.06,43.84,1.47
2024-01-28 19:00:00,0.0,0.0,24.01,44.77,1.64
2024-01-28 20:00:00,0.0,0.0,23.13,46.12,1.69
2024-01-28 21:00:00,0.0,0.0,22.37,48.19,1.56
2024-01-28 22:00:00,0.0,0.0,21.74,50.01,1.46
2024-01-28 23:00:00,0.0,0.0,21.14,51.06,1.47
2024-01-29 00:00:00,0.0,0.0,20.49,51.81,1.55
2024-01-29 01:00:00,0.0,0.0,19.78,52.4,1.74
2024-01-29 02:00:00,0.0,0.0,19.05,52.81,2.1
2024-01-29 03:00:00,0.0,0.0,18.28,53.32,2.49
2024-01-29 04:00:00,0.0,0.0,17.42,54.25,2.63
2024-01-29 05:00:00,0.0,0.0,16.65,55.31,2.6
2024-01-29 06:00:00,9.38,9.4,16.56,53.81,2.98
2024-01-29 07:00:00,139.4,140.12,18.02,47.47,3.62
2024-01-29 08:00:00,344.17,345.73,20.82,41.31,3.07
2024-01-29 09:00:00,499.48,500.73,25.89,28.37,4.06
2024-01-29 10:00:00,652.08,656.3,30.45,19.22,4.82
2024-01-29 11:00:00,752.62,757.22,33.7,15.01,4.27
2024-01-29 12:00:00,830.25,835.1,35.14,14.6,3.66
2024-01-29 13:00:00,765.2,769.45,35.82,14.61,3.31
2024-01-29 14:00:00,623.33,626.65,35.9,14.93,3.0
2024-01-29 15:00:00,425.25,427.67,35.43,15.7,2.63
2024-01-29 16:00:00,250.25,252.77,33.94,20.7,1.75
2024-01-29 17:00:00,54.05,54.4,29.82,39.59,1.03
2024-01-29 18:00:00,0.0,0.0,27.45,40.94,1.21
2024-01-29 19:00:00,0.0,0.0,26.21,43.31,1.27
2024-01-29 20:00:00,0.0,0.0,25.35,45.52,1.29
2024-01-29 21:00:00,0.0,0.0,24.4,47.53,1.32
2024-01-29 22:00:00,0.0,0.0,23.62,49.76,1.32
2024-01-29 23:00:00,0.0,0.0,23.08,52.3,1.3
2024-01-30 00:00:00,0.0,0.0,22.36,54.9,1.32
2024-01-30 01:00:00,0.0,0.0,21.41,57.65,1.42
2024-01-30 02:00:00,0.0,0.0,20.62,60.73,1.48
2024-01-30 03:00:00,0.0,0.0,20.02,64.37,1.38
2024-01-30 04:00:00,0.0,0.0,19.56,67.86,1.3
2024-01-30 05:00:00,0.0,0.0,19.11,70.48,1.45
2024-01-30 06:00:00,9.45,9.38,19.13,71.01,1.99
2024-01-30 07:00:00,111.03,111.9,20.81,64.17,3.19
2024-01-30 08:00:00,279.9,284.08,23.8,53.04,3.14
2024-01-30 09:00:00,474.33,478.65,27.64,39.55,3.72
2024-01-30 10:00:00,643.42,643.6,31.39,28.67,3.91
2024-01-30 11:00:00,736.08,739.47,33.99,23.58,3.62
2024-01-30 12:00:00,792.03,798.3,35.31,21.59,3.34
2024-01-30 13:00:00,735.22,735.22,35.95,20.58,3.18
2024-01-30 14:00:00,598.0,599.95,36.0,20.24,3.12
2024-01-30 15:00:00,403.1,405.77,35.46,20.71,3.02
2024-01-30 16:00:00,211.77,212.3,34.03,25.35,2.24
2024-01-30 17:00:00,48.9,48.8,30.22,43.01,1.15
2024-01-30 18:00:00,0.0,0.0,27.98,45.86,1.24
2024-01-30 19:00:00,0.0,0.0,26.98,46.93,1.3
2024-01-30 20:00:00,0.0,0.0,26.16,48.12,1.27
2024-01-30 21:00:00,0.0,0.0,25.49,49.13,1.22
2024-01-30 22:00:00,0.0,0.0,24.77,50.37,1.21
2024-01-30 23:00:00,0.0,0.0,23.84,52.49,1.25
2024-01-31 00:00:00,0.0,0.0,22.8,55.02,1.38
2024-01-31 01:00:00,0.0,0.0,21.85,57.56,1.62
2024-01-31 02:00:00,0.0,0.0,21.15,59.83,1.99
2024-01-31 03:00:00,0.0,0.0,20.43,62.55,2.4
2024-01-31 04:00:00,0.0,0.0,19.8,64.85,2.92
2024-01-31 05:00:00,0.0,0.0,19.24,67.12,3.31
2024-01-31 06:00:00,9.82,9.82,18.99,68.0,3.61
2024-01-31 07:00:00,142.32,142.4,20.24,61.96,3.8
2024-01-31 08:00:00,301.35,301.48,23.22,49.99,3.54
2024-01-31 09:00:00,494.2,494.35,28.02,30.27,4.59
2024-01-31 10:00:00,652.8,652.92,32.27,20.75,4.84
2024-01-31 11:00:00,748.67,748.78,34.38,19.74,4.25
2024-01-31 12:00:00,781.4,781.45,35.66,19.1,3.84
2024-01-31 13:00:00,718.35,718.35,36.31,18.67,3.49
2024-01-31 14:00:00,579.85,581.85,36.38,18.7,3.29
2024-01-31 15:00:00,390.98,393.83,35.73,19.42,3.1
2024-01-31 16:00:00,203.68,204.48,34.06,25.16,2.17
2024-01-31 17:00:00,47.55,47.33,30.02,41.58,1.28
2024-01-31 18:00:00,0.0,0.0,27.8,44.45,1.4
2024-01-31 19:00:00,0.0,0.0,26.82,46.1,1.38
2024-01-31 20:00:00,0.0,0.0,26.05,47.91,1.33
2024-01-31 21:00:00,0.0,0.0,25.38,49.39,1.31
2024-01-31 22:00:00,0.0,0.0,24.68,50.63,1.34
2024-01-31 23:00:00,0.0,0.0,23.87,51.84,1.44
2024-02-01 00:00:00,0.0,0.0,23.08,52.66,1.66
2024-02-01 01:00:00,0.0,0.0,22.34,53.76,2.0
2024-02-01 02:00:00,0.0,0.0,21.57,55.9,2.31
2024-02-01 03:00:00,0.0,0.0,20.79,58.72,2.51
2024-02-01 04:00:00,0.0,0.0,20.07,61.28,2.7
2024-02-01 05:00:00,0.0,0.0,19.44,63.56,2.85
2024-02-01 06:00:00,9.62,9.6,19.24,63.49,3.35
2024-02-01 07:00:00,113.0,113.4,20.53,57.13,4.01
2024-02-01 08:00:00,287.17,290.5,23.42,45.83,3.97
2024-02-01 09:00:00,483.5,489.8,27.13,32.02,4.93
2024-02-01 10:00:00,648.88,653.47,30.24,24.88,5.16
2024-02-01 11:00:00,743.97,747.08,33.11,20.09,5.05
2024-02-01 12:00:00,738.7,740.22,34.63,18.55,4.59
2024-02-01 13:00:00,683.38,683.38,35.13,18.28,4.16
2024-02-01 14:00:00,554.28,554.55,34.9,18.67,3.87
2024-02-01 15:00:00,378.83,379.23,34.16,19.81,3.68
2024-02-01 16:00:00,209.45,209.75,32.38,26.45,2.56
2024-02-01 17:00:00,47.15,47.2,28.68,38.76,1.78
2024-02-01 18:00:00,0.0,0.0,26.51,42.57,1.83
2024-02-01 19:00:00,0.0,0.0,25.64,44.31,1.81
2024-02-01 20:00:00,0.0,0.0,24.92,46.18,1.72
2024-02-01 21:00:00,0.0,0.0,24.28,47.67,1.69
2024-02-01 22:00:00,0.0,0.0,23.59,48.98,1.77
2024-02-01 23:00:00,0.0,0.0,22.81,50.19,2.03
2024-02-02 00:00:00,0.0,0.0,21.95,51.55,2.45
2024-02-02 01:00:00,0.0,0.0,21.07,53.05,2.83
2024-02-02 02:00:00,0.0,0.0,20.25,54.24,3.16
2024-02-02 03:00:00,0.0,0.0,19.87,53.76,3.63
2024-02-02 04:00:00,0.0,0.0,19.35,54.27,3.52
2024-02-02 05:00:00,0.0,0.0,18.39,56.94,2.82
2024-02-02 06:00:00,9.57,9.52,18.29,55.09,3.2
2024-02-02 07:00:00,109.97,110.2,19.83,47.87,4.14
2024-02-02 08:00:00,284.08,285.42,22.72,39.18,4.44
2024-02-02 09:00:00,481.12,482.25,26.51,28.38,6.06
2024-02-02 10:00:00,651.47,652.7,30.08,21.62,6.89
2024-02-02 11:00:00,759.15,759.92,32.64,18.22,6.61
2024-02-02 12:00:00,714.53,716.83,34.12,16.99,5.88
2024-02-02 13:00:00,659.85,661.53,34.88,16.53,5.28
2024-02-02 14:00:00,535.85,536.97,34.94,16.66,4.8
2024-02-02 15:00:00,364.62,365.25,33.99,17.91,4.46
2024-02-02 16:00:00,182.77,183.0,32.0,23.79,3.19
2024-02-02 17:00:00,44.72,44.75,28.21,35.72,2.08
2024-02-02 18:00:00,0.0,0.0,26.1,40.55,2.01
2024-02-02 19:00:00,0.0,0.0,25.22,42.89,1.93
2024-02-02 20:00:00,0.0,0.0,24.45,45.25,1.81
2024-02-02 21:00:00,0.0,0.0,23.69,47.32,1.81
2024-02-02 22:00:00,0.0,0.0,22.93,48.97,2.02
2024-02-02 23:00:00,0.0,0.0,22.14,50.71,2.41
2024-02-03 00:00:00,0.0,0.0,21.27,52.46,2.91
2024-02-03 01:00:00,0.0,0.0,20.43,53.44,3.36
2024-02-03 02:00:00,0.0,0.0,19.57,54.4,3.46
2024-02-03 03:00:00,0.0,0.0,18.91,54.79,3.41
2024-02-03 04:00:00,0.0,0.0,18.44,54.65,3.4
2024-02-03 05:00:00,0.0,0.0,18.1,54.41,3.5
2024-02-03 06:00:00,9.23,9.27,18.05,53.53,3.89
2024-02-03 07:00:00,122.93,123.9,19.26,49.01,4.5
2024-02-03 08:00:00,283.25,285.55,21.38,43.19,4.26
2024-02-03 09:00:00,472.25,475.85,24.85,31.33,5.49
2024-02-03 10:00:00,631.17,635.35,27.84,23.25,6.15
2024-02-03 11:00:00,727.67,731.62,29.96,20.02,5.64
2024-02-03 12:00:00,749.15,752.42,31.22,18.9,4.86
2024-02-03 13:00:00,686.38,690.7,31.6,19.0,4.2
2024-02-03 14:00:00,554.33,558.72,31.28,19.86,3.85
2024-02-03 15:00:00,376.35,379.65,30.59,21.77,3.6
2024-02-03 16:00:00,188.62,190.23,29.02,28.45,2.67
2024-02-03 17:00:00,49.53,49.85,25.94,39.9,1.78
2024-02-03 18:00:00,0.0,0.0,23.85,44.75,1.73
2024-02-03 19:00:00,0.0,0.0,23.03,46.09,1.76
2024-02-03 20:00:00,0.0,0.0,22.42,46.98,1.76
2024-02-03 21:00:00,0.0,0.0,21.9,47.73,1.75
2024-02-03 22:00:00,0.0,0.0,21.34,49.02,1.73
2024-02-03 23:00:00,0.0,0.0,20.76,50.67,1.74
2024-02-04 00:00:00,0.0,0.0,20.37,52.08,1.89
2024-02-04 01:00:00,0.0,0.0,19.9,53.32,2.24
2024-02-04 02:00:00,0.0,0.0,19.2,54.82,2.62
2024-02-04 03:00:00,0.0,0.0,18.35,56.38,2.83
2024-02-04 04:00:00,0.0,0.0,17.69,56.66,2.98
2024-02-04 05:00:00,0.0,0.0,17.1,56.96,2.96
2024-02-04 06:00:00,9.35,9.38,17.04,55.49,3.3
2024-02-04 07:00:00,106.15,106.75,18.52,48.87,4.16
2024-02-04 08:00:00,271.8,274.58,21.16,41.5,4.02
2024-02-04 09:00:00,467.6,473.0,25.88,26.32,5.8
2024-02-04 10:00:00,653.05,653.2,29.43,19.79,6.13
2024-02-04 11:00:00,757.08,759.97,32.39,16.34,5.53
2024-02-04 12:00:00,767.6,773.88,34.33,15.11,4.8
2024-02-04 13:00:00,696.78,712.97,35.17,14.94,4.41
2024-02-04 14:00:00,568.9,577.03,35.26,15.3,4.27
2024-02-04 15:00:00,373.3,389.92,34.38,16.59,4.07
2024-02-04 16:00:00,189.12,193.3,32.37,22.84,2.85
2024-02-04 17:00:00,49.4,49.38,28.64,34.46,2.04
2024-02-04 18:00:00,0.0,0.0,26.71,37.62,2.15
2024-02-04 19:00:00,0.0,0.0,25.86,39.35,2.03
2024-02-04 20:00:00,0.0,0.0,25.19,41.47,1.82
2024-02-04 21:00:00,0.0,0.0,24.71,43.24,1.71
2024-02-04 22:00:00,0.0,0.0,24.09,45.25,1.68
2024-02-04 23:00:00,0.0,0.0,23.27,46.81,1.91
2024-02-05 00:00:00,0.0,0.0,22.43,47.18,2.58
2024-02-05 01:00:00,0.0,0.0,21.3,49.09,3.05
2024-02-05 02:00:00,0.0,0.0,19.81,53.41,2.77
2024-02-05 03:00:00,0.0,0.0,18.8,54.91,2.88
2024-02-05 04:00:00,0.0,0.0,17.97,55.95,2.79
2024-02-05 05:00:00,0.0,0.0,17.43,55.62,2.96
2024-02-05 06:00:00,10.07,10.15,17.5,52.87,3.55
2024-02-05 07:00:00,111.65,115.18,19.03,46.38,4.28
2024-02-05 08:00:00,280.62,295.92,21.64,39.0,4.35
2024-02-05 09:00:00,479.77,501.55,25.55,26.59,6.18
2024-02-05 10:00:00,633.55,673.55,28.79,20.86,6.46
2024-02-05 11:00:00,765.17,777.5,31.21,17.73,6.38
2024-02-05 12:00:00,739.33,743.33,32.43,16.59,5.98
2024-02-05 13:00:00,685.28,686.42,33.05,16.36,5.46
2024-02-05 14:00:00,534.92,539.3,32.55,17.43,4.79
2024-02-05 15:00:00,330.58,361.83,31.07,22.99,3.21
2024-02-05 16:00:00,167.85,179.02,28.83,33.73,2.02
2024-02-05 17:00:00,49.45,46.88,26.67,39.64,1.94
2024-02-05 18:00:00,0.0,0.0,25.42,41.59,2.25
2024-02-05 19:00:00,0.0,0.0,24.74,43.23,2.5
2024-02-05 20:00:00,0.0,0.0,24.07,45.77,2.6
2024-02-05 21:00:00,0.0,0.0,23.31,49.04,2.53
2024-02-05 22:00:00,0.0,0.0,22.45,52.93,2.17
2024-02-05 23:00:00,0.0,0.0,21.63,57.48,1.72
2024-02-06 00:00:00,0.0,0.0,21.1,60.05,1.61
2024-02-06 01:00:00,0.0,0.0,20.64,60.64,1.81
2024-02-06 02:00:00,0.0,0.0,20.16,60.9,2.16
2024-02-06 03:00:00,0.0,0.0,19.71,60.56,2.66
2024-02-06 04:00:00,0.0,0.0,19.31,59.92,3.0
2024-02-06 05:00:00,0.0,0.0,18.88,59.78,2.97
2024-02-06 06:00:00,10.98,10.32,18.8,57.63,3.38
2024-02-06 07:00:00,117.93,120.25,19.81,51.53,4.15
2024-02-06 08:00:00,292.58,310.7,22.03,41.24,4.73
2024-02-06 09:00:00,498.08,524.55,24.89,29.19,6.23
2024-02-06 10:00:00,697.67,701.67,26.86,24.08,6.11
2024-02-06 11:00:00,793.47,809.7,28.37,21.49,5.61
2024-02-06 12:00:00,801.55,824.97,29.52,19.98,5.2
2024-02-06 13:00:00,755.08,763.35,30.05,19.51,4.81
2024-02-06 14:00:00,620.53,624.2,29.96,19.97,4.45
2024-02-06 15:00:00,425.98,428.3,29.19,22.83,3.74
2024-02-06 16:00:00,222.82,224.57,27.22,31.49,2.48
2024-02-06 17:00:00,57.72,57.88,24.76,39.14,2.11
2024-02-06 18:00:00,0.0,0.0,23.31,41.61,2.16
2024-02-06 19:00:00,0.0,0.0,22.68,42.51,2.11
2024-02-06 20:00:00,0.0,0.0,22.26,43.57,1.98
2024-02-06 21:00:00,0.0,0.0,21.84,44.78,1.91
2024-02-06 22:00:00,0.0,0.0,20.68,46.85,1.99
2024-02-06 23:00:00,0.0,0.0,19.96,47.6,2.23
2024-02-07 00:00:00,0.0,0.0,19.31,48.49,2.46
2024-02-07 01:00:00,0.0,0.0,18.57,49.5,2.6
2024-02-07 02:00:00,0.0,0.0,17.88,50.13,2.73
2024-02-07 03:00:00,0.0,0.0,17.34,50.02,3.1
2024-02-07 04:00:00,0.0,0.0,16.88,50.01,3.44
2024-02-07 05:00:00,0.0,0.0,16.34,51.53,3.29
2024-02-07 06:00:00,9.62,9.6,16.5,50.52,3.69
2024-02-07 07:00:00,130.98,131.1,18.01,45.32,4.31
2024-02-07 08:00:00,285.45,285.85,20.9,38.65,4.19
2024-02-07 09:00:00,468.4,469.15,25.18,26.79,5.83
2024-02-07 10:00:00,621.62,622.72,28.63,20.77,6.44
2024-02-07 11:00:00,717.28,718.62,31.29,17.57,6.04
2024-02-07 12:00:00,758.72,759.47,33.1,16.16,5.38
2024-02-07 13:00:00,668.92,681.5,33.99,15.77,4.94
2024-02-07 14:00:00,542.83,550.85,34.2,15.93,4.77
2024-02-07 15:00:00,388.88,390.58,33.45,17.19,4.48
2024-02-07 16:00:00,200.2,200.82,31.29,24.82,2.78
2024-02-07 17:00:00,52.28,52.28,27.33,37.69,1.78
2024-02-07 18:00:00,0.0,0.0,25.17,42.45,1.67
2024-02-07 19:00:00,0.0,0.0,24.37,45.03,1.5
2024-02-07 20:00:00,0.0,0.0,23.81,46.76,1.41
2024-02-07 21:00:00,0.0,0.0,23.14,48.19,1.43
2024-02-07 22:00:00,0.0,0.0,22.08,50.37,1.53
2024-02-07 23:00:00,0.0,0.0,21.02,52.34,1.82
2024-02-08 00:00:00,0.0,0.0,20.11,53.59,2.19
2024-02-08 01:00:00,0.0,0.0,19.11,54.71,2.32
2024-02-08 02:00:00,0.0,0.0,18.13,55.27,2.32
2024-02-08 03:00:00,0.0,0.0,17.32,54.97,2.39
2024-02-08 04:00:00,0.0,0.0,16.68,53.84,2.54
2024-02-08 05:00:00,0.0,0.0,16.06,53.27,2.61
2024-02-08 06:00:00,10.18,10.2,16.09,50.95,3.03
2024-02-08 07:00:00,131.48,131.65,18.1,42.82,4.11
2024-02-08 08:00:00,295.75,296.0,21.32,35.7,3.75
2024-02-08 09:00:00,497.88,498.0,25.86,23.57,5.07
2024-02-08 10:00:00,654.6,655.33,29.86,16.76,5.77
2024-02-08 11:00:00,753.05,754.53,32.82,13.61,5.43
2024-02-08 12:00:00,726.75,728.17,34.43,12.72,4.73
2024-02-08 13:00:00,666.4,667.53,35.22,12.38,4.4
2024-02-08 14:00:00,537.47,538.28,35.31,12.37,4.31
2024-02-08 15:00:00,368.83,369.3,34.67,12.98,4.19
2024-02-08 16:00:00,185.6,185.77,32.8,18.42,2.89
2024-02-08 17:00:00,47.53,47.53,27.95,33.84,1.66
2024-02-08 18:00:00,0.0,0.0,25.24,38.29,1.67
2024-02-08 19:00:00,0.0,0.0,24.21,40.54,1.61
2024-02-08 20:00:00,0.0,0.0,23.51,42.64,1.47
2024-02-08 21:00:00,0.0,0.0,23.3,43.1,1.35
2024-02-08 22:00:00,0.0,0.0,22.97,43.06,1.32
2024-02-08 23:00:00,0.0,0.0,21.54,47.76,1.35
2024-02-09 00:00:00,0.0,0.0,20.08,53.03,1.4
2024-02-09 01:00:00,0.0,0.0,19.1,57.27,1.45
2024-02-09 02:00:00,0.0,0.0,18.35,61.28,1.4
2024-02-09 03:00:00,0.0,0.0,17.71,64.81,1.29
2024-02-09 04:00:00,0.0,0.0,17.16,67.69,1.17
2024-02-09 05:00:00,0.0,0.0,16.71,69.86,1.1
2024-02-09 06:00:00,8.6,8.6,16.96,70.78,1.11
2024-02-09 07:00:00,116.8,116.85,19.41,59.25,2.31
2024-02-09 08:00:00,249.32,249.43,22.15,50.45,2.05
2024-02-09 09:00:00,435.3,435.45,26.04,38.22,1.88
2024-02-09 10:00:00,559.3,559.42,29.83,28.74,1.54
2024-02-09 11:00:00,650.97,651.08,33.0,21.84,1.71
2024-02-09 12:00:00,804.67,804.75,34.61,18.89,1.8
2024-02-09 13:00:00,742.3,742.35,35.5,17.17,1.77
2024-02-09 14:00:00,606.0,606.0,35.77,16.28,1.97
2024-02-09 15:00:00,422.88,422.9,35.19,16.27,2.32
2024-02-09 16:00:00,237.27,237.3,33.38,22.86,1.75
2024-02-09 17:00:00,57.2,57.2,29.17,37.48,1.41
2024-02-09 18:00:00,0.0,0.0,26.51,38.12,1.74
2024-02-09 19:00:00,0.0,0.0,25.0,38.64,1.87
2024-02-09 20:00:00,0.0,0.0,24.0,39.68,1.75
2024-02-09 21:00:00,0.0,0.0,23.57,40.89,1.57
2024-02-09 22:00:00,0.0,0.0,23.02,41.76,1.41
2024-02-09 23:00:00,0.0,0.0,22.81,41.47,1.35
2024-02-10 00:00:00,0.0,0.0,22.38,40.43,1.37
2024-02-10 01:00:00,0.0,0.0,21.65,41.2,1.39
2024-02-10 02:00:00,0.0,0.0,20.48,44.71,1.4
2024-02-10 03:00:00,0.0,0.0,19.25,48.81,1.45
2024-02-10 04:00:00,0.0,0.0,18.26,52.85,1.51
2024-02-10 05:00:00,0.0,0.0,17.43,57.24,1.56
2024-02-10 06:00:00,10.55,10.55,17.55,59.46,1.63
2024-02-10 07:00:00,147.15,147.62,20.59,48.12,2.97
2024-02-10 08:00:00,305.95,307.08,23.51,40.63,2.45
2024-02-10 09:00:00,499.92,502.0,27.97,27.92,2.48
2024-02-10 10:00:00,664.17,667.12,32.07,18.49,2.46
2024-02-10 11:00:00,767.4,771.08,34.39,14.41,1.97
2024-02-10 12:00:00,804.3,808.55,34.67,14.0,1.3
2024-02-10 13:00:00,740.78,743.33,34.74,13.93,0.9
2024-02-10 14:00:00,608.92,611.45,34.61,14.0,0.96
2024-02-10 15:00:00,408.77,413.25,34.35,14.51,1.0
2024-02-10 16:00:00,216.82,218.75,33.3,20.15,0.71
2024-02-10 17:00:00,54.85,54.97,30.71,32.2,0.68
2024-02-10 18:00:00,0.0,0.0,28.62,30.18,0.94
2024-02-10 19:00:00,0.0,0.0,27.08,33.0,1.1
2024-02-10 20:00:00,0.0,0.0,26.02,34.54,1.2
2024-02-10 21:00:00,0.0,0.0,25.39,34.93,1.25
2024-02-10 22:00:00,0.0,0.0,25.0,34.55,1.27
2024-02-10 23:00:00,0.0,0.0,24.65,34.13,1.28
2024-02-11 00:00:00,0.0,0.0,24.14,34.54,1.31
2024-02-11 01:00:00,0.0,0.0,23.41,36.28,1.33
2024-02-11 02:00:00,0.0,0.0,22.37,39.15,1.37
2024-02-11 03:00:00,0.0,0.0,21.24,42.31,1.39
2024-02-11 04:00:00,0.0,0.0,20.13,46.92,1.37
2024-02-11 05:00:00,0.0,0.0,19.17,50.98,1.32
2024-02-11 06:00:00,11.12,11.1,18.98,56.02,1.14
2024-02-11 07:00:00,154.75,154.85,22.03,46.1,1.65
2024-02-11 08:00:00,367.52,367.7,24.64,40.78,1.26
2024-02-11 09:00:00,515.03,515.2,28.98,30.58,0.79
2024-02-11 10:00:00,679.75,679.9,33.66,19.81,0.9
2024-02-11 11:00:00,783.88,784.0,36.32,15.3,1.18
2024-02-11 12:00:00,873.95,874.0,37.46,13.72,1.41
2024-02-11 13:00:00,809.6,809.6,38.04,12.73,1.51
2024-02-11 14:00:00,655.72,655.88,38.07,12.27,1.61
2024-02-11 15:00:00,448.33,463.08,37.6,12.32,1.69
2024-02-11 16:00:00,247.62,248.55,36.29,15.24,1.46
2024-02-11 17:00:00,62.0,61.85,32.37,30.65,0.98
2024-02-11 18:00:00,0.0,0.0,29.74,33.18,1.21
2024-02-11 19:00:00,0.0,0.0,28.34,35.32,1.26
2024-02-11 20:00:00,0.0,0.0,27.37,36.33,1.28
2024-02-11 21:00:00,0.0,0.0,26.72,35.91,1.29
2024-02-11 22:00:00,0.0,0.0,26.25,34.92,1.27
2024-02-11 23:00:00,0.0,0.0,25.75,34.57,1.26
2024-02-12 00:00:00,0.0,0.0,24.91,35.87,1.29
2024-02-12 01:00:00,0.0,0.0,23.85,38.46,1.32
2024-02-12 02:00:00,0.0,0.0,22.74,41.5,1.3
2024-02-12 03:00:00,0.0,0.0,21.48,45.8,1.29
2024-02-12 04:00:00,0.0,0.0,20.05,51.18,1.27
2024-02-12 05:00:00,0.0,0.0,19.12,54.97,1.24
2024-02-12 06:00:00,11.65,11.68,19.47,56.07,1.19
2024-02-12 07:00:00,136.95,137.15,22.59,40.21,2.19
2024-02-12 08:00:00,346.23,346.55,25.35,33.65,1.57
2024-02-12 09:00:00,506.0,506.17,29.76,23.96,1.19
2024-02-12 10:00:00,690.1,690.28,34.44,15.1,2.03
2024-02-12 11:00:00,802.47,802.67,37.16,12.06,2.62
2024-02-12 12:00:00,887.5,887.72,38.38,11.44,2.86
2024-02-12 13:00:00,827.42,827.62,38.95,11.4,3.01
2024-02-12 14:00:00,682.55,683.65,38.94,11.84,3.07
2024-02-12 15:00:00,467.95,469.45,38.32,12.92,3.01
2024-02-12 16:00:00,277.5,279.0,36.66,19.03,2.04
2024-02-12 17:00:00,66.3,66.43,32.43,36.22,1.1
2024-02-12 18:00:00,0.0,0.0,30.66,36.59,1.21
2024-02-12 19:00:00,0.0,0.0,30.12,37.33,1.13
2024-02-12 20:00:00,0.0,0.0,29.67,37.92,1.03
2024-02-12 21:00:00,0.0,0.0,29.1,38.85,0.91
2024-02-12 22:00:00,0.0,0.0,28.17,41.33,0.87
2024-02-12 23:00:00,0.0,0.0,26.7,49.2,1.0
2024-02-13 00:00:00,0.0,0.0,24.9,60.36,1.15
2024-02-13 01:00:00,0.0,0.0,23.88,69.37,1.11
2024-02-13 02:00:00,0.0,0.0,23.51,75.83,1.03
2024-02-13 03:00:00,0.0,0.0,23.31,80.25,0.92
2024-02-13 04:00:00,0.0,0.0,23.1,83.2,0.84
2024-02-13 05:00:00,0.0,0.0,23.06,84.58,0.68
2024-02-13 06:00:00,12.57,12.52,23.12,85.08,0.5
2024-02-13 07:00:00,143.25,143.9,24.22,78.97,1.09
2024-02-13 08:00:00,363.45,365.27,25.51,72.36,1.44
2024-02-13 09:00:00,514.67,517.12,27.79,64.16,1.0
2024-02-13 10:00:00,693.8,694.7,30.6,52.22,0.49
2024-02-13 11:00:00,809.03,809.75,32.58,42.48,1.1
2024-02-13 12:00:00,899.42,904.6,33.49,37.65,1.71
2024-02-13 13:00:00,818.65,845.72,34.12,34.2,2.02
2024-02-13 14:00:00,670.15,710.47,34.48,31.59,2.3
2024-02-13 15:00:00,457.77,512.75,34.31,30.37,2.41
2024-02-13 16:00:00,256.65,280.15,33.29,34.15,1.73
2024-02-13 17:00:00,73.28,74.45,30.49,49.28,0.93
2024-02-13 18:00:00,0.0,0.0,28.91,49.17,1.04
2024-02-13 19:00:00,0.0,0.0,28.25,47.76,1.06
2024-02-13 20:00:00,0.0,0.0,27.85,45.56,0.99
2024-02-13 21:00:00,0.0,0.0,27.57,43.76,0.88
2024-02-13 22:00:00,0.0,0.0,27.25,42.48,0.77
2024-02-13 23:00:00,0.0,0.0,26.85,42.18,0.66
2024-02-14 00:00:00,0.0,0.0,26.34,42.65,0.64
2024-02-14 01:00:00,0.0,0.0,24.94,45.77,0.77
2024-02-14 02:00:00,0.0,0.0,22.97,51.41,1.05
2024-02-14 03:00:00,0.0,0.0,20.74,58.07,1.24
2024-02-14 04:00:00,0.0,0.0,19.33,60.94,1.35
2024-02-14 05:00:00,0.0,0.0,18.77,60.88,1.39
2024-02-14 06:00:00,14.7,14.75,19.14,59.45,1.33
2024-02-14 07:00:00,174.0,174.68,22.74,41.94,2.6
2024-02-14 08:00:00,393.08,394.38,25.98,34.75,2.09
2024-02-14 09:00:00,624.33,625.03,30.71,24.39,1.61
2024-02-14 10:00:00,805.05,805.58,35.35,16.05,1.62
2024-02-14 11:00:00,913.53,913.78,37.75,12.73,2.67
2024-02-14 12:00:00,949.08,949.08,38.98,11.4,3.21
2024-02-14 13:00:00,889.9,889.9,39.57,10.88,3.51
2024-02-14 14:00:00,750.58,750.6,39.55,10.95,3.65
2024-02-14 15:00:00,546.17,546.22,38.86,11.68,3.65
2024-02-14 16:00:00,303.48,303.52,37.36,14.3,3.07
2024-02-14 17:00:00,87.22,87.25,32.4,31.53,1.4
2024-02-14 18:00:00,0.0,0.0,29.23,36.56,1.45
2024-02-14 19:00:00,0.0,0.0,28.08,38.7,1.48
2024-02-14 20:00:00,0.0,0.0,27.18,40.81,1.49
2024-02-14 21:00:00,0.0,0.0,26.32,42.85,1.5
2024-02-14 22:00:00,0.0,0.0,25.34,45.11,1.49
2024-02-14 23:00:00,0.0,0.0,24.19,47.89,1.55
2024-02-15 00:00:00,0.0,0.0,22.95,50.97,1.72
2024-02-15 01:00:00,0.0,0.0,21.76,54.29,1.92
2024-02-15 02:00:00,0.0,0.0,20.62,58.02,1.97
2024-02-15 03:00:00,0.0,0.0,19.61,61.28,1.97
2024-02-15 04:00:00,0.0,0.0,18.81,63.94,2.05
2024-02-15 05:00:00,0.0,0.0,18.2,65.65,2.21
2024-02-15 06:00:00,14.85,14.85,18.48,63.16,2.98
2024-02-15 07:00:00,173.45,173.65,20.86,52.52,3.97
2024-02-15 08:00:00,398.4,398.7,24.83,40.35,3.69
2024-02-15 09:00:00,629.9,630.12,29.71,27.44,4.27
2024-02-15 10:00:00,811.15,811.3,34.04,17.77,4.98
2024-02-15 11:00:00,918.2,918.3,36.74,13.04,5.25
2024-02-15 12:00:00,934.03,934.08,38.11,11.21,5.06
2024-02-15 13:00:00,875.28,875.28,38.76,10.33,4.89
2024-02-15 14:00:00,734.38,735.08,38.73,10.06,4.82
2024-02-15 15:00:00,528.95,530.2,38.07,10.27,4.59
2024-02-15 16:00:00,290.15,291.45,36.56,12.37,3.56
2024-02-15 17:00:00,76.5,76.72,31.35,28.77,1.5
2024-02-15 18:00:00,0.0,0.0,28.25,33.89,1.48
2024-02-15 19:00:00,0.0,0.0,27.16,35.5,1.48
2024-02-15 20:00:00,0.0,0.0,26.17,36.82,1.49
2024-02-15 21:00:00,0.0,0.0,25.34,38.21,1.49
2024-02-15 22:00:00,0.0,0.0,24.52,39.87,1.46
2024-02-15 23:00:00,0.0,0.0,23.38,42.68,1.48
2024-02-16 00:00:00,0.0,0.0,22.09,45.76,1.61
2024-02-16 01:00:00,0.0,0.0,21.07,48.16,1.96
2024-02-16 02:00:00,0.0,0.0,20.46,50.51,2.35
2024-02-16 03:00:00,0.0,0.0,19.88,53.66,2.46
2024-02-16 04:00:00,0.0,0.0,19.05,57.67,2.33
2024-02-16 05:00:00,0.0,0.0,18.06,61.94,2.16
2024-02-16 06:00:00,14.8,14.8,17.89,62.27,2.78
2024-02-16 07:00:00,177.77,178.02,19.92,53.93,3.62
2024-02-16 08:00:00,389.5,390.0,23.5,41.33,3.18
2024-02-16 09:00:00,618.72,619.47,27.72,28.18,3.54
2024-02-16 10:00:00,797.67,798.65,31.28,19.99,4.03
2024-02-16 11:00:00,905.33,906.47,34.36,14.51,4.19
2024-02-16 12:00:00,915.55,916.85,35.84,13.03,3.74
2024-02-16 13:00:00,853.4,854.83,36.22,12.7,3.2
2024-02-16 14:00:00,705.6,707.67,35.91,12.96,2.75
2024-02-16 15:00:00,495.05,509.17,35.38,13.72,2.38
2024-02-16 16:00:00,266.95,271.83,34.16,18.65,1.64
2024-02-16 17:00:00,71.05,71.25,30.11,35.16,0.97
2024-02-16 18:00:00,0.0,0.0,27.6,35.41,1.25
2024-02-16 19:00:00,0.0,0.0,26.2,36.76,1.4
2024-02-16 20:00:00,0.0,0.0,25.02,38.46,1.46
2024-02-16 21:00:00,0.0,0.0,24.22,39.73,1.44
2024-02-16 22:00:00,0.0,0.0,23.84,40.01,1.41
2024-02-16 23:00:00,0.0,0.0,23.64,39.84,1.38
2024-02-17 00:00:00,0.0,0.0,23.1,41.58,1.35
2024-02-17 01:00:00,0.0,0.0,22.28,45.02,1.3
2024-02-17 02:00:00,0.0,0.0,21.44,48.18,1.31
2024-02-17 03:00:00,0.0,0.0,20.11,51.42,1.43
2024-02-17 04:00:00,0.0,0.0,19.06,53.98,1.61
2024-02-17 05:00:00,0.0,0.0,18.39,56.03,1.75
2024-02-17 06:00:00,14.07,13.85,18.74,55.23,2.05
2024-02-17 07:00:00,149.85,152.45,21.78,43.97,3.77
2024-02-17 08:00:00,363.38,372.4,25.2,36.78,3.48
2024-02-17 09:00:00,583.45,593.03,29.6,27.78,3.72
2024-02-17 10:00:00,757.7,765.78,33.78,19.44,3.5
2024-02-17 11:00:00,862.5,867.97,36.06,16.61,3.28
2024-02-17 12:00:00,878.45,881.17,37.22,15.7,3.26
2024-02-17 13:00:00,813.95,814.0,37.74,15.42,3.11
2024-02-17 14:00:00,670.55,671.92,37.7,15.63,2.91
2024-02-17 15:00:00,473.12,475.55,37.14,16.46,2.66
2024-02-17 16:00:00,247.1,249.3,35.92,19.04,2.28
2024-02-17 17:00:00,64.4,64.6,31.9,36.7,1.08
2024-02-17 18:00:00,0.0,0.0,29.19,40.5,1.29
2024-02-17 19:00:00,0.0,0.0,28.24,41.47,1.43
2024-02-17 20:00:00,0.0,0.0,27.5,42.12,1.5
2024-02-17 21:00:00,0.0,0.0,26.69,43.24,1.45
2024-02-17 22:00:00,0.0,0.0,25.76,44.45,1.37
2024-02-17 23:00:00,0.0,0.0,25.17,44.68,1.34
2024-02-18 00:00:00,0.0,0.0,24.31,45.5,1.31
2024-02-18 01:00:00,0.0,0.0,23.24,47.39,1.25
2024-02-18 02:00:00,0.0,0.0,22.45,49.59,1.2
2024-02-18 03:00:00,0.0,0.0,21.71,51.76,1.25
2024-02-18 04:00:00,0.0,0.0,21.04,54.39,1.25
2024-02-18 05:00:00,0.0,0.0,20.48,57.25,1.29
2024-02-18 06:00:00,13.15,13.02,20.72,58.31,1.47
2024-02-18 07:00:00,138.88,141.35,23.03,50.04,2.82
2024-02-18 08:00:00,345.4,350.33,25.16,46.97,2.33
2024-02-18 09:00:00,541.6,541.75,29.34,36.81,1.9
2024-02-18 10:00:00,726.7,728.28,33.94,25.1,1.95
2024-02-18 11:00:00,830.8,833.88,36.33,20.64,1.79
2024-02-18 12:00:00,732.38,839.45,37.1,19.6,1.61
2024-02-18 13:00:00,700.47,781.72,36.82,20.11,1.45
2024-02-18 14:00:00,588.78,647.8,36.86,20.54,1.49
2024-02-18 15:00:00,436.9,456.52,36.59,21.24,1.78
2024-02-18 16:00:00,235.68,239.93,34.8,28.84,1.28
2024-02-18 17:00:00,61.15,61.35,31.86,41.81,0.99
2024-02-18 18:00:00,0.0,0.0,30.04,44.65,1.12
2024-02-18 19:00:00,0.0,0.0,28.8,45.98,1.22
2024-02-18 20:00:00,0.0,0.0,27.94,46.6,1.37
2024-02-18 21:00:00,0.0,0.0,27.21,47.68,1.34
2024-02-18 22:00:00,0.0,0.0,26.68,48.48,1.24
2024-02-18 23:00:00,0.0,0.0,26.26,48.16,1.26
2024-02-19 00:00:00,0.0,0.0,25.64,46.73,1.35
2024-02-19 01:00:00,0.0,0.0,24.73,44.76,1.54
2024-02-19 02:00:00,0.0,0.0,23.73,43.27,1.76
2024-02-19 03:00:00,0.0,0.0,22.94,42.63,1.9
2024-02-19 04:00:00,0.0,0.0,22.3,42.98,1.95
2024-02-19 05:00:00,0.0,0.0,21.61,44.31,1.99
2024-02-19 06:00:00,13.0,13.05,21.47,44.71,2.33
2024-02-19 07:00:00,141.57,142.27,23.24,38.94,3.25
2024-02-19 08:00:00,341.17,343.27,26.15,34.69,2.49
2024-02-19 09:00:00,555.08,558.58,31.1,21.55,3.59
2024-02-19 10:00:00,729.15,733.17,34.95,14.81,4.29
2024-02-19 11:00:00,836.5,839.97,36.77,13.51,4.1
2024-02-19 12:00:00,825.7,828.1,37.84,13.14,3.92
2024-02-19 13:00:00,764.15,767.67,38.35,13.43,3.82
2024-02-19 14:00:00,625.75,629.58,38.31,13.91,3.78
2024-02-19 15:00:00,433.48,436.6,37.6,14.7,3.66
2024-02-19 16:00:00,222.48,224.23,36.02,17.8,2.82
2024-02-19 17:00:00,59.95,60.33,31.97,30.45,1.54
2024-02-19 18:00:00,0.0,0.0,29.49,34.23,1.54
2024-02-19 19:00:00,0.0,0.0,28.49,35.41,1.46
2024-02-19 20:00:00,0.0,0.0,27.8,36.8,1.32
2024-02-19 21:00:00,0.0,0.0,27.34,37.6,1.22
2024-02-19 22:00:00,0.0,0.0,27.07,37.58,1.16
2024-02-19 23:00:00,0.0,0.0,26.5,38.67,1.11
2024-02-20 00:00:00,0.0,0.0,25.2,42.29,1.11
2024-02-20 01:00:00,0.0,0.0,23.8,44.25,1.25
2024-02-20 02:00:00,0.0,0.0,22.86,42.92,1.47
2024-02-20 03:00:00,0.0,0.0,21.78,41.84,1.6
2024-02-20 04:00:00,0.0,0.0,20.83,41.15,1.61
2024-02-20 05:00:00,0.0,0.0,20.21,40.04,1.68
2024-02-20 06:00:00,12.73,12.73,20.06,37.26,2.15
2024-02-20 07:00:00,145.48,145.6,21.41,30.14,3.14
2024-02-20 08:00:00,321.55,321.88,24.39,25.58,3.16
2024-02-20 09:00:00,533.2,533.72,29.09,17.11,4.23
2024-02-20 10:00:00,702.2,702.83,33.49,11.14,4.95
2024-02-20 11:00:00,813.9,826.08,36.08,9.27,4.73
2024-02-20 12:00:00,862.05,863.67,37.36,8.93,4.26
2024-02-20 13:00:00,803.83,803.92,37.96,9.01,3.8
2024-02-20 14:00:00,657.12,657.53,37.96,9.41,3.3
2024-02-20 15:00:00,443.48,443.75,37.42,10.15,2.93
2024-02-20 16:00:00,228.05,228.35,36.17,11.84,2.52
2024-02-20 17:00:00,64.7,64.78,31.74,27.77,1.2
2024-02-20 18:00:00,0.0,0.0,28.73,31.31,1.34
2024-02-20 19:00:00,0.0,0.0,27.59,32.08,1.39
2024-02-20 20:00:00,0.0,0.0,26.7,32.69,1.41
2024-02-20 21:00:00,0.0,0.0,26.09,33.28,1.38
2024-02-20 22:00:00,0.0,0.0,25.84,33.5,1.33
2024-02-20 23:00:00,0.0,0.0,25.59,33.89,1.3
2024-02-21 00:00:00,0.0,0.0,25.12,33.7,1.3
2024-02-21 01:00:00,0.0,0.0,24.51,34.72,1.27
2024-02-21 02:00:00,0.0,0.0,23.34,37.91,1.23
2024-02-21 03:00:00,0.0,0.0,22.0,41.3,1.25
2024-02-21 04:00:00,0.0,0.0,21.24,42.48,1.36
2024-02-21 05:00:00,0.0,0.0,20.24,44.29,1.41
2024-02-21 06:00:00,13.6,13.75,20.03,44.5,1.48
2024-02-21 07:00:00,149.55,150.75,22.58,32.48,2.7
2024-02-21 08:00:00,335.62,336.75,25.9,25.68,2.23
2024-02-21 09:00:00,540.28,540.4,30.3,17.02,2.48
2024-02-21 10:00:00,725.67,725.88,34.46,11.62,2.46
2024-02-21 11:00:00,841.42,842.03,36.45,10.48,2.09
2024-02-21 12:00:00,863.0,864.15,37.55,9.98,2.08
2024-02-21 13:00:00,797.7,802.45,37.74,9.89,2.15
2024-02-21 14:00:00,656.92,663.47,37.34,10.17,2.03
2024-02-21 15:00:00,456.0,462.2,37.06,10.52,1.8
2024-02-21 16:00:00,235.65,238.73,36.33,11.78,1.43
2024-02-21 17:00:00,63.33,63.2,33.32,25.54,0.75
2024-02-21 18:00:00,0.0,0.0,31.13,26.6,1.01
2024-02-21 19:00:00,0.0,0.0,29.74,28.42,1.15
2024-02-21 20:00:00,0.0,0.0,28.62,29.73,1.24
2024-02-21 21:00:00,0.0,0.0,28.12,29.75,1.25
2024-02-21 22:00:00,0.0,0.0,28.26,28.36,1.13
2024-02-21 23:00:00,0.0,0.0,28.6,26.26,0.81
2024-02-22 00:00:00,0.0,0.0,28.23,25.71,0.51
2024-02-22 01:00:00,0.0,0.0,26.34,29.35,0.96
2024-02-22 02:00:00,0.0,0.0,23.89,37.78,1.21
2024-02-22 03:00:00,0.0,0.0,22.81,40.44,1.22
2024-02-22 04:00:00,0.0,0.0,22.21,42.13,1.14
2024-02-22 05:00:00,0.0,0.0,21.67,43.76,1.05
2024-02-22 06:00:00,14.43,14.4,21.5,45.05,0.96
2024-02-22 07:00:00,146.73,147.68,23.81,29.75,1.77
2024-02-22 08:00:00,359.23,362.65,26.38,24.35,1.42
2024-02-22 09:00:00,581.7,585.85,29.41,18.72,1.41
2024-02-22 10:00:00,762.8,766.53,32.91,13.88,1.88
2024-02-22 11:00:00,873.72,876.38,35.94,11.02,2.36
2024-02-22 12:00:00,905.55,906.9,37.44,10.02,2.54
2024-02-22 13:00:00,845.7,845.7,38.19,9.59,2.58
2024-02-22 14:00:00,704.17,704.22,38.37,9.49,2.52
2024-02-22 15:00:00,502.33,502.38,37.83,9.83,2.28
2024-02-22 16:00:00,271.25,271.3,36.69,11.48,1.74
2024-02-22 17:00:00,81.53,81.55,33.18,27.64,0.91
2024-02-22 18:00:00,0.0,0.0,30.33,30.21,1.27
2024-02-22 19:00:00,0.0,0.0,29.23,30.0,1.47
2024-02-22 20:00:00,0.0,0.0,28.32,31.36,1.49
2024-02-22 21:00:00,0.0,0.0,27.5,33.86,1.36
2024-02-22 22:00:00,0.0,0.0,26.99,36.17,1.22
2024-02-22 23:00:00,0.0,0.0,27.08,35.93,1.08
2024-02-23 00:00:00,0.0,0.0,27.16,34.7,0.83
2024-02-23 01:00:00,0.0,0.0,26.39,37.49,0.77
2024-02-23 02:00:00,0.0,0.0,25.19,41.72,0.89
2024-02-23 03:00:00,0.0,0.0,24.18,44.78,0.95
2024-02-23 04:00:00,0.0,0.0,23.4,45.74,0.99
2024-02-23 05:00:00,0.0,0.0,22.77,44.35,0.99
2024-02-23 06:00:00,16.3,16.65,22.6,44.84,0.87
2024-02-23 07:00:00,161.2,169.65,25.11,31.69,1.46
2024-02-23 08:00:00,369.75,399.25,28.32,24.81,0.75
2024-02-23 09:00:00,556.83,623.8,33.34,17.96,0.61
2024-02-23 10:00:00,750.78,797.67,36.17,15.54,0.8
2024-02-23 11:00:00,891.38,900.75,37.66,14.63,0.8
2024-02-23 12:00:00,817.85,847.58,38.65,14.2,1.06
2024-02-23 13:00:00,756.65,789.62,39.12,14.32,1.44
2024-02-23 14:00:00,622.1,643.53,39.11,14.99,1.87
2024-02-23 15:00:00,439.23,447.02,38.47,16.5,2.13
2024-02-23 16:00:00,223.0,230.57,37.3,18.99,2.21
2024-02-23 17:00:00,61.8,62.05,34.09,31.73,1.29
2024-02-23 18:00:00,0.0,0.0,31.31,39.98,1.68
2024-02-23 19:00:00,0.0,0.0,30.52,44.91,2.38
2024-02-23 20:00:00,0.0,0.0,29.93,49.51,2.97
2024-02-23 21:00:00,0.0,0.0,29.14,52.74,2.91
2024-02-23 22:00:00,0.0,0.0,28.45,54.81,2.76
2024-02-23 23:00:00,0.0,0.0,27.77,56.92,2.59
2024-02-24 00:00:00,0.0,0.0,27.11,59.35,2.53
2024-02-24 01:00:00,0.0,0.0,26.47,62.5,2.57
2024-02-24 02:00:00,0.0,0.0,25.89,66.39,2.64
2024-02-24 03:00:00,0.0,0.0,25.33,70.86,2.57
2024-02-24 04:00:00,0.0,0.0,24.81,75.76,2.3
2024-02-24 05:00:00,0.0,0.0,24.35,80.7,2.0
2024-02-24 06:00:00,14.77,14.55,24.59,82.34,2.21
2024-02-24 07:00:00,134.82,139.62,26.88,72.43,2.55
2024-02-24 08:00:00,315.75,339.65,30.46,56.48,3.24
2024-02-24 09:00:00,508.75,548.8,33.39,45.6,3.33
2024-02-24 10:00:00,655.85,716.22,35.5,38.56,2.94
2024-02-24 11:00:00,748.25,816.83,36.99,33.85,2.44
2024-02-24 12:00:00,811.88,880.1,38.0,30.64,2.09
2024-02-24 13:00:00,774.25,819.2,38.52,28.58,2.01
2024-02-24 14:00:00,628.2,681.88,38.5,27.62,2.24
2024-02-24 15:00:00,426.9,485.12,38.04,27.48,2.63
2024-02-24 16:00:00,234.4,260.35,37.07,28.45,2.92
2024-02-24 17:00:00,67.88,70.68,34.97,35.07,1.98
2024-02-24 18:00:00,0.0,0.0,32.71,42.0,1.76
2024-02-24 19:00:00,0.0,0.0,31.76,43.82,2.17
2024-02-24 20:00:00,0.0,0.0,30.69,47.04,2.43
2024-02-24 21:00:00,0.0,0.0,29.78,51.19,2.57
2024-02-24 22:00:00,0.0,0.0,29.05,55.94,2.53
2024-02-24 23:00:00,0.0,0.0,28.39,60.62,2.32
2024-02-25 00:00:00,0.0,0.0,27.76,64.91,2.05
2024-02-25 01:00:00,0.0,0.0,27.23,68.74,2.0
2024-02-25 02:00:00,0.0,0.0,26.78,72.25,2.1
2024-02-25 03:00:00,0.0,0.0,26.35,75.61,2.18
2024-02-25 04:00:00,0.0,0.0,25.93,79.0,2.22
2024-02-25 05:00:00,0.0,0.0,25.54,82.29,2.33
2024-02-25 06:00:00,14.25,16.52,25.76,82.61,3.09
2024-02-25 07:00:00,147.45,159.82,28.1,71.11,3.77
2024-02-25 08:00:00,332.17,377.85,31.38,55.23,3.97
2024-02-25 09:00:00,545.75,589.33,34.23,44.06,3.4
2024-02-25 10:00:00,752.95,754.9,36.16,37.72,2.64
2024-02-25 11:00:00,856.22,860.15,37.55,33.42,2.2
2024-02-25 12:00:00,877.8,884.8,38.38,30.87,2.27
2024-02-25 13:00:00,750.53,821.35,38.78,29.4,2.48
2024-02-25 14:00:00,516.88,686.7,38.74,28.94,2.7
2024-02-25 15:00:00,394.85,490.5,38.29,29.27,2.84
2024-02-25 16:00:00,208.43,264.48,37.35,30.48,2.8
2024-02-25 17:00:00,61.75,72.47,35.43,37.79,1.74
2024-02-25 18:00:00,0.0,0.0,33.45,47.05,1.17
2024-02-25 19:00:00,0.0,0.0,32.72,49.03,1.25
2024-02-25 20:00:00,0.0,0.0,31.84,51.83,1.27
2024-02-25 21:00:00,0.0,0.0,30.84,55.38,1.09
2024-02-25 22:00:00,0.0,0.0,29.89,59.02,0.88
2024-02-25 23:00:00,0.0,0.0,29.22,61.4,0.84
2024-02-26 00:00:00,0.0,0.0,28.72,62.96,0.92
2024-02-26 01:00:00,0.0,0.0,28.35,64.21,1.16
2024-02-26 02:00:00,0.0,0.0,28.13,65.46,1.59
2024-02-26 03:00:00,0.0,0.0,27.98,67.23,2.21
2024-02-26 04:00:00,0.0,0.0,27.64,70.2,2.38
2024-02-26 05:00:00,0.0,0.0,27.23,73.37,2.3
2024-02-26 06:00:00,16.38,16.58,27.12,74.95,2.54
2024-02-26 07:00:00,152.4,156.7,28.71,65.87,3.62
2024-02-26 08:00:00,358.1,370.48,31.48,51.31,4.28
2024-02-26 09:00:00,569.95,572.28,34.26,41.29,3.94
2024-02-26 10:00:00,747.4,749.33,36.24,36.13,3.37
2024-02-26 11:00:00,852.5,852.85,37.65,32.61,2.96
2024-02-26 12:00:00,868.35,883.85,38.6,29.93,2.69
2024-02-26 13:00:00,766.72,822.6,39.09,28.09,2.45
2024-02-26 14:00:00,623.15,685.62,39.08,27.27,2.25
2024-02-26 15:00:00,462.75,489.98,38.55,27.35,2.16
2024-02-26 16:00:00,254.02,264.88,37.61,28.37,2.03
2024-02-26 17:00:00,71.8,72.47,35.94,34.76,1.26
2024-02-26 18:00:00,0.0,0.0,33.96,44.59,0.95
2024-02-26 19:00:00,0.0,0.0,33.15,45.1,1.17
2024-02-26 20:00:00,0.0,0.0,32.11,47.38,1.34
2024-02-26 21:00:00,0.0,0.0,31.1,49.64,1.65
2024-02-26 22:00:00,0.0,0.0,30.12,52.9,2.13
2024-02-26 23:00:00,0.0,0.0,29.28,56.96,2.58
2024-02-27 00:00:00,0.0,0.0,28.59,60.93,2.74
2024-02-27 01:00:00,0.0,0.0,28.05,64.36,2.74
2024-02-27 02:00:00,0.0,0.0,27.52,67.71,2.71
2024-02-27 03:00:00,0.0,0.0,27.02,70.77,2.65
2024-02-27 04:00:00,0.0,0.0,26.66,73.19,2.65
2024-02-27 05:00:00,0.0,0.0,26.36,75.18,2.53
2024-02-27 06:00:00,17.98,18.05,26.55,74.9,2.82
2024-02-27 07:00:00,175.93,176.9,28.39,65.89,3.27
2024-02-27 08:00:00,391.4,391.9,31.45,51.81,3.44
2024-02-27 09:00:00,611.88,613.47,34.39,41.59,2.9
2024-02-27 10:00:00,780.9,783.7,36.49,35.51,1.87
2024-02-27 11:00:00,881.0,885.08,38.03,31.09,1.07
2024-02-27 12:00:00,899.17,904.58,39.14,27.69,1.06
2024-02-27 13:00:00,783.92,843.08,39.79,25.49,1.52
2024-02-27 14:00:00,635.05,706.45,39.88,24.45,2.0
2024-02-27 15:00:00,453.92,509.75,39.44,24.38,2.39
2024-02-27 16:00:00,240.4,280.6,38.49,25.35,2.59
2024-02-27 17:00:00,70.55,77.4,36.33,32.32,1.73
2024-02-27 18:00:00,0.0,0.0,33.62,41.1,1.52
2024-02-27 19:00:00,0.0,0.0,32.75,43.22,2.09
2024-02-27 20:00:00,0.0,0.0,31.88,47.75,2.82
2024-02-27 21:00:00,0.0,0.0,30.88,54.11,3.33
2024-02-27 22:00:00,0.0,0.0,29.97,59.74,3.31
2024-02-27 23:00:00,0.0,0.0,29.31,63.18,3.09
2024-02-28 00:00:00,0.0,0.0,28.76,65.81,3.02
2024-02-28 01:00:00,0.0,0.0,28.29,68.03,3.08
2024-02-28 02:00:00,0.0,0.0,27.84,70.23,3.13
2024-02-28 03:00:00,0.0,0.0,27.46,72.13,3.1
2024-02-28 04:00:00,0.0,0.0,27.05,74.24,2.96
2024-02-28 05:00:00,0.0,0.0,26.66,76.5,2.88
2024-02-28 06:00:00,18.3,18.25,26.91,75.88,3.38
2024-02-28 07:00:00,168.77,172.3,29.56,62.9,4.2
2024-02-28 08:00:00,381.8,383.75,32.8,49.35,4.34
2024-02-28 09:00:00,602.0,604.7,35.44,40.65,3.74
2024-02-28 10:00:00,775.7,779.08,37.51,34.78,2.82
2024-02-28 11:00:00,875.62,881.2,38.99,30.66,1.9
2024-02-28 12:00:00,901.1,909.28,39.98,27.73,1.15
2024-02-28 13:00:00,833.85,845.95,40.52,25.78,0.73
2024-02-28 14:00:00,698.5,701.3,40.48,24.86,0.84
2024-02-28 15:00:00,498.15,507.9,39.77,25.12,1.1
2024-02-28 16:00:00,266.5,277.05,38.94,26.07,1.34
2024-02-28 17:00:00,74.43,75.03,37.27,33.01,1.05
2024-02-28 18:00:00,0.0,0.0,35.1,40.77,1.3
2024-02-28 19:00:00,0.0,0.0,34.22,42.1,2.3
2024-02-28 20:00:00,0.0,0.0,33.01,47.61,2.94
2024-02-28 21:00:00,0.0,0.0,31.83,53.81,3.17
2024-02-28 22:00:00,0.0,0.0,30.99,58.4,3.37
2024-02-28 23:00:00,0.0,0.0,30.41,61.68,3.39
2024-02-29 00:00:00,0.0,0.0,29.94,64.28,3.4
2024-02-29 01:00:00,0.0,0.0,29.52,66.36,3.33
2024-02-29 02:00:00,0.0,0.0,29.1,68.29,3.31
2024-02-29 03:00:00,0.0,0.0,28.68,70.15,3.2
2024-02-29 04:00:00,0.0,0.0,28.24,72.17,2.99
2024-02-29 05:00:00,0.0,0.0,27.81,74.4,2.66
2024-02-29 06:00:00,14.38,18.05,27.81,75.15,2.69
2024-02-29 07:00:00,137.55,170.12,29.67,66.32,3.08
2024-02-29 08:00:00,303.42,397.38,32.69,52.35,3.61
2024-02-29 09:00:00,497.35,612.1,35.05,43.81,3.19
2024-02-29 10:00:00,674.4,781.2,36.96,38.03,2.78
2024-02-29 11:00:00,763.97,881.53,38.47,33.65,2.63
2024-02-29 12:00:00,808.62,896.78,39.47,30.69,2.56
2024-02-29 13:00:00,745.8,837.08,39.99,28.76,2.45
2024-02-29 14:00:00,578.58,701.4,39.91,27.89,2.27
2024-02-29 15:00:00,429.0,505.42,39.35,27.85,2.13
2024-02-29 16:00:00,234.0,276.85,38.47,28.74,1.82
2024-02-29 17:00:00,68.35,75.15,36.87,37.39,0.82
2024-02-29 18:00:00,0.0,0.0,35.7,40.7,0.67
2024-02-29 19:00:00,0.0,0.0,34.72,43.96,0.89
2024-02-29 20:00:00,0.0,0.0,33.58,47.29,0.98
2024-02-29 21:00:00,0.0,0.0,32.71,49.9,0.94
2024-02-29 22:00:00,0.0,0.0,31.96,51.49,0.89
2024-02-29 23:00:00,0.0,0.0,31.13,54.16,0.89
2024-03-01 00:00:00,0.0,0.0,30.19,58.63,0.96
2024-03-01 01:00:00,0.0,0.0,29.57,62.12,0.96
2024-03-01 02:00:00,0.0,0.0,28.91,67.89,0.57
2024-03-01 03:00:00,0.0,0.0,27.93,70.35,0.12
2024-03-01 04:00:00,0.0,0.0,26.87,72.8,0.41
2024-03-01 05:00:00,0.0,0.0,26.13,73.8,0.89
2024-03-01 06:00:00,19.08,18.58,26.26,72.75,1.95
2024-03-01 07:00:00,151.77,170.43,28.42,62.94,2.12
2024-03-01 08:00:00,321.02,391.1,31.31,51.66,1.82
2024-03-01 09:00:00,500.35,608.12,33.93,42.34,1.61
2024-03-01 10:00:00,629.03,778.03,35.97,35.1,1.45
2024-03-01 11:00:00,717.85,878.28,37.43,29.99,1.35
2024-03-01 12:00:00,722.65,903.95,38.47,26.28,1.34
2024-03-01 13:00:00,682.38,840.72,39.09,23.85,1.26
2024-03-01 14:00:00,605.47,699.9,39.24,22.37,1.19
2024-03-01 15:00:00,384.38,498.9,38.92,21.83,1.21
2024-03-01 16:00:00,217.4,270.7,38.06,22.49,1.32
2024-03-01 17:00:00,63.25,72.68,36.05,31.86,0.82
2024-03-01 18:00:00,0.0,0.0,33.77,41.06,0.87
2024-03-01 19:00:00,0.0,0.0,32.83,43.26,1.1
2024-03-01 20:00:00,0.0,0.0,31.93,47.54,1.46
2024-03-01 21:00:00,0.0,0.0,31.24,51.69,2.17
2024-03-01 22:00:00,0.0,0.0,30.59,56.54,2.84
2024-03-01 23:00:00,0.0,0.0,30.12,60.48,3.57
2024-03-02 00:00:00,0.0,0.0,29.67,63.44,4.02
2024-03-02 01:00:00,0.0,0.0,29.14,65.92,3.97
2024-03-02 02:00:00,0.0,0.0,28.52,68.71,3.63
2024-03-02 03:00:00,0.0,0.0,28.0,70.99,3.39
2024-03-02 04:00:00,0.0,0.0,27.52,73.16,3.17
2024-03-02 05:00:00,0.0,0.0,27.09,75.22,2.95
2024-03-02 06:00:00,18.62,18.52,27.2,75.06,3.24
2024-03-02 07:00:00,161.95,165.52,29.07,66.06,4.69
2024-03-02 08:00:00,359.58,359.62,31.59,54.32,5.18
2024-03-02 09:00:00,582.97,583.2,33.99,45.68,4.69
2024-03-02 10:00:00,745.9,746.3,35.87,40.48,3.84
2024-03-02 11:00:00,847.53,847.95,37.22,37.04,2.97
2024-03-02 12:00:00,921.62,921.88,38.17,34.56,2.19
2024-03-02 13:00:00,751.3,867.4,38.54,33.19,1.5
2024-03-02 14:00:00,650.2,733.17,38.4,32.84,0.89
2024-03-02 15:00:00,389.55,536.6,37.85,33.3,0.48
2024-03-02 16:00:00,207.77,303.55,37.16,34.16,0.2
2024-03-02 17:00:00,60.42,85.9,36.15,38.46,0.12
2024-03-02 18:00:00,0.0,0.0,35.16,44.64,0.46
2024-03-02 19:00:00,0.0,0.0,33.94,49.9,0.71
2024-03-02 20:00:00,0.0,0.0,32.86,51.79,0.91
2024-03-02 21:00:00,0.0,0.0,32.04,52.55,1.18
2024-03-02 22:00:00,0.0,0.0,31.32,53.26,1.59
2024-03-02 23:00:00,0.0,0.0,30.61,55.3,2.16
2024-03-03 00:00:00,0.0,0.0,29.86,58.85,2.95
2024-03-03 01:00:00,0.0,0.0,29.0,63.91,3.3
2024-03-03 02:00:00,0.0,0.0,28.34,68.33,3.41
2024-03-03 03:00:00,0.0,0.0,27.84,72.1,3.53
2024-03-03 04:00:00,0.0,0.0,27.46,75.19,3.61
2024-03-03 05:00:00,0.0,0.0,27.16,77.71,3.58
2024-03-03 06:00:00,15.57,20.55,27.3,78.43,3.84
2024-03-03 07:00:00,129.52,177.18,29.28,69.42,4.34
2024-03-03 08:00:00,279.8,402.38,31.83,57.32,4.6
2024-03-03 09:00:00,421.23,615.75,33.88,49.56,4.31
2024-03-03 10:00:00,589.15,779.35,35.37,44.85,3.92
2024-03-03 11:00:00,699.38,873.25,36.53,41.2,3.6
2024-03-03 12:00:00,800.25,860.05,37.27,38.59,3.45
2024-03-03 13:00:00,757.4,797.22,37.54,37.0,3.55
2024-03-03 14:00:00,600.6,657.95,37.44,36.5,3.76
2024-03-03 15:00:00,405.23,463.23,36.77,37.52,3.99
2024-03-03 16:00:00,231.3,253.52,35.57,40.33,4.06
2024-03-03 17:00:00,65.3,68.68,33.79,46.34,3.56
2024-03-03 18:00:00,0.0,0.0,31.79,55.15,3.19
2024-03-03 19:00:00,0.0,0.0,30.78,60.42,3.53
2024-03-03 20:00:00,0.0,0.0,29.96,65.21,3.43
2024-03-03 21:00:00,0.0,0.0,29.37,68.63,3.35
2024-03-03 22:00:00,0.0,0.0,28.9,71.18,3.36
2024-03-03 23:00:00,0.0,0.0,28.53,73.3,3.35
2024-03-04 00:00:00,0.0,0.0,28.15,75.47,3.25
2024-03-04 01:00:00,0.0,0.0,27.77,77.73,3.12
2024-03-04 02:00:00,0.0,0.0,27.4,80.09,2.96
2024-03-04 03:00:00,0.0,0.0,27.1,82.15,2.73
2024-03-04 04:00:00,0.0,0.0,26.82,84.13,2.38
2024-03-04 05:00:00,0.0,0.0,26.6,85.81,2.04
2024-03-04 06:00:00,19.65,19.92,26.73,85.61,2.18
2024-03-04 07:00:00,162.48,171.27,28.51,75.07,2.92
2024-03-04 08:00:00,363.5,387.08,30.64,64.03,3.36
2024-03-04 09:00:00,546.55,599.5,32.39,56.09,3.08
2024-03-04 10:00:00,684.5,763.55,33.83,50.18,2.69
2024-03-04 11:00:00,816.9,860.33,34.85,45.82,2.34
2024-03-04 12:00:00,905.4,912.88,35.69,42.09,1.86
2024-03-04 13:00:00,844.67,848.97,36.34,39.08,1.15
2024-03-04 14:00:00,708.28,710.28,36.84,36.67,0.41
2024-03-04 15:00:00,500.8,501.02,37.05,35.01,0.76
2024-03-04 16:00:00,252.52,282.38,36.67,35.1,1.62
2024-03-04 17:00:00,64.28,78.72,34.67,43.52,1.67
2024-03-04 18:00:00,0.0,0.0,32.2,51.04,2.37
2024-03-04 19:00:00,0.0,0.0,31.43,53.18,3.36
2024-03-04 20:00:00,0.0,0.0,30.67,56.6,3.43
2024-03-04 21:00:00,0.0,0.0,30.0,59.83,3.15
2024-03-04 22:00:00,0.0,0.0,29.42,62.7,2.88
2024-03-04 23:00:00,0.0,0.0,28.86,65.38,2.54
2024-03-05 00:00:00,0.0,0.0,28.34,67.8,2.14
2024-03-05 01:00:00,0.0,0.0,28.08,69.17,1.94
2024-03-05 02:00:00,0.0,0.0,27.79,70.74,1.64
2024-03-05 03:00:00,0.0,0.0,27.53,72.38,1.4
2024-03-05 04:00:00,0.0,0.0,27.2,74.28,1.1
2024-03-05 05:00:00,0.0,0.0,26.87,76.08,0.89
2024-03-05 06:00:00,16.2,21.15,27.08,74.89,1.48
2024-03-05 07:00:00,104.62,178.0,29.15,65.31,2.18
2024-03-05 08:00:00,214.02,404.92,32.63,51.11,2.86
2024-03-05 09:00:00,303.75,620.35,35.11,43.1,2.84
2024-03-05 10:00:00,409.62,786.55,36.93,37.73,2.54
2024-03-05 11:00:00,591.78,881.88,38.23,33.89,2.05
2024-03-05 12:00:00,842.17,906.0,39.18,30.89,1.5
2024-03-05 13:00:00,655.1,840.1,39.77,28.78,1.24
2024-03-05 14:00:00,505.6,692.92,39.86,27.72,1.33
2024-03-05 15:00:00,363.6,492.8,39.43,27.76,1.26
2024-03-05 16:00:00,190.62,265.05,38.61,28.7,0.95
2024-03-05 17:00:00,60.85,73.65,37.11,35.8,0.54
2024-03-05 18:00:00,0.0,0.0,35.42,44.11,0.46
2024-03-05 19:00:00,0.0,0.0,34.92,42.4,0.52
2024-03-05 20:00:00,0.0,0.0,34.44,43.06,0.52
2024-03-05 21:00:00,0.0,0.0,33.63,44.58,0.64
2024-03-05 22:00:00,0.0,0.0,31.8,52.64,0.91
2024-03-05 23:00:00,0.0,0.0,30.5,56.65,1.36
2024-03-06 00:00:00,0.0,0.0,29.73,60.84,2.31
2024-03-06 01:00:00,0.0,0.0,28.88,67.58,3.26
2024-03-06 02:00:00,0.0,0.0,27.89,75.14,3.1
2024-03-06 03:00:00,0.0,0.0,27.17,80.9,2.42
2024-03-06 04:00:00,0.0,0.0,26.59,85.27,1.54
2024-03-06 05:00:00,0.0,0.0,26.11,88.89,0.73
2024-03-06 06:00:00,21.85,21.75,26.38,87.8,0.59
2024-03-06 07:00:00,170.48,178.6,29.07,69.54,1.04
2024-03-06 08:00:00,375.88,399.15,32.1,53.97,1.48
2024-03-06 09:00:00,572.0,615.9,34.71,43.84,1.62
2024-03-06 10:00:00,736.38,783.1,36.88,35.42,1.62
2024-03-06 11:00:00,849.5,879.38,38.66,28.11,1.58
2024-03-06 12:00:00,859.85,921.25,39.94,22.69,1.57
2024-03-06 13:00:00,826.33,856.95,40.69,18.91,1.57
2024-03-06 14:00:00,696.8,719.15,40.87,16.42,1.62
2024-03-06 15:00:00,482.05,517.9,40.49,15.02,1.74
2024-03-06 16:00:00,250.2,283.48,39.54,14.93,1.82
2024-03-06 17:00:00,71.25,79.22,36.45,29.09,0.88
2024-03-06 18:00:00,0.0,0.0,33.74,34.41,1.08
2024-03-06 19:00:00,0.0,0.0,32.29,37.27,1.24
2024-03-06 20:00:00,0.0,0.0,31.19,41.67,1.55
2024-03-06 21:00:00,0.0,0.0,30.38,49.49,2.05
2024-03-06 22:00:00,0.0,0.0,29.6,59.58,2.89
2024-03-06 23:00:00,0.0,0.0,28.7,69.12,3.53
2024-03-07 00:00:00,0.0,0.0,27.83,76.04,3.51
2024-03-07 01:00:00,0.0,0.0,27.22,80.66,3.4
2024-03-07 02:00:00,0.0,0.0,26.77,84.27,3.11
2024-03-07 03:00:00,0.0,0.0,26.47,87.04,2.55
2024-03-07 04:00:00,0.0,0.0,26.2,89.3,1.72
2024-03-07 05:00:00,0.0,0.0,25.9,91.34,0.95
2024-03-07 06:00:00,23.67,23.3,26.39,88.73,1.35
2024-03-07 07:00:00,162.57,184.88,28.56,75.38,2.56
2024-03-07 08:00:00,375.5,416.05,30.74,63.18,3.17
2024-03-07 09:00:00,545.47,635.67,32.94,53.54,3.1
2024-03-07 10:00:00,664.47,805.5,34.95,46.06,2.59
2024-03-07 11:00:00,783.05,908.9,36.61,39.86,1.87
2024-03-07 12:00:00,800.4,937.67,37.75,34.73,1.01
2024-03-07 13:00:00,765.85,872.5,38.5,30.67,0.17
2024-03-07 14:00:00,590.72,730.97,38.93,27.64,0.65
2024-03-07 15:00:00,424.15,528.8,38.85,26.01,1.11
2024-03-07 16:00:00,243.0,293.45,38.13,25.97,1.31
2024-03-07 17:00:00,71.35,82.07,36.24,33.86,0.91
2024-03-07 18:00:00,0.0,0.0,33.44,44.03,0.98
2024-03-07 19:00:00,0.0,0.0,32.31,44.5,1.48
2024-03-07 20:00:00,0.0,0.0,31.53,46.95,2.33
2024-03-07 21:00:00,0.0,0.0,30.7,52.58,3.35
2024-03-07 22:00:00,0.0,0.0,29.64,59.95,3.72
2024-03-07 23:00:00,0.0,0.0,28.79,66.49,3.84
2024-03-08 00:00:00,0.0,0.0,28.12,71.75,3.92
2024-03-08 01:00:00,0.0,0.0,27.58,76.08,3.97
2024-03-08 02:00:00,0.0,0.0,27.16,79.22,4.02
2024-03-08 03:00:00,0.0,0.0,26.85,81.34,4.08
2024-03-08 04:00:00,0.0,0.0,26.69,82.5,4.09
2024-03-08 05:00:00,0.0,0.0,26.55,83.53,3.63
2024-03-08 06:00:00,25.77,24.48,26.7,82.87,3.43
2024-03-08 07:00:00,185.0,190.0,28.46,72.97,4.51
2024-03-08 08:00:00,412.02,412.7,31.06,60.5,4.55
2024-03-08 09:00:00,638.9,639.67,33.76,50.06,3.83
2024-03-08 10:00:00,818.97,819.78,35.86,42.69,3.02
2024-03-08 11:00:00,920.67,921.47,37.53,36.82,2.41
2024-03-08 12:00:00,945.53,946.35,38.71,32.24,1.9
2024-03-08 13:00:00,872.67,882.92,39.48,28.96,1.5
2024-03-08 14:00:00,737.5,741.62,39.69,27.03,1.24
2024-03-08 15:00:00,529.62,533.83,39.39,26.33,1.09
2024-03-08 16:00:00,287.88,300.58,38.74,26.63,1.17
2024-03-08 17:00:00,82.72,85.15,37.13,32.73,0.93
2024-03-08 18:00:00,0.0,0.0,34.74,43.94,0.83
2024-03-08 19:00:00,0.0,0.0,34.08,42.73,1.18
2024-03-08 20:00:00,0.0,0.0,33.44,43.01,1.55
2024-03-08 21:00:00,0.0,0.0,32.77,45.44,1.82
2024-03-08 22:00:00,0.0,0.0,31.89,50.05,1.81
2024-03-08 23:00:00,0.0,0.0,31.1,54.92,1.85
2024-03-09 00:00:00,0.0,0.0,30.38,59.64,2.27
2024-03-09 01:00:00,0.0,0.0,29.71,64.85,2.95
2024-03-09 02:00:00,0.0,0.0,29.12,69.37,3.5
2024-03-09 03:00:00,0.0,0.0,28.54,73.27,3.77
2024-03-09 04:00:00,0.0,0.0,28.02,76.36,3.68
2024-03-09 05:00:00,0.0,0.0,27.55,78.84,3.22
2024-03-09 06:00:00,26.25,25.9,27.45,79.2,2.87
2024-03-09 07:00:00,191.12,201.25,29.65,66.8,2.88
2024-03-09 08:00:00,431.0,439.65,32.66,52.62,2.28
2024-03-09 09:00:00,646.3,659.97,35.41,41.32,1.29
2024-03-09 10:00:00,792.33,827.75,37.54,33.65,0.79
2024-03-09 11:00:00,817.45,923.15,39.23,28.5,1.03
2024-03-09 12:00:00,886.12,937.47,40.45,25.35,1.33
2024-03-09 13:00:00,771.97,871.25,41.06,23.68,1.67
2024-03-09 14:00:00,679.38,731.92,41.14,22.9,2.12
2024-03-09 15:00:00,472.0,528.83,40.65,22.76,2.56
2024-03-09 16:00:00,256.38,291.7,39.62,23.26,2.79
2024-03-09 17:00:00,76.82,81.8,37.68,27.57,2.07
2024-03-09 18:00:00,0.0,0.0,34.93,36.16,1.7
2024-03-09 19:00:00,0.0,0.0,33.92,39.37,2.29
2024-03-09 20:00:00,0.0,0.0,32.79,45.66,2.83
2024-03-09 21:00:00,0.0,0.0,31.64,53.99,3.3
2024-03-09 22:00:00,0.0,0.0,30.57,62.51,3.56
2024-03-09 23:00:00,0.0,0.0,29.83,68.47,3.59
2024-03-10 00:00:00,0.0,0.0,29.31,72.1,3.52
2024-03-10 01:00:00,0.0,0.0,28.86,74.81,3.38
2024-03-10 02:00:00,0.0,0.0,28.5,76.76,3.23
2024-03-10 03:00:00,0.0,0.0,28.17,78.37,3.03
2024-03-10 04:00:00,0.0,0.0,27.83,80.08,2.74
2024-03-10 05:00:00,0.0,0.0,27.55,81.53,2.48
2024-03-10 06:00:00,25.4,25.15,27.76,80.5,2.72
2024-03-10 07:00:00,184.32,192.9,29.77,68.53,3.53
2024-03-10 08:00:00,415.62,425.85,32.15,57.29,3.55
2024-03-10 09:00:00,631.25,633.0,34.53,48.33,2.97
2024-03-10 10:00:00,805.3,806.2,36.8,40.35,2.17
2024-03-10 11:00:00,906.7,907.15,38.61,34.16,1.61
2024-03-10 12:00:00,914.88,940.03,39.89,29.86,1.67
2024-03-10 13:00:00,828.8,876.22,40.56,27.26,2.03
2024-03-10 14:00:00,674.83,731.12,40.48,26.3,2.32
2024-03-10 15:00:00,456.23,534.5,39.67,26.8,2.52
2024-03-10 16:00:00,252.88,298.6,38.72,28.14,2.64
2024-03-10 17:00:00,76.85,84.22,37.13,33.21,2.06
2024-03-10 18:00:00,0.0,0.0,35.25,39.62,2.49
2024-03-10 19:00:00,0.0,0.0,34.14,44.56,3.55
2024-03-10 20:00:00,0.0,0.0,32.94,50.94,3.72
2024-03-10 21:00:00,0.0,0.0,32.14,55.5,3.71
2024-03-10 22:00:00,0.0,0.0,31.59,58.3,3.73
2024-03-10 23:00:00,0.0,0.0,31.13,60.24,3.72
2024-03-11 00:00:00,0.0,0.0,30.63,62.17,3.74
2024-03-11 01:00:00,0.0,0.0,30.14,64.21,3.75
2024-03-11 02:00:00,0.0,0.0,29.61,66.88,3.62
2024-03-11 03:00:00,0.0,0.0,29.09,69.83,3.36
2024-03-11 04:00:00,0.0,0.0,28.61,72.83,3.22
2024-03-11 05:00:00,0.0,0.0,28.23,75.29,3.25
2024-03-11 06:00:00,25.55,26.62,28.32,75.39,3.49
2024-03-11 07:00:00,173.8,205.25,30.15,65.6,3.66
2024-03-11 08:00:00,378.23,443.02,32.42,54.81,3.59
2024-03-11 09:00:00,563.58,661.7,34.32,47.1,3.18
2024-03-11 10:00:00,697.17,824.62,35.94,41.32,2.4
2024-03-11 11:00:00,785.55,923.95,37.55,35.82,1.31
2024-03-11 12:00:00,819.83,946.5,39.29,30.41,0.82
2024-03-11 13:00:00,797.7,881.62,40.44,27.42,1.74
2024-03-11 14:00:00,667.58,737.58,40.86,26.2,2.53
2024-03-11 15:00:00,459.58,530.53,40.36,26.82,2.99
2024-03-11 16:00:00,243.55,297.17,39.25,28.77,3.25
2024-03-11 17:00:00,70.82,83.28,37.33,33.58,2.92
2024-03-11 18:00:00,0.0,0.0,35.07,41.12,3.12
2024-03-11 19:00:00,0.0,0.0,33.87,46.69,4.02
2024-03-11 20:00:00,0.0,0.0,32.77,52.38,3.93
2024-03-11 21:00:00,0.0,0.0,32.03,56.45,3.64
2024-03-11 22:00:00,0.0,0.0,31.43,59.69,3.43
2024-03-11 23:00:00,0.0,0.0,30.87,62.68,3.31
2024-03-12 00:00:00,0.0,0.0,30.34,65.5,3.3
2024-03-12 01:00:00,0.0,0.0,29.85,68.06,3.33
2024-03-12 02:00:00,0.0,0.0,29.45,70.22,3.4
2024-03-12 03:00:00,0.0,0.0,29.11,72.03,3.43
2024-03-12 04:00:00,0.0,0.0,28.83,73.47,3.39
2024-03-12 05:00:00,0.0,0.0,28.55,75.04,3.31
2024-03-12 06:00:00,27.23,27.42,28.6,75.07,3.51
2024-03-12 07:00:00,185.55,207.57,29.98,67.9,4.1
2024-03-12 08:00:00,385.52,440.65,31.85,59.21,4.42
2024-03-12 09:00:00,575.33,658.47,33.66,51.82,4.35
2024-03-12 10:00:00,754.83,824.47,34.79,47.31,4.03
2024-03-12 11:00:00,838.38,918.08,35.55,44.31,3.74
2024-03-12 12:00:00,811.3,894.83,36.02,42.11,3.44
2024-03-12 13:00:00,739.17,834.3,36.39,40.29,3.13
2024-03-12 14:00:00,592.92,694.92,36.43,39.25,2.81
2024-03-12 15:00:00,381.92,496.85,36.29,38.79,2.55
2024-03-12 16:00:00,206.07,269.58,35.91,39.18,2.34
2024-03-12 17:00:00,64.28,73.12,34.57,44.85,1.46
2024-03-12 18:00:00,0.0,0.0,32.5,52.27,1.23
2024-03-12 19:00:00,0.0,0.0,31.81,53.42,1.58
2024-03-12 20:00:00,0.0,0.0,31.21,55.32,1.88
2024-03-12 21:00:00,0.0,0.0,30.67,57.64,2.16
2024-03-12 22:00:00,0.0,0.0,30.16,60.19,2.46
2024-03-12 23:00:00,0.0,0.0,29.66,63.08,2.73
2024-03-13 00:00:00,0.0,0.0,29.17,66.13,3.0
2024-03-13 01:00:00,0.0,0.0,28.71,69.42,3.29
2024-03-13 02:00:00,0.0,0.0,28.32,72.64,3.49
2024-03-13 03:00:00,0.0,0.0,27.96,75.77,3.53
2024-03-13 04:00:00,0.0,0.0,27.66,78.42,3.43
2024-03-13 05:00:00,0.0,0.0,27.41,80.39,3.25
2024-03-13 06:00:00,28.65,26.27,27.64,79.63,3.39
2024-03-13 07:00:00,171.77,187.27,29.66,69.08,4.1
2024-03-13 08:00:00,387.45,414.35,32.07,58.08,4.25
2024-03-13 09:00:00,576.88,629.05,34.14,50.54,3.73
2024-03-13 10:00:00,724.05,794.6,35.83,45.01,3.05
2024-03-13 11:00:00,837.47,889.4,37.1,41.09,2.51
2024-03-13 12:00:00,866.95,906.67,37.92,38.53,2.27
2024-03-13 13:00:00,804.9,838.2,38.22,37.05,2.19
2024-03-13 14:00:00,648.62,694.2,38.21,36.56,2.28
2024-03-13 15:00:00,451.65,494.02,37.7,36.94,2.43
2024-03-13 16:00:00,232.75,266.42,36.88,38.33,2.48
2024-03-13 17:00:00,67.85,73.78,35.14,46.55,1.52
2024-03-13 18:00:00,0.0,0.0,33.45,52.73,1.64
2024-03-13 19:00:00,0.0,0.0,32.69,54.78,2.3
2024-03-13 20:00:00,0.0,0.0,31.83,58.68,2.75
2024-03-13 21:00:00,0.0,0.0,30.97,63.03,3.02
2024-03-13 22:00:00,0.0,0.0,30.18,67.68,3.23
2024-03-13 23:00:00,0.0,0.0,29.33,73.38,3.25
2024-03-14 00:00:00,0.0,0.0,28.4,80.41,3.07
2024-03-14 01:00:00,0.0,0.0,27.66,85.95,2.98
2024-03-14 02:00:00,0.0,0.0,27.24,88.36,2.97
2024-03-14 03:00:00,0.0,0.0,26.96,89.68,2.87
2024-03-14 04:00:00,0.0,0.0,26.69,90.78,2.72
2024-03-14 05:00:00,0.0,0.0,26.45,91.9,2.43
2024-03-14 06:00:00,21.9,25.12,26.58,91.08,2.7
2024-03-14 07:00:00,147.88,177.27,27.66,85.14,3.47
2024-03-14 08:00:00,310.38,386.4,29.49,74.78,4.04
2024-03-14 09:00:00,434.92,597.08,31.63,64.75,3.82
2024-03-14 10:00:00,471.45,762.72,33.25,58.6,3.03
2024-03-14 11:00:00,523.58,859.45,34.31,54.82,2.07
2024-03-14 12:00:00,513.35,874.83,35.07,51.88,1.25
2024-03-14 13:00:00,395.23,833.95,35.25,50.08,1.23
2024-03-14 14:00:00,374.62,697.7,34.61,50.76,1.91
2024-03-14 15:00:00,252.02,509.15,33.72,53.13,2.44
2024-03-14 16:00:00,158.85,277.5,32.95,56.12,2.64
2024-03-14 17:00:00,47.35,72.07,31.54,64.97,2.2
2024-03-14 18:00:00,0.0,0.0,30.02,71.7,2.21
2024-03-14 19:00:00,0.0,0.0,29.59,71.25,3.1
2024-03-14 20:00:00,0.0,0.0,29.16,72.42,3.81
2024-03-14 21:00:00,0.0,0.0,28.56,75.33,4.15
2024-03-14 22:00:00,0.0,0.0,28.02,78.57,4.22
2024-03-14 23:00:00,0.0,0.0,27.56,81.71,4.08
2024-03-15 00:00:00,0.0,0.0,27.15,84.52,3.62
2024-03-15 01:00:00,0.0,0.0,26.77,87.08,3.03
2024-03-15 02:00:00,0.0,0.0,26.55,88.48,2.82
2024-03-15 03:00:00,0.0,0.0,26.38,89.67,2.74
2024-03-15 04:00:00,0.0,0.0,26.19,91.11,2.67
2024-03-15 05:00:00,0.0,0.0,26.03,92.56,2.59
2024-03-15 06:00:00,28.0,28.0,26.31,91.69,2.9
2024-03-15 07:00:00,175.05,195.6,27.72,84.3,3.9
2024-03-15 08:00:00,390.67,428.2,29.58,73.49,4.43
2024-03-15 09:00:00,580.88,646.35,31.45,63.98,4.02
2024-03-15 10:00:00,762.88,813.53,33.0,56.36,3.19
2024-03-15 11:00:00,868.2,911.03,34.29,50.09,2.21
2024-03-15 12:00:00,914.05,964.62,35.36,44.96,1.25
2024-03-15 13:00:00,867.47,901.05,36.14,40.79,0.35
2024-03-15 14:00:00,687.28,756.88,36.76,37.23,0.9
2024-03-15 15:00:00,496.12,550.92,36.72,36.0,1.48
2024-03-15 16:00:00,247.77,299.48,35.96,37.74,1.71
2024-03-15 17:00:00,65.38,84.9,33.94,49.32,1.25
2024-03-15 18:00:00,0.0,0.0,31.34,63.85,1.03
2024-03-15 19:00:00,0.0,0.0,30.5,64.35,1.25
2024-03-15 20:00:00,0.0,0.0,30.03,64.94,1.42
2024-03-15 21:00:00,0.0,0.0,29.73,65.64,1.51
2024-03-15 22:00:00,0.0,0.0,29.23,67.28,1.5
2024-03-15 23:00:00,0.0,0.0,28.74,68.78,1.5
2024-03-16 00:00:00,0.0,0.0,28.27,70.17,1.53
2024-03-16 01:00:00,0.0,0.0,27.79,71.9,1.58
2024-03-16 02:00:00,0.0,0.0,27.26,74.47,1.59
2024-03-16 03:00:00,0.0,0.0,26.76,77.7,1.54
2024-03-16 04:00:00,0.0,0.0,26.26,81.61,1.38
2024-03-16 05:00:00,0.0,0.0,25.83,85.56,1.06
2024-03-16 06:00:00,31.95,32.08,26.13,85.2,1.33
2024-03-16 07:00:00,211.27,212.3,28.27,73.48,1.72
2024-03-16 08:00:00,447.27,447.98,31.12,59.57,1.36
2024-03-16 09:00:00,664.62,669.25,33.99,48.02,0.22
2024-03-16 10:00:00,824.9,836.58,36.36,39.58,1.4
2024-03-16 11:00:00,909.7,932.45,37.66,35.35,1.84
2024-03-16 12:00:00,952.1,966.28,38.55,32.16,2.17
2024-03-16 13:00:00,880.6,901.45,39.04,29.74,2.44
2024-03-16 14:00:00,671.83,759.55,39.05,28.21,2.61
2024-03-16 15:00:00,494.75,550.75,38.42,27.8,2.62
2024-03-16 16:00:00,257.9,308.62,37.25,30.26,2.29
2024-03-16 17:00:00,77.88,89.65,34.94,42.48,1.27
2024-03-16 18:00:00,0.0,0.0,32.99,49.69,0.99
2024-03-16 19:00:00,0.0,0.0,32.51,48.91,0.91
2024-03-16 20:00:00,0.0,0.0,31.52,52.89,0.94
2024-03-16 21:00:00,0.0,0.0,30.13,58.87,1.09
2024-03-16 22:00:00,0.0,0.0,28.88,63.65,1.35
2024-03-16 23:00:00,0.0,0.0,28.0,68.37,1.71
2024-03-17 00:00:00,0.0,0.0,27.28,75.0,1.88
2024-03-17 01:00:00,0.0,0.0,26.63,82.12,1.7
2024-03-17 02:00:00,0.0,0.0,25.99,88.38,1.22
2024-03-17 03:00:00,0.0,0.0,25.49,93.21,0.8
2024-03-17 04:00:00,0.0,0.0,25.19,96.2,0.66
2024-03-17 05:00:00,0.0,0.0,24.95,98.3,0.65
2024-03-17 06:00:00,32.88,35.58,25.79,94.05,1.22
2024-03-17 07:00:00,221.12,237.73,28.42,79.0,1.81
2024-03-17 08:00:00,465.77,483.62,30.99,65.56,1.81
2024-03-17 09:00:00,698.9,700.3,33.11,55.54,1.39
2024-03-17 10:00:00,859.2,869.15,34.8,47.17,1.26
2024-03-17 11:00:00,903.8,963.55,36.04,41.58,1.53
2024-03-17 12:00:00,895.92,972.15,36.98,37.99,2.01
2024-03-17 13:00:00,833.42,905.97,37.62,35.77,2.45
2024-03-17 14:00:00,695.03,764.12,37.91,34.85,2.72
2024-03-17 15:00:00,458.83,560.45,37.59,35.15,2.86
2024-03-17 16:00:00,252.6,318.8,36.56,37.28,2.78
2024-03-17 17:00:00,73.68,91.38,34.47,46.91,1.94
2024-03-17 18:00:00,0.0,0.0,31.84,60.41,1.39
2024-03-17 19:00:00,0.0,0.0,30.96,62.35,1.76
2024-03-17 20:00:00,0.0,0.0,30.2,65.12,2.11
2024-03-17 21:00:00,0.0,0.0,29.56,68.89,2.57
2024-03-17 22:00:00,0.0,0.0,28.96,73.53,3.04
2024-03-17 23:00:00,0.0,0.0,28.35,78.53,3.15
2024-03-18 00:00:00,0.0,0.0,27.82,82.51,2.97
2024-03-18 01:00:00,0.0,0.0,27.36,85.26,2.64
2024-03-18 02:00:00,0.0,0.0,26.95,87.21,2.27
2024-03-18 03:00:00,0.0,0.0,26.6,88.52,1.89
2024-03-18 04:00:00,0.0,0.0,26.24,90.04,1.45
2024-03-18 05:00:00,0.0,0.0,25.94,91.39,1.09
2024-03-18 06:00:00,33.25,33.55,26.64,87.76,1.67
2024-03-18 07:00:00,218.02,222.12,29.29,72.79,2.86
2024-03-18 08:00:00,451.2,460.1,32.25,58.22,3.15
2024-03-18 09:00:00,663.3,676.47,34.55,48.95,2.16
2024-03-18 10:00:00,823.53,840.1,36.36,42.57,1.06
2024-03-18 11:00:00,919.15,932.03,37.84,37.74,1.3
2024-03-18 12:00:00,914.62,941.25,38.88,34.19,2.1
2024-03-18 13:00:00,782.0,870.78,39.33,32.13,2.75
2024-03-18 14:00:00,641.38,724.62,39.29,30.76,3.24
2024-03-18 15:00:00,435.12,518.65,38.7,30.49,3.47
2024-03-18 16:00:00,229.12,281.9,37.56,32.26,3.29
2024-03-18 17:00:00,69.32,77.1,35.35,42.2,2.05
2024-03-18 18:00:00,0.0,0.0,33.23,52.5,1.19
2024-03-18 19:00:00,0.0,0.0,32.33,56.18,1.07
2024-03-18 20:00:00,0.0,0.0,30.91,62.6,1.2
2024-03-18 21:00:00,0.0,0.0,29.95,65.64,1.7
2024-03-18 22:00:00,0.0,0.0,29.31,69.86,2.62
2024-03-18 23:00:00,0.0,0.0,28.71,75.73,3.27
2024-03-19 00:00:00,0.0,0.0,28.09,80.42,3.11
2024-03-19 01:00:00,0.0,0.0,27.6,83.49,2.61
2024-03-19 02:00:00,0.0,0.0,27.16,86.25,1.99
2024-03-19 03:00:00,0.0,0.0,26.79,88.59,1.52
2024-03-19 04:00:00,0.0,0.0,26.48,90.43,1.26
2024-03-19 05:00:00,0.0,0.0,26.22,91.76,1.14
2024-03-19 06:00:00,28.35,31.55,26.55,89.8,1.76
2024-03-19 07:00:00,189.73,202.82,28.69,75.99,2.15
2024-03-19 08:00:00,428.52,430.38,31.45,60.67,2.62
2024-03-19 09:00:00,648.1,649.5,33.41,52.09,2.71
2024-03-19 10:00:00,814.3,814.53,34.92,46.22,2.67
2024-03-19 11:00:00,903.62,908.8,36.12,41.32,2.69
2024-03-19 12:00:00,895.25,899.95,36.93,37.39,2.86
2024-03-19 13:00:00,807.53,830.12,37.32,34.59,3.07
2024-03-19 14:00:00,680.08,687.58,37.27,32.97,3.17
2024-03-19 15:00:00,476.3,488.33,36.71,32.66,3.06
2024-03-19 16:00:00,224.65,261.62,35.78,35.16,2.56
2024-03-19 17:00:00,59.6,72.35,34.27,43.15,1.41
2024-03-19 18:00:00,0.0,0.0,32.41,54.32,0.85
2024-03-19 19:00:00,0.0,0.0,31.03,60.19,1.03
2024-03-19 20:00:00,0.0,0.0,29.92,63.47,1.33
2024-03-19 21:00:00,0.0,0.0,29.19,66.48,1.77
2024-03-19 22:00:00,0.0,0.0,28.68,70.19,2.31
2024-03-19 23:00:00,0.0,0.0,28.23,73.85,2.55
2024-03-20 00:00:00,0.0,0.0,27.8,76.77,2.43
2024-03-20 01:00:00,0.0,0.0,27.39,79.19,2.1
2024-03-20 02:00:00,0.0,0.0,26.98,81.45,1.73
2024-03-20 03:00:00,0.0,0.0,26.6,83.37,1.41
2024-03-20 04:00:00,0.0,0.0,26.23,85.27,1.22
2024-03-20 05:00:00,0.0,0.0,25.93,86.84,1.1
2024-03-20 06:00:00,31.25,33.3,26.49,84.35,1.75
2024-03-20 07:00:00,190.18,206.4,28.72,73.27,3.08
2024-03-20 08:00:00,434.65,439.9,31.27,61.34,3.51
2024-03-20 09:00:00,643.5,658.0,33.4,52.95,2.97
2024-03-20 10:00:00,802.33,824.08,35.23,46.14,2.23
2024-03-20 11:00:00,845.67,918.97,36.7,40.16,1.45
2024-03-20 12:00:00,850.58,904.67,37.78,35.21,0.74
2024-03-20 13:00:00,780.88,836.92,38.45,31.73,0.75
2024-03-20 14:00:00,665.4,691.8,38.62,30.1,1.21
2024-03-20 15:00:00,444.95,489.05,38.22,29.95,1.67
2024-03-20 16:00:00,228.73,261.0,37.31,31.2,2.04
2024-03-20 17:00:00,71.88,71.85,35.16,40.84,1.57
2024-03-20 18:00:00,0.0,0.0,32.55,52.12,1.56
2024-03-20 19:00:00,0.0,0.0,31.69,53.63,2.11
2024-03-20 20:00:00,0.0,0.0,30.86,56.57,2.41
2024-03-20 21:00:00,0.0,0.0,30.02,60.22,2.56
2024-03-20 22:00:00,0.0,0.0,29.24,64.11,2.6
2024-03-20 23:00:00,0.0,0.0,28.61,67.5,2.58
2024-03-21 00:00:00,0.0,0.0,28.14,69.95,2.56
2024-03-21 01:00:00,0.0,0.0,27.79,71.53,2.5
2024-03-21 02:00:00,0.0,0.0,27.47,72.87,2.15
2024-03-21 03:00:00,0.0,0.0,27.1,74.61,1.61
2024-03-21 04:00:00,0.0,0.0,26.66,76.61,1.15
2024-03-21 05:00:00,0.0,0.0,26.34,77.76,0.91
2024-03-21 06:00:00,31.62,31.95,26.99,74.63,1.2
2024-03-21 07:00:00,159.82,192.0,29.08,62.91,2.37
2024-03-21 08:00:00,345.15,412.98,31.79,51.23,3.01
2024-03-21 09:00:00,587.83,622.85,34.05,43.93,2.71
2024-03-21 10:00:00,773.35,783.03,35.82,38.91,2.04
2024-03-21 11:00:00,869.7,870.45,37.21,34.58,1.29
2024-03-21 12:00:00,663.4,776.47,38.21,30.97,0.59
2024-03-21 13:00:00,696.92,702.0,38.86,28.18,0.31
2024-03-21 14:00:00,495.6,561.45,39.07,26.43,0.83
2024-03-21 15:00:00,324.6,379.7,38.43,26.39,1.37
2024-03-21 16:00:00,127.6,191.77,37.41,28.91,1.61
2024-03-21 17:00:00,35.15,55.0,35.05,41.57,1.21
2024-03-21 18:00:00,0.0,0.0,32.72,49.21,1.45
2024-03-21 19:00:00,0.0,0.0,31.83,50.96,2.02
2024-03-21 20:00:00,0.0,0.0,30.98,55.34,2.55
2024-03-21 21:00:00,0.0,0.0,30.12,61.53,2.89
2024-03-21 22:00:00,0.0,0.0,29.38,67.71,3.02
2024-03-21 23:00:00,0.0,0.0,28.81,72.58,2.96
2024-03-22 00:00:00,0.0,0.0,28.4,75.36,2.93
2024-03-22 01:00:00,0.0,0.0,28.13,76.89,2.94
2024-03-22 02:00:00,0.0,0.0,27.88,78.09,2.9
2024-03-22 03:00:00,0.0,0.0,27.62,79.28,2.76
2024-03-22 04:00:00,0.0,0.0,27.37,80.42,2.62
2024-03-22 05:00:00,0.0,0.0,27.17,81.36,2.48
2024-03-22 06:00:00,24.08,27.17,27.43,80.18,2.91
2024-03-22 07:00:00,155.25,163.27,28.71,73.44,3.88
2024-03-22 08:00:00,349.5,355.9,30.38,64.57,4.68
2024-03-22 09:00:00,555.45,564.25,31.9,57.48,4.69
2024-03-22 10:00:00,729.45,731.2,32.93,52.76,4.17
2024-03-22 11:00:00,827.15,832.83,34.1,48.18,3.56
2024-03-22 12:00:00,681.92,796.83,35.09,44.15,3.03
2024-03-22 13:00:00,712.35,729.92,35.66,41.41,2.69
2024-03-22 14:00:00,524.8,593.8,35.76,40.04,2.63
2024-03-22 15:00:00,343.23,406.38,35.53,39.93,2.74
2024-03-22 16:00:00,179.6,215.48,34.71,42.61,2.69
2024-03-22 17:00:00,50.4,59.05,32.75,52.52,2.01
2024-03-22 18:00:00,0.0,0.0,31.18,58.09,2.47
2024-03-22 19:00:00,0.0,0.0,30.59,60.12,3.42
2024-03-22 20:00:00,0.0,0.0,29.85,64.18,3.77
2024-03-22 21:00:00,0.0,0.0,29.22,68.05,3.74
2024-03-22 22:00:00,0.0,0.0,28.7,71.37,3.72
2024-03-22 23:00:00,0.0,0.0,28.26,74.17,3.75
2024-03-23 00:00:00,0.0,0.0,27.91,76.36,3.73
2024-03-23 01:00:00,0.0,0.0,27.67,77.64,3.57
2024-03-23 02:00:00,0.0,0.0,27.46,78.6,3.2
2024-03-23 03:00:00,0.0,0.0,27.26,79.47,2.95
2024-03-23 04:00:00,0.0,0.0,27.08,80.07,2.79
2024-03-23 05:00:00,0.0,0.0,26.88,80.92,2.6
2024-03-23 06:00:00,23.15,28.45,27.02,80.32,2.75
2024-03-23 07:00:00,136.27,165.52,28.22,74.2,3.69
2024-03-23 08:00:00,291.9,365.95,30.01,64.41,4.49
2024-03-23 09:00:00,437.58,558.88,31.7,56.93,4.47
2024-03-23 10:00:00,692.92,721.92,33.21,51.75,4.01
2024-03-23 11:00:00,790.33,816.47,34.28,48.13,3.47
2024-03-23 12:00:00,810.42,856.58,34.67,46.46,3.04
2024-03-23 13:00:00,561.83,792.7,34.71,45.93,2.82
2024-03-23 14:00:00,512.4,640.65,34.55,46.06,2.88
2024-03-23 15:00:00,329.7,441.95,33.9,47.65,3.0
2024-03-23 16:00:00,164.07,226.65,33.06,51.19,2.76
2024-03-23 17:00:00,51.78,63.3,31.35,62.77,1.84
2024-03-23 18:00:00,0.0,0.0,29.92,69.35,1.8
2024-03-23 19:00:00,0.0,0.0,29.42,70.54,2.16
2024-03-23 20:00:00,0.0,0.0,29.02,72.06,2.59
2024-03-23 21:00:00,0.0,0.0,28.58,74.48,2.94
2024-03-23 22:00:00,0.0,0.0,28.16,77.03,3.07
2024-03-23 23:00:00,0.0,0.0,27.77,79.36,2.99
2024-03-24 00:00:00,0.0,0.0,27.4,81.24,2.89
2024-03-24 01:00:00,0.0,0.0,27.05,82.94,2.76
2024-03-24 02:00:00,0.0,0.0,26.72,84.59,2.68
2024-03-24 03:00:00,0.0,0.0,26.43,85.98,2.65
2024-03-24 04:00:00,0.0,0.0,26.18,87.14,2.58
2024-03-24 05:00:00,0.0,0.0,25.94,88.24,2.4
2024-03-24 06:00:00,20.67,31.35,26.03,87.83,2.47
2024-03-24 07:00:00,132.48,182.43,27.62,77.18,2.94
2024-03-24 08:00:00,278.7,396.92,30.35,61.62,3.27
2024-03-24 09:00:00,429.4,606.4,32.56,52.7,2.64
2024-03-24 10:00:00,558.75,768.45,34.1,47.35,1.8
2024-03-24 11:00:00,722.6,853.53,35.41,42.99,0.94
2024-03-24 12:00:00,883.88,923.05,36.53,39.44,0.96
2024-03-24 13:00:00,731.85,850.9,37.16,37.5,1.73
2024-03-24 14:00:00,599.95,704.3,37.11,37.32,2.46
2024-03-24 15:00:00,411.48,497.83,36.45,38.79,3.04
2024-03-24 16:00:00,207.85,265.33,35.24,42.92,3.16
2024-03-24 17:00:00,59.67,72.95,33.19,53.06,2.52
2024-03-24 18:00:00,0.0,0.0,31.23,61.79,2.55
2024-03-24 19:00:00,0.0,0.0,30.41,65.56,2.91
2024-03-24 20:00:00,0.0,0.0,29.73,69.0,2.89
2024-03-24 21:00:00,0.0,0.0,29.12,72.12,2.65
2024-03-24 22:00:00,0.0,0.0,28.55,74.96,2.32
2024-03-24 23:00:00,0.0,0.0,28.06,77.21,2.1
2024-03-25 00:00:00,0.0,0.0,27.64,79.11,2.05
2024-03-25 01:00:00,0.0,0.0,27.27,80.99,2.16
2024-03-25 02:00:00,0.0,0.0,26.92,83.07,2.36
2024-03-25 03:00:00,0.0,0.0,26.58,85.61,2.33
2024-03-25 04:00:00,0.0,0.0,26.3,87.95,2.13
2024-03-25 05:00:00,0.0,0.0,26.1,89.78,1.89
2024-03-25 06:00:00,24.05,35.42,26.47,88.23,2.28
2024-03-25 07:00:00,141.15,203.35,28.28,75.56,3.01
2024-03-25 08:00:00,273.62,428.45,30.92,59.31,3.73
2024-03-25 09:00:00,408.02,642.03,33.4,48.52,3.71
2024-03-25 10:00:00,607.97,804.5,35.12,43.28,3.06
2024-03-25 11:00:00,762.55,888.85,36.22,40.31,2.49
2024-03-25 12:00:00,839.47,914.65,36.93,38.33,2.31
2024-03-25 13:00:00,781.62,842.35,37.16,37.45,2.44
2024-03-25 14:00:00,652.22,694.22,37.03,37.44,2.69
2024-03-25 15:00:00,435.08,479.6,36.53,38.3,2.92
2024-03-25 16:00:00,213.02,254.48,35.62,40.83,2.94
2024-03-25 17:00:00,59.28,71.22,33.72,49.36,2.27
2024-03-25 18:00:00,0.0,0.0,31.85,56.56,2.52
2024-03-25 19:00:00,0.0,0.0,31.06,59.86,3.6
2024-03-25 20:00:00,0.0,0.0,30.09,65.59,4.01
2024-03-25 21:00:00,0.0,0.0,29.34,70.47,3.94
2024-03-25 22:00:00,0.0,0.0,28.82,73.66,3.76
2024-03-25 23:00:00,0.0,0.0,28.43,75.65,3.58
2024-03-26 00:00:00,0.0,0.0,28.05,77.49,3.46
2024-03-26 01:00:00,0.0,0.0,27.68,79.3,3.34
2024-03-26 02:00:00,0.0,0.0,27.36,80.84,3.12
2024-03-26 03:00:00,0.0,0.0,27.12,82.0,2.83
2024-03-26 04:00:00,0.0,0.0,26.94,82.87,2.55
2024-03-26 05:00:00,0.0,0.0,26.81,83.3,2.34
2024-03-26 06:00:00,34.38,38.33,27.11,81.77,2.63
2024-03-26 07:00:00,178.57,220.18,28.55,74.0,3.46
2024-03-26 08:00:00,356.6,454.77,30.27,64.72,4.1
2024-03-26 09:00:00,540.92,664.55,31.94,57.47,4.11
2024-03-26 10:00:00,689.15,828.78,33.32,52.28,3.82
2024-03-26 11:00:00,814.5,921.4,34.44,48.53,3.48
2024-03-26 12:00:00,814.1,928.42,35.19,46.08,3.17
2024-03-26 13:00:00,713.33,861.8,35.39,45.23,2.85
2024-03-26 14:00:00,552.9,716.38,35.31,45.31,2.59
2024-03-26 15:00:00,406.02,514.58,34.86,46.6,2.4
2024-03-26 16:00:00,228.57,281.33,34.04,50.29,2.1
2024-03-26 17:00:00,69.0,77.55,32.27,63.29,1.41
2024-03-26 18:00:00,0.0,0.0,30.54,70.62,1.48
2024-03-26 19:00:00,0.0,0.0,29.97,70.27,2.08
2024-03-26 20:00:00,0.0,0.0,29.47,71.43,2.63
2024-03-26 21:00:00,0.0,0.0,28.83,74.4,2.73
2024-03-26 22:00:00,0.0,0.0,28.25,77.24,2.63
2024-03-26 23:00:00,0.0,0.0,27.81,79.23,2.44
2024-03-27 00:00:00,0.0,0.0,27.46,80.6,2.23
2024-03-27 01:00:00,0.0,0.0,27.16,81.61,2.01
2024-03-27 02:00:00,0.0,0.0,26.83,82.84,1.86
2024-03-27 03:00:00,0.0,0.0,26.48,84.49,1.82
2024-03-27 04:00:00,0.0,0.0,26.12,86.45,1.79
2024-03-27 05:00:00,0.0,0.0,25.77,88.73,1.68
2024-03-27 06:00:00,44.33,41.88,26.15,87.46,2.23
2024-03-27 07:00:00,225.07,230.18,28.59,74.36,2.8
2024-03-27 08:00:00,460.88,467.23,31.79,58.42,2.93
2024-03-27 09:00:00,674.88,675.03,34.39,48.29,2.15
2024-03-27 10:00:00,837.35,844.05,36.17,43.23,1.41
2024-03-27 11:00:00,896.97,932.72,37.45,40.09,1.42
2024-03-27 12:00:00,841.9,933.5,38.17,38.3,1.95
2024-03-27 13:00:00,733.42,860.88,38.51,37.51,2.42
2024-03-27 14:00:00,573.22,714.97,38.42,37.66,2.69
2024-03-27 15:00:00,329.95,511.92,37.79,38.83,2.7
2024-03-27 16:00:00,164.3,279.12,36.83,40.92,2.54
2024-03-27 17:00:00,50.38,77.43,35.28,47.48,1.88
2024-03-27 18:00:00,0.0,0.0,33.04,60.66,1.22
2024-03-27 19:00:00,0.0,0.0,32.23,62.35,1.44
2024-03-27 20:00:00,0.0,0.0,31.51,64.39,1.51
2024-03-27 21:00:00,0.0,0.0,30.84,66.66,1.54
2024-03-27 22:00:00,0.0,0.0,30.18,69.25,1.6
2024-03-27 23:00:00,0.0,0.0,29.58,72.16,1.54
2024-03-28 00:00:00,0.0,0.0,29.05,75.37,1.32
2024-03-28 01:00:00,0.0,0.0,28.59,79.15,0.98
2024-03-28 02:00:00,0.0,0.0,28.25,82.89,0.68
2024-03-28 03:00:00,0.0,0.0,28.13,83.9,0.46
2024-03-28 04:00:00,0.0,0.0,28.14,82.08,0.33
2024-03-28 05:00:00,0.0,0.0,28.02,81.3,0.35
2024-03-28 06:00:00,39.25,40.85,28.44,74.95,0.75
2024-03-28 07:00:00,193.25,222.15,29.86,63.67,1.89
2024-03-28 08:00:00,396.4,456.58,31.74,52.19,1.95
2024-03-28 09:00:00,527.17,671.4,33.69,45.51,1.62
2024-03-28 10:00:00,764.8,833.2,35.35,41.68,1.69
2024-03-28 11:00:00,888.92,922.35,36.56,39.26,1.76
2024-03-28 12:00:00,846.85,894.33,37.53,37.58,1.6
2024-03-28 13:00:00,733.03,822.08,38.08,36.87,1.36
2024-03-28 14:00:00,583.15,677.83,38.05,37.14,1.24
2024-03-28 15:00:00,341.67,477.17,37.46,38.47,1.22
2024-03-28 16:00:00,147.45,252.73,36.76,40.49,1.44
2024-03-28 17:00:00,40.45,69.5,35.09,49.39,1.31
2024-03-28 18:00:00,0.0,0.0,32.59,65.54,1.22
2024-03-28 19:00:00,0.0,0.0,31.59,64.25,1.77
2024-03-28 20:00:00,0.0,0.0,30.9,64.53,2.31
2024-03-28 21:00:00,0.0,0.0,30.33,66.53,2.7
2024-03-28 22:00:00,0.0,0.0,29.72,70.04,2.86
2024-03-28 23:00:00,0.0,0.0,29.1,73.81,2.84
2024-03-29 00:00:00,0.0,0.0,28.58,76.82,2.74
2024-03-29 01:00:00,0.0,0.0,28.18,78.93,2.64
2024-03-29 02:00:00,0.0,0.0,27.93,79.91,2.61
2024-03-29 03:00:00,0.0,0.0,27.73,80.7,2.48
2024-03-29 04:00:00,0.0,0.0,27.59,81.25,2.32
2024-03-29 05:00:00,0.0,0.0,27.42,81.92,2.19
2024-03-29 06:00:00,42.2,42.25,27.51,81.12,2.44
2024-03-29 07:00:00,216.25,227.95,28.65,75.71,2.71
2024-03-29 08:00:00,449.77,464.12,31.73,60.1,3.02
2024-03-29 09:00:00,665.45,680.8,34.41,49.02,2.77
2024-03-29 10:00:00,810.33,844.58,36.43,41.83,1.91
2024-03-29 11:00:00,856.92,936.33,37.87,36.89,0.81
2024-03-29 12:00:00,850.28,906.28,38.82,33.45,0.75
2024-03-29 13:00:00,803.92,843.25,39.27,31.56,1.9
2024-03-29 14:00:00,639.5,690.75,39.03,31.49,2.79
2024-03-29 15:00:00,437.15,488.23,38.41,32.84,3.38
2024-03-29 16:00:00,227.07,260.67,37.3,36.11,3.71
2024-03-29 17:00:00,67.53,72.47,35.1,44.69,3.46
2024-03-29 18:00:00,0.0,0.0,32.69,54.38,3.86
2024-03-29 19:00:00,0.0,0.0,31.33,60.88,4.46
2024-03-29 20:00:00,0.0,0.0,30.34,66.05,4.37
2024-03-29 21:00:00,0.0,0.0,29.68,69.52,3.96
2024-03-29 22:00:00,0.0,0.0,29.11,72.64,3.49
2024-03-29 23:00:00,0.0,0.0,28.59,75.67,3.09
2024-03-30 00:00:00,0.0,0.0,28.12,78.57,2.81
2024-03-30 01:00:00,0.0,0.0,27.73,80.93,2.66
2024-03-30 02:00:00,0.0,0.0,27.38,83.1,2.59
2024-03-30 03:00:00,0.0,0.0,27.01,85.32,2.58
2024-03-30 04:00:00,0.0,0.0,26.73,87.09,2.72
2024-03-30 05:00:00,0.0,0.0,26.47,88.73,2.85
2024-03-30 06:00:00,41.75,44.8,26.66,87.94,3.26
2024-03-30 07:00:00,184.77,232.45,28.05,79.89,4.49
2024-03-30 08:00:00,382.27,470.5,29.91,69.78,4.92
2024-03-30 09:00:00,573.72,694.55,31.91,60.61,4.58
2024-03-30 10:00:00,720.95,857.3,33.57,54.12,3.88
2024-03-30 11:00:00,800.3,942.83,34.86,49.33,3.01
2024-03-30 12:00:00,710.35,894.53,35.98,45.22,2.16
2024-03-30 13:00:00,721.95,835.17,36.67,42.18,1.51
2024-03-30 14:00:00,584.45,684.92,36.95,40.23,1.27
2024-03-30 15:00:00,382.83,485.42,36.74,39.55,1.43
2024-03-30 16:00:00,210.38,259.98,35.99,40.87,1.78
2024-03-30 17:00:00,64.55,72.22,34.14,49.72,1.57
2024-03-30 18:00:00,0.0,0.0,31.83,58.73,1.83
2024-03-30 19:00:00,0.0,0.0,31.17,61.2,2.8
2024-03-30 20:00:00,0.0,0.0,30.39,65.94,3.18
2024-03-30 21:00:00,0.0,0.0,29.75,70.08,3.24
2024-03-30 22:00:00,0.0,0.0,29.24,73.22,3.21
2024-03-30 23:00:00,0.0,0.0,28.82,75.85,3.27
2024-03-31 00:00:00,0.0,0.0,28.36,78.57,3.3
2024-03-31 01:00:00,0.0,0.0,27.85,81.51,3.24
2024-03-31 02:00:00,0.0,0.0,27.41,83.84,3.17
2024-03-31 03:00:00,0.0,0.0,27.04,85.74,2.96
2024-03-31 04:00:00,0.0,0.0,26.66,87.64,2.59
2024-03-31 05:00:00,0.0,0.0,26.31,89.33,2.08
2024-03-31 06:00:00,43.95,46.4,26.65,87.71,2.41
2024-03-31 07:00:00,225.82,237.98,28.9,74.63,2.81
2024-03-31 08:00:00,464.62,464.75,31.72,60.54,2.97
2024-03-31 09:00:00,689.78,691.58,33.66,52.97,2.65
2024-03-31 10:00:00,852.58,856.12,35.17,48.12,2.19
2024-03-31 11:00:00,942.58,947.65,36.23,44.59,1.68
2024-03-31 12:00:00,954.45,960.75,37.15,41.35,1.3
2024-03-31 13:00:00,877.3,887.85,37.77,38.67,1.39
2024-03-31 14:00:00,719.42,742.28,38.18,36.8,2.1
2024-03-31 15:00:00,518.95,536.33,37.9,36.66,2.86
2024-03-31 16:00:00,266.0,297.17,37.08,38.39,3.35
2024-03-31 17:00:00,73.65,83.03,35.13,45.28,3.01
2024-03-31 18:00:00,0.0,0.0,32.77,54.61,3.3
2024-03-31 19:00:00,0.0,0.0,31.58,60.93,4.33
2024-03-31 20:00:00,0.0,0.0,30.47,67.75,4.54
2024-03-31 21:00:00,0.0,0.0,29.69,72.9,4.19
2024-03-31 22:00:00,0.0,0.0,29.23,75.7,3.93
2024-03-31 23:00:00,0.0,0.0,28.85,77.85,3.74
2024-04-01 00:00:00,0.0,0.0,28.53,79.71,3.58
2024-04-01 01:00:00,0.0,0.0,28.21,81.74,3.37
2024-04-01 02:00:00,0.0,0.0,27.92,83.61,3.18
2024-04-01 03:00:00,0.0,0.0,27.64,85.42,2.97
2024-04-01 04:00:00,0.0,0.0,27.39,86.98,2.73
2024-04-01 05:00:00,0.0,0.0,27.19,88.14,2.48
2024-04-01 06:00:00,40.28,49.1,27.36,87.24,2.72
2024-04-01 07:00:00,188.35,243.75,28.49,80.72,3.51
2024-04-01 08:00:00,387.52,480.77,30.14,71.2,4.02
2024-04-01 09:00:00,562.97,693.95,31.76,63.24,4.07
2024-04-01 10:00:00,813.72,853.2,33.35,56.54,3.83
2024-04-01 11:00:00,884.53,937.6,34.64,51.58,3.35
2024-04-01 12:00:00,867.75,919.17,35.26,49.02,2.73
2024-04-01 13:00:00,775.17,844.75,35.56,47.52,2.49
2024-04-01 14:00:00,664.25,704.75,35.51,47.12,2.62
2024-04-01 15:00:00,457.35,494.35,34.97,48.17,2.75
2024-04-01 16:00:00,235.85,265.23,34.18,50.28,2.71
2024-04-01 17:00:00,68.68,73.7,32.7,57.59,1.8
2024-04-01 18:00:00,0.0,0.0,31.08,65.06,1.42
2024-04-01 19:00:00,0.0,0.0,30.45,67.11,1.61
2024-04-01 20:00:00,0.0,0.0,29.91,68.99,1.78
2024-04-01 21:00:00,0.0,0.0,29.45,70.72,1.94
2024-04-01 22:00:00,0.0,0.0,29.07,72.17,2.21
2024-04-01 23:00:00,0.0,0.0,28.73,73.73,2.55
2024-04-02 00:00:00,0.0,0.0,28.39,75.79,2.69
2024-04-02 01:00:00,0.0,0.0,28.02,78.42,2.58
2024-04-02 02:00:00,0.0,0.0,27.7,80.85,2.31
2024-04-02 03:00:00,0.0,0.0,27.37,83.44,1.93
2024-04-02 04:00:00,0.0,0.0,26.93,86.46,1.4
2024-04-02 05:00:00,0.0,0.0,26.48,89.32,1.05
2024-04-02 06:00:00,42.85,47.9,26.97,87.41,1.58
2024-04-02 07:00:00,167.93,233.27,29.31,74.16,2.23
2024-04-02 08:00:00,338.5,466.5,32.08,60.22,2.1
2024-04-02 09:00:00,527.72,679.05,34.54,49.51,1.08
2024-04-02 10:00:00,623.5,838.97,36.86,40.73,0.5
2024-04-02 11:00:00,732.3,927.35,38.54,35.83,1.56
2024-04-02 12:00:00,799.95,951.9,39.4,33.52,2.27
2024-04-02 13:00:00,708.33,876.33,39.93,32.08,2.77
2024-04-02 14:00:00,545.28,727.12,40.02,31.58,3.13
2024-04-02 15:00:00,357.52,519.83,39.47,32.18,3.3
2024-04-02 16:00:00,194.9,283.6,38.55,33.65,3.18
2024-04-02 17:00:00,66.82,78.78,36.41,42.35,2.17
2024-04-02 18:00:00,0.0,0.0,33.64,52.55,2.09
2024-04-02 19:00:00,0.0,0.0,32.57,56.31,3.28
2024-04-02 20:00:00,0.0,0.0,31.31,63.67,4.15
2024-04-02 21:00:00,0.0,0.0,30.27,70.74,4.29
2024-04-02 22:00:00,0.0,0.0,29.72,74.11,4.2
2024-04-02 23:00:00,0.0,0.0,29.37,75.54,4.08
2024-04-03 00:00:00,0.0,0.0,29.02,76.52,3.89
2024-04-03 01:00:00,0.0,0.0,28.7,77.27,3.62
2024-04-03 02:00:00,0.0,0.0,28.39,77.99,3.35
2024-04-03 03:00:00,0.0,0.0,28.13,78.63,3.19
2024-04-03 04:00:00,0.0,0.0,27.87,79.51,3.11
2024-04-03 05:00:00,0.0,0.0,27.61,80.84,3.04
2024-04-03 06:00:00,46.22,51.4,27.79,80.51,3.39
2024-04-03 07:00:00,211.73,256.38,29.33,73.84,3.83
2024-04-03 08:00:00,419.67,498.85,31.25,64.52,4.52
2024-04-03 09:00:00,561.53,714.75,32.68,58.21,4.78
2024-04-03 10:00:00,701.45,874.12,33.97,53.08,4.85
2024-04-03 11:00:00,830.6,960.12,34.9,49.48,4.64
2024-04-03 12:00:00,803.2,962.88,35.59,46.76,4.27
2024-04-03 13:00:00,794.35,883.92,35.7,45.69,3.84
2024-04-03 14:00:00,626.03,731.72,35.62,45.24,3.55
2024-04-03 15:00:00,433.8,522.03,34.99,46.35,3.29
2024-04-03 16:00:00,234.1,283.65,34.25,48.4,2.95
2024-04-03 17:00:00,66.55,76.18,32.78,56.01,1.81
2024-04-03 18:00:00,0.0,0.0,31.23,62.45,1.63
2024-04-03 19:00:00,0.0,0.0,30.64,64.21,2.02
2024-04-03 20:00:00,0.0,0.0,30.08,66.78,2.39
2024-04-03 21:00:00,0.0,0.0,29.52,70.01,2.84
2024-04-03 22:00:00,0.0,0.0,28.97,73.47,3.26
2024-04-03 23:00:00,0.0,0.0,28.35,77.21,3.36
2024-04-04 00:00:00,0.0,0.0,27.8,80.3,3.25
2024-04-04 01:00:00,0.0,0.0,27.32,82.74,2.98
2024-04-04 02:00:00,0.0,0.0,26.89,84.78,2.59
2024-04-04 03:00:00,0.0,0.0,26.53,86.32,2.32
2024-04-04 04:00:00,0.0,0.0,26.19,87.92,2.05
2024-04-04 05:00:00,0.0,0.0,25.88,89.4,2.0
2024-04-04 06:00:00,41.88,49.35,26.29,87.19,2.68
2024-04-04 07:00:00,195.88,235.82,28.95,71.46,3.62
2024-04-04 08:00:00,396.38,471.1,31.94,58.52,3.82
2024-04-04 09:00:00,598.38,685.28,34.27,50.87,3.41
2024-04-04 10:00:00,786.05,845.7,36.1,45.12,2.96
2024-04-04 11:00:00,934.55,935.53,37.6,40.37,2.46
2024-04-04 12:00:00,984.3,995.12,38.75,36.59,1.86
2024-04-04 13:00:00,921.67,923.6,39.48,33.96,1.3
2024-04-04 14:00:00,774.5,776.88,39.71,32.42,1.03
2024-04-04 15:00:00,539.45,568.97,39.42,31.77,1.12
2024-04-04 16:00:00,280.35,325.08,38.64,32.2,1.45
2024-04-04 17:00:00,76.78,93.97,36.96,37.07,1.43
2024-04-04 18:00:00,0.0,0.0,33.83,51.11,1.3
2024-04-04 19:00:00,0.0,0.0,32.77,50.21,2.18
2024-04-04 20:00:00,0.0,0.0,31.78,52.44,3.3
2024-04-04 21:00:00,0.0,0.0,30.36,58.49,4.04
2024-04-04 22:00:00,0.0,0.0,29.19,64.16,4.27
2024-04-04 23:00:00,0.0,0.0,28.47,68.08,4.31
2024-04-05 00:00:00,0.0,0.0,28.02,70.88,4.25
2024-04-05 01:00:00,0.0,0.0,27.63,73.56,4.09
2024-04-05 02:00:00,0.0,0.0,27.24,76.6,3.86
2024-04-05 03:00:00,0.0,0.0,26.9,79.66,3.55
2024-04-05 04:00:00,0.0,0.0,26.57,82.94,3.28
2024-04-05 05:00:00,0.0,0.0,26.29,85.65,3.15
2024-04-05 06:00:00,55.47,59.45,26.74,84.15,3.53
2024-04-05 07:00:00,260.0,274.23,29.43,70.04,4.02
2024-04-05 08:00:00,510.9,511.4,32.29,56.72,4.09
2024-04-05 09:00:00,723.92,725.08,34.75,47.43,3.83
2024-04-05 10:00:00,880.67,883.0,36.66,41.32,3.53
2024-04-05 11:00:00,966.5,969.6,38.14,37.07,3.21
2024-04-05 12:00:00,939.38,970.3,39.21,34.01,2.94
2024-04-05 13:00:00,893.95,898.45,39.73,32.08,2.87
2024-04-05 14:00:00,729.6,750.28,39.69,31.23,2.95
2024-04-05 15:00:00,499.85,543.53,39.1,31.69,3.23
2024-04-05 16:00:00,265.75,303.45,37.94,33.83,3.62
2024-04-05 17:00:00,77.07,85.25,36.05,38.96,3.77
2024-04-05 18:00:00,0.0,0.0,33.6,47.83,4.15
2024-04-05 19:00:00,0.0,0.0,32.07,55.25,4.77
2024-04-05 20:00:00,0.0,0.0,30.96,61.41,4.56
2024-04-05 21:00:00,0.0,0.0,30.19,65.59,4.28
2024-04-05 22:00:00,0.0,0.0,29.59,68.47,4.1
2024-04-05 23:00:00,0.0,0.0,29.07,71.0,4.01
2024-04-06 00:00:00,0.0,0.0,28.56,73.85,3.94
2024-04-06 01:00:00,0.0,0.0,28.09,76.85,3.87
2024-04-06 02:00:00,0.0,0.0,27.74,79.46,3.61
2024-04-06 03:00:00,0.0,0.0,27.45,81.8,3.25
2024-04-06 04:00:00,0.0,0.0,27.24,83.53,3.16
2024-04-06 05:00:00,0.0,0.0,27.04,85.01,3.06
2024-04-06 06:00:00,49.95,56.92,27.27,84.03,3.48
2024-04-06 07:00:00,221.15,260.98,28.51,76.68,4.68
2024-04-06 08:00:00,444.25,498.95,30.06,67.71,5.16
2024-04-06 09:00:00,655.95,710.25,31.42,60.53,5.08
2024-04-06 10:00:00,798.22,866.38,32.4,55.78,4.75
2024-04-06 11:00:00,899.72,949.85,33.49,51.36,4.35
2024-04-06 12:00:00,849.25,951.58,34.22,48.06,3.79
2024-04-06 13:00:00,778.05,875.4,34.97,45.14,3.16
2024-04-06 14:00:00,662.22,731.1,35.44,43.28,2.49
2024-04-06 15:00:00,421.17,520.6,35.31,43.0,1.95
2024-04-06 16:00:00,226.07,284.42,34.73,44.23,1.58
2024-04-06 17:00:00,68.5,78.78,33.45,51.51,1.03
2024-04-06 18:00:00,0.0,0.0,31.35,70.1,0.69
2024-04-06 19:00:00,0.0,0.0,30.59,69.24,0.98
2024-04-06 20:00:00,0.0,0.0,29.84,68.76,1.47
2024-04-06 21:00:00,0.0,0.0,29.1,70.28,2.14
2024-04-06 22:00:00,0.0,0.0,28.44,72.18,2.61
2024-04-06 23:00:00,0.0,0.0,27.94,73.95,3.01
2024-04-07 00:00:00,0.0,0.0,27.46,76.61,3.11
2024-04-07 01:00:00,0.0,0.0,27.02,79.13,3.0
2024-04-07 02:00:00,0.0,0.0,26.69,81.14,2.77
2024-04-07 03:00:00,0.0,0.0,26.46,82.96,2.48
2024-04-07 04:00:00,0.0,0.0,26.27,84.69,2.11
2024-04-07 05:00:00,0.0,0.0,26.07,86.62,1.68
2024-04-07 06:00:00,23.77,57.55,26.47,85.07,1.99
2024-04-07 07:00:00,117.45,266.75,28.41,74.83,2.23
2024-04-07 08:00:00,255.2,506.23,30.77,62.4,2.5
2024-04-07 09:00:00,338.62,717.05,32.41,55.36,2.4
2024-04-07 10:00:00,624.95,872.3,33.69,50.73,2.07
2024-04-07 11:00:00,756.4,954.3,34.95,46.63,1.36
2024-04-07 12:00:00,790.6,950.78,35.66,43.86,0.33
2024-04-07 13:00:00,816.53,875.55,35.93,41.8,1.21
2024-04-07 14:00:00,609.53,727.97,35.75,41.3,1.93
2024-04-07 15:00:00,391.27,524.12,35.25,42.19,2.18
2024-04-07 16:00:00,213.55,285.38,34.52,44.41,2.1
2024-04-07 17:00:00,65.35,75.8,32.93,54.15,1.42
2024-04-07 18:00:00,0.0,0.0,31.14,61.84,1.56
2024-04-07 19:00:00,0.0,0.0,30.45,62.46,2.11
2024-04-07 20:00:00,0.0,0.0,29.87,64.14,2.4
2024-04-07 21:00:00,0.0,0.0,29.31,66.65,2.38
2024-04-07 22:00:00,0.0,0.0,28.86,69.15,2.3
2024-04-07 23:00:00,0.0,0.0,28.48,71.31,2.27
2024-04-08 00:00:00,0.0,0.0,28.15,73.58,2.28
2024-04-08 01:00:00,0.0,0.0,27.85,76.17,2.22
2024-04-08 02:00:00,0.0,0.0,27.6,78.6,2.01
2024-04-08 03:00:00,0.0,0.0,27.41,80.58,1.89
2024-04-08 04:00:00,0.0,0.0,27.2,82.39,1.94
2024-04-08 05:00:00,0.0,0.0,26.98,83.99,2.12
2024-04-08 06:00:00,33.85,57.8,27.13,83.56,2.75
2024-04-08 07:00:00,148.68,264.33,28.43,76.69,3.37
2024-04-08 08:00:00,281.4,501.98,30.45,65.51,4.08
2024-04-08 09:00:00,436.5,712.45,32.37,56.69,4.19
2024-04-08 10:00:00,705.92,865.15,33.89,50.76,3.7
2024-04-08 11:00:00,751.1,951.85,34.79,47.33,3.17
2024-04-08 12:00:00,766.33,943.38,35.04,45.9,2.91
2024-04-08 13:00:00,799.65,870.22,35.01,45.46,2.78
2024-04-08 14:00:00,692.4,724.17,34.67,45.93,2.78
2024-04-08 15:00:00,484.73,520.7,34.07,47.38,2.68
2024-04-08 16:00:00,270.85,286.55,33.22,51.03,2.23
2024-04-08 17:00:00,77.15,79.22,31.64,61.19,1.52
2024-04-08 18:00:00,0.0,0.0,30.14,67.06,1.58
2024-04-08 19:00:00,0.0,0.0,29.48,67.92,1.99
2024-04-08 20:00:00,0.0,0.0,28.95,69.67,2.52
2024-04-08 21:00:00,0.0,0.0,28.55,72.33,3.26
2024-04-08 22:00:00,0.0,0.0,28.15,75.9,3.84
2024-04-08 23:00:00,0.0,0.0,27.78,79.05,4.03
2024-04-09 00:00:00,0.0,0.0,27.38,81.48,3.91
2024-04-09 01:00:00,0.0,0.0,26.92,83.85,3.59
2024-04-09 02:00:00,0.0,0.0,26.41,86.57,3.24
2024-04-09 03:00:00,0.0,0.0,25.94,89.44,2.92
2024-04-09 04:00:00,0.0,0.0,25.55,92.27,2.54
2024-04-09 05:00:00,0.0,0.0,25.38,93.84,2.08
2024-04-09 06:00:00,54.67,59.33,25.88,91.19,2.33
2024-04-09 07:00:00,223.1,261.88,27.53,78.58,3.17
2024-04-09 08:00:00,439.45,501.33,29.58,63.93,3.75
2024-04-09 09:00:00,631.72,714.83,31.73,52.52,3.89
2024-04-09 10:00:00,764.7,872.9,33.65,45.41,3.69
2024-04-09 11:00:00,757.1,962.28,35.3,40.52,3.41
2024-04-09 12:00:00,816.5,990.3,36.68,36.91,3.21
2024-04-09 13:00:00,745.47,917.28,37.5,34.68,3.22
2024-04-09 14:00:00,603.45,771.62,37.75,33.63,3.37
2024-04-09 15:00:00,466.38,565.85,37.24,34.1,3.53
2024-04-09 16:00:00,274.88,323.88,36.12,36.12,3.57
2024-04-09 17:00:00,85.5,93.25,34.26,42.34,2.81
2024-04-09 18:00:00,0.0,0.0,31.99,51.15,2.39
2024-04-09 19:00:00,0.0,0.0,31.15,54.24,2.88
2024-04-09 20:00:00,0.0,0.0,30.37,58.09,2.86
2024-04-09 21:00:00,0.0,0.0,29.69,61.7,2.57
2024-04-09 22:00:00,0.0,0.0,29.06,65.27,2.16
2024-04-09 23:00:00,0.0,0.0,28.47,68.64,1.94
2024-04-10 00:00:00,0.0,0.0,27.98,71.5,1.97
2024-04-10 01:00:00,0.0,0.0,27.6,74.16,2.09
2024-04-10 02:00:00,0.0,0.0,27.22,77.0,2.07
2024-04-10 03:00:00,0.0,0.0,26.83,79.92,2.06
2024-04-10 04:00:00,0.0,0.0,26.44,82.78,2.11
2024-04-10 05:00:00,0.0,0.0,26.08,85.55,2.12
2024-04-10 06:00:00,58.42,64.5,26.33,85.35,2.52
2024-04-10 07:00:00,245.85,276.35,28.51,73.54,3.01
2024-04-10 08:00:00,472.83,514.88,31.23,59.68,3.22
2024-04-10 09:00:00,642.17,724.45,33.42,51.28,2.92
2024-04-10 10:00:00,798.22,879.08,35.14,45.55,2.38
2024-04-10 11:00:00,889.3,964.8,36.68,40.44,2.18
2024-04-10 12:00:00,873.25,994.85,37.9,36.31,2.44
2024-04-10 13:00:00,863.03,922.8,38.58,33.64,2.83
2024-04-10 14:00:00,696.88,776.62,38.65,32.56,3.24
2024-04-10 15:00:00,489.73,570.75,38.15,32.91,3.55
2024-04-10 16:00:00,258.1,328.25,37.0,35.11,3.72
2024-04-10 17:00:00,68.53,95.28,35.04,40.93,3.61
2024-04-10 18:00:00,0.0,0.0,32.47,51.23,3.9
2024-04-10 19:00:00,0.0,0.0,30.88,60.22,4.66
2024-04-10 20:00:00,0.0,0.0,29.93,67.28,4.18
2024-04-10 21:00:00,0.0,0.0,29.4,71.61,3.41
2024-04-10 22:00:00,0.0,0.0,28.96,74.8,2.76
2024-04-10 23:00:00,0.0,0.0,28.51,77.84,2.42
2024-04-11 00:00:00,0.0,0.0,28.09,80.28,2.12
2024-04-11 01:00:00,0.0,0.0,27.65,82.58,1.99
2024-04-11 02:00:00,0.0,0.0,27.26,84.51,2.02
2024-04-11 03:00:00,0.0,0.0,26.82,86.83,1.83
2024-04-11 04:00:00,0.0,0.0,26.43,88.75,1.54
2024-04-11 05:00:00,0.0,0.0,26.15,89.64,1.42
2024-04-11 06:00:00,30.95,71.38,26.71,86.12,2.33
2024-04-11 07:00:00,148.85,297.0,28.56,74.51,3.14
2024-04-11 08:00:00,243.6,538.5,31.13,59.91,3.61
2024-04-11 09:00:00,426.52,747.2,33.34,49.29,3.17
2024-04-11 10:00:00,506.42,898.92,35.03,42.94,2.49
2024-04-11 11:00:00,636.2,976.28,36.35,38.68,1.87
2024-04-11 12:00:00,738.42,924.55,37.35,35.42,1.3
2024-04-11 13:00:00,656.08,848.62,37.94,33.17,0.62
2024-04-11 14:00:00,533.6,700.0,38.11,31.97,0.3
2024-04-11 15:00:00,365.83,495.8,37.8,31.72,0.92
2024-04-11 16:00:00,202.0,265.8,37.07,32.9,1.41
2024-04-11 17:00:00,62.25,73.38,35.24,42.75,1.18
2024-04-11 18:00:00,0.0,0.0,32.64,53.44,1.35
2024-04-11 19:00:00,0.0,0.0,31.69,53.53,2.15
2024-04-11 20:00:00,0.0,0.0,30.92,55.96,2.86
2024-04-11 21:00:00,0.0,0.0,30.14,59.57,2.98
2024-04-11 22:00:00,0.0,0.0,29.55,62.62,2.95
2024-04-11 23:00:00,0.0,0.0,29.05,65.09,2.97
2024-04-12 00:00:00,0.0,0.0,28.56,67.44,3.05
2024-04-12 01:00:00,0.0,0.0,28.05,69.85,3.15
2024-04-12 02:00:00,0.0,0.0,27.56,72.19,3.3
2024-04-12 03:00:00,0.0,0.0,27.16,73.92,3.47
2024-04-12 04:00:00,0.0,0.0,26.78,75.31,3.62
2024-04-12 05:00:00,0.0,0.0,26.35,77.1,3.57
2024-04-12 06:00:00,53.62,60.7,26.5,76.57,3.85
2024-04-12 07:00:00,194.55,255.98,28.7,66.19,4.61
2024-04-12 08:00:00,378.05,491.8,31.61,53.85,5.23
2024-04-12 09:00:00,668.9,703.42,34.08,45.4,5.11
2024-04-12 10:00:00,852.2,860.28,36.01,40.08,4.71
2024-04-12 11:00:00,931.9,945.08,37.41,36.56,4.26
2024-04-12 12:00:00,882.72,941.3,38.35,34.11,3.91
2024-04-12 13:00:00,669.62,865.72,38.82,32.63,3.69
2024-04-12 14:00:00,468.95,716.72,38.6,32.42,3.57
2024-04-12 15:00:00,359.42,510.58,37.98,33.01,3.51
2024-04-12 16:00:00,192.7,276.55,37.01,34.58,3.49
2024-04-12 17:00:00,63.17,77.18,35.28,39.6,3.02
2024-04-12 18:00:00,0.0,0.0,32.92,48.04,2.96
2024-04-12 19:00:00,0.0,0.0,31.84,52.82,3.77
2024-04-12 20:00:00,0.0,0.0,30.81,58.66,3.99
2024-04-12 21:00:00,0.0,0.0,29.98,63.9,3.97
2024-04-12 22:00:00,0.0,0.0,29.34,67.94,3.83
2024-04-12 23:00:00,0.0,0.0,28.79,71.08,3.64
2024-04-13 00:00:00,0.0,0.0,28.32,73.53,3.44
2024-04-13 01:00:00,0.0,0.0,27.94,75.38,3.32
2024-04-13 02:00:00,0.0,0.0,27.6,76.94,3.27
2024-04-13 03:00:00,0.0,0.0,27.27,78.45,3.3
2024-04-13 04:00:00,0.0,0.0,26.97,79.87,3.37
2024-04-13 05:00:00,0.0,0.0,26.64,81.62,3.15
2024-04-13 06:00:00,51.12,63.17,26.91,80.45,3.55
2024-04-13 07:00:00,187.23,261.1,28.73,71.02,5.03
2024-04-13 08:00:00,353.73,495.92,30.93,60.76,5.65
2024-04-13 09:00:00,493.08,705.1,32.65,53.85,5.42
2024-04-13 10:00:00,625.08,863.12,34.23,48.76,4.93
2024-04-13 11:00:00,759.25,940.65,35.49,44.71,4.37
2024-04-13 12:00:00,863.67,930.85,36.17,42.14,3.83
2024-04-13 13:00:00,811.4,859.9,36.35,40.81,3.36
2024-04-13 14:00:00,683.53,715.12,36.19,40.46,3.0
2024-04-13 15:00:00,500.92,504.42,35.52,41.43,2.69
2024-04-13 16:00:00,261.58,278.83,34.79,42.87,2.45
2024-04-13 17:00:00,68.22,77.1,33.53,49.44,1.53
2024-04-13 18:00:00,0.0,0.0,31.67,60.09,1.02
2024-04-13 19:00:00,0.0,0.0,31.06,61.43,1.18
2024-04-13 20:00:00,0.0,0.0,30.59,62.25,1.38
2024-04-13 21:00:00,0.0,0.0,30.1,63.5,1.57
2024-04-13 22:00:00,0.0,0.0,29.53,65.51,1.72
2024-04-13 23:00:00,0.0,0.0,28.99,67.79,1.85
2024-04-14 00:00:00,0.0,0.0,28.49,70.46,1.91
2024-04-14 01:00:00,0.0,0.0,28.03,73.27,1.94
2024-04-14 02:00:00,0.0,0.0,27.62,76.12,1.9
2024-04-14 03:00:00,0.0,0.0,27.25,78.87,1.82
2024-04-14 04:00:00,0.0,0.0,26.9,81.46,1.71
2024-04-14 05:00:00,0.0,0.0,26.57,83.89,1.57
2024-04-14 06:00:00,20.48,68.07,26.77,83.4,1.83
2024-04-14 07:00:00,75.15,281.73,28.84,70.78,2.22
2024-04-14 08:00:00,136.68,520.53,31.54,57.5,1.98
2024-04-14 09:00:00,227.38,729.47,33.84,47.77,1.05
2024-04-14 10:00:00,447.5,882.2,35.56,40.5,0.47
2024-04-14 11:00:00,471.3,964.55,36.82,35.88,0.78
2024-04-14 12:00:00,546.17,981.45,37.59,33.31,0.82
2024-04-14 13:00:00,424.5,908.1,38.05,31.56,0.89
2024-04-14 14:00:00,340.83,763.38,38.11,30.73,1.16
2024-04-14 15:00:00,252.48,558.42,37.69,30.89,1.42
2024-04-14 16:00:00,142.95,317.92,37.01,31.93,1.63
2024-04-14 17:00:00,45.85,89.62,35.59,38.81,1.18
2024-04-14 18:00:00,0.0,0.0,33.19,52.45,0.89
2024-04-14 19:00:00,0.0,0.0,32.26,52.93,1.2
2024-04-14 20:00:00,0.0,0.0,31.5,54.45,1.55
2024-04-14 21:00:00,0.0,0.0,30.66,58.03,1.94
2024-04-14 22:00:00,0.0,0.0,29.79,63.21,2.1
2024-04-14 23:00:00,0.0,0.0,29.04,68.24,1.93
2024-04-15 00:00:00,0.0,0.0,28.42,72.35,1.65
2024-04-15 01:00:00,0.0,0.0,27.95,75.27,1.41
2024-04-15 02:00:00,0.0,0.0,27.51,77.87,1.23
2024-04-15 03:00:00,0.0,0.0,27.17,79.96,1.18
2024-04-15 04:00:00,0.0,0.0,26.9,81.75,1.25
2024-04-15 05:00:00,0.0,0.0,26.71,83.26,1.3
2024-04-15 06:00:00,69.57,70.68,27.09,81.74,1.67
2024-04-15 07:00:00,277.52,283.25,29.69,65.79,1.62
2024-04-15 08:00:00,513.12,522.58,32.62,51.63,0.91
2024-04-15 09:00:00,721.6,732.58,35.58,40.41,1.44
2024-04-15 10:00:00,876.72,886.58,37.81,33.18,2.29
2024-04-15 11:00:00,961.88,968.97,39.35,28.79,2.68
2024-04-15 12:00:00,984.28,987.9,40.35,26.03,2.83
2024-04-15 13:00:00,911.15,911.15,40.89,24.25,2.86
2024-04-15 14:00:00,762.58,762.8,40.95,23.12,2.89
2024-04-15 15:00:00,552.75,556.35,40.56,22.74,2.82
2024-04-15 16:00:00,311.2,314.98,39.61,23.44,2.67
2024-04-15 17:00:00,87.8,89.15,37.58,30.03,1.63
2024-04-15 18:00:00,0.0,0.0,34.76,42.54,0.95
2024-04-15 19:00:00,0.0,0.0,33.99,44.53,1.0
2024-04-15 20:00:00,0.0,0.0,32.77,49.15,1.06
2024-04-15 21:00:00,0.0,0.0,31.82,52.36,1.23
2024-04-15 22:00:00,0.0,0.0,31.0,55.86,1.69
2024-04-15 23:00:00,0.0,0.0,30.19,60.74,2.39
2024-04-16 00:00:00,0.0,0.0,29.35,66.19,2.67
2024-04-16 01:00:00,0.0,0.0,28.66,70.51,2.52
2024-04-16 02:00:00,0.0,0.0,28.12,74.13,2.24
2024-04-16 03:00:00,0.0,0.0,27.55,78.05,1.69
2024-04-16 04:00:00,0.0,0.0,27.0,82.01,1.02
2024-04-16 05:00:00,0.0,0.0,26.55,85.35,0.56
2024-04-16 06:00:00,69.65,72.03,27.24,82.03,1.08
2024-04-16 07:00:00,275.4,284.15,29.96,64.98,1.71
2024-04-16 08:00:00,519.55,520.22,32.68,51.39,1.53
2024-04-16 09:00:00,730.1,730.3,34.63,43.01,0.85
2024-04-16 10:00:00,870.88,883.97,36.35,35.84,0.29
2024-04-16 11:00:00,938.72,965.22,37.84,30.35,0.37
2024-04-16 12:00:00,850.03,969.85,39.15,26.16,0.79
2024-04-16 13:00:00,781.6,889.2,40.08,23.67,1.18
2024-04-16 14:00:00,604.17,738.15,40.34,22.78,1.44
2024-04-16 15:00:00,422.85,528.55,39.87,22.98,1.73
2024-04-16 16:00:00,222.05,287.55,38.96,23.82,1.97
2024-04-16 17:00:00,71.68,78.28,36.95,31.47,1.29
2024-04-16 18:00:00,0.0,0.0,33.84,46.26,0.97
2024-04-16 19:00:00,0.0,0.0,32.7,49.25,1.08
2024-04-16 20:00:00,0.0,0.0,31.8,53.34,1.08
2024-04-16 21:00:00,0.0,0.0,31.0,57.78,1.06
2024-04-16 22:00:00,0.0,0.0,30.14,62.07,1.18
2024-04-16 23:00:00,0.0,0.0,29.3,66.44,1.45
2024-04-17 00:00:00,0.0,0.0,28.54,70.77,1.77
2024-04-17 01:00:00,0.0,0.0,27.79,75.47,1.96
2024-04-17 02:00:00,0.0,0.0,27.15,80.18,2.04
2024-04-17 03:00:00,0.0,0.0,26.6,84.76,1.78
2024-04-17 04:00:00,0.0,0.0,26.18,88.35,1.29
2024-04-17 05:00:00,0.0,0.0,25.84,91.0,0.81
2024-04-17 06:00:00,68.78,66.47,26.41,87.74,1.33
2024-04-17 07:00:00,248.18,263.85,29.1,70.29,2.1
2024-04-17 08:00:00,457.62,501.98,31.97,56.6,1.65
2024-04-17 09:00:00,664.78,716.15,34.8,42.8,0.38
2024-04-17 10:00:00,835.53,874.92,37.55,30.69,1.22
2024-04-17 11:00:00,957.53,958.28,39.24,24.94,1.71
2024-04-17 12:00:00,961.95,962.12,40.27,21.84,2.03
2024-04-17 13:00:00,881.97,886.4,40.46,20.46,2.3
2024-04-17 14:00:00,726.17,735.7,40.38,19.86,2.43
2024-04-17 15:00:00,521.7,527.08,39.86,19.9,2.36
2024-04-17 16:00:00,271.6,288.2,39.12,20.46,2.14
2024-04-17 17:00:00,74.07,79.53,37.0,29.15,1.13
2024-04-17 18:00:00,0.0,0.0,33.82,40.85,1.14
2024-04-17 19:00:00,0.0,0.0,32.63,43.22,1.61
2024-04-17 20:00:00,0.0,0.0,31.78,48.97,2.39
2024-04-17 21:00:00,0.0,0.0,30.94,57.78,3.47
2024-04-17 22:00:00,0.0,0.0,29.95,66.29,3.91
2024-04-17 23:00:00,0.0,0.0,29.29,70.61,4.04
2024-04-18 00:00:00,0.0,0.0,28.87,72.72,4.09
2024-04-18 01:00:00,0.0,0.0,28.48,74.68,3.45
2024-04-18 02:00:00,0.0,0.0,28.08,76.62,2.88
2024-04-18 03:00:00,0.0,0.0,27.7,78.5,2.45
2024-04-18 04:00:00,0.0,0.0,27.35,80.31,2.03
2024-04-18 05:00:00,0.0,0.0,27.06,81.91,1.69
2024-04-18 06:00:00,68.88,70.4,27.46,80.14,2.12
2024-04-18 07:00:00,261.88,274.1,29.55,69.37,3.06
2024-04-18 08:00:00,493.23,511.4,32.17,56.77,3.31
2024-04-18 09:00:00,706.5,721.88,34.87,46.29,2.84
2024-04-18 10:00:00,847.58,876.53,36.85,39.09,2.2
2024-04-18 11:00:00,938.2,960.42,38.15,33.8,1.73
2024-04-18 12:00:00,948.0,964.45,39.04,29.99,1.46
2024-04-18 13:00:00,854.83,887.55,39.28,27.93,1.44
2024-04-18 14:00:00,697.88,736.75,39.24,26.91,1.78
2024-04-18 15:00:00,473.67,528.33,38.97,26.74,2.23
2024-04-18 16:00:00,253.15,289.45,38.27,28.03,2.56
2024-04-18 17:00:00,69.8,80.47,36.19,34.87,2.3
2024-04-18 18:00:00,0.0,0.0,33.58,42.94,2.58
2024-04-18 19:00:00,0.0,0.0,32.33,48.59,3.03
2024-04-18 20:00:00,0.0,0.0,31.26,54.02,2.77
2024-04-18 21:00:00,0.0,0.0,30.34,58.72,2.36
2024-04-18 22:00:00,0.0,0.0,29.5,63.02,2.13
2024-04-18 23:00:00,0.0,0.0,28.79,66.77,2.27
2024-04-19 00:00:00,0.0,0.0,28.23,70.03,2.52
2024-04-19 01:00:00,0.0,0.0,27.96,72.17,2.86
2024-04-19 02:00:00,0.0,0.0,27.77,74.15,2.96
2024-04-19 03:00:00,0.0,0.0,27.57,76.06,2.81
2024-04-19 04:00:00,0.0,0.0,27.3,78.31,2.65
2024-04-19 05:00:00,0.0,0.0,27.0,80.88,2.55
2024-04-19 06:00:00,74.6,75.5,27.26,80.87,2.87
2024-04-19 07:00:00,281.9,287.33,29.25,71.57,3.88
2024-04-19 08:00:00,516.72,526.15,31.42,61.69,4.14
2024-04-19 09:00:00,723.28,734.42,33.38,53.25,3.54
2024-04-19 10:00:00,881.85,885.97,34.91,46.78,2.77
2024-04-19 11:00:00,943.05,965.83,36.09,41.95,2.25
2024-04-19 12:00:00,925.08,954.55,36.67,38.95,1.93
2024-04-19 13:00:00,847.95,876.5,37.02,36.88,1.91
2024-04-19 14:00:00,725.72,725.95,37.3,35.4,2.17
2024-04-19 15:00:00,504.8,520.05,37.24,35.03,2.61
2024-04-19 16:00:00,265.08,285.0,36.62,36.39,3.03
2024-04-19 17:00:00,72.47,79.07,35.25,41.16,2.87
2024-04-19 18:00:00,0.0,0.0,33.29,49.5,3.08
2024-04-19 19:00:00,0.0,0.0,32.27,56.52,4.21
2024-04-19 20:00:00,0.0,0.0,31.27,64.11,4.44
2024-04-19 21:00:00,0.0,0.0,30.64,68.43,4.15
2024-04-19 22:00:00,0.0,0.0,30.23,70.23,4.01
2024-04-19 23:00:00,0.0,0.0,29.82,71.66,3.86
2024-04-20 00:00:00,0.0,0.0,29.32,73.66,3.7
2024-04-20 01:00:00,0.0,0.0,28.81,75.95,3.56
2024-04-20 02:00:00,0.0,0.0,28.34,78.3,3.3
2024-04-20 03:00:00,0.0,0.0,27.91,80.48,3.02
2024-04-20 04:00:00,0.0,0.0,27.51,82.53,2.75
2024-04-20 05:00:00,0.0,0.0,27.11,84.53,2.55
2024-04-20 06:00:00,72.25,76.12,27.49,82.33,3.04
2024-04-20 07:00:00,251.38,285.25,29.98,65.17,4.16
2024-04-20 08:00:00,467.23,521.47,33.14,47.14,4.74
2024-04-20 09:00:00,654.08,728.2,35.71,39.5,4.37
2024-04-20 10:00:00,797.9,878.75,37.82,35.04,3.53
2024-04-20 11:00:00,902.58,958.12,39.6,31.57,2.79
2024-04-20 12:00:00,965.65,965.9,40.87,29.27,2.2
2024-04-20 13:00:00,830.47,886.75,41.58,27.85,1.77
2024-04-20 14:00:00,735.83,736.0,41.76,27.23,1.41
2024-04-20 15:00:00,525.5,525.85,41.43,27.28,1.03
2024-04-20 16:00:00,280.8,293.5,40.62,27.94,0.61
2024-04-20 17:00:00,79.32,82.38,39.21,32.24,0.46
2024-04-20 18:00:00,0.0,0.0,36.99,41.55,0.86
2024-04-20 19:00:00,0.0,0.0,35.72,43.36,1.67
2024-04-20 20:00:00,0.0,0.0,34.39,47.02,2.51
2024-04-20 21:00:00,0.0,0.0,33.13,52.54,3.12
2024-04-20 22:00:00,0.0,0.0,32.31,57.37,3.67
2024-04-20 23:00:00,0.0,0.0,31.72,61.07,3.62
2024-04-21 00:00:00,0.0,0.0,31.11,64.69,3.25
2024-04-21 01:00:00,0.0,0.0,30.45,68.56,2.83
2024-04-21 02:00:00,0.0,0.0,29.73,72.8,2.59
2024-04-21 03:00:00,0.0,0.0,29.14,76.36,2.75
2024-04-21 04:00:00,0.0,0.0,28.6,79.62,3.07
2024-04-21 05:00:00,0.0,0.0,28.12,82.79,3.17
2024-04-21 06:00:00,46.78,70.4,28.0,84.59,3.4
2024-04-21 07:00:00,174.3,267.7,28.52,82.88,3.77
2024-04-21 08:00:00,363.92,495.88,29.57,76.99,4.25
2024-04-21 09:00:00,571.08,699.1,30.68,70.84,4.49
2024-04-21 10:00:00,767.25,843.4,31.85,64.75,4.54
2024-04-21 11:00:00,890.83,925.35,32.68,60.18,4.36
2024-04-21 12:00:00,848.03,921.53,33.17,57.64,4.11
2024-04-21 13:00:00,775.28,849.9,33.29,56.53,3.85
2024-04-21 14:00:00,497.25,709.05,33.27,55.89,3.78
2024-04-21 15:00:00,279.2,500.58,33.01,56.17,3.58
2024-04-21 16:00:00,168.8,276.58,32.32,58.94,3.3
2024-04-21 17:00:00,51.22,74.88,31.04,65.78,2.81
2024-04-21 18:00:00,0.0,0.0,29.98,70.97,3.0
2024-04-21 19:00:00,0.0,0.0,29.46,73.32,3.63
2024-04-21 20:00:00,0.0,0.0,28.91,76.15,3.97
2024-04-21 21:00:00,0.0,0.0,28.38,78.88,4.16
2024-04-21 22:00:00,0.0,0.0,27.96,80.91,4.16
2024-04-21 23:00:00,0.0,0.0,27.64,82.34,3.77
2024-04-22 00:00:00,0.0,0.0,27.4,83.53,3.09
2024-04-22 01:00:00,0.0,0.0,27.28,84.13,2.57
2024-04-22 02:00:00,0.0,0.0,27.2,84.35,2.18
2024-04-22 03:00:00,0.0,0.0,27.09,84.61,1.88
2024-04-22 04:00:00,0.0,0.0,26.95,84.54,1.76
2024-04-22 05:00:00,0.0,0.0,26.75,84.42,1.71
2024-04-22 06:00:00,61.83,69.2,26.96,81.79,2.28
2024-04-22 07:00:00,216.25,257.92,27.93,73.91,3.23
2024-04-22 08:00:00,428.75,486.42,29.68,63.14,4.14
2024-04-22 09:00:00,669.22,692.0,31.77,54.76,4.28
2024-04-22 10:00:00,800.6,844.0,33.68,48.52,3.52
2024-04-22 11:00:00,918.53,926.3,35.28,43.77,2.53
2024-04-22 12:00:00,815.9,939.7,36.32,40.76,1.75
2024-04-22 13:00:00,842.53,864.17,36.51,39.88,1.29
2024-04-22 14:00:00,692.88,718.4,36.17,40.45,1.39
2024-04-22 15:00:00,409.77,515.8,35.56,42.12,1.73
2024-04-22 16:00:00,227.88,282.8,34.76,45.71,1.95
2024-04-22 17:00:00,70.97,78.22,33.06,55.94,1.45
2024-04-22 18:00:00,0.0,0.0,31.34,63.72,1.3
2024-04-22 19:00:00,0.0,0.0,30.73,65.67,1.37
2024-04-22 20:00:00,0.0,0.0,30.21,67.63,1.41
2024-04-22 21:00:00,0.0,0.0,29.76,69.33,1.48
2024-04-22 22:00:00,0.0,0.0,29.25,71.01,1.71
2024-04-22 23:00:00,0.0,0.0,28.7,72.78,2.1
2024-04-23 00:00:00,0.0,0.0,28.19,74.85,2.46
2024-04-23 01:00:00,0.0,0.0,27.76,77.08,2.69
2024-04-23 02:00:00,0.0,0.0,27.36,79.55,2.69
2024-04-23 03:00:00,0.0,0.0,26.99,81.89,2.65
2024-04-23 04:00:00,0.0,0.0,26.63,84.23,2.6
2024-04-23 05:00:00,0.0,0.0,26.31,86.23,2.53
2024-04-23 06:00:00,75.28,78.07,26.74,84.3,2.96
2024-04-23 07:00:00,257.02,285.08,29.11,71.07,3.48
2024-04-23 08:00:00,474.88,519.08,32.16,56.58,3.92
2024-04-23 09:00:00,652.5,727.3,34.59,47.97,3.69
2024-04-23 10:00:00,798.33,874.92,36.08,43.84,3.3
2024-04-23 11:00:00,884.85,951.97,36.87,41.81,3.21
2024-04-23 12:00:00,897.97,949.4,37.13,41.12,3.39
2024-04-23 13:00:00,778.17,874.62,37.03,41.34,3.77
2024-04-23 14:00:00,633.95,722.75,36.17,43.4,4.15
2024-04-23 15:00:00,423.05,520.58,34.85,47.01,4.35
2024-04-23 16:00:00,228.35,288.58,33.53,51.62,4.32
2024-04-23 17:00:00,68.15,80.3,31.86,59.41,3.78
2024-04-23 18:00:00,0.0,0.0,30.12,69.22,3.29
2024-04-23 19:00:00,0.0,0.0,29.26,74.62,3.37
2024-04-23 20:00:00,0.0,0.0,28.76,77.43,3.28
2024-04-23 21:00:00,0.0,0.0,28.39,79.3,3.19
2024-04-23 22:00:00,0.0,0.0,28.04,80.96,3.15
2024-04-23 23:00:00,0.0,0.0,27.72,82.54,3.07
2024-04-24 00:00:00,0.0,0.0,27.4,84.22,2.87
2024-04-24 01:00:00,0.0,0.0,27.13,85.78,2.52
2024-04-24 02:00:00,0.0,0.0,26.9,87.14,2.12
2024-04-24 03:00:00,0.0,0.0,26.77,87.87,1.8
2024-04-24 04:00:00,0.0,0.0,26.7,88.23,1.66
2024-04-24 05:00:00,0.0,0.0,26.59,88.81,1.6
2024-04-24 06:00:00,73.57,76.05,27.06,86.46,2.33
2024-04-24 07:00:00,262.0,273.75,28.47,79.03,2.9
2024-04-24 08:00:00,496.42,502.05,30.35,68.74,3.22
2024-04-24 09:00:00,697.33,704.1,32.18,59.67,3.27
2024-04-24 10:00:00,843.15,852.42,33.98,51.16,3.29
2024-04-24 11:00:00,921.95,932.5,35.6,44.09,3.04
2024-04-24 12:00:00,958.75,961.22,36.75,39.71,2.66
2024-04-24 13:00:00,872.95,886.38,37.46,37.22,2.34
2024-04-24 14:00:00,737.62,738.47,37.61,36.19,2.25
2024-04-24 15:00:00,532.6,533.47,37.07,36.81,2.5
2024-04-24 16:00:00,295.12,296.73,36.02,39.24,2.88
2024-04-24 17:00:00,86.8,87.47,34.15,46.12,2.76
2024-04-24 18:00:00,0.0,0.0,31.78,54.94,2.97
2024-04-24 19:00:00,0.0,0.0,30.44,60.48,3.63
2024-04-24 20:00:00,0.0,0.0,29.29,66.23,3.59
2024-04-24 21:00:00,0.0,0.0,28.52,70.73,3.4
2024-04-24 22:00:00,0.0,0.0,27.97,74.36,3.21
2024-04-24 23:00:00,0.0,0.0,27.5,77.64,3.0
2024-04-25 00:00:00,0.0,0.0,27.11,80.39,2.86
2024-04-25 01:00:00,0.0,0.0,26.77,82.85,2.74
2024-04-25 02:00:00,0.0,0.0,26.49,84.83,2.69
2024-04-25 03:00:00,0.0,0.0,26.25,86.43,2.69
2024-04-25 04:00:00,0.0,0.0,26.07,87.6,2.72
2024-04-25 05:00:00,0.0,0.0,25.91,88.47,2.73
2024-04-25 06:00:00,46.0,81.18,26.47,85.72,3.3
2024-04-25 07:00:00,158.93,292.17,28.6,74.61,4.63
2024-04-25 08:00:00,257.8,525.9,30.86,63.16,4.93
2024-04-25 09:00:00,413.95,729.55,32.93,54.32,4.63
2024-04-25 10:00:00,706.05,877.5,34.56,48.44,4.14
2024-04-25 11:00:00,876.45,951.95,35.73,44.55,3.5
2024-04-25 12:00:00,917.25,948.8,36.46,42.17,2.9
2024-04-25 13:00:00,744.17,869.92,36.52,41.59,2.52
2024-04-25 14:00:00,569.67,720.8,36.31,41.89,2.53
2024-04-25 15:00:00,422.48,520.35,35.69,43.43,2.74
2024-04-25 16:00:00,227.18,286.98,34.84,46.05,2.94
2024-04-25 17:00:00,70.3,80.72,33.37,52.26,2.64
2024-04-25 18:00:00,0.0,0.0,31.66,59.12,2.63
2024-04-25 19:00:00,0.0,0.0,30.91,62.04,3.2
2024-04-25 20:00:00,0.0,0.0,30.13,65.97,3.48
2024-04-25 21:00:00,0.0,0.0,29.39,70.24,3.5
2024-04-25 22:00:00,0.0,0.0,28.76,74.16,3.41
2024-04-25 23:00:00,0.0,0.0,28.19,77.81,3.27
2024-04-26 00:00:00,0.0,0.0,27.7,81.02,3.14
2024-04-26 01:00:00,0.0,0.0,27.3,83.65,3.04
2024-04-26 02:00:00,0.0,0.0,26.98,85.67,3.04
2024-04-26 03:00:00,0.0,0.0,26.72,87.19,3.11
2024-04-26 04:00:00,0.0,0.0,26.5,88.3,3.12
2024-04-26 05:00:00,0.0,0.0,26.33,89.09,3.09
2024-04-26 06:00:00,79.82,81.3,26.73,87.1,3.43
2024-04-26 07:00:00,277.77,284.85,28.29,79.32,3.81
2024-04-26 08:00:00,509.92,512.4,30.23,69.25,4.16
2024-04-26 09:00:00,715.08,715.33,31.67,62.63,3.95
2024-04-26 10:00:00,849.65,862.58,32.82,58.34,3.51
2024-04-26 11:00:00,918.38,939.3,33.74,55.2,2.98
2024-04-26 12:00:00,664.2,933.33,34.16,53.55,2.39
2024-04-26 13:00:00,825.42,863.25,34.31,52.77,1.88
2024-04-26 14:00:00,680.1,720.67,34.33,52.53,1.56
2024-04-26 15:00:00,479.5,519.72,34.02,53.39,1.44
2024-04-26 16:00:00,259.33,287.98,33.39,56.31,1.54
2024-04-26 17:00:00,75.65,80.93,32.06,66.19,1.21
2024-04-26 18:00:00,0.0,0.0,30.35,74.71,1.13
2024-04-26 19:00:00,0.0,0.0,29.82,74.34,1.52
2024-04-26 20:00:00,0.0,0.0,29.45,74.66,1.95
2024-04-26 21:00:00,0.0,0.0,29.09,75.89,2.35
2024-04-26 22:00:00,0.0,0.0,28.66,78.22,2.53
2024-04-26 23:00:00,0.0,0.0,28.26,80.68,2.61
2024-04-27 00:00:00,0.0,0.0,27.93,82.7,2.68
2024-04-27 01:00:00,0.0,0.0,27.63,84.64,2.71
2024-04-27 02:00:00,0.0,0.0,27.37,86.31,2.71
2024-04-27 03:00:00,0.0,0.0,27.12,87.81,2.74
2024-04-27 04:00:00,0.0,0.0,26.85,89.13,2.72
2024-04-27 05:00:00,0.0,0.0,26.66,89.79,2.5
2024-04-27 06:00:00,77.68,86.25,27.02,87.66,2.73
2024-04-27 07:00:00,261.1,298.02,28.15,81.52,3.11
2024-04-27 08:00:00,478.23,530.95,29.72,73.0,3.46
2024-04-27 09:00:00,658.6,735.45,31.52,64.2,3.67
2024-04-27 10:00:00,792.45,878.83,32.86,58.73,3.47
2024-04-27 11:00:00,788.4,955.5,33.81,55.22,3.04
2024-04-27 12:00:00,730.65,959.88,34.49,52.53,2.53
2024-04-27 13:00:00,702.03,886.6,34.93,50.49,2.04
2024-04-27 14:00:00,611.58,742.42,35.07,49.3,1.58
2024-04-27 15:00:00,436.73,542.8,34.87,49.24,1.36
2024-04-27 16:00:00,230.85,309.23,34.26,51.23,1.55
2024-04-27 17:00:00,66.8,89.57,32.73,60.87,1.27
2024-04-27 18:00:00,0.0,0.0,30.83,69.01,1.34
2024-04-27 19:00:00,0.0,0.0,30.24,70.19,1.99
2024-04-27 20:00:00,0.0,0.0,29.7,72.78,2.6
2024-04-27 21:00:00,0.0,0.0,29.08,76.51,2.8
2024-04-27 22:00:00,0.0,0.0,28.51,80.09,2.74
2024-04-27 23:00:00,0.0,0.0,28.08,82.65,2.63
2024-04-28 00:00:00,0.0,0.0,27.73,84.51,2.51
2024-04-28 01:00:00,0.0,0.0,27.45,85.85,2.49
2024-04-28 02:00:00,0.0,0.0,27.22,86.94,2.48
2024-04-28 03:00:00,0.0,0.0,27.0,88.01,2.45
2024-04-28 04:00:00,0.0,0.0,26.8,89.16,2.39
2024-04-28 05:00:00,0.0,0.0,26.61,90.26,2.28
2024-04-28 06:00:00,64.32,89.0,26.84,89.34,2.58
2024-04-28 07:00:00,210.35,304.7,28.13,82.51,2.9
2024-04-28 08:00:00,386.42,536.33,30.46,69.47,3.61
2024-04-28 09:00:00,579.3,735.6,32.7,58.65,3.66
2024-04-28 10:00:00,699.75,879.15,34.5,51.46,3.18
2024-04-28 11:00:00,735.33,953.8,35.8,47.07,2.57
2024-04-28 12:00:00,807.6,952.38,36.61,44.4,2.02
2024-04-28 13:00:00,839.45,875.28,36.96,42.94,1.65
2024-04-28 14:00:00,686.45,719.25,36.89,42.7,1.61
2024-04-28 15:00:00,511.85,519.53,36.4,43.66,1.88
2024-04-28 16:00:00,275.33,289.58,35.49,46.53,2.08
2024-04-28 17:00:00,78.5,82.1,33.71,55.83,1.56
2024-04-28 18:00:00,0.0,0.0,31.88,63.55,1.65
2024-04-28 19:00:00,0.0,0.0,31.13,66.1,2.12
2024-04-28 20:00:00,0.0,0.0,30.39,69.58,2.15
2024-04-28 21:00:00,0.0,0.0,29.7,73.06,1.95
2024-04-28 22:00:00,0.0,0.0,29.09,75.87,1.81
2024-04-28 23:00:00,0.0,0.0,28.49,78.51,1.86
2024-04-29 00:00:00,0.0,0.0,27.85,82.01,2.11
2024-04-29 01:00:00,0.0,0.0,27.18,86.48,2.41
2024-04-29 02:00:00,0.0,0.0,26.64,90.6,2.47
2024-04-29 03:00:00,0.0,0.0,26.28,93.54,2.42
2024-04-29 04:00:00,0.0,0.0,26.05,95.33,2.13
2024-04-29 05:00:00,0.0,0.0,25.92,95.98,1.81
2024-04-29 06:00:00,20.17,88.28,26.52,93.0,2.45
2024-04-29 07:00:00,74.12,303.38,28.1,83.78,2.89
2024-04-29 08:00:00,144.95,537.88,30.5,69.1,3.25
2024-04-29 09:00:00,319.12,739.88,32.6,58.91,3.1
2024-04-29 10:00:00,450.75,885.33,34.07,52.88,2.7
2024-04-29 11:00:00,723.2,959.4,35.12,48.58,2.23
2024-04-29 12:00:00,763.17,947.25,35.75,45.54,1.86
2024-04-29 13:00:00,811.15,869.42,36.23,43.23,1.54
2024-04-29 14:00:00,595.35,717.1,36.28,42.34,1.23
2024-04-29 15:00:00,433.3,510.3,35.99,42.61,1.06
2024-04-29 16:00:00,233.27,276.8,35.28,44.47,1.16
2024-04-29 17:00:00,73.7,77.43,33.84,52.85,1.13
2024-04-29 18:00:00,0.0,0.0,31.32,67.5,1.02
2024-04-29 19:00:00,0.0,0.0,30.26,69.05,1.41
2024-04-29 20:00:00,0.0,0.0,29.59,70.71,1.73
2024-04-29 21:00:00,0.0,0.0,29.04,73.45,1.96
2024-04-29 22:00:00,0.0,0.0,28.53,76.66,2.19
2024-04-29 23:00:00,0.0,0.0,28.06,79.87,2.37
2024-04-30 00:00:00,0.0,0.0,27.58,83.14,2.43
2024-04-30 01:00:00,0.0,0.0,27.13,86.0,2.41
2024-04-30 02:00:00,0.0,0.0,26.7,88.34,2.33
2024-04-30 03:00:00,0.0,0.0,26.28,90.45,2.2
2024-04-30 04:00:00,0.0,0.0,25.92,92.12,2.0
2024-04-30 05:00:00,0.0,0.0,25.6,93.58,1.69
2024-04-30 06:00:00,74.0,82.15,26.23,90.38,2.14
2024-04-30 07:00:00,231.52,280.05,28.83,76.11,2.13
2024-04-30 08:00:00,423.88,510.52,32.67,55.67,2.48
2024-04-30 09:00:00,705.83,713.38,35.01,46.83,1.98
2024-04-30 10:00:00,858.58,861.05,36.73,41.53,1.95
2024-04-30 11:00:00,936.47,938.58,37.99,38.21,1.86
2024-04-30 12:00:00,895.72,898.2,38.86,35.92,1.5
2024-04-30 13:00:00,763.55,819.38,39.47,34.11,1.01
2024-04-30 14:00:00,672.05,672.58,39.66,33.09,0.67
2024-04-30 15:00:00,466.73,467.23,39.31,33.23,0.73
2024-04-30 16:00:00,244.7,254.75,38.52,34.52,1.09
2024-04-30 17:00:00,69.62,71.85,36.79,42.23,1.14
2024-04-30 18:00:00,0.0,0.0,33.75,55.69,1.14
2024-04-30 19:00:00,0.0,0.0,32.63,55.84,1.63
2024-04-30 20:00:00,0.0,0.0,31.84,57.6,2.01
2024-04-30 21:00:00,0.0,0.0,31.04,60.9,2.21
2024-04-30 22:00:00,0.0,0.0,30.28,64.81,2.29
2024-04-30 23:00:00,0.0,0.0,29.58,68.69,2.22
2024-05-01 00:00:00,0.0,0.0,29.01,71.92,2.07
2024-05-01 01:00:00,0.0,0.0,28.54,74.78,1.97
2024-05-01 02:00:00,0.0,0.0,28.16,77.48,1.94
2024-05-01 03:00:00,0.0,0.0,27.87,79.91,1.99
2024-05-01 04:00:00,0.0,0.0,27.59,82.27,1.91
2024-05-01 05:00:00,0.0,0.0,27.36,84.24,1.66
2024-05-01 06:00:00,68.7,78.2,27.85,82.49,2.09
2024-05-01 07:00:00,221.12,272.4,29.78,71.78,2.76
2024-05-01 08:00:00,397.3,498.0,32.13,59.57,3.49
2024-05-01 09:00:00,595.28,697.9,34.07,50.98,3.59
2024-05-01 10:00:00,733.47,843.28,35.47,45.81,3.37
2024-05-01 11:00:00,816.6,918.22,36.24,42.99,3.15
2024-05-01 12:00:00,811.15,875.1,36.59,41.58,3.02
2024-05-01 13:00:00,703.2,798.33,36.65,40.96,3.06
2024-05-01 14:00:00,566.4,652.78,36.15,41.95,3.39
2024-05-01 15:00:00,362.5,446.4,35.09,44.82,3.78
2024-05-01 16:00:00,217.12,242.57,33.91,49.01,4.2
2024-05-01 17:00:00,65.35,66.72,32.39,56.06,4.39
2024-05-01 18:00:00,0.0,0.0,30.69,65.11,4.24
2024-05-01 19:00:00,0.0,0.0,29.52,72.28,4.29
2024-05-01 20:00:00,0.0,0.0,28.65,77.53,4.34
2024-05-01 21:00:00,0.0,0.0,28.13,80.49,3.96
2024-05-01 22:00:00,0.0,0.0,27.8,82.06,3.61
2024-05-01 23:00:00,0.0,0.0,27.54,83.16,3.32
2024-05-02 00:00:00,0.0,0.0,27.31,83.99,3.22
2024-05-02 01:00:00,0.0,0.0,27.06,84.92,3.15
2024-05-02 02:00:00,0.0,0.0,26.76,86.08,2.99
2024-05-02 03:00:00,0.0,0.0,26.34,88.0,2.52
2024-05-02 04:00:00,0.0,0.0,25.96,89.69,2.05
2024-05-02 05:00:00,0.0,0.0,25.59,91.33,1.67
2024-05-02 06:00:00,41.6,73.12,26.1,88.39,2.2
2024-05-02 07:00:00,159.48,253.45,27.97,76.21,2.98
2024-05-02 08:00:00,279.77,471.8,30.41,61.12,3.12
2024-05-02 09:00:00,431.58,670.47,32.68,50.02,3.46
2024-05-02 10:00:00,610.45,818.53,34.38,43.2,3.85
2024-05-02 11:00:00,782.95,899.0,35.47,39.07,3.99
2024-05-02 12:00:00,824.65,953.15,35.93,37.19,4.0
2024-05-02 13:00:00,697.55,876.0,36.26,36.1,4.03
2024-05-02 14:00:00,553.75,724.4,36.38,35.71,4.12
2024-05-02 15:00:00,387.65,521.38,36.1,36.28,4.06
2024-05-02 16:00:00,207.12,288.77,35.29,38.21,3.88
2024-05-02 17:00:00,65.55,82.15,33.67,43.42,3.23
2024-05-02 18:00:00,0.0,0.0,31.18,54.08,2.35
2024-05-02 19:00:00,0.0,0.0,30.29,58.68,3.06
2024-05-02 20:00:00,0.0,0.0,29.49,64.0,3.29
2024-05-02 21:00:00,0.0,0.0,28.9,68.41,3.35
2024-05-02 22:00:00,0.0,0.0,28.47,71.71,3.33
2024-05-02 23:00:00,0.0,0.0,28.12,74.35,3.32
2024-05-03 00:00:00,0.0,0.0,27.81,76.83,3.35
2024-05-03 01:00:00,0.0,0.0,27.58,78.91,3.39
2024-05-03 02:00:00,0.0,0.0,27.37,80.71,3.21
2024-05-03 03:00:00,0.0,0.0,27.13,82.51,2.99
2024-05-03 04:00:00,0.0,0.0,26.89,84.02,2.81
2024-05-03 05:00:00,0.0,0.0,26.64,85.48,2.61
2024-05-03 06:00:00,80.62,90.18,27.06,83.62,3.01
2024-05-03 07:00:00,259.77,301.0,28.97,73.06,3.9
2024-05-03 08:00:00,466.67,531.08,31.21,62.05,4.14
2024-05-03 09:00:00,665.4,729.2,33.06,54.18,3.75
2024-05-03 10:00:00,802.88,868.67,34.66,48.38,3.16
2024-05-03 11:00:00,847.45,942.45,35.91,44.12,2.55
2024-05-03 12:00:00,872.58,950.85,36.72,41.49,2.08
2024-05-03 13:00:00,719.17,874.58,37.05,40.32,1.99
2024-05-03 14:00:00,695.03,725.17,36.74,40.59,2.18
2024-05-03 15:00:00,463.23,522.58,35.7,42.72,2.56
2024-05-03 16:00:00,252.7,292.73,34.56,45.83,2.95
2024-05-03 17:00:00,75.35,84.47,33.16,50.99,3.03
2024-05-03 18:00:00,0.0,0.0,31.44,57.9,2.99
2024-05-03 19:00:00,0.0,0.0,30.49,61.56,3.21
2024-05-03 20:00:00,0.0,0.0,29.8,64.15,3.1
2024-05-03 21:00:00,0.0,0.0,29.26,66.15,3.01
2024-05-03 22:00:00,0.0,0.0,28.8,68.0,3.03
2024-05-03 23:00:00,0.0,0.0,28.36,70.2,3.06
2024-05-04 00:00:00,0.0,0.0,27.96,72.8,3.02
2024-05-04 01:00:00,0.0,0.0,27.61,75.57,2.89
2024-05-04 02:00:00,0.0,0.0,27.34,78.08,2.77
2024-05-04 03:00:00,0.0,0.0,27.13,80.18,2.67
2024-05-04 04:00:00,0.0,0.0,26.93,82.0,2.57
2024-05-04 05:00:00,0.0,0.0,26.68,83.92,2.49
2024-05-04 06:00:00,88.15,90.22,27.18,82.11,3.1
2024-05-04 07:00:00,283.55,294.3,29.22,71.38,4.06
2024-05-04 08:00:00,512.62,522.45,31.72,59.31,4.28
2024-05-04 09:00:00,716.25,720.45,34.06,50.33,3.91
2024-05-04 10:00:00,860.75,864.33,36.07,43.68,3.27
2024-05-04 11:00:00,916.8,938.3,37.71,38.5,2.53
2024-05-04 12:00:00,947.75,961.1,38.87,34.84,1.93
2024-05-04 13:00:00,856.62,886.28,39.54,32.62,1.76
2024-05-04 14:00:00,710.9,743.3,39.65,31.74,2.05
2024-05-04 15:00:00,513.2,545.08,39.23,32.06,2.53
2024-05-04 16:00:00,279.05,312.48,38.21,33.87,3.07
2024-05-04 17:00:00,81.7,92.95,36.34,38.82,3.17
2024-05-04 18:00:00,0.0,0.0,33.74,47.47,3.35
2024-05-04 19:00:00,0.0,0.0,32.17,53.79,4.12
2024-05-04 20:00:00,0.0,0.0,30.8,60.11,3.98
2024-05-04 21:00:00,0.0,0.0,29.89,64.32,3.69
2024-05-04 22:00:00,0.0,0.0,29.19,67.27,3.41
2024-05-04 23:00:00,0.0,0.0,28.6,69.74,3.24
2024-05-05 00:00:00,0.0,0.0,28.12,71.78,3.13
2024-05-05 01:00:00,0.0,0.0,27.67,73.93,2.99
2024-05-05 02:00:00,0.0,0.0,27.24,76.34,2.77
2024-05-05 03:00:00,0.0,0.0,26.84,79.08,2.4
2024-05-05 04:00:00,0.0,0.0,26.5,81.74,2.0
2024-05-05 05:00:00,0.0,0.0,26.23,84.09,1.8
2024-05-05 06:00:00,91.0,100.22,26.96,81.65,2.65
2024-05-05 07:00:00,289.08,315.15,29.54,70.05,3.92
2024-05-05 08:00:00,523.28,545.28,32.33,57.87,4.26
2024-05-05 09:00:00,726.05,742.5,34.98,48.21,3.91
2024-05-05 10:00:00,873.4,884.58,37.21,41.25,3.19
2024-05-05 11:00:00,939.2,958.25,38.93,36.55,2.5
2024-05-05 12:00:00,945.83,964.22,40.01,33.76,2.15
2024-05-05 13:00:00,818.58,888.95,40.58,32.02,2.1
2024-05-05 14:00:00,670.22,746.12,40.58,31.44,2.29
2024-05-05 15:00:00,486.5,548.25,39.94,32.07,2.58
2024-05-05 16:00:00,271.75,316.42,38.8,33.97,3.03
2024-05-05 17:00:00,81.28,95.05,36.96,38.96,3.25
2024-05-05 18:00:00,0.0,0.0,34.3,48.55,3.66
2024-05-05 19:00:00,0.0,0.0,32.49,57.45,4.64
2024-05-05 20:00:00,0.0,0.0,31.07,66.16,4.74
2024-05-05 21:00:00,0.0,0.0,30.31,71.29,4.3
2024-05-05 22:00:00,0.0,0.0,29.89,73.67,3.78
2024-05-05 23:00:00,0.0,0.0,29.61,74.66,3.54
2024-05-06 00:00:00,0.0,0.0,29.29,76.02,3.32
2024-05-06 01:00:00,0.0,0.0,28.94,77.73,3.21
2024-05-06 02:00:00,0.0,0.0,28.63,79.38,3.13
2024-05-06 03:00:00,0.0,0.0,28.34,81.14,3.06
2024-05-06 04:00:00,0.0,0.0,28.1,82.76,2.97
2024-05-06 05:00:00,0.0,0.0,27.89,84.24,2.84
2024-05-06 06:00:00,80.78,96.68,28.06,83.74,3.17
2024-05-06 07:00:00,262.9,306.85,29.0,78.61,4.03
2024-05-06 08:00:00,456.17,532.35,30.35,70.61,4.73
2024-05-06 09:00:00,658.53,727.03,31.61,63.99,4.72
2024-05-06 10:00:00,730.35,866.92,32.66,58.73,4.44
2024-05-06 11:00:00,843.3,936.35,33.26,55.45,4.08
2024-05-06 12:00:00,867.6,927.85,33.72,53.03,3.73
2024-05-06 13:00:00,809.75,856.38,33.95,51.71,3.38
2024-05-06 14:00:00,618.78,712.88,33.87,51.48,3.1
2024-05-06 15:00:00,393.23,515.2,33.69,51.81,2.84
2024-05-06 16:00:00,213.85,288.27,33.02,54.44,2.41
2024-05-06 17:00:00,64.6,82.3,31.65,63.9,1.39
2024-05-06 18:00:00,0.0,0.0,30.29,70.82,1.16
2024-05-06 19:00:00,0.0,0.0,29.81,71.72,1.41
2024-05-06 20:00:00,0.0,0.0,29.47,72.24,1.82
2024-05-06 21:00:00,0.0,0.0,29.14,73.28,2.31
2024-05-06 22:00:00,0.0,0.0,28.67,75.61,2.47
2024-05-06 23:00:00,0.0,0.0,28.22,78.13,2.52
2024-05-07 00:00:00,0.0,0.0,27.83,80.39,2.61
2024-05-07 01:00:00,0.0,0.0,27.45,82.36,2.69
2024-05-07 02:00:00,0.0,0.0,27.11,83.84,2.67
2024-05-07 03:00:00,0.0,0.0,26.83,84.8,2.53
2024-05-07 04:00:00,0.0,0.0,26.61,85.36,2.24
2024-05-07 05:00:00,0.0,0.0,26.44,85.73,1.85
2024-05-07 06:00:00,77.0,95.65,26.8,83.09,2.17
2024-05-07 07:00:00,229.32,306.52,28.39,73.5,2.77
2024-05-07 08:00:00,415.3,534.05,30.79,62.18,2.65
2024-05-07 09:00:00,546.4,725.95,32.71,54.73,1.82
2024-05-07 10:00:00,649.12,869.12,34.12,49.35,1.11
2024-05-07 11:00:00,743.03,941.33,35.02,45.4,1.28
2024-05-07 12:00:00,857.45,941.03,35.13,43.66,1.88
2024-05-07 13:00:00,815.28,865.35,34.86,43.43,2.42
2024-05-07 14:00:00,710.33,723.6,33.92,45.33,2.73
2024-05-07 15:00:00,506.02,527.67,32.99,47.93,2.6
2024-05-07 16:00:00,279.08,301.23,32.4,50.17,2.32
2024-05-07 17:00:00,82.7,89.1,31.29,56.94,1.69
2024-05-07 18:00:00,0.0,0.0,29.86,66.96,1.24
2024-05-07 19:00:00,0.0,0.0,29.25,69.4,1.27
2024-05-07 20:00:00,0.0,0.0,28.8,72.43,1.03
2024-05-07 21:00:00,0.0,0.0,28.37,76.28,0.62
2024-05-07 22:00:00,0.0,0.0,28.23,76.79,0.37
2024-05-07 23:00:00,0.0,0.0,28.42,73.85,0.13
2024-05-08 00:00:00,0.0,0.0,28.27,72.57,0.37
2024-05-08 01:00:00,0.0,0.0,27.69,75.56,0.56
2024-05-08 02:00:00,0.0,0.0,27.15,78.39,0.64
2024-05-08 03:00:00,0.0,0.0,26.8,78.78,0.82
2024-05-08 04:00:00,0.0,0.0,26.56,79.06,1.1
2024-05-08 05:00:00,0.0,0.0,26.3,80.5,1.32
2024-05-08 06:00:00,88.4,91.53,27.14,77.79,2.27
2024-05-08 07:00:00,263.0,291.02,29.38,68.25,2.77
2024-05-08 08:00:00,453.2,516.58,32.0,56.32,2.56
2024-05-08 09:00:00,704.0,713.05,33.99,47.64,1.15
2024-05-08 10:00:00,855.1,855.75,36.04,38.63,0.47
2024-05-08 11:00:00,928.5,932.17,37.79,32.02,1.24
2024-05-08 12:00:00,936.2,946.3,38.91,28.77,1.52
2024-05-08 13:00:00,858.67,867.47,39.56,27.08,1.62
2024-05-08 14:00:00,654.4,721.22,39.61,26.58,1.58
2024-05-08 15:00:00,490.6,522.22,39.12,26.98,1.57
2024-05-08 16:00:00,257.83,293.52,38.21,28.55,1.65
2024-05-08 17:00:00,75.1,86.32,36.13,38.44,1.3
2024-05-08 18:00:00,0.0,0.0,33.45,47.07,1.86
2024-05-08 19:00:00,0.0,0.0,32.47,49.26,3.55
2024-05-08 20:00:00,0.0,0.0,30.98,58.72,4.29
2024-05-08 21:00:00,0.0,0.0,29.99,66.28,4.13
2024-05-08 22:00:00,0.0,0.0,29.51,69.78,3.66
2024-05-08 23:00:00,0.0,0.0,29.19,71.49,3.27
2024-05-09 00:00:00,0.0,0.0,28.91,72.68,3.07
2024-05-09 01:00:00,0.0,0.0,28.62,73.76,3.0
2024-05-09 02:00:00,0.0,0.0,28.35,74.91,3.02
2024-05-09 03:00:00,0.0,0.0,27.99,76.78,3.16
2024-05-09 04:00:00,0.0,0.0,27.57,79.41,3.22
2024-05-09 05:00:00,0.0,0.0,27.16,82.22,3.1
2024-05-09 06:00:00,38.55,99.1,27.46,81.47,3.2
2024-05-09 07:00:00,117.45,311.5,29.47,71.16,3.34
2024-05-09 08:00:00,205.12,539.1,32.12,57.27,3.62
2024-05-09 09:00:00,417.7,734.15,34.36,45.1,3.26
2024-05-09 10:00:00,653.75,874.05,36.14,36.36,2.53
2024-05-09 11:00:00,715.08,942.22,37.83,29.68,1.9
2024-05-09 12:00:00,736.12,949.62,39.68,25.14,1.61
2024-05-09 13:00:00,748.38,868.28,40.65,23.29,1.55
2024-05-09 14:00:00,541.38,718.6,40.87,22.82,1.58
2024-05-09 15:00:00,394.88,514.95,40.47,23.24,1.67
2024-05-09 16:00:00,209.05,283.35,39.49,24.75,1.71
2024-05-09 17:00:00,68.2,81.68,37.37,33.59,1.12
2024-05-09 18:00:00,0.0,0.0,33.9,50.5,0.97
2024-05-09 19:00:00,0.0,0.0,32.49,50.82,1.36
2024-05-09 20:00:00,0.0,0.0,31.49,51.08,1.95
2024-05-09 21:00:00,0.0,0.0,30.57,53.11,2.61
2024-05-09 22:00:00,0.0,0.0,29.61,56.92,2.95
2024-05-09 23:00:00,0.0,0.0,28.81,60.87,2.95
2024-05-10 00:00:00,0.0,0.0,28.24,63.66,2.79
2024-05-10 01:00:00,0.0,0.0,27.81,65.73,2.5
2024-05-10 02:00:00,0.0,0.0,27.4,68.28,2.24
2024-05-10 03:00:00,0.0,0.0,27.03,71.27,2.15
2024-05-10 04:00:00,0.0,0.0,26.76,73.93,2.09
2024-05-10 05:00:00,0.0,0.0,26.55,76.68,2.03
2024-05-10 06:00:00,86.4,90.93,27.22,75.83,2.77
2024-05-10 07:00:00,267.52,286.75,29.33,69.32,3.46
2024-05-10 08:00:00,500.65,511.3,32.26,55.76,3.77
2024-05-10 09:00:00,703.9,704.75,34.85,44.66,3.7
2024-05-10 10:00:00,845.55,849.33,36.93,38.32,3.46
2024-05-10 11:00:00,867.45,924.45,38.59,34.37,3.17
2024-05-10 12:00:00,849.7,944.62,39.68,32.17,2.93
2024-05-10 13:00:00,681.88,867.2,40.18,31.29,2.81
2024-05-10 14:00:00,565.08,721.15,40.11,31.43,2.9
2024-05-10 15:00:00,374.38,525.95,39.43,32.69,3.11
2024-05-10 16:00:00,213.4,297.38,38.28,34.89,3.41
2024-05-10 17:00:00,72.47,87.28,36.37,39.75,3.53
2024-05-10 18:00:00,0.0,0.0,33.92,47.55,3.82
2024-05-10 19:00:00,0.0,0.0,32.33,53.93,4.22
2024-05-10 20:00:00,0.0,0.0,31.23,59.57,3.92
2024-05-10 21:00:00,0.0,0.0,30.56,63.77,3.66
2024-05-10 22:00:00,0.0,0.0,30.02,67.29,3.53
2024-05-10 23:00:00,0.0,0.0,29.56,70.36,3.51
2024-05-11 00:00:00,0.0,0.0,29.15,73.23,3.51
2024-05-11 01:00:00,0.0,0.0,28.7,76.23,3.44
2024-05-11 02:00:00,0.0,0.0,28.32,78.68,3.31
2024-05-11 03:00:00,0.0,0.0,28.0,80.56,3.05
2024-05-11 04:00:00,0.0,0.0,27.75,81.97,2.79
2024-05-11 05:00:00,0.0,0.0,27.52,83.28,2.58
2024-05-11 06:00:00,89.1,92.22,27.86,81.94,3.1
2024-05-11 07:00:00,275.92,288.05,29.23,74.4,4.04
2024-05-11 08:00:00,499.65,510.88,31.13,64.11,4.46
2024-05-11 09:00:00,703.1,703.92,33.11,55.08,4.36
2024-05-11 10:00:00,814.15,845.53,34.75,49.05,4.04
2024-05-11 11:00:00,820.8,917.78,35.92,45.15,3.75
2024-05-11 12:00:00,838.58,905.58,36.95,41.97,3.56
2024-05-11 13:00:00,688.62,828.47,37.31,40.42,3.44
2024-05-11 14:00:00,589.42,683.83,37.12,40.33,3.47
2024-05-11 15:00:00,419.8,487.73,36.35,41.77,3.56
2024-05-11 16:00:00,227.75,268.05,35.12,44.7,3.58
2024-05-11 17:00:00,73.07,79.2,33.6,49.54,3.34
2024-05-11 18:00:00,0.0,0.0,31.75,56.81,2.95
2024-05-11 19:00:00,0.0,0.0,30.66,61.55,3.12
2024-05-11 20:00:00,0.0,0.0,29.84,65.89,3.08
2024-05-11 21:00:00,0.0,0.0,29.23,69.65,3.05
2024-05-11 22:00:00,0.0,0.0,28.74,72.92,3.04
2024-05-11 23:00:00,0.0,0.0,28.32,75.54,3.02
2024-05-12 00:00:00,0.0,0.0,27.92,77.86,3.02
2024-05-12 01:00:00,0.0,0.0,27.56,79.77,2.96
2024-05-12 02:00:00,0.0,0.0,27.23,81.42,2.82
2024-05-12 03:00:00,0.0,0.0,26.94,82.9,2.58
2024-05-12 04:00:00,0.0,0.0,26.69,84.25,2.26
2024-05-12 05:00:00,0.0,0.0,26.49,85.43,1.99
2024-05-12 06:00:00,71.5,89.6,27.15,82.34,2.54
2024-05-12 07:00:00,211.32,285.6,29.35,70.65,3.31
2024-05-12 08:00:00,372.1,506.85,31.73,59.24,3.34
2024-05-12 09:00:00,487.15,700.58,33.83,50.92,2.99
2024-05-12 10:00:00,564.33,840.62,35.58,44.54,2.66
2024-05-12 11:00:00,682.08,913.2,37.04,39.54,2.47
2024-05-12 12:00:00,616.35,922.88,38.03,36.15,2.48
2024-05-12 13:00:00,529.08,845.95,38.28,34.83,2.72
2024-05-12 14:00:00,535.62,700.75,37.63,35.8,2.98
2024-05-12 15:00:00,411.12,503.25,36.56,38.2,3.21
2024-05-12 16:00:00,230.4,278.85,35.24,41.91,3.34
2024-05-12 17:00:00,74.03,82.15,33.53,48.05,3.18
2024-05-12 18:00:00,0.0,0.0,31.78,55.79,3.14
2024-05-12 19:00:00,0.0,0.0,30.63,61.78,3.41
2024-05-12 20:00:00,0.0,0.0,29.85,66.5,3.31
2024-05-12 21:00:00,0.0,0.0,29.33,69.68,3.05
2024-05-12 22:00:00,0.0,0.0,28.95,71.83,2.78
2024-05-12 23:00:00,0.0,0.0,28.59,73.77,2.71
2024-05-13 00:00:00,0.0,0.0,28.21,75.75,2.48
2024-05-13 01:00:00,0.0,0.0,27.8,77.93,1.98
2024-05-13 02:00:00,0.0,0.0,27.38,80.89,1.23
2024-05-13 03:00:00,0.0,0.0,27.08,84.23,0.59
2024-05-13 04:00:00,0.0,0.0,26.88,86.02,0.28
2024-05-13 05:00:00,0.0,0.0,26.68,87.03,0.17
2024-05-13 06:00:00,24.73,92.2,26.85,84.34,0.4
2024-05-13 07:00:00,73.38,294.05,27.72,78.18,0.59
2024-05-13 08:00:00,67.25,519.55,29.07,66.5,1.34
2024-05-13 09:00:00,194.6,713.65,30.48,58.59,2.02
2024-05-13 10:00:00,392.45,852.78,32.3,50.34,2.45
2024-05-13 11:00:00,489.33,925.12,34.2,42.69,2.82
2024-05-13 12:00:00,608.8,941.9,35.59,37.77,3.1
2024-05-13 13:00:00,508.35,867.6,36.49,35.05,3.34
2024-05-13 14:00:00,378.2,726.0,36.77,34.04,3.48
2024-05-13 15:00:00,327.45,528.55,36.36,34.88,3.5
2024-05-13 16:00:00,177.12,299.88,35.28,37.87,3.38
2024-05-13 17:00:00,58.38,88.72,33.06,48.29,2.4
2024-05-13 18:00:00,0.0,0.0,30.49,60.04,2.09
2024-05-13 19:00:00,0.0,0.0,29.7,63.03,2.66
2024-05-13 20:00:00,0.0,0.0,28.93,68.53,2.91
2024-05-13 21:00:00,0.0,0.0,28.22,74.79,2.71
2024-05-13 22:00:00,0.0,0.0,27.71,79.46,2.36
2024-05-13 23:00:00,0.0,0.0,27.33,82.31,2.1
2024-05-14 00:00:00,0.0,0.0,26.97,84.3,1.93
2024-05-14 01:00:00,0.0,0.0,26.61,85.84,1.7
2024-05-14 02:00:00,0.0,0.0,26.27,87.22,1.44
2024-05-14 03:00:00,0.0,0.0,25.95,88.32,1.27
2024-05-14 04:00:00,0.0,0.0,25.74,88.96,1.16
2024-05-14 05:00:00,0.0,0.0,25.53,89.67,1.04
2024-05-14 06:00:00,85.9,99.68,26.28,85.39,1.9
2024-05-14 07:00:00,250.93,304.95,28.72,70.95,2.24
2024-05-14 08:00:00,446.0,530.88,31.5,55.27,2.2
2024-05-14 09:00:00,631.97,725.25,33.94,43.6,2.04
2024-05-14 10:00:00,756.25,864.95,35.92,36.87,1.93
2024-05-14 11:00:00,804.35,936.17,37.41,32.98,1.83
2024-05-14 12:00:00,796.97,951.35,38.45,30.57,1.96
2024-05-14 13:00:00,804.67,872.9,39.08,29.05,2.36
2024-05-14 14:00:00,630.17,724.7,39.23,28.4,2.82
2024-05-14 15:00:00,478.3,522.33,38.82,28.88,3.24
2024-05-14 16:00:00,258.33,290.73,37.72,30.98,3.52
2024-05-14 17:00:00,78.97,86.12,35.74,36.8,3.01
2024-05-14 18:00:00,0.0,0.0,33.05,46.98,2.4
2024-05-14 19:00:00,0.0,0.0,31.86,51.98,2.84
2024-05-14 20:00:00,0.0,0.0,30.71,58.4,2.87
2024-05-14 21:00:00,0.0,0.0,29.73,64.87,2.82
2024-05-14 22:00:00,0.0,0.0,29.04,69.76,2.61
2024-05-14 23:00:00,0.0,0.0,28.62,72.4,2.33
2024-05-15 00:00:00,0.0,0.0,28.29,73.96,2.02
2024-05-15 01:00:00,0.0,0.0,27.94,75.55,1.72
2024-05-15 02:00:00,0.0,0.0,27.61,77.14,1.43
2024-05-15 03:00:00,0.0,0.0,27.29,78.67,1.28
2024-05-15 04:00:00,0.0,0.0,27.02,79.93,1.38
2024-05-15 05:00:00,0.0,0.0,26.8,81.14,1.55
2024-05-15 06:00:00,87.65,95.47,27.32,79.02,2.3
2024-05-15 07:00:00,263.38,294.48,29.2,69.44,2.74
2024-05-15 08:00:00,473.17,518.65,31.65,56.98,3.16
2024-05-15 09:00:00,694.95,712.42,33.77,48.26,2.91
2024-05-15 10:00:00,819.58,850.7,35.56,42.83,2.48
2024-05-15 11:00:00,884.6,922.53,36.82,39.64,2.22
2024-05-15 12:00:00,834.9,927.45,37.59,37.83,2.31
2024-05-15 13:00:00,666.92,848.85,37.83,37.4,2.52
2024-05-15 14:00:00,516.58,700.72,37.5,38.38,2.7
2024-05-15 15:00:00,290.12,503.33,36.66,40.35,2.83
2024-05-15 16:00:00,168.25,275.65,35.47,43.67,2.79
2024-05-15 17:00:00,52.17,79.25,33.36,55.18,1.96
2024-05-15 18:00:00,0.0,0.0,31.14,66.04,1.84
2024-05-15 19:00:00,0.0,0.0,30.21,68.44,2.45
2024-05-15 20:00:00,0.0,0.0,29.33,72.81,2.81
2024-05-15 21:00:00,0.0,0.0,28.63,77.28,2.81
2024-05-15 22:00:00,0.0,0.0,28.2,80.1,2.63
2024-05-15 23:00:00,0.0,0.0,27.86,81.9,2.45
2024-05-16 00:00:00,0.0,0.0,27.53,83.43,2.32
2024-05-16 01:00:00,0.0,0.0,27.22,84.9,2.19
2024-05-16 02:00:00,0.0,0.0,26.9,86.74,2.04
2024-05-16 03:00:00,0.0,0.0,26.63,88.46,1.9
2024-05-16 04:00:00,0.0,0.0,26.44,89.81,1.81
2024-05-16 05:00:00,0.0,0.0,26.31,90.87,1.81
2024-05-16 06:00:00,53.53,89.4,26.86,88.55,2.45
2024-05-16 07:00:00,144.3,282.35,28.47,79.84,3.14
2024-05-16 08:00:00,250.82,502.35,30.51,67.54,3.77
2024-05-16 09:00:00,340.67,694.72,32.15,59.32,3.45
2024-05-16 10:00:00,553.17,833.7,33.23,54.47,2.91
2024-05-16 11:00:00,534.6,904.33,33.75,52.1,2.51
2024-05-16 12:00:00,578.05,831.08,33.93,51.15,2.43
2024-05-16 13:00:00,670.7,771.28,33.9,50.86,2.62
2024-05-16 14:00:00,480.33,636.05,33.45,51.83,2.93
2024-05-16 15:00:00,291.52,452.3,32.6,54.29,2.97
2024-05-16 16:00:00,154.68,247.57,31.68,58.17,2.69
2024-05-16 17:00:00,46.12,73.3,30.33,67.3,1.86
2024-05-16 18:00:00,0.0,0.0,28.9,76.16,1.5
2024-05-16 19:00:00,0.0,0.0,28.31,78.32,1.67
2024-05-16 20:00:00,0.0,0.0,27.89,80.03,1.79
2024-05-16 21:00:00,0.0,0.0,27.52,81.56,2.05
2024-05-16 22:00:00,0.0,0.0,27.22,83.01,2.25
2024-05-16 23:00:00,0.0,0.0,26.92,84.52,2.29
2024-05-17 00:00:00,0.0,0.0,26.62,85.96,2.25
2024-05-17 01:00:00,0.0,0.0,26.34,87.23,2.27
2024-05-17 02:00:00,0.0,0.0,26.05,88.63,2.29
2024-05-17 03:00:00,0.0,0.0,25.83,89.92,2.24
2024-05-17 04:00:00,0.0,0.0,25.61,91.4,2.09
2024-05-17 05:00:00,0.0,0.0,25.43,92.56,1.89
2024-05-17 06:00:00,43.4,89.75,25.95,89.82,2.26
2024-05-17 07:00:00,122.45,281.23,27.68,77.82,2.64
2024-05-17 08:00:00,186.65,499.9,30.0,63.81,2.93
2024-05-17 09:00:00,431.98,691.4,32.08,53.78,2.62
2024-05-17 10:00:00,649.05,829.58,33.92,45.56,1.96
2024-05-17 11:00:00,664.03,897.28,35.4,39.87,1.17
2024-05-17 12:00:00,839.28,924.22,36.44,36.39,0.58
2024-05-17 13:00:00,816.38,847.7,37.11,34.55,0.86
2024-05-17 14:00:00,621.85,701.55,37.24,34.14,1.51
2024-05-17 15:00:00,430.77,501.02,36.79,35.03,2.1
2024-05-17 16:00:00,233.9,278.12,35.78,37.74,2.38
2024-05-17 17:00:00,72.95,83.65,33.81,48.49,1.62
2024-05-17 18:00:00,0.0,0.0,31.46,61.45,1.18
2024-05-17 19:00:00,0.0,0.0,30.6,65.96,1.01
2024-05-17 20:00:00,0.0,0.0,30.12,69.97,0.75
2024-05-17 21:00:00,0.0,0.0,30.27,68.6,0.49
2024-05-17 22:00:00,0.0,0.0,30.28,67.42,0.31
2024-05-17 23:00:00,0.0,0.0,28.91,76.01,0.64
2024-05-18 00:00:00,0.0,0.0,28.11,78.06,1.0
2024-05-18 01:00:00,0.0,0.0,27.47,80.2,1.63
2024-05-18 02:00:00,0.0,0.0,26.9,83.84,2.29
2024-05-18 03:00:00,0.0,0.0,26.41,88.12,2.54
2024-05-18 04:00:00,0.0,0.0,26.08,91.28,2.46
2024-05-18 05:00:00,0.0,0.0,25.85,93.26,2.26
2024-05-18 06:00:00,84.55,93.53,26.25,91.94,2.57
2024-05-18 07:00:00,236.57,286.55,28.13,80.77,2.89
2024-05-18 08:00:00,424.45,508.58,30.93,63.57,3.22
2024-05-18 09:00:00,616.03,702.4,32.89,54.09,2.87
2024-05-18 10:00:00,724.83,842.8,34.19,49.3,2.28
2024-05-18 11:00:00,731.83,915.1,35.13,46.38,1.66
2024-05-18 12:00:00,809.12,917.95,35.71,44.63,1.17
2024-05-18 13:00:00,707.4,845.0,35.97,43.64,1.03
2024-05-18 14:00:00,598.53,703.62,35.82,43.74,1.24
2024-05-18 15:00:00,427.98,503.27,35.24,45.14,1.63
2024-05-18 16:00:00,243.25,279.38,34.32,48.34,2.15
2024-05-18 17:00:00,78.47,84.05,32.73,55.78,2.43
2024-05-18 18:00:00,0.0,0.0,30.88,63.76,2.92
2024-05-18 19:00:00,0.0,0.0,29.93,68.43,3.42
2024-05-18 20:00:00,0.0,0.0,29.32,71.69,3.46
2024-05-18 21:00:00,0.0,0.0,28.84,74.08,3.33
2024-05-18 22:00:00,0.0,0.0,28.41,76.12,3.23
2024-05-18 23:00:00,0.0,0.0,27.98,78.02,3.13
2024-05-19 00:00:00,0.0,0.0,27.55,79.95,3.03
2024-05-19 01:00:00,0.0,0.0,27.16,81.82,2.92
2024-05-19 02:00:00,0.0,0.0,26.82,83.69,2.79
2024-05-19 03:00:00,0.0,0.0,26.53,85.38,2.65
2024-05-19 04:00:00,0.0,0.0,26.29,86.79,2.49
2024-05-19 05:00:00,0.0,0.0,26.1,87.97,2.34
2024-05-19 06:00:00,76.6,100.22,26.68,85.15,2.79
2024-05-19 07:00:00,224.68,304.45,28.57,74.93,3.62
2024-05-19 08:00:00,400.95,531.08,30.87,63.54,4.01
2024-05-19 09:00:00,555.35,725.7,33.06,54.93,3.67
2024-05-19 10:00:00,685.15,865.5,34.87,49.1,3.16
2024-05-19 11:00:00,728.4,938.22,36.39,44.77,2.66
2024-05-19 12:00:00,687.88,913.65,37.55,41.41,2.44
2024-05-19 13:00:00,668.33,829.97,38.04,39.96,2.53
2024-05-19 14:00:00,545.28,683.6,37.9,40.03,2.74
2024-05-19 15:00:00,445.98,486.23,37.11,41.82,2.91
2024-05-19 16:00:00,214.1,265.9,35.98,45.01,3.09
2024-05-19 17:00:00,65.45,81.05,34.29,51.57,2.78
2024-05-19 18:00:00,0.0,0.0,32.3,60.39,2.47
2024-05-19 19:00:00,0.0,0.0,31.33,65.42,2.69
2024-05-19 20:00:00,0.0,0.0,30.6,69.6,2.58
2024-05-19 21:00:00,0.0,0.0,30.04,72.69,2.46
2024-05-19 22:00:00,0.0,0.0,29.58,75.04,2.41
2024-05-19 23:00:00,0.0,0.0,29.13,77.26,2.47
2024-05-20 00:00:00,0.0,0.0,28.7,79.39,2.56
2024-05-20 01:00:00,0.0,0.0,28.26,81.76,2.55
2024-05-20 02:00:00,0.0,0.0,27.9,83.79,2.58
2024-05-20 03:00:00,0.0,0.0,27.64,85.08,2.49
2024-05-20 04:00:00,0.0,0.0,27.45,85.68,2.36
2024-05-20 05:00:00,0.0,0.0,27.25,86.26,2.24
2024-05-20 06:00:00,94.25,95.85,27.64,83.82,2.6
2024-05-20 07:00:00,286.17,292.33,29.18,74.66,3.15
2024-05-20 08:00:00,512.55,513.4,31.1,65.04,3.26
2024-05-20 09:00:00,705.38,708.85,32.86,58.0,2.93
2024-05-20 10:00:00,845.8,851.42,34.24,53.19,2.46
2024-05-20 11:00:00,909.78,920.95,35.4,49.45,2.04
2024-05-20 12:00:00,902.78,920.05,35.98,47.36,1.87
2024-05-20 13:00:00,716.72,841.8,36.01,46.7,1.9
2024-05-20 14:00:00,646.88,696.9,35.8,46.73,2.03
2024-05-20 15:00:00,445.62,500.2,35.12,48.17,2.17
2024-05-20 16:00:00,251.62,276.92,34.18,51.16,2.27
2024-05-20 17:00:00,80.8,84.3,33.02,56.95,1.98
2024-05-20 18:00:00,0.0,0.0,31.5,64.69,1.75
2024-05-20 19:00:00,0.0,0.0,30.83,67.61,2.14
2024-05-20 20:00:00,0.0,0.0,30.32,70.42,2.27
2024-05-20 21:00:00,0.0,0.0,29.9,72.92,2.2
2024-05-20 22:00:00,0.0,0.0,29.55,74.79,2.1
2024-05-20 23:00:00,0.0,0.0,29.25,76.23,2.02
2024-05-21 00:00:00,0.0,0.0,28.97,77.44,1.96
2024-05-21 01:00:00,0.0,0.0,28.71,78.53,1.97
2024-05-21 02:00:00,0.0,0.0,28.45,79.78,1.98
2024-05-21 03:00:00,0.0,0.0,28.13,81.31,2.04
2024-05-21 04:00:00,0.0,0.0,27.79,82.83,2.06
2024-05-21 05:00:00,0.0,0.0,27.46,84.39,2.03
2024-05-21 06:00:00,92.32,92.9,27.98,81.87,2.62
2024-05-21 07:00:00,280.67,282.23,30.03,71.13,3.33
2024-05-21 08:00:00,499.08,499.23,32.18,60.86,3.38
2024-05-21 09:00:00,693.4,694.88,33.3,55.97,2.99
2024-05-21 10:00:00,836.9,837.2,33.37,55.3,2.88
2024-05-21 11:00:00,906.1,911.9,33.15,55.6,2.87
2024-05-21 12:00:00,905.95,912.4,33.05,55.5,2.9
2024-05-21 13:00:00,589.3,840.17,33.48,53.29,2.82
2024-05-21 14:00:00,688.15,700.78,33.99,50.92,2.68
2024-05-21 15:00:00,497.62,508.35,33.92,50.51,2.5
2024-05-21 16:00:00,248.85,286.52,33.3,51.99,2.38
2024-05-21 17:00:00,67.0,88.72,32.1,56.95,2.13
2024-05-21 18:00:00,0.0,0.0,30.07,66.35,1.68
2024-05-21 19:00:00,0.0,0.0,29.3,68.79,2.09
2024-05-21 20:00:00,0.0,0.0,28.69,71.53,2.02
2024-05-21 21:00:00,0.0,0.0,28.11,74.99,1.71
2024-05-21 22:00:00,0.0,0.0,27.61,78.44,1.45
2024-05-21 23:00:00,0.0,0.0,27.16,82.23,1.35
2024-05-22 00:00:00,0.0,0.0,26.72,86.46,1.35
2024-05-22 01:00:00,0.0,0.0,26.33,89.55,1.4
2024-05-22 02:00:00,0.0,0.0,26.08,90.46,1.44
2024-05-22 03:00:00,0.0,0.0,25.84,91.26,1.5
2024-05-22 04:00:00,0.0,0.0,25.62,92.08,1.59
2024-05-22 05:00:00,0.0,0.0,25.49,92.68,1.73
2024-05-22 06:00:00,83.65,99.85,26.03,90.91,2.48
2024-05-22 07:00:00,247.35,303.52,27.3,86.62,2.85
2024-05-22 08:00:00,431.45,525.38,29.08,78.27,3.68
2024-05-22 09:00:00,529.03,715.92,30.65,70.4,3.94
2024-05-22 10:00:00,662.2,852.55,31.75,65.4,3.74
2024-05-22 11:00:00,684.42,922.42,32.44,62.46,3.46
2024-05-22 12:00:00,703.83,919.53,32.9,60.95,3.13
2024-05-22 13:00:00,538.0,845.7,33.09,60.72,2.82
2024-05-22 14:00:00,409.4,705.62,33.04,61.04,2.54
2024-05-22 15:00:00,184.98,512.88,32.7,61.98,2.26
2024-05-22 16:00:00,89.88,290.88,32.12,65.98,1.73
2024-05-22 17:00:00,35.7,89.55,30.83,73.74,1.38
2024-05-22 18:00:00,0.0,0.0,29.2,84.22,0.98
2024-05-22 19:00:00,0.0,0.0,28.6,84.23,1.19
2024-05-22 20:00:00,0.0,0.0,28.15,84.03,1.51
2024-05-22 21:00:00,0.0,0.0,27.78,84.45,1.88
2024-05-22 22:00:00,0.0,0.0,27.43,85.79,2.18
2024-05-22 23:00:00,0.0,0.0,27.08,87.51,2.34
2024-05-23 00:00:00,0.0,0.0,26.77,88.99,2.34
2024-05-23 01:00:00,0.0,0.0,26.52,90.03,2.38
2024-05-23 02:00:00,0.0,0.0,26.26,90.98,2.39
2024-05-23 03:00:00,0.0,0.0,26.06,91.54,2.55
2024-05-23 04:00:00,0.0,0.0,25.84,92.18,2.69
2024-05-23 05:00:00,0.0,0.0,25.63,92.88,2.72
2024-05-23 06:00:00,95.97,97.12,26.04,90.82,3.11
2024-05-23 07:00:00,283.3,293.08,27.55,82.45,3.89
2024-05-23 08:00:00,497.25,515.0,29.6,71.52,4.46
2024-05-23 09:00:00,690.2,707.17,31.59,62.68,4.33
2024-05-23 10:00:00,837.3,845.8,33.15,56.67,3.9
2024-05-23 11:00:00,893.33,917.6,34.3,52.46,3.41
2024-05-23 12:00:00,945.97,947.8,35.08,49.43,2.84
2024-05-23 13:00:00,870.4,873.17,35.5,47.48,2.23
2024-05-23 14:00:00,723.22,732.22,35.4,47.14,1.7
2024-05-23 15:00:00,512.03,538.6,35.07,47.47,1.38
2024-05-23 16:00:00,281.33,313.02,34.44,49.67,1.4
2024-05-23 17:00:00,87.3,101.8,33.0,58.39,1.34
2024-05-23 18:00:00,0.0,0.0,30.47,70.22,1.21
2024-05-23 19:00:00,0.0,0.0,29.72,68.66,1.89
2024-05-23 20:00:00,0.0,0.0,29.21,69.14,2.6
2024-05-23 21:00:00,0.0,0.0,28.56,71.91,2.85
2024-05-23 22:00:00,0.0,0.0,27.91,75.66,2.97
2024-05-23 23:00:00,0.0,0.0,27.32,79.64,3.03
2024-05-24 00:00:00,0.0,0.0,26.87,82.98,2.99
2024-05-24 01:00:00,0.0,0.0,26.58,85.18,2.86
2024-05-24 02:00:00,0.0,0.0,26.35,86.72,2.71
2024-05-24 03:00:00,0.0,0.0,26.15,87.79,2.61
2024-05-24 04:00:00,0.0,0.0,25.93,88.73,2.42
2024-05-24 05:00:00,0.0,0.0,25.67,89.82,2.28
2024-05-24 06:00:00,106.7,109.55,26.3,86.44,2.87
2024-05-24 07:00:00,305.85,316.8,28.28,75.47,3.86
2024-05-24 08:00:00,526.17,538.45,30.31,65.8,4.32
2024-05-24 09:00:00,718.2,728.0,32.19,58.56,4.2
2024-05-24 10:00:00,859.28,864.45,33.86,53.21,3.71
2024-05-24 11:00:00,934.0,934.28,35.23,49.15,3.03
2024-05-24 12:00:00,851.2,904.83,36.19,46.14,2.42
2024-05-24 13:00:00,834.12,836.67,36.68,44.24,1.95
2024-05-24 14:00:00,693.88,700.38,36.76,43.36,1.58
2024-05-24 15:00:00,509.33,512.67,36.09,44.31,1.43
2024-05-24 16:00:00,273.33,295.62,35.28,47.43,1.35
2024-05-24 17:00:00,83.88,94.2,33.59,56.18,1.21
2024-05-24 18:00:00,0.0,0.0,31.28,66.57,1.21
2024-05-24 19:00:00,0.0,0.0,30.51,65.9,1.91
2024-05-24 20:00:00,0.0,0.0,29.98,67.32,2.79
2024-05-24 21:00:00,0.0,0.0,29.26,71.48,3.14
2024-05-24 22:00:00,0.0,0.0,28.65,75.42,3.25
2024-05-24 23:00:00,0.0,0.0,28.23,78.05,3.37
2024-05-25 00:00:00,0.0,0.0,27.85,80.02,3.49
2024-05-25 01:00:00,0.0,0.0,27.46,81.83,3.54
2024-05-25 02:00:00,0.0,0.0,27.13,83.26,3.57
2024-05-25 03:00:00,0.0,0.0,26.8,84.56,3.61
2024-05-25 04:00:00,0.0,0.0,26.49,85.8,3.68
2024-05-25 05:00:00,0.0,0.0,26.23,86.84,3.72
2024-05-25 06:00:00,10.62,99.82,26.51,85.59,3.79
2024-05-25 07:00:00,19.95,301.38,27.83,78.53,4.31
2024-05-25 08:00:00,29.95,521.35,29.48,69.73,4.8
2024-05-25 09:00:00,90.4,710.7,31.02,62.49,4.93
2024-05-25 10:00:00,338.33,846.95,32.28,57.51,4.77
2024-05-25 11:00:00,434.67,915.5,33.03,54.87,4.41
2024-05-25 12:00:00,476.62,910.22,33.53,53.38,3.92
2024-05-25 13:00:00,524.9,834.25,33.45,53.64,3.38
2024-05-25 14:00:00,426.05,694.72,33.02,55.33,2.99
2024-05-25 15:00:00,269.02,498.25,32.14,58.79,2.81
2024-05-25 16:00:00,157.7,274.52,31.01,64.55,2.67
2024-05-25 17:00:00,53.58,86.38,29.53,73.87,2.29
2024-05-25 18:00:00,0.0,0.0,28.18,80.81,2.24
2024-05-25 19:00:00,0.0,0.0,27.56,83.28,2.42
2024-05-25 20:00:00,0.0,0.0,27.11,85.3,2.43
2024-05-25 21:00:00,0.0,0.0,26.71,87.18,2.48
2024-05-25 22:00:00,0.0,0.0,26.31,89.17,2.56
2024-05-25 23:00:00,0.0,0.0,25.94,91.16,2.54
2024-05-26 00:00:00,0.0,0.0,25.67,92.5,2.4
2024-05-26 01:00:00,0.0,0.0,25.47,93.23,2.29
2024-05-26 02:00:00,0.0,0.0,25.33,93.7,2.21
2024-05-26 03:00:00,0.0,0.0,25.21,94.08,2.07
2024-05-26 04:00:00,0.0,0.0,25.14,94.14,1.98
2024-05-26 05:00:00,0.0,0.0,25.09,94.32,1.93
2024-05-26 06:00:00,86.65,94.88,25.49,91.98,2.5
2024-05-26 07:00:00,248.07,286.58,26.35,85.62,3.26
2024-05-26 08:00:00,458.1,506.35,27.53,77.38,3.7
2024-05-26 09:00:00,529.58,698.6,29.04,69.17,3.88
2024-05-26 10:00:00,625.12,837.55,30.58,62.19,3.92
2024-05-26 11:00:00,755.8,910.3,31.83,56.99,3.88
2024-05-26 12:00:00,875.8,936.62,32.52,54.01,3.79
2024-05-26 13:00:00,723.62,863.0,32.73,52.79,3.72
2024-05-26 14:00:00,665.85,723.2,32.64,52.77,3.67
2024-05-26 15:00:00,498.05,526.5,32.19,53.96,3.55
2024-05-26 16:00:00,284.62,302.12,31.52,55.95,3.33
2024-05-26 17:00:00,95.53,98.32,30.33,61.65,2.51
2024-05-26 18:00:00,0.0,0.0,28.59,71.36,1.58
2024-05-26 19:00:00,0.0,0.0,27.95,74.29,1.56
2024-05-26 20:00:00,0.0,0.0,27.46,76.5,1.45
2024-05-26 21:00:00,0.0,0.0,27.02,78.44,1.37
2024-05-26 22:00:00,0.0,0.0,26.63,80.14,1.35
2024-05-26 23:00:00,0.0,0.0,26.26,81.87,1.34
2024-05-27 00:00:00,0.0,0.0,25.93,83.56,1.37
2024-05-27 01:00:00,0.0,0.0,25.62,85.63,1.4
2024-05-27 02:00:00,0.0,0.0,25.26,88.22,1.4
2024-05-27 03:00:00,0.0,0.0,24.9,90.72,1.34
2024-05-27 04:00:00,0.0,0.0,24.58,92.75,1.25
2024-05-27 05:00:00,0.0,0.0,24.3,94.36,1.21
2024-05-27 06:00:00,90.1,100.85,25.35,88.96,2.19
2024-05-27 07:00:00,272.73,300.17,27.91,74.55,2.91
2024-05-27 08:00:00,480.9,520.58,30.4,62.55,2.8
2024-05-27 09:00:00,676.53,711.03,32.37,54.83,2.23
2024-05-27 10:00:00,827.35,849.1,34.05,49.14,1.69
2024-05-27 11:00:00,919.12,921.3,35.3,45.29,1.26
2024-05-27 12:00:00,921.2,938.47,36.12,42.81,1.08
2024-05-27 13:00:00,771.45,863.85,36.58,41.3,1.23
2024-05-27 14:00:00,703.12,722.53,36.52,41.15,1.58
2024-05-27 15:00:00,515.38,528.58,35.95,42.18,2.0
2024-05-27 16:00:00,297.4,304.73,34.98,44.97,2.33
2024-05-27 17:00:00,99.4,100.35,33.31,52.91,2.12
2024-05-27 18:00:00,0.0,0.0,31.3,61.93,2.02
2024-05-27 19:00:00,0.0,0.0,30.47,64.91,2.37
2024-05-27 20:00:00,0.0,0.0,29.83,67.79,2.38
2024-05-27 21:00:00,0.0,0.0,29.26,70.55,2.26
2024-05-27 22:00:00,0.0,0.0,28.72,73.2,2.09
2024-05-27 23:00:00,0.0,0.0,28.22,75.54,1.95
2024-05-28 00:00:00,0.0,0.0,27.77,77.46,1.82
2024-05-28 01:00:00,0.0,0.0,27.36,79.14,1.8
2024-05-28 02:00:00,0.0,0.0,27.04,80.2,1.96
2024-05-28 03:00:00,0.0,0.0,26.68,81.59,2.16
2024-05-28 04:00:00,0.0,0.0,26.24,83.73,2.28
2024-05-28 05:00:00,0.0,0.0,25.75,86.6,2.24
2024-05-28 06:00:00,104.0,103.32,26.12,85.28,2.59
2024-05-28 07:00:00,298.85,306.0,28.49,72.35,2.91
2024-05-28 08:00:00,525.65,526.45,31.72,56.16,3.5
2024-05-28 09:00:00,715.58,718.67,34.01,47.47,2.86
2024-05-28 10:00:00,852.12,856.83,35.88,41.28,2.04
2024-05-28 11:00:00,916.12,927.85,37.33,37.23,1.39
2024-05-28 12:00:00,813.0,911.9,38.41,34.59,1.21
2024-05-28 13:00:00,836.03,838.7,39.05,32.99,1.75
2024-05-28 14:00:00,676.03,698.92,39.11,32.61,2.38
2024-05-28 15:00:00,496.62,507.25,38.46,33.74,2.96
2024-05-28 16:00:00,270.8,287.15,37.11,37.0,3.43
2024-05-28 17:00:00,86.7,92.7,34.76,44.83,3.5
2024-05-28 18:00:00,0.0,0.0,31.94,55.8,3.57
2024-05-28 19:00:00,0.0,0.0,30.2,64.47,3.71
2024-05-28 20:00:00,0.0,0.0,29.14,70.81,3.55
2024-05-28 21:00:00,0.0,0.0,28.43,75.27,3.37
2024-05-28 22:00:00,0.0,0.0,27.94,78.25,3.25
2024-05-28 23:00:00,0.0,0.0,27.54,80.37,3.18
2024-05-29 00:00:00,0.0,0.0,27.19,82.12,3.07
2024-05-29 01:00:00,0.0,0.0,26.86,83.81,2.94
2024-05-29 02:00:00,0.0,0.0,26.59,85.39,2.82
2024-05-29 03:00:00,0.0,0.0,26.35,86.96,2.79
2024-05-29 04:00:00,0.0,0.0,26.16,88.31,2.74
2024-05-29 05:00:00,0.0,0.0,26.01,89.31,2.68
2024-05-29 06:00:00,81.28,95.55,26.76,85.75,3.19
2024-05-29 07:00:00,235.8,291.3,29.03,73.6,3.9
2024-05-29 08:00:00,411.73,509.88,31.55,61.61,4.06
2024-05-29 09:00:00,556.2,699.67,33.72,52.98,3.85
2024-05-29 10:00:00,675.55,836.7,35.49,47.38,3.52
2024-05-29 11:00:00,760.3,907.65,36.84,43.54,3.11
2024-05-29 12:00:00,726.58,904.67,37.63,41.09,2.77
2024-05-29 13:00:00,647.75,829.78,37.82,40.28,2.72
2024-05-29 14:00:00,575.12,688.45,37.32,41.09,2.91
2024-05-29 15:00:00,394.83,495.9,36.35,43.39,3.12
2024-05-29 16:00:00,197.1,272.02,35.17,46.86,3.27
2024-05-29 17:00:00,66.88,87.53,33.54,53.13,3.17
2024-05-29 18:00:00,0.0,0.0,31.69,60.88,3.13
2024-05-29 19:00:00,0.0,0.0,30.67,65.6,3.37
2024-05-29 20:00:00,0.0,0.0,29.94,69.3,3.38
2024-05-29 21:00:00,0.0,0.0,29.36,72.26,3.37
2024-05-29 22:00:00,0.0,0.0,28.88,74.77,3.39
2024-05-29 23:00:00,0.0,0.0,28.42,77.44,3.36
2024-05-30 00:00:00,0.0,0.0,28.01,79.92,3.34
2024-05-30 01:00:00,0.0,0.0,27.7,81.77,3.29
2024-05-30 02:00:00,0.0,0.0,27.48,83.09,3.15
2024-05-30 03:00:00,0.0,0.0,27.31,84.26,2.76
2024-05-30 04:00:00,0.0,0.0,27.16,85.2,2.54
2024-05-30 05:00:00,0.0,0.0,27.0,86.12,2.46
2024-05-30 06:00:00,86.68,88.28,27.27,84.8,2.84
2024-05-30 07:00:00,261.48,268.52,28.29,79.28,3.3
2024-05-30 08:00:00,479.4,479.58,29.71,71.64,3.62
2024-05-30 09:00:00,637.97,673.05,31.19,64.49,3.6
2024-05-30 10:00:00,688.1,812.25,32.35,59.54,3.33
2024-05-30 11:00:00,766.5,890.4,32.87,57.3,2.98
2024-05-30 12:00:00,674.72,807.25,33.03,56.57,2.63
2024-05-30 13:00:00,606.2,755.17,33.11,56.43,2.3
2024-05-30 14:00:00,464.38,626.15,32.81,57.63,2.15
2024-05-30 15:00:00,195.8,447.25,32.29,59.84,2.21
2024-05-30 16:00:00,109.62,246.75,31.51,64.39,2.13
2024-05-30 17:00:00,42.6,78.62,30.18,73.09,1.77
2024-05-30 18:00:00,0.0,0.0,28.94,78.5,1.86
2024-05-30 19:00:00,0.0,0.0,28.55,78.91,2.37
2024-05-30 20:00:00,0.0,0.0,28.3,79.51,2.66
2024-05-30 21:00:00,0.0,0.0,28.03,80.68,2.84
2024-05-30 22:00:00,0.0,0.0,27.75,82.12,2.94
2024-05-30 23:00:00,0.0,0.0,27.42,84.1,2.97
2024-05-31 00:00:00,0.0,0.0,27.03,86.82,2.79
2024-05-31 01:00:00,0.0,0.0,26.7,89.19,2.81
2024-05-31 02:00:00,0.0,0.0,26.46,90.89,2.79
2024-05-31 03:00:00,0.0,0.0,26.32,91.78,2.61
2024-05-31 04:00:00,0.0,0.0,26.17,92.48,2.4
2024-05-31 05:00:00,0.0,0.0,26.01,93.2,2.29
2024-05-31 06:00:00,77.8,85.32,26.41,91.03,2.71
2024-05-31 07:00:00,212.38,258.2,27.55,84.52,3.37
2024-05-31 08:00:00,381.0,468.85,29.1,75.65,3.96
2024-05-31 09:00:00,562.88,657.83,30.61,67.99,4.07
2024-05-31 10:00:00,720.58,797.45,31.7,62.59,3.99
2024-05-31 11:00:00,821.38,872.25,32.56,58.68,3.86
2024-05-31 12:00:00,918.03,925.47,33.08,56.24,3.69
2024-05-31 13:00:00,819.03,852.67,33.24,55.25,3.48
2024-05-31 14:00:00,673.47,713.95,33.05,55.5,3.27
2024-05-31 15:00:00,473.52,522.85,32.56,56.98,3.12
2024-05-31 16:00:00,276.4,301.5,31.73,60.27,2.94
2024-05-31 17:00:00,96.8,100.4,30.39,68.32,2.24
2024-05-31 18:00:00,0.0,0.0,28.69,78.06,1.8
2024-05-31 19:00:00,0.0,0.0,28.09,80.51,2.17
2024-05-31 20:00:00,0.0,0.0,27.71,82.41,2.32
2024-05-31 21:00:00,0.0,0.0,27.36,84.36,2.36
2024-05-31 22:00:00,0.0,0.0,27.0,86.45,2.38
2024-05-31 23:00:00,0.0,0.0,26.66,88.35,2.39
2024-06-01 00:00:00,0.0,0.0,26.33,90.2,2.38
2024-06-01 01:00:00,0.0,0.0,26.04,91.89,2.33
2024-06-01 02:00:00,0.0,0.0,25.79,93.29,2.25
2024-06-01 03:00:00,0.0,0.0,25.6,94.22,2.11
2024-06-01 04:00:00,0.0,0.0,25.4,95.0,1.97
2024-06-01 05:00:00,0.0,0.0,25.23,95.53,1.84
2024-06-01 06:00:00,96.25,104.07,25.71,93.09,2.4
2024-06-01 07:00:00,267.77,308.45,26.86,86.46,3.06
2024-06-01 08:00:00,452.85,529.62,28.24,78.08,3.54
2024-06-01 09:00:00,689.4,719.1,29.53,70.89,3.55
2024-06-01 10:00:00,765.42,855.2,30.6,65.76,3.37
2024-06-01 11:00:00,875.92,926.7,31.43,62.16,3.17
2024-06-01 12:00:00,878.83,934.72,31.98,59.66,3.03
2024-06-01 13:00:00,741.88,864.08,32.23,58.2,2.93
2024-06-01 14:00:00,648.42,728.6,32.1,58.27,2.81
2024-06-01 15:00:00,526.42,540.45,31.86,58.95,2.68
2024-06-01 16:00:00,307.88,319.62,31.37,61.08,2.46
2024-06-01 17:00:00,108.53,109.68,30.26,69.48,1.64
2024-06-01 18:00:00,0.0,0.0,28.43,79.58,1.16
2024-06-01 19:00:00,0.0,0.0,27.91,80.63,1.3
2024-06-01 20:00:00,0.0,0.0,27.64,80.99,1.45
2024-06-01 21:00:00,0.0,0.0,27.39,81.58,1.58
2024-06-01 22:00:00,0.0,0.0,27.14,82.44,1.66
2024-06-01 23:00:00,0.0,0.0,26.9,83.31,1.74
2024-06-02 00:00:00,0.0,0.0,26.64,84.27,1.86
2024-06-02 01:00:00,0.0,0.0,26.33,85.73,1.98
2024-06-02 02:00:00,0.0,0.0,26.15,86.89,2.15
2024-06-02 03:00:00,0.0,0.0,25.94,88.67,2.19
2024-06-02 04:00:00,0.0,0.0,25.68,90.78,2.04
2024-06-02 05:00:00,0.0,0.0,25.48,92.42,1.87
2024-06-02 06:00:00,94.25,100.12,25.84,91.12,2.26
2024-06-02 07:00:00,255.12,297.27,27.21,84.58,3.03
2024-06-02 08:00:00,423.88,512.33,29.0,75.03,3.99
2024-06-02 09:00:00,607.42,696.83,30.32,68.49,3.98
2024-06-02 10:00:00,718.8,831.58,31.25,64.32,3.6
2024-06-02 11:00:00,696.5,897.7,32.0,60.99,3.11
2024-06-02 12:00:00,683.47,893.45,32.54,58.59,2.6
2024-06-02 13:00:00,708.47,809.08,32.68,57.56,2.17
2024-06-02 14:00:00,552.65,662.97,32.58,57.61,1.92
2024-06-02 15:00:00,371.75,473.88,32.01,59.55,1.93
2024-06-02 16:00:00,204.95,262.98,31.16,64.31,1.84
2024-06-02 17:00:00,75.6,86.35,29.79,73.54,1.48
2024-06-02 18:00:00,0.0,0.0,28.33,80.17,1.45
2024-06-02 19:00:00,0.0,0.0,27.71,81.57,1.88
2024-06-02 20:00:00,0.0,0.0,27.17,83.66,2.08
2024-06-02 21:00:00,0.0,0.0,26.72,85.96,1.93
2024-06-02 22:00:00,0.0,0.0,26.37,88.31,1.6
2024-06-02 23:00:00,0.0,0.0,26.1,90.17,1.36
2024-06-03 00:00:00,0.0,0.0,25.87,91.5,1.33
2024-06-03 01:00:00,0.0,0.0,25.66,92.54,1.44
2024-06-03 02:00:00,0.0,0.0,25.46,93.52,1.51
2024-06-03 03:00:00,0.0,0.0,25.24,94.36,1.71
2024-06-03 04:00:00,0.0,0.0,25.07,94.82,1.96
2024-06-03 05:00:00,0.0,0.0,24.94,94.95,2.07
2024-06-03 06:00:00,83.05,84.9,25.45,92.27,2.63
2024-06-03 07:00:00,246.85,258.67,26.95,83.66,3.26
2024-06-03 08:00:00,446.6,468.92,28.85,73.02,3.88
2024-06-03 09:00:00,650.83,657.03,30.34,66.54,3.75
2024-06-03 10:00:00,797.25,797.53,31.31,62.77,3.35
2024-06-03 11:00:00,839.47,872.4,31.73,60.97,2.91
2024-06-03 12:00:00,822.45,904.85,31.75,60.36,2.57
2024-06-03 13:00:00,789.83,834.53,31.85,59.58,2.41
2024-06-03 14:00:00,654.33,697.8,31.99,58.84,2.26
2024-06-03 15:00:00,411.12,509.2,31.72,59.43,2.1
2024-06-03 16:00:00,217.9,291.25,31.05,62.5,1.83
2024-06-03 17:00:00,74.4,97.43,29.97,70.78,1.29
2024-06-03 18:00:00,0.0,0.0,28.41,81.44,0.87
2024-06-03 19:00:00,0.0,0.0,27.89,82.05,0.94
2024-06-03 20:00:00,0.0,0.0,27.57,82.42,0.99
2024-06-03 21:00:00,0.0,0.0,27.26,83.09,0.96
2024-06-03 22:00:00,0.0,0.0,26.92,84.24,0.89
2024-06-03 23:00:00,0.0,0.0,26.56,85.2,0.86
2024-06-04 00:00:00,0.0,0.0,26.29,85.87,0.87
2024-06-04 01:00:00,0.0,0.0,26.15,86.11,0.94
2024-06-04 02:00:00,0.0,0.0,25.96,86.87,0.98
2024-06-04 03:00:00,0.0,0.0,25.78,87.94,1.04
2024-06-04 04:00:00,0.0,0.0,25.59,89.44,1.03
2024-06-04 05:00:00,0.0,0.0,25.41,91.15,1.01
2024-06-04 06:00:00,88.4,89.7,25.85,89.5,1.7
2024-06-04 07:00:00,266.23,271.92,27.11,82.74,2.16
2024-06-04 08:00:00,477.38,481.4,29.06,71.85,2.72
2024-06-04 09:00:00,667.62,667.8,30.92,63.83,2.75
2024-06-04 10:00:00,784.0,806.95,32.29,59.12,2.49
2024-06-04 11:00:00,779.62,874.6,33.28,56.18,2.23
2024-06-04 12:00:00,771.25,844.72,33.93,54.48,2.08
2024-06-04 13:00:00,676.25,772.35,34.26,53.52,2.16
2024-06-04 14:00:00,589.75,635.72,34.17,53.89,2.43
2024-06-04 15:00:00,405.02,452.05,33.55,55.64,2.65
2024-06-04 16:00:00,205.48,248.68,32.51,59.09,2.66
2024-06-04 17:00:00,71.25,84.05,31.06,66.71,2.03
2024-06-04 18:00:00,0.0,0.0,29.51,74.55,1.6
2024-06-04 19:00:00,0.0,0.0,28.85,76.93,1.71
2024-06-04 20:00:00,0.0,0.0,28.41,78.59,1.75
2024-06-04 21:00:00,0.0,0.0,28.05,79.96,1.79
2024-06-04 22:00:00,0.0,0.0,27.7,81.24,1.8
2024-06-04 23:00:00,0.0,0.0,27.36,82.62,1.83
2024-06-05 00:00:00,0.0,0.0,27.01,84.28,1.95
2024-06-05 01:00:00,0.0,0.0,26.68,85.88,2.1
2024-06-05 02:00:00,0.0,0.0,26.38,87.29,2.34
2024-06-05 03:00:00,0.0,0.0,26.13,88.45,2.64
2024-06-05 04:00:00,0.0,0.0,25.88,89.65,2.82
2024-06-05 05:00:00,0.0,0.0,25.61,90.88,2.83
2024-06-05 06:00:00,87.07,88.45,26.08,88.29,3.25
2024-06-05 07:00:00,263.25,272.52,27.85,78.24,4.0
2024-06-05 08:00:00,478.3,481.45,30.06,67.28,4.5
2024-06-05 09:00:00,506.1,678.65,31.62,60.85,4.56
2024-06-05 10:00:00,458.75,820.85,32.55,57.28,4.39
2024-06-05 11:00:00,517.47,892.95,33.07,55.25,4.14
2024-06-05 12:00:00,625.65,898.05,33.34,54.05,3.87
2024-06-05 13:00:00,505.62,819.7,33.22,54.09,3.58
2024-06-05 14:00:00,437.77,678.9,32.77,55.33,3.24
2024-06-05 15:00:00,225.43,488.98,31.88,58.28,2.77
2024-06-05 16:00:00,131.77,279.42,30.69,63.44,2.25
2024-06-05 17:00:00,51.12,91.85,29.46,70.24,1.77
2024-06-05 18:00:00,0.0,0.0,28.48,76.11,1.42
2024-06-05 19:00:00,0.0,0.0,28.05,78.94,1.2
2024-06-05 20:00:00,0.0,0.0,27.79,80.26,1.01
2024-06-05 21:00:00,0.0,0.0,27.47,81.11,0.89
2024-06-05 22:00:00,0.0,0.0,27.06,81.87,0.99
2024-06-05 23:00:00,0.0,0.0,26.77,82.31,1.24
2024-06-06 00:00:00,0.0,0.0,26.49,83.48,1.43
2024-06-06 01:00:00,0.0,0.0,26.14,85.63,1.47
2024-06-06 02:00:00,0.0,0.0,25.76,88.15,1.38
2024-06-06 03:00:00,0.0,0.0,25.43,90.37,1.41
2024-06-06 04:00:00,0.0,0.0,25.16,92.2,1.57
2024-06-06 05:00:00,0.0,0.0,24.88,94.09,1.63
2024-06-06 06:00:00,83.55,87.85,25.49,91.94,2.39
2024-06-06 07:00:00,245.62,269.12,27.09,84.48,3.01
2024-06-06 08:00:00,458.12,483.3,29.19,72.9,3.72
2024-06-06 09:00:00,657.0,673.05,30.81,65.63,3.65
2024-06-06 10:00:00,803.83,812.33,31.81,61.99,3.59
2024-06-06 11:00:00,742.67,886.45,32.28,60.22,3.67
2024-06-06 12:00:00,721.45,898.5,32.74,58.58,3.81
2024-06-06 13:00:00,731.38,829.33,32.99,57.3,3.85
2024-06-06 14:00:00,638.17,694.22,33.1,56.44,3.84
2024-06-06 15:00:00,480.98,507.0,32.65,57.45,3.77
2024-06-06 16:00:00,266.6,291.75,31.81,60.35,3.51
2024-06-06 17:00:00,95.35,100.18,30.4,68.22,2.59
2024-06-06 18:00:00,0.0,0.0,28.57,78.0,2.01
2024-06-06 19:00:00,0.0,0.0,27.93,80.9,2.36
2024-06-06 20:00:00,0.0,0.0,27.48,83.21,2.61
2024-06-06 21:00:00,0.0,0.0,27.09,85.1,2.87
2024-06-06 22:00:00,0.0,0.0,26.66,87.3,2.9
2024-06-06 23:00:00,0.0,0.0,26.27,88.99,3.0
2024-06-07 00:00:00,0.0,0.0,25.92,90.29,3.07
2024-06-07 01:00:00,0.0,0.0,25.62,91.5,3.05
2024-06-07 02:00:00,0.0,0.0,25.38,92.41,2.98
2024-06-07 03:00:00,0.0,0.0,25.16,93.34,2.81
2024-06-07 04:00:00,0.0,0.0,24.95,94.25,2.65
2024-06-07 05:00:00,0.0,0.0,24.77,94.96,2.55
2024-06-07 06:00:00,56.38,88.62,25.24,92.54,3.0
2024-06-07 07:00:00,165.32,278.42,26.48,84.69,4.01
2024-06-07 08:00:00,301.38,495.05,28.17,73.5,4.41
2024-06-07 09:00:00,443.88,686.15,29.94,62.95,4.21
2024-06-07 10:00:00,499.17,826.22,31.55,54.57,3.85
2024-06-07 11:00:00,518.97,902.0,32.81,49.25,3.43
2024-06-07 12:00:00,667.62,891.12,33.7,46.53,3.08
2024-06-07 13:00:00,514.78,825.97,34.13,45.51,2.83
2024-06-07 14:00:00,358.45,691.75,34.09,45.79,2.62
2024-06-07 15:00:00,213.15,505.88,33.35,47.9,2.47
2024-06-07 16:00:00,145.2,291.33,32.2,51.86,2.26
2024-06-07 17:00:00,56.35,98.95,30.6,61.04,1.54
2024-06-07 18:00:00,0.0,0.0,28.73,73.99,0.95
2024-06-07 19:00:00,0.0,0.0,27.94,77.1,0.97
2024-06-07 20:00:00,0.0,0.0,27.39,79.11,1.04
2024-06-07 21:00:00,0.0,0.0,26.95,81.02,1.04
2024-06-07 22:00:00,0.0,0.0,26.6,83.01,0.91
2024-06-07 23:00:00,0.0,0.0,26.37,84.56,0.68
2024-06-08 00:00:00,0.0,0.0,26.21,85.44,0.51
2024-06-08 01:00:00,0.0,0.0,26.01,86.28,0.43
2024-06-08 02:00:00,0.0,0.0,25.79,87.19,0.4
2024-06-08 03:00:00,0.0,0.0,25.53,88.25,0.43
2024-06-08 04:00:00,0.0,0.0,25.23,89.07,0.53
2024-06-08 05:00:00,0.0,0.0,24.9,89.8,0.75
2024-06-08 06:00:00,76.97,87.35,25.42,86.94,1.86
2024-06-08 07:00:00,232.7,275.2,26.87,79.88,2.73
2024-06-08 08:00:00,432.1,489.95,29.29,66.28,3.23
2024-06-08 09:00:00,574.35,672.95,31.15,58.47,3.0
2024-06-08 10:00:00,617.53,810.9,32.7,52.97,2.47
2024-06-08 11:00:00,731.88,878.58,33.69,49.43,2.08
2024-06-08 12:00:00,696.42,875.8,34.17,47.8,2.06
2024-06-08 13:00:00,753.05,797.25,34.26,47.37,2.25
2024-06-08 14:00:00,556.4,652.88,34.0,48.05,2.49
2024-06-08 15:00:00,329.48,462.5,33.49,49.44,2.76
2024-06-08 16:00:00,172.98,253.38,32.62,51.96,3.0
2024-06-08 17:00:00,63.0,80.6,31.15,58.44,2.52
2024-06-08 18:00:00,2.08,2.62,29.31,66.96,1.78
2024-06-08 19:00:00,0.0,0.0,28.52,70.18,1.68
2024-06-08 20:00:00,0.0,0.0,27.98,72.59,1.47
2024-06-08 21:00:00,0.0,0.0,27.53,74.81,1.23
2024-06-08 22:00:00,0.0,0.0,27.16,76.72,1.06
2024-06-08 23:00:00,0.0,0.0,26.77,78.47,0.95
2024-06-09 00:00:00,0.0,0.0,26.39,80.11,0.89
2024-06-09 01:00:00,0.0,0.0,26.08,81.49,0.86
2024-06-09 02:00:00,0.0,0.0,25.79,82.88,0.88
2024-06-09 03:00:00,0.0,0.0,25.53,84.06,0.99
2024-06-09 04:00:00,0.0,0.0,25.29,85.24,1.22
2024-06-09 05:00:00,0.0,0.0,25.03,86.63,1.48
2024-06-09 06:00:00,77.07,88.93,25.68,83.63,2.34
2024-06-09 07:00:00,222.07,279.52,27.73,71.98,2.8
2024-06-09 08:00:00,401.02,498.1,30.09,60.51,3.1
2024-06-09 09:00:00,569.97,689.17,32.02,53.38,2.69
2024-06-09 10:00:00,679.22,828.2,33.53,48.86,2.07
2024-06-09 11:00:00,746.85,902.42,34.67,45.6,1.49
2024-06-09 12:00:00,724.6,890.7,35.44,43.19,1.16
2024-06-09 13:00:00,637.1,824.58,35.82,41.84,1.17
2024-06-09 14:00:00,545.75,690.72,35.72,41.85,1.41
2024-06-09 15:00:00,385.25,500.75,35.17,43.1,1.66
2024-06-09 16:00:00,219.52,287.23,34.21,46.28,1.79
2024-06-09 17:00:00,81.18,92.55,32.52,56.06,1.46
2024-06-09 18:00:00,2.83,2.95,30.11,68.64,1.32
2024-06-09 19:00:00,0.0,0.0,29.23,69.72,2.07
2024-06-09 20:00:00,0.0,0.0,28.57,72.36,2.82
2024-06-09 21:00:00,0.0,0.0,27.9,76.48,2.93
2024-06-09 22:00:00,0.0,0.0,27.4,79.62,2.87
2024-06-09 23:00:00,0.0,0.0,26.99,82.11,2.81
2024-06-10 00:00:00,0.0,0.0,26.62,84.27,2.74
2024-06-10 01:00:00,0.0,0.0,26.26,86.39,2.69
2024-06-10 02:00:00,0.0,0.0,25.98,88.14,2.63
2024-06-10 03:00:00,0.0,0.0,25.77,89.48,2.64
2024-06-10 04:00:00,0.0,0.0,25.57,90.73,2.62
2024-06-10 05:00:00,0.0,0.0,25.39,91.8,2.58
2024-06-10 06:00:00,61.47,88.5,25.82,89.86,2.97
2024-06-10 07:00:00,187.4,279.15,27.24,82.06,3.83
2024-06-10 08:00:00,344.2,493.15,29.03,72.32,4.33
2024-06-10 09:00:00,481.77,679.83,30.74,64.03,4.09
2024-06-10 10:00:00,650.28,815.08,32.1,58.48,3.54
2024-06-10 11:00:00,717.85,880.6,32.87,55.39,3.05
2024-06-10 12:00:00,793.4,880.38,33.15,53.86,2.75
2024-06-10 13:00:00,576.38,809.55,33.1,53.39,2.57
2024-06-10 14:00:00,388.9,664.05,32.81,53.71,2.48
2024-06-10 15:00:00,255.95,480.42,32.21,55.21,2.5
2024-06-10 16:00:00,148.9,268.38,31.49,58.25,2.41
2024-06-10 17:00:00,54.4,83.25,30.37,64.98,1.88
2024-06-10 18:00:00,2.65,2.8,28.98,71.82,1.55
2024-06-10 19:00:00,0.0,0.0,28.43,73.62,1.79
2024-06-10 20:00:00,0.0,0.0,28.01,75.28,1.97
2024-06-10 21:00:00,0.0,0.0,27.55,77.66,2.01
2024-06-10 22:00:00,0.0,0.0,27.09,80.31,2.08
2024-06-10 23:00:00,0.0,0.0,26.63,83.11,2.18
2024-06-11 00:00:00,0.0,0.0,26.19,85.85,2.19
2024-06-11 01:00:00,0.0,0.0,25.84,87.94,2.13
2024-06-11 02:00:00,0.0,0.0,25.59,89.15,2.12
2024-06-11 03:00:00,0.0,0.0,25.44,89.42,2.33
2024-06-11 04:00:00,0.0,0.0,25.27,89.97,2.5
2024-06-11 05:00:00,0.0,0.0,25.05,90.84,2.44
2024-06-11 06:00:00,74.35,84.8,25.43,88.75,2.84
2024-06-11 07:00:00,183.5,266.12,26.76,81.19,3.8
2024-06-11 08:00:00,327.25,482.3,28.46,71.84,4.21
2024-06-11 09:00:00,453.52,674.4,29.91,65.0,3.95
2024-06-11 10:00:00,600.2,816.83,31.15,59.95,3.6
2024-06-11 11:00:00,680.58,891.95,32.25,55.81,3.32
2024-06-11 12:00:00,795.95,902.15,32.87,53.42,3.15
2024-06-11 13:00:00,622.45,831.58,33.08,52.49,3.1
2024-06-11 14:00:00,628.35,694.55,32.95,52.69,3.03
2024-06-11 15:00:00,445.7,506.02,32.39,54.15,2.83
2024-06-11 16:00:00,249.73,289.77,31.78,56.02,2.54
2024-06-11 17:00:00,87.18,94.07,30.75,62.32,1.66
2024-06-11 18:00:00,3.05,3.12,28.9,73.08,1.01
2024-06-11 19:00:00,0.0,0.0,28.15,75.24,1.13
2024-06-11 20:00:00,0.0,0.0,27.65,76.67,1.3
2024-06-11 21:00:00,0.0,0.0,27.23,78.05,1.49
2024-06-11 22:00:00,0.0,0.0,26.88,79.68,1.65
2024-06-11 23:00:00,0.0,0.0,26.54,81.68,1.69
2024-06-12 00:00:00,0.0,0.0,26.14,84.26,1.52
2024-06-12 01:00:00,0.0,0.0,25.74,87.03,1.32
2024-06-12 02:00:00,0.0,0.0,25.4,89.35,1.23
2024-06-12 03:00:00,0.0,0.0,25.01,92.32,1.25
2024-06-12 04:00:00,0.0,0.0,24.7,94.23,1.47
2024-06-12 05:00:00,0.0,0.0,24.47,95.49,1.71
2024-06-12 06:00:00,67.88,85.55,24.95,94.21,2.37
2024-06-12 07:00:00,196.62,268.05,26.21,89.57,2.68
2024-06-12 08:00:00,374.15,482.4,28.13,78.98,3.15
2024-06-12 09:00:00,576.5,673.05,29.87,69.6,2.78
2024-06-12 10:00:00,788.33,812.62,31.11,64.02,2.15
2024-06-12 11:00:00,887.92,890.5,32.0,59.92,1.64
2024-06-12 12:00:00,929.83,939.3,32.55,56.93,1.32
2024-06-12 13:00:00,815.25,872.1,32.75,55.05,1.27
2024-06-12 14:00:00,722.2,740.15,32.65,54.25,1.4
2024-06-12 15:00:00,517.6,555.67,32.28,54.82,1.54
2024-06-12 16:00:00,302.05,337.45,31.65,56.91,1.54
2024-06-12 17:00:00,107.03,117.85,30.49,64.71,1.17
2024-06-12 18:00:00,3.4,3.6,28.55,77.64,0.8
2024-06-12 19:00:00,0.0,0.0,27.65,80.32,0.8
2024-06-12 20:00:00,0.0,0.0,27.06,81.49,0.83
2024-06-12 21:00:00,0.0,0.0,26.57,82.75,0.81
2024-06-12 22:00:00,0.0,0.0,26.21,83.72,0.76
2024-06-12 23:00:00,0.0,0.0,25.86,84.59,0.75
2024-06-13 00:00:00,0.0,0.0,25.53,85.41,0.76
2024-06-13 01:00:00,0.0,0.0,25.24,86.16,0.78
2024-06-13 02:00:00,0.0,0.0,25.0,86.88,0.81
2024-06-13 03:00:00,0.0,0.0,24.86,87.41,0.87
2024-06-13 04:00:00,0.0,0.0,24.72,87.92,0.99
2024-06-13 05:00:00,0.0,0.0,24.6,88.44,1.14
2024-06-13 06:00:00,100.82,102.53,25.6,83.81,2.19
2024-06-13 07:00:00,303.5,309.15,27.75,74.36,2.31
2024-06-13 08:00:00,525.47,528.17,30.66,61.03,2.38
2024-06-13 09:00:00,678.58,715.3,32.38,55.44,2.2
2024-06-13 10:00:00,722.03,850.95,33.56,52.28,1.99
2024-06-13 11:00:00,728.15,922.75,34.34,50.3,1.84
2024-06-13 12:00:00,744.17,928.22,34.76,49.27,1.77
2024-06-13 13:00:00,656.67,860.88,34.79,49.26,1.82
2024-06-13 14:00:00,564.83,729.08,34.47,50.28,1.85
2024-06-13 15:00:00,386.15,544.83,33.94,51.68,1.92
2024-06-13 16:00:00,254.88,326.92,32.91,55.38,1.97
2024-06-13 17:00:00,94.43,111.55,31.54,63.96,1.49
2024-06-13 18:00:00,3.38,3.55,29.69,77.26,0.98
2024-06-13 19:00:00,0.0,0.0,28.8,80.38,1.04
2024-06-13 20:00:00,0.0,0.0,28.2,81.33,1.29
2024-06-13 21:00:00,0.0,0.0,27.68,82.78,1.57
2024-06-13 22:00:00,0.0,0.0,27.27,84.8,1.81
2024-06-13 23:00:00,0.0,0.0,26.93,86.96,2.01
2024-06-14 00:00:00,0.0,0.0,26.61,89.28,2.11
2024-06-14 01:00:00,0.0,0.0,26.33,91.25,2.09
2024-06-14 02:00:00,0.0,0.0,26.11,92.67,2.04
2024-06-14 03:00:00,0.0,0.0,25.94,93.5,2.02
2024-06-14 04:00:00,0.0,0.0,25.79,94.11,2.02
2024-06-14 05:00:00,0.0,0.0,25.68,94.59,2.1
2024-06-14 06:00:00,89.43,95.07,26.02,92.67,2.72
2024-06-14 07:00:00,246.5,294.1,26.69,88.26,3.44
2024-06-14 08:00:00,401.42,510.95,27.49,82.14,4.02
2024-06-14 09:00:00,452.17,700.62,28.49,75.94,4.19
2024-06-14 10:00:00,591.42,836.65,29.41,71.35,4.06
2024-06-14 11:00:00,731.35,908.83,30.15,68.23,3.73
2024-06-14 12:00:00,735.22,868.17,30.77,65.81,3.34
2024-06-14 13:00:00,660.97,801.83,31.14,64.33,3.0
2024-06-14 14:00:00,529.65,671.58,31.38,63.46,2.84
2024-06-14 15:00:00,393.8,489.55,31.38,63.47,2.63
2024-06-14 16:00:00,185.4,279.45,30.8,66.3,2.26
2024-06-14 17:00:00,66.88,91.45,29.48,76.14,1.42
2024-06-14 18:00:00,2.53,3.25,27.8,85.84,1.04
2024-06-14 19:00:00,0.0,0.0,27.29,86.5,1.25
2024-06-14 20:00:00,0.0,0.0,26.97,86.96,1.51
2024-06-14 21:00:00,0.0,0.0,26.64,87.89,1.72
2024-06-14 22:00:00,0.0,0.0,26.32,89.43,1.79
2024-06-14 23:00:00,0.0,0.0,26.01,91.06,1.85
2024-06-15 00:00:00,0.0,0.0,25.71,92.69,1.87
2024-06-15 01:00:00,0.0,0.0,25.48,93.88,1.95
2024-06-15 02:00:00,0.0,0.0,25.29,94.73,2.08
2024-06-15 03:00:00,0.0,0.0,25.12,95.35,2.16
2024-06-15 04:00:00,0.0,0.0,24.97,95.62,2.17
2024-06-15 05:00:00,0.0,0.0,24.84,95.85,1.99
2024-06-15 06:00:00,70.93,84.03,25.16,94.25,2.1
2024-06-15 07:00:00,213.0,272.33,25.94,90.39,2.33
2024-06-15 08:00:00,383.25,490.95,27.06,83.58,2.8
2024-06-15 09:00:00,449.42,680.22,28.23,76.23,2.92
2024-06-15 10:00:00,411.95,818.47,29.11,71.87,2.75
2024-06-15 11:00:00,431.0,893.33,29.63,69.93,2.5
2024-06-15 12:00:00,400.33,903.4,30.04,68.32,2.16
2024-06-15 13:00:00,588.65,836.22,30.09,67.89,1.87
2024-06-15 14:00:00,473.62,703.55,30.0,68.15,1.69
2024-06-15 15:00:00,375.9,518.38,29.78,69.02,1.52
2024-06-15 16:00:00,224.88,299.25,29.36,72.93,1.11
2024-06-15 17:00:00,81.75,98.85,28.8,75.36,0.89
2024-06-15 18:00:00,3.28,3.5,27.6,85.87,0.52
2024-06-15 19:00:00,0.0,0.0,26.85,88.65,0.64
2024-06-15 20:00:00,0.0,0.0,26.25,90.51,0.78
2024-06-15 21:00:00,0.0,0.0,25.85,91.39,0.86
2024-06-15 22:00:00,0.0,0.0,25.52,92.42,0.83
2024-06-15 23:00:00,0.0,0.0,25.21,93.46,0.78
2024-06-16 00:00:00,0.0,0.0,24.89,94.26,0.82
2024-06-16 01:00:00,0.0,0.0,24.63,94.59,0.94
2024-06-16 02:00:00,0.0,0.0,24.46,94.73,1.11
2024-06-16 03:00:00,0.0,0.0,24.31,94.97,1.21
2024-06-16 04:00:00,0.0,0.0,24.19,95.26,1.2
2024-06-16 05:00:00,0.0,0.0,24.08,95.79,1.1
2024-06-16 06:00:00,67.2,84.82,24.44,94.56,1.52
2024-06-16 07:00:00,196.38,272.7,24.98,92.67,1.75
2024-06-16 08:00:00,367.48,494.95,25.88,88.06,1.87
2024-06-16 09:00:00,473.77,691.28,26.67,80.27,1.97
2024-06-16 10:00:00,482.15,830.8,27.25,74.11,1.88
2024-06-16 11:00:00,598.97,904.75,27.76,70.35,1.87
2024-06-16 12:00:00,674.83,923.17,28.12,67.67,1.96
2024-06-16 13:00:00,576.58,854.67,28.27,66.42,1.98
2024-06-16 14:00:00,455.58,721.1,28.24,66.14,2.0
2024-06-16 15:00:00,311.25,534.72,28.03,67.06,2.04
2024-06-16 16:00:00,189.25,320.7,27.59,70.17,1.87
2024-06-16 17:00:00,67.22,109.4,26.77,76.85,1.45
2024-06-16 18:00:00,2.12,3.7,25.31,87.85,0.83
2024-06-16 19:00:00,0.0,0.0,24.82,89.06,0.83
2024-06-16 20:00:00,0.0,0.0,24.51,89.75,0.83
2024-06-16 21:00:00,0.0,0.0,24.22,90.46,0.77
2024-06-16 22:00:00,0.0,0.0,24.04,90.36,0.69
2024-06-16 23:00:00,0.0,0.0,24.04,88.75,0.63
2024-06-17 00:00:00,0.0,0.0,24.07,86.67,0.48
2024-06-17 01:00:00,0.0,0.0,24.01,85.59,0.27
2024-06-17 02:00:00,0.0,0.0,23.59,87.77,0.26
2024-06-17 03:00:00,0.0,0.0,23.15,89.42,0.45
2024-06-17 04:00:00,0.0,0.0,22.63,92.18,0.55
2024-06-17 05:00:00,0.0,0.0,22.16,94.8,0.63
2024-06-17 06:00:00,81.55,89.43,23.19,91.89,1.23
2024-06-17 07:00:00,223.23,285.77,25.49,81.08,1.45
2024-06-17 08:00:00,384.77,507.4,28.08,69.5,1.37
2024-06-17 09:00:00,546.75,699.33,29.83,62.2,1.43
2024-06-17 10:00:00,639.28,842.47,31.23,56.02,1.48
2024-06-17 11:00:00,694.67,917.88,32.22,51.97,1.47
2024-06-17 12:00:00,781.53,940.47,32.93,49.63,1.41
2024-06-17 13:00:00,728.17,874.12,33.27,48.72,1.38
2024-06-17 14:00:00,651.33,743.28,33.21,49.07,1.44
2024-06-17 15:00:00,436.52,559.4,32.79,50.44,1.55
2024-06-17 16:00:00,239.5,340.67,32.09,52.96,1.53
2024-06-17 17:00:00,84.82,120.5,30.85,61.04,1.15
2024-06-17 18:00:00,3.28,4.03,28.92,75.74,0.74
2024-06-17 19:00:00,0.0,0.0,28.04,78.11,0.75
2024-06-17 20:00:00,0.0,0.0,27.43,79.19,0.8
2024-06-17 21:00:00,0.0,0.0,26.87,80.33,0.84
2024-06-17 22:00:00,0.0,0.0,26.28,81.64,0.87
2024-06-17 23:00:00,0.0,0.0,25.79,83.03,0.88
2024-06-18 00:00:00,0.0,0.0,25.38,84.36,0.87
2024-06-18 01:00:00,0.0,0.0,25.02,85.71,0.84
2024-06-18 02:00:00,0.0,0.0,24.73,86.94,0.8
2024-06-18 03:00:00,0.0,0.0,24.45,88.16,0.76
2024-06-18 04:00:00,0.0,0.0,24.15,89.42,0.74
2024-06-18 05:00:00,0.0,0.0,23.78,91.21,0.73
2024-06-18 06:00:00,88.55,89.0,24.77,86.92,1.57
2024-06-18 07:00:00,280.05,282.42,26.96,75.51,1.94
2024-06-18 08:00:00,496.83,499.33,29.86,61.81,2.13
2024-06-18 09:00:00,685.5,685.85,31.79,55.7,1.77
2024-06-18 10:00:00,806.3,822.65,33.1,52.2,1.5
2024-06-18 11:00:00,870.22,898.0,34.08,49.53,1.34
2024-06-18 12:00:00,927.15,932.5,34.73,47.65,1.31
2024-06-18 13:00:00,814.42,864.92,34.99,46.81,1.33
2024-06-18 14:00:00,650.95,732.8,34.75,47.19,1.36
2024-06-18 15:00:00,424.48,546.95,34.18,48.66,1.42
2024-06-18 16:00:00,233.57,328.2,33.34,51.85,1.31
2024-06-18 17:00:00,84.4,113.05,32.4,57.52,0.96
2024-06-18 18:00:00,3.55,4.03,30.69,67.68,0.64
2024-06-18 19:00:00,0.0,0.0,29.94,69.4,0.65
2024-06-18 20:00:00,0.0,0.0,29.25,71.86,0.68
2024-06-18 21:00:00,0.0,0.0,28.49,75.12,0.73
2024-06-18 22:00:00,0.0,0.0,27.81,78.56,0.79
2024-06-18 23:00:00,0.0,0.0,27.29,79.46,0.93
2024-06-19 00:00:00,0.0,0.0,26.86,80.16,1.17
2024-06-19 01:00:00,0.0,0.0,26.51,81.21,1.44
2024-06-19 02:00:00,0.0,0.0,26.22,82.73,1.73
2024-06-19 03:00:00,0.0,0.0,25.93,84.5,1.9
2024-06-19 04:00:00,0.0,0.0,25.62,86.46,1.98
2024-06-19 05:00:00,0.0,0.0,25.34,88.28,1.96
2024-06-19 06:00:00,8.12,86.8,25.82,86.41,2.5
2024-06-19 07:00:00,21.02,281.1,27.3,80.13,2.58
2024-06-19 08:00:00,33.6,495.75,29.63,67.68,3.38
2024-06-19 09:00:00,102.12,683.25,31.21,60.86,3.42
2024-06-19 10:00:00,334.73,820.7,32.27,56.99,3.21
2024-06-19 11:00:00,495.88,893.17,33.1,54.42,2.69
2024-06-19 12:00:00,777.17,883.58,33.62,52.88,2.1
2024-06-19 13:00:00,748.75,813.35,33.76,52.41,1.77
2024-06-19 14:00:00,629.1,680.78,33.23,53.89,1.71
2024-06-19 15:00:00,457.52,497.48,32.57,56.71,1.7
2024-06-19 16:00:00,257.27,286.9,31.67,63.21,1.48
2024-06-19 17:00:00,89.7,95.97,30.32,71.57,1.28
2024-06-19 18:00:00,3.72,3.72,28.74,77.71,1.21
2024-06-19 19:00:00,0.0,0.0,28.15,78.66,1.59
2024-06-19 20:00:00,0.0,0.0,27.7,80.17,1.89
2024-06-19 21:00:00,0.0,0.0,27.32,81.83,2.06
2024-06-19 22:00:00,0.0,0.0,26.98,83.63,2.16
2024-06-19 23:00:00,0.0,0.0,26.68,85.22,2.29
2024-06-20 00:00:00,0.0,0.0,26.36,87.02,2.38
2024-06-20 01:00:00,0.0,0.0,26.07,88.79,2.4
2024-06-20 02:00:00,0.0,0.0,25.85,90.25,2.37
2024-06-20 03:00:00,0.0,0.0,25.64,91.71,2.25
2024-06-20 04:00:00,0.0,0.0,25.45,92.91,2.15
2024-06-20 05:00:00,0.0,0.0,25.33,93.65,2.09
2024-06-20 06:00:00,56.17,81.97,25.72,91.79,2.48
2024-06-20 07:00:00,151.0,266.08,26.64,86.95,2.74
2024-06-20 08:00:00,246.32,480.38,27.93,79.4,3.23
2024-06-20 09:00:00,398.15,667.88,29.12,72.83,3.38
2024-06-20 10:00:00,570.15,806.38,30.21,67.73,3.25
2024-06-20 11:00:00,765.75,878.25,30.94,64.47,3.02
2024-06-20 12:00:00,709.5,855.35,31.36,62.88,2.85
2024-06-20 13:00:00,623.45,787.3,31.46,62.69,2.72
2024-06-20 14:00:00,555.55,654.35,31.28,63.65,2.63
2024-06-20 15:00:00,453.88,473.17,30.81,65.74,2.48
2024-06-20 16:00:00,229.23,269.4,30.03,70.03,2.21
2024-06-20 17:00:00,79.03,90.97,28.75,79.68,1.54
2024-06-20 18:00:00,3.33,3.75,27.37,87.86,1.3
2024-06-20 19:00:00,0.0,0.0,26.8,89.38,1.51
2024-06-20 20:00:00,0.0,0.0,26.42,90.31,1.63
2024-06-20 21:00:00,0.0,0.0,26.09,91.68,1.47
2024-06-20 22:00:00,0.0,0.0,25.86,92.92,1.22
2024-06-20 23:00:00,0.0,0.0,25.64,93.73,1.11
2024-06-21 00:00:00,0.0,0.0,25.45,94.0,1.18
2024-06-21 01:00:00,0.0,0.0,25.27,94.01,1.47
2024-06-21 02:00:00,0.0,0.0,25.12,94.11,1.81
2024-06-21 03:00:00,0.0,0.0,24.91,94.99,2.0
2024-06-21 04:00:00,0.0,0.0,24.69,96.13,1.76
2024-06-21 05:00:00,0.0,0.0,24.5,96.89,1.31
2024-06-21 06:00:00,73.65,85.18,25.06,94.57,1.7
2024-06-21 07:00:00,225.07,280.2,26.25,89.36,2.05
2024-06-21 08:00:00,400.27,495.95,28.07,79.14,2.63
2024-06-21 09:00:00,585.6,684.7,29.5,70.62,2.73
2024-06-21 10:00:00,717.5,822.65,29.99,67.9,2.73
2024-06-21 11:00:00,783.65,896.1,30.23,66.71,2.78
2024-06-21 12:00:00,670.42,899.05,30.27,66.49,2.91
2024-06-21 13:00:00,730.88,832.08,30.19,66.85,3.06
2024-06-21 14:00:00,536.38,696.08,29.93,68.16,2.99
2024-06-21 15:00:00,366.4,510.15,29.5,70.57,2.75
2024-06-21 16:00:00,183.48,294.95,28.83,75.29,2.36
2024-06-21 17:00:00,69.22,98.62,27.74,83.34,1.77
2024-06-21 18:00:00,2.85,3.92,26.52,89.44,1.69
2024-06-21 19:00:00,0.0,0.0,26.07,91.08,2.14
2024-06-21 20:00:00,0.0,0.0,25.67,92.52,2.34
2024-06-21 21:00:00,0.0,0.0,25.27,93.68,2.18
2024-06-21 22:00:00,0.0,0.0,24.89,94.56,1.81
2024-06-21 23:00:00,0.0,0.0,24.52,95.38,1.38
2024-06-22 00:00:00,0.0,0.0,24.19,96.02,0.93
2024-06-22 01:00:00,0.0,0.0,23.98,96.01,0.62
2024-06-22 02:00:00,0.0,0.0,23.94,94.62,0.49
2024-06-22 03:00:00,0.0,0.0,23.94,93.03,0.46
2024-06-22 04:00:00,0.0,0.0,23.81,92.65,0.45
2024-06-22 05:00:00,0.0,0.0,23.68,92.44,0.45
2024-06-22 06:00:00,79.93,80.97,24.21,91.42,0.6
2024-06-22 07:00:00,266.58,269.92,25.33,85.25,1.19
2024-06-22 08:00:00,490.1,490.38,27.92,64.54,1.85
2024-06-22 09:00:00,685.6,686.7,30.16,53.15,2.32
2024-06-22 10:00:00,830.28,830.55,31.81,48.43,2.67
2024-06-22 11:00:00,907.72,909.6,32.88,46.42,2.92
2024-06-22 12:00:00,930.0,934.42,33.46,45.73,3.06
2024-06-22 13:00:00,746.47,868.1,33.6,46.1,3.12
2024-06-22 14:00:00,698.95,735.85,33.38,47.31,3.04
2024-06-22 15:00:00,533.83,550.35,32.83,49.35,2.88
2024-06-22 16:00:00,318.95,330.6,31.79,53.77,2.62
2024-06-22 17:00:00,113.4,115.0,30.01,65.57,1.8
2024-06-22 18:00:00,4.32,4.35,27.93,75.73,1.4
2024-06-22 19:00:00,0.0,0.0,27.13,77.75,1.52
2024-06-22 20:00:00,0.0,0.0,26.6,79.39,1.52
2024-06-22 21:00:00,0.0,0.0,26.09,81.06,1.49
2024-06-22 22:00:00,0.0,0.0,25.65,82.59,1.49
2024-06-22 23:00:00,0.0,0.0,25.25,84.02,1.54
2024-06-23 00:00:00,0.0,0.0,24.87,85.6,1.62
2024-06-23 01:00:00,0.0,0.0,24.48,87.53,1.67
2024-06-23 02:00:00,0.0,0.0,24.1,89.61,1.61
2024-06-23 03:00:00,0.0,0.0,23.73,91.84,1.42
2024-06-23 04:00:00,0.0,0.0,23.43,93.64,1.22
2024-06-23 05:00:00,0.0,0.0,23.22,94.68,1.15
2024-06-23 06:00:00,84.12,85.35,24.1,90.29,2.12
2024-06-23 07:00:00,263.75,279.2,26.19,79.8,2.6
2024-06-23 08:00:00,480.58,496.4,28.96,65.58,3.45
2024-06-23 09:00:00,607.65,686.72,30.85,58.24,3.36
2024-06-23 10:00:00,659.58,826.95,32.3,53.79,3.15
2024-06-23 11:00:00,705.08,903.08,33.34,50.96,2.69
2024-06-23 12:00:00,812.03,910.3,33.96,49.5,2.37
2024-06-23 13:00:00,682.65,845.85,34.15,49.12,2.44
2024-06-23 14:00:00,627.83,715.4,33.84,50.22,2.59
2024-06-23 15:00:00,452.23,532.9,33.01,52.56,2.69
2024-06-23 16:00:00,278.73,318.42,31.98,55.97,2.66
2024-06-23 17:00:00,103.65,110.8,30.54,63.72,1.98
2024-06-23 18:00:00,4.25,4.35,28.67,73.01,1.25
2024-06-23 19:00:00,0.0,0.0,27.9,75.47,1.14
2024-06-23 20:00:00,0.0,0.0,27.42,77.02,1.03
2024-06-23 21:00:00,0.0,0.0,27.04,78.12,0.99
2024-06-23 22:00:00,0.0,0.0,26.72,78.94,0.98
2024-06-23 23:00:00,0.0,0.0,26.39,79.73,1.03
2024-06-24 00:00:00,0.0,0.0,26.03,80.73,1.15
2024-06-24 01:00:00,0.0,0.0,25.73,81.71,1.33
2024-06-24 02:00:00,0.0,0.0,25.46,83.05,1.57
2024-06-24 03:00:00,0.0,0.0,25.17,85.07,1.76
2024-06-24 04:00:00,0.0,0.0,24.82,87.82,1.82
2024-06-24 05:00:00,0.0,0.0,24.48,90.67,1.81
2024-06-24 06:00:00,82.32,82.47,25.2,88.32,2.47
2024-06-24 07:00:00,258.08,258.7,27.65,75.76,3.03
2024-06-24 08:00:00,465.02,466.17,30.19,64.16,3.36
2024-06-24 09:00:00,615.42,661.42,31.87,58.02,3.09
2024-06-24 10:00:00,551.3,803.88,33.04,54.62,2.75
2024-06-24 11:00:00,499.67,877.5,33.68,52.84,2.51
2024-06-24 12:00:00,227.88,885.33,33.68,52.84,2.47
2024-06-24 13:00:00,169.18,813.53,33.51,53.41,2.56
2024-06-24 14:00:00,133.2,677.1,33.03,54.75,2.58
2024-06-24 15:00:00,154.5,490.9,32.33,56.84,2.42
2024-06-24 16:00:00,93.07,280.27,31.58,59.78,2.13
2024-06-24 17:00:00,29.98,91.4,30.41,67.52,1.38
2024-06-24 18:00:00,1.67,3.85,28.84,75.54,0.96
2024-06-24 19:00:00,0.0,0.0,28.22,76.93,1.06
2024-06-24 20:00:00,0.0,0.0,27.8,78.02,1.15
2024-06-24 21:00:00,0.0,0.0,27.4,79.45,1.18
2024-06-24 22:00:00,0.0,0.0,27.03,80.94,1.21
2024-06-24 23:00:00,0.0,0.0,26.66,82.47,1.27
2024-06-25 00:00:00,0.0,0.0,26.26,84.34,1.34
2024-06-25 01:00:00,0.0,0.0,25.87,86.58,1.44
2024-06-25 02:00:00,0.0,0.0,25.51,88.77,1.47
2024-06-25 03:00:00,0.0,0.0,25.27,90.43,1.55
2024-06-25 04:00:00,0.0,0.0,25.08,91.78,1.72
2024-06-25 05:00:00,0.0,0.0,24.91,93.08,1.96
2024-06-25 06:00:00,43.1,70.47,25.43,91.33,2.76
2024-06-25 07:00:00,128.75,246.98,26.84,84.95,3.22
2024-06-25 08:00:00,223.68,458.8,28.45,76.95,3.6
2024-06-25 09:00:00,313.45,650.08,29.48,72.74,3.53
2024-06-25 10:00:00,334.5,792.83,30.03,71.2,3.33
2024-06-25 11:00:00,404.83,872.85,30.4,70.21,3.17
2024-06-25 12:00:00,482.08,883.03,30.67,68.83,3.03
2024-06-25 13:00:00,454.02,820.38,30.75,68.49,2.77
2024-06-25 14:00:00,466.4,692.0,30.59,69.53,2.29
2024-06-25 15:00:00,369.23,506.62,30.07,72.39,1.74
2024-06-25 16:00:00,213.68,296.58,29.54,77.49,1.14
2024-06-25 17:00:00,80.43,101.93,28.75,79.24,1.04
2024-06-25 18:00:00,3.78,4.28,27.42,89.87,0.61
2024-06-25 19:00:00,0.0,0.0,26.83,90.88,0.69
2024-06-25 20:00:00,0.0,0.0,26.43,91.71,0.75
2024-06-25 21:00:00,0.0,0.0,26.1,92.4,0.79
2024-06-25 22:00:00,0.0,0.0,25.8,93.04,0.82
2024-06-25 23:00:00,0.0,0.0,25.51,93.62,0.86
2024-06-26 00:00:00,0.0,0.0,25.24,94.16,0.88
2024-06-26 01:00:00,0.0,0.0,25.02,94.46,0.94
2024-06-26 02:00:00,0.0,0.0,24.81,94.53,1.1
2024-06-26 03:00:00,0.0,0.0,24.68,94.1,1.55
2024-06-26 04:00:00,0.0,0.0,24.54,93.87,2.23
2024-06-26 05:00:00,0.0,0.0,24.3,94.89,2.52
2024-06-26 06:00:00,69.8,80.22,24.6,93.95,2.63
2024-06-26 07:00:00,218.9,273.25,25.98,87.96,2.55
2024-06-26 08:00:00,389.45,489.8,28.29,74.3,2.88
2024-06-26 09:00:00,576.78,676.97,30.03,64.41,2.92
2024-06-26 10:00:00,737.65,817.72,31.21,59.33,2.71
2024-06-26 11:00:00,837.88,891.15,31.96,56.52,2.52
2024-06-26 12:00:00,861.75,904.33,32.37,55.2,2.47
2024-06-26 13:00:00,774.78,836.35,32.35,55.26,2.48
2024-06-26 14:00:00,685.58,700.72,31.99,56.67,2.49
2024-06-26 15:00:00,499.67,511.1,31.46,58.92,2.47
2024-06-26 16:00:00,280.17,292.52,30.58,63.13,2.3
2024-06-26 17:00:00,95.45,97.28,29.22,72.43,1.71
2024-06-26 18:00:00,4.18,4.12,27.28,84.51,1.16
2024-06-26 19:00:00,0.0,0.0,26.57,86.37,1.26
2024-06-26 20:00:00,0.0,0.0,26.19,87.3,1.39
2024-06-26 21:00:00,0.0,0.0,25.88,88.4,1.44
2024-06-26 22:00:00,0.0,0.0,25.62,89.4,1.46
2024-06-26 23:00:00,0.0,0.0,25.37,90.27,1.54
2024-06-27 00:00:00,0.0,0.0,25.14,91.21,1.66
2024-06-27 01:00:00,0.0,0.0,24.92,92.19,1.84
2024-06-27 02:00:00,0.0,0.0,24.71,93.41,1.97
2024-06-27 03:00:00,0.0,0.0,24.5,94.56,2.0
2024-06-27 04:00:00,0.0,0.0,24.35,95.27,1.93
2024-06-27 05:00:00,0.0,0.0,24.25,95.56,1.82
2024-06-27 06:00:00,55.5,67.5,24.79,93.18,2.31
2024-06-27 07:00:00,136.55,228.95,26.04,87.26,2.78
2024-06-27 08:00:00,275.35,441.7,27.76,77.79,3.11
2024-06-27 09:00:00,143.65,630.1,29.15,71.22,2.91
2024-06-27 10:00:00,62.15,770.6,30.29,67.07,2.74
2024-06-27 11:00:00,66.2,848.7,30.97,64.46,2.72
2024-06-27 12:00:00,179.45,898.38,31.48,62.81,2.62
2024-06-27 13:00:00,453.5,828.38,31.62,62.38,2.26
2024-06-27 14:00:00,443.5,694.45,31.37,63.53,1.96
2024-06-27 15:00:00,302.98,510.2,30.79,66.14,1.94
2024-06-27 16:00:00,148.75,297.58,29.91,72.22,1.55
2024-06-27 17:00:00,44.45,99.82,28.8,79.58,1.26
2024-06-27 18:00:00,1.4,4.3,27.47,87.89,0.87
2024-06-27 19:00:00,0.0,0.0,26.99,88.4,0.96
2024-06-27 20:00:00,0.0,0.0,26.66,88.35,1.13
2024-06-27 21:00:00,0.0,0.0,26.38,87.62,1.44
2024-06-27 22:00:00,0.0,0.0,26.14,86.69,1.87
2024-06-27 23:00:00,0.0,0.0,25.9,86.52,2.24
2024-06-28 00:00:00,0.0,0.0,25.56,87.89,2.36
2024-06-28 01:00:00,0.0,0.0,25.22,89.7,2.35
2024-06-28 02:00:00,0.0,0.0,24.93,91.4,2.38
2024-06-28 03:00:00,0.0,0.0,24.69,92.87,2.37
2024-06-28 04:00:00,0.0,0.0,24.46,94.18,2.27
2024-06-28 05:00:00,0.0,0.0,24.29,95.01,2.02
2024-06-28 06:00:00,61.1,68.22,24.78,92.91,2.48
2024-06-28 07:00:00,179.05,236.57,26.18,86.18,3.19
2024-06-28 08:00:00,344.6,448.05,28.03,76.64,3.99
2024-06-28 09:00:00,498.85,641.03,29.44,70.67,4.25
2024-06-28 10:00:00,607.38,786.1,30.41,67.04,4.35
2024-06-28 11:00:00,665.65,873.17,31.16,64.58,4.26
2024-06-28 12:00:00,680.83,885.17,31.87,62.34,4.04
2024-06-28 13:00:00,640.65,825.03,32.26,60.86,3.77
2024-06-28 14:00:00,544.15,693.38,32.21,60.48,3.53
2024-06-28 15:00:00,459.33,511.6,31.76,61.43,3.2
2024-06-28 16:00:00,275.95,299.12,30.93,64.9,2.75
2024-06-28 17:00:00,100.1,102.53,29.65,73.84,1.73
2024-06-28 18:00:00,4.45,4.4,27.9,83.06,1.13
2024-06-28 19:00:00,0.0,0.0,27.27,84.87,1.12
2024-06-28 20:00:00,0.0,0.0,26.87,85.98,1.13
2024-06-28 21:00:00,0.0,0.0,26.52,87.04,1.13
2024-06-28 22:00:00,0.0,0.0,26.22,88.01,1.17
2024-06-28 23:00:00,0.0,0.0,25.97,88.69,1.27
2024-06-29 00:00:00,0.0,0.0,25.73,89.58,1.39
2024-06-29 01:00:00,0.0,0.0,25.44,90.94,1.41
2024-06-29 02:00:00,0.0,0.0,25.09,92.72,1.35
2024-06-29 03:00:00,0.0,0.0,24.76,94.44,1.4
2024-06-29 04:00:00,0.0,0.0,24.5,95.7,1.63
2024-06-29 05:00:00,0.0,0.0,24.32,96.34,1.74
2024-06-29 06:00:00,69.0,71.78,25.0,92.91,2.41
2024-06-29 07:00:00,220.05,249.43,26.48,85.6,3.03
2024-06-29 08:00:00,382.77,463.45,28.36,75.65,3.5
2024-06-29 09:00:00,494.27,656.38,29.89,69.1,3.21
2024-06-29 10:00:00,624.3,800.12,31.1,64.53,2.83
2024-06-29 11:00:00,766.72,878.8,31.98,61.13,2.4
2024-06-29 12:00:00,722.53,878.4,32.5,58.91,2.02
2024-06-29 13:00:00,731.3,811.33,32.64,57.88,1.73
2024-06-29 14:00:00,537.45,677.33,32.38,57.97,1.47
2024-06-29 15:00:00,404.38,492.2,31.92,59.34,1.44
2024-06-29 16:00:00,219.55,281.77,31.16,63.73,1.37
2024-06-29 17:00:00,81.05,96.05,30.01,70.94,1.27
2024-06-29 18:00:00,3.3,4.32,28.09,85.41,0.87
2024-06-29 19:00:00,0.0,0.0,27.34,86.3,1.08
2024-06-29 20:00:00,0.0,0.0,26.86,86.94,1.26
2024-06-29 21:00:00,0.0,0.0,26.44,88.17,1.36
2024-06-29 22:00:00,0.0,0.0,26.11,89.42,1.45
2024-06-29 23:00:00,0.0,0.0,25.8,90.68,1.63
2024-06-30 00:00:00,0.0,0.0,25.47,92.05,1.86
2024-06-30 01:00:00,0.0,0.0,25.18,93.43,1.91
2024-06-30 02:00:00,0.0,0.0,24.95,94.71,1.73
2024-06-30 03:00:00,0.0,0.0,24.74,95.77,1.45
2024-06-30 04:00:00,0.0,0.0,24.55,96.43,1.27
2024-06-30 05:00:00,0.0,0.0,24.4,96.72,1.22
2024-06-30 06:00:00,25.88,74.68,24.68,95.31,1.65
2024-06-30 07:00:00,120.93,262.73,25.2,92.93,2.13
2024-06-30 08:00:00,217.2,481.58,26.11,86.23,2.37
2024-06-30 09:00:00,260.73,675.25,27.11,78.21,2.34
2024-06-30 10:00:00,470.1,815.33,28.11,71.32,2.16
2024-06-30 11:00:00,538.45,891.92,29.0,66.06,2.25
2024-06-30 12:00:00,675.12,893.6,29.57,63.35,2.35
2024-06-30 13:00:00,683.5,825.78,29.72,62.63,2.39
2024-06-30 14:00:00,669.1,693.75,29.44,63.55,2.38
2024-06-30 15:00:00,484.1,509.95,29.01,65.22,2.34
2024-06-30 16:00:00,278.88,298.4,28.34,68.45,2.16
2024-06-30 17:00:00,98.1,102.5,27.28,76.33,1.47
2024-06-30 18:00:00,4.53,4.57,26.12,82.91,1.1
2024-06-30 19:00:00,0.0,0.0,25.64,84.45,1.18
2024-06-30 20:00:00,0.0,0.0,25.3,85.59,1.21
2024-06-30 21:00:00,0.0,0.0,24.98,86.98,1.15
2024-06-30 22:00:00,0.0,0.0,24.68,88.39,1.08
2024-06-30 23:00:00,0.0,0.0,24.41,89.5,1.08
2024-07-01 00:00:00,0.0,0.0,24.21,90.44,1.11
2024-07-01 01:00:00,0.0,0.0,24.01,91.49,1.11
2024-07-01 02:00:00,0.0,0.0,23.81,92.8,1.05
2024-07-01 03:00:00,0.0,0.0,23.66,93.85,0.97
2024-07-01 04:00:00,0.0,0.0,23.55,94.77,0.92
2024-07-01 05:00:00,0.0,0.0,23.47,95.54,0.9
2024-07-01 06:00:00,71.4,75.32,24.32,91.85,1.87
2024-07-01 07:00:00,232.7,264.73,25.88,84.48,2.61
2024-07-01 08:00:00,428.45,480.9,27.57,75.95,2.92
2024-07-01 09:00:00,627.65,672.75,29.04,69.01,2.86
2024-07-01 10:00:00,770.15,815.83,30.31,63.28,2.8
2024-07-01 11:00:00,825.75,894.47,31.5,58.51,2.72
2024-07-01 12:00:00,780.62,915.67,32.34,55.41,2.62
2024-07-01 13:00:00,636.78,852.55,32.84,53.58,2.56
2024-07-01 14:00:00,556.0,723.7,32.87,52.96,2.51
2024-07-01 15:00:00,482.62,541.03,32.5,53.54,2.42
2024-07-01 16:00:00,287.85,324.67,31.73,55.79,2.23
2024-07-01 17:00:00,107.68,114.47,30.35,64.23,1.53
2024-07-01 18:00:00,4.78,4.88,28.23,75.81,1.0
2024-07-01 19:00:00,0.0,0.0,27.45,76.88,1.13
2024-07-01 20:00:00,0.0,0.0,26.99,77.63,1.29
2024-07-01 21:00:00,0.0,0.0,26.63,78.29,1.43
2024-07-01 22:00:00,0.0,0.0,26.29,79.19,1.62
2024-07-01 23:00:00,0.0,0.0,25.96,80.26,1.89
2024-07-02 00:00:00,0.0,0.0,25.55,82.29,2.16
2024-07-02 01:00:00,0.0,0.0,25.1,84.97,2.34
2024-07-02 02:00:00,0.0,0.0,24.67,88.01,2.43
2024-07-02 03:00:00,0.0,0.0,24.28,90.85,2.39
2024-07-02 04:00:00,0.0,0.0,24.02,92.65,2.33
2024-07-02 05:00:00,0.0,0.0,23.85,93.63,2.19
2024-07-02 06:00:00,74.0,74.25,24.49,90.51,2.64
2024-07-02 07:00:00,258.33,259.88,26.46,81.06,3.51
2024-07-02 08:00:00,473.05,474.7,28.58,71.74,4.24
2024-07-02 09:00:00,666.28,667.08,30.02,65.98,4.15
2024-07-02 10:00:00,808.97,812.0,30.89,62.67,3.81
2024-07-02 11:00:00,881.8,890.35,31.56,60.25,3.5
2024-07-02 12:00:00,884.6,901.6,32.12,58.38,3.22
2024-07-02 13:00:00,645.05,834.8,32.38,57.38,2.98
2024-07-02 14:00:00,616.1,701.2,32.34,57.41,2.78
2024-07-02 15:00:00,474.38,514.22,31.87,59.0,2.61
2024-07-02 16:00:00,273.33,298.1,31.33,61.78,2.37
2024-07-02 17:00:00,97.05,102.05,30.01,71.37,1.5
2024-07-02 18:00:00,4.55,4.65,28.37,78.7,1.21
2024-07-02 19:00:00,0.0,0.0,27.88,79.75,1.45
2024-07-02 20:00:00,0.0,0.0,27.62,80.15,1.81
2024-07-02 21:00:00,0.0,0.0,27.35,81.13,2.1
2024-07-02 22:00:00,0.0,0.0,27.1,82.04,2.33
2024-07-02 23:00:00,0.0,0.0,26.84,82.92,2.63
2024-07-03 00:00:00,0.0,0.0,26.64,83.52,3.11
2024-07-03 01:00:00,0.0,0.0,26.31,85.2,3.31
2024-07-03 02:00:00,0.0,0.0,25.91,87.44,3.24
2024-07-03 03:00:00,0.0,0.0,25.61,88.81,3.17
2024-07-03 04:00:00,0.0,0.0,25.29,90.13,2.91
2024-07-03 05:00:00,0.0,0.0,24.99,91.25,2.7
2024-07-03 06:00:00,29.3,66.28,25.29,89.69,3.2
2024-07-03 07:00:00,94.1,243.43,26.2,84.76,4.06
2024-07-03 08:00:00,168.98,454.52,26.95,80.01,4.42
2024-07-03 09:00:00,262.65,647.47,27.67,76.29,4.26
2024-07-03 10:00:00,324.17,791.88,28.2,73.93,3.94
2024-07-03 11:00:00,381.58,872.5,28.48,72.98,3.61
2024-07-03 12:00:00,417.9,915.67,28.48,73.25,3.25
2024-07-03 13:00:00,477.77,849.62,28.23,74.28,2.86
2024-07-03 14:00:00,492.5,717.03,27.87,75.81,2.48
2024-07-03 15:00:00,413.73,526.38,27.48,78.31,2.1
2024-07-03 16:00:00,244.35,311.35,27.0,82.48,1.56
2024-07-03 17:00:00,88.7,110.05,26.29,86.66,1.3
2024-07-03 18:00:00,4.38,4.97,25.29,92.82,0.9
2024-07-03 19:00:00,0.0,0.0,24.91,93.6,1.04
2024-07-03 20:00:00,0.0,0.0,24.66,94.42,1.07
2024-07-03 21:00:00,0.0,0.0,24.42,95.27,1.02
2024-07-03 22:00:00,0.0,0.0,24.19,95.98,0.92
2024-07-03 23:00:00,0.0,0.0,23.95,96.58,0.89
2024-07-04 00:00:00,0.0,0.0,23.7,97.29,1.03
2024-07-04 01:00:00,0.0,0.0,23.56,97.7,1.38
2024-07-04 02:00:00,0.0,0.0,23.63,97.18,1.98
2024-07-04 03:00:00,0.0,0.0,23.6,97.05,2.18
2024-07-04 04:00:00,0.0,0.0,23.47,97.24,1.97
2024-07-04 05:00:00,0.0,0.0,23.36,97.43,1.72
2024-07-04 06:00:00,46.25,74.18,24.04,95.5,2.27
2024-07-04 07:00:00,153.38,266.88,25.09,91.76,2.86
2024-07-04 08:00:00,281.3,483.5,26.56,82.96,3.7
2024-07-04 09:00:00,310.35,675.08,28.3,72.29,3.88
2024-07-04 10:00:00,455.45,816.83,29.52,65.71,3.58
2024-07-04 11:00:00,505.25,893.95,30.4,61.91,3.27
2024-07-04 12:00:00,474.8,913.9,30.95,59.67,3.0
2024-07-04 13:00:00,465.88,848.38,31.23,58.55,2.76
2024-07-04 14:00:00,373.9,717.8,31.14,58.51,2.56
2024-07-04 15:00:00,302.0,529.78,30.81,59.22,2.43
2024-07-04 16:00:00,186.38,313.95,30.08,61.87,2.19
2024-07-04 17:00:00,80.43,109.68,28.94,69.27,1.55
2024-07-04 18:00:00,4.47,4.88,27.07,81.43,0.95
2024-07-04 19:00:00,0.0,0.0,26.28,83.09,0.98
2024-07-04 20:00:00,0.0,0.0,25.84,83.93,1.02
2024-07-04 21:00:00,0.0,0.0,25.44,84.87,1.03
2024-07-04 22:00:00,0.0,0.0,25.05,85.89,1.05
2024-07-04 23:00:00,0.0,0.0,24.72,86.83,1.08
2024-07-05 00:00:00,0.0,0.0,24.42,87.9,1.1
2024-07-05 01:00:00,0.0,0.0,24.14,89.04,1.09
2024-07-05 02:00:00,0.0,0.0,23.89,90.36,1.03
2024-07-05 03:00:00,0.0,0.0,23.74,91.34,0.98
2024-07-05 04:00:00,0.0,0.0,23.56,92.24,1.0
2024-07-05 05:00:00,0.0,0.0,23.28,93.77,0.98
2024-07-05 06:00:00,59.1,76.95,24.04,90.4,1.85
2024-07-05 07:00:00,212.23,274.4,26.23,79.98,2.46
2024-07-05 08:00:00,400.77,496.05,28.5,70.13,2.9
2024-07-05 09:00:00,638.12,692.33,30.02,64.68,2.6
2024-07-05 10:00:00,726.85,835.28,31.22,60.9,2.14
2024-07-05 11:00:00,787.55,911.4,32.09,58.19,1.74
2024-07-05 12:00:00,712.9,882.67,32.74,55.9,1.4
2024-07-05 13:00:00,694.55,818.72,33.07,54.14,1.05
2024-07-05 14:00:00,542.47,689.0,33.06,53.09,0.72
2024-07-05 15:00:00,349.85,506.6,32.63,53.23,0.42
2024-07-05 16:00:00,196.32,296.12,32.05,54.79,0.38
2024-07-05 17:00:00,70.7,100.3,31.39,58.86,0.57
2024-07-05 18:00:00,3.95,4.65,29.65,71.09,0.63
2024-07-05 19:00:00,0.0,0.0,28.34,77.5,0.75
2024-07-05 20:00:00,0.0,0.0,27.6,78.04,1.0
2024-07-05 21:00:00,0.0,0.0,27.04,78.36,1.25
2024-07-05 22:00:00,0.0,0.0,26.55,79.5,1.45
2024-07-05 23:00:00,0.0,0.0,26.11,81.07,1.57
2024-07-06 00:00:00,0.0,0.0,25.74,82.63,1.64
2024-07-06 01:00:00,0.0,0.0,25.39,84.28,1.67
2024-07-06 02:00:00,0.0,0.0,25.08,85.88,1.75
2024-07-06 03:00:00,0.0,0.0,24.81,87.33,1.89
2024-07-06 04:00:00,0.0,0.0,24.55,88.76,2.05
2024-07-06 05:00:00,0.0,0.0,24.3,90.34,2.12
2024-07-06 06:00:00,30.1,68.45,24.74,88.84,2.6
2024-07-06 07:00:00,118.05,254.05,26.36,81.05,2.8
2024-07-06 08:00:00,233.85,470.15,28.26,71.76,3.19
2024-07-06 09:00:00,304.05,664.3,29.6,66.26,3.19
2024-07-06 10:00:00,472.33,809.2,30.26,64.06,3.05
2024-07-06 11:00:00,574.35,890.88,30.53,63.51,2.87
2024-07-06 12:00:00,563.33,893.95,30.61,63.64,2.6
2024-07-06 13:00:00,563.1,833.9,30.3,65.15,2.24
2024-07-06 14:00:00,518.12,708.38,29.73,67.89,1.95
2024-07-06 15:00:00,440.42,525.67,29.03,71.77,1.86
2024-07-06 16:00:00,262.58,315.27,28.21,77.91,1.7
2024-07-06 17:00:00,94.55,112.43,27.24,84.29,1.45
2024-07-06 18:00:00,4.3,5.05,26.15,90.8,1.06
2024-07-06 19:00:00,0.0,0.0,25.73,92.0,1.12
2024-07-06 20:00:00,0.0,0.0,25.47,92.66,1.12
2024-07-06 21:00:00,0.0,0.0,25.25,93.09,1.11
2024-07-06 22:00:00,0.0,0.0,25.03,93.5,1.09
2024-07-06 23:00:00,0.0,0.0,24.8,93.7,1.06
2024-07-07 00:00:00,0.0,0.0,24.55,94.09,1.02
2024-07-07 01:00:00,0.0,0.0,24.35,94.3,1.0
2024-07-07 02:00:00,0.0,0.0,24.18,94.56,1.03
2024-07-07 03:00:00,0.0,0.0,23.99,95.05,1.04
2024-07-07 04:00:00,0.0,0.0,23.82,95.6,1.02
2024-07-07 05:00:00,0.0,0.0,23.65,96.43,1.04
2024-07-07 06:00:00,36.47,73.43,24.22,94.54,1.86
2024-07-07 07:00:00,138.85,269.27,25.38,90.42,2.26
2024-07-07 08:00:00,270.15,486.65,27.38,79.4,2.79
2024-07-07 09:00:00,418.9,679.58,29.19,68.24,3.02
2024-07-07 10:00:00,487.98,823.47,30.33,62.86,3.09
2024-07-07 11:00:00,565.67,902.2,30.84,60.88,3.12
2024-07-07 12:00:00,498.73,851.58,31.06,60.4,3.16
2024-07-07 13:00:00,590.4,791.9,31.14,60.3,3.12
2024-07-07 14:00:00,410.0,664.47,30.99,60.83,3.06
2024-07-07 15:00:00,239.9,486.4,30.57,62.25,2.85
2024-07-07 16:00:00,156.73,284.8,29.88,65.79,2.41
2024-07-07 17:00:00,57.4,97.05,28.66,75.56,1.52
2024-07-07 18:00:00,3.5,4.62,26.99,85.3,1.04
2024-07-07 19:00:00,0.0,0.0,26.4,86.92,1.12
2024-07-07 20:00:00,0.0,0.0,26.03,88.16,1.18
2024-07-07 21:00:00,0.0,0.0,25.72,89.66,1.17
2024-07-07 22:00:00,0.0,0.0,25.43,91.28,1.09
2024-07-07 23:00:00,0.0,0.0,25.22,92.55,1.05
2024-07-08 00:00:00,0.0,0.0,25.03,93.86,0.98
2024-07-08 01:00:00,0.0,0.0,24.86,94.88,0.96
2024-07-08 02:00:00,0.0,0.0,24.7,95.73,0.97
2024-07-08 03:00:00,0.0,0.0,24.55,96.28,1.04
2024-07-08 04:00:00,0.0,0.0,24.34,96.9,1.1
2024-07-08 05:00:00,0.0,0.0,24.22,97.15,1.2
2024-07-08 06:00:00,57.72,71.8,24.52,96.07,1.58
2024-07-08 07:00:00,183.15,262.08,25.12,93.78,2.05
2024-07-08 08:00:00,332.88,478.8,25.83,90.54,2.38
2024-07-08 09:00:00,454.0,671.88,26.56,86.23,2.75
2024-07-08 10:00:00,568.62,814.53,27.25,82.31,2.93
2024-07-08 11:00:00,566.35,892.75,27.77,79.09,2.97
2024-07-08 12:00:00,653.62,915.17,28.14,76.47,2.92
2024-07-08 13:00:00,605.53,850.7,28.3,74.87,2.8
2024-07-08 14:00:00,561.03,721.6,28.26,74.92,2.58
2024-07-08 15:00:00,389.52,538.88,27.99,76.86,2.31
2024-07-08 16:00:00,200.75,324.23,27.45,81.53,1.73
2024-07-08 17:00:00,71.57,116.03,26.62,88.07,1.17
2024-07-08 18:00:00,3.03,5.18,25.53,93.83,0.7
2024-07-08 19:00:00,0.0,0.0,25.13,94.64,0.72
2024-07-08 20:00:00,0.0,0.0,24.86,95.03,0.81
2024-07-08 21:00:00,0.0,0.0,24.63,95.33,0.9
2024-07-08 22:00:00,0.0,0.0,24.44,95.5,1.03
2024-07-08 23:00:00,0.0,0.0,24.25,95.78,1.23
2024-07-09 00:00:00,0.0,0.0,24.08,96.03,1.38
2024-07-09 01:00:00,0.0,0.0,23.92,96.34,1.46
2024-07-09 02:00:00,0.0,0.0,23.77,96.59,1.46
2024-07-09 03:00:00,0.0,0.0,23.64,96.75,1.48
2024-07-09 04:00:00,0.0,0.0,23.52,96.88,1.49
2024-07-09 05:00:00,0.0,0.0,23.41,96.97,1.41
2024-07-09 06:00:00,29.38,67.47,23.88,95.84,1.73
2024-07-09 07:00:00,100.95,253.5,24.6,93.72,2.2
2024-07-09 08:00:00,186.23,472.2,25.59,89.71,2.38
2024-07-09 09:00:00,272.23,666.0,26.64,81.22,2.44
2024-07-09 10:00:00,369.0,810.72,27.57,73.83,2.27
2024-07-09 11:00:00,567.83,895.45,28.53,68.97,2.11
2024-07-09 12:00:00,649.22,940.97,29.39,65.81,2.02
2024-07-09 13:00:00,610.28,876.5,30.05,63.72,1.98
2024-07-09 14:00:00,486.92,747.8,30.41,62.35,1.97
2024-07-09 15:00:00,408.1,565.3,30.26,62.55,2.01
2024-07-09 16:00:00,260.8,347.3,29.65,64.74,1.97
2024-07-09 17:00:00,102.78,127.93,28.49,72.05,1.44
2024-07-09 18:00:00,5.05,5.47,26.56,85.06,0.84
2024-07-09 19:00:00,0.0,0.0,25.86,86.75,0.81
2024-07-09 20:00:00,0.0,0.0,25.47,87.65,0.8
2024-07-09 21:00:00,0.0,0.0,25.07,88.33,0.77
2024-07-09 22:00:00,0.0,0.0,24.7,88.8,0.75
2024-07-09 23:00:00,0.0,0.0,24.33,89.62,0.74
2024-07-10 00:00:00,0.0,0.0,23.91,90.85,0.74
2024-07-10 01:00:00,0.0,0.0,23.52,92.0,0.78
2024-07-10 02:00:00,0.0,0.0,23.18,93.18,0.89
2024-07-10 03:00:00,0.0,0.0,22.95,94.38,1.08
2024-07-10 04:00:00,0.0,0.0,22.8,95.67,1.27
2024-07-10 05:00:00,0.0,0.0,22.69,97.32,1.45
2024-07-10 06:00:00,68.07,74.2,23.95,92.41,2.57
2024-07-10 07:00:00,225.25,267.8,26.01,83.31,3.47
2024-07-10 08:00:00,405.23,487.5,27.92,74.62,3.82
2024-07-10 09:00:00,578.3,679.15,29.34,68.79,3.73
2024-07-10 10:00:00,709.4,821.38,30.5,64.36,3.56
2024-07-10 11:00:00,789.25,899.12,31.42,61.15,3.35
2024-07-10 12:00:00,618.12,911.15,32.09,58.92,3.05
2024-07-10 13:00:00,702.33,841.55,32.4,57.65,2.66
2024-07-10 14:00:00,583.7,713.1,32.22,57.66,2.25
2024-07-10 15:00:00,506.75,529.15,31.74,58.71,1.86
2024-07-10 16:00:00,300.8,314.08,31.05,61.48,1.48
2024-07-10 17:00:00,110.2,111.85,30.13,67.38,1.03
2024-07-10 18:00:00,5.18,5.12,28.47,79.17,0.63
2024-07-10 19:00:00,0.0,0.0,27.77,80.06,0.69
2024-07-10 20:00:00,0.0,0.0,27.16,82.3,0.73
2024-07-10 21:00:00,0.0,0.0,26.64,83.69,0.79
2024-07-10 22:00:00,0.0,0.0,26.26,84.72,0.83
2024-07-10 23:00:00,0.0,0.0,25.87,85.72,0.9
2024-07-11 00:00:00,0.0,0.0,25.48,86.81,1.0
2024-07-11 01:00:00,0.0,0.0,25.13,88.01,1.1
2024-07-11 02:00:00,0.0,0.0,24.77,89.48,1.22
2024-07-11 03:00:00,0.0,0.0,24.35,91.44,1.41
2024-07-11 04:00:00,0.0,0.0,23.98,93.51,1.54
2024-07-11 05:00:00,0.0,0.0,23.68,95.2,1.56
2024-07-11 06:00:00,58.58,69.65,24.32,92.13,2.18
2024-07-11 07:00:00,190.2,261.48,26.13,81.4,2.55
2024-07-11 08:00:00,353.92,479.02,28.25,70.4,2.92
2024-07-11 09:00:00,488.77,670.62,29.96,64.89,2.65
2024-07-11 10:00:00,499.25,816.55,31.11,61.88,2.37
2024-07-11 11:00:00,436.1,892.08,31.88,59.68,2.17
2024-07-11 12:00:00,48.88,896.95,32.4,58.07,2.09
2024-07-11 13:00:00,99.28,830.35,32.57,57.5,2.02
2024-07-11 14:00:00,98.32,700.08,32.29,58.02,1.85
2024-07-11 15:00:00,130.55,516.03,31.66,59.87,1.51
2024-07-11 16:00:00,88.43,302.8,30.99,64.4,1.05
2024-07-11 17:00:00,37.12,104.15,30.22,68.1,0.84
2024-07-11 18:00:00,2.75,4.93,28.9,78.7,0.56
2024-07-11 19:00:00,0.0,0.0,28.07,81.63,0.65
2024-07-11 20:00:00,0.0,0.0,27.42,84.13,0.75
2024-07-11 21:00:00,0.0,0.0,26.89,85.37,0.82
2024-07-11 22:00:00,0.0,0.0,26.36,86.7,0.88
2024-07-11 23:00:00,0.0,0.0,25.89,87.93,0.97
2024-07-12 00:00:00,0.0,0.0,25.47,89.12,1.08
2024-07-12 01:00:00,0.0,0.0,25.09,90.36,1.19
2024-07-12 02:00:00,0.0,0.0,24.75,91.68,1.28
2024-07-12 03:00:00,0.0,0.0,24.47,93.12,1.41
2024-07-12 04:00:00,0.0,0.0,24.27,94.48,1.58
2024-07-12 05:00:00,0.0,0.0,24.12,95.65,1.66
2024-07-12 06:00:00,56.0,68.05,24.62,94.56,2.2
2024-07-12 07:00:00,199.2,254.4,25.7,90.73,2.42
2024-07-12 08:00:00,386.33,472.88,27.26,82.36,2.71
2024-07-12 09:00:00,620.8,668.35,29.0,73.53,2.76
2024-07-12 10:00:00,743.33,814.88,30.21,68.51,2.45
2024-07-12 11:00:00,715.33,896.25,30.95,64.66,1.88
2024-07-12 12:00:00,812.33,908.55,31.45,61.23,1.31
2024-07-12 13:00:00,749.38,847.5,31.72,58.98,0.98
2024-07-12 14:00:00,616.2,720.08,31.52,59.03,0.79
2024-07-12 15:00:00,457.65,537.58,30.76,62.33,0.71
2024-07-12 16:00:00,246.93,321.73,30.1,67.92,0.62
2024-07-12 17:00:00,91.75,114.62,29.11,71.5,0.8
2024-07-12 18:00:00,4.7,5.18,27.77,85.22,0.56
2024-07-12 19:00:00,0.0,0.0,27.01,89.26,0.58
2024-07-12 20:00:00,0.0,0.0,26.45,89.98,0.69
2024-07-12 21:00:00,0.0,0.0,25.96,90.72,0.76
2024-07-12 22:00:00,0.0,0.0,25.58,91.61,0.79
2024-07-12 23:00:00,0.0,0.0,25.25,92.4,0.8
2024-07-13 00:00:00,0.0,0.0,24.95,93.13,0.82
2024-07-13 01:00:00,0.0,0.0,24.66,93.86,0.85
2024-07-13 02:00:00,0.0,0.0,24.4,94.39,0.94
2024-07-13 03:00:00,0.0,0.0,24.16,94.9,1.11
2024-07-13 04:00:00,0.0,0.0,23.96,95.33,1.5
2024-07-13 05:00:00,0.0,0.0,23.82,95.85,1.92
2024-07-13 06:00:00,45.75,64.22,24.26,94.2,2.57
2024-07-13 07:00:00,158.52,247.48,25.45,89.13,3.33
2024-07-13 08:00:00,280.9,453.35,27.05,80.67,4.0
2024-07-13 09:00:00,373.65,648.88,28.39,74.12,3.93
2024-07-13 10:00:00,471.98,788.03,29.38,69.75,3.59
2024-07-13 11:00:00,527.33,858.3,30.13,66.71,3.2
2024-07-13 12:00:00,398.27,688.5,30.54,64.8,2.84
2024-07-13 13:00:00,397.4,633.83,30.86,63.27,2.47
2024-07-13 14:00:00,355.4,520.8,30.85,62.72,2.12
2024-07-13 15:00:00,278.55,372.02,30.67,63.04,1.83
2024-07-13 16:00:00,175.35,219.27,30.15,66.44,1.41
2024-07-13 17:00:00,65.8,74.65,29.29,72.94,1.09
2024-07-13 18:00:00,3.62,3.75,27.71,83.81,0.69
2024-07-13 19:00:00,0.0,0.0,27.11,84.34,0.78
2024-07-13 20:00:00,0.0,0.0,26.62,85.21,0.87
2024-07-13 21:00:00,0.0,0.0,26.15,85.8,1.03
2024-07-13 22:00:00,0.0,0.0,25.77,86.05,1.31
2024-07-13 23:00:00,0.0,0.0,25.46,86.6,1.7
2024-07-14 00:00:00,0.0,0.0,25.2,87.85,2.09
2024-07-14 01:00:00,0.0,0.0,24.92,90.08,2.36
2024-07-14 02:00:00,0.0,0.0,24.65,92.37,2.51
2024-07-14 03:00:00,0.0,0.0,24.47,93.99,2.45
2024-07-14 04:00:00,0.0,0.0,24.36,94.81,2.45
2024-07-14 05:00:00,0.0,0.0,24.28,95.06,2.35
2024-07-14 06:00:00,49.5,54.05,24.82,92.5,2.8
2024-07-14 07:00:00,177.93,217.93,26.02,86.09,3.41
2024-07-14 08:00:00,299.1,418.27,27.2,79.52,3.62
2024-07-14 09:00:00,375.6,614.83,28.47,73.65,3.54
2024-07-14 10:00:00,522.12,765.05,29.71,68.42,3.26
2024-07-14 11:00:00,640.38,849.88,31.01,63.33,2.94
2024-07-14 12:00:00,669.6,876.72,31.87,59.87,2.61
2024-07-14 13:00:00,439.08,823.55,32.26,57.91,2.31
2024-07-14 14:00:00,445.05,693.0,32.21,57.42,2.03
2024-07-14 15:00:00,402.52,513.38,31.78,58.65,1.67
2024-07-14 16:00:00,241.88,304.7,31.28,61.71,1.21
2024-07-14 17:00:00,93.0,108.32,30.73,65.27,0.79
2024-07-14 18:00:00,4.6,5.0,29.64,72.56,0.46
2024-07-14 19:00:00,0.0,0.0,29.16,72.6,0.47
2024-07-14 20:00:00,0.0,0.0,28.59,74.73,0.57
2024-07-14 21:00:00,0.0,0.0,27.85,78.05,0.63
2024-07-14 22:00:00,0.0,0.0,27.11,81.2,0.66
2024-07-14 23:00:00,0.0,0.0,26.51,83.13,0.67
2024-07-15 00:00:00,0.0,0.0,26.03,84.39,0.73
2024-07-15 01:00:00,0.0,0.0,25.64,85.18,0.84
2024-07-15 02:00:00,0.0,0.0,25.3,86.31,1.01
2024-07-15 03:00:00,0.0,0.0,25.04,87.3,1.14
2024-07-15 04:00:00,0.0,0.0,24.86,88.49,1.23
2024-07-15 05:00:00,0.0,0.0,24.71,89.62,1.44
2024-07-15 06:00:00,53.95,67.28,25.12,88.21,2.23
2024-07-15 07:00:00,181.07,258.15,26.28,82.77,2.56
2024-07-15 08:00:00,340.62,477.62,27.84,75.1,2.96
2024-07-15 09:00:00,450.4,671.85,29.05,70.2,3.19
2024-07-15 10:00:00,460.58,819.38,29.87,67.37,3.15
2024-07-15 11:00:00,460.88,900.55,30.63,64.56,2.95
2024-07-15 12:00:00,406.05,917.0,31.05,62.53,2.66
2024-07-15 13:00:00,415.65,856.8,31.04,62.2,2.37
2024-07-15 14:00:00,440.62,729.15,30.61,64.04,2.03
2024-07-15 15:00:00,375.23,543.38,30.09,66.74,1.71
2024-07-15 16:00:00,233.6,327.12,29.54,71.66,1.2
2024-07-15 17:00:00,92.6,117.88,28.71,77.19,0.94
2024-07-15 18:00:00,4.7,5.28,27.61,85.34,0.52
2024-07-15 19:00:00,0.0,0.0,27.41,83.79,0.49
2024-07-15 20:00:00,0.0,0.0,27.37,82.07,0.42
2024-07-15 21:00:00,0.0,0.0,27.2,81.8,0.35
2024-07-15 22:00:00,0.0,0.0,26.89,82.9,0.4
2024-07-15 23:00:00,0.0,0.0,26.29,86.19,0.48
2024-07-16 00:00:00,0.0,0.0,25.75,88.7,0.56
2024-07-16 01:00:00,0.0,0.0,25.35,90.44,0.6
2024-07-16 02:00:00,0.0,0.0,25.07,91.48,0.64
2024-07-16 03:00:00,0.0,0.0,24.8,92.51,0.72
2024-07-16 04:00:00,0.0,0.0,24.56,93.56,0.84
2024-07-16 05:00:00,0.0,0.0,24.39,94.62,0.99
2024-07-16 06:00:00,49.12,65.9,25.06,92.1,1.91
2024-07-16 07:00:00,158.2,245.65,26.1,87.65,2.34
2024-07-16 08:00:00,272.5,456.45,27.2,82.04,2.62
2024-07-16 09:00:00,513.95,645.0,28.25,77.24,2.64
2024-07-16 10:00:00,650.7,783.88,29.13,73.14,2.49
2024-07-16 11:00:00,690.97,860.88,29.86,69.97,2.31
2024-07-16 12:00:00,615.28,883.22,30.5,67.43,2.11
2024-07-16 13:00:00,600.12,804.03,31.11,64.9,1.93
2024-07-16 14:00:00,501.58,664.92,31.29,63.48,1.86
2024-07-16 15:00:00,396.7,477.65,30.91,64.6,1.82
2024-07-16 16:00:00,249.65,277.95,30.08,68.48,1.69
2024-07-16 17:00:00,86.82,91.85,28.93,76.84,1.15
2024-07-16 18:00:00,4.65,4.38,27.64,85.72,0.69
2024-07-16 19:00:00,0.0,0.0,27.15,86.68,0.66
2024-07-16 20:00:00,0.0,0.0,26.83,87.36,0.65
2024-07-16 21:00:00,0.0,0.0,26.5,88.03,0.64
2024-07-16 22:00:00,0.0,0.0,26.12,89.02,0.65
2024-07-16 23:00:00,0.0,0.0,25.74,90.05,0.69
2024-07-17 00:00:00,0.0,0.0,25.42,90.71,0.74
2024-07-17 01:00:00,0.0,0.0,25.15,91.29,0.83
2024-07-17 02:00:00,0.0,0.0,24.92,92.02,0.94
2024-07-17 03:00:00,0.0,0.0,24.72,92.96,1.04
2024-07-17 04:00:00,0.0,0.0,24.52,94.32,1.14
2024-07-17 05:00:00,0.0,0.0,24.42,95.19,1.31
2024-07-17 06:00:00,37.4,50.62,24.88,93.6,2.05
2024-07-17 07:00:00,129.15,202.75,25.83,89.84,2.41
2024-07-17 08:00:00,254.38,403.38,27.12,83.41,2.74
2024-07-17 09:00:00,334.73,596.53,28.3,77.56,2.67
2024-07-17 10:00:00,455.73,744.8,29.16,73.15,2.37
2024-07-17 11:00:00,513.9,830.83,29.43,71.06,1.96
2024-07-17 12:00:00,640.92,903.03,29.52,70.3,1.64
2024-07-17 13:00:00,654.6,834.47,29.46,70.49,1.48
2024-07-17 14:00:00,474.73,705.95,29.29,71.37,1.5
2024-07-17 15:00:00,338.55,523.35,28.92,73.58,1.59
2024-07-17 16:00:00,206.5,311.6,28.42,78.28,1.27
2024-07-17 17:00:00,81.95,112.68,27.59,84.34,0.97
2024-07-17 18:00:00,4.4,5.07,26.45,90.62,0.63
2024-07-17 19:00:00,0.0,0.0,26.17,90.57,0.62
2024-07-17 20:00:00,0.0,0.0,26.04,90.04,0.61
2024-07-17 21:00:00,0.0,0.0,25.87,89.73,0.6
2024-07-17 22:00:00,0.0,0.0,25.59,90.81,0.59
2024-07-17 23:00:00,0.0,0.0,25.11,93.25,0.61
2024-07-18 00:00:00,0.0,0.0,24.69,94.49,0.67
2024-07-18 01:00:00,0.0,0.0,24.38,95.28,0.75
2024-07-18 02:00:00,0.0,0.0,24.17,96.0,0.83
2024-07-18 03:00:00,0.0,0.0,24.0,96.72,0.9
2024-07-18 04:00:00,0.0,0.0,23.85,97.36,0.92
2024-07-18 05:00:00,0.0,0.0,23.74,97.74,0.89
2024-07-18 06:00:00,36.85,59.03,24.37,95.61,1.47
2024-07-18 07:00:00,137.82,231.55,25.14,92.99,1.8
2024-07-18 08:00:00,266.05,436.75,26.28,87.91,2.05
2024-07-18 09:00:00,295.25,623.62,27.28,82.49,2.21
2024-07-18 10:00:00,345.05,763.95,28.08,78.09,2.16
2024-07-18 11:00:00,429.2,844.78,28.69,74.29,2.17
2024-07-18 12:00:00,545.75,911.7,29.23,71.07,2.33
2024-07-18 13:00:00,390.48,850.47,30.0,67.61,2.45
2024-07-18 14:00:00,366.75,722.38,30.46,65.2,2.48
2024-07-18 15:00:00,340.38,539.22,30.37,64.61,2.38
2024-07-18 16:00:00,203.2,319.02,29.89,66.33,2.03
2024-07-18 17:00:00,75.82,112.0,28.82,73.92,1.27
2024-07-18 18:00:00,4.6,4.97,27.26,86.16,0.67
2024-07-18 19:00:00,0.0,0.0,26.83,86.13,0.66
2024-07-18 20:00:00,0.0,0.0,26.57,85.35,0.66
2024-07-18 21:00:00,0.0,0.0,26.37,84.55,0.64
2024-07-18 22:00:00,0.0,0.0,26.01,85.13,0.6
2024-07-18 23:00:00,0.0,0.0,25.49,88.1,0.56
2024-07-19 00:00:00,0.0,0.0,24.94,91.23,0.55
2024-07-19 01:00:00,0.0,0.0,24.5,93.05,0.61
2024-07-19 02:00:00,0.0,0.0,24.1,94.14,0.71
2024-07-19 03:00:00,0.0,0.0,23.78,95.08,0.83
2024-07-19 04:00:00,0.0,0.0,23.51,96.02,0.98
2024-07-19 05:00:00,0.0,0.0,23.27,96.99,1.09
2024-07-19 06:00:00,50.62,59.1,24.06,94.22,2.07
2024-07-19 07:00:00,200.6,234.5,25.66,87.21,2.73
2024-07-19 08:00:00,365.83,438.35,27.79,76.11,3.27
2024-07-19 09:00:00,384.58,634.42,29.42,68.13,3.26
2024-07-19 10:00:00,466.25,787.08,30.62,63.1,3.2
2024-07-19 11:00:00,589.75,861.53,31.6,59.63,3.12
2024-07-19 12:00:00,791.95,895.7,32.31,57.1,2.94
2024-07-19 13:00:00,717.7,831.83,32.67,55.56,2.68
2024-07-19 14:00:00,614.65,701.33,32.72,55.05,2.39
2024-07-19 15:00:00,443.6,518.62,32.43,55.8,2.0
2024-07-19 16:00:00,258.83,306.17,31.69,58.92,1.57
2024-07-19 17:00:00,99.9,108.72,30.74,65.94,1.03
2024-07-19 18:00:00,4.88,5.07,29.0,77.21,0.65
2024-07-19 19:00:00,0.0,0.0,28.29,78.1,0.69
2024-07-19 20:00:00,0.0,0.0,27.74,80.19,0.67
2024-07-19 21:00:00,0.0,0.0,27.22,81.92,0.69
2024-07-19 22:00:00,0.0,0.0,26.69,83.44,0.77
2024-07-19 23:00:00,0.0,0.0,26.17,85.17,0.88
2024-07-20 00:00:00,0.0,0.0,25.78,86.25,1.02
2024-07-20 01:00:00,0.0,0.0,25.45,87.62,1.1
2024-07-20 02:00:00,0.0,0.0,25.17,89.02,1.16
2024-07-20 03:00:00,0.0,0.0,24.95,90.4,1.22
2024-07-20 04:00:00,0.0,0.0,24.77,91.66,1.31
2024-07-20 05:00:00,0.0,0.0,24.62,92.89,1.39
2024-07-20 06:00:00,25.83,64.82,25.2,91.05,2.2
2024-07-20 07:00:00,94.05,259.1,26.27,86.5,2.41
2024-07-20 08:00:00,167.85,481.95,27.58,79.06,2.72
2024-07-20 09:00:00,233.32,678.95,28.57,74.03,2.99
2024-07-20 10:00:00,200.95,824.4,29.33,70.85,3.17
2024-07-20 11:00:00,139.35,908.0,29.98,68.39,3.32
2024-07-20 12:00:00,162.77,873.9,30.01,68.04,3.39
2024-07-20 13:00:00,288.98,816.38,29.71,68.8,3.33
2024-07-20 14:00:00,336.7,691.5,29.39,69.77,3.23
2024-07-20 15:00:00,300.75,511.67,29.03,71.13,2.87
2024-07-20 16:00:00,175.45,301.6,28.45,75.53,2.03
2024-07-20 17:00:00,56.6,103.55,27.51,83.75,1.17
2024-07-20 18:00:00,3.28,4.88,26.34,89.01,0.88
2024-07-20 19:00:00,0.0,0.0,25.95,90.24,0.87
2024-07-20 20:00:00,0.0,0.0,25.69,91.5,0.79
2024-07-20 21:00:00,0.0,0.0,25.42,92.87,0.63
2024-07-20 22:00:00,0.0,0.0,25.32,92.95,0.49
2024-07-20 23:00:00,0.0,0.0,25.23,92.9,0.35
2024-07-21 00:00:00,0.0,0.0,24.52,96.43,0.59
2024-07-21 01:00:00,0.0,0.0,24.33,96.96,0.91
2024-07-21 02:00:00,0.0,0.0,24.24,96.97,1.18
2024-07-21 03:00:00,0.0,0.0,24.15,97.11,1.26
2024-07-21 04:00:00,0.0,0.0,24.1,97.17,1.31
2024-07-21 05:00:00,0.0,0.0,24.09,96.91,1.58
2024-07-21 06:00:00,28.5,64.15,24.56,95.45,2.42
2024-07-21 07:00:00,112.07,256.0,25.35,92.91,2.99
2024-07-21 08:00:00,205.3,478.38,26.39,86.53,3.63
2024-07-21 09:00:00,309.12,676.03,27.53,78.66,3.98
2024-07-21 10:00:00,357.58,823.4,28.53,72.93,3.96
2024-07-21 11:00:00,464.7,905.92,29.37,68.94,3.78
2024-07-21 12:00:00,529.33,891.4,30.1,65.51,3.61
2024-07-21 13:00:00,546.38,824.67,30.57,63.36,3.44
2024-07-21 14:00:00,488.08,691.0,30.76,62.2,3.21
2024-07-21 15:00:00,342.33,506.0,30.66,61.97,2.89
2024-07-21 16:00:00,183.9,293.9,30.08,64.79,2.22
2024-07-21 17:00:00,67.12,102.4,29.07,72.65,1.33
2024-07-21 18:00:00,3.33,4.78,27.47,83.64,0.69
2024-07-21 19:00:00,0.0,0.0,27.32,81.35,0.69
2024-07-21 20:00:00,0.0,0.0,27.1,80.9,0.68
2024-07-21 21:00:00,0.0,0.0,26.6,82.92,0.69
2024-07-21 22:00:00,0.0,0.0,25.95,86.09,0.69
2024-07-21 23:00:00,0.0,0.0,25.42,88.27,0.72
2024-07-22 00:00:00,0.0,0.0,25.0,89.76,0.79
2024-07-22 01:00:00,0.0,0.0,24.64,91.22,0.88
2024-07-22 02:00:00,0.0,0.0,24.32,92.9,1.0
2024-07-22 03:00:00,0.0,0.0,24.15,94.28,1.16
2024-07-22 04:00:00,0.0,0.0,24.01,95.43,1.39
2024-07-22 05:00:00,0.0,0.0,23.89,96.24,1.67
2024-07-22 06:00:00,51.17,57.5,24.45,94.21,2.5
2024-07-22 07:00:00,178.25,235.0,25.56,88.87,3.04
2024-07-22 08:00:00,274.95,442.62,26.95,80.27,3.61
2024-07-22 09:00:00,447.75,639.92,28.4,72.61,3.83
2024-07-22 10:00:00,352.98,790.4,29.41,68.08,3.65
2024-07-22 11:00:00,398.92,887.28,30.21,64.81,3.3
2024-07-22 12:00:00,501.5,893.83,30.9,62.11,2.98
2024-07-22 13:00:00,518.38,833.28,31.44,60.05,2.71
2024-07-22 14:00:00,489.92,706.65,31.66,58.74,2.5
2024-07-22 15:00:00,370.08,524.38,31.53,58.3,2.26
2024-07-22 16:00:00,233.7,309.38,31.07,59.44,1.89
2024-07-22 17:00:00,90.3,107.9,30.0,66.48,1.16
2024-07-22 18:00:00,4.4,4.88,28.32,77.72,0.63
2024-07-22 19:00:00,0.0,0.0,27.95,76.15,0.6
2024-07-22 20:00:00,0.0,0.0,27.56,76.68,0.52
2024-07-22 21:00:00,0.0,0.0,27.19,76.79,0.51
2024-07-22 22:00:00,0.0,0.0,26.66,79.46,0.6
2024-07-22 23:00:00,0.0,0.0,25.96,82.71,0.74
2024-07-23 00:00:00,0.0,0.0,25.41,84.94,0.95
2024-07-23 01:00:00,0.0,0.0,24.89,88.07,1.13
2024-07-23 02:00:00,0.0,0.0,24.55,90.2,1.24
2024-07-23 03:00:00,0.0,0.0,24.33,91.76,1.2
2024-07-23 04:00:00,0.0,0.0,24.14,93.01,1.22
2024-07-23 05:00:00,0.0,0.0,23.96,94.13,1.33
2024-07-23 06:00:00,47.22,63.38,24.27,93.37,1.92
2024-07-23 07:00:00,164.2,252.77,24.89,91.67,2.25
2024-07-23 08:00:00,310.92,476.08,25.95,86.24,2.41
2024-07-23 09:00:00,482.52,673.83,27.02,80.62,2.51
2024-07-23 10:00:00,561.08,825.2,28.03,76.07,2.39
2024-07-23 11:00:00,590.25,904.6,28.77,73.08,2.19
2024-07-23 12:00:00,588.78,928.75,29.11,71.65,2.07
2024-07-23 13:00:00,583.8,866.7,29.32,70.77,1.98
2024-07-23 14:00:00,482.5,737.35,29.4,70.6,1.81
2024-07-23 15:00:00,349.52,552.58,29.32,71.25,1.76
2024-07-23 16:00:00,176.55,332.42,28.81,74.09,1.69
2024-07-23 17:00:00,65.78,117.88,27.9,80.81,1.24
2024-07-23 18:00:00,3.17,5.03,26.48,90.45,0.71
2024-07-23 19:00:00,0.0,0.0,25.92,92.3,0.69
2024-07-23 20:00:00,0.0,0.0,25.61,92.75,0.75
2024-07-23 21:00:00,0.0,0.0,25.35,93.13,0.83
2024-07-23 22:00:00,0.0,0.0,25.1,93.46,0.92
2024-07-23 23:00:00,0.0,0.0,24.87,93.75,0.98
2024-07-24 00:00:00,0.0,0.0,24.64,94.13,0.99
2024-07-24 01:00:00,0.0,0.0,24.42,94.49,0.99
2024-07-24 02:00:00,0.0,0.0,24.21,94.86,1.0
2024-07-24 03:00:00,0.0,0.0,24.05,95.19,1.05
2024-07-24 04:00:00,0.0,0.0,23.9,95.71,1.15
2024-07-24 05:00:00,0.0,0.0,23.77,96.33,1.25
2024-07-24 06:00:00,44.03,65.53,24.36,93.91,2.08
2024-07-24 07:00:00,165.95,266.27,25.59,88.2,2.59
2024-07-24 08:00:00,301.52,490.65,27.28,79.44,3.05
2024-07-24 09:00:00,457.45,687.7,28.56,73.36,2.94
2024-07-24 10:00:00,614.25,831.3,29.37,69.48,2.62
2024-07-24 11:00:00,704.12,913.08,29.98,66.5,2.29
2024-07-24 12:00:00,619.8,899.7,30.5,64.24,1.96
2024-07-24 13:00:00,453.92,840.97,30.62,63.25,1.66
2024-07-24 14:00:00,355.08,708.7,30.62,62.85,1.35
2024-07-24 15:00:00,221.77,523.3,30.41,63.47,1.1
2024-07-24 16:00:00,128.98,302.35,30.01,65.57,0.89
2024-07-24 17:00:00,59.1,104.28,29.36,70.44,0.71
2024-07-24 18:00:00,3.5,4.65,27.92,79.27,0.58
2024-07-24 19:00:00,0.0,0.0,27.07,81.92,0.63
2024-07-24 20:00:00,0.0,0.0,26.45,84.06,0.68
2024-07-24 21:00:00,0.0,0.0,25.96,85.95,0.72
2024-07-24 22:00:00,0.0,0.0,25.52,87.45,0.75
2024-07-24 23:00:00,0.0,0.0,25.11,88.9,0.78
2024-07-25 00:00:00,0.0,0.0,24.71,90.39,0.83
2024-07-25 01:00:00,0.0,0.0,24.39,91.83,0.88
2024-07-25 02:00:00,0.0,0.0,24.17,92.98,1.0
2024-07-25 03:00:00,0.0,0.0,24.09,93.47,1.25
2024-07-25 04:00:00,0.0,0.0,24.0,94.15,1.62
2024-07-25 05:00:00,0.0,0.0,23.85,95.3,1.8
2024-07-25 06:00:00,52.6,57.88,24.48,92.36,2.46
2024-07-25 07:00:00,205.57,245.1,26.13,83.86,2.91
2024-07-25 08:00:00,352.75,460.6,28.24,73.46,3.39
2024-07-25 09:00:00,543.22,662.33,29.84,66.77,3.4
2024-07-25 10:00:00,731.65,813.75,30.85,62.82,3.18
2024-07-25 11:00:00,702.2,900.1,31.56,59.95,2.89
2024-07-25 12:00:00,645.67,931.95,31.9,58.47,2.61
2024-07-25 13:00:00,501.02,870.2,32.29,56.95,2.37
2024-07-25 14:00:00,385.95,741.47,32.47,55.93,2.08
2024-07-25 15:00:00,270.12,558.42,32.28,56.05,1.75
2024-07-25 16:00:00,182.27,340.33,31.71,58.42,1.26
2024-07-25 17:00:00,69.15,121.72,30.87,63.95,0.72
2024-07-25 18:00:00,4.03,5.03,29.77,71.9,0.37
2024-07-25 19:00:00,0.0,0.0,28.88,77.23,0.5
2024-07-25 20:00:00,0.0,0.0,27.92,78.44,0.7
2024-07-25 21:00:00,0.0,0.0,27.06,80.7,0.99
2024-07-25 22:00:00,0.0,0.0,26.55,80.92,1.55
2024-07-25 23:00:00,0.0,0.0,26.11,82.38,2.22
2024-07-26 00:00:00,0.0,0.0,25.65,85.42,2.55
2024-07-26 01:00:00,0.0,0.0,25.29,88.04,2.62
2024-07-26 02:00:00,0.0,0.0,25.05,89.98,2.56
2024-07-26 03:00:00,0.0,0.0,24.83,91.6,2.42
2024-07-26 04:00:00,0.0,0.0,24.56,93.61,2.22
2024-07-26 05:00:00,0.0,0.0,24.37,95.0,2.32
2024-07-26 06:00:00,58.75,68.15,24.9,92.72,2.95
2024-07-26 07:00:00,199.7,269.08,26.3,85.21,3.74
2024-07-26 08:00:00,374.6,492.2,27.85,76.17,4.24
2024-07-26 09:00:00,488.3,684.85,29.08,70.31,4.12
2024-07-26 10:00:00,580.53,828.45,30.11,66.21,3.81
2024-07-26 11:00:00,619.08,907.95,30.86,63.32,3.46
2024-07-26 12:00:00,650.67,934.33,31.66,60.46,3.14
2024-07-26 13:00:00,629.25,868.9,32.17,58.31,2.8
2024-07-26 14:00:00,624.12,739.58,32.35,57.11,2.43
2024-07-26 15:00:00,486.48,553.58,32.21,56.84,2.09
2024-07-26 16:00:00,290.05,334.1,31.75,57.9,1.71
2024-07-26 17:00:00,110.62,119.82,30.69,65.02,1.04
2024-07-26 18:00:00,4.72,4.93,28.89,76.18,0.65
2024-07-26 19:00:00,0.0,0.0,28.31,76.28,0.71
2024-07-26 20:00:00,0.0,0.0,27.72,77.89,0.76
2024-07-26 21:00:00,0.0,0.0,27.0,80.4,0.87
2024-07-26 22:00:00,0.0,0.0,26.44,82.36,1.11
2024-07-26 23:00:00,0.0,0.0,26.01,83.61,1.58
2024-07-27 00:00:00,0.0,0.0,25.59,85.47,2.0
2024-07-27 01:00:00,0.0,0.0,25.26,87.62,2.41
2024-07-27 02:00:00,0.0,0.0,24.92,90.35,2.61
2024-07-27 03:00:00,0.0,0.0,24.66,92.47,2.58
2024-07-27 04:00:00,0.0,0.0,24.44,94.19,2.35
2024-07-27 05:00:00,0.0,0.0,24.29,95.08,2.07
2024-07-27 06:00:00,65.2,67.45,24.95,91.9,2.54
2024-07-27 07:00:00,239.43,270.0,26.62,82.59,2.89
2024-07-27 08:00:00,435.4,495.4,28.5,73.1,3.09
2024-07-27 09:00:00,520.05,693.1,30.02,66.32,3.08
2024-07-27 10:00:00,612.42,839.85,31.39,60.66,2.98
2024-07-27 11:00:00,619.85,920.88,32.5,56.7,2.8
2024-07-27 12:00:00,615.4,874.33,33.33,54.0,2.63
2024-07-27 13:00:00,516.78,807.75,33.83,52.08,2.46
2024-07-27 14:00:00,516.47,681.95,34.0,50.71,2.23
2024-07-27 15:00:00,333.67,488.12,33.62,51.0,1.93
2024-07-27 16:00:00,227.43,286.08,32.93,52.82,1.54
2024-07-27 17:00:00,81.97,94.25,31.86,59.43,0.91
2024-07-27 18:00:00,3.97,4.15,30.27,70.27,0.51
2024-07-27 19:00:00,0.0,0.0,29.41,71.61,0.64
2024-07-27 20:00:00,0.0,0.0,28.4,75.09,0.8
2024-07-27 21:00:00,0.0,0.0,27.59,77.63,0.96
2024-07-27 22:00:00,0.0,0.0,26.96,79.92,1.23
2024-07-27 23:00:00,0.0,0.0,26.5,81.52,1.63
2024-07-28 00:00:00,0.0,0.0,26.14,83.66,2.07
2024-07-28 01:00:00,0.0,0.0,25.84,86.11,2.33
2024-07-28 02:00:00,0.0,0.0,25.63,88.02,2.42
2024-07-28 03:00:00,0.0,0.0,25.47,89.34,2.45
2024-07-28 04:00:00,0.0,0.0,25.32,90.21,2.49
2024-07-28 05:00:00,0.0,0.0,25.16,90.86,2.6
2024-07-28 06:00:00,39.88,56.0,25.51,88.89,3.07
2024-07-28 07:00:00,144.98,239.18,26.6,82.02,3.48
2024-07-28 08:00:00,288.42,460.12,27.92,73.95,3.92
2024-07-28 09:00:00,360.7,661.65,29.07,68.3,4.04
2024-07-28 10:00:00,378.98,812.35,30.05,64.22,3.95
2024-07-28 11:00:00,380.23,897.05,31.06,60.33,3.84
2024-07-28 12:00:00,504.35,907.85,32.26,55.92,3.74
2024-07-28 13:00:00,442.88,847.0,32.76,53.5,3.59
2024-07-28 14:00:00,342.73,718.22,32.69,52.88,3.25
2024-07-28 15:00:00,226.38,533.55,31.82,55.39,2.59
2024-07-28 16:00:00,154.77,315.67,31.17,59.71,1.79
2024-07-28 17:00:00,49.5,107.38,30.23,66.9,1.08
2024-07-28 18:00:00,2.58,4.47,28.82,76.21,0.63
2024-07-28 19:00:00,0.0,0.0,28.27,78.66,0.59
2024-07-28 20:00:00,0.0,0.0,27.81,81.19,0.53
2024-07-28 21:00:00,0.0,0.0,27.35,83.52,0.39
2024-07-28 22:00:00,0.0,0.0,27.1,83.88,0.17
2024-07-28 23:00:00,0.0,0.0,26.62,86.32,0.27
2024-07-29 00:00:00,0.0,0.0,26.03,88.51,0.62
2024-07-29 01:00:00,0.0,0.0,25.59,89.16,1.2
2024-07-29 02:00:00,0.0,0.0,25.24,90.41,1.76
2024-07-29 03:00:00,0.0,0.0,24.96,91.89,1.73
2024-07-29 04:00:00,0.0,0.0,24.73,93.26,1.53
2024-07-29 05:00:00,0.0,0.0,24.54,94.03,1.59
2024-07-29 06:00:00,23.7,60.85,24.63,93.2,2.36
2024-07-29 07:00:00,118.2,258.62,24.98,91.16,3.14
2024-07-29 08:00:00,238.82,486.48,25.47,86.71,3.68
2024-07-29 09:00:00,327.0,686.67,26.31,80.21,3.93
2024-07-29 10:00:00,386.0,836.22,27.25,74.72,3.82
2024-07-29 11:00:00,492.55,922.0,27.86,71.57,3.73
2024-07-29 12:00:00,651.75,927.15,28.25,69.61,3.63
2024-07-29 13:00:00,591.72,866.45,28.56,67.99,3.44
2024-07-29 14:00:00,527.33,740.38,28.73,66.92,3.17
2024-07-29 15:00:00,441.98,557.58,28.73,66.54,2.84
2024-07-29 16:00:00,262.45,336.75,28.47,68.12,2.24
2024-07-29 17:00:00,98.05,119.75,27.59,76.05,1.22
2024-07-29 18:00:00,4.5,4.75,26.25,82.73,0.94
2024-07-29 19:00:00,0.0,0.0,25.8,83.47,1.18
2024-07-29 20:00:00,0.0,0.0,25.49,84.02,1.57
2024-07-29 21:00:00,0.0,0.0,25.15,85.5,1.76
2024-07-29 22:00:00,0.0,0.0,24.76,87.72,1.73
2024-07-29 23:00:00,0.0,0.0,24.44,89.18,1.76
2024-07-30 00:00:00,0.0,0.0,24.18,89.86,1.85
2024-07-30 01:00:00,0.0,0.0,23.86,91.09,1.76
2024-07-30 02:00:00,0.0,0.0,23.58,91.98,1.79
2024-07-30 03:00:00,0.0,0.0,23.37,92.62,2.01
2024-07-30 04:00:00,0.0,0.0,23.19,93.43,2.2
2024-07-30 05:00:00,0.0,0.0,23.01,94.36,2.23
2024-07-30 06:00:00,36.9,71.97,23.69,90.71,2.97
2024-07-30 07:00:00,126.62,286.33,25.45,80.13,4.1
2024-07-30 08:00:00,257.4,515.95,27.49,70.34,4.23
2024-07-30 09:00:00,429.08,714.78,29.44,62.84,4.02
2024-07-30 10:00:00,557.22,860.75,31.1,57.28,3.74
2024-07-30 11:00:00,624.92,943.17,32.44,53.06,3.44
2024-07-30 12:00:00,618.28,950.35,33.24,50.49,3.06
2024-07-30 13:00:00,590.42,887.58,33.7,48.87,2.63
2024-07-30 14:00:00,482.7,759.4,33.5,48.97,2.2
2024-07-30 15:00:00,325.98,576.33,32.8,50.6,1.89
2024-07-30 16:00:00,241.52,355.55,32.19,52.8,1.59
2024-07-30 17:00:00,96.47,130.43,31.27,59.16,1.02
2024-07-30 18:00:00,4.32,4.72,29.64,69.33,0.6
2024-07-30 19:00:00,0.0,0.0,29.28,68.46,0.59
2024-07-30 20:00:00,0.0,0.0,28.88,69.28,0.52
2024-07-30 21:00:00,0.0,0.0,28.38,71.0,0.5
2024-07-30 22:00:00,0.0,0.0,27.65,74.26,0.58
2024-07-30 23:00:00,0.0,0.0,26.82,78.5,0.65
2024-07-31 00:00:00,0.0,0.0,26.24,80.87,0.78
2024-07-31 01:00:00,0.0,0.0,25.85,82.16,0.95
2024-07-31 02:00:00,0.0,0.0,25.51,83.76,1.1
2024-07-31 03:00:00,0.0,0.0,25.16,85.52,1.31
2024-07-31 04:00:00,0.0,0.0,24.81,87.04,1.43
2024-07-31 05:00:00,0.0,0.0,24.58,87.68,1.63
2024-07-31 06:00:00,68.38,69.47,25.28,83.66,2.52
2024-07-31 07:00:00,259.85,275.73,27.47,71.82,3.21
2024-07-31 08:00:00,475.52,503.85,29.71,61.81,3.77
2024-07-31 09:00:00,544.45,703.0,31.08,56.83,3.66
2024-07-31 10:00:00,598.03,850.97,32.1,53.28,3.44
2024-07-31 11:00:00,591.53,935.3,33.01,50.29,3.31
2024-07-31 12:00:00,453.62,937.7,33.72,47.98,3.26
2024-07-31 13:00:00,417.45,875.03,34.41,45.83,3.24
2024-07-31 14:00:00,440.62,744.72,34.65,44.63,3.16
2024-07-31 15:00:00,362.7,553.9,34.21,45.2,2.95
2024-07-31 16:00:00,194.12,330.15,33.3,48.13,2.5
2024-07-31 17:00:00,72.25,114.18,31.83,56.84,1.53
2024-07-31 18:00:00,3.33,4.4,29.76,68.99,0.84
2024-07-31 19:00:00,0.0,0.0,29.11,71.79,0.82
2024-07-31 20:00:00,0.0,0.0,28.59,74.52,0.73
2024-07-31 21:00:00,0.0,0.0,28.19,75.95,0.64
2024-07-31 22:00:00,0.0,0.0,27.89,76.94,0.54
2024-07-31 23:00:00,0.0,0.0,27.36,79.59,0.52
2024-08-01 00:00:00,0.0,0.0,26.85,81.3,0.6
2024-08-01 01:00:00,0.0,0.0,26.42,82.13,0.83
2024-08-01 02:00:00,0.0,0.0,26.04,83.14,1.18
2024-08-01 03:00:00,0.0,0.0,25.68,84.74,1.65
2024-08-01 04:00:00,0.0,0.0,25.38,86.44,2.15
2024-08-01 05:00:00,0.0,0.0,25.1,88.03,2.52
2024-08-01 06:00:00,59.03,61.75,25.5,86.2,3.23
2024-08-01 07:00:00,234.43,261.4,27.05,77.0,3.89
2024-08-01 08:00:00,432.98,490.77,28.88,67.37,4.26
2024-08-01 09:00:00,388.4,694.08,30.39,61.35,4.16
2024-08-01 10:00:00,351.27,838.95,31.68,56.64,3.83
2024-08-01 11:00:00,365.12,922.5,32.89,52.4,3.38
2024-08-01 12:00:00,370.88,920.1,33.73,49.47,2.87
2024-08-01 13:00:00,296.85,845.83,34.16,47.67,2.34
2024-08-01 14:00:00,391.42,704.3,34.1,47.42,1.76
2024-08-01 15:00:00,447.15,512.5,33.42,49.19,1.23
2024-08-01 16:00:00,256.83,290.92,32.72,51.39,0.88
2024-08-01 17:00:00,87.43,94.43,31.68,57.56,0.71
2024-08-01 18:00:00,3.62,3.78,29.82,69.96,0.65
2024-08-01 19:00:00,0.0,0.0,28.84,71.31,0.98
2024-08-01 20:00:00,0.0,0.0,28.17,72.39,1.56
2024-08-01 21:00:00,0.0,0.0,27.49,75.8,2.09
2024-08-01 22:00:00,0.0,0.0,26.81,80.23,2.24
2024-08-01 23:00:00,0.0,0.0,26.31,83.61,2.31
2024-08-02 00:00:00,0.0,0.0,25.93,86.03,2.24
2024-08-02 01:00:00,0.0,0.0,25.72,86.96,2.31
2024-08-02 02:00:00,0.0,0.0,25.47,88.29,2.25
2024-08-02 03:00:00,0.0,0.0,25.31,88.98,2.38
2024-08-02 04:00:00,0.0,0.0,25.15,89.07,2.61
2024-08-02 05:00:00,0.0,0.0,24.9,88.96,2.83
2024-08-02 06:00:00,37.3,52.62,24.7,88.07,3.1
2024-08-02 07:00:00,135.1,220.93,24.76,84.09,3.7
2024-08-02 08:00:00,215.75,436.88,25.04,78.84,3.99
2024-08-02 09:00:00,302.05,643.47,25.63,74.47,3.99
2024-08-02 10:00:00,417.55,808.58,26.34,70.57,3.87
2024-08-02 11:00:00,527.47,905.58,26.96,67.64,3.66
2024-08-02 12:00:00,676.85,929.33,27.43,65.71,3.39
2024-08-02 13:00:00,694.15,865.4,27.73,64.53,3.07
2024-08-02 14:00:00,533.03,733.78,27.88,64.15,2.71
2024-08-02 15:00:00,429.6,546.0,27.83,64.66,2.33
2024-08-02 16:00:00,259.98,323.38,27.5,66.51,1.96
2024-08-02 17:00:00,93.05,108.7,26.85,70.05,1.48
2024-08-02 18:00:00,3.85,4.12,25.69,78.5,0.57
2024-08-02 19:00:00,0.0,0.0,25.24,81.39,0.45
2024-08-02 20:00:00,0.0,0.0,25.05,82.94,0.44
2024-08-02 21:00:00,0.0,0.0,24.9,83.79,0.55
2024-08-02 22:00:00,0.0,0.0,24.69,84.52,0.67
2024-08-02 23:00:00,0.0,0.0,24.45,85.55,0.6
2024-08-03 00:00:00,0.0,0.0,24.21,86.72,0.52
2024-08-03 01:00:00,0.0,0.0,23.92,88.14,0.55
2024-08-03 02:00:00,0.0,0.0,23.54,89.82,0.72
2024-08-03 03:00:00,0.0,0.0,23.37,91.37,1.07
2024-08-03 04:00:00,0.0,0.0,23.33,92.62,1.46
2024-08-03 05:00:00,0.0,0.0,23.47,92.92,1.85
2024-08-03 06:00:00,30.17,68.93,24.41,89.16,2.81
2024-08-03 07:00:00,123.22,284.5,26.24,79.75,3.37
2024-08-03 08:00:00,245.4,517.58,28.19,69.84,3.54
2024-08-03 09:00:00,350.77,716.45,29.77,62.35,3.48
2024-08-03 10:00:00,482.92,864.97,31.26,56.05,3.33
2024-08-03 11:00:00,446.6,947.85,32.3,52.05,3.15
2024-08-03 12:00:00,440.48,933.28,32.5,50.81,2.9
2024-08-03 13:00:00,551.1,864.45,32.4,50.87,2.54
2024-08-03 14:00:00,538.58,742.67,32.0,52.05,2.16
2024-08-03 15:00:00,435.8,557.5,31.4,53.94,1.84
2024-08-03 16:00:00,243.85,337.05,30.57,56.89,1.62
2024-08-03 17:00:00,79.68,116.38,29.38,63.31,1.24
2024-08-03 18:00:00,3.35,4.18,27.73,72.74,1.03
2024-08-03 19:00:00,0.0,0.0,26.78,75.59,1.49
2024-08-03 20:00:00,0.0,0.0,25.94,79.36,1.98
2024-08-03 21:00:00,0.0,0.0,25.25,83.23,2.12
2024-08-03 22:00:00,0.0,0.0,24.82,85.62,2.1
2024-08-03 23:00:00,0.0,0.0,24.54,86.98,1.97
2024-08-04 00:00:00,0.0,0.0,24.39,87.75,1.84
2024-08-04 01:00:00,0.0,0.0,24.23,89.07,1.7
2024-08-04 02:00:00,0.0,0.0,24.09,90.48,1.64
2024-08-04 03:00:00,0.0,0.0,23.99,91.54,1.74
2024-08-04 04:00:00,0.0,0.0,23.97,92.25,1.99
2024-08-04 05:00:00,0.0,0.0,24.01,92.48,2.31
2024-08-04 06:00:00,41.42,69.3,24.68,89.49,3.0
2024-08-04 07:00:00,173.1,283.33,26.38,79.79,3.56
2024-08-04 08:00:00,337.27,512.12,28.11,69.33,3.98
2024-08-04 09:00:00,475.33,710.75,29.5,62.25,3.98
2024-08-04 10:00:00,515.22,852.3,30.59,57.66,3.66
2024-08-04 11:00:00,588.9,933.35,31.5,54.03,3.34
2024-08-04 12:00:00,598.9,954.17,32.17,51.06,2.98
2024-08-04 13:00:00,528.58,889.65,32.5,49.28,2.52
2024-08-04 14:00:00,492.17,755.25,32.36,49.29,2.03
2024-08-04 15:00:00,409.38,568.45,31.98,50.41,1.58
2024-08-04 16:00:00,262.7,341.0,31.44,53.34,1.14
2024-08-04 17:00:00,91.55,116.0,30.53,59.81,0.66
2024-08-04 18:00:00,3.55,3.85,29.23,67.28,0.34
2024-08-04 19:00:00,0.0,0.0,28.76,68.41,0.27
2024-08-04 20:00:00,0.0,0.0,28.16,71.12,0.21
2024-08-04 21:00:00,0.0,0.0,27.56,72.97,0.18
2024-08-04 22:00:00,0.0,0.0,27.03,76.11,0.1
2024-08-04 23:00:00,0.0,0.0,26.48,80.17,0.08
2024-08-05 00:00:00,0.0,0.0,26.02,83.33,0.15
2024-08-05 01:00:00,0.0,0.0,25.69,85.38,0.24
2024-08-05 02:00:00,0.0,0.0,25.61,85.15,0.32
2024-08-05 03:00:00,0.0,0.0,25.35,86.25,0.43
2024-08-05 04:00:00,0.0,0.0,25.0,88.38,0.54
2024-08-05 05:00:00,0.0,0.0,24.76,89.33,0.68
2024-08-05 06:00:00,58.53,65.65,25.29,86.62,1.67
2024-08-05 07:00:00,237.88,276.05,26.84,78.17,2.16
2024-08-05 08:00:00,448.02,507.2,28.56,69.62,2.35
2024-08-05 09:00:00,641.53,710.8,30.37,61.22,2.49
2024-08-05 10:00:00,822.17,862.95,32.18,53.73,2.74
2024-08-05 11:00:00,849.47,947.28,33.61,48.36,2.92
2024-08-05 12:00:00,865.4,952.28,34.74,44.4,2.99
2024-08-05 13:00:00,630.83,888.35,35.23,42.35,2.98
2024-08-05 14:00:00,544.88,755.4,35.34,41.22,2.82
2024-08-05 15:00:00,449.08,565.92,34.8,41.93,2.58
2024-08-05 16:00:00,290.27,341.67,33.7,45.0,2.37
2024-08-05 17:00:00,98.68,116.95,32.15,52.38,1.93
2024-08-05 18:00:00,3.58,3.8,29.89,63.92,1.48
2024-08-05 19:00:00,0.0,0.0,28.91,68.24,1.74
2024-08-05 20:00:00,0.0,0.0,28.09,72.41,1.67
2024-08-05 21:00:00,0.0,0.0,27.41,75.68,1.37
2024-08-05 22:00:00,0.0,0.0,26.87,78.17,1.02
2024-08-05 23:00:00,0.0,0.0,26.45,80.32,0.73
2024-08-06 00:00:00,0.0,0.0,26.2,81.84,0.49
2024-08-06 01:00:00,0.0,0.0,26.25,81.42,0.22
2024-08-06 02:00:00,0.0,0.0,25.68,85.13,0.4
2024-08-06 03:00:00,0.0,0.0,25.1,87.63,0.72
2024-08-06 04:00:00,0.0,0.0,24.76,89.44,1.23
2024-08-06 05:00:00,0.0,0.0,24.54,91.16,1.78
2024-08-06 06:00:00,24.27,67.82,25.09,88.66,2.6
2024-08-06 07:00:00,105.15,283.08,26.55,79.74,2.99
2024-08-06 08:00:00,188.75,514.08,28.19,69.92,3.24
2024-08-06 09:00:00,278.42,713.55,29.78,62.2,3.3
2024-08-06 10:00:00,349.08,859.97,31.22,56.16,3.22
2024-08-06 11:00:00,381.35,941.08,32.39,51.46,3.0
2024-08-06 12:00:00,368.67,948.42,32.75,49.53,2.7
2024-08-06 13:00:00,313.92,885.47,32.73,49.01,2.38
2024-08-06 14:00:00,272.5,754.03,32.26,49.98,2.02
2024-08-06 15:00:00,235.98,566.42,31.94,50.9,1.58
2024-08-06 16:00:00,162.75,342.7,31.57,52.68,1.1
2024-08-06 17:00:00,54.38,117.68,30.94,58.21,0.56
2024-08-06 18:00:00,1.95,3.72,30.07,65.41,0.11
2024-08-06 19:00:00,0.0,0.0,29.39,67.98,0.26
2024-08-06 20:00:00,0.0,0.0,28.41,73.82,0.42
2024-08-06 21:00:00,0.0,0.0,27.71,75.72,0.51
2024-08-06 22:00:00,0.0,0.0,27.15,76.6,0.62
2024-08-06 23:00:00,0.0,0.0,26.65,76.98,1.07
2024-08-07 00:00:00,0.0,0.0,26.11,79.24,1.57
2024-08-07 01:00:00,0.0,0.0,25.65,82.38,1.77
2024-08-07 02:00:00,0.0,0.0,25.36,84.68,1.92
2024-08-07 03:00:00,0.0,0.0,25.13,86.68,2.03
2024-08-07 04:00:00,0.0,0.0,24.95,88.38,2.15
2024-08-07 05:00:00,0.0,0.0,24.83,89.45,2.3
2024-08-07 06:00:00,45.65,61.92,24.9,89.12,2.7
2024-08-07 07:00:00,188.5,262.23,25.53,84.5,3.54
2024-08-07 08:00:00,344.12,486.35,26.84,75.83,4.2
2024-08-07 09:00:00,439.83,688.62,28.72,66.52,4.42
2024-08-07 10:00:00,484.48,837.67,30.29,59.81,4.32
2024-08-07 11:00:00,496.95,917.22,31.76,54.37,3.98
2024-08-07 12:00:00,495.17,915.17,32.92,50.39,3.56
2024-08-07 13:00:00,609.5,859.38,33.5,48.07,3.03
2024-08-07 14:00:00,567.9,721.62,33.53,47.18,2.43
2024-08-07 15:00:00,374.05,533.65,33.12,47.43,1.89
2024-08-07 16:00:00,185.98,311.33,32.41,48.88,1.36
2024-08-07 17:00:00,61.83,101.1,31.31,54.43,0.67
2024-08-07 18:00:00,2.7,3.4,29.63,65.43,0.22
2024-08-07 19:00:00,0.0,0.0,28.76,68.53,0.05
2024-08-07 20:00:00,0.0,0.0,28.1,70.85,0.08
2024-08-07 21:00:00,0.0,0.0,27.38,74.87,0.17
2024-08-07 22:00:00,0.0,0.0,26.79,77.65,0.26
2024-08-07 23:00:00,0.0,0.0,26.4,78.65,0.5
2024-08-08 00:00:00,0.0,0.0,26.05,79.58,0.84
2024-08-08 01:00:00,0.0,0.0,25.68,81.06,1.13
2024-08-08 02:00:00,0.0,0.0,25.36,82.64,1.32
2024-08-08 03:00:00,0.0,0.0,25.13,84.18,1.37
2024-08-08 04:00:00,0.0,0.0,24.98,85.57,1.36
2024-08-08 05:00:00,0.0,0.0,24.83,86.73,1.47
2024-08-08 06:00:00,35.3,58.7,25.46,83.87,2.35
2024-08-08 07:00:00,133.65,252.48,26.91,76.11,2.8
2024-08-08 08:00:00,243.85,477.5,28.33,68.95,3.15
2024-08-08 09:00:00,298.58,678.1,29.42,64.0,3.23
2024-08-08 10:00:00,346.2,827.38,30.24,59.97,3.2
2024-08-08 11:00:00,346.7,910.6,31.2,55.81,3.08
2024-08-08 12:00:00,353.88,937.9,32.29,51.88,2.92
2024-08-08 13:00:00,299.65,874.22,33.22,48.83,2.84
2024-08-08 14:00:00,233.73,741.88,33.82,46.63,2.72
2024-08-08 15:00:00,183.65,553.4,33.78,45.85,2.52
2024-08-08 16:00:00,131.35,329.73,33.11,46.83,2.17
2024-08-08 17:00:00,48.88,109.9,31.83,52.97,1.32
2024-08-08 18:00:00,2.25,3.35,29.64,66.66,0.66
2024-08-08 19:00:00,0.0,0.0,28.96,67.82,0.73
2024-08-08 20:00:00,0.0,0.0,28.37,69.02,0.91
2024-08-08 21:00:00,0.0,0.0,27.78,70.64,1.3
2024-08-08 22:00:00,0.0,0.0,27.24,73.45,1.77
2024-08-08 23:00:00,0.0,0.0,26.75,77.05,2.1
2024-08-09 00:00:00,0.0,0.0,26.34,80.42,2.34
2024-08-09 01:00:00,0.0,0.0,25.96,83.3,2.42
2024-08-09 02:00:00,0.0,0.0,25.67,85.16,2.46
2024-08-09 03:00:00,0.0,0.0,25.32,87.06,2.47
2024-08-09 04:00:00,0.0,0.0,25.01,88.46,2.51
2024-08-09 05:00:00,0.0,0.0,24.72,89.6,2.51
2024-08-09 06:00:00,49.75,60.55,25.27,85.94,3.28
2024-08-09 07:00:00,189.5,260.1,27.08,74.65,4.25
2024-08-09 08:00:00,354.5,486.52,29.32,63.66,4.33
2024-08-09 09:00:00,467.33,689.2,31.42,55.49,4.08
2024-08-09 10:00:00,427.4,835.3,33.13,49.68,3.61
2024-08-09 11:00:00,456.98,918.58,34.35,45.62,3.1
2024-08-09 12:00:00,546.38,931.65,35.09,42.88,2.62
2024-08-09 13:00:00,446.8,867.55,35.31,41.37,2.15
2024-08-09 14:00:00,341.15,734.03,35.21,40.62,1.66
2024-08-09 15:00:00,260.62,544.45,34.85,40.78,1.21
2024-08-09 16:00:00,158.27,320.25,34.17,42.63,0.82
2024-08-09 17:00:00,46.2,103.1,32.68,52.35,0.52
2024-08-09 18:00:00,1.7,3.12,30.68,60.64,0.64
2024-08-09 19:00:00,0.0,0.0,29.46,64.74,0.87
2024-08-09 20:00:00,0.0,0.0,28.63,67.94,1.07
2024-08-09 21:00:00,0.0,0.0,27.84,72.23,1.1
2024-08-09 22:00:00,0.0,0.0,27.19,75.89,1.06
2024-08-09 23:00:00,0.0,0.0,26.63,78.87,1.08
2024-08-10 00:00:00,0.0,0.0,26.12,81.2,1.13
2024-08-10 01:00:00,0.0,0.0,25.71,82.97,1.34
2024-08-10 02:00:00,0.0,0.0,25.32,84.76,1.52
2024-08-10 03:00:00,0.0,0.0,25.04,86.34,1.83
2024-08-10 04:00:00,0.0,0.0,24.82,87.95,2.16
2024-08-10 05:00:00,0.0,0.0,24.62,89.61,2.4
2024-08-10 06:00:00,51.92,57.6,25.22,86.75,2.99
2024-08-10 07:00:00,216.48,249.18,27.19,75.11,3.6
2024-08-10 08:00:00,422.15,479.0,29.27,64.24,3.77
2024-08-10 09:00:00,617.05,686.1,30.89,57.09,3.5
2024-08-10 10:00:00,801.78,840.78,32.07,52.45,3.06
2024-08-10 11:00:00,822.5,926.7,32.87,49.31,2.54
2024-08-10 12:00:00,741.6,972.9,33.37,47.19,1.99
2024-08-10 13:00:00,450.2,904.85,33.41,46.25,1.44
2024-08-10 14:00:00,560.53,776.65,33.25,45.89,1.13
2024-08-10 15:00:00,327.75,583.33,32.92,46.2,1.17
2024-08-10 16:00:00,195.8,356.1,32.39,47.75,1.16
2024-08-10 17:00:00,58.8,124.25,31.48,53.37,0.86
2024-08-10 18:00:00,2.05,3.38,29.96,63.14,0.59
2024-08-10 19:00:00,0.0,0.0,29.36,64.83,0.68
2024-08-10 20:00:00,0.0,0.0,28.73,68.59,0.58
2024-08-10 21:00:00,0.0,0.0,28.01,72.85,0.22
2024-08-10 22:00:00,0.0,0.0,27.22,77.47,0.05
2024-08-10 23:00:00,0.0,0.0,26.6,80.45,0.17
2024-08-11 00:00:00,0.0,0.0,26.14,83.12,0.4
2024-08-11 01:00:00,0.0,0.0,25.65,84.11,0.65
2024-08-11 02:00:00,0.0,0.0,25.33,84.79,0.86
2024-08-11 03:00:00,0.0,0.0,24.96,86.39,1.03
2024-08-11 04:00:00,0.0,0.0,24.57,88.44,1.31
2024-08-11 05:00:00,0.0,0.0,24.36,89.54,1.63
2024-08-11 06:00:00,51.05,65.8,25.23,84.89,2.74
2024-08-11 07:00:00,225.77,280.88,27.56,71.78,3.94
2024-08-11 08:00:00,435.23,515.55,30.04,59.99,4.34
2024-08-11 09:00:00,497.55,714.75,31.9,53.09,4.18
2024-08-11 10:00:00,534.88,863.53,33.43,48.32,3.85
2024-08-11 11:00:00,608.58,945.15,34.65,44.6,3.48
2024-08-11 12:00:00,472.55,948.95,35.44,41.91,3.04
2024-08-11 13:00:00,624.1,889.45,35.77,40.24,2.57
2024-08-11 14:00:00,530.4,750.75,35.51,39.96,2.11
2024-08-11 15:00:00,435.3,555.03,34.92,40.85,1.59
2024-08-11 16:00:00,251.77,324.35,34.07,43.08,1.02
2024-08-11 17:00:00,82.62,102.35,33.05,48.96,0.38
2024-08-11 18:00:00,2.75,2.9,31.17,61.57,0.28
2024-08-11 19:00:00,0.0,0.0,29.92,65.6,0.57
2024-08-11 20:00:00,0.0,0.0,29.07,67.56,0.82
2024-08-11 21:00:00,0.0,0.0,28.33,70.1,1.2
2024-08-11 22:00:00,0.0,0.0,27.62,73.52,1.56
2024-08-11 23:00:00,0.0,0.0,26.93,77.8,1.66
2024-08-12 00:00:00,0.0,0.0,26.44,81.16,1.58
2024-08-12 01:00:00,0.0,0.0,26.1,83.59,1.53
2024-08-12 02:00:00,0.0,0.0,25.86,85.28,1.56
2024-08-12 03:00:00,0.0,0.0,25.67,86.57,1.64
2024-08-12 04:00:00,0.0,0.0,25.49,87.71,1.81
2024-08-12 05:00:00,0.0,0.0,25.31,88.62,2.03
2024-08-12 06:00:00,40.6,56.67,25.53,87.14,2.59
2024-08-12 07:00:00,150.48,248.43,26.46,80.55,3.51
2024-08-12 08:00:00,282.27,478.62,27.76,72.62,3.96
2024-08-12 09:00:00,305.65,679.22,29.36,64.83,4.21
2024-08-12 10:00:00,303.58,830.78,31.28,56.84,4.32
2024-08-12 11:00:00,295.92,913.4,33.0,50.44,4.23
2024-08-12 12:00:00,349.77,885.62,34.25,46.02,3.97
2024-08-12 13:00:00,196.18,789.7,34.9,43.73,3.62
2024-08-12 14:00:00,233.5,628.72,35.09,42.86,3.18
2024-08-12 15:00:00,181.07,427.5,34.6,44.06,2.61
2024-08-12 16:00:00,150.6,220.77,33.56,47.78,2.0
2024-08-12 17:00:00,50.67,70.05,32.06,55.76,1.18
2024-08-12 18:00:00,0.0,0.0,30.36,65.47,0.59
2024-08-12 19:00:00,0.0,0.0,29.37,70.74,0.45
2024-08-12 20:00:00,0.0,0.0,28.52,75.77,0.28
2024-08-12 21:00:00,0.0,0.0,27.68,80.73,0.2
2024-08-12 22:00:00,0.0,0.0,27.11,84.25,0.47
2024-08-12 23:00:00,0.0,0.0,26.69,87.04,0.85
2024-08-13 00:00:00,0.0,0.0,26.4,89.06,1.19
2024-08-13 01:00:00,0.0,0.0,26.2,90.32,1.56
2024-08-13 02:00:00,0.0,0.0,26.02,91.08,1.94
2024-08-13 03:00:00,0.0,0.0,25.79,91.95,2.39
2024-08-13 04:00:00,0.0,0.0,25.52,92.92,2.73
2024-08-13 05:00:00,0.0,0.0,25.24,93.7,2.89
2024-08-13 06:00:00,12.18,49.92,25.01,93.98,2.72
2024-08-13 07:00:00,63.33,223.8,24.95,92.65,2.75
2024-08-13 08:00:00,144.9,443.98,25.05,89.36,3.2
2024-08-13 09:00:00,202.52,642.6,25.65,84.86,3.65
2024-08-13 10:00:00,205.6,799.3,27.17,76.59,4.06
2024-08-13 11:00:00,288.35,888.9,28.37,70.29,4.2
2024-08-13 12:00:00,362.58,929.1,28.84,67.2,3.91
2024-08-13 13:00:00,353.55,862.53,29.31,63.99,3.48
2024-08-13 14:00:00,290.33,727.58,29.79,61.21,3.14
2024-08-13 15:00:00,274.62,536.78,30.39,58.26,3.16
2024-08-13 16:00:00,170.32,313.62,30.15,58.47,3.25
2024-08-13 17:00:00,66.43,105.45,28.93,63.85,2.71
2024-08-13 18:00:00,0.0,0.0,27.35,72.24,1.95
2024-08-13 19:00:00,0.0,0.0,26.81,74.66,2.06
2024-08-13 20:00:00,0.0,0.0,26.38,76.78,2.0
2024-08-13 21:00:00,0.0,0.0,26.06,77.69,2.35
2024-08-13 22:00:00,0.0,0.0,25.58,79.75,2.59
2024-08-13 23:00:00,0.0,0.0,25.04,83.16,2.58
2024-08-14 00:00:00,0.0,0.0,24.54,87.81,2.5
2024-08-14 01:00:00,0.0,0.0,24.2,91.96,2.43
2024-08-14 02:00:00,0.0,0.0,24.0,94.03,2.61
2024-08-14 03:00:00,0.0,0.0,23.82,94.33,2.98
2024-08-14 04:00:00,0.0,0.0,23.6,93.72,3.3
2024-08-14 05:00:00,0.0,0.0,23.32,93.37,3.16
2024-08-14 06:00:00,42.62,62.33,23.5,91.69,3.13
2024-08-14 07:00:00,180.98,271.62,24.63,84.04,3.75
2024-08-14 08:00:00,351.45,505.4,26.25,73.9,4.22
2024-08-14 09:00:00,528.15,709.42,27.9,66.03,4.26
2024-08-14 10:00:00,622.22,860.4,29.61,59.28,4.16
2024-08-14 11:00:00,538.45,938.6,31.32,53.02,4.03
2024-08-14 12:00:00,484.45,948.3,32.83,47.73,3.81
2024-08-14 13:00:00,371.98,881.17,33.88,44.17,3.55
2024-08-14 14:00:00,305.77,744.03,34.33,42.32,3.23
2024-08-14 15:00:00,270.05,551.6,34.17,41.89,2.91
2024-08-14 16:00:00,184.4,326.23,33.45,43.12,2.56
2024-08-14 17:00:00,71.07,110.43,31.67,52.42,1.36
2024-08-14 18:00:00,0.0,0.0,29.37,63.88,0.92
2024-08-14 19:00:00,0.0,0.0,28.63,65.49,1.11
2024-08-14 20:00:00,0.0,0.0,28.06,67.59,1.38
2024-08-14 21:00:00,0.0,0.0,27.44,70.6,1.59
2024-08-14 22:00:00,0.0,0.0,26.85,73.91,1.6
2024-08-14 23:00:00,0.0,0.0,26.36,76.77,1.64
2024-08-15 00:00:00,0.0,0.0,25.94,79.22,1.76
2024-08-15 01:00:00,0.0,0.0,25.58,81.42,1.89
2024-08-15 02:00:00,0.0,0.0,25.24,83.57,2.0
2024-08-15 03:00:00,0.0,0.0,24.97,85.39,2.2
2024-08-15 04:00:00,0.0,0.0,24.75,86.57,2.4
2024-08-15 05:00:00,0.0,0.0,24.51,87.41,2.6
2024-08-15 06:00:00,48.22,55.75,24.86,85.04,3.16
2024-08-15 07:00:00,200.85,245.2,26.52,74.95,3.75
2024-08-15 08:00:00,399.1,467.88,28.72,63.88,4.03
2024-08-15 09:00:00,578.47,668.72,30.62,56.71,3.95
2024-08-15 10:00:00,731.0,818.9,32.37,50.7,3.78
2024-08-15 11:00:00,788.53,901.58,33.84,45.9,3.56
2024-08-15 12:00:00,859.45,910.97,34.75,42.96,3.28
2024-08-15 13:00:00,641.17,842.9,35.19,41.2,2.99
2024-08-15 14:00:00,550.2,704.05,35.32,40.17,2.74
2024-08-15 15:00:00,407.33,510.27,34.77,40.65,2.57
2024-08-15 16:00:00,224.25,288.38,33.97,42.5,2.46
2024-08-15 17:00:00,75.68,93.32,32.22,50.82,1.84
2024-08-15 18:00:00,0.0,0.0,29.87,62.5,1.61
2024-08-15 19:00:00,0.0,0.0,28.88,67.57,2.19
2024-08-15 20:00:00,0.0,0.0,28.07,72.54,2.34
2024-08-15 21:00:00,0.0,0.0,27.51,75.96,2.08
2024-08-15 22:00:00,0.0,0.0,27.02,78.67,1.5
2024-08-15 23:00:00,0.0,0.0,26.63,80.83,1.1
2024-08-16 00:00:00,0.0,0.0,26.31,82.55,0.89
2024-08-16 01:00:00,0.0,0.0,26.09,83.82,0.8
2024-08-16 02:00:00,0.0,0.0,25.88,84.83,0.78
2024-08-16 03:00:00,0.0,0.0,25.69,85.4,0.87
2024-08-16 04:00:00,0.0,0.0,25.54,85.61,1.01
2024-08-16 05:00:00,0.0,0.0,25.37,85.98,1.05
2024-08-16 06:00:00,29.92,60.3,25.8,83.23,1.63
2024-08-16 07:00:00,133.98,265.0,27.3,74.46,1.98
2024-08-16 08:00:00,272.67,500.83,29.25,63.84,2.69
2024-08-16 09:00:00,348.85,708.53,30.58,57.49,3.33
2024-08-16 10:00:00,520.17,861.78,31.28,53.71,3.64
2024-08-16 11:00:00,627.65,946.5,31.82,50.88,3.84
2024-08-16 12:00:00,731.47,916.88,32.26,48.68,3.95
2024-08-16 13:00:00,645.03,844.15,32.33,47.8,3.93
2024-08-16 14:00:00,497.35,708.55,32.04,48.15,3.82
2024-08-16 15:00:00,266.75,516.2,31.4,50.09,3.59
2024-08-16 16:00:00,165.0,292.67,30.51,53.89,3.06
2024-08-16 17:00:00,59.53,93.07,28.96,62.96,1.94
2024-08-16 18:00:00,0.0,0.0,27.45,71.56,1.47
2024-08-16 19:00:00,0.0,0.0,26.85,74.29,1.67
2024-08-16 20:00:00,0.0,0.0,26.45,75.95,1.81
2024-08-16 21:00:00,0.0,0.0,26.07,77.76,1.69
2024-08-16 22:00:00,0.0,0.0,25.67,80.02,1.54
2024-08-16 23:00:00,0.0,0.0,25.27,82.25,1.53
2024-08-17 00:00:00,0.0,0.0,24.95,84.03,1.47
2024-08-17 01:00:00,0.0,0.0,24.72,85.54,1.3
2024-08-17 02:00:00,0.0,0.0,24.47,87.55,0.94
2024-08-17 03:00:00,0.0,0.0,24.18,89.66,0.7
2024-08-17 04:00:00,0.0,0.0,23.86,91.27,0.76
2024-08-17 05:00:00,0.0,0.0,23.67,92.09,1.1
2024-08-17 06:00:00,21.6,55.15,24.06,90.47,1.99
2024-08-17 07:00:00,107.12,242.45,25.71,83.09,2.5
2024-08-17 08:00:00,188.1,466.38,28.48,67.64,3.01
2024-08-17 09:00:00,146.85,668.78,30.43,57.38,3.3
2024-08-17 10:00:00,263.38,816.08,31.97,51.32,3.36
2024-08-17 11:00:00,395.2,899.05,33.38,46.31,3.48
2024-08-17 12:00:00,528.83,905.38,34.41,42.76,3.68
2024-08-17 13:00:00,527.45,811.78,35.04,40.28,3.83
2024-08-17 14:00:00,455.35,650.88,35.06,39.55,3.87
2024-08-17 15:00:00,351.12,455.58,34.49,40.21,3.79
2024-08-17 16:00:00,206.52,243.52,33.5,42.32,3.54
2024-08-17 17:00:00,68.12,72.78,31.93,47.54,2.66
2024-08-17 18:00:00,0.0,0.0,29.71,57.97,1.6
2024-08-17 19:00:00,0.0,0.0,29.01,60.76,1.87
2024-08-17 20:00:00,0.0,0.0,28.47,63.35,2.15
2024-08-17 21:00:00,0.0,0.0,27.86,66.78,2.35
2024-08-17 22:00:00,0.0,0.0,27.25,70.45,2.39
2024-08-17 23:00:00,0.0,0.0,26.8,73.5,2.46
2024-08-18 00:00:00,0.0,0.0,26.44,75.93,2.51
2024-08-18 01:00:00,0.0,0.0,26.11,78.14,2.53
2024-08-18 02:00:00,0.0,0.0,25.76,80.86,2.65
2024-08-18 03:00:00,0.0,0.0,25.48,83.44,2.84
2024-08-18 04:00:00,0.0,0.0,25.21,85.47,2.91
2024-08-18 05:00:00,0.0,0.0,24.87,87.06,2.99
2024-08-18 06:00:00,39.7,43.15,24.96,85.59,3.3
2024-08-18 07:00:00,177.82,195.98,26.14,76.7,3.85
2024-08-18 08:00:00,373.73,405.05,28.21,65.66,3.86
2024-08-18 09:00:00,393.1,604.3,30.42,56.99,3.69
2024-08-18 10:00:00,482.73,758.75,32.44,50.04,3.37
2024-08-18 11:00:00,507.77,842.65,34.05,44.96,2.88
2024-08-18 12:00:00,777.67,919.85,35.03,42.03,2.35
2024-08-18 13:00:00,752.75,852.22,35.59,40.28,1.88
2024-08-18 14:00:00,593.6,713.25,35.76,39.53,1.5
2024-08-18 15:00:00,476.3,518.65,35.39,40.0,1.17
2024-08-18 16:00:00,258.1,292.98,34.44,41.9,0.77
2024-08-18 17:00:00,81.28,91.53,33.17,47.52,0.56
2024-08-18 18:00:00,0.0,0.0,31.03,61.06,0.6
2024-08-18 19:00:00,0.0,0.0,29.81,64.07,0.79
2024-08-18 20:00:00,0.0,0.0,28.91,66.44,0.97
2024-08-18 21:00:00,0.0,0.0,28.12,70.06,1.12
2024-08-18 22:00:00,0.0,0.0,27.42,74.08,1.19
2024-08-18 23:00:00,0.0,0.0,26.79,77.78,1.19
2024-08-19 00:00:00,0.0,0.0,26.33,80.43,1.37
2024-08-19 01:00:00,0.0,0.0,25.94,82.87,1.42
2024-08-19 02:00:00,0.0,0.0,25.6,85.01,1.38
2024-08-19 03:00:00,0.0,0.0,25.37,86.72,1.17
2024-08-19 04:00:00,0.0,0.0,25.23,87.62,1.12
2024-08-19 05:00:00,0.0,0.0,25.18,87.82,1.18
2024-08-19 06:00:00,51.33,56.92,25.57,85.51,1.77
2024-08-19 07:00:00,210.62,249.65,26.92,76.93,2.11
2024-08-19 08:00:00,411.62,483.17,28.5,68.05,2.28
2024-08-19 09:00:00,603.92,695.62,29.89,61.9,2.26
2024-08-19 10:00:00,786.62,851.78,30.93,57.68,2.13
2024-08-19 11:00:00,757.08,929.12,31.66,54.9,2.11
2024-08-19 12:00:00,626.62,865.12,32.04,53.33,2.12
2024-08-19 13:00:00,438.38,783.5,32.23,52.67,2.07
2024-08-19 14:00:00,398.8,656.2,32.2,52.63,1.99
2024-08-19 15:00:00,344.95,474.67,31.84,53.95,1.81
2024-08-19 16:00:00,189.2,267.48,31.09,58.62,1.41
2024-08-19 17:00:00,63.08,84.85,29.91,68.43,0.97
2024-08-19 18:00:00,0.0,0.0,28.52,80.75,0.57
2024-08-19 19:00:00,0.0,0.0,27.89,84.17,0.59
2024-08-19 20:00:00,0.0,0.0,27.32,87.51,0.58
2024-08-19 21:00:00,0.0,0.0,26.82,90.3,0.56
2024-08-19 22:00:00,0.0,0.0,26.43,92.42,0.54
2024-08-19 23:00:00,0.0,0.0,26.1,94.01,0.51
2024-08-20 00:00:00,0.0,0.0,25.82,94.81,0.58
2024-08-20 01:00:00,0.0,0.0,25.52,95.67,0.81
2024-08-20 02:00:00,0.0,0.0,25.3,96.19,1.0
2024-08-20 03:00:00,0.0,0.0,25.13,96.8,0.95
2024-08-20 04:00:00,0.0,0.0,24.95,97.43,0.7
2024-08-20 05:00:00,0.0,0.0,24.73,97.75,0.58
2024-08-20 06:00:00,31.0,63.53,24.99,96.71,1.01
2024-08-20 07:00:00,136.05,270.8,25.54,94.48,1.46
2024-08-20 08:00:00,273.55,504.6,26.45,90.0,1.64
2024-08-20 09:00:00,439.12,710.17,27.46,83.52,2.02
2024-08-20 10:00:00,692.7,861.5,28.32,77.52,2.31
2024-08-20 11:00:00,744.7,943.47,29.28,71.56,2.37
2024-08-20 12:00:00,716.85,962.38,30.08,66.19,2.42
2024-08-20 13:00:00,597.55,897.83,30.3,63.9,2.62
2024-08-20 14:00:00,569.1,756.05,29.78,65.58,2.96
2024-08-20 15:00:00,454.98,557.33,28.95,69.52,3.21
2024-08-20 16:00:00,239.35,323.67,28.01,75.18,3.14
2024-08-20 17:00:00,74.82,102.68,26.83,83.89,2.49
2024-08-20 18:00:00,0.0,0.0,25.71,91.34,2.1
2024-08-20 19:00:00,0.0,0.0,25.31,93.82,2.47
2024-08-20 20:00:00,0.0,0.0,25.07,95.15,2.6
2024-08-20 21:00:00,0.0,0.0,24.83,95.75,2.49
2024-08-20 22:00:00,0.0,0.0,24.61,96.18,2.38
2024-08-20 23:00:00,0.0,0.0,24.37,96.6,2.22
2024-08-21 00:00:00,0.0,0.0,24.12,96.96,2.03
2024-08-21 01:00:00,0.0,0.0,23.88,97.26,1.84
2024-08-21 02:00:00,0.0,0.0,23.75,96.88,1.93
2024-08-21 03:00:00,0.0,0.0,23.66,96.61,2.2
2024-08-21 04:00:00,0.0,0.0,23.54,96.54,2.49
2024-08-21 05:00:00,0.0,0.0,23.38,96.47,2.68
2024-08-21 06:00:00,32.17,66.93,23.61,95.59,3.1
2024-08-21 07:00:00,109.4,280.38,24.58,90.4,3.84
2024-08-21 08:00:00,201.12,512.97,26.28,79.98,4.19
2024-08-21 09:00:00,314.83,713.6,28.19,70.13,4.16
2024-08-21 10:00:00,407.17,863.95,29.59,64.17,4.01
2024-08-21 11:00:00,463.4,944.25,30.65,60.46,3.85
2024-08-21 12:00:00,577.0,947.03,31.43,57.71,3.63
2024-08-21 13:00:00,497.3,884.67,31.76,56.36,3.33
2024-08-21 14:00:00,492.1,747.33,31.68,56.08,2.95
2024-08-21 15:00:00,323.52,551.6,31.35,56.75,2.56
2024-08-21 16:00:00,180.85,320.4,30.71,58.85,2.11
2024-08-21 17:00:00,58.28,102.0,29.3,69.19,1.2
2024-08-21 18:00:00,0.0,0.0,27.58,79.54,0.73
2024-08-21 19:00:00,0.0,0.0,26.99,80.75,0.76
2024-08-21 20:00:00,0.0,0.0,26.54,82.06,0.76
2024-08-21 21:00:00,0.0,0.0,26.02,83.53,0.75
2024-08-21 22:00:00,0.0,0.0,25.54,84.89,0.74
2024-08-21 23:00:00,0.0,0.0,25.21,86.16,0.69
2024-08-22 00:00:00,0.0,0.0,25.03,87.27,0.63
2024-08-22 01:00:00,0.0,0.0,24.84,88.44,0.58
2024-08-22 02:00:00,0.0,0.0,24.57,89.82,0.57
2024-08-22 03:00:00,0.0,0.0,24.3,91.19,0.59
2024-08-22 04:00:00,0.0,0.0,24.08,92.32,0.62
2024-08-22 05:00:00,0.0,0.0,23.86,93.47,0.67
2024-08-22 06:00:00,36.88,59.25,24.67,89.79,1.47
2024-08-22 07:00:00,143.73,256.9,26.59,80.36,1.86
2024-08-22 08:00:00,288.1,485.17,28.67,70.82,2.3
2024-08-22 09:00:00,432.48,691.97,30.07,64.84,2.54
2024-08-22 10:00:00,630.58,846.72,31.13,60.62,2.58
2024-08-22 11:00:00,710.22,927.47,31.99,57.68,2.67
2024-08-22 12:00:00,814.6,962.25,32.66,55.59,2.83
2024-08-22 13:00:00,805.42,894.12,32.93,54.56,2.98
2024-08-22 14:00:00,641.97,753.72,32.82,54.63,3.07
2024-08-22 15:00:00,454.62,555.62,32.29,55.96,3.08
2024-08-22 16:00:00,252.23,321.58,31.38,59.21,2.81
2024-08-22 17:00:00,78.45,100.03,29.96,68.76,1.78
2024-08-22 18:00:00,0.0,0.0,27.96,80.09,1.14
2024-08-22 19:00:00,0.0,0.0,27.25,83.41,1.11
2024-08-22 20:00:00,0.0,0.0,26.83,85.6,1.06
2024-08-22 21:00:00,0.0,0.0,26.45,87.32,1.0
2024-08-22 22:00:00,0.0,0.0,26.12,88.73,0.96
2024-08-22 23:00:00,0.0,0.0,25.82,89.73,0.97
2024-08-23 00:00:00,0.0,0.0,25.51,90.62,1.05
2024-08-23 01:00:00,0.0,0.0,25.25,91.43,1.21
2024-08-23 02:00:00,0.0,0.0,25.0,92.45,1.38
2024-08-23 03:00:00,0.0,0.0,24.79,93.54,1.54
2024-08-23 04:00:00,0.0,0.0,24.6,94.73,1.57
2024-08-23 05:00:00,0.0,0.0,24.49,95.49,1.57
2024-08-23 06:00:00,9.88,62.95,24.65,95.27,2.04
2024-08-23 07:00:00,31.85,273.3,25.25,93.65,2.6
2024-08-23 08:00:00,51.62,512.8,26.35,89.02,2.72
2024-08-23 09:00:00,216.12,723.25,27.86,80.41,2.72
2024-08-23 10:00:00,288.45,877.4,28.98,74.31,2.59
2024-08-23 11:00:00,332.58,959.92,29.54,71.84,2.32
2024-08-23 12:00:00,327.65,967.08,29.64,69.76,2.18
2024-08-23 13:00:00,271.3,901.58,29.26,70.71,2.27
2024-08-23 14:00:00,185.95,769.38,28.82,72.87,2.41
2024-08-23 15:00:00,218.45,577.75,28.27,75.76,2.37
2024-08-23 16:00:00,120.72,348.38,27.53,81.12,1.88
2024-08-23 17:00:00,46.03,117.2,26.61,88.22,1.22
2024-08-23 18:00:00,0.0,0.0,25.71,94.08,0.71
2024-08-23 19:00:00,0.0,0.0,25.4,95.11,0.65
2024-08-23 20:00:00,0.0,0.0,25.18,95.54,0.62
2024-08-23 21:00:00,0.0,0.0,25.0,95.49,0.56
2024-08-23 22:00:00,0.0,0.0,25.01,93.4,0.45
2024-08-23 23:00:00,0.0,0.0,24.81,93.69,0.48
2024-08-24 00:00:00,0.0,0.0,24.29,96.66,0.58
2024-08-24 01:00:00,0.0,0.0,24.04,97.18,0.53
2024-08-24 02:00:00,0.0,0.0,23.84,97.53,0.53
2024-08-24 03:00:00,0.0,0.0,23.72,97.99,0.76
2024-08-24 04:00:00,0.0,0.0,23.73,97.86,1.12
2024-08-24 05:00:00,0.0,0.0,23.88,97.22,1.78
2024-08-24 06:00:00,26.45,72.72,24.1,96.34,2.8
2024-08-24 07:00:00,100.88,287.2,24.34,95.53,3.56
2024-08-24 08:00:00,181.0,510.45,24.54,93.06,4.38
2024-08-24 09:00:00,293.0,701.55,25.22,87.63,4.97
2024-08-24 10:00:00,380.48,837.47,26.65,79.26,5.26
2024-08-24 11:00:00,399.3,902.05,28.0,72.55,5.28
2024-08-24 12:00:00,485.48,919.5,29.19,68.1,5.07
2024-08-24 13:00:00,503.17,829.0,29.5,66.85,4.69
2024-08-24 14:00:00,356.7,664.5,29.3,66.98,4.24
2024-08-24 15:00:00,258.75,459.38,29.01,67.98,3.65
2024-08-24 16:00:00,148.25,242.88,28.5,70.35,3.0
2024-08-24 17:00:00,49.4,67.97,27.38,78.43,1.84
2024-08-24 18:00:00,0.0,0.0,25.73,89.2,1.0
2024-08-24 19:00:00,0.0,0.0,25.12,91.83,0.93
2024-08-24 20:00:00,0.0,0.0,24.79,93.38,0.87
2024-08-24 21:00:00,0.0,0.0,24.52,94.54,0.81
2024-08-24 22:00:00,0.0,0.0,24.25,95.38,0.75
2024-08-24 23:00:00,0.0,0.0,23.97,96.12,0.72
2024-08-25 00:00:00,0.0,0.0,23.73,96.77,0.78
2024-08-25 01:00:00,0.0,0.0,23.54,97.29,0.86
2024-08-25 02:00:00,0.0,0.0,23.42,97.8,1.02
2024-08-25 03:00:00,0.0,0.0,23.36,97.65,1.35
2024-08-25 04:00:00,0.0,0.0,23.26,97.59,1.62
2024-08-25 05:00:00,0.0,0.0,23.07,97.69,1.41
2024-08-25 06:00:00,29.92,55.2,23.54,96.2,1.86
2024-08-25 07:00:00,123.82,245.65,24.49,91.15,2.67
2024-08-25 08:00:00,245.93,469.65,26.05,82.07,2.78
2024-08-25 09:00:00,355.27,667.85,27.61,74.42,2.57
2024-08-25 10:00:00,433.33,813.1,28.67,70.35,2.43
2024-08-25 11:00:00,518.55,893.85,29.61,67.22,2.32
2024-08-25 12:00:00,510.62,960.38,30.3,64.87,2.21
2024-08-25 13:00:00,487.95,891.1,30.55,63.88,2.13
2024-08-25 14:00:00,382.88,751.45,30.49,63.65,2.13
2024-08-25 15:00:00,294.95,553.83,30.24,64.57,2.01
2024-08-25 16:00:00,142.48,318.6,29.73,68.47,1.53
2024-08-25 17:00:00,47.5,94.47,28.72,76.15,1.03
2024-08-25 18:00:00,0.0,0.0,27.45,84.11,0.6
2024-08-25 19:00:00,0.0,0.0,27.27,83.37,0.56
2024-08-25 20:00:00,0.0,0.0,27.02,83.64,0.54
2024-08-25 21:00:00,0.0,0.0,26.68,84.92,0.53
2024-08-25 22:00:00,0.0,0.0,26.2,87.45,0.55
2024-08-25 23:00:00,0.0,0.0,25.7,89.56,0.63
2024-08-26 00:00:00,0.0,0.0,25.33,90.27,0.8
2024-08-26 01:00:00,0.0,0.0,25.03,90.49,1.04
2024-08-26 02:00:00,0.0,0.0,24.8,90.88,1.22
2024-08-26 03:00:00,0.0,0.0,24.55,91.82,1.23
2024-08-26 04:00:00,0.0,0.0,24.28,93.09,1.09
2024-08-26 05:00:00,0.0,0.0,24.0,94.35,0.95
2024-08-26 06:00:00,48.62,55.95,24.61,92.02,1.61
2024-08-26 07:00:00,192.73,244.25,26.24,84.82,2.18
2024-08-26 08:00:00,370.75,475.4,28.6,73.22,2.95
2024-08-26 09:00:00,546.62,683.95,29.61,69.1,3.25
2024-08-26 10:00:00,569.15,829.75,30.15,67.44,3.31
2024-08-26 11:00:00,664.7,908.55,30.49,66.35,3.24
2024-08-26 12:00:00,782.3,918.85,30.62,66.04,3.08
2024-08-26 13:00:00,493.1,833.92,30.52,66.68,2.76
2024-08-26 14:00:00,368.17,688.75,30.38,67.67,2.4
2024-08-26 15:00:00,81.72,489.9,30.02,69.86,1.99
2024-08-26 16:00:00,86.12,265.25,29.29,75.32,1.35
2024-08-26 17:00:00,33.65,74.45,28.29,83.73,0.8
2024-08-26 18:00:00,0.0,0.0,27.5,85.1,0.59
2024-08-26 19:00:00,0.0,0.0,27.15,86.12,0.57
2024-08-26 20:00:00,0.0,0.0,26.63,89.25,0.58
2024-08-26 21:00:00,0.0,0.0,26.21,91.49,0.59
2024-08-26 22:00:00,0.0,0.0,25.87,92.64,0.75
2024-08-26 23:00:00,0.0,0.0,25.54,92.98,1.18
2024-08-27 00:00:00,0.0,0.0,25.33,93.12,1.77
2024-08-27 01:00:00,0.0,0.0,25.09,94.01,2.04
2024-08-27 02:00:00,0.0,0.0,24.83,95.4,1.96
2024-08-27 03:00:00,0.0,0.0,24.66,96.27,1.74
2024-08-27 04:00:00,0.0,0.0,24.56,96.72,1.57
2024-08-27 05:00:00,0.0,0.0,24.54,96.84,1.52
2024-08-27 06:00:00,36.12,53.17,24.84,96.0,1.89
2024-08-27 07:00:00,159.9,227.32,25.47,94.35,2.23
2024-08-27 08:00:00,306.58,441.83,26.38,91.03,2.36
2024-08-27 09:00:00,434.02,638.65,27.24,85.58,2.61
2024-08-27 10:00:00,515.3,784.15,28.0,79.87,2.56
2024-08-27 11:00:00,499.05,857.85,28.49,76.52,2.35
2024-08-27 12:00:00,549.45,934.22,28.74,74.88,2.07
2024-08-27 13:00:00,476.25,858.47,28.88,74.11,1.81
2024-08-27 14:00:00,410.58,713.4,28.85,74.2,1.6
2024-08-27 15:00:00,319.08,509.4,28.51,76.42,1.34
2024-08-27 16:00:00,163.27,277.85,28.25,79.8,1.05
2024-08-27 17:00:00,50.45,75.82,27.43,84.65,0.81
2024-08-27 18:00:00,0.0,0.0,26.45,88.09,0.63
2024-08-27 19:00:00,0.0,0.0,26.17,87.47,0.67
2024-08-27 20:00:00,0.0,0.0,25.84,88.48,0.69
2024-08-27 21:00:00,0.0,0.0,25.39,89.92,0.71
2024-08-27 22:00:00,0.0,0.0,24.85,92.87,0.74
2024-08-27 23:00:00,0.0,0.0,24.52,94.52,0.91
2024-08-28 00:00:00,0.0,0.0,24.31,95.48,1.28
2024-08-28 01:00:00,0.0,0.0,24.24,95.87,2.03
2024-08-28 02:00:00,0.0,0.0,24.05,96.61,2.57
2024-08-28 03:00:00,0.0,0.0,23.7,97.03,2.41
2024-08-28 04:00:00,0.0,0.0,23.34,97.18,2.24
2024-08-28 05:00:00,0.0,0.0,22.98,97.29,1.98
2024-08-28 06:00:00,39.08,51.45,23.22,96.32,2.35
2024-08-28 07:00:00,153.95,222.38,24.04,93.27,3.27
2024-08-28 08:00:00,280.85,435.95,25.42,86.33,3.98
2024-08-28 09:00:00,398.35,631.1,26.89,78.9,4.18
2024-08-28 10:00:00,467.48,775.42,27.99,74.55,4.17
2024-08-28 11:00:00,552.47,852.45,29.1,71.1,4.21
2024-08-28 12:00:00,372.25,695.58,30.1,68.0,4.15
2024-08-28 13:00:00,288.15,595.28,30.59,66.02,3.93
2024-08-28 14:00:00,284.35,467.6,30.83,64.8,3.66
2024-08-28 15:00:00,178.38,309.48,30.65,65.17,3.28
2024-08-28 16:00:00,93.45,154.52,29.94,68.65,2.54
2024-08-28 17:00:00,23.0,42.1,28.62,78.77,1.38
2024-08-28 18:00:00,0.0,0.0,26.89,87.89,0.89
2024-08-28 19:00:00,0.0,0.0,26.4,88.62,1.01
2024-08-28 20:00:00,0.0,0.0,26.03,89.22,1.15
2024-08-28 21:00:00,0.0,0.0,25.67,90.15,1.27
2024-08-28 22:00:00,0.0,0.0,25.33,91.37,1.34
2024-08-28 23:00:00,0.0,0.0,24.97,92.61,1.38
2024-08-29 00:00:00,0.0,0.0,24.7,93.6,1.49
2024-08-29 01:00:00,0.0,0.0,24.51,94.52,1.64
2024-08-29 02:00:00,0.0,0.0,24.35,95.62,1.68
2024-08-29 03:00:00,0.0,0.0,24.19,96.49,1.56
2024-08-29 04:00:00,0.0,0.0,24.0,97.16,1.39
2024-08-29 05:00:00,0.0,0.0,23.93,97.11,1.59
2024-08-29 06:00:00,22.62,36.7,24.4,95.09,2.51
2024-08-29 07:00:00,85.28,159.0,25.26,90.25,3.23
2024-08-29 08:00:00,166.43,332.88,26.54,81.84,3.6
2024-08-29 09:00:00,282.17,513.42,28.02,74.57,3.57
2024-08-29 10:00:00,322.5,657.92,29.08,70.21,3.31
2024-08-29 11:00:00,423.38,736.75,29.69,67.72,3.09
2024-08-29 12:00:00,486.17,860.05,30.13,65.99,2.87
2024-08-29 13:00:00,389.95,786.35,30.34,65.03,2.65
2024-08-29 14:00:00,367.95,641.72,30.39,64.56,2.33
2024-08-29 15:00:00,266.92,444.88,29.98,66.09,1.94
2024-08-29 16:00:00,126.75,231.23,29.38,70.47,1.46
2024-08-29 17:00:00,34.67,62.17,28.25,79.24,1.01
2024-08-29 18:00:00,0.0,0.0,26.95,86.24,0.72
2024-08-29 19:00:00,0.0,0.0,26.45,87.38,0.81
2024-08-29 20:00:00,0.0,0.0,25.96,88.6,0.91
2024-08-29 21:00:00,0.0,0.0,25.63,89.69,1.02
2024-08-29 22:00:00,0.0,0.0,25.35,90.57,1.19
2024-08-29 23:00:00,0.0,0.0,25.08,91.34,1.4
2024-08-30 00:00:00,0.0,0.0,24.79,92.36,1.6
2024-08-30 01:00:00,0.0,0.0,24.55,93.28,1.77
2024-08-30 02:00:00,0.0,0.0,24.3,94.28,2.03
2024-08-30 03:00:00,0.0,0.0,24.07,95.16,2.25
2024-08-30 04:00:00,0.0,0.0,23.85,95.92,2.35
2024-08-30 05:00:00,0.0,0.0,23.67,96.35,2.44
2024-08-30 06:00:00,40.6,60.05,23.76,96.02,2.65
2024-08-30 07:00:00,167.23,258.35,24.32,94.65,2.93
2024-08-30 08:00:00,329.05,488.02,25.11,91.62,2.91
2024-08-30 09:00:00,379.02,691.85,25.95,86.67,3.33
2024-08-30 10:00:00,354.58,839.92,26.91,81.13,3.65
2024-08-30 11:00:00,339.33,922.78,27.67,77.09,3.69
2024-08-30 12:00:00,261.02,930.33,28.22,74.67,3.56
2024-08-30 13:00:00,196.57,859.53,28.42,73.82,3.26
2024-08-30 14:00:00,229.8,716.28,28.3,74.58,2.87
2024-08-30 15:00:00,192.9,514.55,27.94,76.85,2.44
2024-08-30 16:00:00,108.1,283.27,27.23,82.27,1.74
2024-08-30 17:00:00,35.58,75.62,26.22,89.11,1.23
2024-08-30 18:00:00,0.0,0.0,25.12,94.38,0.85
2024-08-30 19:00:00,0.0,0.0,24.75,95.23,0.94
2024-08-30 20:00:00,0.0,0.0,24.49,95.72,1.01
2024-08-30 21:00:00,0.0,0.0,24.24,96.19,1.0
2024-08-30 22:00:00,0.0,0.0,23.99,96.56,0.97
2024-08-30 23:00:00,0.0,0.0,23.74,96.77,0.88
2024-08-31 00:00:00,0.0,0.0,23.49,97.03,0.8
2024-08-31 01:00:00,0.0,0.0,23.29,96.9,0.72
2024-08-31 02:00:00,0.0,0.0,23.11,96.81,0.64
2024-08-31 03:00:00,0.0,0.0,22.92,96.91,0.6
2024-08-31 04:00:00,0.0,0.0,22.77,97.43,0.65
2024-08-31 05:00:00,0.0,0.0,22.71,97.71,0.86
2024-08-31 06:00:00,24.2,60.33,23.21,96.87,1.61
2024-08-31 07:00:00,113.47,260.8,23.98,95.43,2.49
2024-08-31 08:00:00,243.5,495.98,24.99,91.67,2.83
2024-08-31 09:00:00,483.12,703.6,25.97,85.47,3.14
2024-08-31 10:00:00,594.42,853.78,26.82,80.34,2.94
2024-08-31 11:00:00,643.25,933.65,27.44,76.66,2.52
2024-08-31 12:00:00,649.38,938.95,27.92,74.07,2.14
2024-08-31 13:00:00,487.88,875.3,28.31,72.11,1.92
2024-08-31 14:00:00,437.88,734.85,28.52,70.99,1.73
2024-08-31 15:00:00,291.75,535.83,28.53,70.65,1.58
2024-08-31 16:00:00,155.6,302.58,28.07,73.97,1.32
2024-08-31 17:00:00,50.08,83.15,27.18,81.18,0.97
2024-08-31 18:00:00,0.0,0.0,25.87,88.75,0.62
2024-08-31 19:00:00,0.0,0.0,25.55,89.41,0.63
2024-08-31 20:00:00,0.0,0.0,25.15,91.17,0.67
2024-08-31 21:00:00,0.0,0.0,24.75,92.42,0.83
2024-08-31 22:00:00,0.0,0.0,24.47,93.17,1.13
2024-08-31 23:00:00,0.0,0.0,24.3,94.08,1.61
2024-09-01 00:00:00,0.0,0.0,24.16,95.45,1.95
2024-09-01 01:00:00,0.0,0.0,23.96,96.79,1.87
2024-09-01 02:00:00,0.0,0.0,23.79,97.28,1.64
2024-09-01 03:00:00,0.0,0.0,23.57,97.61,1.45
2024-09-01 04:00:00,0.0,0.0,23.44,97.6,1.54
2024-09-01 05:00:00,0.0,0.0,23.41,97.22,1.9
2024-09-01 06:00:00,45.83,65.03,23.66,95.93,2.63
2024-09-01 07:00:00,158.25,274.8,24.19,92.32,3.76
2024-09-01 08:00:00,288.27,508.12,25.25,85.45,4.33
2024-09-01 09:00:00,357.38,712.08,27.03,76.22,4.54
2024-09-01 10:00:00,458.0,859.2,28.59,70.53,4.57
2024-09-01 11:00:00,569.25,934.3,29.7,67.27,4.47
2024-09-01 12:00:00,600.62,941.6,30.4,65.46,4.33
2024-09-01 13:00:00,527.1,863.17,30.7,64.5,4.15
2024-09-01 14:00:00,404.0,713.0,30.83,64.23,3.99
2024-09-01 15:00:00,276.33,504.27,30.29,66.47,3.67
2024-09-01 16:00:00,132.65,274.38,29.54,69.99,3.16
2024-09-01 17:00:00,37.67,73.57,28.24,79.06,1.83
2024-09-01 18:00:00,0.0,0.0,26.66,86.81,1.2
2024-09-01 19:00:00,0.0,0.0,26.19,88.29,1.25
2024-09-01 20:00:00,0.0,0.0,25.8,89.66,1.24
2024-09-01 21:00:00,0.0,0.0,25.48,90.72,1.26
2024-09-01 22:00:00,0.0,0.0,25.18,91.7,1.33
2024-09-01 23:00:00,0.0,0.0,24.9,92.65,1.4
2024-09-02 00:00:00,0.0,0.0,24.62,93.68,1.48
2024-09-02 01:00:00,0.0,0.0,24.34,94.68,1.56
2024-09-02 02:00:00,0.0,0.0,24.07,95.54,1.64
2024-09-02 03:00:00,0.0,0.0,23.82,96.19,1.75
2024-09-02 04:00:00,0.0,0.0,23.59,96.72,1.76
2024-09-02 05:00:00,0.0,0.0,23.38,97.06,1.74
2024-09-02 06:00:00,50.3,59.53,23.84,94.92,2.48
2024-09-02 07:00:00,149.3,252.82,25.19,88.26,3.39
2024-09-02 08:00:00,264.23,479.83,26.94,78.2,3.95
2024-09-02 09:00:00,341.1,687.35,28.64,70.56,3.95
2024-09-02 10:00:00,501.25,835.58,29.91,66.03,3.81
2024-09-02 11:00:00,674.1,910.72,30.9,62.87,3.66
2024-09-02 12:00:00,835.28,936.03,31.6,60.79,3.49
2024-09-02 13:00:00,780.0,861.2,31.99,59.53,3.29
2024-09-02 14:00:00,551.17,714.58,31.99,59.35,3.09
2024-09-02 15:00:00,346.25,512.75,31.72,59.94,2.88
2024-09-02 16:00:00,186.65,280.52,31.03,62.32,2.5
2024-09-02 17:00:00,57.88,72.45,29.54,72.49,1.46
2024-09-02 18:00:00,0.0,0.0,27.52,82.04,0.91
2024-09-02 19:00:00,0.0,0.0,26.93,83.11,1.01
2024-09-02 20:00:00,0.0,0.0,26.44,84.41,1.1
2024-09-02 21:00:00,0.0,0.0,25.99,85.96,1.15
2024-09-02 22:00:00,0.0,0.0,25.61,87.5,1.16
2024-09-02 23:00:00,0.0,0.0,25.26,88.87,1.17
2024-09-03 00:00:00,0.0,0.0,24.99,90.06,1.24
2024-09-03 01:00:00,0.0,0.0,24.77,91.35,1.29
2024-09-03 02:00:00,0.0,0.0,24.59,92.58,1.31
2024-09-03 03:00:00,0.0,0.0,24.48,93.56,1.31
2024-09-03 04:00:00,0.0,0.0,24.37,94.41,1.28
2024-09-03 05:00:00,0.0,0.0,24.27,95.12,1.39
2024-09-03 06:00:00,56.15,61.12,24.66,93.72,2.15
2024-09-03 07:00:00,218.43,257.77,25.84,88.28,2.89
2024-09-03 08:00:00,426.92,489.73,27.48,78.95,3.54
2024-09-03 09:00:00,605.4,694.5,28.75,72.41,3.82
2024-09-03 10:00:00,754.58,844.25,29.74,68.05,3.92
2024-09-03 11:00:00,819.75,923.55,30.61,64.4,3.96
2024-09-03 12:00:00,777.47,932.2,31.2,62.09,3.9
2024-09-03 13:00:00,655.9,859.92,31.47,60.97,3.62
2024-09-03 14:00:00,508.02,713.6,31.09,61.76,3.3
2024-09-03 15:00:00,369.58,511.62,30.38,64.26,3.08
2024-09-03 16:00:00,196.32,279.38,29.57,69.4,2.46
2024-09-03 17:00:00,54.03,70.28,28.25,78.57,1.6
2024-09-03 18:00:00,0.0,0.0,26.93,83.56,1.44
2024-09-03 19:00:00,0.0,0.0,26.44,84.74,1.63
2024-09-03 20:00:00,0.0,0.0,26.04,86.12,1.61
2024-09-03 21:00:00,0.0,0.0,25.69,87.39,1.54
2024-09-03 22:00:00,0.0,0.0,25.4,88.27,1.58
2024-09-03 23:00:00,0.0,0.0,25.13,89.42,1.57
2024-09-04 00:00:00,0.0,0.0,24.93,90.41,1.63
2024-09-04 01:00:00,0.0,0.0,24.84,90.49,1.91
2024-09-04 02:00:00,0.0,0.0,24.74,90.91,2.24
2024-09-04 03:00:00,0.0,0.0,24.55,92.15,2.46
2024-09-04 04:00:00,0.0,0.0,24.34,93.33,2.67
2024-09-04 05:00:00,0.0,0.0,24.19,93.82,2.92
2024-09-04 06:00:00,44.7,67.1,24.23,93.53,3.22
2024-09-04 07:00:00,155.35,282.15,24.84,91.16,3.6
2024-09-04 08:00:00,280.9,519.17,25.6,86.48,4.08
2024-09-04 09:00:00,396.17,724.45,26.39,81.09,4.43
2024-09-04 10:00:00,514.72,874.85,27.29,76.45,4.55
2024-09-04 11:00:00,697.75,950.97,28.36,72.01,4.53
2024-09-04 12:00:00,782.9,960.5,29.16,68.87,4.17
2024-09-04 13:00:00,598.4,886.5,29.45,67.22,3.89
2024-09-04 14:00:00,549.75,742.45,29.65,66.14,3.73
2024-09-04 15:00:00,344.9,541.15,29.45,67.01,3.44
2024-09-04 16:00:00,198.65,305.52,28.82,70.68,2.82
2024-09-04 17:00:00,62.47,81.15,27.6,80.93,1.5
2024-09-04 18:00:00,0.0,0.0,26.21,87.62,1.15
2024-09-04 19:00:00,0.0,0.0,25.75,88.86,1.24
2024-09-04 20:00:00,0.0,0.0,25.43,90.04,1.3
2024-09-04 21:00:00,0.0,0.0,25.15,91.25,1.33
2024-09-04 22:00:00,0.0,0.0,24.91,91.98,1.54
2024-09-04 23:00:00,0.0,0.0,24.71,92.2,2.02
2024-09-05 00:00:00,0.0,0.0,24.42,93.34,2.27
2024-09-05 01:00:00,0.0,0.0,24.06,94.98,2.16
2024-09-05 02:00:00,0.0,0.0,23.83,96.12,1.87
2024-09-05 03:00:00,0.0,0.0,23.76,96.0,2.16
2024-09-05 04:00:00,0.0,0.0,23.63,95.93,2.51
2024-09-05 05:00:00,0.0,0.0,23.43,96.05,2.6
2024-09-05 06:00:00,46.42,69.95,23.52,95.3,2.77
2024-09-05 07:00:00,158.27,287.12,24.25,91.58,3.34
2024-09-05 08:00:00,297.38,522.7,25.49,83.52,3.92
2024-09-05 09:00:00,398.27,726.58,27.03,75.6,4.11
2024-09-05 10:00:00,574.85,871.1,28.48,70.04,4.09
2024-09-05 11:00:00,744.28,949.1,29.78,65.44,4.03
2024-09-05 12:00:00,823.6,979.67,30.83,61.86,3.9
2024-09-05 13:00:00,702.55,901.78,31.37,59.93,3.67
2024-09-05 14:00:00,542.83,752.1,31.49,59.25,3.33
2024-09-05 15:00:00,393.15,546.22,31.28,59.5,2.96
2024-09-05 16:00:00,215.65,306.35,30.68,61.51,2.48
2024-09-05 17:00:00,66.3,79.07,29.18,71.81,1.39
2024-09-05 18:00:00,0.0,0.0,27.26,81.85,0.84
2024-09-05 19:00:00,0.0,0.0,26.74,82.93,0.88
2024-09-05 20:00:00,0.0,0.0,26.33,84.01,0.91
2024-09-05 21:00:00,0.0,0.0,25.98,85.26,0.91
2024-09-05 22:00:00,0.0,0.0,25.62,86.6,0.89
2024-09-05 23:00:00,0.0,0.0,25.23,88.07,0.87
2024-09-06 00:00:00,0.0,0.0,24.91,89.27,0.87
2024-09-06 01:00:00,0.0,0.0,24.66,90.32,0.89
2024-09-06 02:00:00,0.0,0.0,24.48,91.11,1.0
2024-09-06 03:00:00,0.0,0.0,24.32,92.02,1.2
2024-09-06 04:00:00,0.0,0.0,24.23,92.81,1.62
2024-09-06 05:00:00,0.0,0.0,24.08,93.74,2.12
2024-09-06 06:00:00,55.28,70.68,24.32,92.4,2.88
2024-09-06 07:00:00,224.55,288.9,25.58,83.49,3.73
2024-09-06 08:00:00,435.02,528.35,27.23,72.83,4.05
2024-09-06 09:00:00,681.5,733.97,28.98,65.53,3.95
2024-09-06 10:00:00,848.88,882.28,30.42,60.8,3.73
2024-09-06 11:00:00,897.4,959.95,31.37,57.92,3.47
2024-09-06 12:00:00,676.97,966.75,31.98,56.0,3.23
2024-09-06 13:00:00,597.45,890.3,32.25,54.9,2.94
2024-09-06 14:00:00,526.53,744.75,32.31,54.49,2.58
2024-09-06 15:00:00,415.9,537.8,31.77,55.8,2.1
2024-09-06 16:00:00,228.93,298.55,31.13,58.9,1.51
2024-09-06 17:00:00,65.62,74.82,30.23,65.62,0.9
2024-09-06 18:00:00,0.0,0.0,28.89,72.65,0.62
2024-09-06 19:00:00,0.0,0.0,28.26,74.15,0.66
2024-09-06 20:00:00,0.0,0.0,27.53,77.36,0.68
2024-09-06 21:00:00,0.0,0.0,26.92,79.48,0.69
2024-09-06 22:00:00,0.0,0.0,26.38,81.2,0.69
2024-09-06 23:00:00,0.0,0.0,25.92,82.87,0.68
2024-09-07 00:00:00,0.0,0.0,25.55,84.48,0.64
2024-09-07 01:00:00,0.0,0.0,25.26,86.03,0.61
2024-09-07 02:00:00,0.0,0.0,24.96,87.46,0.57
2024-09-07 03:00:00,0.0,0.0,24.69,88.54,0.58
2024-09-07 04:00:00,0.0,0.0,24.42,89.35,0.64
2024-09-07 05:00:00,0.0,0.0,24.11,90.1,0.79
2024-09-07 06:00:00,25.35,64.8,24.38,88.26,1.6
2024-09-07 07:00:00,79.4,270.95,25.76,80.28,2.05
2024-09-07 08:00:00,139.93,504.1,27.56,70.88,2.1
2024-09-07 09:00:00,174.57,710.25,29.11,65.49,1.87
2024-09-07 10:00:00,312.23,859.0,30.17,62.96,1.59
2024-09-07 11:00:00,455.27,935.12,30.62,62.19,1.5
2024-09-07 12:00:00,293.3,934.9,30.56,62.62,1.47
2024-09-07 13:00:00,352.92,864.8,30.09,64.64,1.4
2024-09-07 14:00:00,225.62,721.22,29.31,68.57,1.3
2024-09-07 15:00:00,153.95,518.03,28.65,72.81,1.25
2024-09-07 16:00:00,66.97,282.73,27.9,79.5,1.09
2024-09-07 17:00:00,20.7,68.07,26.97,84.54,1.08
2024-09-07 18:00:00,0.0,0.0,25.93,92.15,0.67
2024-09-07 19:00:00,0.0,0.0,25.53,93.45,0.66
2024-09-07 20:00:00,0.0,0.0,25.23,94.41,0.65
2024-09-07 21:00:00,0.0,0.0,24.94,95.3,0.65
2024-09-07 22:00:00,0.0,0.0,24.65,95.97,0.66
2024-09-07 23:00:00,0.0,0.0,24.39,96.5,0.68
2024-09-08 00:00:00,0.0,0.0,24.15,96.99,0.76
2024-09-08 01:00:00,0.0,0.0,23.92,97.28,0.85
2024-09-08 02:00:00,0.0,0.0,23.72,97.59,0.74
2024-09-08 03:00:00,0.0,0.0,23.54,97.58,0.56
2024-09-08 04:00:00,0.0,0.0,23.39,97.29,0.48
2024-09-08 05:00:00,0.0,0.0,23.31,96.71,0.48
2024-09-08 06:00:00,45.97,68.1,23.85,96.61,0.7
2024-09-08 07:00:00,155.25,285.8,25.3,90.63,1.19
2024-09-08 08:00:00,257.02,527.55,27.13,78.74,1.52
2024-09-08 09:00:00,344.05,734.38,28.4,71.01,1.81
2024-09-08 10:00:00,465.67,881.85,29.6,66.33,2.09
2024-09-08 11:00:00,586.33,958.72,30.43,64.03,2.35
2024-09-08 12:00:00,664.17,940.15,30.98,62.55,2.59
2024-09-08 13:00:00,573.67,862.53,31.37,61.27,2.72
2024-09-08 14:00:00,443.42,718.58,31.44,60.65,2.75
2024-09-08 15:00:00,293.88,517.47,31.18,60.98,2.68
2024-09-08 16:00:00,159.1,283.2,30.49,63.36,2.41
2024-09-08 17:00:00,47.83,68.65,29.03,73.3,1.49
2024-09-08 18:00:00,0.0,0.0,27.08,83.38,0.97
2024-09-08 19:00:00,0.0,0.0,26.52,84.71,1.07
2024-09-08 20:00:00,0.0,0.0,26.09,86.07,1.15
2024-09-08 21:00:00,0.0,0.0,25.68,87.58,1.2
2024-09-08 22:00:00,0.0,0.0,25.27,89.17,1.22
2024-09-08 23:00:00,0.0,0.0,24.9,90.6,1.2
2024-09-09 00:00:00,0.0,0.0,24.56,92.06,1.14
2024-09-09 01:00:00,0.0,0.0,24.29,93.36,1.1
2024-09-09 02:00:00,0.0,0.0,24.06,94.68,1.05
2024-09-09 03:00:00,0.0,0.0,23.89,95.87,1.01
2024-09-09 04:00:00,0.0,0.0,23.72,97.05,0.98
2024-09-09 05:00:00,0.0,0.0,23.65,97.61,0.98
2024-09-09 06:00:00,66.88,69.35,24.48,94.1,1.75
2024-09-09 07:00:00,258.2,281.38,26.22,86.1,2.29
2024-09-09 08:00:00,499.3,519.95,27.96,77.69,2.31
2024-09-09 09:00:00,647.33,726.53,29.22,71.79,2.15
2024-09-09 10:00:00,673.35,875.05,30.32,67.42,2.05
2024-09-09 11:00:00,645.58,955.0,31.19,64.13,1.94
2024-09-09 12:00:00,632.78,969.3,31.94,61.47,1.86
2024-09-09 13:00:00,588.62,889.1,32.11,60.29,1.71
2024-09-09 14:00:00,535.72,740.2,31.93,60.17,1.5
2024-09-09 15:00:00,482.52,534.55,31.56,60.83,1.32
2024-09-09 16:00:00,255.27,297.48,30.97,63.27,1.04
2024-09-09 17:00:00,63.1,72.62,30.21,68.3,0.71
2024-09-09 18:00:00,0.0,0.0,29.13,74.9,0.44
2024-09-09 19:00:00,0.0,0.0,28.94,72.89,0.4
2024-09-09 20:00:00,0.0,0.0,28.55,75.01,0.34
2024-09-09 21:00:00,0.0,0.0,28.04,79.61,0.27
2024-09-09 22:00:00,0.0,0.0,27.7,77.89,0.27
2024-09-09 23:00:00,0.0,0.0,27.3,77.63,0.3
2024-09-10 00:00:00,0.0,0.0,26.74,80.44,0.36
2024-09-10 01:00:00,0.0,0.0,26.29,82.27,0.49
2024-09-10 02:00:00,0.0,0.0,25.71,85.71,0.54
2024-09-10 03:00:00,0.0,0.0,25.24,88.08,0.55
2024-09-10 04:00:00,0.0,0.0,24.91,89.56,0.53
2024-09-10 05:00:00,0.0,0.0,24.56,91.49,0.52
2024-09-10 06:00:00,73.62,76.82,25.03,90.66,0.84
2024-09-10 07:00:00,290.38,300.38,26.07,85.5,1.44
2024-09-10 08:00:00,537.85,540.7,27.88,77.33,1.73
2024-09-10 09:00:00,732.85,744.92,29.23,71.35,1.9
2024-09-10 10:00:00,836.58,891.53,30.07,68.32,2.05
2024-09-10 11:00:00,891.3,967.12,30.76,65.73,2.34
2024-09-10 12:00:00,895.25,963.85,31.23,63.71,2.66
2024-09-10 13:00:00,715.5,884.17,31.18,63.51,2.82
2024-09-10 14:00:00,607.65,733.38,30.77,65.19,2.62
2024-09-10 15:00:00,445.23,526.72,30.29,67.93,2.19
2024-09-10 16:00:00,219.45,288.85,29.63,72.9,1.73
2024-09-10 17:00:00,52.3,68.05,28.44,82.52,1.04
2024-09-10 18:00:00,0.0,0.0,27.35,87.47,0.69
2024-09-10 19:00:00,0.0,0.0,27.07,88.24,0.62
2024-09-10 20:00:00,0.0,0.0,26.9,88.43,0.62
2024-09-10 21:00:00,0.0,0.0,26.7,89.03,0.61
2024-09-10 22:00:00,0.0,0.0,26.51,89.67,0.59
2024-09-10 23:00:00,0.0,0.0,26.19,91.2,0.59
2024-09-11 00:00:00,0.0,0.0,25.81,93.48,0.64
2024-09-11 01:00:00,0.0,0.0,25.53,94.71,0.69
2024-09-11 02:00:00,0.0,0.0,25.29,95.61,0.65
2024-09-11 03:00:00,0.0,0.0,24.96,96.52,0.54
2024-09-11 04:00:00,0.0,0.0,24.65,97.44,0.53
2024-09-11 05:00:00,0.0,0.0,24.43,97.79,0.6
2024-09-11 06:00:00,62.9,71.78,24.75,96.86,1.02
2024-09-11 07:00:00,257.65,286.0,25.43,94.91,1.73
2024-09-11 08:00:00,489.38,524.88,26.61,89.91,2.34
2024-09-11 09:00:00,589.0,728.9,27.97,81.68,3.01
2024-09-11 10:00:00,630.08,876.12,28.98,75.15,3.44
2024-09-11 11:00:00,744.15,953.78,29.95,70.41,3.67
2024-09-11 12:00:00,826.6,971.12,30.49,67.77,3.63
2024-09-11 13:00:00,731.2,892.5,30.44,67.47,3.45
2024-09-11 14:00:00,678.25,742.58,30.33,67.9,3.32
2024-09-11 15:00:00,512.45,535.42,29.85,69.83,3.19
2024-09-11 16:00:00,278.8,294.7,29.11,73.7,2.97
2024-09-11 17:00:00,67.25,69.18,27.82,82.15,2.09
2024-09-11 18:00:00,0.0,0.0,26.41,90.12,1.56
2024-09-11 19:00:00,0.0,0.0,25.99,91.62,1.86
2024-09-11 20:00:00,0.0,0.0,25.68,92.76,2.07
2024-09-11 21:00:00,0.0,0.0,25.39,93.83,2.06
2024-09-11 22:00:00,0.0,0.0,25.12,94.61,2.08
2024-09-11 23:00:00,0.0,0.0,24.83,95.26,2.07
2024-09-12 00:00:00,0.0,0.0,24.52,95.92,2.04
2024-09-12 01:00:00,0.0,0.0,24.21,96.48,1.89
2024-09-12 02:00:00,0.0,0.0,23.94,96.85,1.8
2024-09-12 03:00:00,0.0,0.0,23.67,97.28,1.73
2024-09-12 04:00:00,0.0,0.0,23.48,97.47,1.74
2024-09-12 05:00:00,0.0,0.0,23.39,97.34,1.89
2024-09-12 06:00:00,50.7,70.8,23.88,95.67,2.58
2024-09-12 07:00:00,148.15,285.0,25.19,90.87,3.73
2024-09-12 08:00:00,286.1,527.92,26.87,81.85,4.49
2024-09-12 09:00:00,416.8,732.5,28.5,73.71,4.49
2024-09-12 10:00:00,494.05,878.12,29.71,68.68,4.24
2024-09-12 11:00:00,541.12,950.78,30.63,65.04,3.92
2024-09-12 12:00:00,440.02,950.85,31.21,62.63,3.59
2024-09-12 13:00:00,442.23,869.4,31.34,61.58,3.23
2024-09-12 14:00:00,471.33,715.22,31.16,61.75,2.83
2024-09-12 15:00:00,374.42,501.95,30.91,62.44,2.45
2024-09-12 16:00:00,202.35,266.15,30.37,64.83,1.97
2024-09-12 17:00:00,54.17,59.3,29.2,73.78,1.11
2024-09-12 18:00:00,0.0,0.0,27.48,83.14,0.67
2024-09-12 19:00:00,0.0,0.0,27.06,83.44,0.68
2024-09-12 20:00:00,0.0,0.0,26.66,84.33,0.69
2024-09-12 21:00:00,0.0,0.0,26.26,85.29,0.69
2024-09-12 22:00:00,0.0,0.0,25.87,86.45,0.7
2024-09-12 23:00:00,0.0,0.0,25.48,87.83,0.68
2024-09-13 00:00:00,0.0,0.0,25.13,89.29,0.67
2024-09-13 01:00:00,0.0,0.0,24.81,90.91,0.67
2024-09-13 02:00:00,0.0,0.0,24.5,92.49,0.71
2024-09-13 03:00:00,0.0,0.0,24.31,93.72,0.79
2024-09-13 04:00:00,0.0,0.0,24.13,95.0,0.92
2024-09-13 05:00:00,0.0,0.0,24.01,95.9,1.03
2024-09-13 06:00:00,47.58,73.45,24.36,95.09,1.61
2024-09-13 07:00:00,173.5,296.42,25.2,92.41,2.17
2024-09-13 08:00:00,329.58,537.58,26.56,85.57,2.47
2024-09-13 09:00:00,512.8,743.6,28.06,77.83,2.7
2024-09-13 10:00:00,560.0,889.75,29.21,72.52,2.6
2024-09-13 11:00:00,645.38,963.6,30.01,69.38,2.41
2024-09-13 12:00:00,706.67,947.97,30.54,67.19,2.2
2024-09-13 13:00:00,608.0,867.5,30.72,66.2,1.94
2024-09-13 14:00:00,543.8,719.17,30.63,66.16,1.72
2024-09-13 15:00:00,96.2,513.58,30.26,67.67,1.57
2024-09-13 16:00:00,62.8,276.83,29.63,73.29,1.2
2024-09-13 17:00:00,18.88,60.92,28.55,79.57,1.0
2024-09-13 18:00:00,0.0,0.0,27.22,89.06,0.61
2024-09-13 19:00:00,0.0,0.0,26.76,89.6,0.62
2024-09-13 20:00:00,0.0,0.0,26.53,89.31,0.6
2024-09-13 21:00:00,0.0,0.0,26.44,87.89,0.57
2024-09-13 22:00:00,0.0,0.0,26.3,87.08,0.53
2024-09-13 23:00:00,0.0,0.0,26.06,87.42,0.51
2024-09-14 00:00:00,0.0,0.0,25.69,88.78,0.53
2024-09-14 01:00:00,0.0,0.0,25.32,90.52,0.54
2024-09-14 02:00:00,0.0,0.0,24.83,92.83,0.58
2024-09-14 03:00:00,0.0,0.0,24.33,95.04,0.61
2024-09-14 04:00:00,0.0,0.0,24.05,95.68,0.63
2024-09-14 05:00:00,0.0,0.0,23.83,95.84,0.64
2024-09-14 06:00:00,57.88,73.07,24.23,96.0,0.56
2024-09-14 07:00:00,211.05,292.67,25.71,88.56,0.86
2024-09-14 08:00:00,403.2,533.75,27.14,74.44,0.86
2024-09-14 09:00:00,523.4,740.17,27.68,65.96,0.97
2024-09-14 10:00:00,671.8,888.17,28.03,63.65,0.65
2024-09-14 11:00:00,787.92,964.38,28.89,60.38,0.5
2024-09-14 12:00:00,768.3,948.3,29.78,57.88,0.49
2024-09-14 13:00:00,707.03,866.0,30.45,56.17,0.55
2024-09-14 14:00:00,586.15,715.67,30.51,56.04,0.61
2024-09-14 15:00:00,357.15,509.02,30.17,57.46,0.59
2024-09-14 16:00:00,170.52,270.1,29.58,61.18,0.48
2024-09-14 17:00:00,40.0,58.25,29.08,63.16,0.55
2024-09-14 18:00:00,0.0,0.0,27.54,74.94,0.48
2024-09-14 19:00:00,0.0,0.0,26.78,78.86,0.6
2024-09-14 20:00:00,0.0,0.0,26.04,82.88,0.63
2024-09-14 21:00:00,0.0,0.0,25.45,85.32,0.65
2024-09-14 22:00:00,0.0,0.0,25.05,86.87,0.64
2024-09-14 23:00:00,0.0,0.0,24.68,88.15,0.63
2024-09-15 00:00:00,0.0,0.0,24.44,89.07,0.59
2024-09-15 01:00:00,0.0,0.0,24.26,89.89,0.53
2024-09-15 02:00:00,0.0,0.0,24.01,90.66,0.44
2024-09-15 03:00:00,0.0,0.0,23.74,90.45,0.47
2024-09-15 04:00:00,0.0,0.0,23.43,93.09,0.4
2024-09-15 05:00:00,0.0,0.0,23.14,94.16,0.42
2024-09-15 06:00:00,59.22,75.57,23.22,92.35,0.75
2024-09-15 07:00:00,196.48,296.48,23.8,87.96,1.37
2024-09-15 08:00:00,348.58,533.4,24.74,84.84,1.66
2024-09-15 09:00:00,478.95,734.53,25.78,82.22,1.76
2024-09-15 10:00:00,586.45,879.08,26.93,78.43,1.65
2024-09-15 11:00:00,767.72,952.7,27.92,73.97,1.42
2024-09-15 12:00:00,810.33,973.78,28.71,70.82,1.2
2024-09-15 13:00:00,761.9,893.6,29.25,69.39,1.07
2024-09-15 14:00:00,629.38,743.83,29.33,69.19,0.97
2024-09-15 15:00:00,478.17,537.08,29.1,70.07,0.99
2024-09-15 16:00:00,245.55,296.1,28.69,73.27,0.95
2024-09-15 17:00:00,51.22,66.03,28.08,78.9,0.74
2024-09-15 18:00:00,0.0,0.0,27.06,83.48,0.59
2024-09-15 19:00:00,0.0,0.0,26.69,83.66,0.66
2024-09-15 20:00:00,0.0,0.0,26.32,84.05,0.71
2024-09-15 21:00:00,0.0,0.0,25.92,85.18,0.73
2024-09-15 22:00:00,0.0,0.0,25.33,87.67,0.75
2024-09-15 23:00:00,0.0,0.0,24.86,89.5,0.79
2024-09-16 00:00:00,0.0,0.0,24.51,90.22,0.83
2024-09-16 01:00:00,0.0,0.0,24.18,90.94,0.8
2024-09-16 02:00:00,0.0,0.0,24.0,91.42,0.73
2024-09-16 03:00:00,0.0,0.0,23.88,91.66,0.66
2024-09-16 04:00:00,0.0,0.0,23.84,91.13,0.6
2024-09-16 05:00:00,0.0,0.0,23.68,91.52,0.49
2024-09-16 06:00:00,76.18,82.2,24.1,91.32,0.59
2024-09-16 07:00:00,274.73,311.25,25.28,85.46,1.17
2024-09-16 08:00:00,488.58,550.28,27.62,75.32,1.75
2024-09-16 09:00:00,476.25,753.33,29.25,69.75,2.15
2024-09-16 10:00:00,590.03,899.05,30.3,66.44,2.21
2024-09-16 11:00:00,561.45,972.0,30.99,64.49,2.04
2024-09-16 12:00:00,662.58,971.72,31.28,63.62,1.78
2024-09-16 13:00:00,670.0,888.92,31.36,63.33,1.44
2024-09-16 14:00:00,597.67,737.55,31.34,63.23,1.13
2024-09-16 15:00:00,435.23,529.7,31.05,63.96,0.96
2024-09-16 16:00:00,236.1,288.55,30.58,67.89,0.69
2024-09-16 17:00:00,54.45,62.22,29.65,71.96,0.66
2024-09-16 18:00:00,0.0,0.0,28.49,79.06,0.5
2024-09-16 19:00:00,0.0,0.0,28.06,78.54,0.51
2024-09-16 20:00:00,0.0,0.0,27.56,79.94,0.53
2024-09-16 21:00:00,0.0,0.0,26.97,82.44,0.55
2024-09-16 22:00:00,0.0,0.0,26.34,85.53,0.62
2024-09-16 23:00:00,0.0,0.0,25.63,89.56,0.67
2024-09-17 00:00:00,0.0,0.0,25.13,92.57,0.74
2024-09-17 01:00:00,0.0,0.0,24.77,93.98,0.86
2024-09-17 02:00:00,0.0,0.0,24.47,94.95,0.96
2024-09-17 03:00:00,0.0,0.0,24.24,95.74,0.98
2024-09-17 04:00:00,0.0,0.0,24.02,96.5,0.93
2024-09-17 05:00:00,0.0,0.0,23.79,97.23,0.85
2024-09-17 06:00:00,16.88,73.75,24.16,96.06,1.24
2024-09-17 07:00:00,73.07,299.92,25.21,93.38,1.44
2024-09-17 08:00:00,144.27,539.22,27.61,81.59,1.82
2024-09-17 09:00:00,286.6,744.38,29.53,71.41,2.1
2024-09-17 10:00:00,525.7,889.67,30.53,67.23,1.95
2024-09-17 11:00:00,718.7,962.72,31.0,65.37,1.72
2024-09-17 12:00:00,813.12,957.22,31.21,64.5,1.49
2024-09-17 13:00:00,685.55,875.67,31.26,64.17,1.37
2024-09-17 14:00:00,625.38,723.42,31.11,64.44,1.46
2024-09-17 15:00:00,467.0,514.08,30.74,65.9,1.47
2024-09-17 16:00:00,246.88,275.17,30.09,71.24,1.14
2024-09-17 17:00:00,53.03,57.38,29.03,77.54,1.0
2024-09-17 18:00:00,0.0,0.0,27.43,87.95,0.63
2024-09-17 19:00:00,0.0,0.0,26.9,88.93,0.66
2024-09-17 20:00:00,0.0,0.0,26.46,89.92,0.69
2024-09-17 21:00:00,0.0,0.0,26.04,90.97,0.7
2024-09-17 22:00:00,0.0,0.0,25.66,91.96,0.7
2024-09-17 23:00:00,0.0,0.0,25.3,92.86,0.71
2024-09-18 00:00:00,0.0,0.0,24.93,93.8,0.7
2024-09-18 01:00:00,0.0,0.0,24.58,94.78,0.69
2024-09-18 02:00:00,0.0,0.0,24.27,95.5,0.71
2024-09-18 03:00:00,0.0,0.0,23.97,96.18,0.75
2024-09-18 04:00:00,0.0,0.0,23.71,96.77,0.8
2024-09-18 05:00:00,0.0,0.0,23.46,97.19,0.84
2024-09-18 06:00:00,71.9,77.68,23.83,95.46,1.4
2024-09-18 07:00:00,255.98,300.27,24.95,92.08,1.66
2024-09-18 08:00:00,472.48,539.85,27.44,77.69,1.82
2024-09-18 09:00:00,676.35,744.78,29.22,67.91,1.71
2024-09-18 10:00:00,749.4,891.12,30.34,63.27,1.56
2024-09-18 11:00:00,734.78,964.3,31.12,59.99,1.44
2024-09-18 12:00:00,700.97,946.25,31.7,57.35,1.2
2024-09-18 13:00:00,731.25,862.53,32.01,55.58,0.92
2024-09-18 14:00:00,609.42,707.65,32.01,54.76,0.77
2024-09-18 15:00:00,414.02,497.58,31.68,54.88,0.78
2024-09-18 16:00:00,197.38,258.73,31.03,57.47,0.67
2024-09-18 17:00:00,37.88,51.55,30.07,62.08,0.57
2024-09-18 18:00:00,0.0,0.0,28.68,71.62,0.42
2024-09-18 19:00:00,0.0,0.0,28.32,69.73,0.37
2024-09-18 20:00:00,0.0,0.0,27.9,70.17,0.28
2024-09-18 21:00:00,0.0,0.0,27.57,70.3,0.22
2024-09-18 22:00:00,0.0,0.0,27.05,72.43,0.15
2024-09-18 23:00:00,0.0,0.0,26.58,74.66,0.15
2024-09-19 00:00:00,0.0,0.0,25.93,80.11,0.17
2024-09-19 01:00:00,0.0,0.0,25.37,83.98,0.17
2024-09-19 02:00:00,0.0,0.0,24.95,85.48,0.17
2024-09-19 03:00:00,0.0,0.0,24.6,87.33,0.11
2024-09-19 04:00:00,0.0,0.0,24.24,89.92,0.1
2024-09-19 05:00:00,0.0,0.0,23.98,91.48,0.13
2024-09-19 06:00:00,38.45,70.85,24.23,90.57,0.21
2024-09-19 07:00:00,145.62,288.4,26.55,81.02,0.52
2024-09-19 08:00:00,276.6,527.67,28.28,71.99,0.77
2024-09-19 09:00:00,365.75,734.8,29.0,68.85,0.6
2024-09-19 10:00:00,570.78,880.38,29.81,65.76,0.38
2024-09-19 11:00:00,692.9,950.45,30.38,63.8,0.2
2024-09-19 12:00:00,722.3,943.45,30.67,62.48,0.36
2024-09-19 13:00:00,678.17,859.35,30.66,62.1,0.73
2024-09-19 14:00:00,589.72,704.92,30.44,62.99,1.1
2024-09-19 15:00:00,437.98,495.62,29.81,66.08,1.37
2024-09-19 16:00:00,227.12,258.45,29.03,71.43,1.4
2024-09-19 17:00:00,46.95,50.78,27.91,78.58,1.31
2024-09-19 18:00:00,0.0,0.0,26.36,89.43,0.87
2024-09-19 19:00:00,0.0,0.0,25.69,90.76,1.03
2024-09-19 20:00:00,0.0,0.0,25.19,91.85,1.15
2024-09-19 21:00:00,0.0,0.0,24.8,92.91,1.18
2024-09-19 22:00:00,0.0,0.0,24.47,93.66,1.18
2024-09-19 23:00:00,0.0,0.0,24.17,94.29,1.21
2024-09-20 00:00:00,0.0,0.0,23.89,95.04,1.17
2024-09-20 01:00:00,0.0,0.0,23.66,95.95,1.06
2024-09-20 02:00:00,0.0,0.0,23.44,96.77,0.89
2024-09-20 03:00:00,0.0,0.0,23.21,97.51,0.77
2024-09-20 04:00:00,0.0,0.0,23.07,97.86,0.75
2024-09-20 05:00:00,0.0,0.0,23.02,97.98,0.81
2024-09-20 06:00:00,50.45,78.25,23.51,96.63,1.35
2024-09-20 07:00:00,184.3,304.33,24.39,94.17,1.84
2024-09-20 08:00:00,359.83,545.2,25.63,88.71,2.01
2024-09-20 09:00:00,447.55,751.72,26.83,82.23,1.95
2024-09-20 10:00:00,613.08,893.03,27.83,76.69,1.77
2024-09-20 11:00:00,764.62,965.4,28.57,72.8,1.61
2024-09-20 12:00:00,780.33,936.67,29.09,70.45,1.52
2024-09-20 13:00:00,685.47,848.47,29.31,69.18,1.39
2024-09-20 14:00:00,577.72,694.5,29.39,68.72,1.23
2024-09-20 15:00:00,403.5,485.75,29.15,69.58,0.95
2024-09-20 16:00:00,203.18,249.65,28.88,72.76,0.5
2024-09-20 17:00:00,42.83,47.17,28.33,73.93,0.34
2024-09-20 18:00:00,0.0,0.0,27.75,78.78,0.07
2024-09-20 19:00:00,0.0,0.0,27.27,84.04,0.25
2024-09-20 20:00:00,0.0,0.0,26.81,80.78,0.41
2024-09-20 21:00:00,0.0,0.0,26.37,82.52,0.53
2024-09-20 22:00:00,0.0,0.0,25.9,85.07,0.57
2024-09-20 23:00:00,0.0,0.0,25.4,87.79,0.58
2024-09-21 00:00:00,0.0,0.0,24.94,90.23,0.57
2024-09-21 01:00:00,0.0,0.0,24.56,92.0,0.57
2024-09-21 02:00:00,0.0,0.0,24.28,93.33,0.58
2024-09-21 03:00:00,0.0,0.0,24.1,93.91,0.58
2024-09-21 04:00:00,0.0,0.0,23.95,94.21,0.56
2024-09-21 05:00:00,0.0,0.0,23.81,94.54,0.53
2024-09-21 06:00:00,65.3,68.72,24.18,93.87,0.61
2024-09-21 07:00:00,241.12,275.55,24.99,89.3,0.89
2024-09-21 08:00:00,475.45,514.35,26.38,83.41,0.81
2024-09-21 09:00:00,596.58,718.33,28.06,76.42,0.54
2024-09-21 10:00:00,644.88,864.65,29.43,70.36,0.39
2024-09-21 11:00:00,715.5,937.65,30.24,66.73,0.58
2024-09-21 12:00:00,813.85,960.75,30.73,64.53,0.78
2024-09-21 13:00:00,719.75,876.28,30.98,63.44,0.98
2024-09-21 14:00:00,574.4,721.88,30.98,63.01,1.26
2024-09-21 15:00:00,408.05,511.73,30.69,63.66,1.39
2024-09-21 16:00:00,199.32,270.27,30.04,67.29,1.24
2024-09-21 17:00:00,38.88,51.97,28.93,74.76,0.97
2024-09-21 18:00:00,0.0,0.0,27.15,84.15,0.68
2024-09-21 19:00:00,0.0,0.0,26.61,85.27,0.7
2024-09-21 20:00:00,0.0,0.0,26.33,85.7,0.69
2024-09-21 21:00:00,0.0,0.0,26.11,85.8,0.69
2024-09-21 22:00:00,0.0,0.0,25.87,86.05,0.69
2024-09-21 23:00:00,0.0,0.0,25.5,87.37,0.68
2024-09-22 00:00:00,0.0,0.0,25.08,89.39,0.67
2024-09-22 01:00:00,0.0,0.0,24.74,90.87,0.7
2024-09-22 02:00:00,0.0,0.0,24.47,91.71,0.76
2024-09-22 03:00:00,0.0,0.0,24.27,92.13,0.86
2024-09-22 04:00:00,0.0,0.0,24.01,92.72,0.92
2024-09-22 05:00:00,0.0,0.0,23.73,93.59,0.94
2024-09-22 06:00:00,76.88,79.57,24.22,91.95,1.39
2024-09-22 07:00:00,270.92,304.48,25.47,87.88,1.87
2024-09-22 08:00:00,476.02,544.42,28.24,74.94,1.82
2024-09-22 09:00:00,636.6,747.88,30.09,67.45,1.7
2024-09-22 10:00:00,803.25,892.95,31.0,64.74,1.6
2024-09-22 11:00:00,940.92,964.97,31.45,63.18,1.65
2024-09-22 12:00:00,706.03,937.85,31.49,62.51,1.66
2024-09-22 13:00:00,658.12,848.0,31.37,62.51,1.63
2024-09-22 14:00:00,485.58,688.62,31.18,62.82,1.53
2024-09-22 15:00:00,337.6,476.0,30.83,64.11,1.42
2024-09-22 16:00:00,161.9,239.23,30.22,69.18,1.06
2024-09-22 17:00:00,34.33,43.7,29.13,75.77,0.92
2024-09-22 18:00:00,0.0,0.0,27.63,86.29,0.57
2024-09-22 19:00:00,0.0,0.0,27.05,87.98,0.61
2024-09-22 20:00:00,0.0,0.0,26.59,89.46,0.63
2024-09-22 21:00:00,0.0,0.0,26.29,90.36,0.58
2024-09-22 22:00:00,0.0,0.0,26.09,90.05,0.52
2024-09-22 23:00:00,0.0,0.0,25.91,88.99,0.47
2024-09-23 00:00:00,0.0,0.0,25.65,89.58,0.42
2024-09-23 01:00:00,0.0,0.0,25.15,93.03,0.41
2024-09-23 02:00:00,0.0,0.0,24.74,94.94,0.4
2024-09-23 03:00:00,0.0,0.0,24.48,95.59,0.38
2024-09-23 04:00:00,0.0,0.0,24.2,96.3,0.4
2024-09-23 05:00:00,0.0,0.0,23.93,96.92,0.47
2024-09-23 06:00:00,35.6,76.55,24.23,95.41,1.1
2024-09-23 07:00:00,125.57,298.27,25.36,91.22,1.65
2024-09-23 08:00:00,270.7,536.15,26.68,84.33,2.09
2024-09-23 09:00:00,328.23,738.92,28.1,77.58,2.47
2024-09-23 10:00:00,395.5,882.3,29.08,72.66,2.66
2024-09-23 11:00:00,595.12,952.83,29.94,68.86,2.68
2024-09-23 12:00:00,665.28,951.5,30.76,65.4,2.58
2024-09-23 13:00:00,590.1,866.47,30.95,63.84,2.39
2024-09-23 14:00:00,521.4,709.88,30.8,63.87,2.2
2024-09-23 15:00:00,398.3,497.75,30.5,65.0,1.99
2024-09-23 16:00:00,209.8,256.4,29.85,69.06,1.51
2024-09-23 17:00:00,43.0,46.28,28.74,77.59,1.01
2024-09-23 18:00:00,0.0,0.0,27.2,86.03,0.65
2024-09-23 19:00:00,0.0,0.0,26.81,85.79,0.68
2024-09-23 20:00:00,0.0,0.0,26.54,85.51,0.69
2024-09-23 21:00:00,0.0,0.0,26.19,86.28,0.69
2024-09-23 22:00:00,0.0,0.0,25.73,88.07,0.68
2024-09-23 23:00:00,0.0,0.0,25.3,90.04,0.68
2024-09-24 00:00:00,0.0,0.0,24.93,91.85,0.67
2024-09-24 01:00:00,0.0,0.0,24.6,93.19,0.69
2024-09-24 02:00:00,0.0,0.0,24.33,94.28,0.75
2024-09-24 03:00:00,0.0,0.0,24.15,95.15,0.77
2024-09-24 04:00:00,0.0,0.0,23.99,96.05,0.78
2024-09-24 05:00:00,0.0,0.0,23.86,96.91,0.8
2024-09-24 06:00:00,68.75,76.72,24.36,96.09,1.16
2024-09-24 07:00:00,250.93,294.12,25.35,92.8,1.94
2024-09-24 08:00:00,458.42,530.03,26.54,87.64,2.27
2024-09-24 09:00:00,583.35,732.55,27.92,80.46,2.25
2024-09-24 10:00:00,697.28,875.55,29.2,74.47,2.07
2024-09-24 11:00:00,710.53,946.67,29.99,71.02,2.12
2024-09-24 12:00:00,720.4,947.35,30.68,68.24,2.25
2024-09-24 13:00:00,689.8,858.15,31.14,66.28,2.3
2024-09-24 14:00:00,610.53,697.67,31.24,65.47,2.23
2024-09-24 15:00:00,437.38,481.5,31.04,65.55,2.06
2024-09-24 16:00:00,208.25,240.68,30.4,69.65,1.54
2024-09-24 17:00:00,37.5,42.2,29.13,78.96,1.05
2024-09-24 18:00:00,0.0,0.0,27.59,87.22,0.67
2024-09-24 19:00:00,0.0,0.0,27.22,87.81,0.66
2024-09-24 20:00:00,0.0,0.0,26.86,88.52,0.68
2024-09-24 21:00:00,0.0,0.0,26.44,90.06,0.7
2024-09-24 22:00:00,0.0,0.0,25.98,91.58,0.78
2024-09-24 23:00:00,0.0,0.0,25.49,92.77,0.94
2024-09-25 00:00:00,0.0,0.0,25.07,93.86,1.11
2024-09-25 01:00:00,0.0,0.0,24.68,94.77,1.29
2024-09-25 02:00:00,0.0,0.0,24.29,95.9,1.33
2024-09-25 03:00:00,0.0,0.0,23.97,96.64,1.29
2024-09-25 04:00:00,0.0,0.0,23.65,97.41,1.18
2024-09-25 05:00:00,0.0,0.0,23.43,97.73,1.11
2024-09-25 06:00:00,40.78,73.53,23.92,96.17,1.71
2024-09-25 07:00:00,161.3,288.55,25.29,92.1,2.39
2024-09-25 08:00:00,311.2,526.0,27.25,82.9,3.05
2024-09-25 09:00:00,556.1,730.45,29.07,72.71,2.88
2024-09-25 10:00:00,744.3,873.95,30.28,66.96,2.42
2024-09-25 11:00:00,771.12,946.2,31.09,63.75,2.01
2024-09-25 12:00:00,730.05,938.6,31.56,62.04,1.7
2024-09-25 13:00:00,736.28,851.95,31.77,60.72,1.54
2024-09-25 14:00:00,546.4,693.62,31.67,59.99,1.58
2024-09-25 15:00:00,291.88,485.05,31.05,62.44,1.63
2024-09-25 16:00:00,152.65,251.77,30.06,68.48,1.42
2024-09-25 17:00:00,28.05,43.35,28.82,75.95,1.15
2024-09-25 18:00:00,0.0,0.0,27.28,88.93,0.64
2024-09-25 19:00:00,0.0,0.0,26.69,90.31,0.71
2024-09-25 20:00:00,0.0,0.0,26.2,91.28,0.81
2024-09-25 21:00:00,0.0,0.0,25.82,92.13,0.87
2024-09-25 22:00:00,0.0,0.0,25.5,92.99,0.91
2024-09-25 23:00:00,0.0,0.0,25.21,93.8,0.88
2024-09-26 00:00:00,0.0,0.0,24.95,94.52,0.85
2024-09-26 01:00:00,0.0,0.0,24.73,94.96,0.77
2024-09-26 02:00:00,0.0,0.0,24.47,95.55,0.68
2024-09-26 03:00:00,0.0,0.0,24.24,95.82,0.65
2024-09-26 04:00:00,0.0,0.0,23.96,96.04,0.69
2024-09-26 05:00:00,0.0,0.0,23.76,95.97,0.79
2024-09-26 06:00:00,44.0,80.25,24.07,94.04,1.4
2024-09-26 07:00:00,168.6,307.55,25.13,89.31,2.07
2024-09-26 08:00:00,311.5,547.15,27.17,78.65,2.52
2024-09-26 09:00:00,441.35,750.45,28.97,71.11,2.52
2024-09-26 10:00:00,599.92,889.95,29.71,68.54,2.29
2024-09-26 11:00:00,764.65,959.12,30.28,66.47,2.21
2024-09-26 12:00:00,726.08,954.12,30.58,65.1,2.24
2024-09-26 13:00:00,664.55,868.15,30.76,64.42,2.25
2024-09-26 14:00:00,557.35,711.53,30.8,64.05,2.27
2024-09-26 15:00:00,416.7,499.85,30.69,64.15,2.17
2024-09-26 16:00:00,202.95,258.02,30.17,67.14,1.73
2024-09-26 17:00:00,34.45,44.45,28.92,77.33,1.01
2024-09-26 18:00:00,0.0,0.0,27.37,84.47,0.69
2024-09-26 19:00:00,0.0,0.0,27.01,84.51,0.7
2024-09-26 20:00:00,0.0,0.0,26.6,85.47,0.71
2024-09-26 21:00:00,0.0,0.0,26.21,86.59,0.69
2024-09-26 22:00:00,0.0,0.0,25.83,87.92,0.67
2024-09-26 23:00:00,0.0,0.0,25.46,89.37,0.63
2024-09-27 00:00:00,0.0,0.0,25.15,90.59,0.61
2024-09-27 01:00:00,0.0,0.0,24.93,91.32,0.55
2024-09-27 02:00:00,0.0,0.0,24.74,91.81,0.51
2024-09-27 03:00:00,0.0,0.0,24.46,93.14,0.5
2024-09-27 04:00:00,0.0,0.0,24.04,94.78,0.54
2024-09-27 05:00:00,0.0,0.0,23.59,96.29,0.6
2024-09-27 06:00:00,22.27,82.45,24.05,95.36,1.08
2024-09-27 07:00:00,78.65,313.88,25.49,90.43,1.69
2024-09-27 08:00:00,144.62,555.7,27.84,79.62,1.99
2024-09-27 09:00:00,161.07,759.45,29.82,70.78,2.1
2024-09-27 10:00:00,278.2,902.62,31.15,65.82,2.13
2024-09-27 11:00:00,503.77,971.6,31.91,62.9,2.12
2024-09-27 12:00:00,562.25,945.05,31.92,62.34,2.14
2024-09-27 13:00:00,674.42,856.58,31.83,62.4,2.2
2024-09-27 14:00:00,530.6,697.4,31.5,63.13,2.22
2024-09-27 15:00:00,384.65,485.12,31.12,64.66,2.06
2024-09-27 16:00:00,196.93,245.05,30.33,70.38,1.45
2024-09-27 17:00:00,39.22,40.83,29.13,78.27,1.08
2024-09-27 18:00:00,0.0,0.0,27.85,87.59,0.6
2024-09-27 19:00:00,0.0,0.0,27.63,86.76,0.58
2024-09-27 20:00:00,0.0,0.0,27.47,84.79,0.59
2024-09-27 21:00:00,0.0,0.0,27.32,83.1,0.54
2024-09-27 22:00:00,0.0,0.0,27.03,83.38,0.53
2024-09-27 23:00:00,0.0,0.0,26.55,85.85,0.56
2024-09-28 00:00:00,0.0,0.0,26.02,88.72,0.57
2024-09-28 01:00:00,0.0,0.0,25.62,90.42,0.57
2024-09-28 02:00:00,0.0,0.0,25.41,90.46,0.55
2024-09-28 03:00:00,0.0,0.0,25.2,90.56,0.52
2024-09-28 04:00:00,0.0,0.0,24.94,91.3,0.46
2024-09-28 05:00:00,0.0,0.0,24.74,91.62,0.5
2024-09-28 06:00:00,13.98,77.07,24.9,93.78,0.58
2024-09-28 07:00:00,66.95,297.67,26.42,88.01,1.1
2024-09-28 08:00:00,167.43,537.25,28.11,78.9,1.73
2024-09-28 09:00:00,345.4,742.7,29.09,69.2,2.42
2024-09-28 10:00:00,463.3,885.8,29.86,65.26,2.58
2024-09-28 11:00:00,638.0,956.67,30.29,63.4,2.63
2024-09-28 12:00:00,619.88,936.78,30.53,61.83,2.73
2024-09-28 13:00:00,575.08,848.58,30.72,60.54,2.71
2024-09-28 14:00:00,507.02,691.3,30.66,60.36,2.47
2024-09-28 15:00:00,314.27,473.2,30.14,62.32,2.05
2024-09-28 16:00:00,156.3,233.8,29.31,67.63,1.58
2024-09-28 17:00:00,30.73,37.83,27.96,77.65,1.1
2024-09-28 18:00:00,0.0,0.0,26.3,88.03,0.69
2024-09-28 19:00:00,0.0,0.0,25.9,89.28,0.66
2024-09-28 20:00:00,0.0,0.0,25.54,90.61,0.66
2024-09-28 21:00:00,0.0,0.0,25.18,91.89,0.68
2024-09-28 22:00:00,0.0,0.0,24.89,92.91,0.7
2024-09-28 23:00:00,0.0,0.0,24.63,93.79,0.71
2024-09-29 00:00:00,0.0,0.0,24.38,94.54,0.69
2024-09-29 01:00:00,0.0,0.0,24.14,95.12,0.65
2024-09-29 02:00:00,0.0,0.0,23.96,95.28,0.57
2024-09-29 03:00:00,0.0,0.0,23.82,94.96,0.53
2024-09-29 04:00:00,0.0,0.0,23.74,94.38,0.48
2024-09-29 05:00:00,0.0,0.0,23.71,93.67,0.42
2024-09-29 06:00:00,66.15,75.43,24.02,94.35,0.41
2024-09-29 07:00:00,248.35,291.83,25.04,94.92,0.57
2024-09-29 08:00:00,469.45,531.97,27.3,82.82,0.89
2024-09-29 09:00:00,605.3,740.1,28.05,76.45,1.27
2024-09-29 10:00:00,716.2,885.9,28.68,73.48,1.5
2024-09-29 11:00:00,713.55,957.97,29.03,72.16,1.69
2024-09-29 12:00:00,596.42,926.0,29.19,71.47,1.9
2024-09-29 13:00:00,391.27,834.88,29.3,70.77,2.03
2024-09-29 14:00:00,155.95,676.72,29.21,70.83,2.01
2024-09-29 15:00:00,90.62,464.08,29.02,71.58,1.83
2024-09-29 16:00:00,67.7,227.85,28.56,74.87,1.44
2024-09-29 17:00:00,17.58,35.25,27.48,83.75,0.86
2024-09-29 18:00:00,0.0,0.0,26.44,87.71,0.62
2024-09-29 19:00:00,0.0,0.0,26.43,85.63,0.53
2024-09-29 20:00:00,0.0,0.0,26.55,83.36,0.35
2024-09-29 21:00:00,0.0,0.0,26.41,83.06,0.04
2024-09-29 22:00:00,0.0,0.0,26.0,85.08,0.36
2024-09-29 23:00:00,0.0,0.0,25.42,87.54,0.52
2024-09-30 00:00:00,0.0,0.0,25.11,88.96,0.52
2024-09-30 01:00:00,0.0,0.0,24.84,90.01,0.46
2024-09-30 02:00:00,0.0,0.0,24.63,90.78,0.43
2024-09-30 03:00:00,0.0,0.0,24.46,91.19,0.45
2024-09-30 04:00:00,0.0,0.0,24.22,91.96,0.46
2024-09-30 05:00:00,0.0,0.0,23.92,93.13,0.46
2024-09-30 06:00:00,65.85,76.15,24.17,93.81,0.6
2024-09-30 07:00:00,240.55,291.85,25.7,87.56,1.09
2024-09-30 08:00:00,438.35,529.22,28.03,77.55,1.22
2024-09-30 09:00:00,621.62,732.55,29.66,70.9,0.81
2024-09-30 10:00:00,763.92,878.03,30.69,66.71,0.52
2024-09-30 11:00:00,777.45,947.78,31.26,63.81,0.76
2024-09-30 12:00:00,745.65,918.05,31.5,62.58,1.01
2024-09-30 13:00:00,784.38,829.08,31.45,62.5,1.18
2024-09-30 14:00:00,634.88,669.65,31.3,62.45,1.33
2024-09-30 15:00:00,410.3,456.95,30.95,63.58,1.35
2024-09-30 16:00:00,187.8,221.8,30.35,68.82,0.97
2024-09-30 17:00:00,30.35,34.58,29.15,75.84,0.87
2024-09-30 18:00:00,0.0,0.0,27.98,83.06,0.6
2024-09-30 19:00:00,0.0,0.0,27.7,81.34,0.63
2024-09-30 20:00:00,0.0,0.0,27.47,79.99,0.62
2024-09-30 21:00:00,0.0,0.0,27.27,78.98,0.55
2024-09-30 22:00:00,0.0,0.0,27.19,77.54,0.42
2024-09-30 23:00:00,0.0,0.0,27.09,76.49,0.34
2024-10-01 00:00:00,0.0,0.0,26.67,78.3,0.37
2024-10-01 01:00:00,0.0,0.0,26.07,81.94,0.43
2024-10-01 02:00:00,0.0,0.0,25.55,84.99,0.52
2024-10-01 03:00:00,0.0,0.0,24.96,88.46,0.6
2024-10-01 04:00:00,0.0,0.0,24.35,92.17,0.62
2024-10-01 05:00:00,0.0,0.0,23.92,94.24,0.65
2024-10-01 06:00:00,29.2,79.78,24.3,93.39,1.03
2024-10-01 07:00:00,102.32,305.77,25.37,88.75,1.93
2024-10-01 08:00:00,202.1,544.38,27.7,78.77,2.13
2024-10-01 09:00:00,294.38,746.9,29.81,69.73,1.93
2024-10-01 10:00:00,556.15,887.28,30.95,65.55,1.36
2024-10-01 11:00:00,796.28,952.9,31.41,63.75,1.17
2024-10-01 12:00:00,757.78,931.15,31.53,63.45,1.62
2024-10-01 13:00:00,646.33,840.35,31.35,63.93,2.12
2024-10-01 14:00:00,490.75,680.22,30.91,65.7,2.25
2024-10-01 15:00:00,335.23,466.67,30.12,69.78,1.97
2024-10-01 16:00:00,161.23,228.45,29.24,76.85,1.32
2024-10-01 17:00:00,30.4,34.4,28.08,83.81,0.93
2024-10-01 18:00:00,0.0,0.0,27.0,90.38,0.57
2024-10-01 19:00:00,0.0,0.0,26.62,91.17,0.57
2024-10-01 20:00:00,0.0,0.0,26.21,92.3,0.64
2024-10-01 21:00:00,0.0,0.0,25.84,93.03,0.77
2024-10-01 22:00:00,0.0,0.0,25.53,93.23,1.04
2024-10-01 23:00:00,0.0,0.0,25.24,93.67,1.28
2024-10-02 00:00:00,0.0,0.0,24.93,95.06,1.19
2024-10-02 01:00:00,0.0,0.0,24.62,96.79,0.76
2024-10-02 02:00:00,0.0,0.0,24.43,97.36,0.9
2024-10-02 03:00:00,0.0,0.0,24.29,97.63,1.07
2024-10-02 04:00:00,0.0,0.0,24.01,98.14,0.9
2024-10-02 05:00:00,0.0,0.0,23.76,98.5,0.9
2024-10-02 06:00:00,76.75,78.88,24.15,97.53,1.4
2024-10-02 07:00:00,283.08,297.23,25.15,94.53,2.49
2024-10-02 08:00:00,506.62,533.05,26.18,89.13,3.05
2024-10-02 09:00:00,652.75,734.78,27.68,81.03,2.89
2024-10-02 10:00:00,713.25,878.83,28.97,74.64,2.41
2024-10-02 11:00:00,771.83,945.92,29.97,69.99,1.97
2024-10-02 12:00:00,617.8,923.78,30.72,66.5,1.57
2024-10-02 13:00:00,506.1,833.6,31.09,64.48,1.32
2024-10-02 14:00:00,446.65,673.0,31.1,63.73,1.29
2024-10-02 15:00:00,344.12,456.17,30.86,64.23,1.3
2024-10-02 16:00:00,165.02,219.05,30.21,68.16,1.13
2024-10-02 17:00:00,29.5,32.05,29.12,76.11,0.84
2024-10-02 18:00:00,0.0,0.0,27.77,82.33,0.65
2024-10-02 19:00:00,0.0,0.0,27.4,82.82,0.66
2024-10-02 20:00:00,0.0,0.0,27.11,82.91,0.66
2024-10-02 21:00:00,0.0,0.0,26.81,83.3,0.64
2024-10-02 22:00:00,0.0,0.0,26.39,84.8,0.65
2024-10-02 23:00:00,0.0,0.0,25.84,87.9,0.66
2024-10-03 00:00:00,0.0,0.0,25.32,90.98,0.64
2024-10-03 01:00:00,0.0,0.0,24.92,93.17,0.64
2024-10-03 02:00:00,0.0,0.0,24.65,94.14,0.71
2024-10-03 03:00:00,0.0,0.0,24.43,94.65,0.78
2024-10-03 04:00:00,0.0,0.0,24.25,95.07,0.84
2024-10-03 05:00:00,0.0,0.0,24.06,95.49,0.91
2024-10-03 06:00:00,54.75,73.22,24.38,94.26,1.34
2024-10-03 07:00:00,198.35,281.73,25.35,90.75,2.06
2024-10-03 08:00:00,378.2,516.17,27.53,81.17,2.42
2024-10-03 09:00:00,645.55,717.92,29.3,72.11,2.58
2024-10-03 10:00:00,734.2,862.65,30.29,68.03,2.28
2024-10-03 11:00:00,826.47,932.78,30.94,65.58,1.9
2024-10-03 12:00:00,806.72,919.47,31.49,63.51,1.47
2024-10-03 13:00:00,747.08,827.45,31.68,62.35,1.1
2024-10-03 14:00:00,633.05,665.47,31.6,62.27,0.92
2024-10-03 15:00:00,433.45,450.65,31.16,63.77,0.87
2024-10-03 16:00:00,201.27,214.18,30.68,68.18,0.67
2024-10-03 17:00:00,29.12,31.17,29.56,74.59,0.63
2024-10-03 18:00:00,0.0,0.0,28.62,77.36,0.55
2024-10-03 19:00:00,0.0,0.0,28.25,78.02,0.55
2024-10-03 20:00:00,0.0,0.0,27.85,79.31,0.52
2024-10-03 21:00:00,0.0,0.0,27.36,81.28,0.62
2024-10-03 22:00:00,0.0,0.0,26.63,85.48,0.68
2024-10-03 23:00:00,0.0,0.0,26.05,88.3,0.69
2024-10-04 00:00:00,0.0,0.0,25.64,89.48,0.75
2024-10-04 01:00:00,0.0,0.0,25.31,90.18,0.84
2024-10-04 02:00:00,0.0,0.0,25.1,90.5,1.02
2024-10-04 03:00:00,0.0,0.0,24.89,90.68,1.23
2024-10-04 04:00:00,0.0,0.0,24.61,91.16,1.43
2024-10-04 05:00:00,0.0,0.0,24.35,91.91,1.51
2024-10-04 06:00:00,15.18,67.45,24.44,91.68,1.74
2024-10-04 07:00:00,37.85,266.35,25.15,89.19,2.22
2024-10-04 08:00:00,47.42,496.25,26.49,85.99,1.94
2024-10-04 09:00:00,36.78,696.83,29.16,72.01,2.34
2024-10-04 10:00:00,46.72,840.1,30.29,67.32,1.99
2024-10-04 11:00:00,53.12,909.95,30.69,65.89,1.38
2024-10-04 12:00:00,76.12,917.65,30.7,65.78,0.83
2024-10-04 13:00:00,184.75,827.4,30.54,66.55,0.58
2024-10-04 14:00:00,276.95,667.12,30.25,68.03,0.47
2024-10-04 15:00:00,203.9,453.02,29.79,70.54,0.29
2024-10-04 16:00:00,101.25,216.5,29.2,75.67,0.23
2024-10-04 17:00:00,17.48,30.42,28.56,76.36,0.24
2024-10-04 18:00:00,0.0,0.0,27.77,81.7,0.39
2024-10-04 19:00:00,0.0,0.0,26.86,87.21,0.56
2024-10-04 20:00:00,0.0,0.0,26.15,91.42,0.61
2024-10-04 21:00:00,0.0,0.0,25.73,92.68,0.67
2024-10-04 22:00:00,0.0,0.0,25.4,93.42,0.73
2024-10-04 23:00:00,0.0,0.0,25.08,94.12,0.79
2024-10-05 00:00:00,0.0,0.0,24.78,94.77,0.85
2024-10-05 01:00:00,0.0,0.0,24.51,95.38,0.87
2024-10-05 02:00:00,0.0,0.0,24.27,96.04,0.83
2024-10-05 03:00:00,0.0,0.0,24.05,96.66,0.76
2024-10-05 04:00:00,0.0,0.0,23.83,97.22,0.66
2024-10-05 05:00:00,0.0,0.0,23.65,97.57,0.7
2024-10-05 06:00:00,46.38,76.47,23.91,96.66,1.44
2024-10-05 07:00:00,152.85,293.25,24.64,94.71,2.33
2024-10-05 08:00:00,275.05,526.7,25.73,90.32,2.62
2024-10-05 09:00:00,415.77,723.95,26.84,85.41,2.84
2024-10-05 10:00:00,593.78,863.28,27.86,80.45,2.85
2024-10-05 11:00:00,576.65,929.2,28.51,77.05,2.77
2024-10-05 12:00:00,593.42,891.7,28.86,74.71,2.71
2024-10-05 13:00:00,559.1,800.4,28.85,73.84,2.64
2024-10-05 14:00:00,433.85,635.42,28.63,74.36,2.57
2024-10-05 15:00:00,280.05,425.0,28.09,77.12,2.39
2024-10-05 16:00:00,129.35,196.8,27.42,81.65,1.92
2024-10-05 17:00:00,23.25,28.05,26.42,88.64,1.16
2024-10-05 18:00:00,0.0,0.0,25.4,93.59,0.71
2024-10-05 19:00:00,0.0,0.0,25.13,93.77,0.66
2024-10-05 20:00:00,0.0,0.0,24.91,93.69,0.65
2024-10-05 21:00:00,0.0,0.0,24.66,94.24,0.65
2024-10-05 22:00:00,0.0,0.0,24.4,95.05,0.66
2024-10-05 23:00:00,0.0,0.0,24.1,95.88,0.66
2024-10-06 00:00:00,0.0,0.0,23.8,96.5,0.63
2024-10-06 01:00:00,0.0,0.0,23.61,96.66,0.58
2024-10-06 02:00:00,0.0,0.0,23.45,96.86,0.57
2024-10-06 03:00:00,0.0,0.0,23.24,97.75,0.63
2024-10-06 04:00:00,0.0,0.0,23.13,98.36,0.83
2024-10-06 05:00:00,0.0,0.0,23.16,98.23,1.11
2024-10-06 06:00:00,19.05,81.78,23.62,96.9,1.71
2024-10-06 07:00:00,68.72,309.17,24.62,93.85,2.48
2024-10-06 08:00:00,123.53,549.17,25.66,89.13,3.01
2024-10-06 09:00:00,236.4,750.0,26.77,82.7,3.11
2024-10-06 10:00:00,186.2,889.65,27.76,76.89,3.04
2024-10-06 11:00:00,194.73,956.2,28.44,73.32,2.97
2024-10-06 12:00:00,247.77,933.4,28.91,70.89,2.87
2024-10-06 13:00:00,395.7,843.4,29.1,69.87,2.69
2024-10-06 14:00:00,353.73,684.12,28.97,70.39,2.41
2024-10-06 15:00:00,276.25,469.73,28.62,72.77,2.09
2024-10-06 16:00:00,132.98,230.57,27.98,78.26,1.61
2024-10-06 17:00:00,20.4,31.23,26.85,86.07,1.16
2024-10-06 18:00:00,0.0,0.0,25.68,93.09,0.78
2024-10-06 19:00:00,0.0,0.0,25.36,94.22,0.9
2024-10-06 20:00:00,0.0,0.0,25.12,95.1,1.07
2024-10-06 21:00:00,0.0,0.0,24.89,95.79,1.29
2024-10-06 22:00:00,0.0,0.0,24.66,96.54,1.46
2024-10-06 23:00:00,0.0,0.0,24.49,96.87,1.55
2024-10-07 00:00:00,0.0,0.0,24.34,97.1,1.58
2024-10-07 01:00:00,0.0,0.0,24.22,97.16,1.55
2024-10-07 02:00:00,0.0,0.0,24.11,97.15,1.57
2024-10-07 03:00:00,0.0,0.0,24.03,97.08,1.8
2024-10-07 04:00:00,0.0,0.0,24.04,96.81,2.24
2024-10-07 05:00:00,0.0,0.0,24.05,96.7,2.61
2024-10-07 06:00:00,54.85,91.72,24.14,96.36,3.07
2024-10-07 07:00:00,208.93,327.45,24.51,95.41,3.56
2024-10-07 08:00:00,384.23,563.25,24.94,92.38,4.21
2024-10-07 09:00:00,432.95,759.75,25.54,87.49,4.63
2024-10-07 10:00:00,467.23,895.3,26.58,81.99,4.57
2024-10-07 11:00:00,547.4,958.67,27.66,77.44,4.28
2024-10-07 12:00:00,605.9,943.78,28.37,74.76,3.85
2024-10-07 13:00:00,589.08,853.47,28.61,73.9,3.48
2024-10-07 14:00:00,496.38,693.42,28.24,75.44,3.05
2024-10-07 15:00:00,369.75,478.2,27.63,78.88,2.57
2024-10-07 16:00:00,178.23,234.75,26.88,84.18,1.88
2024-10-07 17:00:00,25.98,31.48,25.82,91.2,1.14
2024-10-07 18:00:00,0.0,0.0,24.86,94.89,0.81
2024-10-07 19:00:00,0.0,0.0,24.54,95.54,0.78
2024-10-07 20:00:00,0.0,0.0,24.25,95.9,0.75
2024-10-07 21:00:00,0.0,0.0,23.98,96.08,0.72
2024-10-07 22:00:00,0.0,0.0,23.73,96.15,0.7
2024-10-07 23:00:00,0.0,0.0,23.49,96.31,0.7
2024-10-08 00:00:00,0.0,0.0,23.24,96.65,0.71
2024-10-08 01:00:00,0.0,0.0,22.98,97.04,0.71
2024-10-08 02:00:00,0.0,0.0,22.72,97.56,0.7
2024-10-08 03:00:00,0.0,0.0,22.5,97.95,0.67
2024-10-08 04:00:00,0.0,0.0,22.41,97.88,0.64
2024-10-08 05:00:00,0.0,0.0,22.48,97.13,0.62
2024-10-08 06:00:00,68.25,85.22,23.18,95.98,0.57
2024-10-08 07:00:00,245.07,314.17,24.52,92.33,0.53
2024-10-08 08:00:00,451.25,551.95,27.43,77.63,0.63
2024-10-08 09:00:00,642.92,752.55,29.32,69.31,0.59
2024-10-08 10:00:00,804.62,890.33,30.63,63.63,0.34
2024-10-08 11:00:00,790.78,951.2,31.63,59.68,0.16
2024-10-08 12:00:00,730.4,928.55,32.19,57.66,0.26
2024-10-08 13:00:00,650.47,831.12,32.42,56.87,0.47
2024-10-08 14:00:00,625.45,665.25,32.31,57.22,0.63
2024-10-08 15:00:00,434.45,449.1,31.9,58.51,0.74
2024-10-08 16:00:00,199.05,212.68,31.44,62.98,0.55
2024-10-08 17:00:00,26.4,27.88,30.38,65.71,0.52
2024-10-08 18:00:00,0.0,0.0,29.57,69.73,0.2
2024-10-08 19:00:00,0.0,0.0,29.11,69.18,0.16
2024-10-08 20:00:00,0.0,0.0,28.58,72.56,0.32
2024-10-08 21:00:00,0.0,0.0,27.71,78.25,0.5
2024-10-08 22:00:00,0.0,0.0,26.8,81.96,0.64
2024-10-08 23:00:00,0.0,0.0,25.9,86.63,0.73
2024-10-09 00:00:00,0.0,0.0,25.14,89.86,0.79
2024-10-09 01:00:00,0.0,0.0,24.58,91.48,0.88
2024-10-09 02:00:00,0.0,0.0,24.17,92.61,0.97
2024-10-09 03:00:00,0.0,0.0,23.83,93.6,1.09
2024-10-09 04:00:00,0.0,0.0,23.57,94.49,1.16
2024-10-09 05:00:00,0.0,0.0,23.34,95.48,1.1
2024-10-09 06:00:00,77.07,83.05,23.68,94.56,1.42
2024-10-09 07:00:00,267.98,307.8,24.83,90.91,1.85
2024-10-09 08:00:00,467.92,544.58,27.12,82.08,1.53
2024-10-09 09:00:00,680.55,744.08,29.52,70.42,1.15
2024-10-09 10:00:00,868.15,884.7,30.49,67.31,0.47
2024-10-09 11:00:00,941.65,947.4,30.96,65.68,0.59
2024-10-09 12:00:00,759.17,908.92,31.06,65.63,1.07
2024-10-09 13:00:00,746.25,815.7,31.19,65.6,1.44
2024-10-09 14:00:00,626.12,653.0,31.07,66.16,1.65
2024-10-09 15:00:00,333.9,438.2,30.79,67.62,1.65
2024-10-09 16:00:00,140.6,203.05,30.28,72.42,1.27
2024-10-09 17:00:00,18.92,26.15,28.9,80.38,0.98
2024-10-09 18:00:00,0.0,0.0,27.49,87.01,0.7
2024-10-09 19:00:00,0.0,0.0,27.09,87.79,0.72
2024-10-09 20:00:00,0.0,0.0,26.66,89.11,0.74
2024-10-09 21:00:00,0.0,0.0,26.16,90.7,0.81
2024-10-09 22:00:00,0.0,0.0,25.71,91.96,0.93
2024-10-09 23:00:00,0.0,0.0,25.33,93.14,1.05
2024-10-10 00:00:00,0.0,0.0,25.01,94.42,1.13
2024-10-10 01:00:00,0.0,0.0,24.73,95.81,1.11
2024-10-10 02:00:00,0.0,0.0,24.48,96.92,1.0
2024-10-10 03:00:00,0.0,0.0,24.27,97.63,0.87
2024-10-10 04:00:00,0.0,0.0,24.09,98.04,0.77
2024-10-10 05:00:00,0.0,0.0,23.93,98.24,0.72
2024-10-10 06:00:00,57.85,74.0,24.29,97.42,0.72
2024-10-10 07:00:00,206.0,289.83,25.34,93.42,1.24
2024-10-10 08:00:00,408.95,526.4,26.67,87.4,0.87
2024-10-10 09:00:00,551.88,727.0,28.75,74.86,0.92
2024-10-10 10:00:00,567.42,870.38,30.02,67.28,1.71
2024-10-10 11:00:00,566.1,942.88,30.83,62.77,2.27
2024-10-10 12:00:00,802.28,949.05,31.42,60.3,2.51
2024-10-10 13:00:00,762.17,856.75,31.75,59.26,2.55
2024-10-10 14:00:00,664.05,695.28,31.7,59.47,2.42
2024-10-10 15:00:00,468.4,479.58,31.39,61.02,2.16
2024-10-10 16:00:00,230.4,235.1,30.78,65.87,1.57
2024-10-10 17:00:00,29.15,29.62,29.19,75.7,1.11
2024-10-10 18:00:00,0.0,0.0,27.31,83.39,0.8
2024-10-10 19:00:00,0.0,0.0,26.83,84.6,0.8
2024-10-10 20:00:00,0.0,0.0,26.4,85.93,0.8
2024-10-10 21:00:00,0.0,0.0,26.03,87.07,0.78
2024-10-10 22:00:00,0.0,0.0,25.75,87.82,0.74
2024-10-10 23:00:00,0.0,0.0,25.59,88.05,0.66
2024-10-11 00:00:00,0.0,0.0,25.53,87.65,0.57
2024-10-11 01:00:00,0.0,0.0,25.41,86.69,0.48
2024-10-11 02:00:00,0.0,0.0,25.31,85.45,0.43
2024-10-11 03:00:00,0.0,0.0,24.97,86.77,0.45
2024-10-11 04:00:00,0.0,0.0,24.42,89.86,0.52
2024-10-11 05:00:00,0.0,0.0,23.93,92.76,0.61
2024-10-11 06:00:00,76.35,86.38,24.19,94.2,0.84
2024-10-11 07:00:00,261.55,316.25,25.79,88.31,1.49
2024-10-11 08:00:00,451.4,552.8,27.51,80.26,1.76
2024-10-11 09:00:00,515.03,749.95,28.95,74.13,1.58
2024-10-11 10:00:00,520.65,888.65,29.88,70.42,1.02
2024-10-11 11:00:00,526.45,949.85,30.58,67.13,0.37
2024-10-11 12:00:00,552.2,906.12,31.1,64.29,0.6
2024-10-11 13:00:00,574.7,817.0,31.17,63.6,1.02
2024-10-11 14:00:00,429.25,655.97,30.95,64.33,1.29
2024-10-11 15:00:00,262.05,445.23,30.5,66.46,1.43
2024-10-11 16:00:00,128.95,210.12,29.94,71.88,1.11
2024-10-11 17:00:00,18.38,25.5,28.75,78.12,0.95
2024-10-11 18:00:00,0.0,0.0,27.45,86.19,0.62
2024-10-11 19:00:00,0.0,0.0,27.21,84.31,0.65
2024-10-11 20:00:00,0.0,0.0,27.14,82.32,0.6
2024-10-11 21:00:00,0.0,0.0,27.25,79.6,0.49
2024-10-11 22:00:00,0.0,0.0,27.31,78.04,0.27
2024-10-11 23:00:00,0.0,0.0,27.21,78.39,0.05
2024-10-12 00:00:00,0.0,0.0,26.67,81.99,0.35
2024-10-12 01:00:00,0.0,0.0,26.03,84.39,0.54
2024-10-12 02:00:00,0.0,0.0,25.4,88.56,0.63
2024-10-12 03:00:00,0.0,0.0,24.8,92.11,0.65
2024-10-12 04:00:00,0.0,0.0,24.27,93.79,0.7
2024-10-12 05:00:00,0.0,0.0,23.89,94.74,0.73
2024-10-12 06:00:00,68.68,80.57,24.22,94.53,0.88
2024-10-12 07:00:00,244.25,303.05,25.29,90.8,1.48
2024-10-12 08:00:00,442.85,538.72,27.33,82.27,1.86
2024-10-12 09:00:00,599.83,736.28,29.07,74.17,1.91
2024-10-12 10:00:00,745.5,875.1,29.86,71.54,1.74
2024-10-12 11:00:00,816.7,937.3,30.17,70.49,1.54
2024-10-12 12:00:00,779.97,921.7,30.32,69.8,1.35
2024-10-12 13:00:00,686.47,829.03,30.44,68.96,1.07
2024-10-12 14:00:00,603.78,668.65,30.18,69.31,0.87
2024-10-12 15:00:00,445.12,453.3,29.83,70.34,0.75
2024-10-12 16:00:00,210.32,213.73,29.52,73.61,0.64
2024-10-12 17:00:00,25.4,25.6,28.59,77.86,0.63
2024-10-12 18:00:00,0.0,0.0,27.45,82.26,0.64
2024-10-12 19:00:00,0.0,0.0,26.96,84.04,0.66
2024-10-12 20:00:00,0.0,0.0,26.46,86.1,0.67
2024-10-12 21:00:00,0.0,0.0,25.86,88.81,0.68
2024-10-12 22:00:00,0.0,0.0,25.32,91.03,0.71
2024-10-12 23:00:00,0.0,0.0,24.87,92.28,0.8
2024-10-13 00:00:00,0.0,0.0,24.5,93.02,0.91
2024-10-13 01:00:00,0.0,0.0,24.22,93.56,0.99
2024-10-13 02:00:00,0.0,0.0,23.96,94.21,1.06
2024-10-13 03:00:00,0.0,0.0,23.76,94.76,1.14
2024-10-13 04:00:00,0.0,0.0,23.59,95.32,1.25
2024-10-13 05:00:00,0.0,0.0,23.45,95.84,1.44
2024-10-13 06:00:00,59.45,69.82,23.74,95.29,2.04
2024-10-13 07:00:00,218.93,271.12,24.79,92.86,2.76
2024-10-13 08:00:00,412.9,504.17,26.7,85.07,2.88
2024-10-13 09:00:00,571.47,722.55,28.62,74.96,2.89
2024-10-13 10:00:00,593.3,867.67,30.14,68.59,2.52
2024-10-13 11:00:00,635.38,929.83,31.3,64.25,2.07
2024-10-13 12:00:00,635.15,926.4,31.99,61.26,1.79
2024-10-13 13:00:00,559.3,829.47,32.17,59.87,1.66
2024-10-13 14:00:00,446.5,665.5,31.91,60.28,1.68
2024-10-13 15:00:00,295.55,449.52,31.4,62.23,1.57
2024-10-13 16:00:00,134.48,210.07,30.93,66.05,1.11
2024-10-13 17:00:00,18.6,24.5,29.51,72.55,0.95
2024-10-13 18:00:00,0.0,0.0,27.78,82.19,0.72
2024-10-13 19:00:00,0.0,0.0,27.05,85.27,0.75
2024-10-13 20:00:00,0.0,0.0,26.42,87.7,0.81
2024-10-13 21:00:00,0.0,0.0,25.71,89.5,0.94
2024-10-13 22:00:00,0.0,0.0,25.08,91.16,1.13
2024-10-13 23:00:00,0.0,0.0,24.56,93.05,1.29
2024-10-14 00:00:00,0.0,0.0,24.28,94.79,1.37
2024-10-14 01:00:00,0.0,0.0,24.1,96.5,1.24
2024-10-14 02:00:00,0.0,0.0,23.98,97.59,1.02
2024-10-14 03:00:00,0.0,0.0,23.96,97.91,0.86
2024-10-14 04:00:00,0.0,0.0,23.93,98.04,0.8
2024-10-14 05:00:00,0.0,0.0,23.94,97.92,0.82
2024-10-14 06:00:00,57.38,79.72,24.14,97.69,0.94
2024-10-14 07:00:00,193.98,300.42,24.74,95.81,1.38
2024-10-14 08:00:00,348.55,535.9,25.25,93.59,1.72
2024-10-14 09:00:00,353.75,735.55,25.49,90.79,2.37
2024-10-14 10:00:00,295.12,872.38,25.43,87.47,2.97
2024-10-14 11:00:00,395.52,936.78,25.32,83.76,3.18
2024-10-14 12:00:00,448.25,921.5,25.68,79.19,3.09
2024-10-14 13:00:00,122.1,827.85,26.2,75.43,2.69
2024-10-14 14:00:00,70.5,663.53,26.61,73.65,2.2
2024-10-14 15:00:00,37.6,445.45,26.82,74.14,1.75
2024-10-14 16:00:00,41.33,205.43,26.83,76.49,1.37
2024-10-14 17:00:00,8.57,23.52,25.92,83.16,0.93
2024-10-14 18:00:00,0.0,0.0,24.89,85.78,0.71
2024-10-14 19:00:00,0.0,0.0,24.58,86.58,0.7
2024-10-14 20:00:00,0.0,0.0,24.13,88.37,0.71
2024-10-14 21:00:00,0.0,0.0,23.67,90.11,0.69
2024-10-14 22:00:00,0.0,0.0,23.26,91.59,0.66
2024-10-14 23:00:00,0.0,0.0,22.95,92.73,0.65
2024-10-15 00:00:00,0.0,0.0,22.73,93.8,0.64
2024-10-15 01:00:00,0.0,0.0,22.5,94.72,0.65
2024-10-15 02:00:00,0.0,0.0,22.23,95.5,0.68
2024-10-15 03:00:00,0.0,0.0,21.95,96.37,0.72
2024-10-15 04:00:00,0.0,0.0,21.75,97.21,0.78
2024-10-15 05:00:00,0.0,0.0,21.62,97.85,0.8
2024-10-15 06:00:00,70.15,83.88,22.12,96.84,1.24
2024-10-15 07:00:00,242.62,310.1,23.37,93.86,1.78
2024-10-15 08:00:00,436.33,545.08,25.71,84.38,2.05
2024-10-15 09:00:00,688.42,743.15,27.88,73.57,2.23
2024-10-15 10:00:00,801.25,879.2,29.5,65.7,2.19
2024-10-15 11:00:00,902.03,940.2,30.63,60.63,2.28
2024-10-15 12:00:00,888.38,915.3,31.31,57.65,2.46
2024-10-15 13:00:00,796.05,819.72,31.59,56.35,2.62
2024-10-15 14:00:00,538.08,655.12,31.46,56.8,2.69
2024-10-15 15:00:00,409.0,440.15,31.03,58.61,2.63
2024-10-15 16:00:00,193.68,204.6,30.09,65.04,2.06
2024-10-15 17:00:00,22.23,22.75,28.22,77.05,1.38
2024-10-15 18:00:00,0.0,0.0,26.38,83.95,1.02
2024-10-15 19:00:00,0.0,0.0,25.9,85.31,1.04
2024-10-15 20:00:00,0.0,0.0,25.43,86.73,1.06
2024-10-15 21:00:00,0.0,0.0,24.94,88.2,1.06
2024-10-15 22:00:00,0.0,0.0,24.45,89.97,1.04
2024-10-15 23:00:00,0.0,0.0,23.94,91.8,0.99
2024-10-16 00:00:00,0.0,0.0,23.48,93.51,0.9
2024-10-16 01:00:00,0.0,0.0,23.08,94.97,0.81
2024-10-16 02:00:00,0.0,0.0,22.71,96.17,0.74
2024-10-16 03:00:00,0.0,0.0,22.37,97.76,0.7
2024-10-16 04:00:00,0.0,0.0,22.09,99.23,0.68
2024-10-16 05:00:00,0.0,0.0,21.9,100.0,0.69
2024-10-16 06:00:00,79.65,80.57,22.64,97.27,1.01
2024-10-16 07:00:00,293.48,302.17,24.7,89.16,1.7
2024-10-16 08:00:00,518.22,537.03,27.25,78.18,1.92
2024-10-16 09:00:00,725.53,735.2,29.24,69.57,1.75
2024-10-16 10:00:00,854.9,874.83,30.57,65.5,1.82
2024-10-16 11:00:00,884.2,935.85,31.39,63.42,1.96
2024-10-16 12:00:00,861.2,905.03,31.68,62.52,2.11
2024-10-16 13:00:00,699.0,810.83,31.78,62.22,2.18
2024-10-16 14:00:00,573.5,648.35,31.58,62.62,2.15
2024-10-16 15:00:00,383.58,434.73,31.11,64.52,2.08
2024-10-16 16:00:00,172.68,201.38,30.33,70.44,1.63
2024-10-16 17:00:00,18.4,22.17,28.83,79.31,1.24
2024-10-16 18:00:00,0.0,0.0,27.24,87.79,0.8
2024-10-16 19:00:00,0.0,0.0,26.7,88.72,0.8
2024-10-16 20:00:00,0.0,0.0,26.32,89.38,0.78
2024-10-16 21:00:00,0.0,0.0,26.13,89.36,0.73
2024-10-16 22:00:00,0.0,0.0,25.92,89.46,0.71
2024-10-16 23:00:00,0.0,0.0,25.6,90.37,0.7
2024-10-17 00:00:00,0.0,0.0,25.25,91.84,0.69
2024-10-17 01:00:00,0.0,0.0,24.88,93.29,0.72
2024-10-17 02:00:00,0.0,0.0,24.55,94.4,0.78
2024-10-17 03:00:00,0.0,0.0,24.19,95.55,0.86
2024-10-17 04:00:00,0.0,0.0,23.91,96.55,0.92
2024-10-17 05:00:00,0.0,0.0,23.67,97.52,0.93
2024-10-17 06:00:00,68.8,85.47,24.05,96.94,1.28
2024-10-17 07:00:00,249.32,313.98,25.46,92.29,1.97
2024-10-17 08:00:00,454.48,549.5,27.26,82.89,2.35
2024-10-17 09:00:00,652.25,747.78,28.79,75.07,2.05
2024-10-17 10:00:00,808.58,881.2,30.05,70.3,1.63
2024-10-17 11:00:00,905.58,940.05,30.98,66.82,1.85
2024-10-17 12:00:00,869.6,902.6,31.45,65.0,2.17
2024-10-17 13:00:00,738.92,806.42,31.51,64.49,2.34
2024-10-17 14:00:00,607.83,642.2,31.48,64.53,2.39
2024-10-17 15:00:00,392.08,426.7,31.09,66.3,2.22
2024-10-17 16:00:00,169.8,193.77,30.35,72.37,1.61
2024-10-17 17:00:00,15.25,20.75,28.74,81.8,1.15
2024-10-17 18:00:00,0.0,0.0,27.34,88.33,0.83
2024-10-17 19:00:00,0.0,0.0,26.79,89.72,0.9
2024-10-17 20:00:00,0.0,0.0,26.25,90.99,1.07
2024-10-17 21:00:00,0.0,0.0,25.84,92.1,1.44
2024-10-17 22:00:00,0.0,0.0,25.47,93.59,1.89
2024-10-17 23:00:00,0.0,0.0,25.14,95.42,2.13
2024-10-18 00:00:00,0.0,0.0,24.84,96.74,1.87
2024-10-18 01:00:00,0.0,0.0,24.53,97.51,1.4
2024-10-18 02:00:00,0.0,0.0,24.21,98.2,1.06
2024-10-18 03:00:00,0.0,0.0,24.0,98.5,0.92
2024-10-18 04:00:00,0.0,0.0,23.84,98.57,0.83
2024-10-18 05:00:00,0.0,0.0,23.7,98.7,0.78
2024-10-18 06:00:00,71.3,77.68,24.01,97.99,0.86
2024-10-18 07:00:00,238.2,295.62,25.06,94.79,1.69
2024-10-18 08:00:00,414.1,531.1,26.05,89.89,2.01
2024-10-18 09:00:00,643.6,734.58,27.43,81.83,2.15
2024-10-18 10:00:00,825.17,870.78,28.77,74.76,2.03
2024-10-18 11:00:00,847.67,932.88,29.67,70.54,1.87
2024-10-18 12:00:00,808.1,928.5,30.25,67.94,1.68
2024-10-18 13:00:00,679.83,833.9,30.48,66.39,1.45
2024-10-18 14:00:00,595.97,670.95,30.38,66.08,1.19
2024-10-18 15:00:00,418.35,454.65,30.0,67.04,1.08
2024-10-18 16:00:00,202.0,215.1,29.43,71.6,0.89
2024-10-18 17:00:00,22.1,22.92,28.34,76.97,0.81
2024-10-18 18:00:00,0.0,0.0,26.96,83.66,0.65
2024-10-18 19:00:00,0.0,0.0,26.44,85.15,0.67
2024-10-18 20:00:00,0.0,0.0,26.03,86.12,0.68
2024-10-18 21:00:00,0.0,0.0,25.68,86.81,0.67
2024-10-18 22:00:00,0.0,0.0,25.28,88.02,0.68
2024-10-18 23:00:00,0.0,0.0,24.77,90.24,0.69
2024-10-19 00:00:00,0.0,0.0,24.28,92.45,0.69
2024-10-19 01:00:00,0.0,0.0,23.88,93.88,0.71
2024-10-19 02:00:00,0.0,0.0,23.52,94.92,0.74
2024-10-19 03:00:00,0.0,0.0,23.18,95.71,0.77
2024-10-19 04:00:00,0.0,0.0,22.85,96.69,0.8
2024-10-19 05:00:00,0.0,0.0,22.56,97.89,0.84
2024-10-19 06:00:00,79.65,82.5,23.17,96.07,1.32
2024-10-19 07:00:00,297.35,307.02,24.87,90.59,2.02
2024-10-19 08:00:00,535.38,542.33,27.64,78.19,2.07
2024-10-19 09:00:00,740.53,742.75,29.48,70.38,1.79
2024-10-19 10:00:00,874.67,878.2,30.75,65.69,0.91
2024-10-19 11:00:00,938.53,941.33,31.87,60.83,0.29
2024-10-19 12:00:00,893.5,930.08,32.52,57.59,1.0
2024-10-19 13:00:00,834.5,837.45,32.68,56.33,1.33
2024-10-19 14:00:00,671.2,674.65,32.6,56.1,1.47
2024-10-19 15:00:00,454.7,457.9,32.25,57.0,1.5
2024-10-19 16:00:00,214.93,216.52,31.63,61.19,1.15
2024-10-19 17:00:00,22.58,22.67,30.13,68.54,0.97
2024-10-19 18:00:00,0.0,0.0,28.58,74.57,0.76
2024-10-19 19:00:00,0.0,0.0,28.35,72.92,0.72
2024-10-19 20:00:00,0.0,0.0,28.07,72.31,0.65
2024-10-19 21:00:00,0.0,0.0,27.64,73.02,0.55
2024-10-19 22:00:00,0.0,0.0,27.18,73.99,0.53
2024-10-19 23:00:00,0.0,0.0,26.61,75.79,0.6
2024-10-20 00:00:00,0.0,0.0,26.0,77.96,0.75
2024-10-20 01:00:00,0.0,0.0,25.09,82.52,0.81
2024-10-20 02:00:00,0.0,0.0,24.24,86.74,0.82
2024-10-20 03:00:00,0.0,0.0,23.6,89.59,0.8
2024-10-20 04:00:00,0.0,0.0,23.12,91.55,0.81
2024-10-20 05:00:00,0.0,0.0,22.73,93.13,0.83
2024-10-20 06:00:00,76.68,84.35,23.29,92.18,1.15
2024-10-20 07:00:00,281.9,314.23,25.17,84.32,2.09
2024-10-20 08:00:00,509.05,551.7,28.12,72.76,1.98
2024-10-20 09:00:00,715.12,749.5,30.5,64.0,1.66
2024-10-20 10:00:00,845.25,885.88,31.96,59.53,1.13
2024-10-20 11:00:00,871.08,947.0,32.88,56.85,1.13
2024-10-20 12:00:00,829.5,919.95,33.4,55.16,1.39
2024-10-20 13:00:00,744.45,823.1,33.54,54.38,1.58
2024-10-20 14:00:00,603.33,657.28,33.31,54.95,1.7
2024-10-20 15:00:00,404.1,439.42,32.81,56.7,1.7
2024-10-20 16:00:00,187.85,200.98,32.08,61.69,1.35
2024-10-20 17:00:00,19.58,20.52,30.13,72.58,1.11
2024-10-20 18:00:00,0.0,0.0,27.99,83.1,0.86
2024-10-20 19:00:00,0.0,0.0,27.29,84.63,0.96
2024-10-20 20:00:00,0.0,0.0,26.7,86.03,1.07
2024-10-20 21:00:00,0.0,0.0,26.15,87.78,1.15
2024-10-20 22:00:00,0.0,0.0,25.69,89.68,1.21
2024-10-20 23:00:00,0.0,0.0,25.32,91.39,1.27
2024-10-21 00:00:00,0.0,0.0,25.03,92.82,1.31
2024-10-21 01:00:00,0.0,0.0,24.77,94.16,1.3
2024-10-21 02:00:00,0.0,0.0,24.53,95.23,1.25
2024-10-21 03:00:00,0.0,0.0,24.26,96.21,1.19
2024-10-21 04:00:00,0.0,0.0,24.05,96.88,1.19
2024-10-21 05:00:00,0.0,0.0,23.91,97.39,1.22
2024-10-21 06:00:00,71.85,77.8,24.27,96.25,1.7
2024-10-21 07:00:00,269.88,295.83,25.41,92.9,2.25
2024-10-21 08:00:00,484.98,529.03,27.49,82.47,2.68
2024-10-21 09:00:00,685.7,724.62,29.49,72.49,2.52
2024-10-21 10:00:00,833.62,862.67,30.86,67.44,1.9
2024-10-21 11:00:00,884.72,923.25,31.7,64.57,1.41
2024-10-21 12:00:00,801.0,871.38,32.14,62.5,1.31
2024-10-21 13:00:00,685.17,775.97,32.27,61.6,1.49
2024-10-21 14:00:00,580.3,612.75,32.03,61.98,1.68
2024-10-21 15:00:00,383.23,400.15,31.51,63.69,1.78
2024-10-21 16:00:00,166.48,176.57,30.77,69.26,1.41
2024-10-21 17:00:00,15.7,18.05,29.29,77.38,1.17
2024-10-21 18:00:00,0.0,0.0,27.69,86.85,0.79
2024-10-21 19:00:00,0.0,0.0,27.22,87.76,0.81
2024-10-21 20:00:00,0.0,0.0,26.81,88.42,0.81
2024-10-21 21:00:00,0.0,0.0,26.43,88.86,0.79
2024-10-21 22:00:00,0.0,0.0,26.11,89.12,0.77
2024-10-21 23:00:00,0.0,0.0,25.82,89.55,0.73
2024-10-22 00:00:00,0.0,0.0,25.5,90.25,0.72
2024-10-22 01:00:00,0.0,0.0,25.23,90.76,0.7
2024-10-22 02:00:00,0.0,0.0,24.99,91.24,0.68
2024-10-22 03:00:00,0.0,0.0,24.76,92.14,0.66
2024-10-22 04:00:00,0.0,0.0,24.52,93.3,0.65
2024-10-22 05:00:00,0.0,0.0,24.31,94.64,0.64
2024-10-22 06:00:00,50.28,78.53,24.58,95.26,0.69
2024-10-22 07:00:00,187.38,301.15,25.62,90.55,1.43
2024-10-22 08:00:00,360.27,534.6,26.99,85.92,1.56
2024-10-22 09:00:00,530.33,729.88,28.74,77.6,1.79
2024-10-22 10:00:00,731.92,864.78,29.7,73.24,1.81
2024-10-22 11:00:00,782.97,923.8,30.06,72.05,1.87
2024-10-22 12:00:00,743.3,889.95,30.13,71.99,1.94
2024-10-22 13:00:00,664.4,791.42,30.11,72.31,2.01
2024-10-22 14:00:00,525.1,626.6,29.81,73.75,1.97
2024-10-22 15:00:00,338.05,411.27,29.44,76.5,1.77
2024-10-22 16:00:00,142.7,181.35,28.91,80.22,1.49
2024-10-22 17:00:00,13.5,17.77,27.71,88.48,0.95
2024-10-22 18:00:00,0.0,0.0,26.71,91.04,0.83
2024-10-22 19:00:00,0.0,0.0,26.39,91.63,0.88
2024-10-22 20:00:00,0.0,0.0,26.05,92.27,0.94
2024-10-22 21:00:00,0.0,0.0,25.71,93.08,0.96
2024-10-22 22:00:00,0.0,0.0,25.34,94.12,0.94
2024-10-22 23:00:00,0.0,0.0,24.97,95.15,0.91
2024-10-23 00:00:00,0.0,0.0,24.64,95.97,0.89
2024-10-23 01:00:00,0.0,0.0,24.4,96.65,0.89
2024-10-23 02:00:00,0.0,0.0,24.22,97.21,0.94
2024-10-23 03:00:00,0.0,0.0,24.15,97.41,1.08
2024-10-23 04:00:00,0.0,0.0,24.15,97.42,1.28
2024-10-23 05:00:00,0.0,0.0,24.15,97.47,1.38
2024-10-23 06:00:00,68.7,74.68,24.3,97.11,1.6
2024-10-23 07:00:00,252.05,289.25,25.13,94.74,2.37
2024-10-23 08:00:00,470.27,524.03,26.51,89.63,2.8
2024-10-23 09:00:00,541.78,724.58,28.1,81.39,3.04
2024-10-23 10:00:00,668.62,858.75,29.48,73.94,2.95
2024-10-23 11:00:00,793.55,920.92,30.44,68.96,2.79
2024-10-23 12:00:00,852.28,905.53,31.07,65.68,2.66
2024-10-23 13:00:00,743.03,809.62,31.36,63.83,2.54
2024-10-23 14:00:00,635.22,646.92,31.42,63.0,2.41
2024-10-23 15:00:00,430.4,433.2,31.18,63.48,2.17
2024-10-23 16:00:00,175.1,197.95,30.59,68.54,1.51
2024-10-23 17:00:00,14.82,19.23,29.22,78.53,0.97
2024-10-23 18:00:00,0.0,0.0,28.3,79.78,0.65
2024-10-23 19:00:00,0.0,0.0,28.3,77.49,0.52
2024-10-23 20:00:00,0.0,0.0,28.41,74.11,0.36
2024-10-23 21:00:00,0.0,0.0,28.14,73.71,0.2
2024-10-23 22:00:00,0.0,0.0,27.73,74.69,0.15
2024-10-23 23:00:00,0.0,0.0,27.1,78.51,0.22
2024-10-24 00:00:00,0.0,0.0,26.39,82.17,0.33
2024-10-24 01:00:00,0.0,0.0,25.79,83.9,0.42
2024-10-24 02:00:00,0.0,0.0,25.18,87.19,0.45
2024-10-24 03:00:00,0.0,0.0,24.71,89.15,0.45
2024-10-24 04:00:00,0.0,0.0,24.33,90.5,0.41
2024-10-24 05:00:00,0.0,0.0,23.98,92.11,0.36
2024-10-24 06:00:00,74.1,79.28,24.24,92.66,0.4
2024-10-24 07:00:00,276.52,301.17,26.06,84.25,0.43
2024-10-24 08:00:00,497.98,534.08,28.63,72.55,0.33
2024-10-24 09:00:00,702.45,730.78,30.51,65.44,0.69
2024-10-24 10:00:00,828.85,863.15,31.59,62.47,1.3
2024-10-24 11:00:00,880.08,922.55,32.31,60.48,1.69
2024-10-24 12:00:00,857.38,900.2,32.62,58.94,1.92
2024-10-24 13:00:00,731.55,804.55,32.77,58.33,2.06
2024-10-24 14:00:00,576.55,641.3,32.41,59.04,2.17
2024-10-24 15:00:00,350.12,431.98,31.87,60.99,2.11
2024-10-24 16:00:00,145.73,197.82,31.13,67.05,1.57
2024-10-24 17:00:00,11.4,19.0,29.56,77.18,1.12
2024-10-24 18:00:00,0.0,0.0,28.01,83.95,0.77
2024-10-24 19:00:00,0.0,0.0,27.69,84.06,0.75
2024-10-24 20:00:00,0.0,0.0,27.51,83.15,0.74
2024-10-24 21:00:00,0.0,0.0,27.53,80.84,0.7
2024-10-24 22:00:00,0.0,0.0,27.51,78.5,0.52
2024-10-24 23:00:00,0.0,0.0,27.68,75.58,0.29
2024-10-25 00:00:00,0.0,0.0,27.39,76.64,0.23
2024-10-25 01:00:00,0.0,0.0,26.62,80.44,0.42
2024-10-25 02:00:00,0.0,0.0,25.82,83.87,0.51
2024-10-25 03:00:00,0.0,0.0,25.18,87.12,0.54
2024-10-25 04:00:00,0.0,0.0,24.63,89.65,0.53
2024-10-25 05:00:00,0.0,0.0,24.22,91.21,0.51
2024-10-25 06:00:00,77.9,80.35,24.39,92.33,0.51
2024-10-25 07:00:00,293.85,305.17,25.89,85.58,0.7
2024-10-25 08:00:00,523.92,538.05,28.89,72.49,0.6
2024-10-25 09:00:00,705.7,733.15,30.85,65.3,0.43
2024-10-25 10:00:00,828.58,870.0,31.89,61.48,0.58
2024-10-25 11:00:00,858.2,929.42,32.57,58.92,0.75
2024-10-25 12:00:00,822.58,900.12,32.98,56.93,0.89
2024-10-25 13:00:00,731.38,801.12,33.0,56.01,0.99
2024-10-25 14:00:00,566.2,635.08,32.74,55.99,1.1
2024-10-25 15:00:00,358.85,418.38,32.05,58.24,1.08
2024-10-25 16:00:00,164.1,184.77,31.44,62.09,0.93
2024-10-25 17:00:00,16.9,17.25,30.03,73.19,0.78
2024-10-25 18:00:00,0.0,0.0,28.59,81.66,0.71
2024-10-25 19:00:00,0.0,0.0,27.81,83.36,0.86
2024-10-25 20:00:00,0.0,0.0,27.09,84.01,1.1
2024-10-25 21:00:00,0.0,0.0,26.4,84.94,1.37
2024-10-25 22:00:00,0.0,0.0,25.85,86.15,1.67
2024-10-25 23:00:00,0.0,0.0,25.43,87.76,1.83
2024-10-26 00:00:00,0.0,0.0,25.07,89.66,1.76
2024-10-26 01:00:00,0.0,0.0,24.75,91.49,1.55
2024-10-26 02:00:00,0.0,0.0,24.46,93.1,1.32
2024-10-26 03:00:00,0.0,0.0,24.13,94.64,1.13
2024-10-26 04:00:00,0.0,0.0,23.8,95.87,1.03
2024-10-26 05:00:00,0.0,0.0,23.57,96.78,0.97
2024-10-26 06:00:00,72.15,74.62,23.93,95.66,1.39
2024-10-26 07:00:00,255.57,291.6,25.35,90.89,1.91
2024-10-26 08:00:00,476.38,523.0,27.92,78.29,2.47
2024-10-26 09:00:00,658.0,720.4,30.02,67.29,2.47
2024-10-26 10:00:00,763.78,853.08,31.4,61.58,2.09
2024-10-26 11:00:00,786.97,912.22,32.32,58.41,1.79
2024-10-26 12:00:00,793.4,892.85,32.76,56.54,1.63
2024-10-26 13:00:00,723.9,796.55,32.85,55.61,1.56
2024-10-26 14:00:00,557.67,632.05,32.62,55.76,1.48
2024-10-26 15:00:00,365.7,417.3,32.14,57.25,1.36
2024-10-26 16:00:00,164.1,184.1,31.46,62.08,1.02
2024-10-26 17:00:00,15.68,16.88,30.2,68.93,0.87
2024-10-26 18:00:00,0.0,0.0,28.37,81.1,0.67
2024-10-26 19:00:00,0.0,0.0,27.35,84.63,0.79
2024-10-26 20:00:00,0.0,0.0,26.52,87.07,0.91
2024-10-26 21:00:00,0.0,0.0,25.88,88.95,1.08
2024-10-26 22:00:00,0.0,0.0,25.39,90.5,1.23
2024-10-26 23:00:00,0.0,0.0,25.0,91.9,1.34
2024-10-27 00:00:00,0.0,0.0,24.67,93.02,1.41
2024-10-27 01:00:00,0.0,0.0,24.37,93.92,1.41
2024-10-27 02:00:00,0.0,0.0,24.05,94.96,1.31
2024-10-27 03:00:00,0.0,0.0,23.73,95.93,1.16
2024-10-27 04:00:00,0.0,0.0,23.41,96.89,1.01
2024-10-27 05:00:00,0.0,0.0,23.1,97.87,0.88
2024-10-27 06:00:00,71.35,72.0,23.48,96.25,1.21
2024-10-27 07:00:00,273.35,279.15,25.12,89.94,1.57
2024-10-27 08:00:00,501.5,510.85,28.37,73.27,1.1
2024-10-27 09:00:00,694.8,705.3,30.79,63.02,0.45
2024-10-27 10:00:00,820.83,843.1,32.12,58.25,1.22
2024-10-27 11:00:00,843.2,902.03,32.88,56.11,1.52
2024-10-27 12:00:00,820.22,880.15,33.28,54.72,1.72
2024-10-27 13:00:00,712.05,782.4,33.39,54.07,1.82
2024-10-27 14:00:00,582.75,616.6,33.16,54.31,1.85
2024-10-27 15:00:00,381.62,401.08,32.68,55.34,1.82
2024-10-27 16:00:00,168.95,173.85,31.8,60.21,1.37
2024-10-27 17:00:00,15.88,16.02,30.11,71.5,1.03
2024-10-27 18:00:00,0.0,0.0,28.42,79.67,0.74
2024-10-27 19:00:00,0.0,0.0,27.97,79.66,0.76
2024-10-27 20:00:00,0.0,0.0,27.7,78.87,0.75
2024-10-27 21:00:00,0.0,0.0,27.46,78.23,0.71
2024-10-27 22:00:00,0.0,0.0,27.11,78.53,0.71
2024-10-27 23:00:00,0.0,0.0,26.47,80.82,0.71
2024-10-28 00:00:00,0.0,0.0,25.69,83.91,0.74
2024-10-28 01:00:00,0.0,0.0,24.9,86.84,0.83
2024-10-28 02:00:00,0.0,0.0,24.18,88.92,0.95
2024-10-28 03:00:00,0.0,0.0,23.52,90.36,1.1
2024-10-28 04:00:00,0.0,0.0,22.89,91.85,1.28
2024-10-28 05:00:00,0.0,0.0,22.34,93.41,1.4
2024-10-28 06:00:00,73.07,73.12,22.25,93.24,1.8
2024-10-28 07:00:00,265.2,265.3,23.45,87.83,2.08
2024-10-28 08:00:00,492.23,492.3,25.98,74.42,1.9
2024-10-28 09:00:00,694.4,695.4,29.14,56.89,2.32
2024-10-28 10:00:00,830.12,832.0,31.32,48.85,2.28
2024-10-28 11:00:00,884.55,888.78,32.49,46.16,1.94
2024-10-28 12:00:00,860.75,868.25,33.22,44.1,1.66
2024-10-28 13:00:00,734.0,770.12,33.54,42.47,1.5
2024-10-28 14:00:00,578.38,601.17,33.42,41.92,1.43
2024-10-28 15:00:00,364.65,387.0,33.02,42.59,1.38
2024-10-28 16:00:00,162.55,166.98,32.47,45.41,1.03
2024-10-28 17:00:00,15.57,15.73,30.07,61.76,0.79
2024-10-28 18:00:00,0.0,0.0,27.93,65.58,0.91
2024-10-28 19:00:00,0.0,0.0,26.72,69.6,0.95
2024-10-28 20:00:00,0.0,0.0,25.74,72.0,0.98
2024-10-28 21:00:00,0.0,0.0,25.06,73.57,1.0
2024-10-28 22:00:00,0.0,0.0,24.55,74.68,0.99
2024-10-28 23:00:00,0.0,0.0,24.06,75.95,0.96
2024-10-29 00:00:00,0.0,0.0,23.56,77.27,0.94
2024-10-29 01:00:00,0.0,0.0,23.09,78.73,0.92
2024-10-29 02:00:00,0.0,0.0,22.62,80.35,0.93
2024-10-29 03:00:00,0.0,0.0,22.21,81.6,1.01
2024-10-29 04:00:00,0.0,0.0,21.92,82.34,1.2
2024-10-29 05:00:00,0.0,0.0,21.7,83.55,1.43
2024-10-29 06:00:00,69.65,78.3,21.97,83.7,1.97
2024-10-29 07:00:00,258.77,302.38,23.4,80.22,2.63
2024-10-29 08:00:00,470.75,533.58,25.96,73.8,2.45
2024-10-29 09:00:00,646.03,726.45,28.92,64.25,3.12
2024-10-29 10:00:00,775.05,857.8,30.68,59.57,3.23
2024-10-29 11:00:00,850.3,914.83,31.62,57.26,2.96
2024-10-29 12:00:00,835.9,894.55,31.75,57.12,2.55
2024-10-29 13:00:00,709.95,801.4,31.64,57.69,2.18
2024-10-29 14:00:00,590.88,642.55,31.54,58.5,1.88
2024-10-29 15:00:00,398.05,433.02,31.26,60.19,1.58
2024-10-29 16:00:00,187.23,198.52,30.55,65.82,1.11
2024-10-29 17:00:00,17.58,17.9,29.45,74.84,0.7
2024-10-29 18:00:00,0.0,0.0,28.55,76.93,0.54
2024-10-29 19:00:00,0.0,0.0,28.34,75.53,0.49
2024-10-29 20:00:00,0.0,0.0,27.79,79.29,0.46
2024-10-29 21:00:00,0.0,0.0,27.2,82.71,0.46
2024-10-29 22:00:00,0.0,0.0,26.64,84.33,0.47
2024-10-29 23:00:00,0.0,0.0,26.13,85.34,0.49
2024-10-30 00:00:00,0.0,0.0,25.6,87.15,0.5
2024-10-30 01:00:00,0.0,0.0,25.11,89.29,0.47
2024-10-30 02:00:00,0.0,0.0,24.75,91.15,0.47
2024-10-30 03:00:00,0.0,0.0,24.36,93.15,0.5
2024-10-30 04:00:00,0.0,0.0,23.93,95.2,0.54
2024-10-30 05:00:00,0.0,0.0,23.54,96.95,0.58
2024-10-30 06:00:00,80.32,82.03,23.87,95.86,0.81
2024-10-30 07:00:00,298.23,309.0,25.3,88.6,1.47
2024-10-30 08:00:00,518.3,541.38,27.32,78.13,1.58
2024-10-30 09:00:00,732.42,733.25,29.4,67.07,1.78
2024-10-30 10:00:00,864.7,869.08,31.27,58.27,1.94
2024-10-30 11:00:00,920.6,927.8,32.6,52.57,2.1
2024-10-30 12:00:00,899.7,909.1,33.44,48.9,2.25
2024-10-30 13:00:00,808.92,812.97,33.8,46.71,2.36
2024-10-30 14:00:00,648.08,648.33,33.7,45.99,2.39
2024-10-30 15:00:00,431.3,432.52,33.13,46.58,2.39
2024-10-30 16:00:00,197.07,198.23,31.83,52.64,1.99
2024-10-30 17:00:00,17.27,17.38,29.19,68.15,1.32
2024-10-30 18:00:00,0.0,0.0,26.97,73.48,1.14
2024-10-30 19:00:00,0.0,0.0,26.21,75.12,1.12
2024-10-30 20:00:00,0.0,0.0,25.66,76.42,1.04
2024-10-30 21:00:00,0.0,0.0,25.37,76.56,0.93
2024-10-30 22:00:00,0.0,0.0,25.34,75.33,0.86
2024-10-30 23:00:00,0.0,0.0,25.36,73.62,0.82
2024-10-31 00:00:00,0.0,0.0,25.16,73.38,0.78
2024-10-31 01:00:00,0.0,0.0,24.6,75.66,0.74
2024-10-31 02:00:00,0.0,0.0,23.91,79.19,0.73
2024-10-31 03:00:00,0.0,0.0,23.2,82.97,0.72
2024-10-31 04:00:00,0.0,0.0,22.56,85.94,0.7
2024-10-31 05:00:00,0.0,0.0,22.06,87.81,0.7
2024-10-31 06:00:00,77.55,77.82,22.28,87.65,0.82
2024-10-31 07:00:00,284.05,285.48,23.88,78.07,1.55
2024-10-31 08:00:00,511.45,514.1,26.42,68.05,1.4
2024-10-31 09:00:00,707.78,710.4,29.83,54.05,1.64
2024-10-31 10:00:00,849.22,849.38,32.06,47.57,1.82
2024-10-31 11:00:00,908.38,908.97,33.4,44.48,2.0
2024-10-31 12:00:00,880.22,889.17,34.2,42.69,2.22
2024-10-31 13:00:00,787.1,791.28,34.53,42.19,2.4
2024-10-31 14:00:00,623.72,624.17,34.44,42.81,2.48
2024-10-31 15:00:00,406.85,407.27,33.85,44.77,2.43
2024-10-31 16:00:00,181.9,182.2,32.68,50.95,1.89
2024-10-31 17:00:00,15.7,15.7,30.06,68.17,1.09
2024-10-31 18:00:00,0.0,0.0,27.92,72.93,0.98
2024-10-31 19:00:00,0.0,0.0,27.19,74.61,1.0
2024-10-31 20:00:00,0.0,0.0,26.53,76.22,1.0
2024-10-31 21:00:00,0.0,0.0,25.9,77.76,1.01
2024-10-31 22:00:00,0.0,0.0,25.31,79.03,1.02
2024-10-31 23:00:00,0.0,0.0,24.74,80.13,1.05
2024-11-01 00:00:00,0.0,0.0,24.16,81.2,1.07
2024-11-01 01:00:00,0.0,0.0,23.55,82.24,1.13
2024-11-01 02:00:00,0.0,0.0,22.93,83.45,1.21
2024-11-01 03:00:00,0.0,0.0,22.3,85.3,1.26
2024-11-01 04:00:00,0.0,0.0,21.68,87.76,1.23
2024-11-01 05:00:00,0.0,0.0,21.11,90.37,1.13
2024-11-01 06:00:00,67.72,68.32,21.22,90.27,1.47
2024-11-01 07:00:00,267.0,275.45,22.82,84.08,1.76
2024-11-01 08:00:00,497.67,509.67,25.8,72.2,1.32
2024-11-01 09:00:00,703.25,711.17,29.88,52.93,1.51
2024-11-01 10:00:00,850.25,853.38,32.49,44.0,1.55
2024-11-01 11:00:00,913.05,916.03,33.56,41.09,1.63
2024-11-01 12:00:00,897.58,899.25,34.22,38.69,1.85
2024-11-01 13:00:00,798.65,802.12,34.48,37.12,2.1
2024-11-01 14:00:00,631.2,636.72,34.27,36.75,2.26
2024-11-01 15:00:00,414.23,421.73,33.65,37.8,2.26
2024-11-01 16:00:00,185.12,185.95,32.41,43.43,1.74
2024-11-01 17:00:00,16.1,16.15,29.15,60.78,1.18
2024-11-01 18:00:00,0.0,0.0,26.55,66.18,1.12
2024-11-01 19:00:00,0.0,0.0,25.57,67.85,1.17
2024-11-01 20:00:00,0.0,0.0,24.76,69.24,1.2
2024-11-01 21:00:00,0.0,0.0,24.14,70.47,1.2
2024-11-01 22:00:00,0.0,0.0,23.61,71.55,1.19
2024-11-01 23:00:00,0.0,0.0,23.05,72.87,1.18
2024-11-02 00:00:00,0.0,0.0,22.49,74.24,1.22
2024-11-02 01:00:00,0.0,0.0,21.83,75.98,1.32
2024-11-02 02:00:00,0.0,0.0,21.14,78.21,1.42
2024-11-02 03:00:00,0.0,0.0,20.39,81.16,1.45
2024-11-02 04:00:00,0.0,0.0,19.65,84.21,1.39
2024-11-02 05:00:00,0.0,0.0,18.99,86.98,1.27
2024-11-02 06:00:00,74.68,76.1,19.14,86.36,1.64
2024-11-02 07:00:00,291.73,299.73,21.1,78.17,2.23
2024-11-02 08:00:00,520.8,535.88,24.17,69.61,1.54
2024-11-02 09:00:00,725.03,734.83,29.02,45.16,2.47
2024-11-02 10:00:00,867.85,873.62,31.79,35.99,2.65
2024-11-02 11:00:00,927.42,929.8,33.14,33.7,2.17
2024-11-02 12:00:00,929.95,930.12,33.88,32.4,1.86
2024-11-02 13:00:00,831.72,833.35,34.15,31.66,1.67
2024-11-02 14:00:00,666.22,667.35,33.97,31.72,1.56
2024-11-02 15:00:00,444.9,446.0,33.34,32.85,1.47
2024-11-02 16:00:00,203.18,203.85,32.41,36.95,1.09
2024-11-02 17:00:00,17.3,17.35,29.78,53.12,0.82
2024-11-02 18:00:00,0.0,0.0,27.4,56.18,0.97
2024-11-02 19:00:00,0.0,0.0,25.96,60.36,1.02
2024-11-02 20:00:00,0.0,0.0,24.75,63.65,1.04
2024-11-02 21:00:00,0.0,0.0,23.81,65.98,1.05
2024-11-02 22:00:00,0.0,0.0,23.11,67.66,1.04
2024-11-02 23:00:00,0.0,0.0,22.55,68.83,1.02
2024-11-03 00:00:00,0.0,0.0,22.1,69.64,0.99
2024-11-03 01:00:00,0.0,0.0,21.64,70.67,0.98
2024-11-03 02:00:00,0.0,0.0,21.11,72.36,0.96
2024-11-03 03:00:00,0.0,0.0,20.53,74.67,0.94
2024-11-03 04:00:00,0.0,0.0,20.0,76.72,0.92
2024-11-03 05:00:00,0.0,0.0,19.61,78.17,0.91
2024-11-03 06:00:00,77.97,78.07,20.07,79.93,0.87
2024-11-03 07:00:00,302.5,302.85,22.57,65.91,1.55
2024-11-03 08:00:00,539.62,539.88,25.27,59.7,1.11
2024-11-03 09:00:00,738.5,739.25,29.89,44.11,0.9
2024-11-03 10:00:00,870.58,871.75,32.36,38.99,0.84
2024-11-03 11:00:00,926.15,927.72,33.37,37.24,0.94
2024-11-03 12:00:00,882.25,893.03,34.0,35.85,1.11
2024-11-03 13:00:00,772.6,791.97,34.28,35.0,1.3
2024-11-03 14:00:00,610.3,621.45,34.13,35.09,1.51
2024-11-03 15:00:00,395.12,402.7,33.41,36.62,1.68
2024-11-03 16:00:00,169.57,171.62,32.12,42.46,1.44
2024-11-03 17:00:00,14.6,14.62,29.22,60.65,1.02
2024-11-03 18:00:00,0.0,0.0,26.93,65.91,1.05
2024-11-03 19:00:00,0.0,0.0,26.13,67.3,1.17
2024-11-03 20:00:00,0.0,0.0,25.58,68.53,1.31
2024-11-03 21:00:00,0.0,0.0,25.04,70.59,1.37
2024-11-03 22:00:00,0.0,0.0,24.5,73.31,1.35
2024-11-03 23:00:00,0.0,0.0,23.98,76.19,1.28
2024-11-04 00:00:00,0.0,0.0,23.41,79.14,1.22
2024-11-04 01:00:00,0.0,0.0,22.79,82.22,1.21
2024-11-04 02:00:00,0.0,0.0,22.31,84.85,1.29
2024-11-04 03:00:00,0.0,0.0,21.91,87.35,1.45
2024-11-04 04:00:00,0.0,0.0,21.53,90.09,1.63
2024-11-04 05:00:00,0.0,0.0,21.11,93.06,1.72
2024-11-04 06:00:00,69.65,69.65,21.17,93.02,2.16
2024-11-04 07:00:00,278.62,278.62,22.72,85.25,2.49
2024-11-04 08:00:00,512.72,512.75,25.81,67.42,2.67
2024-11-04 09:00:00,709.4,709.42,29.28,50.18,3.37
2024-11-04 10:00:00,844.8,844.8,31.82,41.68,3.54
2024-11-04 11:00:00,906.42,906.45,33.19,38.12,3.47
2024-11-04 12:00:00,900.8,900.83,33.95,35.99,3.44
2024-11-04 13:00:00,803.2,803.45,34.24,34.78,3.42
2024-11-04 14:00:00,637.08,637.45,34.01,34.76,3.37
2024-11-04 15:00:00,418.1,418.55,33.11,36.36,3.27
2024-11-04 16:00:00,186.73,187.05,31.38,43.93,2.57
2024-11-04 17:00:00,15.2,15.18,27.87,62.11,1.5
2024-11-04 18:00:00,0.0,0.0,25.53,67.29,1.48
2024-11-04 19:00:00,0.0,0.0,24.61,69.26,1.54
2024-11-04 20:00:00,0.0,0.0,23.76,70.85,1.55
2024-11-04 21:00:00,0.0,0.0,22.96,71.74,1.52
2024-11-04 22:00:00,0.0,0.0,22.18,72.5,1.56
2024-11-04 23:00:00,0.0,0.0,21.39,73.9,1.68
2024-11-05 00:00:00,0.0,0.0,20.62,76.34,1.92
2024-11-05 01:00:00,0.0,0.0,19.91,79.24,2.24
2024-11-05 02:00:00,0.0,0.0,19.22,82.31,2.43
2024-11-05 03:00:00,0.0,0.0,18.56,85.39,2.34
2024-11-05 04:00:00,0.0,0.0,17.92,88.44,2.14
2024-11-05 05:00:00,0.0,0.0,17.3,91.44,1.97
2024-11-05 06:00:00,71.85,74.62,17.26,91.31,2.37
2024-11-05 07:00:00,287.25,301.5,19.12,82.69,2.62
2024-11-05 08:00:00,520.03,541.25,22.61,70.68,2.12
2024-11-05 09:00:00,731.38,742.75,27.57,46.61,3.67
2024-11-05 10:00:00,879.17,879.88,30.83,34.02,4.36
2024-11-05 11:00:00,938.85,941.5,32.49,30.81,4.33
2024-11-05 12:00:00,915.33,920.45,33.41,29.81,4.33
2024-11-05 13:00:00,814.4,821.78,33.72,29.93,4.34
2024-11-05 14:00:00,630.2,652.15,33.5,30.86,4.27
2024-11-05 15:00:00,409.55,429.4,32.64,33.33,4.04
2024-11-05 16:00:00,180.23,186.68,30.92,40.58,3.2
2024-11-05 17:00:00,15.02,15.23,27.25,59.72,1.74
2024-11-05 18:00:00,0.0,0.0,24.75,67.63,1.65
2024-11-05 19:00:00,0.0,0.0,23.87,70.59,1.76
2024-11-05 20:00:00,0.0,0.0,23.05,73.16,1.77
2024-11-05 21:00:00,0.0,0.0,22.28,74.98,1.72
2024-11-05 22:00:00,0.0,0.0,21.52,76.83,1.73
2024-11-05 23:00:00,0.0,0.0,20.76,79.2,1.83
2024-11-06 00:00:00,0.0,0.0,20.04,81.41,2.04
2024-11-06 01:00:00,0.0,0.0,19.25,84.19,2.13
2024-11-06 02:00:00,0.0,0.0,18.44,87.26,1.98
2024-11-06 03:00:00,0.0,0.0,17.72,89.66,1.83
2024-11-06 04:00:00,0.0,0.0,17.06,91.88,1.7
2024-11-06 05:00:00,0.0,0.0,16.45,94.13,1.59
2024-11-06 06:00:00,72.82,72.9,16.55,93.02,2.09
2024-11-06 07:00:00,290.25,290.58,18.59,82.94,2.48
2024-11-06 08:00:00,525.53,526.03,22.13,70.35,1.87
2024-11-06 09:00:00,728.2,728.58,28.19,39.68,3.01
2024-11-06 10:00:00,865.33,865.58,30.88,31.99,2.98
2024-11-06 11:00:00,925.5,925.67,32.32,29.75,2.34
2024-11-06 12:00:00,923.03,923.1,33.24,27.94,1.84
2024-11-06 13:00:00,823.22,823.22,33.66,26.97,1.53
2024-11-06 14:00:00,651.28,651.28,33.58,26.83,1.41
2024-11-06 15:00:00,426.05,426.05,32.97,27.76,1.43
2024-11-06 16:00:00,189.55,189.55,31.82,32.54,1.2
2024-11-06 17:00:00,14.93,14.93,28.53,50.31,0.94
2024-11-06 18:00:00,0.0,0.0,25.48,56.72,1.1
2024-11-06 19:00:00,0.0,0.0,24.03,60.43,1.18
2024-11-06 20:00:00,0.0,0.0,22.99,63.05,1.29
2024-11-06 21:00:00,0.0,0.0,22.16,65.44,1.36
2024-11-06 22:00:00,0.0,0.0,21.49,67.55,1.42
2024-11-06 23:00:00,0.0,0.0,20.92,69.3,1.47
2024-11-07 00:00:00,0.0,0.0,20.39,70.98,1.55
2024-11-07 01:00:00,0.0,0.0,19.86,72.56,1.7
2024-11-07 02:00:00,0.0,0.0,19.34,74.71,1.84
2024-11-07 03:00:00,0.0,0.0,18.82,77.82,1.91
2024-11-07 04:00:00,0.0,0.0,18.34,81.05,1.85
2024-11-07 05:00:00,0.0,0.0,17.93,83.69,1.77
2024-11-07 06:00:00,61.4,61.45,18.19,82.7,2.16
2024-11-07 07:00:00,249.57,249.75,20.24,73.7,2.85
2024-11-07 08:00:00,472.4,472.6,23.47,63.75,2.28
2024-11-07 09:00:00,671.65,671.92,28.31,43.28,3.2
2024-11-07 10:00:00,809.17,809.5,31.49,34.47,3.53
2024-11-07 11:00:00,869.65,870.0,32.9,32.85,3.19
2024-11-07 12:00:00,854.25,854.67,33.73,32.07,3.03
2024-11-07 13:00:00,736.75,750.47,34.04,32.14,2.98
2024-11-07 14:00:00,554.95,578.28,33.86,32.83,2.95
2024-11-07 15:00:00,341.17,360.65,33.2,34.59,2.89
2024-11-07 16:00:00,142.43,144.68,31.69,40.97,2.35
2024-11-07 17:00:00,12.68,11.98,28.22,60.2,1.29
2024-11-07 18:00:00,0.0,0.0,25.93,65.44,1.28
2024-11-07 19:00:00,0.0,0.0,25.16,67.32,1.33
2024-11-07 20:00:00,0.0,0.0,24.51,69.16,1.31
2024-11-07 21:00:00,0.0,0.0,23.96,70.69,1.24
2024-11-07 22:00:00,0.0,0.0,23.49,71.84,1.22
2024-11-07 23:00:00,0.0,0.0,23.01,72.92,1.25
2024-11-08 00:00:00,0.0,0.0,22.55,73.86,1.38
2024-11-08 01:00:00,0.0,0.0,22.11,75.06,1.63
2024-11-08 02:00:00,0.0,0.0,21.7,76.82,1.99
2024-11-08 03:00:00,0.0,0.0,21.26,79.59,2.23
2024-11-08 04:00:00,0.0,0.0,20.81,82.94,2.18
2024-11-08 05:00:00,0.0,0.0,20.49,85.75,2.09
2024-11-08 06:00:00,46.12,49.1,20.45,87.07,2.23
2024-11-08 07:00:00,188.0,222.35,21.66,82.7,2.3
2024-11-08 08:00:00,335.15,426.05,24.22,72.2,2.27
2024-11-08 09:00:00,474.65,619.92,27.37,56.62,3.49
2024-11-08 10:00:00,588.62,757.15,29.39,48.56,3.96
2024-11-08 11:00:00,666.38,821.28,30.62,44.58,3.91
2024-11-08 12:00:00,711.62,824.03,31.36,42.6,3.75
2024-11-08 13:00:00,653.92,730.7,31.5,42.54,3.57
2024-11-08 14:00:00,508.52,567.97,31.12,44.08,3.33
2024-11-08 15:00:00,327.83,359.17,30.31,47.73,3.01
2024-11-08 16:00:00,140.32,146.55,28.89,56.11,2.26
2024-11-08 17:00:00,11.98,12.12,26.68,69.1,1.45
2024-11-08 18:00:00,0.0,0.0,25.24,74.81,1.58
2024-11-08 19:00:00,0.0,0.0,24.62,77.19,1.97
2024-11-08 20:00:00,0.0,0.0,24.05,79.35,2.27
2024-11-08 21:00:00,0.0,0.0,23.56,80.57,2.47
2024-11-08 22:00:00,0.0,0.0,23.08,81.1,2.6
2024-11-08 23:00:00,0.0,0.0,22.56,81.55,2.65
2024-11-09 00:00:00,0.0,0.0,22.02,81.8,2.65
2024-11-09 01:00:00,0.0,0.0,21.5,82.12,2.63
2024-11-09 02:00:00,0.0,0.0,21.02,82.96,2.55
2024-11-09 03:00:00,0.0,0.0,20.56,84.16,2.49
2024-11-09 04:00:00,0.0,0.0,20.21,85.09,2.46
2024-11-09 05:00:00,0.0,0.0,19.92,85.86,2.45
2024-11-09 06:00:00,59.92,60.08,19.94,85.12,2.71
2024-11-09 07:00:00,251.6,252.3,21.32,78.71,2.97
2024-11-09 08:00:00,474.5,475.52,24.29,66.12,3.12
2024-11-09 09:00:00,667.62,668.78,28.14,47.29,4.56
2024-11-09 10:00:00,801.42,802.15,30.95,37.52,5.25
2024-11-09 11:00:00,853.9,858.5,32.67,33.72,5.14
2024-11-09 12:00:00,717.72,780.92,33.57,32.57,4.76
2024-11-09 13:00:00,675.22,682.33,34.0,32.43,4.39
2024-11-09 14:00:00,504.85,506.15,33.83,33.46,4.05
2024-11-09 15:00:00,302.38,303.67,33.24,35.91,3.74
2024-11-09 16:00:00,140.3,140.8,31.42,44.99,2.73
2024-11-09 17:00:00,10.93,10.93,28.24,61.48,1.71
2024-11-09 18:00:00,0.0,0.0,26.38,67.79,1.87
2024-11-09 19:00:00,0.0,0.0,25.74,70.09,2.2
2024-11-09 20:00:00,0.0,0.0,25.11,72.46,2.29
2024-11-09 21:00:00,0.0,0.0,24.42,75.18,2.22
2024-11-09 22:00:00,0.0,0.0,23.7,78.07,2.23
2024-11-09 23:00:00,0.0,0.0,22.98,80.95,2.32
2024-11-10 00:00:00,0.0,0.0,22.18,84.48,2.3
2024-11-10 01:00:00,0.0,0.0,21.37,88.48,2.21
2024-11-10 02:00:00,0.0,0.0,20.61,92.31,2.09
2024-11-10 03:00:00,0.0,0.0,19.97,94.96,1.86
2024-11-10 04:00:00,0.0,0.0,19.4,96.8,1.61
2024-11-10 05:00:00,0.0,0.0,18.93,97.92,1.37
2024-11-10 06:00:00,60.83,61.1,19.15,95.27,1.69
2024-11-10 07:00:00,248.9,250.88,20.72,86.66,1.98
2024-11-10 08:00:00,482.67,487.17,23.82,68.05,2.03
2024-11-10 09:00:00,682.38,685.47,27.74,47.08,2.94
2024-11-10 10:00:00,818.75,822.1,31.03,35.69,3.26
2024-11-10 11:00:00,881.75,882.6,32.78,33.03,2.95
2024-11-10 12:00:00,873.9,881.97,33.75,31.94,2.61
2024-11-10 13:00:00,780.7,783.58,34.24,31.28,2.45
2024-11-10 14:00:00,611.72,615.95,34.19,31.32,2.38
2024-11-10 15:00:00,397.17,400.35,33.59,32.5,2.29
2024-11-10 16:00:00,176.43,178.05,32.26,38.22,1.77
2024-11-10 17:00:00,13.68,13.7,28.95,58.09,0.98
2024-11-10 18:00:00,0.0,0.0,26.46,62.96,1.04
2024-11-10 19:00:00,0.0,0.0,25.45,65.45,1.12
2024-11-10 20:00:00,0.0,0.0,24.63,67.55,1.26
2024-11-10 21:00:00,0.0,0.0,23.93,69.67,1.38
2024-11-10 22:00:00,0.0,0.0,23.25,72.36,1.43
2024-11-10 23:00:00,0.0,0.0,22.64,74.94,1.5
2024-11-11 00:00:00,0.0,0.0,22.06,77.3,1.63
2024-11-11 01:00:00,0.0,0.0,21.51,79.84,1.85
2024-11-11 02:00:00,0.0,0.0,20.95,82.86,2.06
2024-11-11 03:00:00,0.0,0.0,20.41,86.06,2.09
2024-11-11 04:00:00,0.0,0.0,19.92,89.08,2.04
2024-11-11 05:00:00,0.0,0.0,19.51,91.36,1.91
2024-11-11 06:00:00,62.35,62.38,19.54,90.91,2.21
2024-11-11 07:00:00,267.25,267.4,21.25,82.46,2.48
2024-11-11 08:00:00,492.38,492.6,24.76,64.39,2.75
2024-11-11 09:00:00,687.12,687.33,28.94,44.36,4.19
2024-11-11 10:00:00,821.95,822.12,31.61,36.65,4.28
2024-11-11 11:00:00,882.5,882.65,33.09,34.18,3.94
2024-11-11 12:00:00,884.28,884.4,33.99,32.82,3.68
2024-11-11 13:00:00,786.47,786.6,34.41,31.98,3.49
2024-11-11 14:00:00,620.1,620.2,34.29,31.88,3.33
2024-11-11 15:00:00,403.92,404.6,33.63,32.95,3.17
2024-11-11 16:00:00,171.95,172.55,32.16,37.95,2.66
2024-11-11 17:00:00,13.62,13.6,28.54,56.56,1.43
2024-11-11 18:00:00,0.0,0.0,26.07,62.76,1.48
2024-11-11 19:00:00,0.0,0.0,25.21,65.11,1.64
2024-11-11 20:00:00,0.0,0.0,24.48,67.6,1.69
2024-11-11 21:00:00,0.0,0.0,23.85,69.74,1.66
2024-11-11 22:00:00,0.0,0.0,23.28,71.4,1.61
2024-11-11 23:00:00,0.0,0.0,22.7,72.73,1.59
2024-11-12 00:00:00,0.0,0.0,22.11,73.86,1.71
2024-11-12 01:00:00,0.0,0.0,21.52,75.36,1.94
2024-11-12 02:00:00,0.0,0.0,20.88,77.64,2.21
2024-11-12 03:00:00,0.0,0.0,20.16,80.95,2.21
2024-11-12 04:00:00,0.0,0.0,19.53,84.19,2.09
2024-11-12 05:00:00,0.0,0.0,18.98,87.54,1.95
2024-11-12 06:00:00,61.8,62.4,18.86,88.79,2.2
2024-11-12 07:00:00,264.9,269.23,20.56,81.48,2.28
2024-11-12 08:00:00,487.75,496.08,24.31,64.72,2.33
2024-11-12 09:00:00,676.3,687.4,29.08,43.8,3.53
2024-11-12 10:00:00,805.53,818.22,32.17,35.48,3.55
2024-11-12 11:00:00,863.1,876.88,33.68,33.38,2.96
2024-11-12 12:00:00,862.7,878.12,34.61,32.32,2.57
2024-11-12 13:00:00,756.97,782.03,35.03,32.02,2.37
2024-11-12 14:00:00,597.33,616.92,34.99,32.26,2.29
2024-11-12 15:00:00,388.7,403.73,34.42,33.34,2.33
2024-11-12 16:00:00,167.9,172.6,33.09,38.09,2.05
2024-11-12 17:00:00,13.62,13.52,29.64,57.92,1.09
2024-11-12 18:00:00,0.0,0.0,27.22,62.94,1.08
2024-11-12 19:00:00,0.0,0.0,26.33,65.29,1.1
2024-11-12 20:00:00,0.0,0.0,25.54,67.51,1.11
2024-11-12 21:00:00,0.0,0.0,24.84,69.57,1.11
2024-11-12 22:00:00,0.0,0.0,24.21,71.72,1.08
2024-11-12 23:00:00,0.0,0.0,23.66,73.68,1.03
2024-11-13 00:00:00,0.0,0.0,23.14,75.55,1.01
2024-11-13 01:00:00,0.0,0.0,22.61,77.58,1.0
2024-11-13 02:00:00,0.0,0.0,22.1,79.94,0.97
2024-11-13 03:00:00,0.0,0.0,21.71,81.74,1.06
2024-11-13 04:00:00,0.0,0.0,21.31,83.27,1.33
2024-11-13 05:00:00,0.0,0.0,21.0,84.89,1.6
2024-11-13 06:00:00,58.6,58.85,21.12,85.19,2.12
2024-11-13 07:00:00,258.12,262.2,22.91,78.07,2.49
2024-11-13 08:00:00,476.85,485.55,26.32,64.54,2.28
2024-11-13 09:00:00,666.78,675.03,30.23,48.2,2.96
2024-11-13 10:00:00,776.97,804.53,32.29,41.49,2.96
2024-11-13 11:00:00,847.62,861.28,33.19,39.41,2.74
2024-11-13 12:00:00,816.78,838.15,33.98,37.76,2.66
2024-11-13 13:00:00,713.9,742.42,34.72,36.32,2.7
2024-11-13 14:00:00,540.78,580.25,34.91,35.71,2.8
2024-11-13 15:00:00,338.8,370.4,34.32,36.62,2.92
2024-11-13 16:00:00,145.85,152.45,32.93,41.3,2.56
2024-11-13 17:00:00,12.23,12.15,29.61,58.65,1.31
2024-11-13 18:00:00,0.0,0.0,27.42,64.68,1.22
2024-11-13 19:00:00,0.0,0.0,26.62,66.83,1.23
2024-11-13 20:00:00,0.0,0.0,25.94,68.59,1.21
2024-11-13 21:00:00,0.0,0.0,25.34,70.09,1.16
2024-11-13 22:00:00,0.0,0.0,24.82,71.45,1.1
2024-11-13 23:00:00,0.0,0.0,24.29,72.8,1.08
2024-11-14 00:00:00,0.0,0.0,23.73,74.41,1.14
2024-11-14 01:00:00,0.0,0.0,23.2,76.42,1.24
2024-11-14 02:00:00,0.0,0.0,22.69,79.07,1.38
2024-11-14 03:00:00,0.0,0.0,22.2,82.27,1.42
2024-11-14 04:00:00,0.0,0.0,21.73,85.58,1.33
2024-11-14 05:00:00,0.0,0.0,21.28,88.75,1.24
2024-11-14 06:00:00,55.08,55.12,21.41,89.13,1.64
2024-11-14 07:00:00,235.15,235.35,23.11,81.91,2.18
2024-11-14 08:00:00,454.83,455.02,26.37,66.75,2.13
2024-11-14 09:00:00,648.22,648.4,30.52,47.28,3.18
2024-11-14 10:00:00,784.42,784.55,33.5,36.37,3.69
2024-11-14 11:00:00,848.67,848.75,35.04,32.38,3.77
2024-11-14 12:00:00,866.95,866.97,35.95,29.94,3.88
2024-11-14 13:00:00,775.22,775.22,36.28,28.99,3.98
2024-11-14 14:00:00,614.9,616.08,36.02,29.36,4.01
2024-11-14 15:00:00,404.2,405.2,35.09,31.37,3.86
2024-11-14 16:00:00,177.2,177.7,33.45,37.32,3.15
2024-11-14 17:00:00,13.77,13.77,29.9,55.52,1.54
2024-11-14 18:00:00,0.0,0.0,27.58,64.14,1.34
2024-11-14 19:00:00,0.0,0.0,26.72,67.87,1.34
2024-11-14 20:00:00,0.0,0.0,25.98,70.79,1.31
2024-11-14 21:00:00,0.0,0.0,25.36,72.89,1.32
2024-11-14 22:00:00,0.0,0.0,24.8,74.76,1.34
2024-11-14 23:00:00,0.0,0.0,24.22,76.81,1.36
2024-11-15 00:00:00,0.0,0.0,23.61,79.22,1.37
2024-11-15 01:00:00,0.0,0.0,22.99,82.26,1.34
2024-11-15 02:00:00,0.0,0.0,22.37,85.91,1.3
2024-11-15 03:00:00,0.0,0.0,21.82,89.49,1.31
2024-11-15 04:00:00,0.0,0.0,21.3,92.97,1.32
2024-11-15 05:00:00,0.0,0.0,20.81,96.0,1.24
2024-11-15 06:00:00,62.17,63.62,20.99,94.81,1.6
2024-11-15 07:00:00,255.6,279.0,22.99,84.47,2.01
2024-11-15 08:00:00,454.35,506.6,26.58,64.74,2.21
2024-11-15 09:00:00,629.78,697.8,30.32,47.74,2.96
2024-11-15 10:00:00,749.28,829.38,33.49,36.75,3.28
2024-11-15 11:00:00,791.28,888.72,35.14,32.91,3.19
2024-11-15 12:00:00,763.4,858.83,36.16,30.79,3.08
2024-11-15 13:00:00,664.45,764.55,36.67,29.64,3.13
2024-11-15 14:00:00,523.38,603.2,36.58,29.69,3.19
2024-11-15 15:00:00,328.4,392.33,35.94,30.88,3.06
2024-11-15 16:00:00,147.65,166.35,34.47,36.2,2.29
2024-11-15 17:00:00,12.65,12.95,30.96,55.29,1.06
2024-11-15 18:00:00,0.0,0.0,28.56,61.61,1.01
2024-11-15 19:00:00,0.0,0.0,27.58,64.66,1.06
2024-11-15 20:00:00,0.0,0.0,26.73,67.66,1.17
2024-11-15 21:00:00,0.0,0.0,25.95,70.79,1.33
2024-11-15 22:00:00,0.0,0.0,25.23,74.08,1.63
2024-11-15 23:00:00,0.0,0.0,24.47,77.96,1.96
2024-11-16 00:00:00,0.0,0.0,23.64,82.54,2.19
2024-11-16 01:00:00,0.0,0.0,22.74,87.22,2.28
2024-11-16 02:00:00,0.0,0.0,21.84,91.31,2.21
2024-11-16 03:00:00,0.0,0.0,21.06,94.27,2.18
2024-11-16 04:00:00,0.0,0.0,20.37,95.82,2.05
2024-11-16 05:00:00,0.0,0.0,19.74,96.42,1.97
2024-11-16 06:00:00,61.25,61.25,19.61,93.96,2.36
2024-11-16 07:00:00,269.95,269.95,21.25,82.79,2.71
2024-11-16 08:00:00,504.52,504.52,24.61,61.75,2.72
2024-11-16 09:00:00,699.78,699.78,28.1,44.25,2.97
2024-11-16 10:00:00,837.53,837.53,31.29,31.21,3.59
2024-11-16 11:00:00,901.05,901.05,33.52,25.0,4.21
2024-11-16 12:00:00,905.05,905.05,34.72,22.88,4.37
2024-11-16 13:00:00,812.03,812.38,35.25,22.03,4.36
2024-11-16 14:00:00,643.38,649.2,35.11,22.13,4.28
2024-11-16 15:00:00,429.08,432.75,34.24,23.63,4.09
2024-11-16 16:00:00,192.12,193.6,32.31,30.79,3.09
2024-11-16 17:00:00,15.12,15.23,28.26,48.88,1.76
2024-11-16 18:00:00,0.0,0.0,25.73,56.6,1.85
2024-11-16 19:00:00,0.0,0.0,24.69,59.86,2.05
2024-11-16 20:00:00,0.0,0.0,23.65,62.57,2.09
2024-11-16 21:00:00,0.0,0.0,22.61,65.22,2.05
2024-11-16 22:00:00,0.0,0.0,21.57,68.33,2.04
2024-11-16 23:00:00,0.0,0.0,20.54,72.31,2.01
2024-11-17 00:00:00,0.0,0.0,19.55,76.64,1.93
2024-11-17 01:00:00,0.0,0.0,18.6,81.36,1.77
2024-11-17 02:00:00,0.0,0.0,17.76,85.9,1.61
2024-11-17 03:00:00,0.0,0.0,16.97,90.53,1.42
2024-11-17 04:00:00,0.0,0.0,16.23,95.27,1.23
2024-11-17 05:00:00,0.0,0.0,15.58,99.81,1.11
2024-11-17 06:00:00,68.68,68.75,15.83,98.21,1.52
2024-11-17 07:00:00,296.62,296.85,18.16,85.54,2.14
2024-11-17 08:00:00,532.33,532.62,21.99,67.53,1.81
2024-11-17 09:00:00,728.25,729.1,26.82,42.83,2.95
2024-11-17 10:00:00,862.83,863.53,30.77,26.89,3.86
2024-11-17 11:00:00,923.47,924.05,32.85,21.88,3.9
2024-11-17 12:00:00,904.4,904.72,33.9,20.37,3.85
2024-11-17 13:00:00,809.15,809.2,34.28,20.1,3.89
2024-11-17 14:00:00,643.38,643.4,34.03,20.81,3.93
2024-11-17 15:00:00,424.65,424.7,33.17,22.48,3.86
2024-11-17 16:00:00,186.45,186.48,31.47,27.45,3.24
2024-11-17 17:00:00,14.25,14.25,27.17,46.69,1.6
2024-11-17 18:00:00,0.0,0.0,24.35,55.21,1.49
2024-11-17 19:00:00,0.0,0.0,23.35,58.74,1.48
2024-11-17 20:00:00,0.0,0.0,22.45,61.85,1.41
2024-11-17 21:00:00,0.0,0.0,21.66,64.57,1.34
2024-11-17 22:00:00,0.0,0.0,20.92,67.25,1.3
2024-11-17 23:00:00,0.0,0.0,20.17,70.27,1.32
2024-11-18 00:00:00,0.0,0.0,19.44,73.64,1.39
2024-11-18 01:00:00,0.0,0.0,18.77,77.18,1.52
2024-11-18 02:00:00,0.0,0.0,18.19,80.38,1.66
2024-11-18 03:00:00,0.0,0.0,17.62,83.53,1.66
2024-11-18 04:00:00,0.0,0.0,17.08,86.53,1.58
2024-11-18 05:00:00,0.0,0.0,16.62,89.05,1.53
2024-11-18 06:00:00,58.1,58.1,16.8,88.43,2.02
2024-11-18 07:00:00,269.05,269.05,18.92,78.37,2.43
2024-11-18 08:00:00,500.15,500.15,22.72,62.45,2.01
2024-11-18 09:00:00,695.62,695.62,27.5,41.01,3.25
2024-11-18 10:00:00,831.4,831.42,31.29,30.07,3.62
2024-11-18 11:00:00,892.92,892.92,33.08,27.84,3.21
2024-11-18 12:00:00,885.75,885.75,34.16,26.65,2.84
2024-11-18 13:00:00,790.05,790.05,34.7,25.84,2.64
2024-11-18 14:00:00,624.65,624.65,34.69,25.52,2.5
2024-11-18 15:00:00,407.83,407.83,34.08,26.37,2.25
2024-11-18 16:00:00,175.05,175.05,32.68,31.77,1.51
2024-11-18 17:00:00,13.45,13.45,29.53,47.99,0.89
2024-11-18 18:00:00,0.0,0.0,27.41,51.68,0.93
2024-11-18 19:00:00,0.0,0.0,25.65,57.86,0.96
2024-11-18 20:00:00,0.0,0.0,24.38,60.96,1.07
2024-11-18 21:00:00,0.0,0.0,23.49,62.66,1.26
2024-11-18 22:00:00,0.0,0.0,22.68,65.31,1.42
2024-11-18 23:00:00,0.0,0.0,21.99,68.4,1.5
2024-11-19 00:00:00,0.0,0.0,21.39,71.74,1.61
2024-11-19 01:00:00,0.0,0.0,20.87,75.31,1.77
2024-11-19 02:00:00,0.0,0.0,20.39,79.24,2.01
2024-11-19 03:00:00,0.0,0.0,19.86,83.57,2.11
2024-11-19 04:00:00,0.0,0.0,19.36,87.56,2.1
2024-11-19 05:00:00,0.0,0.0,18.9,90.95,2.07
2024-11-19 06:00:00,47.58,47.6,18.83,91.49,2.37
2024-11-19 07:00:00,220.88,221.02,20.23,83.99,2.62
2024-11-19 08:00:00,434.77,434.98,23.4,67.23,2.53
2024-11-19 09:00:00,628.47,628.7,27.47,47.25,3.33
2024-11-19 10:00:00,767.58,767.78,31.07,33.81,3.68
2024-11-19 11:00:00,831.88,832.03,32.86,30.28,3.3
2024-11-19 12:00:00,807.85,807.97,33.86,28.84,3.02
2024-11-19 13:00:00,710.83,710.92,34.26,28.15,2.95
2024-11-19 14:00:00,547.9,548.3,34.1,28.3,2.99
2024-11-19 15:00:00,341.45,341.88,33.35,29.69,3.01
2024-11-19 16:00:00,144.57,144.8,31.68,35.81,2.43
2024-11-19 17:00:00,11.43,11.45,28.08,52.4,1.41
2024-11-19 18:00:00,0.0,0.0,25.98,57.88,1.45
2024-11-19 19:00:00,0.0,0.0,25.14,60.06,1.51
2024-11-19 20:00:00,0.0,0.0,24.4,61.94,1.49
2024-11-19 21:00:00,0.0,0.0,23.71,63.45,1.45
2024-11-19 22:00:00,0.0,0.0,23.05,64.73,1.45
2024-11-19 23:00:00,0.0,0.0,22.41,65.98,1.56
2024-11-20 00:00:00,0.0,0.0,21.8,67.6,1.84
2024-11-20 01:00:00,0.0,0.0,21.22,69.82,2.3
2024-11-20 02:00:00,0.0,0.0,20.5,73.34,2.51
2024-11-20 03:00:00,0.0,0.0,20.01,76.06,2.51
2024-11-20 04:00:00,0.0,0.0,19.59,78.64,2.37
2024-11-20 05:00:00,0.0,0.0,19.13,81.47,2.26
2024-11-20 06:00:00,46.8,46.92,18.81,83.45,2.34
2024-11-20 07:00:00,222.0,223.02,19.97,78.36,2.48
2024-11-20 08:00:00,435.98,437.85,23.25,61.77,2.64
2024-11-20 09:00:00,630.25,631.55,27.63,37.96,4.02
2024-11-20 10:00:00,757.97,768.7,30.84,27.18,4.56
2024-11-20 11:00:00,832.03,835.92,32.75,24.02,4.41
2024-11-20 12:00:00,778.78,802.3,33.95,22.73,4.25
2024-11-20 13:00:00,708.7,708.9,34.43,22.75,4.17
2024-11-20 14:00:00,543.97,544.65,34.26,23.68,4.1
2024-11-20 15:00:00,339.5,340.05,33.33,25.86,3.94
2024-11-20 16:00:00,150.95,151.23,31.57,31.09,3.33
2024-11-20 17:00:00,11.55,11.57,27.92,47.01,1.8
2024-11-20 18:00:00,0.0,0.0,25.63,54.83,1.65
2024-11-20 19:00:00,0.0,0.0,24.79,57.89,1.59
2024-11-20 20:00:00,0.0,0.0,24.09,60.82,1.47
2024-11-20 21:00:00,0.0,0.0,23.48,63.04,1.43
2024-11-20 22:00:00,0.0,0.0,22.9,64.93,1.51
2024-11-20 23:00:00,0.0,0.0,22.28,67.21,1.76
2024-11-21 00:00:00,0.0,0.0,21.62,69.95,2.29
2024-11-21 01:00:00,0.0,0.0,20.74,74.12,2.6
2024-11-21 02:00:00,0.0,0.0,19.85,78.41,2.6
2024-11-21 03:00:00,0.0,0.0,19.11,81.94,2.39
2024-11-21 04:00:00,0.0,0.0,18.46,85.06,2.11
2024-11-21 05:00:00,0.0,0.0,17.89,87.81,1.88
2024-11-21 06:00:00,49.7,49.7,17.71,88.63,2.14
2024-11-21 07:00:00,242.02,242.12,19.26,80.91,2.37
2024-11-21 08:00:00,467.62,467.77,22.85,63.68,2.32
2024-11-21 09:00:00,663.95,664.12,27.31,43.13,3.52
2024-11-21 10:00:00,801.85,802.0,30.85,31.26,4.01
2024-11-21 11:00:00,864.85,864.97,32.9,27.27,3.66
2024-11-21 12:00:00,825.42,825.53,34.11,25.84,3.4
2024-11-21 13:00:00,730.2,730.38,34.67,25.53,3.24
2024-11-21 14:00:00,566.25,566.47,34.59,25.97,3.1
2024-11-21 15:00:00,356.35,356.55,33.85,27.49,2.94
2024-11-21 16:00:00,152.23,152.32,32.18,33.19,2.31
2024-11-21 17:00:00,12.12,12.12,28.23,52.07,1.22
2024-11-21 18:00:00,0.0,0.0,25.75,58.11,1.28
2024-11-21 19:00:00,0.0,0.0,24.73,61.1,1.32
2024-11-21 20:00:00,0.0,0.0,23.83,63.99,1.32
2024-11-21 21:00:00,0.0,0.0,23.04,66.41,1.32
2024-11-21 22:00:00,0.0,0.0,22.33,68.28,1.32
2024-11-21 23:00:00,0.0,0.0,21.66,69.7,1.37
2024-11-22 00:00:00,0.0,0.0,21.01,71.11,1.48
2024-11-22 01:00:00,0.0,0.0,20.38,72.92,1.64
2024-11-22 02:00:00,0.0,0.0,19.78,75.18,1.77
2024-11-22 03:00:00,0.0,0.0,19.2,77.79,1.81
2024-11-22 04:00:00,0.0,0.0,18.62,80.6,1.73
2024-11-22 05:00:00,0.0,0.0,18.09,83.29,1.61
2024-11-22 06:00:00,45.38,45.42,18.01,83.69,1.97
2024-11-22 07:00:00,222.07,222.3,19.55,76.41,2.34
2024-11-22 08:00:00,433.7,434.12,22.94,62.39,2.03
2024-11-22 09:00:00,626.47,627.0,27.9,40.96,2.52
2024-11-22 10:00:00,764.1,764.6,31.69,29.74,2.51
2024-11-22 11:00:00,828.7,829.1,33.32,27.81,1.68
2024-11-22 12:00:00,856.8,857.03,34.28,26.48,1.25
2024-11-22 13:00:00,762.03,762.08,34.75,25.4,1.13
2024-11-22 14:00:00,596.95,597.0,34.74,25.0,1.1
2024-11-22 15:00:00,382.77,382.8,34.25,25.54,1.16
2024-11-22 16:00:00,169.0,169.0,33.02,29.75,1.11
2024-11-22 17:00:00,13.18,13.18,29.71,47.12,0.83
2024-11-22 18:00:00,0.0,0.0,26.88,52.97,1.05
2024-11-22 19:00:00,0.0,0.0,25.49,55.67,1.19
2024-11-22 20:00:00,0.0,0.0,24.48,57.33,1.36
2024-11-22 21:00:00,0.0,0.0,23.62,59.25,1.51
2024-11-22 22:00:00,0.0,0.0,22.86,61.23,1.58
2024-11-22 23:00:00,0.0,0.0,22.18,62.9,1.56
2024-11-23 00:00:00,0.0,0.0,21.54,64.08,1.52
2024-11-23 01:00:00,0.0,0.0,20.92,64.81,1.52
2024-11-23 02:00:00,0.0,0.0,20.32,65.24,1.6
2024-11-23 03:00:00,0.0,0.0,19.73,66.08,1.78
2024-11-23 04:00:00,0.0,0.0,19.15,68.03,2.0
2024-11-23 05:00:00,0.0,0.0,18.57,71.23,2.21
2024-11-23 06:00:00,49.18,49.46,18.39,73.28,2.6
2024-11-23 07:00:00,239.15,242.45,19.97,67.87,2.93
2024-11-23 08:00:00,456.99,464.65,23.38,57.43,2.41
2024-11-23 09:00:00,651.35,660.68,28.07,40.04,3.22
2024-11-23 10:00:00,782.94,794.5,31.96,29.38,3.55
2024-11-23 11:00:00,851.02,861.44,33.88,26.26,3.15
2024-11-23 12:00:00,833.41,845.34,34.97,24.7,2.91
2024-11-23 13:00:00,774.0,774.0,35.47,23.78,2.8
2024-11-23 14:00:00,612.1,612.33,35.4,23.47,2.7
2024-11-23 15:00:00,398.98,399.38,34.76,24.26,2.58
2024-11-23 16:00:00,171.95,172.27,33.04,30.27,1.97
2024-11-23 17:00:00,13.8,13.8,28.76,49.54,1.17
2024-11-23 18:00:00,0.0,0.0,26.4,53.63,1.35
2024-11-23 19:00:00,0.0,0.0,25.53,55.45,1.53
2024-11-23 20:00:00,0.0,0.0,24.63,57.99,1.64
2024-11-23 21:00:00,0.0,0.0,23.79,60.47,1.66
2024-11-23 22:00:00,0.0,0.0,23.0,62.53,1.63
2024-11-23 23:00:00,0.0,0.0,22.22,63.96,1.64
2024-11-24 00:00:00,0.0,0.0,21.45,65.23,1.74
2024-11-24 01:00:00,0.0,0.0,20.69,67.03,1.97
2024-11-24 02:00:00,0.0,0.0,19.93,70.44,2.22
2024-11-24 03:00:00,0.0,0.0,19.12,75.22,2.14
2024-11-24 04:00:00,0.0,0.0,18.46,79.44,1.97
2024-11-24 05:00:00,0.0,0.0,17.86,83.23,1.87
2024-11-24 06:00:00,49.38,49.4,17.66,84.95,2.26
2024-11-24 07:00:00,248.57,248.73,19.25,77.99,2.6
2024-11-24 08:00:00,477.92,478.08,22.8,63.12,2.26
2024-11-24 09:00:00,677.33,677.45,27.69,39.35,3.75
2024-11-24 10:00:00,819.08,819.15,31.65,25.91,4.56
2024-11-24 11:00:00,889.28,889.33,33.92,21.56,4.16
2024-11-24 12:00:00,907.33,907.35,35.08,19.91,3.73
2024-11-24 13:00:00,816.6,816.6,35.57,19.01,3.54
2024-11-24 14:00:00,656.3,656.3,35.48,18.79,3.49
2024-11-24 15:00:00,441.08,441.08,34.66,19.86,3.35
2024-11-24 16:00:00,164.03,166.05,32.78,25.97,2.57
2024-11-24 17:00:00,13.65,13.64,28.08,46.08,1.41
2024-11-24 18:00:00,0.0,0.0,25.38,53.58,1.63
2024-11-24 19:00:00,0.0,0.0,24.38,57.7,1.85
2024-11-24 20:00:00,0.0,0.0,23.49,60.98,1.91
2024-11-24 21:00:00,0.0,0.0,22.7,63.14,1.9
2024-11-24 22:00:00,0.0,0.0,21.93,65.08,1.94
2024-11-24 23:00:00,0.0,0.0,21.11,67.85,2.04
2024-11-25 00:00:00,0.0,0.0,20.22,71.59,2.07
2024-11-25 01:00:00,0.0,0.0,19.33,75.7,2.06
2024-11-25 02:00:00,0.0,0.0,18.46,79.75,2.02
2024-11-25 03:00:00,0.0,0.0,17.68,83.27,1.94
2024-11-25 04:00:00,0.0,0.0,17.02,85.94,1.86
2024-11-25 05:00:00,0.0,0.0,16.45,88.05,1.78
2024-11-25 06:00:00,54.88,54.88,16.4,87.28,2.15
2024-11-25 07:00:00,269.4,269.4,18.23,77.79,2.49
2024-11-25 08:00:00,501.67,501.67,21.9,62.07,2.13
2024-11-25 09:00:00,697.7,697.7,26.6,41.55,3.25
2024-11-25 10:00:00,833.9,833.9,30.8,27.56,4.07
2024-11-25 11:00:00,899.6,899.6,33.53,21.46,3.97
2024-11-25 12:00:00,899.7,899.72,34.83,19.57,3.61
2024-11-25 13:00:00,809.2,809.2,35.33,18.64,3.46
2024-11-25 14:00:00,648.42,648.42,35.19,18.52,3.46
2024-11-25 15:00:00,433.48,433.48,34.38,19.75,3.45
2024-11-25 16:00:00,194.68,194.68,32.54,25.38,2.85
2024-11-25 17:00:00,15.95,15.95,27.88,44.16,1.7
2024-11-25 18:00:00,0.0,0.0,25.47,51.46,1.98
2024-11-25 19:00:00,0.0,0.0,24.74,54.19,2.26
2024-11-25 20:00:00,0.0,0.0,23.94,56.4,2.2
2024-11-25 21:00:00,0.0,0.0,23.17,57.7,2.08
2024-11-25 22:00:00,0.0,0.0,22.3,58.77,2.05
2024-11-25 23:00:00,0.0,0.0,21.22,61.38,2.12
2024-11-26 00:00:00,0.0,0.0,20.18,64.94,2.26
2024-11-26 01:00:00,0.0,0.0,19.17,69.19,2.3
2024-11-26 02:00:00,0.0,0.0,18.29,73.07,2.21
2024-11-26 03:00:00,0.0,0.0,17.61,76.34,2.04
2024-11-26 04:00:00,0.0,0.0,17.07,79.1,1.96
2024-11-26 05:00:00,0.0,0.0,16.58,81.56,1.93
2024-11-26 06:00:00,54.47,54.47,16.49,81.91,2.22
2024-11-26 07:00:00,273.77,273.83,17.85,75.19,2.6
2024-11-26 08:00:00,508.58,508.62,20.35,65.76,2.18
2024-11-26 09:00:00,706.22,706.28,24.27,48.98,2.5
2024-11-26 10:00:00,843.8,843.85,27.89,33.75,3.42
2024-11-26 11:00:00,907.92,907.97,30.19,26.12,3.55
2024-11-26 12:00:00,864.08,864.15,31.52,22.62,3.29
2024-11-26 13:00:00,770.35,771.33,31.91,21.83,2.95
2024-11-26 14:00:00,605.75,607.58,31.91,22.16,2.78
2024-11-26 15:00:00,391.52,393.92,31.35,24.01,2.74
2024-11-26 16:00:00,163.57,164.75,29.75,31.77,2.21
2024-11-26 17:00:00,13.55,13.5,25.66,52.49,1.4
2024-11-26 18:00:00,0.0,0.0,23.48,61.32,1.66
2024-11-26 19:00:00,0.0,0.0,22.9,65.88,2.04
2024-11-26 20:00:00,0.0,0.0,22.28,70.03,2.08
2024-11-26 21:00:00,0.0,0.0,21.45,73.82,1.97
2024-11-26 22:00:00,0.0,0.0,20.67,76.26,2.06
2024-11-26 23:00:00,0.0,0.0,19.86,78.09,2.14
2024-11-27 00:00:00,0.0,0.0,19.26,78.05,2.38
2024-11-27 01:00:00,0.0,0.0,18.78,77.23,2.63
2024-11-27 02:00:00,0.0,0.0,18.34,76.8,2.75
2024-11-27 03:00:00,0.0,0.0,17.88,77.87,2.65
2024-11-27 04:00:00,0.0,0.0,17.36,80.48,2.34
2024-11-27 05:00:00,0.0,0.0,16.95,82.79,2.15
2024-11-27 06:00:00,42.9,42.9,16.89,83.4,2.28
2024-11-27 07:00:00,223.48,223.73,17.97,78.65,2.34
2024-11-27 08:00:00,444.88,445.48,20.57,68.3,1.97
2024-11-27 09:00:00,629.9,645.2,24.88,48.32,2.8
2024-11-27 10:00:00,773.08,782.33,28.03,36.31,3.38
2024-11-27 11:00:00,839.4,847.25,29.89,29.02,3.34
2024-11-27 12:00:00,828.42,836.83,30.85,27.3,3.05
2024-11-27 13:00:00,741.97,745.53,32.04,25.76,2.89
2024-11-27 14:00:00,583.42,585.08,32.64,24.86,3.08
2024-11-27 15:00:00,370.1,375.38,32.16,25.73,3.27
2024-11-27 16:00:00,153.5,155.95,30.47,30.98,2.94
2024-11-27 17:00:00,13.52,13.15,26.33,49.42,1.81
2024-11-27 18:00:00,0.0,0.0,24.3,58.46,2.22
2024-11-27 19:00:00,0.0,0.0,23.56,63.73,2.69
2024-11-27 20:00:00,0.0,0.0,22.5,69.98,2.64
2024-11-27 21:00:00,0.0,0.0,21.45,75.07,2.54
2024-11-27 22:00:00,0.0,0.0,20.47,78.68,2.54
2024-11-27 23:00:00,0.0,0.0,19.56,80.71,2.62
2024-11-28 00:00:00,0.0,0.0,18.95,80.18,2.81
2024-11-28 01:00:00,0.0,0.0,18.48,79.1,2.88
2024-11-28 02:00:00,0.0,0.0,18.14,78.26,2.83
2024-11-28 03:00:00,0.0,0.0,17.74,78.54,2.66
2024-11-28 04:00:00,0.0,0.0,17.33,79.49,2.59
2024-11-28 05:00:00,0.0,0.0,16.96,80.69,2.54
2024-11-28 06:00:00,39.83,39.83,16.79,81.04,2.68
2024-11-28 07:00:00,210.27,210.27,17.81,76.1,2.84
2024-11-28 08:00:00,425.27,425.3,20.81,62.26,3.09
2024-11-28 09:00:00,620.9,620.9,24.89,43.69,4.56
2024-11-28 10:00:00,763.12,763.12,28.31,31.95,5.02
2024-11-28 11:00:00,831.7,831.7,30.53,26.93,4.45
2024-11-28 12:00:00,836.42,836.42,31.87,24.79,3.89
2024-11-28 13:00:00,745.0,745.0,32.5,23.87,3.46
2024-11-28 14:00:00,582.5,582.5,32.45,23.89,3.19
2024-11-28 15:00:00,376.62,383.8,31.69,25.2,3.04
2024-11-28 16:00:00,165.43,167.47,30.11,30.77,2.53
2024-11-28 17:00:00,14.17,14.16,26.14,48.62,1.62
2024-11-28 18:00:00,0.0,0.0,23.8,55.96,2.02
2024-11-28 19:00:00,0.0,0.0,22.82,59.83,2.4
2024-11-28 20:00:00,0.0,0.0,21.99,63.29,2.41
2024-11-28 21:00:00,0.0,0.0,21.23,65.89,2.29
2024-11-28 22:00:00,0.0,0.0,20.58,67.47,2.37
2024-11-28 23:00:00,0.0,0.0,19.89,69.3,2.63
2024-11-29 00:00:00,0.0,0.0,19.1,71.98,2.85
2024-11-29 01:00:00,0.0,0.0,18.26,74.85,2.83
2024-11-29 02:00:00,0.0,0.0,17.54,76.71,2.78
2024-11-29 03:00:00,0.0,0.0,16.91,78.1,2.73
2024-11-29 04:00:00,0.0,0.0,16.35,79.59,2.66
2024-11-29 05:00:00,0.0,0.0,15.82,81.32,2.6
2024-11-29 06:00:00,42.46,42.66,15.58,81.65,2.82
2024-11-29 07:00:00,227.31,230.4,16.84,74.98,3.01
2024-11-29 08:00:00,442.38,450.01,20.07,59.1,3.27
2024-11-29 09:00:00,636.92,645.88,23.85,42.95,4.22
2024-11-29 10:00:00,767.36,778.81,27.43,32.02,4.42
2024-11-29 11:00:00,835.67,847.61,30.36,26.56,4.06
2024-11-29 12:00:00,817.17,817.17,31.91,24.82,3.63
2024-11-29 13:00:00,725.62,725.62,32.65,24.26,3.31
2024-11-29 14:00:00,563.25,563.55,32.67,24.37,3.13
2024-11-29 15:00:00,350.35,350.77,31.97,25.58,3.01
2024-11-29 16:00:00,151.68,151.98,30.09,33.19,2.19
2024-11-29 17:00:00,13.27,13.23,26.35,49.33,1.57
2024-11-29 18:00:00,0.0,0.0,24.27,55.03,1.86
2024-11-29 19:00:00,0.0,0.0,23.22,58.62,2.02
2024-11-29 20:00:00,0.0,0.0,22.27,62.26,1.97
2024-11-29 21:00:00,0.0,0.0,21.51,64.99,1.88
2024-11-29 22:00:00,0.0,0.0,20.84,67.02,1.91
2024-11-29 23:00:00,0.0,0.0,20.2,68.84,2.18
2024-11-30 00:00:00,0.0,0.0,19.53,71.19,2.67
2024-11-30 01:00:00,0.0,0.0,18.62,75.1,2.92
2024-11-30 02:00:00,0.0,0.0,17.7,79.01,2.95
2024-11-30 03:00:00,0.0,0.0,16.94,81.99,2.87
2024-11-30 04:00:00,0.0,0.0,16.29,84.27,2.72
2024-11-30 05:00:00,0.0,0.0,15.72,86.29,2.55
2024-11-30 06:00:00,37.72,37.72,15.48,86.69,2.67
2024-11-30 07:00:00,208.12,208.12,16.98,78.42,2.79
2024-11-30 08:00:00,423.35,423.38,20.56,62.27,2.58
2024-11-30 09:00:00,619.65,619.65,25.48,39.66,3.71
2024-11-30 10:00:00,762.3,762.3,29.29,27.93,4.17
2024-11-30 11:00:00,831.45,831.45,31.42,24.63,3.69
2024-11-30 12:00:00,831.28,831.28,32.74,23.28,3.33
2024-11-30 13:00:00,741.1,741.1,33.34,22.7,3.14
2024-11-30 14:00:00,581.75,581.75,33.28,22.86,3.09
2024-11-30 15:00:00,372.77,372.8,32.54,24.01,3.1
2024-11-30 16:00:00,167.45,167.48,30.86,28.9,2.71
2024-11-30 17:00:00,13.95,13.95,26.52,47.04,1.62
2024-11-30 18:00:00,0.0,0.0,24.04,54.35,1.8
2024-11-30 19:00:00,0.0,0.0,23.12,57.9,1.9
2024-11-30 20:00:00,0.0,0.0,22.29,61.28,1.79
2024-11-30 21:00:00,0.0,0.0,21.6,63.55,1.68
2024-11-30 22:00:00,0.0,0.0,20.98,64.53,1.65
2024-11-30 23:00:00,0.0,0.0,20.38,64.54,1.78
2024-12-01 00:00:00,0.0,0.0,19.81,64.77,2.06
2024-12-01 01:00:00,0.0,0.0,19.22,66.57,2.53
2024-12-01 02:00:00,0.0,0.0,18.42,70.61,2.88
2024-12-01 03:00:00,0.0,0.0,17.57,75.58,2.73
2024-12-01 04:00:00,0.0,0.0,16.88,80.12,2.59
2024-12-01 05:00:00,0.0,0.0,16.24,84.6,2.54
2024-12-01 06:00:00,36.17,37.05,15.87,87.64,2.76
2024-12-01 07:00:00,199.57,210.98,17.28,80.9,2.91
2024-12-01 08:00:00,399.27,427.85,20.88,65.11,2.72
2024-12-01 09:00:00,575.88,619.88,25.89,40.96,4.25
2024-12-01 10:00:00,706.72,755.88,29.66,29.04,4.78
2024-12-01 11:00:00,788.15,819.6,31.77,25.68,4.23
2024-12-01 12:00:00,784.58,791.8,32.99,24.58,3.78
2024-12-01 13:00:00,697.42,701.03,33.52,24.41,3.47
2024-12-01 14:00:00,541.75,544.42,33.43,24.95,3.26
2024-12-01 15:00:00,341.98,343.58,32.62,26.68,3.14
2024-12-01 16:00:00,149.1,149.65,30.98,31.51,2.73
2024-12-01 17:00:00,12.77,12.77,27.1,47.98,1.56
2024-12-01 18:00:00,0.0,0.0,24.9,54.0,1.67
2024-12-01 19:00:00,0.0,0.0,24.06,56.35,1.77
2024-12-01 20:00:00,0.0,0.0,23.33,58.92,1.67
2024-12-01 21:00:00,0.0,0.0,22.69,60.92,1.54
2024-12-01 22:00:00,0.0,0.0,22.12,62.29,1.49
2024-12-01 23:00:00,0.0,0.0,21.63,62.94,1.58
2024-12-02 00:00:00,0.0,0.0,21.28,63.09,1.89
2024-12-02 01:00:00,0.0,0.0,20.81,64.46,2.43
2024-12-02 02:00:00,0.0,0.0,20.0,68.27,2.69
2024-12-02 03:00:00,0.0,0.0,19.18,72.89,2.49
2024-12-02 04:00:00,0.0,0.0,18.51,76.9,2.22
2024-12-02 05:00:00,0.0,0.0,17.96,80.33,2.03
2024-12-02 06:00:00,33.6,33.6,17.75,82.16,2.3
2024-12-02 07:00:00,190.85,190.88,19.0,76.73,2.68
2024-12-02 08:00:00,398.0,398.08,21.94,65.35,2.24
2024-12-02 09:00:00,589.45,589.53,27.1,40.13,3.71
2024-12-02 10:00:00,730.85,730.92,30.88,27.3,4.31
2024-12-02 11:00:00,800.5,800.55,32.83,24.2,3.81
2024-12-02 12:00:00,798.9,798.92,34.03,22.75,3.46
2024-12-02 13:00:00,711.25,711.28,34.59,22.2,3.28
2024-12-02 14:00:00,554.0,554.0,34.5,22.53,3.21
2024-12-02 15:00:00,354.15,354.17,33.81,23.91,3.16
2024-12-02 16:00:00,156.07,156.1,32.16,28.41,2.78
2024-12-02 17:00:00,13.5,13.5,27.9,46.32,1.56
2024-12-02 18:00:00,0.0,0.0,25.42,53.41,1.71
2024-12-02 19:00:00,0.0,0.0,24.48,56.28,1.88
2024-12-02 20:00:00,0.0,0.0,23.67,59.08,1.85
2024-12-02 21:00:00,0.0,0.0,22.94,61.3,1.72
2024-12-02 22:00:00,0.0,0.0,22.33,62.32,1.61
2024-12-02 23:00:00,0.0,0.0,21.75,62.6,1.65
2024-12-03 00:00:00,0.0,0.0,21.17,63.57,1.83
2024-12-03 01:00:00,0.0,0.0,20.55,66.14,2.14
2024-12-03 02:00:00,0.0,0.0,19.85,69.77,2.41
2024-12-03 03:00:00,0.0,0.0,19.14,73.98,2.33
2024-12-03 04:00:00,0.0,0.0,18.52,78.11,2.15
2024-12-03 05:00:00,0.0,0.0,17.96,82.1,1.99
2024-12-03 06:00:00,32.6,34.2,17.73,84.52,2.24
2024-12-03 07:00:00,188.52,207.07,19.17,78.49,2.51
2024-12-03 08:00:00,387.27,425.27,22.72,61.65,2.43
2024-12-03 09:00:00,595.12,619.22,26.65,43.32,3.25
2024-12-03 10:00:00,756.1,757.5,30.44,29.84,3.53
2024-12-03 11:00:00,824.67,826.03,33.09,24.0,3.43
2024-12-03 12:00:00,812.45,813.15,34.51,22.24,3.27
2024-12-03 13:00:00,727.22,727.22,35.24,21.78,3.21
2024-12-03 14:00:00,572.58,572.6,35.31,22.26,3.21
2024-12-03 15:00:00,369.8,369.85,34.66,23.73,3.3
2024-12-03 16:00:00,162.38,162.43,32.95,28.28,3.03
2024-12-03 17:00:00,14.35,14.38,28.67,44.7,1.84
2024-12-03 18:00:00,0.0,0.0,26.08,52.37,1.97
2024-12-03 19:00:00,0.0,0.0,24.96,55.87,2.05
2024-12-03 20:00:00,0.0,0.0,23.99,58.92,1.9
2024-12-03 21:00:00,0.0,0.0,23.17,60.86,1.81
2024-12-03 22:00:00,0.0,0.0,22.42,62.31,1.88
2024-12-03 23:00:00,0.0,0.0,21.64,64.42,2.16
2024-12-04 00:00:00,0.0,0.0,20.79,67.54,2.62
2024-12-04 01:00:00,0.0,0.0,19.73,72.02,2.82
2024-12-04 02:00:00,0.0,0.0,18.76,76.2,2.84
2024-12-04 03:00:00,0.0,0.0,18.02,79.43,2.76
2024-12-04 04:00:00,0.0,0.0,17.34,82.46,2.55
2024-12-04 05:00:00,0.0,0.0,16.61,85.67,2.33
2024-12-04 06:00:00,37.22,37.25,16.17,86.96,2.55
2024-12-04 07:00:00,220.07,220.27,17.76,77.81,2.93
2024-12-04 08:00:00,442.5,442.7,21.53,60.49,2.78
2024-12-04 09:00:00,641.62,641.78,26.27,38.03,4.11
2024-12-04 10:00:00,784.22,784.35,29.74,25.29,4.81
2024-12-04 11:00:00,854.95,855.03,31.29,21.81,4.57
2024-12-04 12:00:00,886.53,886.58,32.12,20.39,4.25
2024-12-04 13:00:00,800.58,800.58,32.42,20.16,3.88
2024-12-04 14:00:00,638.88,644.4,32.15,21.19,3.48
2024-12-04 15:00:00,424.83,434.17,31.3,23.83,3.03
2024-12-04 16:00:00,192.35,198.02,29.32,35.4,1.84
2024-12-04 17:00:00,17.58,18.0,25.99,50.58,1.31
2024-12-04 18:00:00,0.0,0.0,24.32,54.97,1.48
2024-12-04 19:00:00,0.0,0.0,23.67,57.19,1.65
2024-12-04 20:00:00,0.0,0.0,23.17,59.03,1.78
2024-12-04 21:00:00,0.0,0.0,22.69,60.79,1.88
2024-12-04 22:00:00,0.0,0.0,22.21,62.83,2.14
2024-12-04 23:00:00,0.0,0.0,21.68,65.24,2.55
2024-12-05 00:00:00,0.0,0.0,20.92,68.9,2.77
2024-12-05 01:00:00,0.0,0.0,20.08,72.86,2.72
2024-12-05 02:00:00,0.0,0.0,19.31,76.32,2.61
2024-12-05 03:00:00,0.0,0.0,18.53,79.82,2.48
2024-12-05 04:00:00,0.0,0.0,17.6,84.04,2.34
2024-12-05 05:00:00,0.0,0.0,16.63,88.43,2.24
2024-12-05 06:00:00,41.28,41.33,16.19,89.49,2.73
2024-12-05 07:00:00,243.5,243.82,17.76,79.53,3.01
2024-12-05 08:00:00,473.92,474.4,21.68,57.75,3.29
2024-12-05 09:00:00,672.67,673.15,26.13,36.19,4.77
2024-12-05 10:00:00,813.92,814.28,29.88,23.08,5.66
2024-12-05 11:00:00,884.3,884.5,32.0,20.1,5.24
2024-12-05 12:00:00,878.7,878.83,33.39,19.36,4.63
2024-12-05 13:00:00,793.33,793.33,34.21,19.24,4.07
2024-12-05 14:00:00,633.35,638.28,34.45,19.08,3.61
2024-12-05 15:00:00,420.75,428.8,33.91,19.48,3.22
2024-12-05 16:00:00,190.6,194.35,32.25,24.46,2.33
2024-12-05 17:00:00,17.75,17.8,27.29,44.42,1.32
2024-12-05 18:00:00,0.0,0.0,24.5,49.62,1.64
2024-12-05 19:00:00,0.0,0.0,23.44,52.66,2.03
2024-12-05 20:00:00,0.0,0.0,22.39,56.8,2.16
2024-12-05 21:00:00,0.0,0.0,21.43,60.69,2.07
2024-12-05 22:00:00,0.0,0.0,20.64,63.51,2.02
2024-12-05 23:00:00,0.0,0.0,19.95,65.73,2.09
2024-12-06 00:00:00,0.0,0.0,19.3,67.5,2.26
2024-12-06 01:00:00,0.0,0.0,18.65,69.43,2.44
2024-12-06 02:00:00,0.0,0.0,17.96,72.09,2.55
2024-12-06 03:00:00,0.0,0.0,17.27,75.04,2.54
2024-12-06 04:00:00,0.0,0.0,16.61,77.86,2.55
2024-12-06 05:00:00,0.0,0.0,15.99,80.34,2.58
2024-12-06 06:00:00,32.85,37.85,15.74,80.72,2.73
2024-12-06 07:00:00,194.18,235.23,17.55,71.28,3.08
2024-12-06 08:00:00,378.8,462.5,21.41,56.34,2.75
2024-12-06 09:00:00,569.33,658.72,26.89,33.94,3.42
2024-12-06 10:00:00,712.6,797.95,30.94,22.16,3.93
2024-12-06 11:00:00,756.9,862.97,32.82,20.13,3.3
2024-12-06 12:00:00,754.3,811.17,33.94,19.72,2.9
2024-12-06 13:00:00,663.7,720.25,34.46,19.69,2.8
2024-12-06 14:00:00,532.95,565.9,34.41,19.96,2.89
2024-12-06 15:00:00,342.4,363.6,33.71,20.89,2.98
2024-12-06 16:00:00,149.95,154.12,32.11,24.71,2.63
2024-12-06 17:00:00,15.1,14.6,27.46,42.33,1.56
2024-12-06 18:00:00,0.0,0.0,24.77,47.64,1.84
2024-12-06 19:00:00,0.0,0.0,23.63,50.14,2.0
2024-12-06 20:00:00,0.0,0.0,22.59,53.19,1.91
2024-12-06 21:00:00,0.0,0.0,21.75,55.7,1.8
2024-12-06 22:00:00,0.0,0.0,21.05,57.5,1.76
2024-12-06 23:00:00,0.0,0.0,20.41,59.0,1.82
2024-12-07 00:00:00,0.0,0.0,19.8,60.56,2.06
2024-12-07 01:00:00,0.0,0.0,19.15,63.09,2.35
2024-12-07 02:00:00,0.0,0.0,18.41,67.09,2.51
2024-12-07 03:00:00,0.0,0.0,17.67,71.6,2.4
2024-12-07 04:00:00,0.0,0.0,17.02,75.76,2.29
2024-12-07 05:00:00,0.0,0.0,16.45,79.52,2.2
2024-12-07 06:00:00,32.38,32.38,16.25,81.36,2.5
2024-12-07 07:00:00,202.3,202.57,17.91,74.22,2.76
2024-12-07 08:00:00,416.83,417.3,21.66,59.77,2.37
2024-12-07 09:00:00,613.83,614.28,26.96,35.68,4.04
2024-12-07 10:00:00,753.3,753.65,31.07,23.56,4.9
2024-12-07 11:00:00,823.5,824.05,33.27,21.01,4.55
2024-12-07 12:00:00,822.42,832.85,34.52,20.65,4.24
2024-12-07 13:00:00,747.38,748.4,35.07,21.27,4.03
2024-12-07 14:00:00,594.38,594.97,35.02,22.35,3.93
2024-12-07 15:00:00,390.83,391.45,34.28,24.01,3.94
2024-12-07 16:00:00,175.98,176.27,32.64,27.67,3.73
2024-12-07 17:00:00,16.5,16.5,28.54,41.55,2.42
2024-12-07 18:00:00,0.0,0.0,25.98,49.91,2.88
2024-12-07 19:00:00,0.0,0.0,24.98,53.75,3.16
2024-12-07 20:00:00,0.0,0.0,24.07,57.48,2.89
2024-12-07 21:00:00,0.0,0.0,23.27,60.72,2.8
2024-12-07 22:00:00,0.0,0.0,22.47,64.37,2.96
2024-12-07 23:00:00,0.0,0.0,21.54,68.73,3.02
2024-12-08 00:00:00,0.0,0.0,20.59,72.85,2.93
2024-12-08 01:00:00,0.0,0.0,19.71,76.34,2.73
2024-12-08 02:00:00,0.0,0.0,18.93,78.89,2.62
2024-12-08 03:00:00,0.0,0.0,18.22,80.58,2.64
2024-12-08 04:00:00,0.0,0.0,17.57,81.52,2.66
2024-12-08 05:00:00,0.0,0.0,16.99,81.9,2.69
2024-12-08 06:00:00,32.58,32.92,16.7,80.8,2.97
2024-12-08 07:00:00,209.62,213.4,18.1,72.25,3.24
2024-12-08 08:00:00,429.02,429.67,21.74,53.56,4.0
2024-12-08 09:00:00,620.88,623.4,25.68,38.26,5.22
2024-12-08 10:00:00,755.03,761.12,29.06,30.03,5.38
2024-12-08 11:00:00,813.6,828.35,31.82,25.25,5.09
2024-12-08 12:00:00,797.83,820.9,33.36,23.87,4.65
2024-12-08 13:00:00,730.08,736.35,34.06,23.78,4.37
2024-12-08 14:00:00,576.2,583.67,34.03,24.64,4.24
2024-12-08 15:00:00,367.25,381.0,33.27,26.38,4.19
2024-12-08 16:00:00,160.48,165.5,31.68,30.11,3.88
2024-12-08 17:00:00,16.12,16.02,27.93,43.45,2.26
2024-12-08 18:00:00,0.0,0.0,25.41,52.49,2.13
2024-12-08 19:00:00,0.0,0.0,24.44,56.03,2.19
2024-12-08 20:00:00,0.0,0.0,23.56,59.44,2.04
2024-12-08 21:00:00,0.0,0.0,22.83,62.14,1.99
2024-12-08 22:00:00,0.0,0.0,22.16,64.78,2.07
2024-12-08 23:00:00,0.0,0.0,21.49,67.65,2.28
2024-12-09 00:00:00,0.0,0.0,20.76,70.91,2.56
2024-12-09 01:00:00,0.0,0.0,19.89,74.92,2.6
2024-12-09 02:00:00,0.0,0.0,19.06,78.78,2.53
2024-12-09 03:00:00,0.0,0.0,18.31,82.55,2.52
2024-12-09 04:00:00,0.0,0.0,17.59,86.4,2.51
2024-12-09 05:00:00,0.0,0.0,16.93,89.95,2.5
2024-12-09 06:00:00,31.02,31.12,16.63,91.07,2.61
2024-12-09 07:00:00,199.45,200.77,18.16,82.35,2.64
2024-12-09 08:00:00,414.77,416.9,22.07,61.48,2.71
2024-12-09 09:00:00,608.33,612.88,26.98,37.44,4.07
2024-12-09 10:00:00,748.4,751.38,30.55,27.14,4.17
2024-12-09 11:00:00,817.67,819.65,32.57,24.12,3.61
2024-12-09 12:00:00,813.92,814.92,33.79,22.83,3.24
2024-12-09 13:00:00,728.58,728.58,34.35,22.38,3.1
2024-12-09 14:00:00,564.62,574.92,34.27,22.69,3.14
2024-12-09 15:00:00,356.9,372.25,33.51,24.04,3.25
2024-12-09 16:00:00,155.4,159.88,31.91,27.84,3.1
2024-12-09 17:00:00,15.88,15.6,27.98,43.31,1.83
2024-12-09 18:00:00,0.0,0.0,25.7,50.27,2.04
2024-12-09 19:00:00,0.0,0.0,24.93,52.52,2.23
2024-12-09 20:00:00,0.0,0.0,24.19,55.29,2.02
2024-12-09 21:00:00,0.0,0.0,23.64,57.59,1.7
2024-12-09 22:00:00,0.0,0.0,23.43,58.47,1.52
2024-12-09 23:00:00,0.0,0.0,23.22,58.63,1.53
2024-12-10 00:00:00,0.0,0.0,22.82,59.01,1.7
2024-12-10 01:00:00,0.0,0.0,22.26,60.25,2.03
2024-12-10 02:00:00,0.0,0.0,21.49,63.49,2.26
2024-12-10 03:00:00,0.0,0.0,20.69,68.23,2.25
2024-12-10 04:00:00,0.0,0.0,20.04,73.14,2.22
2024-12-10 05:00:00,0.0,0.0,19.58,77.31,2.25
2024-12-10 06:00:00,27.65,27.65,19.34,80.07,2.47
2024-12-10 07:00:00,178.12,178.82,20.6,75.08,2.74
2024-12-10 08:00:00,380.25,380.85,24.05,59.68,2.93
2024-12-10 09:00:00,572.03,572.62,28.44,41.98,3.9
2024-12-10 10:00:00,712.25,712.72,32.14,31.01,4.12
2024-12-10 11:00:00,785.4,785.7,34.09,27.13,3.77
2024-12-10 12:00:00,830.55,830.72,35.26,25.01,3.55
2024-12-10 13:00:00,746.58,746.58,35.83,23.79,3.52
2024-12-10 14:00:00,594.1,594.28,35.77,23.47,3.54
2024-12-10 15:00:00,390.8,391.02,34.98,24.57,3.57
2024-12-10 16:00:00,176.73,176.9,32.94,30.24,3.02
2024-12-10 17:00:00,17.27,17.27,29.26,44.43,1.92
2024-12-10 18:00:00,0.0,0.0,27.39,50.9,2.07
2024-12-10 19:00:00,0.0,0.0,26.46,54.39,2.14
2024-12-10 20:00:00,0.0,0.0,25.55,58.06,1.94
2024-12-10 21:00:00,0.0,0.0,24.87,61.03,1.66
2024-12-10 22:00:00,0.0,0.0,24.25,63.58,1.44
2024-12-10 23:00:00,0.0,0.0,23.58,65.8,1.34
2024-12-11 00:00:00,0.0,0.0,23.01,67.79,1.34
2024-12-11 01:00:00,0.0,0.0,22.41,70.5,1.34
2024-12-11 02:00:00,0.0,0.0,21.61,74.3,1.28
2024-12-11 03:00:00,0.0,0.0,20.89,78.1,1.1
2024-12-11 04:00:00,0.0,0.0,20.19,81.97,0.94
2024-12-11 05:00:00,0.0,0.0,19.59,85.4,0.91
2024-12-11 06:00:00,27.85,27.88,19.58,86.19,1.35
2024-12-11 07:00:00,197.3,197.52,21.18,78.95,2.14
2024-12-11 08:00:00,394.52,394.92,24.26,64.61,1.89
2024-12-11 09:00:00,585.0,585.5,28.08,48.66,2.24
2024-12-11 10:00:00,722.97,723.53,32.1,33.51,3.36
2024-12-11 11:00:00,788.22,788.83,34.07,28.43,3.8
2024-12-11 12:00:00,777.42,778.08,35.06,26.66,3.88
2024-12-11 13:00:00,692.35,693.08,35.63,25.94,4.03
2024-12-11 14:00:00,535.53,536.22,35.6,26.5,4.12
2024-12-11 15:00:00,343.73,344.2,34.57,29.01,3.9
2024-12-11 16:00:00,153.38,153.52,32.36,37.56,2.46
2024-12-11 17:00:00,15.6,15.6,29.39,50.3,1.57
2024-12-11 18:00:00,0.0,0.0,27.95,55.89,1.61
2024-12-11 19:00:00,0.0,0.0,27.15,59.52,1.69
2024-12-11 20:00:00,0.0,0.0,26.38,63.1,1.68
2024-12-11 21:00:00,0.0,0.0,25.62,66.5,1.62
2024-12-11 22:00:00,0.0,0.0,24.85,69.77,1.49
2024-12-11 23:00:00,0.0,0.0,23.97,73.58,1.32
2024-12-12 00:00:00,0.0,0.0,23.0,77.99,1.18
2024-12-12 01:00:00,0.0,0.0,22.01,83.14,1.07
2024-12-12 02:00:00,0.0,0.0,21.24,87.42,0.99
2024-12-12 03:00:00,0.0,0.0,20.66,91.1,0.97
2024-12-12 04:00:00,0.0,0.0,20.21,94.22,1.01
2024-12-12 05:00:00,0.0,0.0,20.04,95.72,1.17
2024-12-12 06:00:00,27.95,25.35,20.34,94.15,1.76
2024-12-12 07:00:00,168.82,174.52,21.44,88.0,2.39
2024-12-12 08:00:00,340.52,374.17,23.39,76.63,2.07
2024-12-12 09:00:00,518.2,564.35,26.9,56.87,2.82
2024-12-12 10:00:00,625.15,705.03,31.31,37.71,4.14
2024-12-12 11:00:00,564.42,783.12,34.32,28.64,5.14
2024-12-12 12:00:00,570.55,823.42,35.81,25.14,5.48
2024-12-12 13:00:00,534.92,748.62,36.51,23.73,5.54
2024-12-12 14:00:00,469.45,605.45,36.5,23.63,5.49
2024-12-12 15:00:00,299.95,409.23,35.78,24.68,5.31
2024-12-12 16:00:00,146.02,188.0,34.12,28.38,4.55
2024-12-12 17:00:00,20.02,19.65,30.28,40.78,2.79
2024-12-12 18:00:00,0.0,0.0,27.79,50.11,2.92
2024-12-12 19:00:00,0.0,0.0,26.65,55.31,3.32
2024-12-12 20:00:00,0.0,0.0,25.56,59.55,3.13
2024-12-12 21:00:00,0.0,0.0,24.55,62.76,2.58
2024-12-12 22:00:00,0.0,0.0,23.34,66.78,1.94
2024-12-12 23:00:00,0.0,0.0,22.42,69.78,1.67
2024-12-13 00:00:00,0.0,0.0,21.7,72.15,1.55
2024-12-13 01:00:00,0.0,0.0,20.99,75.27,1.47
2024-12-13 02:00:00,0.0,0.0,20.21,79.56,1.36
2024-12-13 03:00:00,0.0,0.0,19.03,86.49,1.1
2024-12-13 04:00:00,0.0,0.0,18.15,92.42,0.98
2024-12-13 05:00:00,0.0,0.0,17.48,97.02,0.97
2024-12-13 06:00:00,31.9,32.1,17.51,96.91,1.26
2024-12-13 07:00:00,223.57,225.27,19.71,84.58,2.1
2024-12-13 08:00:00,451.38,452.98,23.39,62.8,2.12
2024-12-13 09:00:00,653.1,653.45,27.53,41.3,3.02
2024-12-13 10:00:00,799.28,799.62,31.62,23.74,4.51
2024-12-13 11:00:00,874.22,874.85,33.98,17.55,5.15
2024-12-13 12:00:00,888.95,889.38,35.23,15.41,5.24
2024-12-13 13:00:00,807.9,808.12,35.75,14.58,5.19
2024-12-13 14:00:00,564.37,575.41,35.57,14.63,5.13
2024-12-13 15:00:00,444.52,444.98,34.62,15.62,5.02
2024-12-13 16:00:00,208.7,209.18,32.68,19.21,4.38
2024-12-13 17:00:00,22.23,22.27,27.92,32.69,2.48
2024-12-13 18:00:00,0.0,0.0,24.91,42.06,2.43
2024-12-13 19:00:00,0.0,0.0,23.75,47.27,2.67
2024-12-13 20:00:00,0.0,0.0,22.63,52.67,2.77
2024-12-13 21:00:00,0.0,0.0,21.51,58.07,2.64
2024-12-13 22:00:00,0.0,0.0,20.42,63.01,2.35
2024-12-13 23:00:00,0.0,0.0,19.45,67.03,2.16
2024-12-14 00:00:00,0.0,0.0,18.58,70.51,2.09
2024-12-14 01:00:00,0.0,0.0,17.81,73.57,2.11
2024-12-14 02:00:00,0.0,0.0,17.14,76.23,2.22
2024-12-14 03:00:00,0.0,0.0,16.55,78.28,2.35
2024-12-14 04:00:00,0.0,0.0,15.97,80.2,2.36
2024-12-14 05:00:00,0.0,0.0,15.36,82.26,2.28
2024-12-14 06:00:00,33.53,33.58,15.22,81.77,2.65
2024-12-14 07:00:00,237.05,237.25,17.12,71.43,3.2
2024-12-14 08:00:00,470.0,470.3,20.92,56.51,2.7
2024-12-14 09:00:00,673.03,673.35,26.65,32.29,4.48
2024-12-14 10:00:00,818.12,818.38,31.11,19.78,5.85
2024-12-14 11:00:00,891.75,891.95,33.84,15.09,5.79
2024-12-14 12:00:00,887.55,887.62,35.35,13.59,5.3
2024-12-14 13:00:00,807.67,807.67,36.05,13.14,4.91
2024-12-14 14:00:00,654.45,655.15,36.01,13.32,4.65
2024-12-14 15:00:00,445.12,446.4,35.17,14.39,4.42
2024-12-14 16:00:00,209.45,210.55,33.12,18.73,3.54
2024-12-14 17:00:00,22.67,22.8,27.87,33.77,2.21
2024-12-14 18:00:00,0.0,0.0,24.97,42.26,2.67
2024-12-14 19:00:00,0.0,0.0,23.62,48.35,2.98
2024-12-14 20:00:00,0.0,0.0,22.32,53.97,2.7
2024-12-14 21:00:00,0.0,0.0,21.23,58.2,2.52
2024-12-14 22:00:00,0.0,0.0,20.28,61.76,2.56
2024-12-14 23:00:00,0.0,0.0,19.32,65.67,2.59
2024-12-15 00:00:00,0.0,0.0,18.4,69.37,2.56
2024-12-15 01:00:00,0.0,0.0,17.54,72.88,2.38
2024-12-15 02:00:00,0.0,0.0,16.72,76.5,2.16
2024-12-15 03:00:00,0.0,0.0,16.05,79.34,2.16
2024-12-15 04:00:00,0.0,0.0,15.45,81.59,2.1
2024-12-15 05:00:00,0.0,0.0,14.84,84.06,1.91
2024-12-15 06:00:00,28.3,28.33,14.71,84.18,2.24
2024-12-15 07:00:00,206.1,206.23,16.59,74.43,2.77
2024-12-15 08:00:00,418.65,418.83,20.4,57.53,2.48
2024-12-15 09:00:00,618.53,618.67,25.56,34.79,3.99
2024-12-15 10:00:00,765.5,765.6,30.02,21.16,4.88
2024-12-15 11:00:00,843.12,843.2,33.06,15.78,4.49
2024-12-15 12:00:00,867.28,867.33,34.6,14.66,3.79
2024-12-15 13:00:00,786.75,786.75,35.34,14.28,3.46
2024-12-15 14:00:00,633.78,634.2,35.41,14.35,3.37
2024-12-15 15:00:00,426.08,426.73,34.68,15.28,3.37
2024-12-15 16:00:00,198.65,199.18,32.71,19.97,2.82
2024-12-15 17:00:00,22.08,22.12,27.46,37.15,1.86
2024-12-15 18:00:00,0.0,0.0,24.69,44.27,2.32
2024-12-15 19:00:00,0.0,0.0,23.48,48.47,2.58
2024-12-15 20:00:00,0.0,0.0,22.33,52.65,2.39
2024-12-15 21:00:00,0.0,0.0,21.36,55.38,2.15
2024-12-15 22:00:00,0.0,0.0,20.53,57.02,2.13
2024-12-15 23:00:00,0.0,0.0,19.7,58.98,2.3
2024-12-16 00:00:00,0.0,0.0,18.8,62.0,2.53
2024-12-16 01:00:00,0.0,0.0,17.81,66.03,2.61
2024-12-16 02:00:00,0.0,0.0,16.86,70.09,2.48
2024-12-16 03:00:00,0.0,0.0,16.05,73.8,2.38
2024-12-16 04:00:00,0.0,0.0,15.37,77.04,2.27
2024-12-16 05:00:00,0.0,0.0,14.77,79.77,2.17
2024-12-16 06:00:00,26.2,26.25,14.63,79.81,2.5
2024-12-16 07:00:00,198.18,198.5,16.2,71.7,2.95
2024-12-16 08:00:00,398.45,398.98,19.41,59.44,2.49
2024-12-16 09:00:00,592.53,593.1,24.28,41.68,3.09
2024-12-16 10:00:00,736.47,736.97,28.81,26.16,4.35
2024-12-16 11:00:00,809.38,809.72,31.61,20.38,3.98
2024-12-16 12:00:00,737.15,737.3,33.2,18.3,3.45
2024-12-16 13:00:00,654.53,654.53,34.0,17.53,3.14
2024-12-16 14:00:00,507.98,508.08,34.06,17.69,3.09
2024-12-16 15:00:00,320.52,320.65,33.39,19.16,3.1
2024-12-16 16:00:00,148.12,148.2,30.89,29.51,2.13
2024-12-16 17:00:00,17.3,17.3,26.74,43.94,1.98
2024-12-16 18:00:00,0.0,0.0,24.77,50.54,2.53
2024-12-16 19:00:00,0.0,0.0,23.79,54.88,2.71
2024-12-16 20:00:00,0.0,0.0,22.78,58.54,2.3
2024-12-16 21:00:00,0.0,0.0,21.96,60.88,1.98
2024-12-16 22:00:00,0.0,0.0,21.21,62.27,1.9
2024-12-16 23:00:00,0.0,0.0,20.4,64.17,1.99
2024-12-17 00:00:00,0.0,0.0,19.55,67.06,2.12
2024-12-17 01:00:00,0.0,0.0,18.66,71.0,2.11
2024-12-17 02:00:00,0.0,0.0,17.78,75.56,1.96
2024-12-17 03:00:00,0.0,0.0,16.98,80.49,1.92
2024-12-17 04:00:00,0.0,0.0,16.29,84.58,1.92
2024-12-17 05:00:00,0.0,0.0,15.68,87.28,1.73
2024-12-17 06:00:00,20.48,20.52,15.49,86.97,1.94
2024-12-17 07:00:00,164.98,165.35,16.88,78.56,2.52
2024-12-17 08:00:00,324.95,325.62,19.94,65.21,2.13
2024-12-17 09:00:00,505.08,506.0,25.26,41.59,3.14
2024-12-17 10:00:00,644.97,645.92,29.9,25.53,4.4
2024-12-17 11:00:00,720.17,721.03,32.35,20.88,4.11
2024-12-17 12:00:00,741.6,742.25,33.73,19.15,3.78
2024-12-17 13:00:00,659.45,659.97,34.4,18.43,3.63
2024-12-17 14:00:00,510.62,511.02,34.4,18.45,3.62
2024-12-17 15:00:00,322.0,322.2,33.61,19.55,3.62
2024-12-17 16:00:00,147.48,147.57,31.81,23.49,3.19
2024-12-17 17:00:00,17.77,17.77,27.07,39.95,1.82
2024-12-17 18:00:00,0.0,0.0,24.44,46.83,2.01
2024-12-17 19:00:00,0.0,0.0,23.39,49.48,2.09
2024-12-17 20:00:00,0.0,0.0,22.41,52.18,1.97
2024-12-17 21:00:00,0.0,0.0,21.48,54.69,1.87
2024-12-17 22:00:00,0.0,0.0,20.58,57.26,1.91
2024-12-17 23:00:00,0.0,0.0,19.69,60.21,2.12
2024-12-18 00:00:00,0.0,0.0,18.77,63.61,2.39
2024-12-18 01:00:00,0.0,0.0,17.83,66.92,2.61
2024-12-18 02:00:00,0.0,0.0,16.94,69.86,2.64
2024-12-18 03:00:00,0.0,0.0,16.15,72.52,2.62
2024-12-18 04:00:00,0.0,0.0,15.4,75.56,2.58
2024-12-18 05:00:00,0.0,0.0,14.69,78.56,2.57
2024-12-18 06:00:00,21.17,21.2,14.36,79.42,2.91
2024-12-18 07:00:00,184.73,184.88,15.86,71.27,3.38
2024-12-18 08:00:00,391.9,392.1,19.37,56.86,3.12
2024-12-18 09:00:00,528.35,528.58,24.76,33.91,4.81
2024-12-18 10:00:00,675.62,675.85,29.01,21.84,6.0
2024-12-18 11:00:00,758.3,758.47,31.87,17.12,6.01
2024-12-18 12:00:00,811.6,811.75,33.45,15.77,5.59
2024-12-18 13:00:00,731.67,731.75,34.17,15.46,5.29
2024-12-18 14:00:00,578.85,578.85,34.14,15.95,5.11
2024-12-18 15:00:00,379.7,379.88,33.41,17.32,4.91
2024-12-18 16:00:00,180.98,181.12,31.57,21.16,4.33
2024-12-18 17:00:00,21.45,21.45,27.01,33.81,2.77
2024-12-18 18:00:00,0.0,0.0,24.37,42.28,3.11
2024-12-18 19:00:00,0.0,0.0,23.32,47.24,3.21
2024-12-18 20:00:00,0.0,0.0,22.22,52.01,2.92
2024-12-18 21:00:00,0.0,0.0,21.3,55.53,2.99
2024-12-18 22:00:00,0.0,0.0,20.45,57.98,3.39
2024-12-18 23:00:00,0.0,0.0,19.32,61.1,3.55
2024-12-19 00:00:00,0.0,0.0,18.11,64.19,3.55
2024-12-19 01:00:00,0.0,0.0,17.04,66.36,3.52
2024-12-19 02:00:00,0.0,0.0,16.12,67.57,3.53
2024-12-19 03:00:00,0.0,0.0,15.32,68.3,3.55
2024-12-19 04:00:00,0.0,0.0,14.62,69.19,3.53
2024-12-19 05:00:00,0.0,0.0,14.01,70.33,3.53
2024-12-19 06:00:00,24.85,24.88,13.7,70.49,3.69
2024-12-19 07:00:00,202.25,202.38,15.22,63.39,3.96
2024-12-19 08:00:00,413.6,413.83,19.11,46.84,4.64
2024-12-19 09:00:00,616.88,617.12,23.58,31.02,6.45
2024-12-19 10:00:00,765.7,765.92,27.09,22.94,6.67
2024-12-19 11:00:00,842.65,842.8,29.76,18.91,6.2
2024-12-19 12:00:00,836.97,837.05,31.5,17.38,5.54
2024-12-19 13:00:00,757.97,757.97,32.39,17.09,5.03
2024-12-19 14:00:00,606.08,606.3,32.48,17.55,4.73
2024-12-19 15:00:00,401.6,401.92,31.73,18.85,4.59
2024-12-19 16:00:00,188.7,188.93,29.97,22.57,4.16
2024-12-19 17:00:00,22.58,22.6,25.76,34.25,2.9
2024-12-19 18:00:00,0.0,0.0,23.27,41.68,3.38
2024-12-19 19:00:00,0.0,0.0,22.13,45.96,3.33
2024-12-19 20:00:00,0.0,0.0,21.06,50.12,2.92
2024-12-19 21:00:00,0.0,0.0,20.22,53.32,2.86
2024-12-19 22:00:00,0.0,0.0,19.33,56.97,2.98
2024-12-19 23:00:00,0.0,0.0,18.36,60.88,3.14
2024-12-20 00:00:00,0.0,0.0,17.29,64.86,3.16
2024-12-20 01:00:00,0.0,0.0,16.29,68.06,3.18
2024-12-20 02:00:00,0.0,0.0,15.38,70.4,3.23
2024-12-20 03:00:00,0.0,0.0,14.59,72.06,3.35
2024-12-20 04:00:00,0.0,0.0,13.93,73.13,3.36
2024-12-20 05:00:00,0.0,0.0,13.36,74.06,3.28
2024-12-20 06:00:00,23.35,23.38,13.11,73.64,3.48
2024-12-20 07:00:00,196.95,197.12,14.78,65.55,3.76
2024-12-20 08:00:00,405.95,406.23,18.86,48.64,4.23
2024-12-20 09:00:00,609.62,609.9,23.46,31.92,5.92
2024-12-20 10:00:00,759.7,759.95,27.18,23.01,6.03
2024-12-20 11:00:00,838.53,838.7,29.68,19.73,5.41
2024-12-20 12:00:00,850.15,850.22,31.13,18.7,4.9
2024-12-20 13:00:00,771.47,771.47,31.81,18.47,4.61
2024-12-20 14:00:00,620.78,620.78,31.77,18.97,4.46
2024-12-20 15:00:00,415.58,415.6,30.88,20.59,4.36
2024-12-20 16:00:00,195.68,195.68,29.18,24.01,4.01
2024-12-20 17:00:00,23.35,23.35,24.99,37.48,2.25
2024-12-20 18:00:00,0.0,0.0,22.27,46.14,2.08
2024-12-20 19:00:00,0.0,0.0,21.23,49.58,1.99
2024-12-20 20:00:00,0.0,0.0,20.31,52.63,1.84
2024-12-20 21:00:00,0.0,0.0,19.5,54.99,1.85
2024-12-20 22:00:00,0.0,0.0,18.76,57.27,2.1
2024-12-20 23:00:00,0.0,0.0,17.97,60.16,2.65
2024-12-21 00:00:00,0.0,0.0,17.04,63.53,3.17
2024-12-21 01:00:00,0.0,0.0,15.98,66.89,3.28
2024-12-21 02:00:00,0.0,0.0,15.09,69.04,3.21
2024-12-21 03:00:00,0.0,0.0,14.36,70.44,3.15
2024-12-21 04:00:00,0.0,0.0,13.69,72.18,3.15
2024-12-21 05:00:00,0.0,0.0,13.08,74.0,3.19
2024-12-21 06:00:00,20.1,20.1,12.78,74.33,3.42
2024-12-21 07:00:00,175.23,175.27,14.28,66.77,3.72
2024-12-21 08:00:00,356.85,356.9,17.96,52.97,3.49
2024-12-21 09:00:00,553.0,553.08,23.0,31.96,5.23
2024-12-21 10:00:00,702.53,702.6,26.45,23.08,5.54
2024-12-21 11:00:00,781.8,781.85,28.72,20.07,4.9
2024-12-21 12:00:00,791.9,791.92,30.23,18.59,4.33
2024-12-21 13:00:00,707.05,707.05,31.01,17.98,3.96
2024-12-21 14:00:00,552.25,552.45,31.03,18.43,3.76
2024-12-21 15:00:00,351.88,352.15,30.28,20.19,3.7
2024-12-21 16:00:00,163.35,163.57,28.29,26.53,3.04
2024-12-21 17:00:00,19.75,19.77,24.26,42.24,1.93
2024-12-21 18:00:00,0.0,0.0,22.29,49.07,2.07
2024-12-21 19:00:00,0.0,0.0,21.55,52.04,2.07
2024-12-21 20:00:00,0.0,0.0,20.9,54.76,1.94
2024-12-21 21:00:00,0.0,0.0,20.35,56.72,1.95
2024-12-21 22:00:00,0.0,0.0,19.84,58.26,2.18
2024-12-21 23:00:00,0.0,0.0,19.23,60.28,2.58
2024-12-22 00:00:00,0.0,0.0,18.38,63.79,2.86
2024-12-22 01:00:00,0.0,0.0,17.4,68.06,2.88
2024-12-22 02:00:00,0.0,0.0,16.64,71.31,3.01
2024-12-22 03:00:00,0.0,0.0,16.24,72.89,3.19
2024-12-22 04:00:00,0.0,0.0,15.97,73.59,3.16
2024-12-22 05:00:00,0.0,0.0,15.72,74.02,3.13
2024-12-22 06:00:00,17.35,17.38,15.55,73.8,3.18
2024-12-22 07:00:00,156.18,156.27,16.4,69.28,3.33
2024-12-22 08:00:00,311.02,311.17,19.08,57.26,3.49
2024-12-22 09:00:00,490.77,490.9,23.43,38.06,4.93
2024-12-22 10:00:00,632.75,632.85,27.2,26.75,5.57
2024-12-22 11:00:00,711.83,711.88,29.75,22.48,5.09
2024-12-22 12:00:00,765.33,765.33,31.33,20.87,4.52
2024-12-22 13:00:00,685.22,685.38,32.17,20.27,4.07
2024-12-22 14:00:00,535.7,535.97,32.36,20.4,3.74
2024-12-22 15:00:00,342.92,343.27,31.85,21.43,3.59
2024-12-22 16:00:00,160.65,160.9,30.22,25.18,3.23
2024-12-22 17:00:00,20.2,20.25,25.77,40.81,1.95
2024-12-22 18:00:00,0.0,0.0,23.29,47.93,2.29
2024-12-22 19:00:00,0.0,0.0,22.29,51.2,2.45
2024-12-22 20:00:00,0.0,0.0,21.34,54.53,2.23
2024-12-22 21:00:00,0.0,0.0,20.54,57.41,2.0
2024-12-22 22:00:00,0.0,0.0,19.83,60.05,1.84
2024-12-22 23:00:00,0.0,0.0,19.16,62.73,1.77
2024-12-23 00:00:00,0.0,0.0,18.53,65.74,1.8
2024-12-23 01:00:00,0.0,0.0,17.91,68.78,1.91
2024-12-23 02:00:00,0.0,0.0,17.28,71.7,2.04
2024-12-23 03:00:00,0.0,0.0,16.67,74.53,2.08
2024-12-23 04:00:00,0.0,0.0,16.08,77.23,2.05
2024-12-23 05:00:00,0.0,0.0,15.55,79.56,2.03
2024-12-23 06:00:00,17.42,17.4,15.48,79.43,2.47
2024-12-23 07:00:00,161.55,161.88,17.06,71.21,2.95
2024-12-23 08:00:00,320.5,321.1,20.52,57.38,2.58
2024-12-23 09:00:00,505.33,506.27,25.62,35.82,4.07
2024-12-23 10:00:00,651.6,652.8,29.55,25.53,4.49
2024-12-23 11:00:00,733.62,734.92,31.8,22.43,3.72
2024-12-23 12:00:00,777.78,778.7,33.25,20.95,3.28
2024-12-23 13:00:00,700.53,701.3,34.06,20.24,3.12
2024-12-23 14:00:00,553.75,554.38,34.22,20.24,3.13
2024-12-23 15:00:00,360.75,361.15,33.7,21.19,3.19
2024-12-23 16:00:00,170.98,171.12,32.07,25.83,2.64
2024-12-23 17:00:00,22.15,22.15,27.43,42.97,1.62
2024-12-23 18:00:00,0.0,0.0,24.97,49.78,1.95
2024-12-23 19:00:00,0.0,0.0,23.92,54.18,2.17
2024-12-23 20:00:00,0.0,0.0,22.96,58.75,2.07
2024-12-23 21:00:00,0.0,0.0,22.13,62.65,1.8
2024-12-23 22:00:00,0.0,0.0,21.45,65.74,1.61
2024-12-23 23:00:00,0.0,0.0,20.84,68.26,1.59
2024-12-24 00:00:00,0.0,0.0,20.29,70.33,1.77
2024-12-24 01:00:00,0.0,0.0,19.73,72.45,2.07
2024-12-24 02:00:00,0.0,0.0,19.1,74.82,2.24
2024-12-24 03:00:00,0.0,0.0,18.6,76.52,2.32
2024-12-24 04:00:00,0.0,0.0,17.97,78.92,2.23
2024-12-24 05:00:00,0.0,0.0,17.38,81.23,2.24
2024-12-24 06:00:00,17.08,17.05,17.09,81.97,2.53
2024-12-24 07:00:00,138.02,139.3,18.4,74.85,2.91
2024-12-24 08:00:00,310.1,320.6,21.61,60.59,2.63
2024-12-24 09:00:00,489.92,510.15,26.44,39.42,3.65
2024-12-24 10:00:00,645.15,657.55,30.63,27.04,4.06
2024-12-24 11:00:00,722.92,738.65,32.79,24.07,3.53
2024-12-24 12:00:00,745.4,761.67,34.1,22.76,3.09
2024-12-24 13:00:00,675.25,693.12,34.76,22.06,2.87
2024-12-24 14:00:00,511.25,542.78,34.84,21.86,2.85
2024-12-24 15:00:00,324.4,351.42,34.18,22.67,2.88
2024-12-24 16:00:00,154.73,158.6,32.6,26.99,2.41
2024-12-24 17:00:00,22.65,21.92,28.14,43.41,1.5
2024-12-24 18:00:00,0.0,0.0,25.71,48.63,1.8
2024-12-24 19:00:00,0.0,0.0,24.59,52.08,1.99
2024-12-24 20:00:00,0.0,0.0,23.55,55.91,1.93
2024-12-24 21:00:00,0.0,0.0,22.72,59.21,1.72
2024-12-24 22:00:00,0.0,0.0,22.0,62.03,1.51
2024-12-24 23:00:00,0.0,0.0,21.38,64.29,1.43
2024-12-25 00:00:00,0.0,0.0,20.8,66.41,1.48
2024-12-25 01:00:00,0.0,0.0,20.19,68.81,1.66
2024-12-25 02:00:00,0.0,0.0,19.62,71.28,1.96
2024-12-25 03:00:00,0.0,0.0,19.08,73.8,2.29
2024-12-25 04:00:00,0.0,0.0,18.51,76.51,2.4
2024-12-25 05:00:00,0.0,0.0,17.99,79.08,2.42
2024-12-25 06:00:00,17.77,17.92,17.82,79.89,2.78
2024-12-25 07:00:00,148.52,152.95,19.41,72.58,3.26
2024-12-25 08:00:00,337.05,353.52,22.95,57.76,3.04
2024-12-25 09:00:00,539.38,553.45,27.52,40.08,4.21
2024-12-25 10:00:00,702.55,704.42,31.67,27.95,4.49
2024-12-25 11:00:00,791.8,793.17,33.86,23.96,4.1
2024-12-25 12:00:00,832.65,840.35,35.11,22.16,3.91
2024-12-25 13:00:00,748.97,766.12,35.64,21.17,3.98
2024-12-25 14:00:00,566.58,621.08,35.49,20.92,4.12
2024-12-25 15:00:00,374.55,420.88,34.61,21.88,4.16
2024-12-25 16:00:00,180.0,199.02,32.87,25.07,3.8
2024-12-25 17:00:00,26.55,26.6,28.49,39.07,2.06
2024-12-25 18:00:00,0.0,0.0,25.77,47.01,2.02
2024-12-25 19:00:00,0.0,0.0,24.71,49.96,1.99
2024-12-25 20:00:00,0.0,0.0,23.73,52.64,1.82
2024-12-25 21:00:00,0.0,0.0,22.86,54.46,1.71
2024-12-25 22:00:00,0.0,0.0,22.05,55.34,1.79
2024-12-25 23:00:00,0.0,0.0,21.27,56.09,2.14
2024-12-26 00:00:00,0.0,0.0,20.37,57.82,2.79
2024-12-26 01:00:00,0.0,0.0,19.18,61.58,3.22
2024-12-26 02:00:00,0.0,0.0,18.0,66.05,3.13
2024-12-26 03:00:00,0.0,0.0,17.08,69.93,3.03
2024-12-26 04:00:00,0.0,0.0,16.33,73.47,2.95
2024-12-26 05:00:00,0.0,0.0,15.64,76.67,2.83
2024-12-26 06:00:00,20.2,20.23,15.32,77.61,3.01
2024-12-26 07:00:00,188.93,189.5,17.08,68.78,3.3
2024-12-26 08:00:00,400.05,400.9,21.07,52.95,2.98
2024-12-26 09:00:00,605.12,606.0,26.46,31.76,4.39
2024-12-26 10:00:00,758.72,759.47,30.97,20.5,5.25
2024-12-26 11:00:00,843.35,843.58,33.9,16.43,4.88
2024-12-26 12:00:00,853.62,874.67,35.31,15.67,4.23
2024-12-26 13:00:00,778.92,800.9,35.99,15.53,3.78
2024-12-26 14:00:00,623.75,656.28,36.0,15.72,3.49
2024-12-26 15:00:00,435.27,454.75,35.31,16.6,3.34
2024-12-26 16:00:00,218.12,224.25,33.51,20.68,2.84
2024-12-26 17:00:00,30.27,30.7,28.36,36.59,1.86
2024-12-26 18:00:00,0.0,0.0,25.66,42.67,2.29
2024-12-26 19:00:00,0.0,0.0,24.59,46.02,2.53
2024-12-26 20:00:00,0.0,0.0,23.62,49.84,2.38
2024-12-26 21:00:00,0.0,0.0,22.82,53.4,2.2
2024-12-26 22:00:00,0.0,0.0,22.16,56.28,2.23
2024-12-26 23:00:00,0.0,0.0,21.46,59.34,2.41
2024-12-27 00:00:00,0.0,0.0,20.57,63.63,2.46
2024-12-27 01:00:00,0.0,0.0,19.61,68.6,2.4
2024-12-27 02:00:00,0.0,0.0,18.64,73.96,2.26
2024-12-27 03:00:00,0.0,0.0,17.74,79.6,2.23
2024-12-27 04:00:00,0.0,0.0,16.91,85.48,2.32
2024-12-27 05:00:00,0.0,0.0,16.13,90.75,2.37
2024-12-27 06:00:00,19.15,19.48,15.81,92.06,2.6
2024-12-27 07:00:00,173.1,179.18,17.48,81.51,2.84
2024-12-27 08:00:00,375.7,396.85,21.54,57.08,3.03
2024-12-27 09:00:00,575.58,598.2,26.24,34.01,4.29
2024-12-27 10:00:00,745.5,749.2,30.47,19.92,5.1
2024-12-27 11:00:00,796.0,833.08,33.08,15.47,4.78
2024-12-27 12:00:00,799.28,871.83,34.12,15.09,4.22
2024-12-27 13:00:00,660.53,798.0,34.43,15.4,3.94
2024-12-27 14:00:00,584.5,652.65,34.28,15.93,3.85
2024-12-27 15:00:00,422.33,450.67,33.63,16.94,3.88
2024-12-27 16:00:00,201.77,220.8,32.04,20.12,3.62
2024-12-27 17:00:00,29.62,30.4,27.22,34.89,2.02
2024-12-27 18:00:00,0.0,0.0,24.23,43.25,2.03
2024-12-27 19:00:00,0.0,0.0,23.1,46.82,1.93
2024-12-27 20:00:00,0.0,0.0,22.14,49.94,1.72
2024-12-27 21:00:00,0.0,0.0,21.35,52.28,1.62
2024-12-27 22:00:00,0.0,0.0,20.58,54.55,1.67
2024-12-27 23:00:00,0.0,0.0,19.79,57.47,1.82
2024-12-28 00:00:00,0.0,0.0,19.01,61.1,2.02
2024-12-28 01:00:00,0.0,0.0,18.17,65.44,2.12
2024-12-28 02:00:00,0.0,0.0,17.33,69.94,2.14
2024-12-28 03:00:00,0.0,0.0,16.54,74.55,2.14
2024-12-28 04:00:00,0.0,0.0,15.79,79.28,2.2
2024-12-28 05:00:00,0.0,0.0,15.04,84.35,2.24
2024-12-28 06:00:00,19.15,19.15,14.75,86.29,2.62
2024-12-28 07:00:00,184.38,184.5,16.62,75.61,3.01
2024-12-28 08:00:00,393.23,393.5,20.62,56.41,2.69
2024-12-28 09:00:00,598.12,598.5,25.67,32.48,4.07
2024-12-28 10:00:00,752.35,752.7,30.0,19.42,4.67
2024-12-28 11:00:00,836.7,836.9,32.78,14.88,4.26
2024-12-28 12:00:00,862.92,863.15,34.25,13.72,3.84
2024-12-28 13:00:00,788.88,789.67,34.99,13.41,3.6
2024-12-28 14:00:00,642.7,643.72,35.1,13.51,3.49
2024-12-28 15:00:00,440.35,441.25,34.61,14.16,3.37
2024-12-28 16:00:00,216.5,217.05,32.91,18.26,2.57
2024-12-28 17:00:00,30.12,30.2,27.65,35.15,1.59
2024-12-28 18:00:00,0.0,0.0,24.9,40.78,2.01
2024-12-28 19:00:00,0.0,0.0,23.66,45.26,2.21
2024-12-28 20:00:00,0.0,0.0,22.58,49.51,2.09
2024-12-28 21:00:00,0.0,0.0,21.69,52.65,1.87
2024-12-28 22:00:00,0.0,0.0,20.91,55.1,1.72
2024-12-28 23:00:00,0.0,0.0,20.2,56.88,1.74
2024-12-29 00:00:00,0.0,0.0,19.47,58.73,1.93
2024-12-29 01:00:00,0.0,0.0,18.73,61.03,2.18
2024-12-29 02:00:00,0.0,0.0,17.96,63.87,2.33
2024-12-29 03:00:00,0.0,0.0,17.23,67.03,2.41
2024-12-29 04:00:00,0.0,0.0,16.59,70.07,2.44
2024-12-29 05:00:00,0.0,0.0,16.1,72.4,2.43
2024-12-29 06:00:00,17.83,17.85,16.07,72.57,2.77
2024-12-29 07:00:00,177.55,178.0,17.99,64.53,3.22
2024-12-29 08:00:00,382.0,382.58,21.77,52.1,2.64
2024-12-29 09:00:00,580.55,580.72,27.43,31.29,3.8
2024-12-29 10:00:00,733.58,733.75,32.07,23.14,4.19
2024-12-29 11:00:00,814.35,814.55,34.42,21.4,3.39
2024-12-29 12:00:00,843.67,843.88,35.77,20.41,2.75
2024-12-29 13:00:00,769.0,769.12,36.45,19.75,2.39
2024-12-29 14:00:00,622.65,622.67,36.5,19.58,2.22
2024-12-29 15:00:00,422.83,423.08,35.95,20.07,2.24
2024-12-29 16:00:00,207.0,207.3,34.41,23.86,2.02
2024-12-29 17:00:00,28.9,28.98,29.59,39.82,1.45
2024-12-29 18:00:00,0.0,0.0,26.99,43.41,1.99
2024-12-29 19:00:00,0.0,0.0,25.9,45.3,2.49
2024-12-29 20:00:00,0.0,0.0,24.72,48.54,2.42
2024-12-29 21:00:00,0.0,0.0,23.71,50.88,2.1
2024-12-29 22:00:00,0.0,0.0,22.99,51.84,1.96
2024-12-29 23:00:00,0.0,0.0,22.38,52.61,1.95
2024-12-30 00:00:00,0.0,0.0,21.79,54.09,2.14
2024-12-30 01:00:00,0.0,0.0,21.18,56.55,2.53
2024-12-30 02:00:00,0.0,0.0,20.46,60.27,2.84
2024-12-30 03:00:00,0.0,0.0,19.65,64.88,2.72
2024-12-30 04:00:00,0.0,0.0,18.97,68.93,2.52
2024-12-30 05:00:00,0.0,0.0,18.42,72.19,2.34
2024-12-30 06:00:00,15.38,15.38,18.22,73.82,2.54
2024-12-30 07:00:00,161.23,161.32,19.74,67.95,2.81
2024-12-30 08:00:00,338.27,338.38,23.27,53.94,2.55
2024-12-30 09:00:00,530.83,530.95,28.0,35.05,3.44
2024-12-30 10:00:00,678.72,678.83,32.32,24.89,3.69
2024-12-30 11:00:00,761.0,761.08,34.83,21.56,3.27
2024-12-30 12:00:00,773.42,773.45,36.17,20.02,2.85
2024-12-30 13:00:00,700.67,700.67,36.83,19.17,2.68
2024-12-30 14:00:00,557.95,558.45,36.89,18.99,2.63
2024-12-30 15:00:00,367.83,368.52,36.4,19.68,2.57
2024-12-30 16:00:00,188.6,189.2,34.88,24.42,1.91
2024-12-30 17:00:00,25.58,25.67,30.45,41.69,1.13
2024-12-30 18:00:00,0.0,0.0,27.92,45.36,1.33
2024-12-30 19:00:00,0.0,0.0,26.7,47.96,1.45
2024-12-30 20:00:00,0.0,0.0,25.7,51.02,1.5
2024-12-30 21:00:00,0.0,0.0,24.8,54.2,1.45
2024-12-30 22:00:00,0.0,0.0,24.01,56.92,1.41
2024-12-30 23:00:00,0.0,0.0,23.27,59.16,1.4
2024-12-31 00:00:00,0.0,0.0,22.56,61.44,1.4
2024-12-31 01:00:00,0.0,0.0,21.91,63.7,1.45
2024-12-31 02:00:00,0.0,0.0,21.29,66.2,1.58
2024-12-31 03:00:00,0.0,0.0,20.72,69.0,1.81
2024-12-31 04:00:00,0.0,0.0,20.12,72.3,1.98
2024-12-31 05:00:00,0.0,0.0,19.52,75.84,2.1
2024-12-31 06:00:00,14.98,14.98,19.27,77.87,2.59
2024-12-31 07:00:00,159.75,159.98,20.71,71.93,3.06
2024-12-31 08:00:00,341.45,341.83,24.15,57.98,2.85
2024-12-31 09:00:00,537.85,538.25,28.32,42.98,3.23
2024-12-31 10:00:00,690.75,691.08,32.13,31.3,3.22
2024-12-31 11:00:00,776.67,776.9,34.3,26.09,3.05
2024-12-31 12:00:00,785.75,785.85,35.63,23.23,2.91
2024-12-31 13:00:00,715.4,715.4,36.36,21.64,2.81
2024-12-31 14:00:00,575.38,575.42,36.48,21.02,2.75
2024-12-31 15:00:00,385.27,385.35,35.89,21.57,2.67
2024-12-31 16:00:00,179.9,179.98,34.33,25.66,2.13
2024-12-31 17:00:00,27.98,27.98,30.04,40.4,1.43
2024-12-31 18:00:00,0.0,0.0,27.84,43.28,1.94
2024-12-31 19:00:00,0.0,0.0,26.78,45.43,2.29
2024-12-31 20:00:00,0.0,0.0,25.67,48.98,2.18
2024-12-31 21:00:00,0.0,0.0,24.77,52.09,1.87
2024-12-31 22:00:00,0.0,0.0,24.03,54.64,1.59
2024-12-31 23:00:00,0.0,0.0,23.4,56.78,1.44
