,ghi_w_m2,ghi_clear_w_m2,temp_c,humidity_pct,wind_speed_ms
2025-01-01 00:00:00,0.0,0.0,22.81,58.69,1.44
2025-01-01 01:00:00,0.0,0.0,22.21,60.89,1.56
2025-01-01 02:00:00,0.0,0.0,21.64,63.26,1.75
2025-01-01 03:00:00,0.0,0.0,21.04,66.26,1.84
2025-01-01 04:00:00,0.0,0.0,20.42,69.72,1.76
2025-01-01 05:00:00,0.0,0.0,19.85,73.21,1.62
2025-01-01 06:00:00,15.05,15.07,19.73,74.96,1.94
2025-01-01 07:00:00,159.45,160.7,21.27,69.53,2.53
2025-01-01 08:00:00,337.9,340.75,24.58,56.94,2.26
2025-01-01 09:00:00,532.78,537.33,28.96,40.22,3.2
2025-01-01 10:00:00,682.55,688.15,32.85,27.75,3.85
2025-01-01 11:00:00,768.05,773.88,34.82,23.67,3.84
2025-01-01 12:00:00,789.83,795.03,35.95,21.9,3.76
2025-01-01 13:00:00,724.95,725.85,36.47,21.21,3.62
2025-01-01 14:00:00,584.92,585.78,36.4,21.28,3.47
2025-01-01 15:00:00,386.45,386.6,35.83,22.03,3.32
2025-01-01 16:00:00,179.25,179.68,34.4,24.54,3.04
2025-01-01 17:00:00,29.42,29.48,30.25,37.86,1.72
2025-01-01 18:00:00,0.0,0.0,27.69,43.86,1.91
2025-01-01 19:00:00,0.0,0.0,26.61,46.18,2.02
2025-01-01 20:00:00,0.0,0.0,25.66,48.73,1.86
2025-01-01 21:00:00,0.0,0.0,24.87,51.04,1.64
2025-01-01 22:00:00,0.0,0.0,24.27,52.69,1.48
2025-01-01 23:00:00,0.0,0.0,23.69,54.01,1.42
2025-01-02 00:00:00,0.0,0.0,23.07,55.32,1.51
2025-01-02 01:00:00,0.0,0.0,22.44,56.81,1.78
2025-01-02 02:00:00,0.0,0.0,21.78,59.11,2.15
2025-01-02 03:00:00,0.0,0.0,21.03,62.71,2.37
2025-01-02 04:00:00,0.0,0.0,20.26,66.97,2.4
2025-01-02 05:00:00,0.0,0.0,19.6,70.83,2.48
2025-01-02 06:00:00,14.77,14.8,19.3,73.19,2.85
2025-01-02 07:00:00,155.68,156.35,20.71,68.02,3.17
2025-01-02 08:00:00,335.62,336.8,24.18,54.7,3.25
2025-01-02 09:00:00,532.92,533.95,28.17,41.02,4.1
2025-01-02 10:00:00,689.62,690.7,32.13,28.48,4.89
2025-01-02 11:00:00,774.38,782.92,34.62,23.04,4.94
2025-01-02 12:00:00,724.12,774.3,35.98,21.03,4.57
2025-01-02 13:00:00,691.05,693.15,36.67,20.43,4.11
2025-01-02 14:00:00,516.55,559.7,36.75,20.81,3.67
2025-01-02 15:00:00,334.4,369.83,36.17,21.87,3.3
2025-01-02 16:00:00,154.82,167.8,34.64,25.91,2.48
2025-01-02 17:00:00,27.62,26.73,30.4,40.42,1.52
2025-01-02 18:00:00,0.0,0.0,28.18,44.71,1.88
2025-01-02 19:00:00,0.0,0.0,27.16,47.25,2.14
2025-01-02 20:00:00,0.0,0.0,26.18,50.61,2.1
2025-01-02 21:00:00,0.0,0.0,25.3,53.68,1.9
2025-01-02 22:00:00,0.0,0.0,24.53,55.95,1.7
2025-01-02 23:00:00,0.0,0.0,23.82,57.99,1.59
2025-01-03 00:00:00,0.0,0.0,23.1,60.44,1.54
2025-01-03 01:00:00,0.0,0.0,22.38,63.17,1.57
2025-01-03 02:00:00,0.0,0.0,21.75,65.74,1.77
2025-01-03 03:00:00,0.0,0.0,21.22,67.98,2.17
2025-01-03 04:00:00,0.0,0.0,20.7,70.33,2.59
2025-01-03 05:00:00,0.0,0.0,20.18,72.6,2.87
2025-01-03 06:00:00,13.35,13.32,19.89,73.5,3.27
2025-01-03 07:00:00,130.43,130.93,21.01,67.51,3.84
2025-01-03 08:00:00,316.12,318.35,24.03,52.22,4.08
2025-01-03 09:00:00,509.52,512.7,27.68,36.87,4.56
2025-01-03 10:00:00,661.83,665.35,31.17,26.37,5.13
2025-01-03 11:00:00,742.05,745.12,33.58,22.02,5.15
2025-01-03 12:00:00,763.4,765.97,34.94,20.17,4.96
2025-01-03 13:00:00,688.5,690.25,35.55,19.48,4.78
2025-01-03 14:00:00,546.5,547.33,35.48,19.57,4.59
2025-01-03 15:00:00,357.67,359.48,34.53,20.79,4.31
2025-01-03 16:00:00,180.77,182.0,32.89,24.34,3.52
2025-01-03 17:00:00,28.45,28.62,28.82,37.6,1.8
2025-01-03 18:00:00,0.0,0.0,26.4,44.54,1.64
2025-01-03 19:00:00,0.0,0.0,25.36,47.7,1.51
2025-01-03 20:00:00,0.0,0.0,24.53,50.26,1.38
2025-01-03 21:00:00,0.0,0.0,23.83,52.26,1.31
2025-01-03 22:00:00,0.0,0.0,23.12,54.25,1.28
2025-01-03 23:00:00,0.0,0.0,22.34,56.8,1.33
2025-01-04 00:00:00,0.0,0.0,21.6,59.46,1.53
2025-01-04 01:00:00,0.0,0.0,20.93,61.99,1.85
2025-01-04 02:00:00,0.0,0.0,20.23,64.76,2.11
2025-01-04 03:00:00,0.0,0.0,19.5,67.68,2.16
2025-01-04 04:00:00,0.0,0.0,18.81,70.54,2.15
2025-01-04 05:00:00,0.0,0.0,18.15,73.56,2.26
2025-01-04 06:00:00,13.32,13.35,17.86,74.89,2.78
2025-01-04 07:00:00,147.32,147.48,19.36,68.11,3.18
2025-01-04 08:00:00,312.58,312.85,23.01,52.24,3.17
2025-01-04 09:00:00,506.4,506.75,27.09,35.53,4.0
2025-01-04 10:00:00,662.25,662.58,30.74,24.99,4.53
2025-01-04 11:00:00,751.38,751.62,33.44,20.17,4.53
2025-01-04 12:00:00,799.95,800.15,34.75,18.74,4.34
2025-01-04 13:00:00,729.5,729.6,35.24,18.41,4.13
2025-01-04 14:00:00,585.45,585.58,35.07,18.8,3.95
2025-01-04 15:00:00,391.23,391.35,34.29,19.82,3.85
2025-01-04 16:00:00,185.65,185.73,32.62,23.18,3.23
2025-01-04 17:00:00,31.73,31.75,28.32,36.38,1.8
2025-01-04 18:00:00,0.0,0.0,25.92,41.95,1.8
2025-01-04 19:00:00,0.0,0.0,24.92,44.21,1.74
2025-01-04 20:00:00,0.0,0.0,24.08,46.42,1.61
2025-01-04 21:00:00,0.0,0.0,23.36,48.32,1.47
2025-01-04 22:00:00,0.0,0.0,22.73,49.73,1.44
2025-01-04 23:00:00,0.0,0.0,22.08,51.01,1.53
2025-01-05 00:00:00,0.0,0.0,21.47,52.24,1.78
2025-01-05 01:00:00,0.0,0.0,20.84,53.94,2.11
2025-01-05 02:00:00,0.0,0.0,20.09,56.46,2.29
2025-01-05 03:00:00,0.0,0.0,19.33,59.46,2.26
2025-01-05 04:00:00,0.0,0.0,18.59,62.88,2.06
2025-01-05 05:00:00,0.0,0.0,17.91,66.11,1.9
2025-01-05 06:00:00,14.18,14.18,17.74,67.27,2.21
2025-01-05 07:00:00,159.65,159.68,19.29,61.53,2.89
2025-01-05 08:00:00,350.48,350.5,22.37,52.06,2.27
2025-01-05 09:00:00,554.05,554.1,27.24,34.33,3.07
2025-01-05 10:00:00,712.5,712.55,31.81,21.45,4.28
2025-01-05 11:00:00,803.75,803.78,34.75,16.46,4.52
2025-01-05 12:00:00,829.1,829.1,35.95,15.33,4.32
2025-01-05 13:00:00,763.5,763.5,36.43,14.94,4.2
2025-01-05 14:00:00,623.5,623.62,36.32,15.12,4.14
2025-01-05 15:00:00,428.2,428.42,35.46,16.2,4.05
2025-01-05 16:00:00,208.73,208.93,33.62,20.1,3.31
2025-01-05 17:00:00,35.15,35.2,29.18,32.86,2.05
2025-01-05 18:00:00,0.0,0.0,26.85,38.96,2.19
2025-01-05 19:00:00,0.0,0.0,25.8,42.3,2.15
2025-01-05 20:00:00,0.0,0.0,24.72,45.44,1.93
2025-01-05 21:00:00,0.0,0.0,23.91,47.72,1.77
2025-01-05 22:00:00,0.0,0.0,23.11,50.3,1.65
2025-01-05 23:00:00,0.0,0.0,22.29,53.26,1.6
2025-01-06 00:00:00,0.0,0.0,21.45,56.73,1.61
2025-01-06 01:00:00,0.0,0.0,20.61,60.67,1.6
2025-01-06 02:00:00,0.0,0.0,19.81,64.82,1.58
2025-01-06 03:00:00,0.0,0.0,19.09,68.79,1.52
2025-01-06 04:00:00,0.0,0.0,18.4,72.82,1.47
2025-01-06 05:00:00,0.0,0.0,17.79,76.63,1.51
2025-01-06 06:00:00,14.48,14.5,17.79,77.37,1.99
2025-01-06 07:00:00,165.6,165.77,19.75,68.55,2.97
2025-01-06 08:00:00,366.02,366.33,23.15,54.42,2.58
2025-01-06 09:00:00,573.38,573.72,28.12,33.58,3.93
2025-01-06 10:00:00,730.72,731.05,32.61,20.65,4.97
2025-01-06 11:00:00,818.95,819.2,35.18,16.59,4.81
2025-01-06 12:00:00,804.5,804.62,36.09,15.89,4.49
2025-01-06 13:00:00,738.2,738.2,35.79,16.44,4.22
2025-01-06 14:00:00,599.8,599.8,35.05,17.61,3.98
2025-01-06 15:00:00,407.7,407.7,34.08,20.09,3.3
2025-01-06 16:00:00,196.65,196.68,31.65,29.48,1.92
2025-01-06 17:00:00,34.3,34.3,28.49,38.2,1.69
2025-01-06 18:00:00,0.0,0.0,26.67,43.34,1.72
2025-01-06 19:00:00,0.0,0.0,25.69,46.97,1.77
2025-01-06 20:00:00,0.0,0.0,24.95,49.82,1.84
2025-01-06 21:00:00,0.0,0.0,24.32,52.31,1.9
2025-01-06 22:00:00,0.0,0.0,23.69,55.2,1.9
2025-01-06 23:00:00,0.0,0.0,22.89,59.0,1.74
2025-01-07 00:00:00,0.0,0.0,22.11,62.86,1.49
2025-01-07 01:00:00,0.0,0.0,21.49,65.76,1.31
2025-01-07 02:00:00,0.0,0.0,21.03,67.88,1.26
2025-01-07 03:00:00,0.0,0.0,20.66,69.51,1.4
2025-01-07 04:00:00,0.0,0.0,20.3,70.95,1.75
2025-01-07 05:00:00,0.0,0.0,19.96,72.01,2.22
2025-01-07 06:00:00,14.18,14.2,19.85,71.66,2.81
2025-01-07 07:00:00,167.1,167.48,20.88,66.21,3.42
2025-01-07 08:00:00,359.98,360.52,22.72,58.48,2.98
2025-01-07 09:00:00,562.85,563.35,26.09,42.79,3.48
2025-01-07 10:00:00,719.65,720.0,30.6,26.45,4.39
2025-01-07 11:00:00,811.85,812.03,33.99,18.7,4.7
2025-01-07 12:00:00,830.78,830.78,35.57,16.51,4.62
2025-01-07 13:00:00,764.75,765.42,36.32,15.48,4.58
2025-01-07 14:00:00,624.08,625.25,36.31,15.32,4.59
2025-01-07 15:00:00,428.17,429.5,35.51,16.06,4.55
2025-01-07 16:00:00,209.6,210.52,33.34,20.09,3.71
2025-01-07 17:00:00,37.42,37.62,29.49,30.16,2.74
2025-01-07 18:00:00,0.0,0.0,27.57,36.44,3.4
2025-01-07 19:00:00,0.0,0.0,26.42,42.83,3.55
2025-01-07 20:00:00,0.0,0.0,25.52,48.39,3.2
2025-01-07 21:00:00,0.0,0.0,24.78,52.25,2.91
2025-01-07 22:00:00,0.0,0.0,24.09,55.4,2.86
2025-01-07 23:00:00,0.0,0.0,23.37,58.61,2.99
2025-01-08 00:00:00,0.0,0.0,22.62,62.12,2.96
2025-01-08 01:00:00,0.0,0.0,21.9,65.41,2.83
2025-01-08 02:00:00,0.0,0.0,21.24,68.46,2.73
2025-01-08 03:00:00,0.0,0.0,20.44,72.44,2.52
2025-01-08 04:00:00,0.0,0.0,19.53,77.22,2.29
2025-01-08 05:00:00,0.0,0.0,18.87,80.72,2.3
2025-01-08 06:00:00,13.05,13.05,18.6,81.85,2.62
2025-01-08 07:00:00,148.35,148.8,19.91,74.81,3.02
2025-01-08 08:00:00,326.55,327.88,23.06,59.54,2.8
2025-01-08 09:00:00,526.35,528.88,28.05,35.17,4.39
2025-01-08 10:00:00,684.4,688.08,32.3,22.31,5.52
2025-01-08 11:00:00,777.88,782.58,34.83,18.16,5.23
2025-01-08 12:00:00,794.12,799.78,36.23,16.5,4.74
2025-01-08 13:00:00,727.35,734.75,36.8,15.85,4.38
2025-01-08 14:00:00,588.45,594.62,36.69,15.96,4.23
2025-01-08 15:00:00,397.42,401.1,35.87,16.9,4.17
2025-01-08 16:00:00,206.75,208.1,34.12,20.07,3.77
2025-01-08 17:00:00,35.42,35.55,29.89,31.35,2.49
2025-01-08 18:00:00,0.0,0.0,27.31,38.79,2.9
2025-01-08 19:00:00,0.0,0.0,26.22,43.57,3.12
2025-01-08 20:00:00,0.0,0.0,25.14,48.32,2.81
2025-01-08 21:00:00,0.0,0.0,24.23,51.96,2.74
2025-01-08 22:00:00,0.0,0.0,23.4,55.32,2.99
2025-01-08 23:00:00,0.0,0.0,22.64,58.98,3.25
2025-01-09 00:00:00,0.0,0.0,21.8,63.45,3.13
2025-01-09 01:00:00,0.0,0.0,20.9,67.73,2.82
2025-01-09 02:00:00,0.0,0.0,20.13,71.01,2.66
2025-01-09 03:00:00,0.0,0.0,19.5,73.36,2.46
2025-01-09 04:00:00,0.0,0.0,18.66,76.17,1.96
2025-01-09 05:00:00,0.0,0.0,17.94,77.42,2.04
2025-01-09 06:00:00,12.75,12.75,17.96,74.27,3.13
2025-01-09 07:00:00,136.55,137.35,19.24,66.32,3.42
2025-01-09 08:00:00,332.7,336.02,22.33,51.7,3.51
2025-01-09 09:00:00,539.42,543.28,26.0,35.32,4.65
2025-01-09 10:00:00,702.35,705.75,29.41,23.64,5.12
2025-01-09 11:00:00,800.28,802.65,32.51,17.53,4.8
2025-01-09 12:00:00,850.88,852.08,34.4,15.28,4.17
2025-01-09 13:00:00,784.75,784.75,35.27,14.35,3.67
2025-01-09 14:00:00,640.22,640.4,35.38,14.09,3.49
2025-01-09 15:00:00,440.23,440.52,34.84,14.48,3.5
2025-01-09 16:00:00,217.57,217.9,33.27,16.93,3.38
2025-01-09 17:00:00,40.28,40.35,28.78,28.59,2.42
2025-01-09 18:00:00,0.0,0.0,26.55,34.78,3.57
2025-01-09 19:00:00,0.0,0.0,25.53,39.1,3.99
2025-01-09 20:00:00,0.0,0.0,24.57,42.87,3.56
2025-01-09 21:00:00,0.0,0.0,23.72,44.87,3.21
2025-01-09 22:00:00,0.0,0.0,22.82,46.18,3.09
2025-01-09 23:00:00,0.0,0.0,21.87,46.99,3.13
2025-01-10 00:00:00,0.0,0.0,20.78,48.48,3.15
2025-01-10 01:00:00,0.0,0.0,19.75,50.13,3.1
2025-01-10 02:00:00,0.0,0.0,18.92,51.91,3.13
2025-01-10 03:00:00,0.0,0.0,18.23,54.2,3.17
2025-01-10 04:00:00,0.0,0.0,17.65,56.46,3.18
2025-01-10 05:00:00,0.0,0.0,17.23,58.33,3.31
2025-01-10 06:00:00,13.73,13.82,16.94,59.52,3.45
2025-01-10 07:00:00,153.4,155.82,18.06,55.49,3.63
2025-01-10 08:00:00,360.02,375.85,21.12,44.52,3.76
2025-01-10 09:00:00,568.17,591.92,25.26,30.02,5.4
2025-01-10 10:00:00,737.78,758.08,28.63,21.75,6.01
2025-01-10 11:00:00,834.65,853.75,30.47,17.69,5.93
2025-01-10 12:00:00,864.38,864.62,30.87,17.24,5.45
2025-01-10 13:00:00,798.4,798.42,30.92,17.53,5.15
2025-01-10 14:00:00,656.08,656.15,30.78,18.19,5.0
2025-01-10 15:00:00,455.7,455.77,30.49,19.36,4.9
2025-01-10 16:00:00,228.0,228.05,29.37,22.24,4.45
2025-01-10 17:00:00,42.65,42.67,25.95,33.13,2.51
2025-01-10 18:00:00,0.0,0.0,23.43,42.32,2.26
2025-01-10 19:00:00,0.0,0.0,22.54,46.15,2.26
2025-01-10 20:00:00,0.0,0.0,21.78,49.34,2.1
2025-01-10 21:00:00,0.0,0.0,21.05,52.12,2.03
2025-01-10 22:00:00,0.0,0.0,20.34,54.84,2.06
2025-01-10 23:00:00,0.0,0.0,19.75,56.93,2.31
2025-01-11 00:00:00,0.0,0.0,19.16,58.73,2.75
2025-01-11 01:00:00,0.0,0.0,18.39,61.36,3.05
2025-01-11 02:00:00,0.0,0.0,17.54,64.54,3.17
2025-01-11 03:00:00,0.0,0.0,16.66,67.57,3.07
2025-01-11 04:00:00,0.0,0.0,15.83,69.78,2.87
2025-01-11 05:00:00,0.0,0.0,15.32,70.05,2.96
2025-01-11 06:00:00,14.05,14.05,15.19,68.85,3.29
2025-01-11 07:00:00,173.48,173.7,16.52,62.18,3.44
2025-01-11 08:00:00,386.55,387.0,19.87,47.47,3.65
2025-01-11 09:00:00,600.65,601.17,24.63,29.58,5.59
2025-01-11 10:00:00,763.6,764.1,28.46,21.91,6.24
2025-01-11 11:00:00,856.58,856.95,31.38,17.4,6.18
2025-01-11 12:00:00,867.83,868.03,32.74,15.74,5.22
2025-01-11 13:00:00,799.5,799.5,33.14,15.45,4.14
2025-01-11 14:00:00,655.0,656.35,33.35,15.44,3.4
2025-01-11 15:00:00,452.9,455.02,33.08,16.02,3.14
2025-01-11 16:00:00,225.3,227.05,31.07,22.65,2.25
2025-01-11 17:00:00,41.03,41.22,27.08,34.42,1.75
2025-01-11 18:00:00,0.0,0.0,25.38,38.63,2.28
2025-01-11 19:00:00,0.0,0.0,24.62,41.9,2.67
2025-01-11 20:00:00,0.0,0.0,23.86,45.02,2.73
2025-01-11 21:00:00,0.0,0.0,23.02,47.94,2.32
2025-01-11 22:00:00,0.0,0.0,22.35,50.28,1.93
2025-01-11 23:00:00,0.0,0.0,21.7,52.3,1.85
2025-01-12 00:00:00,0.0,0.0,21.16,53.9,2.13
2025-01-12 01:00:00,0.0,0.0,20.64,55.81,2.81
2025-01-12 02:00:00,0.0,0.0,19.86,59.55,3.15
2025-01-12 03:00:00,0.0,0.0,19.0,63.82,3.15
2025-01-12 04:00:00,0.0,0.0,18.13,67.62,3.04
2025-01-12 05:00:00,0.0,0.0,17.09,71.58,2.54
2025-01-12 06:00:00,12.07,12.12,16.51,72.73,2.47
2025-01-12 07:00:00,147.4,148.2,18.14,63.99,3.08
2025-01-12 08:00:00,317.27,318.5,21.84,47.83,3.22
2025-01-12 09:00:00,513.83,514.97,26.7,28.08,5.0
2025-01-12 10:00:00,678.62,678.85,30.68,18.07,5.16
2025-01-12 11:00:00,776.12,776.38,32.83,15.44,4.43
2025-01-12 12:00:00,792.97,793.0,34.08,14.35,4.05
2025-01-12 13:00:00,724.4,725.12,34.65,14.0,3.89
2025-01-12 14:00:00,582.75,583.95,34.58,14.13,3.75
2025-01-12 15:00:00,386.7,388.2,33.94,14.81,3.76
2025-01-12 16:00:00,195.02,197.18,32.15,17.8,3.31
2025-01-12 17:00:00,36.38,36.2,28.13,29.16,2.06
2025-01-12 18:00:00,0.0,0.0,25.94,34.52,2.32
2025-01-12 19:00:00,0.0,0.0,25.09,36.69,2.66
2025-01-12 20:00:00,0.0,0.0,24.37,38.74,2.59
2025-01-12 21:00:00,0.0,0.0,23.53,41.02,2.33
2025-01-12 22:00:00,0.0,0.0,22.63,43.7,2.13
2025-01-12 23:00:00,0.0,0.0,21.75,46.99,2.1
2025-01-13 00:00:00,0.0,0.0,21.11,49.79,2.47
2025-01-13 01:00:00,0.0,0.0,20.45,52.74,3.05
2025-01-13 02:00:00,0.0,0.0,19.46,56.96,3.14
2025-01-13 03:00:00,0.0,0.0,18.53,61.01,2.94
2025-01-13 04:00:00,0.0,0.0,17.77,64.8,2.61
2025-01-13 05:00:00,0.0,0.0,17.1,68.05,2.45
2025-01-13 06:00:00,11.8,11.82,16.77,69.22,2.69
2025-01-13 07:00:00,150.18,150.38,17.82,64.21,2.86
2025-01-13 08:00:00,330.6,330.88,21.11,48.5,3.18
2025-01-13 09:00:00,533.65,533.83,25.37,32.06,4.36
2025-01-13 10:00:00,701.15,701.92,29.38,20.88,4.78
2025-01-13 11:00:00,799.15,800.25,32.11,16.42,3.91
2025-01-13 12:00:00,833.95,835.12,33.73,14.76,3.02
2025-01-13 13:00:00,760.28,770.47,34.53,14.02,2.49
2025-01-13 14:00:00,623.62,631.75,34.66,13.88,2.39
2025-01-13 15:00:00,431.83,436.62,34.17,14.34,2.5
2025-01-13 16:00:00,216.48,218.27,32.79,16.7,2.38
2025-01-13 17:00:00,42.0,42.2,28.12,31.87,1.44
2025-01-13 18:00:00,0.0,0.0,25.41,36.54,1.79
2025-01-13 19:00:00,0.0,0.0,24.28,39.17,2.04
2025-01-13 20:00:00,0.0,0.0,23.33,41.83,2.06
2025-01-13 21:00:00,0.0,0.0,22.53,44.21,1.9
2025-01-13 22:00:00,0.0,0.0,21.88,45.79,1.72
2025-01-13 23:00:00,0.0,0.0,21.4,46.64,1.61
2025-01-14 00:00:00,0.0,0.0,20.89,47.14,1.59
2025-01-14 01:00:00,0.0,0.0,20.31,47.51,1.74
2025-01-14 02:00:00,0.0,0.0,19.65,48.37,2.08
2025-01-14 03:00:00,0.0,0.0,18.85,50.47,2.57
2025-01-14 04:00:00,0.0,0.0,17.97,53.64,2.8
2025-01-14 05:00:00,0.0,0.0,17.16,57.21,2.64
2025-01-14 06:00:00,12.12,12.2,16.88,58.69,2.85
2025-01-14 07:00:00,158.7,159.73,18.42,53.74,3.13
2025-01-14 08:00:00,346.92,348.9,22.01,43.96,2.73
2025-01-14 09:00:00,553.7,556.42,27.54,25.52,4.19
2025-01-14 10:00:00,716.0,718.85,31.89,16.78,4.19
2025-01-14 11:00:00,810.78,813.28,34.1,14.84,3.23
2025-01-14 12:00:00,830.12,831.92,35.27,14.17,2.73
2025-01-14 13:00:00,763.88,764.83,35.74,14.06,2.7
2025-01-14 14:00:00,622.75,622.92,35.63,14.3,2.71
2025-01-14 15:00:00,427.3,427.45,34.97,14.97,2.67
2025-01-14 16:00:00,210.52,210.62,33.57,17.16,2.39
2025-01-14 17:00:00,42.62,42.62,29.04,31.75,1.33
2025-01-14 18:00:00,0.0,0.0,26.36,35.05,1.57
2025-01-14 19:00:00,0.0,0.0,25.26,36.17,1.73
2025-01-14 20:00:00,0.0,0.0,24.49,37.28,1.8
2025-01-14 21:00:00,0.0,0.0,23.71,38.92,1.71
2025-01-14 22:00:00,0.0,0.0,22.93,40.79,1.56
2025-01-14 23:00:00,0.0,0.0,22.14,42.43,1.52
2025-01-15 00:00:00,0.0,0.0,21.3,43.76,1.58
2025-01-15 01:00:00,0.0,0.0,20.49,44.79,1.74
2025-01-15 02:00:00,0.0,0.0,19.64,45.88,1.97
2025-01-15 03:00:00,0.0,0.0,18.8,47.55,2.18
2025-01-15 04:00:00,0.0,0.0,17.98,49.7,2.26
2025-01-15 05:00:00,0.0,0.0,17.16,52.28,2.24
2025-01-15 06:00:00,11.7,11.6,16.85,53.44,2.71
2025-01-15 07:00:00,136.23,137.95,18.42,48.67,3.24
2025-01-15 08:00:00,331.8,343.3,22.01,40.09,2.73
2025-01-15 09:00:00,540.58,541.88,27.49,24.53,4.05
2025-01-15 10:00:00,705.97,708.38,32.24,14.78,4.73
2025-01-15 11:00:00,806.28,806.47,34.79,12.11,3.86
2025-01-15 12:00:00,834.97,835.72,36.01,11.77,3.06
2025-01-15 13:00:00,771.83,771.95,36.58,11.83,2.55
2025-01-15 14:00:00,632.03,632.88,36.58,12.02,2.28
2025-01-15 15:00:00,435.95,437.23,35.97,12.51,2.41
2025-01-15 16:00:00,217.73,218.77,34.4,15.15,2.34
2025-01-15 17:00:00,44.22,44.47,29.54,27.43,1.68
2025-01-15 18:00:00,0.0,0.0,26.94,30.34,2.15
2025-01-15 19:00:00,0.0,0.0,25.78,32.24,2.38
2025-01-15 20:00:00,0.0,0.0,24.88,33.99,2.38
2025-01-15 21:00:00,0.0,0.0,23.93,36.26,2.13
2025-01-15 22:00:00,0.0,0.0,23.06,38.77,1.91
2025-01-15 23:00:00,0.0,0.0,22.32,41.82,1.74
2025-01-16 00:00:00,0.0,0.0,21.52,45.63,1.61
2025-01-16 01:00:00,0.0,0.0,21.01,48.84,1.54
2025-01-16 02:00:00,0.0,0.0,20.9,50.89,1.56
2025-01-16 03:00:00,0.0,0.0,20.67,52.99,1.64
2025-01-16 04:00:00,0.0,0.0,20.08,56.05,1.61
2025-01-16 05:00:00,0.0,0.0,19.57,58.71,1.55
2025-01-16 06:00:00,11.27,11.25,19.54,59.34,1.85
2025-01-16 07:00:00,143.65,144.55,21.4,53.32,2.81
2025-01-16 08:00:00,318.02,319.33,24.87,42.76,2.33
2025-01-16 09:00:00,517.67,518.22,29.47,29.42,2.77
2025-01-16 10:00:00,678.78,680.33,33.72,19.48,3.32
2025-01-16 11:00:00,777.22,777.42,35.71,16.35,3.56
2025-01-16 12:00:00,835.55,838.45,36.71,14.97,3.78
2025-01-16 13:00:00,772.15,772.88,36.97,14.6,3.9
2025-01-16 14:00:00,632.7,635.88,36.63,14.86,4.02
2025-01-16 15:00:00,437.38,441.83,35.88,15.64,4.16
2025-01-16 16:00:00,219.07,222.27,34.47,17.69,4.01
2025-01-16 17:00:00,43.45,43.33,30.92,26.32,2.44
2025-01-16 18:00:00,0.0,0.0,28.4,32.45,2.39
2025-01-16 19:00:00,0.0,0.0,27.43,34.67,2.46
2025-01-16 20:00:00,0.0,0.0,26.56,36.97,2.23
2025-01-16 21:00:00,0.0,0.0,25.89,38.52,2.16
2025-01-16 22:00:00,0.0,0.0,25.16,40.17,2.46
2025-01-16 23:00:00,0.0,0.0,24.33,42.37,3.35
2025-01-17 00:00:00,0.0,0.0,23.07,46.22,4.03
2025-01-17 01:00:00,0.0,0.0,21.91,48.91,4.09
2025-01-17 02:00:00,0.0,0.0,21.0,50.05,3.81
2025-01-17 03:00:00,0.0,0.0,20.21,50.81,3.44
2025-01-17 04:00:00,0.0,0.0,19.52,51.65,3.25
2025-01-17 05:00:00,0.0,0.0,18.88,52.46,3.2
2025-01-17 06:00:00,11.6,11.23,18.69,51.65,3.51
2025-01-17 07:00:00,126.72,137.12,20.4,44.95,4.05
2025-01-17 08:00:00,292.27,343.23,24.34,30.44,5.41
2025-01-17 09:00:00,468.6,551.47,28.3,21.49,6.57
2025-01-17 10:00:00,625.78,714.42,31.29,17.8,6.64
2025-01-17 11:00:00,699.5,811.6,33.7,15.31,6.45
2025-01-17 12:00:00,766.08,853.97,35.13,14.66,6.0
2025-01-17 13:00:00,709.47,790.3,35.54,15.03,5.47
2025-01-17 14:00:00,585.95,653.25,35.39,15.75,4.92
2025-01-17 15:00:00,418.15,458.08,34.87,16.64,4.42
2025-01-17 16:00:00,210.6,234.18,33.64,18.56,3.74
2025-01-17 17:00:00,43.4,46.4,29.94,28.44,1.85
2025-01-17 18:00:00,0.0,0.0,27.65,33.56,1.77
2025-01-17 19:00:00,0.0,0.0,27.06,34.73,1.83
2025-01-17 20:00:00,0.0,0.0,26.5,36.27,1.89
2025-01-17 21:00:00,0.0,0.0,26.01,37.78,2.28
2025-01-17 22:00:00,0.0,0.0,25.27,39.62,3.31
2025-01-17 23:00:00,0.0,0.0,23.83,43.61,3.74
2025-01-18 00:00:00,0.0,0.0,22.51,47.5,3.51
2025-01-18 01:00:00,0.0,0.0,21.49,50.47,3.21
2025-01-18 02:00:00,0.0,0.0,20.36,53.82,2.76
2025-01-18 03:00:00,0.0,0.0,19.55,55.7,2.79
2025-01-18 04:00:00,0.0,0.0,19.02,56.0,2.98
2025-01-18 05:00:00,0.0,0.0,18.54,55.87,3.09
2025-01-18 06:00:00,12.8,11.98,18.38,54.36,3.46
2025-01-18 07:00:00,148.05,153.55,20.0,47.48,3.87
2025-01-18 08:00:00,353.52,374.75,23.7,34.49,4.26
2025-01-18 09:00:00,563.95,587.15,28.05,21.75,5.5
2025-01-18 10:00:00,697.17,749.95,31.56,15.61,5.88
2025-01-18 11:00:00,772.8,842.6,34.28,12.94,5.68
2025-01-18 12:00:00,738.0,809.65,35.72,12.21,5.3
2025-01-18 13:00:00,722.85,750.95,36.18,12.32,4.96
2025-01-18 14:00:00,595.88,619.15,35.91,12.95,4.63
2025-01-18 15:00:00,417.8,430.23,35.13,13.93,4.39
2025-01-18 16:00:00,210.9,216.27,33.83,15.79,3.86
2025-01-18 17:00:00,43.28,43.55,29.84,25.45,2.02
2025-01-18 18:00:00,0.0,0.0,27.27,30.74,1.98
2025-01-18 19:00:00,0.0,0.0,26.59,31.79,2.17
2025-01-18 20:00:00,0.0,0.0,25.99,32.71,2.46
2025-01-18 21:00:00,0.0,0.0,25.4,33.79,2.91
2025-01-18 22:00:00,0.0,0.0,24.25,36.24,3.2
2025-01-18 23:00:00,0.0,0.0,22.8,39.78,2.88
2025-01-19 00:00:00,0.0,0.0,21.55,42.91,2.42
2025-01-19 01:00:00,0.0,0.0,20.51,45.52,2.06
2025-01-19 02:00:00,0.0,0.0,19.72,47.71,1.94
2025-01-19 03:00:00,0.0,0.0,19.12,49.87,1.99
2025-01-19 04:00:00,0.0,0.0,18.61,52.22,2.11
2025-01-19 05:00:00,0.0,0.0,18.16,54.64,2.1
2025-01-19 06:00:00,11.85,11.43,18.29,54.75,2.42
2025-01-19 07:00:00,134.68,144.23,20.02,49.74,2.72
2025-01-19 08:00:00,309.55,357.08,23.52,37.35,2.52
2025-01-19 09:00:00,495.95,567.35,28.09,22.73,3.7
2025-01-19 10:00:00,618.4,730.12,31.97,16.28,4.42
2025-01-19 11:00:00,708.45,824.55,34.61,13.51,4.3
2025-01-19 12:00:00,728.03,823.83,35.79,12.88,3.99
2025-01-19 13:00:00,652.0,760.92,36.16,12.92,3.8
2025-01-19 14:00:00,528.08,630.33,35.96,13.38,3.68
2025-01-19 15:00:00,316.25,438.02,35.3,14.17,3.63
2025-01-19 16:00:00,172.1,221.05,33.98,15.97,3.32
2025-01-19 17:00:00,38.3,43.83,29.85,26.98,1.64
2025-01-19 18:00:00,0.0,0.0,27.03,32.66,1.62
2025-01-19 19:00:00,0.0,0.0,26.07,34.5,1.64
2025-01-19 20:00:00,0.0,0.0,25.4,36.17,1.61
2025-01-19 21:00:00,0.0,0.0,24.91,37.25,1.66
2025-01-19 22:00:00,0.0,0.0,24.36,37.72,1.87
2025-01-19 23:00:00,0.0,0.0,23.61,38.04,2.14
2025-01-20 00:00:00,0.0,0.0,22.37,39.52,2.2
2025-01-20 01:00:00,0.0,0.0,20.99,42.08,1.98
2025-01-20 02:00:00,0.0,0.0,20.02,44.1,1.85
2025-01-20 03:00:00,0.0,0.0,19.17,46.77,1.71
2025-01-20 04:00:00,0.0,0.0,18.39,50.24,1.57
2025-01-20 05:00:00,0.0,0.0,17.66,54.35,1.45
2025-01-20 06:00:00,10.77,10.77,17.57,56.6,1.83
2025-01-20 07:00:00,149.98,150.02,19.37,51.95,2.56
2025-01-20 08:00:00,329.15,329.27,23.14,38.51,2.64
2025-01-20 09:00:00,533.85,533.95,27.75,23.41,3.72
2025-01-20 10:00:00,695.83,695.92,31.7,15.65,4.17
2025-01-20 11:00:00,791.35,791.42,34.36,13.0,3.83
2025-01-20 12:00:00,852.88,852.9,35.67,12.4,3.62
2025-01-20 13:00:00,788.25,788.25,36.25,12.34,3.59
2025-01-20 14:00:00,648.47,648.7,36.23,12.63,3.61
2025-01-20 15:00:00,451.83,452.23,35.58,13.39,3.59
2025-01-20 16:00:00,230.25,230.6,34.16,15.25,3.3
2025-01-20 17:00:00,49.83,49.92,29.76,26.41,1.67
2025-01-20 18:00:00,0.0,0.0,26.97,31.48,1.72
2025-01-20 19:00:00,0.0,0.0,25.95,33.23,1.77
2025-01-20 20:00:00,0.0,0.0,25.07,35.49,1.62
2025-01-20 21:00:00,0.0,0.0,24.41,37.6,1.45
2025-01-20 22:00:00,0.0,0.0,23.94,39.21,1.34
2025-01-20 23:00:00,0.0,0.0,23.39,40.74,1.29
2025-01-21 00:00:00,0.0,0.0,22.56,42.83,1.32
2025-01-21 01:00:00,0.0,0.0,21.66,45.29,1.46
2025-01-21 02:00:00,0.0,0.0,20.81,48.14,1.63
2025-01-21 03:00:00,0.0,0.0,19.98,51.55,1.7
2025-01-21 04:00:00,0.0,0.0,19.24,55.05,1.69
2025-01-21 05:00:00,0.0,0.0,18.62,57.91,1.71
2025-01-21 06:00:00,11.15,11.18,18.67,58.2,2.3
2025-01-21 07:00:00,152.85,153.15,20.66,51.47,3.19
2025-01-21 08:00:00,347.27,347.85,24.44,39.7,2.97
2025-01-21 09:00:00,554.38,555.05,29.27,26.26,3.99
2025-01-21 10:00:00,717.83,718.42,33.42,18.09,4.6
2025-01-21 11:00:00,814.3,814.72,35.52,16.22,4.37
2025-01-21 12:00:00,856.83,857.05,36.69,15.68,4.18
2025-01-21 13:00:00,795.33,795.33,37.23,15.61,4.12
2025-01-21 14:00:00,659.28,659.65,37.14,15.92,4.14
2025-01-21 15:00:00,464.62,465.35,36.49,16.64,4.2
2025-01-21 16:00:00,241.12,241.93,35.05,18.44,4.07
2025-01-21 17:00:00,51.97,52.2,31.18,26.79,2.36
2025-01-21 18:00:00,0.0,0.0,28.29,33.06,2.2
2025-01-21 19:00:00,0.0,0.0,27.18,35.48,2.13
2025-01-21 20:00:00,0.0,0.0,26.21,38.01,1.84
2025-01-21 21:00:00,0.0,0.0,25.52,40.14,1.61
2025-01-21 22:00:00,0.0,0.0,24.96,42.1,1.47
2025-01-21 23:00:00,0.0,0.0,24.37,44.26,1.42
2025-01-22 00:00:00,0.0,0.0,23.67,47.05,1.44
2025-01-22 01:00:00,0.0,0.0,22.92,50.27,1.53
2025-01-22 02:00:00,0.0,0.0,22.16,53.92,1.59
2025-01-22 03:00:00,0.0,0.0,21.42,57.9,1.5
2025-01-22 04:00:00,0.0,0.0,20.76,61.65,1.34
2025-01-22 05:00:00,0.0,0.0,20.21,65.26,1.23
2025-01-22 06:00:00,10.75,10.77,20.48,65.86,1.5
2025-01-22 07:00:00,147.82,147.95,22.89,58.11,2.62
2025-01-22 08:00:00,332.65,332.85,26.62,46.13,2.47
2025-01-22 09:00:00,538.3,538.55,31.76,30.99,3.44
2025-01-22 10:00:00,701.9,702.1,35.24,23.33,3.96
2025-01-22 11:00:00,803.95,804.08,36.9,20.52,4.07
2025-01-22 12:00:00,850.12,850.2,37.79,18.95,4.11
2025-01-22 13:00:00,792.12,792.12,38.18,17.99,4.16
2025-01-22 14:00:00,660.85,661.33,38.12,17.59,4.28
2025-01-22 15:00:00,469.42,470.2,37.69,17.78,4.39
2025-01-22 16:00:00,247.3,247.98,36.38,19.42,4.28
2025-01-22 17:00:00,54.75,54.92,32.61,27.45,2.64
2025-01-22 18:00:00,0.0,0.0,29.88,33.92,2.8
2025-01-22 19:00:00,0.0,0.0,28.85,37.5,3.22
2025-01-22 20:00:00,0.0,0.0,27.89,41.23,3.15
2025-01-22 21:00:00,0.0,0.0,27.1,43.9,3.07
2025-01-22 22:00:00,0.0,0.0,26.21,46.48,2.9
2025-01-22 23:00:00,0.0,0.0,25.29,49.26,2.67
2025-01-23 00:00:00,0.0,0.0,24.33,52.3,2.26
2025-01-23 01:00:00,0.0,0.0,23.42,55.2,1.91
2025-01-23 02:00:00,0.0,0.0,22.51,58.2,1.68
2025-01-23 03:00:00,0.0,0.0,21.66,61.41,1.62
2025-01-23 04:00:00,0.0,0.0,20.9,64.95,1.71
2025-01-23 05:00:00,0.0,0.0,20.27,68.22,1.83
2025-01-23 06:00:00,11.98,11.75,20.3,68.35,2.34
2025-01-23 07:00:00,147.93,151.43,22.2,60.63,2.94
2025-01-23 08:00:00,358.65,372.48,25.75,46.53,2.97
2025-01-23 09:00:00,576.33,587.4,30.48,29.34,4.76
2025-01-23 10:00:00,752.33,752.5,34.18,19.14,5.92
2025-01-23 11:00:00,853.7,853.83,36.25,15.77,5.65
2025-01-23 12:00:00,849.45,849.5,37.63,14.12,5.15
2025-01-23 13:00:00,790.08,790.2,38.34,13.29,4.68
2025-01-23 14:00:00,656.92,657.1,38.42,12.92,4.34
2025-01-23 15:00:00,458.0,458.17,37.91,13.13,4.12
2025-01-23 16:00:00,234.2,242.55,36.67,14.46,3.59
2025-01-23 17:00:00,51.45,52.45,32.06,25.21,1.7
2025-01-23 18:00:00,0.0,0.0,29.04,31.4,1.88
2025-01-23 19:00:00,0.0,0.0,27.95,35.3,2.23
2025-01-23 20:00:00,0.0,0.0,27.0,39.62,2.32
2025-01-23 21:00:00,0.0,0.0,25.98,43.76,2.19
2025-01-23 22:00:00,0.0,0.0,25.08,47.25,2.06
2025-01-23 23:00:00,0.0,0.0,24.28,50.59,1.9
2025-01-24 00:00:00,0.0,0.0,23.5,54.31,1.65
2025-01-24 01:00:00,0.0,0.0,22.79,58.36,1.44
2025-01-24 02:00:00,0.0,0.0,22.28,62.51,1.28
2025-01-24 03:00:00,0.0,0.0,22.03,66.44,1.18
2025-01-24 04:00:00,0.0,0.0,21.8,70.53,1.11
2025-01-24 05:00:00,0.0,0.0,21.48,74.24,1.11
2025-01-24 06:00:00,11.57,11.6,21.91,73.14,1.32
2025-01-24 07:00:00,162.5,162.68,24.67,61.55,2.78
2025-01-24 08:00:00,353.55,353.83,28.68,52.68,2.24
2025-01-24 09:00:00,560.7,560.97,32.23,39.3,3.0
2025-01-24 10:00:00,722.5,722.72,34.6,27.63,3.92
2025-01-24 11:00:00,818.2,818.33,36.37,19.8,4.31
2025-01-24 12:00:00,827.62,827.62,37.53,15.14,4.4
2025-01-24 13:00:00,762.58,762.7,38.05,12.8,4.38
2025-01-24 14:00:00,622.08,622.3,37.97,12.06,4.24
2025-01-24 15:00:00,426.55,426.8,37.31,12.29,4.08
2025-01-24 16:00:00,243.38,243.57,35.98,13.41,3.86
2025-01-24 17:00:00,50.4,50.42,31.75,21.44,2.23
2025-01-24 18:00:00,0.0,0.0,28.75,26.13,2.45
2025-01-24 19:00:00,0.0,0.0,27.57,28.14,2.6
2025-01-24 20:00:00,0.0,0.0,26.47,31.1,2.37
2025-01-24 21:00:00,0.0,0.0,25.53,34.39,2.05
2025-01-24 22:00:00,0.0,0.0,24.78,37.67,1.87
2025-01-24 23:00:00,0.0,0.0,24.09,41.3,1.83
2025-01-25 00:00:00,0.0,0.0,23.38,45.55,1.88
2025-01-25 01:00:00,0.0,0.0,22.67,50.22,1.93
2025-01-25 02:00:00,0.0,0.0,22.05,54.94,2.02
2025-01-25 03:00:00,0.0,0.0,21.54,59.5,2.05
2025-01-25 04:00:00,0.0,0.0,20.99,64.17,1.96
2025-01-25 05:00:00,0.0,0.0,20.46,68.24,1.78
2025-01-25 06:00:00,9.55,9.62,20.43,69.48,2.09
2025-01-25 07:00:00,112.72,113.43,22.14,62.73,2.71
2025-01-25 08:00:00,294.2,299.85,25.64,47.36,2.76
2025-01-25 09:00:00,474.02,484.15,30.12,30.24,3.9
2025-01-25 10:00:00,637.72,647.42,33.74,21.0,4.41
2025-01-25 11:00:00,740.97,747.83,35.68,18.35,4.11
2025-01-25 12:00:00,783.92,788.05,36.84,17.04,3.62
2025-01-25 13:00:00,727.55,728.22,37.35,16.51,3.2
2025-01-25 14:00:00,587.95,594.72,37.2,16.65,2.87
2025-01-25 15:00:00,402.83,407.12,36.7,17.26,2.5
2025-01-25 16:00:00,211.0,211.73,35.34,23.11,1.35
2025-01-25 17:00:00,46.83,46.92,32.75,33.27,0.82
2025-01-25 18:00:00,0.0,0.0,31.36,33.52,0.91
2025-01-25 19:00:00,0.0,0.0,29.89,38.62,0.93
2025-01-25 20:00:00,0.0,0.0,28.32,45.27,0.94
2025-01-25 21:00:00,0.0,0.0,27.04,51.56,0.94
2025-01-25 22:00:00,0.0,0.0,26.16,56.53,0.92
2025-01-25 23:00:00,0.0,0.0,25.54,60.61,0.95
2025-01-26 00:00:00,0.0,0.0,25.02,64.12,0.95
2025-01-26 01:00:00,0.0,0.0,24.56,66.58,0.95
2025-01-26 02:00:00,0.0,0.0,24.13,68.18,0.94
2025-01-26 03:00:00,0.0,0.0,23.67,69.54,0.96
2025-01-26 04:00:00,0.0,0.0,23.2,70.84,0.99
2025-01-26 05:00:00,0.0,0.0,22.73,72.01,1.02
2025-01-26 06:00:00,10.75,10.77,22.89,70.36,1.28
2025-01-26 07:00:00,149.68,149.93,24.87,61.77,2.71
2025-01-26 08:00:00,340.25,340.75,28.41,49.33,2.8
2025-01-26 09:00:00,551.88,552.55,31.63,38.27,3.31
2025-01-26 10:00:00,722.33,723.1,33.7,29.64,3.76
2025-01-26 11:00:00,827.95,828.7,35.14,23.54,4.18
2025-01-26 12:00:00,863.25,863.92,35.99,19.7,4.38
2025-01-26 13:00:00,809.08,809.65,36.24,17.53,4.37
2025-01-26 14:00:00,676.25,677.7,35.89,16.57,4.22
2025-01-26 15:00:00,480.25,481.55,34.99,16.66,3.98
2025-01-26 16:00:00,255.65,256.48,33.61,18.57,3.26
2025-01-26 17:00:00,60.22,60.35,30.22,27.45,1.84
2025-01-26 18:00:00,0.0,0.0,27.56,32.69,1.79
2025-01-26 19:00:00,0.0,0.0,26.21,35.22,1.73
2025-01-26 20:00:00,0.0,0.0,25.12,37.5,1.6
2025-01-26 21:00:00,0.0,0.0,24.29,38.99,1.53
2025-01-26 22:00:00,0.0,0.0,23.51,40.14,1.56
2025-01-26 23:00:00,0.0,0.0,22.7,41.58,1.73
2025-01-27 00:00:00,0.0,0.0,21.89,43.66,2.06
2025-01-27 01:00:00,0.0,0.0,21.05,46.39,2.45
2025-01-27 02:00:00,0.0,0.0,20.09,49.54,2.68
2025-01-27 03:00:00,0.0,0.0,19.06,53.03,2.5
2025-01-27 04:00:00,0.0,0.0,18.11,56.52,2.18
2025-01-27 05:00:00,0.0,0.0,17.3,59.83,1.89
2025-01-27 06:00:00,12.75,12.8,17.17,60.93,2.27
2025-01-27 07:00:00,173.07,174.12,19.06,54.64,2.75
2025-01-27 08:00:00,394.7,396.08,22.91,43.72,2.15
2025-01-27 09:00:00,622.25,623.22,29.0,23.99,3.52
2025-01-27 10:00:00,799.05,799.25,33.85,12.3,4.47
2025-01-27 11:00:00,903.03,903.17,35.83,9.8,4.12
2025-01-27 12:00:00,939.78,939.83,36.84,8.85,3.97
2025-01-27 13:00:00,876.6,876.6,37.22,8.21,3.98
2025-01-27 14:00:00,734.7,734.97,37.01,7.97,4.06
2025-01-27 15:00:00,528.55,529.12,36.2,8.15,4.09
2025-01-27 16:00:00,285.27,285.9,34.7,9.14,3.85
2025-01-27 17:00:00,69.68,69.9,29.85,17.79,2.1
2025-01-27 18:00:00,0.0,0.0,26.53,23.01,2.31
2025-01-27 19:00:00,0.0,0.0,25.46,26.19,2.58
2025-01-27 20:00:00,0.0,0.0,24.52,30.5,2.59
2025-01-27 21:00:00,0.0,0.0,23.63,34.85,2.54
2025-01-27 22:00:00,0.0,0.0,22.75,38.76,2.62
2025-01-27 23:00:00,0.0,0.0,21.89,42.47,2.82
2025-01-28 00:00:00,0.0,0.0,21.11,45.86,2.94
2025-01-28 01:00:00,0.0,0.0,20.49,48.21,2.83
2025-01-28 02:00:00,0.0,0.0,19.38,51.68,2.19
2025-01-28 03:00:00,0.0,0.0,18.51,54.49,1.94
2025-01-28 04:00:00,0.0,0.0,17.81,56.94,1.87
2025-01-28 05:00:00,0.0,0.0,17.21,59.0,1.93
2025-01-28 06:00:00,12.15,12.23,17.36,57.83,2.55
2025-01-28 07:00:00,155.48,157.45,19.61,49.42,3.39
2025-01-28 08:00:00,379.58,386.25,23.51,38.24,2.76
2025-01-28 09:00:00,602.58,607.8,29.35,20.31,4.19
2025-01-28 10:00:00,764.75,778.95,33.65,13.23,4.73
2025-01-28 11:00:00,861.6,879.12,35.53,12.18,4.25
2025-01-28 12:00:00,803.42,858.12,36.63,11.79,4.04
2025-01-28 13:00:00,747.78,797.9,37.16,11.74,4.04
2025-01-28 14:00:00,607.5,660.83,37.1,11.97,4.14
2025-01-28 15:00:00,388.38,463.8,36.42,12.47,4.32
2025-01-28 16:00:00,203.27,239.1,35.0,13.91,4.27
2025-01-28 17:00:00,51.47,53.97,31.13,20.54,3.1
2025-01-28 18:00:00,0.0,0.0,28.46,25.03,4.06
2025-01-28 19:00:00,0.0,0.0,27.04,28.69,4.55
2025-01-28 20:00:00,0.0,0.0,25.96,31.87,4.34
2025-01-28 21:00:00,0.0,0.0,24.9,34.76,3.79
2025-01-28 22:00:00,0.0,0.0,23.83,37.77,3.33
2025-01-28 23:00:00,0.0,0.0,22.9,40.46,3.16
2025-01-29 00:00:00,0.0,0.0,21.97,43.1,2.91
2025-01-29 01:00:00,0.0,0.0,20.98,46.28,2.49
2025-01-29 02:00:00,0.0,0.0,20.12,49.12,2.29
2025-01-29 03:00:00,0.0,0.0,19.36,51.84,2.28
2025-01-29 04:00:00,0.0,0.0,18.74,54.19,2.54
2025-01-29 05:00:00,0.0,0.0,18.15,56.4,2.79
2025-01-29 06:00:00,11.27,11.23,17.95,56.99,3.27
2025-01-29 07:00:00,134.55,145.93,19.72,50.49,3.81
2025-01-29 08:00:00,307.27,368.15,23.8,37.05,4.12
2025-01-29 09:00:00,487.55,589.03,29.14,21.5,6.1
2025-01-29 10:00:00,624.58,762.08,33.58,12.97,7.17
2025-01-29 11:00:00,715.12,863.42,35.96,10.93,6.58
2025-01-29 12:00:00,684.38,841.6,37.31,10.74,5.73
2025-01-29 13:00:00,618.85,781.35,37.88,11.29,4.96
2025-01-29 14:00:00,502.48,650.03,37.84,12.0,4.47
2025-01-29 15:00:00,330.88,454.98,37.15,12.88,4.2
2025-01-29 16:00:00,172.6,228.38,35.83,14.44,3.7
2025-01-29 17:00:00,48.72,52.0,31.4,23.08,2.09
2025-01-29 18:00:00,0.0,0.0,28.64,27.39,2.63
2025-01-29 19:00:00,0.0,0.0,27.53,30.03,3.23
2025-01-29 20:00:00,0.0,0.0,26.35,33.5,3.34
2025-01-29 21:00:00,0.0,0.0,25.36,36.03,3.35
2025-01-29 22:00:00,0.0,0.0,24.54,37.42,3.48
2025-01-29 23:00:00,0.0,0.0,23.77,38.54,3.6
2025-01-30 00:00:00,0.0,0.0,22.83,40.66,3.35
2025-01-30 01:00:00,0.0,0.0,21.81,43.6,2.95
2025-01-30 02:00:00,0.0,0.0,20.9,46.53,2.66
2025-01-30 03:00:00,0.0,0.0,19.97,50.28,2.35
2025-01-30 04:00:00,0.0,0.0,19.18,53.89,2.26
2025-01-30 05:00:00,0.0,0.0,18.54,57.15,2.31
2025-01-30 06:00:00,11.35,10.73,18.4,58.29,2.79
2025-01-30 07:00:00,133.32,135.65,19.9,53.13,3.09
2025-01-30 08:00:00,326.0,345.08,23.47,39.35,3.21
2025-01-30 09:00:00,523.2,559.25,27.88,25.18,4.38
2025-01-30 10:00:00,685.0,729.17,32.25,15.37,5.11
2025-01-30 11:00:00,793.15,829.5,34.71,12.83,4.7
2025-01-30 12:00:00,762.45,829.8,36.1,12.38,4.15
2025-01-30 13:00:00,677.72,768.88,36.7,12.76,3.76
2025-01-30 14:00:00,581.22,632.83,36.7,13.49,3.5
2025-01-30 15:00:00,386.12,439.75,36.09,14.42,3.21
2025-01-30 16:00:00,202.05,224.0,34.85,16.12,2.69
2025-01-30 17:00:00,55.1,52.0,30.95,26.82,1.37
2025-01-30 18:00:00,0.0,0.0,28.69,30.08,1.72
2025-01-30 19:00:00,0.0,0.0,27.96,30.86,2.31
2025-01-30 20:00:00,0.0,0.0,27.14,32.62,2.66
2025-01-30 21:00:00,0.0,0.0,26.16,35.08,2.43
2025-01-30 22:00:00,0.0,0.0,25.21,37.75,2.05
2025-01-30 23:00:00,0.0,0.0,24.17,41.8,1.52
2025-01-31 00:00:00,0.0,0.0,22.96,46.42,1.15
2025-01-31 01:00:00,0.0,0.0,21.99,49.09,1.26
2025-01-31 02:00:00,0.0,0.0,21.45,50.59,1.64
2025-01-31 03:00:00,0.0,0.0,21.01,52.53,2.04
2025-01-31 04:00:00,0.0,0.0,20.45,55.31,2.24
2025-01-31 05:00:00,0.0,0.0,19.8,58.57,2.26
2025-01-31 06:00:00,10.65,10.45,19.4,60.57,2.47
2025-01-31 07:00:00,130.38,132.12,21.05,54.55,2.93
2025-01-31 08:00:00,334.45,339.17,24.88,39.61,3.08
2025-01-31 09:00:00,543.78,544.15,29.97,23.05,4.36
2025-01-31 10:00:00,720.05,720.55,33.78,15.52,4.67
2025-01-31 11:00:00,823.92,827.22,35.57,14.31,4.36
2025-01-31 12:00:00,795.62,824.75,36.64,14.37,4.16
2025-01-31 13:00:00,722.65,765.42,37.17,14.59,4.14
2025-01-31 14:00:00,616.03,631.05,37.13,14.95,4.12
2025-01-31 15:00:00,392.75,439.3,36.35,15.83,4.04
2025-01-31 16:00:00,210.05,224.25,34.77,17.7,3.85
2025-01-31 17:00:00,52.6,53.0,31.55,24.51,2.31
2025-01-31 18:00:00,0.0,0.0,29.2,29.66,2.16
2025-01-31 19:00:00,0.0,0.0,28.09,32.0,2.17
2025-01-31 20:00:00,0.0,0.0,26.94,34.58,1.94
2025-01-31 21:00:00,0.0,0.0,25.91,37.14,1.65
2025-01-31 22:00:00,0.0,0.0,25.2,38.67,1.56
2025-01-31 23:00:00,0.0,0.0,24.53,40.17,1.55
2025-02-01 00:00:00,0.0,0.0,23.76,42.42,1.57
2025-02-01 01:00:00,0.0,0.0,22.91,45.76,1.69
2025-02-01 02:00:00,0.0,0.0,22.07,49.8,1.86
2025-02-01 03:00:00,0.0,0.0,21.29,53.98,1.94
2025-02-01 04:00:00,0.0,0.0,20.49,58.37,1.7
2025-02-01 05:00:00,0.0,0.0,19.83,62.15,1.49
2025-02-01 06:00:00,9.82,10.35,19.91,62.5,2.26
2025-02-01 07:00:00,116.1,126.7,21.58,56.5,3.06
2025-02-01 08:00:00,253.73,321.25,24.99,43.62,3.31
2025-02-01 09:00:00,414.12,529.0,28.84,31.48,4.04
2025-02-01 10:00:00,630.2,696.12,32.45,24.14,4.42
2025-02-01 11:00:00,730.03,797.42,34.67,21.15,4.25
2025-02-01 12:00:00,703.25,791.8,35.95,19.58,3.95
2025-02-01 13:00:00,637.33,742.6,36.22,19.11,3.86
2025-02-01 14:00:00,489.42,598.72,35.71,19.42,3.61
2025-02-01 15:00:00,382.33,410.08,34.8,20.22,3.36
2025-02-01 16:00:00,205.48,214.15,33.4,22.38,2.89
2025-02-01 17:00:00,49.5,49.28,30.59,28.48,2.17
2025-02-01 18:00:00,0.0,0.0,28.92,30.19,2.54
2025-02-01 19:00:00,0.0,0.0,27.94,31.07,2.44
2025-02-01 20:00:00,0.0,0.0,26.68,33.47,1.89
2025-02-01 21:00:00,0.0,0.0,25.87,35.46,1.59
2025-02-01 22:00:00,0.0,0.0,25.35,37.1,1.45
2025-02-01 23:00:00,0.0,0.0,24.73,38.89,1.4
2025-02-02 00:00:00,0.0,0.0,24.19,40.47,1.46
2025-02-02 01:00:00,0.0,0.0,23.45,42.4,1.57
2025-02-02 02:00:00,0.0,0.0,22.69,44.43,1.79
2025-02-02 03:00:00,0.0,0.0,21.92,46.56,1.98
2025-02-02 04:00:00,0.0,0.0,21.08,49.09,1.79
2025-02-02 05:00:00,0.0,0.0,20.5,50.52,1.69
2025-02-02 06:00:00,10.25,9.98,20.61,49.1,2.37
2025-02-02 07:00:00,121.4,123.15,21.72,45.42,2.77
2025-02-02 08:00:00,302.38,316.1,23.99,40.19,2.33
2025-02-02 09:00:00,514.28,523.67,27.82,28.65,2.82
2025-02-02 10:00:00,678.33,691.17,31.17,21.45,3.32
2025-02-02 11:00:00,779.83,793.33,32.85,19.55,3.46
2025-02-02 12:00:00,822.42,850.47,33.87,18.75,3.57
2025-02-02 13:00:00,728.03,791.88,34.12,18.82,3.64
2025-02-02 14:00:00,550.08,657.5,33.78,19.56,3.67
2025-02-02 15:00:00,373.15,464.27,33.1,20.84,3.67
2025-02-02 16:00:00,190.07,243.23,31.89,23.32,3.41
2025-02-02 17:00:00,52.4,58.55,29.25,31.22,2.17
2025-02-02 18:00:00,0.0,0.0,27.26,36.25,2.32
2025-02-02 19:00:00,0.0,0.0,26.47,37.27,2.69
2025-02-02 20:00:00,0.0,0.0,25.79,37.64,2.99
2025-02-02 21:00:00,0.0,0.0,25.15,37.37,3.3
2025-02-02 22:00:00,0.0,0.0,24.47,37.26,3.47
2025-02-02 23:00:00,0.0,0.0,23.68,37.81,3.52
2025-02-03 00:00:00,0.0,0.0,22.84,38.79,3.57
2025-02-03 01:00:00,0.0,0.0,22.14,39.62,3.59
2025-02-03 02:00:00,0.0,0.0,21.52,40.52,3.54
2025-02-03 03:00:00,0.0,0.0,20.99,41.34,3.54
2025-02-03 04:00:00,0.0,0.0,20.49,42.18,3.59
2025-02-03 05:00:00,0.0,0.0,20.01,43.2,3.61
2025-02-03 06:00:00,10.93,10.75,19.74,43.88,3.63
2025-02-03 07:00:00,114.7,135.88,20.57,41.91,3.5
2025-02-03 08:00:00,266.02,344.02,22.64,36.67,3.46
2025-02-03 09:00:00,440.02,557.58,25.78,26.61,4.4
2025-02-03 10:00:00,623.6,727.88,28.76,19.25,5.14
2025-02-03 11:00:00,708.5,829.67,31.39,16.06,5.12
2025-02-03 12:00:00,769.17,827.35,33.2,15.35,4.91
2025-02-03 13:00:00,718.5,768.35,33.97,15.55,4.85
2025-02-03 14:00:00,601.7,632.33,33.95,15.88,4.9
2025-02-03 15:00:00,408.15,438.77,33.21,16.43,5.01
2025-02-03 16:00:00,225.43,232.48,31.65,17.64,5.09
2025-02-03 17:00:00,54.55,54.72,28.62,22.01,4.03
2025-02-03 18:00:00,0.0,0.0,25.69,28.03,3.26
2025-02-03 19:00:00,0.0,0.0,24.31,31.49,2.8
2025-02-03 20:00:00,0.0,0.0,23.34,34.02,2.46
2025-02-03 21:00:00,0.0,0.0,22.67,35.44,2.38
2025-02-03 22:00:00,0.0,0.0,22.09,36.53,2.43
2025-02-03 23:00:00,0.0,0.0,21.51,37.96,2.59
2025-02-04 00:00:00,0.0,0.0,20.88,39.76,2.8
2025-02-04 01:00:00,0.0,0.0,20.21,42.08,2.97
2025-02-04 02:00:00,0.0,0.0,19.5,44.86,3.04
2025-02-04 03:00:00,0.0,0.0,18.83,47.71,2.94
2025-02-04 04:00:00,0.0,0.0,18.2,50.46,2.75
2025-02-04 05:00:00,0.0,0.0,17.64,52.69,2.59
2025-02-04 06:00:00,10.82,10.82,17.53,53.17,2.89
2025-02-04 07:00:00,138.35,138.48,19.15,47.85,3.21
2025-02-04 08:00:00,327.3,327.6,22.87,36.5,3.42
2025-02-04 09:00:00,544.1,544.45,27.57,23.81,4.81
2025-02-04 10:00:00,724.1,724.42,31.86,16.92,5.63
2025-02-04 11:00:00,834.7,834.88,34.67,14.44,5.52
2025-02-04 12:00:00,874.12,874.12,36.04,13.72,5.28
2025-02-04 13:00:00,731.66,763.02,36.67,13.45,5.13
2025-02-04 14:00:00,583.15,621.7,36.64,13.61,5.01
2025-02-04 15:00:00,488.4,488.42,35.91,14.32,4.89
2025-02-04 16:00:00,263.35,263.38,34.5,16.01,4.36
2025-02-04 17:00:00,67.93,67.95,30.45,24.5,2.13
2025-02-04 18:00:00,0.0,0.0,27.62,30.89,1.82
2025-02-04 19:00:00,0.0,0.0,26.65,33.53,1.72
2025-02-04 20:00:00,0.0,0.0,25.86,35.82,1.59
2025-02-04 21:00:00,0.0,0.0,25.16,37.65,1.52
2025-02-04 22:00:00,0.0,0.0,24.42,39.45,1.55
2025-02-04 23:00:00,0.0,0.0,23.65,41.46,1.7
2025-02-05 00:00:00,0.0,0.0,22.89,43.79,1.99
2025-02-05 01:00:00,0.0,0.0,22.12,46.51,2.33
2025-02-05 02:00:00,0.0,0.0,21.36,49.15,2.62
2025-02-05 03:00:00,0.0,0.0,20.59,51.4,2.74
2025-02-05 04:00:00,0.0,0.0,19.82,53.32,2.84
2025-02-05 05:00:00,0.0,0.0,19.29,54.36,3.12
2025-02-05 06:00:00,12.27,12.43,18.87,54.76,3.36
2025-02-05 07:00:00,149.1,158.5,20.41,48.68,3.7
2025-02-05 08:00:00,350.75,388.48,24.34,35.43,4.13
2025-02-05 09:00:00,558.4,612.3,29.16,22.65,5.61
2025-02-05 10:00:00,753.75,786.1,33.24,15.34,6.64
2025-02-05 11:00:00,888.55,888.97,36.2,11.08,6.86
2025-02-05 12:00:00,880.22,880.45,37.53,9.75,6.51
2025-02-05 13:00:00,818.17,818.2,38.05,9.28,6.15
2025-02-05 14:00:00,676.88,677.6,37.84,9.38,5.75
2025-02-05 15:00:00,476.48,477.73,37.12,9.93,5.33
2025-02-05 16:00:00,250.4,251.6,35.75,11.16,4.68
2025-02-05 17:00:00,61.3,61.45,31.72,18.0,2.45
2025-02-05 18:00:00,0.0,0.0,28.7,23.47,2.24
2025-02-05 19:00:00,0.0,0.0,27.71,25.6,2.32
2025-02-05 20:00:00,0.0,0.0,26.8,28.09,2.31
2025-02-05 21:00:00,0.0,0.0,25.73,31.32,2.24
2025-02-05 22:00:00,0.0,0.0,24.76,35.15,2.2
2025-02-05 23:00:00,0.0,0.0,23.9,39.17,2.2
2025-02-06 00:00:00,0.0,0.0,23.05,43.17,2.32
2025-02-06 01:00:00,0.0,0.0,21.99,47.55,2.39
2025-02-06 02:00:00,0.0,0.0,20.86,52.47,2.29
2025-02-06 03:00:00,0.0,0.0,19.75,57.42,2.02
2025-02-06 04:00:00,0.0,0.0,18.77,61.85,1.69
2025-02-06 05:00:00,0.0,0.0,17.92,65.74,1.41
2025-02-06 06:00:00,11.1,11.1,17.92,65.87,1.85
2025-02-06 07:00:00,153.93,154.05,19.94,57.62,2.52
2025-02-06 08:00:00,333.48,333.62,23.94,41.03,2.66
2025-02-06 09:00:00,550.2,550.38,28.58,24.93,3.75
2025-02-06 10:00:00,722.58,722.7,32.85,14.32,4.67
2025-02-06 11:00:00,828.35,828.45,35.93,9.54,4.84
2025-02-06 12:00:00,868.17,868.22,37.37,8.42,4.56
2025-02-06 13:00:00,807.42,807.42,38.06,8.17,4.26
2025-02-06 14:00:00,668.22,668.35,38.1,8.41,3.91
2025-02-06 15:00:00,469.75,470.0,37.56,8.95,3.63
2025-02-06 16:00:00,245.95,246.18,36.25,10.32,3.24
2025-02-06 17:00:00,64.1,64.15,31.54,19.56,1.76
2025-02-06 18:00:00,0.0,0.0,28.56,23.92,2.15
2025-02-06 19:00:00,0.0,0.0,27.33,26.98,2.39
2025-02-06 20:00:00,0.0,0.0,26.18,30.19,2.26
2025-02-06 21:00:00,0.0,0.0,25.18,32.88,2.0
2025-02-06 22:00:00,0.0,0.0,24.26,35.46,1.73
2025-02-06 23:00:00,0.0,0.0,23.44,38.12,1.57
2025-02-07 00:00:00,0.0,0.0,22.61,41.22,1.55
2025-02-07 01:00:00,0.0,0.0,21.75,44.75,1.61
2025-02-07 02:00:00,0.0,0.0,20.94,48.47,1.65
2025-02-07 03:00:00,0.0,0.0,20.2,52.13,1.67
2025-02-07 04:00:00,0.0,0.0,19.56,55.63,1.65
2025-02-07 05:00:00,0.0,0.0,19.01,58.75,1.55
2025-02-07 06:00:00,11.52,11.52,19.39,58.46,1.81
2025-02-07 07:00:00,156.2,156.45,22.02,51.05,3.01
2025-02-07 08:00:00,339.67,340.08,26.03,42.29,2.56
2025-02-07 09:00:00,549.22,549.72,31.15,34.09,3.13
2025-02-07 10:00:00,716.22,716.67,34.72,28.17,3.28
2025-02-07 11:00:00,817.78,818.12,36.8,24.77,2.85
2025-02-07 12:00:00,832.22,832.38,38.13,22.62,2.49
2025-02-07 13:00:00,771.92,771.92,38.83,21.55,2.3
2025-02-07 14:00:00,636.65,636.65,38.95,21.37,2.33
2025-02-07 15:00:00,442.67,442.67,38.48,22.03,2.5
2025-02-07 16:00:00,248.43,248.43,37.45,23.44,2.69
2025-02-07 17:00:00,60.03,60.03,34.43,31.05,1.53
2025-02-07 18:00:00,0.0,0.0,32.0,34.9,1.73
2025-02-07 19:00:00,0.0,0.0,31.05,35.1,2.22
2025-02-07 20:00:00,0.0,0.0,30.12,36.21,2.31
2025-02-07 21:00:00,0.0,0.0,29.11,39.1,1.95
2025-02-07 22:00:00,0.0,0.0,28.08,43.75,1.54
2025-02-07 23:00:00,0.0,0.0,27.21,49.28,1.27
2025-02-08 00:00:00,0.0,0.0,26.44,54.58,1.04
2025-02-08 01:00:00,0.0,0.0,25.72,59.43,0.92
2025-02-08 02:00:00,0.0,0.0,25.16,62.7,0.89
2025-02-08 03:00:00,0.0,0.0,24.52,64.52,0.96
2025-02-08 04:00:00,0.0,0.0,23.84,65.0,1.08
2025-02-08 05:00:00,0.0,0.0,23.24,64.09,1.43
2025-02-08 06:00:00,10.05,10.48,22.98,62.19,2.52
2025-02-08 07:00:00,118.88,124.25,23.96,57.14,2.8
2025-02-08 08:00:00,300.65,318.45,27.08,48.19,2.42
2025-02-08 09:00:00,497.98,524.75,31.4,36.87,2.8
2025-02-08 10:00:00,661.6,691.3,34.62,25.61,3.45
2025-02-08 11:00:00,765.42,791.88,36.64,19.0,3.85
2025-02-08 12:00:00,805.05,810.95,37.89,15.56,4.05
2025-02-08 13:00:00,744.58,748.65,38.46,13.88,4.15
2025-02-08 14:00:00,604.53,606.6,38.39,13.32,4.23
2025-02-08 15:00:00,406.65,406.77,37.75,13.61,4.36
2025-02-08 16:00:00,206.82,207.02,36.4,15.05,4.24
2025-02-08 17:00:00,55.92,56.0,32.96,21.42,2.66
2025-02-08 18:00:00,0.0,0.0,30.22,26.84,2.7
2025-02-08 19:00:00,0.0,0.0,29.08,29.43,2.91
2025-02-08 20:00:00,0.0,0.0,28.03,32.35,2.55
2025-02-08 21:00:00,0.0,0.0,27.45,34.38,2.27
2025-02-08 22:00:00,0.0,0.0,26.9,36.4,2.14
2025-02-08 23:00:00,0.0,0.0,26.27,38.74,2.23
2025-02-09 00:00:00,0.0,0.0,25.56,41.59,2.47
2025-02-09 01:00:00,0.0,0.0,24.73,45.16,2.57
2025-02-09 02:00:00,0.0,0.0,23.84,49.12,2.53
2025-02-09 03:00:00,0.0,0.0,23.18,52.44,2.55
2025-02-09 04:00:00,0.0,0.0,22.66,55.04,2.52
2025-02-09 05:00:00,0.0,0.0,22.28,56.99,2.51
2025-02-09 06:00:00,11.35,10.45,22.15,57.94,2.77
2025-02-09 07:00:00,118.2,119.88,23.2,54.78,2.94
2025-02-09 08:00:00,282.98,305.4,26.03,45.62,2.84
2025-02-09 09:00:00,465.92,507.17,30.79,30.01,3.9
2025-02-09 10:00:00,625.22,671.78,34.51,21.65,4.36
2025-02-09 11:00:00,700.62,771.45,36.41,18.49,4.1
2025-02-09 12:00:00,621.8,763.05,37.65,16.71,3.84
2025-02-09 13:00:00,626.58,699.22,38.18,15.87,3.73
2025-02-09 14:00:00,522.9,568.22,38.22,15.6,3.72
2025-02-09 15:00:00,367.67,386.35,37.59,16.02,3.51
2025-02-09 16:00:00,181.52,191.73,36.46,17.6,2.8
2025-02-09 17:00:00,50.45,49.42,33.02,26.77,1.38
2025-02-09 18:00:00,0.0,0.0,30.74,31.16,1.4
2025-02-09 19:00:00,0.0,0.0,29.58,34.35,1.39
2025-02-09 20:00:00,0.0,0.0,28.51,38.51,1.33
2025-02-09 21:00:00,0.0,0.0,27.6,42.63,1.24
2025-02-09 22:00:00,0.0,0.0,26.8,46.51,1.13
2025-02-09 23:00:00,0.0,0.0,26.21,49.62,1.04
2025-02-10 00:00:00,0.0,0.0,25.74,51.84,0.98
2025-02-10 01:00:00,0.0,0.0,25.25,53.77,0.93
2025-02-10 02:00:00,0.0,0.0,24.73,55.68,0.91
2025-02-10 03:00:00,0.0,0.0,24.2,57.77,0.92
2025-02-10 04:00:00,0.0,0.0,23.5,60.59,0.98
2025-02-10 05:00:00,0.0,0.0,22.93,63.13,1.16
2025-02-10 06:00:00,10.12,10.0,22.92,63.44,1.99
2025-02-10 07:00:00,107.32,111.18,24.22,58.81,2.76
2025-02-10 08:00:00,268.35,285.33,27.4,48.4,2.21
2025-02-10 09:00:00,460.2,484.98,32.06,34.09,2.35
2025-02-10 10:00:00,637.6,653.28,34.89,25.65,2.66
2025-02-10 11:00:00,751.53,758.42,36.77,21.11,3.02
2025-02-10 12:00:00,774.65,774.88,38.06,18.4,3.36
2025-02-10 13:00:00,717.67,720.47,38.78,17.07,3.62
2025-02-10 14:00:00,585.12,587.83,38.88,16.76,3.8
2025-02-10 15:00:00,402.62,404.42,38.4,17.19,3.96
2025-02-10 16:00:00,227.0,227.8,37.29,18.38,3.95
2025-02-10 17:00:00,58.83,58.95,34.0,24.87,2.31
2025-02-10 18:00:00,0.0,0.0,31.18,30.25,2.31
2025-02-10 19:00:00,0.0,0.0,30.08,32.73,2.59
2025-02-10 20:00:00,0.0,0.0,28.99,35.7,2.47
2025-02-10 21:00:00,0.0,0.0,28.01,38.56,2.16
2025-02-10 22:00:00,0.0,0.0,27.13,41.24,1.91
2025-02-10 23:00:00,0.0,0.0,26.3,43.99,1.79
2025-02-11 00:00:00,0.0,0.0,25.44,47.08,1.77
2025-02-11 01:00:00,0.0,0.0,24.57,50.82,1.83
2025-02-11 02:00:00,0.0,0.0,23.73,55.08,2.01
2025-02-11 03:00:00,0.0,0.0,22.92,59.45,2.21
2025-02-11 04:00:00,0.0,0.0,22.11,63.7,2.26
2025-02-11 05:00:00,0.0,0.0,21.37,67.42,2.07
2025-02-11 06:00:00,11.35,11.4,21.28,67.6,2.47
2025-02-11 07:00:00,126.93,128.62,23.26,58.77,2.73
2025-02-11 08:00:00,316.17,324.0,27.52,41.67,3.26
2025-02-11 09:00:00,521.6,534.92,32.4,27.48,4.68
2025-02-11 10:00:00,681.47,707.0,36.0,19.43,5.6
2025-02-11 11:00:00,773.28,814.5,38.19,15.58,5.75
2025-02-11 12:00:00,873.1,896.8,39.52,13.3,5.75
2025-02-11 13:00:00,837.03,838.0,40.13,11.97,5.74
2025-02-11 14:00:00,699.17,700.12,40.05,11.25,5.75
2025-02-11 15:00:00,499.12,499.95,39.33,11.15,5.77
2025-02-11 16:00:00,268.67,269.2,37.88,11.94,5.64
2025-02-11 17:00:00,72.62,72.72,34.54,15.88,4.18
2025-02-11 18:00:00,0.0,0.0,31.35,20.9,4.05
2025-02-11 19:00:00,0.0,0.0,29.87,24.53,4.03
2025-02-11 20:00:00,0.0,0.0,28.54,28.49,3.47
2025-02-11 21:00:00,0.0,0.0,27.47,31.84,2.99
2025-02-11 22:00:00,0.0,0.0,26.54,34.68,2.7
2025-02-11 23:00:00,0.0,0.0,25.66,37.18,2.53
2025-02-12 00:00:00,0.0,0.0,24.77,39.74,2.43
2025-02-12 01:00:00,0.0,0.0,23.86,42.8,2.29
2025-02-12 02:00:00,0.0,0.0,22.95,46.6,2.32
2025-02-12 03:00:00,0.0,0.0,22.1,50.8,2.45
2025-02-12 04:00:00,0.0,0.0,21.34,54.61,2.35
2025-02-12 05:00:00,0.0,0.0,20.68,57.31,1.99
2025-02-12 06:00:00,13.07,13.1,20.99,55.95,2.39
2025-02-12 07:00:00,169.0,169.2,23.5,47.62,3.18
2025-02-12 08:00:00,363.3,363.65,27.86,35.19,4.07
2025-02-12 09:00:00,579.2,579.6,32.98,22.14,6.21
2025-02-12 10:00:00,750.53,750.9,35.9,16.67,6.96
2025-02-12 11:00:00,854.85,855.12,37.83,13.81,6.88
2025-02-12 12:00:00,904.9,905.03,39.14,12.05,6.61
2025-02-12 13:00:00,843.22,843.22,39.85,10.94,6.23
2025-02-12 14:00:00,702.45,702.83,39.97,10.43,5.78
2025-02-12 15:00:00,500.98,501.58,39.42,10.52,5.37
2025-02-12 16:00:00,269.55,270.08,38.24,11.3,4.89
2025-02-12 17:00:00,74.05,74.25,34.36,16.81,2.7
2025-02-12 18:00:00,0.0,0.0,31.1,22.2,2.81
2025-02-12 19:00:00,0.0,0.0,30.08,25.08,3.65
2025-02-12 20:00:00,0.0,0.0,28.79,29.19,3.65
2025-02-12 21:00:00,0.0,0.0,27.63,32.78,3.24
2025-02-12 22:00:00,0.0,0.0,26.49,36.37,2.73
2025-02-12 23:00:00,0.0,0.0,25.39,39.98,2.38
2025-02-13 00:00:00,0.0,0.0,24.18,44.06,2.0
2025-02-13 01:00:00,0.0,0.0,23.23,47.68,1.63
2025-02-13 02:00:00,0.0,0.0,22.54,50.58,1.35
2025-02-13 03:00:00,0.0,0.0,22.03,52.95,1.24
2025-02-13 04:00:00,0.0,0.0,21.64,55.04,1.32
2025-02-13 05:00:00,0.0,0.0,21.34,57.08,1.53
2025-02-13 06:00:00,12.88,12.85,21.94,55.9,2.39
2025-02-13 07:00:00,143.85,145.18,24.31,49.15,3.37
2025-02-13 08:00:00,343.0,356.5,28.53,38.33,3.35
2025-02-13 09:00:00,549.2,571.9,32.6,28.48,4.25
2025-02-13 10:00:00,718.97,743.3,34.84,22.54,4.35
2025-02-13 11:00:00,818.38,847.3,36.6,18.62,4.2
2025-02-13 12:00:00,891.17,896.17,38.1,16.17,4.08
2025-02-13 13:00:00,822.8,835.58,39.18,14.75,4.01
2025-02-13 14:00:00,688.03,689.12,39.45,14.13,4.01
2025-02-13 15:00:00,479.75,482.77,39.0,14.03,4.05
2025-02-13 16:00:00,248.0,249.52,37.88,14.45,3.99
2025-02-13 17:00:00,70.6,70.95,34.29,19.77,2.4
2025-02-13 18:00:00,0.0,0.0,31.45,23.9,2.91
2025-02-13 19:00:00,0.0,0.0,30.27,26.51,3.79
2025-02-13 20:00:00,0.0,0.0,28.86,30.09,3.54
2025-02-13 21:00:00,0.0,0.0,27.68,32.93,2.88
2025-02-13 22:00:00,0.0,0.0,26.76,35.03,2.43
2025-02-13 23:00:00,0.0,0.0,25.99,36.98,2.18
2025-02-14 00:00:00,0.0,0.0,25.3,38.8,2.12
2025-02-14 01:00:00,0.0,0.0,24.62,41.0,2.03
2025-02-14 02:00:00,0.0,0.0,23.69,44.36,1.75
2025-02-14 03:00:00,0.0,0.0,22.9,47.59,1.6
2025-02-14 04:00:00,0.0,0.0,22.27,50.22,1.72
2025-02-14 05:00:00,0.0,0.0,21.77,52.27,2.06
2025-02-14 06:00:00,12.65,12.6,21.92,51.77,2.94
2025-02-14 07:00:00,123.18,140.98,23.79,45.46,3.59
2025-02-14 08:00:00,292.12,357.3,27.59,32.84,3.68
2025-02-14 09:00:00,476.38,576.65,32.57,15.62,5.06
2025-02-14 10:00:00,612.88,744.22,35.33,10.45,5.15
2025-02-14 11:00:00,778.35,849.97,37.01,8.69,4.84
2025-02-14 12:00:00,755.85,871.08,38.11,8.03,4.61
2025-02-14 13:00:00,692.22,810.33,38.69,7.84,4.55
2025-02-14 14:00:00,548.03,670.0,38.72,8.03,4.59
2025-02-14 15:00:00,381.75,468.9,38.03,8.62,4.52
2025-02-14 16:00:00,222.73,251.98,36.85,9.75,4.06
2025-02-14 17:00:00,61.17,63.15,33.15,15.74,2.19
2025-02-14 18:00:00,0.0,0.0,30.34,20.04,2.19
2025-02-14 19:00:00,0.0,0.0,29.16,22.57,2.36
2025-02-14 20:00:00,0.0,0.0,27.98,25.23,2.4
2025-02-14 21:00:00,0.0,0.0,26.81,27.3,2.36
2025-02-14 22:00:00,0.0,0.0,25.75,28.63,2.24
2025-02-14 23:00:00,0.0,0.0,24.75,29.98,2.02
2025-02-15 00:00:00,0.0,0.0,23.83,31.66,1.74
2025-02-15 01:00:00,0.0,0.0,23.01,33.64,1.45
2025-02-15 02:00:00,0.0,0.0,22.47,35.57,1.23
2025-02-15 03:00:00,0.0,0.0,21.92,37.74,1.08
2025-02-15 04:00:00,0.0,0.0,21.14,40.66,1.04
2025-02-15 05:00:00,0.0,0.0,20.25,44.38,1.13
2025-02-15 06:00:00,12.52,12.55,20.45,45.45,1.84
2025-02-15 07:00:00,148.25,149.45,22.61,40.53,3.07
2025-02-15 08:00:00,337.38,343.85,26.49,29.45,3.09
2025-02-15 09:00:00,553.9,565.33,31.19,17.13,4.1
2025-02-15 10:00:00,719.75,745.05,35.17,9.81,5.14
2025-02-15 11:00:00,845.03,854.62,37.21,7.96,5.0
2025-02-15 12:00:00,851.35,852.97,38.6,7.19,4.77
2025-02-15 13:00:00,789.42,791.28,39.36,6.96,4.71
2025-02-15 14:00:00,655.72,659.97,39.43,7.15,4.8
2025-02-15 15:00:00,459.38,460.67,38.89,7.65,4.88
2025-02-15 16:00:00,248.5,249.02,37.53,8.83,4.65
2025-02-15 17:00:00,63.78,63.78,33.51,14.07,2.92
2025-02-15 18:00:00,0.0,0.0,30.57,18.26,3.36
2025-02-15 19:00:00,0.0,0.0,29.48,20.81,3.77
2025-02-15 20:00:00,0.0,0.0,28.24,23.74,3.1
2025-02-15 21:00:00,0.0,0.0,27.15,26.01,2.55
2025-02-15 22:00:00,0.0,0.0,26.09,28.16,2.19
2025-02-15 23:00:00,0.0,0.0,24.99,30.5,1.97
2025-02-16 00:00:00,0.0,0.0,24.07,32.78,1.89
2025-02-16 01:00:00,0.0,0.0,23.16,35.38,1.87
2025-02-16 02:00:00,0.0,0.0,22.28,38.18,1.95
2025-02-16 03:00:00,0.0,0.0,21.43,41.19,2.06
2025-02-16 04:00:00,0.0,0.0,20.61,44.42,2.16
2025-02-16 05:00:00,0.0,0.0,19.87,47.27,2.15
2025-02-16 06:00:00,13.6,13.6,19.95,47.48,2.68
2025-02-16 07:00:00,161.0,161.15,22.09,41.66,3.19
2025-02-16 08:00:00,348.67,348.9,26.3,30.12,3.24
2025-02-16 09:00:00,559.38,559.53,31.51,17.87,5.36
2025-02-16 10:00:00,747.78,747.9,35.87,10.96,6.73
2025-02-16 11:00:00,862.95,863.03,38.18,9.14,6.25
2025-02-16 12:00:00,906.75,906.8,39.58,8.35,5.62
2025-02-16 13:00:00,845.7,845.7,40.28,8.08,5.15
2025-02-16 14:00:00,703.35,703.53,40.3,8.17,4.83
2025-02-16 15:00:00,500.3,500.58,39.68,8.55,4.59
2025-02-16 16:00:00,268.58,268.85,38.35,9.44,4.25
2025-02-16 17:00:00,74.88,74.95,34.05,15.03,2.56
2025-02-16 18:00:00,0.0,0.0,30.96,18.78,3.02
2025-02-16 19:00:00,0.0,0.0,29.7,21.15,3.46
2025-02-16 20:00:00,0.0,0.0,28.31,24.26,3.18
2025-02-16 21:00:00,0.0,0.0,27.03,27.48,2.69
2025-02-16 22:00:00,0.0,0.0,25.9,30.7,2.29
2025-02-16 23:00:00,0.0,0.0,24.84,33.96,1.94
2025-02-17 00:00:00,0.0,0.0,23.94,36.83,1.73
2025-02-17 01:00:00,0.0,0.0,23.17,39.28,1.57
2025-02-17 02:00:00,0.0,0.0,22.53,41.45,1.42
2025-02-17 03:00:00,0.0,0.0,21.97,43.41,1.29
2025-02-17 04:00:00,0.0,0.0,21.46,45.36,1.17
2025-02-17 05:00:00,0.0,0.0,21.0,47.51,1.09
2025-02-17 06:00:00,14.23,14.25,21.5,47.41,1.08
2025-02-17 07:00:00,153.73,156.35,24.63,39.57,2.29
2025-02-17 08:00:00,369.77,379.0,28.74,32.21,2.0
2025-02-17 09:00:00,588.2,602.03,33.67,23.27,3.11
2025-02-17 10:00:00,761.7,777.7,36.37,16.88,3.89
2025-02-17 11:00:00,873.9,884.47,38.16,12.72,4.09
2025-02-17 12:00:00,894.05,921.2,39.36,10.25,3.93
2025-02-17 13:00:00,853.92,862.35,39.9,8.96,3.67
2025-02-17 14:00:00,717.78,718.47,39.9,8.39,3.49
2025-02-17 15:00:00,507.17,509.4,39.39,8.37,3.35
2025-02-17 16:00:00,276.1,283.35,38.4,8.88,3.04
2025-02-17 17:00:00,73.85,75.4,34.19,17.05,1.32
2025-02-17 18:00:00,0.0,0.0,30.85,21.8,1.31
2025-02-17 19:00:00,0.0,0.0,29.57,25.08,1.3
2025-02-17 20:00:00,0.0,0.0,28.36,29.67,1.28
2025-02-17 21:00:00,0.0,0.0,27.26,34.75,1.25
2025-02-17 22:00:00,0.0,0.0,26.26,40.05,1.23
2025-02-17 23:00:00,0.0,0.0,25.31,45.77,1.23
2025-02-18 00:00:00,0.0,0.0,24.56,52.78,1.24
2025-02-18 01:00:00,0.0,0.0,24.09,60.16,1.2
2025-02-18 02:00:00,0.0,0.0,23.66,67.33,1.16
2025-02-18 03:00:00,0.0,0.0,23.24,74.37,1.1
2025-02-18 04:00:00,0.0,0.0,22.9,80.63,1.06
2025-02-18 05:00:00,0.0,0.0,22.61,86.02,1.02
2025-02-18 06:00:00,15.05,15.05,23.18,86.14,0.91
2025-02-18 07:00:00,178.0,178.3,26.22,72.76,1.56
2025-02-18 08:00:00,385.6,386.17,31.53,43.81,1.82
2025-02-18 09:00:00,606.6,607.3,35.68,27.04,3.27
2025-02-18 10:00:00,780.53,781.17,38.25,19.65,4.16
2025-02-18 11:00:00,885.1,885.62,39.97,15.67,4.24
2025-02-18 12:00:00,916.03,916.38,41.07,13.21,4.15
2025-02-18 13:00:00,855.62,855.85,41.62,11.66,4.12
2025-02-18 14:00:00,711.83,712.0,41.61,10.81,4.22
2025-02-18 15:00:00,509.9,510.33,40.95,10.63,4.32
2025-02-18 16:00:00,274.08,274.45,39.68,11.07,4.29
2025-02-18 17:00:00,76.53,76.62,36.07,15.29,2.67
2025-02-18 18:00:00,0.0,0.0,32.61,19.7,2.69
2025-02-18 19:00:00,0.0,0.0,31.35,21.8,3.02
2025-02-18 20:00:00,0.0,0.0,29.92,24.83,2.66
2025-02-18 21:00:00,0.0,0.0,28.56,28.12,2.12
2025-02-18 22:00:00,0.0,0.0,27.47,31.09,1.83
2025-02-18 23:00:00,0.0,0.0,26.57,33.77,1.91
2025-02-19 00:00:00,0.0,0.0,25.87,36.83,2.27
2025-02-19 01:00:00,0.0,0.0,25.28,41.26,2.47
2025-02-19 02:00:00,0.0,0.0,24.86,47.55,2.36
2025-02-19 03:00:00,0.0,0.0,24.59,57.25,2.25
2025-02-19 04:00:00,0.0,0.0,24.39,70.0,2.22
2025-02-19 05:00:00,0.0,0.0,24.24,82.14,2.23
2025-02-19 06:00:00,14.52,14.35,24.82,87.86,2.91
2025-02-19 07:00:00,147.7,148.6,27.51,76.62,4.35
2025-02-19 08:00:00,341.62,359.0,30.78,60.06,4.83
2025-02-19 09:00:00,545.88,572.8,33.84,46.81,4.21
2025-02-19 10:00:00,696.12,742.0,36.38,36.46,3.53
2025-02-19 11:00:00,834.5,838.58,38.24,29.27,3.19
2025-02-19 12:00:00,732.4,849.95,39.46,24.89,3.17
2025-02-19 13:00:00,775.38,787.08,40.04,22.71,3.26
2025-02-19 14:00:00,622.83,649.95,40.06,21.97,3.36
2025-02-19 15:00:00,393.9,455.98,39.48,22.44,3.42
2025-02-19 16:00:00,203.6,239.07,38.45,23.82,3.38
2025-02-19 17:00:00,59.8,64.07,36.32,28.24,2.37
2025-02-19 18:00:00,0.0,0.0,33.74,35.05,2.14
2025-02-19 19:00:00,0.0,0.0,32.81,39.49,3.09
2025-02-19 20:00:00,0.0,0.0,31.65,46.88,3.57
2025-02-19 21:00:00,0.0,0.0,30.54,55.23,3.64
2025-02-19 22:00:00,0.0,0.0,29.67,63.14,3.71
2025-02-19 23:00:00,0.0,0.0,29.03,68.81,3.7
2025-02-20 00:00:00,0.0,0.0,28.54,71.78,3.52
2025-02-20 01:00:00,0.0,0.0,28.04,73.8,3.16
2025-02-20 02:00:00,0.0,0.0,27.45,76.13,2.65
2025-02-20 03:00:00,0.0,0.0,26.91,78.35,2.33
2025-02-20 04:00:00,0.0,0.0,26.5,79.96,2.22
2025-02-20 05:00:00,0.0,0.0,26.18,81.2,2.08
2025-02-20 06:00:00,15.0,13.7,26.43,79.7,2.5
2025-02-20 07:00:00,139.25,140.45,28.12,71.08,3.31
2025-02-20 08:00:00,320.95,321.73,30.44,59.59,3.61
2025-02-20 09:00:00,528.97,529.67,32.44,50.7,3.15
2025-02-20 10:00:00,714.9,722.38,34.13,44.17,2.42
2025-02-20 11:00:00,782.58,825.12,35.69,38.29,1.58
2025-02-20 12:00:00,802.47,867.47,37.02,33.14,1.02
2025-02-20 13:00:00,748.22,806.9,37.9,29.87,1.09
2025-02-20 14:00:00,486.6,670.3,38.02,28.71,1.32
2025-02-20 15:00:00,371.12,475.08,37.52,28.93,1.46
2025-02-20 16:00:00,189.68,252.57,36.62,31.18,1.37
2025-02-20 17:00:00,55.78,67.38,34.95,41.69,0.76
2025-02-20 18:00:00,0.0,0.0,33.44,47.56,0.69
2025-02-20 19:00:00,0.0,0.0,32.6,47.8,0.77
2025-02-20 20:00:00,0.0,0.0,31.53,50.41,0.82
2025-02-20 21:00:00,0.0,0.0,30.51,54.16,0.8
2025-02-20 22:00:00,0.0,0.0,29.79,57.01,0.68
2025-02-20 23:00:00,0.0,0.0,29.61,56.5,0.45
2025-02-21 00:00:00,0.0,0.0,28.89,61.68,0.4
2025-02-21 01:00:00,0.0,0.0,27.87,66.78,0.75
2025-02-21 02:00:00,0.0,0.0,27.22,68.72,1.08
2025-02-21 03:00:00,0.0,0.0,26.67,72.67,1.34
2025-02-21 04:00:00,0.0,0.0,26.22,75.78,1.46
2025-02-21 05:00:00,0.0,0.0,25.84,78.01,1.33
2025-02-21 06:00:00,11.27,14.35,26.15,77.42,1.63
2025-02-21 07:00:00,110.82,148.12,28.54,65.43,2.16
2025-02-21 08:00:00,246.2,364.83,31.5,51.82,2.21
2025-02-21 09:00:00,400.98,573.03,33.73,44.04,1.97
2025-02-21 10:00:00,630.42,741.65,35.39,39.0,1.65
2025-02-21 11:00:00,762.75,842.22,36.62,35.12,1.44
2025-02-21 12:00:00,744.6,858.8,37.32,32.38,1.27
2025-02-21 13:00:00,594.12,796.97,37.68,30.52,1.11
2025-02-21 14:00:00,393.42,660.05,37.64,29.55,1.0
2025-02-21 15:00:00,284.95,472.02,37.17,29.52,0.93
2025-02-21 16:00:00,140.88,251.43,36.48,30.25,0.95
2025-02-21 17:00:00,44.12,65.38,35.25,36.22,0.63
2025-02-21 18:00:00,0.0,0.0,33.98,45.18,0.46
2025-02-21 19:00:00,0.0,0.0,33.43,44.95,0.44
2025-02-21 20:00:00,0.0,0.0,32.83,44.74,0.41
2025-02-21 21:00:00,0.0,0.0,31.91,49.09,0.41
2025-02-21 22:00:00,0.0,0.0,31.1,51.03,0.5
2025-02-21 23:00:00,0.0,0.0,30.2,55.09,0.65
2025-02-22 00:00:00,0.0,0.0,29.31,59.82,0.8
2025-02-22 01:00:00,0.0,0.0,28.46,63.75,0.88
2025-02-22 02:00:00,0.0,0.0,27.74,67.46,0.88
2025-02-22 03:00:00,0.0,0.0,27.34,70.2,0.9
2025-02-22 04:00:00,0.0,0.0,27.1,73.03,0.88
2025-02-22 05:00:00,0.0,0.0,26.83,75.18,0.43
2025-02-22 06:00:00,13.4,14.0,26.59,75.16,0.57
2025-02-22 07:00:00,138.1,141.73,28.43,61.48,1.78
2025-02-22 08:00:00,325.73,327.42,31.1,45.65,2.36
2025-02-22 09:00:00,539.9,559.4,33.78,34.65,3.05
2025-02-22 10:00:00,676.92,729.03,35.88,27.87,3.59
2025-02-22 11:00:00,781.38,833.5,37.41,22.99,4.01
2025-02-22 12:00:00,894.9,906.17,38.41,19.18,4.31
2025-02-22 13:00:00,832.72,846.6,38.85,16.38,4.53
2025-02-22 14:00:00,677.05,709.95,38.68,14.57,4.68
2025-02-22 15:00:00,494.88,496.55,38.0,13.73,4.66
2025-02-22 16:00:00,260.65,263.05,36.88,13.96,4.24
2025-02-22 17:00:00,74.97,75.45,33.89,20.71,2.23
2025-02-22 18:00:00,0.0,0.0,31.05,27.64,1.69
2025-02-22 19:00:00,0.0,0.0,30.08,29.79,1.57
2025-02-22 20:00:00,0.0,0.0,29.23,32.59,1.35
2025-02-22 21:00:00,0.0,0.0,28.48,35.46,1.16
2025-02-22 22:00:00,0.0,0.0,27.9,37.51,1.08
2025-02-22 23:00:00,0.0,0.0,27.11,40.2,1.05
2025-02-23 00:00:00,0.0,0.0,26.15,43.82,1.05
2025-02-23 01:00:00,0.0,0.0,25.4,46.33,1.13
2025-02-23 02:00:00,0.0,0.0,24.88,47.83,1.21
2025-02-23 03:00:00,0.0,0.0,24.46,48.44,1.33
2025-02-23 04:00:00,0.0,0.0,24.16,47.61,1.73
2025-02-23 05:00:00,0.0,0.0,23.82,45.89,2.57
2025-02-23 06:00:00,13.38,16.0,23.63,44.19,3.48
2025-02-23 07:00:00,145.75,164.35,24.9,42.09,3.44
2025-02-23 08:00:00,330.12,387.65,27.68,44.92,2.59
2025-02-23 09:00:00,549.97,606.58,30.75,43.15,2.52
2025-02-23 10:00:00,772.22,774.78,32.78,39.49,2.61
2025-02-23 11:00:00,851.6,879.3,34.06,35.99,2.97
2025-02-23 12:00:00,808.6,876.55,35.03,33.13,3.09
2025-02-23 13:00:00,691.15,816.4,35.9,30.75,3.03
2025-02-23 14:00:00,564.28,678.88,36.14,29.75,2.98
2025-02-23 15:00:00,369.67,481.9,35.46,31.01,3.13
2025-02-23 16:00:00,200.0,256.73,34.29,34.29,3.43
2025-02-23 17:00:00,65.15,68.93,32.38,41.29,3.27
2025-02-23 18:00:00,0.0,0.0,30.62,49.14,3.93
2025-02-23 19:00:00,0.0,0.0,29.37,56.11,4.34
2025-02-23 20:00:00,0.0,0.0,28.43,61.31,4.11
2025-02-23 21:00:00,0.0,0.0,27.84,64.18,3.72
2025-02-23 22:00:00,0.0,0.0,27.35,66.5,3.27
2025-02-23 23:00:00,0.0,0.0,26.85,69.12,2.89
2025-02-24 00:00:00,0.0,0.0,26.38,71.42,2.62
2025-02-24 01:00:00,0.0,0.0,25.95,73.07,2.34
2025-02-24 02:00:00,0.0,0.0,25.54,74.27,2.06
2025-02-24 03:00:00,0.0,0.0,25.13,75.22,1.71
2025-02-24 04:00:00,0.0,0.0,24.67,76.27,1.28
2025-02-24 05:00:00,0.0,0.0,24.28,76.88,1.06
2025-02-24 06:00:00,15.95,16.02,24.68,73.72,1.67
2025-02-24 07:00:00,153.23,158.07,26.94,60.6,3.18
2025-02-24 08:00:00,369.23,376.88,29.91,46.62,3.91
2025-02-24 09:00:00,589.58,594.15,32.77,37.28,3.73
2025-02-24 10:00:00,766.22,766.4,34.82,31.99,3.4
2025-02-24 11:00:00,860.45,870.35,36.26,28.29,3.1
2025-02-24 12:00:00,895.7,915.85,37.35,25.1,2.83
2025-02-24 13:00:00,842.72,855.2,38.02,22.61,2.64
2025-02-24 14:00:00,702.38,714.33,38.33,20.82,2.6
2025-02-24 15:00:00,492.75,511.02,38.04,19.93,2.76
2025-02-24 16:00:00,259.9,275.55,37.13,20.15,2.99
2025-02-24 17:00:00,72.12,74.62,34.46,26.61,1.83
2025-02-24 18:00:00,0.0,0.0,31.55,31.63,1.8
2025-02-24 19:00:00,0.0,0.0,30.42,31.63,2.11
2025-02-24 20:00:00,0.0,0.0,29.3,32.48,2.16
2025-02-24 21:00:00,0.0,0.0,28.24,33.51,1.99
2025-02-24 22:00:00,0.0,0.0,27.33,34.43,1.76
2025-02-24 23:00:00,0.0,0.0,26.5,35.04,1.62
2025-02-25 00:00:00,0.0,0.0,25.54,35.67,1.63
2025-02-25 01:00:00,0.0,0.0,24.67,36.07,1.94
2025-02-25 02:00:00,0.0,0.0,23.86,36.68,2.48
2025-02-25 03:00:00,0.0,0.0,22.96,38.34,2.82
2025-02-25 04:00:00,0.0,0.0,21.94,40.98,2.67
2025-02-25 05:00:00,0.0,0.0,21.16,43.38,2.48
2025-02-25 06:00:00,15.15,14.8,21.11,43.8,2.94
2025-02-25 07:00:00,136.52,137.48,22.68,40.17,2.97
2025-02-25 08:00:00,311.12,311.3,26.41,28.01,3.72
2025-02-25 09:00:00,514.7,536.97,30.28,17.37,5.26
2025-02-25 10:00:00,696.0,708.97,33.46,12.84,5.88
2025-02-25 11:00:00,786.22,812.8,35.61,11.77,5.64
2025-02-25 12:00:00,808.25,862.5,36.98,11.44,5.19
2025-02-25 13:00:00,691.88,792.47,37.65,11.29,4.74
2025-02-25 14:00:00,573.55,642.62,37.68,11.39,4.37
2025-02-25 15:00:00,400.65,438.33,37.19,11.86,3.98
2025-02-25 16:00:00,207.45,221.07,36.09,13.0,3.57
2025-02-25 17:00:00,59.62,61.67,32.87,20.81,1.72
2025-02-25 18:00:00,0.0,0.0,29.94,26.83,1.48
2025-02-25 19:00:00,0.0,0.0,29.02,28.39,1.51
2025-02-25 20:00:00,0.0,0.0,28.23,30.36,1.45
2025-02-25 21:00:00,0.0,0.0,27.83,31.93,1.42
2025-02-25 22:00:00,0.0,0.0,27.35,33.27,1.46
2025-02-25 23:00:00,0.0,0.0,26.72,34.56,1.69
2025-02-26 00:00:00,0.0,0.0,25.95,35.73,2.28
2025-02-26 01:00:00,0.0,0.0,24.99,37.55,3.01
2025-02-26 02:00:00,0.0,0.0,23.86,39.95,3.31
2025-02-26 03:00:00,0.0,0.0,22.75,41.86,3.22
2025-02-26 04:00:00,0.0,0.0,21.73,43.33,3.03
2025-02-26 05:00:00,0.0,0.0,20.85,44.08,2.93
2025-02-26 06:00:00,14.12,14.12,20.58,42.96,3.28
2025-02-26 07:00:00,151.62,151.98,22.31,37.14,3.36
2025-02-26 08:00:00,317.25,317.83,26.62,24.12,4.22
2025-02-26 09:00:00,516.28,517.03,31.45,12.35,6.41
2025-02-26 10:00:00,677.78,678.5,34.34,9.73,6.31
2025-02-26 11:00:00,781.35,782.0,36.1,9.31,5.75
2025-02-26 12:00:00,798.42,798.85,37.2,9.36,5.21
2025-02-26 13:00:00,694.85,716.97,37.71,9.55,4.81
2025-02-26 14:00:00,573.62,575.67,37.62,9.91,4.49
2025-02-26 15:00:00,397.2,398.77,36.73,10.65,4.21
2025-02-26 16:00:00,190.88,192.68,35.49,11.76,3.88
2025-02-26 17:00:00,54.65,55.0,32.77,16.65,2.31
2025-02-26 18:00:00,0.0,0.0,30.61,20.24,2.07
2025-02-26 19:00:00,0.0,0.0,29.92,21.11,2.06
2025-02-26 20:00:00,0.0,0.0,29.21,22.67,1.85
2025-02-26 21:00:00,0.0,0.0,28.55,24.38,1.62
2025-02-26 22:00:00,0.0,0.0,27.96,25.98,1.47
2025-02-26 23:00:00,0.0,0.0,27.38,27.56,1.43
2025-02-27 00:00:00,0.0,0.0,26.68,29.75,1.46
2025-02-27 01:00:00,0.0,0.0,25.83,32.73,1.6
2025-02-27 02:00:00,0.0,0.0,24.88,36.64,1.72
2025-02-27 03:00:00,0.0,0.0,23.87,41.59,1.73
2025-02-27 04:00:00,0.0,0.0,22.82,47.38,1.38
2025-02-27 05:00:00,0.0,0.0,22.22,51.64,1.07
2025-02-27 06:00:00,14.1,13.9,22.6,52.91,1.08
2025-02-27 07:00:00,122.78,123.3,24.52,48.43,1.75
2025-02-27 08:00:00,295.17,296.75,28.22,42.45,1.41
2025-02-27 09:00:00,488.58,495.92,31.63,31.17,2.05
2025-02-27 10:00:00,651.12,663.08,34.04,23.75,2.77
2025-02-27 11:00:00,758.72,765.47,35.54,20.14,3.11
2025-02-27 12:00:00,796.92,801.4,36.63,18.24,3.27
2025-02-27 13:00:00,735.6,735.97,37.24,17.27,3.34
2025-02-27 14:00:00,596.1,596.3,37.25,17.17,3.27
2025-02-27 15:00:00,399.12,399.25,36.72,17.84,3.21
2025-02-27 16:00:00,199.55,200.43,35.76,19.27,3.04
2025-02-27 17:00:00,55.97,55.78,33.32,25.95,1.67
2025-02-27 18:00:00,0.0,0.0,31.32,30.24,1.74
2025-02-27 19:00:00,0.0,0.0,30.62,31.64,2.08
2025-02-27 20:00:00,0.0,0.0,29.85,33.77,2.16
2025-02-27 21:00:00,0.0,0.0,29.14,35.82,1.96
2025-02-27 22:00:00,0.0,0.0,28.48,37.99,1.59
2025-02-27 23:00:00,0.0,0.0,27.87,40.02,1.36
2025-02-28 00:00:00,0.0,0.0,27.22,41.97,1.31
2025-02-28 01:00:00,0.0,0.0,26.35,44.5,1.38
2025-02-28 02:00:00,0.0,0.0,25.5,47.6,1.44
2025-02-28 03:00:00,0.0,0.0,24.83,50.63,1.42
2025-02-28 04:00:00,0.0,0.0,24.28,53.49,1.27
2025-02-28 05:00:00,0.0,0.0,23.83,55.95,1.07
2025-02-28 06:00:00,14.02,14.02,24.16,55.67,1.46
2025-02-28 07:00:00,131.38,131.5,25.97,50.25,2.03
2025-02-28 08:00:00,291.2,291.8,29.29,40.24,2.38
2025-02-28 09:00:00,483.23,483.42,32.98,31.05,3.42
2025-02-28 10:00:00,658.1,658.4,35.58,25.94,4.0
2025-02-28 11:00:00,763.45,763.67,37.38,22.79,4.24
2025-02-28 12:00:00,787.2,787.33,38.55,20.72,4.38
2025-02-28 13:00:00,725.85,725.85,39.17,19.46,4.4
2025-02-28 14:00:00,582.0,583.22,39.18,18.96,4.3
2025-02-28 15:00:00,382.58,384.35,38.58,19.25,4.09
2025-02-28 16:00:00,197.35,199.25,37.59,20.19,3.65
2025-02-28 17:00:00,54.97,55.05,35.02,25.65,1.83
2025-02-28 18:00:00,0.0,0.0,32.48,30.58,1.54
2025-02-28 19:00:00,0.0,0.0,31.49,32.03,1.59
2025-02-28 20:00:00,0.0,0.0,30.5,34.35,1.47
2025-02-28 21:00:00,0.0,0.0,29.7,36.78,1.26
2025-02-28 22:00:00,0.0,0.0,29.06,38.75,1.08
2025-02-28 23:00:00,0.0,0.0,28.54,40.09,1.0
2025-03-01 00:00:00,0.0,0.0,27.91,41.31,1.01
2025-03-01 01:00:00,0.0,0.0,27.08,43.03,1.06
2025-03-01 02:00:00,0.0,0.0,26.44,44.89,1.1
2025-03-01 03:00:00,0.0,0.0,25.88,47.19,1.09
2025-03-01 04:00:00,0.0,0.0,25.41,49.99,1.04
2025-03-01 05:00:00,0.0,0.0,25.06,53.14,0.99
2025-03-01 06:00:00,16.75,16.02,25.56,54.55,1.23
2025-03-01 07:00:00,140.43,141.7,27.75,53.09,2.16
2025-03-01 08:00:00,324.17,337.95,30.87,48.2,2.78
2025-03-01 09:00:00,531.38,547.17,33.84,38.8,2.17
2025-03-01 10:00:00,705.62,715.5,36.23,31.59,1.38
2025-03-01 11:00:00,806.45,806.88,37.92,27.9,1.28
2025-03-01 12:00:00,831.2,838.05,39.02,26.08,1.51
2025-03-01 13:00:00,766.9,778.05,39.54,25.33,1.72
2025-03-01 14:00:00,629.55,630.25,39.58,25.23,1.95
2025-03-01 15:00:00,426.67,427.58,38.68,26.54,2.22
2025-03-01 16:00:00,228.77,235.23,37.88,27.9,2.44
2025-03-01 17:00:00,63.92,64.72,36.42,31.98,1.59
2025-03-01 18:00:00,0.0,0.0,34.36,37.32,1.25
2025-03-01 19:00:00,0.0,0.0,33.41,38.26,1.35
2025-03-01 20:00:00,0.0,0.0,32.36,39.1,1.37
2025-03-01 21:00:00,0.0,0.0,31.31,40.01,1.3
2025-03-01 22:00:00,0.0,0.0,30.33,41.16,1.14
2025-03-01 23:00:00,0.0,0.0,29.45,42.64,1.01
2025-03-02 00:00:00,0.0,0.0,28.68,44.32,0.92
2025-03-02 01:00:00,0.0,0.0,28.05,46.19,0.9
2025-03-02 02:00:00,0.0,0.0,27.51,48.46,0.96
2025-03-02 03:00:00,0.0,0.0,26.92,51.71,1.03
2025-03-02 04:00:00,0.0,0.0,26.21,56.78,1.07
2025-03-02 05:00:00,0.0,0.0,25.64,63.03,1.06
2025-03-02 06:00:00,18.8,18.25,26.05,66.11,1.27
2025-03-02 07:00:00,158.7,160.45,28.49,60.47,2.08
2025-03-02 08:00:00,360.67,360.77,31.67,50.04,2.06
2025-03-02 09:00:00,588.75,592.97,34.73,37.01,1.31
2025-03-02 10:00:00,761.7,765.92,37.49,26.73,2.4
2025-03-02 11:00:00,867.6,867.8,39.35,21.8,3.38
2025-03-02 12:00:00,886.08,903.62,40.56,19.01,3.84
2025-03-02 13:00:00,825.53,840.25,41.21,17.32,4.07
2025-03-02 14:00:00,688.12,699.08,41.31,16.36,4.19
2025-03-02 15:00:00,487.23,497.27,40.86,16.08,4.19
2025-03-02 16:00:00,257.08,266.35,39.85,16.56,4.01
2025-03-02 17:00:00,72.45,73.18,37.14,20.59,2.41
2025-03-02 18:00:00,0.0,0.0,34.12,25.4,2.16
2025-03-02 19:00:00,0.0,0.0,33.25,26.54,2.63
2025-03-02 20:00:00,0.0,0.0,32.2,28.86,2.64
2025-03-02 21:00:00,0.0,0.0,31.19,31.55,2.48
2025-03-02 22:00:00,0.0,0.0,30.28,34.29,2.45
2025-03-02 23:00:00,0.0,0.0,29.29,37.36,2.39
2025-03-03 00:00:00,0.0,0.0,28.31,40.58,2.24
2025-03-03 01:00:00,0.0,0.0,27.37,44.09,1.85
2025-03-03 02:00:00,0.0,0.0,26.56,48.03,1.42
2025-03-03 03:00:00,0.0,0.0,26.22,51.76,1.3
2025-03-03 04:00:00,0.0,0.0,26.11,56.33,1.38
2025-03-03 05:00:00,0.0,0.0,26.14,61.38,1.18
2025-03-03 06:00:00,19.38,19.38,26.57,63.9,1.28
2025-03-03 07:00:00,164.98,166.52,29.02,56.71,1.92
2025-03-03 08:00:00,376.83,382.0,32.42,45.76,2.31
2025-03-03 09:00:00,586.17,598.4,35.35,36.65,1.48
2025-03-03 10:00:00,740.83,769.12,37.72,29.68,0.68
2025-03-03 11:00:00,819.67,871.83,39.7,24.93,1.5
2025-03-03 12:00:00,896.53,911.25,40.96,22.38,2.22
2025-03-03 13:00:00,844.9,846.6,41.64,21.0,2.65
2025-03-03 14:00:00,695.62,707.2,41.76,20.48,2.9
2025-03-03 15:00:00,494.2,494.35,41.33,20.66,3.08
2025-03-03 16:00:00,262.7,270.83,40.44,21.36,3.06
2025-03-03 17:00:00,71.85,74.53,38.3,25.63,1.68
2025-03-03 18:00:00,0.0,0.0,35.52,32.36,1.0
2025-03-03 19:00:00,0.0,0.0,34.52,34.34,1.0
2025-03-03 20:00:00,0.0,0.0,33.27,37.28,1.04
2025-03-03 21:00:00,0.0,0.0,32.03,40.93,1.24
2025-03-03 22:00:00,0.0,0.0,31.23,45.26,1.66
2025-03-03 23:00:00,0.0,0.0,30.69,50.83,2.22
2025-03-04 00:00:00,0.0,0.0,30.23,56.55,2.72
2025-03-04 01:00:00,0.0,0.0,29.7,61.36,2.87
2025-03-04 02:00:00,0.0,0.0,29.2,64.58,2.92
2025-03-04 03:00:00,0.0,0.0,28.85,66.16,3.1
2025-03-04 04:00:00,0.0,0.0,28.56,66.92,3.17
2025-03-04 05:00:00,0.0,0.0,28.26,67.67,3.22
2025-03-04 06:00:00,20.0,20.25,28.35,66.87,3.65
2025-03-04 07:00:00,158.98,164.77,30.15,59.0,4.14
2025-03-04 08:00:00,368.88,387.35,32.75,48.69,4.06
2025-03-04 09:00:00,571.7,605.08,35.43,39.97,3.43
2025-03-04 10:00:00,726.58,774.22,37.64,33.97,2.26
2025-03-04 11:00:00,812.22,870.72,39.18,29.88,0.81
2025-03-04 12:00:00,819.67,886.22,40.39,26.44,0.6
2025-03-04 13:00:00,796.0,817.25,41.18,24.13,1.55
2025-03-04 14:00:00,659.2,672.58,41.29,23.13,2.18
2025-03-04 15:00:00,459.8,473.1,40.86,22.95,2.59
2025-03-04 16:00:00,236.02,251.15,39.94,23.71,2.69
2025-03-04 17:00:00,68.0,69.3,38.27,26.9,1.89
2025-03-04 18:00:00,0.0,0.0,36.45,32.74,1.12
2025-03-04 19:00:00,0.0,0.0,35.73,34.54,1.21
2025-03-04 20:00:00,0.0,0.0,34.92,36.91,1.31
2025-03-04 21:00:00,0.0,0.0,34.17,39.38,1.69
2025-03-04 22:00:00,0.0,0.0,33.51,42.56,2.46
2025-03-04 23:00:00,0.0,0.0,32.8,46.95,3.11
2025-03-05 00:00:00,0.0,0.0,32.14,51.45,3.48
2025-03-05 01:00:00,0.0,0.0,31.46,55.41,3.81
2025-03-05 02:00:00,0.0,0.0,30.79,58.28,4.05
2025-03-05 03:00:00,0.0,0.0,30.26,60.18,3.91
2025-03-05 04:00:00,0.0,0.0,29.82,61.7,4.01
2025-03-05 05:00:00,0.0,0.0,29.3,63.98,3.97
2025-03-05 06:00:00,19.9,19.7,29.09,65.24,4.46
2025-03-05 07:00:00,153.52,165.55,30.19,61.13,5.67
2025-03-05 08:00:00,353.35,388.25,31.93,54.47,5.79
2025-03-05 09:00:00,532.7,606.28,33.66,48.14,5.18
2025-03-05 10:00:00,630.12,776.72,35.3,42.58,4.07
2025-03-05 11:00:00,714.67,873.97,36.98,37.31,2.82
2025-03-05 12:00:00,690.8,859.2,38.3,32.99,1.48
2025-03-05 13:00:00,610.45,795.8,39.06,29.99,0.14
2025-03-05 14:00:00,449.73,655.97,39.3,28.27,1.01
2025-03-05 15:00:00,300.02,462.1,38.84,28.26,1.8
2025-03-05 16:00:00,157.07,246.05,38.05,29.31,2.17
2025-03-05 17:00:00,52.33,66.38,36.84,32.1,1.81
2025-03-05 18:00:00,0.0,0.0,35.32,36.75,1.57
2025-03-05 19:00:00,0.0,0.0,34.8,38.11,2.54
2025-03-05 20:00:00,0.0,0.0,34.1,41.35,3.41
2025-03-05 21:00:00,0.0,0.0,33.31,45.76,4.04
2025-03-05 22:00:00,0.0,0.0,32.53,50.03,4.22
2025-03-05 23:00:00,0.0,0.0,31.88,53.1,4.18
2025-03-06 00:00:00,0.0,0.0,31.3,55.03,4.36
2025-03-06 01:00:00,0.0,0.0,30.69,56.81,4.42
2025-03-06 02:00:00,0.0,0.0,30.01,59.3,4.54
2025-03-06 03:00:00,0.0,0.0,29.25,62.71,4.61
2025-03-06 04:00:00,0.0,0.0,28.6,65.93,4.63
2025-03-06 05:00:00,0.0,0.0,28.11,68.15,4.39
2025-03-06 06:00:00,22.65,21.3,27.93,68.67,4.41
2025-03-06 07:00:00,163.18,175.73,28.52,65.73,4.97
2025-03-06 08:00:00,382.02,404.35,29.72,60.46,5.18
2025-03-06 09:00:00,557.45,628.38,31.26,54.79,4.84
2025-03-06 10:00:00,767.0,795.28,32.68,50.24,4.04
2025-03-06 11:00:00,853.33,893.12,33.59,47.31,2.97
2025-03-06 12:00:00,887.85,930.65,34.22,45.4,1.86
2025-03-06 13:00:00,828.55,865.72,34.39,44.67,0.91
2025-03-06 14:00:00,669.0,728.55,34.35,44.36,0.26
2025-03-06 15:00:00,501.62,528.03,34.27,43.93,0.75
2025-03-06 16:00:00,267.67,292.6,33.99,44.07,1.09
2025-03-06 17:00:00,77.53,81.43,33.34,46.56,0.82
2025-03-06 18:00:00,0.0,0.0,32.21,50.11,0.74
2025-03-06 19:00:00,0.0,0.0,31.82,50.84,1.07
2025-03-06 20:00:00,0.0,0.0,31.49,51.84,1.46
2025-03-06 21:00:00,0.0,0.0,31.2,53.21,2.06
2025-03-06 22:00:00,0.0,0.0,30.8,55.28,2.61
2025-03-06 23:00:00,0.0,0.0,30.37,57.47,2.93
2025-03-07 00:00:00,0.0,0.0,29.98,59.51,3.02
2025-03-07 01:00:00,0.0,0.0,29.54,61.97,2.78
2025-03-07 02:00:00,0.0,0.0,29.12,64.36,2.44
2025-03-07 03:00:00,0.0,0.0,28.72,66.49,2.02
2025-03-07 04:00:00,0.0,0.0,28.38,68.23,1.82
2025-03-07 05:00:00,0.0,0.0,28.06,70.05,1.91
2025-03-07 06:00:00,23.33,23.45,27.96,71.04,2.2
2025-03-07 07:00:00,187.9,189.1,29.1,65.22,2.78
2025-03-07 08:00:00,420.48,421.88,31.13,56.35,3.34
2025-03-07 09:00:00,639.17,639.95,33.34,48.92,3.19
2025-03-07 10:00:00,809.45,809.6,35.34,43.21,2.49
2025-03-07 11:00:00,904.9,905.4,36.65,39.67,1.51
2025-03-07 12:00:00,888.42,913.35,37.34,37.33,0.62
2025-03-07 13:00:00,848.8,850.22,37.66,35.52,0.83
2025-03-07 14:00:00,700.95,707.35,37.56,34.89,1.34
2025-03-07 15:00:00,485.5,506.92,37.06,35.55,1.63
2025-03-07 16:00:00,259.38,275.9,36.28,37.26,1.86
2025-03-07 17:00:00,73.72,75.32,35.12,42.01,1.45
2025-03-07 18:00:00,0.0,0.0,33.58,49.42,0.98
2025-03-07 19:00:00,0.0,0.0,32.97,51.18,1.05
2025-03-07 20:00:00,0.0,0.0,32.42,53.13,1.03
2025-03-07 21:00:00,0.0,0.0,31.94,54.9,0.95
2025-03-07 22:00:00,0.0,0.0,31.41,56.06,1.01
2025-03-07 23:00:00,0.0,0.0,30.88,56.7,1.33
2025-03-08 00:00:00,0.0,0.0,30.38,57.83,1.9
2025-03-08 01:00:00,0.0,0.0,29.9,59.51,2.59
2025-03-08 02:00:00,0.0,0.0,29.28,62.06,2.85
2025-03-08 03:00:00,0.0,0.0,28.75,64.5,2.85
2025-03-08 04:00:00,0.0,0.0,28.32,66.68,2.75
2025-03-08 05:00:00,0.0,0.0,27.95,68.62,2.52
2025-03-08 06:00:00,17.98,23.05,28.16,68.05,2.87
2025-03-08 07:00:00,132.05,187.1,30.57,57.83,3.67
2025-03-08 08:00:00,294.73,417.88,33.15,48.67,3.68
2025-03-08 09:00:00,466.85,635.15,35.23,42.53,2.89
2025-03-08 10:00:00,656.88,802.9,37.02,37.55,1.73
2025-03-08 11:00:00,678.05,898.53,38.37,33.68,1.14
2025-03-08 12:00:00,691.4,913.55,39.3,30.55,1.71
2025-03-08 13:00:00,648.9,848.03,39.73,28.69,2.39
2025-03-08 14:00:00,536.3,706.17,39.65,27.97,2.95
2025-03-08 15:00:00,382.27,506.85,39.0,28.6,3.39
2025-03-08 16:00:00,218.27,278.52,37.77,31.03,3.67
2025-03-08 17:00:00,69.07,76.5,35.81,36.81,3.56
2025-03-08 18:00:00,0.0,0.0,33.59,45.9,3.73
2025-03-08 19:00:00,0.0,0.0,32.24,53.94,4.02
2025-03-08 20:00:00,0.0,0.0,31.27,60.55,3.61
2025-03-08 21:00:00,0.0,0.0,30.72,64.4,3.19
2025-03-08 22:00:00,0.0,0.0,30.29,66.64,2.99
2025-03-08 23:00:00,0.0,0.0,29.87,68.38,3.03
2025-03-09 00:00:00,0.0,0.0,29.34,70.6,3.12
2025-03-09 01:00:00,0.0,0.0,28.84,72.97,3.2
2025-03-09 02:00:00,0.0,0.0,28.43,74.98,3.09
2025-03-09 03:00:00,0.0,0.0,28.1,76.47,2.78
2025-03-09 04:00:00,0.0,0.0,27.81,77.82,2.42
2025-03-09 05:00:00,0.0,0.0,27.51,79.27,2.06
2025-03-09 06:00:00,25.67,23.8,27.68,78.5,2.27
2025-03-09 07:00:00,183.27,187.48,29.27,70.59,2.97
2025-03-09 08:00:00,410.77,418.9,31.3,60.66,3.11
2025-03-09 09:00:00,630.0,630.75,32.65,54.7,2.68
2025-03-09 10:00:00,799.75,802.65,33.84,50.1,2.15
2025-03-09 11:00:00,896.08,900.58,34.79,46.4,1.52
2025-03-09 12:00:00,919.92,922.35,35.4,43.56,0.97
2025-03-09 13:00:00,787.0,853.42,35.69,41.53,0.75
2025-03-09 14:00:00,692.53,707.25,35.64,40.38,0.77
2025-03-09 15:00:00,491.12,503.15,35.59,39.65,0.9
2025-03-09 16:00:00,229.8,275.45,35.29,39.92,1.05
2025-03-09 17:00:00,54.72,77.2,34.17,46.58,0.83
2025-03-09 18:00:00,0.0,0.0,32.17,57.88,0.74
2025-03-09 19:00:00,0.0,0.0,31.3,58.76,0.91
2025-03-09 20:00:00,0.0,0.0,30.6,59.66,1.06
2025-03-09 21:00:00,0.0,0.0,29.9,61.46,1.26
2025-03-09 22:00:00,0.0,0.0,29.37,63.71,1.53
2025-03-09 23:00:00,0.0,0.0,28.9,66.66,1.88
2025-03-10 00:00:00,0.0,0.0,28.47,70.24,2.31
2025-03-10 01:00:00,0.0,0.0,28.04,73.57,2.46
2025-03-10 02:00:00,0.0,0.0,27.67,76.17,2.5
2025-03-10 03:00:00,0.0,0.0,27.26,78.49,2.45
2025-03-10 04:00:00,0.0,0.0,26.93,80.14,2.55
2025-03-10 05:00:00,0.0,0.0,26.66,81.61,2.48
2025-03-10 06:00:00,25.5,25.6,27.09,79.76,3.12
2025-03-10 07:00:00,183.43,197.3,29.66,67.04,3.87
2025-03-10 08:00:00,407.02,433.7,32.76,53.39,3.92
2025-03-10 09:00:00,607.85,654.53,35.1,45.15,3.31
2025-03-10 10:00:00,760.8,819.53,36.93,39.1,2.49
2025-03-10 11:00:00,906.12,918.12,38.44,34.16,1.79
2025-03-10 12:00:00,921.58,923.62,39.6,30.57,1.66
2025-03-10 13:00:00,804.65,859.7,40.18,28.71,2.11
2025-03-10 14:00:00,595.35,716.67,40.01,28.61,2.69
2025-03-10 15:00:00,385.8,514.65,39.12,30.04,3.25
2025-03-10 16:00:00,204.4,281.12,37.89,32.67,3.6
2025-03-10 17:00:00,64.55,78.0,36.09,38.36,3.17
2025-03-10 18:00:00,0.0,0.0,33.96,46.57,2.91
2025-03-10 19:00:00,0.0,0.0,32.85,51.54,3.49
2025-03-10 20:00:00,0.0,0.0,31.82,57.33,3.5
2025-03-10 21:00:00,0.0,0.0,31.05,62.04,3.26
2025-03-10 22:00:00,0.0,0.0,30.46,65.43,2.93
2025-03-10 23:00:00,0.0,0.0,29.99,67.78,2.7
2025-03-11 00:00:00,0.0,0.0,29.49,69.89,2.41
2025-03-11 01:00:00,0.0,0.0,29.02,71.75,2.26
2025-03-11 02:00:00,0.0,0.0,28.62,73.25,2.23
2025-03-11 03:00:00,0.0,0.0,28.27,74.75,2.35
2025-03-11 04:00:00,0.0,0.0,27.93,76.45,2.33
2025-03-11 05:00:00,0.0,0.0,27.6,78.3,2.13
2025-03-11 06:00:00,21.92,25.73,27.86,77.53,2.58
2025-03-11 07:00:00,166.27,196.1,29.79,66.96,3.56
2025-03-11 08:00:00,377.4,430.88,32.15,54.79,3.85
2025-03-11 09:00:00,578.5,645.35,34.32,46.82,3.37
2025-03-11 10:00:00,753.33,814.0,36.07,41.52,2.71
2025-03-11 11:00:00,820.08,912.35,37.05,38.55,2.27
2025-03-11 12:00:00,799.53,945.12,37.84,36.15,2.1
2025-03-11 13:00:00,772.33,879.5,38.2,34.86,2.24
2025-03-11 14:00:00,628.1,735.8,38.01,34.82,2.52
2025-03-11 15:00:00,450.15,530.45,37.24,36.37,2.68
2025-03-11 16:00:00,248.35,292.5,36.09,39.73,2.59
2025-03-11 17:00:00,77.93,81.85,34.29,48.55,2.03
2025-03-11 18:00:00,0.0,0.0,32.29,58.01,1.71
2025-03-11 19:00:00,0.0,0.0,31.51,60.6,2.18
2025-03-11 20:00:00,0.0,0.0,30.8,63.7,2.44
2025-03-11 21:00:00,0.0,0.0,30.15,66.76,2.61
2025-03-11 22:00:00,0.0,0.0,29.5,69.99,2.67
2025-03-11 23:00:00,0.0,0.0,28.86,73.3,2.46
2025-03-12 00:00:00,0.0,0.0,28.29,76.36,2.27
2025-03-12 01:00:00,0.0,0.0,27.81,79.1,2.04
2025-03-12 02:00:00,0.0,0.0,27.41,81.49,1.76
2025-03-12 03:00:00,0.0,0.0,27.08,83.34,1.48
2025-03-12 04:00:00,0.0,0.0,26.84,84.53,1.3
2025-03-12 05:00:00,0.0,0.0,26.59,85.64,1.12
2025-03-12 06:00:00,24.5,25.67,26.97,83.62,1.73
2025-03-12 07:00:00,165.25,183.8,29.33,69.8,2.4
2025-03-12 08:00:00,379.5,410.45,32.42,54.1,2.61
2025-03-12 09:00:00,609.97,626.92,34.7,45.18,1.94
2025-03-12 10:00:00,783.1,794.62,36.7,38.22,0.98
2025-03-12 11:00:00,887.78,893.12,38.45,33.11,1.25
2025-03-12 12:00:00,950.33,955.95,39.33,30.89,2.19
2025-03-12 13:00:00,873.83,890.75,39.61,30.22,2.99
2025-03-12 14:00:00,727.53,748.67,39.22,30.9,3.52
2025-03-12 15:00:00,464.75,544.2,38.74,31.95,3.85
2025-03-12 16:00:00,254.3,303.08,37.74,33.94,3.97
2025-03-12 17:00:00,77.93,85.72,35.88,39.04,3.63
2025-03-12 18:00:00,0.0,0.0,33.56,47.13,3.61
2025-03-12 19:00:00,0.0,0.0,32.16,53.47,4.09
2025-03-12 20:00:00,0.0,0.0,30.95,60.09,3.55
2025-03-12 21:00:00,0.0,0.0,30.02,65.96,2.14
2025-03-12 22:00:00,0.0,0.0,29.38,70.72,0.45
2025-03-12 23:00:00,0.0,0.0,29.06,71.84,0.99
2025-03-13 00:00:00,0.0,0.0,28.83,71.63,1.79
2025-03-13 01:00:00,0.0,0.0,28.55,72.15,1.33
2025-03-13 02:00:00,0.0,0.0,28.29,72.85,1.03
2025-03-13 03:00:00,0.0,0.0,28.15,72.82,1.3
2025-03-13 04:00:00,0.0,0.0,27.91,73.31,1.46
2025-03-13 05:00:00,0.0,0.0,27.58,74.44,1.42
2025-03-13 06:00:00,24.77,28.7,27.93,72.94,1.9
2025-03-13 07:00:00,168.32,211.27,29.49,65.59,2.85
2025-03-13 08:00:00,342.2,449.65,31.3,58.11,2.7
2025-03-13 09:00:00,542.38,663.22,33.23,50.37,2.02
2025-03-13 10:00:00,744.05,827.58,34.83,44.01,1.38
2025-03-13 11:00:00,849.8,921.28,36.23,39.17,1.1
2025-03-13 12:00:00,854.85,937.45,37.5,35.41,1.37
2025-03-13 13:00:00,792.97,868.38,38.32,32.97,1.83
2025-03-13 14:00:00,644.62,725.28,38.62,31.74,2.41
2025-03-13 15:00:00,457.95,521.72,38.29,31.83,3.05
2025-03-13 16:00:00,246.15,285.83,37.34,33.5,3.63
2025-03-13 17:00:00,72.82,79.35,35.38,39.17,3.48
2025-03-13 18:00:00,0.0,0.0,33.07,47.52,3.52
2025-03-13 19:00:00,0.0,0.0,31.89,53.04,4.12
2025-03-13 20:00:00,0.0,0.0,30.75,59.5,3.98
2025-03-13 21:00:00,0.0,0.0,29.87,64.8,3.52
2025-03-13 22:00:00,0.0,0.0,29.16,69.29,3.22
2025-03-13 23:00:00,0.0,0.0,28.47,73.58,3.01
2025-03-14 00:00:00,0.0,0.0,27.72,78.59,2.71
2025-03-14 01:00:00,0.0,0.0,26.9,85.04,2.41
2025-03-14 02:00:00,0.0,0.0,26.4,88.46,2.29
2025-03-14 03:00:00,0.0,0.0,26.04,90.49,2.21
2025-03-14 04:00:00,0.0,0.0,25.75,91.99,2.22
2025-03-14 05:00:00,0.0,0.0,25.51,93.21,2.26
2025-03-14 06:00:00,27.52,27.77,25.61,92.83,2.74
2025-03-14 07:00:00,185.38,196.95,26.84,86.57,3.32
2025-03-14 08:00:00,423.27,429.52,28.59,76.9,3.79
2025-03-14 09:00:00,628.12,647.22,30.44,67.44,3.82
2025-03-14 10:00:00,795.92,813.8,31.84,61.01,3.41
2025-03-14 11:00:00,900.25,908.33,32.96,55.75,2.9
2025-03-14 12:00:00,928.33,932.35,33.79,51.42,2.2
2025-03-14 13:00:00,794.9,863.67,34.27,48.32,1.36
2025-03-14 14:00:00,651.55,720.38,34.46,46.35,0.4
2025-03-14 15:00:00,410.67,518.28,34.45,45.05,0.4
2025-03-14 16:00:00,191.02,283.9,34.1,45.53,0.95
2025-03-14 17:00:00,56.5,78.85,32.9,53.57,0.88
2025-03-14 18:00:00,0.0,0.0,31.0,68.2,0.73
2025-03-14 19:00:00,0.0,0.0,30.07,70.59,0.88
2025-03-14 20:00:00,0.0,0.0,29.25,71.41,1.09
2025-03-14 21:00:00,0.0,0.0,28.62,71.51,1.48
2025-03-14 22:00:00,0.0,0.0,28.08,72.25,2.04
2025-03-14 23:00:00,0.0,0.0,27.57,74.66,2.62
2025-03-15 00:00:00,0.0,0.0,27.04,78.36,3.06
2025-03-15 01:00:00,0.0,0.0,26.58,82.0,3.32
2025-03-15 02:00:00,0.0,0.0,26.21,84.64,3.35
2025-03-15 03:00:00,0.0,0.0,25.93,86.53,3.15
2025-03-15 04:00:00,0.0,0.0,25.69,88.19,2.84
2025-03-15 05:00:00,0.0,0.0,25.42,90.11,2.36
2025-03-15 06:00:00,26.4,28.7,25.76,89.14,2.55
2025-03-15 07:00:00,174.5,201.57,27.94,77.5,3.34
2025-03-15 08:00:00,391.3,428.77,30.79,62.91,3.93
2025-03-15 09:00:00,593.05,646.9,32.91,54.13,3.31
2025-03-15 10:00:00,755.15,814.33,34.72,47.55,2.27
2025-03-15 11:00:00,878.2,911.4,36.29,42.15,2.02
2025-03-15 12:00:00,945.3,949.25,37.46,38.4,2.58
2025-03-15 13:00:00,847.25,882.75,37.92,36.61,3.14
2025-03-15 14:00:00,716.25,739.1,37.68,36.29,3.54
2025-03-15 15:00:00,515.38,533.45,37.03,37.09,3.62
2025-03-15 16:00:00,273.12,293.77,36.02,39.52,3.26
2025-03-15 17:00:00,81.4,81.88,34.11,49.86,1.78
2025-03-15 18:00:00,0.0,0.0,31.99,63.24,1.04
2025-03-15 19:00:00,0.0,0.0,31.34,66.92,0.93
2025-03-15 20:00:00,0.0,0.0,30.71,70.1,0.88
2025-03-15 21:00:00,0.0,0.0,30.01,72.52,0.95
2025-03-15 22:00:00,0.0,0.0,29.41,73.67,1.28
2025-03-15 23:00:00,0.0,0.0,28.97,74.74,1.78
2025-03-16 00:00:00,0.0,0.0,28.59,76.38,2.15
2025-03-16 01:00:00,0.0,0.0,28.2,78.55,2.19
2025-03-16 02:00:00,0.0,0.0,27.85,80.71,2.07
2025-03-16 03:00:00,0.0,0.0,27.53,82.99,1.73
2025-03-16 04:00:00,0.0,0.0,27.22,85.35,1.37
2025-03-16 05:00:00,0.0,0.0,26.94,87.56,1.13
2025-03-16 06:00:00,30.25,29.83,27.12,87.24,1.48
2025-03-16 07:00:00,196.02,201.48,28.25,80.97,1.91
2025-03-16 08:00:00,433.05,433.2,30.26,68.57,2.1
2025-03-16 09:00:00,655.58,655.78,32.05,59.6,1.68
2025-03-16 10:00:00,825.55,825.78,33.22,54.97,1.14
2025-03-16 11:00:00,912.1,924.15,34.19,51.32,1.23
2025-03-16 12:00:00,910.88,940.83,34.71,48.77,1.52
2025-03-16 13:00:00,830.17,875.58,35.08,46.69,1.71
2025-03-16 14:00:00,661.47,733.83,35.02,45.53,1.77
2025-03-16 15:00:00,368.75,529.97,34.72,45.11,1.8
2025-03-16 16:00:00,171.9,292.48,34.2,46.58,1.72
2025-03-16 17:00:00,53.62,81.68,32.84,56.13,1.03
2025-03-16 18:00:00,0.0,0.0,31.42,63.37,0.86
2025-03-16 19:00:00,0.0,0.0,30.82,65.06,0.94
2025-03-16 20:00:00,0.0,0.0,30.05,68.37,1.02
2025-03-16 21:00:00,0.0,0.0,29.26,71.07,1.19
2025-03-16 22:00:00,0.0,0.0,28.68,72.69,1.58
2025-03-16 23:00:00,0.0,0.0,28.27,74.68,2.2
2025-03-17 00:00:00,0.0,0.0,27.88,77.53,2.73
2025-03-17 01:00:00,0.0,0.0,27.4,81.17,2.76
2025-03-17 02:00:00,0.0,0.0,26.94,84.48,2.49
2025-03-17 03:00:00,0.0,0.0,26.52,87.26,2.14
2025-03-17 04:00:00,0.0,0.0,26.04,90.01,1.66
2025-03-17 05:00:00,0.0,0.0,25.56,92.82,1.33
2025-03-17 06:00:00,29.8,31.52,25.9,91.44,1.91
2025-03-17 07:00:00,175.0,209.77,27.98,79.16,2.61
2025-03-17 08:00:00,388.52,449.15,30.77,63.6,2.88
2025-03-17 09:00:00,577.17,670.92,32.9,54.45,2.47
2025-03-17 10:00:00,796.65,839.92,34.63,48.16,1.9
2025-03-17 11:00:00,920.58,938.15,36.11,42.16,1.5
2025-03-17 12:00:00,962.25,968.38,37.19,37.29,1.59
2025-03-17 13:00:00,898.33,900.47,37.72,33.87,1.99
2025-03-17 14:00:00,753.05,755.47,37.82,32.11,2.37
2025-03-17 15:00:00,542.42,544.95,37.51,31.59,2.7
2025-03-17 16:00:00,268.67,305.88,36.66,32.73,2.76
2025-03-17 17:00:00,70.1,85.72,34.27,45.11,1.48
2025-03-17 18:00:00,0.0,0.0,31.62,56.54,1.09
2025-03-17 19:00:00,0.0,0.0,30.93,58.47,1.03
2025-03-17 20:00:00,0.0,0.0,29.95,62.11,1.01
2025-03-17 21:00:00,0.0,0.0,28.92,65.47,1.16
2025-03-17 22:00:00,0.0,0.0,28.16,67.85,1.48
2025-03-17 23:00:00,0.0,0.0,27.61,70.45,1.88
2025-03-18 00:00:00,0.0,0.0,27.14,73.83,2.26
2025-03-18 01:00:00,0.0,0.0,26.65,78.03,2.59
2025-03-18 02:00:00,0.0,0.0,26.14,82.37,2.76
2025-03-18 03:00:00,0.0,0.0,25.66,86.21,2.76
2025-03-18 04:00:00,0.0,0.0,25.26,89.12,2.58
2025-03-18 05:00:00,0.0,0.0,24.92,91.34,2.35
2025-03-18 06:00:00,32.42,34.05,25.38,89.22,2.91
2025-03-18 07:00:00,194.07,225.3,27.68,76.86,3.89
2025-03-18 08:00:00,415.4,470.65,30.51,62.08,4.18
2025-03-18 09:00:00,612.33,693.95,33.06,51.54,3.68
2025-03-18 10:00:00,790.22,862.55,35.17,44.24,2.9
2025-03-18 11:00:00,920.2,958.9,36.87,38.4,2.28
2025-03-18 12:00:00,956.6,985.28,38.13,33.81,2.01
2025-03-18 13:00:00,884.5,917.45,38.92,30.66,2.1
2025-03-18 14:00:00,742.28,772.95,39.14,28.9,2.39
2025-03-18 15:00:00,529.92,565.45,38.79,28.53,2.78
2025-03-18 16:00:00,259.12,320.17,37.71,29.99,2.98
2025-03-18 17:00:00,70.8,91.43,35.27,39.27,1.94
2025-03-18 18:00:00,0.0,0.0,32.42,49.81,1.77
2025-03-18 19:00:00,0.0,0.0,31.43,52.56,2.3
2025-03-18 20:00:00,0.0,0.0,30.46,57.17,2.7
2025-03-18 21:00:00,0.0,0.0,29.54,62.5,2.87
2025-03-18 22:00:00,0.0,0.0,28.78,66.93,3.0
2025-03-18 23:00:00,0.0,0.0,28.19,70.02,3.19
2025-03-19 00:00:00,0.0,0.0,27.71,71.76,3.4
2025-03-19 01:00:00,0.0,0.0,27.32,72.51,3.54
2025-03-19 02:00:00,0.0,0.0,26.93,73.21,3.56
2025-03-19 03:00:00,0.0,0.0,26.52,74.41,3.37
2025-03-19 04:00:00,0.0,0.0,26.08,76.45,3.1
2025-03-19 05:00:00,0.0,0.0,25.63,79.22,2.87
2025-03-19 06:00:00,34.17,35.22,25.78,79.62,3.18
2025-03-19 07:00:00,200.62,231.32,27.77,71.48,3.55
2025-03-19 08:00:00,400.25,471.95,30.7,59.31,3.76
2025-03-19 09:00:00,596.0,697.83,33.53,48.75,3.48
2025-03-19 10:00:00,729.2,864.47,35.62,42.03,2.96
2025-03-19 11:00:00,853.85,958.97,37.18,37.32,2.47
2025-03-19 12:00:00,827.15,948.22,38.3,33.76,2.19
2025-03-19 13:00:00,689.92,881.9,38.95,30.93,2.16
2025-03-19 14:00:00,592.2,739.15,39.11,29.15,2.32
2025-03-19 15:00:00,339.5,534.47,38.72,28.6,2.62
2025-03-19 16:00:00,187.5,296.1,37.76,29.4,2.89
2025-03-19 17:00:00,58.42,81.7,35.3,39.21,1.87
2025-03-19 18:00:00,0.0,0.0,32.21,51.53,1.49
2025-03-19 19:00:00,0.0,0.0,31.19,54.31,1.73
2025-03-19 20:00:00,0.0,0.0,30.27,58.13,1.96
2025-03-19 21:00:00,0.0,0.0,29.5,62.05,2.37
2025-03-19 22:00:00,0.0,0.0,28.84,65.65,2.75
2025-03-19 23:00:00,0.0,0.0,28.22,68.86,2.84
2025-03-20 00:00:00,0.0,0.0,27.7,71.36,2.98
2025-03-20 01:00:00,0.0,0.0,27.28,73.35,3.31
2025-03-20 02:00:00,0.0,0.0,26.91,75.3,3.63
2025-03-20 03:00:00,0.0,0.0,26.5,77.96,3.54
2025-03-20 04:00:00,0.0,0.0,26.01,81.44,3.1
2025-03-20 05:00:00,0.0,0.0,25.56,84.88,2.58
2025-03-20 06:00:00,33.2,35.4,25.94,83.95,2.94
2025-03-20 07:00:00,204.55,225.55,28.5,70.86,3.38
2025-03-20 08:00:00,440.38,469.92,31.62,55.71,3.31
2025-03-20 09:00:00,643.42,692.85,34.25,45.19,2.92
2025-03-20 10:00:00,813.92,861.25,36.32,38.35,2.32
2025-03-20 11:00:00,946.6,956.88,37.81,33.68,1.74
2025-03-20 12:00:00,949.47,952.83,38.87,30.35,1.57
2025-03-20 13:00:00,875.08,885.15,39.45,28.27,1.8
2025-03-20 14:00:00,734.38,734.95,39.35,27.56,2.21
2025-03-20 15:00:00,516.8,519.7,38.57,28.21,2.78
2025-03-20 16:00:00,249.5,290.0,37.21,30.54,3.25
2025-03-20 17:00:00,61.85,78.55,35.04,37.6,3.12
2025-03-20 18:00:00,0.0,0.0,32.79,46.38,3.95
2025-03-20 19:00:00,0.0,0.0,31.24,55.05,4.75
2025-03-20 20:00:00,0.0,0.0,30.13,62.4,4.64
2025-03-20 21:00:00,0.0,0.0,29.55,66.07,4.32
2025-03-20 22:00:00,0.0,0.0,29.13,67.38,4.13
2025-03-20 23:00:00,0.0,0.0,28.57,69.54,3.64
2025-03-21 00:00:00,0.0,0.0,27.98,71.75,3.4
2025-03-21 01:00:00,0.0,0.0,27.44,73.53,3.27
2025-03-21 02:00:00,0.0,0.0,26.94,75.08,3.03
2025-03-21 03:00:00,0.0,0.0,26.42,76.96,2.79
2025-03-21 04:00:00,0.0,0.0,26.0,78.79,2.68
2025-03-21 05:00:00,0.0,0.0,25.66,80.4,2.49
2025-03-21 06:00:00,29.7,34.53,25.94,79.24,2.94
2025-03-21 07:00:00,175.88,220.75,28.28,65.81,4.35
2025-03-21 08:00:00,342.77,454.3,31.13,51.51,5.13
2025-03-21 09:00:00,540.85,679.9,33.46,42.53,4.96
2025-03-21 10:00:00,654.53,846.78,35.51,36.41,4.39
2025-03-21 11:00:00,786.28,940.42,37.25,32.05,3.53
2025-03-21 12:00:00,833.58,924.9,38.44,29.04,2.48
2025-03-21 13:00:00,757.6,863.28,39.07,27.14,1.5
2025-03-21 14:00:00,616.05,712.28,39.24,26.1,1.06
2025-03-21 15:00:00,422.77,507.95,38.98,25.71,1.32
2025-03-21 16:00:00,230.18,274.8,38.19,26.29,1.77
2025-03-21 17:00:00,69.47,75.7,36.04,34.39,1.5
2025-03-21 18:00:00,0.0,0.0,33.12,43.47,1.86
2025-03-21 19:00:00,0.0,0.0,32.22,43.78,3.19
2025-03-21 20:00:00,0.0,0.0,30.96,49.65,3.86
2025-03-21 21:00:00,0.0,0.0,29.76,56.63,3.68
2025-03-21 22:00:00,0.0,0.0,28.99,61.56,3.26
2025-03-21 23:00:00,0.0,0.0,28.5,64.39,2.92
2025-03-22 00:00:00,0.0,0.0,28.12,66.31,2.8
2025-03-22 01:00:00,0.0,0.0,27.81,67.75,2.9
2025-03-22 02:00:00,0.0,0.0,27.54,69.25,3.16
2025-03-22 03:00:00,0.0,0.0,27.26,70.99,3.53
2025-03-22 04:00:00,0.0,0.0,26.94,73.07,3.8
2025-03-22 05:00:00,0.0,0.0,26.51,75.8,3.72
2025-03-22 06:00:00,30.73,33.28,26.71,75.6,4.07
2025-03-22 07:00:00,153.6,206.8,28.82,65.51,5.06
2025-03-22 08:00:00,308.73,437.25,31.59,53.86,5.34
2025-03-22 09:00:00,470.3,653.28,34.07,45.42,4.87
2025-03-22 10:00:00,664.97,818.38,36.07,39.7,4.02
2025-03-22 11:00:00,802.78,912.92,37.68,35.3,3.13
2025-03-22 12:00:00,843.12,935.95,38.84,31.98,2.44
2025-03-22 13:00:00,793.47,865.95,39.49,29.76,2.18
2025-03-22 14:00:00,600.22,719.7,39.59,28.68,2.41
2025-03-22 15:00:00,408.2,514.38,39.16,28.72,2.93
2025-03-22 16:00:00,234.12,279.42,38.11,30.27,3.41
2025-03-22 17:00:00,74.2,77.43,36.18,35.24,3.1
2025-03-22 18:00:00,0.0,0.0,33.67,44.12,2.91
2025-03-22 19:00:00,0.0,0.0,32.52,49.07,3.95
2025-03-22 20:00:00,0.0,0.0,31.21,55.96,4.12
2025-03-22 21:00:00,0.0,0.0,30.19,61.9,3.81
2025-03-22 22:00:00,0.0,0.0,29.49,65.69,3.43
2025-03-22 23:00:00,0.0,0.0,29.04,67.65,3.15
2025-03-23 00:00:00,0.0,0.0,28.6,69.3,2.99
2025-03-23 01:00:00,0.0,0.0,28.17,70.95,2.87
2025-03-23 02:00:00,0.0,0.0,27.73,72.89,2.79
2025-03-23 03:00:00,0.0,0.0,27.33,74.99,2.74
2025-03-23 04:00:00,0.0,0.0,26.93,77.37,2.68
2025-03-23 05:00:00,0.0,0.0,26.57,79.66,2.58
2025-03-23 06:00:00,37.3,36.12,26.9,78.61,3.11
2025-03-23 07:00:00,191.73,213.65,29.04,67.54,4.31
2025-03-23 08:00:00,402.73,446.2,31.7,55.15,4.66
2025-03-23 09:00:00,611.42,661.78,34.03,46.3,4.27
2025-03-23 10:00:00,785.0,825.65,35.87,40.31,3.56
2025-03-23 11:00:00,893.45,922.78,37.18,36.46,2.73
2025-03-23 12:00:00,926.88,977.78,37.99,34.04,2.35
2025-03-23 13:00:00,855.38,908.03,38.31,32.58,2.58
2025-03-23 14:00:00,656.55,763.83,37.97,32.38,2.99
2025-03-23 15:00:00,417.1,559.28,37.34,33.18,3.32
2025-03-23 16:00:00,228.43,316.83,36.43,34.87,3.39
2025-03-23 17:00:00,74.25,90.18,34.96,39.51,2.62
2025-03-23 18:00:00,0.0,0.0,32.7,49.82,1.56
2025-03-23 19:00:00,0.0,0.0,31.81,53.01,1.6
2025-03-23 20:00:00,0.0,0.0,31.1,55.54,1.65
2025-03-23 21:00:00,0.0,0.0,30.48,57.79,1.68
2025-03-23 22:00:00,0.0,0.0,29.9,59.78,1.67
2025-03-23 23:00:00,0.0,0.0,29.36,61.6,1.69
2025-03-24 00:00:00,0.0,0.0,28.86,63.68,1.81
2025-03-24 01:00:00,0.0,0.0,28.48,65.78,2.05
2025-03-24 02:00:00,0.0,0.0,28.12,68.25,2.31
2025-03-24 03:00:00,0.0,0.0,27.77,70.92,2.28
2025-03-24 04:00:00,0.0,0.0,27.43,73.35,1.94
2025-03-24 05:00:00,0.0,0.0,27.13,75.17,1.48
2025-03-24 06:00:00,34.65,39.95,27.49,73.61,1.65
2025-03-24 07:00:00,194.55,233.25,29.19,64.97,2.48
2025-03-24 08:00:00,417.42,473.9,31.44,54.46,2.71
2025-03-24 09:00:00,633.62,692.42,33.46,46.75,2.21
2025-03-24 10:00:00,790.3,856.67,35.17,41.29,1.43
2025-03-24 11:00:00,886.1,948.05,36.68,37.06,0.9
2025-03-24 12:00:00,864.97,925.75,37.72,33.66,1.29
2025-03-24 13:00:00,743.15,857.53,38.09,31.57,1.82
2025-03-24 14:00:00,567.08,711.5,37.82,30.7,2.25
2025-03-24 15:00:00,357.27,506.23,37.18,30.89,2.5
2025-03-24 16:00:00,176.45,272.35,36.3,32.26,2.6
2025-03-24 17:00:00,53.88,75.25,34.52,40.09,1.77
2025-03-24 18:00:00,0.0,0.0,32.72,45.98,1.91
2025-03-24 19:00:00,0.0,0.0,32.01,47.72,2.81
2025-03-24 20:00:00,0.0,0.0,31.16,51.94,3.37
2025-03-24 21:00:00,0.0,0.0,30.38,56.46,3.36
2025-03-24 22:00:00,0.0,0.0,29.79,60.01,3.15
2025-03-24 23:00:00,0.0,0.0,29.32,62.68,2.92
2025-03-25 00:00:00,0.0,0.0,28.9,64.78,2.8
2025-03-25 01:00:00,0.0,0.0,28.51,66.67,2.82
2025-03-25 02:00:00,0.0,0.0,28.17,68.32,2.92
2025-03-25 03:00:00,0.0,0.0,27.9,69.78,2.97
2025-03-25 04:00:00,0.0,0.0,27.63,71.52,2.91
2025-03-25 05:00:00,0.0,0.0,27.38,73.26,2.76
2025-03-25 06:00:00,38.83,37.92,27.58,72.88,3.04
2025-03-25 07:00:00,214.93,218.4,29.38,63.75,3.6
2025-03-25 08:00:00,448.83,453.67,31.87,52.66,3.94
2025-03-25 09:00:00,663.38,664.08,34.04,45.29,3.73
2025-03-25 10:00:00,831.7,831.88,35.59,40.95,3.3
2025-03-25 11:00:00,919.3,925.7,36.77,38.03,2.89
2025-03-25 12:00:00,917.5,917.92,37.31,36.64,2.53
2025-03-25 13:00:00,625.0,847.78,37.49,36.17,2.29
2025-03-25 14:00:00,533.78,697.08,37.17,36.53,2.14
2025-03-25 15:00:00,392.9,487.62,36.41,37.96,2.17
2025-03-25 16:00:00,200.57,256.1,35.49,40.14,2.35
2025-03-25 17:00:00,57.9,70.9,33.9,48.17,1.89
2025-03-25 18:00:00,0.0,0.0,31.67,60.19,1.59
2025-03-25 19:00:00,0.0,0.0,30.87,61.25,1.92
2025-03-25 20:00:00,0.0,0.0,30.2,63.39,2.08
2025-03-25 21:00:00,0.0,0.0,29.61,65.79,2.14
2025-03-25 22:00:00,0.0,0.0,29.12,67.84,2.18
2025-03-25 23:00:00,0.0,0.0,28.68,69.72,2.22
2025-03-26 00:00:00,0.0,0.0,28.29,71.35,2.25
2025-03-26 01:00:00,0.0,0.0,27.85,73.47,2.27
2025-03-26 02:00:00,0.0,0.0,27.34,76.42,2.17
2025-03-26 03:00:00,0.0,0.0,26.83,79.51,2.14
2025-03-26 04:00:00,0.0,0.0,26.33,83.17,2.03
2025-03-26 05:00:00,0.0,0.0,25.82,87.53,1.84
2025-03-26 06:00:00,21.7,37.08,25.94,88.36,2.38
2025-03-26 07:00:00,123.97,215.7,27.38,81.23,3.3
2025-03-26 08:00:00,260.35,446.95,29.42,69.84,4.19
2025-03-26 09:00:00,383.25,660.35,31.18,61.6,4.19
2025-03-26 10:00:00,413.4,821.05,32.39,56.74,3.82
2025-03-26 11:00:00,447.45,911.08,32.91,54.48,3.42
2025-03-26 12:00:00,505.95,942.85,32.87,54.12,2.99
2025-03-26 13:00:00,363.23,874.12,32.5,55.17,2.64
2025-03-26 14:00:00,374.17,728.25,31.66,58.32,2.35
2025-03-26 15:00:00,298.3,531.25,30.72,62.4,2.15
2025-03-26 16:00:00,179.68,297.0,29.66,67.48,2.15
2025-03-26 17:00:00,50.6,82.1,28.5,74.34,2.08
2025-03-26 18:00:00,0.0,0.0,27.45,80.14,2.24
2025-03-26 19:00:00,0.0,0.0,26.99,81.91,2.72
2025-03-26 20:00:00,0.0,0.0,26.69,83.1,2.89
2025-03-26 21:00:00,0.0,0.0,26.47,83.75,2.79
2025-03-26 22:00:00,0.0,0.0,26.23,84.29,2.54
2025-03-26 23:00:00,0.0,0.0,26.01,84.77,2.26
2025-03-27 00:00:00,0.0,0.0,25.8,85.66,2.13
2025-03-27 01:00:00,0.0,0.0,25.59,87.05,1.99
2025-03-27 02:00:00,0.0,0.0,25.41,88.58,1.78
2025-03-27 03:00:00,0.0,0.0,25.23,90.25,1.44
2025-03-27 04:00:00,0.0,0.0,25.02,92.04,1.11
2025-03-27 05:00:00,0.0,0.0,24.83,93.57,0.91
2025-03-27 06:00:00,37.33,43.78,25.32,91.36,1.52
2025-03-27 07:00:00,179.38,245.32,27.25,80.28,2.76
2025-03-27 08:00:00,360.33,487.27,29.58,67.82,3.54
2025-03-27 09:00:00,595.1,703.25,31.74,58.06,3.36
2025-03-27 10:00:00,762.83,864.42,33.65,50.55,2.91
2025-03-27 11:00:00,899.58,954.08,35.1,45.39,2.4
2025-03-27 12:00:00,956.97,979.78,36.02,42.16,1.9
2025-03-27 13:00:00,899.78,910.58,36.29,40.81,1.41
2025-03-27 14:00:00,751.8,767.05,35.76,41.43,1.07
2025-03-27 15:00:00,529.88,563.45,35.07,42.8,0.88
2025-03-27 16:00:00,302.85,322.15,34.44,44.5,0.78
2025-03-27 17:00:00,87.78,92.95,33.41,51.34,0.65
2025-03-27 18:00:00,0.0,0.0,31.63,64.71,0.6
2025-03-27 19:00:00,0.0,0.0,30.82,64.89,0.86
2025-03-27 20:00:00,0.0,0.0,30.16,65.22,1.21
2025-03-27 21:00:00,0.0,0.0,29.6,66.34,1.59
2025-03-27 22:00:00,0.0,0.0,29.03,68.68,2.15
2025-03-27 23:00:00,0.0,0.0,28.53,71.72,2.69
2025-03-28 00:00:00,0.0,0.0,28.17,74.29,3.24
2025-03-28 01:00:00,0.0,0.0,27.72,76.75,3.43
2025-03-28 02:00:00,0.0,0.0,27.28,78.59,3.34
2025-03-28 03:00:00,0.0,0.0,26.83,80.37,3.18
2025-03-28 04:00:00,0.0,0.0,26.42,82.45,3.01
2025-03-28 05:00:00,0.0,0.0,26.01,84.8,2.81
2025-03-28 06:00:00,43.65,47.92,26.21,84.28,3.02
2025-03-28 07:00:00,240.6,259.02,28.02,75.23,3.42
2025-03-28 08:00:00,495.4,496.1,30.13,64.44,3.52
2025-03-28 09:00:00,715.0,717.03,31.9,56.66,3.1
2025-03-28 10:00:00,869.47,873.72,33.51,50.96,2.34
2025-03-28 11:00:00,963.53,965.92,34.53,47.6,1.37
2025-03-28 12:00:00,935.45,972.58,35.05,45.9,0.72
2025-03-28 13:00:00,903.12,904.88,35.29,44.7,1.32
2025-03-28 14:00:00,696.0,761.65,34.84,45.1,2.02
2025-03-28 15:00:00,477.0,559.1,34.11,46.65,2.37
2025-03-28 16:00:00,250.7,319.58,33.32,49.27,2.39
2025-03-28 17:00:00,66.65,92.47,31.9,57.86,1.75
2025-03-28 18:00:00,0.0,0.0,30.3,66.58,1.46
2025-03-28 19:00:00,0.0,0.0,29.66,68.56,1.64
2025-03-28 20:00:00,0.0,0.0,29.05,70.48,1.63
2025-03-28 21:00:00,0.0,0.0,28.52,72.03,1.61
2025-03-28 22:00:00,0.0,0.0,28.18,72.9,1.76
2025-03-28 23:00:00,0.0,0.0,27.93,73.81,2.03
2025-03-29 00:00:00,0.0,0.0,27.71,75.26,2.36
2025-03-29 01:00:00,0.0,0.0,27.77,75.87,2.87
2025-03-29 02:00:00,0.0,0.0,27.6,77.73,2.89
2025-03-29 03:00:00,0.0,0.0,27.38,79.58,2.69
2025-03-29 04:00:00,0.0,0.0,27.21,80.8,2.47
2025-03-29 05:00:00,0.0,0.0,27.01,82.01,2.24
2025-03-29 06:00:00,46.0,50.42,27.35,80.21,2.64
2025-03-29 07:00:00,239.73,266.83,29.19,69.66,3.45
2025-03-29 08:00:00,482.95,511.45,31.74,57.62,3.57
2025-03-29 09:00:00,686.3,726.38,33.83,49.83,3.0
2025-03-29 10:00:00,865.45,884.9,35.33,45.05,2.34
2025-03-29 11:00:00,956.0,968.88,36.5,41.17,1.78
2025-03-29 12:00:00,880.72,949.7,37.44,37.95,1.35
2025-03-29 13:00:00,848.05,870.9,38.1,35.24,1.04
2025-03-29 14:00:00,672.3,728.85,38.35,33.32,0.8
2025-03-29 15:00:00,471.33,529.7,38.1,32.54,0.46
2025-03-29 16:00:00,244.1,295.42,37.41,33.1,0.12
2025-03-29 17:00:00,67.95,82.7,36.08,38.17,0.44
2025-03-29 18:00:00,0.0,0.0,33.6,53.96,0.65
2025-03-29 19:00:00,0.0,0.0,32.24,55.71,1.09
2025-03-29 20:00:00,0.0,0.0,31.3,56.79,1.6
2025-03-29 21:00:00,0.0,0.0,30.5,58.51,2.23
2025-03-29 22:00:00,0.0,0.0,29.68,61.6,2.61
2025-03-29 23:00:00,0.0,0.0,29.0,64.96,2.86
2025-03-30 00:00:00,0.0,0.0,28.41,68.1,3.01
2025-03-30 01:00:00,0.0,0.0,27.91,70.72,3.06
2025-03-30 02:00:00,0.0,0.0,27.46,73.04,2.95
2025-03-30 03:00:00,0.0,0.0,27.03,75.16,2.77
2025-03-30 04:00:00,0.0,0.0,26.63,77.12,2.53
2025-03-30 05:00:00,0.0,0.0,26.27,78.98,2.27
2025-03-30 06:00:00,44.33,46.2,26.69,76.95,2.7
2025-03-30 07:00:00,231.95,245.88,29.56,63.05,3.45
2025-03-30 08:00:00,478.67,485.12,32.69,50.73,4.03
2025-03-30 09:00:00,668.95,699.8,34.93,43.99,3.85
2025-03-30 10:00:00,813.22,860.12,36.69,39.51,3.53
2025-03-30 11:00:00,819.42,949.03,37.97,36.33,3.15
2025-03-30 12:00:00,843.55,943.78,39.04,33.44,2.68
2025-03-30 13:00:00,801.0,878.65,39.71,31.15,2.19
2025-03-30 14:00:00,660.92,731.78,39.9,29.68,1.74
2025-03-30 15:00:00,487.48,533.78,39.58,29.14,1.31
2025-03-30 16:00:00,265.55,298.23,38.79,29.58,1.01
2025-03-30 17:00:00,77.57,83.8,37.18,35.14,0.95
2025-03-30 18:00:00,0.0,0.0,34.04,50.97,1.13
2025-03-30 19:00:00,0.0,0.0,32.81,50.47,1.91
2025-03-30 20:00:00,0.0,0.0,31.93,53.28,2.85
2025-03-30 21:00:00,0.0,0.0,30.9,58.79,3.49
2025-03-30 22:00:00,0.0,0.0,29.91,64.71,3.67
2025-03-30 23:00:00,0.0,0.0,29.14,69.13,3.73
2025-03-31 00:00:00,0.0,0.0,28.53,72.5,3.66
2025-03-31 01:00:00,0.0,0.0,28.02,75.34,3.44
2025-03-31 02:00:00,0.0,0.0,27.54,78.0,3.12
2025-03-31 03:00:00,0.0,0.0,27.09,80.43,2.7
2025-03-31 04:00:00,0.0,0.0,26.66,82.69,2.21
2025-03-31 05:00:00,0.0,0.0,26.29,84.56,1.83
2025-03-31 06:00:00,45.7,49.08,26.69,82.21,2.28
2025-03-31 07:00:00,233.18,255.73,29.35,66.84,2.85
2025-03-31 08:00:00,473.05,499.25,32.39,53.5,2.94
2025-03-31 09:00:00,707.9,716.2,34.83,45.59,2.47
2025-03-31 10:00:00,875.33,876.8,36.65,40.17,1.83
2025-03-31 11:00:00,956.83,967.35,38.18,34.95,1.28
2025-03-31 12:00:00,972.47,976.62,39.36,30.29,1.12
2025-03-31 13:00:00,891.75,907.1,40.05,27.03,1.39
2025-03-31 14:00:00,744.42,760.97,40.19,25.02,1.8
2025-03-31 15:00:00,530.92,554.3,39.78,23.91,2.14
2025-03-31 16:00:00,277.52,312.35,38.8,23.8,2.36
2025-03-31 17:00:00,73.88,88.75,36.28,33.08,1.42
2025-03-31 18:00:00,0.0,0.0,32.92,45.03,1.22
2025-03-31 19:00:00,0.0,0.0,31.71,47.49,1.44
2025-03-31 20:00:00,0.0,0.0,30.64,51.36,1.76
2025-03-31 21:00:00,0.0,0.0,29.82,57.24,2.23
2025-03-31 22:00:00,0.0,0.0,29.18,63.83,2.78
2025-03-31 23:00:00,0.0,0.0,28.44,70.87,3.03
2025-04-01 00:00:00,0.0,0.0,27.66,77.4,2.89
2025-04-01 01:00:00,0.0,0.0,26.99,82.69,2.63
2025-04-01 02:00:00,0.0,0.0,26.42,86.98,2.26
2025-04-01 03:00:00,0.0,0.0,26.02,89.8,1.72
2025-04-01 04:00:00,0.0,0.0,25.69,91.73,1.33
2025-04-01 05:00:00,0.0,0.0,25.48,92.6,1.22
2025-04-01 06:00:00,46.7,53.42,26.15,88.33,2.07
2025-04-01 07:00:00,223.65,271.0,28.43,74.62,2.82
2025-04-01 08:00:00,438.45,516.72,30.8,62.02,2.92
2025-04-01 09:00:00,613.1,732.22,33.25,52.29,2.67
2025-04-01 10:00:00,789.78,890.75,35.25,45.21,2.19
2025-04-01 11:00:00,923.28,976.12,36.94,39.37,1.6
2025-04-01 12:00:00,901.08,962.3,38.11,35.0,0.98
2025-04-01 13:00:00,843.75,890.4,38.78,32.07,0.41
2025-04-01 14:00:00,684.6,743.45,38.99,30.54,0.31
2025-04-01 15:00:00,497.0,537.33,38.76,29.95,0.71
2025-04-01 16:00:00,269.08,298.5,38.02,30.39,1.0
2025-04-01 17:00:00,78.7,83.25,36.53,34.91,0.97
2025-04-01 18:00:00,0.0,0.0,33.92,50.9,0.7
2025-04-01 19:00:00,0.0,0.0,32.77,52.3,0.91
2025-04-01 20:00:00,0.0,0.0,31.96,53.54,1.05
2025-04-01 21:00:00,0.0,0.0,31.23,55.49,1.18
2025-04-01 22:00:00,0.0,0.0,30.29,58.26,1.34
2025-04-01 23:00:00,0.0,0.0,29.43,60.76,1.63
2025-04-02 00:00:00,0.0,0.0,28.75,63.89,2.12
2025-04-02 01:00:00,0.0,0.0,28.2,67.87,2.74
2025-04-02 02:00:00,0.0,0.0,27.71,72.27,3.22
2025-04-02 03:00:00,0.0,0.0,27.27,76.33,3.37
2025-04-02 04:00:00,0.0,0.0,26.87,79.86,3.23
2025-04-02 05:00:00,0.0,0.0,26.48,83.04,2.87
2025-04-02 06:00:00,39.67,51.15,26.9,81.69,3.09
2025-04-02 07:00:00,203.43,254.23,29.38,68.91,3.14
2025-04-02 08:00:00,452.67,499.98,32.23,55.67,2.65
2025-04-02 09:00:00,636.7,717.2,34.76,46.02,1.99
2025-04-02 10:00:00,802.47,874.2,36.82,39.22,1.38
2025-04-02 11:00:00,891.67,960.65,38.24,34.74,0.78
2025-04-02 12:00:00,838.12,930.85,39.23,31.47,0.14
2025-04-02 13:00:00,816.25,857.53,39.91,28.99,0.64
2025-04-02 14:00:00,666.83,708.7,40.12,27.82,1.23
2025-04-02 15:00:00,467.62,504.1,39.8,27.67,1.85
2025-04-02 16:00:00,246.7,271.8,38.94,28.42,2.32
2025-04-02 17:00:00,70.38,73.57,37.14,33.45,2.02
2025-04-02 18:00:00,0.0,0.0,34.19,44.45,1.51
2025-04-02 19:00:00,0.0,0.0,33.18,46.52,1.92
2025-04-02 20:00:00,0.0,0.0,32.27,49.84,2.3
2025-04-02 21:00:00,0.0,0.0,31.35,54.45,2.65
2025-04-02 22:00:00,0.0,0.0,30.47,59.73,2.91
2025-04-02 23:00:00,0.0,0.0,29.69,64.88,2.84
2025-04-03 00:00:00,0.0,0.0,29.02,69.14,2.72
2025-04-03 01:00:00,0.0,0.0,28.45,72.47,2.72
2025-04-03 02:00:00,0.0,0.0,27.91,75.51,2.74
2025-04-03 03:00:00,0.0,0.0,27.45,78.31,2.74
2025-04-03 04:00:00,0.0,0.0,27.09,80.87,2.71
2025-04-03 05:00:00,0.0,0.0,26.78,83.39,2.55
2025-04-03 06:00:00,41.55,48.5,27.11,82.94,3.01
2025-04-03 07:00:00,199.23,245.3,29.08,72.65,4.06
2025-04-03 08:00:00,398.12,477.48,31.61,59.63,4.16
2025-04-03 09:00:00,608.83,690.12,33.89,50.24,3.53
2025-04-03 10:00:00,771.45,848.8,35.93,42.9,2.81
2025-04-03 11:00:00,839.53,936.6,37.54,37.43,2.36
2025-04-03 12:00:00,854.75,971.88,38.64,33.93,2.5
2025-04-03 13:00:00,711.28,896.33,39.21,31.84,2.87
2025-04-03 14:00:00,591.47,747.55,39.14,31.03,3.11
2025-04-03 15:00:00,413.95,539.65,38.5,31.51,3.24
2025-04-03 16:00:00,222.45,299.08,37.38,33.51,3.15
2025-04-03 17:00:00,71.0,83.12,35.65,39.92,2.49
2025-04-03 18:00:00,0.0,0.0,33.28,51.28,1.86
2025-04-03 19:00:00,0.0,0.0,32.15,54.44,2.0
2025-04-03 20:00:00,0.0,0.0,31.28,57.65,2.23
2025-04-03 21:00:00,0.0,0.0,30.55,61.34,2.59
2025-04-03 22:00:00,0.0,0.0,29.92,64.92,2.82
2025-04-03 23:00:00,0.0,0.0,29.37,68.01,2.86
2025-04-04 00:00:00,0.0,0.0,28.9,70.58,2.76
2025-04-04 01:00:00,0.0,0.0,28.49,72.76,2.56
2025-04-04 02:00:00,0.0,0.0,28.25,74.17,2.55
2025-04-04 03:00:00,0.0,0.0,28.01,75.71,2.49
2025-04-04 04:00:00,0.0,0.0,27.63,78.08,2.44
2025-04-04 05:00:00,0.0,0.0,27.24,80.69,2.5
2025-04-04 06:00:00,53.83,54.12,27.56,79.63,3.1
2025-04-04 07:00:00,242.85,259.9,29.98,66.05,3.75
2025-04-04 08:00:00,486.0,499.25,32.52,54.89,3.42
2025-04-04 09:00:00,696.12,711.45,34.54,48.2,2.68
2025-04-04 10:00:00,865.47,867.6,36.01,43.49,2.0
2025-04-04 11:00:00,953.35,954.5,37.37,39.24,1.79
2025-04-04 12:00:00,973.08,973.53,38.22,36.06,1.95
2025-04-04 13:00:00,868.6,901.85,38.85,33.44,2.08
2025-04-04 14:00:00,713.4,761.6,39.08,31.83,2.14
2025-04-04 15:00:00,540.45,557.53,38.88,31.25,2.18
2025-04-04 16:00:00,278.55,318.65,38.22,31.68,2.23
2025-04-04 17:00:00,74.72,91.35,36.64,36.91,1.55
2025-04-04 18:00:00,0.0,0.0,33.91,48.95,0.85
2025-04-04 19:00:00,0.0,0.0,33.03,51.39,0.79
2025-04-04 20:00:00,0.0,0.0,32.6,52.47,0.69
2025-04-04 21:00:00,0.0,0.0,32.26,52.02,0.69
2025-04-04 22:00:00,0.0,0.0,30.95,56.7,1.03
2025-04-04 23:00:00,0.0,0.0,30.2,59.09,1.57
2025-04-05 00:00:00,0.0,0.0,29.72,62.06,2.26
2025-04-05 01:00:00,0.0,0.0,29.13,66.64,2.65
2025-04-05 02:00:00,0.0,0.0,28.45,71.71,2.69
2025-04-05 03:00:00,0.0,0.0,27.86,76.01,2.59
2025-04-05 04:00:00,0.0,0.0,27.32,79.55,2.38
2025-04-05 05:00:00,0.0,0.0,26.84,82.54,2.17
2025-04-05 06:00:00,45.62,59.5,27.22,81.17,2.66
2025-04-05 07:00:00,216.65,278.65,29.86,66.94,3.33
2025-04-05 08:00:00,440.3,525.6,32.92,52.83,3.1
2025-04-05 09:00:00,654.4,741.72,35.49,43.24,2.45
2025-04-05 10:00:00,833.45,901.9,37.68,35.37,1.99
2025-04-05 11:00:00,955.58,991.38,39.44,29.32,1.93
2025-04-05 12:00:00,995.7,996.2,40.7,25.36,2.05
2025-04-05 13:00:00,811.5,922.28,41.35,23.19,2.08
2025-04-05 14:00:00,754.95,773.0,41.44,22.31,2.1
2025-04-05 15:00:00,546.72,565.88,40.98,22.3,2.22
2025-04-05 16:00:00,282.42,322.12,40.03,23.01,2.41
2025-04-05 17:00:00,81.9,92.12,38.01,27.73,1.82
2025-04-05 18:00:00,0.0,0.0,34.55,38.67,1.18
2025-04-05 19:00:00,0.0,0.0,33.36,41.53,1.24
2025-04-05 20:00:00,0.0,0.0,32.36,45.31,1.16
2025-04-05 21:00:00,0.0,0.0,31.37,49.14,1.2
2025-04-05 22:00:00,0.0,0.0,30.61,52.8,1.6
2025-04-05 23:00:00,0.0,0.0,30.26,57.26,2.62
2025-04-06 00:00:00,0.0,0.0,29.75,62.73,3.33
2025-04-06 01:00:00,0.0,0.0,29.2,67.47,3.42
2025-04-06 02:00:00,0.0,0.0,28.72,71.01,3.34
2025-04-06 03:00:00,0.0,0.0,28.1,74.4,3.12
2025-04-06 04:00:00,0.0,0.0,27.45,77.73,2.99
2025-04-06 05:00:00,0.0,0.0,26.79,81.24,2.83
2025-04-06 06:00:00,48.25,63.1,27.12,79.9,3.49
2025-04-06 07:00:00,221.85,289.0,29.52,68.07,4.11
2025-04-06 08:00:00,445.45,536.4,32.5,54.7,3.91
2025-04-06 09:00:00,645.92,751.55,35.1,44.12,3.26
2025-04-06 10:00:00,820.22,909.53,37.18,36.1,2.44
2025-04-06 11:00:00,912.47,994.2,38.55,30.1,1.54
2025-04-06 12:00:00,902.85,953.6,39.2,26.11,0.79
2025-04-06 13:00:00,774.7,878.5,39.52,23.4,0.62
2025-04-06 14:00:00,613.22,723.62,39.6,21.67,1.07
2025-04-06 15:00:00,426.12,516.28,39.4,20.69,1.59
2025-04-06 16:00:00,228.75,281.25,38.75,20.68,1.96
2025-04-06 17:00:00,65.9,78.07,36.6,28.6,1.13
2025-04-06 18:00:00,0.0,0.0,33.49,36.68,1.05
2025-04-06 19:00:00,0.0,0.0,32.22,38.94,1.17
2025-04-06 20:00:00,0.0,0.0,31.14,42.43,1.35
2025-04-06 21:00:00,0.0,0.0,30.29,47.87,1.75
2025-04-06 22:00:00,0.0,0.0,29.62,55.4,2.44
2025-04-06 23:00:00,0.0,0.0,28.96,63.86,2.96
2025-04-07 00:00:00,0.0,0.0,28.29,70.99,3.19
2025-04-07 01:00:00,0.0,0.0,27.69,76.07,3.25
2025-04-07 02:00:00,0.0,0.0,27.16,79.74,3.19
2025-04-07 03:00:00,0.0,0.0,26.67,82.73,3.08
2025-04-07 04:00:00,0.0,0.0,26.17,85.75,2.93
2025-04-07 05:00:00,0.0,0.0,25.71,88.73,2.8
2025-04-07 06:00:00,51.03,57.62,26.27,86.22,3.39
2025-04-07 07:00:00,237.73,263.62,29.36,69.34,3.86
2025-04-07 08:00:00,486.58,505.83,32.72,53.43,3.92
2025-04-07 09:00:00,659.58,721.0,35.6,42.18,3.54
2025-04-07 10:00:00,741.2,882.83,37.98,34.2,2.99
2025-04-07 11:00:00,779.53,966.0,39.78,28.99,2.6
2025-04-07 12:00:00,918.75,985.62,40.96,25.93,2.54
2025-04-07 13:00:00,734.0,908.7,41.43,24.62,2.69
2025-04-07 14:00:00,741.67,759.6,41.24,24.73,2.95
2025-04-07 15:00:00,520.5,553.17,40.41,25.98,3.2
2025-04-07 16:00:00,285.95,309.67,39.24,27.86,3.32
2025-04-07 17:00:00,83.4,86.97,37.69,31.0,3.07
2025-04-07 18:00:00,0.0,0.0,35.44,37.15,2.45
2025-04-07 19:00:00,0.0,0.0,34.46,40.2,3.24
2025-04-07 20:00:00,0.0,0.0,33.33,44.87,3.58
2025-04-07 21:00:00,0.0,0.0,32.21,50.71,3.84
2025-04-07 22:00:00,0.0,0.0,31.23,56.61,4.09
2025-04-07 23:00:00,0.0,0.0,30.46,61.51,4.19
2025-04-08 00:00:00,0.0,0.0,29.78,65.64,4.01
2025-04-08 01:00:00,0.0,0.0,29.16,68.77,3.85
2025-04-08 02:00:00,0.0,0.0,28.63,71.41,3.59
2025-04-08 03:00:00,0.0,0.0,28.18,73.96,3.32
2025-04-08 04:00:00,0.0,0.0,27.84,76.22,3.12
2025-04-08 05:00:00,0.0,0.0,27.58,78.07,2.96
2025-04-08 06:00:00,55.38,59.53,27.87,77.27,3.48
2025-04-08 07:00:00,242.2,266.62,29.71,68.13,4.58
2025-04-08 08:00:00,476.3,505.27,32.04,56.93,4.4
2025-04-08 09:00:00,658.0,716.17,34.26,48.03,3.8
2025-04-08 10:00:00,725.47,871.25,36.11,41.62,3.15
2025-04-08 11:00:00,845.67,959.67,37.65,36.82,2.61
2025-04-08 12:00:00,906.92,960.12,38.62,33.91,2.39
2025-04-08 13:00:00,884.85,889.92,38.98,32.49,2.52
2025-04-08 14:00:00,688.47,745.75,38.99,31.92,2.86
2025-04-08 15:00:00,450.7,543.53,38.39,32.66,3.14
2025-04-08 16:00:00,242.98,307.15,37.45,34.25,3.38
2025-04-08 17:00:00,69.22,86.35,36.13,37.19,3.48
2025-04-08 18:00:00,0.0,0.0,34.44,42.06,3.44
2025-04-08 19:00:00,0.0,0.0,33.26,46.67,3.9
2025-04-08 20:00:00,0.0,0.0,32.1,52.44,4.21
2025-04-08 21:00:00,0.0,0.0,31.04,58.65,4.38
2025-04-08 22:00:00,0.0,0.0,30.08,64.5,4.63
2025-04-08 23:00:00,0.0,0.0,29.23,69.51,4.94
2025-04-09 00:00:00,0.0,0.0,28.58,72.85,5.21
2025-04-09 01:00:00,0.0,0.0,28.0,75.32,4.82
2025-04-09 02:00:00,0.0,0.0,27.54,77.34,3.68
2025-04-09 03:00:00,0.0,0.0,27.25,79.22,2.34
2025-04-09 04:00:00,0.0,0.0,27.04,80.88,1.34
2025-04-09 05:00:00,0.0,0.0,26.84,82.47,0.69
2025-04-09 06:00:00,15.48,61.0,27.06,81.52,1.0
2025-04-09 07:00:00,99.95,273.6,28.54,72.34,1.57
2025-04-09 08:00:00,244.48,513.8,30.24,61.93,2.05
2025-04-09 09:00:00,430.33,725.15,31.61,55.38,2.24
2025-04-09 10:00:00,555.62,880.65,32.87,50.49,2.27
2025-04-09 11:00:00,764.3,963.9,33.98,46.7,1.99
2025-04-09 12:00:00,834.17,970.25,34.83,43.74,1.5
2025-04-09 13:00:00,689.12,896.28,35.39,41.54,1.08
2025-04-09 14:00:00,581.67,752.25,35.55,40.36,1.01
2025-04-09 15:00:00,396.15,547.33,35.4,40.06,1.09
2025-04-09 16:00:00,213.82,307.95,34.88,40.97,1.35
2025-04-09 17:00:00,72.43,85.53,33.56,48.23,1.1
2025-04-09 18:00:00,0.0,0.0,31.52,57.85,1.02
2025-04-09 19:00:00,0.0,0.0,30.77,59.67,1.32
2025-04-09 20:00:00,0.0,0.0,30.18,62.08,1.49
2025-04-09 21:00:00,0.0,0.0,29.67,64.36,1.56
2025-04-09 22:00:00,0.0,0.0,29.23,65.97,1.6
2025-04-09 23:00:00,0.0,0.0,28.84,67.08,1.66
2025-04-10 00:00:00,0.0,0.0,28.48,67.99,1.76
2025-04-10 01:00:00,0.0,0.0,28.15,68.88,1.92
2025-04-10 02:00:00,0.0,0.0,27.81,70.05,2.04
2025-04-10 03:00:00,0.0,0.0,27.3,72.34,2.1
2025-04-10 04:00:00,0.0,0.0,26.82,74.91,2.25
2025-04-10 05:00:00,0.0,0.0,26.4,77.59,2.36
2025-04-10 06:00:00,56.08,63.58,26.73,77.06,2.84
2025-04-10 07:00:00,218.23,279.98,29.69,61.49,3.41
2025-04-10 08:00:00,441.73,521.55,32.95,48.37,3.1
2025-04-10 09:00:00,660.62,732.75,35.52,40.3,2.15
2025-04-10 10:00:00,825.1,886.75,37.59,34.58,1.21
2025-04-10 11:00:00,912.17,969.28,39.26,30.45,1.16
2025-04-10 12:00:00,911.85,949.9,40.33,27.91,1.77
2025-04-10 13:00:00,841.1,871.53,40.79,26.62,2.36
2025-04-10 14:00:00,676.6,709.67,40.59,26.45,2.91
2025-04-10 15:00:00,474.85,502.02,39.71,27.62,3.46
2025-04-10 16:00:00,246.38,269.35,38.36,30.2,3.97
2025-04-10 17:00:00,71.0,74.78,36.49,35.27,4.24
2025-04-10 18:00:00,0.0,0.0,34.09,44.01,4.12
2025-04-10 19:00:00,0.0,0.0,32.5,51.69,4.11
2025-04-10 20:00:00,0.0,0.0,31.46,57.03,3.9
2025-04-10 21:00:00,0.0,0.0,30.7,60.8,3.67
2025-04-10 22:00:00,0.0,0.0,30.12,63.52,3.55
2025-04-10 23:00:00,0.0,0.0,29.65,65.8,3.48
2025-04-11 00:00:00,0.0,0.0,29.23,67.91,3.54
2025-04-11 01:00:00,0.0,0.0,28.87,69.8,3.75
2025-04-11 02:00:00,0.0,0.0,28.52,71.65,3.98
2025-04-11 03:00:00,0.0,0.0,28.12,73.62,4.26
2025-04-11 04:00:00,0.0,0.0,27.84,74.46,4.5
2025-04-11 05:00:00,0.0,0.0,27.63,75.5,4.0
2025-04-11 06:00:00,11.27,59.62,27.77,74.81,3.89
2025-04-11 07:00:00,68.62,263.85,28.76,69.06,4.45
2025-04-11 08:00:00,182.82,500.62,30.21,61.26,4.49
2025-04-11 09:00:00,485.73,711.0,31.76,54.28,3.97
2025-04-11 10:00:00,630.78,866.25,33.23,48.69,3.23
2025-04-11 11:00:00,704.08,951.35,34.36,44.73,2.53
2025-04-11 12:00:00,815.05,973.8,35.2,41.97,2.04
2025-04-11 13:00:00,746.22,898.8,35.66,40.39,2.05
2025-04-11 14:00:00,576.88,750.28,35.64,40.3,2.51
2025-04-11 15:00:00,355.62,542.85,35.19,41.46,2.96
2025-04-11 16:00:00,201.43,302.45,34.34,43.98,3.27
2025-04-11 17:00:00,64.95,82.65,33.13,48.29,3.13
2025-04-11 18:00:00,0.0,0.0,31.73,54.27,2.64
2025-04-11 19:00:00,0.0,0.0,31.03,57.84,2.88
2025-04-11 20:00:00,0.0,0.0,30.48,60.62,2.91
2025-04-11 21:00:00,0.0,0.0,30.03,62.72,2.94
2025-04-11 22:00:00,0.0,0.0,29.6,64.86,3.06
2025-04-11 23:00:00,0.0,0.0,29.16,67.38,3.26
2025-04-12 00:00:00,0.0,0.0,28.75,70.05,3.4
2025-04-12 01:00:00,0.0,0.0,28.37,72.44,3.49
2025-04-12 02:00:00,0.0,0.0,28.0,74.44,3.52
2025-04-12 03:00:00,0.0,0.0,27.65,76.18,3.38
2025-04-12 04:00:00,0.0,0.0,27.3,78.08,3.14
2025-04-12 05:00:00,0.0,0.0,26.98,80.04,2.85
2025-04-12 06:00:00,39.8,57.65,27.1,79.8,3.06
2025-04-12 07:00:00,158.65,246.6,28.45,72.33,3.96
2025-04-12 08:00:00,312.1,472.45,30.43,61.23,4.2
2025-04-12 09:00:00,473.67,676.45,32.17,53.75,3.79
2025-04-12 10:00:00,674.8,827.7,33.53,49.09,3.15
2025-04-12 11:00:00,771.5,906.97,34.61,45.61,2.53
2025-04-12 12:00:00,853.65,936.92,35.46,42.76,2.09
2025-04-12 13:00:00,722.88,861.12,35.86,40.97,1.91
2025-04-12 14:00:00,602.5,710.92,35.87,40.25,1.98
2025-04-12 15:00:00,383.08,503.77,35.38,40.9,2.13
2025-04-12 16:00:00,212.1,269.98,34.77,42.22,2.23
2025-04-12 17:00:00,68.32,73.85,33.86,45.4,1.86
2025-04-12 18:00:00,0.0,0.0,32.2,52.9,1.17
2025-04-12 19:00:00,0.0,0.0,31.58,54.21,1.73
2025-04-12 20:00:00,0.0,0.0,31.07,56.22,2.41
2025-04-12 21:00:00,0.0,0.0,30.58,58.96,2.95
2025-04-12 22:00:00,0.0,0.0,30.06,62.19,3.14
2025-04-12 23:00:00,0.0,0.0,29.59,65.24,3.13
2025-04-13 00:00:00,0.0,0.0,29.13,68.11,2.96
2025-04-13 01:00:00,0.0,0.0,28.72,70.74,2.73
2025-04-13 02:00:00,0.0,0.0,28.34,73.1,2.51
2025-04-13 03:00:00,0.0,0.0,28.01,75.17,2.43
2025-04-13 04:00:00,0.0,0.0,27.67,77.37,2.35
2025-04-13 05:00:00,0.0,0.0,27.28,79.75,2.25
2025-04-13 06:00:00,56.22,56.6,27.47,78.82,2.73
2025-04-13 07:00:00,222.07,231.65,29.33,67.66,3.6
2025-04-13 08:00:00,434.15,457.65,32.01,54.54,3.69
2025-04-13 09:00:00,629.15,667.25,34.32,45.93,3.14
2025-04-13 10:00:00,813.25,826.2,36.24,40.36,2.56
2025-04-13 11:00:00,911.5,913.88,37.81,36.07,2.32
2025-04-13 12:00:00,836.35,945.65,38.77,33.15,2.38
2025-04-13 13:00:00,855.47,872.25,39.27,31.21,2.53
2025-04-13 14:00:00,608.7,723.72,39.2,30.48,2.67
2025-04-13 15:00:00,440.27,517.6,38.51,31.12,2.82
2025-04-13 16:00:00,239.5,283.85,37.48,32.76,2.89
2025-04-13 17:00:00,72.38,79.22,36.0,36.38,2.53
2025-04-13 18:00:00,0.0,0.0,33.63,45.29,1.88
2025-04-13 19:00:00,0.0,0.0,32.52,49.64,2.39
2025-04-13 20:00:00,0.0,0.0,31.51,54.15,2.53
2025-04-13 21:00:00,0.0,0.0,30.67,57.99,2.66
2025-04-13 22:00:00,0.0,0.0,29.92,61.61,2.85
2025-04-13 23:00:00,0.0,0.0,29.19,65.38,3.01
2025-04-14 00:00:00,0.0,0.0,28.54,68.99,3.11
2025-04-14 01:00:00,0.0,0.0,27.98,72.23,3.15
2025-04-14 02:00:00,0.0,0.0,27.55,74.76,3.09
2025-04-14 03:00:00,0.0,0.0,27.16,77.13,2.89
2025-04-14 04:00:00,0.0,0.0,26.78,79.44,2.58
2025-04-14 05:00:00,0.0,0.0,26.43,81.55,2.28
2025-04-14 06:00:00,65.12,68.62,26.94,79.16,2.7
2025-04-14 07:00:00,260.25,280.2,29.63,65.04,3.3
2025-04-14 08:00:00,501.58,521.67,32.73,51.62,3.02
2025-04-14 09:00:00,709.47,733.78,35.16,42.98,2.25
2025-04-14 10:00:00,846.7,889.62,37.26,36.64,1.38
2025-04-14 11:00:00,879.22,972.58,38.86,31.91,0.46
2025-04-14 12:00:00,774.25,955.47,40.22,27.7,0.8
2025-04-14 13:00:00,788.45,877.65,41.01,25.09,1.54
2025-04-14 14:00:00,669.95,728.53,41.16,23.99,2.13
2025-04-14 15:00:00,467.25,522.35,40.67,24.09,2.7
2025-04-14 16:00:00,249.0,286.85,39.51,25.59,3.19
2025-04-14 17:00:00,76.12,80.15,37.5,29.99,3.58
2025-04-14 18:00:00,0.0,0.0,34.86,39.41,4.13
2025-04-14 19:00:00,0.0,0.0,32.87,49.9,4.72
2025-04-14 20:00:00,0.0,0.0,31.35,58.59,4.47
2025-04-14 21:00:00,0.0,0.0,30.47,62.8,3.73
2025-04-14 22:00:00,0.0,0.0,29.79,65.57,2.98
2025-04-14 23:00:00,0.0,0.0,29.18,68.01,2.6
2025-04-15 00:00:00,0.0,0.0,28.64,70.26,2.49
2025-04-15 01:00:00,0.0,0.0,28.16,72.41,2.5
2025-04-15 02:00:00,0.0,0.0,27.78,74.21,2.57
2025-04-15 03:00:00,0.0,0.0,27.45,75.68,2.51
2025-04-15 04:00:00,0.0,0.0,27.23,76.68,2.33
2025-04-15 05:00:00,0.0,0.0,27.02,77.71,2.17
2025-04-15 06:00:00,64.55,70.1,27.55,75.46,2.64
2025-04-15 07:00:00,253.75,281.98,30.17,63.2,3.3
2025-04-15 08:00:00,486.25,522.03,32.58,53.46,3.56
2025-04-15 09:00:00,671.3,732.28,34.26,47.57,3.19
2025-04-15 10:00:00,804.58,888.6,35.73,42.77,2.63
2025-04-15 11:00:00,847.08,972.17,36.81,39.01,2.09
2025-04-15 12:00:00,801.67,922.95,37.73,35.92,1.68
2025-04-15 13:00:00,762.22,851.85,38.0,34.35,1.4
2025-04-15 14:00:00,608.75,698.03,37.75,34.24,1.37
2025-04-15 15:00:00,453.65,493.75,37.22,34.86,1.54
2025-04-15 16:00:00,243.95,264.85,36.45,36.13,1.79
2025-04-15 17:00:00,72.22,73.1,35.28,39.67,1.86
2025-04-15 18:00:00,0.0,0.0,33.36,47.95,1.99
2025-04-15 19:00:00,0.0,0.0,32.36,52.27,3.15
2025-04-15 20:00:00,0.0,0.0,31.42,57.65,3.56
2025-04-15 21:00:00,0.0,0.0,30.73,61.59,3.41
2025-04-15 22:00:00,0.0,0.0,30.21,64.35,3.13
2025-04-15 23:00:00,0.0,0.0,29.69,66.73,2.78
2025-04-16 00:00:00,0.0,0.0,29.18,69.14,2.59
2025-04-16 01:00:00,0.0,0.0,28.68,71.53,2.52
2025-04-16 02:00:00,0.0,0.0,28.23,73.76,2.36
2025-04-16 03:00:00,0.0,0.0,27.9,75.22,2.07
2025-04-16 04:00:00,0.0,0.0,27.63,76.25,1.69
2025-04-16 05:00:00,0.0,0.0,27.4,77.18,1.38
2025-04-16 06:00:00,53.6,63.1,28.12,73.54,2.12
2025-04-16 07:00:00,202.15,261.85,30.13,64.09,3.18
2025-04-16 08:00:00,384.0,496.08,32.23,55.12,3.51
2025-04-16 09:00:00,581.35,704.33,33.6,50.16,3.2
2025-04-16 10:00:00,748.38,854.15,34.67,46.76,2.72
2025-04-16 11:00:00,851.65,935.4,35.48,44.2,2.16
2025-04-16 12:00:00,862.83,902.5,36.0,42.39,1.57
2025-04-16 13:00:00,747.6,834.58,36.08,41.67,0.97
2025-04-16 14:00:00,548.0,671.05,35.8,41.94,0.43
2025-04-16 15:00:00,327.3,474.92,35.28,42.93,0.77
2025-04-16 16:00:00,180.55,258.52,34.71,44.76,1.49
2025-04-16 17:00:00,53.95,68.7,33.27,52.64,1.72
2025-04-16 18:00:00,0.0,0.0,31.47,59.46,2.49
2025-04-16 19:00:00,0.0,0.0,30.56,62.78,3.69
2025-04-16 20:00:00,0.0,0.0,29.68,67.23,4.03
2025-04-16 21:00:00,0.0,0.0,29.15,69.71,4.02
2025-04-16 22:00:00,0.0,0.0,28.74,71.24,3.92
2025-04-16 23:00:00,0.0,0.0,28.34,72.72,3.61
2025-04-17 00:00:00,0.0,0.0,28.07,73.87,3.48
2025-04-17 01:00:00,0.0,0.0,27.78,75.59,3.15
2025-04-17 02:00:00,0.0,0.0,27.46,77.42,2.95
2025-04-17 03:00:00,0.0,0.0,27.09,79.69,2.85
2025-04-17 04:00:00,0.0,0.0,26.69,82.4,2.75
2025-04-17 05:00:00,0.0,0.0,26.28,85.26,2.62
2025-04-17 06:00:00,2.85,63.88,26.51,84.84,3.06
2025-04-17 07:00:00,54.65,259.15,28.08,76.53,3.91
2025-04-17 08:00:00,85.43,491.12,30.33,64.53,4.16
2025-04-17 09:00:00,136.6,699.5,32.46,55.49,3.65
2025-04-17 10:00:00,255.6,853.5,34.2,49.33,3.16
2025-04-17 11:00:00,547.28,937.05,35.25,45.59,2.97
2025-04-17 12:00:00,680.78,934.6,35.9,43.23,2.93
2025-04-17 13:00:00,614.85,859.6,36.18,41.93,3.0
2025-04-17 14:00:00,508.05,715.75,35.96,41.68,3.13
2025-04-17 15:00:00,430.88,504.52,35.39,42.55,3.19
2025-04-17 16:00:00,227.75,271.12,34.36,45.11,3.16
2025-04-17 17:00:00,67.8,74.85,32.76,51.5,2.71
2025-04-17 18:00:00,0.0,0.0,30.79,60.75,2.48
2025-04-17 19:00:00,0.0,0.0,29.88,64.97,3.01
2025-04-17 20:00:00,0.0,0.0,29.08,69.44,3.01
2025-04-17 21:00:00,0.0,0.0,28.5,72.89,2.89
2025-04-17 22:00:00,0.0,0.0,28.09,75.06,2.8
2025-04-17 23:00:00,0.0,0.0,27.71,76.67,2.68
2025-04-18 00:00:00,0.0,0.0,27.35,78.04,2.51
2025-04-18 01:00:00,0.0,0.0,26.96,79.61,2.28
2025-04-18 02:00:00,0.0,0.0,26.61,81.32,2.02
2025-04-18 03:00:00,0.0,0.0,26.28,83.51,1.54
2025-04-18 04:00:00,0.0,0.0,25.91,86.59,0.93
2025-04-18 05:00:00,0.0,0.0,25.63,89.33,0.6
2025-04-18 06:00:00,67.03,70.5,26.14,86.32,1.19
2025-04-18 07:00:00,252.45,273.95,27.96,75.96,2.09
2025-04-18 08:00:00,472.7,509.15,30.48,63.09,2.56
2025-04-18 09:00:00,644.88,716.65,32.64,54.43,2.07
2025-04-18 10:00:00,769.55,868.62,34.4,48.1,0.98
2025-04-18 11:00:00,810.4,950.55,36.07,41.43,0.52
2025-04-18 12:00:00,822.8,966.58,37.46,36.63,1.66
2025-04-18 13:00:00,719.15,890.33,38.09,34.8,2.31
2025-04-18 14:00:00,571.42,742.78,38.33,33.93,2.79
2025-04-18 15:00:00,413.48,537.83,37.95,34.17,3.08
2025-04-18 16:00:00,232.2,301.0,37.07,35.68,3.13
2025-04-18 17:00:00,73.1,84.43,35.18,43.24,2.13
2025-04-18 18:00:00,0.0,0.0,32.62,54.97,1.52
2025-04-18 19:00:00,0.0,0.0,31.85,56.86,1.87
2025-04-18 20:00:00,0.0,0.0,31.17,59.18,2.32
2025-04-18 21:00:00,0.0,0.0,30.43,62.3,2.72
2025-04-18 22:00:00,0.0,0.0,29.76,65.2,2.96
2025-04-18 23:00:00,0.0,0.0,29.09,68.32,2.89
2025-04-19 00:00:00,0.0,0.0,28.47,71.45,2.78
2025-04-19 01:00:00,0.0,0.0,27.96,74.59,2.74
2025-04-19 02:00:00,0.0,0.0,27.54,77.6,2.8
2025-04-19 03:00:00,0.0,0.0,27.19,80.24,2.74
2025-04-19 04:00:00,0.0,0.0,26.88,82.48,2.57
2025-04-19 05:00:00,0.0,0.0,26.59,84.25,2.41
2025-04-19 06:00:00,61.85,76.57,27.05,81.96,2.88
2025-04-19 07:00:00,216.8,293.83,29.3,69.58,3.64
2025-04-19 08:00:00,400.8,532.92,32.09,56.59,3.78
2025-04-19 09:00:00,585.72,740.9,34.15,48.58,3.22
2025-04-19 10:00:00,706.85,892.58,36.0,42.53,2.54
2025-04-19 11:00:00,774.03,973.0,37.6,37.96,2.17
2025-04-19 12:00:00,851.53,962.97,38.81,34.69,2.43
2025-04-19 13:00:00,728.67,888.72,39.53,32.56,2.97
2025-04-19 14:00:00,559.78,738.05,39.54,31.95,3.5
2025-04-19 15:00:00,392.83,533.03,38.83,32.98,3.97
2025-04-19 16:00:00,229.07,299.85,37.43,35.88,4.37
2025-04-19 17:00:00,70.53,83.43,35.29,41.92,4.43
2025-04-19 18:00:00,0.0,0.0,32.77,51.66,4.1
2025-04-19 19:00:00,0.0,0.0,31.07,60.37,4.13
2025-04-19 20:00:00,0.0,0.0,29.8,67.96,4.01
2025-04-19 21:00:00,0.0,0.0,28.97,73.11,3.73
2025-04-19 22:00:00,0.0,0.0,28.38,76.46,3.37
2025-04-19 23:00:00,0.0,0.0,27.96,78.54,3.2
2025-04-20 00:00:00,0.0,0.0,27.65,79.8,3.09
2025-04-20 01:00:00,0.0,0.0,27.38,80.95,2.94
2025-04-20 02:00:00,0.0,0.0,27.13,82.21,2.76
2025-04-20 03:00:00,0.0,0.0,26.9,83.37,2.49
2025-04-20 04:00:00,0.0,0.0,26.67,84.41,2.2
2025-04-20 05:00:00,0.0,0.0,26.46,85.36,1.99
2025-04-20 06:00:00,78.03,81.1,26.92,82.76,2.5
2025-04-20 07:00:00,288.38,301.52,28.97,71.22,3.32
2025-04-20 08:00:00,497.02,540.83,31.5,58.83,3.64
2025-04-20 09:00:00,714.47,747.83,33.53,50.73,3.5
2025-04-20 10:00:00,862.12,898.28,35.51,44.25,3.15
2025-04-20 11:00:00,918.1,976.75,37.15,39.02,2.78
2025-04-20 12:00:00,956.78,958.2,38.22,35.47,2.55
2025-04-20 13:00:00,871.75,878.72,38.68,33.43,2.48
2025-04-20 14:00:00,606.75,720.15,38.44,33.18,2.57
2025-04-20 15:00:00,504.15,505.4,37.63,34.19,2.82
2025-04-20 16:00:00,282.27,288.98,36.48,36.27,3.12
2025-04-20 17:00:00,78.57,80.05,34.86,40.87,3.19
2025-04-20 18:00:00,0.0,0.0,32.72,49.11,3.18
2025-04-20 19:00:00,0.0,0.0,31.36,55.73,3.6
2025-04-20 20:00:00,0.0,0.0,30.3,61.73,3.5
2025-04-20 21:00:00,0.0,0.0,29.59,66.18,3.17
2025-04-20 22:00:00,0.0,0.0,29.09,69.24,2.81
2025-04-20 23:00:00,0.0,0.0,28.67,71.43,2.59
2025-04-21 00:00:00,0.0,0.0,28.24,73.68,2.47
2025-04-21 01:00:00,0.0,0.0,27.75,76.35,2.4
2025-04-21 02:00:00,0.0,0.0,27.35,78.81,2.45
2025-04-21 03:00:00,0.0,0.0,27.05,80.9,2.56
2025-04-21 04:00:00,0.0,0.0,26.83,82.65,2.63
2025-04-21 05:00:00,0.0,0.0,26.7,83.67,2.64
2025-04-21 06:00:00,79.65,80.7,27.3,80.56,3.08
2025-04-21 07:00:00,292.38,299.77,29.59,67.52,3.63
2025-04-21 08:00:00,521.8,539.67,32.37,54.22,3.84
2025-04-21 09:00:00,740.9,745.15,34.82,44.93,3.0
2025-04-21 10:00:00,896.12,898.53,37.03,37.5,1.55
2025-04-21 11:00:00,976.0,980.3,38.82,32.0,0.31
2025-04-21 12:00:00,968.0,977.45,40.26,28.01,1.57
2025-04-21 13:00:00,888.17,899.78,40.9,25.99,2.39
2025-04-21 14:00:00,739.47,742.1,41.0,24.91,2.93
2025-04-21 15:00:00,517.1,543.8,40.46,24.77,3.34
2025-04-21 16:00:00,270.0,306.4,39.3,25.78,3.63
2025-04-21 17:00:00,77.65,87.07,37.33,29.37,3.38
2025-04-21 18:00:00,0.0,0.0,34.2,39.19,2.61
2025-04-21 19:00:00,0.0,0.0,32.8,45.57,3.23
2025-04-21 20:00:00,0.0,0.0,31.51,52.73,3.03
2025-04-21 21:00:00,0.0,0.0,30.44,58.62,2.34
2025-04-21 22:00:00,0.0,0.0,29.53,63.09,1.76
2025-04-21 23:00:00,0.0,0.0,28.72,66.76,1.46
2025-04-22 00:00:00,0.0,0.0,28.04,69.78,1.38
2025-04-22 01:00:00,0.0,0.0,27.45,72.86,1.47
2025-04-22 02:00:00,0.0,0.0,26.94,76.01,1.75
2025-04-22 03:00:00,0.0,0.0,26.46,79.59,2.2
2025-04-22 04:00:00,0.0,0.0,26.02,83.52,2.43
2025-04-22 05:00:00,0.0,0.0,25.68,86.64,2.34
2025-04-22 06:00:00,73.75,86.88,26.23,84.83,2.72
2025-04-22 07:00:00,267.95,313.67,29.19,68.84,3.64
2025-04-22 08:00:00,475.45,552.08,32.74,52.14,3.82
2025-04-22 09:00:00,685.45,758.67,35.68,41.01,3.16
2025-04-22 10:00:00,845.5,908.1,37.93,34.13,2.38
2025-04-22 11:00:00,933.92,985.4,39.64,29.96,1.94
2025-04-22 12:00:00,939.55,965.42,40.73,27.71,2.13
2025-04-22 13:00:00,825.28,883.4,41.21,26.81,2.57
2025-04-22 14:00:00,683.75,725.67,40.99,27.22,3.06
2025-04-22 15:00:00,498.62,517.83,39.64,29.65,3.47
2025-04-22 16:00:00,269.65,284.5,38.27,32.97,3.88
2025-04-22 17:00:00,76.95,78.88,36.13,39.8,4.11
2025-04-22 18:00:00,0.0,0.0,33.38,51.52,4.04
2025-04-22 19:00:00,0.0,0.0,31.61,61.16,4.1
2025-04-22 20:00:00,0.0,0.0,30.57,67.06,3.92
2025-04-22 21:00:00,0.0,0.0,29.83,70.92,3.58
2025-04-22 22:00:00,0.0,0.0,29.22,73.73,3.34
2025-04-22 23:00:00,0.0,0.0,28.63,76.46,3.19
2025-04-23 00:00:00,0.0,0.0,28.08,79.18,3.12
2025-04-23 01:00:00,0.0,0.0,27.56,82.08,3.06
2025-04-23 02:00:00,0.0,0.0,27.09,85.03,2.99
2025-04-23 03:00:00,0.0,0.0,26.82,86.83,2.96
2025-04-23 04:00:00,0.0,0.0,26.61,88.16,2.79
2025-04-23 05:00:00,0.0,0.0,26.4,89.39,2.55
2025-04-23 06:00:00,23.95,76.12,26.75,87.18,2.71
2025-04-23 07:00:00,90.25,284.9,28.25,77.31,3.2
2025-04-23 08:00:00,171.4,519.8,30.15,66.27,3.38
2025-04-23 09:00:00,453.15,724.92,31.95,57.54,3.5
2025-04-23 10:00:00,568.78,873.92,33.16,51.99,3.68
2025-04-23 11:00:00,680.97,951.17,34.01,48.5,3.8
2025-04-23 12:00:00,810.08,959.35,34.46,46.64,3.89
2025-04-23 13:00:00,615.83,881.67,34.37,46.62,3.97
2025-04-23 14:00:00,523.17,733.75,33.79,48.39,4.0
2025-04-23 15:00:00,360.65,530.1,33.15,50.71,4.0
2025-04-23 16:00:00,198.85,294.83,32.26,54.08,3.93
2025-04-23 17:00:00,63.1,82.6,31.09,59.52,3.49
2025-04-23 18:00:00,0.0,0.0,29.83,66.55,2.99
2025-04-23 19:00:00,0.0,0.0,29.09,71.05,3.26
2025-04-23 20:00:00,0.0,0.0,28.53,74.51,3.4
2025-04-23 21:00:00,0.0,0.0,28.12,76.83,3.33
2025-04-23 22:00:00,0.0,0.0,27.69,78.91,3.09
2025-04-23 23:00:00,0.0,0.0,27.22,80.98,2.77
2025-04-24 00:00:00,0.0,0.0,26.78,82.76,2.47
2025-04-24 01:00:00,0.0,0.0,26.43,84.37,2.21
2025-04-24 02:00:00,0.0,0.0,26.12,85.95,1.91
2025-04-24 03:00:00,0.0,0.0,25.84,87.59,1.7
2025-04-24 04:00:00,0.0,0.0,25.57,89.25,1.47
2025-04-24 05:00:00,0.0,0.0,25.27,91.09,1.23
2025-04-24 06:00:00,84.0,84.93,25.99,87.11,2.04
2025-04-24 07:00:00,300.27,303.92,28.5,71.57,2.95
2025-04-24 08:00:00,537.4,541.65,31.05,58.82,2.98
2025-04-24 09:00:00,738.28,746.62,33.41,48.81,2.55
2025-04-24 10:00:00,890.22,895.03,35.61,41.19,1.92
2025-04-24 11:00:00,969.38,972.5,37.45,35.71,1.39
2025-04-24 12:00:00,964.1,968.5,38.88,31.68,1.38
2025-04-24 13:00:00,885.2,891.05,39.73,29.38,1.86
2025-04-24 14:00:00,738.7,741.5,39.92,28.66,2.41
2025-04-24 15:00:00,533.22,534.12,39.41,29.17,2.8
2025-04-24 16:00:00,289.3,298.33,38.37,30.69,3.02
2025-04-24 17:00:00,80.6,83.22,36.52,35.77,2.55
2025-04-24 18:00:00,0.0,0.0,33.68,46.6,2.15
2025-04-24 19:00:00,0.0,0.0,32.56,50.04,3.03
2025-04-24 20:00:00,0.0,0.0,31.34,55.09,3.3
2025-04-24 21:00:00,0.0,0.0,30.32,59.57,3.09
2025-04-24 22:00:00,0.0,0.0,29.57,62.76,2.83
2025-04-24 23:00:00,0.0,0.0,28.93,65.18,2.66
2025-04-25 00:00:00,0.0,0.0,28.35,67.24,2.76
2025-04-25 01:00:00,0.0,0.0,27.86,69.22,2.91
2025-04-25 02:00:00,0.0,0.0,27.42,71.25,3.09
2025-04-25 03:00:00,0.0,0.0,27.02,73.47,3.28
2025-04-25 04:00:00,0.0,0.0,26.65,75.74,3.35
2025-04-25 05:00:00,0.0,0.0,26.31,78.18,3.29
2025-04-25 06:00:00,82.45,82.93,26.9,76.29,3.64
2025-04-25 07:00:00,293.42,297.02,29.53,64.51,4.02
2025-04-25 08:00:00,527.78,534.58,32.62,50.85,3.78
2025-04-25 09:00:00,731.1,741.15,35.43,40.62,2.82
2025-04-25 10:00:00,878.5,891.58,37.71,33.83,1.42
2025-04-25 11:00:00,956.0,971.88,39.55,29.16,0.64
2025-04-25 12:00:00,960.83,979.35,40.94,25.95,1.7
2025-04-25 13:00:00,885.55,904.85,41.64,24.3,2.5
2025-04-25 14:00:00,740.85,759.9,41.68,23.71,3.08
2025-04-25 15:00:00,555.05,556.88,41.14,23.94,3.43
2025-04-25 16:00:00,290.15,319.7,40.04,25.26,3.57
2025-04-25 17:00:00,82.4,93.43,38.09,29.27,3.12
2025-04-25 18:00:00,0.0,0.0,34.89,39.33,2.51
2025-04-25 19:00:00,0.0,0.0,33.54,45.83,3.61
2025-04-25 20:00:00,0.0,0.0,32.02,54.3,3.89
2025-04-25 21:00:00,0.0,0.0,30.82,61.31,4.04
2025-04-25 22:00:00,0.0,0.0,29.96,66.36,4.2
2025-04-25 23:00:00,0.0,0.0,29.39,69.32,3.9
2025-04-26 00:00:00,0.0,0.0,28.99,71.04,3.42
2025-04-26 01:00:00,0.0,0.0,28.64,72.35,3.0
2025-04-26 02:00:00,0.0,0.0,28.26,74.07,2.72
2025-04-26 03:00:00,0.0,0.0,27.91,75.9,2.62
2025-04-26 04:00:00,0.0,0.0,27.6,77.73,2.64
2025-04-26 05:00:00,0.0,0.0,27.3,79.58,2.62
2025-04-26 06:00:00,71.25,87.15,27.66,77.71,3.19
2025-04-26 07:00:00,246.0,303.85,29.39,68.16,4.04
2025-04-26 08:00:00,452.15,537.65,31.57,57.63,4.18
2025-04-26 09:00:00,629.62,739.5,33.56,49.69,3.73
2025-04-26 10:00:00,758.4,885.53,35.18,44.1,3.02
2025-04-26 11:00:00,767.8,960.38,36.76,39.43,2.23
2025-04-26 12:00:00,716.45,928.5,38.18,35.51,1.72
2025-04-26 13:00:00,657.53,832.1,39.23,32.39,1.93
2025-04-26 14:00:00,549.6,680.17,39.51,30.75,2.54
2025-04-26 15:00:00,381.62,468.85,39.08,30.85,3.25
2025-04-26 16:00:00,202.1,244.73,37.78,33.6,3.91
2025-04-26 17:00:00,63.12,69.95,35.57,40.04,4.4
2025-04-26 18:00:00,0.0,0.0,33.02,50.3,4.84
2025-04-26 19:00:00,0.0,0.0,31.13,60.06,5.3
2025-04-26 20:00:00,0.0,0.0,29.98,65.81,5.03
2025-04-26 21:00:00,0.0,0.0,29.4,68.61,4.36
2025-04-26 22:00:00,0.0,0.0,28.92,71.21,3.74
2025-04-26 23:00:00,0.0,0.0,28.48,73.61,3.47
2025-04-27 00:00:00,0.0,0.0,27.99,76.75,3.12
2025-04-27 01:00:00,0.0,0.0,27.54,80.07,2.9
2025-04-27 02:00:00,0.0,0.0,27.19,82.88,2.73
2025-04-27 03:00:00,0.0,0.0,26.9,85.29,2.58
2025-04-27 04:00:00,0.0,0.0,26.68,87.12,2.4
2025-04-27 05:00:00,0.0,0.0,26.45,88.89,2.15
2025-04-27 06:00:00,70.5,75.12,26.72,87.42,2.47
2025-04-27 07:00:00,221.07,266.12,27.97,79.09,2.99
2025-04-27 08:00:00,429.52,493.42,29.68,69.26,2.96
2025-04-27 09:00:00,487.25,695.12,31.17,62.51,2.64
2025-04-27 10:00:00,616.03,842.28,32.23,58.6,2.32
2025-04-27 11:00:00,665.85,920.5,32.85,56.26,2.25
2025-04-27 12:00:00,659.42,952.17,32.8,56.21,2.5
2025-04-27 13:00:00,572.05,874.2,32.4,57.36,2.9
2025-04-27 14:00:00,457.15,724.8,31.88,58.95,3.25
2025-04-27 15:00:00,338.67,519.9,31.13,61.7,3.4
2025-04-27 16:00:00,179.23,284.08,30.14,66.76,3.25
2025-04-27 17:00:00,58.4,78.45,28.81,74.5,2.69
2025-04-27 18:00:00,0.0,0.0,27.64,81.1,2.43
2025-04-27 19:00:00,0.0,0.0,27.19,83.35,2.63
2025-04-27 20:00:00,0.0,0.0,26.91,84.82,2.67
2025-04-27 21:00:00,0.0,0.0,26.72,85.77,2.71
2025-04-27 22:00:00,0.0,0.0,26.51,86.7,2.7
2025-04-27 23:00:00,0.0,0.0,26.25,87.76,2.66
2025-04-28 00:00:00,0.0,0.0,25.98,88.74,2.56
2025-04-28 01:00:00,0.0,0.0,25.68,89.92,2.33
2025-04-28 02:00:00,0.0,0.0,25.39,91.14,2.02
2025-04-28 03:00:00,0.0,0.0,25.16,92.13,1.72
2025-04-28 04:00:00,0.0,0.0,24.92,93.32,1.4
2025-04-28 05:00:00,0.0,0.0,24.65,94.53,1.05
2025-04-28 06:00:00,68.3,66.7,25.32,90.59,1.78
2025-04-28 07:00:00,224.62,229.35,27.55,75.84,2.44
2025-04-28 08:00:00,451.05,451.85,30.45,58.13,3.04
2025-04-28 09:00:00,639.38,643.5,33.36,44.8,3.3
2025-04-28 10:00:00,715.67,796.65,35.68,36.77,3.33
2025-04-28 11:00:00,721.12,880.2,37.43,31.93,3.09
2025-04-28 12:00:00,842.58,935.45,38.66,29.09,2.66
2025-04-28 13:00:00,815.5,854.53,39.39,27.52,2.19
2025-04-28 14:00:00,682.5,701.75,39.61,26.79,1.76
2025-04-28 15:00:00,490.35,491.92,39.09,27.24,1.53
2025-04-28 16:00:00,250.62,264.2,38.15,28.84,1.71
2025-04-28 17:00:00,67.5,73.03,35.85,38.56,1.53
2025-04-28 18:00:00,0.0,0.0,32.85,46.62,2.38
2025-04-28 19:00:00,0.0,0.0,31.52,49.43,3.83
2025-04-28 20:00:00,0.0,0.0,30.11,55.34,4.44
2025-04-28 21:00:00,0.0,0.0,29.1,60.6,4.2
2025-04-28 22:00:00,0.0,0.0,28.48,64.16,3.81
2025-04-28 23:00:00,0.0,0.0,28.0,66.9,3.52
2025-04-29 00:00:00,0.0,0.0,27.54,69.57,3.34
2025-04-29 01:00:00,0.0,0.0,27.12,72.25,3.22
2025-04-29 02:00:00,0.0,0.0,26.71,75.27,3.05
2025-04-29 03:00:00,0.0,0.0,26.31,78.74,2.93
2025-04-29 04:00:00,0.0,0.0,25.97,82.2,2.92
2025-04-29 05:00:00,0.0,0.0,25.69,85.31,2.82
2025-04-29 06:00:00,13.95,75.45,26.06,84.84,3.16
2025-04-29 07:00:00,59.2,267.0,28.21,73.37,3.79
2025-04-29 08:00:00,128.8,492.05,30.93,59.56,4.43
2025-04-29 09:00:00,425.3,692.78,33.22,49.94,4.54
2025-04-29 10:00:00,522.05,839.55,35.03,43.84,4.31
2025-04-29 11:00:00,668.35,915.1,36.29,40.15,3.89
2025-04-29 12:00:00,838.9,890.42,36.94,38.29,3.58
2025-04-29 13:00:00,766.83,811.4,37.12,37.56,3.4
2025-04-29 14:00:00,627.33,660.35,36.87,37.67,3.24
2025-04-29 15:00:00,442.6,463.85,36.33,38.52,3.19
2025-04-29 16:00:00,231.4,244.23,35.3,40.96,3.3
2025-04-29 17:00:00,71.18,68.22,33.63,46.64,3.23
2025-04-29 18:00:00,0.0,0.0,31.48,55.69,3.32
2025-04-29 19:00:00,0.0,0.0,30.29,61.92,3.93
2025-04-29 20:00:00,0.0,0.0,29.42,67.08,4.11
2025-04-29 21:00:00,0.0,0.0,28.79,70.82,4.04
2025-04-29 22:00:00,0.0,0.0,28.28,73.52,3.93
2025-04-29 23:00:00,0.0,0.0,27.79,76.03,3.93
2025-04-30 00:00:00,0.0,0.0,27.31,78.53,3.93
2025-04-30 01:00:00,0.0,0.0,26.85,80.94,3.84
2025-04-30 02:00:00,0.0,0.0,26.43,83.07,3.42
2025-04-30 03:00:00,0.0,0.0,26.07,84.67,3.12
2025-04-30 04:00:00,0.0,0.0,25.79,85.73,2.93
2025-04-30 05:00:00,0.0,0.0,25.52,87.01,2.79
2025-04-30 06:00:00,65.45,76.97,25.99,84.63,3.43
2025-04-30 07:00:00,219.77,271.88,27.9,73.8,4.75
2025-04-30 08:00:00,403.15,494.12,30.14,62.14,5.18
2025-04-30 09:00:00,664.83,696.38,31.96,54.54,5.07
2025-04-30 10:00:00,810.72,843.88,33.28,49.98,4.76
2025-04-30 11:00:00,861.05,921.03,33.84,47.98,4.38
2025-04-30 12:00:00,830.95,930.7,33.87,47.57,4.05
2025-04-30 13:00:00,710.5,855.5,33.73,47.79,3.83
2025-04-30 14:00:00,561.65,711.92,33.57,48.2,3.66
2025-04-30 15:00:00,351.02,512.38,33.2,49.23,3.5
2025-04-30 16:00:00,193.62,284.2,32.45,52.02,3.17
2025-04-30 17:00:00,68.07,79.32,30.97,60.79,2.26
2025-04-30 18:00:00,0.0,0.0,29.33,67.77,2.23
2025-04-30 19:00:00,0.0,0.0,28.77,68.27,2.8
2025-04-30 20:00:00,0.0,0.0,28.24,69.91,2.94
2025-04-30 21:00:00,0.0,0.0,27.75,72.27,2.64
2025-04-30 22:00:00,0.0,0.0,27.25,75.33,2.26
2025-04-30 23:00:00,0.0,0.0,26.84,77.85,2.23
2025-05-01 00:00:00,0.0,0.0,26.53,79.87,2.38
2025-05-01 01:00:00,0.0,0.0,26.26,81.74,2.4
2025-05-01 02:00:00,0.0,0.0,26.07,83.12,2.13
2025-05-01 03:00:00,0.0,0.0,25.92,84.14,1.84
2025-05-01 04:00:00,0.0,0.0,25.8,84.74,1.76
2025-05-01 05:00:00,0.0,0.0,25.65,85.46,1.88
2025-05-01 06:00:00,74.6,89.95,26.02,83.47,2.63
2025-05-01 07:00:00,225.27,301.98,27.73,73.19,3.58
2025-05-01 08:00:00,447.23,534.4,29.52,63.61,4.39
2025-05-01 09:00:00,579.45,734.5,30.82,57.61,4.44
2025-05-01 10:00:00,523.08,878.9,31.76,53.7,4.01
2025-05-01 11:00:00,598.42,951.33,32.34,51.17,3.5
2025-05-01 12:00:00,268.88,924.65,32.87,48.81,3.09
2025-05-01 13:00:00,128.9,850.83,33.31,46.78,2.63
2025-05-01 14:00:00,86.65,707.97,33.41,45.82,1.99
2025-05-01 15:00:00,81.47,510.88,33.39,45.38,1.34
2025-05-01 16:00:00,57.12,284.88,33.19,45.74,0.79
2025-05-01 17:00:00,23.08,80.2,32.5,50.41,0.38
2025-05-01 18:00:00,0.0,0.0,31.07,60.3,0.48
2025-05-01 19:00:00,0.0,0.0,30.14,64.73,0.6
2025-05-01 20:00:00,0.0,0.0,29.66,65.63,0.61
2025-05-01 21:00:00,0.0,0.0,29.48,64.41,0.53
2025-05-01 22:00:00,0.0,0.0,29.23,64.32,0.41
2025-05-01 23:00:00,0.0,0.0,28.38,69.18,0.56
2025-05-02 00:00:00,0.0,0.0,27.34,74.13,0.71
2025-05-02 01:00:00,0.0,0.0,26.62,75.85,0.84
2025-05-02 02:00:00,0.0,0.0,26.17,76.52,1.02
2025-05-02 03:00:00,0.0,0.0,25.79,77.65,1.22
2025-05-02 04:00:00,0.0,0.0,25.47,78.82,1.4
2025-05-02 05:00:00,0.0,0.0,25.18,80.28,1.6
2025-05-02 06:00:00,62.38,81.72,25.94,77.06,2.65
2025-05-02 07:00:00,206.57,280.5,28.52,64.8,3.16
2025-05-02 08:00:00,376.12,507.15,31.55,52.24,3.23
2025-05-02 09:00:00,463.02,705.95,33.94,44.63,2.84
2025-05-02 10:00:00,675.55,849.15,35.58,40.46,2.16
2025-05-02 11:00:00,853.95,919.28,36.71,37.9,1.36
2025-05-02 12:00:00,848.95,909.83,37.12,36.93,0.5
2025-05-02 13:00:00,779.38,820.15,36.68,37.72,0.6
2025-05-02 14:00:00,634.67,659.12,35.87,39.69,1.48
2025-05-02 15:00:00,460.17,475.12,34.52,43.42,2.05
2025-05-02 16:00:00,243.38,256.17,33.36,47.28,2.26
2025-05-02 17:00:00,69.53,70.25,32.06,53.37,1.85
2025-05-02 18:00:00,0.0,0.0,30.69,61.31,1.43
2025-05-02 19:00:00,0.0,0.0,29.93,63.9,1.97
2025-05-02 20:00:00,0.0,0.0,29.19,67.55,2.69
2025-05-02 21:00:00,0.0,0.0,28.43,72.06,3.24
2025-05-02 22:00:00,0.0,0.0,27.76,76.13,3.66
2025-05-02 23:00:00,0.0,0.0,27.21,78.72,3.67
2025-05-03 00:00:00,0.0,0.0,26.84,78.25,3.2
2025-05-03 01:00:00,0.0,0.0,26.58,75.32,2.67
2025-05-03 02:00:00,0.0,0.0,26.36,73.24,2.04
2025-05-03 03:00:00,0.0,0.0,26.16,72.52,1.46
2025-05-03 04:00:00,0.0,0.0,25.99,73.03,1.09
2025-05-03 05:00:00,0.0,0.0,25.84,74.47,0.83
2025-05-03 06:00:00,63.62,64.93,26.19,71.84,0.92
2025-05-03 07:00:00,213.9,226.8,27.09,65.95,0.62
2025-05-03 08:00:00,371.1,419.73,29.53,54.53,0.53
2025-05-03 09:00:00,542.05,623.35,32.31,44.17,1.33
2025-05-03 10:00:00,648.28,777.28,34.45,38.27,1.97
2025-05-03 11:00:00,710.0,856.17,35.89,35.16,2.48
2025-05-03 12:00:00,654.92,874.53,36.61,34.0,2.81
2025-05-03 13:00:00,470.85,797.15,36.67,34.24,3.02
2025-05-03 14:00:00,351.62,646.05,36.31,35.31,3.1
2025-05-03 15:00:00,203.0,447.62,35.74,36.91,2.97
2025-05-03 16:00:00,129.25,236.45,34.96,39.24,2.65
2025-05-03 17:00:00,41.22,65.97,33.38,47.37,1.75
2025-05-03 18:00:00,0.0,0.0,31.31,56.48,1.53
2025-05-03 19:00:00,0.0,0.0,30.5,59.15,1.95
2025-05-03 20:00:00,0.0,0.0,29.82,62.28,2.23
2025-05-03 21:00:00,0.0,0.0,29.2,65.49,2.4
2025-05-03 22:00:00,0.0,0.0,28.67,68.31,2.55
2025-05-03 23:00:00,0.0,0.0,28.22,70.73,2.7
2025-05-04 00:00:00,0.0,0.0,27.84,73.03,2.82
2025-05-04 01:00:00,0.0,0.0,27.46,75.57,2.77
2025-05-04 02:00:00,0.0,0.0,27.11,77.94,2.7
2025-05-04 03:00:00,0.0,0.0,26.82,79.95,2.56
2025-05-04 04:00:00,0.0,0.0,26.56,81.65,2.35
2025-05-04 05:00:00,0.0,0.0,26.32,83.21,2.2
2025-05-04 06:00:00,73.88,74.62,26.44,82.98,2.41
2025-05-04 07:00:00,243.8,255.52,27.49,77.43,2.8
2025-05-04 08:00:00,424.73,464.33,29.03,69.04,3.36
2025-05-04 09:00:00,549.1,665.78,30.78,60.65,3.41
2025-05-04 10:00:00,576.22,816.72,32.51,53.79,3.05
2025-05-04 11:00:00,645.97,902.72,33.93,48.97,2.53
2025-05-04 12:00:00,770.28,912.75,34.77,46.03,1.91
2025-05-04 13:00:00,745.22,841.53,35.02,44.66,1.23
2025-05-04 14:00:00,643.7,699.42,34.87,44.75,0.52
2025-05-04 15:00:00,470.6,502.42,34.28,45.82,0.46
2025-05-04 16:00:00,255.43,275.7,33.66,47.76,0.92
2025-05-04 17:00:00,76.85,78.47,32.44,56.35,1.0
2025-05-04 18:00:00,0.0,0.0,30.61,64.89,1.2
2025-05-04 19:00:00,0.0,0.0,29.68,68.23,1.93
2025-05-04 20:00:00,0.0,0.0,28.9,73.14,2.5
2025-05-04 21:00:00,0.0,0.0,28.21,78.4,2.84
2025-05-04 22:00:00,0.0,0.0,27.66,82.38,2.66
2025-05-04 23:00:00,0.0,0.0,27.3,84.22,2.44
2025-05-05 00:00:00,0.0,0.0,27.03,84.94,2.27
2025-05-05 01:00:00,0.0,0.0,26.78,85.13,2.12
2025-05-05 02:00:00,0.0,0.0,26.49,85.44,2.0
2025-05-05 03:00:00,0.0,0.0,26.22,85.72,1.97
2025-05-05 04:00:00,0.0,0.0,25.96,86.29,1.95
2025-05-05 05:00:00,0.0,0.0,25.69,87.44,1.85
2025-05-05 06:00:00,85.2,85.45,26.15,85.14,2.24
2025-05-05 07:00:00,262.48,280.05,28.76,70.27,3.1
2025-05-05 08:00:00,487.02,505.3,31.44,57.88,3.38
2025-05-05 09:00:00,669.47,702.33,33.37,50.32,2.98
2025-05-05 10:00:00,772.92,844.67,34.88,44.96,2.63
2025-05-05 11:00:00,831.08,918.7,35.98,41.31,2.46
2025-05-05 12:00:00,838.8,928.92,36.57,39.51,2.51
2025-05-05 13:00:00,768.38,850.22,36.68,39.11,2.68
2025-05-05 14:00:00,639.58,701.25,36.09,40.45,2.9
2025-05-05 15:00:00,465.25,499.15,35.09,43.02,3.13
2025-05-05 16:00:00,239.77,271.2,33.99,46.56,3.22
2025-05-05 17:00:00,67.85,77.5,32.5,53.02,3.07
2025-05-05 18:00:00,0.0,0.0,30.55,62.6,2.94
2025-05-05 19:00:00,0.0,0.0,29.53,68.45,3.26
2025-05-05 20:00:00,0.0,0.0,28.85,72.69,3.14
2025-05-05 21:00:00,0.0,0.0,28.38,75.59,2.97
2025-05-05 22:00:00,0.0,0.0,27.95,78.31,2.82
2025-05-05 23:00:00,0.0,0.0,27.53,80.92,2.74
2025-05-06 00:00:00,0.0,0.0,27.17,83.25,2.69
2025-05-06 01:00:00,0.0,0.0,26.79,85.73,2.59
2025-05-06 02:00:00,0.0,0.0,26.45,88.06,2.41
2025-05-06 03:00:00,0.0,0.0,26.13,90.28,2.32
2025-05-06 04:00:00,0.0,0.0,25.85,92.23,2.25
2025-05-06 05:00:00,0.0,0.0,25.66,93.46,2.15
2025-05-06 06:00:00,80.8,84.78,26.04,91.7,2.62
2025-05-06 07:00:00,259.5,280.48,27.27,84.75,3.05
2025-05-06 08:00:00,485.05,508.12,29.0,73.81,3.54
2025-05-06 09:00:00,692.35,708.38,30.99,62.68,3.57
2025-05-06 10:00:00,801.62,854.08,32.84,54.04,3.26
2025-05-06 11:00:00,880.92,922.62,34.35,47.97,2.81
2025-05-06 12:00:00,866.0,867.42,35.2,44.73,2.36
2025-05-06 13:00:00,768.17,782.2,35.65,43.09,2.03
2025-05-06 14:00:00,568.22,629.7,35.72,42.47,1.94
2025-05-06 15:00:00,424.55,427.48,35.28,43.23,2.01
2025-05-06 16:00:00,230.8,237.15,34.53,45.38,2.05
2025-05-06 17:00:00,62.62,66.22,32.83,55.87,1.3
2025-05-06 18:00:00,0.0,0.0,30.89,64.35,1.23
2025-05-06 19:00:00,0.0,0.0,30.14,66.31,1.59
2025-05-06 20:00:00,0.0,0.0,29.54,69.07,1.96
2025-05-06 21:00:00,0.0,0.0,28.97,72.63,2.07
2025-05-06 22:00:00,0.0,0.0,28.54,75.4,1.91
2025-05-06 23:00:00,0.0,0.0,28.2,77.13,1.72
2025-05-07 00:00:00,0.0,0.0,27.87,78.67,1.6
2025-05-07 01:00:00,0.0,0.0,27.55,80.2,1.69
2025-05-07 02:00:00,0.0,0.0,27.25,81.64,1.85
2025-05-07 03:00:00,0.0,0.0,26.94,83.55,1.81
2025-05-07 04:00:00,0.0,0.0,26.61,85.68,1.7
2025-05-07 05:00:00,0.0,0.0,26.33,87.56,1.59
2025-05-07 06:00:00,79.65,87.85,26.59,86.9,2.13
2025-05-07 07:00:00,249.02,286.48,27.59,82.42,2.43
2025-05-07 08:00:00,460.52,515.97,29.0,75.39,2.74
2025-05-07 09:00:00,693.25,716.2,30.46,67.49,2.7
2025-05-07 10:00:00,756.67,860.62,31.72,61.84,2.29
2025-05-07 11:00:00,803.7,932.35,32.57,58.63,1.78
2025-05-07 12:00:00,773.72,856.12,33.17,56.34,1.31
2025-05-07 13:00:00,652.97,780.58,33.43,54.78,0.91
2025-05-07 14:00:00,564.92,636.22,33.27,54.62,0.71
2025-05-07 15:00:00,371.95,442.35,32.86,55.65,0.71
2025-05-07 16:00:00,198.62,242.0,32.35,58.58,0.56
2025-05-07 17:00:00,51.92,67.7,31.81,61.83,0.47
2025-05-07 18:00:00,0.0,0.0,30.95,68.15,0.32
2025-05-07 19:00:00,0.0,0.0,30.47,70.86,0.24
2025-05-07 20:00:00,0.0,0.0,30.17,70.85,0.09
2025-05-07 21:00:00,0.0,0.0,29.74,72.92,0.13
2025-05-07 22:00:00,0.0,0.0,29.1,76.76,0.38
2025-05-07 23:00:00,0.0,0.0,28.19,83.47,0.57
2025-05-08 00:00:00,0.0,0.0,27.38,87.97,0.68
2025-05-08 01:00:00,0.0,0.0,26.88,88.99,0.84
2025-05-08 02:00:00,0.0,0.0,26.58,89.2,0.98
2025-05-08 03:00:00,0.0,0.0,26.53,88.61,1.19
2025-05-08 04:00:00,0.0,0.0,26.3,88.62,1.4
2025-05-08 05:00:00,0.0,0.0,26.02,89.11,1.65
2025-05-08 06:00:00,79.0,83.82,26.16,87.99,2.22
2025-05-08 07:00:00,239.55,272.33,27.19,83.9,2.47
2025-05-08 08:00:00,438.9,497.17,30.03,67.22,3.03
2025-05-08 09:00:00,680.2,696.3,32.25,57.55,2.97
2025-05-08 10:00:00,834.8,842.1,33.73,52.32,2.53
2025-05-08 11:00:00,911.53,917.22,34.61,49.18,2.03
2025-05-08 12:00:00,925.78,927.78,35.17,47.47,1.56
2025-05-08 13:00:00,829.42,854.6,35.42,46.7,1.1
2025-05-08 14:00:00,685.1,708.8,35.37,46.26,0.73
2025-05-08 15:00:00,494.0,510.42,34.97,46.75,0.59
2025-05-08 16:00:00,270.08,283.55,34.47,48.02,0.7
2025-05-08 17:00:00,79.8,82.45,33.49,54.02,0.79
2025-05-08 18:00:00,0.0,0.0,31.33,69.5,0.7
2025-05-08 19:00:00,0.0,0.0,30.15,72.22,0.92
2025-05-08 20:00:00,0.0,0.0,29.43,72.37,1.28
2025-05-08 21:00:00,0.0,0.0,28.9,72.81,1.7
2025-05-08 22:00:00,0.0,0.0,28.46,73.9,2.1
2025-05-08 23:00:00,0.0,0.0,28.03,75.63,2.38
2025-05-09 00:00:00,0.0,0.0,27.65,77.36,2.6
2025-05-09 01:00:00,0.0,0.0,27.26,79.27,2.73
2025-05-09 02:00:00,0.0,0.0,26.92,80.97,2.75
2025-05-09 03:00:00,0.0,0.0,26.57,83.02,2.51
2025-05-09 04:00:00,0.0,0.0,26.32,84.73,2.24
2025-05-09 05:00:00,0.0,0.0,26.19,85.79,2.2
2025-05-09 06:00:00,90.07,95.12,26.6,84.37,2.68
2025-05-09 07:00:00,285.83,300.83,28.22,76.51,3.07
2025-05-09 08:00:00,511.7,528.92,30.63,64.31,3.9
2025-05-09 09:00:00,690.53,726.35,32.28,57.75,3.59
2025-05-09 10:00:00,805.12,871.17,33.28,54.14,2.91
2025-05-09 11:00:00,838.0,947.72,34.16,51.05,2.18
2025-05-09 12:00:00,853.95,904.62,34.76,48.83,1.56
2025-05-09 13:00:00,689.72,833.35,34.92,47.92,1.26
2025-05-09 14:00:00,640.38,686.0,34.7,48.19,1.4
2025-05-09 15:00:00,466.95,488.92,34.12,49.73,1.61
2025-05-09 16:00:00,250.98,266.92,33.41,53.2,1.69
2025-05-09 17:00:00,76.55,77.07,31.95,63.42,1.34
2025-05-09 18:00:00,0.0,0.0,30.07,72.98,1.22
2025-05-09 19:00:00,0.0,0.0,29.25,75.69,1.68
2025-05-09 20:00:00,0.0,0.0,28.61,78.69,2.24
2025-05-09 21:00:00,0.0,0.0,28.05,81.75,2.7
2025-05-09 22:00:00,0.0,0.0,27.53,85.01,2.91
2025-05-09 23:00:00,0.0,0.0,27.09,87.82,3.0
2025-05-10 00:00:00,0.0,0.0,26.71,89.93,3.03
2025-05-10 01:00:00,0.0,0.0,26.36,91.6,2.99
2025-05-10 02:00:00,0.0,0.0,26.08,92.57,3.0
2025-05-10 03:00:00,0.0,0.0,25.79,93.62,3.04
2025-05-10 04:00:00,0.0,0.0,25.56,94.42,2.92
2025-05-10 05:00:00,0.0,0.0,25.38,94.96,2.7
2025-05-10 06:00:00,73.88,96.57,25.74,93.05,2.97
2025-05-10 07:00:00,232.02,306.35,26.92,85.93,3.73
2025-05-10 08:00:00,413.8,532.8,28.8,74.19,4.16
2025-05-10 09:00:00,584.83,730.75,30.91,63.84,4.06
2025-05-10 10:00:00,717.15,874.1,32.43,58.0,3.54
2025-05-10 11:00:00,760.38,947.3,33.58,54.17,2.98
2025-05-10 12:00:00,816.62,946.7,34.37,51.4,2.42
2025-05-10 13:00:00,686.8,871.4,34.8,49.78,2.01
2025-05-10 14:00:00,527.38,730.78,34.54,50.09,1.83
2025-05-10 15:00:00,359.62,534.58,33.92,51.6,1.84
2025-05-10 16:00:00,194.52,305.45,33.1,54.45,1.8
2025-05-10 17:00:00,60.92,90.78,31.76,63.4,1.36
2025-05-10 18:00:00,0.0,0.0,29.83,75.33,0.99
2025-05-10 19:00:00,0.0,0.0,28.94,76.07,1.19
2025-05-10 20:00:00,0.0,0.0,28.29,76.58,1.42
2025-05-10 21:00:00,0.0,0.0,27.74,77.24,1.65
2025-05-10 22:00:00,0.0,0.0,27.26,78.21,1.83
2025-05-10 23:00:00,0.0,0.0,26.82,79.54,1.91
2025-05-11 00:00:00,0.0,0.0,26.43,80.9,1.96
2025-05-11 01:00:00,0.0,0.0,26.05,82.58,1.97
2025-05-11 02:00:00,0.0,0.0,25.7,84.43,1.93
2025-05-11 03:00:00,0.0,0.0,25.34,86.64,1.79
2025-05-11 04:00:00,0.0,0.0,24.99,89.09,1.63
2025-05-11 05:00:00,0.0,0.0,24.68,91.7,1.58
2025-05-11 06:00:00,84.53,106.68,25.48,89.12,2.49
2025-05-11 07:00:00,262.02,325.4,27.82,77.28,3.01
2025-05-11 08:00:00,450.52,554.47,30.97,61.26,3.25
2025-05-11 09:00:00,664.33,750.85,33.3,52.59,2.81
2025-05-11 10:00:00,819.05,892.03,35.03,46.77,2.52
2025-05-11 11:00:00,846.88,964.47,36.44,42.39,2.58
2025-05-11 12:00:00,806.62,942.2,37.38,39.47,2.73
2025-05-11 13:00:00,706.5,868.17,37.79,37.82,2.8
2025-05-11 14:00:00,626.42,726.55,37.62,37.47,2.8
2025-05-11 15:00:00,398.5,529.53,36.93,38.36,2.79
2025-05-11 16:00:00,221.77,301.17,35.78,40.75,2.7
2025-05-11 17:00:00,72.18,89.07,33.88,48.81,1.98
2025-05-11 18:00:00,0.0,0.0,31.54,60.31,1.53
2025-05-11 19:00:00,0.0,0.0,30.57,63.32,2.0
2025-05-11 20:00:00,0.0,0.0,29.85,66.29,2.3
2025-05-11 21:00:00,0.0,0.0,29.29,68.76,2.45
2025-05-11 22:00:00,0.0,0.0,28.84,70.46,2.39
2025-05-11 23:00:00,0.0,0.0,28.4,72.09,2.26
2025-05-12 00:00:00,0.0,0.0,27.96,73.63,2.14
2025-05-12 01:00:00,0.0,0.0,27.52,75.42,2.05
2025-05-12 02:00:00,0.0,0.0,27.09,77.5,2.05
2025-05-12 03:00:00,0.0,0.0,26.67,79.97,2.04
2025-05-12 04:00:00,0.0,0.0,26.21,83.01,2.05
2025-05-12 05:00:00,0.0,0.0,25.83,85.97,2.13
2025-05-12 06:00:00,104.78,108.47,26.3,84.85,2.71
2025-05-12 07:00:00,315.52,325.25,28.59,72.89,3.42
2025-05-12 08:00:00,551.1,554.72,31.44,59.36,3.71
2025-05-12 09:00:00,731.2,747.6,33.59,51.09,3.31
2025-05-12 10:00:00,837.75,886.5,35.24,46.16,2.75
2025-05-12 11:00:00,938.55,958.05,36.34,42.9,2.28
2025-05-12 12:00:00,934.8,952.08,37.09,40.55,1.98
2025-05-12 13:00:00,847.42,879.55,37.5,38.99,1.81
2025-05-12 14:00:00,739.45,743.5,37.2,39.01,1.77
2025-05-12 15:00:00,546.6,547.0,36.51,40.08,1.88
2025-05-12 16:00:00,309.15,314.08,35.41,42.73,2.08
2025-05-12 17:00:00,93.7,95.57,33.54,51.91,1.8
2025-05-12 18:00:00,0.0,0.0,31.16,63.01,1.81
2025-05-12 19:00:00,0.0,0.0,30.26,65.66,2.61
2025-05-12 20:00:00,0.0,0.0,29.5,69.23,2.97
2025-05-12 21:00:00,0.0,0.0,28.89,72.01,3.13
2025-05-12 22:00:00,0.0,0.0,28.42,73.87,3.21
2025-05-12 23:00:00,0.0,0.0,27.96,75.64,3.14
2025-05-13 00:00:00,0.0,0.0,27.49,77.6,3.04
2025-05-13 01:00:00,0.0,0.0,26.97,80.08,2.94
2025-05-13 02:00:00,0.0,0.0,26.47,82.74,2.83
2025-05-13 03:00:00,0.0,0.0,26.01,85.67,2.58
2025-05-13 04:00:00,0.0,0.0,25.64,88.26,2.35
2025-05-13 05:00:00,0.0,0.0,25.36,90.26,2.26
2025-05-13 06:00:00,77.2,108.1,26.02,87.27,2.95
2025-05-13 07:00:00,239.82,324.77,28.38,74.14,3.83
2025-05-13 08:00:00,431.58,552.85,31.25,60.15,4.3
2025-05-13 09:00:00,623.4,746.08,33.48,51.8,4.08
2025-05-13 10:00:00,735.5,884.05,35.04,46.82,3.66
2025-05-13 11:00:00,833.45,954.0,35.96,44.09,3.29
2025-05-13 12:00:00,793.42,924.17,36.38,42.92,3.0
2025-05-13 13:00:00,745.45,848.7,36.46,42.69,2.8
2025-05-13 14:00:00,637.05,702.38,36.08,43.62,2.86
2025-05-13 15:00:00,475.75,507.75,35.18,46.14,3.1
2025-05-13 16:00:00,263.62,285.75,33.84,50.74,3.42
2025-05-13 17:00:00,80.88,85.3,31.93,59.15,3.31
2025-05-13 18:00:00,0.0,0.0,29.76,70.23,3.22
2025-05-13 19:00:00,0.0,0.0,28.59,77.15,3.6
2025-05-13 20:00:00,0.0,0.0,27.89,81.53,3.56
2025-05-13 21:00:00,0.0,0.0,27.48,83.72,3.38
2025-05-13 22:00:00,0.0,0.0,27.16,85.06,3.3
2025-05-13 23:00:00,0.0,0.0,26.84,86.35,3.35
2025-05-14 00:00:00,0.0,0.0,26.49,87.78,3.41
2025-05-14 01:00:00,0.0,0.0,26.14,89.05,3.41
2025-05-14 02:00:00,0.0,0.0,25.76,90.1,3.28
2025-05-14 03:00:00,0.0,0.0,25.4,90.89,3.0
2025-05-14 04:00:00,0.0,0.0,25.08,91.64,2.74
2025-05-14 05:00:00,0.0,0.0,24.8,92.39,2.52
2025-05-14 06:00:00,43.6,100.72,25.26,89.55,2.9
2025-05-14 07:00:00,146.18,313.02,27.13,75.46,3.83
2025-05-14 08:00:00,288.88,543.2,29.54,58.7,4.34
2025-05-14 09:00:00,566.12,740.4,31.84,48.11,4.27
2025-05-14 10:00:00,700.05,881.8,33.77,42.72,3.88
2025-05-14 11:00:00,644.35,955.15,35.28,39.41,3.44
2025-05-14 12:00:00,688.6,955.4,36.37,37.13,3.12
2025-05-14 13:00:00,721.45,881.15,37.0,35.87,3.0
2025-05-14 14:00:00,604.8,738.58,37.08,35.68,3.0
2025-05-14 15:00:00,448.25,540.2,36.65,36.51,2.93
2025-05-14 16:00:00,252.32,310.83,35.65,38.77,2.78
2025-05-14 17:00:00,82.65,95.43,33.68,47.03,2.02
2025-05-14 18:00:00,0.0,0.0,30.83,60.04,1.52
2025-05-14 19:00:00,0.0,0.0,29.84,62.26,1.93
2025-05-14 20:00:00,0.0,0.0,29.11,64.6,2.07
2025-05-14 21:00:00,0.0,0.0,28.53,66.64,2.13
2025-05-14 22:00:00,0.0,0.0,28.02,68.53,2.21
2025-05-14 23:00:00,0.0,0.0,27.51,70.57,2.24
2025-05-15 00:00:00,0.0,0.0,26.99,73.01,2.26
2025-05-15 01:00:00,0.0,0.0,26.47,75.82,2.26
2025-05-15 02:00:00,0.0,0.0,25.96,79.29,2.27
2025-05-15 03:00:00,0.0,0.0,25.47,82.97,2.21
2025-05-15 04:00:00,0.0,0.0,25.15,85.71,2.13
2025-05-15 05:00:00,0.0,0.0,24.88,87.74,1.95
2025-05-15 06:00:00,90.28,105.72,25.45,85.15,2.35
2025-05-15 07:00:00,291.92,317.48,28.0,70.11,2.71
2025-05-15 08:00:00,542.8,544.88,31.4,52.66,3.36
2025-05-15 09:00:00,727.92,740.22,33.99,43.76,3.02
2025-05-15 10:00:00,846.12,880.53,35.82,38.86,2.65
2025-05-15 11:00:00,910.12,951.83,37.04,35.55,2.54
2025-05-15 12:00:00,880.85,949.38,37.72,33.66,2.69
2025-05-15 13:00:00,852.62,873.03,37.88,33.12,2.85
2025-05-15 14:00:00,691.5,728.75,37.8,33.23,2.98
2025-05-15 15:00:00,506.62,531.05,37.36,34.24,3.11
2025-05-15 16:00:00,282.52,302.85,36.35,36.93,3.3
2025-05-15 17:00:00,86.15,92.2,34.45,43.6,3.06
2025-05-15 18:00:00,0.0,0.0,31.96,54.32,2.76
2025-05-15 19:00:00,0.0,0.0,30.8,60.75,3.22
2025-05-15 20:00:00,0.0,0.0,30.06,65.7,3.03
2025-05-15 21:00:00,0.0,0.0,29.6,68.63,2.77
2025-05-15 22:00:00,0.0,0.0,29.23,70.46,2.55
2025-05-15 23:00:00,0.0,0.0,28.81,72.17,2.49
2025-05-16 00:00:00,0.0,0.0,28.34,74.1,2.57
2025-05-16 01:00:00,0.0,0.0,27.79,76.57,2.64
2025-05-16 02:00:00,0.0,0.0,27.26,79.22,2.55
2025-05-16 03:00:00,0.0,0.0,26.74,82.34,2.22
2025-05-16 04:00:00,0.0,0.0,26.25,85.93,1.83
2025-05-16 05:00:00,0.0,0.0,25.81,89.25,1.58
2025-05-16 06:00:00,48.92,94.6,26.35,87.24,2.12
2025-05-16 07:00:00,158.07,290.45,28.81,72.49,2.78
2025-05-16 08:00:00,292.67,504.8,31.36,59.71,3.08
2025-05-16 09:00:00,467.7,693.75,33.13,52.76,3.07
2025-05-16 10:00:00,614.85,829.95,34.66,47.52,3.02
2025-05-16 11:00:00,673.85,903.65,35.73,43.84,2.76
2025-05-16 12:00:00,858.2,940.22,36.26,41.99,2.55
2025-05-16 13:00:00,829.22,867.72,36.31,41.64,2.41
2025-05-16 14:00:00,698.22,726.75,35.9,42.44,2.4
2025-05-16 15:00:00,504.62,532.12,35.09,44.34,2.35
2025-05-16 16:00:00,276.5,306.27,34.01,47.66,2.12
2025-05-16 17:00:00,84.68,94.72,32.44,56.32,1.54
2025-05-16 18:00:00,0.0,0.0,30.47,69.75,1.14
2025-05-16 19:00:00,0.0,0.0,29.65,71.96,1.4
2025-05-16 20:00:00,0.0,0.0,29.06,73.47,1.69
2025-05-16 21:00:00,0.0,0.0,28.52,75.21,1.9
2025-05-16 22:00:00,0.0,0.0,28.12,76.39,1.99
2025-05-16 23:00:00,0.0,0.0,27.75,77.93,1.74
2025-05-17 00:00:00,0.0,0.0,27.44,79.96,1.27
2025-05-17 01:00:00,0.0,0.0,27.23,81.4,0.98
2025-05-17 02:00:00,0.0,0.0,27.1,81.19,1.24
2025-05-17 03:00:00,0.0,0.0,26.72,83.14,1.25
2025-05-17 04:00:00,0.0,0.0,26.38,85.45,1.38
2025-05-17 05:00:00,0.0,0.0,26.18,85.79,1.69
2025-05-17 06:00:00,12.18,103.85,26.14,85.31,2.03
2025-05-17 07:00:00,35.5,311.35,26.64,81.09,2.32
2025-05-17 08:00:00,41.55,533.28,27.46,75.86,2.26
2025-05-17 09:00:00,94.25,723.42,28.5,70.56,1.85
2025-05-17 10:00:00,226.32,860.25,29.5,66.14,1.52
2025-05-17 11:00:00,263.6,931.1,30.2,63.15,1.22
2025-05-17 12:00:00,359.73,929.28,31.01,59.63,0.95
2025-05-17 13:00:00,576.88,855.2,31.5,57.2,0.76
2025-05-17 14:00:00,401.1,714.72,31.52,56.66,0.78
2025-05-17 15:00:00,292.67,521.0,31.26,57.28,0.92
2025-05-17 16:00:00,153.0,296.5,30.93,59.06,1.07
2025-05-17 17:00:00,58.42,89.43,30.24,65.03,0.88
2025-05-17 18:00:00,0.0,0.0,28.96,76.44,0.61
2025-05-17 19:00:00,0.0,0.0,28.38,77.41,0.68
2025-05-17 20:00:00,0.0,0.0,27.84,78.78,0.8
2025-05-17 21:00:00,0.0,0.0,27.35,80.2,0.96
2025-05-17 22:00:00,0.0,0.0,26.94,81.87,1.17
2025-05-17 23:00:00,0.0,0.0,26.52,84.12,1.32
2025-05-18 00:00:00,0.0,0.0,26.12,86.53,1.36
2025-05-18 01:00:00,0.0,0.0,25.74,88.96,1.28
2025-05-18 02:00:00,0.0,0.0,25.43,91.02,1.15
2025-05-18 03:00:00,0.0,0.0,25.18,92.66,0.99
2025-05-18 04:00:00,0.0,0.0,24.97,93.9,0.86
2025-05-18 05:00:00,0.0,0.0,24.81,94.78,0.78
2025-05-18 06:00:00,55.22,91.68,25.73,89.97,1.68
2025-05-18 07:00:00,154.25,281.98,27.67,77.84,2.52
2025-05-18 08:00:00,274.6,493.45,29.72,67.35,2.62
2025-05-18 09:00:00,362.9,696.05,31.4,60.08,2.14
2025-05-18 10:00:00,451.95,828.65,32.62,54.76,1.61
2025-05-18 11:00:00,597.78,892.75,33.37,51.41,1.33
2025-05-18 12:00:00,742.0,924.4,33.53,50.34,1.26
2025-05-18 13:00:00,523.7,848.22,33.3,51.01,1.27
2025-05-18 14:00:00,431.95,711.88,32.82,52.67,1.21
2025-05-18 15:00:00,346.15,517.2,32.03,55.49,1.21
2025-05-18 16:00:00,184.27,291.55,30.99,60.21,1.3
2025-05-18 17:00:00,64.32,88.12,29.74,69.34,1.15
2025-05-18 18:00:00,0.0,0.0,28.38,78.15,1.09
2025-05-18 19:00:00,0.0,0.0,27.51,82.87,1.16
2025-05-18 20:00:00,0.0,0.0,26.93,83.07,1.55
2025-05-18 21:00:00,0.0,0.0,26.49,83.9,1.95
2025-05-18 22:00:00,0.0,0.0,26.11,85.24,2.16
2025-05-18 23:00:00,0.0,0.0,25.82,86.1,2.19
2025-05-19 00:00:00,0.0,0.0,25.58,86.94,2.0
2025-05-19 01:00:00,0.0,0.0,25.32,88.34,1.67
2025-05-19 02:00:00,0.0,0.0,24.99,90.21,1.31
2025-05-19 03:00:00,0.0,0.0,24.66,91.7,1.15
2025-05-19 04:00:00,0.0,0.0,24.47,92.51,1.22
2025-05-19 05:00:00,0.0,0.0,24.34,93.15,1.39
2025-05-19 06:00:00,87.5,85.9,25.08,89.34,2.38
2025-05-19 07:00:00,248.15,263.35,27.4,75.74,2.86
2025-05-19 08:00:00,457.08,477.65,29.83,63.75,3.11
2025-05-19 09:00:00,645.5,669.3,31.94,55.03,3.13
2025-05-19 10:00:00,759.28,810.53,33.69,48.9,2.79
2025-05-19 11:00:00,826.12,889.7,35.1,44.38,2.16
2025-05-19 12:00:00,854.8,922.95,36.16,41.17,1.52
2025-05-19 13:00:00,811.25,846.72,36.77,39.13,1.05
2025-05-19 14:00:00,654.47,704.8,36.96,38.02,1.03
2025-05-19 15:00:00,477.83,507.4,36.67,38.05,1.23
2025-05-19 16:00:00,257.02,283.38,35.83,39.5,1.4
2025-05-19 17:00:00,80.32,86.65,34.4,45.8,1.04
2025-05-19 18:00:00,0.0,0.0,31.99,61.05,0.69
2025-05-19 19:00:00,0.0,0.0,30.63,65.83,0.7
2025-05-19 20:00:00,0.0,0.0,29.59,68.11,0.82
2025-05-19 21:00:00,0.0,0.0,28.73,69.59,1.02
2025-05-19 22:00:00,0.0,0.0,28.03,71.25,1.29
2025-05-19 23:00:00,0.0,0.0,27.5,72.29,1.64
2025-05-20 00:00:00,0.0,0.0,27.07,73.8,2.02
2025-05-20 01:00:00,0.0,0.0,26.62,76.15,2.2
2025-05-20 02:00:00,0.0,0.0,26.13,79.1,2.08
2025-05-20 03:00:00,0.0,0.0,25.7,81.94,1.96
2025-05-20 04:00:00,0.0,0.0,25.34,84.35,1.88
2025-05-20 05:00:00,0.0,0.0,25.06,86.28,1.85
2025-05-20 06:00:00,96.12,95.6,25.82,82.91,2.61
2025-05-20 07:00:00,276.77,288.25,28.46,69.28,2.99
2025-05-20 08:00:00,490.33,508.27,31.45,56.12,3.29
2025-05-20 09:00:00,683.03,701.2,33.68,48.77,2.95
2025-05-20 10:00:00,824.85,841.3,35.46,43.63,2.23
2025-05-20 11:00:00,913.38,916.88,36.96,39.83,1.35
2025-05-20 12:00:00,848.1,875.9,38.12,37.0,0.79
2025-05-20 13:00:00,800.72,802.95,38.87,34.83,1.08
2025-05-20 14:00:00,650.5,661.42,39.05,33.98,1.56
2025-05-20 15:00:00,356.83,466.62,38.39,34.78,2.14
2025-05-20 16:00:00,199.4,250.3,37.24,37.05,2.73
2025-05-20 17:00:00,67.6,75.97,35.23,43.91,2.47
2025-05-20 18:00:00,0.0,0.0,32.84,53.21,2.45
2025-05-20 19:00:00,0.0,0.0,31.61,58.47,3.32
2025-05-20 20:00:00,0.0,0.0,30.48,64.57,3.4
2025-05-20 21:00:00,0.0,0.0,29.67,69.35,3.25
2025-05-20 22:00:00,0.0,0.0,29.14,72.25,2.9
2025-05-20 23:00:00,0.0,0.0,28.73,74.1,2.66
2025-05-21 00:00:00,0.0,0.0,28.34,75.7,2.51
2025-05-21 01:00:00,0.0,0.0,27.94,77.51,2.44
2025-05-21 02:00:00,0.0,0.0,27.52,79.78,2.3
2025-05-21 03:00:00,0.0,0.0,27.16,82.02,2.29
2025-05-21 04:00:00,0.0,0.0,26.86,84.15,2.44
2025-05-21 05:00:00,0.0,0.0,26.56,86.54,2.62
2025-05-21 06:00:00,85.78,96.7,26.66,86.93,3.1
2025-05-21 07:00:00,247.45,295.67,27.37,82.97,3.79
2025-05-21 08:00:00,444.4,518.7,28.37,77.01,4.09
2025-05-21 09:00:00,633.47,711.47,29.54,70.96,4.1
2025-05-21 10:00:00,831.05,850.72,30.64,65.73,3.93
2025-05-21 11:00:00,906.1,922.45,31.46,61.69,3.71
2025-05-21 12:00:00,832.58,921.1,31.89,59.05,3.42
2025-05-21 13:00:00,815.9,846.67,31.94,57.9,3.15
2025-05-21 14:00:00,583.0,705.75,31.73,57.8,2.88
2025-05-21 15:00:00,339.75,512.4,31.44,58.47,2.77
2025-05-21 16:00:00,179.75,289.92,30.95,60.3,2.65
2025-05-21 17:00:00,54.35,89.85,29.91,66.49,1.91
2025-05-21 18:00:00,0.0,0.0,28.6,73.71,1.47
2025-05-21 19:00:00,0.0,0.0,28.17,75.25,1.74
2025-05-21 20:00:00,0.0,0.0,27.85,76.81,1.87
2025-05-21 21:00:00,0.0,0.0,27.55,78.51,1.83
2025-05-21 22:00:00,0.0,0.0,27.25,80.14,1.72
2025-05-21 23:00:00,0.0,0.0,26.93,81.61,1.61
2025-05-22 00:00:00,0.0,0.0,26.57,83.1,1.5
2025-05-22 01:00:00,0.0,0.0,26.21,84.42,1.48
2025-05-22 02:00:00,0.0,0.0,25.9,85.68,1.62
2025-05-22 03:00:00,0.0,0.0,25.58,87.07,1.78
2025-05-22 04:00:00,0.0,0.0,25.25,88.61,1.94
2025-05-22 05:00:00,0.0,0.0,25.05,89.81,2.2
2025-05-22 06:00:00,93.82,102.85,25.49,87.77,2.6
2025-05-22 07:00:00,280.83,307.8,27.74,75.12,3.34
2025-05-22 08:00:00,502.17,531.97,30.27,62.41,3.6
2025-05-22 09:00:00,723.72,724.4,32.26,53.95,3.33
2025-05-22 10:00:00,858.35,863.97,33.98,47.85,2.99
2025-05-22 11:00:00,890.22,931.75,35.38,43.48,2.51
2025-05-22 12:00:00,855.05,885.05,36.44,40.44,2.09
2025-05-22 13:00:00,788.7,808.28,37.0,38.81,1.89
2025-05-22 14:00:00,618.58,664.58,37.01,38.55,1.87
2025-05-22 15:00:00,455.75,471.85,36.19,40.09,1.92
2025-05-22 16:00:00,239.95,258.35,35.31,42.36,1.94
2025-05-22 17:00:00,76.6,79.82,33.92,48.87,1.43
2025-05-22 18:00:00,0.0,0.0,31.61,62.73,0.92
2025-05-22 19:00:00,0.0,0.0,30.52,65.49,1.13
2025-05-22 20:00:00,0.0,0.0,29.75,68.01,1.42
2025-05-22 21:00:00,0.0,0.0,29.06,70.91,1.71
2025-05-22 22:00:00,0.0,0.0,28.44,73.75,1.99
2025-05-22 23:00:00,0.0,0.0,27.86,76.74,2.19
2025-05-23 00:00:00,0.0,0.0,27.38,79.52,2.33
2025-05-23 01:00:00,0.0,0.0,27.0,81.88,2.49
2025-05-23 02:00:00,0.0,0.0,26.67,83.88,2.54
2025-05-23 03:00:00,0.0,0.0,26.41,85.28,2.61
2025-05-23 04:00:00,0.0,0.0,26.14,86.62,2.58
2025-05-23 05:00:00,0.0,0.0,25.89,87.81,2.43
2025-05-23 06:00:00,88.57,91.57,26.42,84.92,2.93
2025-05-23 07:00:00,268.17,280.08,28.27,74.29,3.68
2025-05-23 08:00:00,492.55,495.38,30.29,63.75,3.96
2025-05-23 09:00:00,692.03,692.95,32.06,56.48,3.61
2025-05-23 10:00:00,835.6,835.83,33.45,51.79,3.05
2025-05-23 11:00:00,904.05,907.97,34.26,49.16,2.39
2025-05-23 12:00:00,846.35,854.42,34.78,47.65,1.85
2025-05-23 13:00:00,598.42,787.53,35.08,46.86,1.47
2025-05-23 14:00:00,596.55,658.05,34.74,47.63,1.31
2025-05-23 15:00:00,353.3,474.17,34.05,49.59,1.56
2025-05-23 16:00:00,170.65,263.75,33.42,51.94,1.96
2025-05-23 17:00:00,63.28,82.5,32.05,59.49,1.68
2025-05-23 18:00:00,0.0,0.0,30.29,67.6,1.72
2025-05-23 19:00:00,0.0,0.0,29.54,70.2,2.38
2025-05-23 20:00:00,0.0,0.0,28.93,73.12,2.82
2025-05-23 21:00:00,0.0,0.0,28.4,76.03,2.97
2025-05-23 22:00:00,0.0,0.0,27.95,78.67,3.0
2025-05-23 23:00:00,0.0,0.0,27.57,80.9,2.94
2025-05-24 00:00:00,0.0,0.0,27.21,83.0,2.76
2025-05-24 01:00:00,0.0,0.0,26.9,84.83,2.53
2025-05-24 02:00:00,0.0,0.0,26.62,86.58,2.29
2025-05-24 03:00:00,0.0,0.0,26.39,87.9,2.21
2025-05-24 04:00:00,0.0,0.0,26.17,89.03,2.14
2025-05-24 05:00:00,0.0,0.0,25.95,90.15,2.05
2025-05-24 06:00:00,52.4,84.4,26.03,89.63,2.28
2025-05-24 07:00:00,143.62,265.52,26.55,86.95,2.5
2025-05-24 08:00:00,269.5,480.77,27.57,80.67,3.15
2025-05-24 09:00:00,515.35,673.65,28.75,73.63,3.62
2025-05-24 10:00:00,658.65,813.28,29.85,67.73,3.88
2025-05-24 11:00:00,757.62,892.17,30.77,62.57,3.99
2025-05-24 12:00:00,695.25,906.55,31.5,58.16,3.92
2025-05-24 13:00:00,629.62,835.55,31.94,55.08,3.7
2025-05-24 14:00:00,426.52,695.75,31.99,53.7,3.45
2025-05-24 15:00:00,279.48,501.05,31.8,53.54,3.23
2025-05-24 16:00:00,167.5,283.55,31.21,55.1,2.95
2025-05-24 17:00:00,58.25,86.45,29.96,61.8,2.0
2025-05-24 18:00:00,0.0,0.0,28.23,72.76,1.24
2025-05-24 19:00:00,0.0,0.0,27.69,75.18,1.3
2025-05-24 20:00:00,0.0,0.0,27.33,76.96,1.38
2025-05-24 21:00:00,0.0,0.0,27.03,78.71,1.49
2025-05-24 22:00:00,0.0,0.0,26.77,80.47,1.67
2025-05-24 23:00:00,0.0,0.0,26.52,82.27,1.91
2025-05-25 00:00:00,0.0,0.0,26.22,84.39,2.14
2025-05-25 01:00:00,0.0,0.0,25.89,86.57,2.3
2025-05-25 02:00:00,0.0,0.0,25.52,88.93,2.28
2025-05-25 03:00:00,0.0,0.0,25.21,90.77,2.24
2025-05-25 04:00:00,0.0,0.0,24.97,92.05,2.18
2025-05-25 05:00:00,0.0,0.0,24.77,92.88,2.14
2025-05-25 06:00:00,90.93,87.32,25.26,89.94,2.59
2025-05-25 07:00:00,259.9,267.15,27.76,73.57,3.4
2025-05-25 08:00:00,468.55,485.65,30.3,60.3,3.75
2025-05-25 09:00:00,652.5,679.9,32.32,52.26,3.49
2025-05-25 10:00:00,758.33,826.0,34.14,45.62,3.12
2025-05-25 11:00:00,898.35,907.88,35.72,40.51,2.72
2025-05-25 12:00:00,938.8,944.85,36.88,37.08,2.32
2025-05-25 13:00:00,870.2,872.65,37.52,35.17,1.88
2025-05-25 14:00:00,728.7,731.3,37.73,34.26,1.5
2025-05-25 15:00:00,534.72,537.15,37.54,34.07,1.42
2025-05-25 16:00:00,294.15,312.23,36.79,35.06,1.66
2025-05-25 17:00:00,93.35,101.4,34.94,42.07,1.55
2025-05-25 18:00:00,0.0,0.0,31.69,55.45,1.55
2025-05-25 19:00:00,0.0,0.0,30.44,57.11,2.56
2025-05-25 20:00:00,0.0,0.0,29.36,61.38,3.12
2025-05-25 21:00:00,0.0,0.0,28.37,66.33,3.06
2025-05-25 22:00:00,0.0,0.0,27.66,69.77,2.89
2025-05-25 23:00:00,0.0,0.0,27.13,72.03,2.77
2025-05-26 00:00:00,0.0,0.0,26.66,73.83,2.71
2025-05-26 01:00:00,0.0,0.0,26.22,75.73,2.71
2025-05-26 02:00:00,0.0,0.0,25.81,77.9,2.77
2025-05-26 03:00:00,0.0,0.0,25.41,80.46,2.81
2025-05-26 04:00:00,0.0,0.0,25.05,83.12,2.78
2025-05-26 05:00:00,0.0,0.0,24.72,85.66,2.71
2025-05-26 06:00:00,85.55,100.8,25.32,83.57,3.1
2025-05-26 07:00:00,239.77,298.8,28.02,69.92,3.62
2025-05-26 08:00:00,431.33,519.2,31.15,56.12,4.11
2025-05-26 09:00:00,624.53,709.83,33.52,47.65,3.97
2025-05-26 10:00:00,707.8,847.6,35.24,42.82,3.54
2025-05-26 11:00:00,768.78,919.1,36.62,39.21,3.12
2025-05-26 12:00:00,835.33,911.15,37.62,36.43,2.73
2025-05-26 13:00:00,787.7,840.08,38.23,34.68,2.55
2025-05-26 14:00:00,648.95,701.22,38.28,34.09,2.53
2025-05-26 15:00:00,465.1,510.38,37.74,34.9,2.62
2025-05-26 16:00:00,255.18,291.15,36.71,37.21,2.76
2025-05-26 17:00:00,83.3,93.72,34.92,43.06,2.49
2025-05-26 18:00:00,0.0,0.0,32.35,52.93,2.25
2025-05-26 19:00:00,0.0,0.0,31.27,57.34,3.19
2025-05-26 20:00:00,0.0,0.0,30.23,62.95,3.21
2025-05-26 21:00:00,0.0,0.0,29.52,66.75,3.16
2025-05-26 22:00:00,0.0,0.0,28.99,69.26,3.12
2025-05-26 23:00:00,0.0,0.0,28.54,71.27,3.14
2025-05-27 00:00:00,0.0,0.0,28.05,73.57,3.19
2025-05-27 01:00:00,0.0,0.0,27.43,76.75,3.19
2025-05-27 02:00:00,0.0,0.0,26.84,80.03,3.11
2025-05-27 03:00:00,0.0,0.0,26.38,82.94,2.94
2025-05-27 04:00:00,0.0,0.0,26.04,85.17,2.87
2025-05-27 05:00:00,0.0,0.0,25.81,86.61,2.8
2025-05-27 06:00:00,10.15,96.15,26.37,83.44,3.34
2025-05-27 07:00:00,44.28,290.5,28.21,72.89,4.3
2025-05-27 08:00:00,69.03,506.92,30.42,61.99,4.61
2025-05-27 09:00:00,40.15,695.65,32.32,54.46,4.2
2025-05-27 10:00:00,59.22,832.65,33.73,49.67,3.56
2025-05-27 11:00:00,112.32,903.78,34.95,45.58,3.01
2025-05-27 12:00:00,327.88,870.4,35.8,42.78,2.72
2025-05-27 13:00:00,390.4,810.65,36.39,40.76,2.55
2025-05-27 14:00:00,319.08,683.67,36.19,40.79,2.45
2025-05-27 15:00:00,223.8,500.35,35.46,42.36,2.43
2025-05-27 16:00:00,143.52,281.42,34.39,45.37,2.44
2025-05-27 17:00:00,64.55,90.4,32.8,52.46,1.88
2025-05-27 18:00:00,0.0,0.0,31.08,59.69,1.74
2025-05-27 19:00:00,0.0,0.0,30.39,62.13,2.11
2025-05-27 20:00:00,0.0,0.0,29.74,65.26,2.12
2025-05-27 21:00:00,0.0,0.0,29.18,68.21,2.01
2025-05-27 22:00:00,0.0,0.0,28.73,70.59,1.97
2025-05-27 23:00:00,0.0,0.0,28.31,72.63,1.98
2025-05-28 00:00:00,0.0,0.0,27.88,74.85,1.94
2025-05-28 01:00:00,0.0,0.0,27.42,77.53,1.93
2025-05-28 02:00:00,0.0,0.0,26.89,81.09,1.87
2025-05-28 03:00:00,0.0,0.0,26.37,85.06,1.7
2025-05-28 04:00:00,0.0,0.0,25.93,88.83,1.54
2025-05-28 05:00:00,0.0,0.0,25.57,92.28,1.52
2025-05-28 06:00:00,65.45,98.05,25.63,92.07,2.06
2025-05-28 07:00:00,208.3,295.92,26.24,89.69,2.44
2025-05-28 08:00:00,388.08,517.28,27.41,82.86,3.01
2025-05-28 09:00:00,640.28,708.95,28.78,74.41,3.22
2025-05-28 10:00:00,783.67,846.75,30.02,67.81,2.86
2025-05-28 11:00:00,818.5,917.47,30.65,64.93,2.27
2025-05-28 12:00:00,819.17,886.55,30.64,65.01,1.75
2025-05-28 13:00:00,706.05,815.95,30.26,66.72,1.41
2025-05-28 14:00:00,650.67,674.35,29.74,69.34,1.19
2025-05-28 15:00:00,475.88,478.02,29.09,73.2,0.97
2025-05-28 16:00:00,250.77,268.75,28.52,78.79,0.72
2025-05-28 17:00:00,81.6,85.6,27.88,81.69,0.87
2025-05-28 18:00:00,0.0,0.0,27.09,86.21,0.99
2025-05-28 19:00:00,0.0,0.0,26.54,89.29,1.24
2025-05-28 20:00:00,0.0,0.0,26.17,91.46,1.45
2025-05-28 21:00:00,0.0,0.0,25.96,92.93,1.44
2025-05-28 22:00:00,0.0,0.0,25.85,93.99,1.19
2025-05-28 23:00:00,0.0,0.0,25.73,94.87,0.92
2025-05-29 00:00:00,0.0,0.0,25.62,95.01,0.82
2025-05-29 01:00:00,0.0,0.0,25.49,94.93,0.92
2025-05-29 02:00:00,0.0,0.0,25.37,95.57,0.79
2025-05-29 03:00:00,0.0,0.0,25.23,96.41,0.6
2025-05-29 04:00:00,0.0,0.0,25.1,96.68,0.42
2025-05-29 05:00:00,0.0,0.0,25.05,95.53,0.32
2025-05-29 06:00:00,67.95,94.18,25.48,93.66,0.23
2025-05-29 07:00:00,207.75,294.8,26.24,87.85,0.69
2025-05-29 08:00:00,367.6,515.85,27.07,83.12,1.61
2025-05-29 09:00:00,498.38,710.72,28.18,77.2,2.39
2025-05-29 10:00:00,685.65,848.4,29.33,70.48,2.85
2025-05-29 11:00:00,706.38,919.65,30.1,66.7,3.03
2025-05-29 12:00:00,727.92,898.67,30.48,65.26,3.02
2025-05-29 13:00:00,608.2,825.35,30.64,64.13,2.81
2025-05-29 14:00:00,501.6,685.38,30.46,64.12,2.55
2025-05-29 15:00:00,319.55,493.77,30.07,64.95,2.32
2025-05-29 16:00:00,183.25,276.75,29.45,67.83,1.97
2025-05-29 17:00:00,66.05,87.25,28.43,76.46,1.23
2025-05-29 18:00:00,0.0,0.0,27.21,83.1,0.95
2025-05-29 19:00:00,0.0,0.0,26.81,83.85,1.04
2025-05-29 20:00:00,0.0,0.0,26.53,84.45,1.09
2025-05-29 21:00:00,0.0,0.0,26.28,85.16,1.08
2025-05-29 22:00:00,0.0,0.0,26.02,86.16,0.97
2025-05-29 23:00:00,0.0,0.0,25.79,87.12,0.81
2025-05-30 00:00:00,0.0,0.0,25.55,88.16,0.63
2025-05-30 01:00:00,0.0,0.0,25.39,88.49,0.5
2025-05-30 02:00:00,0.0,0.0,25.2,88.6,0.48
2025-05-30 03:00:00,0.0,0.0,24.86,89.34,0.56
2025-05-30 04:00:00,0.0,0.0,24.51,90.54,0.62
2025-05-30 05:00:00,0.0,0.0,24.18,92.14,0.64
2025-05-30 06:00:00,85.85,91.82,25.16,87.46,1.41
2025-05-30 07:00:00,251.82,279.58,27.48,74.2,1.71
2025-05-30 08:00:00,460.73,498.45,29.72,63.41,1.74
2025-05-30 09:00:00,680.83,684.47,31.49,56.73,1.93
2025-05-30 10:00:00,724.83,827.65,33.09,51.22,2.05
2025-05-30 11:00:00,796.5,905.33,34.41,46.65,2.15
2025-05-30 12:00:00,888.55,934.12,35.38,43.27,2.23
2025-05-30 13:00:00,794.6,861.8,35.9,41.1,2.25
2025-05-30 14:00:00,712.6,722.72,35.84,40.49,2.27
2025-05-30 15:00:00,523.53,528.33,35.32,41.02,2.33
2025-05-30 16:00:00,293.25,306.23,34.39,42.99,2.31
2025-05-30 17:00:00,95.93,100.55,32.86,50.04,1.65
2025-05-30 18:00:00,0.0,0.0,30.55,62.86,1.07
2025-05-30 19:00:00,0.0,0.0,29.56,64.35,1.46
2025-05-30 20:00:00,0.0,0.0,28.86,66.11,1.98
2025-05-30 21:00:00,0.0,0.0,28.26,68.89,2.33
2025-05-30 22:00:00,0.0,0.0,27.71,71.82,2.34
2025-05-30 23:00:00,0.0,0.0,27.23,74.06,2.16
2025-05-31 00:00:00,0.0,0.0,26.84,75.73,1.96
2025-05-31 01:00:00,0.0,0.0,26.53,76.91,1.83
2025-05-31 02:00:00,0.0,0.0,26.2,78.22,1.79
2025-05-31 03:00:00,0.0,0.0,25.87,79.77,1.76
2025-05-31 04:00:00,0.0,0.0,25.53,81.66,1.76
2025-05-31 05:00:00,0.0,0.0,25.17,83.8,1.75
2025-05-31 06:00:00,89.1,96.75,25.77,81.28,2.48
2025-05-31 07:00:00,264.2,292.1,28.08,69.79,3.01
2025-05-31 08:00:00,476.55,512.97,30.94,56.77,3.29
2025-05-31 09:00:00,639.05,703.3,33.21,48.97,2.81
2025-05-31 10:00:00,781.95,841.5,34.98,44.1,2.19
2025-05-31 11:00:00,876.6,915.58,36.39,40.18,1.68
2025-05-31 12:00:00,810.03,929.62,37.44,37.08,1.46
2025-05-31 13:00:00,826.17,858.15,38.05,35.12,1.42
2025-05-31 14:00:00,703.53,717.88,38.16,34.23,1.46
2025-05-31 15:00:00,513.55,522.97,37.7,34.5,1.6
2025-05-31 16:00:00,284.95,298.45,36.78,36.35,1.77
2025-05-31 17:00:00,94.97,97.57,34.98,44.28,1.45
2025-05-31 18:00:00,0.0,0.0,31.98,58.32,1.18
2025-05-31 19:00:00,0.0,0.0,30.95,59.58,1.86
2025-05-31 20:00:00,0.0,0.0,30.2,62.9,2.58
2025-05-31 21:00:00,0.0,0.0,29.37,67.72,2.64
2025-05-31 22:00:00,0.0,0.0,28.76,71.3,2.55
2025-05-31 23:00:00,0.0,0.0,28.34,73.52,2.56
2025-06-01 00:00:00,0.0,0.0,27.95,75.2,2.62
2025-06-01 01:00:00,0.0,0.0,27.64,76.44,2.7
2025-06-01 02:00:00,0.0,0.0,27.36,77.63,2.76
2025-06-01 03:00:00,0.0,0.0,27.09,78.88,2.86
2025-06-01 04:00:00,0.0,0.0,26.82,80.17,2.96
2025-06-01 05:00:00,0.0,0.0,26.54,81.55,3.02
2025-06-01 06:00:00,101.82,103.35,27.03,79.31,3.52
2025-06-01 07:00:00,290.35,292.7,28.98,69.73,4.12
2025-06-01 08:00:00,509.48,510.23,31.11,60.4,4.6
2025-06-01 09:00:00,688.78,697.88,32.79,54.42,4.32
2025-06-01 10:00:00,787.17,834.8,33.99,50.65,3.79
2025-06-01 11:00:00,815.88,905.9,34.82,48.18,3.24
2025-06-01 12:00:00,712.17,872.53,35.24,46.82,2.71
2025-06-01 13:00:00,596.33,806.0,35.11,46.79,2.27
2025-06-01 14:00:00,451.58,673.03,34.63,47.8,1.9
2025-06-01 15:00:00,309.02,488.35,33.91,49.76,1.5
2025-06-01 16:00:00,172.98,276.95,33.26,52.6,1.04
2025-06-01 17:00:00,64.38,89.95,32.38,59.16,0.72
2025-06-01 18:00:00,0.0,0.0,30.71,68.78,0.77
2025-06-01 19:00:00,0.0,0.0,29.86,68.51,1.34
2025-06-01 20:00:00,0.0,0.0,29.4,68.87,2.26
2025-06-01 21:00:00,0.0,0.0,28.8,72.11,2.99
2025-06-01 22:00:00,0.0,0.0,28.12,76.75,3.16
2025-06-01 23:00:00,0.0,0.0,27.6,80.57,3.17
2025-06-02 00:00:00,0.0,0.0,27.19,83.61,3.08
2025-06-02 01:00:00,0.0,0.0,26.82,86.1,2.91
2025-06-02 02:00:00,0.0,0.0,26.48,88.28,2.78
2025-06-02 03:00:00,0.0,0.0,26.17,90.33,2.53
2025-06-02 04:00:00,0.0,0.0,25.9,91.98,2.18
2025-06-02 05:00:00,0.0,0.0,25.64,93.45,1.82
2025-06-02 06:00:00,92.85,92.5,26.31,90.06,2.45
2025-06-02 07:00:00,272.5,278.98,28.04,79.94,3.4
2025-06-02 08:00:00,490.8,492.25,30.03,68.4,3.85
2025-06-02 09:00:00,673.53,687.42,31.69,60.41,3.64
2025-06-02 10:00:00,800.0,827.25,32.88,55.03,3.27
2025-06-02 11:00:00,864.3,902.15,33.82,50.49,2.85
2025-06-02 12:00:00,873.88,903.9,34.63,46.69,2.44
2025-06-02 13:00:00,803.97,834.15,35.05,44.33,2.1
2025-06-02 14:00:00,694.47,698.75,35.26,42.83,1.82
2025-06-02 15:00:00,502.88,506.95,35.03,42.3,1.7
2025-06-02 16:00:00,285.23,287.4,34.47,43.03,1.79
2025-06-02 17:00:00,100.57,101.18,32.85,51.48,1.57
2025-06-02 18:00:00,0.0,0.0,30.19,62.92,1.69
2025-06-02 19:00:00,0.0,0.0,29.23,65.82,2.84
2025-06-02 20:00:00,0.0,0.0,28.3,71.26,3.16
2025-06-02 21:00:00,0.0,0.0,27.64,75.41,3.16
2025-06-02 22:00:00,0.0,0.0,27.22,77.83,3.16
2025-06-02 23:00:00,0.0,0.0,26.86,79.55,3.09
2025-06-03 00:00:00,0.0,0.0,26.57,80.82,3.08
2025-06-03 01:00:00,0.0,0.0,26.26,82.45,2.98
2025-06-03 02:00:00,0.0,0.0,25.96,84.41,2.68
2025-06-03 03:00:00,0.0,0.0,25.73,86.13,2.32
2025-06-03 04:00:00,0.0,0.0,25.5,87.76,2.07
2025-06-03 05:00:00,0.0,0.0,25.27,89.43,1.95
2025-06-03 06:00:00,66.03,102.2,25.75,87.71,2.44
2025-06-03 07:00:00,196.02,305.42,27.87,75.47,3.19
2025-06-03 08:00:00,365.15,527.53,30.45,61.34,3.79
2025-06-03 09:00:00,537.05,718.5,32.65,52.33,3.7
2025-06-03 10:00:00,738.85,856.58,34.35,46.73,3.33
2025-06-03 11:00:00,800.0,927.33,35.57,42.93,2.85
2025-06-03 12:00:00,793.95,914.6,36.43,40.08,2.33
2025-06-03 13:00:00,702.47,842.4,36.85,38.28,1.86
2025-06-03 14:00:00,658.22,703.8,36.83,37.36,1.51
2025-06-03 15:00:00,497.88,513.75,36.39,37.38,1.43
2025-06-03 16:00:00,280.17,294.75,35.48,38.76,1.59
2025-06-03 17:00:00,96.35,99.07,33.79,46.74,1.46
2025-06-03 18:00:00,0.0,0.0,31.09,59.06,1.6
2025-06-03 19:00:00,0.0,0.0,30.05,60.28,2.96
2025-06-03 20:00:00,0.0,0.0,28.91,66.31,3.75
2025-06-03 21:00:00,0.0,0.0,28.03,71.64,3.86
2025-06-03 22:00:00,0.0,0.0,27.43,75.46,3.68
2025-06-03 23:00:00,0.0,0.0,26.9,79.01,3.31
2025-06-04 00:00:00,0.0,0.0,26.41,82.19,3.24
2025-06-04 01:00:00,0.0,0.0,25.96,85.1,3.35
2025-06-04 02:00:00,0.0,0.0,25.48,87.98,3.57
2025-06-04 03:00:00,0.0,0.0,25.04,90.24,3.68
2025-06-04 04:00:00,0.0,0.0,24.62,91.88,3.55
2025-06-04 05:00:00,0.0,0.0,24.24,92.76,3.25
2025-06-04 06:00:00,62.08,97.93,24.38,90.55,3.54
2025-06-04 07:00:00,186.95,299.95,25.03,83.2,4.28
2025-06-04 08:00:00,342.52,521.4,25.99,74.71,4.49
2025-06-04 09:00:00,510.75,709.75,27.14,67.59,4.45
2025-06-04 10:00:00,656.03,848.62,28.48,61.65,4.2
2025-06-04 11:00:00,839.78,920.33,29.9,56.35,3.71
2025-06-04 12:00:00,833.3,909.85,31.48,50.86,2.88
2025-06-04 13:00:00,750.22,836.08,32.8,45.84,1.73
2025-06-04 14:00:00,586.1,695.9,33.23,43.0,0.94
2025-06-04 15:00:00,404.27,503.92,33.07,42.41,1.34
2025-06-04 16:00:00,218.75,284.95,32.35,44.39,1.88
2025-06-04 17:00:00,77.97,94.9,30.59,55.12,1.67
2025-06-04 18:00:00,0.0,0.0,28.05,68.54,1.58
2025-06-04 19:00:00,0.0,0.0,27.18,70.38,2.38
2025-06-04 20:00:00,0.0,0.0,26.49,75.11,2.76
2025-06-04 21:00:00,0.0,0.0,25.82,79.97,2.7
2025-06-04 22:00:00,0.0,0.0,25.2,84.0,2.46
2025-06-04 23:00:00,0.0,0.0,24.69,86.97,2.24
2025-06-05 00:00:00,0.0,0.0,24.29,89.29,2.05
2025-06-05 01:00:00,0.0,0.0,23.98,91.08,1.87
2025-06-05 02:00:00,0.0,0.0,23.74,92.54,1.69
2025-06-05 03:00:00,0.0,0.0,23.57,93.67,1.46
2025-06-05 04:00:00,0.0,0.0,23.5,94.28,1.26
2025-06-05 05:00:00,0.0,0.0,23.47,94.62,1.14
2025-06-05 06:00:00,76.93,93.25,23.96,92.13,1.69
2025-06-05 07:00:00,209.38,285.6,25.52,83.46,2.01
2025-06-05 08:00:00,384.62,506.0,28.03,68.62,2.33
2025-06-05 09:00:00,538.75,698.55,30.45,57.47,2.04
2025-06-05 10:00:00,679.05,842.4,32.4,51.03,2.07
2025-06-05 11:00:00,732.05,918.62,33.86,46.51,2.27
2025-06-05 12:00:00,804.08,951.62,34.84,43.11,2.33
2025-06-05 13:00:00,729.97,883.22,35.36,41.0,2.22
2025-06-05 14:00:00,640.42,749.88,35.34,40.52,2.11
2025-06-05 15:00:00,535.53,563.8,34.77,41.41,2.09
2025-06-05 16:00:00,322.65,342.8,33.7,44.13,2.14
2025-06-05 17:00:00,119.35,125.93,32.04,52.51,1.62
2025-06-05 18:00:00,0.0,0.0,29.81,66.71,1.09
2025-06-05 19:00:00,0.0,0.0,28.78,70.09,1.25
2025-06-05 20:00:00,0.0,0.0,28.12,72.45,1.48
2025-06-05 21:00:00,0.0,0.0,27.56,74.89,1.6
2025-06-05 22:00:00,0.0,0.0,27.12,76.86,1.61
2025-06-05 23:00:00,0.0,0.0,26.73,78.54,1.51
2025-06-06 00:00:00,0.0,0.0,26.34,80.18,1.37
2025-06-06 01:00:00,0.0,0.0,25.94,81.83,1.24
2025-06-06 02:00:00,0.0,0.0,25.57,83.24,1.2
2025-06-06 03:00:00,0.0,0.0,25.2,84.95,1.16
2025-06-06 04:00:00,0.0,0.0,24.83,86.92,1.1
2025-06-06 05:00:00,0.0,0.0,24.5,88.69,1.07
2025-06-06 06:00:00,94.62,106.6,25.53,83.69,2.1
2025-06-06 07:00:00,278.67,312.77,28.27,68.62,2.63
2025-06-06 08:00:00,493.75,533.1,30.9,57.36,2.55
2025-06-06 09:00:00,707.33,721.83,32.63,51.81,2.02
2025-06-06 10:00:00,855.15,857.58,34.01,47.7,1.37
2025-06-06 11:00:00,895.3,930.28,35.11,44.46,0.6
2025-06-06 12:00:00,809.83,917.35,35.95,41.68,0.24
2025-06-06 13:00:00,771.47,848.42,36.49,39.4,0.99
2025-06-06 14:00:00,591.45,712.58,36.48,38.75,1.5
2025-06-06 15:00:00,477.65,524.65,36.0,39.3,1.87
2025-06-06 16:00:00,279.2,306.23,35.09,41.23,2.08
2025-06-06 17:00:00,102.62,106.68,33.4,49.54,1.48
2025-06-06 18:00:00,0.0,0.0,30.92,66.03,0.9
2025-06-06 19:00:00,0.0,0.0,29.76,69.31,0.95
2025-06-06 20:00:00,0.0,0.0,28.97,70.94,1.11
2025-06-06 21:00:00,0.0,0.0,28.32,72.28,1.39
2025-06-06 22:00:00,0.0,0.0,27.79,73.93,1.66
2025-06-06 23:00:00,0.0,0.0,27.35,75.76,1.85
2025-06-07 00:00:00,0.0,0.0,26.94,77.7,1.85
2025-06-07 01:00:00,0.0,0.0,26.57,79.73,1.77
2025-06-07 02:00:00,0.0,0.0,26.25,81.64,1.67
2025-06-07 03:00:00,0.0,0.0,25.96,83.46,1.6
2025-06-07 04:00:00,0.0,0.0,25.67,85.3,1.55
2025-06-07 05:00:00,0.0,0.0,25.4,87.08,1.49
2025-06-07 06:00:00,97.82,101.82,26.04,84.25,2.2
2025-06-07 07:00:00,284.92,305.05,28.28,71.87,2.62
2025-06-07 08:00:00,501.52,524.72,30.72,60.05,2.77
2025-06-07 09:00:00,696.58,712.83,32.47,53.48,2.37
2025-06-07 10:00:00,824.08,848.7,33.66,49.78,2.01
2025-06-07 11:00:00,902.83,914.85,34.51,47.23,1.87
2025-06-07 12:00:00,883.67,907.4,34.96,45.93,2.08
2025-06-07 13:00:00,655.67,833.75,34.95,45.89,2.43
2025-06-07 14:00:00,557.78,695.38,34.38,47.38,2.74
2025-06-07 15:00:00,381.77,506.38,33.48,50.07,2.95
2025-06-07 16:00:00,211.27,290.4,32.38,54.06,3.2
2025-06-07 17:00:00,81.05,100.47,30.69,61.8,2.99
2025-06-07 18:00:00,0.0,0.0,28.91,71.18,2.67
2025-06-07 19:00:00,0.0,0.0,27.87,77.37,2.77
2025-06-07 20:00:00,0.0,0.0,27.18,81.95,2.69
2025-06-07 21:00:00,0.0,0.0,26.73,84.92,2.45
2025-06-07 22:00:00,0.0,0.0,26.39,86.9,2.1
2025-06-07 23:00:00,0.0,0.0,26.09,88.46,1.74
2025-06-08 00:00:00,0.0,0.0,25.78,89.95,1.47
2025-06-08 01:00:00,0.0,0.0,25.47,91.19,1.28
2025-06-08 02:00:00,0.0,0.0,25.18,92.26,1.17
2025-06-08 03:00:00,0.0,0.0,24.89,93.38,1.15
2025-06-08 04:00:00,0.0,0.0,24.66,94.18,1.24
2025-06-08 05:00:00,0.0,0.0,24.43,95.02,1.38
2025-06-08 06:00:00,106.25,106.95,25.22,89.33,2.52
2025-06-08 07:00:00,303.38,305.2,26.91,74.92,3.34
2025-06-08 08:00:00,523.9,526.65,29.23,62.15,3.67
2025-06-08 09:00:00,714.67,718.15,31.54,53.13,3.57
2025-06-08 10:00:00,853.25,857.33,33.42,46.77,3.21
2025-06-08 11:00:00,926.1,930.7,34.84,42.79,2.76
2025-06-08 12:00:00,942.75,947.72,35.7,40.67,2.45
2025-06-08 13:00:00,873.65,876.53,36.16,39.59,2.42
2025-06-08 14:00:00,737.83,738.55,36.08,39.73,2.6
2025-06-08 15:00:00,546.53,547.28,35.44,41.17,2.78
2025-06-08 16:00:00,322.92,323.52,34.29,44.37,2.98
2025-06-08 17:00:00,110.5,110.72,32.53,51.34,2.75
2025-06-08 18:00:00,3.1,3.1,30.07,63.06,2.26
2025-06-08 19:00:00,0.0,0.0,28.97,68.13,2.61
2025-06-08 20:00:00,0.0,0.0,28.19,72.06,2.48
2025-06-08 21:00:00,0.0,0.0,27.59,74.82,2.27
2025-06-08 22:00:00,0.0,0.0,27.08,76.92,2.08
2025-06-08 23:00:00,0.0,0.0,26.6,78.88,1.95
2025-06-09 00:00:00,0.0,0.0,26.15,80.77,1.89
2025-06-09 01:00:00,0.0,0.0,25.69,82.96,1.87
2025-06-09 02:00:00,0.0,0.0,25.25,85.62,1.86
2025-06-09 03:00:00,0.0,0.0,24.83,88.69,1.83
2025-06-09 04:00:00,0.0,0.0,24.48,91.61,1.79
2025-06-09 05:00:00,0.0,0.0,24.21,94.06,1.73
2025-06-09 06:00:00,103.9,104.43,25.15,90.19,2.48
2025-06-09 07:00:00,298.75,301.48,27.78,75.77,3.32
2025-06-09 08:00:00,516.38,520.4,30.53,62.57,3.62
2025-06-09 09:00:00,615.8,710.78,32.51,54.95,3.2
2025-06-09 10:00:00,504.52,848.33,34.08,49.72,2.67
2025-06-09 11:00:00,449.73,920.2,35.07,46.24,2.31
2025-06-09 12:00:00,513.92,935.92,35.64,44.05,2.18
2025-06-09 13:00:00,514.15,867.88,35.82,42.92,2.2
2025-06-09 14:00:00,479.95,732.72,35.35,43.65,2.32
2025-06-09 15:00:00,435.9,545.83,34.5,45.54,2.46
2025-06-09 16:00:00,262.62,325.52,33.41,48.71,2.52
2025-06-09 17:00:00,96.18,109.18,32.07,55.16,2.02
2025-06-09 18:00:00,3.15,3.17,29.97,67.59,1.25
2025-06-09 19:00:00,0.0,0.0,29.14,70.79,1.38
2025-06-09 20:00:00,0.0,0.0,28.55,73.3,1.39
2025-06-09 21:00:00,0.0,0.0,28.03,75.82,1.24
2025-06-09 22:00:00,0.0,0.0,27.56,78.03,1.06
2025-06-09 23:00:00,0.0,0.0,27.14,79.74,0.92
2025-06-10 00:00:00,0.0,0.0,26.76,81.05,0.84
2025-06-10 01:00:00,0.0,0.0,26.41,82.38,0.82
2025-06-10 02:00:00,0.0,0.0,26.07,83.62,0.81
2025-06-10 03:00:00,0.0,0.0,25.81,84.88,0.76
2025-06-10 04:00:00,0.0,0.0,25.53,86.46,0.66
2025-06-10 05:00:00,0.0,0.0,25.24,88.2,0.6
2025-06-10 06:00:00,95.47,98.6,26.23,82.8,1.39
2025-06-10 07:00:00,278.48,302.05,28.75,69.7,1.78
2025-06-10 08:00:00,470.6,520.75,31.0,60.14,1.51
2025-06-10 09:00:00,617.85,708.72,32.55,54.46,1.11
2025-06-10 10:00:00,698.92,845.15,33.79,49.69,1.6
2025-06-10 11:00:00,692.78,918.05,34.62,46.29,2.32
2025-06-10 12:00:00,796.12,931.9,34.94,44.5,2.87
2025-06-10 13:00:00,794.1,865.22,34.84,43.96,3.15
2025-06-10 14:00:00,683.97,732.7,34.58,44.23,3.22
2025-06-10 15:00:00,505.17,547.62,33.74,46.33,2.94
2025-06-10 16:00:00,283.65,329.15,32.75,49.75,2.38
2025-06-10 17:00:00,90.47,112.32,31.56,57.53,1.39
2025-06-10 18:00:00,2.42,3.33,29.87,72.56,0.69
2025-06-10 19:00:00,0.0,0.0,29.49,72.75,0.58
2025-06-10 20:00:00,0.0,0.0,29.36,70.94,0.48
2025-06-10 21:00:00,0.0,0.0,29.16,69.47,0.37
2025-06-10 22:00:00,0.0,0.0,28.63,71.05,0.32
2025-06-10 23:00:00,0.0,0.0,27.83,74.61,0.44
2025-06-11 00:00:00,0.0,0.0,27.03,78.71,0.51
2025-06-11 01:00:00,0.0,0.0,26.35,82.88,0.52
2025-06-11 02:00:00,0.0,0.0,25.93,84.7,0.53
2025-06-11 03:00:00,0.0,0.0,25.64,86.54,0.5
2025-06-11 04:00:00,0.0,0.0,25.38,88.48,0.48
2025-06-11 05:00:00,0.0,0.0,25.19,90.07,0.48
2025-06-11 06:00:00,98.03,101.72,26.03,85.81,1.21
2025-06-11 07:00:00,280.52,305.62,27.68,76.9,1.5
2025-06-11 08:00:00,473.48,524.72,29.3,68.73,1.59
2025-06-11 09:00:00,605.92,712.65,30.39,63.98,1.55
2025-06-11 10:00:00,777.4,847.53,31.06,61.18,1.4
2025-06-11 11:00:00,770.6,918.67,31.39,59.47,1.19
2025-06-11 12:00:00,416.23,865.78,31.58,58.39,1.13
2025-06-11 13:00:00,545.6,793.1,31.57,57.97,1.24
2025-06-11 14:00:00,425.8,657.1,31.34,58.76,1.3
2025-06-11 15:00:00,316.85,472.62,30.9,60.61,1.31
2025-06-11 16:00:00,164.4,263.58,30.27,65.99,0.99
2025-06-11 17:00:00,56.25,83.95,29.55,69.86,0.94
2025-06-11 18:00:00,2.08,2.85,28.46,82.96,0.55
2025-06-11 19:00:00,0.0,0.0,27.8,87.22,0.49
2025-06-11 20:00:00,0.0,0.0,27.26,88.14,0.58
2025-06-11 21:00:00,0.0,0.0,26.77,89.07,0.66
2025-06-11 22:00:00,0.0,0.0,26.32,90.9,0.68
2025-06-11 23:00:00,0.0,0.0,25.91,92.79,0.63
2025-06-12 00:00:00,0.0,0.0,25.54,93.73,0.6
2025-06-12 01:00:00,0.0,0.0,25.21,93.17,1.01
2025-06-12 02:00:00,0.0,0.0,24.9,94.33,1.25
2025-06-12 03:00:00,0.0,0.0,24.62,95.7,0.94
2025-06-12 04:00:00,0.0,0.0,24.46,96.42,0.47
2025-06-12 05:00:00,0.0,0.0,24.33,97.17,0.38
2025-06-12 06:00:00,71.18,84.7,24.91,94.1,1.16
2025-06-12 07:00:00,202.73,265.23,25.95,88.56,1.75
2025-06-12 08:00:00,381.98,482.52,27.31,80.73,2.19
2025-06-12 09:00:00,579.97,676.6,28.65,73.51,2.49
2025-06-12 10:00:00,763.75,819.78,29.66,68.5,2.55
2025-06-12 11:00:00,812.53,897.9,30.34,65.17,2.42
2025-06-12 12:00:00,843.33,924.6,30.88,62.46,2.11
2025-06-12 13:00:00,793.55,858.12,31.22,60.23,1.83
2025-06-12 14:00:00,663.7,726.25,31.43,58.47,1.65
2025-06-12 15:00:00,525.88,542.05,31.4,57.67,1.53
2025-06-12 16:00:00,314.88,323.9,31.02,58.58,1.38
2025-06-12 17:00:00,108.35,109.78,30.16,65.09,0.97
2025-06-12 18:00:00,3.42,3.47,28.35,77.02,0.65
2025-06-12 19:00:00,0.0,0.0,27.49,78.3,0.74
2025-06-12 20:00:00,0.0,0.0,26.81,81.08,0.83
2025-06-12 21:00:00,0.0,0.0,26.31,81.8,0.95
2025-06-12 22:00:00,0.0,0.0,25.98,82.25,1.04
2025-06-12 23:00:00,0.0,0.0,25.69,82.98,1.1
2025-06-13 00:00:00,0.0,0.0,25.43,83.56,1.19
2025-06-13 01:00:00,0.0,0.0,25.15,84.38,1.3
2025-06-13 02:00:00,0.0,0.0,24.86,85.52,1.39
2025-06-13 03:00:00,0.0,0.0,24.59,86.71,1.53
2025-06-13 04:00:00,0.0,0.0,24.33,88.24,1.73
2025-06-13 05:00:00,0.0,0.0,24.09,89.94,1.89
2025-06-13 06:00:00,93.47,96.57,24.72,87.98,2.62
2025-06-13 07:00:00,283.3,297.0,26.65,79.58,2.99
2025-06-13 08:00:00,491.7,516.58,29.15,67.86,3.69
2025-06-13 09:00:00,680.05,706.65,30.88,60.96,3.63
2025-06-13 10:00:00,834.75,845.22,31.91,57.52,3.45
2025-06-13 11:00:00,826.4,919.65,32.56,55.86,3.28
2025-06-13 12:00:00,870.72,917.9,32.84,55.31,3.03
2025-06-13 13:00:00,750.58,851.95,32.88,55.15,2.73
2025-06-13 14:00:00,653.83,719.25,32.68,55.4,2.3
2025-06-13 15:00:00,447.02,534.2,32.12,57.17,1.84
2025-06-13 16:00:00,261.08,316.4,31.45,62.45,1.12
2025-06-13 17:00:00,91.4,106.43,30.37,66.07,0.81
2025-06-13 18:00:00,3.22,3.47,28.71,78.31,0.33
2025-06-13 19:00:00,0.0,0.0,27.85,80.54,0.25
2025-06-13 20:00:00,0.0,0.0,27.41,79.77,0.23
2025-06-13 21:00:00,0.0,0.0,27.06,78.24,0.37
2025-06-13 22:00:00,0.0,0.0,26.35,80.32,0.65
2025-06-13 23:00:00,0.0,0.0,25.52,82.6,0.84
2025-06-14 00:00:00,0.0,0.0,24.88,81.92,1.04
2025-06-14 01:00:00,0.0,0.0,24.35,80.19,1.26
2025-06-14 02:00:00,0.0,0.0,23.88,78.59,1.36
2025-06-14 03:00:00,0.0,0.0,23.48,77.68,1.37
2025-06-14 04:00:00,0.0,0.0,23.18,77.23,1.38
2025-06-14 05:00:00,0.0,0.0,22.87,77.36,1.47
2025-06-14 06:00:00,87.43,95.25,23.31,74.72,1.94
2025-06-14 07:00:00,245.38,295.12,24.36,69.01,2.75
2025-06-14 08:00:00,423.4,515.17,25.96,64.7,2.92
2025-06-14 09:00:00,444.17,709.5,27.99,58.43,3.32
2025-06-14 10:00:00,510.33,846.8,29.6,53.93,3.49
2025-06-14 11:00:00,736.67,920.17,30.71,51.25,3.6
2025-06-14 12:00:00,735.33,866.2,31.41,49.67,3.61
2025-06-14 13:00:00,462.33,807.92,31.54,49.55,3.5
2025-06-14 14:00:00,475.2,677.12,31.14,50.99,3.24
2025-06-14 15:00:00,261.7,495.92,30.32,53.87,3.08
2025-06-14 16:00:00,131.52,287.33,29.25,58.2,2.88
2025-06-14 17:00:00,52.42,93.75,27.84,66.8,2.06
2025-06-14 18:00:00,2.03,3.35,26.34,76.32,1.39
2025-06-14 19:00:00,0.0,0.0,25.8,79.13,1.34
2025-06-14 20:00:00,0.0,0.0,25.47,81.22,1.27
2025-06-14 21:00:00,0.0,0.0,25.19,83.61,1.21
2025-06-14 22:00:00,0.0,0.0,24.98,85.87,1.15
2025-06-14 23:00:00,0.0,0.0,24.83,87.98,1.09
2025-06-15 00:00:00,0.0,0.0,24.68,90.46,0.94
2025-06-15 01:00:00,0.0,0.0,24.46,92.96,0.73
2025-06-15 02:00:00,0.0,0.0,24.21,94.72,0.57
2025-06-15 03:00:00,0.0,0.0,24.05,95.22,0.48
2025-06-15 04:00:00,0.0,0.0,24.08,94.18,0.41
2025-06-15 05:00:00,0.0,0.0,24.12,93.62,0.34
2025-06-15 06:00:00,61.67,95.1,24.52,93.63,0.43
2025-06-15 07:00:00,180.48,298.17,25.68,85.47,0.76
2025-06-15 08:00:00,329.23,518.7,26.74,74.49,1.2
2025-06-15 09:00:00,418.9,710.1,27.73,66.38,1.58
2025-06-15 10:00:00,444.35,848.5,28.82,61.05,1.9
2025-06-15 11:00:00,534.97,922.7,29.85,57.53,2.13
2025-06-15 12:00:00,616.28,938.08,30.63,55.32,2.28
2025-06-15 13:00:00,657.9,870.08,31.15,53.98,2.36
2025-06-15 14:00:00,517.22,735.75,31.26,54.04,2.38
2025-06-15 15:00:00,467.77,549.3,30.92,55.18,2.23
2025-06-15 16:00:00,247.55,328.8,30.26,58.1,1.87
2025-06-15 17:00:00,81.8,112.2,29.12,66.57,1.23
2025-06-15 18:00:00,3.1,3.7,27.43,80.68,0.69
2025-06-15 19:00:00,0.0,0.0,26.84,81.73,0.68
2025-06-15 20:00:00,0.0,0.0,26.43,82.51,0.72
2025-06-15 21:00:00,0.0,0.0,26.0,82.67,0.86
2025-06-15 22:00:00,0.0,0.0,25.5,82.8,1.07
2025-06-15 23:00:00,0.0,0.0,25.02,83.43,1.3
2025-06-16 00:00:00,0.0,0.0,24.63,84.63,1.49
2025-06-16 01:00:00,0.0,0.0,24.34,85.95,1.68
2025-06-16 02:00:00,0.0,0.0,24.05,87.79,1.81
2025-06-16 03:00:00,0.0,0.0,23.68,90.2,1.84
2025-06-16 04:00:00,0.0,0.0,23.3,92.82,1.83
2025-06-16 05:00:00,0.0,0.0,23.03,94.66,1.83
2025-06-16 06:00:00,89.78,91.85,23.89,90.45,2.62
2025-06-16 07:00:00,266.05,287.77,26.34,77.01,3.49
2025-06-16 08:00:00,455.33,508.48,28.79,65.42,3.98
2025-06-16 09:00:00,625.2,696.88,30.7,58.0,3.71
2025-06-16 10:00:00,669.5,836.75,32.29,52.35,3.09
2025-06-16 11:00:00,635.47,910.08,33.61,48.16,2.36
2025-06-16 12:00:00,103.38,922.78,34.48,45.68,1.68
2025-06-16 13:00:00,99.5,854.53,34.79,44.7,1.15
2025-06-16 14:00:00,85.62,721.3,34.6,44.89,0.93
2025-06-16 15:00:00,133.5,535.7,34.08,46.14,1.02
2025-06-16 16:00:00,166.77,315.95,33.25,48.67,1.2
2025-06-16 17:00:00,65.95,107.05,31.83,57.12,1.09
2025-06-16 18:00:00,3.25,3.75,29.35,73.16,0.83
2025-06-16 19:00:00,0.0,0.0,28.12,76.12,1.0
2025-06-16 20:00:00,0.0,0.0,27.42,77.26,1.22
2025-06-16 21:00:00,0.0,0.0,26.87,78.77,1.43
2025-06-16 22:00:00,0.0,0.0,26.38,80.5,1.63
2025-06-16 23:00:00,0.0,0.0,25.95,82.12,1.8
2025-06-17 00:00:00,0.0,0.0,25.56,83.81,2.0
2025-06-17 01:00:00,0.0,0.0,25.16,85.78,2.13
2025-06-17 02:00:00,0.0,0.0,24.79,87.92,2.15
2025-06-17 03:00:00,0.0,0.0,24.43,90.09,2.1
2025-06-17 04:00:00,0.0,0.0,24.07,92.44,1.94
2025-06-17 05:00:00,0.0,0.0,23.76,94.46,1.76
2025-06-17 06:00:00,79.57,88.68,24.59,90.47,2.36
2025-06-17 07:00:00,229.0,280.7,26.92,77.48,2.84
2025-06-17 08:00:00,400.27,497.6,29.24,65.39,3.25
2025-06-17 09:00:00,545.78,687.38,30.93,58.65,2.71
2025-06-17 10:00:00,611.67,826.9,32.18,54.16,2.07
2025-06-17 11:00:00,612.17,902.4,33.27,50.42,1.57
2025-06-17 12:00:00,654.88,892.35,33.97,47.88,1.21
2025-06-17 13:00:00,588.58,830.08,34.34,46.46,0.93
2025-06-17 14:00:00,496.83,702.88,34.34,46.08,0.7
2025-06-17 15:00:00,418.35,519.03,33.81,47.06,0.88
2025-06-17 16:00:00,258.27,307.65,32.95,50.1,1.1
2025-06-17 17:00:00,92.82,104.9,31.58,58.12,1.07
2025-06-17 18:00:00,3.7,3.83,29.34,72.34,0.87
2025-06-17 19:00:00,0.0,0.0,28.26,73.94,1.2
2025-06-17 20:00:00,0.0,0.0,27.58,75.05,1.64
2025-06-17 21:00:00,0.0,0.0,26.96,77.48,1.95
2025-06-17 22:00:00,0.0,0.0,26.4,80.36,2.0
2025-06-17 23:00:00,0.0,0.0,25.96,82.87,1.95
2025-06-18 00:00:00,0.0,0.0,25.59,84.9,1.93
2025-06-18 01:00:00,0.0,0.0,25.21,87.19,1.85
2025-06-18 02:00:00,0.0,0.0,24.9,89.14,1.8
2025-06-18 03:00:00,0.0,0.0,24.65,90.84,1.82
2025-06-18 04:00:00,0.0,0.0,24.44,92.27,1.84
2025-06-18 05:00:00,0.0,0.0,24.25,93.56,1.84
2025-06-18 06:00:00,88.07,89.82,24.74,91.54,2.39
2025-06-18 07:00:00,269.02,285.02,26.14,84.46,2.7
2025-06-18 08:00:00,482.45,502.33,28.11,73.24,3.3
2025-06-18 09:00:00,658.88,691.53,29.72,66.24,3.25
2025-06-18 10:00:00,792.65,832.1,31.03,61.78,2.94
2025-06-18 11:00:00,849.08,907.85,32.11,58.27,2.66
2025-06-18 12:00:00,866.28,915.05,32.7,56.32,2.51
2025-06-18 13:00:00,802.1,847.62,32.88,55.68,2.44
2025-06-18 14:00:00,664.03,714.33,32.62,56.42,2.5
2025-06-18 15:00:00,503.2,528.9,32.05,58.25,2.67
2025-06-18 16:00:00,291.3,312.08,31.07,62.73,2.71
2025-06-18 17:00:00,101.38,105.43,29.52,73.42,2.07
2025-06-18 18:00:00,3.85,3.83,27.91,82.31,1.82
2025-06-18 19:00:00,0.0,0.0,27.32,84.18,2.25
2025-06-18 20:00:00,0.0,0.0,26.85,86.15,2.43
2025-06-18 21:00:00,0.0,0.0,26.48,87.73,2.48
2025-06-18 22:00:00,0.0,0.0,26.14,89.01,2.45
2025-06-18 23:00:00,0.0,0.0,25.82,90.22,2.49
2025-06-19 00:00:00,0.0,0.0,25.48,91.56,2.46
2025-06-19 01:00:00,0.0,0.0,25.14,92.95,2.29
2025-06-19 02:00:00,0.0,0.0,24.87,93.83,2.11
2025-06-19 03:00:00,0.0,0.0,24.63,94.53,1.96
2025-06-19 04:00:00,0.0,0.0,24.4,95.13,1.86
2025-06-19 05:00:00,0.0,0.0,24.23,95.2,1.85
2025-06-19 06:00:00,73.75,88.2,24.75,91.92,2.46
2025-06-19 07:00:00,210.68,283.52,25.96,84.37,2.96
2025-06-19 08:00:00,361.9,502.42,27.48,72.6,3.62
2025-06-19 09:00:00,383.6,697.22,29.07,62.87,3.69
2025-06-19 10:00:00,474.1,837.17,30.75,55.61,3.5
2025-06-19 11:00:00,659.15,910.97,32.04,51.36,3.09
2025-06-19 12:00:00,805.38,928.7,32.9,49.33,2.77
2025-06-19 13:00:00,712.1,862.3,33.2,48.78,2.62
2025-06-19 14:00:00,627.67,730.25,33.04,49.47,2.6
2025-06-19 15:00:00,542.78,546.92,32.49,51.3,2.55
2025-06-19 16:00:00,314.98,327.58,31.62,54.49,2.37
2025-06-19 17:00:00,110.7,113.47,30.12,64.36,1.5
2025-06-19 18:00:00,4.05,4.07,28.29,75.39,1.02
2025-06-19 19:00:00,0.0,0.0,27.68,76.92,1.2
2025-06-19 20:00:00,0.0,0.0,27.3,78.19,1.35
2025-06-19 21:00:00,0.0,0.0,26.98,79.5,1.45
2025-06-19 22:00:00,0.0,0.0,26.63,81.0,1.43
2025-06-19 23:00:00,0.0,0.0,26.22,82.68,1.37
2025-06-20 00:00:00,0.0,0.0,25.92,83.69,1.45
2025-06-20 01:00:00,0.0,0.0,25.62,84.65,1.61
2025-06-20 02:00:00,0.0,0.0,25.27,86.14,1.81
2025-06-20 03:00:00,0.0,0.0,24.92,87.95,1.96
2025-06-20 04:00:00,0.0,0.0,24.53,90.3,1.98
2025-06-20 05:00:00,0.0,0.0,24.1,93.03,1.62
2025-06-20 06:00:00,83.57,92.3,25.09,88.26,2.25
2025-06-20 07:00:00,256.12,295.15,27.51,75.71,3.07
2025-06-20 08:00:00,452.77,517.03,29.77,65.22,3.03
2025-06-20 09:00:00,594.65,711.35,31.61,57.72,2.34
2025-06-20 10:00:00,757.33,850.38,33.19,51.89,1.71
2025-06-20 11:00:00,819.17,927.12,34.5,47.9,1.24
2025-06-20 12:00:00,728.1,927.6,35.46,44.94,1.04
2025-06-20 13:00:00,631.28,861.38,35.98,42.95,1.06
2025-06-20 14:00:00,579.15,729.25,35.88,42.39,1.24
2025-06-20 15:00:00,471.73,545.1,35.28,42.7,1.39
2025-06-20 16:00:00,298.9,326.58,34.37,44.25,1.45
2025-06-20 17:00:00,106.53,112.95,33.02,50.9,1.09
2025-06-20 18:00:00,4.0,4.15,31.02,64.49,0.66
2025-06-20 19:00:00,0.0,0.0,29.95,68.61,0.66
2025-06-20 20:00:00,0.0,0.0,29.11,71.09,0.71
2025-06-20 21:00:00,0.0,0.0,28.35,73.81,0.73
2025-06-20 22:00:00,0.0,0.0,27.75,76.21,0.73
2025-06-20 23:00:00,0.0,0.0,27.27,78.14,0.76
2025-06-21 00:00:00,0.0,0.0,26.91,79.55,0.84
2025-06-21 01:00:00,0.0,0.0,26.61,80.57,0.95
2025-06-21 02:00:00,0.0,0.0,26.34,81.6,1.11
2025-06-21 03:00:00,0.0,0.0,26.12,82.47,1.39
2025-06-21 04:00:00,0.0,0.0,25.83,83.96,1.6
2025-06-21 05:00:00,0.0,0.0,25.51,85.93,1.51
2025-06-21 06:00:00,74.22,87.18,25.93,84.29,2.08
2025-06-21 07:00:00,219.52,284.27,27.45,76.35,2.4
2025-06-21 08:00:00,421.35,503.05,29.09,67.98,2.87
2025-06-21 09:00:00,558.4,693.2,29.96,64.7,2.97
2025-06-21 10:00:00,787.58,832.15,30.34,63.37,2.93
2025-06-21 11:00:00,845.03,906.62,30.48,62.49,2.84
2025-06-21 12:00:00,903.7,917.17,30.36,62.1,2.71
2025-06-21 13:00:00,840.22,849.17,30.1,62.31,2.48
2025-06-21 14:00:00,700.47,714.88,29.75,63.28,2.18
2025-06-21 15:00:00,451.12,527.75,29.35,64.89,1.82
2025-06-21 16:00:00,199.0,310.0,28.91,67.43,1.49
2025-06-21 17:00:00,68.6,104.97,28.17,73.84,1.07
2025-06-21 18:00:00,2.55,4.03,26.89,85.3,0.73
2025-06-21 19:00:00,0.0,0.0,26.29,87.39,0.76
2025-06-21 20:00:00,0.0,0.0,25.93,87.55,0.87
2025-06-21 21:00:00,0.0,0.0,25.67,87.66,0.94
2025-06-21 22:00:00,0.0,0.0,25.48,87.76,0.97
2025-06-21 23:00:00,0.0,0.0,25.3,87.96,0.99
2025-06-22 00:00:00,0.0,0.0,25.12,88.08,1.04
2025-06-22 01:00:00,0.0,0.0,24.9,88.4,1.06
2025-06-22 02:00:00,0.0,0.0,24.7,88.77,1.05
2025-06-22 03:00:00,0.0,0.0,24.49,89.31,1.03
2025-06-22 04:00:00,0.0,0.0,24.28,89.94,0.98
2025-06-22 05:00:00,0.0,0.0,24.06,90.68,0.89
2025-06-22 06:00:00,65.97,88.05,24.82,86.29,1.72
2025-06-22 07:00:00,197.05,287.62,26.91,74.82,2.14
2025-06-22 08:00:00,360.7,506.23,29.1,64.67,2.35
2025-06-22 09:00:00,584.4,695.72,30.47,60.21,2.17
2025-06-22 10:00:00,688.28,834.55,31.68,56.95,2.03
2025-06-22 11:00:00,835.72,909.88,32.69,54.14,1.93
2025-06-22 12:00:00,781.65,923.0,33.51,51.82,1.82
2025-06-22 13:00:00,754.97,858.05,33.79,50.77,1.78
2025-06-22 14:00:00,688.28,727.83,33.6,50.98,1.79
2025-06-22 15:00:00,529.6,544.88,33.07,52.31,1.83
2025-06-22 16:00:00,317.92,328.23,32.16,55.51,1.78
2025-06-22 17:00:00,112.03,114.9,30.9,64.14,1.33
2025-06-22 18:00:00,4.32,4.32,28.87,79.01,0.93
2025-06-22 19:00:00,0.0,0.0,27.82,82.55,0.99
2025-06-22 20:00:00,0.0,0.0,27.09,83.39,1.19
2025-06-22 21:00:00,0.0,0.0,26.5,84.7,1.34
2025-06-22 22:00:00,0.0,0.0,26.06,86.22,1.38
2025-06-22 23:00:00,0.0,0.0,25.68,87.51,1.38
2025-06-23 00:00:00,0.0,0.0,25.34,88.54,1.34
2025-06-23 01:00:00,0.0,0.0,25.02,89.61,1.3
2025-06-23 02:00:00,0.0,0.0,24.74,90.55,1.31
2025-06-23 03:00:00,0.0,0.0,24.48,91.57,1.34
2025-06-23 04:00:00,0.0,0.0,24.27,92.69,1.38
2025-06-23 05:00:00,0.0,0.0,24.08,93.77,1.47
2025-06-23 06:00:00,89.88,90.2,24.77,91.01,2.29
2025-06-23 07:00:00,291.55,294.38,26.45,82.51,2.78
2025-06-23 08:00:00,508.1,513.88,28.36,72.26,2.98
2025-06-23 09:00:00,698.53,702.97,29.59,67.22,2.76
2025-06-23 10:00:00,836.15,841.05,30.28,64.98,2.43
2025-06-23 11:00:00,886.62,914.75,30.91,63.13,2.03
2025-06-23 12:00:00,853.45,912.38,31.67,61.07,1.68
2025-06-23 13:00:00,776.4,846.0,32.1,59.92,1.35
2025-06-23 14:00:00,535.72,714.17,32.09,59.78,1.12
2025-06-23 15:00:00,452.35,529.97,31.79,60.38,0.94
2025-06-23 16:00:00,263.08,313.52,31.24,62.64,0.93
2025-06-23 17:00:00,92.62,106.8,30.27,69.91,0.89
2025-06-23 18:00:00,3.78,4.22,28.67,83.2,0.71
2025-06-23 19:00:00,0.0,0.0,27.77,87.25,0.74
2025-06-23 20:00:00,0.0,0.0,27.22,87.74,0.88
2025-06-23 21:00:00,0.0,0.0,26.78,88.25,1.0
2025-06-23 22:00:00,0.0,0.0,26.31,89.24,1.04
2025-06-23 23:00:00,0.0,0.0,25.89,90.2,1.03
2025-06-24 00:00:00,0.0,0.0,25.52,90.91,1.03
2025-06-24 01:00:00,0.0,0.0,25.16,91.46,1.06
2025-06-24 02:00:00,0.0,0.0,24.82,92.06,1.1
2025-06-24 03:00:00,0.0,0.0,24.49,92.93,1.1
2025-06-24 04:00:00,0.0,0.0,24.15,94.36,1.09
2025-06-24 05:00:00,0.0,0.0,23.83,95.92,1.08
2025-06-24 06:00:00,77.95,82.78,24.77,91.67,2.06
2025-06-24 07:00:00,251.15,274.55,26.9,79.92,2.52
2025-06-24 08:00:00,459.6,492.33,29.05,69.63,2.49
2025-06-24 09:00:00,538.42,683.65,30.55,63.83,2.06
2025-06-24 10:00:00,587.25,827.7,31.66,59.9,1.64
2025-06-24 11:00:00,660.95,905.0,32.73,56.22,1.31
2025-06-24 12:00:00,747.95,914.0,33.46,53.04,1.14
2025-06-24 13:00:00,682.42,850.78,33.68,51.1,1.14
2025-06-24 14:00:00,550.15,721.1,33.42,50.82,1.15
2025-06-24 15:00:00,367.17,535.2,32.92,51.76,1.16
2025-06-24 16:00:00,195.38,318.62,32.27,54.02,1.09
2025-06-24 17:00:00,71.8,109.9,31.43,59.95,0.84
2025-06-24 18:00:00,3.38,4.35,29.66,73.67,0.6
2025-06-24 19:00:00,0.0,0.0,28.69,77.53,0.68
2025-06-24 20:00:00,0.0,0.0,27.96,78.29,0.92
2025-06-24 21:00:00,0.0,0.0,27.38,78.54,1.2
2025-06-24 22:00:00,0.0,0.0,26.88,79.83,1.43
2025-06-24 23:00:00,0.0,0.0,26.36,82.19,1.5
2025-06-25 00:00:00,0.0,0.0,25.97,84.3,1.48
2025-06-25 01:00:00,0.0,0.0,25.63,86.23,1.38
2025-06-25 02:00:00,0.0,0.0,25.31,88.36,1.24
2025-06-25 03:00:00,0.0,0.0,25.01,90.55,1.12
2025-06-25 04:00:00,0.0,0.0,24.71,92.53,1.05
2025-06-25 05:00:00,0.0,0.0,24.43,94.29,1.05
2025-06-25 06:00:00,78.32,82.65,24.9,92.88,1.87
2025-06-25 07:00:00,238.07,278.58,26.07,88.03,2.33
2025-06-25 08:00:00,408.38,497.0,27.98,77.55,2.84
2025-06-25 09:00:00,466.35,687.85,29.78,67.95,2.81
2025-06-25 10:00:00,544.92,827.8,30.92,63.33,2.56
2025-06-25 11:00:00,695.78,904.1,31.11,62.39,2.35
2025-06-25 12:00:00,774.0,919.75,31.02,62.59,2.14
2025-06-25 13:00:00,611.8,856.4,30.95,62.77,1.89
2025-06-25 14:00:00,581.05,727.88,30.73,63.53,1.58
2025-06-25 15:00:00,412.5,546.83,30.53,64.53,1.33
2025-06-25 16:00:00,194.85,332.15,30.02,67.39,1.11
2025-06-25 17:00:00,61.9,118.68,29.26,73.68,0.87
2025-06-25 18:00:00,2.7,4.6,27.94,85.24,0.6
2025-06-25 19:00:00,0.0,0.0,27.2,88.74,0.61
2025-06-25 20:00:00,0.0,0.0,26.76,89.84,0.66
2025-06-25 21:00:00,0.0,0.0,26.41,90.78,0.73
2025-06-25 22:00:00,0.0,0.0,26.05,91.88,0.79
2025-06-25 23:00:00,0.0,0.0,25.69,93.04,0.83
2025-06-26 00:00:00,0.0,0.0,25.33,94.27,0.87
2025-06-26 01:00:00,0.0,0.0,25.05,95.25,0.86
2025-06-26 02:00:00,0.0,0.0,24.83,95.93,0.84
2025-06-26 03:00:00,0.0,0.0,24.64,96.46,0.88
2025-06-26 04:00:00,0.0,0.0,24.48,96.74,0.95
2025-06-26 05:00:00,0.0,0.0,24.34,97.0,0.98
2025-06-26 06:00:00,21.58,89.38,24.65,95.64,1.44
2025-06-26 07:00:00,24.5,294.6,25.25,93.43,1.86
2025-06-26 08:00:00,45.38,513.42,26.3,88.28,2.05
2025-06-26 09:00:00,165.4,702.33,27.28,82.53,2.13
2025-06-26 10:00:00,332.7,840.88,28.22,76.76,2.13
2025-06-26 11:00:00,438.67,916.53,28.87,72.79,2.06
2025-06-26 12:00:00,564.6,922.47,29.3,70.31,1.85
2025-06-26 13:00:00,490.38,858.28,29.45,69.03,1.62
2025-06-26 14:00:00,345.45,727.7,29.4,68.78,1.48
2025-06-26 15:00:00,357.85,539.08,29.1,69.5,1.33
2025-06-26 16:00:00,232.3,321.17,28.6,71.86,1.35
2025-06-26 17:00:00,82.35,108.97,27.64,78.46,1.2
2025-06-26 18:00:00,4.32,4.5,26.11,88.79,0.81
2025-06-26 19:00:00,0.0,0.0,25.55,89.89,0.79
2025-06-26 20:00:00,0.0,0.0,25.23,90.72,0.75
2025-06-26 21:00:00,0.0,0.0,24.93,91.38,0.77
2025-06-26 22:00:00,0.0,0.0,24.65,91.68,0.85
2025-06-26 23:00:00,0.0,0.0,24.34,91.83,1.0
2025-06-27 00:00:00,0.0,0.0,24.17,91.79,1.22
2025-06-27 01:00:00,0.0,0.0,24.01,92.11,1.44
2025-06-27 02:00:00,0.0,0.0,23.85,92.85,1.56
2025-06-27 03:00:00,0.0,0.0,23.62,94.18,1.63
2025-06-27 04:00:00,0.0,0.0,23.4,95.54,1.54
2025-06-27 05:00:00,0.0,0.0,23.12,97.1,1.13
2025-06-27 06:00:00,42.97,74.72,23.91,94.55,1.63
2025-06-27 07:00:00,135.45,259.25,25.34,89.34,1.77
2025-06-27 08:00:00,212.68,472.83,27.01,80.98,2.01
2025-06-27 09:00:00,337.17,666.17,28.02,75.7,1.9
2025-06-27 10:00:00,478.85,811.92,28.88,71.05,1.8
2025-06-27 11:00:00,486.73,889.72,29.53,67.39,1.68
2025-06-27 12:00:00,590.9,912.95,30.14,64.87,1.64
2025-06-27 13:00:00,546.33,847.67,30.55,63.35,1.05
2025-06-27 14:00:00,408.25,716.35,30.75,62.49,0.2
2025-06-27 15:00:00,276.15,531.25,30.59,62.72,0.78
2025-06-27 16:00:00,187.23,311.48,30.03,65.39,0.92
2025-06-27 17:00:00,69.72,107.53,29.23,71.03,0.79
2025-06-27 18:00:00,3.83,4.5,27.63,83.08,0.63
2025-06-27 19:00:00,0.0,0.0,26.52,86.89,0.75
2025-06-27 20:00:00,0.0,0.0,25.88,86.88,0.98
2025-06-27 21:00:00,0.0,0.0,25.44,86.44,1.24
2025-06-27 22:00:00,0.0,0.0,25.09,85.96,1.5
2025-06-27 23:00:00,0.0,0.0,24.71,86.03,1.73
2025-06-28 00:00:00,0.0,0.0,24.3,86.45,1.95
2025-06-28 01:00:00,0.0,0.0,23.88,87.24,2.05
2025-06-28 02:00:00,0.0,0.0,23.44,88.35,2.05
2025-06-28 03:00:00,0.0,0.0,23.08,89.46,2.02
2025-06-28 04:00:00,0.0,0.0,22.82,90.29,2.01
2025-06-28 05:00:00,0.0,0.0,22.57,91.31,1.92
2025-06-28 06:00:00,78.95,79.82,23.21,88.28,2.45
2025-06-28 07:00:00,267.0,269.65,25.28,79.48,2.46
2025-06-28 08:00:00,485.17,486.92,28.41,64.4,3.49
2025-06-28 09:00:00,676.67,677.0,30.32,58.05,3.39
2025-06-28 10:00:00,817.58,818.3,31.71,54.58,3.09
2025-06-28 11:00:00,893.05,900.0,32.64,52.93,2.75
2025-06-28 12:00:00,716.42,921.88,33.18,52.13,2.44
2025-06-28 13:00:00,740.83,860.85,33.43,51.87,2.18
2025-06-28 14:00:00,534.97,733.05,33.37,52.15,1.94
2025-06-28 15:00:00,492.48,552.17,33.01,53.25,1.76
2025-06-28 16:00:00,299.2,336.27,32.25,55.9,1.62
2025-06-28 17:00:00,111.12,120.88,31.06,63.88,1.22
2025-06-28 18:00:00,4.7,4.93,28.85,78.11,0.78
2025-06-28 19:00:00,0.0,0.0,27.86,79.51,0.91
2025-06-28 20:00:00,0.0,0.0,27.14,80.87,1.1
2025-06-28 21:00:00,0.0,0.0,26.62,82.3,1.28
2025-06-28 22:00:00,0.0,0.0,26.21,83.68,1.47
2025-06-28 23:00:00,0.0,0.0,25.93,84.58,1.73
2025-06-29 00:00:00,0.0,0.0,25.67,85.54,2.05
2025-06-29 01:00:00,0.0,0.0,25.33,87.22,2.24
2025-06-29 02:00:00,0.0,0.0,24.93,89.44,2.33
2025-06-29 03:00:00,0.0,0.0,24.5,92.08,2.3
2025-06-29 04:00:00,0.0,0.0,24.16,94.22,2.23
2025-06-29 05:00:00,0.0,0.0,23.96,95.4,2.18
2025-06-29 06:00:00,80.0,81.8,24.82,91.17,2.9
2025-06-29 07:00:00,266.38,279.58,26.55,82.95,3.89
2025-06-29 08:00:00,471.38,499.48,28.26,75.15,4.14
2025-06-29 09:00:00,675.3,691.45,29.67,68.91,3.97
2025-06-29 10:00:00,825.35,831.58,30.83,64.06,3.76
2025-06-29 11:00:00,901.6,910.47,31.61,60.79,3.49
2025-06-29 12:00:00,916.83,919.0,32.07,58.85,3.18
2025-06-29 13:00:00,701.28,854.6,32.15,58.19,2.86
2025-06-29 14:00:00,704.78,721.72,32.12,57.93,2.54
2025-06-29 15:00:00,523.97,535.72,31.91,58.27,2.26
2025-06-29 16:00:00,299.65,318.02,31.33,60.49,1.97
2025-06-29 17:00:00,105.62,110.7,30.18,68.71,1.33
2025-06-29 18:00:00,4.7,4.8,28.31,79.68,0.86
2025-06-29 19:00:00,0.0,0.0,27.62,80.33,0.98
2025-06-29 20:00:00,0.0,0.0,27.19,80.75,1.16
2025-06-29 21:00:00,0.0,0.0,26.82,81.72,1.26
2025-06-29 22:00:00,0.0,0.0,26.43,83.31,1.26
2025-06-29 23:00:00,0.0,0.0,26.07,84.8,1.3
2025-06-30 00:00:00,0.0,0.0,25.76,86.12,1.38
2025-06-30 01:00:00,0.0,0.0,25.49,87.42,1.54
2025-06-30 02:00:00,0.0,0.0,25.19,89.16,1.7
2025-06-30 03:00:00,0.0,0.0,24.93,90.91,1.92
2025-06-30 04:00:00,0.0,0.0,24.69,92.75,2.19
2025-06-30 05:00:00,0.0,0.0,24.51,94.25,2.4
2025-06-30 06:00:00,53.03,76.62,25.08,92.04,3.12
2025-06-30 07:00:00,172.55,266.05,26.38,85.27,3.83
2025-06-30 08:00:00,317.83,483.52,27.9,76.77,4.27
2025-06-30 09:00:00,520.9,676.65,29.34,69.85,4.2
2025-06-30 10:00:00,682.45,819.97,30.49,64.96,3.91
2025-06-30 11:00:00,735.92,899.03,31.39,61.46,3.63
2025-06-30 12:00:00,754.53,891.08,32.01,58.92,3.34
2025-06-30 13:00:00,622.08,828.38,32.24,57.54,3.05
2025-06-30 14:00:00,553.15,698.97,32.22,56.81,2.81
2025-06-30 15:00:00,405.8,517.28,31.89,57.12,2.54
2025-06-30 16:00:00,222.55,305.35,31.25,59.52,2.16
2025-06-30 17:00:00,83.97,106.4,30.0,68.43,1.41
2025-06-30 18:00:00,4.2,4.72,28.11,80.52,0.83
2025-06-30 19:00:00,0.0,0.0,27.37,82.38,0.88
2025-06-30 20:00:00,0.0,0.0,26.86,83.96,0.96
2025-06-30 21:00:00,0.0,0.0,26.47,85.77,1.02
2025-06-30 22:00:00,0.0,0.0,26.09,88.06,1.06
2025-06-30 23:00:00,0.0,0.0,25.71,89.95,1.11
2025-07-01 00:00:00,0.0,0.0,25.37,91.41,1.25
2025-07-01 01:00:00,0.0,0.0,25.11,92.55,1.54
2025-07-01 02:00:00,0.0,0.0,24.86,93.97,1.83
2025-07-01 03:00:00,0.0,0.0,24.62,95.33,2.03
2025-07-01 04:00:00,0.0,0.0,24.5,95.35,2.34
2025-07-01 05:00:00,0.0,0.0,24.29,96.0,2.41
2025-07-01 06:00:00,61.1,78.03,24.46,95.1,2.81
2025-07-01 07:00:00,183.23,269.65,24.96,91.78,3.68
2025-07-01 08:00:00,280.12,487.27,26.01,84.83,4.38
2025-07-01 09:00:00,377.0,679.58,27.67,76.26,4.5
2025-07-01 10:00:00,442.55,824.2,29.18,69.51,4.19
2025-07-01 11:00:00,582.53,901.83,30.33,64.84,3.73
2025-07-01 12:00:00,677.08,899.47,30.94,62.08,3.22
2025-07-01 13:00:00,579.5,835.67,31.28,60.48,2.72
2025-07-01 14:00:00,551.83,705.75,31.34,59.46,2.22
2025-07-01 15:00:00,458.02,523.2,31.03,59.86,1.71
2025-07-01 16:00:00,261.58,309.58,30.39,62.46,1.5
2025-07-01 17:00:00,97.3,108.03,29.31,70.19,1.17
2025-07-01 18:00:00,4.8,4.8,27.65,82.22,0.83
2025-07-01 19:00:00,0.0,0.0,26.97,83.32,0.96
2025-07-01 20:00:00,0.0,0.0,26.53,83.66,1.12
2025-07-01 21:00:00,0.0,0.0,26.14,84.63,1.15
2025-07-01 22:00:00,0.0,0.0,25.78,85.82,1.12
2025-07-01 23:00:00,0.0,0.0,25.44,86.73,1.11
2025-07-02 00:00:00,0.0,0.0,25.08,87.83,1.11
2025-07-02 01:00:00,0.0,0.0,24.69,89.26,1.03
2025-07-02 02:00:00,0.0,0.0,24.31,90.87,0.89
2025-07-02 03:00:00,0.0,0.0,23.95,92.33,0.79
2025-07-02 04:00:00,0.0,0.0,23.59,93.78,0.83
2025-07-02 05:00:00,0.0,0.0,23.33,94.97,1.18
2025-07-02 06:00:00,75.18,77.9,24.21,90.75,2.58
2025-07-02 07:00:00,257.35,271.25,26.35,78.91,3.72
2025-07-02 08:00:00,472.42,490.45,28.23,69.6,4.35
2025-07-02 09:00:00,666.12,683.62,29.46,64.05,4.26
2025-07-02 10:00:00,795.42,827.22,30.36,60.33,3.99
2025-07-02 11:00:00,851.8,906.22,31.03,57.69,3.75
2025-07-02 12:00:00,798.28,914.9,31.56,55.83,3.47
2025-07-02 13:00:00,768.35,850.95,31.8,54.86,3.15
2025-07-02 14:00:00,644.47,720.45,31.75,54.73,2.81
2025-07-02 15:00:00,515.2,536.4,31.53,55.06,2.49
2025-07-02 16:00:00,306.83,319.73,30.81,57.76,2.16
2025-07-02 17:00:00,108.1,111.8,29.59,66.03,1.4
2025-07-02 18:00:00,4.8,4.88,27.87,79.52,0.74
2025-07-02 19:00:00,0.0,0.0,27.29,81.96,0.65
2025-07-02 20:00:00,0.0,0.0,26.89,83.21,0.63
2025-07-02 21:00:00,0.0,0.0,26.39,84.61,0.65
2025-07-02 22:00:00,0.0,0.0,25.98,85.73,0.73
2025-07-02 23:00:00,0.0,0.0,25.57,86.28,0.9
2025-07-03 00:00:00,0.0,0.0,25.2,86.84,1.16
2025-07-03 01:00:00,0.0,0.0,24.84,87.87,1.5
2025-07-03 02:00:00,0.0,0.0,24.51,89.5,1.91
2025-07-03 03:00:00,0.0,0.0,24.23,91.38,2.03
2025-07-03 04:00:00,0.0,0.0,23.98,93.17,1.85
2025-07-03 05:00:00,0.0,0.0,23.8,94.46,1.46
2025-07-03 06:00:00,53.42,75.03,24.35,92.17,2.01
2025-07-03 07:00:00,180.02,268.42,25.68,85.75,2.33
2025-07-03 08:00:00,327.62,487.7,27.12,77.3,2.74
2025-07-03 09:00:00,411.98,680.28,27.99,72.26,2.82
2025-07-03 10:00:00,530.75,823.9,28.6,69.39,2.67
2025-07-03 11:00:00,600.85,901.0,29.3,66.22,2.45
2025-07-03 12:00:00,606.72,912.0,29.94,63.48,2.17
2025-07-03 13:00:00,718.55,847.33,30.29,61.85,1.94
2025-07-03 14:00:00,598.38,717.7,30.38,60.95,1.71
2025-07-03 15:00:00,403.62,537.4,30.27,60.88,1.6
2025-07-03 16:00:00,256.98,324.85,29.84,62.32,1.48
2025-07-03 17:00:00,97.6,116.03,28.99,68.79,1.0
2025-07-03 18:00:00,4.68,5.1,27.65,79.76,0.6
2025-07-03 19:00:00,0.0,0.0,27.16,82.0,0.56
2025-07-03 20:00:00,0.0,0.0,26.77,83.2,0.58
2025-07-03 21:00:00,0.0,0.0,26.41,84.29,0.6
2025-07-03 22:00:00,0.0,0.0,26.04,85.37,0.61
2025-07-03 23:00:00,0.0,0.0,25.67,86.43,0.63
2025-07-04 00:00:00,0.0,0.0,25.34,87.55,0.63
2025-07-04 01:00:00,0.0,0.0,25.07,88.54,0.65
2025-07-04 02:00:00,0.0,0.0,24.83,89.66,0.74
2025-07-04 03:00:00,0.0,0.0,24.58,90.52,0.91
2025-07-04 04:00:00,0.0,0.0,24.33,91.72,1.2
2025-07-04 05:00:00,0.0,0.0,24.14,93.19,1.45
2025-07-04 06:00:00,20.05,82.78,24.29,93.33,2.01
2025-07-04 07:00:00,55.95,286.4,24.87,91.2,2.56
2025-07-04 08:00:00,91.93,505.3,25.55,86.84,3.11
2025-07-04 09:00:00,113.72,695.17,26.37,81.36,3.39
2025-07-04 10:00:00,217.98,833.45,27.07,77.45,3.27
2025-07-04 11:00:00,206.68,910.83,27.5,75.18,3.0
2025-07-04 12:00:00,200.8,917.45,27.77,73.45,2.72
2025-07-04 13:00:00,267.08,851.58,27.92,72.26,2.4
2025-07-04 14:00:00,235.02,719.75,27.96,71.52,2.16
2025-07-04 15:00:00,248.45,533.8,27.85,71.62,1.99
2025-07-04 16:00:00,176.12,315.38,27.47,73.52,1.77
2025-07-04 17:00:00,71.85,109.18,26.63,80.48,1.21
2025-07-04 18:00:00,4.07,4.95,25.38,88.6,0.77
2025-07-04 19:00:00,0.0,0.0,24.91,89.84,0.81
2025-07-04 20:00:00,0.0,0.0,24.61,90.82,0.83
2025-07-04 21:00:00,0.0,0.0,24.35,91.72,0.84
2025-07-04 22:00:00,0.0,0.0,24.1,92.54,0.84
2025-07-04 23:00:00,0.0,0.0,23.83,93.61,0.83
2025-07-05 00:00:00,0.0,0.0,23.56,94.93,0.84
2025-07-05 01:00:00,0.0,0.0,23.33,96.32,0.84
2025-07-05 02:00:00,0.0,0.0,23.17,97.18,0.82
2025-07-05 03:00:00,0.0,0.0,23.03,97.63,0.82
2025-07-05 04:00:00,0.0,0.0,22.93,97.8,0.86
2025-07-05 05:00:00,0.0,0.0,22.86,97.74,0.96
2025-07-05 06:00:00,44.42,76.03,23.39,96.13,1.73
2025-07-05 07:00:00,144.1,273.25,24.08,93.84,2.37
2025-07-05 08:00:00,257.58,496.7,24.89,90.39,2.92
2025-07-05 09:00:00,385.85,691.0,25.7,85.84,3.13
2025-07-05 10:00:00,427.3,834.45,26.41,81.43,3.17
2025-07-05 11:00:00,432.23,914.28,26.97,77.38,3.15
2025-07-05 12:00:00,538.67,915.8,27.41,73.72,3.09
2025-07-05 13:00:00,533.78,851.72,27.74,71.11,2.94
2025-07-05 14:00:00,439.17,722.4,27.89,69.61,2.67
2025-07-05 15:00:00,342.8,539.55,27.87,69.24,2.29
2025-07-05 16:00:00,191.38,323.9,27.62,70.34,1.76
2025-07-05 17:00:00,70.03,115.55,26.93,76.18,1.02
2025-07-05 18:00:00,3.38,5.05,25.63,86.39,0.59
2025-07-05 19:00:00,0.0,0.0,25.14,86.84,0.65
2025-07-05 20:00:00,0.0,0.0,24.67,88.86,0.68
2025-07-05 21:00:00,0.0,0.0,24.29,90.12,0.75
2025-07-05 22:00:00,0.0,0.0,23.95,90.79,0.86
2025-07-05 23:00:00,0.0,0.0,23.6,91.41,1.02
2025-07-06 00:00:00,0.0,0.0,23.27,92.54,1.18
2025-07-06 01:00:00,0.0,0.0,23.02,93.91,1.34
2025-07-06 02:00:00,0.0,0.0,22.86,95.18,1.53
2025-07-06 03:00:00,0.0,0.0,22.7,96.49,1.73
2025-07-06 04:00:00,0.0,0.0,22.57,97.27,1.79
2025-07-06 05:00:00,0.0,0.0,22.47,97.54,1.81
2025-07-06 06:00:00,51.75,77.4,23.42,93.49,2.63
2025-07-06 07:00:00,164.73,274.5,25.19,85.26,3.31
2025-07-06 08:00:00,302.58,497.77,27.13,75.35,3.66
2025-07-06 09:00:00,398.52,693.85,28.51,69.13,3.51
2025-07-06 10:00:00,413.48,836.6,29.43,65.38,3.22
2025-07-06 11:00:00,523.2,915.17,29.88,63.52,2.92
2025-07-06 12:00:00,601.83,921.72,30.02,62.74,2.65
2025-07-06 13:00:00,576.42,857.8,30.3,61.77,2.52
2025-07-06 14:00:00,515.65,726.53,30.36,61.3,2.37
2025-07-06 15:00:00,441.58,538.88,29.56,63.93,2.11
2025-07-06 16:00:00,246.57,319.42,28.69,70.2,1.57
2025-07-06 17:00:00,90.35,112.68,27.68,77.63,1.21
2025-07-06 18:00:00,4.55,5.03,26.3,87.05,0.76
2025-07-06 19:00:00,0.0,0.0,25.79,88.17,0.79
2025-07-06 20:00:00,0.0,0.0,25.41,88.99,0.84
2025-07-06 21:00:00,0.0,0.0,25.09,89.81,0.87
2025-07-06 22:00:00,0.0,0.0,24.79,90.66,0.9
2025-07-06 23:00:00,0.0,0.0,24.56,91.23,0.97
2025-07-07 00:00:00,0.0,0.0,24.37,91.56,1.15
2025-07-07 01:00:00,0.0,0.0,24.15,92.26,1.33
2025-07-07 02:00:00,0.0,0.0,23.94,93.24,1.44
2025-07-07 03:00:00,0.0,0.0,23.76,94.03,1.5
2025-07-07 04:00:00,0.0,0.0,23.57,94.78,1.69
2025-07-07 05:00:00,0.0,0.0,23.43,95.45,1.89
2025-07-07 06:00:00,51.38,70.1,23.77,94.03,2.46
2025-07-07 07:00:00,172.52,260.05,24.7,90.13,2.79
2025-07-07 08:00:00,331.12,478.48,26.4,79.87,3.69
2025-07-07 09:00:00,543.35,674.08,28.22,69.89,3.92
2025-07-07 10:00:00,592.08,819.95,29.47,64.85,3.6
2025-07-07 11:00:00,615.2,900.47,29.98,63.17,3.13
2025-07-07 12:00:00,613.6,932.58,30.0,63.06,2.67
2025-07-07 13:00:00,483.27,867.2,29.78,63.89,2.25
2025-07-07 14:00:00,435.27,735.75,29.41,65.61,1.89
2025-07-07 15:00:00,342.45,550.0,28.86,68.76,1.59
2025-07-07 16:00:00,198.45,330.73,28.15,75.3,1.08
2025-07-07 17:00:00,63.88,116.0,27.4,79.13,0.91
2025-07-07 18:00:00,3.75,5.12,26.6,86.38,0.49
2025-07-07 19:00:00,0.0,0.0,26.23,86.5,0.52
2025-07-07 20:00:00,0.0,0.0,25.77,88.95,0.54
2025-07-07 21:00:00,0.0,0.0,25.33,90.91,0.56
2025-07-07 22:00:00,0.0,0.0,24.92,92.39,0.57
2025-07-07 23:00:00,0.0,0.0,24.6,93.59,0.58
2025-07-08 00:00:00,0.0,0.0,24.29,94.62,0.62
2025-07-08 01:00:00,0.0,0.0,23.99,95.45,0.69
2025-07-08 02:00:00,0.0,0.0,23.7,96.13,0.82
2025-07-08 03:00:00,0.0,0.0,23.51,96.68,0.98
2025-07-08 04:00:00,0.0,0.0,23.32,97.32,0.98
2025-07-08 05:00:00,0.0,0.0,23.17,97.89,0.81
2025-07-08 06:00:00,43.92,75.35,23.89,95.82,1.46
2025-07-08 07:00:00,145.5,273.55,24.63,93.16,2.16
2025-07-08 08:00:00,272.98,493.3,25.5,88.19,3.05
2025-07-08 09:00:00,372.27,685.35,26.66,81.08,3.59
2025-07-08 10:00:00,505.6,827.5,28.12,73.71,3.76
2025-07-08 11:00:00,630.3,907.3,29.42,68.63,3.68
2025-07-08 12:00:00,576.12,911.28,30.31,65.38,3.51
2025-07-08 13:00:00,581.25,847.8,30.6,64.34,3.3
2025-07-08 14:00:00,539.95,719.4,30.44,64.76,3.09
2025-07-08 15:00:00,410.7,538.58,29.92,66.7,2.8
2025-07-08 16:00:00,226.3,324.45,28.99,72.42,2.28
2025-07-08 17:00:00,80.7,116.03,27.7,81.86,1.65
2025-07-08 18:00:00,3.33,5.07,26.43,88.97,1.45
2025-07-08 19:00:00,0.0,0.0,25.84,90.46,2.03
2025-07-08 20:00:00,0.0,0.0,25.33,92.48,2.53
2025-07-08 21:00:00,0.0,0.0,24.91,94.22,2.84
2025-07-08 22:00:00,0.0,0.0,24.64,95.12,2.91
2025-07-08 23:00:00,0.0,0.0,24.46,95.36,2.94
2025-07-09 00:00:00,0.0,0.0,24.3,95.75,2.7
2025-07-09 01:00:00,0.0,0.0,24.19,95.91,2.38
2025-07-09 02:00:00,0.0,0.0,24.12,95.6,2.46
2025-07-09 03:00:00,0.0,0.0,24.03,95.79,2.33
2025-07-09 04:00:00,0.0,0.0,23.94,95.96,2.22
2025-07-09 05:00:00,0.0,0.0,23.85,95.99,2.39
2025-07-09 06:00:00,33.62,70.2,23.92,95.36,2.91
2025-07-09 07:00:00,110.18,264.4,24.14,94.51,3.04
2025-07-09 08:00:00,193.1,482.95,24.57,91.29,3.87
2025-07-09 09:00:00,376.15,675.53,25.02,86.97,4.66
2025-07-09 10:00:00,529.88,816.38,25.44,83.1,5.08
2025-07-09 11:00:00,616.72,898.08,25.6,81.7,5.22
2025-07-09 12:00:00,640.38,906.1,25.76,80.53,4.81
2025-07-09 13:00:00,488.75,845.78,26.42,77.31,4.47
2025-07-09 14:00:00,371.2,718.15,27.28,73.61,4.36
2025-07-09 15:00:00,252.8,536.92,27.57,72.46,4.1
2025-07-09 16:00:00,163.43,322.3,27.34,73.43,3.58
2025-07-09 17:00:00,60.2,114.0,26.36,79.77,2.32
2025-07-09 18:00:00,3.55,5.07,24.45,90.89,1.08
2025-07-09 19:00:00,0.0,0.0,23.78,93.35,0.97
2025-07-09 20:00:00,0.0,0.0,23.42,94.48,0.92
2025-07-09 21:00:00,0.0,0.0,23.14,95.42,0.91
2025-07-09 22:00:00,0.0,0.0,22.96,96.14,0.94
2025-07-09 23:00:00,0.0,0.0,22.88,96.52,1.06
2025-07-10 00:00:00,0.0,0.0,22.8,96.88,1.29
2025-07-10 01:00:00,0.0,0.0,22.7,97.19,1.5
2025-07-10 02:00:00,0.0,0.0,22.47,98.01,1.47
2025-07-10 03:00:00,0.0,0.0,22.24,98.93,1.44
2025-07-10 04:00:00,0.0,0.0,22.14,99.07,1.5
2025-07-10 05:00:00,0.0,0.0,22.12,98.87,1.57
2025-07-10 06:00:00,56.3,79.43,23.25,93.74,2.49
2025-07-10 07:00:00,174.68,285.75,25.05,85.53,3.11
2025-07-10 08:00:00,305.15,507.95,26.83,76.82,3.55
2025-07-10 09:00:00,404.67,701.65,28.18,71.06,3.57
2025-07-10 10:00:00,547.4,844.78,29.19,66.83,3.5
2025-07-10 11:00:00,647.83,924.0,29.79,64.33,3.4
2025-07-10 12:00:00,727.12,930.0,30.19,62.71,3.32
2025-07-10 13:00:00,657.83,867.35,30.13,62.32,3.15
2025-07-10 14:00:00,536.33,738.12,29.96,62.78,2.96
2025-07-10 15:00:00,483.0,556.28,29.46,64.89,2.6
2025-07-10 16:00:00,307.83,339.42,28.94,69.08,1.92
2025-07-10 17:00:00,114.03,122.93,28.04,76.55,1.25
2025-07-10 18:00:00,5.2,5.47,26.58,84.58,0.72
2025-07-10 19:00:00,0.0,0.0,26.09,85.29,0.72
2025-07-10 20:00:00,0.0,0.0,25.68,86.44,0.76
2025-07-10 21:00:00,0.0,0.0,25.27,87.44,0.83
2025-07-10 22:00:00,0.0,0.0,24.88,88.23,0.96
2025-07-10 23:00:00,0.0,0.0,24.46,89.16,1.14
2025-07-11 00:00:00,0.0,0.0,24.18,90.01,1.38
2025-07-11 01:00:00,0.0,0.0,23.86,91.39,1.6
2025-07-11 02:00:00,0.0,0.0,23.6,92.65,1.89
2025-07-11 03:00:00,0.0,0.0,23.34,94.07,2.09
2025-07-11 04:00:00,0.0,0.0,23.12,95.07,2.22
2025-07-11 05:00:00,0.0,0.0,22.92,95.75,2.36
2025-07-11 06:00:00,74.82,74.9,23.67,91.93,3.14
2025-07-11 07:00:00,266.2,266.42,25.72,81.66,3.52
2025-07-11 08:00:00,485.75,486.1,28.02,71.31,3.97
2025-07-11 09:00:00,662.72,680.2,29.69,64.91,4.06
2025-07-11 10:00:00,827.97,828.17,30.77,60.77,3.85
2025-07-11 11:00:00,905.38,910.25,31.58,57.99,3.57
2025-07-11 12:00:00,908.67,927.8,32.17,56.2,3.29
2025-07-11 13:00:00,750.15,866.12,32.51,54.92,3.02
2025-07-11 14:00:00,676.62,736.7,32.44,54.75,2.79
2025-07-11 15:00:00,474.33,553.33,32.09,55.5,2.56
2025-07-11 16:00:00,278.02,335.75,31.36,58.27,2.16
2025-07-11 17:00:00,107.75,121.62,29.9,68.12,1.37
2025-07-11 18:00:00,5.28,5.55,27.97,80.2,0.82
2025-07-11 19:00:00,0.0,0.0,27.21,81.47,0.89
2025-07-11 20:00:00,0.0,0.0,26.63,82.57,1.02
2025-07-11 21:00:00,0.0,0.0,26.13,83.7,1.19
2025-07-11 22:00:00,0.0,0.0,25.7,85.07,1.37
2025-07-11 23:00:00,0.0,0.0,25.28,86.96,1.64
2025-07-12 00:00:00,0.0,0.0,24.9,89.15,2.08
2025-07-12 01:00:00,0.0,0.0,24.48,91.98,2.43
2025-07-12 02:00:00,0.0,0.0,24.09,94.39,2.61
2025-07-12 03:00:00,0.0,0.0,23.86,95.33,2.71
2025-07-12 04:00:00,0.0,0.0,23.71,95.47,2.83
2025-07-12 05:00:00,0.0,0.0,23.6,95.24,3.01
2025-07-12 06:00:00,50.05,70.32,24.09,92.63,3.57
2025-07-12 07:00:00,170.68,262.95,25.39,85.14,4.57
2025-07-12 08:00:00,306.25,478.73,27.06,74.89,5.13
2025-07-12 09:00:00,384.2,670.8,28.56,67.73,4.87
2025-07-12 10:00:00,359.4,815.8,29.72,63.41,4.26
2025-07-12 11:00:00,270.15,897.78,30.42,61.35,3.57
2025-07-12 12:00:00,328.33,896.83,30.81,60.24,2.84
2025-07-12 13:00:00,293.33,837.03,30.8,60.09,2.17
2025-07-12 14:00:00,202.2,709.28,30.29,61.66,1.63
2025-07-12 15:00:00,136.7,527.0,29.84,63.55,1.53
2025-07-12 16:00:00,90.0,314.2,29.36,65.87,1.55
2025-07-12 17:00:00,28.62,109.68,28.49,72.74,1.16
2025-07-12 18:00:00,2.72,5.15,26.92,83.49,0.69
2025-07-12 19:00:00,0.0,0.0,26.37,85.65,0.66
2025-07-12 20:00:00,0.0,0.0,26.04,86.51,0.68
2025-07-12 21:00:00,0.0,0.0,25.68,87.51,0.7
2025-07-12 22:00:00,0.0,0.0,25.29,88.65,0.81
2025-07-12 23:00:00,0.0,0.0,24.93,89.24,1.09
2025-07-13 00:00:00,0.0,0.0,24.6,90.1,1.5
2025-07-13 01:00:00,0.0,0.0,24.31,91.69,1.83
2025-07-13 02:00:00,0.0,0.0,24.03,93.7,2.0
2025-07-13 03:00:00,0.0,0.0,23.8,95.3,2.04
2025-07-13 04:00:00,0.0,0.0,23.63,96.06,2.1
2025-07-13 05:00:00,0.0,0.0,23.51,96.11,2.36
2025-07-13 06:00:00,10.95,68.12,23.74,95.22,2.72
2025-07-13 07:00:00,65.18,259.15,24.15,92.98,2.93
2025-07-13 08:00:00,115.57,477.17,24.54,88.59,3.25
2025-07-13 09:00:00,188.43,670.78,25.1,83.78,3.5
2025-07-13 10:00:00,262.33,815.03,25.73,79.45,3.6
2025-07-13 11:00:00,326.75,896.5,26.34,76.23,3.57
2025-07-13 12:00:00,302.95,909.0,26.88,73.88,3.33
2025-07-13 13:00:00,266.62,850.97,27.37,72.01,3.0
2025-07-13 14:00:00,171.23,724.85,27.6,70.98,2.61
2025-07-13 15:00:00,178.65,544.03,27.46,71.51,2.29
2025-07-13 16:00:00,152.38,326.85,26.97,74.32,1.87
2025-07-13 17:00:00,66.72,117.85,26.19,80.85,1.24
2025-07-13 18:00:00,3.9,5.4,24.91,89.73,0.79
2025-07-13 19:00:00,0.0,0.0,24.44,90.61,0.89
2025-07-13 20:00:00,0.0,0.0,24.14,91.12,1.0
2025-07-13 21:00:00,0.0,0.0,23.85,91.69,1.14
2025-07-13 22:00:00,0.0,0.0,23.53,92.46,1.4
2025-07-13 23:00:00,0.0,0.0,23.26,93.25,1.75
2025-07-14 00:00:00,0.0,0.0,23.0,94.19,1.82
2025-07-14 01:00:00,0.0,0.0,22.74,95.2,1.66
2025-07-14 02:00:00,0.0,0.0,22.64,95.48,1.59
2025-07-14 03:00:00,0.0,0.0,22.6,95.55,1.5
2025-07-14 04:00:00,0.0,0.0,22.65,95.53,1.38
2025-07-14 05:00:00,0.0,0.0,22.72,95.6,1.35
2025-07-14 06:00:00,56.22,69.15,23.33,93.04,1.88
2025-07-14 07:00:00,203.95,260.8,24.29,88.21,2.26
2025-07-14 08:00:00,393.3,481.48,25.22,81.9,2.54
2025-07-14 09:00:00,495.15,679.72,26.09,76.89,2.73
2025-07-14 10:00:00,609.95,826.3,26.79,73.18,2.86
2025-07-14 11:00:00,766.83,907.55,27.36,70.48,2.86
2025-07-14 12:00:00,785.45,927.75,27.96,67.99,2.84
2025-07-14 13:00:00,808.4,863.62,28.4,66.42,2.68
2025-07-14 14:00:00,685.7,732.9,28.7,65.06,2.34
2025-07-14 15:00:00,541.92,545.15,28.73,64.57,1.95
2025-07-14 16:00:00,316.25,319.52,28.43,65.49,1.56
2025-07-14 17:00:00,115.85,117.22,27.67,70.69,0.94
2025-07-14 18:00:00,5.38,5.4,26.22,79.54,0.43
2025-07-14 19:00:00,0.0,0.0,25.81,79.85,0.29
2025-07-14 20:00:00,0.0,0.0,25.66,79.08,0.21
2025-07-14 21:00:00,0.0,0.0,25.43,79.09,0.18
2025-07-14 22:00:00,0.0,0.0,25.27,78.47,0.28
2025-07-14 23:00:00,0.0,0.0,24.96,79.69,0.4
2025-07-15 00:00:00,0.0,0.0,24.58,81.26,0.46
2025-07-15 01:00:00,0.0,0.0,24.32,82.2,0.48
2025-07-15 02:00:00,0.0,0.0,24.26,81.66,0.44
2025-07-15 03:00:00,0.0,0.0,24.29,80.74,0.26
2025-07-15 04:00:00,0.0,0.0,24.14,81.74,0.15
2025-07-15 05:00:00,0.0,0.0,23.38,86.53,0.5
2025-07-15 06:00:00,54.05,73.28,23.74,87.51,1.0
2025-07-15 07:00:00,175.1,279.7,25.04,80.39,1.85
2025-07-15 08:00:00,310.05,506.58,27.21,71.2,2.21
2025-07-15 09:00:00,417.5,703.78,28.73,65.0,2.18
2025-07-15 10:00:00,554.75,848.3,29.68,61.48,2.09
2025-07-15 11:00:00,615.35,927.15,30.35,59.23,2.03
2025-07-15 12:00:00,572.7,935.8,30.76,57.99,2.02
2025-07-15 13:00:00,642.6,876.05,30.82,57.84,2.05
2025-07-15 14:00:00,506.35,748.28,30.57,58.74,2.08
2025-07-15 15:00:00,356.0,564.9,30.12,60.61,2.08
2025-07-15 16:00:00,182.85,345.25,29.36,64.19,1.98
2025-07-15 17:00:00,66.32,124.28,28.26,72.08,1.44
2025-07-15 18:00:00,3.92,5.5,26.33,85.57,0.83
2025-07-15 19:00:00,0.0,0.0,25.68,87.16,0.79
2025-07-15 20:00:00,0.0,0.0,25.32,87.62,0.77
2025-07-15 21:00:00,0.0,0.0,25.07,87.53,0.72
2025-07-15 22:00:00,0.0,0.0,24.87,86.98,0.7
2025-07-15 23:00:00,0.0,0.0,24.57,87.04,0.69
2025-07-16 00:00:00,0.0,0.0,24.17,87.91,0.7
2025-07-16 01:00:00,0.0,0.0,23.77,88.72,0.7
2025-07-16 02:00:00,0.0,0.0,23.41,89.37,0.72
2025-07-16 03:00:00,0.0,0.0,23.07,89.93,0.75
2025-07-16 04:00:00,0.0,0.0,22.75,90.57,0.78
2025-07-16 05:00:00,0.0,0.0,22.49,91.18,0.81
2025-07-16 06:00:00,58.47,67.43,23.55,86.0,1.64
2025-07-16 07:00:00,187.35,255.62,25.18,79.18,2.04
2025-07-16 08:00:00,365.65,481.35,28.14,65.94,2.45
2025-07-16 09:00:00,640.35,681.15,29.93,60.28,2.33
2025-07-16 10:00:00,825.28,832.05,31.38,56.36,2.03
2025-07-16 11:00:00,917.72,920.7,32.47,53.65,1.78
2025-07-16 12:00:00,898.17,933.55,33.0,52.34,1.57
2025-07-16 13:00:00,663.2,871.33,33.15,51.88,1.46
2025-07-16 14:00:00,583.17,740.62,33.05,52.01,1.37
2025-07-16 15:00:00,468.77,555.28,32.57,52.97,1.23
2025-07-16 16:00:00,278.85,337.08,31.9,55.35,1.08
2025-07-16 17:00:00,109.75,122.18,30.93,61.78,0.87
2025-07-16 18:00:00,5.28,5.45,29.13,73.09,0.67
2025-07-16 19:00:00,0.0,0.0,27.99,77.14,0.77
2025-07-16 20:00:00,0.0,0.0,27.11,79.99,0.94
2025-07-16 21:00:00,0.0,0.0,26.52,79.79,1.19
2025-07-16 22:00:00,0.0,0.0,26.03,79.97,1.53
2025-07-16 23:00:00,0.0,0.0,25.62,80.64,1.99
2025-07-17 00:00:00,0.0,0.0,25.19,82.59,2.46
2025-07-17 01:00:00,0.0,0.0,24.73,85.76,2.73
2025-07-17 02:00:00,0.0,0.0,24.29,89.12,2.86
2025-07-17 03:00:00,0.0,0.0,23.97,91.86,2.96
2025-07-17 04:00:00,0.0,0.0,23.78,93.38,3.09
2025-07-17 05:00:00,0.0,0.0,23.67,93.94,3.24
2025-07-17 06:00:00,50.03,66.35,24.29,90.31,3.84
2025-07-17 07:00:00,165.68,256.4,25.81,80.76,4.51
2025-07-17 08:00:00,308.88,478.15,27.4,72.53,4.7
2025-07-17 09:00:00,394.62,678.8,28.9,66.27,4.57
2025-07-17 10:00:00,471.73,825.95,30.14,61.57,4.28
2025-07-17 11:00:00,472.27,907.75,31.01,58.58,3.94
2025-07-17 12:00:00,559.2,926.17,31.55,56.97,3.62
2025-07-17 13:00:00,585.3,859.0,31.82,56.06,3.3
2025-07-17 14:00:00,572.05,725.5,31.75,55.89,2.95
2025-07-17 15:00:00,406.05,543.05,31.26,57.15,2.64
2025-07-17 16:00:00,240.07,323.88,30.47,60.0,2.31
2025-07-17 17:00:00,94.32,113.65,29.13,68.89,1.55
2025-07-17 18:00:00,4.93,5.22,27.03,82.88,0.93
2025-07-17 19:00:00,0.0,0.0,26.24,84.55,1.02
2025-07-17 20:00:00,0.0,0.0,25.73,85.37,1.18
2025-07-17 21:00:00,0.0,0.0,25.31,86.18,1.33
2025-07-17 22:00:00,0.0,0.0,24.92,87.14,1.48
2025-07-17 23:00:00,0.0,0.0,24.56,88.15,1.72
2025-07-18 00:00:00,0.0,0.0,24.23,89.41,2.02
2025-07-18 01:00:00,0.0,0.0,23.91,91.28,2.18
2025-07-18 02:00:00,0.0,0.0,23.59,93.21,2.26
2025-07-18 03:00:00,0.0,0.0,23.25,95.25,1.99
2025-07-18 04:00:00,0.0,0.0,23.03,96.28,1.82
2025-07-18 05:00:00,0.0,0.0,22.87,96.69,1.75
2025-07-18 06:00:00,48.7,57.88,23.71,91.92,2.72
2025-07-18 07:00:00,163.0,234.3,25.11,82.57,3.55
2025-07-18 08:00:00,302.35,459.17,26.54,75.02,3.51
2025-07-18 09:00:00,458.17,659.78,27.94,69.44,3.24
2025-07-18 10:00:00,541.4,810.58,29.4,64.27,2.88
2025-07-18 11:00:00,561.7,894.75,30.7,59.99,2.48
2025-07-18 12:00:00,678.78,888.22,31.67,56.85,2.12
2025-07-18 13:00:00,664.08,823.75,32.19,54.72,1.8
2025-07-18 14:00:00,607.28,691.45,32.31,53.71,1.54
2025-07-18 15:00:00,399.5,506.48,31.96,54.07,1.39
2025-07-18 16:00:00,241.93,293.42,31.22,56.3,1.3
2025-07-18 17:00:00,89.82,100.85,30.09,63.86,1.01
2025-07-18 18:00:00,4.4,4.7,28.22,75.67,0.74
2025-07-18 19:00:00,0.0,0.0,27.25,78.71,0.8
2025-07-18 20:00:00,0.0,0.0,26.56,80.64,0.9
2025-07-18 21:00:00,0.0,0.0,25.94,82.34,0.97
2025-07-18 22:00:00,0.0,0.0,25.45,83.72,0.98
2025-07-18 23:00:00,0.0,0.0,24.97,85.17,0.99
2025-07-19 00:00:00,0.0,0.0,24.54,86.33,1.01
2025-07-19 01:00:00,0.0,0.0,24.1,87.5,1.08
2025-07-19 02:00:00,0.0,0.0,23.66,88.92,1.24
2025-07-19 03:00:00,0.0,0.0,23.28,90.7,1.51
2025-07-19 04:00:00,0.0,0.0,22.88,93.0,1.75
2025-07-19 05:00:00,0.0,0.0,22.53,95.22,1.84
2025-07-19 06:00:00,61.15,61.58,23.34,90.83,2.69
2025-07-19 07:00:00,236.98,239.82,25.42,79.07,3.23
2025-07-19 08:00:00,455.83,462.38,27.92,67.85,2.88
2025-07-19 09:00:00,657.42,664.33,30.07,60.46,2.14
2025-07-19 10:00:00,801.0,815.45,31.53,56.01,1.45
2025-07-19 11:00:00,882.5,900.28,32.57,52.99,0.92
2025-07-19 12:00:00,809.4,919.45,33.31,50.62,0.54
2025-07-19 13:00:00,743.03,860.7,33.63,49.28,0.32
2025-07-19 14:00:00,594.4,734.35,33.71,48.36,0.39
2025-07-19 15:00:00,483.52,553.2,33.4,48.52,0.63
2025-07-19 16:00:00,303.9,336.75,32.7,50.34,0.8
2025-07-19 17:00:00,114.0,122.0,31.69,56.02,0.71
2025-07-19 18:00:00,5.1,5.22,30.04,68.49,0.58
2025-07-19 19:00:00,0.0,0.0,29.07,73.44,0.57
2025-07-19 20:00:00,0.0,0.0,28.46,75.16,0.6
2025-07-19 21:00:00,0.0,0.0,28.06,76.3,0.56
2025-07-19 22:00:00,0.0,0.0,27.72,76.57,0.55
2025-07-19 23:00:00,0.0,0.0,27.25,78.01,0.53
2025-07-20 00:00:00,0.0,0.0,26.65,80.5,0.56
2025-07-20 01:00:00,0.0,0.0,26.05,82.37,0.61
2025-07-20 02:00:00,0.0,0.0,25.61,82.9,0.73
2025-07-20 03:00:00,0.0,0.0,25.2,83.67,0.95
2025-07-20 04:00:00,0.0,0.0,24.89,83.71,1.33
2025-07-20 05:00:00,0.0,0.0,24.6,84.65,1.81
2025-07-20 06:00:00,45.58,62.92,24.74,84.64,2.4
2025-07-20 07:00:00,174.52,249.65,26.26,77.39,2.68
2025-07-20 08:00:00,335.15,471.2,28.6,66.46,3.04
2025-07-20 09:00:00,461.35,668.3,30.3,60.29,2.77
2025-07-20 10:00:00,387.73,815.03,31.37,57.2,2.31
2025-07-20 11:00:00,337.83,894.55,32.02,55.39,1.79
2025-07-20 12:00:00,528.45,890.75,32.41,54.03,1.33
2025-07-20 13:00:00,675.38,824.03,32.45,53.64,1.23
2025-07-20 14:00:00,540.72,685.6,32.18,54.37,1.39
2025-07-20 15:00:00,357.2,499.15,31.77,55.63,1.32
2025-07-20 16:00:00,206.75,288.3,31.13,58.38,1.12
2025-07-20 17:00:00,84.3,99.85,30.22,65.18,0.8
2025-07-20 18:00:00,4.53,4.78,28.79,75.85,0.57
2025-07-20 19:00:00,0.0,0.0,28.14,78.0,0.56
2025-07-20 20:00:00,0.0,0.0,27.73,78.75,0.57
2025-07-20 21:00:00,0.0,0.0,27.35,79.52,0.56
2025-07-20 22:00:00,0.0,0.0,26.95,80.58,0.54
2025-07-20 23:00:00,0.0,0.0,26.47,82.26,0.53
2025-07-21 00:00:00,0.0,0.0,25.87,84.43,0.56
2025-07-21 01:00:00,0.0,0.0,25.27,86.44,0.62
2025-07-21 02:00:00,0.0,0.0,24.78,87.73,0.76
2025-07-21 03:00:00,0.0,0.0,24.43,88.89,1.03
2025-07-21 04:00:00,0.0,0.0,24.18,90.51,1.46
2025-07-21 05:00:00,0.0,0.0,23.96,92.75,1.77
2025-07-21 06:00:00,46.1,65.0,24.74,89.96,2.58
2025-07-21 07:00:00,158.6,258.38,26.65,80.25,3.16
2025-07-21 08:00:00,309.02,482.62,28.57,70.96,3.12
2025-07-21 09:00:00,499.3,680.5,29.96,64.68,2.74
2025-07-21 10:00:00,596.22,829.9,30.97,60.36,2.43
2025-07-21 11:00:00,541.15,911.92,31.68,57.33,2.12
2025-07-21 12:00:00,552.42,923.0,32.17,55.27,1.84
2025-07-21 13:00:00,425.05,859.83,32.26,54.47,1.55
2025-07-21 14:00:00,377.77,729.03,31.91,54.9,1.31
2025-07-21 15:00:00,268.65,542.5,31.42,56.1,1.1
2025-07-21 16:00:00,184.75,322.27,30.87,58.53,0.98
2025-07-21 17:00:00,65.97,111.93,30.09,64.71,0.77
2025-07-21 18:00:00,3.8,5.12,28.69,75.42,0.58
2025-07-21 19:00:00,0.0,0.0,27.86,79.06,0.6
2025-07-21 20:00:00,0.0,0.0,27.26,80.76,0.65
2025-07-21 21:00:00,0.0,0.0,26.73,82.08,0.7
2025-07-21 22:00:00,0.0,0.0,26.24,83.94,0.78
2025-07-21 23:00:00,0.0,0.0,25.82,85.22,0.85
2025-07-22 00:00:00,0.0,0.0,25.48,86.6,0.91
2025-07-22 01:00:00,0.0,0.0,25.27,88.03,0.99
2025-07-22 02:00:00,0.0,0.0,25.08,89.77,1.1
2025-07-22 03:00:00,0.0,0.0,24.88,91.76,1.25
2025-07-22 04:00:00,0.0,0.0,24.64,93.91,1.4
2025-07-22 05:00:00,0.0,0.0,24.5,95.33,1.62
2025-07-22 06:00:00,64.57,68.32,24.83,94.29,2.16
2025-07-22 07:00:00,236.1,267.23,25.59,90.78,2.62
2025-07-22 08:00:00,430.1,491.67,26.59,84.46,3.12
2025-07-22 09:00:00,531.62,689.33,28.04,75.93,3.32
2025-07-22 10:00:00,714.67,837.58,29.43,69.12,3.09
2025-07-22 11:00:00,749.78,921.08,30.27,65.32,2.73
2025-07-22 12:00:00,716.8,927.95,30.7,63.17,2.31
2025-07-22 13:00:00,554.95,866.1,30.79,62.22,1.9
2025-07-22 14:00:00,607.3,736.7,30.69,62.06,1.57
2025-07-22 15:00:00,448.77,552.78,30.25,63.41,1.34
2025-07-22 16:00:00,249.15,333.92,29.76,66.93,1.1
2025-07-22 17:00:00,91.55,120.5,28.98,71.93,0.95
2025-07-22 18:00:00,4.6,5.28,27.47,85.1,0.6
2025-07-22 19:00:00,0.0,0.0,26.81,86.28,0.67
2025-07-22 20:00:00,0.0,0.0,26.29,87.08,0.78
2025-07-22 21:00:00,0.0,0.0,25.9,87.44,0.9
2025-07-22 22:00:00,0.0,0.0,25.57,88.02,1.03
2025-07-22 23:00:00,0.0,0.0,25.28,88.83,1.22
2025-07-23 00:00:00,0.0,0.0,25.03,89.79,1.53
2025-07-23 01:00:00,0.0,0.0,24.82,91.05,2.04
2025-07-23 02:00:00,0.0,0.0,24.61,92.89,2.34
2025-07-23 03:00:00,0.0,0.0,24.49,94.22,2.48
2025-07-23 04:00:00,0.0,0.0,24.48,94.16,2.74
2025-07-23 05:00:00,0.0,0.0,24.43,94.02,2.87
2025-07-23 06:00:00,33.45,69.53,24.5,93.69,2.83
2025-07-23 07:00:00,104.8,273.62,24.9,92.17,3.18
2025-07-23 08:00:00,212.57,498.42,25.42,87.81,3.99
2025-07-23 09:00:00,259.65,696.03,26.22,81.54,4.28
2025-07-23 10:00:00,283.17,842.88,27.4,74.66,4.25
2025-07-23 11:00:00,308.23,925.47,28.37,69.84,4.04
2025-07-23 12:00:00,325.48,910.53,29.25,65.64,3.88
2025-07-23 13:00:00,354.98,848.62,29.94,62.41,3.71
2025-07-23 14:00:00,292.7,720.22,30.21,60.76,3.47
2025-07-23 15:00:00,255.9,536.62,30.15,60.25,3.19
2025-07-23 16:00:00,166.4,315.58,29.7,61.19,2.84
2025-07-23 17:00:00,65.12,110.53,28.45,68.25,1.85
2025-07-23 18:00:00,3.55,4.95,26.18,82.5,0.89
2025-07-23 19:00:00,0.0,0.0,25.48,84.71,0.84
2025-07-23 20:00:00,0.0,0.0,25.09,85.73,0.81
2025-07-23 21:00:00,0.0,0.0,24.78,86.53,0.77
2025-07-23 22:00:00,0.0,0.0,24.5,87.34,0.74
2025-07-23 23:00:00,0.0,0.0,24.15,88.8,0.73
2025-07-24 00:00:00,0.0,0.0,23.81,90.32,0.8
2025-07-24 01:00:00,0.0,0.0,23.55,91.9,0.95
2025-07-24 02:00:00,0.0,0.0,23.43,93.34,1.27
2025-07-24 03:00:00,0.0,0.0,23.41,94.58,1.9
2025-07-24 04:00:00,0.0,0.0,23.38,95.8,2.54
2025-07-24 05:00:00,0.0,0.0,23.33,96.23,2.86
2025-07-24 06:00:00,39.62,65.82,23.77,94.2,3.47
2025-07-24 07:00:00,131.52,265.58,24.67,87.81,4.34
2025-07-24 08:00:00,237.05,490.27,25.94,78.57,4.72
2025-07-24 09:00:00,338.12,688.45,27.51,70.71,4.78
2025-07-24 10:00:00,399.0,835.62,29.05,64.64,4.56
2025-07-24 11:00:00,438.15,917.88,30.11,60.88,4.26
2025-07-24 12:00:00,482.23,923.97,30.68,58.84,3.97
2025-07-24 13:00:00,468.83,856.55,30.66,58.64,3.66
2025-07-24 14:00:00,457.08,724.83,30.29,59.97,3.28
2025-07-24 15:00:00,346.1,537.75,29.67,62.66,2.9
2025-07-24 16:00:00,191.02,317.3,28.99,66.81,2.38
2025-07-24 17:00:00,67.32,109.7,27.87,75.99,1.54
2025-07-24 18:00:00,2.95,4.78,26.27,85.42,1.07
2025-07-24 19:00:00,0.0,0.0,25.62,86.88,1.19
2025-07-24 20:00:00,0.0,0.0,25.15,87.83,1.37
2025-07-24 21:00:00,0.0,0.0,24.75,88.78,1.54
2025-07-24 22:00:00,0.0,0.0,24.3,90.39,1.58
2025-07-24 23:00:00,0.0,0.0,23.91,92.02,1.63
2025-07-25 00:00:00,0.0,0.0,23.55,93.61,1.79
2025-07-25 01:00:00,0.0,0.0,23.23,95.22,2.02
2025-07-25 02:00:00,0.0,0.0,22.95,96.59,2.11
2025-07-25 03:00:00,0.0,0.0,22.76,97.03,1.96
2025-07-25 04:00:00,0.0,0.0,22.56,97.33,1.88
2025-07-25 05:00:00,0.0,0.0,22.37,97.3,1.87
2025-07-25 06:00:00,51.4,57.67,23.06,93.32,3.0
2025-07-25 07:00:00,181.8,235.23,24.41,84.57,3.8
2025-07-25 08:00:00,318.25,453.35,26.52,72.8,3.78
2025-07-25 09:00:00,469.3,651.0,28.44,64.7,3.58
2025-07-25 10:00:00,551.53,802.53,29.87,59.55,3.46
2025-07-25 11:00:00,506.08,888.7,30.82,56.42,3.26
2025-07-25 12:00:00,435.35,860.17,31.39,54.46,3.02
2025-07-25 13:00:00,355.25,798.25,31.96,52.68,2.83
2025-07-25 14:00:00,292.42,668.78,32.3,51.51,2.66
2025-07-25 15:00:00,253.9,488.95,32.04,51.82,2.4
2025-07-25 16:00:00,128.82,282.9,31.34,53.66,2.05
2025-07-25 17:00:00,40.08,94.15,30.04,61.24,1.27
2025-07-25 18:00:00,2.0,4.3,28.06,74.64,0.68
2025-07-25 19:00:00,0.0,0.0,27.36,75.93,0.72
2025-07-25 20:00:00,0.0,0.0,26.87,77.18,0.73
2025-07-25 21:00:00,0.0,0.0,26.42,78.53,0.75
2025-07-25 22:00:00,0.0,0.0,26.01,79.82,0.77
2025-07-25 23:00:00,0.0,0.0,25.6,81.57,0.82
2025-07-26 00:00:00,0.0,0.0,25.22,82.91,0.91
2025-07-26 01:00:00,0.0,0.0,24.89,84.31,1.02
2025-07-26 02:00:00,0.0,0.0,24.62,85.95,1.2
2025-07-26 03:00:00,0.0,0.0,24.35,87.92,1.51
2025-07-26 04:00:00,0.0,0.0,24.05,90.33,1.72
2025-07-26 05:00:00,0.0,0.0,23.81,92.21,1.9
2025-07-26 06:00:00,54.72,58.15,24.15,90.89,2.44
2025-07-26 07:00:00,206.93,238.4,25.51,82.24,3.02
2025-07-26 08:00:00,403.15,462.35,27.36,72.1,3.54
2025-07-26 09:00:00,576.4,667.88,28.85,65.55,3.43
2025-07-26 10:00:00,695.12,820.9,29.67,61.56,2.9
2025-07-26 11:00:00,597.62,906.35,30.09,59.39,2.36
2025-07-26 12:00:00,630.8,918.28,30.53,57.58,1.87
2025-07-26 13:00:00,569.12,856.08,31.05,55.85,1.45
2025-07-26 14:00:00,533.3,725.6,31.14,55.28,1.2
2025-07-26 15:00:00,389.67,540.83,30.87,55.86,1.1
2025-07-26 16:00:00,206.32,322.5,30.37,57.76,0.97
2025-07-26 17:00:00,72.05,113.57,29.55,63.62,0.62
2025-07-26 18:00:00,2.72,4.8,28.5,72.3,0.39
2025-07-26 19:00:00,0.0,0.0,28.25,70.35,0.27
2025-07-26 20:00:00,0.0,0.0,28.02,70.57,0.02
2025-07-26 21:00:00,0.0,0.0,27.51,73.05,0.3
2025-07-26 22:00:00,0.0,0.0,26.56,78.15,0.51
2025-07-26 23:00:00,0.0,0.0,25.85,81.98,0.62
2025-07-27 00:00:00,0.0,0.0,25.33,84.55,0.72
2025-07-27 01:00:00,0.0,0.0,24.87,86.51,0.91
2025-07-27 02:00:00,0.0,0.0,24.45,88.69,1.11
2025-07-27 03:00:00,0.0,0.0,24.04,91.27,1.23
2025-07-27 04:00:00,0.0,0.0,23.68,94.22,1.33
2025-07-27 05:00:00,0.0,0.0,23.5,95.79,1.5
2025-07-27 06:00:00,35.53,69.43,23.71,95.72,1.92
2025-07-27 07:00:00,134.38,275.95,24.28,93.96,2.27
2025-07-27 08:00:00,264.6,501.3,24.86,90.95,2.79
2025-07-27 09:00:00,382.05,698.25,25.67,86.0,3.16
2025-07-27 10:00:00,479.35,844.28,26.83,79.56,3.25
2025-07-27 11:00:00,502.92,923.85,27.7,74.93,3.08
2025-07-27 12:00:00,526.25,939.53,28.43,71.63,2.94
2025-07-27 13:00:00,416.02,872.85,28.83,69.66,2.87
2025-07-27 14:00:00,340.8,738.38,29.08,68.31,2.87
2025-07-27 15:00:00,249.52,551.45,28.98,68.18,2.83
2025-07-27 16:00:00,153.65,332.48,28.49,69.98,2.65
2025-07-27 17:00:00,55.05,114.93,27.39,76.88,1.83
2025-07-27 18:00:00,3.28,4.72,25.68,87.96,0.97
2025-07-27 19:00:00,0.0,0.0,25.03,90.21,0.92
2025-07-27 20:00:00,0.0,0.0,24.58,91.36,0.88
2025-07-27 21:00:00,0.0,0.0,24.16,92.43,0.87
2025-07-27 22:00:00,0.0,0.0,23.79,93.2,0.86
2025-07-27 23:00:00,0.0,0.0,23.46,93.78,0.88
2025-07-28 00:00:00,0.0,0.0,23.21,94.17,0.9
2025-07-28 01:00:00,0.0,0.0,23.0,94.6,0.86
2025-07-28 02:00:00,0.0,0.0,22.84,95.04,0.74
2025-07-28 03:00:00,0.0,0.0,22.66,95.56,0.62
2025-07-28 04:00:00,0.0,0.0,22.48,96.05,0.53
2025-07-28 05:00:00,0.0,0.0,22.3,96.56,0.52
2025-07-28 06:00:00,50.25,62.78,23.23,92.07,1.37
2025-07-28 07:00:00,192.27,257.73,25.44,80.99,2.1
2025-07-28 08:00:00,341.67,483.3,27.5,72.59,2.56
2025-07-28 09:00:00,441.33,683.95,29.05,67.26,2.53
2025-07-28 10:00:00,619.83,832.72,30.27,63.25,2.39
2025-07-28 11:00:00,724.95,913.45,30.96,60.84,2.25
2025-07-28 12:00:00,809.42,948.5,31.41,59.12,2.11
2025-07-28 13:00:00,745.38,876.4,31.65,57.98,1.92
2025-07-28 14:00:00,601.4,732.75,31.53,57.8,1.77
2025-07-28 15:00:00,421.05,536.42,31.25,58.17,1.56
2025-07-28 16:00:00,238.68,308.15,30.8,59.72,1.29
2025-07-28 17:00:00,86.55,104.53,29.99,65.66,0.84
2025-07-28 18:00:00,3.83,4.38,28.66,73.96,0.57
2025-07-28 19:00:00,0.0,0.0,28.36,72.36,0.5
2025-07-28 20:00:00,0.0,0.0,28.1,71.9,0.5
2025-07-28 21:00:00,0.0,0.0,27.72,72.66,0.49
2025-07-28 22:00:00,0.0,0.0,27.31,73.65,0.47
2025-07-28 23:00:00,0.0,0.0,26.89,74.7,0.44
2025-07-29 00:00:00,0.0,0.0,26.47,75.75,0.39
2025-07-29 01:00:00,0.0,0.0,25.98,77.62,0.31
2025-07-29 02:00:00,0.0,0.0,25.54,79.18,0.25
2025-07-29 03:00:00,0.0,0.0,25.06,81.72,0.25
2025-07-29 04:00:00,0.0,0.0,24.55,84.18,0.34
2025-07-29 05:00:00,0.0,0.0,23.86,88.0,0.46
2025-07-29 06:00:00,37.45,58.88,24.47,86.22,0.96
2025-07-29 07:00:00,119.57,244.25,26.67,75.58,1.3
2025-07-29 08:00:00,229.6,468.17,28.95,66.41,1.27
2025-07-29 09:00:00,453.3,671.22,30.14,62.25,1.26
2025-07-29 10:00:00,646.72,821.0,30.96,59.73,1.1
2025-07-29 11:00:00,559.8,910.65,31.16,58.81,0.88
2025-07-29 12:00:00,507.15,795.75,31.27,58.22,0.71
2025-07-29 13:00:00,584.9,744.5,31.32,57.97,0.67
2025-07-29 14:00:00,566.47,624.38,31.2,58.3,0.85
2025-07-29 15:00:00,365.48,451.33,30.9,59.39,1.04
2025-07-29 16:00:00,230.88,264.52,30.43,61.5,1.09
2025-07-29 17:00:00,79.25,87.35,29.66,67.59,0.85
2025-07-29 18:00:00,3.83,3.83,27.93,77.67,0.64
2025-07-29 19:00:00,0.0,0.0,27.41,77.37,0.67
2025-07-29 20:00:00,0.0,0.0,27.31,76.41,0.61
2025-07-29 21:00:00,0.0,0.0,27.12,76.58,0.5
2025-07-29 22:00:00,0.0,0.0,26.73,77.88,0.57
2025-07-29 23:00:00,0.0,0.0,25.82,82.12,0.71
2025-07-30 00:00:00,0.0,0.0,24.92,85.77,0.78
2025-07-30 01:00:00,0.0,0.0,24.46,86.92,0.88
2025-07-30 02:00:00,0.0,0.0,24.16,87.59,0.95
2025-07-30 03:00:00,0.0,0.0,23.9,88.44,0.95
2025-07-30 04:00:00,0.0,0.0,23.61,89.36,0.96
2025-07-30 05:00:00,0.0,0.0,23.3,90.7,1.03
2025-07-30 06:00:00,53.55,54.83,24.52,85.96,2.13
2025-07-30 07:00:00,194.95,226.12,26.88,76.43,2.58
2025-07-30 08:00:00,400.95,448.58,29.5,65.34,2.64
2025-07-30 09:00:00,572.4,646.03,30.92,60.12,2.38
2025-07-30 10:00:00,691.12,791.55,32.07,56.37,2.19
2025-07-30 11:00:00,771.17,881.3,32.97,53.42,2.05
2025-07-30 12:00:00,591.4,888.03,33.56,51.39,1.87
2025-07-30 13:00:00,615.55,819.45,33.81,50.31,1.62
2025-07-30 14:00:00,562.05,684.3,33.67,50.29,1.38
2025-07-30 15:00:00,307.12,496.83,33.17,51.36,1.25
2025-07-30 16:00:00,176.35,286.3,32.41,53.64,1.19
2025-07-30 17:00:00,58.6,94.07,31.36,60.18,0.94
2025-07-30 18:00:00,3.33,3.92,29.48,72.58,0.69
2025-07-30 19:00:00,0.0,0.0,28.54,74.44,0.81
2025-07-30 20:00:00,0.0,0.0,27.77,76.61,0.94
2025-07-30 21:00:00,0.0,0.0,27.12,79.69,1.06
2025-07-30 22:00:00,0.0,0.0,26.65,81.28,1.31
2025-07-30 23:00:00,0.0,0.0,26.19,83.51,1.75
2025-07-31 00:00:00,0.0,0.0,25.78,86.35,2.23
2025-07-31 01:00:00,0.0,0.0,25.3,90.19,2.41
2025-07-31 02:00:00,0.0,0.0,24.92,93.18,2.21
2025-07-31 03:00:00,0.0,0.0,24.66,94.77,2.05
2025-07-31 04:00:00,0.0,0.0,24.45,95.48,2.13
2025-07-31 05:00:00,0.0,0.0,24.28,95.56,2.47
2025-07-31 06:00:00,27.2,50.47,24.75,92.66,3.45
2025-07-31 07:00:00,119.18,212.07,26.14,83.7,4.71
2025-07-31 08:00:00,226.1,414.33,27.82,73.47,5.12
2025-07-31 09:00:00,294.25,603.22,29.2,66.93,4.89
2025-07-31 10:00:00,388.05,747.08,30.35,62.38,4.44
2025-07-31 11:00:00,465.8,827.95,31.03,59.97,3.95
2025-07-31 12:00:00,492.85,858.85,31.42,58.55,3.45
2025-07-31 13:00:00,428.2,797.62,30.91,59.98,2.85
2025-07-31 14:00:00,330.12,667.92,30.17,63.06,2.36
2025-07-31 15:00:00,286.42,485.48,29.42,66.7,2.11
2025-07-31 16:00:00,149.62,277.9,28.63,72.46,1.81
2025-07-31 17:00:00,53.35,90.88,27.57,78.33,1.66
2025-07-31 18:00:00,2.3,3.78,26.3,86.05,1.54
2025-07-31 19:00:00,0.0,0.0,25.63,88.02,1.81
2025-07-31 20:00:00,0.0,0.0,25.08,89.89,2.07
2025-07-31 21:00:00,0.0,0.0,24.64,91.72,2.18
2025-07-31 22:00:00,0.0,0.0,24.34,92.92,2.23
2025-07-31 23:00:00,0.0,0.0,24.15,93.52,2.24
2025-08-01 00:00:00,0.0,0.0,24.02,93.98,2.27
2025-08-01 01:00:00,0.0,0.0,23.92,94.35,2.29
2025-08-01 02:00:00,0.0,0.0,23.82,94.67,2.25
2025-08-01 03:00:00,0.0,0.0,23.73,95.17,2.14
2025-08-01 04:00:00,0.0,0.0,23.65,95.64,1.97
2025-08-01 05:00:00,0.0,0.0,23.54,96.15,1.91
2025-08-01 06:00:00,31.17,50.33,23.94,95.07,2.45
2025-08-01 07:00:00,124.32,216.7,24.89,91.28,3.09
2025-08-01 08:00:00,241.8,428.67,26.14,83.88,3.67
2025-08-01 09:00:00,379.75,626.12,27.11,78.1,3.87
2025-08-01 10:00:00,395.65,776.92,27.51,76.03,3.88
2025-08-01 11:00:00,414.08,862.9,27.74,74.98,3.88
2025-08-01 12:00:00,483.58,873.72,27.95,73.68,3.86
2025-08-01 13:00:00,307.5,809.03,28.31,71.83,3.7
2025-08-01 14:00:00,320.9,676.6,28.53,70.04,3.36
2025-08-01 15:00:00,215.25,491.02,28.35,69.7,2.89
2025-08-01 16:00:00,124.53,280.33,27.74,72.64,2.26
2025-08-01 17:00:00,43.3,91.18,26.74,79.76,1.39
2025-08-01 18:00:00,2.38,3.72,25.28,89.9,0.69
2025-08-01 19:00:00,0.0,0.0,24.71,90.93,0.65
2025-08-01 20:00:00,0.0,0.0,24.3,91.25,0.66
2025-08-01 21:00:00,0.0,0.0,23.95,91.48,0.65
2025-08-01 22:00:00,0.0,0.0,23.63,91.9,0.65
2025-08-01 23:00:00,0.0,0.0,23.22,93.32,0.66
2025-08-02 00:00:00,0.0,0.0,22.87,94.53,0.69
2025-08-02 01:00:00,0.0,0.0,22.61,95.19,0.77
2025-08-02 02:00:00,0.0,0.0,22.38,95.6,0.88
2025-08-02 03:00:00,0.0,0.0,22.14,95.97,1.06
2025-08-02 04:00:00,0.0,0.0,21.89,96.36,1.27
2025-08-02 05:00:00,0.0,0.0,21.56,97.09,1.25
2025-08-02 06:00:00,49.15,55.12,22.26,94.19,2.11
2025-08-02 07:00:00,175.88,237.68,23.69,88.52,2.35
2025-08-02 08:00:00,297.38,452.4,25.59,79.81,2.64
2025-08-02 09:00:00,489.08,655.58,27.16,73.44,2.6
2025-08-02 10:00:00,600.5,811.03,28.36,68.85,2.33
2025-08-02 11:00:00,674.2,898.22,29.13,65.91,2.1
2025-08-02 12:00:00,769.45,924.95,29.68,63.86,1.93
2025-08-02 13:00:00,742.3,860.97,30.32,61.76,1.76
2025-08-02 14:00:00,552.88,727.67,30.66,60.35,1.67
2025-08-02 15:00:00,427.55,540.85,30.53,60.19,1.61
2025-08-02 16:00:00,247.48,322.3,30.02,61.87,1.36
2025-08-02 17:00:00,95.0,112.38,29.18,67.74,0.85
2025-08-02 18:00:00,3.9,4.12,27.81,76.57,0.56
2025-08-02 19:00:00,0.0,0.0,27.32,75.67,0.56
2025-08-02 20:00:00,0.0,0.0,26.77,77.81,0.57
2025-08-02 21:00:00,0.0,0.0,26.13,80.41,0.64
2025-08-02 22:00:00,0.0,0.0,25.6,82.22,0.68
2025-08-02 23:00:00,0.0,0.0,25.24,83.03,0.66
2025-08-03 00:00:00,0.0,0.0,24.98,83.52,0.62
2025-08-03 01:00:00,0.0,0.0,24.61,84.77,0.62
2025-08-03 02:00:00,0.0,0.0,24.2,86.39,0.64
2025-08-03 03:00:00,0.0,0.0,23.84,87.75,0.64
2025-08-03 04:00:00,0.0,0.0,23.44,89.49,0.64
2025-08-03 05:00:00,0.0,0.0,23.05,91.06,0.67
2025-08-03 06:00:00,56.28,62.28,24.07,86.83,1.33
2025-08-03 07:00:00,186.62,255.02,25.82,78.89,1.83
2025-08-03 08:00:00,373.65,480.12,28.6,67.8,2.05
2025-08-03 09:00:00,605.1,680.25,30.15,62.55,2.18
2025-08-03 10:00:00,777.47,829.28,31.03,59.73,2.11
2025-08-03 11:00:00,852.5,911.62,31.51,58.12,1.92
2025-08-03 12:00:00,684.12,910.72,31.7,57.51,1.73
2025-08-03 13:00:00,592.0,847.38,31.8,57.37,1.58
2025-08-03 14:00:00,514.92,715.03,31.7,57.53,1.5
2025-08-03 15:00:00,405.48,532.3,31.3,58.98,1.44
2025-08-03 16:00:00,214.62,314.4,30.57,63.4,1.2
2025-08-03 17:00:00,74.15,108.82,29.65,68.92,1.01
2025-08-03 18:00:00,2.95,3.97,28.21,81.75,0.55
2025-08-03 19:00:00,0.0,0.0,27.83,81.46,0.55
2025-08-03 20:00:00,0.0,0.0,27.43,82.37,0.56
2025-08-03 21:00:00,0.0,0.0,26.93,84.48,0.58
2025-08-03 22:00:00,0.0,0.0,26.43,86.11,0.61
2025-08-03 23:00:00,0.0,0.0,25.98,87.66,0.62
2025-08-04 00:00:00,0.0,0.0,25.6,88.99,0.61
2025-08-04 01:00:00,0.0,0.0,25.3,90.16,0.57
2025-08-04 02:00:00,0.0,0.0,25.07,91.34,0.51
2025-08-04 03:00:00,0.0,0.0,24.87,92.24,0.46
2025-08-04 04:00:00,0.0,0.0,24.64,93.13,0.42
2025-08-04 05:00:00,0.0,0.0,24.39,94.21,0.36
2025-08-04 06:00:00,28.2,67.47,24.44,93.87,0.48
2025-08-04 07:00:00,118.72,276.83,24.88,91.64,0.71
2025-08-04 08:00:00,235.32,507.55,25.44,88.89,1.26
2025-08-04 09:00:00,433.2,709.58,25.95,85.72,1.66
2025-08-04 10:00:00,466.92,859.45,26.68,81.73,1.81
2025-08-04 11:00:00,252.0,942.75,27.51,77.08,2.02
2025-08-04 12:00:00,401.85,950.9,28.1,73.67,2.38
2025-08-04 13:00:00,411.35,884.92,28.17,73.2,2.62
2025-08-04 14:00:00,316.52,750.15,27.91,74.78,2.66
2025-08-04 15:00:00,299.4,558.92,27.5,77.25,2.39
2025-08-04 16:00:00,164.52,333.83,27.14,79.85,1.91
2025-08-04 17:00:00,55.05,114.8,26.51,84.91,1.07
2025-08-04 18:00:00,1.95,4.05,25.61,91.44,0.46
2025-08-04 19:00:00,0.0,0.0,25.26,92.14,0.36
2025-08-04 20:00:00,0.0,0.0,24.96,93.7,0.26
2025-08-04 21:00:00,0.0,0.0,24.69,94.91,0.19
2025-08-04 22:00:00,0.0,0.0,24.5,95.7,0.17
2025-08-04 23:00:00,0.0,0.0,24.36,96.27,0.21
2025-08-05 00:00:00,0.0,0.0,24.34,96.22,0.39
2025-08-05 01:00:00,0.0,0.0,24.3,95.72,0.66
2025-08-05 02:00:00,0.0,0.0,24.11,96.3,1.02
2025-08-05 03:00:00,0.0,0.0,23.81,97.04,1.57
2025-08-05 04:00:00,0.0,0.0,23.68,96.87,2.33
2025-08-05 05:00:00,0.0,0.0,23.56,96.46,3.04
2025-08-05 06:00:00,31.55,60.95,23.49,95.98,3.41
2025-08-05 07:00:00,119.55,250.25,23.66,94.76,3.74
2025-08-05 08:00:00,232.02,466.6,23.83,91.53,4.68
2025-08-05 09:00:00,314.98,666.33,24.51,85.98,4.78
2025-08-05 10:00:00,377.55,820.95,26.01,78.1,4.79
2025-08-05 11:00:00,451.48,907.33,27.36,72.09,4.53
2025-08-05 12:00:00,594.92,925.83,28.33,68.27,4.18
2025-08-05 13:00:00,530.75,868.28,29.05,65.54,3.82
2025-08-05 14:00:00,448.33,740.8,29.48,63.87,3.47
2025-08-05 15:00:00,301.33,548.28,29.47,63.62,3.07
2025-08-05 16:00:00,181.3,327.4,28.99,65.24,2.58
2025-08-05 17:00:00,71.47,113.53,27.78,72.83,1.56
2025-08-05 18:00:00,2.92,3.9,25.92,85.0,0.77
2025-08-05 19:00:00,0.0,0.0,25.37,85.98,0.71
2025-08-05 20:00:00,0.0,0.0,25.07,86.06,0.7
2025-08-05 21:00:00,0.0,0.0,24.82,86.04,0.69
2025-08-05 22:00:00,0.0,0.0,24.52,86.4,0.7
2025-08-05 23:00:00,0.0,0.0,24.2,86.94,0.7
2025-08-06 00:00:00,0.0,0.0,23.89,88.0,0.68
2025-08-06 01:00:00,0.0,0.0,23.58,89.19,0.65
2025-08-06 02:00:00,0.0,0.0,23.33,90.24,0.6
2025-08-06 03:00:00,0.0,0.0,23.07,91.4,0.55
2025-08-06 04:00:00,0.0,0.0,22.67,93.66,0.55
2025-08-06 05:00:00,0.0,0.0,22.31,96.23,0.54
2025-08-06 06:00:00,28.92,61.45,23.3,92.48,1.18
2025-08-06 07:00:00,116.3,262.35,25.23,82.62,1.82
2025-08-06 08:00:00,231.25,492.12,27.06,74.81,2.37
2025-08-06 09:00:00,297.58,697.08,28.43,69.17,2.63
2025-08-06 10:00:00,501.3,849.35,29.47,65.32,2.69
2025-08-06 11:00:00,546.3,935.47,30.17,62.77,2.69
2025-08-06 12:00:00,587.38,936.4,30.76,60.63,2.61
2025-08-06 13:00:00,456.5,877.78,31.19,59.14,2.47
2025-08-06 14:00:00,436.6,748.83,31.27,58.73,2.34
2025-08-06 15:00:00,347.48,562.95,30.89,59.78,2.1
2025-08-06 16:00:00,184.18,335.98,30.16,62.98,1.64
2025-08-06 17:00:00,74.35,117.35,29.26,69.64,1.01
2025-08-06 18:00:00,3.08,3.85,27.97,77.85,0.58
2025-08-06 19:00:00,0.0,0.0,27.68,75.38,0.57
2025-08-06 20:00:00,0.0,0.0,27.39,75.24,0.51
2025-08-06 21:00:00,0.0,0.0,26.98,76.84,0.45
2025-08-06 22:00:00,0.0,0.0,26.7,77.15,0.42
2025-08-06 23:00:00,0.0,0.0,26.34,78.79,0.33
2025-08-07 00:00:00,0.0,0.0,26.01,82.64,0.19
2025-08-07 01:00:00,0.0,0.0,25.84,81.28,0.13
2025-08-07 02:00:00,0.0,0.0,25.3,86.9,0.28
2025-08-07 03:00:00,0.0,0.0,24.79,86.78,0.39
2025-08-07 04:00:00,0.0,0.0,24.27,89.58,0.5
2025-08-07 05:00:00,0.0,0.0,23.77,92.29,0.54
2025-08-07 06:00:00,52.75,62.55,24.24,90.79,1.07
2025-08-07 07:00:00,191.45,256.35,25.49,84.79,1.65
2025-08-07 08:00:00,363.4,481.45,27.58,75.53,1.8
2025-08-07 09:00:00,457.5,684.88,29.02,69.3,1.81
2025-08-07 10:00:00,587.72,845.97,29.9,65.74,1.69
2025-08-07 11:00:00,600.2,924.2,30.59,62.72,1.48
2025-08-07 12:00:00,671.08,944.97,31.08,60.21,1.18
2025-08-07 13:00:00,639.88,883.33,31.28,58.7,0.8
2025-08-07 14:00:00,532.35,752.67,31.18,58.08,0.53
2025-08-07 15:00:00,367.15,565.6,30.91,58.13,0.54
2025-08-07 16:00:00,213.38,341.38,30.45,59.29,0.59
2025-08-07 17:00:00,82.5,119.32,29.72,64.35,0.53
2025-08-07 18:00:00,3.0,3.8,28.4,72.21,0.52
2025-08-07 19:00:00,0.0,0.0,27.57,76.4,0.56
2025-08-07 20:00:00,0.0,0.0,26.87,79.47,0.61
2025-08-07 21:00:00,0.0,0.0,26.22,81.98,0.65
2025-08-07 22:00:00,0.0,0.0,25.64,84.02,0.66
2025-08-07 23:00:00,0.0,0.0,25.15,86.24,0.66
2025-08-08 00:00:00,0.0,0.0,24.79,87.96,0.65
2025-08-08 01:00:00,0.0,0.0,24.32,89.39,0.69
2025-08-08 02:00:00,0.0,0.0,23.89,90.53,0.84
2025-08-08 03:00:00,0.0,0.0,23.6,91.59,1.02
2025-08-08 04:00:00,0.0,0.0,23.27,93.34,1.05
2025-08-08 05:00:00,0.0,0.0,22.96,94.98,1.05
2025-08-08 06:00:00,32.53,67.43,23.6,92.82,2.01
2025-08-08 07:00:00,124.07,275.88,25.32,85.61,2.43
2025-08-08 08:00:00,246.62,507.33,27.28,75.97,2.54
2025-08-08 09:00:00,327.08,711.3,28.52,69.91,2.55
2025-08-08 10:00:00,355.65,865.83,29.43,65.98,2.59
2025-08-08 11:00:00,383.7,952.3,30.08,63.16,2.57
2025-08-08 12:00:00,363.25,908.72,30.32,61.32,2.44
2025-08-08 13:00:00,319.45,848.75,30.34,60.09,2.22
2025-08-08 14:00:00,366.83,716.75,29.96,60.43,1.87
2025-08-08 15:00:00,309.55,526.78,29.47,61.84,1.52
2025-08-08 16:00:00,218.27,301.73,28.87,64.53,1.34
2025-08-08 17:00:00,77.68,95.6,27.86,71.14,1.14
2025-08-08 18:00:00,3.15,3.22,26.19,81.75,0.85
2025-08-08 19:00:00,0.0,0.0,25.49,82.15,1.08
2025-08-08 20:00:00,0.0,0.0,24.95,83.31,1.17
2025-08-08 21:00:00,0.0,0.0,24.39,85.39,1.03
2025-08-08 22:00:00,0.0,0.0,23.9,87.13,0.84
2025-08-08 23:00:00,0.0,0.0,23.49,88.21,0.7
2025-08-09 00:00:00,0.0,0.0,23.23,88.75,0.61
2025-08-09 01:00:00,0.0,0.0,23.13,88.49,0.58
2025-08-09 02:00:00,0.0,0.0,22.98,88.84,0.56
2025-08-09 03:00:00,0.0,0.0,22.69,90.19,0.56
2025-08-09 04:00:00,0.0,0.0,22.38,91.64,0.58
2025-08-09 05:00:00,0.0,0.0,22.14,93.09,0.7
2025-08-09 06:00:00,37.12,63.83,23.01,89.79,1.82
2025-08-09 07:00:00,157.55,272.3,24.95,81.8,2.64
2025-08-09 08:00:00,266.77,502.2,26.88,74.06,2.97
2025-08-09 09:00:00,343.3,704.25,28.13,69.5,2.83
2025-08-09 10:00:00,483.65,859.1,29.25,65.31,2.71
2025-08-09 11:00:00,619.67,937.42,30.17,61.83,2.64
2025-08-09 12:00:00,617.53,945.62,30.87,59.04,2.58
2025-08-09 13:00:00,593.42,879.1,31.21,57.56,2.44
2025-08-09 14:00:00,473.98,743.03,31.14,57.31,2.17
2025-08-09 15:00:00,276.62,550.4,30.62,58.75,1.85
2025-08-09 16:00:00,143.82,324.0,29.65,62.8,1.51
2025-08-09 17:00:00,44.83,105.75,28.39,71.18,0.98
2025-08-09 18:00:00,1.45,3.22,26.97,81.35,0.61
2025-08-09 19:00:00,0.0,0.0,26.31,83.42,0.59
2025-08-09 20:00:00,0.0,0.0,25.85,84.62,0.61
2025-08-09 21:00:00,0.0,0.0,25.48,85.53,0.61
2025-08-09 22:00:00,0.0,0.0,25.14,86.28,0.6
2025-08-09 23:00:00,0.0,0.0,24.78,87.16,0.59
2025-08-10 00:00:00,0.0,0.0,24.41,88.14,0.6
2025-08-10 01:00:00,0.0,0.0,24.04,89.36,0.6
2025-08-10 02:00:00,0.0,0.0,23.75,90.37,0.59
2025-08-10 03:00:00,0.0,0.0,23.4,91.54,0.61
2025-08-10 04:00:00,0.0,0.0,23.04,93.12,0.63
2025-08-10 05:00:00,0.0,0.0,22.72,94.69,0.67
2025-08-10 06:00:00,25.73,60.05,23.6,90.84,1.52
2025-08-10 07:00:00,109.38,257.98,25.73,79.64,1.97
2025-08-10 08:00:00,184.3,487.17,27.74,70.11,1.92
2025-08-10 09:00:00,388.02,690.62,29.1,65.05,1.54
2025-08-10 10:00:00,474.33,841.95,30.26,60.93,1.15
2025-08-10 11:00:00,463.2,925.05,31.21,57.57,0.68
2025-08-10 12:00:00,566.58,864.92,31.91,54.78,0.18
2025-08-10 13:00:00,572.53,800.7,32.3,52.63,0.6
2025-08-10 14:00:00,461.4,648.75,32.17,52.27,0.97
2025-08-10 15:00:00,352.73,462.75,31.65,53.42,1.27
2025-08-10 16:00:00,229.52,266.02,30.85,56.13,1.38
2025-08-10 17:00:00,74.07,82.75,29.64,64.02,1.0
2025-08-10 18:00:00,2.53,2.67,27.91,75.74,0.63
2025-08-10 19:00:00,0.0,0.0,27.13,79.19,0.62
2025-08-10 20:00:00,0.0,0.0,26.58,80.96,0.64
2025-08-10 21:00:00,0.0,0.0,26.14,82.31,0.65
2025-08-10 22:00:00,0.0,0.0,25.77,83.44,0.63
2025-08-10 23:00:00,0.0,0.0,25.42,84.63,0.59
2025-08-11 00:00:00,0.0,0.0,25.01,85.98,0.56
2025-08-11 01:00:00,0.0,0.0,24.66,87.51,0.55
2025-08-11 02:00:00,0.0,0.0,24.34,88.77,0.57
2025-08-11 03:00:00,0.0,0.0,24.13,89.36,0.67
2025-08-11 04:00:00,0.0,0.0,23.96,90.03,0.82
2025-08-11 05:00:00,0.0,0.0,23.83,91.02,0.92
2025-08-11 06:00:00,41.72,52.75,24.2,89.58,1.53
2025-08-11 07:00:00,190.25,231.2,25.11,85.04,1.86
2025-08-11 08:00:00,373.3,440.55,25.99,80.43,2.14
2025-08-11 09:00:00,492.7,640.45,26.69,76.84,2.21
2025-08-11 10:00:00,570.4,790.58,27.51,72.64,2.3
2025-08-11 11:00:00,626.2,885.0,28.97,66.26,2.5
2025-08-11 12:00:00,748.75,950.55,30.7,59.64,2.65
2025-08-11 13:00:00,649.67,888.3,31.37,56.43,2.57
2025-08-11 14:00:00,484.3,755.58,31.45,55.46,2.35
2025-08-11 15:00:00,333.55,570.28,31.22,55.62,2.1
2025-08-11 16:00:00,178.27,338.02,30.68,56.87,1.82
2025-08-11 17:00:00,73.78,115.2,29.58,63.53,1.13
2025-08-11 18:00:00,2.88,3.25,27.46,76.23,0.67
2025-08-11 19:00:00,0.0,0.0,26.74,77.61,0.69
2025-08-11 20:00:00,0.0,0.0,26.15,79.82,0.75
2025-08-11 21:00:00,0.0,0.0,25.66,81.32,0.79
2025-08-11 22:00:00,0.0,0.0,25.29,82.8,0.79
2025-08-11 23:00:00,0.0,0.0,24.89,84.57,0.78
2025-08-12 00:00:00,0.0,0.0,24.53,86.23,0.84
2025-08-12 01:00:00,0.0,0.0,24.3,87.97,0.97
2025-08-12 02:00:00,0.0,0.0,24.08,89.97,1.19
2025-08-12 03:00:00,0.0,0.0,23.89,92.32,1.48
2025-08-12 04:00:00,0.0,0.0,23.77,94.49,1.78
2025-08-12 05:00:00,0.0,0.0,23.71,95.77,1.86
2025-08-12 06:00:00,41.42,65.2,24.46,92.72,2.65
2025-08-12 07:00:00,137.82,269.12,25.95,84.12,3.38
2025-08-12 08:00:00,221.8,498.5,27.31,75.74,3.69
2025-08-12 09:00:00,359.9,707.53,28.37,70.1,3.59
2025-08-12 10:00:00,443.25,856.78,29.03,66.28,3.3
2025-08-12 11:00:00,599.28,939.4,29.81,62.84,2.96
2025-08-12 12:00:00,564.0,904.17,30.76,59.31,2.54
2025-08-12 13:00:00,518.38,835.58,31.03,58.04,2.07
2025-08-12 14:00:00,458.77,694.83,30.55,59.55,1.66
2025-08-12 15:00:00,317.83,489.73,30.11,61.35,1.32
2025-08-12 16:00:00,175.8,274.7,29.46,65.18,1.02
2025-08-12 17:00:00,59.08,84.22,28.54,71.57,0.86
2025-08-12 18:00:00,2.1,2.6,27.07,82.51,0.55
2025-08-12 19:00:00,0.0,0.0,26.46,84.62,0.58
2025-08-12 20:00:00,0.0,0.0,26.01,86.4,0.59
2025-08-12 21:00:00,0.0,0.0,25.67,87.78,0.55
2025-08-12 22:00:00,0.0,0.0,25.5,87.86,0.44
2025-08-12 23:00:00,0.0,0.0,25.42,87.24,0.24
2025-08-13 00:00:00,0.0,0.0,25.2,88.33,0.08
2025-08-13 01:00:00,0.0,0.0,24.73,91.35,0.32
2025-08-13 02:00:00,0.0,0.0,24.37,93.52,0.4
2025-08-13 03:00:00,0.0,0.0,24.14,94.14,0.55
2025-08-13 04:00:00,0.0,0.0,23.94,94.79,0.72
2025-08-13 05:00:00,0.0,0.0,23.77,95.6,0.88
2025-08-13 06:00:00,28.08,57.67,24.06,94.57,1.51
2025-08-13 07:00:00,122.62,250.7,24.76,92.06,2.02
2025-08-13 08:00:00,218.27,482.1,25.57,87.52,2.66
2025-08-13 09:00:00,392.33,678.9,26.33,82.35,2.95
2025-08-13 10:00:00,581.38,835.45,26.96,78.11,2.95
2025-08-13 11:00:00,662.8,923.85,27.5,74.92,2.86
2025-08-13 12:00:00,685.75,937.4,27.89,72.44,2.81
2025-08-13 13:00:00,601.95,876.0,27.98,71.61,2.75
2025-08-13 14:00:00,469.48,744.25,27.94,71.46,2.57
2025-08-13 15:00:00,366.65,554.33,27.77,72.18,2.14
2025-08-13 16:00:00,211.48,327.85,27.49,75.01,1.44
2025-08-13 17:00:00,90.72,116.2,26.79,81.69,0.78
2025-08-13 18:00:00,0.0,0.0,26.05,83.8,0.57
2025-08-13 19:00:00,0.0,0.0,25.78,82.69,0.6
2025-08-13 20:00:00,0.0,0.0,25.33,83.62,0.65
2025-08-13 21:00:00,0.0,0.0,25.03,84.04,0.62
2025-08-13 22:00:00,0.0,0.0,24.78,84.61,0.56
2025-08-13 23:00:00,0.0,0.0,24.49,85.77,0.5
2025-08-14 00:00:00,0.0,0.0,24.2,87.07,0.49
2025-08-14 01:00:00,0.0,0.0,23.94,88.14,0.6
2025-08-14 02:00:00,0.0,0.0,23.58,89.71,0.74
2025-08-14 03:00:00,0.0,0.0,23.32,90.47,1.12
2025-08-14 04:00:00,0.0,0.0,23.08,91.08,1.77
2025-08-14 05:00:00,0.0,0.0,22.82,92.38,2.25
2025-08-14 06:00:00,34.4,57.78,23.03,91.25,2.82
2025-08-14 07:00:00,141.23,249.32,24.14,84.25,3.86
2025-08-14 08:00:00,270.98,477.75,25.69,75.85,4.39
2025-08-14 09:00:00,395.02,684.62,27.4,68.8,4.27
2025-08-14 10:00:00,504.35,840.47,29.06,62.68,4.07
2025-08-14 11:00:00,572.38,926.97,30.28,58.25,3.95
2025-08-14 12:00:00,710.12,955.58,31.0,55.29,3.83
2025-08-14 13:00:00,653.3,889.05,31.09,54.13,3.56
2025-08-14 14:00:00,542.83,751.4,30.87,54.16,3.21
2025-08-14 15:00:00,338.38,555.88,30.46,54.9,2.78
2025-08-14 16:00:00,171.98,324.92,29.88,56.77,2.21
2025-08-14 17:00:00,59.83,109.93,28.82,64.34,1.2
2025-08-14 18:00:00,0.0,0.0,27.22,75.17,0.62
2025-08-14 19:00:00,0.0,0.0,26.96,74.83,0.6
2025-08-14 20:00:00,0.0,0.0,26.61,75.62,0.58
2025-08-14 21:00:00,0.0,0.0,26.08,77.61,0.62
2025-08-14 22:00:00,0.0,0.0,25.5,80.68,0.67
2025-08-14 23:00:00,0.0,0.0,25.0,83.94,0.73
2025-08-15 00:00:00,0.0,0.0,24.54,87.02,0.84
2025-08-15 01:00:00,0.0,0.0,24.13,89.83,0.98
2025-08-15 02:00:00,0.0,0.0,23.81,92.2,1.06
2025-08-15 03:00:00,0.0,0.0,23.56,94.1,1.15
2025-08-15 04:00:00,0.0,0.0,23.37,95.43,1.28
2025-08-15 05:00:00,0.0,0.0,23.29,96.09,1.41
2025-08-15 06:00:00,53.78,55.5,23.56,95.4,2.0
2025-08-15 07:00:00,225.45,238.62,24.27,92.88,2.58
2025-08-15 08:00:00,392.02,449.65,25.49,84.99,3.06
2025-08-15 09:00:00,581.08,652.62,26.97,75.04,3.2
2025-08-15 10:00:00,724.55,806.4,28.08,69.18,3.08
2025-08-15 11:00:00,780.55,894.22,28.84,65.03,3.12
2025-08-15 12:00:00,636.15,918.62,29.52,61.25,3.19
2025-08-15 13:00:00,654.88,853.97,30.18,57.82,3.16
2025-08-15 14:00:00,518.83,707.35,30.54,55.5,2.98
2025-08-15 15:00:00,311.9,527.78,30.5,54.74,2.75
2025-08-15 16:00:00,164.7,303.15,29.98,56.12,2.33
2025-08-15 17:00:00,59.62,99.5,28.56,66.67,1.24
2025-08-15 18:00:00,0.0,0.0,26.69,77.7,0.72
2025-08-15 19:00:00,0.0,0.0,26.33,78.53,0.69
2025-08-15 20:00:00,0.0,0.0,26.02,79.84,0.65
2025-08-15 21:00:00,0.0,0.0,25.65,81.56,0.64
2025-08-15 22:00:00,0.0,0.0,25.2,83.87,0.64
2025-08-15 23:00:00,0.0,0.0,24.79,86.31,0.64
2025-08-16 00:00:00,0.0,0.0,24.42,89.05,0.61
2025-08-16 01:00:00,0.0,0.0,24.07,91.4,0.59
2025-08-16 02:00:00,0.0,0.0,23.83,92.68,0.59
2025-08-16 03:00:00,0.0,0.0,23.65,93.42,0.58
2025-08-16 04:00:00,0.0,0.0,23.5,93.8,0.59
2025-08-16 05:00:00,0.0,0.0,23.32,94.53,0.6
2025-08-16 06:00:00,17.27,59.65,23.87,93.29,1.02
2025-08-16 07:00:00,44.3,256.23,24.99,88.18,1.8
2025-08-16 08:00:00,89.05,487.62,26.48,77.85,2.68
2025-08-16 09:00:00,156.75,696.1,28.25,66.57,3.32
2025-08-16 10:00:00,309.65,851.1,29.49,60.9,3.61
2025-08-16 11:00:00,452.02,936.4,30.24,58.26,3.65
2025-08-16 12:00:00,466.3,946.3,30.64,56.54,3.55
2025-08-16 13:00:00,326.25,880.22,30.82,55.17,3.35
2025-08-16 14:00:00,244.93,741.45,30.68,55.18,3.09
2025-08-16 15:00:00,200.45,546.92,29.91,58.28,2.77
2025-08-16 16:00:00,131.95,317.73,29.09,62.46,2.42
2025-08-16 17:00:00,44.12,105.18,27.74,72.07,1.58
2025-08-16 18:00:00,0.0,0.0,25.93,86.2,0.88
2025-08-16 19:00:00,0.0,0.0,25.25,88.93,0.99
2025-08-16 20:00:00,0.0,0.0,24.77,89.97,1.31
2025-08-16 21:00:00,0.0,0.0,24.32,91.02,1.7
2025-08-16 22:00:00,0.0,0.0,23.94,92.13,2.1
2025-08-16 23:00:00,0.0,0.0,23.57,93.73,2.41
2025-08-17 00:00:00,0.0,0.0,23.26,95.32,2.5
2025-08-17 01:00:00,0.0,0.0,23.09,96.07,2.42
2025-08-17 02:00:00,0.0,0.0,23.0,96.22,2.49
2025-08-17 03:00:00,0.0,0.0,22.87,96.38,2.69
2025-08-17 04:00:00,0.0,0.0,22.77,96.42,2.84
2025-08-17 05:00:00,0.0,0.0,22.72,96.43,2.86
2025-08-17 06:00:00,32.35,64.85,22.91,95.92,3.17
2025-08-17 07:00:00,106.1,270.2,23.64,93.92,3.72
2025-08-17 08:00:00,178.93,510.48,24.72,89.22,4.28
2025-08-17 09:00:00,172.57,715.0,25.98,82.38,4.6
2025-08-17 10:00:00,210.23,866.58,27.51,75.88,4.46
2025-08-17 11:00:00,361.62,949.7,28.63,71.34,4.11
2025-08-17 12:00:00,552.0,958.9,29.28,68.66,3.61
2025-08-17 13:00:00,423.15,894.1,29.62,66.98,3.09
2025-08-17 14:00:00,365.15,758.85,29.67,66.01,2.6
2025-08-17 15:00:00,290.33,566.15,29.44,66.27,2.19
2025-08-17 16:00:00,219.48,331.55,28.83,69.56,1.68
2025-08-17 17:00:00,93.5,113.93,27.85,76.2,1.17
2025-08-17 18:00:00,0.0,0.0,26.13,87.82,0.7
2025-08-17 19:00:00,0.0,0.0,25.51,88.48,0.79
2025-08-17 20:00:00,0.0,0.0,25.08,89.06,0.91
2025-08-17 21:00:00,0.0,0.0,24.7,89.7,1.02
2025-08-17 22:00:00,0.0,0.0,24.52,90.19,1.16
2025-08-17 23:00:00,0.0,0.0,24.3,90.9,1.34
2025-08-18 00:00:00,0.0,0.0,24.03,92.14,1.49
2025-08-18 01:00:00,0.0,0.0,23.76,93.72,1.66
2025-08-18 02:00:00,0.0,0.0,23.57,95.15,1.86
2025-08-18 03:00:00,0.0,0.0,23.43,96.18,1.94
2025-08-18 04:00:00,0.0,0.0,23.32,96.52,1.92
2025-08-18 05:00:00,0.0,0.0,23.2,96.67,2.04
2025-08-18 06:00:00,36.47,70.88,23.57,95.24,2.76
2025-08-18 07:00:00,143.02,285.77,24.47,90.25,3.44
2025-08-18 08:00:00,283.7,520.22,25.55,82.47,3.82
2025-08-18 09:00:00,420.27,724.53,26.75,75.85,3.99
2025-08-18 10:00:00,524.6,873.95,27.85,71.01,3.96
2025-08-18 11:00:00,618.6,962.35,28.89,67.24,3.7
2025-08-18 12:00:00,618.12,953.62,29.48,64.97,3.28
2025-08-18 13:00:00,515.8,895.25,29.69,63.98,2.82
2025-08-18 14:00:00,474.92,752.17,29.68,63.84,2.35
2025-08-18 15:00:00,322.5,564.08,29.3,65.39,1.79
2025-08-18 16:00:00,190.45,328.65,28.83,69.95,1.07
2025-08-18 17:00:00,79.45,111.25,28.2,74.46,0.73
2025-08-18 18:00:00,0.0,0.0,27.58,75.88,0.35
2025-08-18 19:00:00,0.0,0.0,27.46,74.2,0.18
2025-08-18 20:00:00,0.0,0.0,26.67,80.68,0.43
2025-08-18 21:00:00,0.0,0.0,25.79,83.42,0.63
2025-08-18 22:00:00,0.0,0.0,24.99,87.49,0.75
2025-08-18 23:00:00,0.0,0.0,24.42,89.83,0.89
2025-08-19 00:00:00,0.0,0.0,24.04,90.91,1.12
2025-08-19 01:00:00,0.0,0.0,23.63,92.28,1.39
2025-08-19 02:00:00,0.0,0.0,23.35,93.45,1.68
2025-08-19 03:00:00,0.0,0.0,23.18,94.54,1.91
2025-08-19 04:00:00,0.0,0.0,23.06,95.54,2.0
2025-08-19 05:00:00,0.0,0.0,23.0,96.2,2.0
2025-08-19 06:00:00,48.9,68.88,23.47,95.07,2.36
2025-08-19 07:00:00,174.82,283.45,24.63,90.55,2.89
2025-08-19 08:00:00,325.73,517.85,26.03,83.92,3.35
2025-08-19 09:00:00,475.98,728.03,27.52,76.86,3.58
2025-08-19 10:00:00,578.88,876.5,28.78,71.85,3.55
2025-08-19 11:00:00,653.7,958.1,29.65,68.65,3.42
2025-08-19 12:00:00,558.05,924.83,30.18,66.64,3.25
2025-08-19 13:00:00,530.88,853.12,30.57,65.05,3.07
2025-08-19 14:00:00,465.9,707.0,30.7,63.69,2.81
2025-08-19 15:00:00,334.85,512.78,30.43,63.8,2.43
2025-08-19 16:00:00,237.9,296.25,29.96,65.8,1.94
2025-08-19 17:00:00,80.68,94.47,28.9,72.86,1.15
2025-08-19 18:00:00,0.0,0.0,27.33,80.81,0.64
2025-08-19 19:00:00,0.0,0.0,27.36,75.99,0.54
2025-08-19 20:00:00,0.0,0.0,27.15,75.71,0.46
2025-08-19 21:00:00,0.0,0.0,26.46,78.94,0.57
2025-08-19 22:00:00,0.0,0.0,25.61,83.65,0.67
2025-08-19 23:00:00,0.0,0.0,24.89,87.7,0.7
2025-08-20 00:00:00,0.0,0.0,24.32,90.75,0.71
2025-08-20 01:00:00,0.0,0.0,23.88,92.57,0.75
2025-08-20 02:00:00,0.0,0.0,23.51,93.83,0.85
2025-08-20 03:00:00,0.0,0.0,23.24,94.77,1.05
2025-08-20 04:00:00,0.0,0.0,23.02,95.9,1.27
2025-08-20 05:00:00,0.0,0.0,22.89,96.97,1.47
2025-08-20 06:00:00,56.62,62.03,23.76,93.91,2.47
2025-08-20 07:00:00,216.38,260.0,25.53,85.6,3.27
2025-08-20 08:00:00,416.25,491.7,27.27,76.72,3.55
2025-08-20 09:00:00,476.15,698.55,28.52,71.49,3.32
2025-08-20 10:00:00,498.23,862.4,29.59,67.48,2.99
2025-08-20 11:00:00,422.23,947.55,30.31,64.77,2.75
2025-08-20 12:00:00,478.65,950.0,30.73,63.17,2.6
2025-08-20 13:00:00,545.53,874.38,30.97,62.04,2.48
2025-08-20 14:00:00,513.53,717.42,30.92,61.65,2.34
2025-08-20 15:00:00,442.58,517.15,30.68,62.12,2.13
2025-08-20 16:00:00,263.33,294.58,30.11,64.61,1.74
2025-08-20 17:00:00,87.1,92.05,29.06,71.87,1.08
2025-08-20 18:00:00,0.0,0.0,27.49,81.53,0.63
2025-08-20 19:00:00,0.0,0.0,27.13,80.16,0.64
2025-08-20 20:00:00,0.0,0.0,26.82,80.45,0.61
2025-08-20 21:00:00,0.0,0.0,26.41,81.8,0.62
2025-08-20 22:00:00,0.0,0.0,25.89,84.08,0.65
2025-08-20 23:00:00,0.0,0.0,25.33,86.75,0.67
2025-08-21 00:00:00,0.0,0.0,24.82,89.65,0.65
2025-08-21 01:00:00,0.0,0.0,24.44,91.86,0.63
2025-08-21 02:00:00,0.0,0.0,24.17,93.32,0.62
2025-08-21 03:00:00,0.0,0.0,23.98,94.24,0.72
2025-08-21 04:00:00,0.0,0.0,23.84,94.77,0.88
2025-08-21 05:00:00,0.0,0.0,23.7,95.21,1.08
2025-08-21 06:00:00,48.78,58.83,23.79,94.76,1.48
2025-08-21 07:00:00,205.65,252.68,24.08,94.03,1.8
2025-08-21 08:00:00,356.8,472.98,24.7,92.61,1.7
2025-08-21 09:00:00,449.23,679.45,25.5,89.17,1.68
2025-08-21 10:00:00,448.35,846.12,26.28,84.9,1.55
2025-08-21 11:00:00,319.4,929.28,27.12,80.0,1.36
2025-08-21 12:00:00,504.52,938.7,27.65,76.8,1.27
2025-08-21 13:00:00,352.85,870.72,27.86,75.25,1.4
2025-08-21 14:00:00,291.42,729.7,28.15,73.48,1.53
2025-08-21 15:00:00,258.8,531.85,28.21,72.57,1.67
2025-08-21 16:00:00,161.93,302.1,27.87,74.04,1.64
2025-08-21 17:00:00,53.38,93.05,26.89,80.88,1.16
2025-08-21 18:00:00,0.0,0.0,25.11,91.3,0.71
2025-08-21 19:00:00,0.0,0.0,24.5,92.32,0.82
2025-08-21 20:00:00,0.0,0.0,24.15,92.83,0.99
2025-08-21 21:00:00,0.0,0.0,23.82,93.35,1.15
2025-08-21 22:00:00,0.0,0.0,23.42,94.21,1.22
2025-08-21 23:00:00,0.0,0.0,23.08,95.07,1.17
2025-08-22 00:00:00,0.0,0.0,22.8,95.95,0.97
2025-08-22 01:00:00,0.0,0.0,22.54,96.8,0.75
2025-08-22 02:00:00,0.0,0.0,22.42,97.01,0.65
2025-08-22 03:00:00,0.0,0.0,22.28,97.36,0.61
2025-08-22 04:00:00,0.0,0.0,21.99,97.98,0.63
2025-08-22 05:00:00,0.0,0.0,21.82,98.26,0.63
2025-08-22 06:00:00,37.2,57.6,22.78,94.65,1.21
2025-08-22 07:00:00,152.38,251.57,24.66,86.29,1.24
2025-08-22 08:00:00,299.6,480.33,27.16,74.75,1.22
2025-08-22 09:00:00,339.42,686.05,28.67,68.64,1.64
2025-08-22 10:00:00,406.92,839.08,29.62,65.33,1.85
2025-08-22 11:00:00,487.15,914.75,30.41,62.87,1.87
2025-08-22 12:00:00,501.88,930.3,30.78,61.53,1.77
2025-08-22 13:00:00,184.95,849.03,30.63,61.72,1.52
2025-08-22 14:00:00,173.25,699.3,30.21,62.81,1.06
2025-08-22 15:00:00,67.32,495.95,29.75,64.24,0.56
2025-08-22 16:00:00,87.82,269.23,29.31,67.38,0.37
2025-08-22 17:00:00,37.38,78.15,28.41,72.97,0.55
2025-08-22 18:00:00,0.0,0.0,27.31,79.55,0.45
2025-08-22 19:00:00,0.0,0.0,26.81,80.14,0.51
2025-08-22 20:00:00,0.0,0.0,26.29,82.81,0.56
2025-08-22 21:00:00,0.0,0.0,25.86,85.03,0.57
2025-08-22 22:00:00,0.0,0.0,25.6,85.83,0.52
2025-08-22 23:00:00,0.0,0.0,25.52,84.62,0.39
2025-08-23 00:00:00,0.0,0.0,25.4,85.41,0.16
2025-08-23 01:00:00,0.0,0.0,24.95,86.4,0.35
2025-08-23 02:00:00,0.0,0.0,24.31,89.94,0.52
2025-08-23 03:00:00,0.0,0.0,23.86,91.98,0.54
2025-08-23 04:00:00,0.0,0.0,23.63,92.86,0.54
2025-08-23 05:00:00,0.0,0.0,23.43,93.66,0.56
2025-08-23 06:00:00,50.83,52.03,23.9,90.99,1.17
2025-08-23 07:00:00,207.23,227.9,25.07,85.25,1.77
2025-08-23 08:00:00,403.1,451.4,27.21,76.08,1.81
2025-08-23 09:00:00,594.72,643.65,28.78,69.98,1.59
2025-08-23 10:00:00,730.88,800.0,29.92,65.76,1.59
2025-08-23 11:00:00,808.35,882.72,30.86,62.54,1.58
2025-08-23 12:00:00,947.08,961.35,31.52,60.27,1.47
2025-08-23 13:00:00,755.4,875.25,31.84,58.93,1.29
2025-08-23 14:00:00,546.92,719.78,31.79,58.39,1.12
2025-08-23 15:00:00,333.33,509.38,31.45,58.9,0.99
2025-08-23 16:00:00,201.55,281.85,30.86,60.74,0.91
2025-08-23 17:00:00,62.55,81.18,29.89,66.85,0.8
2025-08-23 18:00:00,0.0,0.0,28.12,78.07,0.63
2025-08-23 19:00:00,0.0,0.0,27.1,81.44,0.73
2025-08-23 20:00:00,0.0,0.0,26.27,84.52,0.86
2025-08-23 21:00:00,0.0,0.0,25.63,86.23,1.01
2025-08-23 22:00:00,0.0,0.0,25.03,87.86,1.14
2025-08-23 23:00:00,0.0,0.0,24.52,89.39,1.27
2025-08-24 00:00:00,0.0,0.0,24.08,90.9,1.42
2025-08-24 01:00:00,0.0,0.0,23.73,92.49,1.6
2025-08-24 02:00:00,0.0,0.0,23.42,94.45,1.79
2025-08-24 03:00:00,0.0,0.0,23.14,96.35,1.83
2025-08-24 04:00:00,0.0,0.0,22.98,97.16,1.74
2025-08-24 05:00:00,0.0,0.0,22.96,97.27,1.83
2025-08-24 06:00:00,32.33,51.65,23.69,94.34,2.69
2025-08-24 07:00:00,141.62,224.45,25.25,86.23,3.81
2025-08-24 08:00:00,247.65,430.9,27.09,75.63,4.26
2025-08-24 09:00:00,336.45,635.22,28.68,68.34,4.08
2025-08-24 10:00:00,422.08,805.58,29.98,63.42,3.75
2025-08-24 11:00:00,534.72,891.33,30.98,60.1,3.44
2025-08-24 12:00:00,693.15,942.45,31.69,57.87,3.12
2025-08-24 13:00:00,478.17,863.08,32.12,56.43,2.7
2025-08-24 14:00:00,463.88,720.8,32.22,55.82,2.2
2025-08-24 15:00:00,355.52,521.75,31.87,56.39,1.62
2025-08-24 16:00:00,208.62,291.55,31.33,58.05,1.01
2025-08-24 17:00:00,71.62,88.8,30.59,62.63,0.57
2025-08-24 18:00:00,0.0,0.0,29.16,73.92,0.37
2025-08-24 19:00:00,0.0,0.0,28.35,74.85,0.5
2025-08-24 20:00:00,0.0,0.0,27.22,77.56,0.75
2025-08-24 21:00:00,0.0,0.0,26.35,80.78,0.89
2025-08-24 22:00:00,0.0,0.0,25.84,82.56,1.01
2025-08-24 23:00:00,0.0,0.0,25.39,83.72,1.18
2025-08-25 00:00:00,0.0,0.0,24.96,85.11,1.4
2025-08-25 01:00:00,0.0,0.0,24.66,86.68,1.63
2025-08-25 02:00:00,0.0,0.0,24.44,88.44,1.86
2025-08-25 03:00:00,0.0,0.0,24.24,90.55,2.0
2025-08-25 04:00:00,0.0,0.0,24.0,92.8,1.99
2025-08-25 05:00:00,0.0,0.0,23.83,94.22,1.99
2025-08-25 06:00:00,58.85,63.15,24.23,92.55,2.49
2025-08-25 07:00:00,196.15,262.8,25.47,85.53,2.92
2025-08-25 08:00:00,350.48,497.77,27.22,75.4,3.33
2025-08-25 09:00:00,505.35,705.47,28.85,68.06,3.4
2025-08-25 10:00:00,538.97,858.95,30.1,63.23,3.15
2025-08-25 11:00:00,581.05,941.0,30.96,60.05,2.69
2025-08-25 12:00:00,666.55,923.85,31.43,58.24,2.34
2025-08-25 13:00:00,653.22,854.5,31.55,57.49,2.11
2025-08-25 14:00:00,509.42,712.97,31.39,57.67,2.07
2025-08-25 15:00:00,389.1,515.0,30.92,59.04,2.03
2025-08-25 16:00:00,214.98,286.73,30.35,61.61,1.89
2025-08-25 17:00:00,69.68,85.72,29.23,69.19,1.25
2025-08-25 18:00:00,0.0,0.0,27.32,81.23,0.7
2025-08-25 19:00:00,0.0,0.0,26.69,82.78,0.69
2025-08-25 20:00:00,0.0,0.0,26.37,83.92,0.66
2025-08-25 21:00:00,0.0,0.0,26.09,83.95,0.66
2025-08-25 22:00:00,0.0,0.0,25.9,83.79,0.66
2025-08-25 23:00:00,0.0,0.0,25.69,83.91,0.65
2025-08-26 00:00:00,0.0,0.0,25.38,84.61,0.63
2025-08-26 01:00:00,0.0,0.0,25.12,85.45,0.6
2025-08-26 02:00:00,0.0,0.0,24.8,87.01,0.6
2025-08-26 03:00:00,0.0,0.0,24.4,89.46,0.59
2025-08-26 04:00:00,0.0,0.0,23.97,91.96,0.58
2025-08-26 05:00:00,0.0,0.0,23.66,93.37,0.67
2025-08-26 06:00:00,44.58,54.65,24.05,91.6,1.43
2025-08-26 07:00:00,176.0,240.5,25.13,87.0,2.11
2025-08-26 08:00:00,308.58,457.62,27.35,76.08,2.46
2025-08-26 09:00:00,481.12,672.75,29.0,68.81,2.53
2025-08-26 10:00:00,564.35,826.25,30.12,64.57,2.69
2025-08-26 11:00:00,587.33,909.6,31.11,61.16,2.98
2025-08-26 12:00:00,572.05,908.83,31.4,59.63,3.18
2025-08-26 13:00:00,515.28,832.15,30.93,60.09,3.2
2025-08-26 14:00:00,487.75,671.1,30.57,60.59,3.15
2025-08-26 15:00:00,339.9,472.85,30.33,61.02,3.02
2025-08-26 16:00:00,204.1,262.12,29.68,63.83,2.54
2025-08-26 17:00:00,62.53,73.55,28.31,72.82,1.57
2025-08-26 18:00:00,0.0,0.0,26.82,78.56,1.31
2025-08-26 19:00:00,0.0,0.0,26.21,80.26,1.5
2025-08-26 20:00:00,0.0,0.0,25.66,82.37,1.68
2025-08-26 21:00:00,0.0,0.0,25.2,84.37,1.98
2025-08-26 22:00:00,0.0,0.0,24.76,86.37,2.37
2025-08-26 23:00:00,0.0,0.0,24.37,88.23,2.57
2025-08-27 00:00:00,0.0,0.0,24.1,89.19,2.76
2025-08-27 01:00:00,0.0,0.0,23.94,89.21,2.98
2025-08-27 02:00:00,0.0,0.0,23.73,89.47,3.15
2025-08-27 03:00:00,0.0,0.0,23.48,90.11,3.18
2025-08-27 04:00:00,0.0,0.0,23.13,91.49,3.19
2025-08-27 05:00:00,0.0,0.0,22.79,92.43,3.35
2025-08-27 06:00:00,30.5,51.9,22.75,92.24,3.56
2025-08-27 07:00:00,108.2,227.2,23.43,88.09,4.09
2025-08-27 08:00:00,176.95,449.38,24.75,80.32,4.56
2025-08-27 09:00:00,316.0,654.65,26.42,72.49,4.5
2025-08-27 10:00:00,432.98,808.83,28.1,66.47,4.14
2025-08-27 11:00:00,531.62,893.83,29.73,61.42,3.69
2025-08-27 12:00:00,616.72,931.9,30.78,58.12,3.16
2025-08-27 13:00:00,595.97,834.12,31.37,56.1,2.65
2025-08-27 14:00:00,458.92,679.88,31.48,55.07,2.16
2025-08-27 15:00:00,280.05,474.75,31.13,55.4,1.69
2025-08-27 16:00:00,150.93,258.95,30.69,56.35,1.24
2025-08-27 17:00:00,38.0,70.47,29.8,62.04,0.67
2025-08-27 18:00:00,0.0,0.0,28.5,70.01,0.43
2025-08-27 19:00:00,0.0,0.0,27.55,72.64,0.57
2025-08-27 20:00:00,0.0,0.0,26.59,76.55,0.69
2025-08-27 21:00:00,0.0,0.0,25.87,79.26,0.71
2025-08-27 22:00:00,0.0,0.0,25.17,81.75,0.7
2025-08-27 23:00:00,0.0,0.0,24.51,84.24,0.71
2025-08-28 00:00:00,0.0,0.0,24.05,86.03,0.73
2025-08-28 01:00:00,0.0,0.0,23.68,87.43,0.75
2025-08-28 02:00:00,0.0,0.0,23.29,89.2,0.73
2025-08-28 03:00:00,0.0,0.0,22.94,91.0,0.67
2025-08-28 04:00:00,0.0,0.0,22.78,92.54,0.6
2025-08-28 05:00:00,0.0,0.0,22.63,93.71,0.56
2025-08-28 06:00:00,51.78,52.17,23.34,90.36,1.27
2025-08-28 07:00:00,223.57,230.12,25.55,79.36,1.59
2025-08-28 08:00:00,400.42,443.5,27.9,69.15,1.64
2025-08-28 09:00:00,425.75,651.55,29.41,63.04,1.38
2025-08-28 10:00:00,525.65,818.08,30.66,58.33,0.95
2025-08-28 11:00:00,608.33,887.97,31.75,54.68,0.74
2025-08-28 12:00:00,845.65,981.6,32.5,52.25,0.61
2025-08-28 13:00:00,753.9,909.7,32.97,50.52,0.56
2025-08-28 14:00:00,672.28,768.0,33.09,49.76,0.61
2025-08-28 15:00:00,515.1,568.55,32.81,50.08,0.72
2025-08-28 16:00:00,294.2,331.2,32.13,51.84,0.8
2025-08-28 17:00:00,97.18,101.6,30.85,59.33,0.6
2025-08-28 18:00:00,0.0,0.0,29.22,69.07,0.42
2025-08-28 19:00:00,0.0,0.0,28.51,69.97,0.43
2025-08-28 20:00:00,0.0,0.0,27.9,70.81,0.47
2025-08-28 21:00:00,0.0,0.0,27.39,71.03,0.5
2025-08-28 22:00:00,0.0,0.0,26.93,72.28,0.48
2025-08-28 23:00:00,0.0,0.0,26.5,73.83,0.44
2025-08-29 00:00:00,0.0,0.0,26.09,75.27,0.42
2025-08-29 01:00:00,0.0,0.0,25.72,76.89,0.38
2025-08-29 02:00:00,0.0,0.0,25.36,78.28,0.4
2025-08-29 03:00:00,0.0,0.0,24.82,81.23,0.43
2025-08-29 04:00:00,0.0,0.0,24.28,84.33,0.54
2025-08-29 05:00:00,0.0,0.0,23.54,89.33,0.6
2025-08-29 06:00:00,68.5,78.32,24.02,89.25,1.22
2025-08-29 07:00:00,253.88,304.08,24.81,86.68,1.93
2025-08-29 08:00:00,461.02,540.83,27.01,76.96,2.18
2025-08-29 09:00:00,723.08,744.38,29.33,65.76,1.95
2025-08-29 10:00:00,832.1,892.85,31.02,59.03,1.56
2025-08-29 11:00:00,835.05,971.47,32.29,54.69,1.28
2025-08-29 12:00:00,763.08,957.97,33.06,52.13,1.05
2025-08-29 13:00:00,710.83,884.47,33.46,50.61,0.73
2025-08-29 14:00:00,653.83,740.92,33.35,50.34,0.4
2025-08-29 15:00:00,480.65,540.62,32.86,51.08,0.33
2025-08-29 16:00:00,269.62,306.38,32.22,52.63,0.35
2025-08-29 17:00:00,82.8,88.93,31.14,59.31,0.22
2025-08-29 18:00:00,0.0,0.0,29.74,67.83,0.26
2025-08-29 19:00:00,0.0,0.0,28.83,71.09,0.41
2025-08-29 20:00:00,0.0,0.0,27.92,74.18,0.55
2025-08-29 21:00:00,0.0,0.0,27.12,76.69,0.67
2025-08-29 22:00:00,0.0,0.0,26.37,79.22,0.74
2025-08-29 23:00:00,0.0,0.0,25.74,81.31,0.79
2025-08-30 00:00:00,0.0,0.0,25.25,82.94,0.88
2025-08-30 01:00:00,0.0,0.0,24.89,84.11,1.07
2025-08-30 02:00:00,0.0,0.0,24.7,84.76,1.47
2025-08-30 03:00:00,0.0,0.0,24.51,86.2,2.01
2025-08-30 04:00:00,0.0,0.0,24.24,88.94,2.23
2025-08-30 05:00:00,0.0,0.0,24.06,91.15,2.38
2025-08-30 06:00:00,43.65,71.78,24.45,90.21,2.98
2025-08-30 07:00:00,178.02,292.88,25.92,82.61,3.93
2025-08-30 08:00:00,350.05,529.8,27.71,72.84,4.27
2025-08-30 09:00:00,401.1,735.95,29.27,65.91,3.95
2025-08-30 10:00:00,466.95,886.33,30.35,61.49,3.46
2025-08-30 11:00:00,509.15,967.1,31.25,58.03,3.05
2025-08-30 12:00:00,511.4,938.12,31.68,56.14,2.62
2025-08-30 13:00:00,495.75,867.1,32.02,54.69,2.23
2025-08-30 14:00:00,463.6,723.83,32.07,54.11,1.86
2025-08-30 15:00:00,386.1,524.97,31.69,54.94,1.54
2025-08-30 16:00:00,217.52,294.23,31.06,57.54,1.22
2025-08-30 17:00:00,68.85,80.9,30.02,65.54,0.89
2025-08-30 18:00:00,0.0,0.0,28.12,76.11,0.8
2025-08-30 19:00:00,0.0,0.0,27.24,78.03,1.12
2025-08-30 20:00:00,0.0,0.0,26.58,79.97,1.54
2025-08-30 21:00:00,0.0,0.0,25.97,82.78,1.79
2025-08-30 22:00:00,0.0,0.0,25.41,85.94,1.83
2025-08-30 23:00:00,0.0,0.0,24.93,88.7,1.79
2025-08-31 00:00:00,0.0,0.0,24.55,90.69,1.73
2025-08-31 01:00:00,0.0,0.0,24.26,91.99,1.76
2025-08-31 02:00:00,0.0,0.0,24.02,93.09,1.89
2025-08-31 03:00:00,0.0,0.0,23.85,94.01,2.18
2025-08-31 04:00:00,0.0,0.0,23.73,94.8,2.42
2025-08-31 05:00:00,0.0,0.0,23.66,95.2,2.62
2025-08-31 06:00:00,24.08,69.43,24.03,93.69,3.15
2025-08-31 07:00:00,85.7,287.98,25.36,86.15,3.84
2025-08-31 08:00:00,154.38,525.75,27.23,74.97,4.22
2025-08-31 09:00:00,182.3,731.08,28.75,67.93,4.12
2025-08-31 10:00:00,286.27,880.92,29.86,63.17,3.77
2025-08-31 11:00:00,548.92,961.3,30.85,59.33,3.34
2025-08-31 12:00:00,557.38,930.92,31.55,56.72,2.94
2025-08-31 13:00:00,620.25,866.08,31.9,55.12,2.58
2025-08-31 14:00:00,513.67,711.88,32.03,54.13,2.23
2025-08-31 15:00:00,363.17,511.7,31.56,55.35,1.94
2025-08-31 16:00:00,202.8,281.85,30.76,58.64,1.66
2025-08-31 17:00:00,67.95,77.45,29.51,67.61,1.03
2025-08-31 18:00:00,0.0,0.0,28.0,79.16,0.6
2025-08-31 19:00:00,0.0,0.0,27.57,79.57,0.64
2025-08-31 20:00:00,0.0,0.0,27.08,80.97,0.71
2025-08-31 21:00:00,0.0,0.0,26.55,83.08,0.73
2025-08-31 22:00:00,0.0,0.0,26.04,84.93,0.72
2025-08-31 23:00:00,0.0,0.0,25.61,86.33,0.68
2025-09-01 00:00:00,0.0,0.0,25.22,87.52,0.65
2025-09-01 01:00:00,0.0,0.0,24.87,88.72,0.63
2025-09-01 02:00:00,0.0,0.0,24.61,89.83,0.59
2025-09-01 03:00:00,0.0,0.0,24.35,91.14,0.48
2025-09-01 04:00:00,0.0,0.0,24.18,92.21,0.36
2025-09-01 05:00:00,0.0,0.0,24.03,92.83,0.25
2025-09-01 06:00:00,57.92,66.55,24.29,90.73,0.14
2025-09-01 07:00:00,210.9,278.6,25.68,82.19,0.4
2025-09-01 08:00:00,396.05,518.88,27.18,75.13,1.03
2025-09-01 09:00:00,404.92,725.97,28.35,70.65,1.43
2025-09-01 10:00:00,412.42,878.88,29.65,65.2,1.64
2025-09-01 11:00:00,473.85,958.4,30.7,60.39,1.74
2025-09-01 12:00:00,550.42,960.42,31.37,57.39,1.8
2025-09-01 13:00:00,701.6,882.53,31.7,55.93,1.86
2025-09-01 14:00:00,592.7,736.15,31.79,55.34,1.96
2025-09-01 15:00:00,470.38,532.92,31.25,56.47,1.96
2025-09-01 16:00:00,264.8,296.52,30.47,58.98,1.85
2025-09-01 17:00:00,76.85,80.15,29.25,66.86,1.23
2025-09-01 18:00:00,0.0,0.0,27.36,80.08,0.69
2025-09-01 19:00:00,0.0,0.0,26.67,81.38,0.7
2025-09-01 20:00:00,0.0,0.0,26.15,82.59,0.71
2025-09-01 21:00:00,0.0,0.0,25.76,83.71,0.69
2025-09-01 22:00:00,0.0,0.0,25.37,84.8,0.68
2025-09-01 23:00:00,0.0,0.0,24.94,85.97,0.68
2025-09-02 00:00:00,0.0,0.0,24.52,87.44,0.69
2025-09-02 01:00:00,0.0,0.0,24.17,89.19,0.68
2025-09-02 02:00:00,0.0,0.0,23.95,90.34,0.65
2025-09-02 03:00:00,0.0,0.0,23.79,91.1,0.62
2025-09-02 04:00:00,0.0,0.0,23.76,91.07,0.59
2025-09-02 05:00:00,0.0,0.0,23.83,90.18,0.5
2025-09-02 06:00:00,62.8,63.15,24.49,88.3,0.42
2025-09-02 07:00:00,259.98,264.55,26.35,79.97,0.63
2025-09-02 08:00:00,495.38,499.2,29.59,62.79,1.36
2025-09-02 09:00:00,706.75,709.45,31.25,56.81,1.73
2025-09-02 10:00:00,851.95,863.17,32.44,53.11,1.8
2025-09-02 11:00:00,916.22,945.6,33.33,50.38,1.76
2025-09-02 12:00:00,904.58,978.2,33.87,48.8,1.63
2025-09-02 13:00:00,674.3,901.67,34.11,48.01,1.44
2025-09-02 14:00:00,586.78,756.33,33.97,48.13,1.26
2025-09-02 15:00:00,423.12,553.9,33.33,49.75,1.09
2025-09-02 16:00:00,234.55,315.23,32.32,53.38,0.84
2025-09-02 17:00:00,68.72,87.2,31.26,60.47,0.5
2025-09-02 18:00:00,0.0,0.0,29.7,69.66,0.36
2025-09-02 19:00:00,0.0,0.0,28.89,72.99,0.45
2025-09-02 20:00:00,0.0,0.0,28.24,76.64,0.51
2025-09-02 21:00:00,0.0,0.0,27.64,79.25,0.55
2025-09-02 22:00:00,0.0,0.0,27.22,82.02,0.56
2025-09-02 23:00:00,0.0,0.0,26.83,84.52,0.52
2025-09-03 00:00:00,0.0,0.0,26.52,86.18,0.48
2025-09-03 01:00:00,0.0,0.0,26.21,87.45,0.47
2025-09-03 02:00:00,0.0,0.0,25.85,88.36,0.6
2025-09-03 03:00:00,0.0,0.0,25.47,89.12,0.99
2025-09-03 04:00:00,0.0,0.0,25.11,90.5,1.45
2025-09-03 05:00:00,0.0,0.0,24.83,91.97,1.78
2025-09-03 06:00:00,27.67,66.62,24.87,91.89,2.22
2025-09-03 07:00:00,100.43,274.9,25.71,86.98,2.77
2025-09-03 08:00:00,113.53,505.38,27.12,78.34,3.16
2025-09-03 09:00:00,231.0,708.08,28.62,70.66,2.92
2025-09-03 10:00:00,150.73,858.6,29.78,65.63,2.42
2025-09-03 11:00:00,169.35,940.47,30.56,62.17,1.92
2025-09-03 12:00:00,153.48,928.78,31.14,59.5,1.76
2025-09-03 13:00:00,105.57,857.92,31.34,58.03,1.92
2025-09-03 14:00:00,176.95,715.17,31.07,58.38,2.07
2025-09-03 15:00:00,175.55,516.53,30.39,60.83,2.1
2025-09-03 16:00:00,125.72,286.33,29.65,64.45,1.8
2025-09-03 17:00:00,39.45,74.9,28.61,72.21,1.06
2025-09-03 18:00:00,0.0,0.0,27.39,81.76,0.61
2025-09-03 19:00:00,0.0,0.0,26.88,83.68,0.65
2025-09-03 20:00:00,0.0,0.0,26.42,85.34,0.75
2025-09-03 21:00:00,0.0,0.0,25.97,86.98,0.92
2025-09-03 22:00:00,0.0,0.0,25.5,88.76,1.15
2025-09-03 23:00:00,0.0,0.0,24.99,90.66,1.49
2025-09-04 00:00:00,0.0,0.0,24.52,92.57,1.8
2025-09-04 01:00:00,0.0,0.0,24.15,94.39,2.06
2025-09-04 02:00:00,0.0,0.0,23.89,95.91,2.19
2025-09-04 03:00:00,0.0,0.0,23.79,96.34,2.44
2025-09-04 04:00:00,0.0,0.0,23.72,96.36,2.81
2025-09-04 05:00:00,0.0,0.0,23.59,96.57,2.81
2025-09-04 06:00:00,15.57,69.95,23.66,95.59,3.46
2025-09-04 07:00:00,101.57,287.17,24.16,92.84,4.07
2025-09-04 08:00:00,177.68,524.92,25.02,86.72,4.61
2025-09-04 09:00:00,225.0,730.9,26.46,78.91,4.83
2025-09-04 10:00:00,240.18,880.38,28.14,71.29,4.93
2025-09-04 11:00:00,324.0,960.3,29.34,66.46,4.87
2025-09-04 12:00:00,408.08,942.7,29.98,63.71,4.69
2025-09-04 13:00:00,382.5,868.55,30.0,62.9,4.35
2025-09-04 14:00:00,312.17,721.9,29.67,63.74,3.78
2025-09-04 15:00:00,222.68,515.97,29.24,66.13,2.99
2025-09-04 16:00:00,120.72,278.65,28.69,71.07,2.05
2025-09-04 17:00:00,33.42,69.15,27.47,79.82,1.25
2025-09-04 18:00:00,0.0,0.0,26.19,84.55,0.93
2025-09-04 19:00:00,0.0,0.0,25.79,85.54,0.85
2025-09-04 20:00:00,0.0,0.0,25.42,86.49,0.74
2025-09-04 21:00:00,0.0,0.0,25.01,87.25,0.68
2025-09-04 22:00:00,0.0,0.0,24.59,87.98,0.66
2025-09-04 23:00:00,0.0,0.0,24.19,88.8,0.72
2025-09-05 00:00:00,0.0,0.0,23.82,89.7,0.78
2025-09-05 01:00:00,0.0,0.0,23.45,90.66,0.87
2025-09-05 02:00:00,0.0,0.0,23.08,91.8,1.03
2025-09-05 03:00:00,0.0,0.0,22.8,92.96,1.21
2025-09-05 04:00:00,0.0,0.0,22.54,94.46,1.38
2025-09-05 05:00:00,0.0,0.0,22.25,96.23,1.43
2025-09-05 06:00:00,52.35,58.67,23.05,93.34,2.26
2025-09-05 07:00:00,196.45,245.4,25.17,83.33,2.95
2025-09-05 08:00:00,318.4,459.42,27.5,71.69,3.09
2025-09-05 09:00:00,505.02,662.35,29.16,65.34,2.62
2025-09-05 10:00:00,670.28,808.78,30.4,61.58,2.07
2025-09-05 11:00:00,722.03,893.22,31.33,58.58,1.64
2025-09-05 12:00:00,661.78,879.1,31.94,56.2,1.29
2025-09-05 13:00:00,629.88,801.38,32.19,54.71,1.04
2025-09-05 14:00:00,588.1,658.62,32.11,53.96,1.07
2025-09-05 15:00:00,408.23,461.65,31.63,54.63,1.26
2025-09-05 16:00:00,232.65,250.85,30.88,57.33,1.27
2025-09-05 17:00:00,58.2,61.17,29.7,64.76,0.96
2025-09-05 18:00:00,0.0,0.0,27.73,76.53,0.65
2025-09-05 19:00:00,0.0,0.0,27.14,77.48,0.67
2025-09-05 20:00:00,0.0,0.0,26.76,78.04,0.67
2025-09-05 21:00:00,0.0,0.0,26.53,77.79,0.6
2025-09-05 22:00:00,0.0,0.0,26.55,76.12,0.47
2025-09-05 23:00:00,0.0,0.0,26.55,75.46,0.19
2025-09-06 00:00:00,0.0,0.0,26.11,78.09,0.21
2025-09-06 01:00:00,0.0,0.0,25.43,80.17,0.42
2025-09-06 02:00:00,0.0,0.0,24.68,83.31,0.49
2025-09-06 03:00:00,0.0,0.0,24.17,86.01,0.53
2025-09-06 04:00:00,0.0,0.0,23.65,89.0,0.54
2025-09-06 05:00:00,0.0,0.0,23.26,91.1,0.54
2025-09-06 06:00:00,68.25,68.72,23.9,88.08,1.07
2025-09-06 07:00:00,253.77,257.4,25.68,79.34,1.23
2025-09-06 08:00:00,481.88,502.42,27.96,70.15,0.87
2025-09-06 09:00:00,677.65,709.7,29.37,64.48,0.68
2025-09-06 10:00:00,821.72,861.38,30.61,60.2,0.83
2025-09-06 11:00:00,897.28,941.25,31.7,56.8,1.08
2025-09-06 12:00:00,869.92,942.33,32.37,54.51,1.3
2025-09-06 13:00:00,728.65,865.72,32.6,53.35,1.47
2025-09-06 14:00:00,606.25,717.72,32.37,53.12,1.62
2025-09-06 15:00:00,408.35,513.2,31.85,54.01,1.73
2025-09-06 16:00:00,228.2,277.62,30.81,58.51,1.49
2025-09-06 17:00:00,64.32,68.82,29.27,67.02,1.05
2025-09-06 18:00:00,0.0,0.0,27.7,76.97,0.69
2025-09-06 19:00:00,0.0,0.0,27.02,78.46,0.73
2025-09-06 20:00:00,0.0,0.0,26.52,79.84,0.74
2025-09-06 21:00:00,0.0,0.0,26.1,81.05,0.75
2025-09-06 22:00:00,0.0,0.0,25.73,82.11,0.78
2025-09-06 23:00:00,0.0,0.0,25.4,82.99,0.81
2025-09-07 00:00:00,0.0,0.0,25.11,83.72,0.86
2025-09-07 01:00:00,0.0,0.0,24.83,84.39,0.95
2025-09-07 02:00:00,0.0,0.0,24.56,85.04,1.09
2025-09-07 03:00:00,0.0,0.0,24.3,85.75,1.24
2025-09-07 04:00:00,0.0,0.0,23.99,86.98,1.39
2025-09-07 05:00:00,0.0,0.0,23.67,88.39,1.51
2025-09-07 06:00:00,28.6,62.9,23.75,88.12,2.07
2025-09-07 07:00:00,117.6,270.92,25.47,79.63,2.51
2025-09-07 08:00:00,225.27,507.58,27.53,70.74,2.7
2025-09-07 09:00:00,356.02,714.33,29.01,66.28,2.43
2025-09-07 10:00:00,647.65,859.9,29.92,63.68,2.08
2025-09-07 11:00:00,662.75,932.8,30.59,61.51,1.73
2025-09-07 12:00:00,725.8,966.58,30.9,60.35,1.55
2025-09-07 13:00:00,755.15,889.25,30.9,60.57,1.66
2025-09-07 14:00:00,639.1,740.7,30.51,62.4,1.93
2025-09-07 15:00:00,435.67,534.97,30.08,64.57,2.04
2025-09-07 16:00:00,233.65,296.45,29.41,67.69,1.98
2025-09-07 17:00:00,63.65,73.93,28.26,74.33,1.54
2025-09-07 18:00:00,0.0,0.0,26.89,82.78,1.12
2025-09-07 19:00:00,0.0,0.0,26.23,85.97,1.29
2025-09-07 20:00:00,0.0,0.0,25.76,88.36,1.22
2025-09-07 21:00:00,0.0,0.0,25.49,89.34,0.98
2025-09-07 22:00:00,0.0,0.0,25.26,90.15,0.72
2025-09-07 23:00:00,0.0,0.0,25.0,91.18,0.61
2025-09-08 00:00:00,0.0,0.0,24.84,91.85,0.58
2025-09-08 01:00:00,0.0,0.0,24.69,92.58,0.58
2025-09-08 02:00:00,0.0,0.0,24.59,93.11,0.67
2025-09-08 03:00:00,0.0,0.0,24.43,93.9,0.79
2025-09-08 04:00:00,0.0,0.0,24.21,94.82,0.93
2025-09-08 05:00:00,0.0,0.0,24.05,95.57,1.19
2025-09-08 06:00:00,50.75,67.6,24.34,94.79,2.02
2025-09-08 07:00:00,148.5,274.6,25.28,92.19,2.61
2025-09-08 08:00:00,246.35,512.95,26.86,84.54,3.1
2025-09-08 09:00:00,368.95,721.95,28.34,76.26,3.22
2025-09-08 10:00:00,463.25,869.88,29.3,71.67,3.0
2025-09-08 11:00:00,632.33,945.15,30.21,68.06,2.8
2025-09-08 12:00:00,718.33,915.53,30.97,65.17,2.63
2025-09-08 13:00:00,615.9,834.42,31.25,63.89,2.38
2025-09-08 14:00:00,446.25,687.55,31.12,64.02,2.24
2025-09-08 15:00:00,263.75,486.25,30.53,65.89,2.24
2025-09-08 16:00:00,169.43,259.12,29.45,72.39,1.92
2025-09-08 17:00:00,50.7,60.78,28.03,81.18,1.52
2025-09-08 18:00:00,0.0,0.0,26.62,87.79,1.3
2025-09-08 19:00:00,0.0,0.0,26.09,89.05,1.43
2025-09-08 20:00:00,0.0,0.0,25.65,90.27,1.44
2025-09-08 21:00:00,0.0,0.0,25.31,91.05,1.35
2025-09-08 22:00:00,0.0,0.0,25.02,91.77,1.22
2025-09-08 23:00:00,0.0,0.0,24.79,92.31,1.09
2025-09-09 00:00:00,0.0,0.0,24.56,93.19,0.99
2025-09-09 01:00:00,0.0,0.0,24.35,94.16,0.91
2025-09-09 02:00:00,0.0,0.0,24.17,94.88,0.83
2025-09-09 03:00:00,0.0,0.0,23.99,95.38,0.8
2025-09-09 04:00:00,0.0,0.0,23.72,96.22,0.79
2025-09-09 05:00:00,0.0,0.0,23.55,96.69,0.81
2025-09-09 06:00:00,45.75,64.78,24.09,95.0,1.36
2025-09-09 07:00:00,156.93,266.55,25.04,91.45,2.06
2025-09-09 08:00:00,268.05,501.9,26.22,85.73,2.52
2025-09-09 09:00:00,456.65,709.9,27.25,79.72,2.96
2025-09-09 10:00:00,339.23,861.28,27.81,76.84,3.04
2025-09-09 11:00:00,347.15,940.55,28.08,75.54,2.93
2025-09-09 12:00:00,398.12,955.85,28.09,74.94,2.53
2025-09-09 13:00:00,298.98,880.75,27.59,75.3,1.92
2025-09-09 14:00:00,295.73,733.15,26.99,75.47,1.45
2025-09-09 15:00:00,295.52,527.8,26.59,76.84,1.27
2025-09-09 16:00:00,160.57,289.95,26.22,80.83,1.1
2025-09-09 17:00:00,45.92,69.3,25.57,83.82,1.0
2025-09-09 18:00:00,0.0,0.0,24.59,91.77,0.6
2025-09-09 19:00:00,0.0,0.0,24.28,91.82,0.59
2025-09-09 20:00:00,0.0,0.0,24.2,90.03,0.58
2025-09-09 21:00:00,0.0,0.0,23.94,89.7,0.61
2025-09-09 22:00:00,0.0,0.0,23.42,91.19,0.66
2025-09-09 23:00:00,0.0,0.0,22.92,92.88,0.67
2025-09-10 00:00:00,0.0,0.0,22.58,94.3,0.65
2025-09-10 01:00:00,0.0,0.0,22.34,95.35,0.64
2025-09-10 02:00:00,0.0,0.0,22.0,96.25,0.67
2025-09-10 03:00:00,0.0,0.0,21.59,96.88,0.7
2025-09-10 04:00:00,0.0,0.0,21.24,97.41,0.74
2025-09-10 05:00:00,0.0,0.0,20.98,97.96,0.79
2025-09-10 06:00:00,59.17,70.8,21.84,96.52,1.58
2025-09-10 07:00:00,194.82,280.85,23.58,92.08,2.1
2025-09-10 08:00:00,343.55,516.4,26.03,80.28,2.44
2025-09-10 09:00:00,427.48,719.08,27.99,69.18,2.53
2025-09-10 10:00:00,581.33,869.88,29.3,64.03,2.46
2025-09-10 11:00:00,707.53,936.22,30.19,61.82,2.32
2025-09-10 12:00:00,598.9,940.28,30.68,61.17,2.17
2025-09-10 13:00:00,718.7,855.3,30.88,61.23,1.96
2025-09-10 14:00:00,610.33,700.25,30.79,61.65,1.73
2025-09-10 15:00:00,442.33,490.75,30.43,62.73,1.48
2025-09-10 16:00:00,224.75,256.35,29.76,65.76,1.1
2025-09-10 17:00:00,55.8,59.03,28.95,71.08,0.7
2025-09-10 18:00:00,0.0,0.0,27.77,78.9,0.45
2025-09-10 19:00:00,0.0,0.0,27.3,78.79,0.46
2025-09-10 20:00:00,0.0,0.0,26.86,79.44,0.5
2025-09-10 21:00:00,0.0,0.0,26.47,80.57,0.51
2025-09-10 22:00:00,0.0,0.0,26.12,82.36,0.51
2025-09-10 23:00:00,0.0,0.0,25.75,83.82,0.51
2025-09-11 00:00:00,0.0,0.0,25.53,83.67,0.52
2025-09-11 01:00:00,0.0,0.0,25.11,85.03,0.52
2025-09-11 02:00:00,0.0,0.0,24.59,87.23,0.58
2025-09-11 03:00:00,0.0,0.0,24.04,89.43,0.64
2025-09-11 04:00:00,0.0,0.0,23.54,91.17,0.66
2025-09-11 05:00:00,0.0,0.0,23.03,93.29,0.64
2025-09-11 06:00:00,60.45,60.88,23.72,91.84,1.09
2025-09-11 07:00:00,250.68,256.15,25.6,84.59,1.53
2025-09-11 08:00:00,468.67,480.65,28.04,74.84,1.27
2025-09-11 09:00:00,673.72,688.25,29.34,69.26,0.85
2025-09-11 10:00:00,714.88,840.38,30.14,65.97,0.66
2025-09-11 11:00:00,714.9,919.17,30.83,63.5,0.64
2025-09-11 12:00:00,728.6,902.45,31.23,62.1,0.75
2025-09-11 13:00:00,684.67,824.85,31.4,61.24,0.96
2025-09-11 14:00:00,539.45,675.7,31.25,61.27,1.18
2025-09-11 15:00:00,353.88,473.48,30.84,62.31,1.31
2025-09-11 16:00:00,199.02,253.3,30.24,66.05,1.06
2025-09-11 17:00:00,48.05,56.08,29.4,69.94,0.8
2025-09-11 18:00:00,0.0,0.0,28.3,77.81,0.48
2025-09-11 19:00:00,0.0,0.0,27.99,76.55,0.49
2025-09-11 20:00:00,0.0,0.0,27.51,78.01,0.52
2025-09-11 21:00:00,0.0,0.0,27.01,79.71,0.56
2025-09-11 22:00:00,0.0,0.0,26.57,81.22,0.56
2025-09-11 23:00:00,0.0,0.0,25.98,84.02,0.59
2025-09-12 00:00:00,0.0,0.0,25.31,87.27,0.6
2025-09-12 01:00:00,0.0,0.0,24.79,89.72,0.62
2025-09-12 02:00:00,0.0,0.0,24.43,91.48,0.65
2025-09-12 03:00:00,0.0,0.0,24.14,93.12,0.67
2025-09-12 04:00:00,0.0,0.0,23.89,94.17,0.65
2025-09-12 05:00:00,0.0,0.0,23.66,94.88,0.64
2025-09-12 06:00:00,34.28,66.7,24.19,93.5,0.94
2025-09-12 07:00:00,148.9,274.58,25.33,88.27,1.45
2025-09-12 08:00:00,298.58,508.95,26.98,81.22,1.31
2025-09-12 09:00:00,533.88,705.22,28.4,74.29,0.91
2025-09-12 10:00:00,646.72,857.5,29.31,69.81,0.41
2025-09-12 11:00:00,599.58,933.03,30.14,65.4,0.11
2025-09-12 12:00:00,730.42,925.3,30.75,61.61,0.51
2025-09-12 13:00:00,497.1,854.83,31.01,59.77,0.8
2025-09-12 14:00:00,395.9,707.65,31.09,59.15,1.02
2025-09-12 15:00:00,247.5,504.27,30.82,60.08,1.1
2025-09-12 16:00:00,122.68,272.5,30.28,64.46,0.91
2025-09-12 17:00:00,36.4,61.3,29.45,68.59,0.83
2025-09-12 18:00:00,0.0,0.0,27.97,79.94,0.54
2025-09-12 19:00:00,0.0,0.0,27.6,80.05,0.52
2025-09-12 20:00:00,0.0,0.0,27.24,80.82,0.46
2025-09-12 21:00:00,0.0,0.0,26.83,82.17,0.39
2025-09-12 22:00:00,0.0,0.0,26.39,83.06,0.31
2025-09-12 23:00:00,0.0,0.0,26.06,83.64,0.31
2025-09-13 00:00:00,0.0,0.0,25.45,89.01,0.39
2025-09-13 01:00:00,0.0,0.0,25.01,91.33,0.41
2025-09-13 02:00:00,0.0,0.0,24.69,93.12,0.37
2025-09-13 03:00:00,0.0,0.0,24.45,94.03,0.33
2025-09-13 04:00:00,0.0,0.0,24.18,95.24,0.28
2025-09-13 05:00:00,0.0,0.0,23.95,95.93,0.3
2025-09-13 06:00:00,20.2,68.72,23.94,95.36,0.56
2025-09-13 07:00:00,76.68,280.62,24.65,92.66,1.08
2025-09-13 08:00:00,149.25,516.62,25.59,89.09,1.61
2025-09-13 09:00:00,247.82,723.5,26.3,84.6,2.09
2025-09-13 10:00:00,276.33,871.85,27.36,79.34,2.31
2025-09-13 11:00:00,359.02,947.92,28.18,74.26,2.51
2025-09-13 12:00:00,387.67,948.5,28.51,71.65,2.64
2025-09-13 13:00:00,348.17,872.42,28.58,70.49,2.67
2025-09-13 14:00:00,293.23,724.78,28.23,71.6,2.53
2025-09-13 15:00:00,211.88,518.3,27.54,75.28,2.16
2025-09-13 16:00:00,144.2,281.17,26.59,82.11,1.59
2025-09-13 17:00:00,37.03,64.03,25.69,88.17,1.16
2025-09-13 18:00:00,0.0,0.0,24.98,93.89,0.56
2025-09-13 19:00:00,0.0,0.0,24.7,95.22,0.25
2025-09-13 20:00:00,0.0,0.0,24.42,96.07,0.38
2025-09-13 21:00:00,0.0,0.0,24.23,96.26,1.26
2025-09-13 22:00:00,0.0,0.0,24.07,96.35,2.02
2025-09-13 23:00:00,0.0,0.0,23.92,96.45,2.3
2025-09-14 00:00:00,0.0,0.0,23.71,96.62,2.41
2025-09-14 01:00:00,0.0,0.0,23.52,96.7,2.44
2025-09-14 02:00:00,0.0,0.0,23.32,96.82,2.16
2025-09-14 03:00:00,0.0,0.0,23.11,97.29,1.7
2025-09-14 04:00:00,0.0,0.0,22.95,97.6,1.34
2025-09-14 05:00:00,0.0,0.0,22.8,97.74,1.28
2025-09-14 06:00:00,35.12,68.4,23.15,96.83,1.81
2025-09-14 07:00:00,127.07,276.77,24.16,93.03,2.79
2025-09-14 08:00:00,268.98,511.8,25.54,85.38,3.05
2025-09-14 09:00:00,348.95,717.35,27.3,75.67,2.89
2025-09-14 10:00:00,495.17,866.22,28.61,70.31,2.64
2025-09-14 11:00:00,686.1,941.83,29.46,67.34,2.39
2025-09-14 12:00:00,855.85,977.53,30.07,65.39,2.04
2025-09-14 13:00:00,756.53,898.9,30.31,64.47,1.64
2025-09-14 14:00:00,620.28,748.55,30.25,64.37,1.27
2025-09-14 15:00:00,487.85,541.67,29.93,65.1,0.96
2025-09-14 16:00:00,269.23,300.95,29.49,67.91,0.73
2025-09-14 17:00:00,66.32,69.6,28.73,71.76,0.59
2025-09-14 18:00:00,0.0,0.0,27.53,79.19,0.47
2025-09-14 19:00:00,0.0,0.0,26.87,81.26,0.51
2025-09-14 20:00:00,0.0,0.0,26.43,82.49,0.56
2025-09-14 21:00:00,0.0,0.0,26.08,83.09,0.51
2025-09-14 22:00:00,0.0,0.0,26.03,81.39,0.41
2025-09-14 23:00:00,0.0,0.0,25.8,81.58,0.19
2025-09-15 00:00:00,0.0,0.0,25.42,83.34,0.16
2025-09-15 01:00:00,0.0,0.0,24.8,86.18,0.42
2025-09-15 02:00:00,0.0,0.0,24.15,89.82,0.58
2025-09-15 03:00:00,0.0,0.0,23.61,92.24,0.61
2025-09-15 04:00:00,0.0,0.0,23.24,93.54,0.64
2025-09-15 05:00:00,0.0,0.0,22.94,94.63,0.65
2025-09-15 06:00:00,82.4,83.38,23.71,92.89,1.01
2025-09-15 07:00:00,309.55,315.2,25.64,84.86,1.24
2025-09-15 08:00:00,555.83,558.47,28.04,75.05,0.74
2025-09-15 09:00:00,701.83,762.12,29.59,68.3,0.91
2025-09-15 10:00:00,789.75,909.53,30.55,64.16,1.34
2025-09-15 11:00:00,746.05,986.72,31.17,61.88,1.45
2025-09-15 12:00:00,227.38,955.47,31.56,60.42,1.38
2025-09-15 13:00:00,454.4,874.58,31.65,59.49,1.35
2025-09-15 14:00:00,146.88,720.17,31.55,58.82,1.39
2025-09-15 15:00:00,248.18,514.38,31.1,59.58,1.48
2025-09-15 16:00:00,114.85,275.08,30.51,62.2,1.42
2025-09-15 17:00:00,33.35,57.83,29.31,70.61,1.0
2025-09-15 18:00:00,0.0,0.0,27.61,79.34,0.69
2025-09-15 19:00:00,0.0,0.0,27.29,78.13,0.67
2025-09-15 20:00:00,0.0,0.0,27.08,77.57,0.6
2025-09-15 21:00:00,0.0,0.0,27.12,75.12,0.56
2025-09-15 22:00:00,0.0,0.0,26.7,76.15,0.55
2025-09-15 23:00:00,0.0,0.0,26.0,79.84,0.61
2025-09-16 00:00:00,0.0,0.0,25.41,82.33,0.68
2025-09-16 01:00:00,0.0,0.0,24.75,85.38,0.7
2025-09-16 02:00:00,0.0,0.0,24.14,88.16,0.7
2025-09-16 03:00:00,0.0,0.0,23.78,89.28,0.69
2025-09-16 04:00:00,0.0,0.0,23.56,89.8,0.67
2025-09-16 05:00:00,0.0,0.0,23.34,90.75,0.64
2025-09-16 06:00:00,49.78,79.05,24.07,89.03,0.94
2025-09-16 07:00:00,185.35,308.42,25.57,82.89,1.3
2025-09-16 08:00:00,344.77,549.55,28.28,71.98,1.45
2025-09-16 09:00:00,543.9,754.35,29.85,66.89,1.68
2025-09-16 10:00:00,659.65,901.03,30.87,62.76,2.26
2025-09-16 11:00:00,662.28,971.85,31.39,60.01,2.7
2025-09-16 12:00:00,638.72,944.08,31.6,58.95,3.02
2025-09-16 13:00:00,629.47,864.72,31.61,59.11,3.25
2025-09-16 14:00:00,549.38,713.92,31.38,59.35,3.37
2025-09-16 15:00:00,365.77,506.35,30.96,60.16,3.29
2025-09-16 16:00:00,181.27,268.27,30.19,63.82,2.78
2025-09-16 17:00:00,42.17,56.12,28.7,75.23,1.54
2025-09-16 18:00:00,0.0,0.0,26.81,85.02,0.91
2025-09-16 19:00:00,0.0,0.0,26.32,86.55,0.89
2025-09-16 20:00:00,0.0,0.0,25.92,87.78,0.85
2025-09-16 21:00:00,0.0,0.0,25.55,88.91,0.81
2025-09-16 22:00:00,0.0,0.0,25.23,90.0,0.76
2025-09-16 23:00:00,0.0,0.0,24.92,91.02,0.7
2025-09-17 00:00:00,0.0,0.0,24.66,91.9,0.64
2025-09-17 01:00:00,0.0,0.0,24.35,92.76,0.64
2025-09-17 02:00:00,0.0,0.0,24.02,93.71,0.73
2025-09-17 03:00:00,0.0,0.0,23.77,94.39,0.96
2025-09-17 04:00:00,0.0,0.0,23.6,94.8,1.33
2025-09-17 05:00:00,0.0,0.0,23.45,95.26,1.59
2025-09-17 06:00:00,41.62,77.4,23.79,93.53,2.26
2025-09-17 07:00:00,166.68,303.73,25.22,86.83,2.77
2025-09-17 08:00:00,319.27,542.9,26.9,78.24,3.11
2025-09-17 09:00:00,487.75,746.2,28.25,72.18,3.1
2025-09-17 10:00:00,632.5,890.28,29.19,68.59,2.96
2025-09-17 11:00:00,662.97,961.97,29.94,65.79,2.79
2025-09-17 12:00:00,596.0,937.4,30.61,62.65,2.56
2025-09-17 13:00:00,660.75,849.25,30.58,61.54,2.36
2025-09-17 14:00:00,513.25,694.62,30.16,63.01,2.14
2025-09-17 15:00:00,347.48,484.52,29.6,66.02,1.84
2025-09-17 16:00:00,166.15,248.2,28.95,70.52,1.37
2025-09-17 17:00:00,35.1,49.7,28.02,77.31,0.95
2025-09-17 18:00:00,0.0,0.0,26.71,86.76,0.56
2025-09-17 19:00:00,0.0,0.0,26.22,87.47,0.6
2025-09-17 20:00:00,0.0,0.0,25.78,88.46,0.63
2025-09-17 21:00:00,0.0,0.0,25.46,89.47,0.62
2025-09-17 22:00:00,0.0,0.0,25.25,89.73,0.6
2025-09-17 23:00:00,0.0,0.0,25.06,89.44,0.59
2025-09-18 00:00:00,0.0,0.0,24.96,88.44,0.57
2025-09-18 01:00:00,0.0,0.0,24.84,87.85,0.49
2025-09-18 02:00:00,0.0,0.0,24.73,87.47,0.41
2025-09-18 03:00:00,0.0,0.0,24.47,88.79,0.35
2025-09-18 04:00:00,0.0,0.0,24.21,90.12,0.35
2025-09-18 05:00:00,0.0,0.0,23.91,91.58,0.39
2025-09-18 06:00:00,69.57,70.35,24.06,93.84,0.53
2025-09-18 07:00:00,269.92,282.3,25.96,87.62,1.0
2025-09-18 08:00:00,492.9,523.55,27.26,79.14,1.35
2025-09-18 09:00:00,641.28,733.35,28.04,75.17,1.51
2025-09-18 10:00:00,655.05,881.72,28.92,71.47,1.51
2025-09-18 11:00:00,548.88,955.38,29.71,68.31,1.38
2025-09-18 12:00:00,463.4,959.65,30.22,65.95,1.21
2025-09-18 13:00:00,507.23,874.97,30.4,64.64,1.03
2025-09-18 14:00:00,406.8,718.97,30.37,63.93,0.87
2025-09-18 15:00:00,319.4,502.17,30.05,64.29,0.61
2025-09-18 16:00:00,168.48,260.35,29.58,67.09,0.22
2025-09-18 17:00:00,42.78,51.42,28.71,72.4,0.25
2025-09-18 18:00:00,0.0,0.0,27.79,77.06,0.35
2025-09-18 19:00:00,0.0,0.0,27.0,81.63,0.51
2025-09-18 20:00:00,0.0,0.0,26.31,83.37,0.62
2025-09-18 21:00:00,0.0,0.0,25.76,85.5,0.7
2025-09-18 22:00:00,0.0,0.0,25.27,87.39,0.72
2025-09-18 23:00:00,0.0,0.0,24.86,88.76,0.72
2025-09-19 00:00:00,0.0,0.0,24.54,89.85,0.71
2025-09-19 01:00:00,0.0,0.0,24.33,90.63,0.68
2025-09-19 02:00:00,0.0,0.0,24.19,91.09,0.66
2025-09-19 03:00:00,0.0,0.0,24.06,91.35,0.62
2025-09-19 04:00:00,0.0,0.0,23.97,91.18,0.6
2025-09-19 05:00:00,0.0,0.0,23.83,91.35,0.59
2025-09-19 06:00:00,43.1,69.8,24.21,91.61,0.57
2025-09-19 07:00:00,163.2,285.42,25.24,84.68,1.1
2025-09-19 08:00:00,339.8,526.67,26.71,79.41,0.74
2025-09-19 09:00:00,511.52,729.45,28.99,68.71,0.31
2025-09-19 10:00:00,750.6,878.58,30.06,64.88,0.63
2025-09-19 11:00:00,877.9,951.53,30.65,63.11,0.93
2025-09-19 12:00:00,838.03,917.28,30.85,62.7,1.04
2025-09-19 13:00:00,681.65,835.15,30.89,62.93,1.04
2025-09-19 14:00:00,544.6,679.65,30.66,63.92,1.0
2025-09-19 15:00:00,392.65,470.85,30.26,65.82,0.99
2025-09-19 16:00:00,202.12,238.57,29.77,70.8,0.77
2025-09-19 17:00:00,43.7,46.53,28.75,76.44,0.77
2025-09-19 18:00:00,0.0,0.0,27.54,83.03,0.58
2025-09-19 19:00:00,0.0,0.0,27.2,82.81,0.59
2025-09-19 20:00:00,0.0,0.0,27.01,82.03,0.55
2025-09-19 21:00:00,0.0,0.0,26.8,81.66,0.47
2025-09-19 22:00:00,0.0,0.0,26.69,80.5,0.35
2025-09-19 23:00:00,0.0,0.0,26.6,79.51,0.19
2025-09-20 00:00:00,0.0,0.0,26.12,83.03,0.2
2025-09-20 01:00:00,0.0,0.0,25.55,86.69,0.4
2025-09-20 02:00:00,0.0,0.0,24.95,88.87,0.51
2025-09-20 03:00:00,0.0,0.0,24.42,91.74,0.59
2025-09-20 04:00:00,0.0,0.0,24.0,93.78,0.66
2025-09-20 05:00:00,0.0,0.0,23.71,95.32,0.78
2025-09-20 06:00:00,57.33,70.32,24.07,94.79,1.3
2025-09-20 07:00:00,217.82,282.58,25.05,91.07,2.13
2025-09-20 08:00:00,409.9,520.03,26.44,84.94,2.34
2025-09-20 09:00:00,552.33,719.33,27.86,78.44,2.14
2025-09-20 10:00:00,698.2,874.03,28.92,73.92,1.67
2025-09-20 11:00:00,802.95,942.42,29.62,71.05,1.44
2025-09-20 12:00:00,907.03,961.47,29.95,68.89,1.63
2025-09-20 13:00:00,821.33,873.08,29.94,68.4,1.91
2025-09-20 14:00:00,663.3,714.28,29.83,68.74,2.13
2025-09-20 15:00:00,453.67,499.62,29.55,69.96,2.03
2025-09-20 16:00:00,228.82,256.75,29.05,73.76,1.52
2025-09-20 17:00:00,44.88,48.95,28.04,81.07,1.03
2025-09-20 18:00:00,0.0,0.0,26.73,87.56,0.64
2025-09-20 19:00:00,0.0,0.0,26.59,85.69,0.65
2025-09-20 20:00:00,0.0,0.0,26.44,84.41,0.64
2025-09-20 21:00:00,0.0,0.0,26.04,85.68,0.64
2025-09-20 22:00:00,0.0,0.0,25.42,88.85,0.67
2025-09-20 23:00:00,0.0,0.0,24.81,91.86,0.65
2025-09-21 00:00:00,0.0,0.0,24.36,93.8,0.64
2025-09-21 01:00:00,0.0,0.0,24.06,95.03,0.65
2025-09-21 02:00:00,0.0,0.0,23.79,95.77,0.66
2025-09-21 03:00:00,0.0,0.0,23.53,96.26,0.66
2025-09-21 04:00:00,0.0,0.0,23.32,96.6,0.66
2025-09-21 05:00:00,0.0,0.0,23.12,97.17,0.68
2025-09-21 06:00:00,42.62,64.88,23.84,94.84,1.16
2025-09-21 07:00:00,150.32,261.75,25.38,88.72,1.8
2025-09-21 08:00:00,291.15,496.15,27.58,78.4,1.95
2025-09-21 09:00:00,449.17,713.72,29.23,71.47,2.04
2025-09-21 10:00:00,516.15,861.65,30.24,67.74,2.08
2025-09-21 11:00:00,533.5,930.38,30.92,64.34,2.13
2025-09-21 12:00:00,321.73,805.05,31.27,61.64,2.16
2025-09-21 13:00:00,327.2,734.75,31.33,60.53,2.07
2025-09-21 14:00:00,264.92,593.35,31.07,61.27,1.94
2025-09-21 15:00:00,201.02,401.5,30.61,63.28,1.7
2025-09-21 16:00:00,107.97,196.55,29.97,67.82,1.23
2025-09-21 17:00:00,27.25,36.83,28.85,75.63,0.85
2025-09-21 18:00:00,0.0,0.0,27.66,80.81,0.61
2025-09-21 19:00:00,0.0,0.0,27.44,79.98,0.56
2025-09-21 20:00:00,0.0,0.0,27.26,79.62,0.47
2025-09-21 21:00:00,0.0,0.0,27.25,77.84,0.32
2025-09-21 22:00:00,0.0,0.0,27.12,78.92,0.21
2025-09-21 23:00:00,0.0,0.0,26.44,82.75,0.38
2025-09-22 00:00:00,0.0,0.0,25.83,85.97,0.54
2025-09-22 01:00:00,0.0,0.0,25.23,90.01,0.57
2025-09-22 02:00:00,0.0,0.0,24.8,92.17,0.58
2025-09-22 03:00:00,0.0,0.0,24.51,92.92,0.58
2025-09-22 04:00:00,0.0,0.0,24.34,92.77,0.58
2025-09-22 05:00:00,0.0,0.0,24.26,91.85,0.56
2025-09-22 06:00:00,52.2,66.22,24.69,91.72,0.49
2025-09-22 07:00:00,196.73,280.98,25.69,87.66,0.81
2025-09-22 08:00:00,394.38,525.58,27.67,78.12,1.06
2025-09-22 09:00:00,516.2,736.08,29.32,69.47,1.44
2025-09-22 10:00:00,636.35,882.72,30.31,65.68,1.61
2025-09-22 11:00:00,773.92,954.03,31.14,63.01,1.66
2025-09-22 12:00:00,734.47,930.5,31.72,61.06,1.63
2025-09-22 13:00:00,674.4,845.8,31.93,60.05,1.53
2025-09-22 14:00:00,550.2,688.65,31.79,60.07,1.35
2025-09-22 15:00:00,346.15,476.3,31.37,61.27,1.16
2025-09-22 16:00:00,180.75,244.05,30.68,65.61,0.89
2025-09-22 17:00:00,40.88,44.72,29.8,71.07,0.73
2025-09-22 18:00:00,0.0,0.0,28.86,72.59,0.4
2025-09-22 19:00:00,0.0,0.0,28.83,69.89,0.14
2025-09-22 20:00:00,0.0,0.0,28.18,73.31,0.38
2025-09-22 21:00:00,0.0,0.0,27.12,78.52,0.53
2025-09-22 22:00:00,0.0,0.0,26.4,81.79,0.7
2025-09-22 23:00:00,0.0,0.0,25.51,86.53,0.76
2025-09-23 00:00:00,0.0,0.0,24.78,90.16,0.75
2025-09-23 01:00:00,0.0,0.0,24.31,92.07,0.76
2025-09-23 02:00:00,0.0,0.0,23.99,93.09,0.76
2025-09-23 03:00:00,0.0,0.0,23.71,93.81,0.74
2025-09-23 04:00:00,0.0,0.0,23.47,94.21,0.71
2025-09-23 05:00:00,0.0,0.0,23.27,94.39,0.68
2025-09-23 06:00:00,42.47,76.95,24.06,92.91,0.79
2025-09-23 07:00:00,158.95,304.1,25.59,87.33,1.0
2025-09-23 08:00:00,317.5,546.55,28.53,73.32,0.56
2025-09-23 09:00:00,506.9,756.88,30.63,63.28,0.77
2025-09-23 10:00:00,684.3,901.75,31.61,60.17,1.09
2025-09-23 11:00:00,827.25,969.7,32.0,58.8,1.21
2025-09-23 12:00:00,833.15,956.95,32.29,58.0,1.28
2025-09-23 13:00:00,808.97,870.95,32.28,57.89,1.4
2025-09-23 14:00:00,637.55,712.53,32.15,58.35,1.58
2025-09-23 15:00:00,470.48,497.75,31.62,60.28,1.67
2025-09-23 16:00:00,240.88,253.07,30.77,65.24,1.42
2025-09-23 17:00:00,45.42,45.97,29.28,75.27,1.0
2025-09-23 18:00:00,0.0,0.0,27.63,83.57,0.69
2025-09-23 19:00:00,0.0,0.0,27.19,84.39,0.67
2025-09-23 20:00:00,0.0,0.0,26.87,84.96,0.66
2025-09-23 21:00:00,0.0,0.0,26.51,85.93,0.66
2025-09-23 22:00:00,0.0,0.0,26.11,87.26,0.65
2025-09-23 23:00:00,0.0,0.0,25.7,88.67,0.65
2025-09-24 00:00:00,0.0,0.0,25.26,90.22,0.65
2025-09-24 01:00:00,0.0,0.0,24.87,91.59,0.67
2025-09-24 02:00:00,0.0,0.0,24.5,93.08,0.69
2025-09-24 03:00:00,0.0,0.0,24.2,94.24,0.74
2025-09-24 04:00:00,0.0,0.0,23.94,95.05,0.82
2025-09-24 05:00:00,0.0,0.0,23.63,95.74,0.92
2025-09-24 06:00:00,72.25,77.05,24.07,94.32,1.49
2025-09-24 07:00:00,265.17,295.12,25.16,90.66,2.19
2025-09-24 08:00:00,496.92,537.85,27.06,82.2,2.58
2025-09-24 09:00:00,670.45,740.45,28.62,74.97,2.65
2025-09-24 10:00:00,767.95,885.45,29.59,70.99,2.46
2025-09-24 11:00:00,756.33,959.47,30.22,68.17,2.2
2025-09-24 12:00:00,806.05,955.6,30.61,65.85,1.89
2025-09-24 13:00:00,645.25,871.33,30.67,64.02,1.55
2025-09-24 14:00:00,517.92,716.8,30.45,63.34,1.22
2025-09-24 15:00:00,388.88,506.98,30.03,64.18,1.05
2025-09-24 16:00:00,209.27,264.65,29.27,68.68,0.94
2025-09-24 17:00:00,43.88,47.62,28.31,74.35,0.86
2025-09-24 18:00:00,0.0,0.0,26.75,87.75,0.51
2025-09-24 19:00:00,0.0,0.0,26.15,89.84,0.53
2025-09-24 20:00:00,0.0,0.0,25.65,91.28,0.57
2025-09-24 21:00:00,0.0,0.0,25.24,92.21,0.64
2025-09-24 22:00:00,0.0,0.0,24.9,92.95,0.7
2025-09-24 23:00:00,0.0,0.0,24.6,93.7,0.75
2025-09-25 00:00:00,0.0,0.0,24.34,94.62,0.71
2025-09-25 01:00:00,0.0,0.0,24.16,95.38,0.69
2025-09-25 02:00:00,0.0,0.0,24.03,95.66,0.72
2025-09-25 03:00:00,0.0,0.0,23.89,95.98,0.8
2025-09-25 04:00:00,0.0,0.0,23.78,96.04,0.92
2025-09-25 05:00:00,0.0,0.0,23.65,96.13,1.1
2025-09-25 06:00:00,37.67,81.8,23.82,95.16,1.57
2025-09-25 07:00:00,162.15,311.45,24.56,92.17,1.93
2025-09-25 08:00:00,334.17,551.75,25.79,85.95,1.95
2025-09-25 09:00:00,502.0,754.78,27.16,78.64,2.03
2025-09-25 10:00:00,654.45,898.42,28.25,72.09,1.96
2025-09-25 11:00:00,811.42,966.0,28.86,68.71,1.69
2025-09-25 12:00:00,705.05,946.3,29.22,66.96,1.38
2025-09-25 13:00:00,496.85,860.28,29.32,66.33,0.99
2025-09-25 14:00:00,221.0,703.83,29.14,66.69,0.55
2025-09-25 15:00:00,89.1,493.0,28.76,68.01,0.21
2025-09-25 16:00:00,61.2,253.02,28.34,70.23,0.16
2025-09-25 17:00:00,16.88,43.08,27.5,75.56,0.23
2025-09-25 18:00:00,0.0,0.0,26.78,82.36,0.28
2025-09-25 19:00:00,0.0,0.0,26.39,81.49,0.35
2025-09-25 20:00:00,0.0,0.0,26.0,82.77,0.42
2025-09-25 21:00:00,0.0,0.0,25.63,84.38,0.48
2025-09-25 22:00:00,0.0,0.0,25.33,85.16,0.49
2025-09-25 23:00:00,0.0,0.0,25.11,85.5,0.44
2025-09-26 00:00:00,0.0,0.0,24.86,86.27,0.37
2025-09-26 01:00:00,0.0,0.0,24.71,85.83,0.36
2025-09-26 02:00:00,0.0,0.0,24.65,84.99,0.34
2025-09-26 03:00:00,0.0,0.0,24.35,86.22,0.3
2025-09-26 04:00:00,0.0,0.0,23.79,89.56,0.41
2025-09-26 05:00:00,0.0,0.0,23.34,92.06,0.49
2025-09-26 06:00:00,67.78,77.72,23.51,93.33,0.63
2025-09-26 07:00:00,236.85,297.5,24.72,87.54,1.11
2025-09-26 08:00:00,430.1,535.7,27.1,76.21,1.26
2025-09-26 09:00:00,615.0,738.05,28.96,68.62,1.51
2025-09-26 10:00:00,736.4,881.47,30.05,65.04,1.52
2025-09-26 11:00:00,801.12,952.62,30.72,63.21,1.39
2025-09-26 12:00:00,818.08,951.78,30.95,62.77,1.3
2025-09-26 13:00:00,715.85,865.2,31.11,62.55,1.32
2025-09-26 14:00:00,618.17,709.15,31.06,62.87,1.36
2025-09-26 15:00:00,444.67,498.23,30.82,63.77,1.38
2025-09-26 16:00:00,218.0,258.15,30.18,68.73,1.07
2025-09-26 17:00:00,39.67,45.28,29.1,75.68,0.94
2025-09-26 18:00:00,0.0,0.0,27.47,85.92,0.64
2025-09-26 19:00:00,0.0,0.0,26.83,87.23,0.73
2025-09-26 20:00:00,0.0,0.0,26.27,88.57,0.83
2025-09-26 21:00:00,0.0,0.0,25.79,89.83,0.89
2025-09-26 22:00:00,0.0,0.0,25.39,91.07,0.91
2025-09-26 23:00:00,0.0,0.0,25.08,92.29,0.88
2025-09-27 00:00:00,0.0,0.0,24.85,93.41,0.83
2025-09-27 01:00:00,0.0,0.0,24.61,94.55,0.73
2025-09-27 02:00:00,0.0,0.0,24.39,95.61,0.6
2025-09-27 03:00:00,0.0,0.0,24.19,96.29,0.5
2025-09-27 04:00:00,0.0,0.0,24.0,96.53,0.47
2025-09-27 05:00:00,0.0,0.0,23.85,96.43,0.44
2025-09-27 06:00:00,41.55,86.22,24.21,96.07,0.45
2025-09-27 07:00:00,160.77,317.98,25.69,90.27,0.96
2025-09-27 08:00:00,294.2,555.15,27.08,85.49,1.95
2025-09-27 09:00:00,383.8,755.7,28.32,79.6,2.44
2025-09-27 10:00:00,519.0,896.28,29.59,73.66,2.43
2025-09-27 11:00:00,588.35,963.92,30.08,70.13,2.65
2025-09-27 12:00:00,529.67,932.0,29.92,69.95,2.7
2025-09-27 13:00:00,399.8,844.55,29.49,72.01,2.42
2025-09-27 14:00:00,335.0,687.33,29.04,74.58,2.01
2025-09-27 15:00:00,190.0,476.45,28.59,77.61,1.71
2025-09-27 16:00:00,73.88,239.05,27.92,83.09,1.33
2025-09-27 17:00:00,18.67,38.72,26.96,88.94,1.04
2025-09-27 18:00:00,0.0,0.0,25.97,93.75,0.85
2025-09-27 19:00:00,0.0,0.0,25.61,94.6,1.08
2025-09-27 20:00:00,0.0,0.0,25.3,95.5,1.43
2025-09-27 21:00:00,0.0,0.0,25.01,96.4,1.7
2025-09-27 22:00:00,0.0,0.0,24.77,96.97,1.73
2025-09-27 23:00:00,0.0,0.0,24.47,97.53,1.49
2025-09-28 00:00:00,0.0,0.0,24.07,98.02,1.16
2025-09-28 01:00:00,0.0,0.0,23.76,98.14,1.14
2025-09-28 02:00:00,0.0,0.0,23.7,97.63,1.59
2025-09-28 03:00:00,0.0,0.0,23.75,96.93,2.3
2025-09-28 04:00:00,0.0,0.0,23.51,97.2,2.0
2025-09-28 05:00:00,0.0,0.0,23.29,97.46,1.77
2025-09-28 06:00:00,44.47,76.5,23.53,96.8,2.28
2025-09-28 07:00:00,163.62,296.83,24.41,93.76,3.22
2025-09-28 08:00:00,311.45,534.33,25.68,86.66,3.65
2025-09-28 09:00:00,375.55,738.3,27.46,76.91,3.57
2025-09-28 10:00:00,547.05,881.2,28.67,71.79,3.32
2025-09-28 11:00:00,716.65,950.0,29.39,69.54,3.04
2025-09-28 12:00:00,744.58,935.22,29.78,68.49,2.67
2025-09-28 13:00:00,705.9,845.05,29.9,68.04,2.33
2025-09-28 14:00:00,588.67,684.75,29.88,67.75,2.06
2025-09-28 15:00:00,438.02,470.02,29.6,68.31,1.8
2025-09-28 16:00:00,214.8,230.32,28.88,72.26,1.52
2025-09-28 17:00:00,36.8,37.33,27.76,80.33,1.08
2025-09-28 18:00:00,0.0,0.0,26.22,89.18,0.68
2025-09-28 19:00:00,0.0,0.0,25.77,89.96,0.69
2025-09-28 20:00:00,0.0,0.0,25.4,90.78,0.7
2025-09-28 21:00:00,0.0,0.0,25.05,91.5,0.71
2025-09-28 22:00:00,0.0,0.0,24.68,92.35,0.76
2025-09-28 23:00:00,0.0,0.0,24.33,93.08,0.84
2025-09-29 00:00:00,0.0,0.0,24.02,93.7,0.96
2025-09-29 01:00:00,0.0,0.0,23.75,94.31,1.11
2025-09-29 02:00:00,0.0,0.0,23.49,95.22,1.2
2025-09-29 03:00:00,0.0,0.0,23.22,96.28,1.12
2025-09-29 04:00:00,0.0,0.0,23.0,97.17,0.95
2025-09-29 05:00:00,0.0,0.0,22.81,97.64,0.91
2025-09-29 06:00:00,28.73,70.7,23.26,95.47,1.59
2025-09-29 07:00:00,85.43,281.98,24.68,89.03,2.23
2025-09-29 08:00:00,137.75,518.47,26.47,80.68,2.41
2025-09-29 09:00:00,233.43,722.0,28.0,74.31,1.99
2025-09-29 10:00:00,361.7,867.6,29.0,70.63,1.42
2025-09-29 11:00:00,568.45,940.42,29.52,68.26,1.0
2025-09-29 12:00:00,720.17,946.0,29.8,66.69,0.75
2025-09-29 13:00:00,579.0,858.95,29.83,65.99,0.59
2025-09-29 14:00:00,439.5,701.33,29.61,66.26,0.5
2025-09-29 15:00:00,295.83,488.6,29.29,67.57,0.48
2025-09-29 16:00:00,136.62,244.15,28.96,71.19,0.42
2025-09-29 17:00:00,27.67,39.25,28.22,73.77,0.37
2025-09-29 18:00:00,0.0,0.0,27.54,77.39,0.29
2025-09-29 19:00:00,0.0,0.0,26.95,78.79,0.39
2025-09-29 20:00:00,0.0,0.0,26.4,80.07,0.5
2025-09-29 21:00:00,0.0,0.0,25.84,82.36,0.6
2025-09-29 22:00:00,0.0,0.0,25.08,86.31,0.68
2025-09-29 23:00:00,0.0,0.0,24.5,88.97,0.7
2025-09-30 00:00:00,0.0,0.0,24.06,90.57,0.71
2025-09-30 01:00:00,0.0,0.0,23.77,91.05,0.7
2025-09-30 02:00:00,0.0,0.0,23.58,90.88,0.69
2025-09-30 03:00:00,0.0,0.0,23.54,89.91,0.64
2025-09-30 04:00:00,0.0,0.0,23.53,89.12,0.52
2025-09-30 05:00:00,0.0,0.0,23.43,89.22,0.42
2025-09-30 06:00:00,62.4,76.65,23.67,91.1,0.48
2025-09-30 07:00:00,214.52,296.67,24.97,86.21,0.83
2025-09-30 08:00:00,390.55,537.75,27.85,72.95,0.67
2025-09-30 09:00:00,605.9,744.25,29.58,65.66,0.67
2025-09-30 10:00:00,831.17,890.03,30.57,62.05,0.72
2025-09-30 11:00:00,952.5,957.92,31.2,60.09,0.82
2025-09-30 12:00:00,943.42,947.92,31.5,59.09,0.89
2025-09-30 13:00:00,807.38,855.17,31.64,58.48,0.89
2025-09-30 14:00:00,652.92,692.92,31.59,58.29,0.81
2025-09-30 15:00:00,428.77,475.98,31.26,58.9,0.67
2025-09-30 16:00:00,198.65,233.18,30.73,61.0,0.45
2025-09-30 17:00:00,31.42,35.88,29.63,66.91,0.33
2025-09-30 18:00:00,0.0,0.0,28.58,73.7,0.36
2025-09-30 19:00:00,0.0,0.0,27.8,72.77,0.47
2025-09-30 20:00:00,0.0,0.0,27.14,75.18,0.65
2025-09-30 21:00:00,0.0,0.0,26.3,79.6,0.73
2025-09-30 22:00:00,0.0,0.0,25.54,83.74,0.74
2025-09-30 23:00:00,0.0,0.0,24.94,86.91,0.75
2025-10-01 00:00:00,0.0,0.0,24.44,88.58,0.79
2025-10-01 01:00:00,0.0,0.0,23.98,89.95,0.81
2025-10-01 02:00:00,0.0,0.0,23.58,91.25,0.83
2025-10-01 03:00:00,0.0,0.0,23.26,92.63,0.89
2025-10-01 04:00:00,0.0,0.0,22.95,94.12,0.99
2025-10-01 05:00:00,0.0,0.0,22.7,95.69,1.08
2025-10-01 06:00:00,69.57,76.03,23.33,93.97,1.88
2025-10-01 07:00:00,248.68,291.9,25.29,86.27,2.17
2025-10-01 08:00:00,452.25,531.15,28.33,70.23,1.93
2025-10-01 09:00:00,668.53,735.47,30.24,63.13,1.22
2025-10-01 10:00:00,823.05,880.97,31.46,59.27,0.9
2025-10-01 11:00:00,854.78,949.08,32.15,57.15,0.89
2025-10-01 12:00:00,791.28,933.45,32.42,56.36,0.92
2025-10-01 13:00:00,681.53,840.67,32.42,56.19,0.96
2025-10-01 14:00:00,559.5,674.42,32.2,56.64,1.12
2025-10-01 15:00:00,383.0,456.42,31.75,58.2,1.34
2025-10-01 16:00:00,184.65,217.75,30.91,63.75,1.39
2025-10-01 17:00:00,31.42,33.08,29.27,74.13,1.24
2025-10-01 18:00:00,0.0,0.0,27.47,81.31,1.19
2025-10-01 19:00:00,0.0,0.0,26.93,82.11,1.73
2025-10-01 20:00:00,0.0,0.0,26.43,83.9,2.36
2025-10-01 21:00:00,0.0,0.0,25.9,86.56,2.7
2025-10-01 22:00:00,0.0,0.0,25.42,88.96,2.78
2025-10-01 23:00:00,0.0,0.0,25.04,90.56,2.69
2025-10-02 00:00:00,0.0,0.0,24.7,91.9,2.49
2025-10-02 01:00:00,0.0,0.0,24.39,93.21,2.2
2025-10-02 02:00:00,0.0,0.0,24.11,94.35,1.86
2025-10-02 03:00:00,0.0,0.0,23.9,95.07,1.64
2025-10-02 04:00:00,0.0,0.0,23.66,95.89,1.47
2025-10-02 05:00:00,0.0,0.0,23.47,96.17,1.45
2025-10-02 06:00:00,50.92,75.03,23.79,94.55,2.0
2025-10-02 07:00:00,186.88,292.3,24.92,89.85,2.58
2025-10-02 08:00:00,338.98,529.1,26.7,79.14,2.71
2025-10-02 09:00:00,607.58,735.4,28.36,70.57,2.56
2025-10-02 10:00:00,736.0,878.5,29.46,66.8,2.23
2025-10-02 11:00:00,764.78,949.4,30.15,64.78,1.91
2025-10-02 12:00:00,802.4,934.65,30.55,63.4,1.62
2025-10-02 13:00:00,770.4,845.5,30.64,62.57,1.52
2025-10-02 14:00:00,626.4,687.83,30.45,62.3,1.67
2025-10-02 15:00:00,449.33,472.67,29.99,62.93,1.82
2025-10-02 16:00:00,222.57,232.35,29.3,65.8,1.63
2025-10-02 17:00:00,33.75,34.28,28.06,75.33,0.99
2025-10-02 18:00:00,0.0,0.0,26.57,84.0,0.65
2025-10-02 19:00:00,0.0,0.0,26.15,83.86,0.67
2025-10-02 20:00:00,0.0,0.0,25.86,84.29,0.67
2025-10-02 21:00:00,0.0,0.0,25.58,84.77,0.66
2025-10-02 22:00:00,0.0,0.0,25.28,86.1,0.65
2025-10-02 23:00:00,0.0,0.0,24.91,87.8,0.64
2025-10-03 00:00:00,0.0,0.0,24.57,89.4,0.62
2025-10-03 01:00:00,0.0,0.0,24.22,90.73,0.62
2025-10-03 02:00:00,0.0,0.0,23.89,91.82,0.65
2025-10-03 03:00:00,0.0,0.0,23.55,92.86,0.69
2025-10-03 04:00:00,0.0,0.0,23.22,94.04,0.69
2025-10-03 05:00:00,0.0,0.0,22.83,95.47,0.71
2025-10-03 06:00:00,79.82,82.03,23.32,93.38,1.23
2025-10-03 07:00:00,287.88,307.95,25.09,85.78,1.58
2025-10-03 08:00:00,512.08,547.75,28.02,72.08,1.55
2025-10-03 09:00:00,702.9,753.65,29.65,65.66,1.55
2025-10-03 10:00:00,782.28,894.25,30.78,61.27,1.66
2025-10-03 11:00:00,854.72,959.6,31.66,57.56,1.8
2025-10-03 12:00:00,899.55,943.95,32.27,54.77,1.94
2025-10-03 13:00:00,775.45,850.6,32.58,53.17,2.08
2025-10-03 14:00:00,668.97,686.65,32.5,52.97,2.15
2025-10-03 15:00:00,431.17,469.17,32.03,54.35,2.16
2025-10-03 16:00:00,210.38,227.23,31.15,58.52,1.89
2025-10-03 17:00:00,31.17,32.65,29.33,71.66,1.14
2025-10-03 18:00:00,0.0,0.0,27.25,80.45,0.81
2025-10-03 19:00:00,0.0,0.0,26.78,81.02,0.81
2025-10-03 20:00:00,0.0,0.0,26.43,81.36,0.79
2025-10-03 21:00:00,0.0,0.0,26.15,81.27,0.76
2025-10-03 22:00:00,0.0,0.0,25.97,80.65,0.74
2025-10-03 23:00:00,0.0,0.0,25.83,79.88,0.71
2025-10-04 00:00:00,0.0,0.0,25.53,80.31,0.64
2025-10-04 01:00:00,0.0,0.0,25.2,81.11,0.57
2025-10-04 02:00:00,0.0,0.0,24.98,81.35,0.54
2025-10-04 03:00:00,0.0,0.0,24.65,82.61,0.42
2025-10-04 04:00:00,0.0,0.0,24.35,84.33,0.2
2025-10-04 05:00:00,0.0,0.0,24.03,85.07,0.28
2025-10-04 06:00:00,89.05,89.55,23.99,88.48,0.53
2025-10-04 07:00:00,319.98,320.8,25.59,82.14,1.06
2025-10-04 08:00:00,564.05,564.33,28.8,68.94,1.42
2025-10-04 09:00:00,760.35,767.62,30.91,61.42,1.49
2025-10-04 10:00:00,891.65,908.3,32.18,57.62,1.35
2025-10-04 11:00:00,940.4,975.97,33.06,55.12,1.22
2025-10-04 12:00:00,944.65,962.2,33.55,53.51,1.14
2025-10-04 13:00:00,804.35,869.83,33.66,52.96,1.12
2025-10-04 14:00:00,693.97,706.6,33.36,53.46,1.15
2025-10-04 15:00:00,484.77,489.12,32.81,55.12,1.24
2025-10-04 16:00:00,237.68,243.4,31.96,60.37,1.04
2025-10-04 17:00:00,34.97,35.42,30.44,69.74,0.89
2025-10-04 18:00:00,0.0,0.0,28.36,79.36,0.76
2025-10-04 19:00:00,0.0,0.0,27.55,81.65,0.85
2025-10-04 20:00:00,0.0,0.0,26.96,83.44,0.93
2025-10-04 21:00:00,0.0,0.0,26.47,85.13,0.97
2025-10-04 22:00:00,0.0,0.0,26.06,86.47,0.98
2025-10-04 23:00:00,0.0,0.0,25.69,87.49,1.02
2025-10-05 00:00:00,0.0,0.0,25.35,88.44,1.06
2025-10-05 01:00:00,0.0,0.0,25.05,89.44,1.1
2025-10-05 02:00:00,0.0,0.0,24.75,90.59,1.13
2025-10-05 03:00:00,0.0,0.0,24.48,91.81,1.23
2025-10-05 04:00:00,0.0,0.0,24.25,92.96,1.4
2025-10-05 05:00:00,0.0,0.0,24.02,94.31,1.59
2025-10-05 06:00:00,83.25,84.68,24.21,94.24,2.15
2025-10-05 07:00:00,292.15,310.3,25.13,91.8,2.61
2025-10-05 08:00:00,516.75,548.15,26.76,84.63,2.98
2025-10-05 09:00:00,659.55,749.3,28.62,74.98,3.34
2025-10-05 10:00:00,787.38,889.3,29.82,69.72,3.11
2025-10-05 11:00:00,819.67,954.78,30.41,67.49,2.75
2025-10-05 12:00:00,751.22,938.75,30.62,66.38,2.37
2025-10-05 13:00:00,578.85,844.88,30.73,65.92,1.98
2025-10-05 14:00:00,469.7,683.45,30.23,67.91,1.6
2025-10-05 15:00:00,333.6,468.88,29.74,70.89,1.22
2025-10-05 16:00:00,141.93,227.65,29.25,74.97,0.86
2025-10-05 17:00:00,20.95,31.55,28.24,82.5,0.61
2025-10-05 18:00:00,0.0,0.0,27.34,84.99,0.58
2025-10-05 19:00:00,0.0,0.0,26.89,86.72,0.61
2025-10-05 20:00:00,0.0,0.0,26.42,88.85,0.61
2025-10-05 21:00:00,0.0,0.0,26.04,90.11,0.61
2025-10-05 22:00:00,0.0,0.0,25.69,91.05,0.59
2025-10-05 23:00:00,0.0,0.0,25.39,91.66,0.59
2025-10-06 00:00:00,0.0,0.0,25.02,92.82,0.6
2025-10-06 01:00:00,0.0,0.0,24.68,93.82,0.61
2025-10-06 02:00:00,0.0,0.0,24.33,94.86,0.64
2025-10-06 03:00:00,0.0,0.0,24.04,95.47,0.75
2025-10-06 04:00:00,0.0,0.0,23.82,95.74,0.98
2025-10-06 05:00:00,0.0,0.0,23.62,95.92,1.25
2025-10-06 06:00:00,40.72,71.7,23.8,95.15,1.75
2025-10-06 07:00:00,153.6,282.7,24.55,92.94,2.38
2025-10-06 08:00:00,267.12,536.4,25.76,89.07,2.45
2025-10-06 09:00:00,287.75,738.97,27.09,81.93,2.68
2025-10-06 10:00:00,403.38,880.15,27.94,77.24,2.63
2025-10-06 11:00:00,446.85,947.15,28.33,75.59,2.56
2025-10-06 12:00:00,635.2,941.28,28.52,74.39,2.54
2025-10-06 13:00:00,515.08,853.17,28.56,73.29,2.57
2025-10-06 14:00:00,543.55,694.55,28.43,73.09,2.57
2025-10-06 15:00:00,390.85,481.5,28.15,74.32,2.45
2025-10-06 16:00:00,184.35,240.0,27.57,78.91,1.92
2025-10-06 17:00:00,26.67,33.62,26.4,86.79,1.25
2025-10-06 18:00:00,0.0,0.0,25.07,92.32,0.8
2025-10-06 19:00:00,0.0,0.0,24.7,93.23,0.77
2025-10-06 20:00:00,0.0,0.0,24.37,94.07,0.77
2025-10-06 21:00:00,0.0,0.0,24.05,94.88,0.79
2025-10-06 22:00:00,0.0,0.0,23.76,95.61,0.81
2025-10-06 23:00:00,0.0,0.0,23.48,96.26,0.81
2025-10-07 00:00:00,0.0,0.0,23.21,96.88,0.79
2025-10-07 01:00:00,0.0,0.0,22.96,97.33,0.77
2025-10-07 02:00:00,0.0,0.0,22.72,97.88,0.76
2025-10-07 03:00:00,0.0,0.0,22.48,98.45,0.76
2025-10-07 04:00:00,0.0,0.0,22.3,98.68,0.79
2025-10-07 05:00:00,0.0,0.0,22.17,98.62,0.85
2025-10-07 06:00:00,73.05,85.25,22.73,96.16,1.5
2025-10-07 07:00:00,252.88,313.52,24.32,89.68,2.11
2025-10-07 08:00:00,446.02,549.6,26.9,76.84,2.85
2025-10-07 09:00:00,654.83,748.35,28.91,68.81,3.33
2025-10-07 10:00:00,724.47,885.55,30.2,65.13,3.35
2025-10-07 11:00:00,710.17,948.2,31.08,62.72,3.24
2025-10-07 12:00:00,539.9,906.85,31.45,60.88,3.25
2025-10-07 13:00:00,450.3,813.92,31.41,60.59,3.28
2025-10-07 14:00:00,447.45,650.9,31.06,61.61,3.27
2025-10-07 15:00:00,301.05,434.58,30.45,64.58,2.95
2025-10-07 16:00:00,150.85,202.05,29.55,70.84,2.2
2025-10-07 17:00:00,25.45,27.1,28.04,81.01,1.42
2025-10-07 18:00:00,0.0,0.0,26.31,88.61,0.88
2025-10-07 19:00:00,0.0,0.0,25.9,89.58,0.78
2025-10-07 20:00:00,0.0,0.0,25.68,89.04,0.71
2025-10-07 21:00:00,0.0,0.0,25.76,86.43,0.66
2025-10-07 22:00:00,0.0,0.0,25.84,84.84,0.49
2025-10-07 23:00:00,0.0,0.0,25.67,84.92,0.33
2025-10-08 00:00:00,0.0,0.0,25.39,85.95,0.31
2025-10-08 01:00:00,0.0,0.0,24.96,88.92,0.35
2025-10-08 02:00:00,0.0,0.0,24.57,90.48,0.37
2025-10-08 03:00:00,0.0,0.0,24.3,91.44,0.34
2025-10-08 04:00:00,0.0,0.0,24.14,91.83,0.3
2025-10-08 05:00:00,0.0,0.0,24.05,91.63,0.3
2025-10-08 06:00:00,46.97,82.0,24.07,93.44,0.34
2025-10-08 07:00:00,152.9,310.75,24.98,89.4,0.6
2025-10-08 08:00:00,300.0,549.22,27.12,79.27,0.57
2025-10-08 09:00:00,543.7,748.05,28.64,70.64,1.13
2025-10-08 10:00:00,744.9,887.67,29.45,67.93,1.66
2025-10-08 11:00:00,813.53,949.33,29.93,66.56,2.03
2025-10-08 12:00:00,786.47,918.67,30.22,65.85,2.2
2025-10-08 13:00:00,594.75,831.55,30.29,65.48,2.26
2025-10-08 14:00:00,453.9,673.0,30.15,65.79,2.25
2025-10-08 15:00:00,340.02,458.05,29.89,66.92,2.09
2025-10-08 16:00:00,166.9,220.0,29.37,71.39,1.55
2025-10-08 17:00:00,25.98,29.05,28.05,79.85,1.11
2025-10-08 18:00:00,0.0,0.0,26.47,85.92,0.77
2025-10-08 19:00:00,0.0,0.0,25.98,86.59,0.77
2025-10-08 20:00:00,0.0,0.0,25.44,88.13,0.83
2025-10-08 21:00:00,0.0,0.0,24.91,89.91,0.97
2025-10-08 22:00:00,0.0,0.0,24.4,91.47,1.22
2025-10-08 23:00:00,0.0,0.0,23.96,93.25,1.52
2025-10-09 00:00:00,0.0,0.0,23.62,95.39,1.66
2025-10-09 01:00:00,0.0,0.0,23.34,97.28,1.58
2025-10-09 02:00:00,0.0,0.0,23.05,98.96,1.44
2025-10-09 03:00:00,0.0,0.0,22.74,100.0,1.41
2025-10-09 04:00:00,0.0,0.0,22.51,100.0,1.45
2025-10-09 05:00:00,0.0,0.0,22.31,100.0,1.48
2025-10-09 06:00:00,81.45,85.53,22.97,97.52,2.06
2025-10-09 07:00:00,281.92,314.4,24.61,90.7,3.08
2025-10-09 08:00:00,490.85,556.12,26.68,79.06,3.43
2025-10-09 09:00:00,730.67,759.83,28.78,68.93,3.21
2025-10-09 10:00:00,873.92,899.6,30.34,62.99,2.9
2025-10-09 11:00:00,923.33,962.9,31.37,59.45,2.69
2025-10-09 12:00:00,910.88,940.38,31.99,57.21,2.51
2025-10-09 13:00:00,791.8,844.97,32.22,56.03,2.31
2025-10-09 14:00:00,658.0,680.17,32.09,55.89,2.06
2025-10-09 15:00:00,456.1,461.17,31.59,57.07,1.8
2025-10-09 16:00:00,214.18,216.23,30.71,60.76,1.42
2025-10-09 17:00:00,28.23,28.35,29.33,70.08,0.95
2025-10-09 18:00:00,0.0,0.0,27.49,80.33,0.68
2025-10-09 19:00:00,0.0,0.0,26.75,81.74,0.73
2025-10-09 20:00:00,0.0,0.0,26.09,83.52,0.74
2025-10-09 21:00:00,0.0,0.0,25.5,85.51,0.76
2025-10-09 22:00:00,0.0,0.0,24.98,87.11,0.77
2025-10-09 23:00:00,0.0,0.0,24.49,88.64,0.79
2025-10-10 00:00:00,0.0,0.0,24.07,89.79,0.79
2025-10-10 01:00:00,0.0,0.0,23.67,90.9,0.77
2025-10-10 02:00:00,0.0,0.0,23.34,91.66,0.75
2025-10-10 03:00:00,0.0,0.0,23.0,92.45,0.72
2025-10-10 04:00:00,0.0,0.0,22.67,93.32,0.71
2025-10-10 05:00:00,0.0,0.0,22.33,94.39,0.7
2025-10-10 06:00:00,83.68,84.53,22.96,92.94,1.0
2025-10-10 07:00:00,294.33,301.27,24.82,85.61,1.48
2025-10-10 08:00:00,525.12,542.55,28.31,69.2,1.17
2025-10-10 09:00:00,708.8,742.45,30.26,62.45,0.21
2025-10-10 10:00:00,865.62,880.92,31.54,58.39,0.83
2025-10-10 11:00:00,849.38,944.55,32.33,56.11,1.3
2025-10-10 12:00:00,838.83,932.38,32.76,54.68,1.62
2025-10-10 13:00:00,743.97,836.7,32.85,54.04,1.9
2025-10-10 14:00:00,598.8,670.88,32.51,54.48,2.11
2025-10-10 15:00:00,434.02,450.62,31.91,56.31,2.12
2025-10-10 16:00:00,199.23,209.35,30.98,61.02,1.8
2025-10-10 17:00:00,26.48,26.45,29.31,72.65,1.21
2025-10-10 18:00:00,0.0,0.0,27.33,82.33,0.8
2025-10-10 19:00:00,0.0,0.0,26.76,83.63,0.81
2025-10-10 20:00:00,0.0,0.0,26.29,84.75,0.8
2025-10-10 21:00:00,0.0,0.0,25.86,85.73,0.79
2025-10-10 22:00:00,0.0,0.0,25.4,86.89,0.79
2025-10-10 23:00:00,0.0,0.0,24.97,88.13,0.81
2025-10-11 00:00:00,0.0,0.0,24.54,89.6,0.81
2025-10-11 01:00:00,0.0,0.0,24.14,91.14,0.8
2025-10-11 02:00:00,0.0,0.0,23.77,92.78,0.8
2025-10-11 03:00:00,0.0,0.0,23.42,94.37,0.82
2025-10-11 04:00:00,0.0,0.0,23.13,95.94,0.83
2025-10-11 05:00:00,0.0,0.0,22.86,97.73,0.82
2025-10-11 06:00:00,41.38,71.97,23.38,95.89,1.27
2025-10-11 07:00:00,144.6,279.67,25.08,88.86,1.98
2025-10-11 08:00:00,254.23,511.8,27.05,79.39,2.68
2025-10-11 09:00:00,476.52,710.1,28.52,72.72,2.94
2025-10-11 10:00:00,646.72,847.5,29.47,69.23,2.96
2025-10-11 11:00:00,634.05,916.7,29.96,66.96,2.85
2025-10-11 12:00:00,622.72,913.55,30.16,65.88,2.66
2025-10-11 13:00:00,549.0,822.9,30.09,66.02,2.47
2025-10-11 14:00:00,389.62,661.2,29.81,66.91,2.3
2025-10-11 15:00:00,280.48,446.83,29.27,68.71,2.12
2025-10-11 16:00:00,127.38,207.52,28.53,72.72,1.75
2025-10-11 17:00:00,22.12,25.55,27.21,82.53,1.08
2025-10-11 18:00:00,0.0,0.0,25.66,90.38,0.71
2025-10-11 19:00:00,0.0,0.0,25.21,91.33,0.71
2025-10-11 20:00:00,0.0,0.0,24.84,92.07,0.7
2025-10-11 21:00:00,0.0,0.0,24.56,92.54,0.66
2025-10-11 22:00:00,0.0,0.0,24.34,92.74,0.64
2025-10-11 23:00:00,0.0,0.0,24.13,93.05,0.64
2025-10-12 00:00:00,0.0,0.0,23.91,93.5,0.62
2025-10-12 01:00:00,0.0,0.0,23.71,94.1,0.62
2025-10-12 02:00:00,0.0,0.0,23.52,95.0,0.64
2025-10-12 03:00:00,0.0,0.0,23.31,95.79,0.79
2025-10-12 04:00:00,0.0,0.0,23.21,95.65,1.06
2025-10-12 05:00:00,0.0,0.0,23.11,95.54,1.25
2025-10-12 06:00:00,63.6,75.65,23.34,94.01,1.52
2025-10-12 07:00:00,210.1,285.7,24.34,88.62,2.0
2025-10-12 08:00:00,386.15,520.47,25.75,78.99,2.03
2025-10-12 09:00:00,514.2,728.38,26.99,73.02,2.04
2025-10-12 10:00:00,548.47,869.22,28.39,67.85,2.13
2025-10-12 11:00:00,529.67,935.17,29.51,63.4,2.39
2025-10-12 12:00:00,548.05,897.78,29.89,62.32,2.57
2025-10-12 13:00:00,455.45,802.9,29.95,62.51,2.56
2025-10-12 14:00:00,366.4,645.47,29.61,64.41,2.39
2025-10-12 15:00:00,271.4,431.4,29.06,67.58,2.05
2025-10-12 16:00:00,119.93,197.3,28.34,73.96,1.39
2025-10-12 17:00:00,18.67,23.62,27.08,83.65,0.89
2025-10-12 18:00:00,0.0,0.0,25.87,88.9,0.66
2025-10-12 19:00:00,0.0,0.0,25.45,89.96,0.67
2025-10-12 20:00:00,0.0,0.0,25.05,91.2,0.65
2025-10-12 21:00:00,0.0,0.0,24.75,91.75,0.6
2025-10-12 22:00:00,0.0,0.0,24.65,90.72,0.56
2025-10-12 23:00:00,0.0,0.0,24.62,89.12,0.53
2025-10-13 00:00:00,0.0,0.0,24.32,89.84,0.56
2025-10-13 01:00:00,0.0,0.0,23.87,91.7,0.59
2025-10-13 02:00:00,0.0,0.0,23.47,93.01,0.61
2025-10-13 03:00:00,0.0,0.0,23.08,94.37,0.62
2025-10-13 04:00:00,0.0,0.0,22.68,95.73,0.63
2025-10-13 05:00:00,0.0,0.0,22.33,97.19,0.64
2025-10-13 06:00:00,68.5,71.82,22.8,96.04,0.99
2025-10-13 07:00:00,263.6,281.45,24.45,89.46,1.32
2025-10-13 08:00:00,494.15,519.7,27.16,76.67,0.65
2025-10-13 09:00:00,651.22,725.25,28.85,69.93,1.1
2025-10-13 10:00:00,749.1,864.78,29.77,66.77,1.43
2025-10-13 11:00:00,741.95,928.2,30.37,64.47,1.55
2025-10-13 12:00:00,620.95,876.33,30.7,62.96,1.65
2025-10-13 13:00:00,544.78,783.65,30.69,62.61,1.75
2025-10-13 14:00:00,475.62,616.38,30.35,63.53,1.87
2025-10-13 15:00:00,292.52,404.9,29.87,65.48,1.85
2025-10-13 16:00:00,133.65,187.85,29.15,70.85,1.47
2025-10-13 17:00:00,14.62,22.25,27.86,80.35,1.02
2025-10-13 18:00:00,0.0,0.0,26.45,87.15,0.69
2025-10-13 19:00:00,0.0,0.0,26.08,87.35,0.7
2025-10-13 20:00:00,0.0,0.0,25.67,88.18,0.72
2025-10-13 21:00:00,0.0,0.0,25.2,89.63,0.74
2025-10-13 22:00:00,0.0,0.0,24.75,91.02,0.79
2025-10-13 23:00:00,0.0,0.0,24.39,92.05,0.9
2025-10-14 00:00:00,0.0,0.0,24.13,92.82,1.06
2025-10-14 01:00:00,0.0,0.0,23.95,93.51,1.32
2025-10-14 02:00:00,0.0,0.0,23.79,94.55,1.6
2025-10-14 03:00:00,0.0,0.0,23.61,95.96,1.7
2025-10-14 04:00:00,0.0,0.0,23.44,97.08,1.59
2025-10-14 05:00:00,0.0,0.0,23.3,97.53,1.42
2025-10-14 06:00:00,60.25,77.4,23.53,96.36,1.63
2025-10-14 07:00:00,213.15,297.5,24.49,92.03,2.16
2025-10-14 08:00:00,404.08,534.17,25.89,81.53,2.13
2025-10-14 09:00:00,605.3,733.83,27.54,70.13,1.68
2025-10-14 10:00:00,786.53,873.5,29.2,63.9,0.86
2025-10-14 11:00:00,861.0,934.88,30.27,61.57,0.98
2025-10-14 12:00:00,809.85,911.9,30.58,61.66,1.37
2025-10-14 13:00:00,689.9,815.4,30.3,63.26,1.5
2025-10-14 14:00:00,514.17,650.67,29.79,65.89,1.4
2025-10-14 15:00:00,366.67,433.7,29.25,69.12,1.19
2025-10-14 16:00:00,157.15,197.75,28.63,74.68,0.99
2025-10-14 17:00:00,20.55,23.45,27.47,82.42,0.85
2025-10-14 18:00:00,0.0,0.0,26.0,90.43,0.72
2025-10-14 19:00:00,0.0,0.0,25.47,91.04,0.93
2025-10-14 20:00:00,0.0,0.0,25.06,91.43,1.13
2025-10-14 21:00:00,0.0,0.0,24.73,92.08,1.26
2025-10-14 22:00:00,0.0,0.0,24.43,92.71,1.36
2025-10-14 23:00:00,0.0,0.0,24.15,93.51,1.43
2025-10-15 00:00:00,0.0,0.0,23.86,94.6,1.4
2025-10-15 01:00:00,0.0,0.0,23.58,95.82,1.28
2025-10-15 02:00:00,0.0,0.0,23.33,96.91,1.08
2025-10-15 03:00:00,0.0,0.0,23.11,97.65,0.87
2025-10-15 04:00:00,0.0,0.0,22.9,98.25,0.71
2025-10-15 05:00:00,0.0,0.0,22.78,98.45,0.61
2025-10-15 06:00:00,77.85,79.7,23.17,97.42,0.66
2025-10-15 07:00:00,296.8,302.45,24.47,91.76,1.25
2025-10-15 08:00:00,538.97,540.65,26.61,79.34,1.28
2025-10-15 09:00:00,739.17,742.55,28.92,67.17,1.21
2025-10-15 10:00:00,818.08,877.88,30.48,60.69,1.25
2025-10-15 11:00:00,847.95,940.38,31.4,57.85,1.33
2025-10-15 12:00:00,785.2,912.15,31.85,56.51,1.41
2025-10-15 13:00:00,663.1,817.65,31.79,56.44,1.49
2025-10-15 14:00:00,579.8,652.95,31.38,57.44,1.53
2025-10-15 15:00:00,380.15,435.58,30.7,59.84,1.44
2025-10-15 16:00:00,167.12,200.1,29.88,65.54,1.07
2025-10-15 17:00:00,16.38,22.62,28.55,75.24,0.86
2025-10-15 18:00:00,0.0,0.0,27.2,83.68,0.68
2025-10-15 19:00:00,0.0,0.0,26.5,84.64,0.77
2025-10-15 20:00:00,0.0,0.0,25.8,86.29,0.84
2025-10-15 21:00:00,0.0,0.0,25.18,87.44,0.97
2025-10-15 22:00:00,0.0,0.0,24.64,88.23,1.16
2025-10-15 23:00:00,0.0,0.0,24.21,89.15,1.32
2025-10-16 00:00:00,0.0,0.0,23.86,90.25,1.41
2025-10-16 01:00:00,0.0,0.0,23.54,91.51,1.43
2025-10-16 02:00:00,0.0,0.0,23.24,92.88,1.36
2025-10-16 03:00:00,0.0,0.0,22.95,94.23,1.26
2025-10-16 04:00:00,0.0,0.0,22.7,95.21,1.13
2025-10-16 05:00:00,0.0,0.0,22.45,96.29,1.03
2025-10-16 06:00:00,73.03,73.75,22.84,94.98,1.45
2025-10-16 07:00:00,273.8,281.85,24.33,89.9,1.84
2025-10-16 08:00:00,507.73,513.53,27.32,75.12,2.36
2025-10-16 09:00:00,719.25,721.28,29.21,67.7,2.13
2025-10-16 10:00:00,859.25,859.53,30.38,63.49,1.69
2025-10-16 11:00:00,876.42,921.75,30.96,61.15,1.4
2025-10-16 12:00:00,779.65,913.4,31.16,59.94,1.23
2025-10-16 13:00:00,630.72,818.5,30.94,59.62,1.05
2025-10-16 14:00:00,461.42,654.15,30.68,59.69,0.96
2025-10-16 15:00:00,313.02,438.33,30.19,62.12,0.96
2025-10-16 16:00:00,158.32,202.2,29.66,65.59,0.88
2025-10-16 17:00:00,20.95,22.48,28.28,77.97,0.67
2025-10-16 18:00:00,0.0,0.0,27.22,82.98,0.6
2025-10-16 19:00:00,0.0,0.0,26.58,85.08,0.67
2025-10-16 20:00:00,0.0,0.0,26.01,86.53,0.74
2025-10-16 21:00:00,0.0,0.0,25.5,87.51,0.85
2025-10-16 22:00:00,0.0,0.0,25.11,87.83,1.01
2025-10-16 23:00:00,0.0,0.0,24.79,88.1,1.19
2025-10-17 00:00:00,0.0,0.0,24.5,88.6,1.34
2025-10-17 01:00:00,0.0,0.0,24.23,89.33,1.46
2025-10-17 02:00:00,0.0,0.0,23.96,90.56,1.46
2025-10-17 03:00:00,0.0,0.0,23.69,92.03,1.31
2025-10-17 04:00:00,0.0,0.0,23.42,93.55,1.08
2025-10-17 05:00:00,0.0,0.0,23.17,94.94,0.82
2025-10-17 06:00:00,75.6,76.62,23.38,94.27,0.86
2025-10-17 07:00:00,279.55,291.27,24.39,89.88,0.96
2025-10-17 08:00:00,518.0,527.55,26.82,77.39,1.19
2025-10-17 09:00:00,722.35,729.42,28.85,68.22,1.39
2025-10-17 10:00:00,863.95,867.45,30.19,63.4,1.54
2025-10-17 11:00:00,927.03,930.2,31.12,60.02,1.79
2025-10-17 12:00:00,905.65,923.3,31.59,57.93,2.01
2025-10-17 13:00:00,814.5,828.5,31.7,56.66,2.2
2025-10-17 14:00:00,650.03,665.55,31.52,56.38,2.3
2025-10-17 15:00:00,441.8,448.0,30.98,57.65,2.17
2025-10-17 16:00:00,199.02,210.15,30.18,63.15,1.59
2025-10-17 17:00:00,21.67,23.05,28.55,74.24,1.08
2025-10-17 18:00:00,0.0,0.0,26.94,79.84,0.79
2025-10-17 19:00:00,0.0,0.0,26.78,77.72,0.76
2025-10-17 20:00:00,0.0,0.0,26.68,75.67,0.7
2025-10-17 21:00:00,0.0,0.0,26.78,72.36,0.64
2025-10-17 22:00:00,0.0,0.0,26.37,73.4,0.56
2025-10-17 23:00:00,0.0,0.0,25.8,75.57,0.61
2025-10-18 00:00:00,0.0,0.0,25.12,78.49,0.66
2025-10-18 01:00:00,0.0,0.0,24.59,80.57,0.7
2025-10-18 02:00:00,0.0,0.0,24.14,82.44,0.69
2025-10-18 03:00:00,0.0,0.0,23.72,84.23,0.65
2025-10-18 04:00:00,0.0,0.0,23.28,86.36,0.6
2025-10-18 05:00:00,0.0,0.0,22.92,88.15,0.58
2025-10-18 06:00:00,85.65,86.35,23.16,89.87,0.64
2025-10-18 07:00:00,301.92,303.85,24.62,83.59,1.01
2025-10-18 08:00:00,537.15,539.15,27.73,70.26,0.95
2025-10-18 09:00:00,737.05,737.65,29.81,62.95,1.4
2025-10-18 10:00:00,873.85,874.5,30.99,59.09,2.01
2025-10-18 11:00:00,918.1,932.9,31.46,57.48,2.42
2025-10-18 12:00:00,865.05,904.22,31.58,57.04,2.65
2025-10-18 13:00:00,736.4,810.0,31.38,57.65,2.65
2025-10-18 14:00:00,572.0,646.7,30.94,59.58,2.49
2025-10-18 15:00:00,372.17,435.05,30.35,64.49,1.91
2025-10-18 16:00:00,161.45,202.35,29.7,68.76,1.67
2025-10-18 17:00:00,15.8,21.8,28.17,81.07,0.92
2025-10-18 18:00:00,0.0,0.0,27.25,83.06,0.75
2025-10-18 19:00:00,0.0,0.0,27.32,80.04,0.74
2025-10-18 20:00:00,0.0,0.0,27.33,77.81,0.66
2025-10-18 21:00:00,0.0,0.0,27.17,76.76,0.61
2025-10-18 22:00:00,0.0,0.0,26.4,80.79,0.62
2025-10-18 23:00:00,0.0,0.0,25.63,84.68,0.7
2025-10-19 00:00:00,0.0,0.0,24.95,88.15,0.72
2025-10-19 01:00:00,0.0,0.0,24.49,90.67,0.7
2025-10-19 02:00:00,0.0,0.0,24.14,92.41,0.7
2025-10-19 03:00:00,0.0,0.0,23.87,93.66,0.7
2025-10-19 04:00:00,0.0,0.0,23.61,94.62,0.69
2025-10-19 05:00:00,0.0,0.0,23.37,95.28,0.67
2025-10-19 06:00:00,53.35,83.75,23.8,94.81,0.75
2025-10-19 07:00:00,187.2,311.42,25.43,88.32,1.39
2025-10-19 08:00:00,347.67,551.6,27.62,78.24,1.79
2025-10-19 09:00:00,491.77,748.05,29.28,70.14,1.73
2025-10-19 10:00:00,570.25,885.65,30.28,65.72,1.41
2025-10-19 11:00:00,610.7,944.65,30.86,63.06,1.27
2025-10-19 12:00:00,711.17,900.58,31.33,61.09,1.26
2025-10-19 13:00:00,641.92,804.42,31.61,59.64,1.35
2025-10-19 14:00:00,495.98,639.25,31.49,59.3,1.37
2025-10-19 15:00:00,400.62,429.38,31.18,59.89,1.33
2025-10-19 16:00:00,189.35,196.62,30.57,64.61,1.0
2025-10-19 17:00:00,20.42,20.73,29.41,72.55,0.75
2025-10-19 18:00:00,0.0,0.0,28.52,73.07,0.53
2025-10-19 19:00:00,0.0,0.0,28.51,70.6,0.28
2025-10-19 20:00:00,0.0,0.0,28.25,70.74,0.14
2025-10-19 21:00:00,0.0,0.0,27.45,75.73,0.51
2025-10-19 22:00:00,0.0,0.0,26.42,81.94,0.71
2025-10-19 23:00:00,0.0,0.0,25.56,86.49,0.77
2025-10-20 00:00:00,0.0,0.0,25.07,88.16,0.85
2025-10-20 01:00:00,0.0,0.0,24.73,89.16,0.91
2025-10-20 02:00:00,0.0,0.0,24.42,90.48,0.95
2025-10-20 03:00:00,0.0,0.0,24.17,91.57,1.02
2025-10-20 04:00:00,0.0,0.0,23.92,92.74,1.1
2025-10-20 05:00:00,0.0,0.0,23.65,94.08,1.18
2025-10-20 06:00:00,78.6,81.55,23.89,93.51,1.74
2025-10-20 07:00:00,288.17,311.62,25.1,89.37,2.19
2025-10-20 08:00:00,519.75,550.97,27.64,77.09,2.5
2025-10-20 09:00:00,718.35,750.75,29.72,68.02,2.37
2025-10-20 10:00:00,864.5,886.45,31.09,62.98,1.67
2025-10-20 11:00:00,927.4,947.03,32.12,58.77,0.9
2025-10-20 12:00:00,923.12,925.08,32.81,55.23,0.7
2025-10-20 13:00:00,813.9,825.75,32.94,53.2,1.01
2025-10-20 14:00:00,660.05,661.35,32.71,52.85,1.2
2025-10-20 15:00:00,439.5,440.05,32.28,53.65,1.23
2025-10-20 16:00:00,205.6,206.48,31.66,57.92,0.96
2025-10-20 17:00:00,21.15,21.25,30.12,68.09,0.79
2025-10-20 18:00:00,0.0,0.0,28.22,75.7,0.77
2025-10-20 19:00:00,0.0,0.0,27.29,79.04,0.85
2025-10-20 20:00:00,0.0,0.0,26.54,81.43,0.92
2025-10-20 21:00:00,0.0,0.0,25.91,83.09,1.06
2025-10-20 22:00:00,0.0,0.0,25.39,84.18,1.28
2025-10-20 23:00:00,0.0,0.0,24.99,85.13,1.48
2025-10-21 00:00:00,0.0,0.0,24.62,86.22,1.63
2025-10-21 01:00:00,0.0,0.0,24.25,87.57,1.69
2025-10-21 02:00:00,0.0,0.0,23.85,89.34,1.64
2025-10-21 03:00:00,0.0,0.0,23.42,91.45,1.46
2025-10-21 04:00:00,0.0,0.0,22.96,93.99,1.21
2025-10-21 05:00:00,0.0,0.0,22.52,96.81,1.0
2025-10-21 06:00:00,87.47,87.8,22.92,95.56,1.35
2025-10-21 07:00:00,308.85,309.38,24.71,88.69,1.58
2025-10-21 08:00:00,547.53,547.7,28.11,71.3,1.93
2025-10-21 09:00:00,750.78,751.75,30.48,61.63,1.48
2025-10-21 10:00:00,886.72,888.65,32.16,55.25,0.57
2025-10-21 11:00:00,951.2,952.15,33.5,49.87,0.68
2025-10-21 12:00:00,952.7,954.47,34.3,46.46,1.23
2025-10-21 13:00:00,856.65,861.1,34.59,44.96,1.56
2025-10-21 14:00:00,695.22,697.4,34.47,44.69,1.82
2025-10-21 15:00:00,475.2,479.23,33.92,45.81,1.92
2025-10-21 16:00:00,227.0,231.18,32.82,50.71,1.64
2025-10-21 17:00:00,24.27,24.65,30.58,65.28,1.05
2025-10-21 18:00:00,0.0,0.0,28.18,72.2,0.9
2025-10-21 19:00:00,0.0,0.0,27.58,72.82,0.9
2025-10-21 20:00:00,0.0,0.0,27.29,72.1,0.87
2025-10-21 21:00:00,0.0,0.0,27.34,69.47,0.73
2025-10-21 22:00:00,0.0,0.0,27.51,66.26,0.52
2025-10-21 23:00:00,0.0,0.0,26.72,69.64,0.57
2025-10-22 00:00:00,0.0,0.0,25.73,74.45,0.81
2025-10-22 01:00:00,0.0,0.0,24.6,80.12,0.89
2025-10-22 02:00:00,0.0,0.0,23.75,84.75,0.87
2025-10-22 03:00:00,0.0,0.0,23.14,88.58,0.85
2025-10-22 04:00:00,0.0,0.0,22.69,91.84,0.83
2025-10-22 05:00:00,0.0,0.0,22.35,94.63,0.82
2025-10-22 06:00:00,92.43,92.68,23.02,93.28,1.18
2025-10-22 07:00:00,323.9,324.5,25.1,85.19,1.83
2025-10-22 08:00:00,561.75,562.5,28.71,67.98,2.12
2025-10-22 09:00:00,758.45,758.92,31.1,59.23,1.93
2025-10-22 10:00:00,893.53,893.88,32.57,54.83,1.35
2025-10-22 11:00:00,947.22,953.38,33.63,51.02,0.99
2025-10-22 12:00:00,899.2,916.2,34.32,47.76,1.06
2025-10-22 13:00:00,817.15,819.6,34.53,46.02,1.25
2025-10-22 14:00:00,651.62,652.3,34.35,45.5,1.49
2025-10-22 15:00:00,430.2,430.48,33.73,46.44,1.64
2025-10-22 16:00:00,199.82,201.48,32.7,51.05,1.44
2025-10-22 17:00:00,19.52,19.73,30.63,65.63,0.93
2025-10-22 18:00:00,0.0,0.0,28.53,72.59,0.81
2025-10-22 19:00:00,0.0,0.0,27.75,74.52,0.84
2025-10-22 20:00:00,0.0,0.0,27.03,76.56,0.87
2025-10-22 21:00:00,0.0,0.0,26.33,78.8,0.91
2025-10-22 22:00:00,0.0,0.0,25.73,80.75,0.96
2025-10-22 23:00:00,0.0,0.0,25.2,82.66,1.02
2025-10-23 00:00:00,0.0,0.0,24.73,84.66,1.04
2025-10-23 01:00:00,0.0,0.0,24.3,86.87,1.0
2025-10-23 02:00:00,0.0,0.0,23.9,89.38,0.93
2025-10-23 03:00:00,0.0,0.0,23.53,91.77,0.87
2025-10-23 04:00:00,0.0,0.0,23.16,93.94,0.85
2025-10-23 05:00:00,0.0,0.0,22.81,96.12,0.84
2025-10-23 06:00:00,77.3,77.53,23.33,94.46,1.3
2025-10-23 07:00:00,295.98,296.8,25.37,85.52,1.99
2025-10-23 08:00:00,533.78,534.03,28.82,68.73,2.11
2025-10-23 09:00:00,732.55,734.7,31.2,58.85,1.69
2025-10-23 10:00:00,870.83,875.38,32.82,52.94,0.86
2025-10-23 11:00:00,920.38,936.72,34.12,47.05,0.26
2025-10-23 12:00:00,874.75,906.75,35.04,42.28,1.09
2025-10-23 13:00:00,811.83,812.1,35.31,40.93,1.55
2025-10-23 14:00:00,643.67,644.65,35.11,41.22,1.88
2025-10-23 15:00:00,422.9,424.0,34.41,42.96,2.13
2025-10-23 16:00:00,195.95,196.45,33.11,49.33,1.86
2025-10-23 17:00:00,18.9,18.92,30.58,65.79,1.12
2025-10-23 18:00:00,0.0,0.0,28.58,71.83,0.94
2025-10-23 19:00:00,0.0,0.0,28.12,72.44,0.91
2025-10-23 20:00:00,0.0,0.0,27.68,72.72,0.85
2025-10-23 21:00:00,0.0,0.0,27.05,74.28,0.83
2025-10-23 22:00:00,0.0,0.0,26.13,78.03,0.89
2025-10-23 23:00:00,0.0,0.0,25.31,81.7,0.98
2025-10-24 00:00:00,0.0,0.0,24.81,84.57,1.07
2025-10-24 01:00:00,0.0,0.0,24.46,87.59,1.1
2025-10-24 02:00:00,0.0,0.0,24.1,90.69,1.1
2025-10-24 03:00:00,0.0,0.0,23.74,93.42,1.02
2025-10-24 04:00:00,0.0,0.0,23.31,96.4,0.91
2025-10-24 05:00:00,0.0,0.0,22.86,99.47,0.82
2025-10-24 06:00:00,72.53,75.3,23.42,96.71,1.13
2025-10-24 07:00:00,256.25,290.12,25.56,86.67,1.57
2025-10-24 08:00:00,470.62,526.12,29.05,68.28,2.13
2025-10-24 09:00:00,674.75,726.05,31.11,60.29,1.69
2025-10-24 10:00:00,791.78,866.08,32.49,55.22,1.26
2025-10-24 11:00:00,847.28,925.8,33.57,50.79,1.34
2025-10-24 12:00:00,811.05,888.78,34.22,47.54,1.83
2025-10-24 13:00:00,671.28,786.55,34.47,46.02,2.3
2025-10-24 14:00:00,508.0,617.1,34.09,46.51,2.55
2025-10-24 15:00:00,319.83,398.92,33.38,48.36,2.52
2025-10-24 16:00:00,143.07,172.7,32.26,54.02,1.96
2025-10-24 17:00:00,14.45,17.08,30.38,67.7,1.06
2025-10-24 18:00:00,0.0,0.0,28.76,75.03,0.76
2025-10-24 19:00:00,0.0,0.0,28.15,77.13,0.73
2025-10-24 20:00:00,0.0,0.0,27.49,79.48,0.74
2025-10-24 21:00:00,0.0,0.0,26.9,81.23,0.83
2025-10-24 22:00:00,0.0,0.0,26.42,82.65,1.0
2025-10-24 23:00:00,0.0,0.0,26.02,84.37,1.16
2025-10-25 00:00:00,0.0,0.0,25.68,86.48,1.23
2025-10-25 01:00:00,0.0,0.0,25.33,88.89,1.15
2025-10-25 02:00:00,0.0,0.0,24.99,91.21,1.05
2025-10-25 03:00:00,0.0,0.0,24.64,93.33,0.95
2025-10-25 04:00:00,0.0,0.0,24.25,95.25,0.86
2025-10-25 05:00:00,0.0,0.0,23.86,97.39,0.8
2025-10-25 06:00:00,68.22,68.47,24.28,95.69,1.21
2025-10-25 07:00:00,267.98,271.52,26.22,85.96,1.93
2025-10-25 08:00:00,498.15,505.3,28.96,70.72,2.07
2025-10-25 09:00:00,707.05,709.78,30.95,62.05,1.68
2025-10-25 10:00:00,843.5,846.45,32.37,55.87,1.41
2025-10-25 11:00:00,909.53,909.72,33.33,50.91,1.59
2025-10-25 12:00:00,916.03,916.33,33.87,47.66,1.9
2025-10-25 13:00:00,815.12,820.12,34.02,46.02,2.08
2025-10-25 14:00:00,652.2,654.53,33.88,45.26,2.16
2025-10-25 15:00:00,435.88,436.15,33.47,45.6,2.08
2025-10-25 16:00:00,199.62,199.88,32.56,49.39,1.69
2025-10-25 17:00:00,18.67,18.7,30.52,64.26,0.92
2025-10-25 18:00:00,0.0,0.0,28.64,69.29,0.81
2025-10-25 19:00:00,0.0,0.0,27.97,70.6,0.8
2025-10-25 20:00:00,0.0,0.0,27.24,72.94,0.8
2025-10-25 21:00:00,0.0,0.0,26.38,76.56,0.83
2025-10-25 22:00:00,0.0,0.0,25.56,80.24,0.87
2025-10-25 23:00:00,0.0,0.0,24.96,82.94,0.94
2025-10-26 00:00:00,0.0,0.0,24.52,85.58,1.01
2025-10-26 01:00:00,0.0,0.0,24.15,88.36,1.03
2025-10-26 02:00:00,0.0,0.0,23.79,91.34,0.99
2025-10-26 03:00:00,0.0,0.0,23.46,94.19,0.93
2025-10-26 04:00:00,0.0,0.0,23.12,97.1,0.86
2025-10-26 05:00:00,0.0,0.0,22.79,99.89,0.8
2025-10-26 06:00:00,78.88,79.1,23.45,96.85,1.16
2025-10-26 07:00:00,286.17,286.75,26.03,83.52,1.89
2025-10-26 08:00:00,520.05,520.67,28.96,69.06,1.82
2025-10-26 09:00:00,716.9,717.4,31.13,59.32,1.08
2025-10-26 10:00:00,855.67,856.0,33.01,50.33,0.81
2025-10-26 11:00:00,920.55,920.72,34.39,43.74,1.55
2025-10-26 12:00:00,918.08,919.05,35.1,40.51,1.97
2025-10-26 13:00:00,813.5,822.95,35.24,39.5,2.17
2025-10-26 14:00:00,658.0,658.92,34.94,39.82,2.27
2025-10-26 15:00:00,440.48,440.8,34.14,41.65,2.29
2025-10-26 16:00:00,203.5,203.7,32.93,46.94,1.92
2025-10-26 17:00:00,19.05,19.05,30.57,61.98,1.1
2025-10-26 18:00:00,0.0,0.0,28.48,68.86,0.9
2025-10-26 19:00:00,0.0,0.0,27.85,69.94,0.88
2025-10-26 20:00:00,0.0,0.0,27.46,69.93,0.83
2025-10-26 21:00:00,0.0,0.0,27.3,68.71,0.76
2025-10-26 22:00:00,0.0,0.0,26.75,70.3,0.71
2025-10-26 23:00:00,0.0,0.0,26.01,73.15,0.79
2025-10-27 00:00:00,0.0,0.0,25.24,77.17,0.84
2025-10-27 01:00:00,0.0,0.0,24.58,81.5,0.85
2025-10-27 02:00:00,0.0,0.0,24.08,85.22,0.81
2025-10-27 03:00:00,0.0,0.0,23.67,88.26,0.74
2025-10-27 04:00:00,0.0,0.0,23.31,90.71,0.68
2025-10-27 05:00:00,0.0,0.0,23.0,93.08,0.64
2025-10-27 06:00:00,85.03,85.18,23.37,92.93,0.8
2025-10-27 07:00:00,305.85,306.6,25.27,83.36,1.28
2025-10-27 08:00:00,541.55,542.6,28.75,65.56,1.7
2025-10-27 09:00:00,739.5,740.12,31.24,56.17,1.23
2025-10-27 10:00:00,874.92,875.4,33.09,49.4,0.85
2025-10-27 11:00:00,933.6,939.08,34.53,43.06,1.32
2025-10-27 12:00:00,923.38,924.75,35.43,38.89,1.8
2025-10-27 13:00:00,826.28,829.28,35.81,36.71,2.08
2025-10-27 14:00:00,653.15,661.4,35.7,36.08,2.25
2025-10-27 15:00:00,432.05,440.85,35.01,36.95,2.31
2025-10-27 16:00:00,197.5,199.3,33.66,41.85,2.04
2025-10-27 17:00:00,18.45,18.58,30.63,59.81,1.1
2025-10-27 18:00:00,0.0,0.0,28.14,66.15,1.06
2025-10-27 19:00:00,0.0,0.0,27.23,69.09,1.05
2025-10-27 20:00:00,0.0,0.0,26.45,71.98,0.96
2025-10-27 21:00:00,0.0,0.0,26.05,72.69,0.88
2025-10-27 22:00:00,0.0,0.0,26.25,69.71,0.78
2025-10-27 23:00:00,0.0,0.0,25.97,69.72,0.56
2025-10-28 00:00:00,0.0,0.0,25.42,71.51,0.51
2025-10-28 01:00:00,0.0,0.0,24.72,74.36,0.53
2025-10-28 02:00:00,0.0,0.0,24.14,76.85,0.62
2025-10-28 03:00:00,0.0,0.0,23.28,81.04,0.68
2025-10-28 04:00:00,0.0,0.0,22.45,85.2,0.73
2025-10-28 05:00:00,0.0,0.0,21.75,88.78,0.75
2025-10-28 06:00:00,78.72,79.22,22.0,89.4,0.85
2025-10-28 07:00:00,297.92,299.75,24.35,78.08,1.64
2025-10-28 08:00:00,531.92,533.4,27.86,64.43,1.82
2025-10-28 09:00:00,731.03,733.22,31.25,51.28,1.89
2025-10-28 10:00:00,865.97,869.2,33.3,43.6,1.39
2025-10-28 11:00:00,924.88,927.1,34.77,38.07,0.84
2025-10-28 12:00:00,868.47,884.6,35.83,33.87,1.13
2025-10-28 13:00:00,783.08,783.38,36.27,31.76,1.68
2025-10-28 14:00:00,611.17,612.08,36.13,31.43,1.99
2025-10-28 15:00:00,390.92,391.95,35.39,32.41,2.2
2025-10-28 16:00:00,180.18,180.62,34.0,37.09,1.97
2025-10-28 17:00:00,15.93,15.93,30.95,54.63,1.09
2025-10-28 18:00:00,0.0,0.0,28.63,60.47,1.02
2025-10-28 19:00:00,0.0,0.0,27.93,62.17,1.01
2025-10-28 20:00:00,0.0,0.0,27.13,65.32,0.98
2025-10-28 21:00:00,0.0,0.0,26.19,70.03,0.98
2025-10-28 22:00:00,0.0,0.0,25.43,74.4,1.04
2025-10-28 23:00:00,0.0,0.0,24.9,78.55,1.14
2025-10-29 00:00:00,0.0,0.0,24.46,83.2,1.18
2025-10-29 01:00:00,0.0,0.0,24.02,87.94,1.13
2025-10-29 02:00:00,0.0,0.0,23.63,91.87,1.03
2025-10-29 03:00:00,0.0,0.0,23.28,95.03,0.93
2025-10-29 04:00:00,0.0,0.0,22.99,97.41,0.86
2025-10-29 05:00:00,0.0,0.0,22.76,99.35,0.82
2025-10-29 06:00:00,67.53,68.72,23.39,96.41,1.26
2025-10-29 07:00:00,263.08,271.1,25.72,83.87,2.31
2025-10-29 08:00:00,488.15,498.35,28.52,69.5,2.88
2025-10-29 09:00:00,653.83,694.97,30.79,59.79,2.59
2025-10-29 10:00:00,760.3,836.22,32.55,52.81,1.94
2025-10-29 11:00:00,803.72,896.25,33.93,47.12,1.26
2025-10-29 12:00:00,772.25,878.8,34.92,42.73,0.94
2025-10-29 13:00:00,676.25,784.6,35.35,40.19,1.19
2025-10-29 14:00:00,525.22,622.72,35.27,39.55,1.5
2025-10-29 15:00:00,325.92,403.9,34.68,40.44,1.75
2025-10-29 16:00:00,153.2,175.45,33.49,44.8,1.7
2025-10-29 17:00:00,16.48,16.08,31.07,59.89,1.02
2025-10-29 18:00:00,0.0,0.0,28.84,68.6,0.89
2025-10-29 19:00:00,0.0,0.0,28.14,70.72,0.89
2025-10-29 20:00:00,0.0,0.0,27.5,72.77,0.82
2025-10-29 21:00:00,0.0,0.0,26.65,76.1,0.81
2025-10-29 22:00:00,0.0,0.0,25.96,78.78,0.91
2025-10-29 23:00:00,0.0,0.0,25.56,80.44,1.04
2025-10-30 00:00:00,0.0,0.0,25.23,82.18,1.1
2025-10-30 01:00:00,0.0,0.0,24.86,84.42,1.08
2025-10-30 02:00:00,0.0,0.0,24.44,86.89,1.01
2025-10-30 03:00:00,0.0,0.0,24.06,89.35,0.9
2025-10-30 04:00:00,0.0,0.0,23.7,91.6,0.82
2025-10-30 05:00:00,0.0,0.0,23.37,93.49,0.79
2025-10-30 06:00:00,69.15,69.75,23.76,92.28,1.21
2025-10-30 07:00:00,269.58,276.6,25.93,81.25,1.92
2025-10-30 08:00:00,496.12,506.42,29.54,62.99,2.18
2025-10-30 09:00:00,689.42,706.85,32.2,51.74,1.37
2025-10-30 10:00:00,817.33,843.45,34.09,43.93,0.67
2025-10-30 11:00:00,894.45,905.38,35.5,37.5,1.59
2025-10-30 12:00:00,898.85,901.05,36.27,33.83,2.11
2025-10-30 13:00:00,789.58,807.78,36.52,32.09,2.36
2025-10-30 14:00:00,624.4,642.95,36.27,31.7,2.45
2025-10-30 15:00:00,383.33,425.17,35.54,32.62,2.5
2025-10-30 16:00:00,166.65,189.07,34.17,36.61,2.26
2025-10-30 17:00:00,15.23,16.7,31.3,52.79,1.16
2025-10-30 18:00:00,0.0,0.0,29.06,60.97,0.94
2025-10-30 19:00:00,0.0,0.0,28.42,63.74,0.87
2025-10-30 20:00:00,0.0,0.0,27.96,65.68,0.77
2025-10-30 21:00:00,0.0,0.0,27.82,65.22,0.69
2025-10-30 22:00:00,0.0,0.0,27.64,64.59,0.61
2025-10-30 23:00:00,0.0,0.0,26.79,67.96,0.67
2025-10-31 00:00:00,0.0,0.0,25.66,73.71,0.73
2025-10-31 01:00:00,0.0,0.0,24.78,78.79,0.74
2025-10-31 02:00:00,0.0,0.0,24.26,82.6,0.7
2025-10-31 03:00:00,0.0,0.0,23.95,85.31,0.66
2025-10-31 04:00:00,0.0,0.0,23.71,87.28,0.62
2025-10-31 05:00:00,0.0,0.0,23.42,89.41,0.6
2025-10-31 06:00:00,71.43,72.88,23.7,89.68,0.77
2025-10-31 07:00:00,279.55,285.55,26.05,76.6,1.59
2025-10-31 08:00:00,508.3,515.4,29.29,61.23,2.02
2025-10-31 09:00:00,711.62,717.08,31.87,51.64,1.76
2025-10-31 10:00:00,849.92,852.75,33.76,44.77,1.52
2025-10-31 11:00:00,914.2,914.42,35.16,39.17,1.69
2025-10-31 12:00:00,914.75,917.55,36.09,34.94,2.06
2025-10-31 13:00:00,794.03,819.67,36.46,32.35,2.46
2025-10-31 14:00:00,617.15,653.92,36.26,31.47,2.78
2025-10-31 15:00:00,390.58,436.33,35.52,32.39,2.83
2025-10-31 16:00:00,174.85,197.02,34.19,36.16,2.5
2025-10-31 17:00:00,16.2,17.4,31.38,52.38,1.21
2025-10-31 18:00:00,0.0,0.0,29.27,59.88,0.89
2025-10-31 19:00:00,0.0,0.0,28.67,61.6,0.72
2025-10-31 20:00:00,0.0,0.0,28.26,62.35,0.54
2025-10-31 21:00:00,0.0,0.0,27.74,67.06,0.43
2025-10-31 22:00:00,0.0,0.0,27.11,68.57,0.56
2025-10-31 23:00:00,0.0,0.0,26.23,74.63,0.66
2025-11-01 00:00:00,0.0,0.0,25.55,78.99,0.65
2025-11-01 01:00:00,0.0,0.0,25.19,81.58,0.59
2025-11-01 02:00:00,0.0,0.0,24.99,83.04,0.53
2025-11-01 03:00:00,0.0,0.0,24.8,84.19,0.39
2025-11-01 04:00:00,0.0,0.0,24.65,84.79,0.25
2025-11-01 05:00:00,0.0,0.0,24.34,87.2,0.11
2025-11-01 06:00:00,80.93,82.8,24.27,88.97,0.05
2025-11-01 07:00:00,306.9,311.8,26.25,80.41,0.36
2025-11-01 08:00:00,543.35,546.53,30.28,56.21,0.65
2025-11-01 09:00:00,744.85,749.03,32.82,44.19,0.99
2025-11-01 10:00:00,879.67,882.1,34.69,36.31,1.9
2025-11-01 11:00:00,930.33,942.78,35.94,31.9,2.55
2025-11-01 12:00:00,915.85,926.3,36.66,29.31,2.98
2025-11-01 13:00:00,804.53,829.72,36.88,28.2,3.23
2025-11-01 14:00:00,651.05,665.5,36.61,28.3,3.35
2025-11-01 15:00:00,415.67,447.05,35.74,29.7,3.31
2025-11-01 16:00:00,195.35,204.77,34.3,33.34,2.95
2025-11-01 17:00:00,17.1,18.0,31.11,48.67,1.49
2025-11-01 18:00:00,0.0,0.0,28.41,58.14,1.13
2025-11-01 19:00:00,0.0,0.0,27.59,61.76,1.01
2025-11-01 20:00:00,0.0,0.0,27.03,64.35,0.89
2025-11-01 21:00:00,0.0,0.0,26.89,64.09,0.86
2025-11-01 22:00:00,0.0,0.0,26.86,63.21,0.76
2025-11-01 23:00:00,0.0,0.0,26.5,64.26,0.66
2025-11-02 00:00:00,0.0,0.0,25.87,66.74,0.64
2025-11-02 01:00:00,0.0,0.0,24.95,70.75,0.59
2025-11-02 02:00:00,0.0,0.0,24.33,73.5,0.56
2025-11-02 03:00:00,0.0,0.0,23.82,75.78,0.49
2025-11-02 04:00:00,0.0,0.0,23.3,77.94,0.44
2025-11-02 05:00:00,0.0,0.0,22.75,80.06,0.47
2025-11-02 06:00:00,83.03,83.75,22.81,81.52,0.52
2025-11-02 07:00:00,311.88,315.83,24.96,71.08,0.92
2025-11-02 08:00:00,544.47,552.1,28.65,55.99,1.12
2025-11-02 09:00:00,740.3,751.8,32.56,40.03,0.93
2025-11-02 10:00:00,872.78,887.8,34.78,31.97,1.44
2025-11-02 11:00:00,940.97,946.92,36.23,27.08,2.24
2025-11-02 12:00:00,880.4,916.4,36.98,24.71,2.79
2025-11-02 13:00:00,796.08,819.0,37.16,23.95,3.15
2025-11-02 14:00:00,601.8,651.47,36.78,24.24,3.3
2025-11-02 15:00:00,387.02,431.58,35.89,25.63,3.25
2025-11-02 16:00:00,179.85,191.35,34.36,29.55,2.85
2025-11-02 17:00:00,16.02,16.42,30.84,45.89,1.42
2025-11-02 18:00:00,0.0,0.0,28.05,54.77,1.19
2025-11-02 19:00:00,0.0,0.0,27.06,58.43,1.15
2025-11-02 20:00:00,0.0,0.0,26.21,61.84,1.05
2025-11-02 21:00:00,0.0,0.0,25.63,63.83,0.95
2025-11-02 22:00:00,0.0,0.0,25.56,62.74,0.93
2025-11-02 23:00:00,0.0,0.0,25.46,61.73,0.89
2025-11-03 00:00:00,0.0,0.0,24.73,64.03,0.88
2025-11-03 01:00:00,0.0,0.0,23.61,68.38,0.89
2025-11-03 02:00:00,0.0,0.0,22.61,72.1,0.9
2025-11-03 03:00:00,0.0,0.0,21.84,75.03,0.91
2025-11-03 04:00:00,0.0,0.0,21.24,77.32,0.94
2025-11-03 05:00:00,0.0,0.0,20.73,79.33,0.93
2025-11-03 06:00:00,78.15,78.28,21.15,78.0,1.15
2025-11-03 07:00:00,298.12,298.48,23.71,66.0,1.95
2025-11-03 08:00:00,531.92,532.17,27.56,51.52,1.79
2025-11-03 09:00:00,732.6,732.78,32.09,34.56,2.43
2025-11-03 10:00:00,867.15,869.7,34.26,29.1,2.74
2025-11-03 11:00:00,928.15,930.4,35.66,25.79,2.91
2025-11-03 12:00:00,908.85,912.45,36.47,23.87,2.99
2025-11-03 13:00:00,792.1,813.92,36.76,22.99,2.97
2025-11-03 14:00:00,600.47,645.97,36.52,23.16,2.86
2025-11-03 15:00:00,369.5,425.83,35.79,24.23,2.64
2025-11-03 16:00:00,169.62,187.6,34.45,27.72,2.2
2025-11-03 17:00:00,14.75,15.9,31.08,45.81,0.98
2025-11-03 18:00:00,0.0,0.0,28.95,50.0,0.93
2025-11-03 19:00:00,0.0,0.0,28.3,51.97,0.79
2025-11-03 20:00:00,0.0,0.0,27.94,52.31,0.68
2025-11-03 21:00:00,0.0,0.0,27.59,53.37,0.58
2025-11-03 22:00:00,0.0,0.0,27.05,55.88,0.53
2025-11-03 23:00:00,0.0,0.0,26.32,59.47,0.59
2025-11-04 00:00:00,0.0,0.0,25.37,64.82,0.68
2025-11-04 01:00:00,0.0,0.0,24.58,70.04,0.75
2025-11-04 02:00:00,0.0,0.0,23.93,75.17,0.76
2025-11-04 03:00:00,0.0,0.0,23.43,79.85,0.75
2025-11-04 04:00:00,0.0,0.0,23.05,84.67,0.72
2025-11-04 05:00:00,0.0,0.0,22.77,89.29,0.69
2025-11-04 06:00:00,74.5,74.6,23.39,89.55,0.96
2025-11-04 07:00:00,282.15,282.48,25.99,78.45,2.1
2025-11-04 08:00:00,509.6,509.83,29.01,65.23,2.56
2025-11-04 09:00:00,704.15,704.97,31.63,53.56,2.16
2025-11-04 10:00:00,839.33,840.78,33.59,44.86,1.52
2025-11-04 11:00:00,897.45,899.65,34.97,39.46,1.14
2025-11-04 12:00:00,822.3,849.62,35.71,36.82,1.21
2025-11-04 13:00:00,593.2,752.9,35.74,36.3,1.39
2025-11-04 14:00:00,476.58,588.78,35.17,37.52,1.48
2025-11-04 15:00:00,274.62,378.27,34.22,39.87,1.45
2025-11-04 16:00:00,112.32,159.5,33.04,43.32,1.38
2025-11-04 17:00:00,10.23,13.55,31.47,52.81,0.84
2025-11-04 18:00:00,0.0,0.0,29.98,63.71,0.55
2025-11-04 19:00:00,0.0,0.0,29.36,64.55,0.58
2025-11-04 20:00:00,0.0,0.0,28.78,67.03,0.58
2025-11-04 21:00:00,0.0,0.0,28.27,70.29,0.57
2025-11-04 22:00:00,0.0,0.0,27.79,72.29,0.59
2025-11-04 23:00:00,0.0,0.0,27.37,73.9,0.59
2025-11-05 00:00:00,0.0,0.0,26.99,75.79,0.53
2025-11-05 01:00:00,0.0,0.0,26.65,77.51,0.46
2025-11-05 02:00:00,0.0,0.0,26.32,79.0,0.41
2025-11-05 03:00:00,0.0,0.0,26.0,80.45,0.47
2025-11-05 04:00:00,0.0,0.0,25.69,81.84,0.69
2025-11-05 05:00:00,0.0,0.0,25.38,83.67,1.02
2025-11-05 06:00:00,61.78,64.38,25.32,84.34,1.57
2025-11-05 07:00:00,258.55,269.6,26.17,80.05,2.1
2025-11-05 08:00:00,490.77,496.95,28.12,67.44,1.64
2025-11-05 09:00:00,692.95,694.9,30.55,54.58,0.76
2025-11-05 10:00:00,821.55,827.45,32.64,46.9,1.35
2025-11-05 11:00:00,865.88,884.1,34.05,42.33,1.73
2025-11-05 12:00:00,821.1,865.22,35.14,38.73,2.02
2025-11-05 13:00:00,667.0,769.0,35.85,36.2,2.27
2025-11-05 14:00:00,535.3,604.35,35.91,35.1,2.44
2025-11-05 15:00:00,321.45,395.15,35.32,35.73,2.53
2025-11-05 16:00:00,144.05,170.77,34.18,38.3,2.42
2025-11-05 17:00:00,12.82,14.2,31.61,52.01,1.2
2025-11-05 18:00:00,0.0,0.0,29.41,62.68,0.83
2025-11-05 19:00:00,0.0,0.0,28.84,65.46,0.73
2025-11-05 20:00:00,0.0,0.0,28.46,67.08,0.61
2025-11-05 21:00:00,0.0,0.0,28.43,65.96,0.51
2025-11-05 22:00:00,0.0,0.0,28.31,65.76,0.39
2025-11-05 23:00:00,0.0,0.0,27.42,69.42,0.59
2025-11-06 00:00:00,0.0,0.0,26.35,75.62,0.7
2025-11-06 01:00:00,0.0,0.0,25.78,79.35,0.85
2025-11-06 02:00:00,0.0,0.0,25.35,82.77,0.93
2025-11-06 03:00:00,0.0,0.0,24.99,85.97,0.91
2025-11-06 04:00:00,0.0,0.0,24.64,88.91,0.81
2025-11-06 05:00:00,0.0,0.0,24.31,91.43,0.72
2025-11-06 06:00:00,62.83,66.65,24.52,91.09,1.12
2025-11-06 07:00:00,250.95,272.12,26.54,79.84,1.83
2025-11-06 08:00:00,464.65,498.83,29.49,63.69,1.95
2025-11-06 09:00:00,689.58,690.5,31.78,52.98,1.45
2025-11-06 10:00:00,816.45,821.2,33.52,45.32,0.99
2025-11-06 11:00:00,861.62,882.33,34.86,39.84,1.17
2025-11-06 12:00:00,784.78,868.33,35.67,37.06,1.83
2025-11-06 13:00:00,625.0,776.4,35.76,36.66,2.48
2025-11-06 14:00:00,523.35,612.47,35.18,38.08,2.9
2025-11-06 15:00:00,349.83,401.33,33.96,41.42,3.0
2025-11-06 16:00:00,157.3,172.6,32.74,45.47,2.86
2025-11-06 17:00:00,13.85,14.18,30.78,54.99,1.86
2025-11-06 18:00:00,0.0,0.0,29.03,64.0,1.63
2025-11-06 19:00:00,0.0,0.0,28.39,67.65,2.11
2025-11-06 20:00:00,0.0,0.0,27.87,71.4,2.32
2025-11-06 21:00:00,0.0,0.0,27.45,74.52,2.35
2025-11-06 22:00:00,0.0,0.0,27.08,77.11,2.36
2025-11-06 23:00:00,0.0,0.0,26.75,79.31,2.4
2025-11-07 00:00:00,0.0,0.0,26.38,81.65,2.38
2025-11-07 01:00:00,0.0,0.0,25.99,84.05,2.25
2025-11-07 02:00:00,0.0,0.0,25.61,86.4,2.09
2025-11-07 03:00:00,0.0,0.0,25.26,88.4,1.92
2025-11-07 04:00:00,0.0,0.0,24.94,90.18,1.7
2025-11-07 05:00:00,0.0,0.0,24.63,91.76,1.5
2025-11-07 06:00:00,56.83,67.68,24.73,91.23,1.73
2025-11-07 07:00:00,238.07,278.5,26.48,80.34,2.61
2025-11-07 08:00:00,445.8,506.23,28.93,66.44,3.01
2025-11-07 09:00:00,660.62,697.67,31.16,56.81,2.57
2025-11-07 10:00:00,797.7,830.25,33.03,49.63,2.33
2025-11-07 11:00:00,844.22,890.28,34.45,44.02,2.44
2025-11-07 12:00:00,793.3,857.2,35.29,40.25,2.66
2025-11-07 13:00:00,723.2,761.0,35.57,38.61,2.8
2025-11-07 14:00:00,558.53,596.97,35.31,38.41,2.87
2025-11-07 15:00:00,347.3,385.23,34.46,39.95,2.84
2025-11-07 16:00:00,150.62,162.57,33.09,43.79,2.61
2025-11-07 17:00:00,12.95,13.27,30.71,56.55,1.51
2025-11-07 18:00:00,0.0,0.0,28.9,65.44,1.55
2025-11-07 19:00:00,0.0,0.0,28.06,69.27,1.94
2025-11-07 20:00:00,0.0,0.0,27.36,73.47,2.12
2025-11-07 21:00:00,0.0,0.0,26.76,77.34,2.11
2025-11-07 22:00:00,0.0,0.0,26.3,80.4,2.09
2025-11-07 23:00:00,0.0,0.0,25.87,83.15,2.05
2025-11-08 00:00:00,0.0,0.0,25.47,85.66,2.0
2025-11-08 01:00:00,0.0,0.0,25.11,87.95,1.9
2025-11-08 02:00:00,0.0,0.0,24.8,89.95,1.69
2025-11-08 03:00:00,0.0,0.0,24.55,91.48,1.44
2025-11-08 04:00:00,0.0,0.0,24.42,92.17,1.25
2025-11-08 05:00:00,0.0,0.0,24.3,92.72,1.09
2025-11-08 06:00:00,60.45,62.85,24.48,91.39,1.49
2025-11-08 07:00:00,259.27,266.58,25.5,84.89,2.14
2025-11-08 08:00:00,486.25,492.05,27.3,73.78,2.83
2025-11-08 09:00:00,688.17,688.78,29.45,63.05,2.64
2025-11-08 10:00:00,819.47,822.2,31.63,53.75,1.63
2025-11-08 11:00:00,880.67,882.2,33.5,45.56,0.2
2025-11-08 12:00:00,850.53,860.28,35.06,38.92,1.37
2025-11-08 13:00:00,759.12,765.33,35.7,36.07,1.94
2025-11-08 14:00:00,578.47,602.3,35.68,35.27,2.2
2025-11-08 15:00:00,374.95,390.2,35.04,36.2,2.33
2025-11-08 16:00:00,161.7,166.2,33.81,39.45,2.19
2025-11-08 17:00:00,13.1,13.48,31.32,54.75,1.07
2025-11-08 18:00:00,0.0,0.0,29.47,63.42,0.88
2025-11-08 19:00:00,0.0,0.0,28.87,65.08,0.83
2025-11-08 20:00:00,0.0,0.0,28.35,65.9,0.73
2025-11-08 21:00:00,0.0,0.0,28.06,65.85,0.59
2025-11-08 22:00:00,0.0,0.0,28.11,63.89,0.41
2025-11-08 23:00:00,0.0,0.0,27.9,64.87,0.05
2025-11-09 00:00:00,0.0,0.0,27.1,68.73,0.43
2025-11-09 01:00:00,0.0,0.0,26.0,73.11,0.66
2025-11-09 02:00:00,0.0,0.0,25.13,77.84,0.68
2025-11-09 03:00:00,0.0,0.0,24.61,80.64,0.7
2025-11-09 04:00:00,0.0,0.0,24.22,83.24,0.7
2025-11-09 05:00:00,0.0,0.0,23.83,85.88,0.69
2025-11-09 06:00:00,66.12,66.25,24.13,85.49,1.01
2025-11-09 07:00:00,268.35,268.75,26.4,74.05,1.85
2025-11-09 08:00:00,494.5,494.73,29.82,58.28,1.84
2025-11-09 09:00:00,687.92,688.42,32.47,48.32,1.19
2025-11-09 10:00:00,824.05,824.78,34.48,40.75,1.71
2025-11-09 11:00:00,885.3,886.25,35.93,35.25,2.42
2025-11-09 12:00:00,885.22,886.53,36.83,31.9,2.85
2025-11-09 13:00:00,764.28,791.25,37.18,30.22,3.03
2025-11-09 14:00:00,618.9,628.92,36.99,29.89,3.08
2025-11-09 15:00:00,402.08,415.62,36.25,30.75,2.97
2025-11-09 16:00:00,179.73,182.15,34.93,33.47,2.63
2025-11-09 17:00:00,14.45,14.57,32.06,47.86,1.26
2025-11-09 18:00:00,0.0,0.0,29.62,58.46,0.91
2025-11-09 19:00:00,0.0,0.0,28.51,62.16,0.85
2025-11-09 20:00:00,0.0,0.0,27.65,65.29,0.78
2025-11-09 21:00:00,0.0,0.0,27.0,67.59,0.72
2025-11-09 22:00:00,0.0,0.0,26.58,68.65,0.7
2025-11-09 23:00:00,0.0,0.0,26.13,69.6,0.71
2025-11-10 00:00:00,0.0,0.0,25.54,71.51,0.7
2025-11-10 01:00:00,0.0,0.0,25.08,73.25,0.69
2025-11-10 02:00:00,0.0,0.0,24.8,74.15,0.61
2025-11-10 03:00:00,0.0,0.0,24.55,75.05,0.51
2025-11-10 04:00:00,0.0,0.0,24.04,77.49,0.44
2025-11-10 05:00:00,0.0,0.0,23.47,80.01,0.43
2025-11-10 06:00:00,66.95,68.38,23.48,81.3,0.44
2025-11-10 07:00:00,274.55,285.9,25.56,71.3,0.68
2025-11-10 08:00:00,495.9,517.47,29.78,52.13,1.02
2025-11-10 09:00:00,688.88,712.03,32.79,39.44,1.53
2025-11-10 10:00:00,817.92,843.83,34.87,31.92,2.09
2025-11-10 11:00:00,857.65,903.05,36.37,27.36,2.48
2025-11-10 12:00:00,873.38,898.4,37.31,24.76,2.75
2025-11-10 13:00:00,791.17,802.1,37.66,23.62,2.91
2025-11-10 14:00:00,634.95,637.72,37.45,23.63,2.97
2025-11-10 15:00:00,418.48,420.35,36.65,24.79,3.0
2025-11-10 16:00:00,187.1,187.98,35.12,28.19,2.88
2025-11-10 17:00:00,14.65,14.68,31.57,42.47,1.63
2025-11-10 18:00:00,0.0,0.0,28.78,51.54,1.5
2025-11-10 19:00:00,0.0,0.0,27.69,55.34,1.53
2025-11-10 20:00:00,0.0,0.0,26.69,59.62,1.34
2025-11-10 21:00:00,0.0,0.0,25.84,63.26,1.12
2025-11-10 22:00:00,0.0,0.0,25.14,65.69,0.98
2025-11-10 23:00:00,0.0,0.0,24.51,67.05,0.96
2025-11-11 00:00:00,0.0,0.0,23.88,68.43,0.96
2025-11-11 01:00:00,0.0,0.0,23.3,70.16,0.92
2025-11-11 02:00:00,0.0,0.0,22.74,72.43,0.83
2025-11-11 03:00:00,0.0,0.0,22.26,74.46,0.74
2025-11-11 04:00:00,0.0,0.0,21.95,76.03,0.69
2025-11-11 05:00:00,0.0,0.0,21.75,77.31,0.56
2025-11-11 06:00:00,62.45,62.53,21.98,78.25,0.28
2025-11-11 07:00:00,254.0,254.52,23.66,71.05,0.24
2025-11-11 08:00:00,485.23,486.0,27.46,54.63,0.72
2025-11-11 09:00:00,681.6,686.55,32.22,36.09,0.53
2025-11-11 10:00:00,816.55,824.3,34.96,28.21,0.82
2025-11-11 11:00:00,872.1,884.15,36.61,25.05,2.0
2025-11-11 12:00:00,876.5,893.55,37.44,24.18,2.74
2025-11-11 13:00:00,780.38,801.25,37.64,24.65,3.14
2025-11-11 14:00:00,622.47,643.35,37.3,25.97,3.33
2025-11-11 15:00:00,413.45,430.85,36.39,28.12,3.32
2025-11-11 16:00:00,185.25,194.02,34.89,31.76,3.05
2025-11-11 17:00:00,14.98,15.48,31.79,44.98,1.63
2025-11-11 18:00:00,0.0,0.0,29.21,55.34,1.23
2025-11-11 19:00:00,0.0,0.0,28.28,59.16,1.09
2025-11-11 20:00:00,0.0,0.0,27.49,62.76,0.9
2025-11-11 21:00:00,0.0,0.0,26.97,64.93,0.75
2025-11-11 22:00:00,0.0,0.0,26.87,64.32,0.68
2025-11-11 23:00:00,0.0,0.0,26.6,64.47,0.63
2025-11-12 00:00:00,0.0,0.0,25.88,67.18,0.69
2025-11-12 01:00:00,0.0,0.0,25.12,71.22,0.71
2025-11-12 02:00:00,0.0,0.0,24.55,75.34,0.69
2025-11-12 03:00:00,0.0,0.0,24.16,78.78,0.66
2025-11-12 04:00:00,0.0,0.0,23.87,81.52,0.62
2025-11-12 05:00:00,0.0,0.0,23.61,83.93,0.58
2025-11-12 06:00:00,69.03,69.32,23.77,85.0,0.56
2025-11-12 07:00:00,284.67,286.58,26.06,73.63,0.99
2025-11-12 08:00:00,513.0,515.58,29.88,56.35,1.39
2025-11-12 09:00:00,700.55,709.53,32.55,45.43,1.14
2025-11-12 10:00:00,810.67,845.4,34.59,37.77,1.63
2025-11-12 11:00:00,869.97,907.5,36.08,32.4,2.18
2025-11-12 12:00:00,860.22,868.45,37.01,28.96,2.52
2025-11-12 13:00:00,649.78,775.0,37.35,27.18,2.69
2025-11-12 14:00:00,534.75,614.95,37.16,26.73,2.71
2025-11-12 15:00:00,335.35,404.52,36.44,27.39,2.66
2025-11-12 16:00:00,154.2,175.93,35.15,29.75,2.52
2025-11-12 17:00:00,13.12,13.85,31.87,44.8,1.29
2025-11-12 18:00:00,0.0,0.0,29.18,54.3,1.19
2025-11-12 19:00:00,0.0,0.0,28.15,58.34,1.19
2025-11-12 20:00:00,0.0,0.0,27.27,62.29,1.06
2025-11-12 21:00:00,0.0,0.0,26.57,65.47,0.88
2025-11-12 22:00:00,0.0,0.0,26.3,66.11,0.78
2025-11-12 23:00:00,0.0,0.0,26.36,64.44,0.69
2025-11-13 00:00:00,0.0,0.0,25.96,65.25,0.62
2025-11-13 01:00:00,0.0,0.0,25.18,68.07,0.63
2025-11-13 02:00:00,0.0,0.0,24.41,71.98,0.63
2025-11-13 03:00:00,0.0,0.0,23.77,75.87,0.6
2025-11-13 04:00:00,0.0,0.0,23.19,79.83,0.6
2025-11-13 05:00:00,0.0,0.0,22.59,83.52,0.63
2025-11-13 06:00:00,65.28,65.62,22.78,83.47,0.9
2025-11-13 07:00:00,275.67,280.38,25.3,70.73,1.72
2025-11-13 08:00:00,497.15,507.62,29.03,55.25,1.71
2025-11-13 09:00:00,684.67,699.6,32.16,42.99,1.71
2025-11-13 10:00:00,808.0,834.2,34.32,35.45,2.0
2025-11-13 11:00:00,853.72,895.25,35.83,31.11,2.34
2025-11-13 12:00:00,790.85,857.1,36.79,28.42,2.58
2025-11-13 13:00:00,716.22,760.7,37.19,26.89,2.75
2025-11-13 14:00:00,527.6,598.75,37.02,26.55,2.85
2025-11-13 15:00:00,323.7,387.92,36.34,27.32,2.87
2025-11-13 16:00:00,145.43,163.3,35.03,29.76,2.75
2025-11-13 17:00:00,12.75,12.82,31.81,43.16,1.52
2025-11-13 18:00:00,0.0,0.0,29.25,52.17,1.45
2025-11-13 19:00:00,0.0,0.0,28.28,54.87,1.55
2025-11-13 20:00:00,0.0,0.0,27.34,58.31,1.42
2025-11-13 21:00:00,0.0,0.0,26.46,62.01,1.17
2025-11-13 22:00:00,0.0,0.0,25.67,65.1,0.96
2025-11-13 23:00:00,0.0,0.0,25.07,67.05,0.87
2025-11-14 00:00:00,0.0,0.0,24.46,68.58,0.88
2025-11-14 01:00:00,0.0,0.0,23.83,70.23,0.95
2025-11-14 02:00:00,0.0,0.0,23.21,72.28,1.04
2025-11-14 03:00:00,0.0,0.0,22.64,74.69,1.1
2025-11-14 04:00:00,0.0,0.0,22.11,77.16,1.09
2025-11-14 05:00:00,0.0,0.0,21.65,79.57,1.01
2025-11-14 06:00:00,56.33,56.65,21.95,78.83,1.27
2025-11-14 07:00:00,250.9,255.68,24.24,68.88,1.85
2025-11-14 08:00:00,470.52,480.95,28.8,50.13,2.16
2025-11-14 09:00:00,664.0,687.05,32.3,39.25,2.64
2025-11-14 10:00:00,794.58,819.12,34.43,33.69,2.77
2025-11-14 11:00:00,862.67,879.5,35.93,29.97,2.88
2025-11-14 12:00:00,878.08,887.9,36.89,27.49,3.0
2025-11-14 13:00:00,789.12,794.47,37.3,26.02,3.1
2025-11-14 14:00:00,607.12,631.62,37.17,25.35,3.17
2025-11-14 15:00:00,400.15,416.88,36.47,25.53,3.18
2025-11-14 16:00:00,175.6,180.7,35.13,27.43,2.98
2025-11-14 17:00:00,14.18,14.1,31.54,40.59,1.64
2025-11-14 18:00:00,0.0,0.0,28.67,48.86,1.68
2025-11-14 19:00:00,0.0,0.0,27.47,51.93,1.87
2025-11-14 20:00:00,0.0,0.0,26.23,56.5,1.6
2025-11-14 21:00:00,0.0,0.0,25.19,60.75,1.24
2025-11-14 22:00:00,0.0,0.0,24.45,63.8,1.0
2025-11-14 23:00:00,0.0,0.0,23.92,65.56,0.91
2025-11-15 00:00:00,0.0,0.0,23.39,67.11,0.9
2025-11-15 01:00:00,0.0,0.0,22.81,68.79,0.97
2025-11-15 02:00:00,0.0,0.0,22.24,70.83,1.09
2025-11-15 03:00:00,0.0,0.0,21.73,73.06,1.24
2025-11-15 04:00:00,0.0,0.0,21.21,75.56,1.33
2025-11-15 05:00:00,0.0,0.0,20.72,77.95,1.36
2025-11-15 06:00:00,52.95,55.67,20.77,77.74,1.84
2025-11-15 07:00:00,234.55,255.43,22.5,70.03,2.44
2025-11-15 08:00:00,455.35,486.3,25.84,55.39,2.24
2025-11-15 09:00:00,663.28,685.2,30.7,35.57,3.32
2025-11-15 10:00:00,817.2,818.97,34.19,25.53,4.09
2025-11-15 11:00:00,878.3,879.1,35.92,22.38,4.16
2025-11-15 12:00:00,860.15,860.75,36.82,20.95,4.13
2025-11-15 13:00:00,755.55,760.1,37.07,20.65,4.08
2025-11-15 14:00:00,584.42,589.75,36.74,21.09,3.99
2025-11-15 15:00:00,368.7,372.58,35.88,22.45,3.84
2025-11-15 16:00:00,165.05,166.65,34.25,25.92,3.44
2025-11-15 17:00:00,12.48,12.52,30.37,40.09,1.88
2025-11-15 18:00:00,0.0,0.0,27.67,49.61,1.82
2025-11-15 19:00:00,0.0,0.0,26.57,54.14,1.87
2025-11-15 20:00:00,0.0,0.0,25.59,58.79,1.66
2025-11-15 21:00:00,0.0,0.0,24.72,63.01,1.36
2025-11-15 22:00:00,0.0,0.0,23.99,66.45,1.21
2025-11-15 23:00:00,0.0,0.0,23.31,69.49,1.26
2025-11-16 00:00:00,0.0,0.0,22.65,72.97,1.39
2025-11-16 01:00:00,0.0,0.0,21.94,77.75,1.45
2025-11-16 02:00:00,0.0,0.0,21.22,82.9,1.41
2025-11-16 03:00:00,0.0,0.0,20.56,87.61,1.37
2025-11-16 04:00:00,0.0,0.0,19.99,91.92,1.42
2025-11-16 05:00:00,0.0,0.0,19.5,95.5,1.5
2025-11-16 06:00:00,49.58,49.78,19.66,94.48,1.85
2025-11-16 07:00:00,226.15,227.85,21.66,83.27,2.14
2025-11-16 08:00:00,443.9,445.95,25.45,62.15,2.0
2025-11-16 09:00:00,648.4,649.05,29.85,38.74,2.75
2025-11-16 10:00:00,786.35,786.8,32.86,27.47,3.03
2025-11-16 11:00:00,850.2,850.4,34.68,22.97,3.08
2025-11-16 12:00:00,827.4,828.0,35.74,20.88,3.0
2025-11-16 13:00:00,724.38,728.5,36.13,20.21,2.9
2025-11-16 14:00:00,556.97,559.35,35.93,20.37,2.81
2025-11-16 15:00:00,344.45,346.3,35.34,21.34,2.69
2025-11-16 16:00:00,147.3,148.05,33.75,25.48,2.31
2025-11-16 17:00:00,11.9,11.93,29.65,43.61,1.29
2025-11-16 18:00:00,0.0,0.0,27.08,51.03,1.5
2025-11-16 19:00:00,0.0,0.0,26.1,55.23,1.74
2025-11-16 20:00:00,0.0,0.0,25.18,60.2,1.7
2025-11-16 21:00:00,0.0,0.0,24.42,64.14,1.59
2025-11-16 22:00:00,0.0,0.0,23.84,67.1,1.47
2025-11-16 23:00:00,0.0,0.0,23.35,69.26,1.41
2025-11-17 00:00:00,0.0,0.0,22.93,71.11,1.46
2025-11-17 01:00:00,0.0,0.0,22.57,72.92,1.6
2025-11-17 02:00:00,0.0,0.0,22.22,75.04,1.8
2025-11-17 03:00:00,0.0,0.0,21.85,77.51,2.13
2025-11-17 04:00:00,0.0,0.0,21.38,80.89,2.35
2025-11-17 05:00:00,0.0,0.0,20.89,84.62,2.34
2025-11-17 06:00:00,43.83,44.0,20.77,86.32,2.5
2025-11-17 07:00:00,204.73,208.23,22.35,79.24,2.55
2025-11-17 08:00:00,381.7,403.27,25.99,64.25,2.26
2025-11-17 09:00:00,558.8,588.47,30.93,45.77,3.23
2025-11-17 10:00:00,704.78,727.67,33.54,37.71,3.18
2025-11-17 11:00:00,775.8,798.55,35.2,33.06,2.92
2025-11-17 12:00:00,831.25,838.22,36.22,30.09,2.7
2025-11-17 13:00:00,741.7,755.33,36.67,28.44,2.65
2025-11-17 14:00:00,593.97,594.95,36.57,27.79,2.73
2025-11-17 15:00:00,382.5,383.25,35.67,28.43,2.84
2025-11-17 16:00:00,164.73,165.07,34.16,31.13,2.71
2025-11-17 17:00:00,13.25,13.27,30.68,43.81,1.67
2025-11-17 18:00:00,0.0,0.0,28.23,50.04,1.83
2025-11-17 19:00:00,0.0,0.0,27.08,52.2,1.94
2025-11-17 20:00:00,0.0,0.0,25.93,55.38,1.64
2025-11-17 21:00:00,0.0,0.0,24.96,58.33,1.31
2025-11-17 22:00:00,0.0,0.0,24.23,60.77,1.08
2025-11-17 23:00:00,0.0,0.0,23.63,62.77,0.98
2025-11-18 00:00:00,0.0,0.0,23.06,64.6,0.97
2025-11-18 01:00:00,0.0,0.0,22.48,66.76,1.0
2025-11-18 02:00:00,0.0,0.0,21.89,69.24,1.07
2025-11-18 03:00:00,0.0,0.0,21.34,71.85,1.21
2025-11-18 04:00:00,0.0,0.0,20.84,74.61,1.4
2025-11-18 05:00:00,0.0,0.0,20.41,77.51,1.51
2025-11-18 06:00:00,49.75,51.83,20.45,78.47,1.86
2025-11-18 07:00:00,231.82,247.3,22.1,72.27,2.24
2025-11-18 08:00:00,459.67,476.38,25.44,59.58,1.9
2025-11-18 09:00:00,664.95,673.9,30.08,42.66,2.37
2025-11-18 10:00:00,795.15,808.78,32.75,35.56,2.49
2025-11-18 11:00:00,864.7,870.55,34.37,31.81,2.57
2025-11-18 12:00:00,839.4,849.72,35.41,29.25,2.67
2025-11-18 13:00:00,750.4,756.7,35.88,27.72,2.77
2025-11-18 14:00:00,588.6,595.9,35.78,27.32,2.86
2025-11-18 15:00:00,377.4,385.15,35.31,27.89,2.95
2025-11-18 16:00:00,160.62,161.68,33.94,30.46,2.89
2025-11-18 17:00:00,12.93,13.1,30.44,43.46,1.81
2025-11-18 18:00:00,0.0,0.0,27.8,50.8,2.13
2025-11-18 19:00:00,0.0,0.0,26.61,53.71,2.36
2025-11-18 20:00:00,0.0,0.0,25.44,57.42,1.98
2025-11-18 21:00:00,0.0,0.0,24.48,61.08,1.46
2025-11-18 22:00:00,0.0,0.0,23.8,64.09,1.1
2025-11-18 23:00:00,0.0,0.0,23.38,65.83,0.9
2025-11-19 00:00:00,0.0,0.0,23.11,66.38,0.85
2025-11-19 01:00:00,0.0,0.0,22.67,67.57,0.84
2025-11-19 02:00:00,0.0,0.0,22.04,69.35,0.86
2025-11-19 03:00:00,0.0,0.0,21.42,70.73,0.96
2025-11-19 04:00:00,0.0,0.0,20.87,71.77,1.15
2025-11-19 05:00:00,0.0,0.0,20.36,73.1,1.33
2025-11-19 06:00:00,54.1,54.12,20.42,71.88,1.8
2025-11-19 07:00:00,246.7,246.82,22.37,62.77,2.37
2025-11-19 08:00:00,467.38,467.6,26.0,50.42,1.93
2025-11-19 09:00:00,660.28,660.47,31.01,33.31,2.06
2025-11-19 10:00:00,792.5,792.6,33.88,26.65,2.02
2025-11-19 11:00:00,853.28,853.33,35.43,24.32,2.14
2025-11-19 12:00:00,857.03,857.05,36.37,22.79,2.46
2025-11-19 13:00:00,759.33,761.85,36.74,21.95,2.79
2025-11-19 14:00:00,594.85,600.55,36.5,22.02,3.1
2025-11-19 15:00:00,385.2,388.75,35.55,23.22,3.26
2025-11-19 16:00:00,169.95,171.5,33.94,26.43,3.13
2025-11-19 17:00:00,13.18,13.23,30.28,39.6,1.8
2025-11-19 18:00:00,0.0,0.0,27.65,48.31,1.73
2025-11-19 19:00:00,0.0,0.0,26.59,51.81,1.72
2025-11-19 20:00:00,0.0,0.0,25.66,55.25,1.53
2025-11-19 21:00:00,0.0,0.0,24.94,58.13,1.3
2025-11-19 22:00:00,0.0,0.0,24.39,60.23,1.12
2025-11-19 23:00:00,0.0,0.0,23.96,61.52,1.0
2025-11-20 00:00:00,0.0,0.0,23.51,62.59,0.96
2025-11-20 01:00:00,0.0,0.0,22.91,63.92,0.95
2025-11-20 02:00:00,0.0,0.0,22.2,65.37,1.01
2025-11-20 03:00:00,0.0,0.0,21.53,66.88,1.15
2025-11-20 04:00:00,0.0,0.0,20.87,68.91,1.29
2025-11-20 05:00:00,0.0,0.0,20.25,71.09,1.31
2025-11-20 06:00:00,50.62,50.62,20.28,70.47,1.63
2025-11-20 07:00:00,242.88,245.18,22.31,60.9,2.3
2025-11-20 08:00:00,463.95,468.15,25.99,47.55,2.15
2025-11-20 09:00:00,655.4,660.67,30.27,33.5,2.74
2025-11-20 10:00:00,788.35,794.05,33.95,24.28,3.18
2025-11-20 11:00:00,849.8,855.72,35.72,21.67,3.39
2025-11-20 12:00:00,877.15,883.47,36.75,20.54,3.54
2025-11-20 13:00:00,786.15,789.78,37.14,20.36,3.59
2025-11-20 14:00:00,628.0,628.47,36.91,20.85,3.56
2025-11-20 15:00:00,417.4,418.38,35.99,22.24,3.47
2025-11-20 16:00:00,186.95,187.75,34.3,25.44,3.17
2025-11-20 17:00:00,14.85,14.85,30.41,39.37,1.69
2025-11-20 18:00:00,0.0,0.0,27.78,47.6,1.58
2025-11-20 19:00:00,0.0,0.0,26.79,50.58,1.56
2025-11-20 20:00:00,0.0,0.0,25.87,53.97,1.38
2025-11-20 21:00:00,0.0,0.0,25.07,57.12,1.2
2025-11-20 22:00:00,0.0,0.0,24.41,59.52,1.06
2025-11-20 23:00:00,0.0,0.0,23.97,60.83,1.0
2025-11-21 00:00:00,0.0,0.0,23.45,62.47,0.97
2025-11-21 01:00:00,0.0,0.0,22.6,65.61,0.91
2025-11-21 02:00:00,0.0,0.0,21.7,68.73,0.91
2025-11-21 03:00:00,0.0,0.0,20.96,71.03,0.97
2025-11-21 04:00:00,0.0,0.0,20.38,72.79,1.02
2025-11-21 05:00:00,0.0,0.0,19.91,74.1,1.0
2025-11-21 06:00:00,53.62,54.15,20.22,73.01,1.22
2025-11-21 07:00:00,254.82,260.17,22.74,61.81,2.12
2025-11-21 08:00:00,476.55,486.67,26.52,50.2,1.79
2025-11-21 09:00:00,664.22,678.45,31.61,36.22,2.46
2025-11-21 10:00:00,795.38,810.65,34.37,30.79,2.77
2025-11-21 11:00:00,857.62,872.05,36.02,27.95,2.93
2025-11-21 12:00:00,865.28,876.78,37.01,26.34,3.08
2025-11-21 13:00:00,666.12,785.6,37.42,25.64,3.19
2025-11-21 14:00:00,564.17,626.28,37.28,25.79,3.22
2025-11-21 15:00:00,364.42,416.33,36.53,26.94,3.18
2025-11-21 16:00:00,165.8,184.3,35.15,29.37,2.95
2025-11-21 17:00:00,14.12,14.68,31.52,43.2,1.49
2025-11-21 18:00:00,0.0,0.0,28.86,51.99,1.52
2025-11-21 19:00:00,0.0,0.0,27.85,55.28,1.75
2025-11-21 20:00:00,0.0,0.0,26.81,59.51,1.62
2025-11-21 21:00:00,0.0,0.0,25.86,63.34,1.3
2025-11-21 22:00:00,0.0,0.0,25.08,66.15,1.03
2025-11-21 23:00:00,0.0,0.0,24.43,68.03,0.88
2025-11-22 00:00:00,0.0,0.0,23.84,69.34,0.83
2025-11-22 01:00:00,0.0,0.0,23.14,71.29,0.86
2025-11-22 02:00:00,0.0,0.0,22.41,73.75,0.97
2025-11-22 03:00:00,0.0,0.0,21.77,76.2,1.14
2025-11-22 04:00:00,0.0,0.0,21.21,78.57,1.27
2025-11-22 05:00:00,0.0,0.0,20.69,80.66,1.27
2025-11-22 06:00:00,56.4,56.45,20.81,79.41,1.62
2025-11-22 07:00:00,266.02,266.3,22.98,68.87,2.48
2025-11-22 08:00:00,493.42,493.8,26.65,54.04,2.25
2025-11-22 09:00:00,686.05,686.38,31.52,34.61,2.78
2025-11-22 10:00:00,819.72,819.97,34.45,26.16,3.16
2025-11-22 11:00:00,882.08,882.25,36.09,22.91,3.46
2025-11-22 12:00:00,842.25,880.3,37.02,21.6,3.73
2025-11-22 13:00:00,708.03,788.05,37.37,21.54,3.85
2025-11-22 14:00:00,576.4,627.12,37.15,22.35,3.84
2025-11-22 15:00:00,366.35,414.9,36.39,23.92,3.79
2025-11-22 16:00:00,168.32,181.6,34.94,27.07,3.53
2025-11-22 17:00:00,14.3,14.45,31.31,39.67,1.9
2025-11-22 18:00:00,0.0,0.0,28.55,49.42,1.68
2025-11-22 19:00:00,0.0,0.0,27.5,53.44,1.56
2025-11-22 20:00:00,0.0,0.0,26.56,57.46,1.28
2025-11-22 21:00:00,0.0,0.0,25.96,59.58,1.05
2025-11-22 22:00:00,0.0,0.0,25.84,58.71,1.01
2025-11-22 23:00:00,0.0,0.0,25.29,59.65,1.0
2025-11-23 00:00:00,0.0,0.0,24.11,63.29,1.02
2025-11-23 01:00:00,0.0,0.0,22.93,67.32,1.05
2025-11-23 02:00:00,0.0,0.0,22.11,70.68,1.09
2025-11-23 03:00:00,0.0,0.0,21.44,74.2,1.06
2025-11-23 04:00:00,0.0,0.0,20.87,77.33,0.95
2025-11-23 05:00:00,0.0,0.0,20.43,79.76,0.81
2025-11-23 06:00:00,49.97,53.4,20.75,79.18,0.87
2025-11-23 07:00:00,240.57,261.4,22.99,69.12,1.46
2025-11-23 08:00:00,456.75,486.95,26.8,54.25,0.98
2025-11-23 09:00:00,647.95,677.85,31.77,37.26,2.02
2025-11-23 10:00:00,796.38,811.15,34.23,31.11,2.75
2025-11-23 11:00:00,863.35,872.5,35.84,27.44,3.05
2025-11-23 12:00:00,745.35,844.42,36.86,25.11,3.18
2025-11-23 13:00:00,735.35,753.67,37.26,24.14,3.22
2025-11-23 14:00:00,566.55,594.6,37.07,24.38,3.24
2025-11-23 15:00:00,357.45,386.33,36.24,25.77,3.32
2025-11-23 16:00:00,157.02,163.43,34.59,28.93,3.38
2025-11-23 17:00:00,13.02,13.18,31.31,39.32,2.55
2025-11-23 18:00:00,0.0,0.0,28.65,48.26,2.58
2025-11-23 19:00:00,0.0,0.0,27.16,52.9,2.32
2025-11-23 20:00:00,0.0,0.0,25.86,57.62,1.62
2025-11-23 21:00:00,0.0,0.0,24.9,61.36,1.13
2025-11-23 22:00:00,0.0,0.0,24.24,63.08,0.94
2025-11-23 23:00:00,0.0,0.0,23.56,64.27,0.94
2025-11-24 00:00:00,0.0,0.0,22.62,66.51,1.01
2025-11-24 01:00:00,0.0,0.0,21.71,69.24,1.1
2025-11-24 02:00:00,0.0,0.0,20.92,71.77,1.17
2025-11-24 03:00:00,0.0,0.0,20.18,73.66,1.17
2025-11-24 04:00:00,0.0,0.0,19.49,74.81,1.16
2025-11-24 05:00:00,0.0,0.0,18.87,75.63,1.14
2025-11-24 06:00:00,52.22,52.28,19.05,73.61,1.42
2025-11-24 07:00:00,253.6,253.95,21.66,61.78,2.54
2025-11-24 08:00:00,481.55,482.08,25.37,50.45,2.14
2025-11-24 09:00:00,677.53,678.25,30.43,33.67,3.0
2025-11-24 10:00:00,814.08,814.9,34.19,22.48,3.79
2025-11-24 11:00:00,880.7,880.9,36.01,18.74,4.11
2025-11-24 12:00:00,886.62,904.08,37.01,16.91,4.29
2025-11-24 13:00:00,811.38,813.3,37.32,16.22,4.37
2025-11-24 14:00:00,652.47,653.55,37.0,16.29,4.36
2025-11-24 15:00:00,439.08,440.12,36.05,17.15,4.21
2025-11-24 16:00:00,199.5,200.12,34.25,20.01,3.8
2025-11-24 17:00:00,16.52,16.55,29.72,33.68,2.08
2025-11-24 18:00:00,0.0,0.0,26.39,44.44,1.88
2025-11-24 19:00:00,0.0,0.0,25.03,49.3,1.72
2025-11-24 20:00:00,0.0,0.0,23.88,53.53,1.41
2025-11-24 21:00:00,0.0,0.0,23.08,56.02,1.2
2025-11-24 22:00:00,0.0,0.0,22.44,57.36,1.12
2025-11-24 23:00:00,0.0,0.0,21.56,59.83,1.09
2025-11-25 00:00:00,0.0,0.0,20.55,63.39,1.11
2025-11-25 01:00:00,0.0,0.0,19.64,66.97,1.22
2025-11-25 02:00:00,0.0,0.0,18.88,69.83,1.31
2025-11-25 03:00:00,0.0,0.0,18.17,71.87,1.29
2025-11-25 04:00:00,0.0,0.0,17.53,73.28,1.21
2025-11-25 05:00:00,0.0,0.0,16.95,74.67,1.13
2025-11-25 06:00:00,55.9,56.38,17.23,73.25,1.31
2025-11-25 07:00:00,270.0,271.12,20.1,60.38,2.42
2025-11-25 08:00:00,503.58,503.75,23.96,46.99,2.09
2025-11-25 09:00:00,701.6,701.72,28.58,31.81,2.56
2025-11-25 10:00:00,839.42,839.53,32.72,20.84,3.16
2025-11-25 11:00:00,905.3,905.35,35.55,15.66,3.52
2025-11-25 12:00:00,917.78,917.8,36.83,14.27,3.59
2025-11-25 13:00:00,826.97,826.97,37.38,13.64,3.6
2025-11-25 14:00:00,664.7,664.7,37.3,13.59,3.5
2025-11-25 15:00:00,448.3,448.33,36.53,14.37,3.3
2025-11-25 16:00:00,204.8,204.82,34.79,17.72,2.71
2025-11-25 17:00:00,17.2,17.23,29.63,35.84,1.35
2025-11-25 18:00:00,0.0,0.0,26.47,44.12,1.54
2025-11-25 19:00:00,0.0,0.0,25.21,48.81,1.67
2025-11-25 20:00:00,0.0,0.0,24.04,53.7,1.53
2025-11-25 21:00:00,0.0,0.0,23.09,57.6,1.3
2025-11-25 22:00:00,0.0,0.0,22.41,60.19,1.13
2025-11-25 23:00:00,0.0,0.0,21.84,61.8,1.05
2025-11-26 00:00:00,0.0,0.0,21.25,63.41,1.03
2025-11-26 01:00:00,0.0,0.0,20.58,65.52,1.02
2025-11-26 02:00:00,0.0,0.0,19.84,68.01,1.03
2025-11-26 03:00:00,0.0,0.0,19.11,70.95,1.05
2025-11-26 04:00:00,0.0,0.0,18.44,74.01,1.09
2025-11-26 05:00:00,0.0,0.0,17.86,76.66,1.12
2025-11-26 06:00:00,56.4,57.08,18.1,75.72,1.38
2025-11-26 07:00:00,271.15,274.08,20.79,63.78,2.42
2025-11-26 08:00:00,500.05,503.7,24.51,50.26,1.86
2025-11-26 09:00:00,692.6,695.72,29.08,34.69,1.89
2025-11-26 10:00:00,826.33,828.4,33.49,22.12,2.29
2025-11-26 11:00:00,888.67,889.8,35.81,18.12,2.51
2025-11-26 12:00:00,887.4,887.83,36.97,16.88,2.64
2025-11-26 13:00:00,796.15,796.88,37.48,16.63,2.76
2025-11-26 14:00:00,634.45,635.6,37.37,17.03,2.82
2025-11-26 15:00:00,421.05,421.88,36.61,18.26,2.82
2025-11-26 16:00:00,186.95,187.38,35.03,21.32,2.59
2025-11-26 17:00:00,15.2,15.23,30.49,37.13,1.4
2025-11-26 18:00:00,0.0,0.0,27.62,43.7,1.53
2025-11-26 19:00:00,0.0,0.0,26.46,46.64,1.53
2025-11-26 20:00:00,0.0,0.0,25.4,50.27,1.36
2025-11-26 21:00:00,0.0,0.0,24.57,53.28,1.19
2025-11-26 22:00:00,0.0,0.0,24.02,55.0,1.09
2025-11-26 23:00:00,0.0,0.0,23.77,55.18,1.04
2025-11-27 00:00:00,0.0,0.0,23.57,54.84,1.03
2025-11-27 01:00:00,0.0,0.0,22.94,56.55,1.01
2025-11-27 02:00:00,0.0,0.0,21.98,59.91,0.99
2025-11-27 03:00:00,0.0,0.0,21.07,63.34,0.98
2025-11-27 04:00:00,0.0,0.0,20.35,66.24,0.98
2025-11-27 05:00:00,0.0,0.0,19.77,68.71,0.97
2025-11-27 06:00:00,42.55,42.83,19.96,68.83,0.94
2025-11-27 07:00:00,211.05,212.15,22.57,56.32,1.79
2025-11-27 08:00:00,415.0,415.83,25.98,45.51,1.2
2025-11-27 09:00:00,599.8,600.3,30.38,32.68,1.07
2025-11-27 10:00:00,728.0,734.47,34.71,23.43,1.6
2025-11-27 11:00:00,786.25,791.22,36.54,21.09,1.9
2025-11-27 12:00:00,786.17,789.9,37.53,19.96,2.26
2025-11-27 13:00:00,694.83,696.1,37.95,19.58,2.58
2025-11-27 14:00:00,530.28,530.42,37.82,19.89,2.76
2025-11-27 15:00:00,326.33,326.65,37.09,20.97,2.76
2025-11-27 16:00:00,150.12,150.38,35.61,23.78,2.45
2025-11-27 17:00:00,12.2,12.2,31.49,39.56,1.24
2025-11-27 18:00:00,0.0,0.0,28.9,46.18,1.37
2025-11-27 19:00:00,0.0,0.0,27.83,49.7,1.37
2025-11-27 20:00:00,0.0,0.0,26.91,53.55,1.18
2025-11-27 21:00:00,0.0,0.0,26.22,56.61,1.0
2025-11-27 22:00:00,0.0,0.0,25.79,58.14,0.91
2025-11-27 23:00:00,0.0,0.0,25.63,58.29,0.86
2025-11-28 00:00:00,0.0,0.0,25.61,58.0,0.8
2025-11-28 01:00:00,0.0,0.0,25.33,59.07,0.73
2025-11-28 02:00:00,0.0,0.0,24.81,60.79,0.71
2025-11-28 03:00:00,0.0,0.0,24.26,63.07,0.67
2025-11-28 04:00:00,0.0,0.0,23.62,65.68,0.66
2025-11-28 05:00:00,0.0,0.0,22.8,68.7,0.69
2025-11-28 06:00:00,32.6,35.5,22.45,70.85,0.71
2025-11-28 07:00:00,172.2,195.38,24.14,62.19,1.63
2025-11-28 08:00:00,320.58,391.23,26.84,52.53,1.07
2025-11-28 09:00:00,459.98,575.8,31.39,36.75,0.94
2025-11-28 10:00:00,519.85,708.67,34.1,29.45,1.67
2025-11-28 11:00:00,585.08,771.75,35.75,25.91,2.35
2025-11-28 12:00:00,590.2,756.42,36.74,24.01,2.79
2025-11-28 13:00:00,520.62,668.38,36.97,23.49,2.99
2025-11-28 14:00:00,401.5,514.67,36.57,24.25,3.07
2025-11-28 15:00:00,232.5,314.85,35.9,25.74,3.05
2025-11-28 16:00:00,107.25,128.62,34.58,29.01,2.72
2025-11-28 17:00:00,10.82,11.6,31.23,43.69,1.3
2025-11-28 18:00:00,0.0,0.0,29.04,51.94,1.14
2025-11-28 19:00:00,0.0,0.0,28.18,55.95,1.02
2025-11-28 20:00:00,0.0,0.0,27.57,59.42,0.83
2025-11-28 21:00:00,0.0,0.0,27.4,60.11,0.72
2025-11-28 22:00:00,0.0,0.0,27.49,58.58,0.57
2025-11-28 23:00:00,0.0,0.0,27.05,59.68,0.57
2025-11-29 00:00:00,0.0,0.0,26.26,63.04,0.72
2025-11-29 01:00:00,0.0,0.0,25.58,66.69,0.75
2025-11-29 02:00:00,0.0,0.0,25.23,69.96,0.64
2025-11-29 03:00:00,0.0,0.0,25.02,72.9,0.49
2025-11-29 04:00:00,0.0,0.0,24.79,74.98,0.36
2025-11-29 05:00:00,0.0,0.0,24.15,78.1,0.46
2025-11-29 06:00:00,33.92,33.83,23.85,79.0,0.71
2025-11-29 07:00:00,186.0,187.3,25.47,70.08,1.6
2025-11-29 08:00:00,367.33,368.98,28.44,57.07,1.19
2025-11-29 09:00:00,548.1,548.7,31.7,42.46,0.9
2025-11-29 10:00:00,675.55,691.83,34.09,33.14,0.91
2025-11-29 11:00:00,733.28,760.1,35.61,28.33,1.46
2025-11-29 12:00:00,744.97,790.7,36.5,25.98,1.88
2025-11-29 13:00:00,656.55,704.05,36.89,24.95,2.04
2025-11-29 14:00:00,475.75,549.88,36.75,24.8,2.09
2025-11-29 15:00:00,275.48,350.52,36.09,25.52,2.1
2025-11-29 16:00:00,117.68,146.07,34.91,28.61,1.69
2025-11-29 17:00:00,11.12,12.9,31.89,46.43,0.77
2025-11-29 18:00:00,0.0,0.0,30.05,51.07,0.87
2025-11-29 19:00:00,0.0,0.0,29.01,54.49,0.92
2025-11-29 20:00:00,0.0,0.0,28.1,57.77,1.06
2025-11-29 21:00:00,0.0,0.0,27.33,61.78,1.31
2025-11-29 22:00:00,0.0,0.0,26.66,66.82,1.56
2025-11-29 23:00:00,0.0,0.0,26.12,71.8,1.79
2025-11-30 00:00:00,0.0,0.0,25.61,75.98,1.97
2025-11-30 01:00:00,0.0,0.0,25.1,79.12,1.94
2025-11-30 02:00:00,0.0,0.0,24.62,81.93,1.84
2025-11-30 03:00:00,0.0,0.0,24.19,84.41,1.86
2025-11-30 04:00:00,0.0,0.0,23.79,86.96,1.98
2025-11-30 05:00:00,0.0,0.0,23.38,89.89,1.98
2025-11-30 06:00:00,37.25,36.88,23.38,90.87,2.14
2025-11-30 07:00:00,190.85,208.45,25.05,83.49,2.51
2025-11-30 08:00:00,388.58,421.2,28.68,62.84,2.64
2025-11-30 09:00:00,569.15,608.85,31.62,50.22,2.31
2025-11-30 10:00:00,703.6,741.92,33.69,42.63,1.75
2025-11-30 11:00:00,794.17,806.12,35.38,36.38,1.47
2025-11-30 12:00:00,811.25,816.9,36.58,32.14,1.69
2025-11-30 13:00:00,700.33,727.75,37.06,30.26,1.96
2025-11-30 14:00:00,507.4,572.75,36.8,30.04,2.07
2025-11-30 15:00:00,292.02,370.0,35.73,31.74,2.13
2025-11-30 16:00:00,136.2,156.68,34.6,34.27,2.09
2025-11-30 17:00:00,13.32,13.65,32.12,47.59,1.01
2025-11-30 18:00:00,0.0,0.0,30.01,56.97,0.81
2025-11-30 19:00:00,0.0,0.0,29.15,60.1,0.76
2025-11-30 20:00:00,0.0,0.0,28.66,62.55,0.67
2025-11-30 21:00:00,0.0,0.0,28.34,62.96,0.61
2025-11-30 22:00:00,0.0,0.0,28.14,62.73,0.53
2025-11-30 23:00:00,0.0,0.0,27.69,66.46,0.5
2025-12-01 00:00:00,0.0,0.0,27.09,64.71,0.6
2025-12-01 01:00:00,0.0,0.0,26.35,68.14,0.68
2025-12-01 02:00:00,0.0,0.0,25.72,70.64,0.7
2025-12-01 03:00:00,0.0,0.0,25.2,73.3,0.6
2025-12-01 04:00:00,0.0,0.0,24.75,76.23,0.53
2025-12-01 05:00:00,0.0,0.0,24.25,79.29,0.47
2025-12-01 06:00:00,35.45,37.62,24.17,81.23,0.39
2025-12-01 07:00:00,192.4,214.15,26.05,72.08,0.34
2025-12-01 08:00:00,400.5,427.05,30.2,52.38,0.48
2025-12-01 09:00:00,547.2,613.58,32.95,41.9,0.95
2025-12-01 10:00:00,643.03,747.47,34.8,35.8,1.55
2025-12-01 11:00:00,597.05,810.38,35.72,32.53,1.73
2025-12-01 12:00:00,615.0,819.78,35.99,31.0,1.79
2025-12-01 13:00:00,530.65,731.88,35.97,30.44,1.96
2025-12-01 14:00:00,424.08,578.38,35.48,30.9,2.18
2025-12-01 15:00:00,258.67,376.52,34.49,32.87,2.33
2025-12-01 16:00:00,109.85,159.77,33.22,37.6,2.18
2025-12-01 17:00:00,9.77,14.07,31.02,48.16,1.68
2025-12-01 18:00:00,0.0,0.0,29.26,55.27,1.84
2025-12-01 19:00:00,0.0,0.0,28.35,59.25,2.06
2025-12-01 20:00:00,0.0,0.0,27.44,63.55,1.88
2025-12-01 21:00:00,0.0,0.0,26.69,67.13,1.5
2025-12-01 22:00:00,0.0,0.0,26.06,69.99,1.3
2025-12-01 23:00:00,0.0,0.0,25.53,72.02,1.33
2025-12-02 00:00:00,0.0,0.0,25.05,72.66,1.62
2025-12-02 01:00:00,0.0,0.0,24.46,71.65,2.11
2025-12-02 02:00:00,0.0,0.0,23.46,70.53,2.37
2025-12-02 03:00:00,0.0,0.0,22.39,68.71,2.3
2025-12-02 04:00:00,0.0,0.0,21.51,66.63,2.02
2025-12-02 05:00:00,0.0,0.0,20.8,66.17,1.72
2025-12-02 06:00:00,35.0,36.33,20.57,65.2,1.93
2025-12-02 07:00:00,187.68,211.98,22.22,58.36,2.25
2025-12-02 08:00:00,385.08,426.58,25.93,47.2,1.99
2025-12-02 09:00:00,553.92,615.72,30.73,32.78,3.02
2025-12-02 10:00:00,697.0,749.85,34.85,24.43,3.29
2025-12-02 11:00:00,747.3,814.47,36.77,22.24,2.99
2025-12-02 12:00:00,736.3,827.53,37.88,21.16,2.78
2025-12-02 13:00:00,655.4,740.78,38.35,20.84,2.67
2025-12-02 14:00:00,508.45,585.22,38.25,21.1,2.63
2025-12-02 15:00:00,326.7,383.65,37.54,22.17,2.7
2025-12-02 16:00:00,144.57,166.35,36.11,25.13,2.76
2025-12-02 17:00:00,14.15,14.7,32.33,37.65,1.77
2025-12-02 18:00:00,0.0,0.0,29.86,44.38,2.19
2025-12-02 19:00:00,0.0,0.0,28.62,48.28,2.25
2025-12-02 20:00:00,0.0,0.0,27.46,52.5,1.73
2025-12-02 21:00:00,0.0,0.0,26.62,56.07,1.25
2025-12-02 22:00:00,0.0,0.0,25.97,58.63,1.0
2025-12-02 23:00:00,0.0,0.0,25.33,60.41,0.94
2025-12-03 00:00:00,0.0,0.0,24.59,61.91,1.04
2025-12-03 01:00:00,0.0,0.0,23.83,63.39,1.23
2025-12-03 02:00:00,0.0,0.0,23.01,65.48,1.32
2025-12-03 03:00:00,0.0,0.0,22.22,67.58,1.21
2025-12-03 04:00:00,0.0,0.0,21.47,69.9,1.04
2025-12-03 05:00:00,0.0,0.0,20.71,72.89,0.96
2025-12-03 06:00:00,35.53,35.8,20.48,73.46,1.54
2025-12-03 07:00:00,199.1,212.05,22.0,65.97,2.29
2025-12-03 08:00:00,403.88,426.0,25.56,48.52,2.61
2025-12-03 09:00:00,568.28,612.95,29.49,34.3,3.14
2025-12-03 10:00:00,703.6,745.03,33.14,25.12,3.69
2025-12-03 11:00:00,792.15,808.05,35.08,22.02,3.87
2025-12-03 12:00:00,786.25,806.58,35.99,20.82,3.88
2025-12-03 13:00:00,690.58,718.35,36.22,20.58,3.89
2025-12-03 14:00:00,560.25,561.55,35.7,21.3,3.87
2025-12-03 15:00:00,357.4,364.5,34.66,22.92,3.73
2025-12-03 16:00:00,152.25,155.18,33.22,26.46,3.22
2025-12-03 17:00:00,14.25,14.05,29.86,38.49,1.78
2025-12-03 18:00:00,0.0,0.0,27.25,46.64,1.53
2025-12-03 19:00:00,0.0,0.0,26.11,50.34,1.35
2025-12-03 20:00:00,0.0,0.0,25.27,53.68,1.11
2025-12-03 21:00:00,0.0,0.0,24.84,55.39,0.95
2025-12-03 22:00:00,0.0,0.0,24.93,53.86,0.89
2025-12-03 23:00:00,0.0,0.0,24.81,53.09,0.76
2025-12-04 00:00:00,0.0,0.0,23.99,55.23,0.75
2025-12-04 01:00:00,0.0,0.0,22.76,59.41,0.82
2025-12-04 02:00:00,0.0,0.0,21.93,62.59,0.87
2025-12-04 03:00:00,0.0,0.0,21.32,64.47,0.93
2025-12-04 04:00:00,0.0,0.0,20.73,65.97,0.95
2025-12-04 05:00:00,0.0,0.0,20.29,66.95,1.0
2025-12-04 06:00:00,33.15,32.22,20.33,65.7,1.51
2025-12-04 07:00:00,177.9,192.23,21.59,58.84,2.55
2025-12-04 08:00:00,364.17,399.42,24.04,49.12,2.65
2025-12-04 09:00:00,526.95,586.65,27.85,35.32,2.89
2025-12-04 10:00:00,697.47,721.95,31.85,25.44,3.23
2025-12-04 11:00:00,780.38,786.35,34.36,21.43,3.46
2025-12-04 12:00:00,634.92,782.28,35.75,19.42,3.65
2025-12-04 13:00:00,543.25,695.05,36.35,18.59,3.79
2025-12-04 14:00:00,417.1,547.72,36.21,18.8,3.87
2025-12-04 15:00:00,246.3,351.3,35.31,20.06,3.76
2025-12-04 16:00:00,109.57,145.62,33.72,22.94,3.37
2025-12-04 17:00:00,12.48,13.52,29.79,36.12,1.71
2025-12-04 18:00:00,0.0,0.0,27.13,44.72,1.45
2025-12-04 19:00:00,0.0,0.0,26.09,48.46,1.25
2025-12-04 20:00:00,0.0,0.0,25.36,51.6,1.03
2025-12-04 21:00:00,0.0,0.0,25.08,52.48,0.92
2025-12-04 22:00:00,0.0,0.0,24.99,52.0,0.87
2025-12-04 23:00:00,0.0,0.0,24.67,52.74,0.81
2025-12-05 00:00:00,0.0,0.0,24.09,54.86,0.77
2025-12-05 01:00:00,0.0,0.0,23.44,57.3,0.75
2025-12-05 02:00:00,0.0,0.0,22.63,59.95,0.76
2025-12-05 03:00:00,0.0,0.0,21.61,62.82,0.81
2025-12-05 04:00:00,0.0,0.0,20.69,65.34,0.88
2025-12-05 05:00:00,0.0,0.0,19.95,67.22,0.95
2025-12-05 06:00:00,30.83,30.73,19.89,66.36,1.23
2025-12-05 07:00:00,183.18,186.3,22.03,55.42,2.31
2025-12-05 08:00:00,381.48,392.85,25.43,45.19,1.65
2025-12-05 09:00:00,565.85,581.45,30.51,29.76,2.08
2025-12-05 10:00:00,701.62,718.17,33.73,22.86,2.61
2025-12-05 11:00:00,771.03,785.22,35.63,20.07,2.78
2025-12-05 12:00:00,798.08,821.4,36.82,18.88,2.96
2025-12-05 13:00:00,728.45,734.83,37.34,18.75,3.21
2025-12-05 14:00:00,573.42,580.2,37.25,19.35,3.36
2025-12-05 15:00:00,368.58,376.25,36.51,20.57,3.39
2025-12-05 16:00:00,157.05,161.23,35.1,22.96,3.17
2025-12-05 17:00:00,14.77,15.02,31.1,35.13,1.91
2025-12-05 18:00:00,0.0,0.0,28.44,41.87,2.53
2025-12-05 19:00:00,0.0,0.0,26.95,45.73,2.69
2025-12-05 20:00:00,0.0,0.0,25.32,50.49,1.88
2025-12-05 21:00:00,0.0,0.0,24.24,54.03,1.25
2025-12-05 22:00:00,0.0,0.0,23.69,55.83,0.96
2025-12-05 23:00:00,0.0,0.0,23.66,54.94,0.9
2025-12-06 00:00:00,0.0,0.0,23.45,54.74,0.86
2025-12-06 01:00:00,0.0,0.0,22.54,57.93,0.86
2025-12-06 02:00:00,0.0,0.0,21.4,61.84,0.86
2025-12-06 03:00:00,0.0,0.0,20.6,64.37,0.93
2025-12-06 04:00:00,0.0,0.0,19.99,66.46,0.99
2025-12-06 05:00:00,0.0,0.0,19.48,68.23,0.97
2025-12-06 06:00:00,32.62,32.62,19.63,67.43,1.15
2025-12-06 07:00:00,193.38,193.73,21.86,57.56,2.14
2025-12-06 08:00:00,400.62,401.3,25.38,44.44,1.96
2025-12-06 09:00:00,589.5,590.35,29.49,31.21,2.19
2025-12-06 10:00:00,725.67,726.62,33.44,21.95,2.53
2025-12-06 11:00:00,796.03,797.1,35.68,18.63,2.56
2025-12-06 12:00:00,835.88,837.03,36.99,17.19,2.47
2025-12-06 13:00:00,750.72,752.22,37.59,16.89,2.53
2025-12-06 14:00:00,596.22,599.33,37.54,17.38,2.63
2025-12-06 15:00:00,392.38,395.23,36.86,18.56,2.73
2025-12-06 16:00:00,175.3,176.57,35.4,20.9,2.72
2025-12-06 17:00:00,16.23,16.25,31.36,33.7,1.51
2025-12-06 18:00:00,0.0,0.0,28.49,40.38,1.64
2025-12-06 19:00:00,0.0,0.0,27.2,43.36,1.65
2025-12-06 20:00:00,0.0,0.0,25.97,47.45,1.37
2025-12-06 21:00:00,0.0,0.0,25.07,51.02,1.08
2025-12-06 22:00:00,0.0,0.0,24.64,52.49,0.92
2025-12-06 23:00:00,0.0,0.0,24.65,51.22,0.89
2025-12-07 00:00:00,0.0,0.0,24.4,51.15,0.84
2025-12-07 01:00:00,0.0,0.0,24.03,52.11,0.76
2025-12-07 02:00:00,0.0,0.0,23.53,53.46,0.58
2025-12-07 03:00:00,0.0,0.0,22.37,58.0,0.74
2025-12-07 04:00:00,0.0,0.0,21.01,62.74,0.84
2025-12-07 05:00:00,0.0,0.0,20.27,65.25,0.91
2025-12-07 06:00:00,31.83,31.85,20.39,64.54,0.99
2025-12-07 07:00:00,203.05,203.18,22.91,52.65,1.96
2025-12-07 08:00:00,384.42,384.65,26.37,42.42,1.26
2025-12-07 09:00:00,598.78,599.03,31.28,29.29,0.83
2025-12-07 10:00:00,733.58,733.78,34.73,21.98,1.19
2025-12-07 11:00:00,799.35,799.5,36.49,19.2,1.78
2025-12-07 12:00:00,856.7,856.78,37.57,17.69,2.26
2025-12-07 13:00:00,770.28,770.28,38.02,16.98,2.54
2025-12-07 14:00:00,614.7,614.75,37.92,16.9,2.69
2025-12-07 15:00:00,407.15,407.25,37.16,17.66,2.82
2025-12-07 16:00:00,184.2,184.32,35.68,19.91,2.79
2025-12-07 17:00:00,17.5,17.5,31.36,32.72,1.63
2025-12-07 18:00:00,0.0,0.0,28.58,39.75,1.89
2025-12-07 19:00:00,0.0,0.0,27.35,44.66,1.95
2025-12-07 20:00:00,0.0,0.0,26.16,50.34,1.64
2025-12-07 21:00:00,0.0,0.0,25.23,54.98,1.28
2025-12-07 22:00:00,0.0,0.0,24.6,57.95,1.04
2025-12-07 23:00:00,0.0,0.0,24.19,59.52,0.94
2025-12-08 00:00:00,0.0,0.0,23.72,61.25,0.91
2025-12-08 01:00:00,0.0,0.0,22.99,64.21,0.88
2025-12-08 02:00:00,0.0,0.0,22.4,67.29,0.92
2025-12-08 03:00:00,0.0,0.0,21.96,69.54,1.04
2025-12-08 04:00:00,0.0,0.0,21.39,71.85,1.04
2025-12-08 05:00:00,0.0,0.0,20.66,74.48,0.89
2025-12-08 06:00:00,31.48,31.4,20.71,73.85,1.13
2025-12-08 07:00:00,191.6,198.15,22.84,64.6,1.93
2025-12-08 08:00:00,396.73,413.17,26.68,50.0,1.76
2025-12-08 09:00:00,590.08,606.25,31.66,33.84,2.93
2025-12-08 10:00:00,733.88,743.8,34.82,27.2,3.61
2025-12-08 11:00:00,809.25,809.42,36.62,24.63,3.74
2025-12-08 12:00:00,773.03,796.3,37.79,23.61,3.7
2025-12-08 13:00:00,684.12,715.3,38.32,23.69,3.57
2025-12-08 14:00:00,559.47,564.1,38.09,24.72,3.38
2025-12-08 15:00:00,352.58,368.1,37.2,26.6,3.05
2025-12-08 16:00:00,152.43,159.15,35.91,30.04,2.23
2025-12-08 17:00:00,15.4,15.05,33.11,45.17,0.87
2025-12-08 18:00:00,0.0,0.0,31.53,50.01,0.83
2025-12-08 19:00:00,0.0,0.0,30.28,54.64,0.77
2025-12-08 20:00:00,0.0,0.0,29.26,58.61,0.78
2025-12-08 21:00:00,0.0,0.0,28.48,61.71,0.82
2025-12-08 22:00:00,0.0,0.0,27.66,64.9,0.84
2025-12-08 23:00:00,0.0,0.0,27.0,68.28,0.8
2025-12-09 00:00:00,0.0,0.0,26.49,71.73,0.72
2025-12-09 01:00:00,0.0,0.0,26.04,74.92,0.65
2025-12-09 02:00:00,0.0,0.0,25.62,78.06,0.61
2025-12-09 03:00:00,0.0,0.0,25.24,81.16,0.58
2025-12-09 04:00:00,0.0,0.0,24.78,84.34,0.56
2025-12-09 05:00:00,0.0,0.0,24.29,87.26,0.59
2025-12-09 06:00:00,26.48,27.67,24.32,86.95,1.06
2025-12-09 07:00:00,151.9,182.52,26.09,77.2,1.52
2025-12-09 08:00:00,313.3,388.45,28.97,62.22,0.74
2025-12-09 09:00:00,473.1,578.22,31.22,52.3,0.76
2025-12-09 10:00:00,595.72,714.0,32.89,45.81,1.16
2025-12-09 11:00:00,641.0,783.97,34.27,40.71,1.62
2025-12-09 12:00:00,666.95,795.12,35.24,37.28,2.08
2025-12-09 13:00:00,619.53,710.72,35.58,35.77,2.47
2025-12-09 14:00:00,487.12,562.38,35.4,35.54,2.73
2025-12-09 15:00:00,305.52,367.17,34.67,36.71,2.82
2025-12-09 16:00:00,140.25,161.15,33.55,39.24,2.69
2025-12-09 17:00:00,15.38,15.73,31.53,48.13,1.51
2025-12-09 18:00:00,0.0,0.0,29.65,55.93,1.14
2025-12-09 19:00:00,0.0,0.0,28.87,58.54,1.02
2025-12-09 20:00:00,0.0,0.0,28.22,60.9,0.85
2025-12-09 21:00:00,0.0,0.0,27.89,61.92,0.7
2025-12-09 22:00:00,0.0,0.0,27.75,61.7,0.56
2025-12-09 23:00:00,0.0,0.0,27.57,64.76,0.46
2025-12-10 00:00:00,0.0,0.0,27.13,66.94,0.46
2025-12-10 01:00:00,0.0,0.0,26.65,67.12,0.45
2025-12-10 02:00:00,0.0,0.0,25.98,69.52,0.36
2025-12-10 03:00:00,0.0,0.0,25.1,73.15,0.44
2025-12-10 04:00:00,0.0,0.0,24.16,74.96,0.67
2025-12-10 05:00:00,0.0,0.0,23.53,73.78,0.99
2025-12-10 06:00:00,27.52,27.48,23.37,68.75,1.76
2025-12-10 07:00:00,180.52,182.45,24.84,59.12,2.13
2025-12-10 08:00:00,387.48,388.05,28.69,54.41,1.01
2025-12-10 09:00:00,573.38,584.83,31.68,46.19,1.15
2025-12-10 10:00:00,704.65,720.5,33.7,37.93,1.63
2025-12-10 11:00:00,773.05,786.65,35.32,31.45,2.12
2025-12-10 12:00:00,739.72,795.9,36.42,27.21,2.5
2025-12-10 13:00:00,707.45,711.28,36.97,24.6,2.78
2025-12-10 14:00:00,553.08,562.95,36.93,23.48,2.99
2025-12-10 15:00:00,368.38,375.95,36.32,23.62,3.05
2025-12-10 16:00:00,164.55,166.12,35.08,25.35,2.88
2025-12-10 17:00:00,16.12,16.12,31.59,37.74,1.54
2025-12-10 18:00:00,0.0,0.0,29.05,45.32,1.53
2025-12-10 19:00:00,0.0,0.0,27.92,48.6,1.51
2025-12-10 20:00:00,0.0,0.0,26.83,52.42,1.29
2025-12-10 21:00:00,0.0,0.0,25.88,56.18,0.98
2025-12-10 22:00:00,0.0,0.0,25.28,58.46,0.78
2025-12-10 23:00:00,0.0,0.0,25.13,58.23,0.72
2025-12-11 00:00:00,0.0,0.0,24.8,58.97,0.72
2025-12-11 01:00:00,0.0,0.0,24.24,61.36,0.74
2025-12-11 02:00:00,0.0,0.0,23.84,64.05,0.69
2025-12-11 03:00:00,0.0,0.0,23.45,66.5,0.58
2025-12-11 04:00:00,0.0,0.0,22.76,69.13,0.66
2025-12-11 05:00:00,0.0,0.0,21.86,71.44,0.71
2025-12-11 06:00:00,24.6,24.27,21.86,69.33,1.05
2025-12-11 07:00:00,167.85,169.02,23.75,59.83,1.8
2025-12-11 08:00:00,354.6,366.9,27.59,51.72,0.63
2025-12-11 09:00:00,536.55,549.9,31.65,40.12,0.5
2025-12-11 10:00:00,677.0,677.35,33.86,32.81,1.05
2025-12-11 11:00:00,743.65,751.2,35.42,28.36,1.69
2025-12-11 12:00:00,745.22,755.25,36.45,25.71,2.15
2025-12-11 13:00:00,643.08,672.33,36.94,24.44,2.43
2025-12-11 14:00:00,515.12,524.08,36.89,24.26,2.61
2025-12-11 15:00:00,326.9,332.1,36.37,24.93,2.68
2025-12-11 16:00:00,139.43,140.57,35.16,26.9,2.59
2025-12-11 17:00:00,14.52,14.52,31.91,39.05,1.36
2025-12-11 18:00:00,0.0,0.0,29.49,46.4,1.42
2025-12-11 19:00:00,0.0,0.0,28.42,50.03,1.48
2025-12-11 20:00:00,0.0,0.0,27.4,54.52,1.18
2025-12-11 21:00:00,0.0,0.0,26.63,58.57,0.79
2025-12-11 22:00:00,0.0,0.0,26.47,59.85,0.52
2025-12-11 23:00:00,0.0,0.0,25.96,63.91,0.59
2025-12-12 00:00:00,0.0,0.0,25.1,66.73,0.81
2025-12-12 01:00:00,0.0,0.0,24.66,71.53,1.05
2025-12-12 02:00:00,0.0,0.0,24.37,76.78,1.29
2025-12-12 03:00:00,0.0,0.0,24.05,81.88,1.38
2025-12-12 04:00:00,0.0,0.0,23.67,86.3,1.31
2025-12-12 05:00:00,0.0,0.0,23.28,89.86,1.21
2025-12-12 06:00:00,23.85,23.9,23.45,89.76,1.53
2025-12-12 07:00:00,163.35,164.73,25.9,76.28,2.69
2025-12-12 08:00:00,348.38,355.38,29.47,57.9,3.5
2025-12-12 09:00:00,533.1,540.2,32.04,47.73,3.08
2025-12-12 10:00:00,669.25,673.75,33.99,40.94,2.37
2025-12-12 11:00:00,737.92,738.5,35.45,35.98,1.75
2025-12-12 12:00:00,770.17,779.4,36.36,32.71,1.23
2025-12-12 13:00:00,603.45,695.75,36.76,31.08,0.89
2025-12-12 14:00:00,484.7,546.97,36.54,31.02,0.86
2025-12-12 15:00:00,293.02,352.12,35.82,32.15,1.03
2025-12-12 16:00:00,132.82,151.62,34.57,34.88,1.25
2025-12-12 17:00:00,15.7,15.75,32.67,46.19,0.81
2025-12-12 18:00:00,0.0,0.0,31.07,53.49,0.82
2025-12-12 19:00:00,0.0,0.0,30.24,54.61,0.99
2025-12-12 20:00:00,0.0,0.0,29.41,57.01,1.13
2025-12-12 21:00:00,0.0,0.0,28.62,60.29,1.24
2025-12-12 22:00:00,0.0,0.0,28.01,63.58,1.38
2025-12-12 23:00:00,0.0,0.0,27.57,66.52,1.47
2025-12-13 00:00:00,0.0,0.0,27.23,69.09,1.53
2025-12-13 01:00:00,0.0,0.0,26.91,71.43,1.54
2025-12-13 02:00:00,0.0,0.0,26.68,73.19,1.61
2025-12-13 03:00:00,0.0,0.0,26.49,74.65,1.63
2025-12-13 04:00:00,0.0,0.0,26.3,75.93,1.53
2025-12-13 05:00:00,0.0,0.0,26.12,77.09,1.32
2025-12-13 06:00:00,22.25,22.65,26.1,77.5,1.37
2025-12-13 07:00:00,146.57,159.98,26.97,73.45,1.83
2025-12-13 08:00:00,301.85,347.05,28.76,63.44,1.92
2025-12-13 09:00:00,479.23,530.03,30.55,54.38,1.55
2025-12-13 10:00:00,504.33,663.53,31.93,47.28,0.47
2025-12-13 11:00:00,569.72,732.72,33.45,41.24,0.85
2025-12-13 12:00:00,604.58,767.78,34.49,37.54,1.46
2025-12-13 13:00:00,582.72,684.8,34.91,35.83,1.69
2025-12-13 14:00:00,453.67,535.67,34.84,35.2,1.79
2025-12-13 15:00:00,268.65,340.38,34.15,36.01,1.76
2025-12-13 16:00:00,122.65,143.52,33.01,40.11,1.37
2025-12-13 17:00:00,14.3,15.45,30.9,57.85,0.7
2025-12-13 18:00:00,0.0,0.0,29.78,61.47,0.69
2025-12-13 19:00:00,0.0,0.0,29.25,62.13,0.7
2025-12-13 20:00:00,0.0,0.0,28.54,63.86,0.71
2025-12-13 21:00:00,0.0,0.0,27.73,66.73,0.76
2025-12-13 22:00:00,0.0,0.0,27.05,69.03,0.87
2025-12-13 23:00:00,0.0,0.0,26.51,71.36,1.01
2025-12-14 00:00:00,0.0,0.0,26.07,73.56,1.17
2025-12-14 01:00:00,0.0,0.0,25.7,75.81,1.29
2025-12-14 02:00:00,0.0,0.0,25.37,78.13,1.38
2025-12-14 03:00:00,0.0,0.0,25.06,80.63,1.46
2025-12-14 04:00:00,0.0,0.0,24.75,83.27,1.5
2025-12-14 05:00:00,0.0,0.0,24.43,85.79,1.45
2025-12-14 06:00:00,21.38,22.4,24.39,86.68,1.78
2025-12-14 07:00:00,140.0,158.2,25.85,78.65,2.39
2025-12-14 08:00:00,305.4,354.08,28.78,61.72,2.8
2025-12-14 09:00:00,473.73,538.28,31.07,51.5,2.47
2025-12-14 10:00:00,605.03,678.22,32.91,44.56,1.69
2025-12-14 11:00:00,639.7,746.17,34.42,38.97,0.9
2025-12-14 12:00:00,648.85,727.88,35.5,35.02,1.08
2025-12-14 13:00:00,537.12,649.22,35.82,33.31,1.78
2025-12-14 14:00:00,408.23,505.88,35.44,33.34,2.22
2025-12-14 15:00:00,264.7,320.7,34.7,34.71,2.27
2025-12-14 16:00:00,118.9,133.73,33.64,38.22,1.87
2025-12-14 17:00:00,15.62,15.25,31.34,54.43,0.95
2025-12-14 18:00:00,0.0,0.0,29.79,59.97,1.07
2025-12-14 19:00:00,0.0,0.0,29.0,62.99,1.14
2025-12-14 20:00:00,0.0,0.0,28.44,65.74,1.26
2025-12-14 21:00:00,0.0,0.0,27.9,68.89,1.31
2025-12-14 22:00:00,0.0,0.0,27.47,71.77,1.32
2025-12-14 23:00:00,0.0,0.0,27.07,74.11,1.33
2025-12-15 00:00:00,0.0,0.0,26.84,75.57,1.47
2025-12-15 01:00:00,0.0,0.0,26.6,76.83,1.62
2025-12-15 02:00:00,0.0,0.0,26.23,78.72,1.48
2025-12-15 03:00:00,0.0,0.0,25.78,80.68,1.47
2025-12-15 04:00:00,0.0,0.0,25.52,81.11,1.66
2025-12-15 05:00:00,0.0,0.0,25.21,81.4,1.53
2025-12-15 06:00:00,13.82,21.98,25.12,80.57,1.67
2025-12-15 07:00:00,105.32,158.2,26.38,73.1,2.15
2025-12-15 08:00:00,211.6,351.88,29.04,59.03,2.19
2025-12-15 09:00:00,362.77,533.65,31.03,51.08,2.04
2025-12-15 10:00:00,541.72,671.15,32.25,46.86,2.06
2025-12-15 11:00:00,608.6,735.83,33.1,43.93,2.27
2025-12-15 12:00:00,687.53,769.97,33.59,41.97,2.44
2025-12-15 13:00:00,605.7,687.28,33.65,40.89,2.46
2025-12-15 14:00:00,404.35,545.05,33.5,40.6,2.45
2025-12-15 15:00:00,261.02,362.23,33.07,41.19,2.46
2025-12-15 16:00:00,123.9,159.3,32.33,42.99,2.36
2025-12-15 17:00:00,18.98,17.3,30.35,54.43,1.15
2025-12-15 18:00:00,0.0,0.0,28.94,60.63,0.99
2025-12-15 19:00:00,0.0,0.0,28.41,62.36,0.95
2025-12-15 20:00:00,0.0,0.0,27.94,63.67,0.97
2025-12-15 21:00:00,0.0,0.0,27.43,63.89,1.21
2025-12-15 22:00:00,0.0,0.0,26.75,63.44,1.78
2025-12-15 23:00:00,0.0,0.0,25.79,62.92,2.42
2025-12-16 00:00:00,0.0,0.0,24.53,62.6,2.81
2025-12-16 01:00:00,0.0,0.0,23.29,62.02,2.72
2025-12-16 02:00:00,0.0,0.0,22.33,61.28,2.59
2025-12-16 03:00:00,0.0,0.0,21.54,61.5,2.53
2025-12-16 04:00:00,0.0,0.0,20.88,62.73,2.61
2025-12-16 05:00:00,0.0,0.0,20.31,64.62,2.71
2025-12-16 06:00:00,21.67,21.92,19.99,66.01,2.98
2025-12-16 07:00:00,154.07,162.02,21.34,61.21,3.34
2025-12-16 08:00:00,301.83,348.98,24.83,47.31,4.19
2025-12-16 09:00:00,465.1,534.12,28.47,36.14,4.83
2025-12-16 10:00:00,584.1,677.12,31.24,28.09,5.11
2025-12-16 11:00:00,663.0,756.12,32.48,23.74,5.02
2025-12-16 12:00:00,703.12,822.35,32.83,22.79,4.73
2025-12-16 13:00:00,580.2,745.28,32.86,22.95,4.39
2025-12-16 14:00:00,435.6,595.47,32.62,23.57,3.99
2025-12-16 15:00:00,296.33,394.4,32.11,24.98,3.42
2025-12-16 16:00:00,143.82,174.0,30.89,30.7,2.19
2025-12-16 17:00:00,21.1,19.02,27.63,46.6,1.14
2025-12-16 18:00:00,0.0,0.0,25.64,51.61,1.19
2025-12-16 19:00:00,0.0,0.0,24.68,53.96,1.19
2025-12-16 20:00:00,0.0,0.0,23.93,55.88,1.18
2025-12-16 21:00:00,0.0,0.0,23.27,57.14,1.25
2025-12-16 22:00:00,0.0,0.0,22.63,58.06,1.45
2025-12-16 23:00:00,0.0,0.0,21.96,59.45,1.69
2025-12-17 00:00:00,0.0,0.0,21.26,61.05,1.85
2025-12-17 01:00:00,0.0,0.0,20.42,62.7,1.84
2025-12-17 02:00:00,0.0,0.0,19.51,64.59,1.66
2025-12-17 03:00:00,0.0,0.0,18.81,66.17,1.51
2025-12-17 04:00:00,0.0,0.0,18.14,68.29,1.36
2025-12-17 05:00:00,0.0,0.0,17.51,70.46,1.26
2025-12-17 06:00:00,21.73,22.88,17.58,69.49,1.62
2025-12-17 07:00:00,144.57,173.4,19.32,60.78,2.51
2025-12-17 08:00:00,320.0,384.8,22.61,48.1,2.55
2025-12-17 09:00:00,468.9,581.72,26.98,32.78,3.2
2025-12-17 10:00:00,616.9,728.35,31.47,21.07,3.66
2025-12-17 11:00:00,746.03,797.22,34.2,16.56,3.37
2025-12-17 12:00:00,736.15,814.1,35.42,15.29,2.88
2025-12-17 13:00:00,664.38,736.95,35.93,14.75,2.46
2025-12-17 14:00:00,512.38,579.9,35.97,14.65,2.11
2025-12-17 15:00:00,355.08,378.52,35.31,15.33,1.89
2025-12-17 16:00:00,163.77,168.55,33.68,20.05,1.43
2025-12-17 17:00:00,19.33,19.35,29.34,38.08,0.97
2025-12-17 18:00:00,0.0,0.0,26.63,41.88,1.14
2025-12-17 19:00:00,0.0,0.0,25.5,45.01,1.11
2025-12-17 20:00:00,0.0,0.0,24.9,48.18,0.98
2025-12-17 21:00:00,0.0,0.0,24.48,50.19,0.9
2025-12-17 22:00:00,0.0,0.0,24.03,50.66,0.91
2025-12-17 23:00:00,0.0,0.0,23.41,51.52,0.96
2025-12-18 00:00:00,0.0,0.0,22.52,54.06,0.99
2025-12-18 01:00:00,0.0,0.0,21.56,56.99,1.03
2025-12-18 02:00:00,0.0,0.0,20.77,59.1,1.13
2025-12-18 03:00:00,0.0,0.0,20.15,60.15,1.35
2025-12-18 04:00:00,0.0,0.0,19.56,60.9,1.63
2025-12-18 05:00:00,0.0,0.0,19.0,62.03,1.74
2025-12-18 06:00:00,22.83,22.0,18.92,61.52,2.03
2025-12-18 07:00:00,165.02,170.55,20.55,54.54,2.79
2025-12-18 08:00:00,350.7,373.48,23.58,45.15,2.25
2025-12-18 09:00:00,531.83,566.53,27.88,30.34,2.39
2025-12-18 10:00:00,652.65,710.5,32.01,21.06,2.07
2025-12-18 11:00:00,776.15,784.78,34.0,18.91,1.53
2025-12-18 12:00:00,770.28,788.03,35.06,18.29,1.37
2025-12-18 13:00:00,656.95,707.75,35.6,18.01,1.35
2025-12-18 14:00:00,510.83,561.05,35.56,18.22,1.36
2025-12-18 15:00:00,339.7,366.33,34.94,19.05,1.47
2025-12-18 16:00:00,157.65,163.77,33.69,22.15,1.4
2025-12-18 17:00:00,19.42,19.15,29.77,39.35,0.93
2025-12-18 18:00:00,0.0,0.0,27.4,42.48,1.22
2025-12-18 19:00:00,0.0,0.0,26.32,44.71,1.31
2025-12-18 20:00:00,0.0,0.0,25.33,48.32,1.26
2025-12-18 21:00:00,0.0,0.0,24.56,51.88,1.12
2025-12-18 22:00:00,0.0,0.0,23.99,54.62,1.01
2025-12-18 23:00:00,0.0,0.0,23.6,56.0,0.95
2025-12-19 00:00:00,0.0,0.0,23.2,57.12,0.92
2025-12-19 01:00:00,0.0,0.0,22.74,58.52,0.92
2025-12-19 02:00:00,0.0,0.0,22.12,60.62,0.93
2025-12-19 03:00:00,0.0,0.0,21.49,62.32,1.0
2025-12-19 04:00:00,0.0,0.0,20.98,62.68,1.22
2025-12-19 05:00:00,0.0,0.0,20.5,62.57,1.58
2025-12-19 06:00:00,20.65,20.85,20.3,61.54,2.26
2025-12-19 07:00:00,161.7,163.75,21.56,55.4,2.98
2025-12-19 08:00:00,351.52,355.0,24.17,47.07,2.54
2025-12-19 09:00:00,532.05,534.15,28.34,33.96,2.73
2025-12-19 10:00:00,665.83,668.33,31.96,26.44,2.7
2025-12-19 11:00:00,737.3,737.88,33.65,24.02,2.75
2025-12-19 12:00:00,786.85,787.05,34.59,22.95,2.97
2025-12-19 13:00:00,691.35,703.25,35.09,22.74,3.18
2025-12-19 14:00:00,542.35,559.45,35.1,23.41,3.31
2025-12-19 15:00:00,357.62,366.25,34.55,24.84,3.34
2025-12-19 16:00:00,162.88,164.8,33.24,27.75,3.21
2025-12-19 17:00:00,19.67,19.67,29.95,38.85,1.83
2025-12-19 18:00:00,0.0,0.0,27.55,46.26,1.77
2025-12-19 19:00:00,0.0,0.0,26.6,48.68,1.82
2025-12-19 20:00:00,0.0,0.0,25.78,51.03,1.64
2025-12-19 21:00:00,0.0,0.0,25.14,53.06,1.41
2025-12-19 22:00:00,0.0,0.0,24.63,54.68,1.25
2025-12-19 23:00:00,0.0,0.0,24.14,55.71,1.2
2025-12-20 00:00:00,0.0,0.0,23.64,56.04,1.28
2025-12-20 01:00:00,0.0,0.0,23.1,55.58,1.57
2025-12-20 02:00:00,0.0,0.0,22.48,54.74,2.14
2025-12-20 03:00:00,0.0,0.0,21.66,54.87,2.62
2025-12-20 04:00:00,0.0,0.0,20.7,56.48,2.57
2025-12-20 05:00:00,0.0,0.0,19.87,58.4,2.37
2025-12-20 06:00:00,20.65,20.5,19.4,59.27,2.58
2025-12-20 07:00:00,162.07,165.77,20.72,54.4,2.9
2025-12-20 08:00:00,348.8,361.55,24.37,41.65,3.22
2025-12-20 09:00:00,536.78,550.6,28.79,27.66,4.53
2025-12-20 10:00:00,686.97,689.12,32.44,20.66,5.26
2025-12-20 11:00:00,766.2,767.03,34.28,18.97,5.18
2025-12-20 12:00:00,799.3,805.15,35.31,18.45,5.01
2025-12-20 13:00:00,733.15,733.35,35.75,18.6,4.76
2025-12-20 14:00:00,590.78,591.97,35.63,19.38,4.5
2025-12-20 15:00:00,397.92,399.62,34.89,20.66,4.23
2025-12-20 16:00:00,188.77,189.55,33.53,22.81,3.82
2025-12-20 17:00:00,22.33,22.33,29.97,32.61,2.0
2025-12-20 18:00:00,0.0,0.0,27.32,39.82,1.69
2025-12-20 19:00:00,0.0,0.0,26.34,42.12,1.57
2025-12-20 20:00:00,0.0,0.0,25.56,44.43,1.37
2025-12-20 21:00:00,0.0,0.0,24.96,46.04,1.25
2025-12-20 22:00:00,0.0,0.0,24.38,47.08,1.26
2025-12-20 23:00:00,0.0,0.0,23.72,47.73,1.42
2025-12-21 00:00:00,0.0,0.0,23.08,48.2,1.82
2025-12-21 01:00:00,0.0,0.0,22.31,49.38,2.3
2025-12-21 02:00:00,0.0,0.0,21.28,52.06,2.47
2025-12-21 03:00:00,0.0,0.0,20.28,55.23,2.32
2025-12-21 04:00:00,0.0,0.0,19.49,58.01,2.28
2025-12-21 05:00:00,0.0,0.0,18.86,60.3,2.33
2025-12-21 06:00:00,20.25,21.05,18.61,61.21,2.71
2025-12-21 07:00:00,159.85,174.77,20.28,55.54,3.03
2025-12-21 08:00:00,339.1,382.52,24.21,41.91,3.12
2025-12-21 09:00:00,531.03,576.1,28.68,27.98,4.26
2025-12-21 10:00:00,716.4,718.22,32.44,19.73,5.0
2025-12-21 11:00:00,792.6,793.92,34.41,17.57,4.58
2025-12-21 12:00:00,811.08,811.83,35.56,16.69,4.0
2025-12-21 13:00:00,731.15,733.35,36.14,16.44,3.52
2025-12-21 14:00:00,584.25,586.75,36.16,16.75,3.12
2025-12-21 15:00:00,383.33,391.05,35.57,17.7,2.77
2025-12-21 16:00:00,173.55,179.8,34.3,19.9,2.35
2025-12-21 17:00:00,21.62,21.4,30.18,34.42,1.18
2025-12-21 18:00:00,0.0,0.0,27.77,38.6,1.37
2025-12-21 19:00:00,0.0,0.0,26.79,40.42,1.42
2025-12-21 20:00:00,0.0,0.0,25.85,43.27,1.28
2025-12-21 21:00:00,0.0,0.0,25.07,46.22,1.11
2025-12-21 22:00:00,0.0,0.0,24.64,47.82,1.02
2025-12-21 23:00:00,0.0,0.0,24.46,47.86,0.98
2025-12-22 00:00:00,0.0,0.0,23.94,49.09,0.94
2025-12-22 01:00:00,0.0,0.0,22.93,52.42,0.93
2025-12-22 02:00:00,0.0,0.0,21.8,56.01,0.94
2025-12-22 03:00:00,0.0,0.0,20.96,58.34,1.03
2025-12-22 04:00:00,0.0,0.0,20.29,60.36,1.13
2025-12-22 05:00:00,0.0,0.0,19.67,62.21,1.13
2025-12-22 06:00:00,19.77,19.88,19.73,61.61,1.35
2025-12-22 07:00:00,171.95,173.05,21.93,52.53,2.44
2025-12-22 08:00:00,364.25,366.6,25.4,41.63,2.01
2025-12-22 09:00:00,556.1,559.42,29.97,27.51,2.08
2025-12-22 10:00:00,700.22,703.83,33.72,19.62,2.44
2025-12-22 11:00:00,777.9,781.03,35.41,17.52,2.69
2025-12-22 12:00:00,808.25,810.33,36.36,16.58,2.79
2025-12-22 13:00:00,735.72,736.05,36.74,16.3,2.76
2025-12-22 14:00:00,591.75,592.05,36.62,16.47,2.69
2025-12-22 15:00:00,396.3,396.55,35.91,17.28,2.67
2025-12-22 16:00:00,188.7,188.85,34.52,19.24,2.65
2025-12-22 17:00:00,22.88,22.9,30.47,30.98,1.54
2025-12-22 18:00:00,0.0,0.0,27.91,35.7,1.78
2025-12-22 19:00:00,0.0,0.0,26.74,37.68,1.85
2025-12-22 20:00:00,0.0,0.0,25.6,40.38,1.61
2025-12-22 21:00:00,0.0,0.0,24.71,42.99,1.33
2025-12-22 22:00:00,0.0,0.0,24.14,44.9,1.13
2025-12-22 23:00:00,0.0,0.0,23.96,45.06,1.05
2025-12-23 00:00:00,0.0,0.0,23.85,44.38,1.03
2025-12-23 01:00:00,0.0,0.0,23.08,46.3,1.0
2025-12-23 02:00:00,0.0,0.0,21.81,49.88,1.02
2025-12-23 03:00:00,0.0,0.0,20.86,52.43,1.2
2025-12-23 04:00:00,0.0,0.0,20.08,55.23,1.29
2025-12-23 05:00:00,0.0,0.0,19.45,57.94,1.21
2025-12-23 06:00:00,19.12,19.23,19.52,58.06,1.29
2025-12-23 07:00:00,174.23,175.45,21.71,49.66,2.25
2025-12-23 08:00:00,358.25,361.02,25.22,38.98,2.0
2025-12-23 09:00:00,549.05,553.67,29.83,26.16,2.75
2025-12-23 10:00:00,693.0,698.92,33.76,18.64,3.41
2025-12-23 11:00:00,771.55,778.05,35.53,16.8,3.55
2025-12-23 12:00:00,836.15,842.8,36.56,16.01,3.55
2025-12-23 13:00:00,765.88,767.22,37.03,15.87,3.45
2025-12-23 14:00:00,621.38,621.55,36.9,16.37,3.29
2025-12-23 15:00:00,422.62,423.12,36.24,17.5,3.16
2025-12-23 16:00:00,202.68,203.2,34.93,19.57,2.92
2025-12-23 17:00:00,25.25,25.3,30.94,31.34,1.48
2025-12-23 18:00:00,0.0,0.0,28.17,37.78,1.56
2025-12-23 19:00:00,0.0,0.0,27.08,40.79,1.61
2025-12-23 20:00:00,0.0,0.0,26.1,44.08,1.46
2025-12-23 21:00:00,0.0,0.0,25.36,46.75,1.25
2025-12-23 22:00:00,0.0,0.0,25.0,47.9,1.1
2025-12-23 23:00:00,0.0,0.0,25.15,46.77,1.07
2025-12-24 00:00:00,0.0,0.0,25.23,45.4,0.98
2025-12-24 01:00:00,0.0,0.0,24.68,46.94,0.93
2025-12-24 02:00:00,0.0,0.0,23.47,50.68,0.92
2025-12-24 03:00:00,0.0,0.0,22.12,55.59,0.9
2025-12-24 04:00:00,0.0,0.0,21.19,58.93,0.96
2025-12-24 05:00:00,0.0,0.0,20.45,61.58,0.98
2025-12-24 06:00:00,20.12,20.23,20.4,61.95,1.15
2025-12-24 07:00:00,173.07,181.55,22.59,53.58,2.0
2025-12-24 08:00:00,379.08,397.8,26.15,41.18,1.51
2025-12-24 09:00:00,577.85,594.35,30.44,28.96,1.5
2025-12-24 10:00:00,718.1,739.3,33.25,23.72,1.51
2025-12-24 11:00:00,799.22,815.55,34.78,21.95,1.55
2025-12-24 12:00:00,771.08,798.83,35.77,21.48,1.6
2025-12-24 13:00:00,647.62,724.28,36.17,21.83,1.61
2025-12-24 14:00:00,481.65,582.88,36.02,22.73,1.51
2025-12-24 15:00:00,321.95,385.83,35.43,23.99,1.35
2025-12-24 16:00:00,160.52,176.65,34.41,26.41,1.2
2025-12-24 17:00:00,22.4,22.25,31.5,40.79,0.67
2025-12-24 18:00:00,0.0,0.0,29.36,43.69,0.88
2025-12-24 19:00:00,0.0,0.0,28.34,44.56,0.94
2025-12-24 20:00:00,0.0,0.0,27.46,46.13,0.9
2025-12-24 21:00:00,0.0,0.0,26.81,47.86,0.8
2025-12-24 22:00:00,0.0,0.0,26.64,47.75,0.75
2025-12-24 23:00:00,0.0,0.0,26.79,45.97,0.65
2025-12-25 00:00:00,0.0,0.0,26.57,45.24,0.62
2025-12-25 01:00:00,0.0,0.0,25.99,47.73,0.69
2025-12-25 02:00:00,0.0,0.0,25.4,50.97,0.7
2025-12-25 03:00:00,0.0,0.0,24.97,53.73,0.65
2025-12-25 04:00:00,0.0,0.0,24.76,56.05,0.43
2025-12-25 05:00:00,0.0,0.0,24.24,58.74,0.32
2025-12-25 06:00:00,17.42,17.23,23.32,60.88,0.65
2025-12-25 07:00:00,145.65,156.48,24.54,52.85,1.75
2025-12-25 08:00:00,319.33,357.83,27.2,48.19,0.81
2025-12-25 09:00:00,500.8,550.15,30.73,40.14,0.38
2025-12-25 10:00:00,652.38,691.65,33.44,32.55,0.94
2025-12-25 11:00:00,714.22,768.38,35.34,28.05,1.59
2025-12-25 12:00:00,666.6,764.78,36.53,25.68,2.13
2025-12-25 13:00:00,618.95,694.03,37.11,24.67,2.47
2025-12-25 14:00:00,493.33,558.45,37.12,24.68,2.7
2025-12-25 15:00:00,315.02,372.23,36.49,25.75,2.84
2025-12-25 16:00:00,153.65,172.12,35.31,27.81,2.87
2025-12-25 17:00:00,23.05,22.4,32.25,37.18,1.6
2025-12-25 18:00:00,0.0,0.0,29.9,43.14,1.67
2025-12-25 19:00:00,0.0,0.0,28.96,44.97,1.85
2025-12-25 20:00:00,0.0,0.0,27.91,47.91,1.61
2025-12-25 21:00:00,0.0,0.0,27.0,50.8,1.27
2025-12-25 22:00:00,0.0,0.0,26.32,53.0,1.03
2025-12-25 23:00:00,0.0,0.0,25.91,54.13,0.92
2025-12-26 00:00:00,0.0,0.0,25.66,54.58,0.88
2025-12-26 01:00:00,0.0,0.0,25.27,55.58,0.88
2025-12-26 02:00:00,0.0,0.0,24.54,57.67,0.86
2025-12-26 03:00:00,0.0,0.0,23.99,59.14,1.0
2025-12-26 04:00:00,0.0,0.0,23.55,60.17,1.39
2025-12-26 05:00:00,0.0,0.0,22.9,62.17,1.76
2025-12-26 06:00:00,16.2,17.23,22.44,63.52,2.09
2025-12-26 07:00:00,150.23,159.32,23.82,58.05,2.26
2025-12-26 08:00:00,330.92,361.25,27.58,43.83,2.13
2025-12-26 09:00:00,521.65,552.53,31.98,31.46,2.51
2025-12-26 10:00:00,683.17,696.25,35.25,24.89,2.89
2025-12-26 11:00:00,770.65,771.78,36.93,21.81,3.22
2025-12-26 12:00:00,685.83,765.47,37.86,20.24,3.53
2025-12-26 13:00:00,659.58,696.2,38.17,19.55,3.72
2025-12-26 14:00:00,547.03,559.12,37.89,19.52,3.79
2025-12-26 15:00:00,349.45,372.7,37.06,20.28,3.79
2025-12-26 16:00:00,166.82,172.7,35.65,22.35,3.66
2025-12-26 17:00:00,23.27,22.73,32.31,30.5,2.12
2025-12-26 18:00:00,0.0,0.0,29.76,36.61,1.88
2025-12-26 19:00:00,0.0,0.0,28.7,38.95,1.75
2025-12-26 20:00:00,0.0,0.0,27.84,41.85,1.41
2025-12-26 21:00:00,0.0,0.0,27.34,44.04,1.15
2025-12-26 22:00:00,0.0,0.0,27.19,44.54,1.06
2025-12-26 23:00:00,0.0,0.0,27.18,43.84,1.04
2025-12-27 00:00:00,0.0,0.0,26.56,45.13,1.0
2025-12-27 01:00:00,0.0,0.0,25.24,48.77,0.98
2025-12-27 02:00:00,0.0,0.0,24.27,51.41,1.07
2025-12-27 03:00:00,0.0,0.0,23.79,52.81,1.48
2025-12-27 04:00:00,0.0,0.0,23.14,55.39,1.59
2025-12-27 05:00:00,0.0,0.0,22.29,59.06,1.12
2025-12-27 06:00:00,17.85,17.83,21.92,60.56,1.18
2025-12-27 07:00:00,173.85,174.35,23.86,54.06,2.02
2025-12-27 08:00:00,369.85,370.52,27.68,41.81,2.04
2025-12-27 09:00:00,565.72,566.08,32.15,29.48,2.39
2025-12-27 10:00:00,703.95,714.2,35.12,23.2,2.56
2025-12-27 11:00:00,783.85,792.9,36.99,19.77,2.85
2025-12-27 12:00:00,797.22,815.17,38.13,17.8,3.17
2025-12-27 13:00:00,710.2,743.2,38.58,16.99,3.45
2025-12-27 14:00:00,590.28,603.1,38.39,17.01,3.67
2025-12-27 15:00:00,394.98,410.33,37.58,17.89,3.8
2025-12-27 16:00:00,192.2,195.88,36.1,19.96,3.67
2025-12-27 17:00:00,26.15,26.15,32.72,27.85,2.16
2025-12-27 18:00:00,0.0,0.0,30.31,33.49,2.03
2025-12-27 19:00:00,0.0,0.0,29.12,36.36,1.85
2025-12-27 20:00:00,0.0,0.0,27.99,40.05,1.39
2025-12-27 21:00:00,0.0,0.0,27.15,43.26,1.07
2025-12-27 22:00:00,0.0,0.0,26.86,44.12,0.97
2025-12-27 23:00:00,0.0,0.0,26.61,44.17,0.95
2025-12-28 00:00:00,0.0,0.0,25.48,47.45,0.91
2025-12-28 01:00:00,0.0,0.0,24.13,51.26,1.0
2025-12-28 02:00:00,0.0,0.0,23.25,54.54,1.31
2025-12-28 03:00:00,0.0,0.0,22.47,57.71,1.4
2025-12-28 04:00:00,0.0,0.0,21.66,60.46,1.13
2025-12-28 05:00:00,0.0,0.0,20.95,62.6,0.92
2025-12-28 06:00:00,18.33,17.92,20.95,62.71,1.02
2025-12-28 07:00:00,163.45,171.02,23.13,54.9,1.86
2025-12-28 08:00:00,366.27,384.52,26.79,41.88,1.8
2025-12-28 09:00:00,565.8,582.7,31.42,27.58,2.25
2025-12-28 10:00:00,691.22,730.7,34.64,20.91,2.64
2025-12-28 11:00:00,783.42,812.15,36.41,18.3,3.13
2025-12-28 12:00:00,797.55,833.92,37.37,17.13,3.66
2025-12-28 13:00:00,689.83,763.67,37.66,16.89,3.98
2025-12-28 14:00:00,565.42,623.35,37.41,17.3,4.1
2025-12-28 15:00:00,382.1,428.3,36.69,18.2,4.03
2025-12-28 16:00:00,188.5,208.32,35.34,19.97,3.7
2025-12-28 17:00:00,28.45,28.7,31.73,28.83,1.85
2025-12-28 18:00:00,0.0,0.0,28.85,35.97,1.51
2025-12-28 19:00:00,0.0,0.0,27.83,38.32,1.42
2025-12-28 20:00:00,0.0,0.0,27.06,40.64,1.23
2025-12-28 21:00:00,0.0,0.0,26.74,41.6,1.12
2025-12-28 22:00:00,0.0,0.0,26.83,40.65,1.12
2025-12-28 23:00:00,0.0,0.0,26.61,40.4,1.1
2025-12-29 00:00:00,0.0,0.0,25.58,42.82,1.13
2025-12-29 01:00:00,0.0,0.0,24.17,46.4,1.16
2025-12-29 02:00:00,0.0,0.0,23.24,49.12,1.35
2025-12-29 03:00:00,0.0,0.0,22.33,51.97,1.54
2025-12-29 04:00:00,0.0,0.0,21.37,55.38,1.42
2025-12-29 05:00:00,0.0,0.0,20.56,58.5,1.16
2025-12-29 06:00:00,17.3,17.3,20.53,59.57,1.11
2025-12-29 07:00:00,165.48,166.7,23.03,51.68,2.04
2025-12-29 08:00:00,372.58,376.2,26.7,39.79,1.72
2025-12-29 09:00:00,567.03,571.75,31.15,27.08,2.34
2025-12-29 10:00:00,713.15,717.65,34.79,19.64,2.78
2025-12-29 11:00:00,782.53,798.4,36.68,17.17,2.8
2025-12-29 12:00:00,832.25,861.95,37.72,16.26,2.79
2025-12-29 13:00:00,771.83,788.67,38.13,16.07,2.76
2025-12-29 14:00:00,624.12,645.8,37.98,16.28,2.71
2025-12-29 15:00:00,420.15,448.02,37.38,16.87,2.68
2025-12-29 16:00:00,214.02,222.6,36.15,18.41,2.58
2025-12-29 17:00:00,30.88,31.62,32.15,29.33,1.32
2025-12-29 18:00:00,0.0,0.0,29.38,34.46,1.54
2025-12-29 19:00:00,0.0,0.0,28.33,36.65,1.73
2025-12-29 20:00:00,0.0,0.0,27.24,39.97,1.61
2025-12-29 21:00:00,0.0,0.0,26.24,43.33,1.34
2025-12-29 22:00:00,0.0,0.0,25.45,45.94,1.12
2025-12-29 23:00:00,0.0,0.0,24.9,47.31,1.02
2025-12-30 00:00:00,0.0,0.0,24.39,48.34,0.99
2025-12-30 01:00:00,0.0,0.0,23.61,50.25,1.0
2025-12-30 02:00:00,0.0,0.0,22.7,52.8,1.07
2025-12-30 03:00:00,0.0,0.0,21.92,55.31,1.21
2025-12-30 04:00:00,0.0,0.0,21.28,57.62,1.32
2025-12-30 05:00:00,0.0,0.0,20.68,59.49,1.3
2025-12-30 06:00:00,17.65,17.67,20.8,58.72,1.42
2025-12-30 07:00:00,177.7,178.23,23.36,49.62,2.47
2025-12-30 08:00:00,386.38,387.42,27.23,37.91,2.13
2025-12-30 09:00:00,585.38,586.6,32.15,24.62,2.63
2025-12-30 10:00:00,733.25,734.25,35.35,18.64,2.98
2025-12-30 11:00:00,815.83,816.45,37.11,16.36,3.21
2025-12-30 12:00:00,835.62,847.22,38.13,15.44,3.43
2025-12-30 13:00:00,761.75,776.95,38.49,15.45,3.61
2025-12-30 14:00:00,617.97,637.4,38.25,15.97,3.74
2025-12-30 15:00:00,420.02,442.2,37.38,16.99,3.81
2025-12-30 16:00:00,211.82,220.62,35.85,18.83,3.68
2025-12-30 17:00:00,31.5,32.08,32.33,26.35,2.17
2025-12-30 18:00:00,0.0,0.0,29.63,32.09,1.95
2025-12-30 19:00:00,0.0,0.0,28.31,35.33,1.71
2025-12-30 20:00:00,0.0,0.0,27.1,39.0,1.3
2025-12-30 21:00:00,0.0,0.0,26.34,41.47,1.04
2025-12-30 22:00:00,0.0,0.0,26.12,41.34,0.98
2025-12-30 23:00:00,0.0,0.0,25.69,41.55,0.98
2025-12-31 00:00:00,0.0,0.0,24.45,44.66,1.02
2025-12-31 01:00:00,0.0,0.0,23.21,47.65,1.2
2025-12-31 02:00:00,0.0,0.0,22.35,50.19,1.54
2025-12-31 03:00:00,0.0,0.0,21.6,52.37,1.64
2025-12-31 04:00:00,0.0,0.0,20.92,54.11,1.43
2025-12-31 05:00:00,0.0,0.0,20.19,56.22,1.22
2025-12-31 06:00:00,16.75,16.67,20.14,56.16,1.55
2025-12-31 07:00:00,166.07,167.43,22.39,48.78,2.65
2025-12-31 08:00:00,373.05,377.83,26.27,38.22,2.42
2025-12-31 09:00:00,566.1,574.2,31.17,26.26,3.39
2025-12-31 10:00:00,706.28,717.53,35.06,18.68,4.41
2025-12-31 11:00:00,777.5,792.17,36.99,16.03,4.8
2025-12-31 12:00:00,830.28,848.95,37.97,14.87,5.06
2025-12-31 13:00:00,759.6,780.2,38.22,14.63,5.14
2025-12-31 14:00:00,624.85,642.42,37.88,14.97,5.06
2025-12-31 15:00:00,436.62,448.2,36.97,15.75,4.89
2025-12-31 16:00:00,218.88,223.7,35.5,17.27,4.47
2025-12-31 17:00:00,33.28,33.5,31.67,24.59,2.33
2025-12-31 18:00:00,0.0,0.0,28.5,31.82,1.69
2025-12-31 19:00:00,0.0,0.0,27.36,34.68,1.42
2025-12-31 20:00:00,0.0,0.0,26.68,36.51,1.25
2025-12-31 21:00:00,0.0,0.0,26.34,37.01,1.2
2025-12-31 22:00:00,0.0,0.0,25.74,38.03,1.21
2025-12-31 23:00:00,0.0,0.0,24.66,40.78,1.2
